date,value
1971-01-04,3.0867
1971-01-05,3.0861
1971-01-06,3.0845
1971-01-07,3.085
1971-01-08,3.0845
1971-01-11,3.0814
1971-01-12,3.0807
1971-01-13,3.0782
1971-01-14,3.075
1971-01-15,3.0764
1971-01-18,3.0755
1971-01-19,3.0719
1971-01-20,3.0725
1971-01-21,3.0716
1971-01-22,3.0703
1971-01-25,3.0675
1971-01-26,3.0665
1971-01-27,3.0653
1971-01-28,3.0653
1971-01-29,3.0647
1971-02-01,3.0631
1971-02-02,3.065
1971-02-03,3.0647
1971-02-04,3.0687
1971-02-05,3.0689
1971-02-08,3.0687
1971-02-09,3.0691
1971-02-10,3.0665
1971-02-11,3.0665
1971-02-16,3.0659
1971-02-17,3.065
1971-02-18,3.065
1971-02-19,3.065
1971-02-22,3.065
1971-02-23,3.065
1971-02-24,3.065
1971-02-25,3.0656
1971-02-26,3.0662
1971-03-01,3.0675
1971-03-02,3.0669
1971-03-03,3.0659
1971-03-04,3.0662
1971-03-05,3.0662
1971-03-08,3.0647
1971-03-09,3.0653
1971-03-10,3.0653
1971-03-11,3.0662
1971-03-12,3.0653
1971-03-15,3.0653
1971-03-16,3.0662
1971-03-17,3.0653
1971-03-18,3.0656
1971-03-19,3.0656
1971-03-22,3.0653
1971-03-23,3.0655
1971-03-24,3.0655
1971-03-25,3.0662
1971-03-26,3.0662
1971-03-29,3.0659
1971-03-30,3.0669
1971-03-31,3.0678
1971-04-01,3.0694
1971-04-02,3.0703
1971-04-05,3.0703
1971-04-06,3.0675
1971-04-07,3.0687
1971-04-08,3.0691
1971-04-09,3.0691
1971-04-12,3.0687
1971-04-13,3.0691
1971-04-14,3.0684
1971-04-15,3.0659
1971-04-16,3.0659
1971-04-19,3.0653
1971-04-20,3.0653
1971-04-21,3.0653
1971-04-22,3.0656
1971-04-23,3.0656
1971-04-26,3.0656
1971-04-27,3.0653
1971-04-28,3.0653
1971-04-29,3.0653
1971-04-30,3.0653
1971-05-03,3.0653
1971-05-04,3.0656
1971-05-05,3.0656
1971-05-06,3.067
1971-05-07,3.064
1971-05-10,3.0669
1971-05-11,3.0672
1971-05-12,3.0659
1971-05-13,3.0675
1971-05-14,3.0665
1971-05-17,3.0615
1971-05-18,3.0615
1971-05-19,3.0615
1971-05-20,3.0606
1971-05-21,3.0597
1971-05-24,3.0609
1971-05-25,3.0618
1971-05-26,3.0609
1971-05-27,3.0609
1971-05-28,3.06
1971-06-01,3.0609
1971-06-02,3.0609
1971-06-03,3.0572
1971-06-04,3.0586
1971-06-07,3.0572
1971-06-08,3.0548
1971-06-09,3.0544
1971-06-10,3.0562
1971-06-11,3.0544
1971-06-14,3.053
1971-06-15,3.0553
1971-06-16,3.0562
1971-06-17,3.0548
1971-06-18,3.0544
1971-06-21,3.0553
1971-06-22,3.0548
1971-06-23,3.0581
1971-06-24,3.0604
1971-06-25,3.0558
1971-06-28,3.0558
1971-06-29,3.0548
1971-06-30,3.0548
1971-07-01,3.0548
1971-07-02,3.0548
1971-07-06,3.0553
1971-07-07,3.0553
1971-07-08,3.0553
1971-07-09,3.0553
1971-07-12,3.0553
1971-07-13,3.0553
1971-07-14,3.0553
1971-07-15,3.0553
1971-07-16,3.0553
1971-07-19,3.0553
1971-07-20,3.0531
1971-07-21,3.0528
1971-07-22,3.0548
1971-07-23,3.0548
1971-07-26,3.0553
1971-07-27,3.0553
1971-07-28,3.0553
1971-07-29,3.0558
1971-07-30,3.0553
1971-08-02,3.0562
1971-08-03,3.0567
1971-08-04,3.0558
1971-08-05,3.0562
1971-08-06,3.0558
1971-08-09,3.0531
1971-08-10,3.0534
1971-08-11,3.0531
1971-08-12,3.0531
1971-08-13,3.0531
1971-09-03,3.0084
1971-09-07,3.0084
1971-09-08,3.0026
1971-09-09,3.0071
1971-09-10,3.0026
1971-09-13,3.003
1971-09-14,3.0075
1971-09-15,3.0303
1971-09-16,3.0157
1971-09-17,2.9976
1971-09-20,2.9963
1971-09-21,2.9918
1971-09-22,2.9963
1971-09-23,2.9882
1971-09-24,2.9869
1971-09-27,2.9757
1971-09-28,2.9744
1971-09-29,2.9972
1971-09-30,2.9766
1971-10-01,2.974
1971-10-04,2.9806
1971-10-05,2.9855
1971-10-06,2.9878
1971-10-07,2.9828
1971-10-08,2.9784
1971-10-12,2.9855
1971-10-13,2.9788
1971-10-14,2.9784
1971-10-15,2.9788
1971-10-18,2.9784
1971-10-19,2.9784
1971-10-20,2.9757
1971-10-21,2.9775
1971-10-22,2.9766
1971-10-26,2.9735
1971-10-27,2.9757
1971-10-28,2.9718
1971-10-29,2.9753
1971-11-01,2.9753
1971-11-03,2.9744
1971-11-04,2.9762
1971-11-05,2.9757
1971-11-08,2.9744
1971-11-09,2.9766
1971-11-10,2.9771
1971-11-11,2.9744
1971-11-12,2.9762
1971-11-15,2.97
1971-11-16,2.9762
1971-11-17,2.9749
1971-11-18,2.9727
1971-11-19,2.9749
1971-11-22,2.9749
1971-11-23,2.9749
1971-11-24,2.9749
1971-11-26,2.9749
1971-11-29,2.9637
1971-11-30,2.9637
1971-12-01,2.9637
1971-12-02,2.9753
1971-12-03,2.9722
1971-12-06,2.9731
1971-12-07,2.9678
1971-12-08,2.9612
1971-12-09,2.9503
1971-12-10,2.9397
1971-12-13,2.9412
1971-12-14,2.9316
1971-12-15,2.933
1971-12-16,2.933
1971-12-17,2.9264
1971-12-22,2.8969
1971-12-23,2.8885
1971-12-24,2.8889
1971-12-27,2.8885
1971-12-28,2.9015
1971-12-29,2.8955
1971-12-30,2.899
1971-12-31,2.8998
1972-01-03,2.8902
1972-01-04,2.886
1972-01-05,2.8969
1972-01-06,2.8985
1972-01-07,2.8902
1972-01-10,2.8944
1972-01-11,2.8944
1972-01-12,2.9002
1972-01-13,2.8902
1972-01-14,2.8818
1972-01-17,2.8653
1972-01-18,2.8694
1972-01-19,2.8694
1972-01-20,2.8736
1972-01-21,2.8736
1972-01-24,2.8694
1972-01-25,2.8653
1972-01-26,2.8736
1972-01-27,2.8653
1972-01-28,2.8571
1972-01-31,2.8506
1972-02-01,2.8506
1972-02-02,2.8449
1972-02-03,2.8449
1972-02-04,2.8653
1972-02-07,2.8474
1972-02-08,2.8449
1972-02-09,2.849
1972-02-10,2.849
1972-02-11,2.849
1972-02-14,2.849
1972-02-15,2.8449
1972-02-16,2.849
1972-02-17,2.849
1972-02-18,2.849
1972-02-22,2.8571
1972-02-23,2.8571
1972-02-24,2.8571
1972-02-25,2.8571
1972-02-28,2.8571
1972-02-29,2.8409
1972-03-01,2.8369
1972-03-02,2.8369
1972-03-03,2.8571
1972-03-06,2.8369
1972-03-07,2.8369
1972-03-08,2.8369
1972-03-09,2.8369
1972-03-10,2.8169
1972-03-13,2.7933
1972-03-14,2.8011
1972-03-15,2.8169
1972-03-16,2.8169
1972-03-17,2.8169
1972-03-20,2.8249
1972-03-21,2.8209
1972-03-22,2.8169
1972-03-23,2.8169
1972-03-24,2.8289
1972-03-27,2.8249
1972-03-28,2.8169
1972-03-29,2.8169
1972-03-30,2.8249
1972-03-31,2.8249
1972-04-03,2.8249
1972-04-04,2.8209
1972-04-05,2.8217
1972-04-06,2.8249
1972-04-07,2.8249
1972-04-10,2.7933
1972-04-11,2.8011
1972-04-12,2.8233
1972-04-13,2.8233
1972-04-14,2.8249
1972-04-17,2.8249
1972-04-18,2.8289
1972-04-19,2.8249
1972-04-20,2.8249
1972-04-21,2.8249
1972-04-24,2.8249
1972-04-25,2.8249
1972-04-26,2.8249
1972-04-27,2.8217
1972-04-28,2.8217
1972-05-01,2.8169
1972-05-02,2.8169
1972-05-03,2.8169
1972-05-04,2.8249
1972-05-05,2.8209
1972-05-08,2.8249
1972-05-09,2.8249
1972-05-10,2.8209
1972-05-11,2.8249
1972-05-12,2.8249
1972-05-15,2.8249
1972-05-16,2.8249
1972-05-17,2.8249
1972-05-18,2.8249
1972-05-19,2.8249
1972-05-22,2.8249
1972-05-23,2.8249
1972-05-24,2.8249
1972-05-25,2.8169
1972-05-26,2.809
1972-05-30,2.8129
1972-05-31,2.8129
1972-06-01,2.8169
1972-06-02,2.8169
1972-06-05,2.8129
1972-06-06,2.8169
1972-06-07,2.8129
1972-06-08,2.8129
1972-06-09,2.8129
1972-06-12,2.8169
1972-06-13,2.8169
1972-06-14,2.8129
1972-06-15,2.8129
1972-06-16,2.8169
1972-06-19,2.8209
1972-06-20,2.8169
1972-06-21,2.8129
1972-06-22,2.8369
1972-06-29,2.8369
1972-06-30,2.8369
1972-07-03,2.7701
1972-07-05,2.7778
1972-07-06,2.7778
1972-07-07,2.7778
1972-07-10,2.7778
1972-07-11,2.7778
1972-07-12,2.7778
1972-07-13,2.7972
1972-07-14,2.8011
1972-07-17,2.8011
1972-07-18,2.7972
1972-07-19,2.7855
1972-07-20,2.7855
1972-07-21,2.7778
1972-07-24,2.7855
1972-07-25,2.7778
1972-07-26,2.7855
1972-07-27,2.7855
1972-07-28,2.7855
1972-07-31,2.7816
1972-08-01,2.7855
1972-08-02,2.7816
1972-08-03,2.7778
1972-08-04,2.7816
1972-08-07,2.7816
1972-08-08,2.7778
1972-08-09,2.7778
1972-08-10,2.7778
1972-08-11,2.7778
1972-08-14,2.7663
1972-08-15,2.7778
1972-08-16,2.7816
1972-08-17,2.7778
1972-08-18,2.7663
1972-08-21,2.7739
1972-08-22,2.7586
1972-08-23,2.7778
1972-08-24,2.7778
1972-08-25,2.7701
1972-08-28,2.7778
1972-08-29,2.7778
1972-08-30,2.7701
1972-08-31,2.7701
1972-09-01,2.7778
1972-09-05,2.7632
1972-09-06,2.7632
1972-09-07,2.7663
1972-09-08,2.767
1972-09-11,2.7701
1972-09-12,2.7701
1972-09-13,2.7701
1972-09-14,2.767
1972-09-15,2.7663
1972-09-18,2.7663
1972-09-19,2.7701
1972-09-20,2.7701
1972-09-21,2.7663
1972-09-22,2.7701
1972-09-25,2.7739
1972-09-26,2.7778
1972-09-27,2.7701
1972-09-28,2.7701
1972-09-29,2.7701
1972-10-02,2.7701
1972-10-03,2.7778
1972-10-04,2.7716
1972-10-05,2.7716
1972-10-06,2.7701
1972-10-10,2.7701
1972-10-11,2.7701
1972-10-12,2.7778
1972-10-13,2.7701
1972-10-16,2.7701
1972-10-17,2.7701
1972-10-18,2.7701
1972-10-19,2.8011
1972-10-20,2.7778
1972-10-24,2.7701
1972-10-25,2.7701
1972-10-26,2.7701
1972-10-27,2.7701
1972-10-30,2.7701
1972-10-31,2.7701
1972-11-01,2.7624
1972-11-02,2.7586
1972-11-03,2.7663
1972-11-06,2.7701
1972-11-08,2.7678
1972-11-09,2.7701
1972-11-10,2.7678
1972-11-13,2.7701
1972-11-14,2.7685
1972-11-15,2.7701
1972-11-16,2.7685
1972-11-17,2.7663
1972-11-20,2.7701
1972-11-21,2.7701
1972-11-22,2.7701
1972-11-24,2.7701
1972-11-27,2.7685
1972-11-28,2.7701
1972-11-29,2.7685
1972-11-30,2.7701
1972-12-01,2.7701
1972-12-04,2.7855
1972-12-05,2.7816
1972-12-06,2.7855
1972-12-07,2.8169
1972-12-08,2.8209
1972-12-11,2.8209
1972-12-12,2.8209
1972-12-13,2.8209
1972-12-14,2.8249
1972-12-15,2.8249
1972-12-18,2.8209
1972-12-19,2.8249
1972-12-20,2.8233
1972-12-21,2.8249
1972-12-22,2.8249
1972-12-26,2.8249
1972-12-27,2.8249
1972-12-28,2.8249
1972-12-29,2.8249
1973-01-02,2.809
1973-01-03,2.8249
1973-01-04,2.8249
1973-01-05,2.8249
1973-01-08,2.8249
1973-01-09,2.8249
1973-01-10,2.8129
1973-01-11,2.8129
1973-01-12,2.8129
1973-01-15,2.8169
1973-01-16,2.8129
1973-01-17,2.8129
1973-01-18,2.8169
1973-01-19,2.8129
1973-01-22,2.809
1973-01-23,2.8129
1973-01-24,2.8129
1973-01-25,2.8129
1973-01-26,2.809
1973-01-29,2.809
1973-01-30,2.809
1973-01-31,2.809
1973-02-01,2.8129
1973-02-02,2.809
1973-02-05,2.809
1973-02-06,2.8169
1973-02-07,2.8169
1973-02-08,2.8129
1973-02-09,2.809
1973-02-14,2.5641
1973-02-15,2.5641
1973-02-16,2.5641
1973-02-20,2.5641
1973-02-21,2.5641
1973-02-22,2.5641
1973-02-23,2.5641
1973-02-26,2.5316
1973-02-27,2.5316
1973-02-28,2.5253
1973-03-01,2.5253
1973-03-09,2.5
1973-03-12,2.5316
1973-03-13,2.5
1973-03-14,2.5
1973-03-15,2.5
1973-03-16,2.5126
1973-03-19,2.5094
1973-03-20,2.5094
1973-03-21,2.5126
1973-03-22,2.5094
1973-03-23,2.5316
1973-03-26,2.5126
1973-03-27,2.4808
1973-03-28,2.4832
1973-03-29,2.4814
1973-03-30,2.4845
1973-04-02,2.4876
1973-04-03,2.4845
1973-04-04,2.4845
1973-04-05,2.4845
1973-04-06,2.4783
1973-04-09,2.4845
1973-04-10,2.4752
1973-04-11,2.4783
1973-04-12,2.4752
1973-04-13,2.4752
1973-04-16,2.4783
1973-04-17,2.4814
1973-04-18,2.4814
1973-04-19,2.4814
1973-04-20,2.4814
1973-04-23,2.4814
1973-04-24,2.4826
1973-04-25,2.4814
1973-04-26,2.4814
1973-04-27,2.4839
1973-04-30,2.4783
1973-05-01,2.4783
1973-05-02,2.4783
1973-05-03,2.4845
1973-05-04,2.4845
1973-05-07,2.4845
1973-05-08,2.4795
1973-05-09,2.4783
1973-05-10,2.4752
1973-05-11,2.4752
1973-05-14,2.4691
1973-05-15,2.4722
1973-05-16,2.4783
1973-05-17,2.4814
1973-05-18,2.4814
1973-05-21,2.4814
1973-05-22,2.4795
1973-05-23,2.4795
1973-05-24,2.4783
1973-05-25,2.4826
1973-05-29,2.4814
1973-05-30,2.4795
1973-05-31,2.4826
1973-06-01,2.4783
1973-06-04,2.4752
1973-06-05,2.4783
1973-06-06,2.4826
1973-06-07,2.4795
1973-06-08,2.4783
1973-06-11,2.4814
1973-06-12,2.4808
1973-06-13,2.4814
1973-06-14,2.4752
1973-06-15,2.4752
1973-06-18,2.4814
1973-06-19,2.4814
1973-06-20,2.4814
1973-06-21,2.4096
1973-06-22,2.3809
1973-06-25,2.3809
1973-06-26,2.3809
1973-06-27,2.3809
1973-06-28,2.3809
1973-06-29,2.3809
1973-07-02,2.3669
1973-07-03,2.3529
1973-07-05,2.3669
1973-07-06,2.3641
1973-07-09,2.3641
1973-07-10,2.3641
1973-07-11,2.3641
1973-07-12,2.3669
1973-07-13,2.3669
1973-07-16,2.3641
1973-07-17,2.3256
1973-07-18,2.3256
1973-07-19,2.3256
1973-07-20,2.2599
1973-07-23,2.2676
1973-07-24,2.2727
1973-07-25,2.2727
1973-07-26,2.2727
1973-07-27,2.2523
1973-07-30,2.2523
1973-07-31,2.2523
1973-08-01,2.2523
1973-08-02,2.2599
1973-08-03,2.2599
1973-08-06,2.2523
1973-08-07,2.2548
1973-08-08,2.2548
1973-08-09,2.2523
1973-08-10,2.2548
1973-08-13,2.2727
1973-08-14,2.2727
1973-08-15,2.2676
1973-08-16,2.2676
1973-08-17,2.2727
1973-08-20,2.2988
1973-08-21,2.2988
1973-08-22,2.3121
1973-08-23,2.2988
1973-08-24,2.2988
1973-08-27,2.3121
1973-08-28,2.3095
1973-08-29,2.3068
1973-08-30,2.3121
1973-08-31,2.3041
1973-09-04,2.3041
1973-09-05,2.3041
1973-09-06,2.2936
1973-09-07,2.3095
1973-09-10,2.2988
1973-09-11,2.2988
1973-09-12,2.2883
1973-09-13,2.3121
1973-09-14,2.3121
1973-09-17,2.3121
1973-09-18,2.3121
1973-09-19,2.3121
1973-09-20,2.3121
1973-09-21,2.3121
1973-09-24,2.3121
1973-09-25,2.3068
1973-09-26,2.3041
1973-09-27,2.3068
1973-09-28,2.3065
1973-10-01,2.3121
1973-10-02,2.3121
1973-10-03,2.3121
1973-10-04,2.3121
1973-10-05,2.3121
1973-10-09,2.3121
1973-10-10,2.3068
1973-10-11,2.3121
1973-10-12,2.3121
1973-10-15,2.3121
1973-10-16,2.2857
1973-10-17,2.2727
1973-10-18,2.2727
1973-10-19,2.2676
1973-10-23,2.2727
1973-10-24,2.2727
1973-10-25,2.2727
1973-10-26,2.2727
1973-10-29,2.2727
1973-10-30,2.2727
1973-10-31,2.2727
1973-11-01,2.3057
1973-11-02,2.3121
1973-11-05,2.3121
1973-11-07,2.3585
1973-11-08,2.3585
1973-11-09,2.3952
1973-11-12,2.4155
1973-11-13,2.4242
1973-11-14,2.4155
1973-11-15,2.4096
1973-11-16,2.4038
1973-11-19,2.3981
1973-11-20,2.3901
1973-11-21,2.3952
1973-11-23,2.3923
1973-11-26,2.439
1973-11-27,2.4301
1973-11-28,2.4155
1973-11-29,2.4242
1973-11-30,2.4213
1973-12-03,2.4242
1973-12-04,2.4242
1973-12-05,2.4242
1973-12-06,2.4155
1973-12-07,2.4155
1973-12-10,2.4242
1973-12-11,2.4242
1973-12-12,2.4242
1973-12-13,2.4242
1973-12-14,2.4038
1973-12-17,2.4067
1973-12-18,2.4096
1973-12-19,2.4155
1973-12-20,2.3866
1973-12-21,2.3866
1973-12-24,2.3866
1973-12-26,2.3952
1973-12-27,2.4184
1973-12-28,2.442
1973-12-31,2.454
1974-01-02,2.4691
1974-01-03,2.4631
1974-01-04,2.4631
1974-01-07,2.5063
1974-01-08,2.5445
1974-01-09,2.5445
1974-01-10,2.4814
1974-01-11,2.4814
1974-01-14,2.4845
1974-01-15,2.5
1974-01-16,2.5
1974-01-17,2.5
1974-01-18,2.4783
1974-01-21,2.5063
1974-01-22,2.5031
1974-01-23,2.4919
1974-01-24,2.4938
1974-01-25,2.4938
1974-01-28,2.4938
1974-01-29,2.5
1974-01-30,2.5
1974-01-31,2.4752
1974-02-01,2.454
1974-02-04,2.4722
1974-02-05,2.4631
1974-02-06,2.4691
1974-02-07,2.4691
1974-02-08,2.4722
1974-02-11,2.4691
1974-02-13,2.4722
1974-02-14,2.4752
1974-02-15,2.4783
1974-02-19,2.4691
1974-02-20,2.4691
1974-02-21,2.4722
1974-02-22,2.4661
1974-02-25,2.4722
1974-02-26,2.4752
1974-02-27,2.4691
1974-02-28,2.4691
1974-03-01,2.4691
1974-03-04,2.4691
1974-03-05,2.4691
1974-03-06,2.457
1974-03-07,2.454
1974-03-08,2.4631
1974-03-11,2.4631
1974-03-12,2.4631
1974-03-13,2.445
1974-03-14,2.439
1974-03-15,2.4361
1974-03-18,2.442
1974-03-19,2.4361
1974-03-20,2.4213
1974-03-21,2.3923
1974-03-22,2.3809
1974-03-25,2.3809
1974-03-26,2.3838
1974-03-27,2.3981
1974-03-28,2.3952
1974-03-29,2.3809
1974-04-01,2.3952
1974-04-02,2.3923
1974-04-03,2.3923
1974-04-04,2.3952
1974-04-05,2.3923
1974-04-08,2.3923
1974-04-09,2.3923
1974-04-10,2.4038
1974-04-11,2.3981
1974-04-12,2.3866
1974-04-15,2.3866
1974-04-16,2.3952
1974-04-17,2.3866
1974-04-18,2.3809
1974-04-19,2.3809
1974-04-22,2.3725
1974-04-23,2.3641
1974-04-24,2.3641
1974-04-25,2.3641
1974-04-26,2.3697
1974-04-29,2.3697
1974-04-30,2.3585
1974-05-01,2.3585
1974-05-02,2.3697
1974-05-03,2.3697
1974-05-06,2.3697
1974-05-07,2.3529
1974-05-08,2.3669
1974-05-09,2.3669
1974-05-10,2.3697
1974-05-13,2.3641
1974-05-14,2.3557
1974-05-15,2.3641
1974-05-16,2.3669
1974-05-17,2.3641
1974-05-20,2.3725
1974-05-21,2.3809
1974-05-22,2.3753
1974-05-23,2.3753
1974-05-24,2.3753
1974-05-28,2.3952
1974-05-29,2.3866
1974-05-30,2.3981
1974-05-31,2.3923
1974-06-03,2.3923
1974-06-04,2.3866
1974-06-05,2.3866
1974-06-06,2.3866
1974-06-07,2.3923
1974-06-10,2.401
1974-06-11,2.4125
1974-06-12,2.4091
1974-06-13,2.4155
1974-06-14,2.4155
1974-06-17,2.4096
1974-06-18,2.4155
1974-06-19,2.4096
1974-06-20,2.4067
1974-06-21,2.4038
1974-06-24,2.4067
1974-06-25,2.4184
1974-06-26,2.4038
1974-06-27,2.4096
1974-06-28,2.4125
1974-07-01,2.4038
1974-07-02,2.4038
1974-07-03,2.4038
1974-07-05,2.4155
1974-07-08,2.4184
1974-07-09,2.4213
1974-07-10,2.4242
1974-07-11,2.4242
1974-07-12,2.4213
1974-07-15,2.4155
1974-07-16,2.4155
1974-07-17,2.4125
1974-07-18,2.4038
1974-07-19,2.4038
1974-07-22,2.401
1974-07-23,2.4038
1974-07-24,2.401
1974-07-25,2.3981
1974-07-26,2.4096
1974-07-29,2.4125
1974-07-30,2.4184
1974-07-31,2.4184
1974-08-01,2.4184
1974-08-02,2.4155
1974-08-05,2.4125
1974-08-06,2.4096
1974-08-07,2.4096
1974-08-08,2.4155
1974-08-09,2.4155
1974-08-12,2.4155
1974-08-13,2.4184
1974-08-14,2.4184
1974-08-15,2.4155
1974-08-16,2.4155
1974-08-19,2.4155
1974-08-20,2.4213
1974-08-21,2.4155
1974-08-22,2.4155
1974-08-23,2.4155
1974-08-26,2.4155
1974-08-27,2.4155
1974-08-28,2.4096
1974-08-29,2.4038
1974-08-30,2.4125
1974-09-03,2.4038
1974-09-04,2.4096
1974-09-05,2.4096
1974-09-06,2.3981
1974-09-09,2.3981
1974-09-10,2.4038
1974-09-11,2.4038
1974-09-12,2.4067
1974-09-13,2.4038
1974-09-16,2.4114
1974-09-17,2.4155
1974-09-18,2.4155
1974-09-19,2.4155
1974-09-20,2.4242
1974-09-23,2.4242
1974-09-24,2.4213
1974-09-25,2.4242
1974-09-26,2.4242
1974-09-27,2.4242
1974-09-30,2.4225
1974-10-01,2.4125
1974-10-02,2.4172
1974-10-03,2.4155
1974-10-04,2.4125
1974-10-07,2.4067
1974-10-08,2.4033
1974-10-09,2.4038
1974-10-10,2.3981
1974-10-11,2.4038
1974-10-15,2.4096
1974-10-16,2.4038
1974-10-17,2.4096
1974-10-18,2.4038
1974-10-21,2.4038
1974-10-22,2.4038
1974-10-23,2.4027
1974-10-24,2.3981
1974-10-25,2.4038
1974-10-28,2.4125
1974-10-29,2.4033
1974-10-30,2.4033
1974-10-31,2.401
1974-11-01,2.3895
1974-11-04,2.3809
1974-11-06,2.3256
1974-11-07,2.3256
1974-11-08,2.3175
1974-11-12,2.3121
1974-11-13,2.3121
1974-11-14,2.3095
1974-11-15,2.2909
1974-11-18,2.2831
1974-11-19,2.2753
1974-11-20,2.292
1974-11-21,2.3245
1974-11-22,2.3229
1974-11-25,2.3283
1974-11-26,2.3229
1974-11-27,2.3337
1974-11-29,2.3474
1974-12-02,2.3507
1974-12-03,2.3753
1974-12-04,2.3861
1974-12-05,2.3855
1974-12-06,2.3866
1974-12-09,2.3781
1974-12-10,2.3602
1974-12-11,2.3546
1974-12-12,2.343
1974-12-13,2.3392
1974-12-16,2.3343
1974-12-17,2.3354
1974-12-18,2.3299
1974-12-19,2.3518
1974-12-20,2.3518
1974-12-23,2.3815
1974-12-24,2.3815
1974-12-26,2.3753
1974-12-27,2.3502
1974-12-30,2.3337
1974-12-31,2.3121
1975-01-02,2.3256
1975-01-03,2.3229
1975-01-06,2.3137
1975-01-07,2.3137
1975-01-08,2.3148
1975-01-09,2.3207
1975-01-10,2.3068
1975-01-13,2.3073
1975-01-14,2.3073
1975-01-15,2.3196
1975-01-16,2.3137
1975-01-17,2.31
1975-01-20,2.3057
1975-01-21,2.2978
1975-01-22,2.3004
1975-01-23,2.2999
1975-01-24,2.2889
1975-01-27,2.2831
1975-01-28,2.2883
1975-01-29,2.2936
1975-01-30,2.3073
1975-01-31,2.2988
1975-02-03,2.2988
1975-02-04,2.2915
1975-02-05,2.2831
1975-02-06,2.2857
1975-02-07,2.2909
1975-02-10,2.2909
1975-02-11,2.2909
1975-02-13,2.2701
1975-02-14,2.2599
1975-02-18,2.2624
1975-02-19,2.2624
1975-02-20,2.263
1975-02-21,2.2523
1975-02-24,2.2472
1975-02-25,2.2356
1975-02-26,2.2391
1975-02-27,2.2331
1975-02-28,2.2297
1975-03-03,2.2277
1975-03-04,2.2272
1975-03-05,2.2287
1975-03-06,2.2242
1975-03-07,2.2257
1975-03-10,2.2361
1975-03-11,2.2356
1975-03-12,2.2302
1975-03-13,2.2416
1975-03-14,2.2401
1975-03-17,2.2396
1975-03-18,2.2391
1975-03-19,2.2376
1975-03-20,2.2416
1975-03-21,2.2416
1975-03-24,2.2655
1975-03-25,2.2655
1975-03-26,2.2691
1975-03-27,2.265
1975-03-28,2.2619
1975-03-31,2.2619
1975-04-01,2.2681
1975-04-02,2.2624
1975-04-03,2.2676
1975-04-04,2.2686
1975-04-07,2.28
1975-04-08,2.2826
1975-04-09,2.2763
1975-04-10,2.2841
1975-04-11,2.2841
1975-04-14,2.2909
1975-04-15,2.2946
1975-04-16,2.2894
1975-04-17,2.2894
1975-04-18,2.2894
1975-04-21,2.2899
1975-04-22,2.2931
1975-04-23,2.2904
1975-04-24,2.2904
1975-04-25,2.2873
1975-04-28,2.2904
1975-04-29,2.2868
1975-04-30,2.2763
1975-05-01,2.2763
1975-05-02,2.2691
1975-05-05,2.2691
1975-05-06,2.264
1975-05-07,2.263
1975-05-08,2.2558
1975-05-09,2.2558
1975-05-12,2.2655
1975-05-13,2.2568
1975-05-14,2.2457
1975-05-15,2.2548
1975-05-16,2.2594
1975-05-19,2.2599
1975-05-20,2.2548
1975-05-21,2.2538
1975-05-22,2.2507
1975-05-23,2.2507
1975-05-27,2.2517
1975-05-28,2.2523
1975-05-29,2.2558
1975-05-30,2.263
1975-06-02,2.264
1975-06-03,2.263
1975-06-04,2.263
1975-06-05,2.2665
1975-06-06,2.266
1975-06-09,2.2722
1975-06-10,2.2722
1975-06-11,2.2743
1975-06-12,2.2743
1975-06-13,2.2753
1975-06-16,2.2774
1975-06-17,2.2774
1975-06-18,2.2795
1975-06-19,2.2836
1975-06-20,2.2826
1975-06-23,2.2868
1975-06-24,2.2899
1975-06-25,2.2936
1975-06-26,2.3057
1975-06-27,2.3079
1975-06-30,2.3105
1975-07-01,2.3105
1975-07-02,2.3186
1975-07-03,2.331
1975-07-07,2.3343
1975-07-08,2.3458
1975-07-09,2.3425
1975-07-10,2.3502
1975-07-11,2.3657
1975-07-14,2.3781
1975-07-15,2.3912
1975-07-16,2.4096
1975-07-17,2.4137
1975-07-18,2.4408
1975-07-21,2.4606
1975-07-22,2.4808
1975-07-23,2.4882
1975-07-24,2.5
1975-07-25,2.4907
1975-07-28,2.4752
1975-07-29,2.495
1975-07-30,2.5044
1975-07-31,2.5019
1975-08-01,2.5
1975-08-04,2.5056
1975-08-05,2.5013
1975-08-06,2.5013
1975-08-07,2.517
1975-08-08,2.5164
1975-08-11,2.5214
1975-08-12,2.524
1975-08-13,2.524
1975-08-14,2.5183
1975-08-15,2.5126
1975-08-18,2.5221
1975-08-19,2.5176
1975-08-20,2.5044
1975-08-21,2.5157
1975-08-22,2.5082
1975-08-25,2.5138
1975-08-26,2.5246
1975-08-27,2.5145
1975-08-28,2.5145
1975-08-29,2.5151
1975-09-02,2.5208
1975-09-03,2.5189
1975-09-04,2.5157
1975-09-05,2.5189
1975-09-08,2.5208
1975-09-09,2.5208
1975-09-10,2.5208
1975-09-11,2.5227
1975-09-12,2.5278
1975-09-15,2.5368
1975-09-16,2.54
1975-09-17,2.5543
1975-09-18,2.5641
1975-09-19,2.5707
1975-09-22,2.574
1975-09-23,2.5833
1975-09-24,2.5887
1975-09-25,2.5813
1975-09-26,2.584
1975-09-29,2.5947
1975-09-30,2.594
1975-10-01,2.5853
1975-10-02,2.5621
1975-10-03,2.584
1975-10-06,2.584
1975-10-07,2.584
1975-10-08,2.5727
1975-10-09,2.5793
1975-10-10,2.5707
1975-10-14,2.5621
1975-10-15,2.5813
1975-10-16,2.5714
1975-10-17,2.5707
1975-10-20,2.574
1975-10-21,2.5667
1975-10-22,2.5634
1975-10-23,2.5621
1975-10-24,2.5608
1975-10-27,2.5602
1975-10-28,2.5667
1975-10-29,2.5602
1975-10-30,2.5381
1975-10-31,2.551
1975-11-03,2.551
1975-11-05,2.5491
1975-11-06,2.5556
1975-11-07,2.551
1975-11-10,2.5543
1975-11-12,2.5575
1975-11-13,2.5575
1975-11-14,2.574
1975-11-17,2.58
1975-11-18,2.5893
1975-11-19,2.5806
1975-11-20,2.5733
1975-11-21,2.5707
1975-11-24,2.5786
1975-11-25,2.578
1975-11-26,2.584
1975-11-28,2.586
1975-12-01,2.586
1975-12-02,2.586
1975-12-03,2.5853
1975-12-04,2.5846
1975-12-05,2.584
1975-12-08,2.5867
1975-12-09,2.5867
1975-12-10,2.5887
1975-12-11,2.5867
1975-12-12,2.5867
1975-12-15,2.5887
1975-12-16,2.5873
1975-12-17,2.586
1975-12-18,2.582
1975-12-19,2.586
1975-12-22,2.5826
1975-12-23,2.5833
1975-12-24,2.582
1975-12-26,2.5833
1975-12-29,2.588
1975-12-30,2.5907
1975-12-31,2.5907
1976-01-02,2.5907
1976-01-05,2.59
1976-01-06,2.5833
1976-01-07,2.584
1976-01-08,2.5826
1976-01-09,2.5846
1976-01-12,2.5853
1976-01-13,2.588
1976-01-14,2.5893
1976-01-15,2.5893
1976-01-16,2.584
1976-01-19,2.5853
1976-01-20,2.5853
1976-01-21,2.584
1976-01-22,2.5853
1976-01-23,2.5907
1976-01-26,2.5826
1976-01-27,2.5773
1976-01-28,2.5773
1976-01-29,2.5773
1976-01-30,2.5727
1976-02-02,2.5727
1976-02-03,2.5727
1976-02-04,2.57
1976-02-05,2.5654
1976-02-06,2.5044
1976-02-09,2.5714
1976-02-10,2.5674
1976-02-11,2.5681
1976-02-13,2.5707
1976-02-17,2.572
1976-02-18,2.5733
1976-02-19,2.57
1976-02-20,2.5687
1976-02-23,2.5674
1976-02-24,2.5641
1976-02-25,2.5615
1976-02-26,2.5595
1976-02-27,2.5589
1976-03-01,2.5562
1976-03-02,2.5575
1976-03-03,2.5536
1976-03-04,2.5523
1976-03-05,2.5523
1976-03-08,2.5549
1976-03-09,2.5589
1976-03-10,2.5608
1976-03-11,2.5667
1976-03-12,2.5707
1976-03-15,2.5608
1976-03-16,2.6048
1976-03-17,2.5634
1976-03-18,2.5595
1976-03-19,2.5641
1976-03-22,2.5589
1976-03-23,2.5589
1976-03-24,2.5608
1976-03-25,2.5575
1976-03-26,2.5641
1976-03-29,2.5556
1976-03-30,2.5569
1976-03-31,2.5543
1976-04-01,2.5569
1976-04-02,2.5497
1976-04-05,2.5589
1976-04-06,2.5641
1976-04-07,2.5634
1976-04-08,2.5648
1976-04-09,2.5634
1976-04-12,2.5661
1976-04-13,2.5674
1976-04-14,2.5654
1976-04-15,2.5641
1976-04-16,2.5621
1976-04-19,2.5621
1976-04-20,2.5641
1976-04-21,2.5628
1976-04-22,2.5602
1976-04-23,2.5641
1976-04-26,2.5641
1976-04-27,2.5634
1976-04-28,2.5634
1976-04-29,2.5595
1976-04-30,2.5543
1976-05-03,2.5517
1976-05-04,2.5536
1976-05-05,2.5523
1976-05-06,2.5523
1976-05-07,2.5575
1976-05-10,2.553
1976-05-11,2.553
1976-05-12,2.5536
1976-05-13,2.5536
1976-05-14,2.5543
1976-05-17,2.5575
1976-05-18,2.5634
1976-05-19,2.5582
1976-05-20,2.5569
1976-05-21,2.5641
1976-05-24,2.5667
1976-05-25,2.5707
1976-05-26,2.5707
1976-05-27,2.5707
1976-05-28,2.5641
1976-06-01,2.5641
1976-06-02,2.5641
1976-06-03,2.5615
1976-06-04,2.5641
1976-06-07,2.5641
1976-06-08,2.5595
1976-06-09,2.5575
1976-06-10,2.5575
1976-06-11,2.5575
1976-06-14,2.5562
1976-06-15,2.5562
1976-06-16,2.553
1976-06-17,2.5523
1976-06-18,2.5543
1976-06-21,2.5523
1976-06-22,2.5523
1976-06-23,2.5504
1976-06-24,2.5471
1976-06-25,2.5445
1976-06-28,2.5419
1976-06-29,2.5432
1976-06-30,2.5439
1976-07-01,2.5432
1976-07-02,2.5419
1976-07-06,2.5426
1976-07-07,2.5439
1976-07-08,2.5426
1976-07-09,2.5426
1976-07-12,2.5394
1976-07-13,2.6731
1976-07-14,2.5336
1976-07-15,2.5272
1976-07-16,2.5259
1976-07-19,2.5183
1976-07-20,2.5126
1976-07-21,2.5044
1976-07-22,2.5025
1976-07-23,2.5013
1976-07-26,2.5013
1976-07-27,2.4969
1976-07-28,2.4919
1976-07-29,2.4863
1976-07-30,2.4863
1976-08-02,2.4802
1976-08-03,2.4894
1976-08-04,2.4919
1976-08-05,2.4913
1976-08-06,2.4919
1976-08-09,2.4869
1976-08-10,2.4857
1976-08-11,2.4814
1976-08-12,2.4851
1976-08-13,2.4845
1976-08-16,2.4869
1976-08-17,2.4888
1976-08-18,2.4808
1976-08-19,2.4956
1976-08-20,2.5013
1976-08-23,2.5063
1976-08-24,2.5063
1976-08-25,2.5069
1976-08-26,2.5132
1976-08-27,2.5138
1976-08-30,2.5138
1976-08-31,2.5138
1976-09-01,2.5132
1976-09-02,2.5094
1976-09-03,2.5119
1976-09-07,2.51
1976-09-08,2.51
1976-09-09,2.5094
1976-09-10,2.5138
1976-09-13,2.5119
1976-09-14,2.5119
1976-09-15,2.5113
1976-09-16,2.51
1976-09-17,2.5126
1976-09-20,2.5119
1976-09-21,2.5145
1976-09-22,2.5183
1976-09-23,2.5221
1976-09-24,2.5265
1976-09-27,2.5265
1976-09-28,2.5265
1976-09-29,2.5233
1976-09-30,2.5208
1976-10-01,2.5183
1976-10-04,2.5164
1976-10-05,2.5208
1976-10-06,2.5208
1976-10-07,2.5208
1976-10-08,2.5208
1976-10-12,2.5221
1976-10-13,2.5233
1976-10-14,2.5233
1976-10-15,2.5323
1976-10-18,2.531
1976-10-19,2.5304
1976-10-20,2.5291
1976-10-21,2.5297
1976-10-22,2.5316
1976-10-25,2.5297
1976-10-26,2.5316
1976-10-27,2.5349
1976-10-28,2.5368
1976-10-29,2.5336
1976-11-01,2.5329
1976-11-03,2.5381
1976-11-04,2.5323
1976-11-05,2.531
1976-11-08,2.531
1976-11-09,2.5291
1976-11-10,2.5278
1976-11-12,2.5316
1976-11-15,2.5297
1976-11-16,2.531
1976-11-17,2.5304
1976-11-18,2.531
1976-11-19,2.5291
1976-11-22,2.5272
1976-11-23,2.5284
1976-11-24,2.531
1976-11-26,2.531
1976-11-29,2.531
1976-11-30,2.5323
1976-12-01,2.5342
1976-12-02,2.5329
1976-12-03,2.5355
1976-12-06,2.5336
1976-12-07,2.5297
1976-12-08,2.5297
1976-12-09,2.531
1976-12-10,2.5323
1976-12-13,2.5323
1976-12-14,2.5297
1976-12-15,2.5259
1976-12-16,2.5202
1976-12-17,2.5202
1976-12-20,2.5183
1976-12-21,2.5183
1976-12-22,2.5183
1976-12-23,2.5202
1976-12-24,2.5291
1976-12-27,2.5297
1976-12-28,2.5304
1976-12-29,2.5323
1976-12-30,2.5342
1976-12-31,2.5368
1977-01-03,2.5336
1977-01-04,2.5227
1977-01-05,2.5246
1977-01-06,2.5259
1977-01-07,2.5265
1977-01-10,2.5284
1977-01-11,2.5297
1977-01-12,2.524
1977-01-13,2.524
1977-01-14,2.5214
1977-01-17,2.517
1977-01-18,2.5183
1977-01-19,2.5208
1977-01-20,2.5126
1977-01-21,2.51
1977-01-24,2.5031
1977-01-25,2.505
1977-01-26,2.51
1977-01-27,2.5038
1977-01-28,2.5063
1977-01-31,2.5056
1977-02-02,2.51
1977-02-03,2.5069
1977-02-04,2.5094
1977-02-07,2.5038
1977-02-08,2.5038
1977-02-09,2.5019
1977-02-10,2.5
1977-02-11,2.5
1977-02-14,2.495
1977-02-15,2.4938
1977-02-16,2.4981
1977-02-17,2.495
1977-02-18,2.495
1977-02-22,2.4931
1977-02-23,2.4938
1977-02-24,2.4938
1977-02-25,2.5
1977-02-28,2.495
1977-03-01,2.495
1977-03-02,2.4969
1977-03-03,2.4919
1977-03-04,2.4907
1977-03-07,2.4894
1977-03-08,2.4894
1977-03-09,2.4931
1977-03-10,2.4925
1977-03-11,2.4969
1977-03-14,2.4919
1977-03-15,2.4919
1977-03-16,2.4931
1977-03-17,2.4925
1977-03-18,2.4931
1977-03-21,2.49
1977-03-22,2.4894
1977-03-23,2.4869
1977-03-24,2.4845
1977-03-25,2.4907
1977-03-28,2.4857
1977-03-29,2.4857
1977-03-30,2.4863
1977-03-31,2.4845
1977-04-01,2.482
1977-04-04,2.4808
1977-04-05,2.4789
1977-04-06,2.4771
1977-04-07,2.4765
1977-04-08,2.4783
1977-04-11,2.4783
1977-04-12,2.4795
1977-04-13,2.4802
1977-04-14,2.4777
1977-04-15,2.4814
1977-04-18,2.4771
1977-04-19,2.4808
1977-04-20,2.4814
1977-04-21,2.4832
1977-04-22,2.4845
1977-04-25,2.4832
1977-04-26,2.4845
1977-04-27,2.4863
1977-04-28,2.4869
1977-04-29,2.4839
1977-05-02,2.4869
1977-05-03,2.4869
1977-05-04,2.4845
1977-05-05,2.4826
1977-05-06,2.4845
1977-05-09,2.4839
1977-05-10,2.4839
1977-05-11,2.4832
1977-05-12,2.4845
1977-05-13,2.4876
1977-05-16,2.4839
1977-05-17,2.4814
1977-05-18,2.4814
1977-05-19,2.4808
1977-05-20,2.4857
1977-05-23,2.4845
1977-05-24,2.4857
1977-05-25,2.4845
1977-05-26,2.4832
1977-05-27,2.4851
1977-05-31,2.4832
1977-06-01,2.4845
1977-06-02,2.4845
1977-06-03,2.4845
1977-06-06,2.4832
1977-06-07,2.4814
1977-06-08,2.4839
1977-06-09,2.4832
1977-06-10,2.4832
1977-06-13,2.4814
1977-06-14,2.4795
1977-06-15,2.4814
1977-06-16,2.4814
1977-06-17,2.4814
1977-06-20,2.4814
1977-06-21,2.4808
1977-06-22,2.482
1977-06-23,2.4826
1977-06-24,2.4845
1977-06-27,2.4857
1977-06-28,2.4863
1977-06-29,2.4869
1977-06-30,2.4876
1977-07-01,2.4876
1977-07-05,2.4814
1977-07-06,2.4795
1977-07-07,2.4826
1977-07-08,2.482
1977-07-11,2.4802
1977-07-12,2.4795
1977-07-13,2.4808
1977-07-15,2.4814
1977-07-18,2.4777
1977-07-19,2.4752
1977-07-20,2.4759
1977-07-21,2.4728
1977-07-22,2.4691
1977-07-25,2.4612
1977-07-26,2.4522
1977-07-27,2.4528
1977-07-28,2.4522
1977-07-29,2.457
1977-08-01,2.457
1977-08-02,2.4582
1977-08-03,2.454
1977-08-04,2.454
1977-08-05,2.4546
1977-08-08,2.4552
1977-08-09,2.457
1977-08-10,2.4552
1977-08-11,2.4558
1977-08-12,2.454
1977-08-15,2.4576
1977-08-16,2.4582
1977-08-17,2.4631
1977-08-18,2.4673
1977-08-19,2.4722
1977-08-22,2.4771
1977-08-23,2.4716
1977-08-24,2.4673
1977-08-25,2.471
1977-08-26,2.4722
1977-08-29,2.4704
1977-08-30,2.471
1977-08-31,2.4691
1977-09-01,2.4673
1977-09-02,2.4643
1977-09-06,2.4624
1977-09-07,2.4631
1977-09-08,2.4609
1977-09-09,2.4655
1977-09-12,2.4631
1977-09-13,2.4624
1977-09-14,2.4637
1977-09-15,2.4637
1977-09-16,2.46
1977-09-19,2.4612
1977-09-20,2.4606
1977-09-21,2.4612
1977-09-22,2.4631
1977-09-23,2.4631
1977-09-26,2.4624
1977-09-27,2.4631
1977-09-28,2.4661
1977-09-29,2.4631
1977-09-30,2.4637
1977-10-03,2.4564
1977-10-04,2.457
1977-10-05,2.454
1977-10-06,2.451
1977-10-07,2.445
1977-10-11,2.4444
1977-10-12,2.448
1977-10-13,2.4432
1977-10-14,2.4355
1977-10-17,2.4284
1977-10-18,2.4245
1977-10-19,2.4301
1977-10-20,2.4307
1977-10-21,2.429
1977-10-24,2.4272
1977-10-25,2.4231
1977-10-26,2.4184
1977-10-27,2.4155
1977-10-28,2.4155
1977-10-31,2.401
1977-11-01,2.3935
1977-11-02,2.3895
1977-11-03,2.3838
1977-11-04,2.3981
1977-11-07,2.401
1977-11-09,2.3992
1977-11-10,2.3981
1977-11-14,2.3981
1977-11-15,2.3901
1977-11-16,2.3901
1977-11-17,2.3855
1977-11-18,2.3838
1977-11-21,2.3781
1977-11-22,2.3798
1977-11-23,2.3697
1977-11-25,2.3702
1977-11-28,2.3697
1977-11-29,2.3719
1977-11-30,2.3861
1977-12-01,2.3821
1977-12-02,2.377
1977-12-05,2.3669
1977-12-06,2.3669
1977-12-07,2.3669
1977-12-08,2.3697
1977-12-09,2.3697
1977-12-12,2.3674
1977-12-13,2.3613
1977-12-14,2.3641
1977-12-15,2.3607
1977-12-16,2.3702
1977-12-19,2.3747
1977-12-20,2.3641
1977-12-21,2.3641
1977-12-22,2.3753
1977-12-23,2.3697
1977-12-27,2.3776
1977-12-28,2.3753
1977-12-29,2.3697
1977-12-30,2.3685
1978-01-03,2.3618
1978-01-04,2.3496
1978-01-05,2.3702
1978-01-06,2.3691
1978-01-09,2.3725
1978-01-10,2.3736
1978-01-11,2.3691
1978-01-12,2.3641
1978-01-13,2.3719
1978-01-16,2.3669
1978-01-17,2.3708
1978-01-18,2.3753
1978-01-19,2.3776
1978-01-20,2.3776
1978-01-23,2.3683
1978-01-24,2.3643
1978-01-25,2.3657
1978-01-26,2.3669
1978-01-27,2.3646
1978-01-30,2.3641
1978-01-31,2.3641
1978-02-01,2.3641
1978-02-02,2.3646
1978-02-03,2.3641
1978-02-06,2.3629
1978-02-07,2.3629
1978-02-08,2.3629
1978-02-09,2.3635
1978-02-10,2.3624
1978-02-14,2.3624
1978-02-15,2.3621
1978-02-16,2.3602
1978-02-17,2.3568
1978-02-21,2.3529
1978-02-22,2.354
1978-02-23,2.3557
1978-02-24,2.3518
1978-02-27,2.3574
1978-02-28,2.3579
1978-03-01,2.3502
1978-03-02,2.3524
1978-03-03,2.3529
1978-03-06,2.3518
1978-03-07,2.354
1978-03-08,2.3529
1978-03-09,2.3529
1978-03-10,2.3563
1978-03-13,2.3674
1978-03-14,2.3574
1978-03-15,2.3579
1978-03-16,2.3563
1978-03-17,2.354
1978-03-20,2.3552
1978-03-21,2.3574
1978-03-22,2.3596
1978-03-23,2.3596
1978-03-24,2.3602
1978-03-27,2.3585
1978-03-28,2.3616
1978-03-29,2.359
1978-03-30,2.3602
1978-03-31,2.3618
1978-04-03,2.3568
1978-04-04,2.3613
1978-04-05,2.3596
1978-04-06,2.3607
1978-04-07,2.3602
1978-04-10,2.3607
1978-04-11,2.3604
1978-04-12,2.3599
1978-04-13,2.3641
1978-04-14,2.3646
1978-04-17,2.3663
1978-04-18,2.3832
1978-04-19,2.3821
1978-04-20,2.3975
1978-04-21,2.3981
1978-04-24,2.4108
1978-04-25,2.4102
1978-04-26,2.4067
1978-04-27,2.4033
1978-04-28,2.3906
1978-05-01,2.3912
1978-05-02,2.3906
1978-05-03,2.3938
1978-05-04,2.3866
1978-05-05,2.3872
1978-05-08,2.3941
1978-05-09,2.4033
1978-05-10,2.401
1978-05-11,2.3998
1978-05-12,2.4024
1978-05-15,2.4073
1978-05-16,2.4102
1978-05-17,2.4184
1978-05-18,2.4149
1978-05-19,2.4033
1978-05-22,2.405
1978-05-23,2.4088
1978-05-24,2.4091
1978-05-25,2.4073
1978-05-26,2.4038
1978-05-29,2.4021
1978-05-31,2.3912
1978-06-01,2.3889
1978-06-02,2.3872
1978-06-05,2.3858
1978-06-06,2.3901
1978-06-07,2.3889
1978-06-08,2.3895
1978-06-09,2.3901
1978-06-12,2.3906
1978-06-13,2.3883
1978-06-14,2.3912
1978-06-15,2.3906
1978-06-16,2.3929
1978-06-19,2.3952
1978-06-20,2.3878
1978-06-21,2.3798
1978-06-22,2.379
1978-06-23,2.373
1978-06-26,2.368
1978-06-27,2.368
1978-06-28,2.3669
1978-06-29,2.3685
1978-06-30,2.3663
1978-07-03,2.3641
1978-07-05,2.3579
1978-07-06,2.361
1978-07-07,2.3602
1978-07-10,2.3546
1978-07-11,2.3546
1978-07-12,2.3641
1978-07-13,2.3585
1978-07-14,2.3613
1978-07-17,2.3663
1978-07-18,2.3663
1978-07-19,2.366
1978-07-20,2.3669
1978-07-21,2.3674
1978-07-24,2.3546
1978-07-25,2.3524
1978-07-26,2.3436
1978-07-27,2.3392
1978-07-28,2.3348
1978-07-31,2.325
1978-08-01,2.3159
1978-08-02,2.3148
1978-08-03,2.3229
1978-08-04,2.3229
1978-08-07,2.3162
1978-08-08,2.3041
1978-08-09,2.2988
1978-08-10,2.2988
1978-08-11,2.2878
1978-08-14,2.2805
1978-08-15,2.2599
1978-08-16,2.2599
1978-08-17,2.2936
1978-08-18,2.2831
1978-08-21,2.3202
1978-08-22,2.3105
1978-08-23,2.3175
1978-08-24,2.3095
1978-08-25,2.3105
1978-08-28,2.3132
1978-08-29,2.3175
1978-08-30,2.3004
1978-08-31,2.2999
1978-09-01,2.3015
1978-09-05,2.2904
1978-09-06,2.2909
1978-09-07,2.3004
1978-09-08,2.2999
1978-09-11,2.31
1978-09-12,2.3068
1978-09-13,2.3041
1978-09-14,2.3057
1978-09-15,2.2999
1978-09-18,2.3
1978-09-19,2.2497
1978-09-20,2.2936
1978-09-21,2.2815
1978-09-22,2.2821
1978-09-25,2.2821
1978-09-26,2.3211
1978-09-27,2.2851
1978-09-28,2.2841
1978-09-29,2.2815
1978-10-02,2.2779
1978-10-03,2.2717
1978-10-04,2.2599
1978-10-05,2.2571
1978-10-06,2.2548
1978-10-10,2.2528
1978-10-11,2.2401
1978-10-12,2.2262
1978-10-13,2.2178
1978-10-16,2.1954
1978-10-17,2.173
1978-10-18,2.1664
1978-10-19,2.1617
1978-10-20,2.1482
1978-10-23,2.158
1978-10-24,2.1622
1978-10-25,2.1459
1978-10-26,2.1258
1978-10-27,2.129
1978-10-30,2.1048
1978-10-31,2.1249
1978-11-01,2.2302
1978-11-02,2.1901
1978-11-03,2.1725
1978-11-06,2.181
1978-11-08,2.1911
1978-11-09,2.1753
1978-11-10,2.1848
1978-11-13,2.1829
1978-11-14,2.1882
1978-11-15,2.1896
1978-11-16,2.2041
1978-11-17,2.2051
1978-11-20,2.2341
1978-11-21,2.2396
1978-11-22,2.2242
1978-11-24,2.2012
1978-11-27,2.2158
1978-11-28,2.2139
1978-11-29,2.2099
1978-11-30,2.208
1978-12-01,2.2198
1978-12-04,2.2183
1978-12-05,2.206
1978-12-06,2.2022
1978-12-07,2.2017
1978-12-08,2.2026
1978-12-11,2.1891
1978-12-12,2.1839
1978-12-13,2.1906
1978-12-14,2.1882
1978-12-15,2.1801
1978-12-18,2.1739
1978-12-19,2.1782
1978-12-20,2.1848
1978-12-21,2.2002
1978-12-22,2.2026
1978-12-26,2.2026
1978-12-27,2.2041
1978-12-28,2.2031
1978-12-29,2.2017
1979-01-02,2.2031
1979-01-03,2.2173
1979-01-04,2.2173
1979-01-05,2.2148
1979-01-08,2.2104
1979-01-09,2.2036
1979-01-10,2.223
1979-01-11,2.2225
1979-01-12,2.22
1979-01-15,2.2148
1979-01-16,2.2178
1979-01-17,2.2085
1979-01-18,2.2031
1979-01-19,2.2002
1979-01-22,2.1973
1979-01-23,2.2
1979-01-24,2.1976
1979-01-25,2.199
1979-01-26,2.2005
1979-01-29,2.2002
1979-01-30,2.2031
1979-01-31,2.2125
1979-02-01,2.214
1979-02-02,2.2225
1979-02-05,2.2109
1979-02-06,2.2041
1979-02-07,2.1925
1979-02-08,2.1949
1979-02-09,2.1939
1979-02-13,2.2002
1979-02-14,2.1973
1979-02-15,2.1944
1979-02-16,2.192
1979-02-20,2.1959
1979-02-21,2.1973
1979-02-22,2.196
1979-02-23,2.195
1979-02-26,2.191
1979-02-27,2.188
1979-02-28,2.191
1979-03-01,2.19
1979-03-02,2.1965
1979-03-05,2.204
1979-03-06,2.205
1979-03-07,2.201
1979-03-08,2.1935
1979-03-09,2.1975
1979-03-12,2.2015
1979-03-13,2.205
1979-03-14,2.205
1979-03-15,2.2
1979-03-16,2.2025
1979-03-19,2.2025
1979-03-20,2.2025
1979-03-21,2.2025
1979-03-22,2.2
1979-03-23,2.2025
1979-03-26,2.199
1979-03-27,2.2005
1979-03-28,2.1975
1979-03-29,2.202
1979-03-30,2.205
1979-04-02,2.206
1979-04-03,2.214
1979-04-04,2.216
1979-04-05,2.218
1979-04-06,2.2215
1979-04-09,2.2245
1979-04-10,2.22
1979-04-11,2.2155
1979-04-12,2.219
1979-04-13,2.223
1979-04-16,2.223
1979-04-17,2.226
1979-04-18,2.2225
1979-04-19,2.2175
1979-04-20,2.224
1979-04-23,2.226
1979-04-24,2.225
1979-04-25,2.224
1979-04-26,2.2235
1979-04-27,2.2245
1979-04-30,2.23
1979-05-01,2.231
1979-05-02,2.235
1979-05-03,2.2365
1979-05-04,2.23
1979-05-07,2.223
1979-05-08,2.22
1979-05-09,2.2195
1979-05-10,2.2225
1979-05-11,2.225
1979-05-14,2.222
1979-05-15,2.225
1979-05-16,2.225
1979-05-17,2.2235
1979-05-18,2.2245
1979-05-21,2.2275
1979-05-22,2.2265
1979-05-23,2.226
1979-05-24,2.222
1979-05-25,2.2215
1979-05-28,2.225
1979-05-29,2.228
1979-05-31,2.2215
1979-06-01,2.224
1979-06-04,2.225
1979-06-05,2.222
1979-06-06,2.225
1979-06-07,2.2225
1979-06-08,2.22
1979-06-11,2.2145
1979-06-12,2.214
1979-06-13,2.209
1979-06-14,2.2035
1979-06-15,2.197
1979-06-18,2.196
1979-06-19,2.192
1979-06-20,2.187
1979-06-21,2.1875
1979-06-22,2.178
1979-06-25,2.1685
1979-06-26,2.1685
1979-06-27,2.1775
1979-06-28,2.1785
1979-06-29,2.174
1979-07-02,2.1725
1979-07-03,2.175
1979-07-05,2.159
1979-07-06,2.1645
1979-07-09,2.1645
1979-07-10,2.165
1979-07-11,2.162
1979-07-12,2.163
1979-07-13,2.16
1979-07-16,2.1565
1979-07-17,2.15
1979-07-18,2.13
1979-07-19,2.137
1979-07-20,2.15
1979-07-23,2.14
1979-07-24,2.1365
1979-07-25,2.145
1979-07-26,2.143
1979-07-27,2.1445
1979-07-30,2.158
1979-07-31,2.1625
1979-08-01,2.153
1979-08-02,2.154
1979-08-03,2.1565
1979-08-06,2.157
1979-08-07,2.157
1979-08-08,2.16
1979-08-09,2.155
1979-08-10,2.151
1979-08-13,2.1525
1979-08-14,2.156
1979-08-15,2.154
1979-08-16,2.156
1979-08-17,2.16
1979-08-20,2.1575
1979-08-21,2.1575
1979-08-22,2.1605
1979-08-23,2.158
1979-08-24,2.1565
1979-08-27,2.1585
1979-08-28,2.1605
1979-08-29,2.1635
1979-08-30,2.156
1979-08-31,2.158
1979-09-04,2.1555
1979-09-05,2.1535
1979-09-06,2.153
1979-09-07,2.153
1979-09-10,2.151
1979-09-11,2.1555
1979-09-12,2.156
1979-09-13,2.162
1979-09-14,2.1605
1979-09-17,2.166
1979-09-18,2.1625
1979-09-19,2.1635
1979-09-20,2.149
1979-09-21,2.154
1979-09-24,2.1575
1979-09-25,2.1565
1979-09-26,2.158
1979-09-27,2.1475
1979-09-28,2.1495
1979-10-01,2.15
1979-10-02,2.149
1979-10-03,2.151
1979-10-04,2.151
1979-10-05,2.1495
1979-10-09,2.164
1979-10-10,2.16
1979-10-11,2.162
1979-10-12,2.162
1979-10-15,2.165
1979-10-16,2.173
1979-10-17,2.174
1979-10-18,2.174
1979-10-19,2.173
1979-10-22,2.176
1979-10-23,2.184
1979-10-24,2.186
1979-10-25,2.1835
1979-10-26,2.19
1979-10-29,2.1855
1979-10-30,2.1995
1979-10-31,2.19
1979-11-01,2.191
1979-11-02,2.176
1979-11-05,2.191
1979-11-07,2.1915
1979-11-08,2.1925
1979-11-09,2.187
1979-11-13,2.201
1979-11-14,2.2
1979-11-15,2.1955
1979-11-16,2.1925
1979-11-19,2.187
1979-11-20,2.191
1979-11-21,2.187
1979-11-23,2.191
1979-11-26,2.187
1979-11-27,2.187
1979-11-28,2.1895
1979-11-29,2.182
1979-11-30,2.192
1979-12-03,2.1665
1979-12-04,2.177
1979-12-05,2.1795
1979-12-06,2.179
1979-12-07,2.179
1979-12-10,2.178
1979-12-11,2.175
1979-12-12,2.177
1979-12-13,2.175
1979-12-14,2.1795
1979-12-17,2.178
1979-12-18,2.18
1979-12-19,2.181
1979-12-20,2.175
1979-12-21,2.19
1979-12-24,2.179
1979-12-26,2.179
1979-12-27,2.1665
1979-12-28,2.162
1979-12-31,2.188
1980-01-02,2.177
1980-01-03,2.1725
1980-01-04,2.1755
1980-01-07,2.171
1980-01-08,2.1735
1980-01-09,2.175
1980-01-10,2.1775
1980-01-11,2.182
1980-01-14,2.178
1980-01-15,2.183
1980-01-16,2.175
1980-01-17,2.18
1980-01-18,2.18
1980-01-21,2.181
1980-01-22,2.1825
1980-01-23,2.185
1980-01-24,2.1855
1980-01-25,2.187
1980-01-28,2.19
1980-01-29,2.186
1980-01-30,2.183
1980-01-31,2.184
1980-02-01,2.185
1980-02-04,2.184
1980-02-05,2.181
1980-02-06,2.177
1980-02-07,2.1755
1980-02-08,2.1745
1980-02-11,2.1715
1980-02-13,2.173
1980-02-14,2.1715
1980-02-15,2.1725
1980-02-19,2.183
1980-02-20,2.1785
1980-02-21,2.178
1980-02-22,2.18
1980-02-25,2.185
1980-02-26,2.184
1980-02-27,2.1805
1980-02-28,2.1785
1980-02-29,2.1855
1980-03-03,2.1875
1980-03-04,2.1885
1980-03-05,2.191
1980-03-06,2.197
1980-03-07,2.1948
1980-03-10,2.202
1980-03-11,2.2065
1980-03-12,2.205
1980-03-13,2.2105
1980-03-14,2.2185
1980-03-17,2.236
1980-03-18,2.2385
1980-03-19,2.225
1980-03-20,2.231
1980-03-21,2.228
1980-03-24,2.246
1980-03-25,2.25
1980-03-26,2.252
1980-03-27,2.26
1980-03-28,2.2675
1980-03-31,2.2835
1980-04-01,2.317
1980-04-02,2.3115
1980-04-03,2.31
1980-04-04,2.311
1980-04-07,2.328
1980-04-08,2.313
1980-04-09,2.282
1980-04-10,2.27
1980-04-11,2.28
1980-04-14,2.2765
1980-04-15,2.2915
1980-04-16,2.2915
1980-04-17,2.282
1980-04-18,2.2925
1980-04-21,2.2845
1980-04-22,2.286
1980-04-23,2.2675
1980-04-24,2.2625
1980-04-25,2.25
1980-04-28,2.24
1980-04-29,2.237
1980-04-30,2.231
1980-05-01,2.232
1980-05-02,2.2325
1980-05-05,2.224
1980-05-06,2.2145
1980-05-07,2.198
1980-05-08,2.203
1980-05-09,2.2065
1980-05-12,2.194
1980-05-13,2.186
1980-05-14,2.177
1980-05-15,2.178
1980-05-16,2.176
1980-05-19,2.185
1980-05-20,2.187
1980-05-21,2.1715
1980-05-22,2.187
1980-05-23,2.1625
1980-05-27,2.164
1980-05-28,2.158
1980-05-29,2.1645
1980-05-30,2.165
1980-06-02,2.166
1980-06-03,2.162
1980-06-04,2.158
1980-06-05,2.1545
1980-06-06,2.15
1980-06-09,2.144
1980-06-10,2.1365
1980-06-11,2.14
1980-06-12,2.139
1980-06-13,2.1275
1980-06-16,2.138
1980-06-17,2.1405
1980-06-18,2.14
1980-06-19,2.139
1980-06-20,2.139
1980-06-23,2.138
1980-06-24,2.143
1980-06-25,2.148
1980-06-26,2.1495
1980-06-27,2.146
1980-06-30,2.142
1980-07-01,2.1443
1980-07-02,2.141
1980-07-03,2.144
1980-07-07,2.138
1980-07-08,2.136
1980-07-09,2.137
1980-07-10,2.138
1980-07-11,2.138
1980-07-14,2.1415
1980-07-15,2.144
1980-07-16,2.1425
1980-07-17,2.1395
1980-07-18,2.146
1980-07-21,2.1415
1980-07-22,2.142
1980-07-23,2.1425
1980-07-24,2.141
1980-07-25,2.142
1980-07-28,2.146
1980-07-29,2.1505
1980-07-30,2.1565
1980-07-31,2.16
1980-08-01,2.169
1980-08-04,2.151
1980-08-05,2.155
1980-08-06,2.15
1980-08-07,2.1535
1980-08-08,2.155
1980-08-11,2.15
1980-08-12,2.148
1980-08-13,2.149
1980-08-14,2.1485
1980-08-15,2.144
1980-08-18,2.1535
1980-08-19,2.1545
1980-08-20,2.1515
1980-08-21,2.1525
1980-08-22,2.151
1980-08-25,2.153
1980-08-26,2.1502
1980-08-27,2.1455
1980-08-28,2.149
1980-08-29,2.143
1980-09-02,2.134
1980-09-03,2.133
1980-09-04,2.127
1980-09-05,2.1275
1980-09-08,2.121
1980-09-09,2.1195
1980-09-10,2.118
1980-09-11,2.111
1980-09-12,2.111
1980-09-15,2.1115
1980-09-16,2.1135
1980-09-17,2.111
1980-09-18,2.117
1980-09-19,2.111
1980-09-22,2.125
1980-09-23,2.129
1980-09-24,2.124
1980-09-25,2.125
1980-09-26,2.1285
1980-09-29,2.133
1980-09-30,2.131
1980-10-01,2.1265
1980-10-02,2.1265
1980-10-03,2.1315
1980-10-06,2.1255
1980-10-07,2.13
1980-10-08,2.1235
1980-10-09,2.123
1980-10-10,2.115
1980-10-14,2.122
1980-10-15,2.124
1980-10-16,2.1225
1980-10-17,2.127
1980-10-20,2.13
1980-10-21,2.1325
1980-10-22,2.1315
1980-10-23,2.134
1980-10-24,2.141
1980-10-27,2.151
1980-10-28,2.154
1980-10-29,2.146
1980-10-30,2.143
1980-10-31,2.147
1980-11-03,2.15
1980-11-05,2.1555
1980-11-06,2.155
1980-11-07,2.158
1980-11-10,2.143
1980-11-12,2.1545
1980-11-13,2.1545
1980-11-14,2.158
1980-11-17,2.1715
1980-11-18,2.167
1980-11-19,2.166
1980-11-20,2.1675
1980-11-21,2.173
1980-11-24,2.179
1980-11-25,2.179
1980-11-26,2.1865
1980-11-28,2.1905
1980-12-01,2.1995
1980-12-02,2.2015
1980-12-03,2.199
1980-12-04,2.1965
1980-12-05,2.199
1980-12-08,2.198
1980-12-09,2.204
1980-12-10,2.211
1980-12-11,2.212
1980-12-12,2.219
1980-12-15,2.206
1980-12-16,2.2215
1980-12-17,2.2095
1980-12-18,2.215
1980-12-19,2.215
1980-12-22,2.2025
1980-12-23,2.195
1980-12-24,2.195
1980-12-26,2.202
1980-12-29,2.115
1980-12-30,2.22
1980-12-31,2.22
1981-01-02,2.217
1981-01-05,2.215
1981-01-06,2.2085
1981-01-07,2.2105
1981-01-08,2.214
1981-01-09,2.223
1981-01-12,2.227
1981-01-13,2.2375
1981-01-14,2.2265
1981-01-15,2.228
1981-01-16,2.224
1981-01-19,2.221
1981-01-20,2.2225
1981-01-21,2.217
1981-01-22,2.227
1981-01-23,2.2285
1981-01-26,2.228
1981-01-27,2.221
1981-01-28,2.2155
1981-01-29,2.223
1981-01-30,2.239
1981-02-02,2.233
1981-02-03,2.24
1981-02-04,2.231
1981-02-05,2.235
1981-02-06,2.235
1981-02-09,2.2395
1981-02-10,2.244
1981-02-11,2.2415
1981-02-13,2.278
1981-02-17,2.28
1981-02-18,2.276
1981-02-19,2.28
1981-02-20,2.266
1981-02-23,2.2825
1981-02-24,2.2825
1981-02-25,2.291
1981-02-26,2.2945
1981-02-27,2.303
1981-03-02,2.316
1981-03-03,2.313
1981-03-04,2.3025
1981-03-05,2.305
1981-03-06,2.2995
1981-03-09,2.285
1981-03-10,2.272
1981-03-11,2.265
1981-03-12,2.2665
1981-03-13,2.266
1981-03-16,2.264
1981-03-17,2.27
1981-03-18,2.261
1981-03-19,2.2545
1981-03-20,2.267
1981-03-23,2.281
1981-03-24,2.28
1981-03-25,2.2805
1981-03-26,2.291
1981-03-27,2.288
1981-03-30,2.287
1981-03-31,2.282
1981-04-01,2.282
1981-04-02,2.289
1981-04-03,2.293
1981-04-06,2.306
1981-04-07,2.304
1981-04-08,2.307
1981-04-09,2.305
1981-04-10,2.307
1981-04-13,2.318
1981-04-14,2.317
1981-04-15,2.326
1981-04-16,2.3265
1981-04-17,2.335
1981-04-20,2.35
1981-04-21,2.349
1981-04-22,2.335
1981-04-23,2.329
1981-04-24,2.32
1981-04-27,2.3055
1981-04-28,2.3105
1981-04-29,2.3165
1981-04-30,2.319
1981-05-01,2.324
1981-05-04,2.331
1981-05-05,2.341
1981-05-06,2.3285
1981-05-07,2.3365
1981-05-08,2.321
1981-05-11,2.328
1981-05-12,2.336
1981-05-13,2.339
1981-05-14,2.347
1981-05-15,2.3395
1981-05-18,2.335
1981-05-19,2.345
1981-05-20,2.336
1981-05-21,2.341
1981-05-22,2.349
1981-05-26,2.3525
1981-05-27,2.353
1981-05-28,2.3495
1981-05-29,2.3495
1981-06-01,2.3485
1981-06-02,2.353
1981-06-03,2.355
1981-06-04,2.367
1981-06-05,2.369
1981-06-08,2.371
1981-06-09,2.372
1981-06-10,2.3595
1981-06-11,2.363
1981-06-12,2.361
1981-06-15,2.335
1981-06-16,2.3325
1981-06-17,2.332
1981-06-18,2.331
1981-06-19,2.3285
1981-06-22,2.321
1981-06-23,2.31
1981-06-24,2.315
1981-06-25,2.3195
1981-06-26,2.322
1981-06-29,2.318
1981-06-30,2.3182
1981-07-01,2.327
1981-07-02,2.338
1981-07-03,2.343
1981-07-06,2.3505
1981-07-07,2.343
1981-07-08,2.348
1981-07-09,2.351
1981-07-10,2.3435
1981-07-13,2.3395
1981-07-14,2.3485
1981-07-15,2.342
1981-07-16,2.346
1981-07-17,2.351
1981-07-20,2.352
1981-07-21,2.365
1981-07-22,2.364
1981-07-23,2.3625
1981-07-24,2.364
1981-07-27,2.366
1981-07-28,2.363
1981-07-29,2.363
1981-07-30,2.364
1981-07-31,2.36
1981-08-03,2.385
1981-08-04,2.38
1981-08-05,2.376
1981-08-06,2.378
1981-08-07,2.377
1981-08-10,2.3885
1981-08-11,2.383
1981-08-12,2.372
1981-08-13,2.368
1981-08-14,2.376
1981-08-17,2.37
1981-08-18,2.3755
1981-08-19,2.378
1981-08-20,2.369
1981-08-21,2.364
1981-08-24,2.376
1981-08-25,2.38
1981-08-26,2.368
1981-08-27,2.368
1981-08-28,2.365
1981-08-31,2.3625
1981-09-01,2.371
1981-09-02,2.365
1981-09-03,2.363
1981-09-04,2.3675
1981-09-08,2.371
1981-09-09,2.375
1981-09-10,2.372
1981-09-11,2.371
1981-09-14,2.368
1981-09-15,2.366
1981-09-16,2.362
1981-09-17,2.357
1981-09-18,2.35
1981-09-21,2.333
1981-09-22,2.335
1981-09-23,2.33
1981-09-24,2.334
1981-09-25,2.325
1981-09-28,2.3275
1981-09-29,2.32
1981-09-30,2.321
1981-10-01,2.3275
1981-10-02,2.319
1981-10-05,2.319
1981-10-06,2.3185
1981-10-07,2.313
1981-10-08,2.31
1981-10-09,2.2995
1981-10-13,2.283
1981-10-14,2.2845
1981-10-15,2.279
1981-10-16,2.287
1981-10-19,2.285
1981-10-20,2.2855
1981-10-21,2.297
1981-10-22,2.2955
1981-10-23,2.293
1981-10-26,2.298
1981-10-27,2.307
1981-10-28,2.297
1981-10-29,2.298
1981-10-30,2.282
1981-11-02,2.281
1981-11-04,2.2795
1981-11-05,2.281
1981-11-06,2.273
1981-11-09,2.269
1981-11-10,2.268
1981-11-12,2.253
1981-11-13,2.247
1981-11-16,2.252
1981-11-17,2.252
1981-11-18,2.25
1981-11-19,2.237
1981-11-20,2.238
1981-11-23,2.248
1981-11-24,2.245
1981-11-25,2.2475
1981-11-27,2.247
1981-11-30,2.2445
1981-12-01,2.2455
1981-12-02,2.246
1981-12-03,2.245
1981-12-04,2.242
1981-12-07,2.243
1981-12-08,2.244
1981-12-09,2.241
1981-12-10,2.243
1981-12-11,2.241
1981-12-14,2.262
1981-12-15,2.257
1981-12-16,2.252
1981-12-17,2.252
1981-12-18,2.253
1981-12-21,2.259
1981-12-22,2.25
1981-12-23,2.255
1981-12-24,2.248
1981-12-28,2.242
1981-12-29,2.244
1981-12-30,2.244
1981-12-31,2.242
1982-01-04,2.242
1982-01-05,2.247
1982-01-06,2.2415
1982-01-07,2.2415
1982-01-08,2.2415
1982-01-11,2.243
1982-01-12,2.248
1982-01-13,2.248
1982-01-14,2.253
1982-01-15,2.2545
1982-01-18,2.267
1982-01-19,2.256
1982-01-20,2.2645
1982-01-21,2.268
1982-01-22,2.265
1982-01-25,2.276
1982-01-26,2.27
1982-01-27,2.271
1982-01-28,2.277
1982-01-29,2.276
1982-02-01,2.282
1982-02-02,2.296
1982-02-03,2.3
1982-02-04,2.301
1982-02-05,2.303
1982-02-08,2.3095
1982-02-09,2.323
1982-02-10,2.32
1982-02-11,2.317
1982-02-16,2.334
1982-02-17,2.334
1982-02-18,2.327
1982-02-19,2.314
1982-02-22,2.303
1982-02-23,2.302
1982-02-24,2.306
1982-02-25,2.308
1982-02-26,2.312
1982-03-01,2.32
1982-03-02,2.317
1982-03-03,2.318
1982-03-04,2.317
1982-03-05,2.3055
1982-03-08,2.304
1982-03-09,2.322
1982-03-10,2.3195
1982-03-11,2.329
1982-03-12,2.335
1982-03-15,2.324
1982-03-16,2.326
1982-03-17,2.328
1982-03-18,2.326
1982-03-19,2.336
1982-03-22,2.334
1982-03-23,2.334
1982-03-24,2.331
1982-03-25,2.3355
1982-03-26,2.336
1982-03-29,2.3365
1982-03-30,2.337
1982-03-31,2.339
1982-04-01,2.335
1982-04-02,2.334
1982-04-05,2.339
1982-04-06,2.345
1982-04-07,2.345
1982-04-08,2.3515
1982-04-09,2.3515
1982-04-12,2.349
1982-04-13,2.3505
1982-04-14,2.35
1982-04-15,2.3545
1982-04-16,2.3625
1982-04-19,2.357
1982-04-20,2.3405
1982-04-21,2.336
1982-04-22,2.341
1982-04-23,2.344
1982-04-26,2.323
1982-04-27,2.326
1982-04-28,2.319
1982-04-29,2.314
1982-04-30,2.302
1982-05-03,2.3045
1982-05-04,2.308
1982-05-05,2.3
1982-05-06,2.29
1982-05-07,2.279
1982-05-10,2.282
1982-05-11,2.286
1982-05-12,2.282
1982-05-13,2.296
1982-05-14,2.301
1982-05-17,2.29
1982-05-18,2.3
1982-05-19,2.304
1982-05-20,2.29
1982-05-21,2.275
1982-05-24,2.278
1982-05-25,2.283
1982-05-26,2.2855
1982-05-27,2.2895
1982-05-28,2.29
1982-06-01,2.304
1982-06-02,2.31
1982-06-03,2.3015
1982-06-04,2.3025
1982-06-07,2.315
1982-06-08,2.318
1982-06-09,2.32
1982-06-10,2.325
1982-06-11,2.318
1982-06-14,2.328
1982-06-15,2.3315
1982-06-16,2.341
1982-06-17,2.353
1982-06-18,2.363
1982-06-21,2.374
1982-06-22,2.363
1982-06-23,2.371
1982-06-24,2.3575
1982-06-25,2.369
1982-06-28,2.37
1982-06-29,2.366
1982-06-30,2.362
1982-07-01,2.367
1982-07-02,2.362
1982-07-06,2.363
1982-07-07,2.3705
1982-07-08,2.372
1982-07-09,2.365
1982-07-12,2.357
1982-07-13,2.3635
1982-07-14,2.364
1982-07-15,2.363
1982-07-16,2.361
1982-07-19,2.351
1982-07-20,2.352
1982-07-21,2.345
1982-07-22,2.343
1982-07-23,2.332
1982-07-26,2.33
1982-07-27,2.3495
1982-07-28,2.351
1982-07-29,2.35
1982-07-30,2.353
1982-08-02,2.3425
1982-08-03,2.353
1982-08-04,2.364
1982-08-05,2.361
1982-08-06,2.364
1982-08-09,2.372
1982-08-10,2.364
1982-08-11,2.367
1982-08-12,2.369
1982-08-13,2.363
1982-08-16,2.372
1982-08-17,2.366
1982-08-18,2.342
1982-08-19,2.347
1982-08-20,2.337
1982-08-23,2.336
1982-08-24,2.33
1982-08-25,2.334
1982-08-26,2.338
1982-08-27,2.344
1982-08-30,2.351
1982-08-31,2.346
1982-09-01,2.347
1982-09-02,2.347
1982-09-03,2.3465
1982-09-07,2.35
1982-09-08,2.354
1982-09-09,2.355
1982-09-10,2.36
1982-09-13,2.362
1982-09-14,2.359
1982-09-15,2.362
1982-09-16,2.361
1982-09-17,2.362
1982-09-20,2.3595
1982-09-21,2.363
1982-09-22,2.362
1982-09-23,2.362
1982-09-24,2.366
1982-09-27,2.372
1982-09-28,2.377
1982-09-29,2.373
1982-09-30,2.3815
1982-10-01,2.376
1982-10-04,2.382
1982-10-05,2.372
1982-10-06,2.376
1982-10-07,2.366
1982-10-08,2.362
1982-10-12,2.361
1982-10-13,2.365
1982-10-14,2.361
1982-10-15,2.368
1982-10-18,2.363
1982-10-19,2.3715
1982-10-20,2.372
1982-10-21,2.373
1982-10-22,2.371
1982-10-25,2.374
1982-10-26,2.374
1982-10-27,2.372
1982-10-28,2.358
1982-10-29,2.359
1982-11-01,2.362
1982-11-03,2.361
1982-11-04,2.365
1982-11-05,2.3665
1982-11-08,2.367
1982-11-09,2.364
1982-11-10,2.359
1982-11-12,2.371
1982-11-15,2.3675
1982-11-16,2.368
1982-11-17,2.362
1982-11-18,2.364
1982-11-19,2.363
1982-11-22,2.3645
1982-11-23,2.367
1982-11-24,2.365
1982-11-26,2.3655
1982-11-29,2.364
1982-11-30,2.364
1982-12-01,2.363
1982-12-02,2.3635
1982-12-03,2.3655
1982-12-06,2.366
1982-12-07,2.363
1982-12-08,2.362
1982-12-09,2.365
1982-12-10,2.362
1982-12-13,2.366
1982-12-14,2.365
1982-12-15,2.3645
1982-12-16,2.356
1982-12-17,2.35
1982-12-20,2.3595
1982-12-21,2.359
1982-12-22,2.346
1982-12-23,2.3475
1982-12-24,2.3475
1982-12-27,2.342
1982-12-28,2.33
1982-12-29,2.327
1982-12-30,2.324
1982-12-31,2.3225
1983-01-03,2.308
1983-01-04,2.297
1983-01-05,2.296
1983-01-06,2.293
1983-01-07,2.294
1983-01-10,2.275
1983-01-11,2.277
1983-01-12,2.2755
1983-01-13,2.272
1983-01-14,2.272
1983-01-17,2.272
1983-01-18,2.274
1983-01-19,2.276
1983-01-20,2.274
1983-01-21,2.276
1983-01-24,2.287
1983-01-25,2.287
1983-01-26,2.282
1983-01-27,2.283
1983-01-28,2.278
1983-01-31,2.277
1983-02-01,2.285
1983-02-02,2.3
1983-02-03,2.293
1983-02-04,2.295
1983-02-07,2.2945
1983-02-08,2.283
1983-02-09,2.275
1983-02-10,2.272
1983-02-11,2.266
1983-02-14,2.27
1983-02-15,2.2575
1983-02-16,2.26
1983-02-17,2.2655
1983-02-18,2.2655
1983-02-22,2.2625
1983-02-23,2.279
1983-02-24,2.271
1983-02-25,2.268
1983-02-28,2.275
1983-03-01,2.277
1983-03-02,2.279
1983-03-03,2.2795
1983-03-04,2.2755
1983-03-07,2.2785
1983-03-08,2.289
1983-03-09,2.287
1983-03-10,2.284
1983-03-11,2.284
1983-03-14,2.28
1983-03-15,2.282
1983-03-16,2.2865
1983-03-17,2.2885
1983-03-18,2.293
1983-03-21,2.303
1983-03-22,2.2965
1983-03-23,2.3
1983-03-24,2.296
1983-03-25,2.3005
1983-03-28,2.308
1983-03-29,2.3065
1983-03-30,2.298
1983-03-31,2.293
1983-04-01,2.295
1983-04-04,2.296
1983-04-05,2.297
1983-04-06,2.3125
1983-04-07,2.3005
1983-04-08,2.3075
1983-04-11,2.3055
1983-04-12,2.303
1983-04-13,2.307
1983-04-14,2.3105
1983-04-15,2.3085
1983-04-18,2.309
1983-04-19,2.3105
1983-04-20,2.31
1983-04-21,2.308
1983-04-22,2.3075
1983-04-25,2.306
1983-04-26,2.3095
1983-04-27,2.3085
1983-04-28,2.31
1983-04-29,2.311
1983-05-02,2.312
1983-05-03,2.3095
1983-05-04,2.3075
1983-05-05,2.3045
1983-05-06,2.3
1983-05-09,2.2945
1983-05-10,2.2995
1983-05-11,2.293
1983-05-12,2.2955
1983-05-13,2.296
1983-05-16,2.3
1983-05-17,2.302
1983-05-18,2.298
1983-05-19,2.3005
1983-05-20,2.2985
1983-05-23,2.302
1983-05-24,2.3005
1983-05-25,2.3005
1983-05-26,2.2995
1983-05-27,2.301
1983-05-31,2.304
1983-06-01,2.312
1983-06-02,2.31
1983-06-03,2.314
1983-06-06,2.3215
1983-06-07,2.322
1983-06-08,2.326
1983-06-09,2.326
1983-06-10,2.325
1983-06-13,2.3255
1983-06-14,2.3315
1983-06-15,2.332
1983-06-16,2.327
1983-06-17,2.324
1983-06-20,2.324
1983-06-21,2.327
1983-06-22,2.324
1983-06-23,2.326
1983-06-24,2.326
1983-06-27,2.3265
1983-06-28,2.328
1983-06-29,2.329
1983-06-30,2.331
1983-07-01,2.331
1983-07-05,2.331
1983-07-06,2.329
1983-07-07,2.333
1983-07-08,2.3305
1983-07-11,2.331
1983-07-12,2.33
1983-07-13,2.331
1983-07-14,2.332
1983-07-15,2.332
1983-07-18,2.331
1983-07-19,2.302
1983-07-20,2.329
1983-07-21,2.331
1983-07-22,2.333
1983-07-25,2.336
1983-07-26,2.336
1983-07-27,2.3405
1983-07-28,2.3415
1983-07-29,2.347
1983-08-01,2.3565
1983-08-02,2.352
1983-08-03,2.353
1983-08-04,2.354
1983-08-05,2.3575
1983-08-08,2.359
1983-08-09,2.357
1983-08-10,2.3635
1983-08-11,2.3685
1983-08-12,2.3675
1983-08-15,2.365
1983-08-16,2.347
1983-08-17,2.341
1983-08-18,2.341
1983-08-19,2.343
1983-08-22,2.3395
1983-08-23,2.332
1983-08-24,2.341
1983-08-25,2.3425
1983-08-26,2.3525
1983-08-29,2.355
1983-08-30,2.3565
1983-08-31,2.3585
1983-09-01,2.358
1983-09-02,2.356
1983-09-06,2.3545
1983-09-07,2.3575
1983-09-08,2.352
1983-09-09,2.347
1983-09-12,2.344
1983-09-13,2.348
1983-09-14,2.355
1983-09-15,2.3535
1983-09-16,2.3495
1983-09-19,2.352
1983-09-20,2.349
1983-09-21,2.3505
1983-09-22,2.3525
1983-09-23,2.348
1983-09-26,2.345
1983-09-27,2.349
1983-09-28,2.348
1983-09-29,2.3475
1983-09-30,2.347
1983-10-03,2.347
1983-10-04,2.347
1983-10-05,2.346
1983-10-06,2.343
1983-10-07,2.3435
1983-10-11,2.344
1983-10-12,2.346
1983-10-13,2.3445
1983-10-14,2.346
1983-10-17,2.3435
1983-10-18,2.346
1983-10-19,2.344
1983-10-20,2.3435
1983-10-21,2.343
1983-10-24,2.3455
1983-10-25,2.345
1983-10-26,2.346
1983-10-27,2.3465
1983-10-28,2.3445
1983-10-31,2.347
1983-11-01,2.347
1983-11-02,2.3465
1983-11-03,2.3455
1983-11-04,2.3465
1983-11-07,2.348
1983-11-09,2.3465
1983-11-10,2.3465
1983-11-14,2.343
1983-11-15,2.342
1983-11-16,2.342
1983-11-17,2.343
1983-11-18,2.344
1983-11-21,2.345
1983-11-22,2.345
1983-11-23,2.345
1983-11-25,2.3457
1983-11-28,2.3445
1983-11-29,2.3455
1983-11-30,2.344
1983-12-01,2.3415
1983-12-02,2.3418
1983-12-05,2.3418
1983-12-06,2.343
1983-12-07,2.343
1983-12-08,2.343
1983-12-09,2.344
1983-12-12,2.344
1983-12-13,2.343
1983-12-14,2.341
1983-12-15,2.3405
1983-12-16,2.3425
1983-12-19,2.3405
1983-12-20,2.337
1983-12-21,2.3355
1983-12-22,2.338
1983-12-23,2.342
1983-12-27,2.34
1983-12-28,2.3395
1983-12-29,2.3385
1983-12-30,2.335
1984-01-03,2.337
1984-01-04,2.342
1984-01-05,2.3425
1984-01-06,2.342
1984-01-09,2.3435
1984-01-10,2.3405
1984-01-11,2.341
1984-01-12,2.343
1984-01-13,2.3405
1984-01-16,2.3415
1984-01-17,2.341
1984-01-18,2.342
1984-01-19,2.3405
1984-01-20,2.3415
1984-01-23,2.3415
1984-01-24,2.3415
1984-01-25,2.341
1984-01-26,2.3405
1984-01-27,2.3405
1984-01-30,2.34
1984-01-31,2.3405
1984-02-01,2.3395
1984-02-02,2.3375
1984-02-03,2.335
1984-02-06,2.3385
1984-02-07,2.3395
1984-02-08,2.3385
1984-02-09,2.3385
1984-02-10,2.3395
1984-02-14,2.3395
1984-02-15,2.3365
1984-02-16,2.3335
1984-02-17,2.3335
1984-02-21,2.3385
1984-02-22,2.336
1984-02-23,2.3335
1984-02-24,2.3335
1984-02-27,2.334
1984-02-28,2.332
1984-02-29,2.3315
1984-03-01,2.333
1984-03-02,2.3245
1984-03-05,2.281
1984-03-06,2.282
1984-03-07,2.286
1984-03-08,2.2975
1984-03-09,2.287
1984-03-12,2.293
1984-03-13,2.284
1984-03-14,2.277
1984-03-15,2.2815
1984-03-16,2.2885
1984-03-19,2.296
1984-03-20,2.298
1984-03-21,2.299
1984-03-22,2.2985
1984-03-23,2.293
1984-03-26,2.29
1984-03-27,2.287
1984-03-28,2.293
1984-03-29,2.292
1984-03-30,2.2915
1984-04-02,2.2945
1984-04-03,2.2955
1984-04-04,2.292
1984-04-05,2.29
1984-04-06,2.294
1984-04-09,2.294
1984-04-10,2.2925
1984-04-11,2.2875
1984-04-12,2.2885
1984-04-13,2.288
1984-04-16,2.289
1984-04-17,2.29
1984-04-18,2.2875
1984-04-19,2.2905
1984-04-20,2.288
1984-04-23,2.2875
1984-04-24,2.2895
1984-04-25,2.288
1984-04-26,2.29
1984-04-27,2.29
1984-04-30,2.291
1984-05-01,2.292
1984-05-02,2.291
1984-05-03,2.291
1984-05-04,2.2905
1984-05-07,2.293
1984-05-08,2.2965
1984-05-09,2.2975
1984-05-10,2.2985
1984-05-11,2.301
1984-05-14,2.305
1984-05-15,2.303
1984-05-16,2.303
1984-05-17,2.3045
1984-05-18,2.3105
1984-05-21,2.3175
1984-05-22,2.3115
1984-05-23,2.294
1984-05-24,2.314
1984-05-25,2.3095
1984-05-29,2.3145
1984-05-30,2.313
1984-05-31,2.313
1984-06-01,2.306
1984-06-04,2.2965
1984-06-05,2.3015
1984-06-06,2.3065
1984-06-07,2.3045
1984-06-08,2.305
1984-06-11,2.3075
1984-06-12,2.3155
1984-06-13,2.3105
1984-06-14,2.304
1984-06-15,2.3075
1984-06-18,2.3115
1984-06-19,2.311
1984-06-20,2.313
1984-06-21,2.313
1984-06-22,2.3155
1984-06-25,2.3245
1984-06-26,2.3155
1984-06-27,2.3205
1984-06-28,2.3195
1984-06-29,2.319
1984-07-02,2.323
1984-07-03,2.323
1984-07-05,2.325
1984-07-06,2.326
1984-07-09,2.3335
1984-07-10,2.329
1984-07-11,2.336
1984-07-12,2.3405
1984-07-13,2.3405
1984-07-16,2.3375
1984-07-17,2.3465
1984-07-18,2.35
1984-07-19,2.3485
1984-07-20,2.3505
1984-07-23,2.3565
1984-07-24,2.354
1984-07-25,2.342
1984-07-26,2.3255
1984-07-27,2.3315
1984-07-30,2.3445
1984-07-31,2.345
1984-08-01,2.349
1984-08-02,2.345
1984-08-03,2.3325
1984-08-06,2.332
1984-08-07,2.339
1984-08-08,2.337
1984-08-09,2.334
1984-08-10,2.3355
1984-08-13,2.338
1984-08-14,2.329
1984-08-15,2.33
1984-08-16,2.327
1984-08-17,2.329
1984-08-20,2.3305
1984-08-21,2.3315
1984-08-22,2.332
1984-08-23,2.3285
1984-08-24,2.328
1984-08-27,2.328
1984-08-28,2.328
1984-08-29,2.331
1984-08-30,2.3335
1984-08-31,2.3335
1984-09-04,2.3395
1984-09-05,2.341
1984-09-06,2.3405
1984-09-07,2.345
1984-09-10,2.346
1984-09-11,2.35
1984-09-12,2.349
1984-09-13,2.35
1984-09-14,2.3495
1984-09-17,2.3535
1984-09-18,2.3595
1984-09-19,2.359
1984-09-20,2.3635
1984-09-21,2.35
1984-09-24,2.351
1984-09-25,2.36
1984-09-26,2.361
1984-09-27,2.363
1984-09-28,2.372
1984-10-01,2.371
1984-10-02,2.377
1984-10-03,2.378
1984-10-04,2.4025
1984-10-05,2.44
1984-10-09,2.4275
1984-10-10,2.4225
1984-10-11,2.4125
1984-10-12,2.395
1984-10-15,2.4125
1984-10-16,2.42
1984-10-17,2.4125
1984-10-18,2.415
1984-10-19,2.43
1984-10-22,2.4125
1984-10-23,2.4125
1984-10-24,2.4025
1984-10-25,2.403
1984-10-26,2.405
1984-10-29,2.4075
1984-10-30,2.403
1984-10-31,2.405
1984-11-01,2.4005
1984-11-02,2.4005
1984-11-05,2.395
1984-11-07,2.3945
1984-11-08,2.395
1984-11-09,2.394
1984-11-13,2.395
1984-11-14,2.398
1984-11-15,2.396
1984-11-16,2.398
1984-11-19,2.401
1984-11-20,2.403
1984-11-21,2.4035
1984-11-23,2.408
1984-11-26,2.413
1984-11-27,2.411
1984-11-28,2.411
1984-11-29,2.41
1984-11-30,2.4125
1984-12-03,2.414
1984-12-04,2.414
1984-12-05,2.412
1984-12-06,2.413
1984-12-07,2.415
1984-12-10,2.4135
1984-12-11,2.4145
1984-12-12,2.4145
1984-12-13,2.4155
1984-12-14,2.416
1984-12-17,2.414
1984-12-18,2.413
1984-12-19,2.415
1984-12-20,2.417
1984-12-21,2.414
1984-12-24,2.417
1984-12-26,2.418
1984-12-27,2.423
1984-12-28,2.426
1984-12-31,2.429
1985-01-02,2.445
1985-01-03,2.457
1985-01-04,2.456
1985-01-07,2.468
1985-01-08,2.4675
1985-01-09,2.475
1985-01-10,2.475
1985-01-11,2.48
1985-01-14,2.4945
1985-01-15,2.4935
1985-01-16,2.493
1985-01-17,2.4935
1985-01-18,2.4925
1985-01-22,2.489
1985-01-23,2.4855
1985-01-24,2.486
1985-01-25,2.484
1985-01-28,2.4845
1985-01-29,2.4845
1985-01-30,2.491
1985-01-31,2.4925
1985-02-01,2.495
1985-02-04,2.5165
1985-02-05,2.533
1985-02-06,2.5315
1985-02-07,2.543
1985-02-08,2.549
1985-02-11,2.556
1985-02-13,2.556
1985-02-14,2.5555
1985-02-15,2.5325
1985-02-19,2.56
1985-02-20,2.56
1985-02-21,2.565
1985-02-22,2.571
1985-02-25,2.577
1985-02-26,2.58
1985-02-27,2.56
1985-02-28,2.583
1985-03-01,2.588
1985-03-04,2.6
1985-03-05,2.598
1985-03-06,2.601
1985-03-07,2.601
1985-03-08,2.601
1985-03-11,2.5975
1985-03-12,2.585
1985-03-13,2.5865
1985-03-14,2.592
1985-03-15,2.5935
1985-03-18,2.589
1985-03-19,2.575
1985-03-20,2.552
1985-03-21,2.55
1985-03-22,2.5425
1985-03-25,2.5595
1985-03-26,2.56
1985-03-27,2.535
1985-03-28,2.525
1985-03-29,2.51
1985-04-01,2.5375
1985-04-02,2.535
1985-04-03,2.5215
1985-04-04,2.53
1985-04-05,2.525
1985-04-08,2.53
1985-04-09,2.5265
1985-04-10,2.518
1985-04-11,2.4875
1985-04-12,2.4825
1985-04-15,2.4675
1985-04-16,2.446
1985-04-17,2.445
1985-04-18,2.44
1985-04-19,2.446
1985-04-22,2.464
1985-04-23,2.482
1985-04-24,2.4925
1985-04-25,2.4975
1985-04-26,2.495
1985-04-29,2.484
1985-04-30,2.475
1985-05-01,2.478
1985-05-02,2.485
1985-05-03,2.4895
1985-05-06,2.5
1985-05-07,2.475
1985-05-08,2.4885
1985-05-09,2.48
1985-05-10,2.476
1985-05-13,2.48
1985-05-14,2.4715
1985-05-15,2.474
1985-05-16,2.4765
1985-05-17,2.4735
1985-05-20,2.461
1985-05-21,2.464
1985-05-22,2.4645
1985-05-23,2.4745
1985-05-24,2.468
1985-05-28,2.4765
1985-05-29,2.478
1985-05-30,2.472
1985-05-31,2.465
1985-06-03,2.459
1985-06-04,2.463
1985-06-05,2.464
1985-06-06,2.461
1985-06-07,2.464
1985-06-10,2.471
1985-06-11,2.471
1985-06-12,2.4675
1985-06-13,2.472
1985-06-14,2.467
1985-06-17,2.467
1985-06-18,2.462
1985-06-19,2.452
1985-06-20,2.465
1985-06-21,2.462
1985-06-24,2.471
1985-06-25,2.4745
1985-06-26,2.4855
1985-06-27,2.489
1985-06-28,2.4835
1985-07-01,2.4965
1985-07-02,2.4995
1985-07-03,2.495
1985-07-05,2.49
1985-07-08,2.488
1985-07-09,2.476
1985-07-10,2.47
1985-07-11,2.466
1985-07-12,2.4645
1985-07-15,2.4645
1985-07-16,2.464
1985-07-17,2.46
1985-07-18,2.47
1985-07-19,2.467
1985-07-22,2.4685
1985-07-23,2.4635
1985-07-24,2.467
1985-07-25,2.463
1985-07-26,2.408
1985-07-29,2.463
1985-07-30,2.4615
1985-07-31,2.465
1985-08-01,2.468
1985-08-02,2.4645
1985-08-05,2.463
1985-08-06,2.4675
1985-08-07,2.4645
1985-08-08,2.465
1985-08-09,2.464
1985-08-12,2.4595
1985-08-13,2.457
1985-08-14,2.461
1985-08-15,2.4585
1985-08-16,2.4565
1985-08-19,2.46
1985-08-20,2.4695
1985-08-21,2.465
1985-08-22,2.461
1985-08-23,2.4615
1985-08-26,2.4615
1985-08-27,2.468
1985-08-28,2.4705
1985-08-29,2.476
1985-08-30,2.476
1985-09-03,2.4865
1985-09-04,2.486
1985-09-05,2.485
1985-09-06,2.5075
1985-09-09,2.506
1985-09-10,2.5085
1985-09-11,2.513
1985-09-12,2.52
1985-09-13,2.5125
1985-09-16,2.495
1985-09-17,2.484
1985-09-18,2.4995
1985-09-19,2.498
1985-09-20,2.49
1985-09-23,2.44
1985-09-24,2.4625
1985-09-25,2.459
1985-09-26,2.4375
1985-09-27,2.44
1985-09-30,2.452
1985-10-01,2.436
1985-10-02,2.4455
1985-10-03,2.4425
1985-10-04,2.436
1985-10-07,2.455
1985-10-08,2.4515
1985-10-09,2.453
1985-10-10,2.46
1985-10-11,2.4565
1985-10-15,2.461
1985-10-16,2.464
1985-10-17,2.4625
1985-10-18,2.458
1985-10-21,2.452
1985-10-22,2.46
1985-10-23,2.459
1985-10-24,2.4605
1985-10-25,2.457
1985-10-28,2.457
1985-10-29,2.45
1985-10-30,2.444
1985-10-31,2.444
1985-11-01,2.4525
1985-11-04,2.455
1985-11-05,2.4475
1985-11-06,2.4275
1985-11-07,2.4275
1985-11-08,2.4375
1985-11-12,2.438
1985-11-13,2.4365
1985-11-14,2.436
1985-11-15,2.436
1985-11-18,2.4395
1985-11-19,2.436
1985-11-20,2.439
1985-11-21,2.4345
1985-11-22,2.4225
1985-11-25,2.42
1985-11-26,2.42
1985-11-27,2.4235
1985-11-29,2.419
1985-12-02,2.4225
1985-12-03,2.427
1985-12-04,2.424
1985-12-05,2.4235
1985-12-06,2.425
1985-12-09,2.425
1985-12-10,2.43
1985-12-11,2.4325
1985-12-12,2.4285
1985-12-13,2.4305
1985-12-16,2.4305
1985-12-17,2.43
1985-12-18,2.4305
1985-12-19,2.4305
1985-12-20,2.43
1985-12-23,2.433
1985-12-24,2.433
1985-12-26,2.433
1985-12-27,2.4375
1985-12-30,2.435
1985-12-31,2.42
1986-01-02,2.418
1986-01-03,2.4295
1986-01-06,2.4315
1986-01-07,2.432
1986-01-08,2.4325
1986-01-09,2.436
1986-01-10,2.433
1986-01-13,2.444
1986-01-14,2.45
1986-01-15,2.448
1986-01-16,2.4465
1986-01-17,2.447
1986-01-21,2.463
1986-01-22,2.4675
1986-01-23,2.47
1986-01-24,2.455
1986-01-27,2.455
1986-01-28,2.4655
1986-01-29,2.4635
1986-01-30,2.474
1986-01-31,2.4665
1986-02-03,2.4675
1986-02-04,2.4665
1986-02-05,2.4655
1986-02-06,2.4625
1986-02-07,2.465
1986-02-10,2.463
1986-02-11,2.46
1986-02-12,2.4595
1986-02-13,2.4585
1986-02-14,2.4595
1986-02-18,2.4675
1986-02-19,2.475
1986-02-20,2.48
1986-02-21,2.479
1986-02-24,2.475
1986-02-25,2.4735
1986-02-26,2.482
1986-02-27,2.485
1986-02-28,2.493
1986-03-03,2.4955
1986-03-04,2.501
1986-03-05,2.515
1986-03-06,2.521
1986-03-07,2.517
1986-03-10,2.5235
1986-03-11,2.5245
1986-03-12,2.516
1986-03-13,2.5215
1986-03-14,2.5205
1986-03-17,2.521
1986-03-18,2.5215
1986-03-19,2.534
1986-03-20,2.537
1986-03-21,2.542
1986-03-24,2.572
1986-03-25,2.575
1986-03-26,2.57
1986-03-27,2.572
1986-03-28,2.573
1986-03-31,2.597
1986-04-01,2.6035
1986-04-02,2.626
1986-04-03,2.67
1986-04-04,2.6775
1986-04-07,2.6925
1986-04-08,2.653
1986-04-09,2.634
1986-04-10,2.6305
1986-04-11,2.606
1986-04-14,2.612
1986-04-15,2.5785
1986-04-16,2.548
1986-04-17,2.5325
1986-04-18,2.54
1986-04-21,2.543
1986-04-22,2.5475
1986-04-23,2.55
1986-04-24,2.564
1986-04-25,2.585
1986-04-28,2.61
1986-04-29,2.58
1986-04-30,2.575
1986-05-01,2.577
1986-05-02,2.57
1986-05-05,2.566
1986-05-06,2.569
1986-05-07,2.56
1986-05-08,2.573
1986-05-09,2.583
1986-05-12,2.585
1986-05-13,2.5815
1986-05-14,2.584
1986-05-15,2.59
1986-05-16,2.596
1986-05-19,2.611
1986-05-20,2.6175
1986-05-21,2.611
1986-05-22,2.622
1986-05-23,2.625
1986-05-27,2.635
1986-05-28,2.625
1986-05-29,2.633
1986-05-30,2.64
1986-06-02,2.637
1986-06-03,2.6225
1986-06-04,2.625
1986-06-05,2.627
1986-06-06,2.6175
1986-06-09,2.6175
1986-06-10,2.6175
1986-06-11,2.6135
1986-06-12,2.61
1986-06-13,2.6125
1986-06-16,2.6095
1986-06-17,2.619
1986-06-18,2.625
1986-06-19,2.627
1986-06-20,2.627
1986-06-23,2.634
1986-06-24,2.6205
1986-06-25,2.6275
1986-06-26,2.6365
1986-06-27,2.633
1986-06-30,2.626
1986-07-01,2.622
1986-07-02,2.624
1986-07-03,2.6205
1986-07-07,2.619
1986-07-08,2.6215
1986-07-09,2.65
1986-07-10,2.651
1986-07-11,2.653
1986-07-14,2.67
1986-07-15,2.67
1986-07-16,2.649
1986-07-17,2.65
1986-07-18,2.665
1986-07-21,2.6575
1986-07-22,2.668
1986-07-23,2.67
1986-07-24,2.657
1986-07-25,2.649
1986-07-28,2.643
1986-07-29,2.6385
1986-07-30,2.63
1986-07-31,2.623
1986-08-01,2.6325
1986-08-04,2.6025
1986-08-05,2.6125
1986-08-06,2.6175
1986-08-07,2.625
1986-08-08,2.6225
1986-08-11,2.6165
1986-08-12,2.621
1986-08-13,2.6175
1986-08-14,2.67
1986-08-15,2.615
1986-08-18,2.575
1986-08-19,2.5875
1986-08-20,2.602
1986-08-21,2.603
1986-08-22,2.6035
1986-08-25,2.608
1986-08-26,2.6115
1986-08-27,2.6005
1986-08-28,2.6065
1986-08-29,2.605
1986-09-02,2.5995
1986-09-03,2.6
1986-09-04,2.601
1986-09-05,2.605
1986-09-08,2.606
1986-09-09,2.606
1986-09-10,2.603
1986-09-11,2.609
1986-09-12,2.61
1986-09-15,2.627
1986-09-16,2.63
1986-09-17,2.622
1986-09-18,2.6275
1986-09-19,2.633
1986-09-22,2.628
1986-09-23,2.628
1986-09-24,2.6225
1986-09-25,2.625
1986-09-26,2.626
1986-09-29,2.632
1986-09-30,2.6255
1986-10-01,2.628
1986-10-02,2.628
1986-10-03,2.626
1986-10-06,2.625
1986-10-07,2.626
1986-10-08,2.623
1986-10-09,2.625
1986-10-10,2.627
1986-10-14,2.623
1986-10-15,2.619
1986-10-16,2.62
1986-10-17,2.62
1986-10-20,2.623
1986-10-21,2.6225
1986-10-22,2.629
1986-10-23,2.6265
1986-10-24,2.63
1986-10-27,2.6255
1986-10-28,2.6225
1986-10-29,2.6225
1986-10-30,2.623
1986-10-31,2.625
1986-11-03,2.623
1986-11-04,2.6225
1986-11-05,2.624
1986-11-06,2.625
1986-11-07,2.6245
1986-11-10,2.616
1986-11-12,2.614
1986-11-13,2.617
1986-11-14,2.6155
1986-11-17,2.6135
1986-11-18,2.606
1986-11-19,2.606
1986-11-20,2.606
1986-11-21,2.6065
1986-11-24,2.607
1986-11-25,2.6035
1986-11-26,2.6035
1986-11-28,2.602
1986-12-01,2.5965
1986-12-02,2.596
1986-12-03,2.596
1986-12-04,2.593
1986-12-05,2.5925
1986-12-08,2.5935
1986-12-09,2.594
1986-12-10,2.5925
1986-12-11,2.593
1986-12-12,2.5955
1986-12-15,2.597
1986-12-16,2.6
1986-12-17,2.599
1986-12-18,2.597
1986-12-19,2.601
1986-12-22,2.5995
1986-12-23,2.596
1986-12-24,2.5965
1986-12-26,2.5945
1986-12-29,2.598
1986-12-30,2.605
1986-12-31,2.599
1987-01-02,2.599
1987-01-05,2.6005
1987-01-06,2.601
1987-01-07,2.605
1987-01-08,2.606
1987-01-09,2.604
1987-01-12,2.594
1987-01-13,2.579
1987-01-14,2.569
1987-01-15,2.565
1987-01-16,2.563
1987-01-20,2.556
1987-01-21,2.557
1987-01-22,2.55
1987-01-23,2.553
1987-01-26,2.5505
1987-01-27,2.546
1987-01-28,2.5325
1987-01-29,2.53
1987-01-30,2.5425
1987-02-02,2.5375
1987-02-03,2.531
1987-02-04,2.538
1987-02-05,2.5385
1987-02-06,2.5465
1987-02-09,2.555
1987-02-10,2.5475
1987-02-11,2.546
1987-02-12,2.548
1987-02-13,2.55
1987-02-17,2.549
1987-02-18,2.5515
1987-02-19,2.5585
1987-02-20,2.547
1987-02-23,2.5395
1987-02-24,2.539
1987-02-25,2.533
1987-02-26,2.523
1987-02-27,2.5165
1987-03-02,2.52
1987-03-03,2.522
1987-03-04,2.522
1987-03-05,2.5245
1987-03-06,2.524
1987-03-09,2.529
1987-03-10,2.534
1987-03-11,2.5345
1987-03-12,2.5335
1987-03-13,2.53
1987-03-16,2.5225
1987-03-17,2.523
1987-03-18,2.5275
1987-03-19,2.5235
1987-03-20,2.523
1987-03-23,2.518
1987-03-24,2.5185
1987-03-25,2.52
1987-03-26,2.522
1987-03-27,2.518
1987-03-30,2.511
1987-03-31,2.506
1987-04-01,2.511
1987-04-02,2.51
1987-04-03,2.508
1987-04-06,2.5075
1987-04-07,2.496
1987-04-08,2.497
1987-04-09,2.4895
1987-04-10,2.481
1987-04-13,2.4825
1987-04-14,2.472
1987-04-15,2.477
1987-04-16,2.482
1987-04-17,2.4845
1987-04-20,2.482
1987-04-21,2.476
1987-04-22,2.481
1987-04-23,2.481
1987-04-24,2.472
1987-04-27,2.4665
1987-04-28,2.4705
1987-04-29,2.481
1987-04-30,2.4765
1987-05-01,2.4775
1987-05-04,2.4775
1987-05-05,2.4665
1987-05-06,2.466
1987-05-07,2.4695
1987-05-08,2.469
1987-05-11,2.4725
1987-05-12,2.471
1987-05-13,2.473
1987-05-14,2.47
1987-05-15,2.469
1987-05-18,2.4685
1987-05-19,2.472
1987-05-20,2.4685
1987-05-21,2.471
1987-05-22,2.472
1987-05-26,2.494
1987-05-27,2.4945
1987-05-28,2.498
1987-05-29,2.499
1987-06-01,2.5065
1987-06-02,2.495
1987-06-03,2.4975
1987-06-04,2.499
1987-06-05,2.497
1987-06-08,2.4925
1987-06-09,2.4875
1987-06-10,2.4865
1987-06-11,2.4907
1987-06-12,2.4895
1987-06-15,2.506
1987-06-16,2.5085
1987-06-17,2.5175
1987-06-18,2.5155
1987-06-19,2.5165
1987-06-22,2.5225
1987-06-23,2.53
1987-06-24,2.5205
1987-06-25,2.5245
1987-06-26,2.52
1987-06-29,2.5205
1987-06-30,2.5285
1987-07-01,2.5265
1987-07-02,2.5288
1987-07-03,2.5325
1987-07-06,2.537
1987-07-07,2.536
1987-07-08,2.5395
1987-07-09,2.5365
1987-07-10,2.54
1987-07-13,2.539
1987-07-14,2.538
1987-07-15,2.536
1987-07-16,2.539
1987-07-17,2.5515
1987-07-20,2.55
1987-07-21,2.549
1987-07-22,2.551
1987-07-23,2.549
1987-07-24,2.547
1987-07-27,2.545
1987-07-28,2.5467
1987-07-29,2.5455
1987-07-30,2.548
1987-07-31,2.5405
1987-08-03,2.541
1987-08-04,2.5675
1987-08-05,2.545
1987-08-06,2.5448
1987-08-07,2.544
1987-08-10,2.546
1987-08-11,2.546
1987-08-12,2.5475
1987-08-13,2.5462
1987-08-14,2.5445
1987-08-17,2.5427
1987-08-18,2.5345
1987-08-19,2.5325
1987-08-20,2.53
1987-08-21,2.5265
1987-08-24,2.522
1987-08-25,2.521
1987-08-26,2.5225
1987-08-27,2.52
1987-08-28,2.5175
1987-08-31,2.516
1987-09-01,2.513
1987-09-02,2.5095
1987-09-03,2.51
1987-09-04,2.5095
1987-09-08,2.5095
1987-09-09,2.5085
1987-09-10,2.5128
1987-09-11,2.512
1987-09-14,2.5215
1987-09-15,2.523
1987-09-16,2.522
1987-09-17,2.523
1987-09-18,2.519
1987-09-21,2.5205
1987-09-22,2.5245
1987-09-23,2.5256
1987-09-24,2.52
1987-09-25,2.5225
1987-09-28,2.5253
1987-09-29,2.5293
1987-09-30,2.5355
1987-10-01,2.538
1987-10-02,2.54
1987-10-05,2.5445
1987-10-06,2.5495
1987-10-07,2.5479
1987-10-08,2.546
1987-10-09,2.537
1987-10-13,2.5375
1987-10-14,2.535
1987-10-15,2.5265
1987-10-16,2.5265
1987-10-19,2.5245
1987-10-20,2.534
1987-10-21,2.5325
1987-10-22,2.5255
1987-10-23,2.525
1987-10-26,2.5165
1987-10-27,2.5208
1987-10-28,2.5165
1987-10-29,2.5085
1987-10-30,2.5155
1987-11-02,2.509
1987-11-03,2.508
1987-11-04,2.5055
1987-11-05,2.49
1987-11-06,2.4935
1987-11-09,2.497
1987-11-10,2.4925
1987-11-12,2.502
1987-11-13,2.5055
1987-11-16,2.508
1987-11-17,2.5055
1987-11-18,2.501
1987-11-19,2.497
1987-11-20,2.495
1987-11-23,2.493
1987-11-24,2.4945
1987-11-25,2.499
1987-11-27,2.497
1987-11-30,2.487
1987-12-01,2.494
1987-12-02,2.5
1987-12-03,2.502
1987-12-04,2.5035
1987-12-07,2.5035
1987-12-08,2.503
1987-12-09,2.5005
1987-12-10,2.495
1987-12-11,2.48
1987-12-14,2.479
1987-12-15,2.485
1987-12-16,2.49
1987-12-17,2.49
1987-12-18,2.495
1987-12-21,2.497
1987-12-22,2.5
1987-12-23,2.496
1987-12-24,2.499
1987-12-28,2.49
1987-12-29,2.492
1987-12-30,2.493
1987-12-31,2.489
1988-01-04,2.495
1988-01-05,2.5165
1988-01-06,2.539
1988-01-07,2.535
1988-01-08,2.5325
1988-01-11,2.53
1988-01-12,2.5285
1988-01-13,2.5315
1988-01-14,2.5355
1988-01-15,2.54
1988-01-19,2.5565
1988-01-20,2.549
1988-01-21,2.5464
1988-01-22,2.5475
1988-01-25,2.5565
1988-01-26,2.5575
1988-01-27,2.558
1988-01-28,2.556
1988-01-29,2.55
1988-02-01,2.56
1988-02-02,2.567
1988-02-03,2.565
1988-02-04,2.582
1988-02-05,2.568
1988-02-08,2.577
1988-02-09,2.579
1988-02-10,2.5805
1988-02-11,2.576
1988-02-12,2.588
1988-02-16,2.592
1988-02-17,2.59
1988-02-18,2.589
1988-02-19,2.591
1988-02-22,2.5865
1988-02-23,2.5865
1988-02-24,2.588
1988-02-25,2.588
1988-02-26,2.586
1988-02-29,2.584
1988-03-01,2.583
1988-03-02,2.584
1988-03-03,2.581
1988-03-04,2.576
1988-03-07,2.576
1988-03-08,2.5625
1988-03-09,2.5645
1988-03-10,2.5555
1988-03-11,2.559
1988-03-14,2.553
1988-03-15,2.563
1988-03-16,2.563
1988-03-17,2.57
1988-03-18,2.582
1988-03-21,2.578
1988-03-22,2.577
1988-03-23,2.574
1988-03-24,2.5645
1988-03-25,2.565
1988-03-28,2.5575
1988-03-29,2.5665
1988-03-30,2.5655
1988-03-31,2.5655
1988-04-01,2.5625
1988-04-04,2.565
1988-04-05,2.576
1988-04-06,2.5785
1988-04-07,2.588
1988-04-08,2.576
1988-04-11,2.584
1988-04-12,2.58
1988-04-13,2.5775
1988-04-14,2.572
1988-04-15,2.5685
1988-04-18,2.569
1988-04-19,2.573
1988-04-20,2.569
1988-04-21,2.571
1988-04-22,2.57
1988-04-25,2.573
1988-04-26,2.575
1988-04-27,2.58
1988-04-28,2.577
1988-04-29,2.575
1988-05-02,2.575
1988-05-03,2.58
1988-05-04,2.582
1988-05-05,2.585
1988-05-06,2.587
1988-05-09,2.586
1988-05-10,2.587
1988-05-11,2.581
1988-05-12,2.58
1988-05-13,2.581
1988-05-16,2.583
1988-05-17,2.59
1988-05-18,2.593
1988-05-19,2.589
1988-05-20,2.5845
1988-05-23,2.5845
1988-05-24,2.585
1988-05-25,2.5855
1988-05-26,2.586
1988-05-27,2.586
1988-05-31,2.589
1988-06-01,2.588
1988-06-02,2.594
1988-06-03,2.5845
1988-06-06,2.5845
1988-06-07,2.58
1988-06-08,2.578
1988-06-09,2.574
1988-06-10,2.5745
1988-06-13,2.576
1988-06-14,2.58
1988-06-15,2.581
1988-06-16,2.578
1988-06-17,2.58
1988-06-20,2.5775
1988-06-21,2.579
1988-06-22,2.583
1988-06-23,2.588
1988-06-24,2.5935
1988-06-27,2.601
1988-06-28,2.596
1988-06-29,2.612
1988-06-30,2.61
1988-07-01,2.617
1988-07-05,2.6255
1988-07-06,2.621
1988-07-07,2.618
1988-07-08,2.621
1988-07-11,2.6245
1988-07-12,2.6245
1988-07-13,2.625
1988-07-14,2.624
1988-07-15,2.635
1988-07-18,2.638
1988-07-19,2.6305
1988-07-20,2.6285
1988-07-21,2.624
1988-07-22,2.624
1988-07-25,2.623
1988-07-26,2.629
1988-07-27,2.632
1988-07-28,2.632
1988-07-29,2.637
1988-08-01,2.64
1988-08-02,2.638
1988-08-03,2.639
1988-08-04,2.64
1988-08-05,2.642
1988-08-08,2.6435
1988-08-09,2.648
1988-08-10,2.6515
1988-08-11,2.6505
1988-08-12,2.646
1988-08-15,2.644
1988-08-16,2.643
1988-08-17,2.65
1988-08-18,2.649
1988-08-19,2.654
1988-08-22,2.6615
1988-08-23,2.663
1988-08-24,2.662
1988-08-25,2.656
1988-08-26,2.6575
1988-08-29,2.67
1988-08-30,2.67
1988-08-31,2.678
1988-09-01,2.682
1988-09-02,2.674
1988-09-06,2.6575
1988-09-07,2.651
1988-09-08,2.648
1988-09-09,2.6465
1988-09-12,2.649
1988-09-13,2.648
1988-09-14,2.656
1988-09-15,2.66
1988-09-16,2.662
1988-09-19,2.662
1988-09-20,2.667
1988-09-21,2.6675
1988-09-22,2.6695
1988-09-23,2.6675
1988-09-26,2.6755
1988-09-27,2.6725
1988-09-28,2.6735
1988-09-29,2.675
1988-09-30,2.687
1988-10-03,2.682
1988-10-04,2.679
1988-10-05,2.685
1988-10-06,2.689
1988-10-07,2.688
1988-10-11,2.69
1988-10-12,2.683
1988-10-13,2.677
1988-10-14,2.679
1988-10-17,2.6795
1988-10-18,2.679
1988-10-19,2.68
1988-10-20,2.674
1988-10-21,2.673
1988-10-24,2.672
1988-10-25,2.676
1988-10-26,2.6715
1988-10-27,2.669
1988-10-28,2.673
1988-10-31,2.671
1988-11-01,2.6835
1988-11-02,2.6845
1988-11-03,2.684
1988-11-04,2.682
1988-11-07,2.686
1988-11-08,2.686
1988-11-09,2.683
1988-11-10,2.678
1988-11-14,2.692
1988-11-15,2.692
1988-11-16,2.6915
1988-11-17,2.692
1988-11-18,2.6775
1988-11-21,2.673
1988-11-22,2.64
1988-11-23,2.642
1988-11-25,2.661
1988-11-28,2.681
1988-11-29,2.672
1988-11-30,2.677
1988-12-01,2.677
1988-12-02,2.675
1988-12-05,2.675
1988-12-06,2.679
1988-12-07,2.686
1988-12-08,2.682
1988-12-09,2.6845
1988-12-12,2.687
1988-12-13,2.688
1988-12-14,2.688
1988-12-15,2.689
1988-12-16,2.693
1988-12-19,2.695
1988-12-20,2.702
1988-12-21,2.7055
1988-12-22,2.705
1988-12-23,2.705
1988-12-27,2.705
1988-12-28,2.718
1988-12-29,2.714
1988-12-30,2.71
1989-01-03,2.699
1989-01-04,2.709
1989-01-05,2.709
1989-01-06,2.72
1989-01-09,2.733
1989-01-10,2.728
1989-01-11,2.7285
1989-01-12,2.721
1989-01-13,2.724
1989-01-17,2.7305
1989-01-18,2.733
1989-01-19,2.732
1989-01-20,2.725
1989-01-23,2.718
1989-01-24,2.707
1989-01-25,2.714
1989-01-26,2.72
1989-01-27,2.728
1989-01-30,2.734
1989-01-31,2.73
1989-02-01,2.732
1989-02-02,2.728
1989-02-03,2.7285
1989-02-06,2.732
1989-02-07,2.73
1989-02-08,2.729
1989-02-09,2.729
1989-02-10,2.729
1989-02-13,2.733
1989-02-14,2.733
1989-02-15,2.7295
1989-02-16,2.732
1989-02-17,2.7275
1989-02-21,2.7335
1989-02-22,2.731
1989-02-23,2.729
1989-02-24,2.731
1989-02-27,2.732
1989-02-28,2.735
1989-03-01,2.743
1989-03-02,2.743
1989-03-03,2.745
1989-03-06,2.748
1989-03-07,2.7615
1989-03-08,2.754
1989-03-09,2.754
1989-03-10,2.75
1989-03-13,2.754
1989-03-14,2.755
1989-03-15,2.755
1989-03-16,2.7545
1989-03-17,2.755
1989-03-20,2.755
1989-03-21,2.754
1989-03-22,2.7525
1989-03-23,2.749
1989-03-24,2.749
1989-03-27,2.756
1989-03-28,2.761
1989-03-29,2.767
1989-03-30,2.762
1989-03-31,2.754
1989-04-03,2.747
1989-04-04,2.749
1989-04-05,2.754
1989-04-06,2.751
1989-04-07,2.749
1989-04-10,2.7495
1989-04-11,2.746
1989-04-12,2.744
1989-04-13,2.73
1989-04-14,2.73
1989-04-17,2.723
1989-04-18,2.711
1989-04-19,2.711
1989-04-20,2.701
1989-04-21,2.687
1989-04-24,2.677
1989-04-25,2.687
1989-04-26,2.6875
1989-04-27,2.692
1989-04-28,2.6955
1989-05-01,2.6955
1989-05-02,2.7
1989-05-03,2.6955
1989-05-04,2.696
1989-05-05,2.6975
1989-05-08,2.699
1989-05-09,2.703
1989-05-10,2.6965
1989-05-11,2.6845
1989-05-12,2.693
1989-05-15,2.693
1989-05-16,2.6925
1989-05-17,2.69
1989-05-18,2.688
1989-05-19,2.688
1989-05-22,2.7035
1989-05-23,2.689
1989-05-24,2.697
1989-05-25,2.696
1989-05-26,2.691
1989-05-30,2.716
1989-05-31,2.724
1989-06-01,2.722
1989-06-02,2.703
1989-06-05,2.697
1989-06-06,2.706
1989-06-07,2.702
1989-06-08,2.701
1989-06-09,2.708
1989-06-12,2.7225
1989-06-13,2.717
1989-06-14,2.723
1989-06-15,2.725
1989-06-16,2.713
1989-06-19,2.7135
1989-06-20,2.7085
1989-06-21,2.715
1989-06-22,2.702
1989-06-23,2.701
1989-06-26,2.701
1989-06-27,2.703
1989-06-28,2.704
1989-06-29,2.7
1989-06-30,2.702
1989-07-03,2.699
1989-07-05,2.691
1989-07-06,2.6855
1989-07-07,2.685
1989-07-10,2.682
1989-07-11,2.685
1989-07-12,2.6865
1989-07-13,2.683
1989-07-14,2.6855
1989-07-17,2.687
1989-07-18,2.685
1989-07-19,2.682
1989-07-20,2.681
1989-07-21,2.681
1989-07-24,2.682
1989-07-25,2.68
1989-07-26,2.6705
1989-07-27,2.6635
1989-07-28,2.663
1989-07-31,2.661
1989-08-01,2.664
1989-08-02,2.6645
1989-08-03,2.6645
1989-08-04,2.667
1989-08-07,2.675
1989-08-08,2.6725
1989-08-09,2.672
1989-08-10,2.6665
1989-08-11,2.674
1989-08-14,2.677
1989-08-15,2.68
1989-08-16,2.684
1989-08-17,2.6875
1989-08-18,2.698
1989-08-21,2.6945
1989-08-22,2.694
1989-08-23,2.688
1989-08-24,2.694
1989-08-25,2.6965
1989-08-28,2.697
1989-08-29,2.698
1989-08-30,2.6935
1989-08-31,2.695
1989-09-01,2.696
1989-09-05,2.7065
1989-09-06,2.704
1989-09-07,2.704
1989-09-08,2.701
1989-09-11,2.705
1989-09-12,2.7025
1989-09-13,2.702
1989-09-14,2.702
1989-09-15,2.708
1989-09-18,2.698
1989-09-19,2.6985
1989-09-20,2.696
1989-09-21,2.6955
1989-09-22,2.698
1989-09-25,2.687
1989-09-26,2.689
1989-09-27,2.687
1989-09-28,2.691
1989-09-29,2.6895
1989-10-02,2.6905
1989-10-03,2.695
1989-10-04,2.694
1989-10-05,2.69
1989-10-06,2.696
1989-10-10,2.696
1989-10-11,2.7005
1989-10-12,2.697
1989-10-13,2.6985
1989-10-16,2.692
1989-10-17,2.696
1989-10-18,2.695
1989-10-19,2.691
1989-10-20,2.692
1989-10-23,2.695
1989-10-24,2.6925
1989-10-25,2.692
1989-10-26,2.694
1989-10-27,2.697
1989-10-30,2.6945
1989-10-31,2.697
1989-11-01,2.7
1989-11-02,2.6975
1989-11-03,2.697
1989-11-06,2.702
1989-11-07,2.701
1989-11-08,2.6995
1989-11-09,2.698
1989-11-10,2.6995
1989-11-13,2.701
1989-11-14,2.7025
1989-11-15,2.702
1989-11-16,2.705
1989-11-17,2.706
1989-11-20,2.71
1989-11-21,2.709
1989-11-22,2.7075
1989-11-24,2.705
1989-11-27,2.702
1989-11-28,2.707
1989-11-29,2.704
1989-11-30,2.703
1989-12-01,2.7055
1989-12-04,2.707
1989-12-05,2.707
1989-12-06,2.7055
1989-12-07,2.707
1989-12-08,2.706
1989-12-11,2.712
1989-12-12,2.706
1989-12-13,2.7015
1989-12-14,2.6995
1989-12-15,2.701
1989-12-18,2.701
1989-12-19,2.699
1989-12-20,2.704
1989-12-21,2.7025
1989-12-22,2.7
1989-12-26,2.699
1989-12-27,2.7
1989-12-28,2.699
1989-12-29,2.701
1990-01-02,2.707
1990-01-03,2.7085
1990-01-04,2.705
1990-01-05,2.7075
1990-01-08,2.703
1990-01-09,2.7055
1990-01-10,2.7035
1990-01-11,2.7005
1990-01-12,2.699
1990-01-16,2.7055
1990-01-17,2.703
1990-01-18,2.7045
1990-01-19,2.706
1990-01-22,2.7065
1990-01-23,2.7045
1990-01-24,2.7055
1990-01-25,2.7045
1990-01-26,2.7045
1990-01-29,2.704
1990-01-30,2.699
1990-01-31,2.699
1990-02-01,2.6975
1990-02-02,2.699
1990-02-05,2.7
1990-02-06,2.701
1990-02-07,2.706
1990-02-08,2.706
1990-02-09,2.7055
1990-02-12,2.7055
1990-02-13,2.7055
1990-02-14,2.705
1990-02-15,2.7005
1990-02-16,2.7055
1990-02-20,2.702
1990-02-21,2.702
1990-02-22,2.7025
1990-02-23,2.704
1990-02-26,2.7045
1990-02-27,2.704
1990-02-28,2.704
1990-03-01,2.707
1990-03-02,2.707
1990-03-05,2.708
1990-03-06,2.707
1990-03-07,2.71
1990-03-08,2.7065
1990-03-09,2.705
1990-03-12,2.708
1990-03-13,2.713
1990-03-14,2.712
1990-03-15,2.7165
1990-03-16,2.7175
1990-03-19,2.713
1990-03-20,2.722
1990-03-21,2.7265
1990-03-22,2.731
1990-03-23,2.723
1990-03-26,2.728
1990-03-27,2.727
1990-03-28,2.729
1990-03-29,2.728
1990-03-30,2.728
1990-04-02,2.733
1990-04-03,2.7325
1990-04-04,2.731
1990-04-05,2.7295
1990-04-06,2.7305
1990-04-09,2.729
1990-04-10,2.732
1990-04-11,2.73
1990-04-12,2.73
1990-04-13,2.73
1990-04-16,2.7345
1990-04-17,2.7335
1990-04-18,2.73
1990-04-19,2.719
1990-04-20,2.7195
1990-04-23,2.7195
1990-04-24,2.7195
1990-04-25,2.7185
1990-04-26,2.719
1990-04-27,2.717
1990-04-30,2.716
1990-05-01,2.7165
1990-05-02,2.7135
1990-05-03,2.708
1990-05-04,2.71
1990-05-07,2.71
1990-05-08,2.703
1990-05-09,2.7015
1990-05-10,2.696
1990-05-11,2.695
1990-05-14,2.695
1990-05-15,2.693
1990-05-16,2.699
1990-05-17,2.6995
1990-05-18,2.7005
1990-05-21,2.7025
1990-05-22,2.7058
1990-05-23,2.701
1990-05-24,2.7
1990-05-25,2.6985
1990-05-29,2.7015
1990-05-30,2.7005
1990-05-31,2.7035
1990-06-01,2.709
1990-06-04,2.7105
1990-06-05,2.709
1990-06-06,2.7085
1990-06-07,2.7063
1990-06-08,2.708
1990-06-11,2.7095
1990-06-12,2.7095
1990-06-13,2.7105
1990-06-14,2.7115
1990-06-15,2.7125
1990-06-18,2.7125
1990-06-19,2.7105
1990-06-20,2.7105
1990-06-21,2.712
1990-06-22,2.7105
1990-06-25,2.712
1990-06-26,2.712
1990-06-27,2.711
1990-06-28,2.7115
1990-06-29,2.711
1990-07-02,2.7045
1990-07-03,2.706
1990-07-05,2.7065
1990-07-06,2.707
1990-07-09,2.7055
1990-07-10,2.702
1990-07-11,2.703
1990-07-12,2.704
1990-07-13,2.704
1990-07-16,2.7065
1990-07-17,2.7065
1990-07-18,2.7045
1990-07-19,2.706
1990-07-20,2.7075
1990-07-23,2.7055
1990-07-24,2.7075
1990-07-25,2.7075
1990-07-26,2.708
1990-07-27,2.7075
1990-07-30,2.7015
1990-07-31,2.697
1990-08-01,2.6925
1990-08-02,2.701
1990-08-03,2.7005
1990-08-06,2.6995
1990-08-07,2.7
1990-08-08,2.702
1990-08-09,2.7025
1990-08-10,2.7025
1990-08-13,2.698
1990-08-14,2.687
1990-08-15,2.6945
1990-08-16,2.695
1990-08-17,2.693
1990-08-20,2.694
1990-08-21,2.6985
1990-08-22,2.698
1990-08-23,2.695
1990-08-24,2.695
1990-08-27,2.6958
1990-08-28,2.6875
1990-08-29,2.6895
1990-08-30,2.689
1990-08-31,2.689
1990-09-04,2.689
1990-09-05,2.6875
1990-09-06,2.6875
1990-09-07,2.689
1990-09-10,2.689
1990-09-11,2.695
1990-09-12,2.691
1990-09-13,2.699
1990-09-14,2.6955
1990-09-17,2.697
1990-09-18,2.6975
1990-09-19,2.698
1990-09-20,2.6995
1990-09-21,2.703
1990-09-24,2.6995
1990-09-25,2.7015
1990-09-26,2.7015
1990-09-27,2.7015
1990-09-28,2.7015
1990-10-01,2.6985
1990-10-02,2.6995
1990-10-03,2.6985
1990-10-04,2.6985
1990-10-05,2.6995
1990-10-09,2.6985
1990-10-10,2.699
1990-10-11,2.6985
1990-10-12,2.6985
1990-10-15,2.6985
1990-10-16,2.6985
1990-10-17,2.6975
1990-10-18,2.695
1990-10-19,2.6995
1990-10-22,2.6975
1990-10-23,2.702
1990-10-24,2.7035
1990-10-25,2.701
1990-10-26,2.7005
1990-10-29,2.7025
1990-10-30,2.704
1990-10-31,2.701
1990-11-01,2.702
1990-11-02,2.702
1990-11-05,2.7015
1990-11-06,2.701
1990-11-07,2.701
1990-11-08,2.702
1990-11-09,2.7005
1990-11-13,2.6995
1990-11-14,2.6985
1990-11-15,2.6955
1990-11-16,2.6965
1990-11-19,2.693
1990-11-20,2.69
1990-11-21,2.681
1990-11-23,2.682
1990-11-26,2.6835
1990-11-27,2.684
1990-11-28,2.6865
1990-11-29,2.6935
1990-11-30,2.7045
1990-12-03,2.7005
1990-12-04,2.7005
1990-12-05,2.699
1990-12-06,2.7015
1990-12-07,2.697
1990-12-10,2.6965
1990-12-11,2.697
1990-12-12,2.6955
1990-12-13,2.6935
1990-12-14,2.6945
1990-12-17,2.7
1990-12-18,2.702
1990-12-19,2.702
1990-12-20,2.702
1990-12-21,2.7065
1990-12-24,2.7065
1990-12-26,2.7193
1990-12-27,2.729
1990-12-28,2.7155
1990-12-31,2.7025
1991-01-02,2.7085
1991-01-03,2.7065
1991-01-04,2.708
1991-01-07,2.721
1991-01-08,2.7255
1991-01-09,2.724
1991-01-10,2.723
1991-01-11,2.7248
1991-01-14,2.724
1991-01-15,2.7245
1991-01-16,2.731
1991-01-17,2.726
1991-01-18,2.7215
1991-01-22,2.7135
1991-01-23,2.7128
1991-01-24,2.702
1991-01-25,2.702
1991-01-28,2.699
1991-01-29,2.6965
1991-01-30,2.6995
1991-01-31,2.6995
1991-02-01,2.697
1991-02-04,2.6935
1991-02-05,2.6935
1991-02-06,2.6825
1991-02-07,2.6915
1991-02-08,2.6915
1991-02-11,2.688
1991-02-12,2.692
1991-02-13,2.6875
1991-02-14,2.6855
1991-02-15,2.6865
1991-02-19,2.697
1991-02-20,2.6975
1991-02-21,2.6995
1991-02-22,2.7005
1991-02-25,2.7075
1991-02-26,2.712
1991-02-27,2.718
1991-02-28,2.72
1991-03-01,2.723
1991-03-04,2.7255
1991-03-05,2.7285
1991-03-06,2.7345
1991-03-07,2.7305
1991-03-08,2.73
1991-03-11,2.7335
1991-03-12,2.7305
1991-03-13,2.7315
1991-03-14,2.7315
1991-03-15,2.736
1991-03-18,2.7395
1991-03-19,2.7435
1991-03-20,2.745
1991-03-21,2.745
1991-03-22,2.7449
1991-03-25,2.754
1991-03-26,2.762
1991-03-27,2.766
1991-03-28,2.775
1991-03-29,2.767
1991-04-01,2.7715
1991-04-02,2.7625
1991-04-03,2.7475
1991-04-04,2.749
1991-04-05,2.7445
1991-04-08,2.7515
1991-04-09,2.745
1991-04-10,2.7385
1991-04-11,2.7415
1991-04-12,2.7395
1991-04-15,2.7355
1991-04-16,2.731
1991-04-17,2.732
1991-04-18,2.7355
1991-04-19,2.748
1991-04-22,2.762
1991-04-23,2.762
1991-04-24,2.756
1991-04-25,2.761
1991-04-26,2.758
1991-04-29,2.7645
1991-04-30,2.76
1991-05-01,2.744
1991-05-02,2.7515
1991-05-03,2.756
1991-05-06,2.758
1991-05-07,2.756
1991-05-08,2.7595
1991-05-09,2.758
1991-05-10,2.76
1991-05-13,2.76
1991-05-14,2.76
1991-05-15,2.7545
1991-05-16,2.752
1991-05-17,2.7572
1991-05-20,2.7655
1991-05-21,2.762
1991-05-22,2.757
1991-05-23,2.758
1991-05-24,2.759
1991-05-28,2.759
1991-05-29,2.7565
1991-05-30,2.7565
1991-05-31,2.7595
1991-06-03,2.765
1991-06-04,2.7665
1991-06-05,2.7675
1991-06-06,2.7695
1991-06-07,2.77
1991-06-10,2.7795
1991-06-11,2.7785
1991-06-12,2.784
1991-06-13,2.796
1991-06-14,2.789
1991-06-17,2.791
1991-06-18,2.793
1991-06-19,2.7905
1991-06-20,2.783
1991-06-21,2.7833
1991-06-24,2.783
1991-06-25,2.783
1991-06-26,2.7805
1991-06-27,2.7805
1991-06-28,2.787
1991-07-01,2.79
1991-07-02,2.793
1991-07-03,2.7935
1991-07-05,2.7945
1991-07-08,2.787
1991-07-09,2.787
1991-07-10,2.789
1991-07-11,2.788
1991-07-12,2.782
1991-07-15,2.782
1991-07-16,2.783
1991-07-17,2.785
1991-07-18,2.785
1991-07-19,2.782
1991-07-22,2.784
1991-07-23,2.788
1991-07-24,2.783
1991-07-25,2.784
1991-07-26,2.787
1991-07-29,2.787
1991-07-30,2.788
1991-07-31,2.7875
1991-08-01,2.7865
1991-08-02,2.789
1991-08-05,2.783
1991-08-06,2.775
1991-08-07,2.7685
1991-08-08,2.77
1991-08-09,2.772
1991-08-12,2.777
1991-08-13,2.776
1991-08-14,2.7795
1991-08-15,2.771
1991-08-16,2.777
1991-08-19,2.789
1991-08-20,2.79
1991-08-21,2.786
1991-08-22,2.782
1991-08-23,2.782
1991-08-26,2.7835
1991-08-27,2.7835
1991-08-28,2.786
1991-08-29,2.7835
1991-08-30,2.7835
1991-09-03,2.783
1991-09-04,2.783
1991-09-05,2.78
1991-09-06,2.775
1991-09-09,2.769
1991-09-10,2.755
1991-09-11,2.76
1991-09-12,2.756
1991-09-13,2.7565
1991-09-16,2.757
1991-09-17,2.7513
1991-09-18,2.752
1991-09-19,2.7505
1991-09-20,2.7515
1991-09-23,2.7445
1991-09-24,2.746
1991-09-25,2.7465
1991-09-26,2.7475
1991-09-27,2.751
1991-09-30,2.7385
1991-10-01,2.74
1991-10-02,2.7375
1991-10-03,2.737
1991-10-04,2.7365
1991-10-07,2.7435
1991-10-08,2.7445
1991-10-09,2.7485
1991-10-10,2.745
1991-10-11,2.7455
1991-10-15,2.7478
1991-10-16,2.751
1991-10-17,2.7485
1991-10-18,2.7485
1991-10-21,2.7478
1991-10-22,2.749
1991-10-23,2.752
1991-10-24,2.7475
1991-10-25,2.7495
1991-10-28,2.7555
1991-10-29,2.7555
1991-10-30,2.751
1991-10-31,2.751
1991-11-01,2.749
1991-11-04,2.741
1991-11-05,2.7415
1991-11-06,2.739
1991-11-07,2.7425
1991-11-08,2.7445
1991-11-12,2.743
1991-11-13,2.7415
1991-11-14,2.7395
1991-11-15,2.7415
1991-11-18,2.734
1991-11-19,2.7365
1991-11-20,2.7385
1991-11-21,2.739
1991-11-22,2.738
1991-11-25,2.7368
1991-11-26,2.738
1991-11-27,2.746
1991-11-29,2.7535
1991-12-02,2.751
1991-12-03,2.752
1991-12-04,2.7498
1991-12-05,2.748
1991-12-06,2.74
1991-12-09,2.742
1991-12-10,2.742
1991-12-11,2.748
1991-12-12,2.748
1991-12-13,2.75
1991-12-16,2.746
1991-12-17,2.744
1991-12-18,2.744
1991-12-19,2.742
1991-12-20,2.738
1991-12-23,2.733
1991-12-24,2.733
1991-12-26,2.732
1991-12-27,2.7385
1991-12-30,2.733
1991-12-31,2.722
1992-01-02,2.723
1992-01-03,2.72
1992-01-06,2.711
1992-01-07,2.704
1992-01-08,2.705
1992-01-09,2.7065
1992-01-10,2.7175
1992-01-13,2.716
1992-01-14,2.706
1992-01-15,2.718
1992-01-16,2.7095
1992-01-17,2.697
1992-01-21,2.682
1992-01-22,2.676
1992-01-23,2.6775
1992-01-24,2.665
1992-01-27,2.659
1992-01-28,2.664
1992-01-29,2.6515
1992-01-30,2.636
1992-01-31,2.627
1992-02-03,2.619
1992-02-04,2.617
1992-02-05,2.613
1992-02-06,2.607
1992-02-07,2.602
1992-02-10,2.603
1992-02-11,2.6085
1992-02-12,2.617
1992-02-13,2.616
1992-02-14,2.597
1992-02-18,2.5965
1992-02-19,2.5945
1992-02-20,2.589
1992-02-21,2.5905
1992-02-24,2.589
1992-02-25,2.593
1992-02-26,2.595
1992-02-27,2.5905
1992-02-28,2.586
1992-03-02,2.58
1992-03-03,2.578
1992-03-04,2.574
1992-03-05,2.567
1992-03-06,2.567
1992-03-09,2.559
1992-03-10,2.566
1992-03-11,2.564
1992-03-12,2.5645
1992-03-13,2.576
1992-03-16,2.575
1992-03-17,2.5935
1992-03-18,2.603
1992-03-19,2.5905
1992-03-20,2.589
1992-03-23,2.573
1992-03-24,2.576
1992-03-25,2.5765
1992-03-26,2.589
1992-03-27,2.589
1992-03-30,2.582
1992-03-31,2.5815
1992-04-01,2.585
1992-04-02,2.582
1992-04-03,2.577
1992-04-06,2.58
1992-04-07,2.5715
1992-04-08,2.5565
1992-04-09,2.55
1992-04-10,2.548
1992-04-13,2.551
1992-04-14,2.547
1992-04-15,2.548
1992-04-16,2.5545
1992-04-17,2.5535
1992-04-21,2.547
1992-04-22,2.5455
1992-04-23,2.5385
1992-04-24,2.529
1992-04-27,2.542
1992-04-28,2.536
1992-04-29,2.5255
1992-04-30,2.527
1992-05-01,2.524
1992-05-04,2.517
1992-05-05,2.5145
1992-05-06,2.519
1992-05-07,2.521
1992-05-08,2.526
1992-05-11,2.5375
1992-05-12,2.516
1992-05-13,2.523
1992-05-14,2.525
1992-05-15,2.526
1992-05-18,2.52
1992-05-19,2.522
1992-05-20,2.525
1992-05-21,2.5235
1992-05-22,2.5224
1992-05-26,2.5215
1992-05-27,2.53
1992-05-28,2.522
1992-05-29,2.5105
1992-06-01,2.546
1992-06-02,2.532
1992-06-03,2.5325
1992-06-04,2.524
1992-06-05,2.522
1992-06-08,2.5185
1992-06-09,2.521
1992-06-10,2.5225
1992-06-11,2.518
1992-06-12,2.5165
1992-06-15,2.52
1992-06-16,2.519
1992-06-17,2.5182
1992-06-18,2.5175
1992-06-19,2.5165
1992-06-22,2.5155
1992-06-23,2.512
1992-06-24,2.5095
1992-06-25,2.509
1992-06-26,2.5093
1992-06-29,2.5062
1992-06-30,2.5047
1992-07-01,2.504
1992-07-02,2.5025
1992-07-03,2.499
1992-07-06,2.5015
1992-07-07,2.4992
1992-07-08,2.499
1992-07-09,2.5
1992-07-10,2.5008
1992-07-13,2.498
1992-07-14,2.498
1992-07-15,2.499
1992-07-16,2.4965
1992-07-17,2.495
1992-07-20,2.4995
1992-07-21,2.4988
1992-07-22,2.4992
1992-07-23,2.4995
1992-07-24,2.5008
1992-07-27,2.501
1992-07-28,2.5005
1992-07-29,2.5013
1992-07-30,2.503
1992-07-31,2.501
1992-08-03,2.502
1992-08-04,2.502
1992-08-05,2.5015
1992-08-06,2.502
1992-08-07,2.5006
1992-08-10,2.5005
1992-08-11,2.4995
1992-08-12,2.4995
1992-08-13,2.4995
1992-08-14,2.5003
1992-08-17,2.5005
1992-08-18,2.5
1992-08-19,2.4998
1992-08-20,2.4983
1992-08-21,2.496
1992-08-24,2.491
1992-08-25,2.4882
1992-08-26,2.492
1992-08-27,2.4925
1992-08-28,2.4935
1992-08-31,2.4935
1992-09-01,2.491
1992-09-02,2.4885
1992-09-03,2.492
1992-09-04,2.493
1992-09-08,2.4905
1992-09-09,2.492
1992-09-10,2.495
1992-09-11,2.4985
1992-09-14,2.5105
1992-09-15,2.512
1992-09-16,2.515
1992-09-17,2.512
1992-09-18,2.518
1992-09-21,2.513
1992-09-22,2.507
1992-09-23,2.511
1992-09-24,2.509
1992-09-25,2.509
1992-09-28,2.51
1992-09-29,2.498
1992-09-30,2.495
1992-10-01,2.497
1992-10-02,2.4965
1992-10-05,2.496
1992-10-06,2.498
1992-10-07,2.498
1992-10-08,2.505
1992-10-09,2.5085
1992-10-13,2.5088
1992-10-14,2.504
1992-10-15,2.502
1992-10-16,2.5045
1992-10-19,2.5045
1992-10-20,2.5095
1992-10-21,2.5088
1992-10-22,2.5035
1992-10-23,2.5045
1992-10-26,2.51
1992-10-27,2.5052
1992-10-28,2.508
1992-10-29,2.51
1992-10-30,2.511
1992-11-02,2.5145
1992-11-03,2.511
1992-11-04,2.515
1992-11-05,2.5172
1992-11-06,2.5175
1992-11-09,2.521
1992-11-10,2.526
1992-11-12,2.5242
1992-11-13,2.519
1992-11-16,2.5228
1992-11-17,2.526
1992-11-18,2.5244
1992-11-19,2.5247
1992-11-20,2.5245
1992-11-23,2.5245
1992-11-24,2.525
1992-11-25,2.5255
1992-11-27,2.5327
1992-11-30,2.5355
1992-12-01,2.535
1992-12-02,2.54
1992-12-03,2.5367
1992-12-04,2.541
1992-12-07,2.5415
1992-12-08,2.5395
1992-12-09,2.5395
1992-12-10,2.542
1992-12-11,2.5425
1992-12-14,2.5572
1992-12-15,2.585
1992-12-16,2.5755
1992-12-17,2.5775
1992-12-18,2.582
1992-12-21,2.5878
1992-12-22,2.592
1992-12-23,2.6
1992-12-24,2.599
1992-12-28,2.607
1992-12-29,2.612
1992-12-30,2.612
1992-12-31,2.618
1993-01-04,2.604
1993-01-05,2.5915
1993-01-06,2.5943
1993-01-07,2.5985
1993-01-08,2.598
1993-01-11,2.5941
1993-01-12,2.5952
1993-01-13,2.6
1993-01-14,2.598
1993-01-15,2.5925
1993-01-19,2.5942
1993-01-20,2.5865
1993-01-21,2.594
1993-01-22,2.5925
1993-01-25,2.59
1993-01-26,2.597
1993-01-27,2.6028
1993-01-28,2.6203
1993-01-29,2.628
1993-02-01,2.624
1993-02-02,2.627
1993-02-03,2.622
1993-02-04,2.635
1993-02-05,2.628
1993-02-08,2.63
1993-02-09,2.6345
1993-02-10,2.632
1993-02-11,2.635
1993-02-12,2.634
1993-02-16,2.63
1993-02-17,2.627
1993-02-18,2.628
1993-02-19,2.628
1993-02-22,2.629
1993-02-23,2.627
1993-02-24,2.6265
1993-02-25,2.631
1993-02-26,2.632
1993-03-01,2.631
1993-03-02,2.6235
1993-03-03,2.617
1993-03-04,2.6168
1993-03-05,2.619
1993-03-08,2.616
1993-03-09,2.616
1993-03-10,2.6115
1993-03-11,2.607
1993-03-12,2.6045
1993-03-15,2.602
1993-03-16,2.597
1993-03-17,2.5955
1993-03-18,2.6
1993-03-19,2.594
1993-03-22,2.5965
1993-03-23,2.598
1993-03-24,2.598
1993-03-25,2.5985
1993-03-26,2.6
1993-03-29,2.5917
1993-03-30,2.592
1993-03-31,2.592
1993-04-01,2.593
1993-04-02,2.5908
1993-04-05,2.59
1993-04-06,2.582
1993-04-07,2.58
1993-04-08,2.5765
1993-04-09,2.579
1993-04-12,2.578
1993-04-13,2.5788
1993-04-14,2.582
1993-04-15,2.5825
1993-04-16,2.582
1993-04-19,2.5765
1993-04-20,2.5735
1993-04-21,2.5732
1993-04-22,2.572
1993-04-23,2.5705
1993-04-26,2.5695
1993-04-27,2.571
1993-04-28,2.571
1993-04-29,2.5705
1993-04-30,2.568
1993-05-03,2.568
1993-05-04,2.5643
1993-05-05,2.565
1993-05-06,2.565
1993-05-07,2.5655
1993-05-10,2.567
1993-05-11,2.5708
1993-05-12,2.568
1993-05-13,2.5682
1993-05-14,2.5685
1993-05-17,2.568
1993-05-18,2.5708
1993-05-19,2.569
1993-05-20,2.5675
1993-05-21,2.5643
1993-05-24,2.5665
1993-05-25,2.567
1993-05-26,2.562
1993-05-27,2.5603
1993-05-28,2.557
1993-06-01,2.554
1993-06-02,2.5547
1993-06-03,2.555
1993-06-04,2.5565
1993-06-07,2.5558
1993-06-08,2.5553
1993-06-09,2.5568
1993-06-10,2.5575
1993-06-11,2.575
1993-06-14,2.564
1993-06-15,2.5605
1993-06-16,2.5649
1993-06-17,2.568
1993-06-18,2.573
1993-06-21,2.596
1993-06-22,2.589
1993-06-23,2.586
1993-06-24,2.5885
1993-06-25,2.586
1993-06-28,2.582
1993-06-29,2.5805
1993-06-30,2.572
1993-07-01,2.5773
1993-07-02,2.5727
1993-07-06,2.5748
1993-07-07,2.5713
1993-07-08,2.5665
1993-07-09,2.5735
1993-07-12,2.5746
1993-07-13,2.5695
1993-07-14,2.5697
1993-07-15,2.572
1993-07-16,2.521
1993-07-19,2.571
1993-07-20,2.571
1993-07-21,2.5682
1993-07-22,2.5685
1993-07-23,2.5665
1993-07-26,2.5665
1993-07-27,2.5663
1993-07-28,2.562
1993-07-29,2.565
1993-07-30,2.5635
1993-08-02,2.561
1993-08-03,2.561
1993-08-04,2.551
1993-08-05,2.5512
1993-08-06,2.55
1993-08-09,2.5508
1993-08-10,2.552
1993-08-11,2.5525
1993-08-12,2.5535
1993-08-13,2.5522
1993-08-16,2.5508
1993-08-17,2.551
1993-08-18,2.5475
1993-08-19,2.5485
1993-08-20,2.554
1993-08-23,2.5505
1993-08-24,2.5496
1993-08-25,2.55
1993-08-26,2.549
1993-08-27,2.5497
1993-08-30,2.5475
1993-08-31,2.548
1993-09-01,2.5485
1993-09-02,2.548
1993-09-03,2.549
1993-09-07,2.547
1993-09-08,2.5448
1993-09-09,2.5433
1993-09-10,2.544
1993-09-13,2.5435
1993-09-14,2.5422
1993-09-15,2.5442
1993-09-16,2.5478
1993-09-17,2.5495
1993-09-20,2.5465
1993-09-21,2.549
1993-09-22,2.55
1993-09-23,2.553
1993-09-24,2.5505
1993-09-27,2.5525
1993-09-28,2.55
1993-09-29,2.5485
1993-09-30,2.545
1993-10-01,2.5482
1993-10-04,2.5477
1993-10-05,2.545
1993-10-06,2.5435
1993-10-07,2.552
1993-10-08,2.5415
1993-10-12,2.543
1993-10-13,2.5437
1993-10-14,2.5435
1993-10-15,2.5435
1993-10-18,2.544
1993-10-19,2.5445
1993-10-20,2.5445
1993-10-21,2.545
1993-10-22,2.548
1993-10-25,2.5495
1993-10-26,2.555
1993-10-27,2.5583
1993-10-28,2.5595
1993-10-29,2.556
1993-11-01,2.5625
1993-11-02,2.5608
1993-11-03,2.561
1993-11-04,2.565
1993-11-05,2.5555
1993-11-08,2.558
1993-11-09,2.5515
1993-11-10,2.55
1993-11-12,2.5505
1993-11-15,2.5483
1993-11-16,2.548
1993-11-17,2.5525
1993-11-18,2.5503
1993-11-19,2.5525
1993-11-22,2.551
1993-11-23,2.5525
1993-11-24,2.5508
1993-11-26,2.557
1993-11-29,2.559
1993-11-30,2.5585
1993-12-01,2.5575
1993-12-02,2.5585
1993-12-03,2.5548
1993-12-06,2.553
1993-12-07,2.5523
1993-12-08,2.5535
1993-12-09,2.5525
1993-12-10,2.5525
1993-12-13,2.548
1993-12-14,2.549
1993-12-15,2.5498
1993-12-16,2.5495
1993-12-17,2.55
1993-12-20,2.5516
1993-12-21,2.5523
1993-12-22,2.5535
1993-12-23,2.5645
1993-12-24,2.572
1993-12-27,2.588
1993-12-28,2.602
1993-12-29,2.642
1993-12-30,2.693
1993-12-31,2.695
1994-01-03,2.6705
1994-01-04,2.632
1994-01-05,2.6267
1994-01-06,2.6308
1994-01-07,2.629
1994-01-10,2.666
1994-01-11,2.74
1994-01-12,2.733
1994-01-13,2.734
1994-01-14,2.736
1994-01-18,2.732
1994-01-19,2.7315
1994-01-20,2.745
1994-01-21,2.744
1994-01-24,2.763
1994-01-25,2.764
1994-01-26,2.7515
1994-01-27,2.7558
1994-01-28,2.765
1994-01-31,2.771
1994-02-01,2.77
1994-02-02,2.7705
1994-02-03,2.769
1994-02-04,2.7685
1994-02-07,2.766
1994-02-08,2.761
1994-02-09,2.76
1994-02-10,2.7625
1994-02-11,2.7625
1994-02-14,2.7538
1994-02-15,2.7815
1994-02-16,2.7905
1994-02-17,2.781
1994-02-18,2.782
1994-02-22,2.773
1994-02-23,2.746
1994-02-24,2.736
1994-02-25,2.726
1994-02-28,2.7265
1994-03-01,2.725
1994-03-02,2.7175
1994-03-03,2.723
1994-03-04,2.7252
1994-03-07,2.723
1994-03-08,2.723
1994-03-09,2.7202
1994-03-10,2.721
1994-03-11,2.722
1994-03-14,2.728
1994-03-15,2.737
1994-03-16,2.7265
1994-03-17,2.7175
1994-03-18,2.721
1994-03-21,2.7288
1994-03-22,2.725
1994-03-23,2.724
1994-03-24,2.7225
1994-03-25,2.715
1994-03-28,2.688
1994-03-29,2.689
1994-03-30,2.6875
1994-03-31,2.683
1994-04-01,2.679
1994-04-04,2.677
1994-04-05,2.6915
1994-04-06,2.6925
1994-04-07,2.688
1994-04-08,2.6865
1994-04-11,2.688
1994-04-12,2.6945
1994-04-13,2.695
1994-04-14,2.685
1994-04-15,2.6885
1994-04-18,2.6915
1994-04-19,2.6858
1994-04-20,2.6895
1994-04-21,2.6905
1994-04-22,2.6905
1994-04-25,2.6915
1994-04-26,2.6935
1994-04-27,2.694
1994-04-28,2.692
1994-04-29,2.6785
1994-05-02,2.678
1994-05-03,2.6738
1994-05-04,2.6785
1994-05-05,2.655
1994-05-06,2.642
1994-05-09,2.6115
1994-05-10,2.6165
1994-05-11,2.613
1994-05-12,2.612
1994-05-13,2.61
1994-05-16,2.6125
1994-05-17,2.617
1994-05-18,2.6088
1994-05-19,2.595
1994-05-20,2.59
1994-05-23,2.5927
1994-05-24,2.5982
1994-05-25,2.5955
1994-05-26,2.5855
1994-05-27,2.5895
1994-05-31,2.58
1994-06-01,2.5798
1994-06-02,2.5895
1994-06-03,2.59
1994-06-06,2.592
1994-06-07,2.5955
1994-06-08,2.5915
1994-06-09,2.5963
1994-06-10,2.5965
1994-06-13,2.5932
1994-06-14,2.597
1994-06-15,2.5973
1994-06-16,2.5995
1994-06-17,2.5935
1994-06-20,2.5955
1994-06-21,2.5955
1994-06-22,2.5885
1994-06-23,2.587
1994-06-24,2.5904
1994-06-27,2.596
1994-06-28,2.598
1994-06-29,2.6045
1994-06-30,2.6043
1994-07-01,2.6048
1994-07-05,2.6053
1994-07-06,2.6052
1994-07-07,2.5978
1994-07-08,2.597
1994-07-11,2.5912
1994-07-12,2.587
1994-07-13,2.589
1994-07-14,2.59
1994-07-15,2.595
1994-07-18,2.5945
1994-07-19,2.595
1994-07-20,2.5935
1994-07-21,2.5915
1994-07-22,2.5913
1994-07-25,2.5915
1994-07-26,2.5937
1994-07-27,2.5935
1994-07-28,2.595
1994-07-29,2.5945
1994-08-01,2.5943
1994-08-02,2.589
1994-08-03,2.5755
1994-08-04,2.568
1994-08-05,2.573
1994-08-08,2.5815
1994-08-09,2.5783
1994-08-10,2.5813
1994-08-11,2.561
1994-08-12,2.5565
1994-08-15,2.562
1994-08-16,2.5615
1994-08-17,2.5615
1994-08-18,2.554
1994-08-19,2.547
1994-08-22,2.5515
1994-08-23,2.551
1994-08-24,2.5475
1994-08-25,2.5465
1994-08-26,2.5483
1994-08-29,2.5535
1994-08-30,2.5525
1994-08-31,2.56
1994-09-01,2.557
1994-09-02,2.5495
1994-09-06,2.554
1994-09-07,2.5555
1994-09-08,2.559
1994-09-09,2.5555
1994-09-12,2.553
1994-09-13,2.5535
1994-09-14,2.5535
1994-09-15,2.5563
1994-09-16,2.5555
1994-09-19,2.5565
1994-09-20,2.5543
1994-09-21,2.556
1994-09-22,2.5575
1994-09-23,2.5565
1994-09-26,2.5665
1994-09-27,2.5615
1994-09-28,2.566
1994-09-29,2.566
1994-09-30,2.5635
1994-10-03,2.567
1994-10-04,2.5655
1994-10-05,2.5647
1994-10-06,2.562
1994-10-07,2.5653
1994-10-11,2.572
1994-10-12,2.572
1994-10-13,2.57
1994-10-14,2.561
1994-10-17,2.5555
1994-10-18,2.556
1994-10-19,2.547
1994-10-20,2.5472
1994-10-21,2.5585
1994-10-24,2.5535
1994-10-25,2.549
1994-10-26,2.5518
1994-10-27,2.552
1994-10-28,2.553
1994-10-31,2.5555
1994-11-01,2.559
1994-11-02,2.557
1994-11-03,2.56
1994-11-04,2.564
1994-11-07,2.5632
1994-11-08,2.558
1994-11-09,2.5595
1994-11-10,2.5605
1994-11-14,2.5625
1994-11-15,2.564
1994-11-16,2.5645
1994-11-17,2.565
1994-11-18,2.5665
1994-11-21,2.5675
1994-11-22,2.5535
1994-11-23,2.5555
1994-11-25,2.5585
1994-11-28,2.5575
1994-11-29,2.555
1994-11-30,2.5563
1994-12-01,2.558
1994-12-02,2.5589
1994-12-05,2.5645
1994-12-06,2.565
1994-12-07,2.5645
1994-12-08,2.565
1994-12-09,2.5645
1994-12-12,2.5635
1994-12-13,2.5643
1994-12-14,2.564
1994-12-15,2.5644
1994-12-16,2.5645
1994-12-19,2.5665
1994-12-20,2.5585
1994-12-21,2.5615
1994-12-22,2.5635
1994-12-23,2.5633
1994-12-27,2.5625
1994-12-28,2.563
1994-12-29,2.5602
1994-12-30,2.5545
1995-01-03,2.5498
1995-01-04,2.553
1995-01-05,2.5505
1995-01-06,2.5523
1995-01-09,2.552
1995-01-10,2.555
1995-01-11,2.5545
1995-01-12,2.5605
1995-01-13,2.5605
1995-01-17,2.55
1995-01-18,2.554
1995-01-19,2.5535
1995-01-20,2.552
1995-01-23,2.557
1995-01-24,2.5615
1995-01-25,2.562
1995-01-26,2.5595
1995-01-27,2.5572
1995-01-30,2.5595
1995-01-31,2.558
1995-02-01,2.5542
1995-02-02,2.5547
1995-02-03,2.5546
1995-02-06,2.5536
1995-02-07,2.5523
1995-02-08,2.5501
1995-02-09,2.5484
1995-02-10,2.5485
1995-02-13,2.549
1995-02-14,2.5517
1995-02-15,2.5525
1995-02-16,2.552
1995-02-17,2.554
1995-02-21,2.554
1995-02-22,2.5545
1995-02-23,2.554
1995-02-24,2.5536
1995-02-27,2.554
1995-02-28,2.5532
1995-03-01,2.5526
1995-03-02,2.5518
1995-03-03,2.5503
1995-03-06,2.5445
1995-03-07,2.5445
1995-03-08,2.55
1995-03-09,2.548
1995-03-10,2.552
1995-03-13,2.5517
1995-03-14,2.5525
1995-03-15,2.545
1995-03-16,2.5475
1995-03-17,2.5515
1995-03-20,2.5502
1995-03-21,2.5505
1995-03-22,2.5495
1995-03-23,2.5505
1995-03-24,2.546
1995-03-27,2.5385
1995-03-28,2.536
1995-03-29,2.5345
1995-03-30,2.5395
1995-03-31,2.531
1995-04-03,2.5253
1995-04-04,2.523
1995-04-05,2.5
1995-04-06,2.4925
1995-04-07,2.494
1995-04-10,2.486
1995-04-11,2.4875
1995-04-12,2.4745
1995-04-13,2.4675
1995-04-14,2.4645
1995-04-17,2.4635
1995-04-18,2.4685
1995-04-19,2.4665
1995-04-20,2.4727
1995-04-21,2.466
1995-04-24,2.4595
1995-04-25,2.4535
1995-04-26,2.4675
1995-04-27,2.4685
1995-04-28,2.472
1995-05-01,2.471
1995-05-02,2.4655
1995-05-03,2.4605
1995-05-04,2.4613
1995-05-05,2.4673
1995-05-08,2.4625
1995-05-09,2.4642
1995-05-10,2.4665
1995-05-11,2.4733
1995-05-12,2.4915
1995-05-15,2.494
1995-05-16,2.482
1995-05-17,2.4725
1995-05-18,2.474
1995-05-19,2.464
1995-05-22,2.4623
1995-05-23,2.462
1995-05-24,2.4615
1995-05-25,2.4573
1995-05-26,2.4605
1995-05-30,2.4658
1995-05-31,2.465
1995-06-01,2.462
1995-06-02,2.4563
1995-06-05,2.4527
1995-06-06,2.437
1995-06-07,2.4392
1995-06-08,2.4385
1995-06-09,2.4418
1995-06-12,2.4405
1995-06-13,2.4405
1995-06-14,2.389
1995-06-15,2.4438
1995-06-16,2.442
1995-06-19,2.4415
1995-06-20,2.4392
1995-06-21,2.437
1995-06-22,2.439
1995-06-23,2.4383
1995-06-26,2.4377
1995-06-27,2.4375
1995-06-28,2.4395
1995-06-29,2.4395
1995-06-30,2.4378
1995-07-03,2.4387
1995-07-05,2.442
1995-07-06,2.4422
1995-07-07,2.4442
1995-07-10,2.4495
1995-07-11,2.4557
1995-07-12,2.452
1995-07-13,2.4495
1995-07-14,2.4489
1995-07-17,2.4505
1995-07-18,2.4485
1995-07-19,2.4488
1995-07-20,2.45
1995-07-21,2.4495
1995-07-24,2.452
1995-07-25,2.4545
1995-07-26,2.453
1995-07-27,2.4554
1995-07-28,2.4575
1995-07-31,2.457
1995-08-01,2.45
1995-08-02,2.4595
1995-08-03,2.461
1995-08-04,2.462
1995-08-07,2.4705
1995-08-08,2.4685
1995-08-09,2.4675
1995-08-10,2.4715
1995-08-11,2.4735
1995-08-14,2.4717
1995-08-15,2.484
1995-08-16,2.495
1995-08-17,2.4935
1995-08-18,2.4915
1995-08-21,2.4933
1995-08-22,2.4994
1995-08-23,2.4975
1995-08-24,2.4968
1995-08-25,2.4885
1995-08-28,2.4865
1995-08-29,2.494
1995-08-30,2.5
1995-08-31,2.495
1995-09-01,2.4955
1995-09-05,2.4958
1995-09-06,2.5
1995-09-07,2.4985
1995-09-08,2.5027
1995-09-11,2.4994
1995-09-12,2.5022
1995-09-13,2.5095
1995-09-14,2.5185
1995-09-15,2.5235
1995-09-18,2.5265
1995-09-19,2.5315
1995-09-20,2.5273
1995-09-21,2.5148
1995-09-22,2.51
1995-09-25,2.524
1995-09-26,2.5265
1995-09-27,2.5188
1995-09-28,2.511
1995-09-29,2.512
1995-10-02,2.5225
1995-10-03,2.5275
1995-10-04,2.5271
1995-10-05,2.5335
1995-10-06,2.5364
1995-10-10,2.5365
1995-10-11,2.54
1995-10-12,2.544
1995-10-13,2.5445
1995-10-16,2.542
1995-10-17,2.5227
1995-10-18,2.526
1995-10-19,2.5263
1995-10-20,2.5258
1995-10-23,2.5155
1995-10-24,2.5225
1995-10-25,2.5319
1995-10-26,2.5395
1995-10-27,2.532
1995-10-30,2.543
1995-10-31,2.5412
1995-11-01,2.5463
1995-11-02,2.5449
1995-11-03,2.5454
1995-11-06,2.541
1995-11-07,2.542
1995-11-08,2.535
1995-11-09,2.532
1995-11-10,2.534
1995-11-13,2.538
1995-11-14,2.5325
1995-11-15,2.533
1995-11-16,2.5334
1995-11-17,2.5315
1995-11-20,2.538
1995-11-21,2.5415
1995-11-22,2.541
1995-11-24,2.5425
1995-11-27,2.543
1995-11-28,2.5427
1995-11-29,2.543
1995-11-30,2.537
1995-12-01,2.531
1995-12-04,2.5335
1995-12-05,2.541
1995-12-06,2.54
1995-12-07,2.5383
1995-12-08,2.538
1995-12-11,2.5384
1995-12-12,2.5415
1995-12-13,2.5435
1995-12-14,2.541
1995-12-15,2.544
1995-12-18,2.5442
1995-12-19,2.5425
1995-12-20,2.544
1995-12-21,2.5366
1995-12-22,2.5385
1995-12-26,2.539
1995-12-27,2.5415
1995-12-28,2.541
1995-12-29,2.54
1996-01-02,2.5413
1996-01-03,2.5472
1996-01-04,2.5608
1996-01-05,2.553
1996-01-08,2.5583
1996-01-09,2.559
1996-01-10,2.555
1996-01-11,2.556
1996-01-12,2.5623
1996-01-16,2.563
1996-01-17,2.5573
1996-01-18,2.5528
1996-01-19,2.551
1996-01-22,2.554
1996-01-23,2.555
1996-01-24,2.5621
1996-01-25,2.561
1996-01-26,2.554
1996-01-29,2.5585
1996-01-30,2.5605
1996-01-31,2.56
1996-02-01,2.5575
1996-02-02,2.5531
1996-02-05,2.5455
1996-02-06,2.5435
1996-02-07,2.5425
1996-02-08,2.5525
1996-02-09,2.5475
1996-02-12,2.5465
1996-02-13,2.5475
1996-02-14,2.544
1996-02-15,2.5435
1996-02-16,2.5545
1996-02-20,2.5485
1996-02-21,2.552
1996-02-22,2.5523
1996-02-23,2.5545
1996-02-26,2.5442
1996-02-27,2.5475
1996-02-28,2.548
1996-02-29,2.549
1996-03-01,2.5455
1996-03-04,2.546
1996-03-05,2.5425
1996-03-06,2.5375
1996-03-07,2.5385
1996-03-08,2.5425
1996-03-11,2.543
1996-03-12,2.546
1996-03-13,2.543
1996-03-14,2.5395
1996-03-15,2.5405
1996-03-18,2.5398
1996-03-19,2.542
1996-03-20,2.5452
1996-03-21,2.5455
1996-03-22,2.5438
1996-03-25,2.5434
1996-03-26,2.5415
1996-03-27,2.5433
1996-03-28,2.537
1996-03-29,2.5307
1996-04-01,2.531
1996-04-02,2.527
1996-04-03,2.5308
1996-04-04,2.53
1996-04-05,2.532
1996-04-08,2.5323
1996-04-09,2.5332
1996-04-10,2.5235
1996-04-11,2.5135
1996-04-12,2.5175
1996-04-15,2.5115
1996-04-16,2.505
1996-04-17,2.4934
1996-04-18,2.498
1996-04-19,2.4955
1996-04-22,2.4918
1996-04-23,2.499
1996-04-24,2.4995
1996-04-25,2.5045
1996-04-26,2.4934
1996-04-29,2.4933
1996-04-30,2.4935
1996-05-01,2.4925
1996-05-02,2.4947
1996-05-03,2.4953
1996-05-06,2.4955
1996-05-07,2.494
1996-05-08,2.4835
1996-05-09,2.49
1996-05-10,2.4888
1996-05-13,2.4895
1996-05-14,2.4957
1996-05-15,2.4925
1996-05-16,2.493
1996-05-17,2.4893
1996-05-20,2.49
1996-05-21,2.4935
1996-05-22,2.4935
1996-05-23,2.493
1996-05-24,2.5002
1996-05-28,2.497
1996-05-29,2.501
1996-05-30,2.4995
1996-05-31,2.498
1996-06-03,2.5003
1996-06-04,2.504
1996-06-05,2.4983
1996-06-06,2.4977
1996-06-07,2.498
1996-06-10,2.4985
1996-06-11,2.4982
1996-06-12,2.492
1996-06-13,2.493
1996-06-14,2.4955
1996-06-17,2.4953
1996-06-18,2.4947
1996-06-19,2.4932
1996-06-20,2.4948
1996-06-21,2.498
1996-06-24,2.4989
1996-06-25,2.4985
1996-06-26,2.496
1996-06-27,2.4945
1996-06-28,2.4945
1996-07-01,2.4925
1996-07-02,2.495
1996-07-03,2.4927
1996-07-05,2.4915
1996-07-08,2.4933
1996-07-09,2.4923
1996-07-10,2.492
1996-07-11,2.491
1996-07-12,2.4927
1996-07-15,2.4922
1996-07-16,2.486
1996-07-17,2.486
1996-07-18,2.4877
1996-07-19,2.489
1996-07-22,2.4895
1996-07-23,2.491
1996-07-24,2.488
1996-07-25,2.4905
1996-07-26,2.4925
1996-07-29,2.497
1996-07-30,2.4947
1996-07-31,2.4962
1996-08-01,2.4945
1996-08-02,2.495
1996-08-05,2.4925
1996-08-06,2.4892
1996-08-07,2.49
1996-08-08,2.491
1996-08-09,2.492
1996-08-12,2.4928
1996-08-13,2.495
1996-08-14,2.4955
1996-08-15,2.4917
1996-08-16,2.494
1996-08-19,2.493
1996-08-20,2.493
1996-08-21,2.4935
1996-08-22,2.496
1996-08-23,2.4938
1996-08-26,2.493
1996-08-27,2.4935
1996-08-28,2.4946
1996-08-29,2.495
1996-08-30,2.4935
1996-09-03,2.4985
1996-09-04,2.498
1996-09-05,2.4982
1996-09-06,2.499
1996-09-09,2.5025
1996-09-10,2.504
1996-09-11,2.5005
1996-09-12,2.5
1996-09-13,2.4987
1996-09-16,2.4978
1996-09-17,2.4965
1996-09-18,2.4975
1996-09-19,2.4985
1996-09-20,2.5005
1996-09-23,2.501
1996-09-24,2.501
1996-09-25,2.5027
1996-09-26,2.508
1996-09-27,2.509
1996-09-30,2.5065
1996-10-01,2.5032
1996-10-02,2.501
1996-10-03,2.5025
1996-10-04,2.4998
1996-10-07,2.5006
1996-10-08,2.5022
1996-10-09,2.505
1996-10-10,2.506
1996-10-11,2.506
1996-10-15,2.5065
1996-10-16,2.506
1996-10-17,2.5057
1996-10-18,2.507
1996-10-21,2.5075
1996-10-22,2.5048
1996-10-23,2.5067
1996-10-24,2.504
1996-10-25,2.5058
1996-10-28,2.5125
1996-10-29,2.5153
1996-10-30,2.5275
1996-10-31,2.5268
1996-11-01,2.5288
1996-11-04,2.526
1996-11-05,2.5247
1996-11-06,2.5235
1996-11-07,2.519
1996-11-08,2.518
1996-11-12,2.5225
1996-11-13,2.525
1996-11-14,2.5253
1996-11-15,2.5235
1996-11-18,2.524
1996-11-19,2.5223
1996-11-20,2.52
1996-11-21,2.5195
1996-11-22,2.5195
1996-11-25,2.5247
1996-11-26,2.5243
1996-11-27,2.5265
1996-11-29,2.5275
1996-12-02,2.526
1996-12-03,2.526
1996-12-04,2.522
1996-12-05,2.5205
1996-12-06,2.521
1996-12-09,2.5235
1996-12-10,2.5235
1996-12-11,2.522
1996-12-12,2.523
1996-12-13,2.5243
1996-12-16,2.5265
1996-12-17,2.5245
1996-12-18,2.5243
1996-12-19,2.5253
1996-12-20,2.5263
1996-12-23,2.5282
1996-12-24,2.5275
1996-12-26,2.529
1996-12-27,2.5287
1996-12-30,2.528
1996-12-31,2.526
1997-01-02,2.5245
1997-01-03,2.523
1997-01-06,2.4975
1997-01-07,2.4985
1997-01-08,2.489
1997-01-09,2.4826
1997-01-10,2.482
1997-01-13,2.472
1997-01-14,2.479
1997-01-15,2.473
1997-01-16,2.4835
1997-01-17,2.4843
1997-01-21,2.484
1997-01-22,2.4875
1997-01-23,2.4868
1997-01-24,2.489
1997-01-27,2.4898
1997-01-28,2.4935
1997-01-29,2.497
1997-01-30,2.4864
1997-01-31,2.4863
1997-02-03,2.4862
1997-02-04,2.4946
1997-02-05,2.493
1997-02-06,2.4933
1997-02-07,2.4938
1997-02-10,2.4865
1997-02-11,2.4888
1997-02-12,2.4865
1997-02-13,2.4855
1997-02-14,2.484
1997-02-18,2.4865
1997-02-19,2.4889
1997-02-20,2.485
1997-02-21,2.477
1997-02-24,2.4799
1997-02-25,2.4815
1997-02-26,2.4876
1997-02-27,2.4832
1997-02-28,2.483
1997-03-03,2.4805
1997-03-04,2.4745
1997-03-05,2.473
1997-03-06,2.4763
1997-03-07,2.4815
1997-03-10,2.4782
1997-03-11,2.4742
1997-03-12,2.4748
1997-03-13,2.4765
1997-03-14,2.4765
1997-03-17,2.4777
1997-03-18,2.4725
1997-03-19,2.4726
1997-03-20,2.478
1997-03-21,2.479
1997-03-24,2.478
1997-03-25,2.479
1997-03-26,2.4822
1997-03-27,2.4798
1997-03-28,2.482
1997-03-31,2.476
1997-04-01,2.477
1997-04-02,2.4823
1997-04-03,2.485
1997-04-04,2.487
1997-04-07,2.4993
1997-04-08,2.5055
1997-04-09,2.5046
1997-04-10,2.5055
1997-04-11,2.506
1997-04-14,2.5089
1997-04-15,2.5132
1997-04-16,2.5107
1997-04-17,2.5148
1997-04-18,2.5125
1997-04-21,2.506
1997-04-22,2.4995
1997-04-23,2.4975
1997-04-24,2.5054
1997-04-25,2.5085
1997-04-28,2.5105
1997-04-29,2.5115
1997-04-30,2.5107
1997-05-01,2.5078
1997-05-02,2.5085
1997-05-05,2.507
1997-05-06,2.5065
1997-05-07,2.5109
1997-05-08,2.5069
1997-05-09,2.5065
1997-05-12,2.5125
1997-05-13,2.5175
1997-05-14,2.5231
1997-05-15,2.4977
1997-05-16,2.4835
1997-05-19,2.498
1997-05-20,2.5
1997-05-21,2.501
1997-05-22,2.503
1997-05-23,2.5015
1997-05-27,2.5185
1997-05-28,2.512
1997-05-29,2.5114
1997-05-30,2.5132
1997-06-02,2.515
1997-06-03,2.5178
1997-06-04,2.517
1997-06-05,2.517
1997-06-06,2.5115
1997-06-09,2.5132
1997-06-10,2.515
1997-06-11,2.5145
1997-06-12,2.51
1997-06-13,2.514
1997-06-16,2.5155
1997-06-17,2.512
1997-06-18,2.5145
1997-06-19,2.5155
1997-06-20,2.5155
1997-06-23,2.519
1997-06-24,2.5209
1997-06-25,2.5228
1997-06-26,2.522
1997-06-27,2.523
1997-06-30,2.5245
1997-07-01,2.5235
1997-07-02,2.5255
1997-07-03,2.5202
1997-07-07,2.5248
1997-07-08,2.505
1997-07-09,2.5044
1997-07-10,2.489
1997-07-11,2.505
1997-07-14,2.569
1997-07-15,2.569
1997-07-16,2.593
1997-07-17,2.5905
1997-07-18,2.6475
1997-07-21,2.628
1997-07-22,2.632
1997-07-23,2.639
1997-07-24,2.6465
1997-07-25,2.6515
1997-07-28,2.6355
1997-07-29,2.619
1997-07-30,2.636
1997-07-31,2.639
1997-08-01,2.6395
1997-08-04,2.6365
1997-08-05,2.643
1997-08-06,2.638
1997-08-07,2.643
1997-08-08,2.7
1997-08-11,2.7455
1997-08-12,2.783
1997-08-13,2.7775
1997-08-14,2.7835
1997-08-15,2.785
1997-08-18,2.8025
1997-08-19,2.79
1997-08-20,2.78
1997-08-21,2.76
1997-08-22,2.775
1997-08-25,2.7735
1997-08-26,2.789
1997-08-27,2.839
1997-08-28,2.9325
1997-08-29,2.92
1997-09-02,2.927
1997-09-03,2.982
1997-09-04,2.995
1997-09-05,2.95
1997-09-08,2.9175
1997-09-09,2.915
1997-09-10,2.9165
1997-09-11,2.9575
1997-09-12,2.969
1997-09-15,2.976
1997-09-16,3
1997-09-17,3.01
1997-09-18,3.02
1997-09-19,3.036
1997-09-22,3.125
1997-09-23,3.075
1997-09-24,3.06
1997-09-25,3.1225
1997-09-26,3.1425
1997-09-29,3.19
1997-09-30,3.2475
1997-10-01,3.3675
1997-10-02,3.325
1997-10-03,3.378
1997-10-06,3.34
1997-10-07,3.2575
1997-10-08,3.171
1997-10-09,3.075
1997-10-10,3.1175
1997-10-14,3.1075
1997-10-15,3.15
1997-10-16,3.195
1997-10-17,3.2475
1997-10-20,3.3325
1997-10-21,3.339
1997-10-22,3.4
1997-10-23,3.345
1997-10-24,3.3905
1997-10-27,3.4
1997-10-28,3.434
1997-10-29,3.3925
1997-10-30,3.449
1997-10-31,3.325
1997-11-03,3.234
1997-11-04,3.285
1997-11-05,3.29
1997-11-06,3.3
1997-11-07,3.3025
1997-11-10,3.315
1997-11-12,3.295
1997-11-13,3.3125
1997-11-14,3.3225
1997-11-17,3.34
1997-11-18,3.415
1997-11-19,3.49
1997-11-20,3.5325
1997-11-21,3.4225
1997-11-24,3.45
1997-11-25,3.4925
1997-11-26,3.5125
1997-11-28,3.5125
1997-12-01,3.57
1997-12-02,3.598
1997-12-03,3.66
1997-12-04,3.73
1997-12-05,4
1997-12-08,3.65
1997-12-09,3.662
1997-12-10,3.662
1997-12-11,3.775
1997-12-12,3.82
1997-12-15,3.875
1997-12-16,3.873
1997-12-17,3.815
1997-12-18,3.7875
1997-12-19,3.83
1997-12-22,3.82
1997-12-23,3.845
1997-12-24,3.9
1997-12-26,3.845
1997-12-29,3.895
1997-12-30,3.898
1997-12-31,3.885
1998-01-02,3.98
1998-01-05,4.155
1998-01-06,4.465
1998-01-07,4.52
1998-01-08,4.73
1998-01-09,4.605
1998-01-12,4.66
1998-01-13,4.6
1998-01-14,4.35
1998-01-15,4.2995
1998-01-16,4.1921
1998-01-20,4.23
1998-01-21,4.3795
1998-01-22,4.53
1998-01-23,4.57
1998-01-26,4.52
1998-01-27,4.42
1998-01-28,4.37
1998-01-29,4.38
1998-01-30,4.23
1998-02-02,4.13
1998-02-03,3.9895
1998-02-04,3.99
1998-02-05,3.995
1998-02-06,3.82
1998-02-09,3.8305
1998-02-10,3.59
1998-02-11,3.5895
1998-02-12,3.78
1998-02-13,3.845
1998-02-17,3.87
1998-02-18,3.8
1998-02-19,3.73
1998-02-20,3.78
1998-02-23,3.84
1998-02-24,3.75
1998-02-25,3.74
1998-02-26,3.7075
1998-02-27,3.705
1998-03-02,3.62
1998-03-03,3.81
1998-03-04,3.815
1998-03-05,3.96
1998-03-06,3.955
1998-03-09,3.99
1998-03-10,3.91
1998-03-11,3.94
1998-03-12,3.855
1998-03-13,3.73
1998-03-16,3.79
1998-03-17,3.8
1998-03-18,3.655
1998-03-19,3.67
1998-03-20,3.65
1998-03-23,3.545
1998-03-24,3.655
1998-03-25,3.59
1998-03-26,3.595
1998-03-27,3.5675
1998-03-30,3.64
1998-03-31,3.66
1998-04-01,3.7025
1998-04-02,3.7525
1998-04-03,3.79
1998-04-06,3.725
1998-04-07,3.72
1998-04-08,3.72
1998-04-09,3.62
1998-04-10,3.67
1998-04-13,3.65
1998-04-14,3.69
1998-04-15,3.7
1998-04-16,3.77
1998-04-17,3.8
1998-04-20,3.79
1998-04-21,3.74
1998-04-22,3.775
1998-04-23,3.79
1998-04-24,3.77
1998-04-27,3.7975
1998-04-28,3.76
1998-04-29,3.74
1998-04-30,3.755
1998-05-01,3.675
1998-05-04,3.67
1998-05-05,3.69
1998-05-06,3.89
1998-05-07,3.87
1998-05-08,3.82
1998-05-11,3.8725
1998-05-12,3.8925
1998-05-13,3.89
1998-05-14,3.79
1998-05-15,3.7578
1998-05-18,3.845
1998-05-19,3.865
1998-05-20,3.83
1998-05-21,3.785
1998-05-22,3.81
1998-05-26,3.845
1998-05-27,3.85
1998-05-28,3.89
1998-05-29,3.8702
1998-06-01,3.95
1998-06-02,3.93
1998-06-03,3.925
1998-06-04,3.975
1998-06-05,3.995
1998-06-08,4
1998-06-09,3.955
1998-06-10,4.025
1998-06-11,4.025
1998-06-12,4.0454
1998-06-15,4.09
1998-06-16,4.0575
1998-06-17,3.935
1998-06-18,3.965
1998-06-19,3.875
1998-06-22,3.96
1998-06-23,3.955
1998-06-24,3.95
1998-06-25,4
1998-06-26,4.08
1998-06-29,4.19
1998-06-30,4.13
1998-07-01,4.1415
1998-07-02,4.2176
1998-07-03,4.15
1998-07-06,4.195
1998-07-07,4.155
1998-07-08,4.19
1998-07-09,4.2575
1998-07-10,4.265
1998-07-13,4.215
1998-07-14,4.13
1998-07-15,4.155
1998-07-16,4.1
1998-07-17,4.1295
1998-07-20,4.1224
1998-07-21,4.145
1998-07-22,4.155
1998-07-23,4.1525
1998-07-24,4.13
1998-07-27,4.145
1998-07-28,4.12
1998-07-29,4.1278
1998-07-30,4.115
1998-07-31,4.145
1998-08-03,4.16
1998-08-04,4.1505
1998-08-05,4.15
1998-08-06,4.1725
1998-08-07,4.2025
1998-08-10,4.25
1998-08-11,4.2575
1998-08-12,4.1952
1998-08-13,4.185
1998-08-14,4.225
1998-08-17,4.2426
1998-08-18,4.23
1998-08-19,4.2035
1998-08-20,4.185
1998-08-21,4.2353
1998-08-24,4.202
1998-08-25,4.2205
1998-08-26,4.2055
1998-08-27,4.205
1998-08-28,4.203
1998-08-31,4.195
1998-09-01,3.895
1998-09-02,3.81
1998-09-03,3.8005
1998-09-04,3.8
1998-09-08,3.8
1998-09-09,3.8
1998-09-10,3.8
1998-09-11,3.8
1998-09-14,3.8
1998-09-15,3.8
1998-09-16,3.8
1998-09-17,3.8
1998-09-18,3.8
1998-09-21,3.8
1998-09-22,3.8
1998-09-23,3.8
1998-09-24,3.8
1998-09-25,3.8
1998-09-28,3.8
1998-09-29,3.8
1998-09-30,3.8
1998-10-01,3.8
1998-10-02,3.8
1998-10-05,3.8
1998-10-06,3.8
1998-10-07,3.8
1998-10-08,3.8
1998-10-09,3.8
1998-10-13,3.8
1998-10-14,3.8
1998-10-15,3.8
1998-10-16,3.8
1998-10-19,3.8
1998-10-20,3.8
1998-10-21,3.8
1998-10-22,3.8
1998-10-23,3.8
1998-10-26,3.8
1998-10-27,3.8
1998-10-28,3.8
1998-10-29,3.8
1998-10-30,3.8
1998-11-02,3.8
1998-11-03,3.8
1998-11-04,3.8
1998-11-05,3.8
1998-11-06,3.8
1998-11-09,3.8
1998-11-10,3.8
1998-11-12,3.8
1998-11-13,3.8
1998-11-16,3.8002
1998-11-17,3.8
1998-11-18,3.8
1998-11-19,3.8
1998-11-20,3.7998
1998-11-23,3.8
1998-11-24,3.8003
1998-11-25,3.8
1998-11-27,3.7997
1998-11-30,3.8
1998-12-01,3.8
1998-12-02,3.8
1998-12-03,3.8
1998-12-04,3.8
1998-12-07,3.8
1998-12-08,3.8
1998-12-09,3.8
1998-12-10,3.8
1998-12-11,3.8
1998-12-14,3.7997
1998-12-15,3.81
1998-12-16,3.8
1998-12-17,3.81
1998-12-18,3.8002
1998-12-21,3.7999
1998-12-22,3.8003
1998-12-23,3.8
1998-12-24,3.81
1998-12-28,3.8
1998-12-29,3.8
1998-12-30,3.8
1998-12-31,3.8
1999-01-04,3.799983
1999-01-05,3.800254
1999-01-06,3.801158
1999-01-07,3.80012
1999-01-08,3.799211
1999-01-11,3.800674
1999-01-12,3.799479
1999-01-13,3.800579
1999-01-14,3.800395
1999-01-15,3.799415
1999-01-18,3.798829
1999-01-19,3.7927
1999-01-20,3.791274
1999-01-21,3.799343
1999-01-22,3.798306
1999-01-25,3.799551
1999-01-26,3.797185
1999-01-27,3.795472
1999-01-28,3.799912
1999-01-29,3.799104
1999-02-01,3.794144
1999-02-02,3.800035
1999-02-03,3.801182
1999-02-04,3.800586
1999-02-05,3.800213
1999-02-08,3.799929
1999-02-09,3.800229
1999-02-10,3.800212
1999-02-11,3.801892
1999-02-12,3.801138
1999-02-15,3.794536
1999-02-16,3.794828
1999-02-17,3.797565
1999-02-18,3.799858
1999-02-19,3.797366
1999-02-22,3.800855
1999-02-23,3.792141
1999-02-24,3.79904
1999-02-25,3.801378
1999-02-26,3.80069
1999-03-01,3.801202
1999-03-02,3.80022
1999-03-03,3.798422
1999-03-04,3.799466
1999-03-05,3.799982
1999-03-08,3.794279
1999-03-09,3.80162
1999-03-10,3.79412
1999-03-11,3.801028
1999-03-12,3.799762
1999-03-15,3.80053
1999-03-16,3.797083
1999-03-17,3.799653
1999-03-18,3.79931
1999-03-19,3.800733
1999-03-22,3.800074
1999-03-23,3.799559
1999-03-24,3.799872
1999-03-25,3.798495
1999-03-26,3.797041
1999-03-29,3.7948
1999-03-30,3.797311
1999-03-31,3.799479
1999-04-01,3.809413
1999-04-02,3.800594
1999-04-05,3.800316
1999-04-06,3.79862
1999-04-07,3.799482
1999-04-08,3.800333
1999-04-09,3.799128
1999-04-12,3.802429
1999-04-13,3.799536
1999-04-14,3.800779
1999-04-15,3.799648
1999-04-16,3.802212
1999-04-19,3.799643
1999-04-20,3.796074
1999-04-21,3.800019
1999-04-22,3.801153
1999-04-23,3.799511
1999-04-26,3.798945
1999-04-27,3.800753
1999-04-28,3.798987
1999-04-29,3.799793
1999-04-30,3.799377
1999-05-03,3.800076
1999-05-04,3.799886
1999-05-05,3.799475
1999-05-06,3.799704
1999-05-07,3.799462
1999-05-10,3.800186
1999-05-11,3.801994
1999-05-12,3.799906
1999-05-13,3.799285
1999-05-14,3.798614
1999-05-17,3.800749
1999-05-18,3.8
1999-05-19,3.798571
1999-05-20,3.799981
1999-05-21,3.799659
1999-05-24,3.800189
1999-05-25,3.799755
1999-05-26,3.8
1999-05-27,3.800057
1999-05-28,3.799313
1999-05-31,3.799637
1999-06-01,3.798927
1999-06-02,3.799075
1999-06-03,3.799846
1999-06-04,3.800388
1999-06-07,3.801377
1999-06-08,3.800385
1999-06-09,3.799637
1999-06-10,3.799981
1999-06-11,3.799885
1999-06-14,3.799655
1999-06-15,3.800423
1999-06-16,3.79855
1999-06-17,3.799903
1999-06-18,3.798229
1999-06-21,3.801528
1999-06-22,3.800931
1999-06-23,3.807393
1999-06-24,3.802248
1999-06-25,3.800057
1999-06-28,3.800539
1999-06-29,3.798919
1999-06-30,3.799284
1999-07-01,3.799493
1999-07-02,3.802461
1999-07-05,3.800723
1999-07-06,3.801487
1999-07-07,3.800235
1999-07-08,3.799745
1999-07-09,3.798706
1999-07-12,3.800474
1999-07-13,3.799666
1999-07-14,3.805271
1999-07-15,3.799824
1999-07-16,3.800823
1999-07-19,3.799724
1999-07-20,3.799328
1999-07-21,3.800612
1999-07-22,3.800362
1999-07-23,3.800591
1999-07-26,3.802486
1999-07-27,3.800038
1999-07-28,3.801094
1999-07-29,3.799906
1999-07-30,3.800729
1999-08-02,3.798781
1999-08-03,3.801127
1999-08-04,3.799833
1999-08-05,3.799833
1999-08-06,3.800559
1999-08-09,3.799813
1999-08-10,3.801993
1999-08-11,3.800244
1999-08-12,3.80062
1999-08-13,3.802006
1999-08-16,3.799488
1999-08-17,3.799468
1999-08-18,3.801654
1999-08-19,3.800228
1999-08-20,3.746789
1999-08-23,3.799925
1999-08-24,3.801275
1999-08-25,3.799866
1999-08-26,3.797933
1999-08-27,3.800383
1999-08-30,3.799694
1999-08-31,3.800624
1999-09-01,3.799491
1999-09-02,3.800225
1999-09-03,3.79985
1999-09-06,3.799132
1999-09-07,3.800757
1999-09-08,3.79968
1999-09-09,3.79966
1999-09-10,3.80019
1999-09-13,3.800619
1999-09-14,3.799846
1999-09-15,3.80191
1999-09-16,3.800231
1999-09-17,3.800327
1999-09-20,3.798578
1999-09-21,3.799865
1999-09-22,3.800933
1999-09-23,3.801342
1999-09-24,3.798205
1999-09-27,3.800845
1999-09-28,3.801107
1999-09-29,3.799678
1999-09-30,3.800188
1999-10-01,3.79987
1999-10-04,3.80306
1999-10-05,3.800393
1999-10-06,3.800596
1999-10-07,3.798117
1999-10-08,3.799287
1999-10-11,3.798608
1999-10-12,3.788995
1999-10-13,3.800334
1999-10-14,3.800613
1999-10-15,3.797773
1999-10-18,3.801159
1999-10-19,3.800887
1999-10-20,3.801151
1999-10-21,3.792164
1999-10-22,3.799498
1999-10-25,3.799869
1999-10-26,3.801467
1999-10-27,3.804208
1999-10-28,3.798937
1999-10-29,3.801875
1999-11-01,3.798051
1999-11-02,3.804226
1999-11-03,3.800019
1999-11-04,3.799886
1999-11-05,3.799289
1999-11-08,3.800961
1999-11-09,3.801708
1999-11-10,3.800615
1999-11-11,3.801268
1999-11-12,3.800349
1999-11-15,3.800214
1999-11-16,3.801277
1999-11-17,3.802267
1999-11-18,3.798748
1999-11-19,3.809223
1999-11-22,3.798177
1999-11-23,3.799612
1999-11-24,3.800587
1999-11-25,3.800373
1999-11-26,3.802495
1999-11-29,3.810459
1999-11-30,3.802714
1999-12-01,3.805867
1999-12-02,3.804912
1999-12-03,3.804793
1999-12-06,3.795522
1999-12-07,3.797832
1999-12-08,3.801192
1999-12-09,3.795971
1999-12-10,3.801006
1999-12-13,3.798578
1999-12-14,3.799064
1999-12-15,3.80002
1999-12-16,3.800808
1999-12-17,3.819708
1999-12-20,3.795365
1999-12-21,3.804939
1999-12-22,3.799285
1999-12-23,3.801863
1999-12-24,3.798758
1999-12-27,3.798204
1999-12-28,3.810784
1999-12-29,3.803614
1999-12-30,3.797332
2000-01-03,3.807929
2000-01-04,3.802814
2000-01-05,3.799479
2000-01-06,3.802272
2000-01-07,3.802023
2000-01-10,3.795483
2000-01-11,3.800605
2000-01-12,3.797633
2000-01-13,3.802258
2000-01-14,3.800587
2000-01-17,3.805924
2000-01-18,3.799069
2000-01-19,3.801188
2000-01-20,3.800773
2000-01-21,3.800832
2000-01-24,3.805326
2000-01-25,3.801759
2000-01-26,3.801577
2000-01-27,3.795108
2000-01-28,3.799452
2000-01-31,3.80145
2000-02-01,3.799073
2000-02-02,3.801791
2000-02-03,3.797087
2000-02-04,3.805186
2000-02-07,3.803215
2000-02-08,3.800465
2000-02-09,3.794141
2000-02-10,3.799858
2000-02-11,3.800224
2000-02-14,3.798318
2000-02-15,3.799448
2000-02-16,3.798654
2000-02-17,3.8025
2000-02-18,3.803693
2000-02-21,3.80278
2000-02-22,3.800239
2000-02-23,3.793008
2000-02-24,3.805617
2000-02-25,3.801182
2000-02-28,3.796244
2000-02-29,3.799465
2000-03-01,3.798903
2000-03-02,3.80072
2000-03-03,3.799876
2000-03-06,3.803008
2000-03-07,3.800271
2000-03-08,3.798805
2000-03-09,3.800229
2000-03-10,3.797566
2000-03-13,3.796315
2000-03-14,3.799272
2000-03-15,3.799627
2000-03-16,3.80772
2000-03-17,3.799214
2000-03-20,3.799279
2000-03-21,3.800536
2000-03-22,3.798605
2000-03-23,3.785833
2000-03-24,3.801132
2000-03-27,3.801071
2000-03-28,3.80056
2000-03-29,3.80069
2000-03-30,3.797279
2000-03-31,3.798597
2000-04-03,3.793078
2000-04-04,3.802684
2000-04-05,3.79665
2000-04-06,3.796779
2000-04-07,3.80343
2000-04-10,3.79635
2000-04-11,3.801543
2000-04-12,3.798454
2000-04-13,3.802139
2000-04-14,3.801048
2000-04-17,3.806017
2000-04-18,3.800463
2000-04-19,3.806997
2000-04-20,3.802474
2000-04-25,3.800366
2000-04-26,3.800609
2000-04-27,3.802248
2000-04-28,3.795267
2000-05-02,3.797718
2000-05-03,3.804892
2000-05-04,3.799598
2000-05-05,3.797752
2000-05-08,3.794459
2000-05-09,3.791713
2000-05-10,3.794773
2000-05-11,3.807247
2000-05-12,3.807398
2000-05-15,3.801465
2000-05-16,3.804413
2000-05-17,3.800829
2000-05-18,3.799374
2000-05-19,3.796732
2000-05-22,3.797111
2000-05-23,3.799034
2000-05-24,3.803913
2000-05-25,3.810823
2000-05-26,3.794816
2000-05-29,3.802311
2000-05-30,3.803077
2000-05-31,3.796302
2000-06-01,3.801501
2000-06-02,3.800534
2000-06-05,3.799003
2000-06-06,3.796205
2000-06-07,3.80427
2000-06-08,3.804303
2000-06-09,3.809694
2000-06-12,3.798992
2000-06-13,3.798497
2000-06-14,3.801266
2000-06-15,3.800084
2000-06-16,3.801045
2000-06-19,3.800622
2000-06-20,3.801426
2000-06-21,3.800634
2000-06-22,3.801914
2000-06-23,3.800276
2000-06-26,3.801115
2000-06-27,3.800553
2000-06-28,3.799469
2000-06-29,3.801452
2000-06-30,3.798137
2000-07-03,3.801433
2000-07-04,3.802256
2000-07-05,3.803292
2000-07-06,3.808216
2000-07-07,3.802594
2000-07-10,3.798803
2000-07-11,3.798992
2000-07-12,3.801874
2000-07-13,3.801048
2000-07-14,3.804688
2000-07-17,3.807528
2000-07-18,3.801347
2000-07-19,3.796875
2000-07-20,3.794035
2000-07-21,3.796433
2000-07-24,3.798221
2000-07-25,3.8
2000-07-26,3.802236
2000-07-27,3.800405
2000-07-28,3.800668
2000-07-31,3.80515
2000-08-01,3.800194
2000-08-02,3.800153
2000-08-03,3.805494
2000-08-04,3.801462
2000-08-07,3.799758
2000-08-08,3.79916
2000-08-09,3.800178
2000-08-10,3.80268
2000-08-11,3.799058
2000-08-14,3.800688
2000-08-15,3.803137
2000-08-16,3.803131
2000-08-17,3.793982
2000-08-18,3.80103
2000-08-21,3.802172
2000-08-22,3.800602
2000-08-23,3.799843
2000-08-24,3.798713
2000-08-25,3.800355
2000-08-28,3.800155
2000-08-29,3.80145
2000-08-30,3.805814
2000-08-31,3.803503
2000-09-01,3.800607
2000-09-04,3.801111
2000-09-05,3.799797
2000-09-06,3.801769
2000-09-07,3.79887
2000-09-08,3.799771
2000-09-11,3.793356
2000-09-12,3.800209
2000-09-13,3.798244
2000-09-14,3.808812
2000-09-15,3.803482
2000-09-18,3.801079
2000-09-19,3.80178
2000-09-20,3.796602
2000-09-21,3.794345
2000-09-22,3.798313
2000-09-25,3.801824
2000-09-26,3.79799
2000-09-27,3.800248
2000-09-28,3.798007
2000-09-29,3.797832
2000-10-02,3.809248
2000-10-03,3.800297
2000-10-04,3.804124
2000-10-05,3.796722
2000-10-06,3.802942
2000-10-09,3.80046
2000-10-10,3.801514
2000-10-11,3.803211
2000-10-12,3.803307
2000-10-13,3.803987
2000-10-16,3.802373
2000-10-17,3.798376
2000-10-18,3.800587
2000-10-19,3.800618
2000-10-20,3.803833
2000-10-23,3.802555
2000-10-24,3.789292
2000-10-25,3.798122
2000-10-26,3.825254
2000-10-27,3.801177
2000-10-30,3.803348
2000-10-31,3.798265
2000-11-01,3.79986
2000-11-02,3.791002
2000-11-03,3.80504
2000-11-06,3.801546
2000-11-07,3.80552
2000-11-08,3.803482
2000-11-09,3.801078
2000-11-10,3.789346
2000-11-13,3.801392
2000-11-14,3.801118
2000-11-15,3.798511
2000-11-16,3.801144
2000-11-17,3.805507
2000-11-20,3.798421
2000-11-21,3.798914
2000-11-22,3.800925
2000-11-23,3.801709
2000-11-24,3.800261
2000-11-27,3.795265
2000-11-28,3.798038
2000-11-29,3.792254
2000-11-30,3.793643
2000-12-01,3.799199
2000-12-04,3.803435
2000-12-05,3.802838
2000-12-06,3.802333
2000-12-07,3.800738
2000-12-08,3.795503
2000-12-11,3.797819
2000-12-12,3.797654
2000-12-13,3.803498
2000-12-14,3.801561
2000-12-15,3.796416
2000-12-18,3.790877
2000-12-19,3.79872
2000-12-20,3.801855
2000-12-21,3.798928
2000-12-22,3.799242
2000-12-27,3.798604
2000-12-28,3.800646
2000-12-29,3.802257
2001-01-02,3.800276
2001-01-03,3.799475
2001-01-04,3.799852
2001-01-05,3.794238
2001-01-08,3.802253
2001-01-09,3.802681
2001-01-10,3.800467
2001-01-11,3.800798
2001-01-12,3.803876
2001-01-15,3.80123
2001-01-16,3.802699
2001-01-17,3.795551
2001-01-18,3.803063
2001-01-19,3.803085
2001-01-22,3.805382
2001-01-23,3.800043
2001-01-24,3.80127
2001-01-25,3.799038
2001-01-26,3.80104
2001-01-29,3.800392
2001-01-30,3.800261
2001-01-31,3.800387
2001-02-01,3.801829
2001-02-02,3.799511
2001-02-05,3.8
2001-02-06,3.804334
2001-02-07,3.799249
2001-02-08,3.800434
2001-02-09,3.799827
2001-02-12,3.796189
2001-02-13,3.801078
2001-02-14,3.803988
2001-02-15,3.79549
2001-02-16,3.799846
2001-02-19,3.80191
2001-02-20,3.8
2001-02-21,3.795867
2001-02-22,3.801126
2001-02-23,3.796447
2001-02-26,3.800439
2001-02-27,3.799847
2001-02-28,3.800606
2001-03-01,3.799871
2001-03-02,3.800705
2001-03-05,3.8
2001-03-06,3.767324
2001-03-07,3.802299
2001-03-08,3.801439
2001-03-09,3.800256
2001-03-12,3.800259
2001-03-13,3.802978
2001-03-14,3.801677
2001-03-15,3.80064
2001-03-16,3.800827
2001-03-19,3.799355
2001-03-20,3.799224
2001-03-21,3.798999
2001-03-22,3.805602
2001-03-23,3.801726
2001-03-26,3.800224
2001-03-27,3.799821
2001-03-28,3.800226
2001-03-29,3.800452
2001-03-30,3.797894
2001-04-02,3.800958
2001-04-03,3.798756
2001-04-04,3.797276
2001-04-05,3.79878
2001-04-06,3.8
2001-04-09,3.797849
2001-04-10,3.800447
2001-04-11,3.80509
2001-04-12,3.797717
2001-04-17,3.800819
2001-04-18,3.804397
2001-04-19,3.803444
2001-04-20,3.800423
2001-04-23,3.799156
2001-04-24,3.799175
2001-04-25,3.806416
2001-04-26,3.795185
2001-04-27,3.800399
2001-04-30,3.800699
2001-05-02,3.801954
2001-05-03,3.79872
2001-05-04,3.800425
2001-05-07,3.799865
2001-05-08,3.800812
2001-05-09,3.797893
2001-05-10,3.818079
2001-05-11,3.799612
2001-05-14,3.801144
2001-05-15,3.803946
2001-05-16,3.804053
2001-05-17,3.798071
2001-05-18,3.797767
2001-05-21,3.800091
2001-05-22,3.797812
2001-05-23,3.798486
2001-05-24,3.798931
2001-05-25,3.801187
2001-05-28,3.802656
2001-05-29,3.800631
2001-05-30,3.797383
2001-05-31,3.800472
2001-06-01,3.802312
2001-06-04,3.802537
2001-06-05,3.800236
2001-06-06,3.801475
2001-06-07,3.80026
2001-06-08,3.805621
2001-06-11,3.800212
2001-06-12,3.800094
2001-06-13,3.800866
2001-06-14,3.800754
2001-06-15,3.80097
2001-06-18,3.79979
2001-06-19,3.799369
2001-06-20,3.799131
2001-06-21,3.800281
2001-06-22,3.799836
2001-06-25,3.802022
2001-06-26,3.800952
2001-06-27,3.800858
2001-06-28,3.802021
2001-06-29,3.800236
2001-07-02,3.802957
2001-07-03,3.799812
2001-07-04,3.798415
2001-07-05,3.794704
2001-07-06,3.805463
2001-07-09,3.800331
2001-07-10,3.80117
2001-07-11,3.798978
2001-07-12,3.799953
2001-07-13,3.799859
2001-07-16,3.800652
2001-07-17,3.799084
2001-07-18,3.799768
2001-07-19,3.800069
2001-07-20,3.796376
2001-07-23,3.798986
2001-07-24,3.799954
2001-07-25,3.800978
2001-07-26,3.799635
2001-07-27,3.79984
2001-07-30,3.797852
2001-07-31,3.798972
2001-08-01,3.80152
2001-08-02,3.801092
2001-08-03,3.799341
2001-08-06,3.799546
2001-08-07,3.800867
2001-08-08,3.798927
2001-08-09,3.800294
2001-08-10,3.799799
2001-08-13,3.799244
2001-08-14,3.801517
2001-08-15,3.800417
2001-08-16,3.802712
2001-08-17,3.804005
2001-08-20,3.799432
2001-08-21,3.801928
2001-08-22,3.800239
2001-08-23,3.800263
2001-08-24,3.800066
2001-08-27,3.79945
2001-08-28,3.800597
2001-08-29,3.800044
2001-08-30,3.79945
2001-08-31,3.798755
2001-09-03,3.801698
2001-09-04,3.803679
2001-09-05,3.797211
2001-09-06,3.801129
2001-09-07,3.798592
2001-09-10,3.800707
2001-09-11,3.800424
2001-09-12,3.806562
2001-09-13,3.800442
2001-09-14,3.801822
2001-09-17,3.802028
2001-09-18,3.797321
2001-09-19,3.798985
2001-09-20,3.798034
2001-09-21,3.79837
2001-09-24,3.802488
2001-09-25,3.801656
2001-09-26,3.798243
2001-09-27,3.799348
2001-09-28,3.805607
2001-10-01,3.799014
2001-10-02,3.799216
2001-10-03,3.799435
2001-10-04,3.798618
2001-10-05,3.798561
2001-10-08,3.801064
2001-10-09,3.799304
2001-10-10,3.800022
2001-10-11,3.802362
2001-10-12,3.800996
2001-10-15,3.800264
2001-10-16,3.800597
2001-10-17,3.799379
2001-10-18,3.800244
2001-10-19,3.799423
2001-10-22,3.801873
2001-10-23,3.80027
2001-10-24,3.800045
2001-10-25,3.800877
2001-10-26,3.800696
2001-10-29,3.798556
2001-10-30,3.799426
2001-10-31,3.799049
2001-11-01,3.799384
2001-11-02,3.800574
2001-11-05,3.798906
2001-11-06,3.799576
2001-11-07,3.800311
2001-11-08,3.798596
2001-11-09,3.799888
2001-11-12,3.800426
2001-11-13,3.797444
2001-11-14,3.800523
2001-11-15,3.799547
2001-11-16,3.799774
2001-11-19,3.798249
2001-11-20,3.800317
2001-11-21,3.799795
2001-11-22,3.800638
2001-11-23,3.799659
2001-11-26,3.799614
2001-11-27,3.799386
2001-11-28,3.800023
2001-11-29,3.800045
2001-11-30,3.800292
2001-12-03,3.802241
2001-12-04,3.801505
2001-12-05,3.799753
2001-12-06,3.800877
2001-12-07,3.799574
2001-12-10,3.802825
2001-12-11,3.798608
2001-12-12,3.799843
2001-12-13,3.799777
2001-12-14,3.801242
2001-12-17,3.800199
2001-12-18,3.799601
2001-12-19,3.799622
2001-12-20,3.804859
2001-12-21,3.799396
2001-12-24,3.80075
2001-12-27,3.798595
2001-12-28,3.798366
2002-01-02,3.803607
2002-01-03,3.798805
2002-01-04,3.801094
2002-01-07,3.800225
2002-01-08,3.799641
2002-01-09,3.801592
2002-01-10,3.800427
2002-01-11,3.803229
2002-01-14,3.798925
2002-01-15,3.799148
2002-01-16,3.800499
2002-01-17,3.79805
2002-01-18,3.799773
2002-01-21,3.800226
2002-01-22,3.80068
2002-01-23,3.798893
2002-01-24,3.800046
2002-01-25,3.80157
2002-01-28,3.801819
2002-01-29,3.798122
2002-01-30,3.801319
2002-01-31,3.800509
2002-02-01,3.79912
2002-02-04,3.799745
2002-02-05,3.799378
2002-02-06,3.8009
2002-02-07,3.801593
2002-02-08,3.801144
2002-02-11,3.799409
2002-02-12,3.801554
2002-02-13,3.800023
2002-02-14,3.799149
2002-02-15,3.80046
2002-02-18,3.799197
2002-02-19,3.800046
2002-02-20,3.799382
2002-02-21,3.799563
2002-02-22,3.796159
2002-02-25,3.800436
2002-02-26,3.800046
2002-02-27,3.801133
2002-02-28,3.799792
2002-03-01,3.800438
2002-03-04,3.798011
2002-03-05,3.799009
2002-03-06,3.800275
2002-03-07,3.798266
2002-03-08,3.799136
2002-03-11,3.800023
2002-03-12,3.79984
2002-03-13,3.799634
2002-03-14,3.802681
2002-03-15,3.803231
2002-03-18,3.800045
2002-03-19,3.800091
2002-03-20,3.799864
2002-03-21,3.800045
2002-03-22,3.800455
2002-03-25,3.799863
2002-03-26,3.800504
2002-03-27,3.799794
2002-03-28,3.799633
2002-04-02,3.799226
2002-04-03,3.800295
2002-04-04,3.800181
2002-04-05,3.80173
2002-04-08,3.800866
2002-04-09,3.802008
2002-04-10,3.800523
2002-04-11,3.798726
2002-04-12,3.799841
2002-04-15,3.798341
2002-04-16,3.798705
2002-04-17,3.800901
2002-04-18,3.801799
2002-04-19,3.800248
2002-04-22,3.79982
2002-04-23,3.800721
2002-04-24,3.800045
2002-04-25,3.801093
2002-04-26,3.800691
2002-04-29,3.798517
2002-04-30,3.800511
2002-05-02,3.800266
2002-05-03,3.799185
2002-05-06,3.800087
2002-05-07,3.801644
2002-05-08,3.797315
2002-05-09,3.800684
2002-05-10,3.799846
2002-05-13,3.800614
2002-05-14,3.800044
2002-05-15,3.799889
2002-05-16,3.801512
2002-05-17,3.799279
2002-05-20,3.796675
2002-05-21,3.798871
2002-05-22,3.800216
2002-05-23,3.802345
2002-05-24,3.80148
2002-05-27,3.800109
2002-05-28,3.800108
2002-05-29,3.799678
2002-05-30,3.798613
2002-05-31,3.797699
2002-06-03,3.800709
2002-06-04,3.801908
2002-06-05,3.801088
2002-06-06,3.801726
2002-06-07,3.799831
2002-06-10,3.799873
2002-06-11,3.801635
2002-06-12,3.80237
2002-06-13,3.799299
2002-06-14,3.801646
2002-06-17,3.799597
2002-06-18,3.801666
2002-06-19,3.799603
2002-06-20,3.800667
2002-06-21,3.800851
2002-06-24,3.803701
2002-06-25,3.799012
2002-06-26,3.798931
2002-06-27,3.801812
2002-06-28,3.800401
2002-07-01,3.796227
2002-07-02,3.797926
2002-07-03,3.801431
2002-07-04,3.798468
2002-07-05,3.804524
2002-07-08,3.800265
2002-07-09,3.800201
2002-07-10,3.792887
2002-07-11,3.802562
2002-07-12,3.800466
2002-07-15,3.798484
2002-07-16,3.798756
2002-07-17,3.801371
2002-07-18,3.800259
2002-07-19,3.801005
2002-07-22,3.801011
2002-07-23,3.79889
2002-07-24,3.800605
2002-07-25,3.799081
2002-07-26,3.79946
2002-07-29,3.803482
2002-07-30,3.801525
2002-07-31,3.799857
2002-08-01,3.796721
2002-08-02,3.801175
2002-08-05,3.80002
2002-08-06,3.800392
2002-08-07,3.798309
2002-08-08,3.801074
2002-08-09,3.799054
2002-08-12,3.802556
2002-08-13,3.802021
2002-08-14,3.802171
2002-08-15,3.802905
2002-08-16,3.800814
2002-08-19,3.799469
2002-08-20,3.79902
2002-08-21,3.803524
2002-08-22,3.799795
2002-08-23,3.800248
2002-08-26,3.797753
2002-08-27,3.800389
2002-08-28,3.799817
2002-08-29,3.800264
2002-08-30,3.798739
2002-09-02,3.801039
2002-09-03,3.799697
2002-09-04,3.799839
2002-09-05,3.799098
2002-09-06,3.801775
2002-09-09,3.798448
2002-09-10,3.800512
2002-09-11,3.799056
2002-09-12,3.800041
2002-09-13,3.802956
2002-09-16,3.799855
2002-09-17,3.801637
2002-09-18,3.801028
2002-09-19,3.795394
2002-09-20,3.799796
2002-09-23,3.80002
2002-09-24,3.795381
2002-09-25,3.796336
2002-09-26,3.798285
2002-09-27,3.799468
2002-09-30,3.800203
2002-10-01,3.799513
2002-10-02,3.801525
2002-10-03,3.800202
2002-10-04,3.799493
2002-10-07,3.797104
2002-10-08,3.798265
2002-10-09,3.800999
2002-10-10,3.799089
2002-10-11,3.800649
2002-10-14,3.798643
2002-10-15,3.79735
2002-10-16,3.800265
2002-10-17,3.800266
2002-10-18,3.801438
2002-10-21,3.801395
2002-10-22,3.799857
2002-10-23,3.798056
2002-10-24,3.800472
2002-10-25,3.797501
2002-10-28,3.8
2002-10-29,3.797862
2002-10-30,3.800814
2002-10-31,3.800182
2002-11-01,3.796772
2002-11-04,3.799477
2002-11-05,3.798683
2002-11-06,3.800603
2002-11-07,3.798662
2002-11-08,3.79717
2002-11-11,3.8016
2002-11-12,3.80002
2002-11-13,3.799861
2002-11-14,3.800396
2002-11-15,3.801376
2002-11-18,3.801391
2002-11-19,3.798914
2002-11-20,3.798882
2002-11-21,3.795097
2002-11-22,3.801776
2002-11-25,3.800202
2002-11-26,3.799596
2002-11-27,3.800443
2002-11-28,3.80159
2002-11-29,3.800242
2002-12-02,3.802553
2002-12-03,3.80004
2002-12-04,3.800958
2002-12-05,3.806726
2002-12-06,3.799121
2002-12-09,3.800555
2002-12-10,3.801009
2002-12-11,3.802523
2002-12-12,3.798937
2002-12-13,3.800215
2002-12-16,3.800627
2002-12-17,3.800621
2002-12-18,3.806934
2002-12-19,3.800545
2002-12-20,3.802243
2002-12-23,3.801303
2002-12-24,3.799048
2002-12-27,3.800887
2002-12-30,3.800902
2002-12-31,3.80061
2003-01-02,3.803848
2003-01-03,3.801289
2003-01-06,3.799294
2003-01-07,3.801343
2003-01-08,3.799846
2003-01-09,3.800609
2003-01-10,3.799676
2003-01-13,3.796568
2003-01-14,3.800889
2003-01-15,3.800209
2003-01-16,3.80178
2003-01-17,3.799474
2003-01-20,3.799118
2003-01-21,3.80015
2003-01-22,3.794924
2003-01-23,3.800502
2003-01-24,3.800909
2003-01-27,3.800184
2003-01-28,3.801258
2003-01-29,3.799503
2003-01-30,3.79987
2003-01-31,3.801036
2003-02-03,3.799702
2003-02-04,3.800037
2003-02-05,3.798442
2003-02-06,3.800703
2003-02-07,3.800723
2003-02-10,3.800148
2003-02-11,3.799085
2003-02-12,3.80123
2003-02-13,3.800149
2003-02-14,3.80404
2003-02-17,3.800579
2003-02-18,3.800541
2003-02-19,3.800224
2003-02-20,3.801635
2003-02-21,3.800148
2003-02-24,3.800205
2003-02-25,3.797847
2003-02-26,3.79987
2003-02-27,3.800314
2003-02-28,3.801614
2003-03-03,3.800926
2003-03-04,3.798791
2003-03-05,3.799289
2003-03-06,3.798778
2003-03-07,3.801612
2003-03-10,3.799855
2003-03-11,3.799007
2003-03-12,3.803954
2003-03-13,3.799797
2003-03-14,3.800186
2003-03-17,3.799833
2003-03-18,3.801058
2003-03-19,3.799622
2003-03-20,3.806647
2003-03-21,3.802497
2003-03-24,3.800357
2003-03-25,3.79768
2003-03-26,3.800225
2003-03-27,3.799869
2003-03-28,3.800186
2003-03-31,3.8
2003-04-01,3.800202
2003-04-02,3.799815
2003-04-03,3.796113
2003-04-04,3.802332
2003-04-07,3.801077
2003-04-08,3.798405
2003-04-09,3.800503
2003-04-10,3.798982
2003-04-11,3.802329
2003-04-14,3.799665
2003-04-15,3.799611
2003-04-16,3.799834
2003-04-17,3.80119
2003-04-22,3.805031
2003-04-23,3.79989
2003-04-24,3.799328
2003-04-25,3.801604
2003-04-28,3.798277
2003-04-29,3.804399
2003-04-30,3.799479
2003-05-02,3.795978
2003-05-05,3.800053
2003-05-06,3.800952
2003-05-07,3.797847
2003-05-08,3.800875
2003-05-09,3.800017
2003-05-12,3.800034
2003-05-13,3.802309
2003-05-14,3.800157
2003-05-15,3.801536
2003-05-16,3.801166
2003-05-19,3.799262
2003-05-20,3.799725
2003-05-21,3.799042
2003-05-22,3.801792
2003-05-23,3.800679
2003-05-26,3.80022
2003-05-27,3.799345
2003-05-28,3.800222
2003-05-29,3.802484
2003-05-30,3.802149
2003-06-02,3.802947
2003-06-03,3.800563
2003-06-04,3.799333
2003-06-05,3.798726
2003-06-06,3.786506
2003-06-09,3.80087
2003-06-10,3.800068
2003-06-11,3.798264
2003-06-12,3.799813
2003-06-13,3.799592
2003-06-16,3.799899
2003-06-17,3.799186
2003-06-18,3.800325
2003-06-19,3.800515
2003-06-20,3.800343
2003-06-23,3.798596
2003-06-24,3.799827
2003-06-25,3.80019
2003-06-26,3.799685
2003-06-27,3.801016
2003-06-30,3.800735
2003-07-01,3.801005
2003-07-02,3.8
2003-07-03,3.799686
2003-07-04,3.799407
2003-07-07,3.799384
2003-07-08,3.800812
2003-07-09,3.8
2003-07-10,3.800035
2003-07-11,3.799823
2003-07-14,3.800513
2003-07-15,3.799541
2003-07-16,3.800323
2003-07-17,3.800908
2003-07-18,3.799822
2003-07-21,3.799539
2003-07-22,3.800494
2003-07-23,3.800193
2003-07-24,3.800209
2003-07-25,3.800209
2003-07-28,3.799373
2003-07-29,3.80082
2003-07-30,3.799562
2003-07-31,3.80023
2003-08-01,3.801594
2003-08-04,3.80207
2003-08-05,3.8012
2003-08-06,3.801352
2003-08-07,3.800317
2003-08-08,3.800194
2003-08-11,3.798318
2003-08-12,3.796588
2003-08-13,3.800035
2003-08-14,3.801065
2003-08-15,3.801725
2003-08-18,3.799875
2003-08-19,3.799819
2003-08-20,3.798992
2003-08-21,3.801526
2003-08-22,3.799614
2003-08-25,3.800882
2003-08-26,3.799834
2003-08-27,3.798295
2003-08-28,3.802272
2003-08-29,3.801409
2003-09-01,3.800547
2003-09-02,3.800166
2003-09-03,3.800148
2003-09-04,3.800333
2003-09-05,3.799872
2003-09-08,3.799024
2003-09-09,3.799012
2003-09-10,3.800394
2003-09-11,3.800036
2003-09-12,3.800662
2003-09-15,3.800727
2003-09-16,3.800712
2003-09-17,3.801017
2003-09-18,3.799823
2003-09-19,3.800831
2003-09-22,3.749128
2003-09-23,3.800506
2003-09-24,3.800541
2003-09-25,3.799008
2003-09-26,3.800209
2003-09-29,3.799527
2003-09-30,3.800978
2003-10-01,3.800017
2003-10-02,3.800718
2003-10-03,3.800531
2003-10-06,3.801969
2003-10-07,3.800476
2003-10-08,3.80112
2003-10-09,3.801154
2003-10-10,3.80056
2003-10-13,3.800565
2003-10-14,3.798092
2003-10-15,3.80024
2003-10-16,3.800172
2003-10-17,3.800155
2003-10-20,3.799725
2003-10-21,3.80203
2003-10-22,3.800496
2003-10-23,3.800356
2003-10-24,3.798574
2003-10-27,3.800051
2003-10-28,3.801165
2003-10-29,3.799897
2003-10-30,3.801466
2003-10-31,3.800895
2003-11-03,3.8005
2003-11-04,3.800227
2003-11-05,3.800401
2003-11-06,3.799022
2003-11-07,3.799195
2003-11-10,3.799356
2003-11-11,3.799252
2003-11-12,3.80069
2003-11-13,3.801199
2003-11-14,3.80153
2003-11-17,3.800203
2003-11-18,3.800475
2003-11-19,3.801763
2003-11-20,3.801327
2003-11-21,3.800487
2003-11-24,3.799712
2003-11-25,3.800527
2003-11-26,3.800389
2003-11-27,3.799529
2003-11-28,3.800484
2003-12-01,3.798735
2003-12-02,3.800167
2003-12-03,3.801768
2003-12-04,3.800315
2003-12-05,3.798958
2003-12-08,3.799722
2003-12-09,3.799967
2003-12-10,3.799167
2003-12-11,3.798884
2003-12-12,3.79876
2003-12-15,3.800818
2003-12-16,3.801362
2003-12-17,3.800032
2003-12-18,3.799484
2003-12-19,3.801015
2003-12-22,3.800306
2003-12-23,3.800194
2003-12-24,3.799871
2003-12-29,3.771902
2003-12-30,3.800176
2003-12-31,3.801979
2004-01-02,3.799238
2004-01-05,3.80177
2004-01-06,3.800721
2004-01-07,3.800457
2004-01-08,3.79848
2004-01-09,3.80168
2004-01-12,3.798644
2004-01-13,3.801553
2004-01-14,3.799559
2004-01-15,3.801662
2004-01-16,3.799248
2004-01-19,3.799725
2004-01-20,3.800495
2004-01-21,3.799239
2004-01-22,3.76845
2004-01-23,3.799874
2004-01-26,3.799523
2004-01-27,3.800591
2004-01-28,3.800923
2004-01-29,3.80061
2004-01-30,3.799661
2004-02-02,3.800738
2004-02-03,3.800954
2004-02-04,3.802859
2004-02-05,3.801558
2004-02-06,3.801421
2004-02-09,3.800991
2004-02-10,3.797947
2004-02-11,3.800789
2004-02-12,3.800031
2004-02-13,3.800172
2004-02-16,3.800722
2004-02-17,3.801213
2004-02-18,3.799906
2004-02-19,3.829771
2004-02-20,3.799732
2004-02-23,3.799857
2004-02-24,3.801985
2004-02-25,3.800143
2004-02-26,3.800145
2004-02-27,3.798679
2004-03-01,3.800144
2004-03-02,3.800839
2004-03-03,3.80112
2004-03-04,3.802503
2004-03-05,3.799213
2004-03-08,3.800016
2004-03-09,3.802039
2004-03-10,3.801447
2004-03-11,3.802301
2004-03-12,3.79951
2004-03-15,3.800619
2004-03-16,3.799352
2004-03-17,3.799853
2004-03-18,3.800832
2004-03-19,3.798769
2004-03-22,3.799401
2004-03-23,3.800342
2004-03-24,3.798459
2004-03-25,3.799209
2004-03-26,3.798488
2004-03-29,3.800792
2004-03-30,3.801756
2004-03-31,3.800802
2004-04-01,3.798782
2004-04-02,3.799886
2004-04-05,3.797976
2004-04-06,3.800662
2004-04-07,3.802413
2004-04-08,3.802745
2004-04-13,3.801503
2004-04-14,3.799983
2004-04-15,3.801461
2004-04-16,3.800788
2004-04-19,3.800482
2004-04-20,3.798424
2004-04-21,3.800186
2004-04-22,3.799208
2004-04-23,3.799832
2004-04-26,3.800354
2004-04-27,3.798772
2004-04-28,3.801125
2004-04-29,3.801116
2004-04-30,3.800201
2004-05-03,3.800218
2004-05-04,3.800846
2004-05-05,3.798944
2004-05-06,3.800512
2004-05-07,3.799387
2004-05-10,3.800557
2004-05-11,3.80083
2004-05-12,3.801805
2004-05-13,3.799628
2004-05-14,3.800119
2004-05-17,3.799551
2004-05-18,3.800551
2004-05-19,3.7999
2004-05-20,3.801459
2004-05-21,3.767019
2004-05-24,3.800635
2004-05-25,3.800464
2004-05-26,3.800017
2004-05-27,3.800822
2004-05-28,3.80018
2004-05-31,3.802017
2004-06-01,3.80018
2004-06-02,3.800179
2004-06-03,3.799853
2004-06-04,3.800131
2004-06-07,3.800471
2004-06-08,3.799414
2004-06-09,3.799293
2004-06-10,3.799286
2004-06-11,3.800683
2004-06-14,3.801433
2004-06-15,3.799519
2004-06-16,3.799552
2004-06-17,3.799834
2004-06-18,3.800698
2004-06-21,3.801437
2004-06-22,3.800347
2004-06-23,3.799371
2004-06-24,3.800198
2004-06-25,3.799885
2004-06-28,3.800213
2004-06-29,3.800477
2004-06-30,3.8
2004-07-01,3.80046
2004-07-02,3.80079
2004-07-05,3.798747
2004-07-06,3.800146
2004-07-07,3.799709
2004-07-08,3.80013
2004-07-09,3.801083
2004-07-12,3.800194
2004-07-13,3.800436
2004-07-14,3.801066
2004-07-15,3.801115
2004-07-16,3.799239
2004-07-19,3.79971
2004-07-20,3.800484
2004-07-21,3.800748
2004-07-22,3.800946
2004-07-23,3.801165
2004-07-26,3.799885
2004-07-27,3.80046
2004-07-28,3.800814
2004-07-29,3.800931
2004-07-30,3.7999
2004-08-02,3.80083
2004-08-03,3.800532
2004-08-04,3.801135
2004-08-05,3.800781
2004-08-06,3.800647
2004-08-09,3.800033
2004-08-10,3.799414
2004-08-11,3.800458
2004-08-12,3.800751
2004-08-13,3.79982
2004-08-16,3.801248
2004-08-17,3.800292
2004-08-18,3.799124
2004-08-19,3.800307
2004-08-20,3.799723
2004-08-23,3.800163
2004-08-24,3.800972
2004-08-25,3.801093
2004-08-26,3.800826
2004-08-27,3.801324
2004-08-30,3.799535
2004-08-31,3.800017
2004-09-01,3.800789
2004-09-02,3.800197
2004-09-03,3.799097
2004-09-06,3.800182
2004-09-07,3.800646
2004-09-08,3.799568
2004-09-09,3.800509
2004-09-10,3.800147
2004-09-13,3.80018
2004-09-14,3.801095
2004-09-15,3.800212
2004-09-16,3.799556
2004-09-17,3.800753
2004-09-20,3.800692
2004-09-21,3.79969
2004-09-22,3.801143
2004-09-23,3.800487
2004-09-24,3.800065
2004-09-27,3.799576
2004-09-28,3.800811
2004-09-29,3.799886
2004-09-30,3.80079
2004-10-01,3.800773
2004-10-04,3.799837
2004-10-05,3.800634
2004-10-06,3.800765
2004-10-07,3.80091
2004-10-08,3.800162
2004-10-11,3.799871
2004-10-12,3.800439
2004-10-13,3.800766
2004-10-14,3.800436
2004-10-15,3.800467
2004-10-18,3.800305
2004-10-19,3.800464
2004-10-20,3.800635
2004-10-21,3.800016
2004-10-22,3.80184
2004-10-25,3.8005
2004-10-26,3.800454
2004-10-27,3.799875
2004-10-28,3.824089
2004-10-29,3.800031
2004-11-01,3.79989
2004-11-02,3.801259
2004-11-03,3.800768
2004-11-04,3.799441
2004-11-05,3.801027
2004-11-08,3.800031
2004-11-09,3.80048
2004-11-10,3.800724
2004-11-11,3.801164
2004-11-12,3.799706
2004-11-15,3.799846
2004-11-16,3.800324
2004-11-17,3.80086
2004-11-18,3.800292
2004-11-19,3.800154
2004-11-22,3.799739
2004-11-23,3.798915
2004-11-24,3.801004
2004-11-25,3.801635
2004-11-26,3.801027
2004-11-29,3.801314
2004-11-30,3.801053
2004-12-01,3.80006
2004-12-02,3.800285
2004-12-03,3.800451
2004-12-06,3.800893
2004-12-07,3.801873
2004-12-08,3.80188
2004-12-09,3.800451
2004-12-10,3.800849
2004-12-13,3.801477
2004-12-14,3.80033
2004-12-15,3.800717
2004-12-16,3.801433
2004-12-17,3.801719
2004-12-20,3.800045
2004-12-21,3.799761
2004-12-22,3.801031
2004-12-23,3.800758
2004-12-24,3.798774
2004-12-27,3.80003
2004-12-28,3.801584
2004-12-29,3.801808
2004-12-30,3.800279
2004-12-31,3.803098
2005-01-03,3.800326
2005-01-04,3.80015
2005-01-05,3.800741
2005-01-06,3.800046
2005-01-07,3.801061
2005-01-10,3.798138
2005-01-11,3.801339
2005-01-12,3.80105
2005-01-13,3.800484
2005-01-14,3.800703
2005-01-17,3.800459
2005-01-18,3.800842
2005-01-19,3.801192
2005-01-20,3.801484
2005-01-21,3.801049
2005-01-24,3.799311
2005-01-25,3.800307
2005-01-26,3.800769
2005-01-27,3.800937
2005-01-28,3.801381
2005-01-31,3.801304
2005-02-01,3.800031
2005-02-02,3.801623
2005-02-03,3.799554
2005-02-04,3.801513
2005-02-07,3.798972
2005-02-08,3.799984
2005-02-09,3.800737
2005-02-10,3.800501
2005-02-11,3.800156
2005-02-14,3.800571
2005-02-15,3.799631
2005-02-16,3.800307
2005-02-17,3.800169
2005-02-18,3.801212
2005-02-21,3.800153
2005-02-22,3.799591
2005-02-23,3.800576
2005-02-24,3.799623
2005-02-25,3.80076
2005-02-28,3.799728
2005-03-01,3.800469
2005-03-02,3.80116
2005-03-03,3.800746
2005-03-04,3.800457
2005-03-07,3.800182
2005-03-08,3.800619
2005-03-09,3.800165
2005-03-10,3.799911
2005-03-11,3.800015
2005-03-14,3.80175
2005-03-15,3.801016
2005-03-16,3.800344
2005-03-17,3.800568
2005-03-18,3.801039
2005-03-21,3.800061
2005-03-22,3.800152
2005-03-23,3.799617
2005-03-24,3.800262
2005-03-29,3.798391
2005-03-30,3.800896
2005-03-31,3.798982
2005-04-01,3.799907
2005-04-04,3.799891
2005-04-05,3.799922
2005-04-06,3.799922
2005-04-07,3.799892
2005-04-08,3.799906
2005-04-11,3.799938
2005-04-12,3.799923
2005-04-13,3.799954
2005-04-14,3.799922
2005-04-15,3.799891
2005-04-18,3.799954
2005-04-19,3.799938
2005-04-20,3.799908
2005-04-21,3.799893
2005-04-22,3.799954
2005-04-25,3.799938
2005-04-26,3.799938
2005-04-27,3.799923
2005-04-28,3.799923
2005-04-29,3.799954
2005-05-02,3.799891
2005-05-03,3.799938
2005-05-04,3.799892
2005-05-05,3.801065
2005-05-06,3.799954
2005-05-09,3.799906
2005-05-10,3.799907
2005-05-11,3.799953
2005-05-12,3.799937
2005-05-13,3.799921
2005-05-16,3.799937
2005-05-17,3.799937
2005-05-18,3.799937
2005-05-19,3.799953
2005-05-20,3.799952
2005-05-23,3.799888
2005-05-24,3.799952
2005-05-25,3.799904
2005-05-26,3.799888
2005-05-27,3.799936
2005-05-30,3.799952
2005-05-31,3.800016
2005-06-01,3.799967
2005-06-02,3.799967
2005-06-03,3.799984
2005-06-06,3.800033
2005-06-07,3.8
2005-06-08,3.799984
2005-06-09,3.800801
2005-06-10,3.800801
2005-06-13,3.800862
2005-06-14,3.800826
2005-06-15,3.800812
2005-06-16,3.800825
2005-06-17,3.800854
2005-06-20,3.800819
2005-06-21,3.80086
2005-06-22,3.800842
2005-06-23,3.800845
2005-06-24,3.800861
2005-06-27,3.800806
2005-06-28,3.800827
2005-06-29,3.800813
2005-06-30,3.80086
2005-07-01,3.80086
2005-07-04,3.800824
2005-07-05,3.800808
2005-07-06,3.800806
2005-07-07,3.800033
2005-07-08,3.799983
2005-07-11,3.800017
2005-07-12,3.800016
2005-07-13,3.799984
2005-07-14,3.801276
2005-07-15,3.798145
2005-07-18,3.799983
2005-07-19,3.8
2005-07-20,3.799967
2005-07-21,3.800033
2005-07-22,3.780038
2005-07-25,3.751015
2005-07-26,3.750313
2005-07-27,3.751209
2005-07-28,3.751157
2005-07-29,3.750269
2005-08-01,3.750798
2005-08-02,3.746255
2005-08-03,3.746181
2005-08-04,3.754201
2005-08-05,3.750686
2005-08-08,3.747696
2005-08-09,3.748443
2005-08-10,3.746061
2005-08-11,3.751632
2005-08-12,3.750903
2005-08-15,3.756102
2005-08-16,3.76602
2005-08-17,3.767648
2005-08-18,3.768689
2005-08-19,3.765985
2005-08-22,3.769193
2005-08-23,3.769476
2005-08-24,3.770125
2005-08-25,3.768823
2005-08-26,3.765418
2005-08-29,3.769469
2005-08-30,3.772022
2005-08-31,3.77193
2005-09-01,3.771069
2005-09-02,3.764293
2005-09-05,3.758893
2005-09-06,3.766322
2005-09-07,3.769095
2005-09-08,3.769287
2005-09-09,3.769392
2005-09-12,3.768943
2005-09-13,3.769387
2005-09-14,3.768962
2005-09-15,3.76896
2005-09-16,3.769338
2005-09-19,3.769503
2005-09-20,3.769623
2005-09-21,3.769489
2005-09-22,3.769634
2005-09-23,3.769599
2005-09-26,3.770011
2005-09-27,3.769929
2005-09-28,3.769793
2005-09-29,3.770124
2005-09-30,3.769224
2005-10-03,3.769714
2005-10-04,3.769978
2005-10-05,3.771993
2005-10-06,3.771992
2005-10-07,3.769269
2005-10-10,3.771426
2005-10-11,3.771585
2005-10-12,3.772069
2005-10-13,3.772037
2005-10-14,3.771814
2005-10-17,3.773998
2005-10-18,3.773561
2005-10-19,3.773975
2005-10-20,3.774617
2005-10-21,3.774059
2005-10-24,3.774866
2005-10-25,3.774985
2005-10-26,3.774691
2005-10-27,3.775021
2005-10-28,3.775004
2005-10-31,3.774931
2005-11-01,3.776732
2005-11-02,3.775934
2005-11-03,3.776514
2005-11-04,3.776418
2005-11-07,3.777571
2005-11-08,3.777787
2005-11-09,3.777475
2005-11-10,3.777929
2005-11-11,3.77926
2005-11-14,3.778964
2005-11-15,3.779978
2005-11-16,3.779995
2005-11-17,3.779935
2005-11-18,3.779861
2005-11-21,3.779782
2005-11-22,3.779933
2005-11-23,3.779976
2005-11-24,3.780022
2005-11-25,3.779478
2005-11-28,3.779976
2005-11-29,3.779869
2005-11-30,3.777466
2005-12-01,3.779481
2005-12-02,3.779687
2005-12-05,3.780998
2005-12-06,3.780616
2005-12-07,3.780017
2005-12-08,3.774821
2005-12-09,3.766822
2005-12-12,3.776017
2005-12-13,3.77501
2005-12-14,3.779035
2005-12-15,3.776981
2005-12-16,3.778603
2005-12-19,3.779578
2005-12-20,3.779506
2005-12-21,3.779565
2005-12-22,3.778718
2005-12-23,3.779492
2005-12-27,3.779615
2005-12-28,3.77996
2005-12-29,3.780042
2005-12-30,3.779266
2006-01-02,3.779976
2006-01-03,3.778021
2006-01-04,3.774559
2006-01-05,3.759017
2006-01-06,3.753576
2006-01-09,3.748717
2006-01-10,3.748674
2006-01-11,3.747022
2006-01-12,3.741022
2006-01-13,3.739679
2006-01-16,3.744964
2006-01-17,3.749482
2006-01-18,3.756289
2006-01-19,3.748033
2006-01-20,3.745028
2006-01-23,3.748473
2006-01-24,3.747474
2006-01-25,3.744998
2006-01-26,3.745471
2006-01-27,3.750493
2006-01-30,3.770071
2006-01-31,3.750536
2006-02-01,3.750496
2006-02-02,3.748467
2006-02-03,3.744466
2006-02-06,3.739003
2006-02-07,3.733484
2006-02-08,3.734014
2006-02-09,3.729536
2006-02-10,3.723977
2006-02-13,3.723503
2006-02-14,3.721466
2006-02-15,3.721522
2006-02-16,3.720526
2006-02-17,3.720307
2006-02-20,3.718991
2006-02-21,3.718965
2006-02-22,3.721011
2006-02-23,3.714979
2006-02-24,3.714526
2006-02-27,3.713213
2006-02-28,3.715032
2006-03-01,3.70947
2006-03-02,3.706988
2006-03-03,3.705491
2006-03-06,3.706998
2006-03-07,3.713506
2006-03-08,3.718986
2006-03-09,3.719966
2006-03-10,3.717006
2006-03-13,3.719007
2006-03-14,3.714513
2006-03-15,3.704973
2006-03-16,3.704532
2006-03-17,3.704473
2006-03-20,3.697963
2006-03-21,3.695982
2006-03-22,3.691027
2006-03-23,3.690502
2006-03-24,3.696466
2006-03-27,3.694969
2006-03-28,3.694969
2006-03-29,3.695971
2006-03-30,3.690724
2006-03-31,3.68308
2006-04-03,3.681505
2006-04-04,3.678972
2006-04-05,3.671995
2006-04-06,3.666992
2006-04-07,3.668035
2006-04-10,3.668485
2006-04-11,3.668484
2006-04-12,3.67299
2006-04-13,3.670994
2006-04-18,3.673523
2006-04-19,3.663535
2006-04-20,3.661267
2006-04-21,3.65879
2006-04-24,3.648524
2006-04-25,3.642012
2006-04-26,3.640483
2006-04-27,3.630015
2006-04-28,3.624472
2006-05-02,3.61449
2006-05-03,3.608461
2006-05-04,3.611499
2006-05-05,3.606006
2006-05-08,3.592976
2006-05-09,3.589982
2006-05-10,3.580249
2006-05-11,3.580528
2006-05-12,3.580533
2006-05-15,3.610479
2006-05-16,3.602481
2006-05-17,3.576463
2006-05-18,3.604464
2006-05-19,3.618
2006-05-22,3.629499
2006-05-23,3.615528
2006-05-24,3.642518
2006-05-25,3.647354
2006-05-26,3.642494
2006-05-29,3.630977
2006-05-30,3.618973
2006-05-31,3.631023
2006-06-01,3.639997
2006-06-02,3.640499
2006-06-05,3.634511
2006-06-06,3.643964
2006-06-07,3.656971
2006-06-08,3.66753
2006-06-09,3.667035
2006-06-12,3.675787
2006-06-13,3.68483
2006-06-14,3.67253
2006-06-15,3.652022
2006-06-16,3.642005
2006-06-19,3.668493
2006-06-20,3.664993
2006-06-21,3.667036
2006-06-22,3.656493
2006-06-23,3.682531
2006-06-26,3.687525
2006-06-27,3.684969
2006-06-28,3.684487
2006-06-29,3.686966
2006-06-30,3.674506
2006-07-03,3.662002
2006-07-04,3.641467
2006-07-05,3.651008
2006-07-06,3.66651
2006-07-07,3.648537
2006-07-10,3.642487
2006-07-11,3.65201
2006-07-12,3.655007
2006-07-13,3.660022
2006-07-14,3.671009
2006-07-17,3.689498
2006-07-18,3.683026
2006-07-19,3.695001
2006-07-20,3.680535
2006-07-21,3.679022
2006-07-24,3.69453
2006-07-25,3.68748
2006-07-26,3.679987
2006-07-27,3.673
2006-07-28,3.666535
2006-07-31,3.657006
2006-08-01,3.671526
2006-08-02,3.675496
2006-08-03,3.682028
2006-08-04,3.6755
2006-08-07,3.662023
2006-08-08,3.667497
2006-08-09,3.663483
2006-08-10,3.662285
2006-08-11,3.675538
2006-08-14,3.678723
2006-08-15,3.681886
2006-08-16,3.682014
2006-08-17,3.671481
2006-08-18,3.67052
2006-08-21,3.669479
2006-08-22,3.676007
2006-08-23,3.674524
2006-08-24,3.678981
2006-08-25,3.679987
2006-08-28,3.680469
2006-08-29,3.678014
2006-08-30,3.679981
2006-08-31,3.681036
2006-09-01,3.667005
2006-09-04,3.658964
2006-09-05,3.642467
2006-09-06,3.649027
2006-09-07,3.647475
2006-09-08,3.661528
2006-09-11,3.671989
2006-09-12,3.674483
2006-09-13,3.672478
2006-09-14,3.673505
2006-09-15,3.671006
2006-09-18,3.679984
2006-09-19,3.681524
2006-09-20,3.680499
2006-09-21,3.670489
2006-09-22,3.675509
2006-09-25,3.679981
2006-09-26,3.680977
2006-09-27,3.681962
2006-09-28,3.686463
2006-09-29,3.68752
2006-10-02,3.689476
2006-10-03,3.686504
2006-10-04,3.692526
2006-10-05,3.683987
2006-10-06,3.687539
2006-10-09,3.694993
2006-10-10,3.694529
2006-10-11,3.695527
2006-10-12,3.694039
2006-10-13,3.681992
2006-10-16,3.6835
2006-10-17,3.675503
2006-10-18,3.67153
2006-10-19,3.675504
2006-10-20,3.676494
2006-10-23,3.676489
2006-10-24,3.676501
2006-10-25,3.676471
2006-10-26,3.668537
2006-10-27,3.651502
2006-10-30,3.642526
2006-10-31,3.652489
2006-11-01,3.650153
2006-11-02,3.650505
2006-11-03,3.647022
2006-11-06,3.658007
2006-11-07,3.646962
2006-11-08,3.642533
2006-11-09,3.645514
2006-11-10,3.637982
2006-11-13,3.635464
2006-11-14,3.63849
2006-11-15,3.647514
2006-11-16,3.654483
2006-11-17,3.652497
2006-11-20,3.650027
2006-11-21,3.649992
2006-11-22,3.644964
2006-11-23,3.637536
2006-11-24,3.635495
2006-11-27,3.637487
2006-11-28,3.639994
2006-11-29,3.627499
2006-11-30,3.61803
2006-12-01,3.593476
2006-12-04,3.588023
2006-12-05,3.556522
2006-12-06,3.549495
2006-12-07,3.542528
2006-12-08,3.547981
2006-12-11,3.557031
2006-12-12,3.53949
2006-12-13,3.544516
2006-12-14,3.545482
2006-12-15,3.550511
2006-12-18,3.555021
2006-12-19,3.576303
2006-12-20,3.543967
2006-12-21,3.535514
2006-12-22,3.534491
2006-12-27,3.532487
2006-12-28,3.532529
2006-12-29,3.529992
2007-01-02,3.529992
2007-01-03,3.512509
2007-01-04,3.521517
2007-01-05,3.512534
2007-01-08,3.514532
2007-01-09,3.507989
2007-01-10,3.515476
2007-01-11,3.518484
2007-01-12,3.514465
2007-01-15,3.50653
2007-01-16,3.501969
2007-01-17,3.501511
2007-01-18,3.50178
2007-01-19,3.499768
2007-01-22,3.50201
2007-01-23,3.501534
2007-01-24,3.500038
2007-01-25,3.500462
2007-01-26,3.501512
2007-01-29,3.502515
2007-01-30,3.502313
2007-01-31,3.500463
2007-02-01,3.500538
2007-02-02,3.500538
2007-02-05,3.500735
2007-02-06,3.496025
2007-02-07,3.493493
2007-02-08,3.494496
2007-02-09,3.493811
2007-02-12,3.493825
2007-02-13,3.5
2007-02-14,3.498471
2007-02-15,3.496004
2007-02-16,3.493025
2007-02-19,3.492994
2007-02-20,3.491974
2007-02-21,3.493496
2007-02-22,3.494964
2007-02-23,3.493528
2007-02-26,3.491489
2007-02-27,3.495465
2007-02-28,3.50299
2007-03-01,3.506994
2007-03-02,3.506495
2007-03-05,3.517465
2007-03-06,3.513511
2007-03-07,3.511001
2007-03-08,3.506995
2007-03-09,3.503991
2007-03-12,3.500988
2007-03-13,3.50749
2007-03-14,3.511492
2007-03-15,3.512475
2007-03-16,3.508518
2007-03-19,3.500489
2007-03-20,3.496465
2007-03-21,3.474009
2007-03-22,3.467531
2007-03-23,3.456517
2007-03-26,3.452469
2007-03-27,3.450513
2007-03-28,3.462167
2007-03-29,3.454464
2007-03-30,3.457501
2007-04-02,3.459524
2007-04-03,3.460473
2007-04-04,3.45701
2007-04-05,3.450983
2007-04-10,3.446969
2007-04-11,3.449993
2007-04-12,3.448281
2007-04-13,3.441472
2007-04-16,3.441033
2007-04-17,3.43553
2007-04-18,3.428003
2007-04-19,3.427469
2007-04-20,3.421505
2007-04-23,3.421996
2007-04-24,3.422029
2007-04-25,3.42047
2007-04-26,3.420491
2007-04-27,3.420802
2007-04-30,3.421977
2007-05-02,3.42199
2007-05-03,3.420774
2007-05-04,3.42047
2007-05-07,3.414983
2007-05-08,3.407877
2007-05-09,3.403029
2007-05-10,3.401493
2007-05-11,3.409536
2007-05-14,3.401506
2007-05-15,3.40198
2007-05-16,3.400766
2007-05-17,3.401302
2007-05-18,3.400979
2007-05-21,3.391996
2007-05-22,3.387022
2007-05-23,3.389474
2007-05-24,3.3895
2007-05-25,3.390968
2007-05-28,3.387497
2007-05-29,3.394478
2007-05-30,3.400745
2007-05-31,3.398498
2007-06-01,3.399003
2007-06-04,3.39549
2007-06-05,3.406001
2007-06-06,3.419966
2007-06-07,3.425019
2007-06-08,3.465503
2007-06-11,3.468514
2007-06-12,3.443987
2007-06-13,3.474524
2007-06-14,3.465499
2007-06-15,3.457488
2007-06-18,3.422486
2007-06-19,3.437514
2007-06-20,3.429508
2007-06-21,3.455027
2007-06-22,3.453017
2007-06-25,3.465493
2007-06-26,3.476523
2007-06-27,3.483033
2007-06-28,3.466474
2007-06-29,3.452499
2007-07-02,3.434501
2007-07-03,3.446511
2007-07-04,3.446027
2007-07-05,3.447507
2007-07-06,3.449029
2007-07-09,3.440496
2007-07-10,3.439997
2007-07-11,3.451465
2007-07-12,3.450464
2007-07-13,3.445001
2007-07-16,3.440969
2007-07-17,3.444993
2007-07-18,3.451992
2007-07-19,3.437482
2007-07-20,3.409983
2007-07-23,3.408509
2007-07-24,3.401504
2007-07-25,3.423488
2007-07-26,3.439003
2007-07-27,3.459014
2007-07-30,3.462479
2007-07-31,3.454512
2007-08-01,3.472517
2007-08-02,3.469482
2007-08-03,3.462027
2007-08-06,3.466493
2007-08-07,3.467522
2007-08-08,3.455995
2007-08-09,3.469517
2007-08-10,3.476996
2007-08-13,3.474984
2007-08-14,3.478478
2007-08-15,3.487904
2007-08-16,3.505483
2007-08-17,3.515534
2007-08-20,3.488498
2007-08-21,3.497483
2007-08-22,3.482472
2007-08-23,3.482466
2007-08-24,3.487477
2007-08-27,3.483526
2007-08-28,3.493999
2007-08-29,3.502971
2007-08-30,3.503968
2007-08-31,3.501496
2007-09-03,3.502494
2007-09-04,3.508984
2007-09-05,3.508979
2007-09-06,3.503256
2007-09-07,3.504527
2007-09-10,3.512505
2007-09-11,3.514468
2007-09-12,3.493482
2007-09-13,3.477513
2007-09-14,3.482468
2007-09-17,3.489011
2007-09-18,3.488498
2007-09-19,3.455528
2007-09-20,3.446971
2007-09-21,3.444516
2007-09-24,3.42847
2007-09-25,3.436977
2007-09-26,3.426488
2007-09-27,3.417489
2007-09-28,3.407504
2007-10-01,3.395025
2007-10-02,3.405507
2007-10-03,3.411483
2007-10-04,3.410022
2007-10-05,3.401033
2007-10-08,3.393002
2007-10-09,3.396523
2007-10-10,3.374523
2007-10-11,3.364533
2007-10-12,3.369999
2007-10-15,3.368972
2007-10-16,3.382473
2007-10-17,3.375493
2007-10-18,3.36548
2007-10-19,3.358483
2007-10-22,3.374488
2007-10-23,3.373018
2007-10-24,3.369501
2007-10-25,3.355021
2007-10-26,3.345523
2007-10-29,3.338475
2007-10-30,3.344485
2007-10-31,3.335018
2007-11-01,3.332178
2007-11-02,3.340079
2007-11-05,3.348495
2007-11-06,3.337527
2007-11-07,3.330526
2007-11-08,3.330492
2007-11-09,3.318532
2007-11-12,3.337472
2007-11-13,3.349969
2007-11-14,3.345034
2007-11-15,3.371473
2007-11-16,3.379974
2007-11-19,3.372526
2007-11-20,3.36253
2007-11-21,3.382476
2007-11-22,3.382494
2007-11-23,3.360997
2007-11-26,3.356484
2007-11-27,3.37347
2007-11-28,3.382518
2007-11-29,3.371489
2007-11-30,3.364474
2007-12-03,3.355516
2007-12-04,3.341971
2007-12-05,3.343478
2007-12-06,3.348976
2007-12-07,3.327531
2007-12-10,3.318997
2007-12-11,3.314477
2007-12-12,3.317479
2007-12-13,3.312266
2007-12-14,3.318974
2007-12-17,3.340513
2007-12-18,3.352525
2007-12-19,3.352033
2007-12-20,3.352011
2007-12-21,3.349513
2007-12-24,3.339978
2007-12-27,3.333976
2007-12-28,3.317996
2007-12-31,3.306976
2008-01-02,3.310526
2008-01-03,3.289026
2008-01-04,3.283018
2008-01-07,3.281532
2008-01-08,3.270996
2008-01-09,3.264986
2008-01-10,3.268176
2008-01-11,3.258991
2008-01-14,3.252501
2008-01-15,3.25702
2008-01-16,3.268524
2008-01-17,3.276496
2008-01-18,3.271024
2008-01-21,3.292501
2008-01-22,3.294467
2008-01-23,3.282489
2008-01-24,3.272523
2008-01-25,3.241482
2008-01-28,3.241003
2008-01-29,3.237528
2008-01-30,3.234976
2008-01-31,3.235508
2008-02-01,3.235476
2008-02-04,3.229483
2008-02-05,3.22726
2008-02-06,3.231516
2008-02-07,3.238383
2008-02-08,3.231517
2008-02-11,3.24302
2008-02-12,3.23951
2008-02-13,3.238516
2008-02-14,3.234514
2008-02-15,3.22148
2008-02-18,3.220757
2008-02-19,3.222968
2008-02-20,3.224481
2008-02-21,3.221023
2008-02-22,3.216999
2008-02-25,3.215968
2008-02-26,3.212989
2008-02-27,3.203005
2008-02-28,3.2025
2008-02-29,3.194501
2008-03-03,3.198513
2008-03-04,3.184993
2008-03-05,3.183469
2008-03-06,3.166003
2008-03-07,3.167023
2008-03-10,3.2
2008-03-11,3.200988
2008-03-12,3.184015
2008-03-13,3.158503
2008-03-14,3.162522
2008-03-17,3.193025
2008-03-18,3.167269
2008-03-19,3.177989
2008-03-20,3.177981
2008-03-25,3.197508
2008-03-26,3.192489
2008-03-27,3.209489
2008-03-28,3.197518
2008-03-31,3.19852
2008-04-01,3.194508
2008-04-02,3.189483
2008-04-03,3.197475
2008-04-04,3.194505
2008-04-07,3.188492
2008-04-08,3.18848
2008-04-09,3.178494
2008-04-10,3.151496
2008-04-11,3.152024
2008-04-14,3.16151
2008-04-15,3.168499
2008-04-16,3.153503
2008-04-17,3.146988
2008-04-18,3.142015
2008-04-21,3.141527
2008-04-22,3.138472
2008-04-23,3.131995
2008-04-24,3.143509
2008-04-25,3.155489
2008-04-28,3.159521
2008-04-29,3.1515
2008-04-30,3.159009
2008-05-02,3.163993
2008-05-05,3.156986
2008-05-06,3.151468
2008-05-07,3.170512
2008-05-08,3.218479
2008-05-09,3.197503
2008-05-12,3.214517
2008-05-13,3.219479
2008-05-14,3.266015
2008-05-15,3.275494
2008-05-16,3.23603
2008-05-19,3.235989
2008-05-20,3.245476
2008-05-21,3.221482
2008-05-22,3.208505
2008-05-23,3.216491
2008-05-26,3.229491
2008-05-27,3.241751
2008-05-28,3.239972
2008-05-29,3.252524
2008-05-30,3.240005
2008-06-02,3.221506
2008-06-03,3.222985
2008-06-04,3.244472
2008-06-05,3.257499
2008-06-06,3.258511
2008-06-09,3.262988
2008-06-10,3.266005
2008-06-11,3.271995
2008-06-12,3.276772
2008-06-13,3.277517
2008-06-16,3.270975
2008-06-17,3.243523
2008-06-18,3.257471
2008-06-19,3.259996
2008-06-20,3.25599
2008-06-23,3.262483
2008-06-24,3.254496
2008-06-25,3.26303
2008-06-26,3.253512
2008-06-27,3.26251
2008-06-30,3.267508
2008-07-01,3.266498
2008-07-02,3.27401
2008-07-03,3.264526
2008-07-04,3.268521
2008-07-07,3.265478
2008-07-08,3.26149
2008-07-09,3.24448
2008-07-10,3.250509
2008-07-11,3.244016
2008-07-14,3.230517
2008-07-15,3.219512
2008-07-16,3.22753
2008-07-17,3.232507
2008-07-18,3.244499
2008-07-21,3.237987
2008-07-22,3.237012
2008-07-23,3.239502
2008-07-24,3.252982
2008-07-25,3.249587
2008-07-28,3.267497
2008-07-29,3.262528
2008-07-30,3.263006
2008-07-31,3.255973
2008-08-01,3.263516
2008-08-04,3.26802
2008-08-05,3.271518
2008-08-06,3.276974
2008-08-07,3.284985
2008-08-08,3.301513
2008-08-11,3.317013
2008-08-12,3.326491
2008-08-13,3.31752
2008-08-14,3.330985
2008-08-15,3.348021
2008-08-18,3.332495
2008-08-19,3.333992
2008-08-20,3.332496
2008-08-21,3.340084
2008-08-22,3.340019
2008-08-25,3.37401
2008-08-26,3.391012
2008-08-27,3.379021
2008-08-28,3.387516
2008-08-29,3.393485
2008-09-01,3.404487
2008-09-02,3.426495
2008-09-03,3.441521
2008-09-04,3.427526
2008-09-05,3.458482
2008-09-08,3.435486
2008-09-09,3.449024
2008-09-10,3.459486
2008-09-11,3.473518
2008-09-12,3.45251
2008-09-15,3.455021
2008-09-16,3.456508
2008-09-17,3.454513
2008-09-18,3.469521
2008-09-19,3.461506
2008-09-22,3.418983
2008-09-23,3.410495
2008-09-24,3.422532
2008-09-25,3.427007
2008-09-26,3.435997
2008-09-29,3.447488
2008-09-30,3.442495
2008-10-01,3.442511
2008-10-02,3.446522
2008-10-03,3.467471
2008-10-06,3.487531
2008-10-07,3.492518
2008-10-08,3.497779
2008-10-09,3.507967
2008-10-10,3.512483
2008-10-13,3.501503
2008-10-14,3.494474
2008-10-15,3.512514
2008-10-16,3.526468
2008-10-17,3.526485
2008-10-20,3.521976
2008-10-21,3.527002
2008-10-22,3.545978
2008-10-23,3.573536
2008-10-24,3.580978
2008-10-27,3.580979
2008-10-28,3.582468
2008-10-29,3.580501
2008-10-30,3.532489
2008-10-31,3.550992
2008-11-03,3.521526
2008-11-04,3.527535
2008-11-05,3.525019
2008-11-06,3.543461
2008-11-07,3.551976
2008-11-10,3.547048
2008-11-11,3.585471
2008-11-12,3.592498
2008-11-13,3.598483
2008-11-14,3.595503
2008-11-17,3.600474
2008-11-18,3.602466
2008-11-19,3.610021
2008-11-20,3.623505
2008-11-21,3.62252
2008-11-24,3.629531
2008-11-25,3.621029
2008-11-26,3.622497
2008-11-27,3.617519
2008-11-28,3.623478
2008-12-01,3.629521
2008-12-02,3.639521
2008-12-03,3.640022
2008-12-04,3.639461
2008-12-05,3.637505
2008-12-08,3.637467
2008-12-09,3.617464
2008-12-10,3.61501
2008-12-11,3.567007
2008-12-12,3.582534
2008-12-15,3.562472
2008-12-16,3.557487
2008-12-17,3.530479
2008-12-18,3.462507
2008-12-19,3.470517
2008-12-22,3.482534
2008-12-23,3.470525
2008-12-24,3.479472
2008-12-29,3.480028
2008-12-30,3.478508
2008-12-31,3.452468
2009-01-02,3.467474
2009-01-05,3.497497
2009-01-06,3.509526
2009-01-07,3.500478
2009-01-08,3.540501
2009-01-09,3.540485
2009-01-12,3.571525
2009-01-13,3.578495
2009-01-14,3.572535
2009-01-15,3.593963
2009-01-16,3.577468
2009-01-19,3.580489
2009-01-20,3.610518
2009-01-21,3.616499
2009-01-22,3.608287
2009-01-23,3.625479
2009-01-26,3.625481
2009-01-27,3.625474
2009-01-28,3.586501
2009-01-29,3.598963
2009-01-30,3.607522
2009-02-02,3.615517
2009-02-03,3.619503
2009-02-04,3.626463
2009-02-05,3.614623
2009-02-06,3.599015
2009-02-09,3.592482
2009-02-10,3.589034
2009-02-11,3.604267
2009-02-12,3.61599
2009-02-13,3.604539
2009-02-16,3.61747
2009-02-17,3.640494
2009-02-18,3.65751
2009-02-19,3.655018
2009-02-20,3.676515
2009-02-23,3.655493
2009-02-24,3.664499
2009-02-25,3.66948
2009-02-26,3.670474
2009-02-27,3.705473
2009-03-02,3.728009
2009-03-03,3.709473
2009-03-04,3.713501
2009-03-05,3.727519
2009-03-06,3.717491
2009-03-09,3.717469
2009-03-10,3.692482
2009-03-11,3.696465
2009-03-12,3.692536
2009-03-13,3.705463
2009-03-16,3.67252
2009-03-17,3.675012
2009-03-18,3.682483
2009-03-19,3.652476
2009-03-20,3.642483
2009-03-23,3.642204
2009-03-24,3.625528
2009-03-25,3.627983
2009-03-26,3.5944
2009-03-27,3.614968
2009-03-30,3.68074
2009-03-31,3.645476
2009-04-01,3.647516
2009-04-02,3.597521
2009-04-03,3.580037
2009-04-06,3.556535
2009-04-07,3.592531
2009-04-08,3.630489
2009-04-09,3.606494
2009-04-14,3.586472
2009-04-15,3.607531
2009-04-16,3.598969
2009-04-17,3.61648
2009-04-20,3.6325
2009-04-21,3.644525
2009-04-22,3.644474
2009-04-23,3.622529
2009-04-24,3.585475
2009-04-27,3.597029
2009-04-28,3.627001
2009-04-29,3.587517
2009-04-30,3.56
2009-05-04,3.531498
2009-05-05,3.510035
2009-05-06,3.533478
2009-05-07,3.524508
2009-05-08,3.51702
2009-05-11,3.516502
2009-05-12,3.512534
2009-05-13,3.525508
2009-05-14,3.547519
2009-05-15,3.54949
2009-05-18,3.554469
2009-05-19,3.530488
2009-05-20,3.537473
2009-05-21,3.529519
2009-05-22,3.490481
2009-05-25,3.489008
2009-05-26,3.512511
2009-05-27,3.503489
2009-05-28,3.512486
2009-05-29,3.487516
2009-06-01,3.471519
2009-06-02,3.488973
2009-06-03,3.484479
2009-06-04,3.492018
2009-06-05,3.495521
2009-06-08,3.521491
2009-06-09,3.52647
2009-06-10,3.495533
2009-06-11,3.507481
2009-06-12,3.505498
2009-06-15,3.528592
2009-06-16,3.520014
2009-06-17,3.533526
2009-06-18,3.540517
2009-06-19,3.536032
2009-06-22,3.540482
2009-06-23,3.547002
2009-06-24,3.532967
2009-06-25,3.536011
2009-06-26,3.532491
2009-06-29,3.539479
2009-06-30,3.514999
2009-07-01,3.519012
2009-07-02,3.519966
2009-07-03,3.526519
2009-07-06,3.54501
2009-07-07,3.54847
2009-07-08,3.562478
2009-07-09,3.563974
2009-07-10,3.577512
2009-07-13,3.602004
2009-07-14,3.58652
2009-07-15,3.563489
2009-07-16,3.571479
2009-07-17,3.565507
2009-07-20,3.541535
2009-07-21,3.542009
2009-07-22,3.553027
2009-07-23,3.540024
2009-07-24,3.529486
2009-07-27,3.518467
2009-07-28,3.509523
2009-07-29,3.533466
2009-07-30,3.531488
2009-07-31,3.522493
2009-08-03,3.507516
2009-08-04,3.494508
2009-08-05,3.497502
2009-08-06,3.490466
2009-08-07,3.500522
2009-08-10,3.504506
2009-08-11,3.510518
2009-08-12,3.530487
2009-08-13,3.508501
2009-08-14,3.51749
2009-08-17,3.542496
2009-08-18,3.53748
2009-08-19,3.546485
2009-08-20,3.526504
2009-08-21,3.521005
2009-08-24,3.50953
2009-08-25,3.519478
2009-08-26,3.523966
2009-08-27,3.533502
2009-08-28,3.521512
2009-08-31,3.521511
2009-09-01,3.526967
2009-09-02,3.539522
2009-09-03,3.528008
2009-09-04,3.525522
2009-09-07,3.515003
2009-09-08,3.501969
2009-09-09,3.496488
2009-09-10,3.493984
2009-09-11,3.492531
2009-09-14,3.508001
2009-09-15,3.502498
2009-09-16,3.481017
2009-09-17,3.4705
2009-09-18,3.479973
2009-09-21,3.480011
2009-09-22,3.479973
2009-09-23,3.465467
2009-09-24,3.463502
2009-09-25,3.471029
2009-09-28,3.48
2009-09-29,3.485532
2009-09-30,3.460971
2009-10-01,3.465988
2009-10-02,3.479466
2009-10-05,3.460523
2009-10-06,3.434995
2009-10-07,3.417517
2009-10-08,3.390977
2009-10-09,3.398034
2009-10-12,3.4
2009-10-13,3.391483
2009-10-14,3.370472
2009-10-15,3.358517
2009-10-16,3.371511
2009-10-19,3.374514
2009-10-20,3.364505
2009-10-21,3.377522
2009-10-22,3.398533
2009-10-23,3.38249
2009-10-26,3.379519
2009-10-27,3.402514
2009-10-28,3.421982
2009-10-29,3.425007
2009-10-30,3.4125
2009-11-02,3.426483
2009-11-03,3.430482
2009-11-04,3.418468
2009-11-05,3.42147
2009-11-06,3.401494
2009-11-09,3.380272
2009-11-10,3.385006
2009-11-11,3.376471
2009-11-12,3.381986
2009-11-13,3.375504
2009-11-16,3.367524
2009-11-17,3.367529
2009-11-18,3.365982
2009-11-19,3.390971
2009-11-20,3.385488
2009-11-23,3.375468
2009-11-24,3.388002
2009-11-25,3.371478
2009-11-26,3.388494
2009-11-27,3.391004
2009-11-30,3.392531
2009-12-01,3.378267
2009-12-02,3.376474
2009-12-03,3.370503
2009-12-04,3.380475
2009-12-07,3.397511
2009-12-08,3.394477
2009-12-09,3.398497
2009-12-10,3.397488
2009-12-11,3.399471
2009-12-14,3.409504
2009-12-15,3.41352
2009-12-16,3.424519
2009-12-17,3.437496
2009-12-18,3.437469
2009-12-21,3.434786
2009-12-22,3.438616
2009-12-23,3.437518
2009-12-24,3.42999
2009-12-28,3.42999
2009-12-29,3.432481
2009-12-30,3.426001
2009-12-31,3.42399
2010-01-04,3.397526
2010-01-05,3.387481
2010-01-06,3.380976
2010-01-07,3.371435
2010-01-08,3.377496
2010-01-11,3.336523
2010-01-12,3.343968
2010-01-13,3.348761
2010-01-14,3.3395
2010-01-15,3.339502
2010-01-18,3.341499
2010-01-19,3.33952
2010-01-20,3.364492
2010-01-21,3.377489
2010-01-22,3.398019
2010-01-25,3.399477
2010-01-26,3.422506
2010-01-27,3.422257
2010-01-28,3.408743
2010-01-29,3.410998
2010-02-01,3.41472
2010-02-02,3.415513
2010-02-03,3.399528
2010-02-04,3.42103
2010-02-05,3.444014
2010-02-08,3.441536
2010-02-09,3.432776
2010-02-10,3.431514
2010-02-11,3.427468
2010-02-12,3.420498
2010-02-15,3.425369
2010-02-16,3.425379
2010-02-17,3.388751
2010-02-18,3.400752
2010-02-19,3.413492
2010-02-22,3.401512
2010-02-23,3.392502
2010-02-24,3.403484
2010-02-25,3.406776
2010-02-26,3.402727
2010-03-01,3.384473
2010-03-02,3.380278
2010-03-03,3.37248
2010-03-04,3.371013
2010-03-05,3.364011
2010-03-08,3.336993
2010-03-09,3.341521
2010-03-10,3.321014
2010-03-11,3.318518
2010-03-12,3.307011
2010-03-15,3.320467
2010-03-16,3.318371
2010-03-17,3.295289
2010-03-18,3.304612
2010-03-19,3.303292
2010-03-22,3.32247
2010-03-23,3.319476
2010-03-24,3.317514
2010-03-25,3.317011
2010-03-26,3.306523
2010-03-29,3.266498
2010-03-30,3.268506
2010-03-31,3.261963
2010-04-01,3.258465
2010-04-06,3.212526
2010-04-07,3.211469
2010-04-08,3.202467
2010-04-09,3.190003
2010-04-12,3.206478
2010-04-13,3.222778
2010-04-14,3.200514
2010-04-15,3.189014
2010-04-16,3.190026
2010-04-19,3.217987
2010-04-20,3.203989
2010-04-21,3.195992
2010-04-22,3.198965
2010-04-23,3.188265
2010-04-26,3.18347
2010-04-27,3.187509
2010-04-28,3.217516
2010-04-29,3.192517
2010-04-30,3.184529
2010-05-03,3.209473
2010-05-04,3.212468
2010-05-05,3.230501
2010-05-06,3.257484
2010-05-07,3.274517
2010-05-10,3.200478
2010-05-11,3.212474
2010-05-12,3.207473
2010-05-13,3.188528
2010-05-14,3.192523
2010-05-17,3.227468
2010-05-18,3.212987
2010-05-19,3.252486
2010-05-20,3.275499
2010-05-21,3.321037
2010-05-24,3.319498
2010-05-25,3.364477
2010-05-26,3.316516
2010-05-27,3.294492
2010-05-28,3.293039
2010-05-31,3.261477
2010-06-01,3.307528
2010-06-02,3.29301
2010-06-03,3.265487
2010-06-04,3.275539
2010-06-07,3.332469
2010-06-08,3.3275
2010-06-09,3.318485
2010-06-10,3.29863
2010-06-11,3.2835
2010-06-14,3.25251
2010-06-15,3.266112
2010-06-16,3.262035
2010-06-17,3.254469
2010-06-18,3.25097
2010-06-21,3.186506
2010-06-22,3.214472
2010-06-23,3.236004
2010-06-24,3.235524
2010-06-25,3.248983
2010-06-28,3.221007
2010-06-29,3.253976
2010-06-30,3.237715
2010-07-01,3.23402
2010-07-02,3.224976
2010-07-05,3.208523
2010-07-06,3.205501
2010-07-07,3.219464
2010-07-08,3.202528
2010-07-09,3.195537
2010-07-12,3.204025
2010-07-13,3.202482
2010-07-14,3.197512
2010-07-15,3.20198
2010-07-16,3.205538
2010-07-19,3.224975
2010-07-20,3.212473
2010-07-21,3.216431
2010-07-22,3.206537
2010-07-23,3.197488
2010-07-26,3.19751
2010-07-27,3.184532
2010-07-28,3.191502
2010-07-29,3.190986
2010-07-30,3.180995
2010-08-02,3.161478
2010-08-03,3.159519
2010-08-04,3.169468
2010-08-05,3.157464
2010-08-06,3.14701
2010-08-09,3.142986
2010-08-10,3.150994
2010-08-11,3.172019
2010-08-12,3.184988
2010-08-13,3.168529
2010-08-16,3.181513
2010-08-17,3.15902
2010-08-18,3.145497
2010-08-19,3.124572
2010-08-20,3.142082
2010-08-23,3.129172
2010-08-24,3.147173
2010-08-25,3.143582
2010-08-26,3.141889
2010-08-27,3.14615
2010-08-30,3.137795
2010-08-31,3.149527
2010-09-01,3.128672
2010-09-02,3.125293
2010-09-03,3.119448
2010-09-06,3.114572
2010-09-07,3.126962
2010-09-08,3.110105
2010-09-09,3.110499
2010-09-10,3.107112
2010-09-13,3.102023
2010-09-14,3.107782
2010-09-15,3.117484
2010-09-16,3.106744
2010-09-17,3.101991
2010-09-20,3.103029
2010-09-21,3.100991
2010-09-22,3.090991
2010-09-23,3.095474
2010-09-24,3.092976
2010-09-27,3.091044
2010-09-28,3.08841
2010-09-29,3.085005
2010-09-30,3.084774
2010-10-01,3.085531
2010-10-04,3.09201
2010-10-05,3.096517
2010-10-06,3.093967
2010-10-07,3.091983
2010-10-08,3.115179
2010-10-11,3.101536
2010-10-12,3.108509
2010-10-13,3.092993
2010-10-14,3.082973
2010-10-15,3.083469
2010-10-18,3.097006
2010-10-19,3.108522
2010-10-20,3.121492
2010-10-21,3.106022
2010-10-22,3.113966
2010-10-25,3.093507
2010-10-26,3.096535
2010-10-27,3.112367
2010-10-28,3.109475
2010-10-29,3.10962
2010-11-01,3.092489
2010-11-02,3.086032
2010-11-03,3.084986
2010-11-04,3.083123
2010-11-05,3.083073
2010-11-08,3.092477
2010-11-09,3.096235
2010-11-10,3.091213
2010-11-11,3.097956
2010-11-12,3.110787
2010-11-15,3.139513
2010-11-16,3.130473
2010-11-17,3.159632
2010-11-18,3.122444
2010-11-19,3.119789
2010-11-22,3.102
2010-11-23,3.139078
2010-11-24,3.139741
2010-11-25,3.137903
2010-11-26,3.162949
2010-11-29,3.159516
2010-11-30,3.167487
2010-12-01,3.151963
2010-12-02,3.147092
2010-12-03,3.147969
2010-12-06,3.146837
2010-12-07,3.145027
2010-12-08,3.145
2010-12-09,3.147495
2010-12-10,3.134854
2010-12-13,3.139971
2010-12-14,3.126163
2010-12-15,3.142964
2010-12-16,3.137936
2010-12-17,3.131523
2010-12-20,3.146878
2010-12-21,3.129837
2010-12-22,3.125763
2010-12-23,3.113518
2010-12-24,3.095503
2010-12-27,3.095006
2010-12-28,3.094505
2010-12-29,3.084501
2010-12-30,3.079819
2010-12-31,3.064661
2011-01-03,3.064504
2011-01-04,3.064526
2011-01-05,3.070082
2011-01-06,3.06852
2011-01-07,3.069516
2011-01-10,3.080524
2011-01-11,3.069509
2011-01-12,3.062823
2011-01-13,3.055535
2011-01-14,3.062851
2011-01-17,3.055518
2011-01-18,3.057513
2011-01-19,3.052495
2011-01-20,3.060496
2011-01-21,3.059981
2011-01-24,3.058949
2011-01-25,3.055016
2011-01-26,3.051531
2011-01-27,3.050962
2011-01-28,3.054486
2011-01-31,3.059524
2011-02-01,3.051981
2011-02-02,3.038832
2011-02-03,3.029029
2011-02-04,3.030005
2011-02-07,3.031727
2011-02-08,3.031536
2011-02-09,3.038983
2011-02-10,3.048515
2011-02-11,3.062186
2011-02-14,3.05253
2011-02-15,3.048483
2011-02-16,3.046484
2011-02-17,3.042035
2011-02-18,3.026198
2011-02-21,3.037021
2011-02-22,3.050487
2011-02-23,3.046974
2011-02-24,3.060481
2011-02-25,3.049266
2011-02-28,3.047998
2011-03-01,3.030524
2011-03-02,3.035484
2011-03-03,3.030975
2011-03-04,3.02651
2011-03-07,3.027516
2011-03-08,3.034034
2011-03-09,3.032524
2011-03-10,3.036983
2011-03-11,3.041531
2011-03-14,3.035489
2011-03-15,3.067992
2011-03-16,3.056197
2011-03-17,3.056484
2011-03-18,3.045294
2011-03-21,3.032831
2011-03-22,3.026529
2011-03-23,3.028721
2011-03-24,3.023995
2011-03-25,3.022033
2011-03-28,3.027509
2011-03-29,3.028508
2011-03-30,3.025479
2011-03-31,3.02548
2011-04-01,3.025529
2011-04-04,3.025492
2011-04-05,3.025978
2011-04-06,3.025035
2011-04-07,3.028986
2011-04-08,3.016527
2011-04-11,3.020022
2011-04-12,3.026469
2011-04-13,3.022977
2011-04-14,3.02597
2011-04-15,3.023322
2011-04-18,3.023468
2011-04-19,3.025521
2011-04-20,3.013021
2011-04-21,3.007474
2011-04-26,2.98748
2011-04-27,2.978525
2011-04-28,2.973503
2011-04-29,2.961978
2011-05-02,2.962998
2011-05-03,2.975507
2011-05-04,2.977019
2011-05-05,3
2011-05-06,3.002483
2011-05-09,2.989998
2011-05-10,2.991503
2011-05-11,2.979522
2011-05-12,3.013001
2011-05-13,3.007003
2011-05-16,3.056494
2011-05-17,3.048479
2011-05-18,3.03402
2011-05-19,3.022783
2011-05-20,3.018473
2011-05-23,3.058987
2011-05-24,3.049968
2011-05-25,3.062478
2011-05-26,3.040514
2011-05-27,3.033999
2011-05-30,3.018498
2011-05-31,3.012513
2011-06-01,3.006524
2011-06-02,3.015007
2011-06-03,3.011527
2011-06-06,3.008495
2011-06-07,3.00703
2011-06-08,3.026492
2011-06-09,3.025523
2011-06-10,3.020019
2011-06-13,3.040825
2011-06-14,3.031008
2011-06-15,3.037014
2011-06-16,3.05203
2011-06-17,3.030974
2011-06-20,3.03948
2011-06-21,3.032491
2011-06-22,3.025005
2011-06-23,3.032015
2011-06-24,3.045007
2011-06-27,3.058008
2011-06-28,3.050768
2011-06-29,3.031334
2011-06-30,3.018474
2011-07-01,3.00849
2011-07-04,3.00131
2011-07-05,3.007468
2011-07-06,3.01341
2011-07-07,3.011301
2011-07-08,2.988695
2011-07-11,3.01245
2011-07-12,3.031485
2011-07-13,3.022952
2011-07-14,3.004014
2011-07-15,3.006009
2011-07-18,3.012531
2011-07-19,3.006497
2011-07-20,2.997466
2011-07-21,2.998031
2011-07-22,2.971024
2011-07-25,2.971975
2011-07-26,2.953493
2011-07-27,2.948982
2011-07-28,2.95547
2011-07-29,2.966971
2011-08-01,2.939507
2011-08-02,2.962174
2011-08-03,2.967972
2011-08-04,2.99002
2011-08-05,3.016531
2011-08-08,3.031986
2011-08-09,3.027476
2011-08-10,3.00703
2011-08-11,3.003535
2011-08-12,3.002035
2011-08-15,2.980502
2011-08-16,2.983496
2011-08-17,2.972992
2011-08-18,2.981001
2011-08-19,2.981509
2011-08-22,2.968015
2011-08-23,2.96598
2011-08-24,2.975473
2011-08-25,2.990017
2011-08-26,2.988474
2011-08-29,2.981501
2011-08-30,2.98153
2011-08-31,2.970311
2011-09-01,2.967028
2011-09-02,2.96738
2011-09-05,2.981523
2011-09-06,2.982978
2011-09-07,2.987532
2011-09-08,2.994517
2011-09-09,3.006007
2011-09-12,3.035516
2011-09-13,3.066471
2011-09-14,3.073494
2011-09-15,3.085031
2011-09-16,3.085029
2011-09-19,3.123525
2011-09-20,3.119475
2011-09-21,3.141464
2011-09-22,3.178465
2011-09-23,3.202532
2011-09-26,3.185481
2011-09-27,3.150527
2011-09-28,3.154501
2011-09-29,3.179434
2011-09-30,3.192772
2011-10-03,3.207999
2011-10-04,3.201275
2011-10-05,3.186024
2011-10-06,3.177029
2011-10-07,3.159893
2011-10-10,3.1258
2011-10-11,3.141471
2011-10-12,3.126398
2011-10-13,3.139506
2011-10-14,3.128486
2011-10-17,3.100102
2011-10-18,3.133519
2011-10-19,3.106523
2011-10-20,3.123778
2011-10-21,3.144659
2011-10-24,3.134527
2011-10-25,3.127245
2011-10-26,3.142529
2011-10-27,3.091965
2011-10-28,3.066314
2011-10-31,3.073495
2011-11-01,3.120643
2011-11-02,3.132015
2011-11-03,3.134466
2011-11-04,3.123357
2011-11-07,3.122471
2011-11-08,3.123586
2011-11-09,3.126238
2011-11-10,3.151513
2011-11-11,3.147912
2011-11-14,3.136979
2011-11-15,3.156518
2011-11-16,3.151513
2011-11-17,3.158531
2011-11-18,3.160504
2011-11-21,3.185392
2011-11-22,3.175471
2011-11-23,3.187495
2011-11-24,3.182981
2011-11-25,3.197218
2011-11-28,3.178004
2011-11-29,3.168491
2011-11-30,3.174989
2011-12-01,3.119404
2011-12-02,3.129006
2011-12-05,3.130487
2011-12-06,3.134986
2011-12-07,3.128504
2011-12-08,3.131991
2011-12-09,3.148536
2011-12-12,3.165497
2011-12-13,3.175025
2011-12-14,3.187793
2011-12-15,3.188263
2011-12-16,3.175521
2011-12-19,3.183987
2011-12-20,3.179517
2011-12-21,3.168531
2011-12-22,3.162489
2011-12-23,3.154477
2011-12-27,3.173464
2011-12-28,3.164984
2011-12-29,3.179533
2011-12-30,3.172965
2012-01-02,3.172246
2012-01-03,3.139465
2012-01-04,3.13701
2012-01-05,3.147522
2012-01-06,3.143472
2012-01-09,3.15352
2012-01-10,3.132964
2012-01-11,3.140038
2012-01-12,3.139997
2012-01-13,3.132488
2012-01-16,3.139474
2012-01-17,3.117514
2012-01-18,3.119009
2012-01-19,3.103478
2012-01-20,3.101535
2012-01-23,3.082892
2012-01-24,3.087518
2012-01-25,3.083217
2012-01-26,3.040472
2012-01-27,3.038494
2012-01-30,3.058505
2012-01-31,3.045537
2012-02-01,3.041973
2012-02-02,3.017031
2012-02-03,3.010334
2012-02-06,3.019015
2012-02-07,3.012964
2012-02-08,3.004219
2012-02-09,3.010536
2012-02-10,3.036015
2012-02-13,3.026709
2012-02-14,3.04298
2012-02-15,3.036664
2012-02-16,3.06147
2012-02-17,3.036021
2012-02-20,3.018468
2012-02-21,3.025034
2012-02-22,3.027513
2012-02-23,3.016015
2012-02-24,3.014092
2012-02-27,3.025022
2012-02-28,3.008994
2012-02-29,2.995983
2012-03-01,3.003981
2012-03-02,3.003783
2012-03-05,3.018533
2012-03-06,3.030031
2012-03-07,3.026982
2012-03-08,3.003474
2012-03-09,3.0094
2012-03-12,3.033463
2012-03-13,3.035996
2012-03-14,3.058797
2012-03-15,3.058972
2012-03-16,3.054819
2012-03-19,3.053004
2012-03-20,3.082134
2012-03-21,3.0769
2012-03-22,3.091365
2012-03-23,3.076499
2012-03-26,3.074495
2012-03-27,3.056026
2012-03-28,3.061708
2012-03-29,3.06947
2012-03-30,3.063492
2012-04-02,3.054509
2012-04-03,3.049718
2012-04-04,3.065972
2012-04-05,3.069024
2012-04-10,3.075416
2012-04-11,3.072119
2012-04-12,3.068501
2012-04-13,3.057271
2012-04-16,3.063498
2012-04-17,3.062976
2012-04-18,3.063469
2012-04-19,3.06549
2012-04-20,3.063978
2012-04-23,3.067474
2012-04-24,3.064737
2012-04-25,3.059821
2012-04-26,3.05403
2012-04-27,3.04029
2012-04-30,3.026033
2012-05-02,3.028482
2012-05-03,3.032538
2012-05-04,3.041197
2012-05-07,3.054017
2012-05-08,3.055816
2012-05-09,3.073977
2012-05-10,3.06751
2012-05-11,3.070921
2012-05-14,3.082018
2012-05-15,3.078019
2012-05-16,3.115795
2012-05-17,3.113468
2012-05-18,3.134974
2012-05-21,3.13349
2012-05-22,3.128524
2012-05-23,3.145588
2012-05-24,3.14247
2012-05-25,3.153515
2012-05-28,3.143005
2012-05-29,3.156672
2012-05-30,3.162004
2012-05-31,3.175038
2012-06-01,3.200292
2012-06-04,3.200289
2012-06-05,3.200016
2012-06-06,3.175491
2012-06-07,3.163398
2012-06-08,3.184793
2012-06-11,3.172513
2012-06-12,3.180516
2012-06-13,3.17648
2012-06-14,3.1862
2012-06-15,3.162988
2012-06-18,3.156522
2012-06-19,3.157461
2012-06-20,3.156565
2012-06-21,3.17648
2012-06-22,3.190526
2012-06-25,3.195307
2012-06-26,3.190461
2012-06-27,3.190014
2012-06-28,3.195039
2012-06-29,3.173948
2012-07-02,3.163106
2012-07-03,3.151332
2012-07-04,3.154538
2012-07-05,3.16377
2012-07-06,3.174356
2012-07-09,3.188319
2012-07-10,3.177534
2012-07-11,3.176509
2012-07-12,3.192314
2012-07-13,3.185474
2012-07-16,3.18034
2012-07-17,3.168472
2012-07-18,3.163479
2012-07-19,3.146985
2012-07-20,3.151475
2012-07-23,3.171912
2012-07-24,3.180826
2012-07-25,3.173727
2012-07-26,3.16199
2012-07-27,3.161322
2012-07-30,3.151478
2012-07-31,3.130495
2012-08-01,3.114409
2012-08-02,3.118662
2012-08-03,3.125929
2012-08-06,3.105986
2012-08-07,3.101962
2012-08-08,3.102464
2012-08-09,3.10487
2012-08-10,3.11711
2012-08-13,3.122133
2012-08-14,3.116337
2012-08-15,3.126588
2012-08-16,3.128186
2012-08-17,3.132771
2012-08-20,3.128455
2012-08-21,3.114982
2012-08-22,3.121144
2012-08-23,3.096319
2012-08-24,3.101463
2012-08-27,3.109976
2012-08-28,3.118983
2012-08-29,3.121004
2012-08-30,3.126993
2012-08-31,3.121085
2012-09-03,3.112508
2012-09-04,3.107322
2012-09-05,3.121482
2012-09-06,3.116078
2012-09-07,3.107036
2012-09-10,3.102536
2012-09-11,3.090013
2012-09-12,3.073821
2012-09-13,3.081332
2012-09-14,3.037037
2012-09-17,3.045468
2012-09-18,3.066493
2012-09-19,3.060452
2012-09-20,3.073182
2012-09-21,3.049815
2012-09-24,3.07301
2012-09-25,3.070987
2012-09-26,3.083768
2012-09-27,3.076278
2012-09-28,3.062336
2012-10-01,3.062282
2012-10-02,3.051972
2012-10-03,3.060989
2012-10-04,3.057602
2012-10-05,3.052684
2012-10-08,3.072465
2012-10-09,3.073033
2012-10-10,3.074172
2012-10-11,3.067193
2012-10-12,3.057672
2012-10-15,3.058438
2012-10-16,3.0499
2012-10-17,3.031174
2012-10-18,3.037277
2012-10-19,3.052167
2012-10-22,3.051979
2012-10-23,3.056824
2012-10-24,3.061273
2012-10-25,3.043562
2012-10-26,3.055082
2012-10-29,3.061482
2012-10-30,3.051998
2012-10-31,3.047564
2012-11-01,3.052023
2012-11-02,3.053463
2012-11-05,3.063473
2012-11-06,3.063984
2012-11-07,3.053272
2012-11-08,3.063521
2012-11-09,3.064676
2012-11-12,3.063761
2012-11-13,3.069471
2012-11-14,3.057834
2012-11-15,3.064989
2012-11-16,3.069988
2012-11-19,3.063861
2012-11-20,3.057928
2012-11-21,3.060523
2012-11-22,3.060963
2012-11-23,3.058719
2012-11-26,3.054998
2012-11-27,3.046987
2012-11-28,3.052595
2012-11-29,3.045175
2012-11-30,3.039812
2012-12-03,3.042583
2012-12-04,3.042316
2012-12-05,3.041332
2012-12-06,3.048118
2012-12-07,3.055715
2012-12-10,3.06133
2012-12-11,3.057031
2012-12-12,3.051534
2012-12-13,3.054676
2012-12-14,3.056494
2012-12-17,3.059574
2012-12-18,3.053271
2012-12-19,3.053526
2012-12-20,3.055488
2012-12-21,3.060792
2012-12-24,3.064836
2012-12-27,3.060305
2012-12-28,3.061291
2012-12-31,3.057981
2013-01-02,3.035364
2013-01-03,3.031522
2013-01-04,3.047725
2013-01-07,3.043485
2013-01-08,3.042717
2013-01-09,3.039369
2013-01-10,3.029589
2013-01-11,3.021019
2013-01-14,3.017015
2013-01-15,3.00998
2013-01-16,3.019507
2013-01-17,3.015485
2013-01-18,3.012609
2013-01-21,3.034902
2013-01-22,3.042502
2013-01-23,3.043436
2013-01-24,3.047569
2013-01-25,3.052491
2013-01-28,3.045968
2013-01-29,3.083526
2013-01-30,3.083672
2013-01-31,3.105978
2013-02-01,3.111404
2013-02-04,3.105077
2013-02-05,3.095811
2013-02-06,3.097137
2013-02-07,3.100694
2013-02-08,3.098176
2013-02-11,3.098499
2013-02-12,3.09994
2013-02-13,3.09043
2013-02-14,3.089217
2013-02-15,3.094034
2013-02-18,3.099461
2013-02-19,3.104352
2013-02-20,3.096485
2013-02-21,3.107462
2013-02-22,3.101471
2013-02-25,3.098241
2013-02-26,3.102088
2013-02-27,3.10071
2013-02-28,3.093686
2013-03-01,3.097077
2013-03-04,3.107019
2013-03-05,3.102655
2013-03-06,3.106789
2013-03-07,3.10761
2013-03-08,3.106035
2013-03-11,3.110205
2013-03-12,3.109017
2013-03-13,3.108004
2013-03-14,3.110922
2013-03-15,3.12372
2013-03-18,3.131487
2013-03-19,3.121833
2013-03-20,3.122518
2013-03-21,3.121611
2013-03-22,3.112064
2013-03-25,3.09857
2013-03-26,3.096182
2013-03-27,3.097666
2013-03-28,3.096447
2013-04-02,3.077804
2013-04-03,3.08232
2013-04-04,3.079888
2013-04-05,3.060569
2013-04-08,3.057514
2013-04-09,3.036426
2013-04-10,3.029803
2013-04-11,3.033463
2013-04-12,3.038768
2013-04-15,3.039982
2013-04-16,3.040064
2013-04-17,3.035113
2013-04-18,3.034036
2013-04-19,3.035532
2013-04-22,3.048708
2013-04-23,3.057583
2013-04-24,3.048132
2013-04-25,3.037309
2013-04-26,3.034387
2013-04-29,3.032563
2013-04-30,3.041922
2013-05-02,3.050413
2013-05-03,3.034162
2013-05-06,2.977493
2013-05-07,2.98085
2013-05-08,2.961782
2013-05-09,2.973977
2013-05-10,2.987296
2013-05-13,2.997765
2013-05-14,2.988903
2013-05-15,3.001555
2013-05-16,3.011482
2013-05-17,3.021991
2013-05-20,3.014005
2013-05-21,3.019975
2013-05-22,3.021512
2013-05-23,3.030726
2013-05-24,3.034469
2013-05-27,3.028828
2013-05-28,3.041428
2013-05-29,3.078521
2013-05-30,3.079033
2013-05-31,3.096033
2013-06-03,3.099016
2013-06-04,3.094485
2013-06-05,3.079207
2013-06-06,3.085684
2013-06-07,3.093514
2013-06-10,3.13998
2013-06-11,3.155504
2013-06-12,3.131506
2013-06-13,3.132707
2013-06-14,3.115463
2013-06-17,3.131064
2013-06-18,3.155002
2013-06-19,3.151574
2013-06-20,3.203636
2013-06-21,3.20349
2013-06-24,3.218096
2013-06-25,3.182503
2013-06-26,3.207924
2013-06-27,3.17388
2013-06-28,3.16055
2013-07-01,3.164532
2013-07-02,3.167396
2013-07-03,3.186588
2013-07-04,3.180684
2013-07-05,3.188465
2013-07-08,3.201868
2013-07-09,3.187835
2013-07-10,3.179817
2013-07-11,3.168277
2013-07-12,3.177536
2013-07-15,3.190363
2013-07-16,3.176704
2013-07-17,3.191535
2013-07-18,3.193233
2013-07-19,3.194011
2013-07-22,3.180389
2013-07-23,3.178528
2013-07-24,3.187528
2013-07-25,3.198531
2013-07-26,3.207692
2013-07-29,3.225998
2013-07-30,3.225534
2013-07-31,3.250697
2013-08-01,3.24252
2013-08-02,3.262516
2013-08-05,3.2315
2013-08-06,3.246687
2013-08-07,3.254491
2013-08-08,3.246482
2013-08-09,3.254468
2013-08-12,3.248494
2013-08-13,3.258465
2013-08-14,3.273503
2013-08-15,3.277506
2013-08-16,3.277211
2013-08-19,3.287095
2013-08-20,3.285992
2013-08-21,3.293485
2013-08-22,3.315469
2013-08-23,3.301011
2013-08-26,3.307163
2013-08-27,3.331009
2013-08-28,3.334532
2013-08-29,3.298206
2013-08-30,3.29082
2013-09-02,3.272507
2013-09-03,3.287352
2013-09-04,3.284033
2013-09-05,3.306772
2013-09-06,3.328962
2013-09-09,3.291496
2013-09-10,3.276435
2013-09-11,3.263416
2013-09-12,3.274718
2013-09-13,3.291463
2013-09-16,3.290035
2013-09-17,3.24401
2013-09-18,3.234422
2013-09-19,3.153488
2013-09-20,3.165014
2013-09-23,3.194033
2013-09-24,3.216804
2013-09-25,3.222156
2013-09-26,3.214386
2013-09-27,3.227598
2013-09-30,3.265679
2013-10-01,3.235576
2013-10-02,3.227895
2013-10-03,3.195307
2013-10-04,3.178621
2013-10-07,3.185087
2013-10-08,3.187537
2013-10-09,3.198076
2013-10-10,3.186521
2013-10-11,3.178829
2013-10-14,3.181215
2013-10-15,3.181502
2013-10-16,3.171816
2013-10-17,3.151003
2013-10-18,3.156752
2013-10-21,3.169679
2013-10-22,3.173322
2013-10-23,3.167685
2013-10-24,3.1477
2013-10-25,3.156565
2013-10-28,3.135519
2013-10-29,3.145264
2013-10-30,3.147219
2013-10-31,3.155414
2013-11-01,3.178304
2013-11-04,3.178513
2013-11-05,3.173188
2013-11-06,3.179034
2013-11-07,3.180172
2013-11-08,3.178468
2013-11-11,3.199791
2013-11-12,3.212329
2013-11-13,3.211703
2013-11-14,3.205121
2013-11-15,3.202303
2013-11-18,3.1851
2013-11-19,3.178492
2013-11-20,3.18038
2013-11-21,3.205018
2013-11-22,3.220817
2013-11-25,3.219328
2013-11-26,3.22027
2013-11-27,3.230509
2013-11-28,3.23249
2013-11-29,3.2257
2013-12-02,3.208998
2013-12-03,3.216011
2013-12-04,3.224985
2013-12-05,3.228115
2013-12-06,3.234902
2013-12-09,3.208789
2013-12-10,3.206836
2013-12-11,3.214135
2013-12-12,3.228022
2013-12-13,3.236323
2013-12-16,3.239402
2013-12-17,3.252164
2013-12-18,3.259001
2013-12-19,3.275774
2013-12-20,3.288026
2013-12-23,3.292731
2013-12-24,3.294724
2013-12-27,3.287679
2013-12-30,3.294493
2013-12-31,3.279023
2014-01-02,3.291404
2014-01-03,3.282969
2014-01-06,3.284885
2014-01-07,3.28407
2014-01-08,3.275416
2014-01-09,3.27799
2014-01-10,3.269522
2014-01-13,3.26278
2014-01-14,3.263847
2014-01-15,3.286271
2014-01-16,3.297345
2014-01-17,3.295936
2014-01-20,3.317411
2014-01-21,3.338164
2014-01-22,3.331785
2014-01-23,3.330523
2014-01-24,3.353693
2014-01-27,3.34251
2014-01-28,3.334823
2014-01-29,3.333701
2014-01-30,3.345882
2014-01-31,3.347514
2014-02-03,3.372277
2014-02-04,3.328575
2014-02-05,3.312043
2014-02-06,3.325898
2014-02-07,3.336894
2014-02-10,3.343892
2014-02-11,3.332773
2014-02-12,3.322478
2014-02-13,3.322486
2014-02-14,3.294667
2014-02-17,3.294401
2014-02-18,3.297502
2014-02-19,3.295016
2014-02-20,3.309499
2014-02-21,3.294521
2014-02-24,3.283873
2014-02-25,3.2805
2014-02-26,3.275317
2014-02-27,3.280097
2014-02-28,3.276985
2014-03-03,3.284573
2014-03-04,3.272008
2014-03-05,3.272065
2014-03-06,3.260822
2014-03-07,3.256514
2014-03-10,3.283265
2014-03-11,3.280433
2014-03-12,3.289767
2014-03-13,3.273992
2014-03-14,3.280107
2014-03-17,3.277003
2014-03-18,3.276507
2014-03-19,3.282326
2014-03-20,3.296396
2014-03-21,3.308491
2014-03-24,3.301147
2014-03-25,3.305823
2014-03-26,3.299108
2014-03-27,3.290013
2014-03-28,3.262664
2014-03-31,3.261967
2014-04-01,3.266062
2014-04-02,3.27481
2014-04-03,3.28393
2014-04-04,3.280219
2014-04-07,3.268017
2014-04-08,3.240017
2014-04-09,3.22749
2014-04-10,3.226004
2014-04-11,3.237024
2014-04-14,3.250669
2014-04-15,3.244005
2014-04-16,3.242124
2014-04-17,3.237892
2014-04-22,3.266121
2014-04-23,3.267096
2014-04-24,3.269465
2014-04-25,3.270479
2014-04-28,3.268379
2014-04-29,3.259005
2014-04-30,3.264404
2014-05-02,3.262011
2014-05-05,3.256235
2014-05-06,3.253998
2014-05-07,3.247505
2014-05-08,3.250699
2014-05-09,3.228503
2014-05-12,3.238794
2014-05-13,3.238488
2014-05-14,3.222465
2014-05-15,3.226005
2014-05-16,3.226416
2014-05-19,3.210791
2014-05-20,3.219165
2014-05-21,3.215999
2014-05-22,3.212174
2014-05-23,3.210051
2014-05-26,3.209974
2014-05-27,3.21902
2014-05-28,3.223178
2014-05-29,3.212974
2014-05-30,3.216359
2014-06-02,3.228271
2014-06-03,3.228948
2014-06-04,3.24202
2014-06-05,3.225326
2014-06-06,3.212212
2014-06-09,3.197972
2014-06-10,3.2075
2014-06-11,3.213996
2014-06-12,3.215035
2014-06-13,3.219743
2014-06-16,3.225687
2014-06-17,3.223614
2014-06-18,3.233208
2014-06-19,3.216814
2014-06-20,3.223506
2014-06-23,3.213519
2014-06-24,3.213467
2014-06-25,3.224532
2014-06-26,3.219829
2014-06-27,3.212482
2014-06-30,3.211012
2014-07-01,3.206677
2014-07-02,3.200498
2014-07-03,3.194782
2014-07-04,3.185973
2014-07-07,3.189597
2014-07-08,3.17183
2014-07-09,3.1743
2014-07-10,3.184799
2014-07-11,3.186392
2014-07-14,3.181918
2014-07-15,3.191875
2014-07-16,3.189033
2014-07-17,3.178189
2014-07-18,3.181664
2014-07-21,3.172289
2014-07-22,3.17521
2014-07-23,3.167768
2014-07-24,3.178964
2014-07-25,3.173735
2014-07-28,3.177176
2014-07-29,3.174473
2014-07-30,3.182673
2014-07-31,3.196726
2014-08-01,3.212019
2014-08-04,3.201982
2014-08-05,3.187491
2014-08-06,3.2
2014-08-07,3.207286
2014-08-08,3.200105
2014-08-11,3.198864
2014-08-12,3.197288
2014-08-13,3.192964
2014-08-14,3.17139
2014-08-15,3.154467
2014-08-18,3.156691
2014-08-19,3.157481
2014-08-20,3.166968
2014-08-21,3.171769
2014-08-22,3.164317
2014-08-25,3.162576
2014-08-26,3.157216
2014-08-27,3.146316
2014-08-28,3.157535
2014-08-29,3.158022
2014-09-01,3.159598
2014-09-02,3.184598
2014-09-03,3.181811
2014-09-04,3.175182
2014-09-05,3.182499
2014-09-08,3.175716
2014-09-09,3.193303
2014-09-10,3.203805
2014-09-11,3.197478
2014-09-12,3.194494
2014-09-15,3.230269
2014-09-16,3.223801
2014-09-17,3.221828
2014-09-18,3.254972
2014-09-19,3.237317
2014-09-22,3.244064
2014-09-23,3.245113
2014-09-24,3.240293
2014-09-25,3.259361
2014-09-26,3.260917
2014-09-29,3.262735
2014-09-30,3.283319
2014-10-01,3.268984
2014-10-02,3.252316
2014-10-03,3.265774
2014-10-06,3.262714
2014-10-07,3.264694
2014-10-08,3.273072
2014-10-09,3.239285
2014-10-10,3.257794
2014-10-13,3.261771
2014-10-14,3.271865
2014-10-15,3.27562
2014-10-16,3.296337
2014-10-17,3.272089
2014-10-20,3.270492
2014-10-21,3.263438
2014-10-22,3.262507
2014-10-23,3.270976
2014-10-24,3.277984
2014-10-27,3.27652
2014-10-28,3.272356
2014-10-29,3.270236
2014-10-30,3.285918
2014-10-31,3.290482
2014-11-03,3.318018
2014-11-04,3.328992
2014-11-05,3.349199
2014-11-06,3.336263
2014-11-07,3.346002
2014-11-10,3.33053
2014-11-11,3.345299
2014-11-12,3.330874
2014-11-13,3.336304
2014-11-14,3.358717
2014-11-17,3.350992
2014-11-18,3.353125
2014-11-19,3.360112
2014-11-20,3.366935
2014-11-21,3.337868
2014-11-24,3.353586
2014-11-25,3.352463
2014-11-26,3.351182
2014-11-27,3.346474
2014-11-28,3.391813
2014-12-01,3.426097
2014-12-02,3.437299
2014-12-03,3.447003
2014-12-04,3.448461
2014-12-05,3.471202
2014-12-08,3.492821
2014-12-09,3.480395
2014-12-10,3.477082
2014-12-11,3.490908
2014-12-12,3.494137
2014-12-15,3.502736
2014-12-16,3.491186
2014-12-17,3.486504
2014-12-18,3.461213
2014-12-19,3.474876
2014-12-22,3.494494
2014-12-23,3.496029
2014-12-24,3.496931
2014-12-29,3.497499
2014-12-30,3.499918
2014-12-31,3.498312
2015-01-02,3.516483
2015-01-05,3.543013
2015-01-06,3.571429
2015-01-07,3.581777
2015-01-08,3.559653
2015-01-09,3.559976
2015-01-12,3.567011
2015-01-13,3.59209
2015-01-14,3.5938
2015-01-15,3.560728
2015-01-16,3.558336
2015-01-19,3.571478
2015-01-20,3.607479
2015-01-21,3.608039
2015-01-22,3.582114
2015-01-23,3.59716
2015-01-26,3.609392
2015-01-27,3.603485
2015-01-28,3.618477
2015-01-29,3.631374
2015-01-30,3.635559
2015-02-02,3.624138
2015-02-03,3.588168
2015-02-04,3.566661
2015-02-05,3.55872
2015-02-06,3.524679
2015-02-09,3.560266
2015-02-10,3.57918
2015-02-11,3.616581
2015-02-12,3.608227
2015-02-13,3.574642
2015-02-16,3.58047
2015-02-17,3.584669
2015-02-18,3.622934
2015-02-19,3.627733
2015-02-20,3.648522
2015-02-23,3.637192
2015-02-24,3.642037
2015-02-25,3.6055
2015-02-26,3.577185
2015-02-27,3.609964
2015-03-02,3.631513
2015-03-03,3.635118
2015-03-04,3.652373
2015-03-05,3.651278
2015-03-06,3.641613
2015-03-09,3.677993
2015-03-10,3.705159
2015-03-11,3.697202
2015-03-12,3.680486
2015-03-13,3.690976
2015-03-16,3.701241
2015-03-17,3.69638
2015-03-18,3.709592
2015-03-19,3.704692
2015-03-20,3.730419
2015-03-23,3.695015
2015-03-24,3.648493
2015-03-25,3.665999
2015-03-26,3.664631
2015-03-27,3.684046
2015-03-30,3.711019
2015-03-31,3.706014
2015-04-01,3.69921
2015-04-02,3.660203
2015-04-07,3.644049
2015-04-08,3.630179
2015-04-09,3.625394
2015-04-10,3.666982
2015-04-13,3.712282
2015-04-14,3.700492
2015-04-15,3.706021
2015-04-16,3.645411
2015-04-17,3.616608
2015-04-20,3.630514
2015-04-21,3.631682
2015-04-22,3.594806
2015-04-23,3.626717
2015-04-24,3.574095
2015-04-27,3.560617
2015-04-28,3.546719
2015-04-29,3.560989
2015-04-30,3.557289
2015-05-04,3.60043
2015-05-05,3.613025
2015-05-06,3.569813
2015-05-07,3.597612
2015-05-08,3.597006
2015-05-11,3.599174
2015-05-12,3.613222
2015-05-13,3.596827
2015-05-14,3.569665
2015-05-15,3.57071
2015-05-18,3.569233
2015-05-19,3.596333
2015-05-20,3.613959
2015-05-21,3.60397
2015-05-22,3.58411
2015-05-25,3.613409
2015-05-26,3.628226
2015-05-27,3.646783
2015-05-28,3.652441
2015-05-29,3.664084
2015-06-01,3.688596
2015-06-02,3.696527
2015-06-03,3.68951
2015-06-04,3.699479
2015-06-05,3.723124
2015-06-08,3.769486
2015-06-09,3.752511
2015-06-10,3.738718
2015-06-11,3.744836
2015-06-12,3.752763
2015-06-15,3.760474
2015-06-16,3.754525
2015-06-17,3.755297
2015-06-18,3.703174
2015-06-19,3.743517
2015-06-22,3.732481
2015-06-23,3.741967
2015-06-24,3.761884
2015-06-25,3.757541
2015-06-26,3.786467
2015-06-29,3.778856
2015-06-30,3.770221
2015-07-01,3.761802
2015-07-02,3.775258
2015-07-03,3.77947
2015-07-06,3.817042
2015-07-07,3.817309
2015-07-08,3.807964
2015-07-09,3.795187
2015-07-10,3.79401
2015-07-13,3.806589
2015-07-14,3.799474
2015-07-15,3.802979
2015-07-16,3.801509
2015-07-17,3.796767
2015-07-20,3.810265
2015-07-21,3.801325
2015-07-22,3.793708
2015-07-23,3.804528
2015-07-24,3.825213
2015-07-27,3.82004
2015-07-28,3.814966
2015-07-29,3.810335
2015-07-30,3.818987
2015-07-31,3.831039
2015-08-03,3.851794
2015-08-04,3.852274
2015-08-05,3.877791
2015-08-06,3.91254
2015-08-07,3.926515
2015-08-10,3.936496
2015-08-11,3.973496
2015-08-12,4.039534
2015-08-13,4.010712
2015-08-14,4.080476
2015-08-17,4.101802
2015-08-18,4.090416
2015-08-19,4.101984
2015-08-20,4.106233
2015-08-21,4.158763
2015-08-24,4.267461
2015-08-25,4.214236
2015-08-26,4.246009
2015-08-27,4.231833
2015-08-28,4.185747
2015-08-31,4.190638
2015-09-01,4.182983
2015-09-02,4.210662
2015-09-03,4.240182
2015-09-04,4.248967
2015-09-07,4.335816
2015-09-08,4.339276
2015-09-09,4.313044
2015-09-10,4.31274
2015-09-11,4.316826
2015-09-14,4.304821
2015-09-15,4.292138
2015-09-16,4.233256
2015-09-17,4.223037
2015-09-18,4.208162
2015-09-21,4.260533
2015-09-22,4.304527
2015-09-23,4.347175
2015-09-24,4.346766
2015-09-25,4.386333
2015-09-28,4.423456
2015-09-29,4.447965
2015-09-30,4.394983
2015-10-01,4.406707
2015-10-02,4.414964
2015-10-05,4.368993
2015-10-06,4.362259
2015-10-07,4.20735
2015-10-08,4.220722
2015-10-09,4.129467
2015-10-12,4.147542
2015-10-13,4.196852
2015-10-14,4.211656
2015-10-15,4.123263
2015-10-16,4.177993
2015-10-19,4.208506
2015-10-20,4.267476
2015-10-21,4.286507
2015-10-22,4.283833
2015-10-23,4.227896
2015-10-26,4.224957
2015-10-27,4.274478
2015-10-28,4.270456
2015-10-29,4.337969
2015-10-30,4.297903
2015-11-02,4.300308
2015-11-03,4.291545
2015-11-04,4.265021
2015-11-05,4.298539
2015-11-06,4.307529
2015-11-09,4.393467
2015-11-10,4.382971
2015-11-11,4.35181
2015-11-12,4.365001
2015-11-13,4.378019
2015-11-16,4.386459
2015-11-17,4.391846
2015-11-18,4.368461
2015-11-19,4.333676
2015-11-20,4.28546
2015-11-23,4.295645
2015-11-24,4.242982
2015-11-25,4.214906
2015-11-26,4.235959
2015-11-27,4.267486
2015-11-30,4.260043
2015-12-01,4.233962
2015-12-02,4.23153
2015-12-03,4.225283
2015-12-04,4.224179
2015-12-07,4.232029
2015-12-08,4.291954
2015-12-09,4.278037
2015-12-10,4.258339
2015-12-11,4.330959
2015-12-14,4.370391
2015-12-15,4.303458
2015-12-16,4.303028
2015-12-17,4.3151
2015-12-18,4.285714
2015-12-21,4.294296
2015-12-22,4.299945
2015-12-23,4.311195
2015-12-24,4.288207
2015-12-28,4.298394
2015-12-29,4.296476
2015-12-30,4.291323
2015-12-31,4.313309
2016-01-04,4.346027
2016-01-05,4.343011
2016-01-06,4.411469
2016-01-07,4.407803
2016-01-08,4.384035
2016-01-11,4.376837
2016-01-12,4.41399
2016-01-13,4.380732
2016-01-14,4.393188
2016-01-15,4.423768
2016-01-18,4.39653
2016-01-19,4.37339
2016-01-20,4.394976
2016-01-21,4.389792
2016-01-22,4.284604
2016-01-25,4.272584
2016-01-26,4.27563
2016-01-27,4.243479
2016-01-28,4.198111
2016-01-29,4.147985
2016-02-01,4.166207
2016-02-02,4.214672
2016-02-03,4.218513
2016-02-04,4.116099
2016-02-05,4.153544
2016-02-08,4.185389
2016-02-09,4.172303
2016-02-10,4.121702
2016-02-11,4.144972
2016-02-12,4.164523
2016-02-15,4.134526
2016-02-16,4.180996
2016-02-17,4.215068
2016-02-18,4.171508
2016-02-19,4.220981
2016-02-22,4.187466
2016-02-23,4.212507
2016-02-24,4.243967
2016-02-25,4.216922
2016-02-26,4.211521
2016-02-29,4.212895
2016-03-01,4.154065
2016-03-02,4.164978
2016-03-03,4.124576
2016-03-04,4.111212
2016-03-07,4.0829
2016-03-08,4.110174
2016-03-09,4.114372
2016-03-10,4.093028
2016-03-11,4.087556
2016-03-14,4.114219
2016-03-15,4.142857
2016-03-16,4.172903
2016-03-17,4.0595
2016-03-18,4.053196
2016-03-21,4.057138
2016-03-22,4.003032
2016-03-23,3.999015
2016-03-24,4.030482
2016-03-29,3.994283
2016-03-30,3.929883
2016-03-31,3.871585
2016-04-01,3.88226
2016-04-04,3.894288
2016-04-05,3.926718
2016-04-06,3.939661
2016-04-07,3.933914
2016-04-08,3.910323
2016-04-11,3.889991
2016-04-12,3.88496
2016-04-13,3.881395
2016-04-14,3.887042
2016-04-15,3.906859
2016-04-18,3.927472
2016-04-19,3.852596
2016-04-20,3.862378
2016-04-21,3.884192
2016-04-22,3.901536
2016-04-25,3.904652
2016-04-26,3.923009
2016-04-27,3.920906
2016-04-28,3.89602
2016-04-29,3.906516
2016-05-02,3.904551
2016-05-03,3.953237
2016-05-04,4.008692
2016-05-05,4.005507
2016-05-06,4.011989
2016-05-09,4.024046
2016-05-10,4.061187
2016-05-11,4.034972
2016-05-12,4.012995
2016-05-13,4.029873
2016-05-16,4.03029
2016-05-17,4.018466
2016-05-18,4.051512
2016-05-19,4.091096
2016-05-20,4.081023
2016-05-23,4.085243
2016-05-24,4.11524
2016-05-25,4.101113
2016-05-26,4.06832
2016-05-27,4.078976
2016-05-30,4.117515
2016-05-31,4.118702
2016-06-01,4.153302
2016-06-02,4.155792
2016-06-03,4.147481
2016-06-06,4.09481
2016-06-07,4.057984
2016-06-08,4.026279
2016-06-09,4.047518
2016-06-10,4.068029
2016-06-13,4.091942
2016-06-14,4.105657
2016-06-15,4.10098
2016-06-16,4.106408
2016-06-17,4.101031
2016-06-20,4.054183
2016-06-21,4.027135
2016-06-22,4.026411
2016-06-23,3.992361
2016-06-24,4.112688
2016-06-27,4.105019
2016-06-28,4.070893
2016-06-29,4.0211
2016-06-30,3.990362
2016-07-01,3.985272
2016-07-04,3.99165
2016-07-05,4.028082
2016-07-06,4.049869
2016-07-07,4.02852
2016-07-08,4.023035
2016-07-11,3.992216
2016-07-12,3.963577
2016-07-13,3.94319
2016-07-14,3.927221
2016-07-15,3.947879
2016-07-18,3.978196
2016-07-19,4.00589
2016-07-20,4.036684
2016-07-21,4.072628
2016-07-22,4.058108
2016-07-25,4.069568
2016-07-26,4.064108
2016-07-27,4.084524
2016-07-28,4.059333
2016-07-29,4.067309
2016-08-01,4.026693
2016-08-02,4.037077
2016-08-03,4.054732
2016-08-04,4.046067
2016-08-05,4.02716
2016-08-08,4.031208
2016-08-09,4.032136
2016-08-10,3.989986
2016-08-11,4.005738
2016-08-12,4.025363
2016-08-15,4.003309
2016-08-16,3.972289
2016-08-17,4.006031
2016-08-18,3.999735
2016-08-19,4.020307
2016-08-22,4.03308
2016-08-23,4.025487
2016-08-24,4.041267
2016-08-25,4.027812
2016-08-26,4.01674
2016-08-29,4.045031
2016-08-30,4.047726
2016-08-31,4.089023
2016-09-01,4.097883
2016-09-02,4.086483
2016-09-05,4.076013
2016-09-06,4.081459
2016-09-07,4.057489
2016-09-08,4.042493
2016-09-09,4.091232
2016-09-12,4.13059
2016-09-13,4.1235
2016-09-14,4.130237
2016-09-15,4.136396
2016-09-16,4.136914
2016-09-19,4.135961
2016-09-20,4.140737
2016-09-21,4.136771
2016-09-22,4.107137
2016-09-23,4.104512
2016-09-26,4.129018
2016-09-27,4.131462
2016-09-28,4.136659
2016-09-29,4.123518
2016-09-30,4.134755
2016-10-03,4.118192
2016-10-04,4.127498
2016-10-05,4.138525
2016-10-06,4.162986
2016-10-07,4.160054
2016-10-10,4.153495
2016-10-11,4.183952
2016-10-12,4.195009
2016-10-13,4.211814
2016-10-14,4.192692
2016-10-17,4.217482
2016-10-18,4.192304
2016-10-19,4.187176
2016-10-20,4.17204
2016-10-21,4.186019
2016-10-24,4.17262
2016-10-25,4.152134
2016-10-26,4.162014
2016-10-27,4.195662
2016-10-28,4.208021
2016-10-31,4.199708
2016-11-01,4.17288
2016-11-02,4.179
2016-11-03,4.187545
2016-11-04,4.206346
2016-11-07,4.216597
2016-11-08,4.218337
2016-11-09,4.235892
2016-11-10,4.303167
2016-11-11,4.341709
2016-11-14,4.349077
2016-11-15,4.329215
2016-11-16,4.350028
2016-11-17,4.38201
2016-11-18,4.403989
2016-11-21,4.419998
2016-11-22,4.421023
2016-11-23,4.444633
2016-11-24,4.459898
2016-11-25,4.456477
2016-11-28,4.462505
2016-11-29,4.465961
2016-11-30,4.466008
2016-12-01,4.463536
2016-12-02,4.452547
2016-12-05,4.448514
2016-12-06,4.435532
2016-12-07,4.431966
2016-12-08,4.422041
2016-12-09,4.423525
2016-12-12,4.412042
2016-12-13,4.445523
2016-12-14,4.4441
2016-12-15,4.472214
2016-12-16,4.475046
2016-12-19,4.478027
2016-12-20,4.479545
2016-12-21,4.479513
2016-12-22,4.477978
2016-12-23,4.473961
2016-12-27,4.479177
2016-12-28,4.483511
2016-12-29,4.484454
2016-12-30,4.486007
2017-01-02,4.486001
2017-01-03,4.492537
2017-01-04,4.497461
2017-01-05,4.485001
2017-01-06,4.472471
2017-01-09,4.476987
2017-01-10,4.474496
2017-01-11,4.471484
2017-01-12,4.458002
2017-01-13,4.461964
2017-01-16,4.466019
2017-01-17,4.462467
2017-01-18,4.454239
2017-01-19,4.449006
2017-01-20,4.447423
2017-01-23,4.437984
2017-01-24,4.434965
2017-01-25,4.431537
2017-01-26,4.428972
2017-01-27,4.431514
2017-01-30,4.430292
2017-01-31,4.426592
2017-02-01,4.42836
2017-02-02,4.424038
2017-02-03,4.427986
2017-02-06,4.426998
2017-02-07,4.435972
2017-02-08,4.439006
2017-02-09,4.43902
2017-02-10,4.444539
2017-02-13,4.44849
2017-02-14,4.44912
2017-02-15,4.448982
2017-02-16,4.45353
2017-02-17,4.452958
2017-02-20,4.458836
2017-02-21,4.45791
2017-02-22,4.453629
2017-02-23,4.448974
2017-02-24,4.440475
2017-02-27,4.438462
2017-02-28,4.44003
2017-03-01,4.447926
2017-03-02,4.44902
2017-03-03,4.45452
2017-03-06,4.44798
2017-03-07,4.447617
2017-03-08,4.460212
2017-03-09,4.454744
2017-03-10,4.453234
2017-03-13,4.449967
2017-03-14,4.449534
2017-03-15,4.449068
2017-03-16,4.439493
2017-03-17,4.435503
2017-03-20,4.426525
2017-03-21,4.425477
2017-03-22,4.427501
2017-03-23,4.428982
2017-03-24,4.423878
2017-03-27,4.413169
2017-03-28,4.415784
2017-03-29,4.418962
2017-03-30,4.420509
2017-03-31,4.425498
2017-04-03,4.42754
2017-04-04,4.431509
2017-04-05,4.43098
2017-04-06,4.436527
2017-04-07,4.434995
2017-04-10,4.435527
2017-04-11,4.433497
2017-04-12,4.427534
2017-04-13,4.412512
2017-04-18,4.410504
2017-04-19,4.4
2017-04-20,4.398046
2017-04-21,4.399047
2017-04-24,4.398968
2017-04-25,4.36599
2017-04-26,4.347471
2017-04-27,4.348038
2017-04-28,4.340988
2017-05-02,4.327989
2017-05-03,4.318985
2017-05-04,4.327537
2017-05-05,4.337469
2017-05-08,4.335802
2017-05-09,4.346988
2017-05-10,4.346995
2017-05-11,4.348527
2017-05-12,4.343784
2017-05-15,4.328199
2017-05-16,4.321458
2017-05-17,4.323019
2017-05-18,4.337586
2017-05-19,4.321496
2017-05-22,4.304456
2017-05-23,4.293535
2017-05-24,4.29304
2017-05-25,4.278491
2017-05-26,4.268489
2017-05-29,4.2702
2017-05-30,4.280766
2017-05-31,4.280991
2017-06-01,4.287994
2017-06-02,4.280467
2017-06-05,4.26349
2017-06-06,4.266477
2017-06-07,4.260497
2017-06-08,4.268501
2017-06-09,4.265032
2017-06-12,4.265039
2017-06-13,4.262459
2017-06-14,4.257967
2017-06-15,4.267509
2017-06-16,4.276529
2017-06-19,4.277525
2017-06-20,4.289172
2017-06-21,4.287521
2017-06-22,4.29949
2017-06-23,4.288016
2017-06-26,4.288013
2017-06-27,4.287994
2017-06-28,4.300835
2017-06-29,4.293525
2017-06-30,4.292499
2017-07-03,4.304864
2017-07-04,4.297543
2017-07-05,4.298438
2017-07-06,4.298463
2017-07-07,4.298458
2017-07-10,4.294371
2017-07-11,4.297501
2017-07-12,4.298192
2017-07-13,4.299991
2017-07-14,4.29251
2017-07-17,4.287472
2017-07-18,4.284985
2017-07-19,4.286482
2017-07-20,4.291511
2017-07-21,4.283542
2017-07-24,4.279533
2017-07-25,4.282025
2017-07-26,4.284524
2017-07-27,4.278519
2017-07-28,4.282462
2017-07-31,4.281487
2017-08-01,4.285472
2017-08-02,4.285485
2017-08-03,4.281619
2017-08-04,4.27848
2017-08-07,4.283462
2017-08-08,4.285509
2017-08-09,4.288978
2017-08-10,4.29151
2017-08-11,4.295028
2017-08-14,4.293464
2017-08-15,4.295981
2017-08-16,4.298463
2017-08-17,4.29546
2017-08-18,4.294037
2017-08-21,4.289516
2017-08-22,4.28103
2017-08-23,4.279007
2017-08-24,4.279519
2017-08-25,4.273035
2017-08-28,4.267421
2017-08-29,4.267015
2017-08-30,4.270477
2017-08-31,4.271121
2017-09-01,4.27047
2017-09-04,4.270475
2017-09-05,4.261396
2017-09-06,4.238538
2017-09-07,4.209506
2017-09-08,4.194527
2017-09-11,4.197466
2017-09-12,4.200117
2017-09-13,4.1905
2017-09-14,4.19899
2017-09-15,4.189501
2017-09-18,4.185303
2017-09-19,4.193117
2017-09-20,4.192471
2017-09-21,4.197984
2017-09-22,4.190034
2017-09-25,4.197944
2017-09-26,4.213286
2017-09-27,4.221531
2017-09-28,4.231533
2017-09-29,4.220481
2017-10-02,4.233481
2017-10-03,4.234323
2017-10-04,4.227539
2017-10-05,4.228496
2017-10-06,4.237465
2017-10-09,4.231994
2017-10-10,4.219971
2017-10-11,4.219019
2017-10-12,4.22031
2017-10-13,4.219475
2017-10-16,4.216979
2017-10-17,4.223488
2017-10-18,4.223508
2017-10-19,4.223509
2017-10-20,4.224996
2017-10-23,4.234923
2017-10-24,4.2385
2017-10-25,4.235469
2017-10-26,4.233983
2017-10-27,4.241965
2017-10-30,4.237513
2017-10-31,4.231999
2017-11-01,4.231485
2017-11-02,4.230485
2017-11-03,4.231964
2017-11-06,4.235548
2017-11-07,4.223145
2017-11-08,4.224331
2017-11-09,4.195185
2017-11-10,4.191522
2017-11-13,4.191489
2017-11-14,4.19404
2017-11-15,4.170101
2017-11-16,4.175346
2017-11-17,4.161
2017-11-20,4.14812
2017-11-21,4.13219
2017-11-22,4.110307
2017-11-23,4.108204
2017-11-24,4.118969
2017-11-27,4.107513
2017-11-28,4.103802
2017-11-29,4.089034
2017-11-30,4.090303
2017-12-01,4.090871
2017-12-04,4.063211
2017-12-05,4.05647
2017-12-06,4.075484
2017-12-07,4.08824
2017-12-08,4.087975
2017-12-11,4.069515
2017-12-12,4.067653
2017-12-13,4.086486
2017-12-14,4.084171
2017-12-15,4.079536
2017-12-18,4.081475
2017-12-19,4.081029
2017-12-20,4.07404
2017-12-21,4.079012
2017-12-22,4.079474
2017-12-27,4.075746
2017-12-28,4.066533
2017-12-29,4.047027
2018-01-02,4.019478
2018-01-03,4.014971
2018-01-04,4.012018
2018-01-05,4
2018-01-08,4.00309
2018-01-09,4.00947
2018-01-10,4.003002
2018-01-11,3.986436
2018-01-12,3.975859
2018-01-15,3.956015
2018-01-16,3.964922
2018-01-17,3.961321
2018-01-18,3.955537
2018-01-19,3.937984
2018-01-22,3.934962
2018-01-23,3.931178
2018-01-24,3.909407
2018-01-25,3.885468
2018-01-26,3.874156
2018-01-29,3.886905
2018-01-30,3.900491
2018-01-31,3.899655
2018-02-01,3.904005
2018-02-02,3.886968
2018-02-05,3.903296
2018-02-06,3.914997
2018-02-07,3.902983
2018-02-08,3.932664
2018-02-09,3.959912
2018-02-12,3.944222
2018-02-13,3.946972
2018-02-14,3.903304
2018-02-15,3.894501
2018-02-16,3.894496
2018-02-19,3.890492
2018-02-20,3.897974
2018-02-21,3.912768
2018-02-22,3.919192
2018-02-23,3.913733
2018-02-26,3.909497
2018-02-27,3.907975
2018-02-28,3.924185
2018-03-01,3.928519
2018-03-02,3.920322
2018-03-05,3.905013
2018-03-06,3.893482
2018-03-07,3.90368
2018-03-08,3.906529
2018-03-09,3.913839
2018-03-12,3.904487
2018-03-13,3.893359
2018-03-14,3.897001
2018-03-15,3.915485
2018-03-16,3.908544
2018-03-19,3.914534
2018-03-20,3.917481
2018-03-21,3.919339
2018-03-22,3.912796
2018-03-23,3.917463
2018-03-26,3.901781
2018-03-27,3.876131
2018-03-28,3.857074
2018-03-29,3.86803
2018-04-03,3.875691
2018-04-04,3.878218
2018-04-05,3.86876
2018-04-06,3.871424
2018-04-09,3.871993
2018-04-10,3.869509
2018-04-11,3.874516
2018-04-12,3.876491
2018-04-13,3.873833
2018-04-16,3.884964
2018-04-17,3.889132
2018-04-18,3.888521
2018-04-19,3.88346
2018-04-20,3.893411
2018-04-23,3.892466
2018-04-24,3.905511
2018-04-25,3.915634
2018-04-26,3.916174
2018-04-27,3.91309
2018-04-30,3.924911
2018-05-02,3.932956
2018-05-03,3.927118
2018-05-04,3.938007
2018-05-07,3.944463
2018-05-08,3.968492
2018-05-09,3.98451
2018-05-10,4.015828
2018-05-11,3.998073
2018-05-14,3.950534
2018-05-15,3.955988
2018-05-16,3.964019
2018-05-17,3.968996
2018-05-18,3.971989
2018-05-21,3.980015
2018-05-22,3.967271
2018-05-23,3.982491
2018-05-24,3.97749
2018-05-25,3.980043
2018-05-28,3.977671
2018-05-29,3.985119
2018-05-30,3.985471
2018-05-31,3.979998
2018-06-01,3.988002
2018-06-04,3.975036
2018-06-05,3.984925
2018-06-06,3.969741
2018-06-07,3.973978
2018-06-08,3.987323
2018-06-11,3.988041
2018-06-12,3.99737
2018-06-13,3.993965
2018-06-14,3.985507
2018-06-15,3.999828
2018-06-18,3.997503
2018-06-19,4.003468
2018-06-20,4.000518
2018-06-21,4.015514
2018-06-22,4.00249
2018-06-25,4.01359
2018-06-26,4.022961
2018-06-27,4.028495
2018-06-28,4.042476
2018-06-29,4.038429
2018-07-02,4.046138
2018-07-03,4.046978
2018-07-04,4.04604
2018-07-05,4.042958
2018-07-06,4.045036
2018-07-09,4.029519
2018-07-10,4.021088
2018-07-11,4.036983
2018-07-12,4.039201
2018-07-13,4.045864
2018-07-16,4.042833
2018-07-17,4.037499
2018-07-18,4.054001
2018-07-19,4.075854
2018-07-20,4.066238
2018-07-23,4.062991
2018-07-24,4.062019
2018-07-25,4.055518
2018-07-26,4.06282
2018-07-27,4.064516
2018-07-30,4.057515
2018-07-31,4.058538
2018-08-01,4.066005
2018-08-02,4.076009
2018-08-03,4.070072
2018-08-06,4.079529
2018-08-07,4.076539
2018-08-08,4.071792
2018-08-09,4.075477
2018-08-10,4.085981
2018-08-13,4.09252
2018-08-14,4.087673
2018-08-15,4.103524
2018-08-16,4.097625
2018-08-17,4.109472
2018-08-20,4.100525
2018-08-21,4.100504
2018-08-22,4.102531
2018-08-23,4.105018
2018-08-24,4.099068
2018-08-27,4.107023
2018-08-28,4.096499
2018-08-29,4.123156
2018-08-30,4.109477
2018-08-31,4.116986
2018-09-03,4.126798
2018-09-04,4.139509
2018-09-05,4.15196
2018-09-06,4.136153
2018-09-07,4.146793
2018-09-10,4.150117
2018-09-11,4.151028
2018-09-12,4.146483
2018-09-13,4.144492
2018-09-14,4.138506
2018-09-17,4.138463
2018-09-18,4.142515
2018-09-19,4.142967
2018-09-20,4.13748
2018-09-21,4.130028
2018-09-24,4.129024
2018-09-25,4.132801
2018-09-26,4.141007
2018-09-27,4.134108
2018-09-28,4.137008
2018-10-01,4.140014
2018-10-02,4.141471
2018-10-03,4.140024
2018-10-04,4.147018
2018-10-05,4.150009
2018-10-08,4.154469
2018-10-09,4.157499
2018-10-10,4.153043
2018-10-11,4.158963
2018-10-12,4.154484
2018-10-15,4.156031
2018-10-16,4.149737
2018-10-17,4.152732
2018-10-18,4.156541
2018-10-19,4.157018
2018-10-22,4.15843
2018-10-23,4.162572
2018-10-24,4.166476
2018-10-25,4.169499
2018-10-26,4.18669
2018-10-29,4.176962
2018-10-30,4.182026
2018-10-31,4.184485
2018-11-01,4.184499
2018-11-02,4.158973
2018-11-05,4.175462
2018-11-06,4.165558
2018-11-07,4.15548
2018-11-08,4.163428
2018-11-09,4.177596
2018-11-12,4.184021
2018-11-13,4.194033
2018-11-14,4.202284
2018-11-15,4.18912
2018-11-16,4.191962
2018-11-19,4.187276
2018-11-20,4.185535
2018-11-21,4.183978
2018-11-22,4.191967
2018-11-23,4.196177
2018-11-26,4.187979
2018-11-27,4.192973
2018-11-28,4.197802
2018-11-29,4.17801
2018-11-30,4.184523
2018-12-03,4.153989
2018-12-04,4.147515
2018-12-05,4.154043
2018-12-06,4.164479
2018-12-07,4.166036
2018-12-10,4.172516
2018-12-11,4.184463
2018-12-12,4.189847
2018-12-13,4.180019
2018-12-14,4.186354
2018-12-17,4.170003
2018-12-18,4.182034
2018-12-19,4.178957
2018-12-20,4.181207
2018-12-21,4.171018
2018-12-24,4.173475
2018-12-27,4.16797
2018-12-28,4.151912
2018-12-31,4.132489
2019-01-02,4.141002
2019-01-03,4.143461
2019-01-04,4.131018
2019-01-07,4.117519
2019-01-08,4.113024
2019-01-09,4.114535
2019-01-10,4.097529
2019-01-11,4.090003
2019-01-14,4.102991
2019-01-15,4.093575
2019-01-16,4.109492
2019-01-17,4.113461
2019-01-18,4.124189
2019-01-21,4.118377
2019-01-22,4.136163
2019-01-23,4.137503
2019-01-24,4.143021
2019-01-25,4.132558
2019-01-28,4.110878
2019-01-29,4.108825
2019-01-30,4.105784
2019-01-31,4.090181
2019-02-01,4.083253
2019-02-04,4.09017
2019-02-05,4.08194
2019-02-06,4.085659
2019-02-07,4.072279
2019-02-08,4.06954
2019-02-11,4.072509
2019-02-12,4.077373
2019-02-13,4.066962
2019-02-14,4.075967
2019-02-15,4.084991
2019-02-18,4.08554
2019-02-19,4.086595
2019-02-20,4.071857
2019-02-21,4.07962
2019-02-22,4.077174
2019-02-25,4.067459
2019-02-26,4.062759
2019-02-27,4.067803
2019-02-28,4.0685
2019-03-01,4.07397
2019-03-04,4.075505
2019-03-05,4.073793
2019-03-06,4.09456
2019-03-07,4.087038
2019-03-08,4.091606
2019-03-11,4.08947
2019-03-12,4.083991
2019-03-13,4.089534
2019-03-14,4.088535
2019-03-15,4.083039
2019-03-18,4.076394
2019-03-19,4.070435
2019-03-20,4.061036
2019-03-21,4.046808
2019-03-22,4.064502
2019-03-25,4.068962
2019-03-26,4.071473
2019-03-27,4.083474
2019-03-28,4.082457
2019-03-29,4.079929
2019-04-01,4.080456
2019-04-02,4.081696
2019-04-03,4.08254
2019-04-04,4.079508
2019-04-05,4.093742
2019-04-08,4.10128
2019-04-09,4.098608
2019-04-10,4.107456
2019-04-11,4.117809
2019-04-12,4.114478
2019-04-15,4.116768
2019-04-16,4.1341
2019-04-17,4.134501
2019-04-18,4.143022
2019-04-23,4.129035
2019-04-24,4.129985
2019-04-25,4.13998
2019-04-26,4.138956
2019-04-29,4.133543
2019-04-30,4.128543
2019-05-02,4.136996
2019-05-03,4.140475
2019-05-06,4.147513
2019-05-07,4.148502
2019-05-08,4.148456
2019-05-09,4.152595
2019-05-10,4.165717
2019-05-13,4.164518
2019-05-14,4.170497
2019-05-15,4.178485
2019-05-16,4.16451
2019-05-17,4.181973
2019-05-20,4.183039
2019-05-21,4.186005
2019-05-22,4.18548
2019-05-23,4.194991
2019-05-24,4.188522
2019-05-27,4.186462
2019-05-28,4.188528
2019-05-29,4.193976
2019-05-30,4.190318
2019-05-31,4.19218
2019-06-03,4.17899
2019-06-04,4.169868
2019-06-05,4.149507
2019-06-06,4.160483
2019-06-07,4.158875
2019-06-10,4.163525
2019-06-11,4.162809
2019-06-12,4.157467
2019-06-13,4.169368
2019-06-14,4.170528
2019-06-17,4.175984
2019-06-18,4.181461
2019-06-19,4.172392
2019-06-20,4.147961
2019-06-21,4.153588
2019-06-24,4.139986
2019-06-25,4.137601
2019-06-26,4.147509
2019-06-27,4.143975
2019-06-28,4.137258
2019-07-01,4.132875
2019-07-02,4.138483
2019-07-03,4.141858
2019-07-04,4.132973
2019-07-05,4.135524
2019-07-08,4.140526
2019-07-09,4.141901
2019-07-10,4.138503
2019-07-11,4.115463
2019-07-12,4.113037
2019-07-15,4.108528
2019-07-16,4.104874
2019-07-17,4.11449
2019-07-18,4.114034
2019-07-19,4.107162
2019-07-22,4.112974
2019-07-23,4.1185
2019-07-24,4.114093
2019-07-25,4.11453
2019-07-26,4.121386
2019-07-29,4.125011
2019-07-30,4.124978
2019-07-31,4.126536
2019-08-01,4.143698
2019-08-02,4.157482
2019-08-05,4.178501
2019-08-06,4.187003
2019-08-07,4.188984
2019-08-08,4.185026
2019-08-09,4.184497
2019-08-12,4.200643
2019-08-13,4.197469
2019-08-14,4.188506
2019-08-15,4.193543
2019-08-16,4.178494
2019-08-19,4.176979
2019-08-20,4.176869
2019-08-21,4.177504
2019-08-22,4.188487
2019-08-23,4.189968
2019-08-26,4.20547
2019-08-27,4.20299
2019-08-28,4.214743
2019-08-29,4.217486
2019-08-30,4.205509
2019-09-02,4.218545
2019-09-03,4.220719
2019-09-04,4.199764
2019-09-05,4.189456
2019-09-06,4.180466
2019-09-09,4.17067
2019-09-10,4.171467
2019-09-11,4.179497
2019-09-12,4.165283
2019-09-13,4.164474
2019-09-16,4.178044
2019-09-17,4.185471
2019-09-18,4.184022
2019-09-19,4.191289
2019-09-20,4.169991
2019-09-23,4.185344
2019-09-24,4.181496
2019-09-25,4.190038
2019-09-26,4.192814
2019-09-27,4.18802
2019-09-30,4.186978
2019-10-01,4.194531
2019-10-02,4.194508
2019-10-03,4.187471
2019-10-04,4.185536
2019-10-07,4.193032
2019-10-08,4.193519
2019-10-09,4.196977
2019-10-10,4.18903
2019-10-11,4.185457
2019-10-14,4.188016
2019-10-15,4.190515
2019-10-16,4.195011
2019-10-17,4.17916
2019-10-18,4.186468
2019-10-21,4.180524
2019-10-22,4.1885
2019-10-23,4.187539
2019-10-24,4.185029
2019-10-25,4.186009
2019-10-28,4.185984
2019-10-29,4.182965
2019-10-30,4.179993
2019-10-31,4.178501
2019-11-01,4.165544
2019-11-04,4.150475
2019-11-05,4.130525
2019-11-06,4.136519
2019-11-07,4.124041
2019-11-08,4.133496
2019-11-11,4.143556
2019-11-12,4.142533
2019-11-13,4.153462
2019-11-14,4.157498
2019-11-15,4.152347
2019-11-18,4.155501
2019-11-19,4.157534
2019-11-20,4.165476
2019-11-21,4.169507
2019-11-22,4.171007
2019-11-25,4.178507
2019-11-26,4.183031
2019-11-27,4.172041
2019-11-28,4.173467
2019-11-29,4.177928
2019-12-02,4.179534
2019-12-03,4.17451
2019-12-04,4.176518
2019-12-05,4.169461
2019-12-06,4.159456
2019-12-09,4.160181
2019-12-10,4.164485
2019-12-11,4.164515
2019-12-12,4.159468
2019-12-13,4.134509
2019-12-16,4.142024
2019-12-17,4.142537
2019-12-18,4.138462
2019-12-19,4.142035
2019-12-20,4.140038
2019-12-23,4.142483
2019-12-24,4.136462
2019-12-27,4.127499
2019-12-30,4.106533
2019-12-31,4.090529
2020-01-02,4.088627
2020-01-03,4.102001
2020-01-06,4.103984
2020-01-07,4.093
2020-01-08,4.101484
2020-01-09,4.090459
2020-01-10,4.076458
2020-01-13,4.062466
2020-01-14,4.074494
2020-01-15,4.07548
2020-01-16,4.062763
2020-01-17,4.054825
2020-01-20,4.061525
2020-01-21,4.071525
2020-01-22,4.065476
2020-01-23,4.069967
2020-01-24,4.064975
2020-01-27,4.065488
2020-01-28,4.086506
2020-01-29,4.079993
2020-01-30,4.088041
2020-01-31,4.098534
2020-02-03,4.114043
2020-02-04,4.111513
2020-02-05,4.117028
2020-02-06,4.121512
2020-02-07,4.140031
2020-02-10,4.148023
2020-02-11,4.133474
2020-02-12,4.135972
2020-02-13,4.141529
2020-02-14,4.140011
2020-02-17,4.144993
2020-02-18,4.153014
2020-02-19,4.1625
2020-02-20,4.183967
2020-02-21,4.193501
2020-02-24,4.227029
2020-02-25,4.233026
2020-02-26,4.225471
2020-02-27,4.210507
2020-02-28,4.214539
2020-03-02,4.203471
2020-03-03,4.205991
2020-03-04,4.178966
2020-03-05,4.159471
2020-03-06,4.172018
2020-03-09,4.21648
2020-03-10,4.237489
2020-03-11,4.234474
2020-03-12,4.26548
2020-03-13,4.278458
2020-03-16,4.310478
2020-03-17,4.350483
2020-03-18,4.371044
2020-03-19,4.414962
2020-03-20,4.394508
2020-03-23,4.44496
2020-03-24,4.430508
2020-03-25,4.386534
2020-03-26,4.335033
2020-03-27,4.338071
2020-03-30,4.332608
2020-03-31,4.320007
2020-04-01,4.357535
2020-04-02,4.357601
2020-04-03,4.358461
2020-04-06,4.36447
2020-04-07,4.34249
2020-04-08,4.348634
2020-04-09,4.337536
2020-04-14,4.333485
2020-04-15,4.33954
2020-04-16,4.376837
2020-04-17,4.369982
2020-04-20,4.374494
2020-04-21,4.395497
2020-04-22,4.365234
2020-04-23,4.360007
2020-04-24,4.360463
2020-04-27,4.354036
2020-04-28,4.362508
2020-04-29,4.347537
2020-04-30,4.300018
2020-05-04,4.31603
2020-05-05,4.304528
2020-05-06,4.322476
2020-05-07,4.324492
2020-05-08,4.33404
2020-05-11,4.33398
2020-05-12,4.326487
2020-05-13,4.325517
2020-05-14,4.34053
2020-05-15,4.350991
2020-05-18,4.368538
2020-05-19,4.345479
2020-05-20,4.351524
2020-05-21,4.345545
2020-05-22,4.362528
2020-05-25,4.36352
2020-05-26,4.363462
2020-05-27,4.347466
2020-05-28,4.355483
2020-05-29,4.347522
2020-06-01,4.31846
2020-06-02,4.277519
2020-06-03,4.261479
2020-06-04,4.273511
2020-06-05,4.26699
2020-06-08,4.267523
2020-06-09,4.275456
2020-06-10,4.251516
2020-06-11,4.249471
2020-06-12,4.267516
2020-06-15,4.27797
2020-06-16,4.275027
2020-06-17,4.281962
2020-06-18,4.278025
2020-06-19,4.268867
2020-06-22,4.280478
2020-06-23,4.27549
2020-06-24,4.272518
2020-06-25,4.278036
2020-06-26,4.291002
2020-06-29,4.285005
2020-06-30,4.285497
2020-07-01,4.286518
2020-07-02,4.285486
2020-07-03,4.287509
2020-07-06,4.277351
2020-07-07,4.274491
2020-07-08,4.272461
2020-07-09,4.262476
2020-07-10,4.266495
2020-07-13,4.263924
2020-07-14,4.271473
2020-07-15,4.262496
2020-07-16,4.271509
2020-07-17,4.263476
2020-07-20,4.262491
2020-07-21,4.26147
2020-07-22,4.252462
2020-07-23,4.258536
2020-07-24,4.264473
2020-07-27,4.252466
2020-07-28,4.252539
2020-07-29,4.243497
2020-07-30,4.239462
2020-07-31,4.239534
2020-08-03,4.221474
2020-08-04,4.220484
2020-08-05,4.192509
2020-08-06,4.188466
2020-08-07,4.187526
2020-08-10,4.195528
2020-08-11,4.192481
2020-08-12,4.193526
2020-08-13,4.192512
2020-08-14,4.193516
2020-08-17,4.192019
2020-08-18,4.182513
2020-08-19,4.172463
2020-08-20,4.172489
2020-08-21,4.179964
2020-08-24,4.175487
2020-08-25,4.168529
2020-08-26,4.169989
2020-08-27,4.172539
2020-08-28,4.165506
2020-08-31,4.165494
2020-09-01,4.142488
2020-09-02,4.146025
2020-09-03,4.147465
2020-09-04,4.149468
2020-09-07,4.157476
2020-09-08,4.168519
2020-09-09,4.171494
2020-09-10,4.16398
2020-09-11,4.152522
2020-09-14,4.145504
2020-09-15,4.130508
2020-09-16,4.130508
2020-09-17,4.13851
2020-09-18,4.11451
2020-09-21,4.122508
2020-09-22,4.134497
2020-09-23,4.154465
2020-09-24,4.168484
2020-09-25,4.167526
2020-09-28,4.175493
2020-09-29,4.156469
2020-09-30,4.155535
2020-10-01,4.151464
2020-10-02,4.164535
2020-10-05,4.152532
2020-10-06,4.15354
2020-10-07,4.156075
2020-10-08,4.152486
2020-10-09,4.138025
2020-10-12,4.146962
2020-10-13,4.142021
2020-10-14,4.150468
2020-10-15,4.154471
2020-10-16,4.148539
2020-10-19,4.142469
2020-10-20,4.150466
2020-10-21,4.144026
2020-10-22,4.144489
2020-10-23,4.157473
2020-10-26,4.164481
2020-10-27,4.164469
2020-10-28,4.155539
2020-10-29,4.156528
2020-10-30,4.153531
2020-11-02,4.157484
2020-11-03,4.156042
2020-11-04,4.167989
2020-11-05,4.147533
2020-11-06,4.128475
2020-11-09,4.108474
2020-11-10,4.120512
2020-11-11,4.129526
2020-11-12,4.130523
2020-11-13,4.122471
2020-11-16,4.117498
2020-11-17,4.104528
2020-11-18,4.087462
2020-11-19,4.10049
2020-11-20,4.092472
2020-11-23,4.090497
2020-11-24,4.087484
2020-11-25,4.087468
2020-11-26,4.067479
2020-11-27,4.069535
2020-11-30,4.07404
2020-12-01,4.080465
2020-12-02,4.07749
2020-12-03,4.069871
2020-12-04,4.060038
2020-12-07,4.071982
2020-12-08,4.071983
2020-12-09,4.062763
2020-12-10,4.060999
2020-12-11,4.051538
2020-12-14,4.053527
2020-12-15,4.05453
2020-12-16,4.051522
2020-12-17,4.035522
2020-12-18,4.04046
2020-12-21,4.051015
2020-12-22,4.061034
2020-12-23,4.063538
2020-12-24,4.060527
2020-12-28,4.05025
2020-12-29,4.050494
2020-12-30,4.036968
2020-12-31,4.020862
2021-01-04,4.006506
2021-01-05,4.017032
2021-01-06,4.010537
2021-01-07,4.03796
2021-01-08,4.029306
2021-01-11,4.051961
2021-01-12,4.057479
2021-01-13,4.044468
2021-01-14,4.035962
2021-01-15,4.036872
2021-01-18,4.051973
2021-01-19,4.050033
2021-01-20,4.045038
2021-01-21,4.030021
2021-01-22,4.043017
2021-01-25,4.044519
2021-01-26,4.048505
2021-01-27,4.045485
2021-01-28,4.045488
2021-01-29,4.042518
2021-02-01,4.042536
2021-02-02,4.044503
2021-02-03,4.051011
2021-02-04,4.05852
2021-02-05,4.070517
2021-02-08,4.06553
2021-02-09,4.048001
2021-02-10,4.044034
2021-02-11,4.04248
2021-02-12,4.042534
2021-02-15,4.034463
2021-02-16,4.029976
2021-02-17,4.038308
2021-02-18,4.042039
2021-02-19,4.040531
2021-02-22,4.042529
2021-02-23,4.043482
2021-02-24,4.042483
2021-02-25,4.039509
2021-02-26,4.050491
2021-03-01,4.055505
2021-03-02,4.057532
2021-03-03,4.050963
2021-03-04,4.057504
2021-03-05,4.073965
2021-03-08,4.107534
2021-03-09,4.117538
2021-03-10,4.126472
2021-03-11,4.107528
2021-03-12,4.117992
2021-03-15,4.1125
2021-03-16,4.114037
2021-03-17,4.121525
2021-03-18,4.111484
2021-03-19,4.107476
2021-03-22,4.114037
2021-03-23,4.122528
2021-03-24,4.130486
2021-03-25,4.146501
2021-03-26,4.146495
2021-03-29,4.141463
2021-03-30,4.151009
2021-03-31,4.146525
2021-04-01,4.145496
2021-04-06,4.131476
2021-04-07,4.131521
2021-04-08,4.137539
2021-04-09,4.13501
2021-04-12,4.132981
2021-04-13,4.135003
2021-04-14,4.128469
2021-04-15,4.124478
2021-04-16,4.126981
2021-04-19,4.123473
2021-04-20,4.115509
2021-04-21,4.121013
2021-04-22,4.112485
2021-04-23,4.109481
2021-04-26,4.097973
2021-04-27,4.097535
2021-04-28,4.102983
2021-04-29,4.103389
2021-04-30,4.095514
2021-05-03,4.104284
2021-05-04,4.123035
2021-05-05,4.117534
2021-05-06,4.121973
2021-05-07,4.112033
2021-05-10,4.107486
2021-05-11,4.118488
2021-05-12,4.125516
2021-05-13,4.125072
2021-05-14,4.125464
2021-05-17,4.130775
2021-05-18,4.126493
2021-05-19,4.137979
2021-05-20,4.14603
2021-05-21,4.14104
2021-05-24,4.146004
2021-05-25,4.142939
2021-05-26,4.14253
2021-05-27,4.140023
2021-05-28,4.133504
2021-05-31,4.124498
2021-06-01,4.126462
2021-06-02,4.124979
2021-06-03,4.122508
2021-06-04,4.128002
2021-06-07,4.128022
2021-06-08,4.120506
2021-06-09,4.117507
2021-06-10,4.120503
2021-06-11,4.108041
2021-06-14,4.11501
2021-06-15,4.11703
2021-06-16,4.117535
2021-06-17,4.139985
2021-06-18,4.139015
2021-06-21,4.147507
2021-06-22,4.16151
2021-06-23,4.161493
2021-06-24,4.16002
2021-06-25,4.155983
2021-06-28,4.146012
2021-06-29,4.151497
2021-06-30,4.151464
2021-07-01,4.159037
2021-07-02,4.163495
2021-07-05,4.155992
2021-07-06,4.155516
2021-07-07,4.162032
2021-07-08,4.181534
2021-07-09,4.190504
2021-07-12,4.191529
2021-07-13,4.191996
2021-07-14,4.200474
2021-07-15,4.202473
2021-07-16,4.209541
2021-07-19,4.22548
2021-07-20,4.224459
2021-07-21,4.232501
2021-07-22,4.223015
2021-07-23,4.226481
2021-07-26,4.231526
2021-07-27,4.232854
2021-07-28,4.23503
2021-07-29,4.238524
2021-07-30,4.219998
2021-08-02,4.224971
2021-08-03,4.22053
2021-08-04,4.221988
2021-08-05,4.217468
2021-08-06,4.219023
2021-08-09,4.228467
2021-08-10,4.228459
2021-08-11,4.239973
2021-08-12,4.232984
2021-08-13,4.237484
2021-08-16,4.237513
2021-08-17,4.238039
2021-08-18,4.237994
2021-08-19,4.238458
2021-08-20,4.237512
2021-08-23,4.225977
2021-08-24,4.218484
2021-08-25,4.20501
2021-08-26,4.195037
2021-08-27,4.190035
2021-08-30,4.157021
2021-08-31,4.157005
2021-09-01,4.153762
2021-09-02,4.158028
2021-09-03,4.146479
2021-09-06,4.148011
2021-09-07,4.155481
2021-09-08,4.154477
2021-09-09,4.149603
2021-09-10,4.137995
2021-09-13,4.150509
2021-09-14,4.162011
2021-09-15,4.158491
2021-09-16,4.161523
2021-09-17,4.171477
2021-09-20,4.192469
2021-09-21,4.184529
2021-09-22,4.192514
2021-09-23,4.181989
2021-09-24,4.188497
2021-09-27,4.187981
2021-09-28,4.18248
2021-09-29,4.184743
2021-09-30,4.186458
2021-10-01,4.179483
2021-10-04,4.174029
2021-10-05,4.178762
2021-10-06,4.184457
2021-10-07,4.183532
2021-10-08,4.177976
2021-10-11,4.170036
2021-10-12,4.165469
2021-10-13,4.160007
2021-10-14,4.154025
2021-10-15,4.15799
2021-10-18,4.171493
2021-10-19,4.171514
2021-10-20,4.16149
2021-10-21,4.15803
2021-10-22,4.150043
2021-10-25,4.151513
2021-10-26,4.146497
2021-10-27,4.154515
2021-10-28,4.150004
2021-10-29,4.141005
2021-11-01,4.151494
2021-11-02,4.148496
2021-11-03,4.153481
2021-11-04,4.153514
2021-11-05,4.159997
2021-11-08,4.155022
2021-11-09,4.149521
2021-11-10,4.153487
2021-11-11,4.167976
2021-11-12,4.165968
2021-11-15,4.161482
2021-11-16,4.165992
2021-11-17,4.179039
2021-11-18,4.18149
2021-11-19,4.18348
2021-11-22,4.185494
2021-11-23,4.199041
2021-11-24,4.210512
2021-11-25,4.229529
2021-11-26,4.23904
2021-11-29,4.238471
2021-11-30,4.202499
2021-12-01,4.219993
2021-12-02,4.230003
2021-12-03,4.23098
2021-12-06,4.236467
2021-12-07,4.231965
2021-12-08,4.224533
2021-12-09,4.216515
2021-12-10,4.212543
2021-12-13,4.227523
2021-12-14,4.232028
2021-12-15,4.229977
2021-12-16,4.20651
2021-12-17,4.219506
2021-12-20,4.22647
2021-12-21,4.208942
2021-12-22,4.213521
2021-12-23,4.2
2021-12-24,4.195458
2021-12-27,4.182992
2021-12-28,4.180478
2021-12-29,4.181987
2021-12-30,4.17646
2021-12-31,4.16599
2022-01-03,4.172523
2022-01-04,4.186009
2022-01-05,4.19348
2022-01-06,4.212992
2022-01-07,4.208975
2022-01-10,4.200035
2022-01-11,4.191514
2022-01-12,4.186016
2022-01-13,4.176481
2022-01-14,4.178475
2022-01-17,4.18346
2022-01-18,4.183514
2022-01-19,4.193037
2022-01-20,4.188481
2022-01-21,4.186465
2022-01-24,4.18896
2022-01-25,4.190007
2022-01-26,4.19154
2022-01-27,4.197491
2022-01-28,4.18998
2022-01-31,4.185461
2022-02-01,4.185524
2022-02-02,4.185463
2022-02-03,4.183502
2022-02-04,4.179518
2022-02-07,4.185289
2022-02-08,4.184783
2022-02-09,4.184784
2022-02-10,4.183495
2022-02-11,4.189542
2022-02-14,4.190527
2022-02-15,4.186249
2022-02-16,4.18528
2022-02-17,4.187511
2022-02-18,4.186014
2022-02-21,4.179485
2022-02-22,4.185505
2022-02-23,4.185472
2022-02-24,4.201021
2022-02-25,4.199982
2022-02-28,4.1985
2022-03-01,4.192976
2022-03-02,4.19548
2022-03-03,4.186529
2022-03-04,4.177967
2022-03-07,4.169436
2022-03-08,4.182519
2022-03-09,4.187028
2022-03-10,4.187477
2022-03-11,4.19454
2022-03-14,4.205018
2022-03-15,4.206988
2022-03-16,4.197471
2022-03-17,4.195457
2022-03-18,4.193041
2022-03-21,4.205019
2022-03-22,4.216528
2022-03-23,4.224033
2022-03-24,4.226271
2022-03-25,4.210507
2022-03-28,4.216487
2022-03-29,4.213532
2022-03-30,4.204476
2022-03-31,4.204756
2022-04-01,4.21046
2022-04-04,4.218991
2022-04-05,4.210502
2022-04-06,4.214959
2022-04-07,4.218212
2022-04-08,4.221527
2022-04-11,4.230459
2022-04-12,4.232759
2022-04-13,4.230464
2022-04-14,4.231476
2022-04-19,4.254466
2022-04-20,4.28578
2022-04-21,4.290989
2022-04-22,4.325044
2022-04-25,4.356505
2022-04-26,4.354975
2022-04-27,4.360011
2022-04-28,4.362518
2022-04-29,4.35351
2022-05-02,4.353478
2022-05-03,4.353543
2022-05-04,4.353528
2022-05-05,4.348505
2022-05-06,4.370009
2022-05-09,4.383464
2022-05-10,4.382035
2022-05-11,4.376481
2022-05-12,4.393255
2022-05-13,4.397978
2022-05-16,4.398004
2022-05-17,4.383929
2022-05-18,4.395515
2022-05-19,4.405036
2022-05-20,4.388957
2022-05-23,4.388967
2022-05-24,4.391418
2022-05-25,4.394989
2022-05-26,4.397962
2022-05-27,4.379034
2022-05-30,4.366221
2022-05-31,4.378512
2022-06-01,4.383028
2022-06-02,4.39104
2022-06-03,4.389003
2022-06-06,4.388961
2022-06-07,4.395517
2022-06-08,4.393985
2022-06-09,4.393466
2022-06-10,4.401966
2022-06-13,4.41846
2022-06-14,4.422503
2022-06-15,4.413479
2022-06-16,4.4025
2022-06-17,4.401965
2022-06-20,4.40154
2022-06-21,4.398009
2022-06-22,4.405
2022-06-23,4.405794
2022-06-24,4.402033
2022-06-27,4.403992
2022-06-28,4.396553
2022-06-29,4.399734
2022-06-30,4.407529
2022-07-01,4.407002
2022-07-04,4.413008
2022-07-05,4.419534
2022-07-06,4.424487
2022-07-07,4.427996
2022-07-08,4.427039
2022-07-11,4.427015
2022-07-12,4.436965
2022-07-13,4.436972
2022-07-14,4.443978
2022-07-15,4.448951
2022-07-18,4.452966
2022-07-19,4.449976
2022-07-20,4.452005
2022-07-21,4.457006
2022-07-22,4.452012
2022-07-25,4.453497
2022-07-26,4.456045
2022-07-27,4.45853
2022-07-28,4.452776
2022-07-29,4.45048
2022-08-01,4.453044
2022-08-02,4.453345
2022-08-03,4.457034
2022-08-04,4.45801
2022-08-05,4.455976
2022-08-08,4.458967
2022-08-09,4.454954
2022-08-10,4.456984
2022-08-11,4.44496
2022-08-12,4.444239
2022-08-15,4.459539
2022-08-16,4.465995
2022-08-17,4.468024
2022-08-18,4.473963
2022-08-19,4.476527
2022-08-22,4.484952
2022-08-23,4.488466
2022-08-24,4.485504
2022-08-25,4.472016
2022-08-26,4.467473
2022-08-29,4.489986
2022-08-30,4.475483
2022-08-31,4.4755
2022-09-01,4.481008
2022-09-02,4.484039
2022-09-05,4.492238
2022-09-06,4.5
2022-09-07,4.501467
2022-09-08,4.501049
2022-09-09,4.49796
2022-09-12,4.503496
2022-09-13,4.50801
2022-09-14,4.527027
2022-09-15,4.535028
2022-09-16,4.534961
2022-09-19,4.55005
2022-09-20,4.557981
2022-09-21,4.552493
2022-09-22,4.566977
2022-09-23,4.578532
2022-09-26,4.603048
2022-09-27,4.610742
2022-09-28,4.629482
2022-09-29,4.635483
2022-09-30,4.636951
2022-10-03,4.647993
2022-10-04,4.644525
2022-10-05,4.630459
2022-10-06,4.637525
2022-10-07,4.649995
2022-10-10,4.649995
2022-10-11,4.673043
2022-10-12,4.682464
2022-10-13,4.691549
2022-10-14,4.701966
2022-10-17,4.716501
2022-10-18,4.716014
2022-10-19,4.719984
2022-10-20,4.728978
2022-10-21,4.738027
2022-10-24,4.737996
2022-10-25,4.735524
2022-10-26,4.715355
2022-10-27,4.714955
2022-10-28,4.72254
2022-10-31,4.72796
2022-11-01,4.737006
2022-11-02,4.73799
2022-11-03,4.744284
2022-11-04,4.747974
2022-11-07,4.739518
2022-11-08,4.736495
2022-11-09,4.691503
2022-11-10,4.700522
2022-11-11,4.627474
2022-11-14,4.596279
2022-11-15,4.537486
2022-11-16,4.545044
2022-11-17,4.566528
2022-11-18,4.55354
2022-11-21,4.580031
2022-11-22,4.580008
2022-11-23,4.575012
2022-11-24,4.494958
2022-11-25,4.48
2022-11-28,4.479977
2022-11-29,4.508489
2022-11-30,4.447475
2022-12-01,4.405012
2022-12-02,4.388024
2022-12-05,4.369037
2022-12-06,4.395493
2022-12-07,4.397474
2022-12-08,4.397471
2022-12-09,4.404963
2022-12-12,4.416966
2022-12-13,4.429018
2022-12-14,4.391492
2022-12-15,4.417475
2022-12-16,4.424522
2022-12-19,4.426496
2022-12-20,4.433531
2022-12-21,4.437476
2022-12-22,4.424998
2022-12-23,4.424967
2022-12-27,4.423005
2022-12-28,4.422462
2022-12-29,4.423514
2022-12-30,4.405025
2023-01-02,4.405036
2023-01-03,4.403888
2023-01-04,4.400509
2023-01-05,4.387982
2023-01-06,4.403524
2023-01-09,4.375467
2023-01-10,4.37275
2023-01-11,4.370987
2023-01-12,4.358986
2023-01-13,4.336046
2023-01-16,4.316038
2023-01-17,4.326478
2023-01-18,4.313498
2023-01-19,4.307998
2023-01-20,4.285516
2023-01-23,4.28553
2023-01-24,4.277768
2023-01-25,4.261537
2023-01-26,4.245525
2023-01-27,4.244455
2023-01-30,4.24397
2023-01-31,4.265762
2023-02-01,4.265743
2023-02-02,4.245996
2023-02-03,4.258023
2023-02-06,4.257981
2023-02-07,4.302336
2023-02-08,4.298463
2023-02-09,4.316034
2023-02-10,4.33246
2023-02-13,4.36253
2023-02-14,4.348545
2023-02-15,4.392523
2023-02-16,4.404019
2023-02-17,4.432
2023-02-20,4.430485
2023-02-21,4.432483
2023-02-22,4.441469
2023-02-23,4.433968
2023-02-24,4.435478
2023-02-27,4.478492
2023-02-28,4.487522
2023-03-01,4.472482
2023-03-02,4.47553
2023-03-03,4.476024
2023-03-06,4.47802
2023-03-07,4.47248
2023-03-08,4.525462
2023-03-09,4.521035
2023-03-10,4.520026
2023-03-13,4.497011
2023-03-14,4.487008
2023-03-15,4.483458
2023-03-16,4.504011
2023-03-17,4.485456
2023-03-20,4.485957
2023-03-21,4.472532
2023-03-22,4.454984
2023-03-23,4.417961
2023-03-24,4.428013
2023-03-27,4.421517
2023-03-28,4.401531
2023-03-29,4.418457
2023-03-30,4.422469
2023-03-31,4.412506
2023-04-03,4.419043
2023-04-04,4.406018
2023-04-05,4.398537
2023-04-06,4.398992
2023-04-11,4.418524
2023-04-12,4.41247
2023-04-13,4.4
2023-04-14,4.402008
2023-04-17,4.422002
2023-04-18,4.434014
2023-04-19,4.441965
2023-04-20,4.4375
2023-04-21,4.437511
2023-04-24,4.437466
2023-04-25,4.449828
2023-04-26,4.457016
2023-04-27,4.46296
2023-04-28,4.460523
2023-05-02,4.464022
2023-05-03,4.452957
2023-05-04,4.453043
2023-05-05,4.436989
2023-05-08,4.436985
2023-05-09,4.449494
2023-05-10,4.458539
2023-05-11,4.462489
2023-05-12,4.478975
2023-05-15,4.497517
2023-05-16,4.499035
2023-05-17,4.524979
2023-05-18,4.536484
2023-05-19,4.53849
2023-05-22,4.547958
2023-05-23,4.569997
2023-05-24,4.593046
2023-05-25,4.625524
2023-05-26,4.600967
2023-05-29,4.60504
2023-05-30,4.601545
2023-05-31,4.615464
2023-06-01,4.613537
2023-06-02,4.577534
2023-06-05,4.577456
2023-06-06,4.607507
2023-06-07,4.597462
2023-06-08,4.618515
2023-06-09,4.614007
2023-06-12,4.619972
2023-06-13,4.616974
2023-06-14,4.621519
2023-06-15,4.626028
2023-06-16,4.614536
2023-06-19,4.627541
2023-06-20,4.639989
2023-06-21,4.644969
2023-06-22,4.650979
2023-06-23,4.676498
2023-06-26,4.673475
2023-06-27,4.665967
2023-06-28,4.671512
2023-06-29,4.671512
2023-06-30,4.667495
2023-07-03,4.667492
2023-07-04,4.652042
2023-07-05,4.653001
2023-07-06,4.661987
2023-07-07,4.669544
2023-07-10,4.670044
2023-07-11,4.657476
2023-07-12,4.650971
2023-07-13,4.585942
2023-07-14,4.525978
2023-07-17,4.540516
2023-07-18,4.542514
2023-07-19,4.542506
2023-07-20,4.543003
2023-07-21,4.561539
2023-07-24,4.572459
2023-07-25,4.562483
2023-07-26,4.549507
2023-07-27,4.521978
2023-07-28,4.554496
2023-07-31,4.509027
2023-08-01,4.518505
2023-08-02,4.544015
2023-08-03,4.554976
2023-08-04,4.554997
2023-08-07,4.558995
2023-08-08,4.582511
2023-08-09,4.572028
2023-08-10,4.571014
2023-08-11,4.586968
2023-08-14,4.617017
2023-08-15,4.635731
2023-08-16,4.629535
2023-08-17,4.652477
2023-08-18,4.647465
2023-08-21,4.648515
2023-08-22,4.648021
2023-08-23,4.656455
2023-08-24,4.645018
2023-08-25,4.639989
2023-08-28,4.654515
2023-08-29,4.645469
2023-08-30,4.639996
2023-08-31,4.640044
2023-09-01,4.647455
2023-09-04,4.655032
2023-09-05,4.664989
2023-09-06,4.673988
2023-09-07,4.678525
2023-09-08,4.676476
2023-09-11,4.674468
2023-09-12,4.677028
2023-09-13,4.679959
2023-09-14,4.682013
2023-09-15,4.683993
2023-09-18,4.689018
2023-09-19,4.695977
2023-09-20,4.685479
2023-09-21,4.69149
2023-09-22,4.687518
2023-09-25,4.685037
2023-09-26,4.689958
2023-09-27,4.707954
2023-09-28,4.708037
2023-09-29,4.695205
2023-10-02,4.716999
2023-10-03,4.723469
2023-10-04,4.730971
2023-10-05,4.727532
2023-10-06,4.713528
2023-10-09,4.732029
2023-10-10,4.730013
2023-10-11,4.718502
2023-10-12,4.712496
2023-10-13,4.728525
2023-10-16,4.736003
2023-10-17,4.73602
2023-10-18,4.744534
2023-10-19,4.765959
2023-10-20,4.767538
2023-10-23,4.794942
2023-10-24,4.784989
2023-10-25,4.779974
2023-10-26,4.786243
2023-10-27,4.778484
2023-10-30,4.762471
2023-10-31,4.764479
2023-11-01,4.770997
2023-11-02,4.751524
2023-11-03,4.72949
2023-11-06,4.636533
2023-11-07,4.671533
2023-11-08,4.683535
2023-11-09,4.692545
2023-11-10,4.708041
2023-11-13,4.707966
2023-11-14,4.718016
2023-11-15,4.672525
2023-11-16,4.688543
2023-11-17,4.680004
2023-11-20,4.66746
2023-11-21,4.653035
2023-11-22,4.678031
2023-11-23,4.678991
2023-11-24,4.6845
2023-11-27,4.681034
2023-11-28,4.671477
2023-11-29,4.652253
2023-11-30,4.659501
2023-12-01,4.673471
2023-12-04,4.657527
2023-12-05,4.667006
2023-12-06,4.668491
2023-12-07,4.674032
2023-12-08,4.664471
2023-12-11,4.682532
2023-12-12,4.684469
2023-12-13,4.706035
2023-12-14,4.672497
2023-12-15,4.670473
2023-12-18,4.693992
2023-12-19,4.681536
2023-12-20,4.657986
2023-12-21,4.655468
2023-12-22,4.632042
2023-12-27,4.62901
2023-12-28,4.607972
2023-12-29,4.595023
2024-01-02,4.602501
2024-01-03,4.63101
2024-01-04,4.634529
2024-01-05,4.653969
2024-01-08,4.651014
2024-01-09,4.64351
2024-01-10,4.641513
2024-01-11,4.646036
2024-01-12,4.647505
2024-01-15,4.669529
2024-01-16,4.691968
2024-01-17,4.717477
2024-01-18,4.717977
2024-01-19,4.717461
2024-01-22,4.726538
2024-01-23,4.727005
2024-01-24,4.731499
2024-01-25,4.731479
2024-01-26,4.727532
2024-01-29,4.733992
2024-01-30,4.727457
2024-01-31,4.729999
2024-02-01,4.72998
2024-02-02,4.716714
2024-02-05,4.750512
2024-02-06,4.765522
2024-02-07,4.761043
2024-02-08,4.769474
2024-02-09,4.765039
2024-02-12,4.765989
2024-02-13,4.765959
2024-02-14,4.785868
2024-02-15,4.781067
2024-02-16,4.780461
2024-02-19,4.787027
2024-02-20,4.797537
2024-02-21,4.793968
2024-02-22,4.776466
2024-02-23,4.77746
2024-02-26,4.777
2024-02-27,4.761975
2024-02-28,4.771003
2024-02-29,4.74552
2024-03-01,4.745954
2024-03-04,4.723493
2024-03-05,4.734999
2024-03-06,4.732021
2024-03-07,4.705461
2024-03-08,4.684962
2024-03-11,4.683965
2024-03-12,4.677538
2024-03-13,4.687997
2024-03-14,4.686041
2024-03-15,4.704462
2024-03-18,4.718509
2024-03-19,4.733002
2024-03-20,4.738012
2024-03-21,4.71477
2024-03-22,4.737503
2024-03-25,4.724965
2024-03-26,4.720037
2024-03-27,4.732988
2024-03-28,4.732957
2024-04-02,4.754489
2024-04-03,4.754985
2024-04-04,4.739495
2024-04-05,4.746979
2024-04-08,4.751455
2024-04-09,4.747492
2024-04-10,4.747514
2024-04-11,4.747507
2024-04-12,4.769996
2024-04-15,4.778998
2024-04-16,4.792047
2024-04-17,4.791502
2024-04-18,4.7835
2024-04-19,4.783535
2024-04-22,4.778029
2024-04-23,4.780026
2024-04-24,4.778027
2024-04-25,4.777519
2024-04-26,4.7675
2024-04-29,4.767537
2024-04-30,4.77048
2024-05-02,4.754534
2024-05-03,4.740041
2024-05-06,4.738957
2024-05-07,4.737971
2024-05-08,4.74253
2024-05-09,4.740775
2024-05-10,4.73903
2024-05-13,4.732006
2024-05-14,4.719526
2024-05-15,4.706979
2024-05-16,4.682956
2024-05-17,4.687477
2024-05-20,4.68502
2024-05-21,4.692471
2024-05-22,4.692521
2024-05-23,4.704533
2024-05-24,4.711531
2024-05-27,4.69704
2024-05-28,4.693714
2024-05-29,4.703509
2024-05-30,4.704022
2024-05-31,4.706966
2024-06-03,4.706973
2024-06-04,4.701979
2024-06-05,4.698032
2024-06-06,4.693971
2024-06-07,4.691044
2024-06-10,4.720993
2024-06-11,4.719478
2024-06-12,4.71751
2024-06-13,4.70753
2024-06-14,4.71954
2024-06-17,4.719473
2024-06-18,4.714046
2024-06-19,4.706484
2024-06-20,4.710514
2024-06-21,4.713043
2024-06-24,4.711463
2024-06-25,4.704499
2024-06-26,4.716999
2024-06-27,4.719521
2024-06-28,4.717515
2024-07-01,4.712983
2024-07-02,4.718986
2024-07-03,4.720487
2024-07-04,4.709537
2024-07-05,4.70898
2024-07-08,4.708999
2024-07-09,4.707509
2024-07-10,4.700508
2024-07-11,4.687517
2024-07-12,4.669513
2024-07-15,4.671495
2024-07-16,4.676023
2024-07-17,4.663527
2024-07-18,4.667521
2024-07-19,4.687511
2024-07-22,4.680474
2024-07-23,4.672007
2024-07-24,4.672474
2024-07-25,4.66298
2024-07-26,4.657459
2024-07-29,4.638994
2024-07-30,4.622506
2024-07-31,4.594477
2024-08-01,4.569005
2024-08-02,4.497462
2024-08-05,4.425041
2024-08-06,4.474027
2024-08-07,4.496521
2024-08-08,4.475023
2024-08-09,4.42246
2024-08-12,4.456018
2024-08-13,4.450462
2024-08-14,4.420002
2024-08-15,4.43502
2024-08-16,4.431508
2024-08-19,4.381487
2024-08-20,4.377481
2024-08-21,4.379993
2024-08-22,4.377997
2024-08-23,4.374966
2024-08-26,4.347487
2024-08-27,4.347518
2024-08-28,4.342988
2024-08-29,4.310967
2024-08-30,4.320465
2024-09-02,4.355031
2024-09-03,4.367467
2024-09-04,4.353032
2024-09-05,4.337749
2024-09-06,4.330541
2024-09-09,4.371457
2024-09-10,4.342489
2024-09-11,4.329983
2024-09-12,4.334241
2024-09-13,4.301507
2024-09-16,4.301456
2024-09-17,4.259
2024-09-18,4.243977
2024-09-19,4.210022
2024-09-20,4.204997
2024-09-23,4.202986
2024-09-24,4.153957
2024-09-25,4.130963
2024-09-26,4.144957
2024-09-27,4.125022
2024-09-30,4.123526
2024-10-01,4.164532
2024-10-02,4.173516
2024-10-03,4.221487
2024-10-04,4.219966
2024-10-07,4.283009
2024-10-08,4.286469
2024-10-09,4.282468
2024-10-10,4.291529
2024-10-11,4.28753
2024-10-14,4.295007
2024-10-15,4.309456
2024-10-16,4.295035
2024-10-17,4.309958
2024-10-18,4.304508
2024-10-21,4.307012
2024-10-22,4.327973
2024-10-23,4.349958
2024-10-24,4.348023
2024-10-25,4.344018
2024-10-28,4.360972
2024-10-29,4.378318
2024-10-30,4.379011
2024-10-31,4.378974
2024-11-01,4.378503
2024-11-04,4.372524
2024-11-05,4.345508
2024-11-06,4.40346
2024-11-07,4.403523
2024-11-08,4.382473
2024-11-11,4.410008
2024-11-12,4.439955
2024-11-13,4.44802
2024-11-14,4.48049
2024-11-15,4.470472
2024-11-18,4.480478
2024-11-19,4.472963
2024-11-20,4.471502
2024-11-21,4.465039
2024-11-22,4.467537
2024-11-25,4.452025
2024-11-26,4.457518
2024-11-27,4.442503
2024-11-28,4.446974
2024-11-29,4.444991
2024-12-02,4.459027
2024-12-03,4.470034
2024-12-04,4.452535
2024-12-05,4.427514
2024-12-06,4.419526
2024-12-09,4.424962
2024-12-10,4.428042
2024-12-11,4.433045
2024-12-12,4.437041
2024-12-13,4.44999
2024-12-16,4.452467
2024-12-17,4.466514
2024-12-18,4.469989
2024-12-19,4.505532
2024-12-20,4.507988
2024-12-23,4.490041
2024-12-24,4.486965
2024-12-27,4.47149
2024-12-30,4.464956
2024-12-31,4.47146
2025-01-02,4.478539
2025-01-03,4.500049
2025-01-06,4.51103
2025-01-07,4.48754
2025-01-08,4.502528
2025-01-09,4.50296
2025-01-10,4.496506
2025-01-13,4.510002
2025-01-14,4.505027
2025-01-15,4.499029
2025-01-16,4.502531
2025-01-17,4.506021
2025-01-20,4.493021
2025-01-21,4.475524
2025-01-22,4.436465
2025-01-23,4.443964
2025-01-24,4.377483
2025-01-27,4.378538
2025-01-28,4.392957
2025-01-29,4.393036
2025-01-30,4.392964
2025-01-31,4.455018
2025-02-03,4.474985
2025-02-04,4.444025
2025-02-05,4.422472
2025-02-06,4.435039
2025-02-07,4.440012
2025-02-10,4.469961
2025-02-11,4.469973
2025-02-12,4.47001
2025-02-13,4.454957
2025-02-14,4.435007
2025-02-17,4.433973
2025-02-18,4.445487
2025-02-19,4.441537
2025-02-20,4.429953
2025-02-21,4.418538
2025-02-24,4.410472
2025-02-25,4.424979
2025-02-26,4.429007
2025-02-27,4.444497
2025-02-28,4.462492
2025-03-03,4.46603
2025-03-04,4.466515
2025-03-05,4.429493
2025-03-06,4.427473
2025-03-07,4.415032
2025-03-10,4.423513
2025-03-11,4.413032
2025-03-12,4.430461
2025-03-13,4.438042
2025-03-14,4.446506
2025-03-17,4.445015
2025-03-18,4.445045
2025-03-19,4.435992
2025-03-20,4.426013
2025-03-21,4.420985
2025-03-24,4.434035
2025-03-25,4.436028
2025-03-26,4.429459
2025-03-27,4.431525
2025-03-28,4.437529
2025-03-31,4.43754
2025-04-01,4.437523
2025-04-02,4.454041
2025-04-03,4.442011
2025-04-04,4.437008
2025-04-07,4.479985
2025-04-08,4.490959
2025-04-09,4.495971
2025-04-10,4.467966
2025-04-11,4.422528
2025-04-14,4.41496
2025-04-15,4.418403
2025-04-16,4.41048
2025-04-17,4.407482
2025-04-22,4.391513
2025-04-23,4.390977
2025-04-24,4.372978
2025-04-25,4.374042
2025-04-28,4.363004
2025-04-29,4.32753
2025-04-30,4.314956
2025-05-02,4.261483
2025-05-05,4.200035
2025-05-06,4.232494
2025-05-07,4.238996
2025-05-08,4.28096
2025-05-09,4.297014
2025-05-12,4.296957
2025-05-13,4.322534
2025-05-14,4.289995
2025-05-15,4.282968
2025-05-16,4.296498
2025-05-19,4.290979
2025-05-20,4.298995
2025-05-21,4.270029
2025-05-22,4.275002
2025-05-23,4.231042
2025-05-26,4.218961
2025-05-27,4.238993
2025-05-28,4.224971
2025-05-29,4.244039
2025-05-30,4.25646
2025-06-02,4.256502
2025-06-03,4.245038
2025-06-04,4.247013
2025-06-05,4.229975
2025-06-06,4.230479
2025-06-09,4.231989
2025-06-10,4.235541
2025-06-11,4.23747
2025-06-12,4.220976
2025-06-13,4.245483
2025-06-16,4.240539
2025-06-17,4.245505
2025-06-18,4.250521
2025-06-19,4.259976
2025-06-20,4.25254
2025-06-23,4.294979
2025-06-24,4.243991
2025-06-25,4.238489
2025-06-26,4.228987
2025-06-27,4.228982
2025-06-30,4.212031
2025-07-01,4.19746
2025-07-02,4.229009
2025-07-03,4.222967
2025-07-04,4.221042
2025-07-07,4.234993
2025-07-08,4.240997
2025-07-09,4.25047
2025-07-10,4.247502
2025-07-11,4.252504
2025-07-14,4.252524
2025-07-15,4.242006
2025-07-16,4.244958
2025-07-17,4.246481
2025-07-18,4.242489
2025-07-21,4.235536
2025-07-22,4.231473
2025-07-23,4.227529
2025-07-24,4.215464
2025-07-25,4.221511
2025-07-28,4.230994
2025-07-29,4.234458
2025-07-30,4.239958
2025-07-31,4.264983
2025-08-01,4.277534
2025-08-04,4.237527
2025-08-05,4.227525
2025-08-06,4.230007
2025-08-07,4.23396
2025-08-08,4.240041
2025-08-11,4.233523
2025-08-12,4.231001
2025-08-13,4.207497
2025-08-14,4.212489
2025-08-15,4.213039
2025-08-18,4.222479
2025-08-19,4.223506
2025-08-20,4.225989
2025-08-21,4.224504
2025-08-22,4.227516
2025-08-25,4.207489
2025-08-26,4.215511
2025-08-27,4.234969
2025-08-28,4.217026
2025-08-29,4.224996
2025-09-01,4.225011
2025-09-02,4.230036
2025-09-03,4.227495
2025-09-04,4.225036
2025-09-05,4.225015
2025-09-08,4.217514
2025-09-09,4.205978
2025-09-10,4.215
2025-09-11,4.221994
2025-09-12,4.204984
2025-09-15,4.204997
2025-09-16,4.204963
2025-09-17,4.188477
2025-09-18,4.195972
2025-09-19,4.20697
2025-09-22,4.202529
2025-09-23,4.198508
2025-09-24,4.21002
2025-09-25,4.210495
2025-09-26,4.22147
2025-09-29,4.214962
2025-09-30,4.2085
2025-10-01,4.207523
2025-10-02,4.205462
2025-10-03,4.208028
2025-10-06,4.21502
2025-10-07,4.214469
2025-10-08,4.217769
2025-10-09,4.216002
2025-10-10,4.225017
2025-10-13,4.227677
2025-10-14,4.229984
2025-10-15,4.231974
2025-10-16,4.227487
2025-10-17,4.226008
2025-10-20,4.225997
2025-10-21,4.229
2025-10-22,4.212738
2025-10-23,4.229018
2025-10-24,4.222959
2025-10-27,4.209966
2025-10-28,4.197506
2025-10-29,4.188467
2025-10-30,4.2
2025-10-31,4.187987
2025-11-03,4.199496
2025-11-04,4.197459
2025-11-05,4.191525
2025-11-06,4.18304
2025-11-07,4.176023
2025-11-10,4.159969
2025-11-11,4.139006
2025-11-12,4.136489
2025-11-13,4.129013
2025-11-14,4.132469
2025-11-17,4.150004
2025-11-18,4.164021
2025-11-19,4.149961
2025-11-20,4.156505
2025-11-21,4.148958
2025-11-24,4.132883
2025-11-25,4.134534
2025-11-26,4.135959
2025-11-27,4.13197
2025-11-28,4.132457
2025-12-01,4.131032
2025-12-02,4.132512
2025-12-03,4.122986
2025-12-04,4.112035
2025-12-05,4.111035
2025-12-08,4.112999
2025-12-09,4.114978
2025-12-10,4.118016
2025-12-11,4.110039
2025-12-12,4.100503
2025-12-15,4.092487
2025-12-16,4.085513
2025-12-17,4.088466
2025-12-18,4.086014
2025-12-19,4.077015
2025-12-22,4.077991
2025-12-23,4.063974
2025-12-24,4.044965
2025-12-29,4.060003
2025-12-30,4.047036
2025-12-31,4.058043
2026-01-02,4.054006
2026-01-05,4.072531
2026-01-06,4.04698
2026-01-07,4.058028
2026-01-08,4.062527
2026-01-09,4.073527
2026-01-12,4.062521
2026-01-13,4.057491
2026-01-14,4.047979
2026-01-15,4.056263
2026-01-16,4.057502
2026-01-19,4.055025
2026-01-20,4.054485
2026-01-21,4.047023
2026-01-22,4.039979
2026-01-23,4.005536
2026-01-26,3.965529
2026-01-27,3.952469
2026-01-28,3.918991
2026-01-29,3.927473
2026-01-30,3.946975
2026-02-02,3.941976
2026-02-03,3.932463
2026-02-04,3.93198
2026-02-05,3.947025
2026-02-06,3.947516
2026-02-09,3.934461
2026-02-10,3.923491
2026-02-11,3.915042
2026-02-12,3.902476
2026-02-13,3.90752
2026-02-16,3.900042
2026-02-17,3.899966
2026-02-18,3.900042
2026-02-19,3.908534
2026-02-20,3.903034
2026-02-23,3.891039
2026-02-24,3.894031
2026-02-25,3.891039
2026-02-26,3.885983
2026-02-27,3.890978
2026-03-02,3.926996
2026-03-03,3.945976
2026-03-04,3.94154
2026-03-05,3.943019
2026-03-06,3.946025
2026-03-09,3.96296
2026-03-10,3.925006
2026-03-11,3.916501
2026-03-12,3.926994
2026-03-13,3.93848
2026-03-16,3.930476
2026-03-17,3.91796
2026-03-18,3.916522
2026-03-19,3.939333
2026-03-20,3.939507
2026-03-23,3.939462
2026-03-24,3.956533
2026-03-25,3.964976
2026-03-26,3.99402
2026-03-27,4.013024
2026-03-30,4.028039
2026-03-31,4.048965
2026-04-01,4.026971
2026-04-02,4.038959
2026-04-07,4.030977
2026-04-08,3.975995
2026-04-09,3.98297
2026-04-10,3.96499
2026-04-13,3.975009
2026-04-14,3.950988
2026-04-15,3.955008
2026-04-16,3.953998
2026-04-17,3.95253
2026-04-20,3.952466
2026-04-21,3.950965
2026-04-22,3.952527
2026-04-23,3.963486
2026-04-24,3.964993
2026-04-27,3.952507
2026-04-28,3.951969
2026-04-29,3.952503
2026-04-30,3.970005
2026-05-04,3.952991
2026-05-05,3.962519
2026-05-06,3.925013
2026-05-07,3.910025
2026-05-08,3.92101
2026-05-11,3.922482
2026-05-12,3.933975
2026-05-13,3.930516
2026-05-14,3.931465
2026-05-15,3.95098
2026-05-18,3.976992
2026-05-19,3.977539
2026-05-20,3.97
2026-05-21,3.962497
2026-05-22,3.968003
2026-05-25,3.952504
2026-05-26,3.965016
2026-05-27,3.965025
2026-05-28,3.977963
2026-05-29,3.96496
2026-06-01,3.964967
2026-06-02,3.964976
2026-06-03,3.994489
2026-06-04,4.012973
2026-06-05,4.028007
2026-06-08,4.073484
2026-06-09,4.061004
2026-06-10,4.070023
2026-06-11,4.067002
2026-06-12,4.057491
2026-06-15,4.050487
2026-06-16,4.067966
2026-06-17,4.067984
2026-06-18,4.117529
2026-06-19,4.137002
2026-06-22,4.149005
2026-06-23,4.140537
2026-06-24,4.138007
2026-06-25,4.117528
2026-06-26,4.087536
2026-06-29,4.071015
2026-06-30,4.084957
2026-07-01,4.094
2026-07-02,4.080007
2026-07-03,4.071017
2026-07-06,4.084976
2026-07-07,4.069973
2026-07-08,4.076991
2026-07-09,4.076957
2026-07-10,4.069991
2026-07-13,4.070991
2026-07-14,4.078036
2026-07-15,4.078029
2026-07-16,4.072469
2026-07-17,4.094972
2026-07-20,4.092508
2026-07-21,4.088982
2026-07-22,4.086957
2026-07-23,4.08901
2026-07-24,4.090973
2026-07-27,4.085521
2026-07-28,4.092021
2026-07-29,4.089543
2026-07-30,4.08252
2026-07-31,4.086461
2026-08-03,4.095535
2026-08-04,4.092488
2026-08-05,4.093041
2026-08-06,4.089499
2026-08-07,4.091027
2026-08-10,4.090524
2026-08-11,4.092461
2026-08-12,4.085492
2026-08-13,4.08696
2026-08-14,4.086021
2026-08-17,4.062538
2026-08-18,4.059001
2026-08-19,4.057475
2026-08-20,4.044003
2026-08-21,4.038465
2026-08-24,4.042524
2026-08-25,4.04699
2026-08-26,4.02648
2026-08-27,4.032976
2026-08-28,4.026024
2026-08-31,4.025957
2026-09-01,4.039517
2026-09-02,4.045517
2026-09-03,4.041498
2026-09-04,4.044485
2026-09-07,4.046033
2026-09-08,4.061478
2026-09-09,4.070031
2026-09-10,4.065513
2026-09-11,4.07048
2026-09-14,4.076011
2026-09-15,4.087009
2026-09-16,4.087024
2026-09-17,4.099033
2026-09-18,4.080541
2026-09-21,4.077459
2026-09-22,4.073977
2026-09-23,4.080011
2026-09-24,4.087006
2026-09-25,4.074016
2026-09-28,4.082967
2026-09-29,4.081022
2026-09-30,4.078027
2026-10-01,4.084528
2026-10-02,4.084543
2026-10-05,4.087022
2026-10-06,4.085012
