date,value
1988-01-01,1650
1988-01-04,1650
1988-01-05,1650
1988-01-06,1650
1988-01-07,1650
1988-01-08,1656
1988-01-11,1656
1988-01-12,1656
1988-01-13,1656
1988-01-14,1656
1988-01-15,1658
1988-01-18,1658
1988-01-19,1658
1988-01-20,1658
1988-01-21,1658
1988-01-22,1658
1988-01-25,1658
1988-01-26,1658
1988-01-27,1658
1988-01-28,1658
1988-01-29,1660
1988-02-01,1660
1988-02-02,1660
1988-02-03,1660
1988-02-04,1660
1988-02-05,1660
1988-02-08,1660
1988-02-09,1660
1988-02-10,1660
1988-02-11,1660
1988-02-12,1662
1988-02-15,1662
1988-02-16,1662
1988-02-17,1662
1988-02-18,1662
1988-02-19,1662
1988-02-22,1662
1988-02-23,1662
1988-02-24,1662
1988-02-25,1662
1988-02-26,1662
1988-02-29,1660
1988-03-01,1660
1988-03-02,1660
1988-03-03,1660
1988-03-04,1660
1988-03-07,1660
1988-03-08,1660
1988-03-09,1660
1988-03-10,1660
1988-03-11,1660
1988-03-14,1660
1988-03-15,1660
1988-03-16,1660
1988-03-17,1660
1988-03-18,1660
1988-03-21,1660
1988-03-22,1660
1988-03-23,1660
1988-03-24,1660
1988-03-25,1660
1988-03-28,1660
1988-03-29,1660
1988-03-30,1660
1988-03-31,1660
1988-04-01,1660
1988-04-04,1660
1988-04-05,1660
1988-04-06,1660
1988-04-07,1660
1988-04-08,1660
1988-04-11,1660
1988-04-12,1660
1988-04-13,1660
1988-04-14,1660
1988-04-15,1660
1988-04-18,1660
1988-04-19,1660
1988-04-20,1660
1988-04-21,1660
1988-04-22,1660
1988-04-25,1667
1988-04-26,1667
1988-04-27,1667
1988-04-28,1667
1988-04-29,1667
1988-05-02,1668
1988-05-03,1668
1988-05-04,1668
1988-05-05,1668
1988-05-06,1668
1988-05-09,1668
1988-05-10,1668
1988-05-11,1668
1988-05-12,1668
1988-05-13,1668
1988-05-16,1670
1988-05-17,1670
1988-05-18,1670
1988-05-19,1670
1988-05-20,1670
1988-05-23,1671
1988-05-24,1671
1988-05-25,1671
1988-05-26,1671
1988-05-27,1671
1988-05-30,1671
1988-05-31,1671
1988-06-01,1673
1988-06-02,1673
1988-06-03,1673
1988-06-06,1675
1988-06-07,1675
1988-06-08,1675
1988-06-09,1675
1988-06-10,1675
1988-06-13,1675
1988-06-14,1675
1988-06-15,1675
1988-06-16,1675
1988-06-17,1675
1988-06-20,1677
1988-06-21,1677
1988-06-22,1677
1988-06-23,1677
1988-06-24,1677
1988-06-27,1683
1988-06-28,1683
1988-06-29,1683
1988-06-30,1683
1988-07-01,1683
1988-07-04,1683
1988-07-05,1683
1988-07-06,1683
1988-07-07,1683
1988-07-08,1683
1988-07-11,1687
1988-07-12,1687
1988-07-13,1687
1988-07-14,1687
1988-07-15,1687
1988-07-18,1689
1988-07-19,1689
1988-07-20,1689
1988-07-21,1689
1988-07-22,1689
1988-07-25,1688
1988-07-26,1688
1988-07-27,1688
1988-07-28,1688
1988-07-29,1688
1988-08-01,1693
1988-08-02,1693
1988-08-03,1693
1988-08-04,1693
1988-08-05,1693
1988-08-08,1693
1988-08-09,1693
1988-08-10,1693
1988-08-11,1693
1988-08-12,1693
1988-08-15,1693
1988-08-16,1693
1988-08-17,1693
1988-08-18,1693
1988-08-19,1693
1988-08-22,1697
1988-08-23,1697
1988-08-24,1697
1988-08-25,1697
1988-08-26,1697
1988-08-29,1694
1988-08-30,1694
1988-08-31,1694
1988-09-01,1694
1988-09-02,1694
1988-09-05,1694
1988-09-06,1696
1988-09-07,1697
1988-09-08,1697
1988-09-09,1697
1988-09-12,1697
1988-09-13,1698
1988-09-14,1698
1988-09-15,1700
1988-09-16,1700
1988-09-19,1699
1988-09-20,1697
1988-09-21,1698
1988-09-22,1700
1988-09-23,1700
1988-09-26,1701
1988-09-27,1702
1988-09-28,1701
1988-09-29,1700
1988-09-30,1702
1988-10-03,1701
1988-10-04,1701
1988-10-05,1702
1988-10-06,1703
1988-10-07,1703
1988-10-10,1703
1988-10-11,1704
1988-10-12,1704
1988-10-13,1703
1988-10-14,1705
1988-10-17,1705
1988-10-18,1706
1988-10-19,1706
1988-10-20,1706
1988-10-21,1706
1988-10-24,1706
1988-10-25,1706
1988-10-26,1706
1988-10-27,1706
1988-10-28,1706
1988-10-31,1713
1988-11-01,1713
1988-11-02,1713
1988-11-03,1713
1988-11-04,1713
1988-11-07,1711
1988-11-08,1711
1988-11-09,1711
1988-11-10,1711
1988-11-11,1711
1988-11-14,1713
1988-11-15,1713
1988-11-16,1713
1988-11-17,1713
1988-11-18,1713
1988-11-21,1714
1988-11-22,1714
1988-11-23,1714
1988-11-24,1714
1988-11-25,1714
1988-11-28,1716
1988-11-29,1716
1988-11-30,1716
1988-12-01,1716
1988-12-02,1716
1988-12-05,1718
1988-12-06,1718
1988-12-07,1718
1988-12-08,1718
1988-12-09,1718
1988-12-12,1720
1988-12-13,1720
1988-12-14,1720
1988-12-15,1720
1988-12-16,1720
1988-12-19,1724
1988-12-20,1724
1988-12-21,1724
1988-12-22,1724
1988-12-23,1724
1988-12-26,1724
1988-12-27,1725
1988-12-28,1725
1988-12-29,1725
1988-12-30,1725
1989-01-02,1725
1989-01-03,1712
1989-01-04,1712
1989-01-05,1712
1989-01-06,1712
1989-01-09,1720
1989-01-10,1720
1989-01-11,1720
1989-01-12,1720
1989-01-13,1720
1989-01-16,1720
1989-01-17,1725
1989-01-18,1725
1989-01-19,1725
1989-01-20,1725
1989-01-23,1726
1989-01-24,1726
1989-01-25,1726
1989-01-26,1726
1989-01-27,1726
1989-01-30,1729
1989-01-31,1729
1989-02-01,1729
1989-02-02,1729
1989-02-03,1729
1989-02-06,1730
1989-02-07,1730
1989-02-08,1730
1989-02-09,1730
1989-02-10,1730
1989-02-13,1730
1989-02-14,1730
1989-02-15,1730
1989-02-16,1730
1989-02-17,1730
1989-02-20,1730
1989-02-21,1730
1989-02-22,1730
1989-02-23,1731
1989-02-24,1731
1989-02-27,1731
1989-02-28,1731
1989-03-01,1731
1989-03-02,1731
1989-03-03,1731
1989-03-06,1735
1989-03-07,1735
1989-03-08,1735
1989-03-09,1735
1989-03-10,1735
1989-03-13,1739
1989-03-14,1739
1989-03-15,1739
1989-03-16,1739
1989-03-17,1739
1989-03-20,1742
1989-03-21,1742
1989-03-22,1742
1989-03-23,1742
1989-03-24,1742
1989-03-27,1741
1989-03-28,1741
1989-03-29,1741
1989-03-30,1741
1989-03-31,1741
1989-04-03,1743
1989-04-04,1743
1989-04-05,1743
1989-04-06,1743
1989-04-07,1743
1989-04-10,1743
1989-04-11,1743
1989-04-12,1743
1989-04-13,1743
1989-04-14,1743
1989-04-17,1743
1989-04-18,1743
1989-04-19,1743
1989-04-20,1743
1989-04-21,1743
1989-04-24,1742
1989-04-25,1742
1989-04-26,1742
1989-04-27,1742
1989-04-28,1742
1989-05-01,1747
1989-05-02,1747
1989-05-03,1747
1989-05-04,1747
1989-05-05,1747
1989-05-08,1755
1989-05-09,1755
1989-05-10,1755
1989-05-11,1755
1989-05-12,1755
1989-05-15,1765
1989-05-16,1765
1989-05-17,1765
1989-05-18,1765
1989-05-19,1765
1989-05-22,1756
1989-05-23,1756
1989-05-24,1756
1989-05-25,1756
1989-05-26,1756
1989-05-29,1756
1989-05-30,1759
1989-05-31,1759
1989-06-01,1759
1989-06-02,1759
1989-06-05,1757
1989-06-06,1757
1989-06-07,1757
1989-06-08,1757
1989-06-09,1757
1989-06-12,1758
1989-06-13,1758
1989-06-14,1758
1989-06-15,1758
1989-06-16,1758
1989-06-19,1760
1989-06-20,1760
1989-06-21,1760
1989-06-22,1760
1989-06-23,1760
1989-06-26,1757
1989-06-27,1757
1989-06-28,1757
1989-06-29,1757
1989-06-30,1757
1989-07-03,1761
1989-07-04,1761
1989-07-05,1761
1989-07-06,1761
1989-07-07,1761
1989-07-10,1762
1989-07-11,1762
1989-07-12,1762
1989-07-13,1762
1989-07-14,1762
1989-07-17,1762
1989-07-18,1762
1989-07-19,1762
1989-07-20,1762
1989-07-21,1762
1989-07-24,1763
1989-07-25,1763
1989-07-26,1763
1989-07-27,1763
1989-07-28,1763
1989-07-31,1765
1989-08-01,1765
1989-08-02,1765
1989-08-03,1765
1989-08-04,1765
1989-08-07,1764
1989-08-08,1764
1989-08-09,1764
1989-08-10,1764
1989-08-11,1764
1989-08-14,1771
1989-08-15,1771
1989-08-16,1771
1989-08-17,1771
1989-08-18,1771
1989-08-21,1771
1989-08-22,1771
1989-08-23,1771
1989-08-24,1771
1989-08-25,1771
1989-08-28,1775
1989-08-29,1775
1989-08-30,1775
1989-08-31,1775
1989-09-01,1775
1989-09-04,1775
1989-09-05,1773
1989-09-06,1773
1989-09-07,1773
1989-09-08,1773
1989-09-11,1777
1989-09-12,1777
1989-09-13,1777
1989-09-14,1777
1989-09-15,1777
1989-09-18,1775
1989-09-19,1775
1989-09-20,1775
1989-09-21,1775
1989-09-22,1775
1989-09-25,1774
1989-09-26,1774
1989-09-27,1774
1989-09-28,1774
1989-09-29,1774
1989-10-02,1773
1989-10-03,1773
1989-10-04,1773
1989-10-05,1773
1989-10-06,1773
1989-10-09,1773
1989-10-10,1775
1989-10-11,1775
1989-10-12,1775
1989-10-13,1775
1989-10-16,1774
1989-10-17,1774
1989-10-18,1774
1989-10-19,1774
1989-10-20,1774
1989-10-23,1776
1989-10-24,1776
1989-10-25,1776
1989-10-26,1776
1989-10-27,1776
1989-10-30,1786
1989-10-31,1786
1989-11-01,1786
1989-11-02,1786
1989-11-03,1786
1989-11-06,1780
1989-11-07,1780
1989-11-08,1780
1989-11-09,1780
1989-11-10,1780
1989-11-13,1781
1989-11-14,1781
1989-11-15,1781
1989-11-16,1781
1989-11-17,1781
1989-11-20,1782
1989-11-21,1782
1989-11-22,1782
1989-11-23,1782
1989-11-24,1782
1989-11-27,1782
1989-11-28,1782
1989-11-29,1782
1989-11-30,1782
1989-12-01,1782
1989-12-04,1783
1989-12-05,1783
1989-12-06,1783
1989-12-07,1783
1989-12-08,1783
1989-12-11,1782
1989-12-12,1782
1989-12-13,1782
1989-12-14,1782
1989-12-15,1782
1989-12-18,1781
1989-12-19,1781
1989-12-20,1781
1989-12-21,1781
1989-12-22,1781
1989-12-25,1781
1989-12-26,1784
1989-12-27,1784
1989-12-28,1784
1989-12-29,1784
1990-01-01,1784
1990-01-02,1787
1990-01-03,1788
1990-01-04,1790
1990-01-05,1790
1990-01-08,1789
1990-01-09,1790
1990-01-10,1790
1990-01-11,1791
1990-01-12,1791
1990-01-15,1792
1990-01-16,1792
1990-01-17,1792
1990-01-18,1793
1990-01-19,1794
1990-01-22,1794
1990-01-23,1795
1990-01-24,1794
1990-01-25,1795
1990-01-26,1795
1990-01-29,1793
1990-01-30,1794
1990-01-31,1793
1990-02-01,1796
1990-02-02,1796
1990-02-05,1797
1990-02-06,1795
1990-02-07,1795
1990-02-08,1796
1990-02-09,1795
1990-02-12,1795
1990-02-13,1796
1990-02-14,1805
1990-02-15,1796
1990-02-16,1796
1990-02-19,1796
1990-02-20,1798
1990-02-21,1798
1990-02-22,1798
1990-02-23,1799
1990-02-26,1799
1990-02-27,1801
1990-02-28,1802
1990-03-01,1802
1990-03-02,1803
1990-03-05,1804
1990-03-06,1804
1990-03-07,1804
1990-03-08,1805
1990-03-09,1805
1990-03-12,1806
1990-03-13,1807
1990-03-14,1808
1990-03-15,1808
1990-03-16,1808
1990-03-19,1807
1990-03-20,1807
1990-03-21,1808
1990-03-22,1810
1990-03-23,1810
1990-03-26,1809
1990-03-27,1809
1990-03-28,1809
1990-03-29,1811
1990-03-30,1801
1990-04-02,1809
1990-04-03,1809
1990-04-04,1811
1990-04-05,1812
1990-04-06,1812
1990-04-09,1811
1990-04-10,1811
1990-04-11,1813
1990-04-12,1812
1990-04-13,1813
1990-04-16,1813
1990-04-17,1814
1990-04-18,1814
1990-04-19,1814
1990-04-20,1823
1990-04-23,1814
1990-04-24,1815
1990-04-25,1815
1990-04-26,1815
1990-04-27,1816
1990-04-30,1816
1990-05-01,1816
1990-05-02,1816
1990-05-03,1816
1990-05-04,1817
1990-05-07,1817
1990-05-08,1818
1990-05-09,1817
1990-05-10,1817
1990-05-11,1817
1990-05-14,1816
1990-05-15,1816
1990-05-16,1816
1990-05-17,1816
1990-05-18,1816
1990-05-21,1816
1990-05-22,1819
1990-05-23,1821
1990-05-24,1820
1990-05-25,1820
1990-05-28,1820
1990-05-29,1822
1990-05-30,1821
1990-05-31,1823
1990-06-01,1823
1990-06-04,1825
1990-06-05,1826
1990-06-06,1825
1990-06-07,1825
1990-06-08,1826
1990-06-11,1826
1990-06-12,1827
1990-06-13,1828
1990-06-14,1828
1990-06-15,1828
1990-06-18,1819
1990-06-19,1828
1990-06-20,1827
1990-06-21,1827
1990-06-22,1827
1990-06-25,1830
1990-06-26,1832
1990-06-27,1832
1990-06-28,1832
1990-06-29,1832
1990-07-02,1832
1990-07-03,1830
1990-07-04,1830
1990-07-05,1830
1990-07-06,1830
1990-07-09,1830
1990-07-10,1833
1990-07-11,1833
1990-07-12,1833
1990-07-13,1833
1990-07-16,1833
1990-07-17,1840
1990-07-18,1840
1990-07-19,1834
1990-07-20,1835
1990-07-23,1836
1990-07-24,1836
1990-07-25,1836
1990-07-26,1837
1990-07-27,1837
1990-07-30,1838
1990-07-31,1839
1990-08-01,1837
1990-08-02,1837
1990-08-03,1839
1990-08-06,1841
1990-08-07,1842
1990-08-08,1841
1990-08-09,1842
1990-08-10,1842
1990-08-13,1842
1990-08-14,1842
1990-08-15,1842
1990-08-16,1844
1990-08-17,1844
1990-08-20,1844
1990-08-21,1844
1990-08-22,1844
1990-08-23,1844
1990-08-24,1844
1990-08-27,1844
1990-08-28,1844
1990-08-29,1844
1990-08-30,1844
1990-08-31,1844
1990-09-03,1844
1990-09-04,1844
1990-09-05,1846
1990-09-06,1846
1990-09-07,1845
1990-09-10,1845
1990-09-11,1847
1990-09-12,1854
1990-09-13,1854
1990-09-14,1854
1990-09-17,1854
1990-09-18,1852
1990-09-19,1853
1990-09-20,1854
1990-09-21,1850
1990-09-24,1845
1990-09-25,1832
1990-09-26,1832
1990-09-27,1846
1990-09-28,1846
1990-10-01,1847
1990-10-02,1847
1990-10-03,1847
1990-10-04,1846
1990-10-05,1845
1990-10-08,1859
1990-10-09,1845
1990-10-10,1846
1990-10-11,1846
1990-10-12,1846
1990-10-15,1846
1990-10-16,1847
1990-10-17,1848
1990-10-18,1848
1990-10-19,1848
1990-10-22,1848
1990-10-23,1850
1990-10-24,1851
1990-10-25,1853
1990-10-26,1852
1990-10-29,1853
1990-10-30,1854
1990-10-31,1854
1990-11-01,1856
1990-11-02,1856
1990-11-05,1856
1990-11-06,1855
1990-11-07,1855
1990-11-08,1855
1990-11-09,1856
1990-11-12,1856
1990-11-13,1856
1990-11-14,1857
1990-11-15,1858
1990-11-16,1858
1990-11-19,1859
1990-11-20,1858
1990-11-21,1859
1990-11-22,1859
1990-11-23,1861
1990-11-26,1861
1990-11-27,1861.93
1990-11-28,1864
1990-11-29,1864
1990-11-30,1867
1990-12-03,1867
1990-12-04,1868
1990-12-05,1869
1990-12-06,1870
1990-12-07,1870
1990-12-10,1870
1990-12-11,1870
1990-12-12,1872
1990-12-13,1872
1990-12-14,1875
1990-12-17,1875
1990-12-18,1874
1990-12-19,1875
1990-12-20,1875
1990-12-21,1878
1990-12-24,1878
1990-12-25,1878
1990-12-26,1880
1990-12-27,1880
1990-12-28,1880
1990-12-31,1880
1991-01-01,1880
1991-01-02,1883
1991-01-03,1883
1991-01-04,1883
1991-01-07,1883
1991-01-08,1887
1991-01-09,1888
1991-01-10,1889
1991-01-11,1889
1991-01-14,1889
1991-01-15,1890
1991-01-16,1890
1991-01-17,1891
1991-01-18,1892
1991-01-21,1892
1991-01-22,1892
1991-01-23,1893
1991-01-24,1893
1991-01-25,1893
1991-01-28,1894
1991-01-29,1894
1991-01-30,1895
1991-01-31,1895
1991-02-01,1895
1991-02-04,1894
1991-02-05,1894
1991-02-06,1894
1991-02-07,1893
1991-02-08,1893
1991-02-11,1893
1991-02-12,1894
1991-02-13,1894
1991-02-14,1895
1991-02-15,1896
1991-02-18,1896
1991-02-19,1896
1991-02-20,1899
1991-02-21,1899
1991-02-22,1899
1991-02-25,1899
1991-02-26,1903
1991-02-27,1903
1991-02-28,1903
1991-03-01,1899
1991-03-04,1903
1991-03-05,1906
1991-03-06,1906
1991-03-07,1907
1991-03-08,1907
1991-03-11,1908
1991-03-12,1910
1991-03-13,1910
1991-03-14,1909
1991-03-15,1909
1991-03-18,1910
1991-03-19,1912
1991-03-20,1912
1991-03-21,1913
1991-03-22,1913
1991-03-25,1913
1991-03-26,1913
1991-03-27,1914
1991-03-28,1914
1991-03-29,1914
1991-04-01,1915
1991-04-02,1914
1991-04-03,1914
1991-04-04,1914
1991-04-05,1915
1991-04-08,1915
1991-04-09,1916
1991-04-10,1916
1991-04-11,1915
1991-04-12,1916
1991-04-15,1916
1991-04-16,1916
1991-04-17,1916
1991-04-18,1916
1991-04-19,1917
1991-04-22,1918
1991-04-23,1912
1991-04-24,1936.5
1991-04-25,1936
1991-04-26,1937
1991-04-29,1939
1991-04-30,1937.5
1991-05-01,1936
1991-05-02,1921
1991-05-03,1936
1991-05-06,1936
1991-05-07,1923
1991-05-08,1936
1991-05-09,1923
1991-05-10,1936
1991-05-13,1937
1991-05-14,1925
1991-05-15,1938
1991-05-16,1938
1991-05-17,1925
1991-05-20,1941
1991-05-21,1940
1991-05-22,1939
1991-05-23,1941
1991-05-24,1941
1991-05-27,1941
1991-05-28,1941
1991-05-29,1940.5
1991-05-30,1942
1991-05-31,1942.5
1991-06-03,1943
1991-06-04,1944.5
1991-06-05,1943
1991-06-06,1943
1991-06-07,1944
1991-06-10,1945.5
1991-06-11,1945
1991-06-12,1945
1991-06-13,1946
1991-06-14,1946
1991-06-17,1946
1991-06-18,1947
1991-06-19,1947
1991-06-20,1948
1991-06-21,1947
1991-06-24,1948
1991-06-25,1948
1991-06-26,1948
1991-06-27,1948
1991-06-28,1935
1991-07-01,1950
1991-07-02,1950
1991-07-03,1950.05
1991-07-04,1950.05
1991-07-05,1951
1991-07-08,1951
1991-07-09,1950
1991-07-10,1950.5
1991-07-11,1951
1991-07-12,1951
1991-07-15,1952
1991-07-16,1955
1991-07-17,1952
1991-07-18,1952
1991-07-19,1953
1991-07-22,1953
1991-07-23,1953
1991-07-24,1953
1991-07-25,1952.5
1991-07-26,1954.5
1991-07-29,1955
1991-07-30,1955
1991-07-31,1955
1991-08-01,1955
1991-08-02,1955
1991-08-05,1957
1991-08-06,1957
1991-08-07,1957
1991-08-08,1957
1991-08-09,1957.5
1991-08-12,1955.5
1991-08-13,1956.5
1991-08-14,1955.5
1991-08-15,1957
1991-08-16,1957.5
1991-08-19,1960
1991-08-20,1960.5
1991-08-21,1960.5
1991-08-22,1961
1991-08-23,1961
1991-08-26,1961
1991-08-27,1961
1991-08-28,1960
1991-08-29,1961
1991-08-30,1961
1991-09-02,1961
1991-09-03,1962.5
1991-09-04,1961.25
1991-09-05,1963
1991-09-06,1964
1991-09-09,1962.75
1991-09-10,1962.75
1991-09-11,1963
1991-09-12,1967.5
1991-09-13,1968
1991-09-16,1964
1991-09-17,1964
1991-09-18,1962
1991-09-19,1966.5
1991-09-20,1968.5
1991-09-23,1968
1991-09-24,1968.5
1991-09-25,1969
1991-09-26,1969
1991-09-27,1969
1991-09-30,1967
1991-10-01,1966.5
1991-10-02,1968
1991-10-03,1970
1991-10-04,1966
1991-10-07,1971.5
1991-10-08,1972
1991-10-09,1972
1991-10-10,1974
1991-10-11,1974
1991-10-14,1974.5
1991-10-15,1975
1991-10-16,1975
1991-10-17,1976
1991-10-18,1976.5
1991-10-21,1976.5
1991-10-22,1976.5
1991-10-23,1977.25
1991-10-24,1977.5
1991-10-25,1977.5
1991-10-28,1977.5
1991-10-29,1975.5
1991-10-30,1978.5
1991-10-31,1979
1991-11-01,1979
1991-11-04,1978.5
1991-11-05,1978
1991-11-06,1977
1991-11-07,1977.5
1991-11-08,1977
1991-11-11,1977
1991-11-12,1977
1991-11-13,1977
1991-11-14,1979
1991-11-15,1980
1991-11-18,1979
1991-11-19,1978.25
1991-11-20,1978.75
1991-11-21,1979.5
1991-11-22,1980.5
1991-11-25,1979.75
1991-11-26,1979
1991-11-27,1980.5
1991-11-28,1981
1991-11-29,1980
1991-12-02,1981.75
1991-12-03,1981.75
1991-12-04,1982
1991-12-05,1985
1991-12-06,1987.25
1991-12-09,1988
1991-12-10,1989
1991-12-11,1989.25
1991-12-12,1990.5
1991-12-13,1986
1991-12-16,1986
1991-12-17,1986
1991-12-18,1987
1991-12-19,1989
1991-12-20,1988.5
1991-12-23,1988.5
1991-12-24,1977
1991-12-25,1977
1991-12-26,1992.5
1991-12-27,1992.5
1991-12-30,1994.5
1991-12-31,1994.5
1992-01-01,1994.5
1992-01-02,1993
1992-01-03,1994
1992-01-06,1993
1992-01-07,1991.5
1992-01-08,1991.25
1992-01-09,1991.25
1992-01-10,1992.5
1992-01-13,1994.5
1992-01-14,1994.75
1992-01-15,1995
1992-01-16,1996.5
1992-01-17,1997
1992-01-20,1999
1992-01-21,1999
1992-01-22,1999
1992-01-23,1998.75
1992-01-24,1998.75
1992-01-27,1999.5
1992-01-28,1999.25
1992-01-29,1999.25
1992-01-30,1999.25
1992-01-31,2000.5
1992-02-03,2000.5
1992-02-04,2000.5
1992-02-05,2000.5
1992-02-06,2001.5
1992-02-07,2001.75
1992-02-10,2001.5
1992-02-11,2002.5
1992-02-12,2003.5
1992-02-13,2006
1992-02-14,2006
1992-02-17,2006.25
1992-02-18,2006.5
1992-02-19,2009.5
1992-02-20,2010.75
1992-02-21,2010.25
1992-02-24,2011.5
1992-02-25,2009.25
1992-02-26,2010.25
1992-02-27,2011
1992-02-28,2010.25
1992-03-02,2011
1992-03-03,2011
1992-03-04,2012
1992-03-05,2012
1992-03-06,2012
1992-03-09,2011.5
1992-03-10,2010.5
1992-03-11,2011.5
1992-03-12,2012.25
1992-03-13,2012.75
1992-03-16,2012.75
1992-03-17,2011.5
1992-03-18,2011
1992-03-19,2011.75
1992-03-20,2012.5
1992-03-23,2013.5
1992-03-24,2013.5
1992-03-25,2014.25
1992-03-26,2014
1992-03-27,2015
1992-03-30,2014
1992-03-31,2014
1992-04-01,2014
1992-04-02,2016
1992-04-03,2015
1992-04-06,2015
1992-04-07,2015
1992-04-08,2015
1992-04-09,2015
1992-04-10,2015
1992-04-13,2015.5
1992-04-14,2016
1992-04-15,2016.5
1992-04-16,2016.5
1992-04-17,2016.5
1992-04-20,2017.75
1992-04-21,2017.75
1992-04-22,2017.75
1992-04-23,2019
1992-04-24,2020
1992-04-27,2019
1992-04-28,2018
1992-04-29,2018
1992-04-30,2020.5
1992-05-01,2020.5
1992-05-04,2020.5
1992-05-05,2022
1992-05-06,2023.5
1992-05-07,2024
1992-05-08,2024
1992-05-11,2025.25
1992-05-12,2026.25
1992-05-13,2026.25
1992-05-14,2026.25
1992-05-15,2026
1992-05-18,2026.75
1992-05-19,2026.5
1992-05-20,2026.5
1992-05-21,2027.25
1992-05-22,2028
1992-05-25,2028.25
1992-05-26,2028.25
1992-05-27,2029
1992-05-28,2029
1992-05-29,2030
1992-06-01,2030
1992-06-02,2027
1992-06-03,2029
1992-06-04,2029
1992-06-05,2029
1992-06-08,2031.25
1992-06-09,2029
1992-06-10,2032.5
1992-06-11,2032.5
1992-06-12,2029
1992-06-15,2030
1992-06-16,2030
1992-06-17,2030
1992-06-18,2030
1992-06-19,2030
1992-06-22,2030
1992-06-23,2030
1992-06-24,2030
1992-06-25,2030
1992-06-26,2031
1992-06-29,2035.5
1992-06-30,2033
1992-07-01,2033
1992-07-02,2033
1992-07-03,2034.75
1992-07-06,2033
1992-07-07,2033
1992-07-08,2032
1992-07-09,2033
1992-07-10,2034
1992-07-13,2031.63
1992-07-14,2031.75
1992-07-15,2033
1992-07-16,2031.5
1992-07-17,2033
1992-07-20,2032
1992-07-21,2033
1992-07-22,2033
1992-07-23,2034
1992-07-24,2034
1992-07-27,2035
1992-07-28,2035
1992-07-29,2035
1992-07-30,2032.5
1992-07-31,2031
1992-08-03,2034
1992-08-04,2034
1992-08-05,2035
1992-08-06,2035
1992-08-07,2035
1992-08-10,2035
1992-08-11,2031
1992-08-12,2032.05
1992-08-13,2034
1992-08-14,2034
1992-08-17,2034
1992-08-18,2029.88
1992-08-19,2035
1992-08-20,2032.5
1992-08-21,2034
1992-08-24,2033
1992-08-25,2032
1992-08-26,2032
1992-08-27,2033
1992-08-28,2033
1992-08-31,2031.5
1992-09-01,2034
1992-09-02,2031.75
1992-09-03,2034
1992-09-04,2035
1992-09-07,2034
1992-09-08,2034
1992-09-09,2034
1992-09-10,2035
1992-09-11,2036
1992-09-14,2038
1992-09-15,2039.5
1992-09-16,2045.5
1992-09-17,2046.5
1992-09-18,2040
1992-09-21,2041
1992-09-22,2041
1992-09-23,2044.5
1992-09-24,2040
1992-09-25,2040
1992-09-28,2040
1992-09-29,2039
1992-09-30,2038
1992-10-01,2038
1992-10-02,2040
1992-10-05,2036.5
1992-10-06,2037
1992-10-07,2042
1992-10-08,2038.5
1992-10-09,2046
1992-10-12,2045
1992-10-13,2045
1992-10-14,2045
1992-10-15,2045
1992-10-16,2044
1992-10-19,2040.5
1992-10-20,2040.5
1992-10-21,2047
1992-10-22,2048
1992-10-23,2047
1992-10-26,2048
1992-10-27,2044
1992-10-28,2049
1992-10-29,2050
1992-10-30,2045.5
1992-11-02,2047
1992-11-03,2052.5
1992-11-04,2051
1992-11-05,2055.75
1992-11-06,2052
1992-11-09,2053
1992-11-10,2059
1992-11-11,2053
1992-11-12,2057.5
1992-11-13,2053
1992-11-16,2059
1992-11-17,2060.25
1992-11-18,2060
1992-11-19,2059
1992-11-20,2059.5
1992-11-23,2064
1992-11-24,2064.45
1992-11-25,2063.75
1992-11-26,2062.5
1992-11-27,2063
1992-11-30,2064
1992-12-01,2063.5
1992-12-02,2063.5
1992-12-03,2064
1992-12-04,2064.25
1992-12-07,2064
1992-12-08,2063.5
1992-12-09,2062
1992-12-10,2063.5
1992-12-11,2063.5
1992-12-14,2064.5
1992-12-15,2064.25
1992-12-16,2064.5
1992-12-17,2065
1992-12-18,2064.38
1992-12-21,2064.75
1992-12-22,2064.5
1992-12-23,2066.5
1992-12-24,2067
1992-12-25,2067
1992-12-28,2068.5
1992-12-29,2069
1992-12-30,2067.5
1992-12-31,2067.5
1993-01-01,2067.5
1993-01-04,2068.5
1993-01-05,2067.88
1993-01-06,2067.5
1993-01-07,2065.25
1993-01-08,2063
1993-01-11,2065
1993-01-12,2065
1993-01-13,2061
1993-01-14,2062.5
1993-01-15,2062.5
1993-01-18,2066
1993-01-19,2065
1993-01-20,2065
1993-01-21,2065
1993-01-22,2065
1993-01-25,2063.5
1993-01-26,2065
1993-01-27,2065
1993-01-28,2066
1993-01-29,2065
1993-02-01,2067
1993-02-02,2063.5
1993-02-03,2063
1993-02-04,2062.5
1993-02-05,2068
1993-02-08,2063.13
1993-02-09,2067
1993-02-10,2061.25
1993-02-11,2062.5
1993-02-12,2062.5
1993-02-15,2067
1993-02-16,2067
1993-02-17,2066
1993-02-18,2062.25
1993-02-19,2066
1993-02-22,2063
1993-02-23,2065
1993-02-24,2065
1993-02-25,2066
1993-02-26,2067
1993-03-01,2068
1993-03-02,2068
1993-03-03,2067
1993-03-04,2067
1993-03-05,2062.75
1993-03-08,2063.38
1993-03-09,2068
1993-03-10,2069
1993-03-11,2069
1993-03-12,2069
1993-03-15,2070
1993-03-16,2070
1993-03-17,2070
1993-03-18,2070
1993-03-19,2069
1993-03-22,2072.5
1993-03-23,2070
1993-03-24,2070
1993-03-25,2070
1993-03-26,2070
1993-03-29,2075.5
1993-03-30,2071
1993-03-31,2071
1993-04-01,2070
1993-04-02,2069
1993-04-05,2069
1993-04-06,2070
1993-04-07,2070
1993-04-08,2074.5
1993-04-09,2074.5
1993-04-12,2075.13
1993-04-13,2069
1993-04-14,2070
1993-04-15,2066.5
1993-04-16,2071
1993-04-19,2070
1993-04-20,2070
1993-04-21,2070
1993-04-22,2071
1993-04-23,2070
1993-04-26,2072
1993-04-27,2073
1993-04-28,2069
1993-04-29,2079.5
1993-04-30,2079.5
1993-05-03,2074
1993-05-04,2076
1993-05-05,2074
1993-05-06,2074
1993-05-07,2074
1993-05-10,2077.5
1993-05-11,2077.5
1993-05-12,2077.5
1993-05-13,2082.25
1993-05-14,2077
1993-05-17,2076
1993-05-18,2078
1993-05-19,2078
1993-05-20,2078
1993-05-21,2078
1993-05-24,2080
1993-05-25,2080
1993-05-26,2079
1993-05-27,2079
1993-05-28,2081.25
1993-05-31,2081.38
1993-06-01,2081.38
1993-06-02,2079
1993-06-03,2080
1993-06-04,2080
1993-06-07,2081
1993-06-08,2081
1993-06-09,2082
1993-06-10,2080.5
1993-06-11,2082
1993-06-14,2082.5
1993-06-15,2082
1993-06-16,2084.5
1993-06-17,2084
1993-06-18,2088.75
1993-06-21,2086
1993-06-22,2087
1993-06-23,2087
1993-06-24,2088
1993-06-25,2093.25
1993-06-28,2088
1993-06-29,2093.63
1993-06-30,2089
1993-07-01,2094.5
1993-07-02,2095.5
1993-07-05,2095.5
1993-07-06,2091
1993-07-07,2091
1993-07-08,2093.5
1993-07-09,2092
1993-07-12,2093
1993-07-13,2093
1993-07-14,2092
1993-07-15,2092
1993-07-16,2093
1993-07-19,2094
1993-07-20,2094
1993-07-21,2092.5
1993-07-22,2094
1993-07-23,2094
1993-07-26,2095
1993-07-27,2093.75
1993-07-28,2095
1993-07-29,2095
1993-07-30,2096
1993-08-02,2097.5
1993-08-03,2092.5
1993-08-04,2093.5
1993-08-05,2095
1993-08-06,2095
1993-08-09,2093.5
1993-08-10,2096
1993-08-11,2093.15
1993-08-12,2094
1993-08-13,2094.5
1993-08-16,2096
1993-08-17,2096
1993-08-18,2096
1993-08-19,2097
1993-08-20,2099
1993-08-23,2097.5
1993-08-24,2100
1993-08-25,2101
1993-08-26,2102
1993-08-27,2102
1993-08-30,2102
1993-08-31,2102
1993-09-01,2103
1993-09-02,2103
1993-09-03,2106
1993-09-06,2104.5
1993-09-07,2102
1993-09-08,2103
1993-09-09,2102.75
1993-09-10,2104
1993-09-13,2102
1993-09-14,2101.5
1993-09-15,2101.5
1993-09-16,2101
1993-09-17,2102.25
1993-09-20,2102.6
1993-09-21,2102.85
1993-09-22,2104.35
1993-09-23,2104.65
1993-09-24,2105
1993-09-27,2108
1993-09-28,2104.5
1993-09-29,2107
1993-09-30,2106.5
1993-10-01,2109
1993-10-04,2104.5
1993-10-05,2103.5
1993-10-06,2104.1
1993-10-07,2104.5
1993-10-08,2105.25
1993-10-11,2104.75
1993-10-12,2104.25
1993-10-13,2103.25
1993-10-14,2108
1993-10-15,2103.25
1993-10-18,2103
1993-10-19,2108
1993-10-20,2102
1993-10-21,2102.35
1993-10-22,2102.15
1993-10-25,2107
1993-10-26,2100.5
1993-10-27,2100.38
1993-10-28,2101.15
1993-10-29,2101.55
1993-11-01,2101.45
1993-11-02,2100.25
1993-11-03,2098.5
1993-11-04,2098.7
1993-11-05,2098.15
1993-11-08,2096.6
1993-11-09,2094.5
1993-11-10,2094
1993-11-11,2092.5
1993-11-12,2089.88
1993-11-15,2089.5
1993-11-16,2097
1993-11-17,2094.95
1993-11-18,2099.13
1993-11-19,2100.75
1993-11-22,2106.5
1993-11-23,2104
1993-11-24,2102
1993-11-25,2099.25
1993-11-26,2099.5
1993-11-29,2105
1993-11-30,2103.35
1993-12-01,2104
1993-12-02,2105.13
1993-12-03,2104.3
1993-12-06,2104.25
1993-12-07,2102.4
1993-12-08,2102.5
1993-12-09,2102.75
1993-12-10,2107
1993-12-13,2103.5
1993-12-14,2103.48
1993-12-15,2103.2
1993-12-16,2104.05
1993-12-17,2103.5
1993-12-20,2103
1993-12-21,2108
1993-12-22,2103.18
1993-12-23,2103.5
1993-12-24,2104.03
1993-12-27,2103.63
1993-12-28,2104.38
1993-12-29,2109.5
1993-12-30,2110.5
1993-12-31,2111.25
1994-01-03,2106.25
1994-01-04,2105.75
1994-01-05,2103.65
1994-01-06,2102.25
1994-01-07,2100.03
1994-01-10,2098
1994-01-11,2101.88
1994-01-12,2105
1994-01-13,2110.88
1994-01-14,2119
1994-01-17,2117.25
1994-01-18,2109.5
1994-01-19,2109.5
1994-01-20,2114.83
1994-01-21,2115.13
1994-01-24,2117.38
1994-01-25,2117.79
1994-01-26,2114
1994-01-27,2114
1994-01-28,2113.13
1994-01-31,2115.25
1994-02-01,2113.5
1994-02-02,2112.25
1994-02-03,2113.5
1994-02-04,2113.38
1994-02-07,2114.5
1994-02-08,2114
1994-02-09,2116.5
1994-02-10,2118.25
1994-02-11,2119.3
1994-02-14,2118.5
1994-02-15,2117.5
1994-02-16,2119.18
1994-02-17,2121.5
1994-02-18,2128.75
1994-02-21,2136.25
1994-02-22,2147.5
1994-02-23,2143.25
1994-02-24,2140.13
1994-02-25,2146
1994-02-28,2145.13
1994-03-01,2146
1994-03-02,2146.5
1994-03-03,2146.5
1994-03-04,2146.5
1994-03-07,2147.5
1994-03-08,2148.5
1994-03-09,2148.88
1994-03-10,2150.38
1994-03-11,2150.43
1994-03-14,2150.43
1994-03-15,2150
1994-03-16,2149.75
1994-03-17,2149.5
1994-03-18,2148.75
1994-03-21,2149
1994-03-22,2148.88
1994-03-23,2149.5
1994-03-24,2150.5
1994-03-25,2150.88
1994-03-28,2150.5
1994-03-29,2152.5
1994-03-30,2154
1994-03-31,2155
1994-04-01,2155
1994-04-04,2154.63
1994-04-05,2156
1994-04-06,2155
1994-04-07,2157.5
1994-04-08,2158.13
1994-04-11,2158.13
1994-04-12,2158
1994-04-13,2156.75
1994-04-14,2155.63
1994-04-15,2159
1994-04-18,2158.25
1994-04-19,2158.13
1994-04-20,2157.25
1994-04-21,2159.75
1994-04-22,2160.63
1994-04-25,2160.25
1994-04-26,2160.25
1994-04-27,2160
1994-04-28,2158.5
1994-04-29,2156.5
1994-05-02,2156.5
1994-05-03,2154.6
1994-05-04,2154.5
1994-05-05,2156.25
1994-05-06,2158.5
1994-05-09,2159.5
1994-05-10,2161
1994-05-11,2162
1994-05-12,2162
1994-05-13,2162
1994-05-16,2162.93
1994-05-17,2162.98
1994-05-18,2163.05
1994-05-19,2162.2
1994-05-20,2163.13
1994-05-23,2164
1994-05-24,2164.05
1994-05-25,2164.05
1994-05-26,2164.13
1994-05-27,2164.25
1994-05-30,2163.98
1994-05-31,2164.25
1994-06-01,2164.5
1994-06-02,2165.65
1994-06-03,2166.05
1994-06-06,2166.93
1994-06-07,2166.7
1994-06-08,2167.25
1994-06-09,2168
1994-06-10,2167.95
1994-06-13,2168
1994-06-14,2166.25
1994-06-15,2166.25
1994-06-16,2166.75
1994-06-17,2167.25
1994-06-20,2167.78
1994-06-21,2167.45
1994-06-22,2167.25
1994-06-23,2168.25
1994-06-24,2168.5
1994-06-27,2168.5
1994-06-28,2168.5
1994-06-29,2168.75
1994-06-30,2169.98
1994-07-01,2170.35
1994-07-04,2170.5
1994-07-05,2170.75
1994-07-06,2170.15
1994-07-07,2170.65
1994-07-08,2169.75
1994-07-11,2169
1994-07-12,2167.35
1994-07-13,2166
1994-07-14,2167.2
1994-07-15,2166.5
1994-07-18,2164.57
1994-07-19,2163.75
1994-07-20,2163.75
1994-07-21,2165.5
1994-07-22,2167.65
1994-07-25,2168
1994-07-26,2167.5
1994-07-27,2166.88
1994-07-28,2166
1994-07-29,2165.38
1994-08-01,2164
1994-08-02,2161.98
1994-08-03,2161.5
1994-08-04,2162.82
1994-08-05,2162.5
1994-08-08,2160.75
1994-08-09,2161.07
1994-08-10,2160.95
1994-08-11,2161.75
1994-08-12,2160.38
1994-08-15,2161.07
1994-08-16,2161
1994-08-17,2161
1994-08-18,2162.25
1994-08-19,2161.93
1994-08-22,2162.07
1994-08-23,2167.07
1994-08-24,2168.53
1994-08-25,2177.5
1994-08-26,2175.25
1994-08-29,2171.5
1994-08-30,2171
1994-08-31,2173.75
1994-09-01,2176.38
1994-09-02,2176.15
1994-09-05,2178
1994-09-06,2179.25
1994-09-07,2180
1994-09-08,2180.5
1994-09-09,2179.38
1994-09-12,2177
1994-09-13,2175
1994-09-14,2174.63
1994-09-15,2176.5
1994-09-16,2176.85
1994-09-19,2175.75
1994-09-20,2173.85
1994-09-21,2172.75
1994-09-22,2174.25
1994-09-23,2175.5
1994-09-26,2173.5
1994-09-27,2173.05
1994-09-28,2173.75
1994-09-29,2175
1994-09-30,2176.05
1994-10-03,2174.5
1994-10-04,2172.88
1994-10-05,2172.75
1994-10-06,2173.75
1994-10-07,2173
1994-10-10,2173.15
1994-10-11,2173.5
1994-10-12,2175.5
1994-10-13,2174.5
1994-10-14,2173.95
1994-10-17,2173.3
1994-10-18,2172.5
1994-10-19,2172.25
1994-10-20,2172.75
1994-10-21,2172.5
1994-10-24,2172.5
1994-10-25,2172
1994-10-26,2171.75
1994-10-27,2171.75
1994-10-28,2171.63
1994-10-31,2171.13
1994-11-01,2170.75
1994-11-02,2170.75
1994-11-03,2172.25
1994-11-04,2172.15
1994-11-07,2172.07
1994-11-08,2172.75
1994-11-09,2174.75
1994-11-10,2175.25
1994-11-11,2177.63
1994-11-14,2178.45
1994-11-15,2178.45
1994-11-16,2176.25
1994-11-17,2176.15
1994-11-18,2176.75
1994-11-21,2176.25
1994-11-22,2176.25
1994-11-23,2175.85
1994-11-24,2177.28
1994-11-25,2177.5
1994-11-28,2177.07
1994-11-29,2177.85
1994-11-30,2178.55
1994-12-01,2179.25
1994-12-02,2179.32
1994-12-05,2179.5
1994-12-06,2187.13
1994-12-07,2190
1994-12-08,2190.07
1994-12-09,2189.5
1994-12-12,2189.36
1994-12-13,2188.65
1994-12-14,2187.5
1994-12-15,2187.75
1994-12-16,2187.57
1994-12-19,2186.63
1994-12-20,2186.5
1994-12-21,2187.3
1994-12-22,2190.15
1994-12-23,2190.45
1994-12-26,2190.45
1994-12-27,2194.25
1994-12-28,2199.25
1994-12-29,2198.5
1994-12-30,2198
1995-01-02,2198
1995-01-03,2194.7
1995-01-04,2197
1995-01-05,2199.5
1995-01-06,2197.75
1995-01-09,2202
1995-01-10,2207
1995-01-11,2207
1995-01-12,2232.5
1995-01-13,2275
1995-01-16,2213.5
1995-01-17,2210.5
1995-01-18,2210.88
1995-01-19,2215.5
1995-01-20,2216.75
1995-01-23,2217.63
1995-01-24,2219
1995-01-25,2220.5
1995-01-26,2221
1995-01-27,2220
1995-01-30,2215
1995-01-31,2217
1995-02-01,2217.75
1995-02-02,2219.5
1995-02-03,2219.5
1995-02-06,2219
1995-02-07,2219.5
1995-02-08,2220.5
1995-02-09,2221
1995-02-10,2222
1995-02-13,2219.5
1995-02-14,2219.38
1995-02-15,2218.5
1995-02-16,2217.5
1995-02-17,2217.25
1995-02-20,2216
1995-02-21,2215
1995-02-22,2215.5
1995-02-23,2217
1995-02-24,2215
1995-02-27,2215.5
1995-02-28,2216.75
1995-03-01,2218
1995-03-02,2216
1995-03-03,2215
1995-03-06,2217
1995-03-07,2216.5
1995-03-08,2222.5
1995-03-09,2225.6
1995-03-10,2226.5
1995-03-13,2226.5
1995-03-14,2226
1995-03-15,2225.65
1995-03-16,2225.5
1995-03-17,2226.75
1995-03-20,2226.5
1995-03-21,2226.5
1995-03-22,2228
1995-03-23,2231.13
1995-03-24,2232
1995-03-27,2232.25
1995-03-28,2231.5
1995-03-29,2233
1995-03-30,2238
1995-03-31,2238
1995-04-03,2234
1995-04-04,2229
1995-04-05,2226
1995-04-06,2229
1995-04-07,2231
1995-04-10,2231.5
1995-04-11,2231.5
1995-04-12,2232
1995-04-13,2230.5
1995-04-14,2231
1995-04-17,2229
1995-04-18,2227
1995-04-19,2228
1995-04-20,2229
1995-04-21,2229
1995-04-24,2228
1995-04-25,2229
1995-04-26,2231
1995-04-27,2232.5
1995-04-28,2233
1995-05-01,2233.5
1995-05-02,2232.5
1995-05-03,2232
1995-05-04,2231.5
1995-05-05,2230.5
1995-05-08,2231
1995-05-09,2226
1995-05-10,2225
1995-05-11,2227
1995-05-12,2232
1995-05-15,2231.5
1995-05-16,2227.75
1995-05-17,2227.5
1995-05-18,2230
1995-05-19,2229.5
1995-05-22,2227
1995-05-23,2226.68
1995-05-24,2228
1995-05-25,2228
1995-05-26,2229
1995-05-29,2227.5
1995-05-30,2227
1995-05-31,2226.5
1995-06-01,2227.5
1995-06-02,2226
1995-06-05,2224
1995-06-06,2223
1995-06-07,2223.5
1995-06-08,2225
1995-06-09,2224
1995-06-12,2225
1995-06-13,2225
1995-06-14,2224.5
1995-06-15,2226.75
1995-06-16,2230
1995-06-19,2230.75
1995-06-20,2229
1995-06-21,2230.25
1995-06-22,2229.75
1995-06-23,2230
1995-06-26,2230
1995-06-27,2230
1995-06-28,2230.25
1995-06-29,2231
1995-06-30,2227
1995-07-03,2225.75
1995-07-04,2226
1995-07-05,2226
1995-07-06,2226
1995-07-07,2226.95
1995-07-10,2228
1995-07-11,2228
1995-07-12,2228.5
1995-07-13,2230
1995-07-14,2229.5
1995-07-17,2230
1995-07-18,2230.25
1995-07-19,2231
1995-07-20,2231
1995-07-21,2232
1995-07-24,2233
1995-07-25,2235
1995-07-26,2236
1995-07-27,2235
1995-07-28,2234.05
1995-07-31,2234
1995-08-01,2235
1995-08-02,2236
1995-08-03,2237
1995-08-04,2236.5
1995-08-07,2237
1995-08-08,2237.65
1995-08-09,2237.5
1995-08-10,2238.75
1995-08-11,2238.88
1995-08-14,2239
1995-08-15,2244
1995-08-16,2252
1995-08-17,2249.5
1995-08-18,2251.5
1995-08-21,2269.5
1995-08-22,2274
1995-08-23,2284
1995-08-24,2277.5
1995-08-25,2267
1995-08-28,2257.5
1995-08-29,2262.5
1995-08-30,2264
1995-08-31,2266.5
1995-09-01,2267.25
1995-09-04,2267
1995-09-05,2275.5
1995-09-06,2271.5
1995-09-07,2273
1995-09-08,2278.5
1995-09-11,2276.5
1995-09-12,2277.5
1995-09-13,2274
1995-09-14,2278
1995-09-15,2276
1995-09-18,2275
1995-09-19,2272
1995-09-20,2268.5
1995-09-21,2267.5
1995-09-22,2268
1995-09-25,2269.5
1995-09-26,2267
1995-09-27,2264.5
1995-09-28,2266
1995-09-29,2266
1995-10-02,2267
1995-10-03,2266
1995-10-04,2265
1995-10-05,2267.5
1995-10-06,2268
1995-10-09,2265
1995-10-10,2263.5
1995-10-11,2262
1995-10-12,2263
1995-10-13,2264
1995-10-16,2263
1995-10-17,2262
1995-10-18,2261
1995-10-19,2263
1995-10-20,2271.5
1995-10-23,2269
1995-10-24,2268.5
1995-10-25,2267.5
1995-10-26,2271
1995-10-27,2277
1995-10-30,2268
1995-10-31,2271
1995-11-01,2273
1995-11-02,2281
1995-11-03,2282
1995-11-06,2278.5
1995-11-07,2276
1995-11-08,2279
1995-11-09,2285
1995-11-10,2283.25
1995-11-13,2282
1995-11-14,2286
1995-11-15,2286
1995-11-16,2287
1995-11-17,2285
1995-11-20,2284
1995-11-21,2283
1995-11-22,2282
1995-11-23,2283
1995-11-24,2284
1995-11-27,2284
1995-11-28,2283
1995-11-29,2281
1995-11-30,2283.5
1995-12-01,2284
1995-12-04,2284
1995-12-05,2283.5
1995-12-06,2284.5
1995-12-07,2287.5
1995-12-08,2288
1995-12-11,2284.5
1995-12-12,2283
1995-12-13,2283
1995-12-14,2285.5
1995-12-15,2285
1995-12-18,2286
1995-12-19,2287
1995-12-20,2284.75
1995-12-21,2287
1995-12-22,2287.5
1995-12-25,2287.5
1995-12-26,2288
1995-12-27,2288
1995-12-28,2291.5
1995-12-29,2286.5
1996-01-03,2284.5
1996-01-04,2289
1996-01-05,2288
1996-01-08,2293
1996-01-09,2293.5
1996-01-10,2291
1996-01-11,2293
1996-01-12,2292
1996-01-15,2289.5
1996-01-16,2288.5
1996-01-17,2288.5
1996-01-18,2289
1996-01-19,2288.5
1996-01-22,2289
1996-01-23,2292.5
1996-01-24,2290
1996-01-25,2293
1996-01-26,2292.5
1996-01-29,2291.8
1996-01-30,2291
1996-01-31,2291.5
1996-02-01,2291
1996-02-02,2291
1996-02-05,2291
1996-02-06,2291.5
1996-02-07,2290
1996-02-08,2292
1996-02-09,2294
1996-02-12,2293.5
1996-02-13,2293.5
1996-02-14,2293.5
1996-02-15,2295.5
1996-02-16,2301.5
1996-02-19,2303.5
1996-02-20,2301.5
1996-02-21,2307.5
1996-02-22,2307
1996-02-23,2312.5
1996-02-26,2327.5
1996-02-27,2319.5
1996-02-28,2313.5
1996-02-29,2316.5
1996-03-01,2314
1996-03-04,2313.5
1996-03-05,2315
1996-03-06,2318
1996-03-07,2320
1996-03-08,2323.5
1996-03-11,2333
1996-03-12,2333
1996-03-13,2334
1996-03-14,2339.5
1996-03-15,2335
1996-03-18,2334
1996-03-19,2338
1996-03-20,2336
1996-03-21,2334.5
1996-03-22,2337
1996-03-25,2338.5
1996-03-26,2334
1996-03-27,2336.5
1996-03-28,2343
1996-03-29,2337.5
1996-04-01,2338
1996-04-02,2333.5
1996-04-03,2329.5
1996-04-04,2329
1996-04-08,2332
1996-04-09,2332
1996-04-10,2329
1996-04-11,2332
1996-04-12,2331
1996-04-15,2326.5
1996-04-16,2327.5
1996-04-17,2325.5
1996-04-18,2325.5
1996-04-19,2327.5
1996-04-22,2326
1996-04-23,2327
1996-04-24,2328.5
1996-04-25,2331.5
1996-04-26,2327.5
1996-04-29,2335
1996-04-30,2329.5
1996-05-01,2327.5
1996-05-02,2329.5
1996-05-03,2329
1996-05-06,2327.5
1996-05-07,2326
1996-05-08,2327.5
1996-05-09,2330.5
1996-05-10,2330.5
1996-05-13,2329.5
1996-05-14,2328.5
1996-05-15,2330
1996-05-16,2330.5
1996-05-17,2330
1996-05-20,2328
1996-05-21,2328.5
1996-05-22,2329
1996-05-23,2331.5
1996-05-24,2330.5
1996-05-27,2330.5
1996-05-28,2330.7
1996-05-29,2331.5
1996-05-30,2330.5
1996-05-31,2332.5
1996-06-03,2332.5
1996-06-04,2332.5
1996-06-05,2333
1996-06-06,2334.5
1996-06-07,2334.5
1996-06-10,2335.9
1996-06-11,2335.3
1996-06-12,2336.5
1996-06-13,2327.5
1996-06-14,2325
1996-06-17,2322.25
1996-06-18,2323
1996-06-19,2327.5
1996-06-20,2331
1996-06-21,2328.5
1996-06-24,2328
1996-06-25,2328.9
1996-06-26,2327.5
1996-06-27,2326.5
1996-06-28,2327.5
1996-07-01,2326
1996-07-02,2327
1996-07-03,2325.5
1996-07-04,2342.5
1996-07-05,2341
1996-07-08,2340
1996-07-09,2336.5
1996-07-10,2331
1996-07-11,2331
1996-07-12,2332
1996-07-15,2329.5
1996-07-16,2328
1996-07-17,2327
1996-07-18,2328.5
1996-07-19,2330.5
1996-07-22,2329
1996-07-23,2328
1996-07-24,2329.7
1996-07-25,2329
1996-07-26,2333
1996-07-29,2360
1996-07-30,2348.5
1996-07-31,2351.5
1996-08-01,2347
1996-08-02,2343.5
1996-08-05,2340
1996-08-06,2338
1996-08-07,2342.5
1996-08-08,2346.5
1996-08-09,2341.5
1996-08-12,2340
1996-08-13,2339
1996-08-14,2340
1996-08-15,2343
1996-08-16,2343.5
1996-08-19,2341.5
1996-08-20,2340.75
1996-08-21,2342
1996-08-22,2341
1996-08-23,2344
1996-08-26,2342.5
1996-08-27,2341.5
1996-08-28,2341
1996-08-29,2342.5
1996-08-30,2342
1996-09-02,2342.5
1996-09-03,2344
1996-09-04,2343.75
1996-09-05,2345
1996-09-06,2347
1996-09-09,2348
1996-09-10,2348
1996-09-11,2330
1996-09-12,2326
1996-09-13,2323
1996-09-16,2323
1996-09-17,2321.2
1996-09-18,2318
1996-09-19,2319.5
1996-09-20,2319
1996-09-23,2318.2
1996-09-24,2318
1996-09-25,2318.5
1996-09-26,2318.7
1996-09-27,2318.7
1996-09-30,2321.5
1996-10-01,2326
1996-10-02,2323.5
1996-10-03,2324.5
1996-10-04,2323
1996-10-07,2322
1996-10-08,2320.5
1996-10-09,2318.5
1996-10-10,2321
1996-10-11,2321
1996-10-14,2319
1996-10-15,2321
1996-10-16,2322.5
1996-10-17,2323.5
1996-10-18,2323.5
1996-10-21,2324.5
1996-10-22,2325
1996-10-23,2324.6
1996-10-24,2325
1996-10-25,2327.3
1996-10-28,2327.7
1996-10-29,2327.95
1996-10-30,2328
1996-10-31,2329.32
1996-11-01,2328.7
1996-11-04,2330
1996-11-05,2330.13
1996-11-06,2330.25
1996-11-07,2333.5
1996-11-08,2334
1996-11-11,2334.25
1996-11-12,2336.8
1996-11-13,2335
1996-11-14,2336
1996-11-15,2336.5
1996-11-18,2337
1996-11-19,2338.5
1996-11-20,2338.5
1996-11-21,2340.5
1996-11-22,2345
1996-11-25,2345.5
1996-11-26,2345.5
1996-11-27,2344
1996-11-28,2344
1996-11-29,2345
1996-12-02,2345
1996-12-03,2346
1996-12-04,2346.25
1996-12-05,2348
1996-12-06,2351
1996-12-09,2353
1996-12-10,2352
1996-12-11,2352
1996-12-12,2352.7
1996-12-13,2353
1996-12-16,2353
1996-12-17,2352.75
1996-12-18,2353.75
1996-12-19,2357.5
1996-12-20,2360.5
1996-12-23,2362.5
1996-12-24,2363.5
1996-12-25,2363.5
1996-12-26,2362.5
1996-12-27,2363
1996-12-30,2362
1996-12-31,2362.5
1997-01-02,2362
1997-01-03,2362
1997-01-06,2362.25
1997-01-07,2362
1997-01-08,2361.8
1997-01-09,2363
1997-01-10,2363
1997-01-13,2370.5
1997-01-14,2378
1997-01-15,2378.5
1997-01-16,2373.5
1997-01-17,2372.5
1997-01-20,2370.5
1997-01-21,2370.5
1997-01-22,2371
1997-01-23,2374
1997-01-24,2374.5
1997-01-27,2371.75
1997-01-28,2372
1997-01-29,2371.5
1997-01-30,2375
1997-01-31,2376.5
1997-02-03,2373
1997-02-04,2374
1997-02-05,2374
1997-02-06,2377
1997-02-07,2377.5
1997-02-12,2377
1997-02-13,2379.75
1997-02-14,2381.5
1997-02-17,2384
1997-02-18,2386
1997-02-19,2388.5
1997-02-20,2388
1997-02-21,2388
1997-02-24,2392
1997-02-25,2389
1997-02-26,2390
1997-02-27,2393
1997-02-28,2406
1997-03-03,2396
1997-03-04,2393
1997-03-05,2393
1997-03-06,2395
1997-03-07,2409
1997-03-10,2410
1997-03-11,2410
1997-03-12,2412
1997-03-13,2411
1997-03-14,2412
1997-03-17,2413
1997-03-18,2413
1997-03-19,2412
1997-03-20,2413
1997-03-21,2415
1997-03-24,2415
1997-03-25,2416
1997-03-26,2418
1997-03-27,2418
1997-04-01,2419
1997-04-02,2418
1997-04-03,2419
1997-04-04,2419
1997-04-07,2421
1997-04-08,2422
1997-04-10,2423
1997-04-11,2423
1997-04-14,2424
1997-04-15,2425
1997-04-16,2425
1997-04-17,2426
1997-04-21,2426
1997-04-22,2427
1997-04-23,2428
1997-04-24,2431
1997-04-25,2437
1997-04-28,2430
1997-04-29,2430
1997-04-30,2433
1997-05-01,2433
1997-05-02,2433
1997-05-05,2431
1997-05-06,2432
1997-05-07,2432
1997-05-09,2431
1997-05-12,2430
1997-05-13,2431
1997-05-14,2434
1997-05-15,2438
1997-05-16,2433
1997-05-19,2442
1997-05-20,2443
1997-05-21,2444
1997-05-23,2443
1997-05-26,2440
1997-05-27,2439
1997-05-28,2444
1997-05-29,2442
1997-05-30,2440
1997-06-02,2441
1997-06-03,2442
1997-06-04,2442
1997-06-05,2442
1997-06-06,2443
1997-06-09,2443
1997-06-10,2443
1997-06-11,2444
1997-06-12,2445
1997-06-13,2445
1997-06-16,2446
1997-06-17,2446
1997-06-18,2446
1997-06-19,2447
1997-06-20,2448
1997-06-23,2448
1997-06-24,2448
1997-06-25,2448
1997-06-26,2449
1997-06-27,2449
1997-06-30,2450
1997-07-01,2451
1997-07-02,2451
1997-07-03,2451
1997-07-04,2451
1997-07-07,2452
1997-07-08,2453
1997-07-09,2453
1997-07-10,2454
1997-07-11,2431
1997-07-14,2457
1997-07-15,2449
1997-07-16,2461
1997-07-18,2489
1997-07-21,2619
1997-07-22,2600
1997-07-23,2573
1997-07-24,2590
1997-07-25,2616
1997-07-28,2595
1997-07-29,2583
1997-07-30,2580
1997-07-31,2599
1997-08-01,2609
1997-08-04,2604
1997-08-05,2600
1997-08-06,2596
1997-08-07,2591
1997-08-08,2597
1997-08-11,2612
1997-08-12,2640
1997-08-13,2653
1997-08-18,2935
1997-08-20,2875
1997-08-21,2705
1997-08-22,2725
1997-08-25,2690
1997-08-26,2755
1997-08-27,2850
1997-08-28,2940
1997-08-29,3035
1997-09-01,2935
1997-09-02,2995
1997-09-03,3030
1997-09-04,3040
1997-09-05,2990
1997-09-08,2943
1997-09-09,2909
1997-09-10,2923
1997-09-11,2944
1997-09-12,2950
1997-09-15,2941
1997-09-16,2944
1997-09-17,2984
1997-09-18,2965
1997-09-19,2985
1997-09-22,3030
1997-09-23,3015
1997-09-24,2980
1997-09-25,3029
1997-09-26,3085
1997-09-29,3178
1997-09-30,3275
1997-10-01,3355
1997-10-02,3395
1997-10-03,3540
1997-10-06,3810
1997-10-07,3645
1997-10-08,3655
1997-10-09,3575
1997-10-10,3472
1997-10-13,3475
1997-10-14,3475
1997-10-15,3490
1997-10-16,3615
1997-10-17,3673
1997-10-20,3685
1997-10-21,3630
1997-10-22,3663
1997-10-23,3660
1997-10-24,3618
1997-10-27,3575
1997-10-28,3625
1997-10-29,3643
1997-10-30,3630
1997-10-31,3670
1997-11-03,3380
1997-11-04,3230
1997-11-05,3325
1997-11-06,3330
1997-11-07,3295
1997-11-10,3315
1997-11-11,3320
1997-11-12,3335
1997-11-13,3365
1997-11-14,3435
1997-11-17,3460
1997-11-18,3455
1997-11-19,3483
1997-11-20,3500
1997-11-21,3590
1997-11-24,3623
1997-11-25,3625
1997-11-26,3660
1997-11-27,3648
1997-12-01,3688
1997-12-02,3780
1997-12-03,3875
1997-12-04,3920
1997-12-05,3960
1997-12-08,4060
1997-12-09,4335
1997-12-10,4460
1997-12-11,4475
1997-12-12,4770
1997-12-15,5400
1997-12-16,5850
1997-12-17,5650
1997-12-18,5425
1997-12-19,5275
1997-12-22,5250
1997-12-23,5625
1997-12-24,5825
1997-12-26,5500
1997-12-29,5130
1997-12-30,5300
1997-12-31,4650
1998-01-02,5650
1998-01-05,6300
1998-01-06,7350
1998-01-07,7925
1998-01-08,8825
1998-01-09,8250
1998-01-12,8450
1998-01-13,8575
1998-01-14,7800
1998-01-15,7450
1998-01-16,8650
1998-01-19,8600
1998-01-20,9888
1998-01-21,10150
1998-01-22,11500
1998-01-23,12900
1998-01-26,13600
1998-01-27,12825
1998-01-28,10175
1998-01-29,10375
1998-02-02,9550
1998-02-03,9550
1998-02-04,8550
1998-02-05,8550
1998-02-06,9000
1998-02-09,9075
1998-02-10,8450
1998-02-11,7050
1998-02-12,7050
1998-02-13,8750
1998-02-16,10050
1998-02-17,9700
1998-02-18,9400
1998-02-19,8700
1998-02-20,8650
1998-02-23,9300
1998-02-24,9500
1998-02-25,9400
1998-02-26,9000
1998-02-27,8750
1998-03-02,8750
1998-03-03,8650
1998-03-04,9150
1998-03-05,9350
1998-03-06,10800
1998-03-09,10750
1998-03-10,10750
1998-03-11,9550
1998-03-12,10025
1998-03-13,10025
1998-03-16,9750
1998-03-17,9750
1998-03-18,9750
1998-03-19,9750
1998-03-20,9750
1998-03-23,9600
1998-03-24,8650
1998-03-25,8350
1998-03-26,8338
1998-03-27,8338
1998-03-30,8325
1998-03-31,8325
1998-04-01,8325
1998-04-02,8325
1998-04-03,8425
1998-04-06,8400
1998-04-08,8400
1998-04-09,8000
1998-04-13,7750
1998-04-14,7500
1998-04-15,7500
1998-04-16,8075
1998-04-17,7765
1998-04-20,7945
1998-04-21,7777.5
1998-04-22,7775
1998-04-23,7775
1998-04-24,7850
1998-04-27,7850
1998-04-29,7970
1998-04-30,7970
1998-05-01,7925
1998-05-04,7925
1998-05-05,7963
1998-05-06,8019
1998-05-07,8669
1998-05-08,8669
1998-05-12,8669
1998-05-13,9150
1998-05-14,9495
1998-05-18,10770
1998-05-19,12250
1998-05-22,10900
1998-05-25,10700
1998-05-26,10650
1998-05-27,10100
1998-05-28,10100
1998-05-29,10525
1998-06-01,11150
1998-06-02,11150
1998-06-03,11400
1998-06-04,11400
1998-06-05,11540
1998-06-08,11525
1998-06-09,11525
1998-06-10,11650
1998-06-11,12613
1998-06-12,12613
1998-06-15,13300
1998-06-16,13300
1998-06-17,15250
1998-06-18,14900
1998-06-19,14350
1998-06-22,14350
1998-06-23,14400
1998-06-24,14500
1998-06-25,14500
1998-06-26,14725
1998-06-29,14850
1998-06-30,14900
1998-07-01,14000
1998-07-02,13850
1998-07-03,13850
1998-07-07,14550
1998-07-08,14550
1998-07-09,14625
1998-07-10,14700
1998-07-13,14700
1998-07-14,14550
1998-07-15,14550
1998-07-16,13750
1998-07-17,13150
1998-07-20,13150
1998-07-21,13450
1998-07-22,13750
1998-07-23,13750
1998-07-24,13800
1998-07-27,13800
1998-07-28,13650
1998-07-29,13100
1998-07-30,13000
1998-07-31,13000
1998-08-03,13000
1998-08-04,12800
1998-08-05,12700
1998-08-06,12700
1998-08-07,12700
1998-08-10,12700
1998-08-11,12700
1998-08-12,12775
1998-08-13,12775
1998-08-14,12775
1998-08-18,12500
1998-08-19,12275
1998-08-20,11250
1998-08-21,11250
1998-08-24,11400
1998-08-25,11400
1998-08-26,11200
1998-08-27,11200
1998-08-28,11075
1998-08-31,11075
1998-09-01,10900
1998-09-02,10825
1998-09-03,10725
1998-09-04,10725
1998-09-07,10725
1998-09-08,10775
1998-09-09,10775
1998-09-10,11550
1998-09-11,11550
1998-09-14,11550
1998-09-15,10975
1998-09-16,10925
1998-09-17,10925
1998-09-18,10963
1998-09-21,10963
1998-09-22,10975
1998-09-23,10975
1998-09-24,10975
1998-09-25,10850
1998-09-28,10850
1998-09-29,10700
1998-09-30,10700
1998-10-01,10700
1998-10-02,10725
1998-10-05,10500
1998-10-06,10250
1998-10-07,9650
1998-10-08,9000
1998-10-09,9000
1998-10-12,9000
1998-10-13,9000
1998-10-14,8650
1998-10-15,8650
1998-10-16,8470
1998-10-19,8000
1998-10-20,7700
1998-10-21,7125
1998-10-22,7125
1998-10-23,7300
1998-10-26,7600
1998-10-27,7400
1998-10-28,7400
1998-10-29,7575
1998-10-30,7550
1998-11-02,7525
1998-11-03,7800
1998-11-04,7975
1998-11-05,8600
1998-11-06,8200
1998-11-09,8200
1998-11-10,8200
1998-11-11,7750
1998-11-12,7700
1998-11-13,7813
1998-11-16,7813
1998-11-18,7338
1998-11-19,7428
1998-11-20,7428
1998-11-23,7428
1998-11-24,7500
1998-11-25,7500
1998-11-26,7450
1998-11-27,7300
1998-11-30,7300
1998-12-01,7400
1998-12-02,7450
1998-12-03,7473
1998-12-04,7562
1998-12-07,7531
1998-12-08,7533
1998-12-09,7423
1998-12-10,7516
1998-12-11,7480
1998-12-14,7522
1998-12-15,7550
1998-12-16,7880
1998-12-17,7850
1998-12-18,7800
1998-12-21,7700
1998-12-22,7700
1998-12-23,7902
1998-12-24,7848
1998-12-28,7813
1998-12-29,8058
1998-12-30,8068
1998-12-31,8025
1999-01-04,8002.044279
1999-01-05,7900.347752
1999-01-06,7951.698884
1999-01-07,7925.352476
1999-01-08,7995.222575
1999-01-11,8000.354395
1999-01-12,8073.958333
1999-01-13,8698.560967
1999-01-14,8651.128465
1999-01-15,8958.11113
1999-01-18,8447.459525
1999-01-19,8570.213499
1999-01-20,8468.786177
1999-01-21,8648.893882
1999-01-22,8907.711593
1999-01-25,9348.800069
1999-01-26,9168.278363
1999-01-27,9176.19915
1999-01-28,9150.420684
1999-01-29,8923.049895
1999-02-01,8898.456518
1999-02-02,8799.250243
1999-02-03,8427.617536
1999-02-04,8676.178638
1999-02-05,8750.398512
1999-02-08,8899.60875
1999-02-09,8750.401482
1999-02-10,8601.904426
1999-02-11,8702.705092
1999-02-12,8752.739239
1999-02-15,8598.861007
1999-02-16,8749.615247
1999-02-17,8755.842886
1999-02-18,8824.23433
1999-02-19,8827.779271
1999-02-22,8902.037846
1999-02-23,8831.862522
1999-02-24,8798.024826
1999-02-25,8840.712537
1999-02-26,8828.217462
1999-03-01,8864.127071
1999-03-02,8866.225774
1999-03-03,8863.785668
1999-03-04,8894.689858
1999-03-05,8760.014768
1999-03-08,8947.139714
1999-03-09,8978.744362
1999-03-10,9072.938921
1999-03-11,9465.117987
1999-03-12,9200.439078
1999-03-15,8749.611837
1999-03-16,8791.945693
1999-03-17,9000.848076
1999-03-18,9023.374501
1999-03-19,8876.637655
1999-03-22,8890.427099
1999-03-23,8898.788546
1999-03-24,8850.420937
1999-03-25,8846.35713
1999-03-26,8868.035136
1999-03-29,8824.607183
1999-03-30,8730.716086
1999-03-31,8698.799106
1999-04-01,8645.432603
1999-04-02,8626.225399
1999-04-05,8650.418527
1999-04-06,8776.729442
1999-04-07,8748.806881
1999-04-08,8752.847107
1999-04-09,8747.995918
1999-04-12,8731.029723
1999-04-13,8724.598235
1999-04-14,8651.617688
1999-04-15,8660.903022
1999-04-16,8654.865017
1999-04-19,8634.195186
1999-04-20,8626.084915
1999-04-21,8640.005668
1999-04-22,8596.22909
1999-04-23,8573.801016
1999-04-26,8622.168834
1999-04-27,8586.622766
1999-04-28,8542.602663
1999-04-29,8254.620898
1999-04-30,8226.903841
1999-05-03,7948.134857
1999-05-04,7949.271109
1999-05-05,8011.380894
1999-05-06,8036.762663
1999-05-07,7850.380122
1999-05-10,7717.149511
1999-05-11,7678.941483
1999-05-12,7827.524659
1999-05-13,7829.354171
1999-05-14,7814.275009
1999-05-17,7960.748713
1999-05-18,7875.014032
1999-05-19,8086.966334
1999-05-20,8025.00235
1999-05-21,8039.245176
1999-05-24,8055.389702
1999-05-25,7984.257081
1999-05-26,8090.004746
1999-05-27,8098.099876
1999-05-28,8104.618761
1999-05-31,8099.254017
1999-06-01,8125.004792
1999-06-02,8153.04373
1999-06-03,8174.619534
1999-06-04,8075.80223
1999-06-07,7727.626987
1999-06-08,7606.836784
1999-06-09,7749.264284
1999-06-10,7716.116097
1999-06-11,7673.544014
1999-06-14,7449.295775
1999-06-15,7285.710162
1999-06-16,7268.960851
1999-06-17,7269.661509
1999-06-18,7286.503658
1999-06-21,7004.071961
1999-06-22,6886.706099
1999-06-23,6698.005837
1999-06-24,6753.928883
1999-06-25,6896.658048
1999-06-28,6614.054678
1999-06-29,6678.068313
1999-06-30,6665.007746
1999-07-01,6849.006235
1999-07-02,6829.342838
1999-07-05,6701.31939
1999-07-06,6717.630369
1999-07-07,6725.337507
1999-07-08,6619.35769
1999-07-09,6642.728342
1999-07-12,6625.651916
1999-07-13,6634.35137
1999-07-14,6644.138474
1999-07-15,6704.676012
1999-07-16,6768.653205
1999-07-19,6719.672777
1999-07-20,6682.756964
1999-07-21,6710.963487
1999-07-22,6775.654824
1999-07-23,6905.335366
1999-07-26,7026.977005
1999-07-27,6990.665287
1999-07-28,6876.299161
1999-07-29,6814.681648
1999-07-30,6835.964092
1999-08-02,6857.749648
1999-08-03,6892.916862
1999-08-04,6911.21643
1999-08-05,7014.678899
1999-08-06,7030.986965
1999-08-09,7054.675385
1999-08-10,7339.452361
1999-08-11,7885.376828
1999-08-12,8076.151532
1999-08-13,7916.593231
1999-08-16,7523.576234
1999-08-17,7685.684431
1999-08-18,7378.168679
1999-08-19,7275.354188
1999-08-20,7173.047717
1999-08-23,7539.656798
1999-08-24,7747.583714
1999-08-25,7574.647752
1999-08-26,7497.139303
1999-08-27,7560.009569
1999-08-30,7709.269179
1999-08-31,7705.73158
1999-09-01,7683.567323
1999-09-02,7715.37235
1999-09-03,7859.642389
1999-09-06,8063.111195
1999-09-07,8341.97823
1999-09-08,8638.735513
1999-09-09,8685.422961
1999-09-10,8250.408745
1999-09-13,7901.160317
1999-09-14,8174.609149
1999-09-15,8141.440833
1999-09-16,8150.79059
1999-09-17,8185.793979
1999-09-20,8389.198539
1999-09-21,8324.61494
1999-09-22,8400.409173
1999-09-23,8802.962608
1999-09-24,8683.36197
1999-09-27,8425.811408
1999-09-28,8467.432987
1999-09-29,8395.00142
1999-09-30,8400.403188
1999-10-01,7984.265474
1999-10-04,7990.969307
1999-10-05,7755.72712
1999-10-06,7775.738102
1999-10-07,7763.920216
1999-10-08,7864.267618
1999-10-11,7802.06942
1999-10-12,7782.330334
1999-10-13,8147.652626
1999-10-14,8209.202454
1999-10-15,7995.38136
1999-10-18,7872.837689
1999-10-19,7595.710852
1999-10-20,7475.364202
1999-10-21,6941.00213
1999-10-22,6825.962075
1999-10-25,6854.685014
1999-10-26,6853.79479
1999-10-27,6869.986732
1999-10-28,6973.352952
1999-10-29,6908.313403
1999-11-01,6766.486947
1999-11-02,6712.344152
1999-11-03,6750.004766
1999-11-04,6776.618431
1999-11-05,6833.368563
1999-11-08,6786.958193
1999-11-09,6847.966232
1999-11-10,6899.67314
1999-11-11,7128.771862
1999-11-12,7064.318976
1999-11-15,6950.354335
1999-11-16,7029.431115
1999-11-17,6978.026518
1999-11-18,6985.289017
1999-11-19,7052.456465
1999-11-22,7055.901464
1999-11-23,7128.967523
1999-11-24,7091.052374
1999-11-25,7206.06239
1999-11-26,7219.65152
1999-11-29,7342.820284
1999-11-30,7330.088145
1999-12-01,7296.194629
1999-12-02,7280.4912
1999-12-03,7253.689466
1999-12-06,7176.537026
1999-12-07,7196.845395
1999-12-08,7207.463853
1999-12-09,7231.823096
1999-12-10,7227.502219
1999-12-13,7233.935624
1999-12-14,7228.202829
1999-12-15,7103.592456
1999-12-16,7057.441356
1999-12-17,7100.236967
1999-12-20,7077.288035
1999-12-21,7109.163031
1999-12-22,7093.597379
1999-12-23,7075.260184
1999-12-24,6972.608953
1999-12-27,6996.556148
1999-12-28,7035.513926
1999-12-29,7081.68189
1999-12-30,7020.475811
2000-01-03,7069.692765
2000-01-04,7050.131004
2000-01-05,7173.967978
2000-01-06,7215.556411
2000-01-07,7194.554648
2000-01-10,7156.603774
2000-01-11,7266.780421
2000-01-12,7210.457897
2000-01-13,7216.718568
2000-01-14,7166.06357
2000-01-17,7266.148207
2000-01-18,7252.491826
2000-01-19,7347.916873
2000-01-20,7326.464466
2000-01-21,7299.277013
2000-01-24,7305.195971
2000-01-25,7348.311351
2000-01-26,7397.963869
2000-01-27,7395.729751
2000-01-28,7449.248578
2000-01-31,7426.524359
2000-02-01,7428.094748
2000-02-02,7588.514974
2000-02-03,7659.109561
2000-02-04,7535.343162
2000-02-07,7508.078223
2000-02-08,7336.493992
2000-02-09,7238.69539
2000-02-10,7299.635184
2000-02-11,7315.753495
2000-02-14,7252.06243
2000-02-15,7383.871957
2000-02-16,7432.354141
2000-02-17,7426.736566
2000-02-18,7412.143654
2000-02-21,7430.272903
2000-02-22,7450.379166
2000-02-23,7441.309098
2000-02-24,7485.966862
2000-02-25,7382.268419
2000-02-28,7442.660027
2000-02-29,7413.85629
2000-03-01,7382.714389
2000-03-02,7431.14653
2000-03-03,7449.622114
2000-03-06,7446.950207
2000-03-07,7465.787553
2000-03-08,7452.666876
2000-03-09,7375.395175
2000-03-10,7364.641631
2000-03-13,7417.743928
2000-03-14,7438.066528
2000-03-15,7473.069348
2000-03-16,7469.667805
2000-03-17,7444.623656
2000-03-20,7438.476583
2000-03-21,7471.157613
2000-03-22,7433.458294
2000-03-23,7417.243165
2000-03-24,7448.450849
2000-03-27,7481.929572
2000-03-28,7596.185343
2000-03-29,7563.691472
2000-03-30,7574.453166
2000-03-31,7602.219198
2000-04-03,7700.888749
2000-04-04,7695.250577
2000-04-05,7777.762845
2000-04-06,7773.132468
2000-04-07,7651.798411
2000-04-10,7616.663191
2000-04-11,7608.182197
2000-04-12,7611.831662
2000-04-13,7619.398134
2000-04-14,7607.002096
2000-04-17,7678.616943
2000-04-18,7765.831315
2000-04-19,7872.856992
2000-04-20,7975.106655
2000-04-25,7925.43539
2000-04-26,8002.186446
2000-04-27,7914.754993
2000-04-28,7924.964227
2000-05-02,8012.527424
2000-05-03,7990.384831
2000-05-04,7989.113669
2000-05-05,7960.129118
2000-05-08,8004.859249
2000-05-09,8067.442638
2000-05-10,8174.217635
2000-05-11,8401.167529
2000-05-12,8396.721675
2000-05-15,8603.301629
2000-05-16,8549.906233
2000-05-17,8496.906523
2000-05-18,8623.562961
2000-05-19,8327.019718
2000-05-22,8368.488889
2000-05-23,8432.224783
2000-05-24,8498.878874
2000-05-25,8471.807148
2000-05-26,8508.957673
2000-05-29,8620.125243
2000-05-30,8651.928625
2000-05-31,8636.181877
2000-06-01,8427.266881
2000-06-02,8411.362908
2000-06-05,8488.656843
2000-06-06,8556.425936
2000-06-07,8639.491313
2000-06-08,8634.371121
2000-06-09,8626.311907
2000-06-12,8587.750604
2000-06-13,8571.428571
2000-06-14,8527.656704
2000-06-15,8539.552709
2000-06-16,8572.242551
2000-06-19,8647.251037
2000-06-20,8633.172573
2000-06-21,8661.383316
2000-06-22,8704.167996
2000-06-23,8675.470095
2000-06-26,8703.270076
2000-06-27,8686.395064
2000-06-28,8681.784387
2000-06-29,8723.221801
2000-06-30,8748.137296
2000-07-03,8948.298746
2000-07-04,8960.198166
2000-07-05,9381.89158
2000-07-06,9319.985328
2000-07-07,9321.396183
2000-07-10,9292.071826
2000-07-11,9333.536265
2000-07-12,9424.465733
2000-07-13,9455.04332
2000-07-14,9499.657534
2000-07-17,9506.811377
2000-07-18,9318.496739
2000-07-19,8987.684462
2000-07-20,8900.986985
2000-07-21,8976.375093
2000-07-24,8900.71796
2000-07-25,9040.010627
2000-07-26,9070.319489
2000-07-27,8955.490468
2000-07-28,8946.453213
2000-07-31,8897.024776
2000-08-01,8946.459413
2000-08-02,8815.488952
2000-08-03,8636.951706
2000-08-04,8618.347913
2000-08-07,8599.537649
2000-08-08,8613.109318
2000-08-09,8635.495375
2000-08-10,8471.099546
2000-08-11,8314.553219
2000-08-14,8236.377761
2000-08-15,8346.874315
2000-08-16,8341.898148
2000-08-17,8311.805252
2000-08-18,8347.299222
2000-08-21,8244.574975
2000-08-22,8146.366473
2000-08-23,8444.527921
2000-08-24,8392.210386
2000-08-25,8370.934486
2000-08-28,8225.46908
2000-08-29,8368.276631
2000-08-30,8377.685487
2000-08-31,8282.438805
2000-09-01,8321.410919
2000-09-04,8287.311111
2000-09-05,8338.600045
2000-09-06,8383.805852
2000-09-07,8397.57953
2000-09-08,8404.522038
2000-09-11,8470.217215
2000-09-12,8655.514279
2000-09-13,8796.914722
2000-09-14,8614.782009
2000-09-15,8733.105049
2000-09-18,8687.555712
2000-09-19,8704.074464
2000-09-20,8797.215668
2000-09-21,8772.125763
2000-09-22,8756.062992
2000-09-25,8844.036488
2000-09-26,8750.508165
2000-09-27,8860.512358
2000-09-28,8820.516304
2000-09-29,8769.994295
2000-10-02,8796.44399
2000-10-03,8775.51067
2000-10-04,8824.593356
2000-10-05,8777.509674
2000-10-06,8791.566127
2000-10-09,8821.023577
2000-10-10,8823.540878
2000-10-11,8857.626147
2000-10-12,8951.734505
2000-10-13,8934.322476
2000-10-16,8900.763718
2000-10-17,8891.866761
2000-10-18,8909.079179
2000-10-19,8891.594341
2000-10-20,8938.984856
2000-10-23,8965.894712
2000-10-24,8914.953494
2000-10-25,8945.696401
2000-10-26,9097.746001
2000-10-27,9142.755887
2000-10-30,9348.266918
2000-10-31,9405.536414
2000-11-01,9154.477437
2000-11-02,9153.250058
2000-11-03,9177.079038
2000-11-06,9158.705434
2000-11-07,9278.840107
2000-11-08,9203.598551
2000-11-09,9277.728285
2000-11-10,9198.950767
2000-11-13,9263.225058
2000-11-14,9382.744961
2000-11-15,9371.195905
2000-11-16,9372.750613
2000-11-17,9408.763913
2000-11-20,9461.109802
2000-11-21,9462.213831
2000-11-22,9452.248191
2000-11-23,9414.239943
2000-11-24,9455.571361
2000-11-27,9441.636926
2000-11-28,9437.542343
2000-11-29,9450.843931
2000-11-30,9519.081069
2000-12-01,9512.821981
2000-12-04,9530.163898
2000-12-05,9519.523269
2000-12-06,9555.969642
2000-12-07,9601.610198
2000-12-08,9548.724002
2000-12-11,9344.695593
2000-12-12,9484.058301
2000-12-13,9483.664838
2000-12-14,9408.73402
2000-12-15,9356.144256
2000-12-18,9352.520634
2000-12-19,9251.89262
2000-12-20,9249.597086
2000-12-21,9302.471026
2000-12-22,9285.497835
2000-12-27,9408.464017
2000-12-28,9551.556274
2000-12-29,9755.776464
2001-01-02,9455.502494
2001-01-03,9548.499475
2001-01-04,9474.508353
2001-01-05,9480.576218
2001-01-08,9500.505423
2001-01-09,9501.574301
2001-01-10,9543.550786
2001-01-11,9627.029297
2001-01-12,9615.065479
2001-01-15,9473.027153
2001-01-16,9491.553336
2001-01-17,9438.952746
2001-01-18,9482.560613
2001-01-19,9457.542553
2001-01-22,9387.115178
2001-01-23,9375.007973
2001-01-24,9428.050355
2001-01-25,9458.976602
2001-01-26,9442.57694
2001-01-29,9456.042641
2001-01-30,9435.522453
2001-01-31,9456.031422
2001-02-01,9544.567297
2001-02-02,9523.482513
2001-02-05,9600.01061
2001-02-06,9635.850676
2001-02-07,9647.946381
2001-02-08,9652.104121
2001-02-09,9591.980059
2001-02-12,9601.66882
2001-02-13,9612.603774
2001-02-14,9615.166703
2001-02-15,9587.326733
2001-02-16,9620.168989
2001-02-19,9615.73863
2001-02-20,9616.681367
2001-02-21,9605.773016
2001-02-22,9637.190813
2001-02-23,9670.575905
2001-02-26,9850.016474
2001-02-27,9863.931027
2001-02-28,9827.660035
2001-03-01,9876.610206
2001-03-02,9861.219695
2001-03-05,9849.489522
2001-03-06,9888.52247
2001-03-07,9885.860105
2001-03-08,9929.800258
2001-03-09,10150.122903
2001-03-12,10500.02157
2001-03-13,10300.380352
2001-03-14,10168.862993
2001-03-15,9926.103266
2001-03-16,10315.021795
2001-03-19,10421.053802
2001-03-20,10413.27051
2001-03-21,10430.367075
2001-03-22,10404.949938
2001-03-23,10397.803183
2001-03-26,10397.705652
2001-03-27,10405.585344
2001-03-28,10391.760722
2001-03-29,10397.5
2001-03-30,10403.351449
2001-04-02,10434.883721
2001-04-03,10436.743923
2001-04-04,10598.848539
2001-04-05,10699.068736
2001-04-06,10841.364653
2001-04-09,10809.902417
2001-04-10,10653.705981
2001-04-11,10594.739819
2001-04-12,10601.11877
2001-04-17,10860.561938
2001-04-18,10961.836409
2001-04-19,11104.44092
2001-04-20,11780.910001
2001-04-23,11944.712286
2001-04-24,11835.38393
2001-04-25,12000.413546
2001-04-26,12003.683568
2001-04-27,11853.319295
2001-04-30,11601.994142
2001-05-02,11103.143595
2001-05-03,11075.637426
2001-05-04,10950.632062
2001-05-07,10951.238928
2001-05-08,10949.323257
2001-05-09,11069.366716
2001-05-10,11229.740113
2001-05-11,11273.646415
2001-05-14,11400.663236
2001-05-15,11455.451642
2001-05-16,11426.069731
2001-05-17,11289.756098
2001-05-18,11363.99681
2001-05-21,11464.35915
2001-05-22,11419.090386
2001-05-23,11417.670355
2001-05-24,11417.701069
2001-05-25,11462.344314
2001-05-28,11604.182199
2001-05-29,11201.976146
2001-05-30,11386.363636
2001-05-31,11125.67217
2001-06-01,11439.891484
2001-06-04,11462.798074
2001-06-05,11224.347312
2001-06-06,11200.901323
2001-06-07,11186.711552
2001-06-08,11235.675484
2001-06-11,11278.938074
2001-06-12,11239.497286
2001-06-13,11226.317022
2001-06-14,11246.985398
2001-06-15,11264.557839
2001-06-18,11294.347978
2001-06-19,11380.030363
2001-06-20,11295.313051
2001-06-21,11354.957905
2001-06-22,11353.013602
2001-06-25,11373.591263
2001-06-26,11378.608756
2001-06-27,11404.917653
2001-06-28,11456.24486
2001-06-29,11390.67217
2001-07-02,11330.053223
2001-07-03,11318.67718
2001-07-04,11357.612682
2001-07-05,11334.374258
2001-07-06,11348.926527
2001-07-09,11328.159357
2001-07-10,11361.299005
2001-07-11,11336.720474
2001-07-12,11358.667135
2001-07-13,11328.012648
2001-07-16,11340.661773
2001-07-17,11330.342884
2001-07-18,11277.612978
2001-07-19,11248.354924
2001-07-20,11122.869189
2001-07-23,10185.165975
2001-07-24,10186.954525
2001-07-25,10017.855112
2001-07-26,10049.440895
2001-07-27,9961.94115
2001-07-30,9697.794538
2001-07-31,9497.304397
2001-08-01,9628.830668
2001-08-02,9627.753755
2001-08-03,9513.388599
2001-08-06,9387.348098
2001-08-07,9357.675639
2001-08-08,9327.342234
2001-08-09,9203.128883
2001-08-10,9109.489705
2001-08-13,8548.103659
2001-08-14,8489.26182
2001-08-15,8768.268598
2001-08-16,8759.098863
2001-08-17,8759.104837
2001-08-20,8523.609138
2001-08-21,8546.713409
2001-08-22,8615.483941
2001-08-23,8725.48288
2001-08-24,8695.004392
2001-08-27,8733.564356
2001-08-28,9031.519575
2001-08-29,9150
2001-08-30,8918.537658
2001-08-31,8859.598166
2001-09-03,8991.468254
2001-09-04,8998.528428
2001-09-05,9048.386008
2001-09-06,9002.563523
2001-09-07,9146.43655
2001-09-10,9076.511551
2001-09-11,9091.019634
2001-09-12,9055.490499
2001-09-13,9103.509934
2001-09-14,9114.448422
2001-09-17,9320.034524
2001-09-18,9568.290838
2001-09-19,9602.408728
2001-09-20,9439.907117
2001-09-21,9410.913043
2001-09-24,9459.646443
2001-09-25,9521.665214
2001-09-26,9630.306975
2001-09-27,9670.928843
2001-09-28,9719.351659
2001-10-01,10047.254795
2001-10-02,10048.373055
2001-10-03,9903.38799
2001-10-04,9733.772074
2001-10-05,9861.249182
2001-10-08,10165.270241
2001-10-09,10048.373763
2001-10-10,9985.004378
2001-10-11,9943.533436
2001-10-12,9972.765487
2001-10-15,9965.549082
2001-10-16,10001.66814
2001-10-17,10011.94857
2001-10-18,10035.563926
2001-10-19,10088.322788
2001-10-22,10117.582785
2001-10-23,10170.574997
2001-10-24,10230.010093
2001-10-25,10267.319159
2001-10-26,10261.73269
2001-10-29,10266.58523
2001-10-30,10398.289938
2001-10-31,10472.119
2001-11-01,10523.271408
2001-11-02,10676.19258
2001-11-05,10921.961835
2001-11-06,10833.18826
2001-11-07,10638.096295
2001-11-08,10465.927329
2001-11-09,10409.417693
2001-11-12,10718.701648
2001-11-13,10670.255598
2001-11-14,10646.211519
2001-11-15,10623.796034
2001-11-16,10634.403618
2001-11-19,10567.701581
2001-11-20,10535.607434
2001-11-21,10439.415311
2001-11-22,10551.811347
2001-11-23,10493.814667
2001-11-26,10348.831935
2001-11-27,10428.23168
2001-11-28,10400.011324
2001-11-29,10412.006301
2001-11-30,10467.947853
2001-12-03,10460.87395
2001-12-04,10474.118176
2001-12-05,10469.413611
2001-12-06,10402.351221
2001-12-07,10363.853664
2001-12-10,10248.689266
2001-12-11,10161.012573
2001-12-12,10024.446185
2001-12-13,10109.448468
2001-12-14,10198.402839
2001-12-17,10195.568571
2001-12-18,10153.872614
2001-12-19,10093.888456
2001-12-20,10130.469185
2001-12-21,10188.292519
2001-12-24,10191.748125
2001-12-27,10408.375836
2001-12-28,10470.248497
2002-01-02,10424.806373
2002-01-03,10371.558212
2002-01-04,10418.505696
2002-01-07,10375.586749
2002-01-08,10423.84106
2002-01-09,10424.089228
2002-01-10,10431.170726
2002-01-11,10439.780244
2002-01-14,10401.512266
2002-01-15,10386.337144
2002-01-16,10387.864353
2002-01-17,10390.202971
2002-01-18,10395.505108
2002-01-21,10385.599548
2002-01-22,10397.270668
2002-01-23,10399.412827
2002-01-24,10385.593704
2002-01-25,10439.224287
2002-01-28,10389.846118
2002-01-29,10289.633581
2002-01-30,10326.799352
2002-01-31,10316.197754
2002-02-01,10322.613531
2002-02-04,10314.403054
2002-02-05,10302.533687
2002-02-06,10327.389197
2002-02-07,10274.157433
2002-02-08,10251.762014
2002-02-11,10208.846941
2002-02-12,10176.750828
2002-02-13,10187.504295
2002-02-14,10227.654435
2002-02-15,10248.190695
2002-02-18,10232.65634
2002-02-19,10185.009204
2002-02-20,10185.256777
2002-02-21,10203.827146
2002-02-22,10204.492969
2002-02-25,10178.668042
2002-02-26,10175.005759
2002-02-27,10185.443404
2002-02-28,10149.416252
2002-03-01,10101.163729
2002-03-04,10072.759857
2002-03-05,9982.135453
2002-03-06,9955.578512
2002-03-07,9937.962118
2002-03-08,10012.731613
2002-03-11,9945.006292
2002-03-12,9969.437765
2002-03-13,9973.860774
2002-03-14,9981.801659
2002-03-15,10003.479047
2002-03-18,9969.938581
2002-03-19,9965.001699
2002-03-20,9891.445428
2002-03-21,9870.001134
2002-03-22,9826.117112
2002-03-25,9706.667428
2002-03-26,9576.101637
2002-03-27,9659.455751
2002-03-28,9823.876662
2002-04-02,9767.789665
2002-04-03,9803.067136
2002-04-04,9655.556816
2002-04-05,9589.369451
2002-04-08,9549.179768
2002-04-09,9669.976036
2002-04-10,9581.643555
2002-04-11,9549.465545
2002-04-12,9544.462115
2002-04-15,9390.740741
2002-04-16,9447.324776
2002-04-17,9431.06982
2002-04-18,9393.175942
2002-04-19,9350.4614
2002-04-22,9350.979509
2002-04-23,9430.004509
2002-04-24,9325
2002-04-25,9373.664846
2002-04-26,9306.5656
2002-04-29,9320.369551
2002-04-30,9331.560835
2002-05-02,9340.522586
2002-05-03,9307.959925
2002-05-06,9289.009186
2002-05-07,9294.071233
2002-05-08,9283.362676
2002-05-09,9286.546739
2002-05-10,9284.492213
2002-05-13,9276.497039
2002-05-14,9270.006621
2002-05-15,9239.490587
2002-05-16,9154.011399
2002-05-17,9088.013549
2002-05-20,9032.145186
2002-05-21,9032.063389
2002-05-22,9065.49676
2002-05-23,8949.853468
2002-05-24,8960.916413
2002-05-27,8905.005441
2002-05-28,8867.509454
2002-05-29,8849.527897
2002-05-30,8839.701333
2002-05-31,8691.946309
2002-06-03,8546.386771
2002-06-04,8654.138845
2002-06-05,8927.393021
2002-06-06,9048.870658
2002-06-07,8895.006348
2002-06-10,8730.003172
2002-06-11,8778.729956
2002-06-12,8739.631824
2002-06-13,8748.146968
2002-06-14,8730.460013
2002-06-17,8687.078294
2002-06-18,8658.656685
2002-06-19,8624.558101
2002-06-20,8600.89658
2002-06-21,8633.136156
2002-06-24,8593.344239
2002-06-25,8654.829077
2002-06-26,8676.93859
2002-06-27,8645.276873
2002-06-28,8713.874687
2002-07-01,8701.220619
2002-07-02,8800.081317
2002-07-03,8968.210634
2002-07-04,8851.389173
2002-07-05,8870.025707
2002-07-08,8900.457875
2002-07-09,8910.453172
2002-07-10,8890.856739
2002-07-11,9136.498577
2002-07-12,9080.05672
2002-07-15,9043.894653
2002-07-16,9036.881604
2002-07-17,8938.443959
2002-07-18,8965.450388
2002-07-19,8967.218608
2002-07-22,8819.69066
2002-07-23,9002.280525
2002-07-24,9063.87292
2002-07-25,9002.756141
2002-07-26,9148.631095
2002-07-29,9258.486916
2002-07-30,9118.718861
2002-07-31,9064.039661
2002-08-01,9147.028689
2002-08-02,9077.757521
2002-08-05,9087.505083
2002-08-06,9085.942822
2002-08-07,9055.805321
2002-08-08,8992.329927
2002-08-09,8987.706856
2002-08-12,8855.879346
2002-08-13,8884.529034
2002-08-14,8779.902607
2002-08-15,8864.303979
2002-08-16,8817.24173
2002-08-19,8847.055822
2002-08-20,8842.749183
2002-08-21,8883.200164
2002-08-22,8844.554759
2002-08-23,8887.96535
2002-08-26,8924.482012
2002-08-27,8888.418253
2002-08-28,8885.548545
2002-08-29,8865.457686
2002-08-30,8854.551002
2002-09-02,8849.760717
2002-09-03,8841.614531
2002-09-04,8869.558661
2002-09-05,8860.781955
2002-09-06,8874.027022
2002-09-09,8859.383296
2002-09-10,8872.366803
2002-09-11,8890.727254
2002-09-12,8919.503946
2002-09-13,8981.865443
2002-09-16,9049.550759
2002-09-17,9063.757902
2002-09-18,9002.323907
2002-09-19,8996.494803
2002-09-20,9032.042901
2002-09-23,9075.007629
2002-09-24,9026.465201
2002-09-25,8991.249616
2002-09-26,9005.869743
2002-09-27,9016.116167
2002-09-30,8994.462475
2002-10-01,8998.63097
2002-10-02,9005.632944
2002-10-03,9014.964611
2002-10-04,9013.127217
2002-10-07,9008.115824
2002-10-08,8998.112245
2002-10-09,8998.797636
2002-10-10,9007.726582
2002-10-11,9008.369687
2002-10-14,9346.693001
2002-10-15,9284.801223
2002-10-16,9194.472157
2002-10-17,9150.486531
2002-10-18,9217.318952
2002-10-21,9196.306935
2002-10-22,9334.531122
2002-10-23,9210.29156
2002-10-24,9215.947833
2002-10-25,9241.216839
2002-10-28,9224.002052
2002-10-29,9209.847251
2002-10-30,9228.885496
2002-10-31,9230.474453
2002-11-01,9217.144576
2002-11-04,9210.116653
2002-11-05,9201.785714
2002-11-06,9212.395781
2002-11-07,9202.247079
2002-11-08,9186.633027
2002-11-11,9150.167885
2002-11-12,9075.00248
2002-11-13,9046.553437
2002-11-14,9028.400198
2002-11-15,9030.152558
2002-11-18,8998.132141
2002-11-19,8964.345679
2002-11-20,8964.816848
2002-11-21,9008.321706
2002-11-22,8989.036313
2002-11-25,8975.45684
2002-11-26,8994.096872
2002-11-27,8975.9041
2002-11-28,8987.477351
2002-11-29,8977.959101
2002-12-02,8983.416067
2002-12-03,8980.004013
2002-12-04,8992.243961
2002-12-05,9005.745171
2002-12-06,8987.757346
2002-12-09,8978.836818
2002-12-10,8979.725052
2002-12-11,8890.742028
2002-12-12,8864.887751
2002-12-13,8875.442716
2002-12-16,8816.294555
2002-12-17,8881.294266
2002-12-18,8906.064453
2002-12-19,8896.300983
2002-12-20,8893.203315
2002-12-23,8883.028594
2002-12-24,8889.568765
2002-12-27,8919.651118
2002-12-30,8952.1493
2002-12-31,8951.28254
2003-01-02,8928.968026
2003-01-03,8930.513857
2003-01-06,8932.79939
2003-01-07,8928
2003-01-08,8929.575022
2003-01-09,8933.777482
2003-01-10,8916.652385
2003-01-13,8872.006825
2003-01-14,8874.605276
2003-01-15,8865.418963
2003-01-16,8864.199167
2003-01-17,8868.757041
2003-01-20,8872.918427
2003-01-21,8885.421947
2003-01-22,8843.021086
2003-01-23,8887.738217
2003-01-24,8894.566024
2003-01-27,8892.907084
2003-01-28,8857.873797
2003-01-29,8848.776224
2003-01-30,8869.594343
2003-01-31,8872.466716
2003-02-03,8875.1701
2003-02-04,8870.005544
2003-02-05,8863.345555
2003-02-06,8870.637196
2003-02-07,8870.145519
2003-02-10,8880.412657
2003-02-11,8962.908649
2003-02-12,8967.934023
2003-02-13,8945.417364
2003-02-14,8929.509868
2003-02-17,8906.252333
2003-02-18,8878.747433
2003-02-19,8880.414295
2003-02-20,8848.703893
2003-02-21,8915.916221
2003-02-24,8892.099618
2003-02-25,8882.550585
2003-02-26,8887.091974
2003-02-27,8898.327481
2003-02-28,8884.733816
2003-03-03,8885.555556
2003-03-04,8852.165949
2003-03-05,8869.387197
2003-03-06,8863.176138
2003-03-07,8888.631217
2003-03-10,8882.602789
2003-03-11,8880.099278
2003-03-12,8901.777294
2003-03-13,8904.593152
2003-03-14,8917.921114
2003-03-17,8969.586149
2003-03-18,9042.565653
2003-03-19,9086.641438
2003-03-20,9035.76284
2003-03-21,8978.443057
2003-03-24,8950.846342
2003-03-25,8899.588439
2003-03-26,8915.421393
2003-03-27,8899.589667
2003-03-28,8912.917055
2003-03-31,8901.505278
2003-04-01,8895.409053
2003-04-02,8883.591874
2003-04-03,8885.357877
2003-04-04,8897.901119
2003-04-07,8886.023436
2003-04-08,8873.752345
2003-04-09,8865.741947
2003-04-10,8850.550671
2003-04-11,8882.878435
2003-04-14,8853.674211
2003-04-15,8841.682122
2003-04-16,8807.096715
2003-04-17,8727.802198
2003-04-22,8751.554097
2003-04-23,8729.605263
2003-04-24,8733.421148
2003-04-25,8743.588809
2003-04-28,8734.040816
2003-04-29,8717.43337
2003-04-30,8672.338514
2003-05-02,8651.259009
2003-05-05,8582.501337
2003-05-06,8601.90409
2003-05-07,8497.663429
2003-05-08,8546.873634
2003-05-09,8560.003489
2003-05-12,8415.00388
2003-05-13,8437.62806
2003-05-14,8450.369597
2003-05-15,8453.325188
2003-05-16,8462.582666
2003-05-19,8408.196018
2003-05-20,8389.282034
2003-05-21,8315.364873
2003-05-22,8338.916382
2003-05-23,8271.407973
2003-05-26,8175.349192
2003-05-27,8178.632048
2003-05-28,8240.356108
2003-05-29,8355.333447
2003-05-30,8314.574522
2003-06-02,8266.372515
2003-06-03,8216.053911
2003-06-04,8151.116243
2003-06-05,8217.214437
2003-06-06,8190.781343
2003-06-09,8189.24612
2003-06-10,8210.000855
2003-06-11,8227.647259
2003-06-12,8259.655701
2003-06-13,8213.956259
2003-06-16,8199.654125
2003-06-17,8183.266932
2003-06-18,8232.70365
2003-06-19,8242.565423
2003-06-20,8225.705706
2003-06-23,8234.2924
2003-06-24,8219.645482
2003-06-25,8223.357285
2003-06-26,8264.275717
2003-06-27,8277.175151
2003-06-30,8271.453575
2003-07-01,8237.139392
2003-07-02,8220
2003-07-03,8224.282098
2003-07-04,8181.571603
2003-07-07,8175.06162
2003-07-08,8221.817058
2003-07-09,8195.49978
2003-07-10,8218.003879
2003-07-11,8214.63544
2003-07-14,8226.099655
2003-07-15,8221.415319
2003-07-16,8234.243132
2003-07-17,8260.341911
2003-07-18,8329.62963
2003-07-21,8308.897554
2003-07-22,8416.115666
2003-07-23,8605.385493
2003-07-24,8590.381094
2003-07-25,8505.375969
2003-07-28,8528.514231
2003-07-29,8614.377945
2003-07-30,8508.887916
2003-07-31,8510.381693
2003-08-01,8543.450622
2003-08-04,8497.010701
2003-08-05,8627.671402
2003-08-06,8600.526685
2003-08-07,8585.757069
2003-08-08,8563.385132
2003-08-11,8536.219566
2003-08-12,8533.115276
2003-08-13,8545.003104
2003-08-14,8552.28039
2003-08-15,8540.801992
2003-08-18,8536.619592
2003-08-19,8475.119747
2003-08-20,8415.73499
2003-08-21,8393.432646
2003-08-22,8429.227097
2003-08-25,8441.945261
2003-08-26,8464.617234
2003-08-27,8466.122674
2003-08-28,8520.114518
2003-08-29,8488.112016
2003-09-01,8471.162791
2003-09-02,8470.393585
2003-09-03,8465.39924
2003-09-04,8486.291366
2003-09-05,8484.61961
2003-09-08,8482.702556
2003-09-09,8460.718455
2003-09-10,8422.753312
2003-09-11,8465.008469
2003-09-12,8454.018976
2003-09-15,8464.506693
2003-09-16,8461.504228
2003-09-17,8474.768106
2003-09-18,8490.124004
2003-09-19,8466.849364
2003-09-22,8443.930938
2003-09-23,8416.102582
2003-09-24,8439.106925
2003-09-25,8440.302793
2003-09-26,8437.868895
2003-09-29,8415.894156
2003-09-30,8397.167868
2003-10-01,8384.003085
2003-10-02,8376.43688
2003-10-03,8371.076502
2003-10-06,8388.349598
2003-10-07,8386.0724
2003-10-08,8364.485188
2003-10-09,8376.493044
2003-10-10,8381.06549
2003-10-13,8375.573238
2003-10-14,8435.654117
2003-10-15,8425.366355
2003-10-16,8445.372363
2003-10-17,8440.36618
2003-10-20,8429.280248
2003-10-21,8449.367633
2003-10-22,8466.085172
2003-10-23,8480.722892
2003-10-24,8493.752653
2003-10-27,8551.004426
2003-10-28,8582.575173
2003-10-29,8529.638822
2003-10-30,8483.256646
2003-10-31,8498.330752
2003-11-03,8519.104323
2003-11-04,8505.371468
2003-11-05,8475.743049
2003-11-06,8492.278802
2003-11-07,8486.65091
2003-11-10,8478.524776
2003-11-11,8480.655823
2003-11-12,8479.465517
2003-11-13,8527.559932
2003-11-14,8498.249044
2003-11-17,8487.366548
2003-11-18,8481.083376
2003-11-19,8477.413938
2003-11-20,8552.875976
2003-11-21,8518.581393
2003-11-24,8516.780851
2003-11-25,8518.595954
2003-11-26,8518.227934
2003-11-27,8516.434213
2003-11-28,8506.069702
2003-12-01,8502.670771
2003-12-02,8492.860125
2003-12-03,8491.356801
2003-12-04,8498.20275
2003-12-05,8492.54571
2003-12-08,8493.804223
2003-12-09,8493.506282
2003-12-10,8491.764033
2003-12-11,8487.560515
2003-12-12,8472.237637
2003-12-15,8480.237122
2003-12-16,8484.593565
2003-12-17,8492.502229
2003-12-18,8494.477143
2003-12-19,8494.894508
2003-12-22,8491.185459
2003-12-23,8498.84603
2003-12-24,8494.664302
2003-12-29,8432.138571
2003-12-30,8478.337068
2003-12-31,8426.840855
2004-01-02,8448.324333
2004-01-05,8388.978431
2004-01-06,8334.634682
2004-01-07,8363.987696
2004-01-08,8341.704923
2004-01-09,8333.602889
2004-01-12,8302.08918
2004-01-13,8333.273198
2004-01-14,8342.018594
2004-01-15,8368.642659
2004-01-16,8348.331065
2004-01-19,8376.828578
2004-01-20,8401.005105
2004-01-21,8403.339415
2004-01-22,8335.239969
2004-01-23,8404.672234
2004-01-26,8457.996024
2004-01-27,8427.850124
2004-01-28,8419.517631
2004-01-29,8431.857555
2004-01-30,8457.816537
2004-02-02,8460.195811
2004-02-03,8449.018673
2004-02-04,8456.41169
2004-02-05,8453.365652
2004-02-06,8462.5429
2004-02-09,8441.996382
2004-02-10,8390.402695
2004-02-11,8416.664038
2004-02-12,8408.998594
2004-02-13,8402.832397
2004-02-16,8388.642964
2004-02-17,8404.619692
2004-02-18,8401.676544
2004-02-19,8467.706696
2004-02-20,8439.335071
2004-02-23,8439.670802
2004-02-24,8455.863438
2004-02-25,8440.335735
2004-02-26,8470.347155
2004-02-27,8451.940731
2004-03-01,8462.840436
2004-03-02,8491.711014
2004-03-03,8567.470971
2004-03-04,8560.640487
2004-03-05,8595.74311
2004-03-08,8584.501457
2004-03-09,8554.502063
2004-03-10,8588.145378
2004-03-11,8635.280679
2004-03-12,8658.937474
2004-03-15,8638.906988
2004-03-16,8608.607287
2004-03-17,8562.150029
2004-03-18,8538.748879
2004-03-19,8559.729423
2004-03-22,8561.118757
2004-03-23,8587.202672
2004-03-24,8571.490653
2004-03-25,8614.729641
2004-03-26,8612.462006
2004-03-29,8609.275458
2004-03-30,8611.389185
2004-03-31,8565.248691
2004-04-01,8582.215909
2004-04-02,8572.649781
2004-04-05,8590.371538
2004-04-06,8577.923904
2004-04-07,8585.819354
2004-04-08,8591.534392
2004-04-13,8595.732777
2004-04-14,8603.505535
2004-04-15,8635.762257
2004-04-16,8621.312437
2004-04-19,8603.570242
2004-04-20,8614.531276
2004-04-21,8650.870226
2004-04-22,8651.183357
2004-04-23,8619.781237
2004-04-26,8627.592608
2004-04-27,8622.099773
2004-04-28,8643.041908
2004-04-29,8704.21106
2004-04-30,8785.8793
2004-05-03,8705.371037
2004-05-04,8720.810878
2004-05-05,8694.994227
2004-05-06,8705.719709
2004-05-07,8733.057235
2004-05-10,8975.37786
2004-05-11,8991.909522
2004-05-12,8954.153665
2004-05-13,8995.627167
2004-05-14,9035.383833
2004-05-17,9010.005822
2004-05-18,9071.142452
2004-05-19,9048.869797
2004-05-20,9052.42409
2004-05-21,8970.409775
2004-05-24,9122.292781
2004-05-25,9265.390036
2004-05-26,9257.500413
2004-05-27,9289.412248
2004-05-28,9270.382166
2004-05-31,9272.446303
2004-06-01,9365.391219
2004-06-02,9445.772239
2004-06-03,9444.618027
2004-06-04,9450.389249
2004-06-07,9316.137674
2004-06-08,9248.503335
2004-06-09,9283.096159
2004-06-10,9368.063392
2004-06-11,9381.56755
2004-06-14,9388.517624
2004-06-15,9414.612895
2004-06-16,9401.882568
2004-06-17,9395.002076
2004-06-18,9407.349278
2004-06-21,9400.222919
2004-06-22,9410.396162
2004-06-23,9422.61107
2004-06-24,9420.392674
2004-06-25,9417.111551
2004-06-28,9420.38827
2004-06-29,9405.776974
2004-06-30,9400.386672
2004-07-01,9296.145628
2004-07-02,9148.254857
2004-07-05,9144.523112
2004-07-06,8990.364774
2004-07-07,9004.272882
2004-07-08,8993.367347
2004-07-09,8921.807307
2004-07-12,8815.713479
2004-07-13,8936.808923
2004-07-14,8958.622082
2004-07-15,8970.042024
2004-07-16,8913.195175
2004-07-19,8959.281341
2004-07-20,8976.092047
2004-07-21,9016.834743
2004-07-22,9059.716335
2004-07-23,9082.610122
2004-07-26,9136.125956
2004-07-27,9068.622617
2004-07-28,9126.898787
2004-07-29,9187.294196
2004-07-30,9129.6204
2004-08-02,9135.761095
2004-08-03,9179.238064
2004-08-04,9227.697572
2004-08-05,9181.904999
2004-08-06,9191.528515
2004-08-09,9185.008574
2004-08-10,9213.502728
2004-08-11,9261.137906
2004-08-12,9241.889687
2004-08-13,9254.628038
2004-08-16,9287.63881
2004-08-17,9285.759442
2004-08-18,9272.743492
2004-08-19,9255.756938
2004-08-20,9231.253559
2004-08-23,9275.379592
2004-08-24,9264.791169
2004-08-25,9277.071434
2004-08-26,9306.92562
2004-08-27,9313.090608
2004-08-30,9336.340998
2004-08-31,9375.006193
2004-09-01,9316.913215
2004-09-02,9270.382846
2004-09-03,9264.62423
2004-09-06,9277.234695
2004-09-07,9276.537793
2004-09-08,9303.845834
2004-09-09,9303.149865
2004-09-10,9274.621491
2004-09-13,9250.384112
2004-09-14,9112.6093
2004-09-15,9105.376696
2004-09-16,9003.890443
2004-09-17,9037.220539
2004-09-20,9038.996044
2004-09-21,9025.333985
2004-09-22,9165.626786
2004-09-23,9126.114495
2004-09-24,9112.917378
2004-09-27,9193.87955
2004-09-28,9230.125659
2004-09-29,9186.634748
2004-09-30,9160.367475
2004-10-01,9148.843954
2004-10-04,9084.632263
2004-10-05,9101.853056
2004-10-06,9106.855561
2004-10-07,9096.723844
2004-10-08,9090.133983
2004-10-11,9084.635249
2004-10-12,9139.359974
2004-10-13,9141.868427
2004-10-14,9098.602246
2004-10-15,9097.567263
2004-10-18,9110.734327
2004-10-19,9081.093613
2004-10-20,9081.445592
2004-10-21,9110.003173
2004-10-22,9093.328574
2004-10-25,9071.067855
2004-10-26,9091.066959
2004-10-27,9099.648218
2004-10-28,9157.635119
2004-10-29,9095.006673
2004-11-01,9086.648886
2004-11-02,9097.866982
2004-11-03,9126.791595
2004-11-04,9071.446326
2004-11-05,9071.468575
2004-11-08,8952.999923
2004-11-09,9003.051661
2004-11-10,9044.748401
2004-11-11,9067.812258
2004-11-12,9039.300364
2004-11-15,8989.656503
2004-11-16,8992.699098
2004-11-17,8999.078766
2004-11-18,8997.69656
2004-11-19,9002.849462
2004-11-22,9004.312131
2004-11-23,9002.597601
2004-11-24,8977.392363
2004-11-25,8963.732688
2004-11-26,9002.379514
2004-11-29,9015.565788
2004-11-30,9025.874389
2004-12-01,9010.004513
2004-12-02,9030.681989
2004-12-03,9046.022556
2004-12-06,9062.024563
2004-12-07,9094.396552
2004-12-08,9184.488722
2004-12-09,9166.035325
2004-12-10,9262.11053
2004-12-13,9283.501658
2004-12-14,9320.702861
2004-12-15,9256.728686
2004-12-16,9273.457205
2004-12-17,9304.214415
2004-12-20,9311.047989
2004-12-21,9322.308496
2004-12-22,9332.441721
2004-12-23,9289.23157
2004-12-24,9266.925122
2004-12-27,9303.969838
2004-12-28,9323.765862
2004-12-29,9332.458848
2004-12-30,9335.688033
2004-12-31,9290.000734
2005-01-03,9290.686311
2005-01-04,9290.347924
2005-01-05,9311.758923
2005-01-06,9315.004172
2005-01-07,9289.469697
2005-01-10,9290.391513
2005-01-11,9284.47843
2005-01-12,9197.450339
2005-01-13,9141.03688
2005-01-14,9164.250248
2005-01-17,9134.551013
2005-01-18,9157.457887
2005-01-19,9162.302224
2005-01-20,9158.542053
2005-01-21,9155.47327
2005-01-24,9138.254879
2005-01-25,9145.704415
2005-01-26,9146.766628
2005-01-27,9152.610164
2005-01-28,9150.663598
2005-01-31,9169.666283
2005-02-01,9235.004222
2005-02-02,9188.867621
2005-02-03,9201.438351
2005-02-04,9193.548387
2005-02-07,9210.495173
2005-02-08,9290.003134
2005-02-09,9291.819464
2005-02-10,9288.596697
2005-02-11,9270.361727
2005-02-14,9246.433254
2005-02-15,9271.435157
2005-02-16,9290.71319
2005-02-17,9295.360785
2005-02-18,9257.841859
2005-02-21,9270.356185
2005-02-22,9203.956644
2005-02-23,9246.40612
2005-02-24,9243.959276
2005-02-25,9271.766046
2005-02-28,9256.800181
2005-03-01,9273.554782
2005-03-02,9287.83299
2005-03-03,9291.768107
2005-03-04,9356.073199
2005-03-07,9330.355384
2005-03-08,9386.418541
2005-03-09,9340.356661
2005-03-10,9364.658065
2005-03-11,9365.004472
2005-03-14,9379.21029
2005-03-15,9357.453486
2005-03-16,9338.697375
2005-03-17,9363.903424
2005-03-18,9364.974772
2005-03-21,9405.712554
2005-03-22,9395.362429
2005-03-23,9403.923372
2005-03-24,9410.730242
2005-03-29,9515.952344
2005-03-30,9507.20853
2005-03-31,9468.443382
2005-04-01,9469.997685
2005-04-04,9485.003493
2005-04-05,9495.003903
2005-04-06,9480
2005-04-07,9490.002321
2005-04-08,9500
2005-04-11,9490.000771
2005-04-12,9487.000385
2005-04-13,9482.502709
2005-04-14,9520
2005-04-15,9536.998757
2005-04-18,9580.003085
2005-04-19,9575
2005-04-20,9585.500805
2005-04-21,9675.003829
2005-04-22,9675.001912
2005-04-25,9750
2005-04-26,9685.001156
2005-04-27,9560
2005-04-28,9580
2005-04-29,9559.998456
2005-05-02,9534.999611
2005-05-03,9535.003111
2005-05-04,9509.997684
2005-05-05,9509.996912
2005-05-06,9487.502896
2005-05-09,9482.50156
2005-05-10,9455.002334
2005-05-11,9456.000621
2005-05-12,9470.002349
2005-05-13,9474.998021
2005-05-16,9475
2005-05-17,9425
2005-05-18,9450.003962
2005-05-19,9450
2005-05-20,9450.003966
2005-05-23,9470.003188
2005-05-24,9470.000793
2005-05-25,9476.496339
2005-05-26,9490.002396
2005-05-27,9487.499004
2005-05-30,9486.000641
2005-05-31,9507.501419
2005-06-01,9575
2005-06-02,9574.997961
2005-06-03,9579.998373
2005-06-06,9593.000326
2005-06-07,9555.002035
2005-06-08,9584.996754
2005-06-09,9625.002043
2005-06-10,9600
2005-06-13,9630.003316
2005-06-14,9605.004129
2005-06-15,9607.49855
2005-06-16,9627.503095
2005-06-17,9619.996715
2005-06-20,9642.497952
2005-06-21,9664.497188
2005-06-22,9664.503344
2005-06-23,9650
2005-06-24,9650
2005-06-27,9662.997369
2005-06-28,9700
2005-06-29,9717.496267
2005-06-30,9762.504135
2005-07-01,9774.997932
2005-07-04,9864.999159
2005-07-05,9874.997896
2005-07-06,9779.996642
2005-07-07,9800
2005-07-08,9802.998992
2005-07-11,9762.502082
2005-07-12,9781.999014
2005-07-13,9784.996717
2005-07-14,9807.499793
2005-07-15,9769.999172
2005-07-18,9805.002489
2005-07-19,9818.997075
2005-07-20,9844.997099
2005-07-21,9765.003692
2005-07-22,9785.497818
2005-07-25,9815.002072
2005-07-26,9827.996997
2005-07-27,9831.000834
2005-07-28,9829
2005-07-29,9805.002894
2005-08-01,9782.003437
2005-08-02,9750.004093
2005-08-03,9760.001625
2005-08-04,9740.003247
2005-08-05,9745.002422
2005-08-08,9770
2005-08-09,9795.00283
2005-08-10,9764.999596
2005-08-11,9812.503023
2005-08-12,9800
2005-08-15,9878.002263
2005-08-16,9909.997564
2005-08-17,9900
2005-08-18,9964.996315
2005-08-19,9985.003694
2005-08-22,10003.998038
2005-08-23,10072.500613
2005-08-24,10270.002457
2005-08-25,10325
2005-08-26,10385.000406
2005-08-29,10684.001953
2005-08-30,10450.004105
2005-08-31,10294.99918
2005-09-01,10350
2005-09-02,10350.003987
2005-09-05,10300
2005-09-06,10344.997196
2005-09-07,10360.003213
2005-09-08,10350
2005-09-09,10210.004027
2005-09-12,10100
2005-09-13,10075
2005-09-14,10000
2005-09-15,10065.000409
2005-09-16,10150.004084
2005-09-19,10150.004119
2005-09-20,10185.000823
2005-09-21,10215.002045
2005-09-22,10225
2005-09-23,10225.004126
2005-09-26,10229.997506
2005-09-27,10275.002082
2005-09-28,10370.000831
2005-09-29,10304.998757
2005-09-30,10290.001661
2005-10-03,10300
2005-10-04,10194.999162
2005-10-05,10029.999163
2005-10-06,10075.002073
2005-10-07,10027.503294
2005-10-10,10100
2005-10-11,10069.996673
2005-10-12,10110.001666
2005-10-13,10145
2005-10-14,10110.000833
2005-10-17,10109.998336
2005-10-18,10105.001257
2005-10-19,10105.004184
2005-10-20,10084.999582
2005-10-21,10059.998335
2005-10-24,10059.996651
2005-10-25,9975.00208
2005-10-26,9991.997678
2005-10-27,10020
2005-10-28,10025.004119
2005-10-31,10114.996257
2005-11-01,10109.093937
2005-11-02,10059.998332
2005-11-03,10051.000747
2005-11-04,10054.998743
2005-11-07,10070.001691
2005-11-08,10104.999574
2005-11-09,9939.998296
2005-11-10,9977.503826
2005-11-11,9986.996666
2005-11-14,10002.501494
2005-11-15,10010.002571
2005-11-16,10010.002569
2005-11-17,10050
2005-11-18,10094.999572
2005-11-21,10035.00127
2005-11-22,10060.003419
2005-11-23,10055.001698
2005-11-24,10055.00297
2005-11-25,10051.500468
2005-11-28,10054.997442
2005-11-29,10039.998304
2005-11-30,10034.998725
2005-12-01,10032.498936
2005-12-02,9994.998718
2005-12-05,9959.9983
2005-12-06,9925.002122
2005-12-07,9835.00427
2005-12-08,9775
2005-12-09,9680
2005-12-12,9754.004193
2005-12-13,9782.498952
2005-12-14,9800
2005-12-15,9835.002917
2005-12-16,9879.996662
2005-12-19,9854.997078
2005-12-20,9854.997909
2005-12-21,9825
2005-12-22,9835.002538
2005-12-23,9859.996627
2005-12-27,9825
2005-12-28,9830.001678
2005-12-29,9835.002114
2005-12-30,9829.999152
2006-01-02,9830.001691
2006-01-03,9725.002105
2006-01-04,9655.002897
2006-01-05,9592.496691
2006-01-06,9569.999173
2006-01-09,9460.001656
2006-01-10,9454.998342
2006-01-11,9464.998345
2006-01-12,9369.999174
2006-01-13,9371.999335
2006-01-16,9475
2006-01-17,9470.004141
2006-01-18,9503.496907
2006-01-19,9397.001574
2006-01-20,9435.001657
2006-01-23,9450.004073
2006-01-24,9491.998044
2006-01-25,9346.998536
2006-01-26,9359.996736
2006-01-27,9375
2006-01-30,9387.502069
2006-01-31,9373.997359
2006-02-01,9330.003308
2006-02-02,9350
2006-02-03,9309.999171
2006-02-06,9219.998331
2006-02-07,9190.002506
2006-02-08,9264.998326
2006-02-09,9234.998329
2006-02-10,9230
2006-02-13,9235.001682
2006-02-14,9227.50042
2006-02-15,9217.002688
2006-02-16,9222.499578
2006-02-17,9242.501897
2006-02-20,9231.00067
2006-02-21,9262.4979
2006-02-22,9354.997895
2006-02-23,9264.999582
2006-02-24,9292.501681
2006-02-27,9234.998313
2006-02-28,9182.501053
2006-03-01,9182.499582
2006-03-02,9190.000839
2006-03-03,9185
2006-03-06,9184.996255
2006-03-07,9252.002015
2006-03-08,9314.999161
2006-03-09,9303.498322
2006-03-10,9240.003356
2006-03-13,9245.000839
2006-03-14,9168.003013
2006-03-15,9145.002495
2006-03-16,9169.997514
2006-03-17,9149.503488
2006-03-20,9148.003943
2006-03-21,9115.003294
2006-03-22,9088.996603
2006-03-23,9014.997926
2006-03-24,9120.001671
2006-03-27,9044.997921
2006-03-28,9053.003972
2006-03-29,9150
2006-03-30,9135.003307
2006-03-31,9065.003305
2006-04-03,9027.497306
2006-04-04,8989.997544
2006-04-05,9014.997553
2006-04-06,9005.003249
2006-04-07,8989.999179
2006-04-10,8982.502686
2006-04-11,8995.002065
2006-04-12,9007.496907
2006-04-13,8987.497933
2006-04-18,8982.500816
2006-04-19,8904.99757
2006-04-20,8884.99919
2006-04-21,8885.00203
2006-04-24,8836.999596
2006-04-25,8812.997988
2006-04-26,8812.498994
2006-04-27,8802.996617
2006-04-28,8807.00327
2006-05-02,8782.496243
2006-05-03,8775.003961
2006-05-04,8795.997459
2006-05-05,8789.998424
2006-05-08,8735.003136
2006-05-09,8740.001575
2006-05-10,8721.997026
2006-05-11,8730.001573
2006-05-12,8735.000774
2006-05-15,9130.001559
2006-05-16,9215.003511
2006-05-17,8930.003105
2006-05-18,9185.003915
2006-05-19,9210.00235
2006-05-22,9324.99804
2006-05-23,9260.501519
2006-05-24,9380.001556
2006-05-25,9374.99804
2006-05-26,9259.998437
2006-05-29,9217.502743
2006-05-30,9189.999221
2006-05-31,9254.996892
2006-06-01,9339.996859
2006-06-02,9265.001951
2006-06-05,9279.996913
2006-06-06,9344.998832
2006-06-07,9372.499805
2006-06-08,9425.001963
2006-06-09,9400
2006-06-12,9419.996818
2006-06-13,9494.99642
2006-06-14,9479.001831
2006-06-15,9382.498017
2006-06-16,9300
2006-06-19,9380.001588
2006-06-20,9380.001594
2006-06-21,9362.5
2006-06-22,9357.502782
2006-06-23,9402.503599
2006-06-26,9400
2006-06-27,9355.001194
2006-06-28,9340.501193
2006-06-29,9365.998883
2006-06-30,9262.998505
2006-07-03,9150
2006-07-04,9063.998124
2006-07-05,9120.001563
2006-07-06,9120
2006-07-07,9070.00313
2006-07-10,9050
2006-07-11,9044.99843
2006-07-12,9109.998428
2006-07-13,9105.003152
2006-07-14,9175.003948
2006-07-17,9294.003668
2006-07-18,9239.996808
2006-07-19,9254.999199
2006-07-20,9165.000395
2006-07-21,9146.001577
2006-07-24,9184.999604
2006-07-25,9119.998417
2006-07-26,9100
2006-07-27,9070.000785
2006-07-28,9095.001579
2006-07-31,9095.002741
2006-08-01,9100
2006-08-02,9110.001563
2006-08-03,9107.503325
2006-08-04,9084.498124
2006-08-07,9070
2006-08-08,9089.999221
2006-08-09,9089.999224
2006-08-10,9047.9972
2006-08-11,9074.003914
2006-08-14,9089.998427
2006-08-15,9095.497053
2006-08-16,9092.503713
2006-08-17,9092.499418
2006-08-18,9065.497579
2006-08-21,9065.500426
2006-08-22,9070.49641
2006-08-23,9099.500468
2006-08-24,9139.996883
2006-08-25,9132.502743
2006-08-28,9123.5
2006-08-29,9092.496877
2006-08-30,9120.003121
2006-08-31,9096.996343
2006-09-01,9095.997503
2006-09-04,9082.500778
2006-09-05,9080
2006-09-06,9087.500977
2006-09-07,9119.998429
2006-09-08,9126.500433
2006-09-11,9135.00354
2006-09-12,9152.002518
2006-09-13,9112.502958
2006-09-14,9132.500196
2006-09-15,9120
2006-09-18,9149.498618
2006-09-19,9157.997471
2006-09-20,9167.497633
2006-09-21,9139.996858
2006-09-22,9189.997659
2006-09-25,9247.501566
2006-09-26,9204.001575
2006-09-27,9209.996846
2006-09-28,9224.998034
2006-09-29,9225
2006-10-02,9204.998029
2006-10-03,9205.001178
2006-10-04,9220.001577
2006-10-05,9209.999214
2006-10-06,9207.501579
2006-10-09,9228.00127
2006-10-10,9224.501515
2006-10-11,9222.498605
2006-10-12,9219.503631
2006-10-13,9205.498008
2006-10-16,9165.497403
2006-10-17,9154.998403
2006-10-18,9157.498206
2006-10-19,9160.003184
2006-10-20,9157.497226
2006-10-23,9164.996814
2006-10-24,9165.002791
2006-10-25,9130
2006-10-26,9109.997629
2006-10-27,9104.998817
2006-10-30,9100
2006-10-31,9112.5
2006-11-01,9102.500588
2006-11-02,9111.999687
2006-11-03,9115.501567
2006-11-06,9133.498662
2006-11-07,9126.499412
2006-11-08,9107.498435
2006-11-09,9121.498906
2006-11-10,9116.50342
2006-11-13,9127.498051
2006-11-14,9128.501248
2006-11-15,9182.496873
2006-11-16,9155.498282
2006-11-17,9163.002975
2006-11-20,9153.500506
2006-11-21,9140.003122
2006-11-22,9133.998138
2006-11-23,9130.502586
2006-11-24,9141.000153
2006-11-27,9141.497636
2006-11-28,9185.502396
2006-11-29,9166.496922
2006-11-30,9165
2006-12-01,9170.00151
2006-12-04,9150.003757
2006-12-05,9115.497712
2006-12-06,9120.001507
2006-12-07,9072.497556
2006-12-08,9069.501356
2006-12-11,9087.500949
2006-12-12,9066.996376
2006-12-13,9070.003769
2006-12-14,9068.503639
2006-12-15,9085.998779
2006-12-18,9087.002673
2006-12-19,9139.99848
2006-12-20,9090.002272
2006-12-21,9070.003035
2006-12-22,9077.501516
2006-12-27,9032.50247
2006-12-28,9037.500949
2006-12-29,8993.50038
2007-01-02,8987.498116
2007-01-03,8970.002267
2007-01-04,9010.003052
2007-01-05,9012.503821
2007-01-08,9039.996924
2007-01-09,9034.997695
2007-01-10,9079.99692
2007-01-11,9120.502157
2007-01-12,9130.000776
2007-01-15,9114.998841
2007-01-16,9072.500579
2007-01-17,9108.002169
2007-01-18,9103.002631
2007-01-19,9077.496527
2007-01-22,9089.996908
2007-01-23,9085
2007-01-24,9078.81584
2007-01-25,9094.999229
2007-01-26,9119.99845
2007-01-29,9122.498259
2007-01-30,9100
2007-01-31,9100
2007-02-01,9081.497696
2007-02-02,9076.996928
2007-02-05,9064.998066
2007-02-06,9054.002316
2007-02-07,9038.500039
2007-02-08,9052.497883
2007-02-09,9052.502499
2007-02-12,9043.501081
2007-02-13,9074.497005
2007-02-14,9068.001835
2007-02-15,9040.998706
2007-02-16,9050.003811
2007-02-19,9074.002437
2007-02-20,9062.502853
2007-02-21,9068.99962
2007-02-22,9080.497482
2007-02-23,9079.503578
2007-02-26,9067.5
2007-02-27,9092.50189
2007-02-28,9131.49648
2007-03-01,9152.499055
2007-03-02,9167.49981
2007-03-05,9255.002675
2007-03-06,9220
2007-03-07,9210.003807
2007-03-08,9172.498479
2007-03-09,9176.00152
2007-03-12,9172.49924
2007-03-13,9214.502951
2007-03-14,9219.502389
2007-03-15,9225.502798
2007-03-16,9226.499062
2007-03-19,9225.001879
2007-03-20,9155.001504
2007-03-21,9135.003385
2007-03-22,9106.501386
2007-03-23,9110.002251
2007-03-26,9103.497927
2007-03-27,9120.498989
2007-03-28,9149.498052
2007-03-29,9127.501498
2007-03-30,9125.003754
2007-04-02,9114.499476
2007-04-03,9092.498877
2007-04-04,9115.997603
2007-04-05,9100
2007-04-10,9100
2007-04-11,9084.997764
2007-04-12,9110.997253
2007-04-13,9096.002069
2007-04-16,9092.501845
2007-04-17,9087.497232
2007-04-18,9089.99779
2007-04-19,9102.499816
2007-04-20,9090.49684
2007-04-23,9089.503577
2007-04-24,9088.499485
2007-04-25,9081.998681
2007-04-26,9080.001471
2007-04-27,9077.497618
2007-04-30,9082.998897
2007-05-02,9072.497792
2007-05-03,9046.499669
2007-05-04,8974.500406
2007-05-07,8885.001836
2007-05-08,8889.496976
2007-05-09,8814.998153
2007-05-10,8765.003327
2007-05-11,8869.998517
2007-05-14,8800
2007-05-15,8805.000739
2007-05-16,8805.00221
2007-05-17,8794.99852
2007-05-18,8819.997032
2007-05-21,8759.997025
2007-05-22,8679.002527
2007-05-23,8710
2007-05-24,8739.998513
2007-05-25,8750.00372
2007-05-28,8743.001561
2007-05-29,8814.997409
2007-05-30,8840
2007-05-31,8830.000743
2007-06-01,8827.002084
2007-06-04,8775.003709
2007-06-05,8794.997044
2007-06-06,8905.00259
2007-06-07,8875.003712
2007-06-08,9104.996629
2007-06-11,9074.998128
2007-06-12,8980
2007-06-13,9082.99842
2007-06-14,9070.001503
2007-06-15,9045.500976
2007-06-18,8900
2007-06-19,8925.001865
2007-06-20,8944.998883
2007-06-21,9015.003359
2007-06-22,9004.999628
2007-06-25,9034.9974
2007-06-26,9080
2007-06-27,9133.003423
2007-06-28,9077.500557
2007-06-29,9035.001851
2007-07-02,9012.996762
2007-07-03,9014.998897
2007-07-04,9007.49743
2007-07-05,9010
2007-07-06,9044.998529
2007-07-09,9019.998532
2007-07-10,8998.002342
2007-07-11,9032.502
2007-07-12,9060.001451
2007-07-13,9022.500363
2007-07-16,9044.996735
2007-07-17,9054.999637
2007-07-18,9100
2007-07-19,9090
2007-07-20,9057.501992
2007-07-23,9072.498372
2007-07-24,9042.499819
2007-07-25,9104.998909
2007-07-26,9137.997376
2007-07-27,9194.996704
2007-07-30,9210.000732
2007-07-31,9225.001824
2007-08-01,9304.998902
2007-08-02,9300
2007-08-03,9273.002775
2007-08-06,9300
2007-08-07,9335.000725
2007-08-08,9294.497608
2007-08-09,9330.002185
2007-08-10,9347.501832
2007-08-13,9342.502381
2007-08-14,9354.999632
2007-08-15,9426.001781
2007-08-16,9475.001865
2007-08-17,9475.003716
2007-08-20,9389.997032
2007-08-21,9439.998519
2007-08-22,9394.997406
2007-08-23,9352.998379
2007-08-24,9405.001836
2007-08-27,9379.997071
2007-08-28,9395.001464
2007-08-29,9415.002568
2007-08-30,9420
2007-08-31,9390.003648
2007-09-03,9388.996479
2007-09-04,9405
2007-09-05,9398.498675
2007-09-06,9397.497988
2007-09-07,9397.502921
2007-09-10,9414.998188
2007-09-11,9440.002894
2007-09-12,9407.497299
2007-09-13,9402.496942
2007-09-14,9380
2007-09-17,9387.497298
2007-09-18,9377.500541
2007-09-19,9225.001789
2007-09-20,9160
2007-09-21,9159.997153
2007-09-24,9124.998229
2007-09-25,9167.50319
2007-09-26,9160.996673
2007-09-27,9140
2007-09-28,9145.003174
2007-10-01,9084.998595
2007-10-02,9090.497706
2007-10-03,9124.001409
2007-10-04,9124.998228
2007-10-05,9089.99717
2007-10-08,9069.997871
2007-10-09,9075.001781
2007-10-10,9075.003535
2007-10-11,9059.997183
2007-10-12,9060.001411
2007-10-15,9060.002812
2007-10-16,9060
2007-10-17,9095
2007-10-18,9092.502972
2007-10-19,9089.9986
2007-10-22,9134.999294
2007-10-23,9140.002806
2007-10-24,9177.498243
2007-10-25,9155.000349
2007-10-26,9122.497219
2007-10-29,9094.996873
2007-10-30,9104.997571
2007-10-31,9097.002838
2007-11-01,9107.002704
2007-11-02,9132.502245
2007-11-05,9160.00138
2007-11-06,9117.50189
2007-11-07,9119.997283
2007-11-08,9134.501568
2007-11-09,9125.001703
2007-11-12,9169.997942
2007-11-13,9184.000822
2007-11-14,9220
2007-11-15,9312.002186
2007-11-16,9319.998635
2007-11-19,9329.998635
2007-11-20,9350.003382
2007-11-21,9405.002025
2007-11-22,9380.497673
2007-11-23,9366.000405
2007-11-26,9380
2007-11-27,9400
2007-11-28,9417.501865
2007-11-29,9379.997286
2007-11-30,9370.002032
2007-12-03,9330.001364
2007-12-04,9292.999118
2007-12-05,9265
2007-12-06,9264.999313
2007-12-07,9272.503243
2007-12-10,9266.000815
2007-12-11,9275
2007-12-12,9300.497445
2007-12-13,9309.997957
2007-12-14,9327.500172
2007-12-17,9415.000347
2007-12-18,9394.998613
2007-12-19,9430.003476
2007-12-20,9430.002091
2007-12-21,9427.503477
2007-12-24,9415.002084
2007-12-27,9417.497933
2007-12-28,9394.500408
2007-12-31,9392.500509
2008-01-02,9379.997277
2008-01-03,9417.501525
2008-01-04,9434.996944
2008-01-07,9440.501257
2008-01-08,9450.49983
2008-01-09,9439.502725
2008-01-10,9437.498295
2008-01-11,9435.498918
2008-01-14,9430.003357
2008-01-15,9430.001344
2008-01-16,9444.997296
2008-01-17,9437.002246
2008-01-18,9447.498978
2008-01-21,9459.998619
2008-01-22,9479.99862
2008-01-23,9390.002745
2008-01-24,9376.49867
2008-01-25,9330.0034
2008-01-28,9350.003389
2008-01-29,9323.001422
2008-01-30,9287.501688
2008-01-31,9246.503026
2008-02-01,9207.502183
2008-02-04,9214.498618
2008-02-05,9210.001362
2008-02-06,9242.001231
2008-02-07,9242.000137
2008-02-08,9237.497416
2008-02-11,9275.003438
2008-02-12,9265.002064
2008-02-13,9260.002742
2008-02-14,9215.000684
2008-02-15,9170.001363
2008-02-18,9161.000273
2008-02-19,9169.997287
2008-02-20,9189.997271
2008-02-21,9164.997286
2008-02-22,9172.002963
2008-02-25,9129.999325
2008-02-26,9086.997445
2008-02-27,9052.997873
2008-02-28,9075.001653
2008-02-29,9098.701127
2008-03-03,9109.998027
2008-03-04,9084.999342
2008-03-05,9088.997105
2008-03-06,9059.997389
2008-03-07,9059.998703
2008-03-10,9180
2008-03-11,9187.001756
2008-03-12,9159.998708
2008-03-13,9215.002889
2008-03-14,9232.999165
2008-03-17,9265.003171
2008-03-18,9200
2008-03-19,9184.998725
2008-03-20,9234.999676
2008-03-25,9185.002248
2008-03-26,9190
2008-03-27,9200
2008-03-28,9205.001266
2008-03-31,9215.001265
2008-04-01,9223.001277
2008-04-02,9180.002559
2008-04-03,9250
2008-04-04,9235.001908
2008-04-07,9194.99777
2008-04-08,9194.998088
2008-04-09,9210.002544
2008-04-10,9192.497638
2008-04-11,9182.997537
2008-04-14,9189.99937
2008-04-15,9195.002527
2008-04-16,9190.996986
2008-04-17,9190.00126
2008-04-18,9185
2008-04-21,9184.998113
2008-04-22,9184.997803
2008-04-23,9210
2008-04-24,9220.001268
2008-04-25,9225
2008-04-28,9214.99872
2008-04-29,9219.998716
2008-04-30,9222.001287
2008-05-02,9225.003235
2008-05-05,9213.001294
2008-05-06,9210.001288
2008-05-07,9225.00324
2008-05-08,9280.002606
2008-05-09,9239.998706
2008-05-12,9243.998704
2008-05-13,9260.001293
2008-05-14,9294.999676
2008-05-15,9309.997415
2008-05-16,9284.998064
2008-05-19,9280.002568
2008-05-20,9284.999041
2008-05-21,9292.001524
2008-05-22,9310.003174
2008-05-23,9312.997078
2008-05-26,9350.003172
2008-05-27,9335
2008-05-28,9300
2008-05-29,9309.999357
2008-05-30,9314.99871
2008-06-02,9304.999678
2008-06-03,9309.998076
2008-06-04,9315.498513
2008-06-05,9304.999351
2008-06-06,9324.998397
2008-06-09,9334.997466
2008-06-10,9334.999356
2008-06-11,9305.001611
2008-06-12,9324.998378
2008-06-13,9310.002608
2008-06-16,9315.00097
2008-06-17,9302.997997
2008-06-18,9284.999677
2008-06-19,9286.996964
2008-06-20,9260
2008-06-23,9272.997874
2008-06-24,9263.001028
2008-06-25,9254.997115
2008-06-26,9194.997139
2008-06-27,9214.99873
2008-06-30,9229.998731
2008-07-01,9220
2008-07-02,9215.000633
2008-07-03,9210.003148
2008-07-04,9212.003063
2008-07-07,9210.497732
2008-07-08,9204.997769
2008-07-09,9173.000318
2008-07-10,9159.001783
2008-07-11,9157.998105
2008-07-14,9151.498706
2008-07-15,9140
2008-07-16,9140.999496
2008-07-17,9148.003029
2008-07-18,9148.002023
2008-07-21,9151.998991
2008-07-22,9147.999246
2008-07-23,9141.998602
2008-07-24,9132.002296
2008-07-25,9121.996949
2008-07-28,9118.499936
2008-07-29,9122.999045
2008-07-30,9122.996985
2008-07-31,9094.997117
2008-08-01,9095.999743
2008-08-04,9086.997302
2008-08-05,9078.000904
2008-08-06,9072.502907
2008-08-07,9100
2008-08-08,9170.001327
2008-08-11,9175
2008-08-12,9170.000671
2008-08-13,9179.997316
2008-08-14,9180.499094
2008-08-15,9189.999321
2008-08-18,9190.00272
2008-08-19,9188.001635
2008-08-20,9159.997285
2008-08-21,9150.999055
2008-08-22,9139.998649
2008-08-25,9159.998646
2008-08-26,9175.003425
2008-08-27,9159.998646
2008-08-28,9160.002708
2008-08-29,9150.003393
2008-09-01,9160.002736
2008-09-02,9210.002756
2008-09-03,9207.0009
2008-09-04,9211.002209
2008-09-05,9374.998245
2008-09-08,9299.000985
2008-09-09,9320.001414
2008-09-10,9329.998581
2008-09-11,9425.003588
2008-09-12,9430.001422
2008-09-15,9450.003533
2008-09-16,9455.001051
2008-09-17,9400
2008-09-18,9400
2008-09-19,9375
2008-09-22,9290.000686
2008-09-23,9329.997963
2008-09-24,9335.003404
2008-09-25,9372.503401
2008-09-26,9385
2008-09-29,9442.999512
2008-09-30,9430.000699
2008-10-01,9495.667921
2008-10-02,9430.000719
2008-10-03,9429.998554
2008-10-06,9590.002934
2008-10-07,9550
2008-10-08,9670.999927
2008-10-09,9625.003654
2008-10-10,9859.997054
2008-10-13,9820.001466
2008-10-14,9719.997091
2008-10-15,9780
2008-10-16,9974.998149
2008-10-17,9802.499254
2008-10-20,9845.00149
2008-10-21,9845.001517
2008-10-22,9900
2008-10-23,10000
2008-10-24,10212.996189
2008-10-27,10950
2008-10-28,10800
2008-10-29,10800
2008-10-30,10674.998082
2008-10-31,10900
2008-11-03,11000
2008-11-04,10900
2008-11-05,10988.003108
2008-11-06,11000
2008-11-07,11100
2008-11-10,11000
2008-11-11,11374.998039
2008-11-12,11550
2008-11-13,11850.003992
2008-11-14,11800
2008-11-17,11900
2008-11-18,12075.001976
2008-11-19,12200
2008-11-20,12250
2008-11-21,12400
2008-11-24,12550.003915
2008-11-25,12500
2008-11-26,12350.003865
2008-11-27,12375
2008-11-28,12250.003929
2008-12-01,12400
2008-12-02,12500
2008-12-03,12100.134675
2008-12-04,11925
2008-12-05,11650.003948
2008-12-08,11650
2008-12-09,11050
2008-12-10,10975.001934
2008-12-11,11050.003784
2008-12-12,11300
2008-12-15,11190
2008-12-16,11163.002191
2008-12-17,11025.001778
2008-12-18,11050
2008-12-19,11075
2008-12-22,11300
2008-12-23,11175.003577
2008-12-24,11224.998215
2008-12-29,11100
2008-12-30,11000
2008-12-31,10950.003593
2009-01-02,11100
2009-01-05,11100
2009-01-06,11000
2009-01-07,10850.003678
2009-01-08,11029.999266
2009-01-09,10988.000585
2009-01-12,11175.003733
2009-01-13,11261.996682
2009-01-14,11127.002201
2009-01-15,11255.001911
2009-01-16,11028.003014
2009-01-19,11090.001517
2009-01-20,11309.00232
2009-01-21,11200
2009-01-22,11250
2009-01-23,11330.003908
2009-01-26,11330
2009-01-27,11325.003795
2009-01-28,11325
2009-01-29,11374.998093
2009-01-30,11400
2009-02-02,11763.001567
2009-02-03,11675.001946
2009-02-04,11750
2009-02-05,11662.997895
2009-02-06,11775
2009-02-09,11764.998462
2009-02-10,11819.996915
2009-02-11,11850
2009-02-12,11960.001558
2009-02-13,11850.003899
2009-02-16,11960
2009-02-17,12300
2009-02-18,12050
2009-02-19,12080
2009-02-20,12100
2009-02-23,11920.003125
2009-02-24,12000
2009-02-25,12025.001954
2009-02-26,12037.998748
2009-02-27,11979.998418
2009-03-02,12080.001588
2009-03-03,11994.998018
2009-03-04,12070.003982
2009-03-05,12125.001991
2009-03-06,12089.99842
2009-03-09,12010.003979
2009-03-10,11944.997262
2009-03-11,12025.003911
2009-03-12,12069.996871
2009-03-13,11975.001937
2009-03-16,11950
2009-03-17,12000
2009-03-18,11940
2009-03-19,11964.998903
2009-03-20,11789.999262
2009-03-23,11575.003688
2009-03-24,11400
2009-03-25,11675.003705
2009-03-26,11610.002205
2009-03-27,11496.998872
2009-03-30,11554.998863
2009-03-31,11700
2009-04-01,11680.00151
2009-04-02,11480.002987
2009-04-03,11458.003724
2009-04-06,11325
2009-04-07,11374.998114
2009-04-08,11328.002419
2009-04-09,11375.001884
2009-04-14,10900
2009-04-15,10894.997343
2009-04-16,10700
2009-04-17,10750
2009-04-20,10739.996915
2009-04-21,10875
2009-04-22,10900
2009-04-23,10925.003831
2009-04-24,10800
2009-04-27,10824.998095
2009-04-28,10880.003079
2009-04-29,10804.997739
2009-04-30,10600
2009-05-04,10510.194358
2009-05-05,10525.001865
2009-05-06,10422.99955
2009-05-07,10395.457607
2009-05-08,10364.998138
2009-05-11,10398.423457
2009-05-12,10356.910034
2009-05-13,10346.443515
2009-05-14,10390.157045
2009-05-15,10435.049564
2009-05-18,10379.457537
2009-05-19,10245.592125
2009-05-20,10294.653031
2009-05-21,10373.059328
2009-05-22,10227.411967
2009-05-25,10197.494647
2009-05-26,10267.220305
2009-05-27,10388.55478
2009-05-28,10325
2009-05-29,10312.994751
2009-06-01,10231.054852
2009-06-02,10260.696727
2009-06-03,10120.694024
2009-06-04,10087.293366
2009-06-05,9930.697609
2009-06-08,10077.635944
2009-06-09,10076.982592
2009-06-10,10005.53113
2009-06-11,10129.672847
2009-06-12,10096.043987
2009-06-15,10173.465704
2009-06-16,10224.9964
2009-06-17,10277.131503
2009-06-18,10280.732759
2009-06-19,10401.234568
2009-06-22,10458.9479
2009-06-23,10510.673916
2009-06-24,10381.495474
2009-06-25,10278.895265
2009-06-26,10220.722191
2009-06-29,10268.594395
2009-06-30,10207.7119
2009-07-01,10230.79597
2009-07-02,10231.632145
2009-07-03,10189.756585
2009-07-06,10230.366266
2009-07-07,10253.534489
2009-07-08,10249.902885
2009-07-09,10145.268049
2009-07-10,10196.46788
2009-07-13,10239.778175
2009-07-14,10209.641913
2009-07-15,10132.500532
2009-07-16,10124.225053
2009-07-17,10177.466288
2009-07-20,9990.068228
2009-07-21,10055.389158
2009-07-22,10088.605454
2009-07-23,10027.458008
2009-07-24,9999.536093
2009-07-27,9967.201626
2009-07-28,9924.232202
2009-07-29,9957.430516
2009-07-30,9954.856614
2009-07-31,9950.749752
2009-08-03,9902.789625
2009-08-04,9878.086763
2009-08-05,9909.701596
2009-08-06,9934.481559
2009-08-07,9966.176778
2009-08-10,9930.573159
2009-08-11,9921.050402
2009-08-12,9994.855328
2009-08-13,9952.494228
2009-08-14,9967.091087
2009-08-17,10033.442297
2009-08-18,10022.693426
2009-08-19,10130.661848
2009-08-20,10058.899108
2009-08-21,10015.694348
2009-08-24,10005.69713
2009-08-25,10024.643954
2009-08-26,10095.739313
2009-08-27,10167.486683
2009-08-28,10049.651908
2009-08-31,10082.784473
2009-09-01,10114.216851
2009-09-02,10162.137834
2009-09-03,10110.247646
2009-09-04,10115.243304
2009-09-07,10060.872296
2009-09-08,9989.995163
2009-09-09,9924.156452
2009-09-10,9935.641114
2009-09-11,9913.978347
2009-09-14,9954.934414
2009-09-15,9925.473958
2009-09-16,9689.768932
2009-09-17,9696.689777
2009-09-18,9699.782387
2009-09-21,9700.327466
2009-09-22,9686.637348
2009-09-23,9701.332612
2009-09-24,9654.130553
2009-09-25,9655.32379
2009-09-28,9730.662116
2009-09-29,9724.998282
2009-09-30,9649.682442
2009-10-01,9625.606988
2009-10-02,9645.325721
2009-10-05,9549.137931
2009-10-06,9415.303627
2009-10-07,9427.732408
2009-10-08,9433.773623
2009-10-09,9454.610169
2009-10-12,9490.077887
2009-10-13,9445.546286
2009-10-14,9368.375781
2009-10-15,9341.206943
2009-10-16,9398.130338
2009-10-19,9399.396702
2009-10-20,9395.437847
2009-10-21,9428.275585
2009-10-22,9568.406667
2009-10-23,9435
2009-10-26,9493.967641
2009-10-27,9585.639371
2009-10-28,9659.966182
2009-10-29,9594.346768
2009-10-30,9581.581081
2009-11-02,9559.768481
2009-11-03,9644.965207
2009-11-04,9509.640268
2009-11-05,9508.683662
2009-11-06,9460.092854
2009-11-09,9410.104111
2009-11-10,9414.385941
2009-11-11,9394.373878
2009-11-12,9426.578207
2009-11-13,9372.699758
2009-11-16,9395.302372
2009-11-17,9403.30084
2009-11-18,9413.017316
2009-11-19,9559.355446
2009-11-20,9467.829902
2009-11-23,9459.680652
2009-11-24,9516.747946
2009-11-25,9393.416429
2009-11-26,9444.151019
2009-11-27,9534.863923
2009-11-30,9467.24356
2009-12-01,9453.761444
2009-12-02,9435.586481
2009-12-03,9423.90873
2009-12-04,9415.244226
2009-12-07,9445.188341
2009-12-08,9506.95817
2009-12-09,9463.278711
2009-12-10,9440.332654
2009-12-11,9443.687741
2009-12-14,9469.932409
2009-12-15,9475.029228
2009-12-16,9483.660714
2009-12-17,9512.647284
2009-12-18,9505.328869
2009-12-21,9503.466036
2009-12-22,9484.697808
2009-12-23,9508.58784
2009-12-24,9478.156688
2009-12-28,9451.787574
2009-12-29,9439.749186
2009-12-30,9423.580695
2009-12-31,9458.649174
2010-01-04,9411.779832
2010-01-05,9337.41864
2010-01-06,9321.644599
2010-01-07,9273.916387
2010-01-08,9298.500666
2010-01-11,9152.085628
2010-01-12,9171.424625
2010-01-13,9149.254961
2010-01-14,9165.42869
2010-01-15,9214.978433
2010-01-18,9233.97592
2010-01-19,9289.390013
2010-01-20,9335.699123
2010-01-21,9333.759954
2010-01-22,9348.440042
2010-01-25,9336.379054
2010-01-26,9403.599574
2010-01-27,9424.026435
2010-01-28,9322.230159
2010-01-29,9359.322641
2010-02-01,9397.441242
2010-02-02,9354.258449
2010-02-03,9287.328375
2010-02-04,9346.782697
2010-02-05,9450.164342
2010-02-08,9405.308958
2010-02-09,9359.077035
2010-02-10,9367.787482
2010-02-11,9367.947223
2010-02-12,9338.793103
2010-02-15,9349.996325
2010-02-16,9313.97172
2010-02-17,9281.349264
2010-02-18,9315.375544
2010-02-19,9335.342851
2010-02-22,9296.433289
2010-02-23,9299.337114
2010-02-24,9313.323983
2010-02-25,9347.846393
2010-02-26,9323.537214
2010-03-01,9256.709797
2010-03-02,9300.346915
2010-03-03,9269.445055
2010-03-04,9267.844601
2010-03-05,9234.663525
2010-03-08,9186.407554
2010-03-09,9210.983256
2010-03-10,9172.667157
2010-03-11,9183.759244
2010-03-12,9130.657465
2010-03-15,9168.974827
2010-03-16,9168.170225
2010-03-17,9132.334981
2010-03-18,9138.667643
2010-03-19,9106.008267
2010-03-22,9128.193898
2010-03-23,9119.676012
2010-03-24,9132.058779
2010-03-25,9114.345612
2010-03-26,9113.659852
2010-03-29,9086.318759
2010-03-30,9080.010384
2010-03-31,9071.340604
2010-04-01,9095.552421
2010-04-06,9051.940878
2010-04-07,9052.226387
2010-04-08,9070.961191
2010-04-09,9034.33951
2010-04-12,9015.679058
2010-04-13,9032.997129
2010-04-14,9003.033419
2010-04-15,9007.996161
2010-04-16,9009.89287
2010-04-19,9049.486301
2010-04-20,9002.839982
2010-04-21,9010.334256
2010-04-22,9014.836195
2010-04-23,9010.337315
2010-04-26,9008.858194
2010-04-27,9007.02784
2010-04-28,9044.492261
2010-04-29,9013.518407
2010-04-30,9009.793466
2010-05-03,9027.262426
2010-05-04,9026.03713
2010-05-05,9145.125348
2010-05-06,9184.081087
2010-05-07,9224.462576
2010-05-10,9077.153212
2010-05-11,9094.644826
2010-05-12,9124.798991
2010-05-13,9103.916739
2010-05-14,9128.930516
2010-05-17,9128.893028
2010-05-18,9130.37496
2010-05-19,9192.379788
2010-05-20,9159.631912
2010-05-21,9265.37569
2010-05-24,9261.124595
2010-05-25,9349.61957
2010-05-26,9259.265578
2010-05-27,9266.886985
2010-05-28,9195.373062
2010-05-31,9162.379134
2010-06-01,9255.368161
2010-06-02,9260.869209
2010-06-03,9191.96283
2010-06-04,9183.424544
2010-06-07,9303.838114
2010-06-08,9311.170658
2010-06-09,9252.189842
2010-06-10,9239.003736
2010-06-11,9184.621093
2010-06-14,9096.628296
2010-06-15,9188.374939
2010-06-16,9167.378024
2010-06-17,9124.848338
2010-06-18,9156.854187
2010-06-21,9009.426196
2010-06-22,9023.935389
2010-06-23,9053.64681
2010-06-24,9061.482629
2010-06-25,9071.189198
2010-06-28,9030.391442
2010-06-29,9061.050992
2010-06-30,9063.523755
2010-07-01,9053.341986
2010-07-02,9064.846988
2010-07-05,9062.860107
2010-07-06,9066.777963
2010-07-07,9078.363969
2010-07-08,9063.388626
2010-07-09,9044.330142
2010-07-12,9053.977092
2010-07-13,9056.042645
2010-07-14,9044.682358
2010-07-15,9036.092922
2010-07-16,9044.369231
2010-07-19,9061.418538
2010-07-20,9083.213952
2010-07-21,9060.731841
2010-07-22,9054.194553
2010-07-23,9047.220284
2010-07-26,9032.147552
2010-07-27,9015.767667
2010-07-28,9001.63947
2010-07-29,8968.184253
2010-07-30,8940.044519
2010-08-02,8940.105561
2010-08-03,8937.26647
2010-08-04,8957.276995
2010-08-05,8932.501517
2010-08-06,8942.896175
2010-08-09,8932.837848
2010-08-10,8958.866976
2010-08-11,8984.311616
2010-08-12,9018.209539
2010-08-13,8978.904602
2010-08-16,8981.099844
2010-08-17,8962.884914
2010-08-18,8965.628882
2010-08-19,8968.198816
2010-08-20,8969.01896
2010-08-23,8977.81801
2010-08-24,8985.46507
2010-08-25,8982.470467
2010-08-26,8982.935476
2010-08-27,9047.274443
2010-08-30,9018
2010-08-31,9047.176656
2010-09-01,8993.414063
2010-09-02,9007.434857
2010-09-03,9002.220664
2010-09-06,8989.171975
2010-09-07,9018.934401
2010-09-08,8993.52603
2010-09-09,8957.923712
2010-09-10,8946.090373
2010-09-13,8933.200531
2010-09-14,8964.521401
2010-09-15,8972.238048
2010-09-16,8961.026151
2010-09-17,8969.004594
2010-09-20,8977.810922
2010-09-21,8964.039634
2010-09-22,8947.029333
2010-09-23,8962.636043
2010-09-24,8954.831494
2010-09-27,8947.102471
2010-09-28,8955.995542
2010-09-29,8927.499816
2010-09-30,8919.57796
2010-10-01,8911.554714
2010-10-04,8936.913535
2010-10-05,8933.730044
2010-10-06,8918.605658
2010-10-07,8924.624195
2010-10-08,8932.564509
2010-10-11,8925.868255
2010-10-12,8938.914191
2010-10-13,8928.012609
2010-10-14,8917.658322
2010-10-15,8894.045
2010-10-18,8932.412205
2010-10-19,8937.181615
2010-10-20,8938.72015
2010-10-21,8932.948059
2010-10-22,8940.390412
2010-10-25,8898.453425
2010-10-26,8920.89563
2010-10-27,8940.41875
2010-10-28,8936.068413
2010-10-29,8936.919968
2010-11-01,8922.059457
2010-11-02,8925.139107
2010-11-03,8917.910661
2010-11-04,8889.18141
2010-11-05,8904.757171
2010-11-08,8907.178271
2010-11-09,8907.371818
2010-11-10,8891.532317
2010-11-11,8909.970803
2010-11-12,8923.988039
2010-11-15,8962.498165
2010-11-16,8960.72583
2010-11-17,9005.400193
2010-11-18,8942.404924
2010-11-19,8962.468919
2010-11-22,8933.868249
2010-11-23,8987.329579
2010-11-24,8966.159382
2010-11-25,8966.78928
2010-11-26,9013.217391
2010-11-29,9027.673817
2010-11-30,9051.461763
2010-12-01,9006.504003
2010-12-02,9013.356138
2010-12-03,9002.393175
2010-12-06,9023.990964
2010-12-07,9002.940956
2010-12-08,9024.212121
2010-12-09,9020.009081
2010-12-10,9021.035941
2010-12-13,9015.632773
2010-12-14,9009.646446
2010-12-15,9027.806886
2010-12-16,9037.838042
2010-12-17,9031.923077
2010-12-20,9040.84582
2010-12-21,9041.535538
2010-12-22,9042.381025
2010-12-23,9051.041029
2010-12-24,9040.400031
2010-12-27,9033.381547
2010-12-28,9017.756726
2010-12-29,9000.266443
2010-12-30,8985.813253
2010-12-31,8982.29307
2011-01-03,8974.895115
2011-01-04,8981.126593
2011-01-05,8977.673503
2011-01-06,8997.066687
2011-01-07,9029.588766
2011-01-10,9097.744711
2011-01-11,9079.718876
2011-01-12,9030.941186
2011-01-13,9066.921736
2011-01-14,9012.375459
2011-01-17,9079.317857
2011-01-18,9052.411936
2011-01-19,9054.398045
2011-01-20,9062.670724
2011-01-21,9060.905258
2011-01-24,9077.466657
2011-01-25,9051.088555
2011-01-26,9038.162415
2011-01-27,9034.215515
2011-01-28,9029.44566
2011-01-31,9057.391177
2011-02-01,9028.498728
2011-02-02,9028.769108
2011-02-03,9048.250273
2011-02-04,8957.992811
2011-02-07,8938.69254
2011-02-08,8914.851485
2011-02-09,8925.126401
2011-02-10,8942.899147
2011-02-11,8952.595386
2011-02-14,8912.894345
2011-02-15,8893.819393
2011-02-16,8888.815692
2011-02-17,8876.09882
2011-02-18,8854.098481
2011-02-21,8849.824407
2011-02-22,8876.395698
2011-02-23,8853.244483
2011-02-24,8871.988673
2011-02-25,8837.41462
2011-02-28,8816.322105
2011-03-01,8798.198915
2011-03-02,8814.374683
2011-03-03,8805.797834
2011-03-04,8802.486208
2011-03-07,8783.311948
2011-03-08,8786.962153
2011-03-09,8771.934233
2011-03-10,8782.528769
2011-03-11,8780.599724
2011-03-14,8762.188127
2011-03-15,8826.44771
2011-03-16,8775.600315
2011-03-17,8782.43359
2011-03-18,8771.309271
2011-03-21,8726.997323
2011-03-22,8713.419182
2011-03-23,8709.762309
2011-03-24,8702.845413
2011-03-25,8716.514346
2011-03-28,8717.153649
2011-03-29,8714.090715
2011-03-30,8735.805536
2011-03-31,8704.68783
2011-04-01,8701.131462
2011-04-04,8667.998596
2011-04-05,8655.922632
2011-04-06,8651.594406
2011-04-07,8672.659805
2011-04-08,8648.343865
2011-04-11,8653.013718
2011-04-12,8652.563925
2011-04-13,8656.841234
2011-04-14,8689.216027
2011-04-15,8664.546713
2011-04-18,8674.935201
2011-04-19,8685.925045
2011-04-20,8649.438512
2011-04-21,8628.976961
2011-04-26,8647.205309
2011-04-27,8625.443142
2011-04-28,8583.432473
2011-04-29,8565.444145
2011-05-02,8542.185078
2011-05-03,8552.67253
2011-05-04,8551.98226
2011-05-05,8594.700959
2011-05-06,8578.477346
2011-05-09,8559.435994
2011-05-10,8554.053489
2011-05-11,8522.873859
2011-05-12,8597.081891
2011-05-13,8555.7493
2011-05-16,8600.403026
2011-05-17,8576.211982
2011-05-18,8561.805019
2011-05-19,8553.158079
2011-05-20,8545.690806
2011-05-23,8590.563481
2011-05-24,8568.720278
2011-05-25,8594.697562
2011-05-26,8583.829757
2011-05-27,8569.617946
2011-05-30,8547.078195
2011-05-31,8542.912756
2011-06-01,8542.059967
2011-06-02,8542.704011
2011-06-03,8525.379625
2011-06-06,8517.819951
2011-06-07,8511.923287
2011-06-08,8511.918127
2011-06-09,8522.498974
2011-06-10,8520.592296
2011-06-13,8548.362826
2011-06-14,8536.710963
2011-06-15,8548.789533
2011-06-16,8607.651902
2011-06-17,8596.39103
2011-06-20,8617.808219
2011-06-21,8600.313087
2011-06-22,8597.381399
2011-06-23,8602.589361
2011-06-24,8602.559775
2011-06-27,8623.717001
2011-06-28,8628.742725
2011-06-29,8605.17851
2011-06-30,8577.741645
2011-07-01,8538.797626
2011-07-04,8523.275862
2011-07-05,8532.203859
2011-07-06,8548.868557
2011-07-07,8545.490279
2011-07-08,8519.351215
2011-07-11,8538.239898
2011-07-12,8581.509839
2011-07-13,8542.826689
2011-07-14,8537.50176
2011-07-15,8541.559451
2011-07-18,8561.310075
2011-07-19,8546.264124
2011-07-20,8538.19244
2011-07-21,8545.985094
2011-07-22,8527.086373
2011-07-25,8524.374131
2011-07-26,8506.882731
2011-07-27,8481.53122
2011-07-28,8502.8331
2011-07-29,8505.322581
2011-08-01,8458.633368
2011-08-02,8484.347212
2011-08-03,8477.951049
2011-08-04,8510.872162
2011-08-05,8577.647474
2011-08-08,8549.384886
2011-08-09,8587.607766
2011-08-10,8532.505046
2011-08-11,8558.799406
2011-08-12,8561.621053
2011-08-15,8539.856035
2011-08-16,8529.28273
2011-08-17,8516.584928
2011-08-18,8552.348806
2011-08-19,8564.935697
2011-08-22,8544.369666
2011-08-23,8543.44489
2011-08-24,8558.089101
2011-08-25,8595.68081
2011-08-26,8568.094709
2011-08-29,8547.38041
2011-08-30,8544.278572
2011-08-31,8529.847751
2011-09-01,8512.915646
2011-09-02,8531.609961
2011-09-05,8537.597338
2011-09-06,8559.17441
2011-09-07,8561.157025
2011-09-08,8561.649103
2011-09-09,8600.904683
2011-09-12,8621.441125
2011-09-13,8707.629168
2011-09-14,8783.560347
2011-09-15,8786.54585
2011-09-16,8777.180233
2011-09-19,8960.032256
2011-09-20,8902.173596
2011-09-21,9077.698739
2011-09-22,9106.558596
2011-09-23,9072.509308
2011-09-26,9088.318519
2011-09-27,8952.146697
2011-09-28,8967.992077
2011-09-29,8945.868527
2011-09-30,9074.998149
2011-10-03,8897.006078
2011-10-04,8901.289735
2011-10-05,8910.332159
2011-10-06,8922.352853
2011-10-07,8893.977966
2011-10-10,8919.605679
2011-10-11,8936.42243
2011-10-12,8906.10199
2011-10-13,8872.616012
2011-10-14,8857.362208
2011-10-17,8817.603078
2011-10-18,8819.325826
2011-10-19,8799.407
2011-10-20,8822.763815
2011-10-21,8862.182925
2011-10-24,8849.20612
2011-10-25,8846.953585
2011-10-26,8874.63919
2011-10-27,8820.066961
2011-10-28,8791.172316
2011-10-31,8854.5961
2011-11-01,8895.171351
2011-11-02,8930.328047
2011-11-03,8967.675888
2011-11-04,8950.976548
2011-11-07,8960.107699
2011-11-08,8925.232086
2011-11-09,8909.044231
2011-11-10,8969.675382
2011-11-11,8963.604396
2011-11-14,8964.902262
2011-11-15,8993.999409
2011-11-16,9023.961732
2011-11-17,9015.007418
2011-11-18,9019.342958
2011-11-21,9023.09407
2011-11-22,9052.005911
2011-11-23,9047.807575
2011-11-24,9183.384431
2011-11-25,9066.981631
2011-11-28,9127.532215
2011-11-29,9156.711158
2011-11-30,9111.022507
2011-12-01,8995.330566
2011-12-02,9005.477019
2011-12-05,9033.001042
2011-12-06,9052.404062
2011-12-07,9031.314944
2011-12-08,8997.009694
2011-12-09,9044.523311
2011-12-12,9046.660629
2011-12-13,9108.019118
2011-12-14,9200.215501
2011-12-15,9110.354098
2011-12-16,9036.313533
2011-12-19,9069.046706
2011-12-20,9085.727398
2011-12-21,9070.959093
2011-12-22,9059.998467
2011-12-23,9055.732557
2011-12-27,9204.682837
2011-12-28,9198.592627
2011-12-29,9202.824114
2011-12-30,9066.751681
2012-01-02,9079.242366
2012-01-03,9234.439834
2012-01-04,9147.474513
2012-01-05,9196.438591
2012-01-06,9105.001565
2012-01-09,9148.357951
2012-01-10,9152.318863
2012-01-11,9160.206007
2012-01-12,9172.338254
2012-01-13,9161.811918
2012-01-16,9200.110506
2012-01-17,9105.355747
2012-01-18,9052.123763
2012-01-19,8977.251956
2012-01-20,8945.783599
2012-01-23,8945.5174
2012-01-24,9002.807045
2012-01-25,8891.716891
2012-01-26,8958.379612
2012-01-27,8983.895017
2012-01-30,9029.633867
2012-01-31,8982.665452
2012-02-01,8977.973435
2012-02-02,8955.2925
2012-02-03,8970.866261
2012-02-06,8985.03297
2012-02-07,8992.503622
2012-02-08,8883.335845
2012-02-09,8922.102649
2012-02-10,8983.706119
2012-02-13,8998.664554
2012-02-14,9003.288025
2012-02-15,8997.234953
2012-02-16,9013.433986
2012-02-17,9034.265522
2012-02-20,8996.359114
2012-02-21,8991.226743
2012-02-22,9052.71353
2012-02-23,9061.338346
2012-02-24,9148.814494
2012-02-27,9147.00478
2012-02-28,9027.805857
2012-02-29,9044.498996
2012-03-01,9087.319712
2012-03-02,9094.348188
2012-03-05,9129.757943
2012-03-06,9184.421805
2012-03-07,9175
2012-03-08,9136.036852
2012-03-09,9133.348495
2012-03-12,9155.293849
2012-03-13,9174.052233
2012-03-14,9169.652427
2012-03-15,9171.348702
2012-03-16,9146.874047
2012-03-19,9124.34981
2012-03-20,9155.735718
2012-03-21,9155.00189
2012-03-22,9169.355206
2012-03-23,9158.420178
2012-03-26,9177.726725
2012-03-27,9156.656416
2012-03-28,9172.032691
2012-03-29,9165.453586
2012-03-30,9168.343816
2012-04-02,9141.031609
2012-04-03,9138.347728
2012-04-04,9153.743722
2012-04-05,9141.352923
2012-04-10,9161.445783
2012-04-11,9155.349935
2012-04-12,9165.437543
2012-04-13,9138.568604
2012-04-16,9173.610258
2012-04-17,9177.429181
2012-04-18,9179.561598
2012-04-19,9181.002598
2012-04-20,9179.017586
2012-04-23,9185.294342
2012-04-24,9190.46425
2012-04-25,9200.333182
2012-04-26,9187.045025
2012-04-27,9185.698088
2012-04-30,9186.574845
2012-05-02,9203.655472
2012-05-03,9250.918235
2012-05-04,9222.151995
2012-05-07,9207.94138
2012-05-08,9215.040307
2012-05-09,9229.003861
2012-05-10,9223.346964
2012-05-11,9188.35754
2012-05-14,9248.075877
2012-05-15,9263.559916
2012-05-16,9242.000314
2012-05-17,9243.825895
2012-05-18,9361.764012
2012-05-21,9302.909804
2012-05-22,9275.587406
2012-05-23,9311.63599
2012-05-24,9419.996815
2012-05-25,9522.700462
2012-05-28,9401.97358
2012-05-29,9491.791104
2012-05-30,9628.798842
2012-05-31,9526.80803
2012-06-01,9513.236488
2012-06-04,9431.945003
2012-06-05,9441.588221
2012-06-06,9380.849019
2012-06-07,9419.698293
2012-06-08,9469.618223
2012-06-11,9436.599171
2012-06-12,9422.270253
2012-06-13,9434.47423
2012-06-14,9437.064776
2012-06-15,9418.569387
2012-06-18,9410.603899
2012-06-19,9426.745384
2012-06-20,9443.805101
2012-06-21,9458.224152
2012-06-22,9452.436398
2012-06-25,9478.379244
2012-06-26,9476.152305
2012-06-27,9473.377144
2012-06-28,9472.145273
2012-06-29,9434.876886
2012-07-02,9387.30247
2012-07-03,9378.998012
2012-07-04,9354.116242
2012-07-05,9367.382907
2012-07-06,9436.381999
2012-07-09,9421.963719
2012-07-10,9432.608873
2012-07-11,9428.156607
2012-07-12,9471.005091
2012-07-13,9477.16865
2012-07-16,9469.171389
2012-07-17,9450.346063
2012-07-18,9471.186856
2012-07-19,9446.976479
2012-07-20,9458.942623
2012-07-23,9480.39653
2012-07-24,9488.171065
2012-07-25,9495.022252
2012-07-26,9479.918434
2012-07-27,9466.615247
2012-07-30,9465.384615
2012-07-31,9448.54282
2012-08-01,9447.267848
2012-08-02,9465.964685
2012-08-03,9471.122907
2012-08-06,9468.301155
2012-08-07,9464.771631
2012-08-08,9472.916667
2012-08-09,9472.457524
2012-08-10,9486.503017
2012-08-13,9490.234217
2012-08-14,9489.847798
2012-08-15,9505.38449
2012-08-16,9496.196759
2012-08-17,9506.622356
2012-08-20,9501.219512
2012-08-21,9490.328291
2012-08-22,9500.811375
2012-08-23,9484.249522
2012-08-24,9513.560406
2012-08-27,9521.005587
2012-08-28,9537.137392
2012-08-29,9554.507772
2012-08-30,9561.51148
2012-08-31,9549.195147
2012-09-03,9553.82718
2012-09-04,9573.622705
2012-09-05,9579.066624
2012-09-06,9568.808356
2012-09-07,9577.042342
2012-09-10,9571.109894
2012-09-11,9571.877688
2012-09-12,9571.487283
2012-09-13,9585.855926
2012-09-14,9505.360825
2012-09-17,9467.178664
2012-09-18,9506.365865
2012-09-19,9542.647285
2012-09-20,9549.405589
2012-09-21,9555.181706
2012-09-24,9562.890988
2012-09-25,9577.907516
2012-09-26,9594.877384
2012-09-27,9581.73062
2012-09-28,9575.297757
2012-10-01,9579.078978
2012-10-02,9581.113689
2012-10-03,9589.855859
2012-10-04,9589.074203
2012-10-05,9589.26319
2012-10-08,9598.850131
2012-10-09,9608.152552
2012-10-10,9609.116301
2012-10-11,9590.741601
2012-10-12,9590.408635
2012-10-15,9602.413075
2012-10-16,9593.630231
2012-10-17,9586.478659
2012-10-18,9604.680592
2012-10-19,9609.635596
2012-10-22,9609.3317
2012-10-23,9615.632449
2012-10-24,9610.36934
2012-10-25,9607.373201
2012-10-26,9644.267121
2012-10-29,9606.117227
2012-10-30,9615.113408
2012-10-31,9606.372662
2012-11-01,9622.597303
2012-11-02,9624.980545
2012-11-05,9624.849339
2012-11-06,9619.476563
2012-11-07,9612.380355
2012-11-08,9628.627513
2012-11-09,9628.139278
2012-11-12,9614.338437
2012-11-13,9628.150599
2012-11-14,9625.585416
2012-11-15,9623.871119
2012-11-16,9629.282071
2012-11-19,9628.866949
2012-11-20,9636.763213
2012-11-21,9634.627099
2012-11-22,9636.120375
2012-11-23,9623.371291
2012-11-26,9620.996606
2012-11-27,9601.373351
2012-11-28,9621.635249
2012-11-29,9612.367246
2012-11-30,9603.33436
2012-12-03,9600.130198
2012-12-04,9609.631836
2012-12-05,9630.317643
2012-12-06,9632.642289
2012-12-07,9622.611391
2012-12-10,9630.935808
2012-12-11,9635.372893
2012-12-12,9630.996933
2012-12-13,9634.182152
2012-12-14,9639.186607
2012-12-17,9640.364742
2012-12-18,9643.124905
2012-12-19,9649.819576
2012-12-20,9653.185867
2012-12-21,9658.634265
2012-12-24,9655.666515
2012-12-27,9664.126338
2012-12-28,9637.631799
2012-12-31,9636.175534
2013-01-02,9767.68964
2013-01-03,9653.961227
2013-01-04,9659.998463
2013-01-07,9667.367129
2013-01-08,9670.701513
2013-01-09,9660.370711
2013-01-10,9661.107298
2013-01-11,9635.091156
2013-01-14,9636.361592
2013-01-15,9645.291513
2013-01-16,9655.916246
2013-01-17,9649.640934
2013-01-18,9630.133594
2013-01-21,9616.640396
2013-01-22,9629.638808
2013-01-23,9627.08177
2013-01-24,9624.646041
2013-01-25,9651.280719
2013-01-28,9678.362095
2013-01-29,9680.07891
2013-01-30,9747.441105
2013-01-31,9698.361624
2013-02-01,9712.35708
2013-02-04,9675.929752
2013-02-05,9673.177218
2013-02-06,9704.638603
2013-02-07,9703.639451
2013-02-08,9669.567818
2013-02-11,9610.925248
2013-02-12,9644.64206
2013-02-13,9645.318991
2013-02-14,9659.638328
2013-02-15,9670.018762
2013-02-18,9678.752247
2013-02-19,9705.685819
2013-02-20,9679.087509
2013-02-21,9712.581526
2013-02-22,9706.999848
2013-02-25,9705.006013
2013-02-26,9707.662308
2013-02-27,9693.372528
2013-02-28,9674.857186
2013-03-01,9693.115385
2013-03-04,9715.114938
2013-03-05,9699.815866
2013-03-06,9696.171845
2013-03-07,9694.419677
2013-03-08,9683.781513
2013-03-11,9694.62829
2013-03-12,9688.630966
2013-03-13,9691.110084
2013-03-14,9703.625261
2013-03-15,9706.113404
2013-03-18,9712.452626
2013-03-19,9718.912237
2013-03-20,9724.704519
2013-03-21,9739.132455
2013-03-22,9754.131912
2013-03-25,9740.378817
2013-03-26,9736.132494
2013-03-27,9733.717105
2013-03-28,9721.171417
2013-04-02,9739.205607
2013-04-03,9747.591207
2013-04-04,9757.622094
2013-04-05,9745.913164
2013-04-08,9747.124319
2013-04-09,9722.116564
2013-04-10,9688.629069
2013-04-11,9709.48243
2013-04-12,9707.722954
2013-04-15,9718.370155
2013-04-16,9719.52167
2013-04-17,9711.927793
2013-04-18,9717.11767
2013-04-19,9708.486466
2013-04-22,9716.867377
2013-04-23,9724.788299
2013-04-24,9716.869137
2013-04-25,9716.888379
2013-04-26,9719.993846
2013-04-29,9718.39396
2013-04-30,9719.476744
2013-05-02,9737.184444
2013-05-03,9741.22312
2013-05-06,9734.00473
2013-05-07,9736.03418
2013-05-08,9729.333841
2013-05-09,9725.110333
2013-05-10,9736.603018
2013-05-13,9739.219918
2013-05-14,9741.850967
2013-05-15,9755.309391
2013-05-16,9758.138092
2013-05-17,9755.948403
2013-05-20,9762.763557
2013-05-21,9762.272657
2013-05-22,9764.8611
2013-05-23,9783.27126
2013-05-24,9796.135714
2013-05-27,9796.931757
2013-05-28,9800.347813
2013-05-29,9801.621371
2013-05-30,9812.005562
2013-05-31,9797.378133
2013-06-03,9804.720172
2013-06-04,9804.873205
2013-06-05,9806.129946
2013-06-06,9794.12258
2013-06-07,9802.413273
2013-06-10,9961.988038
2013-06-11,9823.408423
2013-06-12,9859.629434
2013-06-13,9880.368006
2013-06-14,9877.110426
2013-06-17,9886.631176
2013-06-18,9904.628383
2013-06-19,9907.630912
2013-06-20,9924.378788
2013-06-21,9930.379363
2013-06-24,9932.14122
2013-06-25,9927.866606
2013-06-26,9963.912776
2013-06-27,9926.381215
2013-06-28,9923.860856
2013-07-01,9953.493902
2013-07-02,9934.385803
2013-07-03,9940.15742
2013-07-04,9940.380468
2013-07-05,9975.316308
2013-07-08,9956.163424
2013-07-09,9957.385082
2013-07-10,9965.386717
2013-07-11,9967.379638
2013-07-12,9990.616848
2013-07-15,10017.153397
2013-07-16,10122.289983
2013-07-17,10043.201888
2013-07-18,10125.609104
2013-07-19,10077.581346
2013-07-22,10064.848853
2013-07-23,10224.051593
2013-07-24,10280.348785
2013-07-25,10272.90562
2013-07-26,10275.384615
2013-07-29,10269.231349
2013-07-30,10273.885878
2013-07-31,10261.06968
2013-08-01,10279.608643
2013-08-02,10286.730289
2013-08-05,10285.388851
2013-08-06,10283.840361
2013-08-07,10284.614806
2013-08-08,10287.387725
2013-08-09,10279.383833
2013-08-12,10299.164157
2013-08-13,10301.143717
2013-08-14,10320.614664
2013-08-15,10403.391742
2013-08-16,10505.397301
2013-08-19,10559.607314
2013-08-20,10728.599164
2013-08-21,10837.201136
2013-08-22,11137.581626
2013-08-23,11024.934481
2013-08-26,11124.998129
2013-08-27,11331.429
2013-08-28,11210.002248
2013-08-29,11149.623097
2013-08-30,11272.021156
2013-09-02,11386.386007
2013-09-03,11456.56696
2013-09-04,11452.000607
2013-09-05,11604.703833
2013-09-06,11558.618587
2013-09-09,11458.215856
2013-09-10,11310.279456
2013-09-11,11342.282183
2013-09-12,11166.215199
2013-09-13,11223.422339
2013-09-16,11122.123231
2013-09-17,11182.419886
2013-09-18,11086.908328
2013-09-19,10858.287191
2013-09-20,11080.412905
2013-09-23,11164.576547
2013-09-24,11244.704223
2013-09-25,11476.273697
2013-09-26,11241.417883
2013-09-27,11327.916082
2013-09-30,11421.895594
2013-10-01,11354.66283
2013-10-02,11324.580096
2013-10-03,11301.088716
2013-10-04,11242.411535
2013-10-07,11218.589744
2013-10-08,11161.638185
2013-10-09,11149.411765
2013-10-10,11127.00266
2013-10-11,10902.793749
2013-10-14,10920.598643
2013-10-15,10939.457496
2013-10-16,10987.478799
2013-10-17,10859.003074
2013-10-18,11328.756212
2013-10-21,10876.000585
2013-10-22,10836.587685
2013-10-23,10967.001163
2013-10-24,10837.783412
2013-10-25,11014.763737
2013-10-28,11052.437609
2013-10-29,11102.622022
2013-10-30,11106.208651
2013-10-31,11271.417052
2013-11-01,11335.209182
2013-11-04,11354.620169
2013-11-05,11354.075886
2013-11-06,11282.414737
2013-11-07,11394.388328
2013-11-08,11409.150473
2013-11-11,11560.00448
2013-11-12,11516.289458
2013-11-13,11419.932911
2013-11-14,11394.63382
2013-11-15,11620
2013-11-18,11632.573796
2013-11-19,11597.496667
2013-11-20,11511.066755
2013-11-21,11702.501485
2013-11-22,11473.198698
2013-11-25,11749.304425
2013-11-26,11762.973352
2013-11-27,11796.432774
2013-11-28,11790.126545
2013-11-29,11740.908089
2013-12-02,11769.998522
2013-12-03,11743.297982
2013-12-04,11900.316363
2013-12-05,11950.706194
2013-12-06,11930.43701
2013-12-09,11835.228101
2013-12-10,11906.196364
2013-12-11,11912.362897
2013-12-12,12048.174229
2013-12-13,12017.316238
2013-12-16,11982.876016
2013-12-17,11979.998545
2013-12-18,12069.881446
2013-12-19,12091.44655
2013-12-20,12194.375687
2013-12-23,12120.559042
2013-12-24,12147.339959
2013-12-27,12183.791805
2013-12-30,12217.31118
2013-12-31,12156.319339
2014-01-02,12152.547957
2014-01-03,12126.448584
2014-01-06,12164.556683
2014-01-07,12045.458544
2014-01-08,12043.217596
2014-01-09,12190.001469
2014-01-10,12015.75035
2014-01-13,11833.741028
2014-01-14,11845.474501
2014-01-15,12085.043363
2014-01-16,12121.06347
2014-01-17,12092.896054
2014-01-20,12093.822792
2014-01-21,12135.014047
2014-01-22,12142.319033
2014-01-23,12165.224723
2014-01-24,12162.446117
2014-01-27,12166.334749
2014-01-28,12142.44267
2014-01-29,12160.758377
2014-01-30,12193.450715
2014-01-31,12181.547795
2014-02-03,12239.954067
2014-02-04,12202.773874
2014-02-05,12151.502621
2014-02-06,12192.404594
2014-02-07,12161.138942
2014-02-10,12172.811263
2014-02-11,12144.83036
2014-02-12,12083.887129
2014-02-13,11984.914077
2014-02-14,11825.001824
2014-02-17,11784.998905
2014-02-18,11844.70177
2014-02-19,11752.280829
2014-02-20,11803.648037
2014-02-21,11743.999416
2014-02-24,11644.746997
2014-02-25,11642.976589
2014-02-26,11615.117296
2014-02-27,11665.553603
2014-02-28,11611.416781
2014-03-03,11598.997676
2014-03-04,11589.998547
2014-03-05,11586.462278
2014-03-06,11453.08112
2014-03-07,11387.231899
2014-03-10,11423.233196
2014-03-11,11444.238267
2014-03-12,11469.41024
2014-03-13,11395.359346
2014-03-14,11330.409104
2014-03-17,11292.132892
2014-03-18,11306.819163
2014-03-19,11313.598792
2014-03-20,11495.414911
2014-03-21,11423.584906
2014-03-24,11381.283578
2014-03-25,11412.415694
2014-03-26,11411.036183
2014-03-27,11415.242041
2014-03-28,11343.586016
2014-03-31,11360.001451
2014-04-01,11309.050036
2014-04-02,11292.497282
2014-04-03,11315.234914
2014-04-04,11321.788321
2014-04-07,11302.419296
2014-04-08,11287.411064
2014-04-09,11350.413223
2014-04-10,11415.590971
2014-04-11,11439.237313
2014-04-14,11437.412309
2014-04-15,11425.335072
2014-04-16,11437.290462
2014-04-17,11420.079394
2014-04-22,11531.58428
2014-04-23,11631.205725
2014-04-24,11609.261939
2014-04-25,11574.578845
2014-04-28,11587.922949
2014-04-29,11549.161001
2014-04-30,11560.33935
2014-05-02,11508.072428
2014-05-05,11518.04094
2014-05-06,11515.969882
2014-05-07,11574.912041
2014-05-08,11539.066867
2014-05-09,11494.913286
2014-05-12,11520.879041
2014-05-13,11518.375538
2014-05-14,11420.41694
2014-05-15,11420.623765
2014-05-16,11390.245327
2014-05-19,11415.58148
2014-05-20,11464.421252
2014-05-21,11508.547821
2014-05-22,11528.167984
2014-05-23,11612.44314
2014-05-26,11578.621195
2014-05-27,11595.424549
2014-05-28,11637.999706
2014-05-29,11618.75551
2014-05-30,11705.15176
2014-06-02,11774.043053
2014-06-03,11802.433126
2014-06-04,11887.157848
2014-06-05,11827.434215
2014-06-06,11831.520305
2014-06-09,11777.689594
2014-06-10,11806.48114
2014-06-11,11811.389976
2014-06-12,11787.115612
2014-06-13,11794.458401
2014-06-16,11823.115578
2014-06-17,11893.587854
2014-06-18,11982.444887
2014-06-19,11933.942731
2014-06-20,11971.415955
2014-06-23,11986.694616
2014-06-24,11990.534587
2014-06-25,12088.204187
2014-06-26,12104.556813
2014-06-27,12018.325991
2014-06-30,11896.434324
2014-07-01,11873.129749
2014-07-02,11916.227299
2014-07-03,11929.312619
2014-07-04,11842.434501
2014-07-07,11710.300177
2014-07-08,11628.287586
2014-07-09,11626.85437
2014-07-10,11580.116142
2014-07-11,11589.790364
2014-07-14,11670.573127
2014-07-15,11747.109381
2014-07-16,11700.169967
2014-07-17,11681.804067
2014-07-18,11620.613678
2014-07-21,11544.570203
2014-07-22,11594.992953
2014-07-23,11491.429632
2014-07-24,11568.623812
2014-07-25,11578.705357
2014-07-28,11576.16318
2014-07-29,11593.298086
2014-07-30,11575.210805
2014-07-31,11578.279393
2014-08-01,11812.206047
2014-08-04,11758.947996
2014-08-05,11709.438051
2014-08-06,11801.641064
2014-08-07,11796.237283
2014-08-08,11776.538691
2014-08-11,11709.562229
2014-08-12,11686.160647
2014-08-13,11692.971557
2014-08-14,11674.986914
2014-08-15,11684.560801
2014-08-18,11685.631024
2014-08-19,11679.002546
2014-08-20,11717.32159
2014-08-21,11687.181421
2014-08-22,11678.66134
2014-08-25,11714.227273
2014-08-26,11698.446028
2014-08-27,11679.099947
2014-08-28,11716.444073
2014-08-29,11705.800728
2014-09-01,11718.845656
2014-09-02,11747.914602
2014-09-03,11765.386663
2014-09-04,11771.648098
2014-09-05,11758.317887
2014-09-08,11724.901522
2014-09-09,11797.3725
2014-09-10,11814.997293
2014-09-11,11854.293007
2014-09-12,11835.287294
2014-09-15,11957.540082
2014-09-16,11956.923315
2014-09-17,11967.922198
2014-09-18,12024.463953
2014-09-19,11964.106754
2014-09-22,11987.792916
2014-09-23,11962.395284
2014-09-24,11959.465149
2014-09-25,11992.47168
2014-09-26,12051.476594
2014-09-29,12175.482245
2014-09-30,12212.485099
2014-10-01,12146.449258
2014-10-02,12150.47898
2014-10-03,12197.85986
2014-10-06,12189.54238
2014-10-07,12235.488221
2014-10-08,12250.486358
2014-10-09,12164.522448
2014-10-10,12236.271562
2014-10-13,12193.485291
2014-10-14,12216.487427
2014-10-15,12224.451287
2014-10-16,12278.555181
2014-10-17,12089.526632
2014-10-20,12015.415329
2014-10-21,11995.353393
2014-10-22,12003.364059
2014-10-23,12043.428842
2014-10-24,12075.527293
2014-10-27,12126.524174
2014-10-28,12125.478506
2014-10-29,12095.375677
2014-10-30,12149.515796
2014-10-31,12112.488023
2014-11-03,12126.486833
2014-11-04,12114.519738
2014-11-05,12198.509615
2014-11-06,12152.512583
2014-11-07,12196.506092
2014-11-10,12174.995996
2014-11-11,12223.510947
2014-11-12,12184.567258
2014-11-13,12189.466924
2014-11-14,12228.489868
2014-11-17,12196.462868
2014-11-18,12113.480901
2014-11-19,12159.425608
2014-11-20,12149.485605
2014-11-21,12078.489776
2014-11-24,12141.490733
2014-11-25,12156.479395
2014-11-26,12179.486974
2014-11-27,12167.435897
2014-11-28,12244.436434
2014-12-01,12284.489534
2014-12-02,12292.49839
2014-12-03,12300.494688
2014-12-04,12312.501015
2014-12-05,12312.497978
2014-12-08,12362.514276
2014-12-09,12346.503355
2014-12-10,12345.505165
2014-12-11,12378.500161
2014-12-12,12513.51004
2014-12-15,12854.482537
2014-12-16,12877.514557
2014-12-17,12659.575835
2014-12-18,12568.579569
2014-12-19,12423.527975
2014-12-22,12444.359246
2014-12-23,12450.51175
2014-12-24,12451.509944
2014-12-29,12403.525457
2014-12-30,12417.491776
2014-12-31,12417.510913
2015-01-02,12516.000996
2015-01-05,12612.412925
2015-01-06,12668.339768
2015-01-07,12713.76046
2015-01-08,12642.241672
2015-01-09,12634.673665
2015-01-12,12604.998306
2015-01-13,12597.606518
2015-01-14,12622.717622
2015-01-15,12533.882815
2015-01-16,12583.629617
2015-01-19,12618.000862
2015-01-20,12553.622938
2015-01-21,12494.772708
2015-01-22,12464.684111
2015-01-23,12480.246473
2015-01-26,12493.445393
2015-01-27,12483.654697
2015-01-28,12507.554654
2015-01-29,12619.328325
2015-01-30,12686.510394
2015-02-02,12706.312997
2015-02-03,12621.668425
2015-02-04,12640.555653
2015-02-05,12611.551271
2015-02-06,12606.41216
2015-02-09,12666.563193
2015-02-10,12697.813579
2015-02-11,12825.004419
2015-02-12,12816.710805
2015-02-13,12798.559002
2015-02-16,12731.670757
2015-02-17,12768.103373
2015-02-18,12879.774886
2015-02-19,12854.20216
2015-02-20,12843.175783
2015-02-23,12928.916622
2015-02-24,12919.438559
2015-02-25,12882.980786
2015-02-26,12846.001591
2015-02-27,12950.142349
2015-03-02,12970.000891
2015-03-03,12995.173711
2015-03-04,12995.001798
2015-03-05,12975.941819
2015-03-06,12936.595822
2015-03-09,13068.600368
2015-03-10,13094.002608
2015-03-11,13176.054074
2015-03-12,13135.993593
2015-03-13,13213.999243
2015-03-16,13240.693379
2015-03-17,13162.012224
2015-03-18,13176.812689
2015-03-19,13048.627892
2015-03-20,13060.811062
2015-03-23,12984.503299
2015-03-24,12922.767123
2015-03-25,12965.489304
2015-03-26,13036.161487
2015-03-27,13023.682756
2015-03-30,13068.427847
2015-03-31,13062.347802
2015-04-01,13037.480242
2015-04-02,13001.440443
2015-04-07,12991.398543
2015-04-08,12941.401215
2015-04-09,12891.228884
2015-04-10,12928.410596
2015-04-13,13005.145944
2015-04-14,12978.123817
2015-04-15,12937.801304
2015-04-16,12845.14051
2015-04-17,12796.994637
2015-04-20,12907.302061
2015-04-21,12958.299065
2015-04-22,12887.666387
2015-04-23,12947.901968
2015-04-24,12954.00037
2015-04-27,12990.001848
2015-04-28,12948.677588
2015-04-29,12918.360298
2015-04-30,12971.654035
2015-05-04,13021.870517
2015-05-05,13066.94252
2015-05-06,13056.260018
2015-05-07,13139.274657
2015-05-08,13124.650209
2015-05-11,13146.024053
2015-05-12,13208.417119
2015-05-13,13121.343909
2015-05-14,13040.940538
2015-05-15,13133.933616
2015-05-18,13142.426903
2015-05-19,13139.946333
2015-05-20,13140.771722
2015-05-21,13132.237492
2015-05-22,13148.943031
2015-05-25,13182.182547
2015-05-26,13212.703643
2015-05-27,13220.54681
2015-05-28,13198.393906
2015-05-29,13229.024613
2015-06-01,13198.190789
2015-06-02,13211.397225
2015-06-03,13244.970361
2015-06-04,13296.589202
2015-06-05,13293.367802
2015-06-08,13349.471421
2015-06-09,13332.002845
2015-06-10,13285.415374
2015-06-11,13306.650641
2015-06-12,13325.338681
2015-06-15,13329.657693
2015-06-16,13344.003567
2015-06-17,13345.039454
2015-06-18,13308.821466
2015-06-19,13320.00177
2015-06-22,13292.992508
2015-06-23,13279.998215
2015-06-24,13303.692143
2015-06-25,13312.653935
2015-06-26,13323.968934
2015-06-29,13355.196263
2015-06-30,13350.996514
2015-07-01,13342.963964
2015-07-02,13331.104283
2015-07-03,13331.416727
2015-07-06,13353.997093
2015-07-07,13335.303266
2015-07-08,13357.728592
2015-07-09,13323.810385
2015-07-10,13286.964685
2015-07-13,13299.194497
2015-07-14,13331.601849
2015-07-15,13336.315742
2015-07-16,13387.512653
2015-07-17,13342.8414
2015-07-20,13417.858459
2015-07-21,13375.614245
2015-07-22,13411.419923
2015-07-23,13417.692518
2015-07-24,13476.844318
2015-07-27,13496.60879
2015-07-28,13445.487528
2015-07-29,13464.052584
2015-07-30,13490.616157
2015-07-31,13555.475517
2015-08-03,13505.789426
2015-08-04,13478.838968
2015-08-05,13514.132133
2015-08-06,13527.377124
2015-08-07,13535.618316
2015-08-10,13525.145985
2015-08-11,13634.997739
2015-08-12,13747.055132
2015-08-13,13834.62958
2015-08-14,13774.773968
2015-08-17,13867.873874
2015-08-18,13813.625678
2015-08-19,13842.369351
2015-08-20,13909.380309
2015-08-21,13939.615282
2015-08-24,14048.847525
2015-08-25,14033.095776
2015-08-26,14107.62147
2015-08-27,13998.741581
2015-08-28,14017.350018
2015-08-31,14060.891663
2015-09-01,14111.881452
2015-09-02,14144.913372
2015-09-03,14205.21863
2015-09-04,14174.63638
2015-09-07,14308.926969
2015-09-08,14276.034761
2015-09-09,14246.637939
2015-09-10,14298.19401
2015-09-11,14300.905218
2015-09-14,14340.902256
2015-09-15,14422.217314
2015-09-16,14431.777699
2015-09-17,14479.358204
2015-09-18,14361.888081
2015-09-21,14471.36
2015-09-22,14573.957866
2015-09-23,14616.502242
2015-09-24,14753.224802
2015-09-25,14654.972648
2015-09-28,14699.955237
2015-09-29,14675.34809
2015-09-30,14592.350263
2015-10-01,14668.976957
2015-10-02,14651.111111
2015-10-05,14422.356711
2015-10-06,14228.866714
2015-10-07,13751.171667
2015-10-08,13878.727564
2015-10-09,13506.864989
2015-10-12,13439.86635
2015-10-13,13637.796729
2015-10-14,13614.408414
2015-10-15,13453.41376
2015-10-16,13520.985915
2015-10-19,13623.647754
2015-10-20,13686.292095
2015-10-21,13748.555575
2015-10-22,13614.531954
2015-10-23,13585.077589
2015-10-26,13613.622741
2015-10-27,13650.709701
2015-10-28,13535.390167
2015-10-29,13680.896615
2015-10-30,13679.459018
2015-11-02,13653.226976
2015-11-03,13608.491254
2015-11-04,13483.603109
2015-11-05,13554.865386
2015-11-06,13549.116348
2015-11-09,13650.733111
2015-11-10,13632.135188
2015-11-11,13579.059351
2015-11-12,13626.636211
2015-11-13,13716.155704
2015-11-16,13780.033573
2015-11-17,13726.569822
2015-11-18,13825.67973
2015-11-19,13768.297932
2015-11-20,13594.236527
2015-11-23,13679.729094
2015-11-24,13724.692517
2015-11-25,13688.768184
2015-11-26,13766.943083
2015-11-27,13826.654064
2015-11-30,13843.869931
2015-12-01,13813.198113
2015-12-02,13801.451187
2015-12-03,13806.99091
2015-12-04,13845.973216
2015-12-07,13845.184568
2015-12-08,14068.193103
2015-12-09,14040.626999
2015-12-10,13946.906698
2015-12-11,14101.643836
2015-12-14,14136.829646
2015-12-15,14033.794359
2015-12-16,13987.944754
2015-12-17,14025.357439
2015-12-18,13931.432263
2015-12-21,13813.937443
2015-12-22,13662.3813
2015-12-23,13662.385489
2015-12-24,13631.625103
2015-12-28,13653.867907
2015-12-29,13723.392988
2015-12-30,13803.157606
2015-12-31,13814.63213
2016-01-04,13942.585796
2016-01-05,13846.528941
2016-01-06,13953.546826
2016-01-07,13930.051527
2016-01-08,13913.359727
2016-01-11,13846.82219
2016-01-12,13811.000369
2016-01-13,13820.247781
2016-01-14,13912.659506
2016-01-15,13989.472237
2016-01-18,13921.639736
2016-01-19,13810.774752
2016-01-20,13961.859356
2016-01-21,13908.005141
2016-01-22,13834.752036
2016-01-25,13855.894591
2016-01-26,13845.861401
2016-01-27,13860.148788
2016-01-28,13864.275887
2016-01-29,13706.630037
2016-02-01,13640.251746
2016-02-02,13687.25158
2016-02-03,13755.327906
2016-02-04,13626.592897
2016-02-05,13548.812712
2016-02-08,13673.380777
2016-02-09,13623.549306
2016-02-10,13446.504397
2016-02-11,13471.745836
2016-02-12,13491.388027
2016-02-15,13370.214669
2016-02-16,13431.730253
2016-02-17,13487.059986
2016-02-18,13488.948033
2016-02-19,13507.606345
2016-02-22,13445.19318
2016-02-23,13394.391929
2016-02-24,13447.172389
2016-02-25,13410.501496
2016-02-26,13369.998183
2016-02-29,13371.996694
2016-03-01,13337.012509
2016-03-02,13306.162491
2016-03-03,13234.996789
2016-03-04,13135.004558
2016-03-07,13090.002739
2016-03-08,13142.999637
2016-03-09,13170.755491
2016-03-10,13049.820392
2016-03-11,13060.982867
2016-03-14,13044.76122
2016-03-15,13177.495724
2016-03-16,13267.498192
2016-03-17,13039.996464
2016-03-18,13081.026687
2016-03-21,13197.418153
2016-03-22,13175.99893
2016-03-23,13213.561901
2016-03-24,13252.501345
2016-03-29,13361.765231
2016-03-30,13249.841046
2016-03-31,13197.048748
2016-04-01,13127.659202
2016-04-04,13147.407733
2016-04-05,13227.579836
2016-04-06,13254.296048
2016-04-07,13159.99648
2016-04-08,13144.99692
2016-04-11,13130.816506
2016-04-12,13090.41769
2016-04-13,13159.116658
2016-04-14,13192.605759
2016-04-15,13171.455158
2016-04-18,13170.838493
2016-04-19,13099.003791
2016-04-20,13158.994639
2016-04-21,13125.002202
2016-04-22,13203.471544
2016-04-25,13196.324574
2016-04-26,13216.585452
2016-04-27,13195.992214
2016-04-28,13186.502905
2016-04-29,13185.003946
2016-05-02,13160.576003
2016-05-03,13204.970179
2016-05-04,13316.001738
2016-05-05,13341.157444
2016-05-06,13369.003238
2016-05-09,13282.983765
2016-05-10,13308.413187
2016-05-11,13283.416601
2016-05-12,13285.749407
2016-05-13,13317.500881
2016-05-16,13307.797598
2016-05-17,13319.172999
2016-05-18,13388.997252
2016-05-19,13615.396981
2016-05-20,13625.055709
2016-05-23,13582.496656
2016-05-24,13680.390401
2016-05-25,13640.498834
2016-05-26,13603.501074
2016-05-27,13572.036175
2016-05-30,13645.00404
2016-05-31,13609.835037
2016-06-01,13668.999463
2016-06-02,13647.497319
2016-06-03,13579.003048
2016-06-06,13359.996475
2016-06-07,13247.003877
2016-06-08,13206.002812
2016-06-09,13288.759587
2016-06-10,13295.621019
2016-06-13,13321.920483
2016-06-14,13355.902004
2016-06-15,13366.544969
2016-06-16,13397.905853
2016-06-17,13325.510929
2016-06-20,13258.250971
2016-06-21,13262.49779
2016-06-22,13284.002482
2016-06-23,13137.035736
2016-06-24,13408.593891
2016-06-27,13396.526641
2016-06-28,13181.188476
2016-06-29,13144.499549
2016-06-30,13152.314898
2016-07-01,13110.00449
2016-07-04,13096.327887
2016-07-05,13128.682936
2016-07-06,13205.998735
2016-07-07,13180
2016-07-08,13193.495935
2016-07-11,13102.497964
2016-07-12,13122.502705
2016-07-13,13045.502168
2016-07-14,13052.003227
2016-07-15,13087.5
2016-07-18,13090.500317
2016-07-19,13088.500227
2016-07-20,13106.174521
2016-07-21,13117.004085
2016-07-22,13115.534774
2016-07-25,13136.496085
2016-07-26,13175.229608
2016-07-27,13144.536439
2016-07-28,13102.497746
2016-07-29,13101.502745
2016-08-01,13032.560014
2016-08-02,13068.498168
2016-08-03,13159.5
2016-08-04,13155.001796
2016-08-05,13103.002868
2016-08-08,13126.003427
2016-08-09,13131.910092
2016-08-10,13078.996781
2016-08-11,13100
2016-08-12,13105.995698
2016-08-15,13096.001789
2016-08-16,13081.000443
2016-08-17,13150
2016-08-18,13136.003887
2016-08-19,13192.000706
2016-08-22,13228.00283
2016-08-23,13220.998324
2016-08-24,13285.001775
2016-08-25,13263.002657
2016-08-26,13202.834367
2016-08-29,13267.000895
2016-08-30,13264.998209
2016-08-31,13283.003953
2016-09-01,13282.594653
2016-09-02,13247.002591
2016-09-05,13139.503406
2016-09-06,13116.999731
2016-09-07,13059.99822
2016-09-08,13031.427054
2016-09-09,13131.56727
2016-09-12,13099.501158
2016-09-13,13186.005157
2016-09-14,13233.99893
2016-09-15,13175.004443
2016-09-16,13157.500445
2016-09-19,13167.129422
2016-09-20,13141.997496
2016-09-21,13135.497758
2016-09-22,13072.664175
2016-09-23,13076.502586
2016-09-26,13030.003552
2016-09-27,12934.001783
2016-09-28,12947.501114
2016-09-29,12975.002228
2016-09-30,13050.999014
2016-10-03,12982.50267
2016-10-04,12998.001971
2016-10-05,13033.913121
2016-10-06,13017.997318
2016-10-07,12985.915619
2016-10-10,12977.5
2016-10-11,13044.354184
2016-10-12,13030.317604
2016-10-13,13077.495923
2016-10-14,13050.863479
2016-10-17,13058.004366
2016-10-18,13030.00091
2016-10-19,12994.999545
2016-10-20,13007.504554
2016-10-21,13073.580746
2016-10-24,13018.997337
2016-10-25,13005.997057
2016-10-26,13010.06865
2016-10-27,13032.460877
2016-10-28,13050.503571
2016-10-31,13040.215604
2016-11-01,13048
2016-11-02,13051.590807
2016-11-03,13068.004338
2016-11-04,13088.848824
2016-11-07,13088.003978
2016-11-08,13096.847255
2016-11-09,13190.999819
2016-11-10,13284.882974
2016-11-11,13404.998166
2016-11-14,13357.502088
2016-11-15,13368.620529
2016-11-16,13470.996076
2016-11-17,13372.501633
2016-11-18,13427.500235
2016-11-21,13390.998025
2016-11-22,13426.024301
2016-11-23,13536.521411
2016-11-24,13550
2016-11-25,13517.503776
2016-11-28,13529.996222
2016-11-29,13572.503782
2016-11-30,13552.496474
2016-12-01,13544.998589
2016-12-02,13520.306333
2016-12-05,13432.498598
2016-12-06,13382.504192
2016-12-07,13325.00466
2016-12-08,13286.498792
2016-12-09,13327.502604
2016-12-12,13327.500944
2016-12-13,13312.865221
2016-12-14,13288.002631
2016-12-15,13425.002399
2016-12-16,13389.999042
2016-12-19,13397.908271
2016-12-20,13468.998456
2016-12-21,13434.987045
2016-12-22,13472.730755
2016-12-23,13434.932031
2016-12-27,13448.080421
2016-12-28,13442.495914
2016-12-29,13462.498804
2016-12-30,13446.001328
2017-01-02,13527.998089
2017-01-03,13479.499278
2017-01-04,13384.363323
2017-01-05,13360.27045
2017-01-06,13365.001417
2017-01-09,13345.121719
2017-01-10,13289.997161
2017-01-11,13329.001238
2017-01-12,13250.997284
2017-01-13,13331.497983
2017-01-16,13366.499906
2017-01-17,13329.03407
2017-01-18,13342.498125
2017-01-19,13373.003375
2017-01-20,13409.998119
2017-01-23,13363.555763
2017-01-24,13322.320432
2017-01-25,13329.507586
2017-01-26,13379.130841
2017-01-27,13366.622975
2017-01-30,13333.377234
2017-01-31,13355.239424
2017-02-01,13367.933272
2017-02-02,13352.49815
2017-02-03,13344.99581
2017-02-06,13294.996266
2017-02-07,13328.496487
2017-02-08,13324.997656
2017-02-09,13255.003741
2017-02-10,13297.996049
2017-02-13,13320.999153
2017-02-14,13308.933446
2017-02-15,13321.629559
2017-02-16,13319.996245
2017-02-17,13332.497653
2017-02-20,13358.750942
2017-02-21,13372.496916
2017-02-22,13356.197089
2017-02-23,13327.437813
2017-02-24,13317.306061
2017-02-27,13362.897894
2017-02-28,13336.000755
2017-03-01,13361.995633
2017-03-02,13358.502948
2017-03-03,13382.498817
2017-03-06,13348.111782
2017-03-07,13347.002648
2017-03-08,13399.772641
2017-03-09,13397.640034
2017-03-10,13375.231001
2017-03-13,13355.997374
2017-03-14,13370.24739
2017-03-15,13360.318207
2017-03-16,13316.996084
2017-03-17,13345.00326
2017-03-20,13313.504464
2017-03-21,13318.996482
2017-03-22,13328.999722
2017-03-23,13317.003523
2017-03-24,13326.496992
2017-03-27,13303.388741
2017-03-28,13299.438254
2017-03-29,13309.639003
2017-03-30,13316.000745
2017-03-31,13317.687775
2017-04-03,13322.502579
2017-04-04,13327.997371
2017-04-05,13324.002622
2017-04-06,13319.998125
2017-04-07,13322.126058
2017-04-10,13279.996219
2017-04-11,13281.499623
2017-04-12,13283.998114
2017-04-13,13256.50047
2017-04-18,13296.498783
2017-04-19,13326.993007
2017-04-20,13323.499302
2017-04-21,13320.003739
2017-04-24,13279.000737
2017-04-25,13277.504361
2017-04-26,13295.318094
2017-04-27,13313.996875
2017-04-28,13329.002745
2017-05-02,13311.497939
2017-05-03,13305.504167
2017-05-04,13327.500686
2017-05-05,13329.997263
2017-05-08,13309.498994
2017-05-09,13350
2017-05-10,13357.498622
2017-05-11,13343.001842
2017-05-12,13329.496138
2017-05-15,13298.997448
2017-05-16,13300.497332
2017-05-17,13311.99964
2017-05-18,13465.998742
2017-05-19,13311.995706
2017-05-22,13275.816063
2017-05-23,13300.258582
2017-05-24,13308.496382
2017-05-25,13297.003745
2017-05-26,13300.777063
2017-05-29,13314.998212
2017-05-30,13323.503088
2017-05-31,13308.002852
2017-06-01,13310.000891
2017-06-02,13311.001159
2017-06-05,13285.998755
2017-06-06,13294.794813
2017-06-07,13300.998484
2017-06-08,13297.99626
2017-06-09,13298.997853
2017-06-12,13298.003743
2017-06-13,13287.046447
2017-06-14,13282.49576
2017-06-15,13318.24288
2017-06-16,13297.501567
2017-06-19,13280.605411
2017-06-20,13293.599857
2017-06-21,13307.526689
2017-06-22,13327.495747
2017-06-23,13305.003133
2017-06-26,13303.361044
2017-06-27,13307.004788
2017-06-28,13327.498901
2017-06-29,13332.997459
2017-06-30,13327.497371
2017-07-03,13389.99912
2017-07-04,13366.000176
2017-07-05,13380.942713
2017-07-06,13388.001757
2017-07-07,13407.465825
2017-07-10,13398.998858
2017-07-11,13391.003946
2017-07-12,13369.99738
2017-07-13,13347.499343
2017-07-14,13338.501971
2017-07-17,13312.999477
2017-07-18,13300
2017-07-19,13318.00052
2017-07-20,13334.49717
2017-07-21,13312.497853
2017-07-24,13320.999313
2017-07-25,13318.000684
2017-07-26,13318.000687
2017-07-27,13319.993159
2017-07-28,13334.001194
2017-07-31,13323.995907
2017-08-01,13324.001016
2017-08-02,13317.000592
2017-08-03,13325.49747
2017-08-04,13305.999326
2017-08-07,13320.996864
2017-08-08,13313.001524
2017-08-09,13332.503623
2017-08-10,13357.015002
2017-08-11,13364.181895
2017-08-14,13354.835975
2017-08-15,13363.998638
2017-08-16,13369.957301
2017-08-17,13353.996751
2017-08-18,13363.994889
2017-08-21,13352.002381
2017-08-22,13343.003993
2017-08-23,13350.004238
2017-08-24,13339.996612
2017-08-25,13345.503049
2017-08-28,13336
2017-08-29,13350.996016
2017-08-30,13346.500504
2017-08-31,13346.384778
2017-09-01,13318.271812
2017-09-04,13330.155397
2017-09-05,13334.003364
2017-09-06,13329.000084
2017-09-07,13301.169493
2017-09-08,13163.225539
2017-09-11,13162.498958
2017-09-12,13200
2017-09-13,13202.496035
2017-09-14,13267.000421
2017-09-15,13256.716543
2017-09-18,13254.996652
2017-09-19,13269.996659
2017-09-20,13280.50304
2017-09-21,13346.99706
2017-09-22,13300
2017-09-25,13317.072554
2017-09-26,13391.999661
2017-09-27,13439.996593
2017-09-28,13493.003906
2017-09-29,13457.995934
2017-10-02,13566.995913
2017-10-03,13542.499787
2017-10-04,13453.474166
2017-10-05,13458.6527
2017-10-06,13513.000769
2017-10-09,13534.003065
2017-10-10,13488.997203
2017-10-11,13523.203719
2017-10-12,13508.999663
2017-10-13,13496.003387
2017-10-16,13482.495976
2017-10-17,13504.651756
2017-10-18,13516.001362
2017-10-19,13514.999155
2017-10-20,13510.001692
2017-10-23,13534.003407
2017-10-24,13550.999065
2017-10-25,13571.998303
2017-10-26,13598.000511
2017-10-27,13630.986644
2017-10-30,13574.534964
2017-10-31,13565.002578
2017-11-01,13583.999311
2017-11-02,13528.003435
2017-11-03,13493.214378
2017-11-06,13515.996549
2017-11-07,13527.720118
2017-11-08,13517.998274
2017-11-09,13524.995701
2017-11-10,13544.997426
2017-11-13,13564.567605
2017-11-14,13553.503619
2017-11-15,13535
2017-11-16,13523.99966
2017-11-17,13527.503179
2017-11-20,13523.996265
2017-11-21,13527.001195
2017-11-22,13516.001362
2017-11-23,13481.996962
2017-11-24,13519.003115
2017-11-27,13501.999665
2017-11-28,13503.861036
2017-11-29,13503.999324
2017-11-30,13532.998565
2017-12-01,13532.141355
2017-12-04,13515.996629
2017-12-05,13512.999071
2017-12-06,13546.001523
2017-12-07,13548.133379
2017-12-08,13550
2017-12-11,13545.998644
2017-12-12,13602.252252
2017-12-13,13607.00409
2017-12-14,13573.001266
2017-12-15,13577.003219
2017-12-18,13588.503603
2017-12-19,13581.79819
2017-12-20,13577.999156
2017-12-21,13549.000759
2017-12-22,13558.170927
2017-12-27,13554.754098
2017-12-28,13561.99933
2017-12-29,13540.498624
2018-01-02,13481.997513
2018-01-03,13455.002911
2018-01-04,13420
2018-01-05,13420
2018-01-08,13434.252067
2018-01-09,13441.996312
2018-01-10,13430.503669
2018-01-11,13399.500707
2018-01-12,13330.897256
2018-01-15,13307.03755
2018-01-16,13337.497956
2018-01-17,13359.026469
2018-01-18,13343.179403
2018-01-19,13313.496532
2018-01-22,13351.997712
2018-01-23,13343.995428
2018-01-24,13317.997085
2018-01-25,13293.003949
2018-01-26,13314.996784
2018-01-29,13398.998304
2018-01-30,13389.002496
2018-01-31,13375.997431
2018-02-01,13417.85055
2018-02-02,13466.050272
2018-02-05,13495
2018-02-06,13575.002028
2018-02-07,13559.247852
2018-02-08,13648.000326
2018-02-09,13658.99943
2018-02-12,13636.752834
2018-02-13,13639.998378
2018-02-14,13615.751539
2018-02-15,13525.05403
2018-02-16,13517.498395
2018-02-19,13552.441579
2018-02-20,13630.251216
2018-02-21,13610.997401
2018-02-22,13710.997067
2018-02-23,13675.998049
2018-02-26,13664.001623
2018-02-27,13672.782701
2018-02-28,13749.001146
2018-03-01,13803.434393
2018-03-02,13777.997076
2018-03-05,13762.501016
2018-03-06,13721.996616
2018-03-07,13757.002497
2018-03-08,13779.003301
2018-03-09,13812.366772
2018-03-12,13767.997074
2018-03-13,13712.998869
2018-03-14,13728.999919
2018-03-15,13756.997002
2018-03-16,13760.377205
2018-03-19,13777.000569
2018-03-20,13761.005213
2018-03-21,13763.120625
2018-03-22,13752.500812
2018-03-23,13763.996436
2018-03-26,13734.002095
2018-03-27,13739.996768
2018-03-28,13758.662688
2018-03-29,13743.998052
2018-04-03,13760.115372
2018-04-04,13766.503747
2018-04-05,13771.75367
2018-04-06,13773.500082
2018-04-09,13782.696684
2018-04-10,13750.99911
2018-04-11,13765.00323
2018-04-12,13769.496064
2018-04-13,13752.999919
2018-04-16,13775.246564
2018-04-17,13775.002023
2018-04-18,13768.001292
2018-04-19,13786.746891
2018-04-20,13926.996507
2018-04-23,13939.998366
2018-04-24,13871.366577
2018-04-25,13920
2018-04-26,13877.999671
2018-04-27,13855.252693
2018-04-30,13905.248779
2018-05-02,13960.414758
2018-05-03,13933.247165
2018-05-04,13977.700727
2018-05-07,14060.998152
2018-05-08,14085.004212
2018-05-09,14069.997475
2018-05-10,14029.996632
2018-05-11,13970.747444
2018-05-14,13970.003337
2018-05-15,14067.003282
2018-05-16,14071.74983
2018-05-17,14052.003388
2018-05-18,14146.999406
2018-05-21,14176.4946
2018-05-22,14138.002374
2018-05-23,14214.998292
2018-05-24,14140.117667
2018-05-25,14111.43469
2018-05-28,14019.99313
2018-05-29,14020.799446
2018-05-30,13947.653026
2018-05-31,13907.000598
2018-06-01,13879.004199
2018-06-04,13872.003067
2018-06-05,13882.997859
2018-06-06,13855.002125
2018-06-07,13877.171342
2018-06-08,13929.998298
2018-06-11,13975.496183
2018-06-12,13967.602647
2018-06-13,13963.311799
2018-06-14,13932.685422
2018-06-15,13988.953087
2018-06-18,14078.102127
2018-06-19,14164.530952
2018-06-20,14095.897392
2018-06-21,14093.777084
2018-06-22,14104.747596
2018-06-25,14155
2018-06-26,14177.998629
2018-06-27,14191.003788
2018-06-28,14330.000863
2018-06-29,14285.503517
2018-07-02,14400
2018-07-03,14372.996142
2018-07-04,14352.344958
2018-07-05,14385.002989
2018-07-06,14370.001706
2018-07-09,14324.997879
2018-07-10,14343.0035
2018-07-11,14365.00213
2018-07-12,14382.003774
2018-07-13,14418.302843
2018-07-16,14375
2018-07-17,14370.000854
2018-07-18,14405.003876
2018-07-19,14475
2018-07-20,14517.497858
2018-07-23,14490.124616
2018-07-24,14499.299505
2018-07-25,14443.601369
2018-07-26,14455.001707
2018-07-27,14417.496774
2018-07-30,14390.996234
2018-07-31,14419.998296
2018-08-01,14439.99658
2018-08-02,14475.002152
2018-08-03,14463.29824
2018-08-06,14470.241705
2018-08-07,14430.003448
2018-08-08,14434.998706
2018-08-09,14409.997412
2018-08-10,14475.872905
2018-08-13,14595.001315
2018-08-14,14580.001753
2018-08-15,14600
2018-08-16,14610
2018-08-17,14638.003687
2018-08-20,14590
2018-08-21,14595.000869
2018-08-22,14580.001722
2018-08-23,14630.002591
2018-08-24,14628.003107
2018-08-27,14627.250064
2018-08-28,14621.998292
2018-08-29,14655
2018-08-30,14690.001711
2018-08-31,14788.430178
2018-09-03,14893.996038
2018-09-04,14935.13233
2018-09-05,14935.00259
2018-09-06,14890.441808
2018-09-07,14820
2018-09-10,14853.997062
2018-09-11,14870.001728
2018-09-12,14824.997842
2018-09-13,14801.996558
2018-09-14,14804.99615
2018-09-17,14866.995116
2018-09-18,14857.997777
2018-09-19,14875.289277
2018-09-20,14844.9316
2018-09-21,14818.368909
2018-09-24,14875.002124
2018-09-25,14919.758852
2018-09-26,14937.547925
2018-09-27,14905.89391
2018-09-28,14901.50311
2018-10-01,14910.003446
2018-10-02,15044.996968
2018-10-03,15068.938344
2018-10-04,15169.996522
2018-10-05,15180.001738
2018-10-08,15217.503049
2018-10-09,15291.648448
2018-10-10,15203
2018-10-11,15234.99784
2018-10-12,15205.002592
2018-10-15,15209.999137
2018-10-16,15164.347976
2018-10-17,15168.751084
2018-10-18,15193.498479
2018-10-19,15187.49782
2018-10-22,15197.25074
2018-10-23,15189.945984
2018-10-24,15196.997102
2018-10-25,15187.5
2018-10-26,15207.051565
2018-10-29,15218.996573
2018-10-30,15214.052058
2018-10-31,15202.500442
2018-11-01,15090.230844
2018-11-02,14917.999474
2018-11-05,14975.998241
2018-11-06,14802.502625
2018-11-07,14580.003482
2018-11-08,14540.003501
2018-11-09,14684.999119
2018-11-12,14807.012872
2018-11-13,14822.999734
2018-11-14,14766.4483
2018-11-15,14683.051747
2018-11-16,14611.316764
2018-11-19,14590.006126
2018-11-20,14597.670957
2018-11-21,14598.246998
2018-11-22,14543.541173
2018-11-23,14531.192741
2018-11-26,14474.9978
2018-11-27,14486.749647
2018-11-28,14535.501595
2018-11-29,14344.550804
2018-11-30,14302.50022
2018-12-03,14285.448288
2018-12-04,14289.999123
2018-12-05,14394.997358
2018-12-06,14519.998238
2018-12-07,14470.152141
2018-12-10,14592
2018-12-11,14610.246946
2018-12-12,14597.496915
2018-12-13,14507.396007
2018-12-14,14620.841825
2018-12-17,14575.002204
2018-12-18,14479.001494
2018-12-19,14442.498904
2018-12-20,14447.995808
2018-12-21,14627.948134
2018-12-24,14588.499299
2018-12-27,14598.048695
2018-12-28,14527.04732
2018-12-31,14410.480349
2019-01-02,14463.551812
2019-01-03,14410.001762
2019-01-04,14243.050075
2019-01-07,14087.051114
2019-01-08,14145
2019-01-09,14125.002182
2019-01-10,14079.003034
2019-01-11,14086.551634
2019-01-14,14123.999302
2019-01-15,14124.002101
2019-01-16,14150.381947
2019-01-17,14180.001755
2019-01-18,14202.052272
2019-01-21,14240.996303
2019-01-22,14233.001585
2019-01-23,14172.965602
2019-01-24,14165.003086
2019-01-25,14084.999119
2019-01-28,14062.550359
2019-01-29,14090.001751
2019-01-30,14130.002625
2019-01-31,13910.497911
2019-02-01,13956.498997
2019-02-04,14012.503277
2019-02-05,13975.496805
2019-02-06,13922.002808
2019-02-07,14000
2019-02-08,13965.000881
2019-02-11,14080.864798
2019-02-12,14068.502125
2019-02-13,14068.465281
2019-02-14,14089.998225
2019-02-15,14142.50444
2019-02-18,14106.497175
2019-02-19,14102.001063
2019-02-20,14040.001763
2019-02-21,14073.013916
2019-02-22,14057.395143
2019-02-25,14017.613386
2019-02-26,14011.002553
2019-02-27,14024.003162
2019-02-28,14076.497898
2019-03-01,14114.908196
2019-03-04,14129.999118
2019-03-05,14129.499515
2019-03-06,14152.498894
2019-03-07,14187.002041
2019-03-08,14318.998396
2019-03-11,14290.003557
2019-03-12,14265.18847
2019-03-13,14236.795541
2019-03-14,14298.75166
2019-03-15,14275.999293
2019-03-18,14237.377743
2019-03-19,14175.004402
2019-03-20,14164.999119
2019-03-21,14117.001844
2019-03-22,14198.000354
2019-03-25,14180
2019-03-26,14170.002657
2019-03-27,14239.996448
2019-03-28,14267.498663
2019-03-29,14240
2019-04-01,14225
2019-04-02,14220
2019-04-03,14176.999022
2019-04-04,14168.000713
2019-04-05,14155.497196
2019-04-08,14163.000178
2019-04-09,14132.996364
2019-04-10,14150.004433
2019-04-11,14174.502841
2019-04-12,14092.500662
2019-04-15,14060.001768
2019-04-16,14084.997789
2019-04-17,14085.001327
2019-04-18,14042.497778
2019-04-23,14075.002223
2019-04-24,14095.004015
2019-04-25,14233.003686
2019-04-26,14196.002874
2019-04-29,14200
2019-04-30,14221.501159
2019-05-02,14250
2019-05-03,14254.997759
2019-05-06,14292.49933
2019-05-07,14280
2019-05-08,14295.000893
2019-05-09,14350.370767
2019-05-10,14405.503117
2019-05-13,14416.078257
2019-05-14,14430.001782
2019-05-15,14460.001788
2019-05-16,14450.004463
2019-05-17,14450
2019-05-20,14477.299185
2019-05-21,14483.003315
2019-05-22,14525.002238
2019-05-23,14480.500943
2019-05-24,14392.500223
2019-05-27,14379.996428
2019-05-28,14375
2019-05-29,14417.004303
2019-05-30,14400
2019-05-31,14332.499327
2019-06-03,14237.997318
2019-06-04,14222.998933
2019-06-05,14204.503864
2019-06-06,14193.999645
2019-06-07,14247.999645
2019-06-10,14244.996018
2019-06-11,14237.5
2019-06-12,14241.420118
2019-06-13,14293.002037
2019-06-14,14316.999556
2019-06-17,14335.00089
2019-06-18,14322.49933
2019-06-19,14269.501205
2019-06-20,14182.497568
2019-06-21,14127.783669
2019-06-24,14152.185361
2019-06-25,14152.002107
2019-06-26,14167.998592
2019-06-27,14140
2019-06-28,14132.996485
2019-07-01,14112.503304
2019-07-02,14137.501106
2019-07-03,14141.503586
2019-07-04,14139.998228
2019-07-05,14120.497336
2019-07-08,14110.004458
2019-07-09,14130.004462
2019-07-10,14130
2019-07-11,14064.997785
2019-07-12,14035.999289
2019-07-15,13942.674594
2019-07-16,13939.998218
2019-07-17,13980
2019-07-18,13970.99679
2019-07-19,13952.004276
2019-07-22,13945.002229
2019-07-23,13961.004207
2019-07-24,13975
2019-07-25,13977.498875
2019-07-26,13978.003232
2019-07-29,14020.001799
2019-07-30,14020.001793
2019-07-31,14025.020178
2019-08-01,14155.993476
2019-08-02,14201.737799
2019-08-05,14314.7022
2019-08-06,14265.004023
2019-08-07,14230.753437
2019-08-08,14207.996069
2019-08-09,14189.998214
2019-08-12,14249.597999
2019-08-13,14317.501337
2019-08-14,14245.003575
2019-08-15,14270
2019-08-16,14222.995666
2019-08-19,14234.99955
2019-08-20,14260.003611
2019-08-21,14236.995677
2019-08-22,14235.405576
2019-08-23,14212.49887
2019-08-26,14244.746312
2019-08-27,14248.802233
2019-08-28,14249.589461
2019-08-29,14197.001445
2019-08-30,14185.003625
2019-09-02,14194.000729
2019-09-03,14225.107433
2019-09-04,14152.495916
2019-09-05,14112.298788
2019-09-06,14085.998005
2019-09-09,14047.040696
2019-09-10,14045
2019-09-11,14060.001818
2019-09-12,13965.502144
2019-09-13,13964.996395
2019-09-16,14039.996374
2019-09-17,14091.003084
2019-09-18,14060.635122
2019-09-19,14059.998193
2019-09-20,14055.004533
2019-09-23,14084.997724
2019-09-24,14112.496592
2019-09-25,14150
2019-09-26,14168.001463
2019-09-27,14165.002286
2019-09-30,14195.004133
2019-10-01,14227.995963
2019-10-02,14203.002288
2019-10-03,14172.495662
2019-10-04,14146.452318
2019-10-07,14172.546166
2019-10-08,14154.997269
2019-10-09,14170.002732
2019-10-10,14151.49592
2019-10-11,14127.999638
2019-10-14,14129.99728
2019-10-15,14165.004088
2019-10-16,14205.995465
2019-10-17,14156.996311
2019-10-18,14153.93934
2019-10-21,14063.447597
2019-10-22,14040
2019-10-23,14029.002967
2019-10-24,14035.999281
2019-10-25,14034.995949
2019-10-28,14012.997204
2019-10-29,14052.230735
2019-10-30,14046.497389
2019-10-31,14077.012731
2019-11-01,14041.592603
2019-11-04,14019.815379
2019-11-05,13967.503826
2019-11-06,14015.004509
2019-11-07,13994.502122
2019-11-08,14014.002175
2019-11-11,14075.42795
2019-11-12,14071.248298
2019-11-13,14103.897874
2019-11-14,14102.191507
2019-11-15,14073.001631
2019-11-18,14093.002441
2019-11-19,14089.997292
2019-11-20,14108.002532
2019-11-21,14087.503381
2019-11-22,14084.997287
2019-11-25,14091.99673
2019-11-26,14099.891107
2019-11-27,14094.840585
2019-11-28,14100.799637
2019-11-29,14104.999089
2019-12-02,14125.002268
2019-12-03,14105.004065
2019-12-04,14104.999549
2019-12-05,14064.999099
2019-12-06,14020.560663
2019-12-09,14001.002257
2019-12-10,14010.002708
2019-12-11,14044.496614
2019-12-12,14035.000449
2019-12-13,13985.000895
2019-12-16,14004.997308
2019-12-17,13990.001792
2019-12-18,13998.002699
2019-12-19,13989.178735
2019-12-20,13977.498423
2019-12-23,13986.004515
2019-12-24,13985.018051
2019-12-27,13963.875191
2019-12-30,13911.56493
2019-12-31,13882.499555
2020-01-02,13884.499241
2020-01-03,13938.001256
2020-01-06,13940.003573
2020-01-07,13875
2020-01-08,13892.496626
2020-01-09,13850
2020-01-10,13762.501127
2020-01-13,13700.997663
2020-01-14,13692.802519
2020-01-15,13697.989589
2020-01-16,13630.002686
2020-01-17,13670.246669
2020-01-20,13638.520523
2020-01-21,13673.31534
2020-01-22,13652.335859
2020-01-23,13651.997115
2020-01-24,13595.749887
2020-01-27,13604.997732
2020-01-28,13637.501136
2020-01-29,13627.4975
2020-01-30,13686.499229
2020-01-31,13655.003619
2020-02-03,13742.499548
2020-02-04,13710.00181
2020-02-05,13640.996099
2020-02-06,13633.381805
2020-02-07,13732.5645
2020-02-10,13731.303077
2020-02-11,13686.001284
2020-02-12,13664.000367
2020-02-13,13704.002945
2020-02-14,13715.993359
2020-02-17,13652.496539
2020-02-18,13664.996302
2020-02-19,13688
2020-02-20,13707.497683
2020-02-21,13765.00324
2020-02-24,13957.247181
2020-02-25,13925
2020-02-26,13997.112644
2020-02-27,14034.996352
2020-02-28,14347.499317
2020-03-02,14304.450638
2020-03-03,14281.730683
2020-03-04,14115.002247
2020-03-05,14170.000894
2020-03-06,14606.995413
2020-03-09,14392.501746
2020-03-10,14294.99561
2020-03-11,14352.496471
2020-03-12,14620.996441
2020-03-13,14770.001801
2020-03-16,15018.553375
2020-03-17,15190.001821
2020-03-18,15449.551857
2020-03-19,15912.498843
2020-03-20,15925.002335
2020-03-23,16574.997682
2020-03-24,16325.002306
2020-03-25,16114.999538
2020-03-26,16106.001275
2020-03-27,16140.001822
2020-03-30,16393.003444
2020-03-31,16310.003651
2020-04-01,16678.502195
2020-04-02,16656.996149
2020-04-03,16614.44599
2020-04-06,16412.501158
2020-04-07,16135.002297
2020-04-08,16222.996964
2020-04-09,15867.49793
2020-04-14,15715.670893
2020-04-15,15776.584426
2020-04-16,15695.995591
2020-04-17,15585.626151
2020-04-20,15535
2020-04-21,15688.502353
2020-04-22,15583.997423
2020-04-23,15569.996287
2020-04-24,15625
2020-04-27,15384.998157
2020-04-28,15367.003769
2020-04-29,15321.00166
2020-04-30,14875
2020-05-04,15100
2020-05-05,15100
2020-05-06,15044.998612
2020-05-07,15044.996754
2020-05-08,14967.499769
2020-05-11,14968.883962
2020-05-12,14803.499724
2020-05-13,14797.48046
2020-05-14,14950.704225
2020-05-15,14935.93258
2020-05-18,14842.549852
2020-05-19,14773.972603
2020-05-20,14717.503194
2020-05-21,14732.5
2020-05-22,14901.999266
2020-05-25,14710
2020-05-26,14754.997722
2020-05-27,14709.99909
2020-05-28,14714.996369
2020-05-29,14610.003592
2020-06-01,14610.003598
2020-06-02,14414.999105
2020-06-03,14190.950509
2020-06-04,14095.004444
2020-06-05,14018.005296
2020-06-08,14014.550288
2020-06-09,14093.500974
2020-06-10,14085.301099
2020-06-11,14014.998238
2020-06-12,14205.803255
2020-06-15,14253.603484
2020-06-16,14130.049522
2020-06-17,14198.753561
2020-06-18,14085.002673
2020-06-19,14208.447814
2020-06-22,14259.002943
2020-06-23,14160.001767
2020-06-24,14168.501773
2020-06-25,14275
2020-06-26,14220.003567
2020-06-29,14368.202765
2020-06-30,14452.946955
2020-07-01,14265
2020-07-02,14378.504342
2020-07-03,14509.996436
2020-07-06,14417.660044
2020-07-07,14440
2020-07-08,14414.318625
2020-07-09,14395.000882
2020-07-10,14435.003547
2020-07-13,14424.997793
2020-07-14,14450.004396
2020-07-15,14587.504369
2020-07-16,14625.004381
2020-07-17,14695.0035
2020-07-20,14785.001747
2020-07-21,14707.681552
2020-07-22,14569.001555
2020-07-23,14649.494338
2020-07-24,14629.565817
2020-07-27,14520
2020-07-28,14535.000427
2020-07-29,14535.002132
2020-07-30,14600
2020-07-31,14655.638082
2020-08-03,14714.31008
2020-08-04,14684.997875
2020-08-05,14550
2020-08-06,14611.162712
2020-08-07,14670.000846
2020-08-10,14639.9983
2020-08-11,14722.905881
2020-08-12,14760.003398
2020-08-13,14839.00955
2020-08-14,14908.998561
2020-08-17,14881.000591
2020-08-18,14845.00252
2020-08-19,14770.996397
2020-08-20,14771.004219
2020-08-21,14771.000085
2020-08-24,14670.49886
2020-08-25,14644.997461
2020-08-26,14672.499788
2020-08-27,14721.3959
2020-08-28,14545.253882
2020-08-31,14576.549414
2020-09-01,14570.000834
2020-09-02,14744.996206
2020-09-03,14845.50072
2020-09-04,14738.566121
2020-09-07,14791.948579
2020-09-08,14860.033941
2020-09-09,14784.999575
2020-09-10,14949.784792
2020-09-11,14992.92222
2020-09-14,14880.001684
2020-09-15,14844.996636
2020-09-16,14834.998736
2020-09-17,14835.186912
2020-09-18,14735.003803
2020-09-21,14793.416476
2020-09-22,14785
2020-09-23,14860.588437
2020-09-24,14890.004294
2020-09-25,14870.001719
2020-09-28,14900
2020-09-29,14885.48966
2020-09-30,14945.199863
2020-10-01,14825.799864
2020-10-02,14872.404092
2020-10-05,14721.796397
2020-10-06,14734.99788
2020-10-07,14748.946474
2020-10-08,14757.501062
2020-10-09,14701.153031
2020-10-12,14728.951606
2020-10-13,14764.800204
2020-10-14,14733.004255
2020-10-15,14770.396649
2020-10-16,14749.902053
2020-10-19,14720.101824
2020-10-20,14710.499577
2020-10-21,14632.500844
2020-10-22,14741.69698
2020-10-23,14684.750337
2020-10-26,14714.400542
2020-10-27,14658.696755
2020-10-28,14742.397885
2020-10-29,14786.500342
2020-10-30,14625.004274
2020-11-02,14645.399931
2020-11-03,14481.550162
2020-11-04,14412.200324
2020-11-05,14256.549979
2020-11-06,14273.90059
2020-11-09,14062.501052
2020-11-10,14050
2020-11-11,14171.502635
2020-11-12,14203.400899
2020-11-13,14170.004232
2020-11-16,14100.498732
2020-11-17,14121.999663
2020-11-18,14110.995956
2020-11-19,14215.796146
2020-11-20,14195.599764
2020-11-23,14153.995463
2020-11-24,14239.696587
2020-11-25,14140
2020-11-26,14153.848739
2020-11-27,14149.253481
2020-11-30,14162.30384
2020-12-01,14189.496992
2020-12-02,14209.497762
2020-12-03,14139.996708
2020-12-04,14164.298051
2020-12-07,14194.302441
2020-12-08,14144.097738
2020-12-09,14103.559336
2020-12-10,14105.002064
2020-12-11,14080.003298
2020-12-14,14155.903634
2020-12-15,14164.752883
2020-12-16,14160.201821
2020-12-17,14121.99902
2020-12-18,14142.752264
2020-12-21,14254.103343
2020-12-22,14225.10009
2020-12-23,14261.902022
2020-12-24,14200
2020-12-28,14189.098944
2020-12-29,14116.648993
2020-12-30,14050.004071
2020-12-31,14050.004075
2021-01-04,13876.602147
2021-01-05,13915.002852
2021-01-06,13914.897066
2021-01-07,14059.946237
2021-01-08,14079.453061
2021-01-11,14196.448245
2021-01-12,14144.9963
2021-01-13,14128.10291
2021-01-14,14043.995381
2021-01-15,14049.797905
2021-01-18,14135.999668
2021-01-19,14079.253215
2021-01-20,14051.797372
2021-01-21,13989.998355
2021-01-22,14097.902616
2021-01-25,14078.596116
2021-01-26,14104.298773
2021-01-27,14135.050355
2021-01-28,14117.252502
2021-01-29,14003.09822
2021-02-01,14078.053625
2021-02-02,14013.948854
2021-02-03,14024.199051
2021-02-04,14037.054018
2021-02-05,14036.752065
2021-02-08,14034.35343
2021-02-09,13986.946464
2021-02-10,13982.501855
2021-02-11,13964.847287
2021-02-12,13987.7519
2021-02-15,13898.351059
2021-02-16,13978.753191
2021-02-17,14062.504146
2021-02-18,14066.550811
2021-02-19,14082.552105
2021-02-22,14174.153136
2021-02-23,14106.497571
2021-02-24,14054.198913
2021-02-25,14193.94683
2021-02-26,14316.896296
2021-03-01,14315.348876
2021-03-02,14325
2021-03-03,14255.60259
2021-03-04,14264.999169
2021-03-05,14394.446306
2021-03-08,14360.003371
2021-03-09,14411.451152
2021-03-10,14405.003364
2021-03-11,14404.99624
2021-03-12,14392.550071
2021-03-15,14400.847315
2021-03-16,14427.796411
2021-03-17,14458.973713
2021-03-18,14409.998321
2021-03-19,14405.003784
2021-03-22,14402.498742
2021-03-23,14395.001262
2021-03-24,14445.665962
2021-03-25,14425.004237
2021-03-26,14417.501273
2021-03-29,14445.001697
2021-03-30,14533.004003
2021-03-31,14524.997868
2021-04-01,14531.099949
2021-04-06,14505.003386
2021-04-07,14561.351397
2021-04-08,14535.00379
2021-04-09,14598.351279
2021-04-12,14609.895833
2021-04-13,14653.001009
2021-04-14,14624.348044
2021-04-15,14617.451963
2021-04-16,14534.423494
2021-04-19,14510.452846
2021-04-20,14528.653224
2021-04-21,14545.598401
2021-04-22,14540.146107
2021-04-23,14525.401956
2021-04-26,14482.482416
2021-04-27,14509.852747
2021-04-28,14500
2021-04-29,14417.025311
2021-04-30,14421.652044
2021-05-03,14425.896712
2021-05-04,14470.900923
2021-05-05,14421.749271
2021-05-06,14300.447761
2021-05-07,14270.146778
2021-05-10,14125.449914
2021-05-11,14177.649959
2021-05-12,14263.153986
2021-05-13,14334.748779
2021-05-14,14296.749979
2021-05-17,14347.953553
2021-05-18,14272.500409
2021-05-19,14372.748117
2021-05-20,14414.348931
2021-05-21,14354.996718
2021-05-24,14355.003275
2021-05-25,14331.001305
2021-05-26,14288.396435
2021-05-27,14305.230366
2021-05-28,14334.162411
2021-05-31,14263.552168
2021-06-01,14254.887526
2021-06-02,14271.811915
2021-06-03,14294.666448
2021-06-04,14326.12858
2021-06-07,14245.272159
2021-06-08,14249.072402
2021-06-09,14248.249282
2021-06-10,14272.498768
2021-06-11,14198.729897
2021-06-14,14256.621532
2021-06-15,14250.140403
2021-06-16,14244.952161
2021-06-17,14464.756639
2021-06-18,14435.014288
2021-06-21,14443.940796
2021-06-22,14457.995628
2021-06-23,14446.765961
2021-06-24,14451.558311
2021-06-25,14431.297071
2021-06-28,14504.433249
2021-06-29,14586.078398
2021-06-30,14540.811175
2021-07-01,14523.485358
2021-07-02,14541.09786
2021-07-05,14475.231755
2021-07-06,14488.418652
2021-07-07,14492.832389
2021-07-08,14597.533367
2021-07-09,14496.744814
2021-07-12,14511.62673
2021-07-13,14473.986829
2021-07-14,14483.499831
2021-07-15,14517.105597
2021-07-16,14474.707677
2021-07-19,14570.967194
2021-07-20,14559.244161
2021-07-21,14542.813456
2021-07-22,14491.065817
2021-07-23,14489.878474
2021-07-26,14494.129125
2021-07-27,14487.315834
2021-07-28,14498.043533
2021-07-29,14463.623347
2021-07-30,14451.65251
2021-08-02,14377.898368
2021-08-03,14300.075726
2021-08-04,14303.726499
2021-08-05,14340.388186
2021-08-06,14342.440925
2021-08-09,14383.793895
2021-08-10,14385.778877
2021-08-11,14406.485748
2021-08-12,14349.237584
2021-08-13,14365.966851
2021-08-16,14373.904179
2021-08-17,14389.428062
2021-08-18,14392.322784
2021-08-19,14468.254104
2021-08-20,14469.248565
2021-08-23,14396.910736
2021-08-24,14392.674617
2021-08-25,14437.278459
2021-08-26,14444.021416
2021-08-27,14428.152368
2021-08-30,14335.064825
2021-08-31,14263.723171
2021-09-01,14278.31937
2021-09-02,14244.479149
2021-09-03,14264.184636
2021-09-06,14225.354012
2021-09-07,14259.662732
2021-09-08,14264.902342
2021-09-09,14240.969758
2021-09-10,14198.589646
2021-09-13,14251.222411
2021-09-14,14268.892839
2021-09-15,14230.657984
2021-09-16,14253.455751
2021-09-17,14229.966044
2021-09-20,14296.695415
2021-09-21,14234.213665
2021-09-22,14233.753943
2021-09-23,14230.951771
2021-09-24,14290.562335
2021-09-27,14253.000513
2021-09-28,14298.158931
2021-09-29,14304.710829
2021-09-30,14312.142672
2021-10-01,14279.060345
2021-10-04,14245.31626
2021-10-05,14227.391829
2021-10-06,14285.002599
2021-10-07,14190.192008
2021-10-08,14202.117728
2021-10-11,14208.069812
2021-10-12,14190.263955
2021-10-13,14217.496973
2021-10-14,14095.02672
2021-10-15,14042.923634
2021-10-18,14108.746984
2021-10-19,14090.37323
2021-10-20,14113.447475
2021-10-21,14145.269399
2021-10-22,14187.815993
2021-10-25,14179.220891
2021-10-26,14123.119298
2021-10-27,14211.293794
2021-10-28,14205.753472
2021-10-29,14217.501073
2021-11-01,14279.625151
2021-11-02,14281.125571
2021-11-03,14332.691311
2021-11-04,14364.87164
2021-11-05,14328.474694
2021-11-08,14256.326108
2021-11-09,14252.621577
2021-11-10,14241.668109
2021-11-11,14260.314136
2021-11-12,14185.805381
2021-11-15,14178.337994
2021-11-16,14234.931386
2021-11-17,14243.00106
2021-11-18,14224.856765
2021-11-19,14289.36208
2021-11-22,14254.131938
2021-11-23,14272.297717
2021-11-24,14294.35124
2021-11-25,14287.276129
2021-11-26,14390.833407
2021-11-29,14361.280596
2021-11-30,14325.046203
2021-12-01,14362.206116
2021-12-02,14412.346768
2021-12-03,14425.808166
2021-12-06,14446.744042
2021-12-07,14370.575693
2021-12-08,14342.455085
2021-12-09,14380.47918
2021-12-10,14373.015169
2021-12-13,14324.827097
2021-12-14,14306.941374
2021-12-15,14354.244362
2021-12-16,14348.870854
2021-12-17,14358.984996
2021-12-20,14409.793311
2021-12-21,14285.533422
2021-12-22,14248.995664
2021-12-23,14183.793103
2021-12-24,14187.947336
2021-12-27,14216.363154
2021-12-28,14232.203689
2021-12-29,14254.905777
2021-12-30,14260.993471
2021-12-31,14215.451174
2022-01-03,14268.621753
2022-01-04,14362.736058
2022-01-05,14367.89469
2022-01-06,14398.479894
2022-01-07,14328.58028
2022-01-10,14297.490723
2022-01-11,14309.624206
2022-01-12,14332.39226
2022-01-13,14288.598098
2022-01-14,14317.157334
2022-01-17,14327.571692
2022-01-18,14356.153778
2022-01-19,14353.265756
2022-01-20,14347.768566
2022-01-21,14314.59288
2022-01-24,14343.320948
2022-01-25,14349.964501
2022-01-26,14352.496231
2022-01-27,14383.888889
2022-01-28,14408.116358
2022-01-31,14375.008964
2022-02-01,14321.749556
2022-02-02,14346.003709
2022-02-03,14392.415382
2022-02-04,14386.915562
2022-02-07,14395.885385
2022-02-08,14392.00561
2022-02-09,14334.053345
2022-02-10,14328.359122
2022-02-11,14311.517912
2022-02-14,14307.644044
2022-02-15,14268.74394
2022-02-16,14274.138234
2022-02-17,14328.522427
2022-02-18,14360.128589
2022-02-21,14355.565355
2022-02-22,14366.002469
2022-02-23,14342.489422
2022-02-24,14399.355012
2022-02-25,14344.427603
2022-02-28,14376.926511
2022-03-01,14364.2358
2022-03-02,14388.645777
2022-03-03,14386.439148
2022-03-04,14388.59914
2022-03-07,14397.209729
2022-03-08,14358.942343
2022-03-09,14290.966979
2022-03-10,14277.291591
2022-03-11,14282.656961
2022-03-14,14305.228102
2022-03-15,14293.913202
2022-03-16,14271.748226
2022-03-17,14329.897747
2022-03-18,14336.945858
2022-03-21,14338.294981
2022-03-22,14339.631713
2022-03-23,14376.067365
2022-03-24,14372.663509
2022-03-25,14340.747137
2022-03-28,14351.422579
2022-03-29,14340.37889
2022-03-30,14342.297322
2022-03-31,14365.372489
2022-04-01,14375.226203
2022-04-04,14342.471604
2022-04-05,14342.939192
2022-04-06,14358.106747
2022-04-07,14375.549652
2022-04-08,14365.122917
2022-04-11,14365.394495
2022-04-12,14372.212503
2022-04-13,14362.737853
2022-04-14,14360.452289
2022-04-19,14346.33898
2022-04-20,14346.306556
2022-04-21,14351.079269
2022-04-22,14424.951465
2022-04-25,14455.462498
2022-04-26,14395.503092
2022-04-27,14419.219503
2022-04-28,14517.930377
2022-04-29,14517.571157
2022-05-02,14531.936526
2022-05-03,14483.203865
2022-05-04,14434.94445
2022-05-05,14431.226344
2022-05-06,14486.698202
2022-05-09,14554.096032
2022-05-10,14543.357969
2022-05-11,14506.652137
2022-05-12,14657.696003
2022-05-13,14630.284064
2022-05-16,14675.004798
2022-05-17,14641.144104
2022-05-18,14678.323672
2022-05-19,14647.752969
2022-05-20,14656.320318
2022-05-23,14643.962848
2022-05-24,14656.604478
2022-05-25,14627.993619
2022-05-26,14610.554361
2022-05-27,14534.573774
2022-05-30,14569.314381
2022-05-31,14543.21852
2022-06-01,14539.143017
2022-06-02,14479.854097
2022-06-03,14443.709226
2022-06-06,14417.984337
2022-06-07,14455.421122
2022-06-08,14505.87578
2022-06-09,14564.134785
2022-06-10,14552.155417
2022-06-13,14707.001435
2022-06-14,14734.041332
2022-06-15,14727.226536
2022-06-16,14833.951923
2022-06-17,14816.946405
2022-06-20,14823.51431
2022-06-21,14824.28436
2022-06-22,14845.527992
2022-06-23,14862.050891
2022-06-24,14855.530217
2022-06-27,14789.405978
2022-06-28,14837.524856
2022-06-29,14845.117429
2022-06-30,14972.561856
2022-07-01,14984.786571
2022-07-04,15001.559063
2022-07-05,15051.43829
2022-07-06,15021.607546
2022-07-07,14995.353635
2022-07-08,14966.771623
2022-07-11,14985.06635
2022-07-12,14991.087433
2022-07-13,15016.469653
2022-07-14,15112.003998
2022-07-15,14993.120589
2022-07-18,14961.632613
2022-07-19,14977.540264
2022-07-20,14977.762526
2022-07-21,15042.896362
2022-07-22,14990.863592
2022-07-25,14951.025791
2022-07-26,14999.278941
2022-07-27,14985.293538
2022-07-28,14925.498913
2022-07-29,14861.306138
2022-08-01,14857.040946
2022-08-02,14871.723396
2022-08-03,14895.379635
2022-08-04,14930.694431
2022-08-05,14889.279781
2022-08-08,14852.093342
2022-08-09,14849.609146
2022-08-10,14844.781506
2022-08-11,14718.446508
2022-08-12,14685.658726
2022-08-15,14754.644434
2022-08-16,14775.125851
2022-08-17,14773.524203
2022-08-18,14828.66968
2022-08-19,14871.603342
2022-08-22,14893.980602
2022-08-23,14851.697391
2022-08-24,14855.647272
2022-08-25,14797.542628
2022-08-26,14815.19936
2022-08-29,14891.938714
2022-08-30,14824.596372
2022-08-31,14849.93
2022-09-01,14872.05118
2022-09-02,14906.354448
2022-09-05,14902.046371
2022-09-06,14891.156326
2022-09-07,14951.411229
2022-09-08,14878.469378
2022-09-09,14832.650015
2022-09-12,14853.599212
2022-09-13,14839.479115
2022-09-14,14918.848849
2022-09-15,14937.29984
2022-09-16,14973.548322
2022-09-19,14990.42042
2022-09-20,15018.846385
2022-09-21,15007.349081
2022-09-22,14998.259814
2022-09-23,15067.972114
2022-09-26,15157.308729
2022-09-27,15143.633347
2022-09-28,15287.987454
2022-09-29,15182.330517
2022-09-30,15247.496922
2022-10-03,15331.616141
2022-10-04,15246.365383
2022-10-05,15190.93293
2022-10-06,15234.523327
2022-10-07,15242.56405
2022-10-10,15337.228009
2022-10-11,15356.196647
2022-10-12,15358.58232
2022-10-13,15353.588664
2022-10-14,15469.280642
2022-10-17,15465.448198
2022-10-18,15470.238943
2022-10-19,15529.862958
2022-10-20,15543.828356
2022-10-21,15620.883864
2022-10-24,15594.995432
2022-10-25,15624.297739
2022-10-26,15553.496957
2022-10-27,15571.445651
2022-10-28,15558.114762
2022-10-31,15623.915675
2022-11-01,15617.372072
2022-11-02,15636.425111
2022-11-03,15790.218394
2022-11-04,15692.676256
2022-11-07,15659.911938
2022-11-08,15659.023609
2022-11-09,15656.011555
2022-11-10,15687.763713
2022-11-11,15501.988747
2022-11-14,15555.887198
2022-11-15,15537.081892
2022-11-16,15605.426431
2022-11-17,15722.463417
2022-11-18,15651.514567
2022-11-21,15729.806754
2022-11-22,15677.233794
2022-11-23,15680.20339
2022-11-24,15649.044464
2022-11-25,15693.918072
2022-11-28,15712.940839
2022-11-29,15726.008103
2022-11-30,15682.160756
2022-12-01,15459.001339
2022-12-02,15353.748339
2022-12-05,15426.806461
2022-12-06,15634.737543
2022-12-07,15637.923829
2022-12-08,15613.575435
2022-12-09,15582.403637
2022-12-12,15645.360727
2022-12-13,15667.908962
2022-12-14,15587.858015
2022-12-15,15621.31626
2022-12-16,15609.256992
2022-12-19,15575.316097
2022-12-20,15602.500236
2022-12-21,15582.709665
2022-12-22,15542.095363
2022-12-23,15598.926756
2022-12-27,15644.371235
2022-12-28,15757.453008
2022-12-29,15663.799418
2022-12-30,15488.299269
2023-01-02,15568.454554
2023-01-03,15620.625889
2023-01-04,15571.997358
2023-01-05,15605.197623
2023-01-06,15684.095238
2023-01-09,15577.711294
2023-01-10,15550.750723
2023-01-11,15457.653299
2023-01-12,15276.754549
2023-01-13,15176.622896
2023-01-16,15108.240844
2023-01-17,15187.521904
2023-01-18,15044.930344
2023-01-19,15191.548775
2023-01-20,15118.852762
2023-01-23,15007.147457
2023-01-24,14974.258611
2023-01-25,14965.002758
2023-01-26,14960.045893
2023-01-27,14984.95168
2023-01-30,14982.371824
2023-01-31,15030.527093
2023-02-01,14961.878098
2023-02-02,14889.597743
2023-02-03,14915.150407
2023-02-06,15161.804009
2023-02-07,15176.757009
2023-02-08,15116.339078
2023-02-09,15114.613314
2023-02-10,15185.528531
2023-02-13,15233.426914
2023-02-14,15153.387861
2023-02-15,15252.850467
2023-02-16,15134
2023-02-17,15210.070588
2023-02-20,15157.101368
2023-02-21,15186.430983
2023-02-22,15199.285983
2023-02-23,15204.455539
2023-02-24,15230.056764
2023-02-27,15273.5361
2023-02-28,15249.477352
2023-03-01,15231.589292
2023-03-02,15319.783121
2023-03-03,15314.611399
2023-03-06,15335.393575
2023-03-07,15380.956399
2023-03-08,15448.572783
2023-03-09,15438.980481
2023-03-10,15494.946155
2023-03-13,15409.957033
2023-03-14,15360.892242
2023-03-15,15501.497772
2023-03-16,15446.163285
2023-03-17,15374.20691
2023-03-20,15352.598675
2023-03-21,15303.220119
2023-03-22,15266.648122
2023-03-23,15121.454178
2023-03-24,15184.78362
2023-03-27,15148.203843
2023-03-28,15084.770778
2023-03-29,15059.620171
2023-03-30,15043.211464
2023-03-31,14988.68046
2023-04-03,14967.00092
2023-04-04,14908.24695
2023-04-05,14927.696527
2023-04-06,14924.993129
2023-04-11,14913.571756
2023-04-12,14881.267167
2023-04-13,14729.850204
2023-04-14,14734.367369
2023-04-17,14843.110828
2023-04-18,14873.523514
2023-04-19,14991.50279
2023-04-20,14953.225512
2023-04-21,14960.001822
2023-04-24,14950
2023-04-25,14937.025948
2023-04-26,14846.969834
2023-04-27,14718.864336
2023-04-28,14672.525271
2023-05-02,14722.635659
2023-05-03,14680.222766
2023-05-04,14686.283186
2023-05-05,14669.048484
2023-05-08,14711.805744
2023-05-09,14745.14098
2023-05-10,14749.753425
2023-05-11,14710.997255
2023-05-12,14809.245318
2023-05-15,14793.628172
2023-05-16,14825.925926
2023-05-17,14884.236772
2023-05-18,14879.663368
2023-05-19,14923.334567
2023-05-22,14877.407134
2023-05-23,14883.783282
2023-05-24,14894.297636
2023-05-25,14942.552399
2023-05-26,14962.003535
2023-05-29,14960.401307
2023-05-30,14972.496277
2023-05-31,15005.513433
2023-06-01,14924.520894
2023-06-02,14843.277896
2023-06-05,14870.121609
2023-06-06,14875.241037
2023-06-07,14837.865074
2023-06-08,14882.61153
2023-06-09,14839.257885
2023-06-12,14860.055736
2023-06-13,14865.959418
2023-06-14,14895.179943
2023-06-15,14981.523246
2023-06-16,14944.145541
2023-06-19,14998.342794
2023-06-20,15009.704564
2023-06-21,14950.837682
2023-06-22,14953.108785
2023-06-23,15010.740537
2023-06-26,15056.072541
2023-06-27,15001.086659
2023-06-28,14992.667764
2023-06-29,15001.023953
2023-06-30,15078.722621
2023-07-03,15058.812735
2023-07-04,15013.547499
2023-07-05,15057.385789
2023-07-06,15066.455638
2023-07-07,15173.824394
2023-07-10,15202.2636
2023-07-11,15177.213577
2023-07-12,15068.771548
2023-07-13,14959.300662
2023-07-14,14970.029409
2023-07-17,14998.032057
2023-07-18,14983.971568
2023-07-19,14997.8257
2023-07-20,14984.067161
2023-07-21,15027.168929
2023-07-24,15020.917448
2023-07-25,15027.626459
2023-07-26,15046.550321
2023-07-27,15003.460674
2023-07-28,15095.767484
2023-07-31,15079.969155
2023-08-01,15120.337284
2023-08-02,15180.564406
2023-08-03,15168.331504
2023-08-04,15187.822035
2023-08-07,15193.035324
2023-08-08,15227.622442
2023-08-09,15191.384026
2023-08-10,15173.999455
2023-08-11,15277.998909
2023-08-14,15309.231473
2023-08-15,15339.657697
2023-08-16,15285.141077
2023-08-17,15345.706422
2023-08-18,15319.002485
2023-08-21,15326.815182
2023-08-22,15338.725085
2023-08-23,15292.864415
2023-08-24,15245
2023-08-25,15286.00111
2023-08-28,15287.99963
2023-08-29,15258.002407
2023-08-30,15239.996326
2023-08-31,15229.996319
2023-09-01,15240.003689
2023-09-04,15244.995834
2023-09-05,15272.108844
2023-09-06,15292.498837
2023-09-07,15325.004669
2023-09-08,15357.249626
2023-09-11,15365.00373
2023-09-12,15367.002707
2023-09-13,15375.552036
2023-09-14,15355.032619
2023-09-15,15367.995872
2023-09-18,15369.999062
2023-09-19,15379.996266
2023-09-20,15357.531303
2023-09-21,15374.997649
2023-09-22,15374.997652
2023-09-25,15381.453964
2023-09-26,15490.004715
2023-09-27,15551.850797
2023-09-28,15544.700636
2023-09-29,15464.999056
2023-10-02,15548.499525
2023-10-03,15604.651829
2023-10-04,15629.999047
2023-10-05,15605.301159
2023-10-06,15641.645366
2023-10-09,15690.00095
2023-10-10,15729.304479
2023-10-11,15722.548095
2023-10-12,15663.753649
2023-10-13,15683.00076
2023-10-16,15703.700892
2023-10-17,15714.996688
2023-10-18,15757.80407
2023-10-19,15855.39875
2023-10-20,15857.907657
2023-10-23,15939.001604
2023-10-24,15855.803236
2023-10-25,15878.347201
2023-10-26,15920
2023-10-27,15939.996205
2023-10-30,15890.004715
2023-10-31,15884.998587
2023-11-01,15946.702097
2023-11-02,15809.999062
2023-11-03,15664.249673
2023-11-06,15533.898147
2023-11-07,15662.099944
2023-11-08,15677.45291
2023-11-09,15640.651015
2023-11-10,15692.848451
2023-11-13,15700
2023-11-14,15704.354718
2023-11-15,15482.002208
2023-11-16,15579.002673
2023-11-17,15376.453274
2023-11-20,15447.995974
2023-11-21,15499.151073
2023-11-22,15602.098799
2023-11-23,15550
2023-11-24,15569.796629
2023-11-27,15482.001644
2023-11-28,15485.953055
2023-11-29,15439.599454
2023-11-30,15534.845851
2023-12-01,15485.204598
2023-12-04,15476.398601
2023-12-05,15475.695664
2023-12-06,15523.946929
2023-12-07,15539.847739
2023-12-08,15513.603044
2023-12-11,15671.24663
2023-12-12,15582.247316
2023-12-13,15631.797534
2023-12-14,15498.552981
2023-12-15,15556.550338
2023-12-18,15492.846675
2023-12-19,15505.902208
2023-12-20,15527.796053
2023-12-21,15468.697077
2023-12-22,15449.197133
2023-12-27,15418.246724
2023-12-28,15419.102033
2023-12-29,15456.751131
2024-01-02,15523.603505
2024-01-03,15563.998535
2024-01-04,15515.803889
2024-01-05,15536.498489
2024-01-08,15528.40307
2024-01-09,15545.146252
2024-01-10,15560.149826
2024-01-11,15550.004551
2024-01-12,15570.599525
2024-01-15,15561.096391
2024-01-16,15609.152729
2024-01-17,15630.449572
2024-01-18,15610.151724
2024-01-19,15607.449251
2024-01-22,15680.30303
2024-01-23,15711.101913
2024-01-24,15687.354425
2024-01-25,15851.051134
2024-01-26,15759.304572
2024-01-29,15824.752841
2024-01-30,15778.148626
2024-01-31,15757.395958
2024-02-01,15766.349177
2024-02-02,15632.197005
2024-02-05,15760.645822
2024-02-06,15739.951596
2024-02-07,15658.60245
2024-02-08,15656.646217
2024-02-09,15636.901225
2024-02-12,15587.654321
2024-02-13,15611.998518
2024-02-14,15604.545879
2024-02-15,15605.901517
2024-02-16,15636.497028
2024-02-19,15646.10245
2024-02-20,15660.451768
2024-02-21,15625.654547
2024-02-22,15588.70343
2024-02-23,15606.304227
2024-02-26,15630.796167
2024-02-27,15637.546057
2024-02-28,15713.452998
2024-02-29,15738.204323
2024-03-01,15721.899565
2024-03-04,15737.848055
2024-03-05,15743.100747
2024-03-06,15697.553798
2024-03-07,15638.549793
2024-03-08,15531.897183
2024-03-11,15486.847886
2024-03-12,15521.097472
2024-03-13,15576.45123
2024-03-14,15597.90389
2024-03-15,15617.903048
2024-03-18,15718.949688
2024-03-19,15744.895891
2024-03-20,15736.997418
2024-03-21,15670.79857
2024-03-22,15810.597801
2024-03-25,15783.045685
2024-03-26,15798.802395
2024-03-27,15897.004438
2024-03-28,15870.752012
2024-04-02,15911.601079
2024-04-03,15948.047853
2024-04-04,15880.197199
2024-04-05,15858.896781
2024-04-08,15908.39878
2024-04-09,15867.350695
2024-04-10,15849.401473
2024-04-11,16021.903253
2024-04-12,16120.803605
2024-04-15,16058.352102
2024-04-16,16202.04945
2024-04-17,16253.600301
2024-04-18,16181.000094
2024-04-19,16263.099596
2024-04-22,16252.699398
2024-04-23,16210.052464
2024-04-24,16168.500842
2024-04-25,16189.496269
2024-04-26,16227.151391
2024-04-29,16239.496269
2024-04-30,16255.000933
2024-05-02,16173.153861
2024-05-03,16053.30417
2024-05-06,16044.348552
2024-05-07,16064.703697
2024-05-08,16076.496323
2024-05-09,16072.046217
2024-05-10,16042.397254
2024-05-13,16092.051876
2024-05-14,16123.703223
2024-05-15,16008.253323
2024-05-16,15918.746549
2024-05-17,15968.351162
2024-05-20,15976.254489
2024-05-21,16001.454345
2024-05-22,16040
2024-05-23,16029.749401
2024-05-24,16031.254613
2024-05-27,16067.1032
2024-05-28,16077.752251
2024-05-29,16192.548586
2024-05-30,16240.101711
2024-05-31,16256.653151
2024-06-03,16228.896882
2024-06-04,16272.802577
2024-06-05,16337.950699
2024-06-06,16263.847216
2024-06-07,16192.34722
2024-06-10,16297.703607
2024-06-11,16298.60205
2024-06-12,16305.24849
2024-06-13,16253.551558
2024-06-14,16486.253041
2024-06-17,16458.504481
2024-06-18,16420.195987
2024-06-19,16382.947251
2024-06-20,16492.303387
2024-06-21,16465.054266
2024-06-24,16399.002796
2024-06-25,16389.49972
2024-06-26,16431.649359
2024-06-27,16389.304413
2024-06-28,16335.55348
2024-07-01,16350.860866
2024-07-02,16376.353807
2024-07-03,16378.248745
2024-07-04,16326
2024-07-05,16280.59867
2024-07-08,16265.399169
2024-07-09,16269.1511
2024-07-10,16219.796767
2024-07-11,16178.949793
2024-07-12,16116.749311
2024-07-15,16186.201522
2024-07-16,16174.298294
2024-07-17,16128.095848
2024-07-18,16164.446478
2024-07-19,16196.997245
2024-07-22,16208.798677
2024-07-23,16216.049724
2024-07-24,16244.551991
2024-07-25,16316.302645
2024-07-26,16292.854512
2024-07-29,16279.800314
2024-07-30,16335.846268
2024-07-31,16285.953085
2024-08-01,16265.696543
2024-08-02,16209.395478
2024-08-05,16190.497903
2024-08-06,16173.55016
2024-08-07,16058.752976
2024-08-08,15900.247027
2024-08-09,15950.746542
2024-08-12,15967.048055
2024-08-13,15843.198244
2024-08-14,15604.501316
2024-08-15,15702.651894
2024-08-16,15698.999454
2024-08-19,15589.44842
2024-08-20,15451.100686
2024-08-21,15515.653113
2024-08-22,15631.046251
2024-08-23,15558.951533
2024-08-26,15440.750694
2024-08-27,15543.200143
2024-08-28,15426.850769
2024-08-29,15406.448413
2024-08-30,15495.652566
2024-09-02,15540.900461
2024-09-03,15560.498414
2024-09-04,15498.950226
2024-09-05,15418.752816
2024-09-06,15413.897145
2024-09-09,15469.799873
2024-09-10,15453.304324
2024-09-11,15412.650548
2024-09-12,15438.852578
2024-09-13,15406.80444
2024-09-16,15365.800827
2024-09-17,15335.802137
2024-09-18,15311.048184
2024-09-19,15170.751165
2024-09-20,15161.696221
2024-09-23,15186.698444
2024-09-24,15176.8526
2024-09-25,15117.804181
2024-09-26,15130.999552
2024-09-27,15109.553683
2024-09-30,15162.450875
2024-10-01,15197.501353
2024-10-02,15277.599133
2024-10-03,15467.949995
2024-10-04,15563.097289
2024-10-07,15717.000546
2024-10-08,15646.603533
2024-10-09,15633.950899
2024-10-10,15702.149652
2024-10-11,15581.651125
2024-10-14,15593.046267
2024-10-15,15525.103183
2024-10-16,15526.548591
2024-10-17,15510.196945
2024-10-18,15491.804185
2024-10-21,15494.84935
2024-10-22,15565.40061
2024-10-23,15670.753227
2024-10-24,15579.751875
2024-10-25,15684.896074
2024-10-28,15729.349233
2024-10-29,15772.600705
2024-10-30,15688.146093
2024-10-31,15719.399008
2024-11-01,15739.347726
2024-11-04,15765.645635
2024-11-05,15765.999816
2024-11-06,15873.398784
2024-11-07,15659.851646
2024-11-08,15597.549202
2024-11-11,15726.298
2024-11-12,15795.5543
2024-11-13,15727.152131
2024-11-14,15953.498528
2024-11-15,15883.964849
2024-11-18,15857.40144
2024-11-19,15843.751182
2024-11-20,15896.648362
2024-11-21,15896.798404
2024-11-22,15913.945448
2024-11-25,15866.498333
2024-11-26,15877.90344
2024-11-27,15862.900009
2024-11-28,15874.350218
2024-11-29,15862.346147
2024-12-02,15897.801466
2024-12-03,15933.352359
2024-12-04,15923.999238
2024-12-05,15855
2024-12-06,15824.052547
2024-12-09,15878.046934
2024-12-10,15873.449226
2024-12-11,15932.302275
2024-12-12,15963.950052
2024-12-13,16020.346073
2024-12-16,16022.299486
2024-12-17,16138.001334
2024-12-18,16110.251524
2024-12-19,16313.496873
2024-12-20,16230.096246
2024-12-23,16181.651111
2024-12-24,16203.299663
2024-12-27,16217.297556
2024-12-30,16163.347376
2024-12-31,16191.048224
2025-01-02,16206.549753
2025-01-03,16218.904748
2025-01-06,16146.854019
2025-01-07,16159.847975
2025-01-08,16254.647093
2025-01-09,16199.699175
2025-01-10,16188.848991
2025-01-13,16317.846637
2025-01-14,16309.302099
2025-01-15,16381
2025-01-16,16406.25
2025-01-17,16398.698776
2025-01-20,16390.19969
2025-01-21,16338.447427
2025-01-22,16210.69616
2025-01-23,16239.648212
2025-01-24,16138.750955
2025-01-27,16151.348528
2025-01-28,16224.748105
2025-01-29,16239.899962
2025-01-30,16247.053735
2025-01-31,16300.596555
2025-02-03,16414.804361
2025-02-04,16318.597
2025-02-05,16315.198618
2025-02-06,16355
2025-02-07,16317.895345
2025-02-10,16344.602713
2025-02-11,16366.999225
2025-02-12,16348.746384
2025-02-13,16385.495669
2025-02-14,16205.697652
2025-02-17,16225.551418
2025-02-18,16337.302575
2025-02-19,16370.701553
2025-02-20,16290.14651
2025-02-21,16318.70043
2025-02-24,16285.648767
2025-02-25,16348.14709
2025-02-26,16374.253838
2025-02-27,16453.545862
2025-02-28,16548.045337
2025-03-03,16451.103679
2025-03-04,16413.895993
2025-03-05,16361.501777
2025-03-06,16367.951093
2025-03-07,16270.046974
2025-03-10,16356.846473
2025-03-11,16438.251466
2025-03-12,16469.998163
2025-03-13,16435.34626
2025-03-14,16357.452475
2025-03-17,16379.400165
2025-03-18,16512.401539
2025-03-19,16525.704322
2025-03-20,16509.55414
2025-03-21,16511.203473
2025-03-24,16559.247967
2025-03-25,16565.053118
2025-03-26,16612.903226
2025-03-27,16585.303662
2025-03-28,16587.496527
2025-03-31,16637.050393
2025-04-01,16743.047831
2025-04-02,16715.995557
2025-04-03,16714.34622
2025-04-04,16958.252691
2025-04-07,16952.001459
2025-04-08,16915.853881
2025-04-09,16944.599366
2025-04-10,16834.154485
2025-04-11,16855.200071
2025-04-14,16810.354223
2025-04-15,16853.320381
2025-04-16,16798.599736
2025-04-17,16868.248239
2025-04-22,16842.201115
2025-04-23,16875.751205
2025-04-24,16851.898734
2025-04-25,16853.702562
2025-04-28,16811.947526
2025-04-29,16758.348721
2025-04-30,16620.047481
2025-05-02,16443.700961
2025-05-05,16433.897558
2025-05-06,16417.253863
2025-05-07,16516.602113
2025-05-08,16501.354342
2025-05-09,16536.251333
2025-05-12,16659.202233
2025-05-13,16660.403168
2025-05-14,16535.500268
2025-05-15,16525.301743
2025-05-16,16462.051099
2025-05-19,16455.096786
2025-05-20,16423.396495
2025-05-21,16329.652858
2025-05-22,16334.751083
2025-05-23,16266.595876
2025-05-26,16252.148317
2025-05-27,16282.502642
2025-05-28,16319.952284
2025-05-29,16298.253701
2025-05-30,16332.948232
2025-06-02,16274.954024
2025-06-03,16318.751098
2025-06-04,16313.949403
2025-06-05,16255.397006
2025-06-06,16313.74989
2025-06-09,16289.000876
2025-06-10,16265.150057
2025-06-11,16282.095688
2025-06-12,16221.252372
2025-06-13,16316.600069
2025-06-16,16287.54968
2025-06-17,16297.052213
2025-06-18,16361.001043
2025-06-19,16383.899634
2025-06-20,16404.003474
2025-06-23,16502.301255
2025-06-24,16323.899371
2025-06-25,16308.096223
2025-06-26,16237.400599
2025-06-27,16213.25188
2025-06-30,16229.547782
2025-07-01,16202.99746
2025-07-02,16239.047214
2025-07-03,16220.80292
2025-07-04,16194.10215
2025-07-07,16251.850273
2025-07-08,16272.751323
2025-07-09,16261.446401
2025-07-10,16237.253395
2025-07-11,16216.297184
2025-07-14,16274.747648
2025-07-15,16262.948993
2025-07-16,16296.10412
2025-07-17,16349.848864
2025-07-18,16305.201717
2025-07-21,16314.802434
2025-07-22,16315.497051
2025-07-23,16295.403377
2025-07-24,16293.645798
2025-07-25,16337.401911
2025-07-28,16376.600309
2025-07-29,16412.199775
2025-07-30,16411.451375
2025-07-31,16497.352787
2025-08-01,16519.703613
2025-08-04,16372.952875
2025-08-05,16379.949766
2025-08-06,16357.902447
2025-08-07,16309.748347
2025-08-08,16260.800137
2025-08-11,16309.903631
2025-08-12,16311.502671
2025-08-13,16128.750747
2025-08-14,16104.39692
2025-08-15,16183.196441
2025-08-18,16220.5003
2025-08-19,16255.452833
2025-08-20,16281.546648
2025-08-21,16316.848527
2025-08-22,16373.854238
2025-08-25,16244.849107
2025-08-26,16313.2035
2025-08-27,16422.79824
2025-08-28,16321.702638
2025-08-29,16475.699091
2025-09-01,16431.30175
2025-09-02,16409.29933
2025-09-03,16451.154209
2025-09-04,16445.754271
2025-09-05,16420.449688
2025-09-08,16526.202251
2025-09-09,16423.203338
2025-09-10,16486.751516
2025-09-11,16483.953787
2025-09-12,16438.453661
2025-09-15,16418.697943
2025-09-16,16408.198526
2025-09-17,16463.04807
2025-09-18,16544.897614
2025-09-19,16650.945808
2025-09-22,16582.302012
2025-09-23,16653.853981
2025-09-24,16698.400817
2025-09-25,16783.950933
2025-09-26,16709.047293
2025-09-29,16670.80099
2025-09-30,16675.700537
2025-10-01,16632.002729
2025-10-02,16615.501106
2025-10-03,16564.453724
2025-10-06,16615.396472
2025-10-07,16570.701183
2025-10-08,16595.200826
2025-10-09,16559.84842
2025-10-10,16589.65249
2025-10-13,16582.453107
2025-10-14,16629.749849
2025-10-15,16602.546894
2025-10-16,16606.996309
2025-10-17,16578.751819
2025-10-20,16562.496782
2025-10-21,16604.350823
2025-10-22,16618.62432
2025-10-23,16624.687311
2025-10-24,16608.000344
2025-10-27,16618.402062
2025-10-28,16615.296647
2025-10-29,16562.701959
2025-10-30,16665.800866
2025-10-31,16661.90064
2025-11-03,16710.300504
2025-11-04,16720.999043
2025-11-05,16703.950574
2025-11-06,16677.152519
2025-11-07,16697.396419
2025-11-10,16692.196007
2025-11-11,16727.645788
2025-11-12,16760.297167
2025-11-13,16711.446768
2025-11-14,16702.747253
2025-11-17,16735.348917
2025-11-18,16756.100086
2025-11-19,16717.896918
2025-11-20,16748.896995
2025-11-21,16717.751736
2025-11-24,16632.952183
2025-11-25,16609.150723
2025-11-26,16649.002332
2025-11-27,16639.996548
2025-11-28,16660.098565
2025-12-01,16589.996565
2025-12-02,16624.900982
2025-12-03,16623.003085
2025-12-04,16654.851706
2025-12-05,16671.249463
2025-12-08,16693.247533
2025-12-09,16673.653003
2025-12-10,16683.298951
2025-12-11,16675.951852
2025-12-12,16652.399625
2025-12-15,16682.600187
2025-12-16,16665.497622
2025-12-17,16691.904112
2025-12-18,16717.347897
2025-12-19,16735.502049
2025-12-22,16775.998297
2025-12-23,16786.865773
2025-12-24,16747.501485
2025-12-29,16771.052184
2025-12-30,16765.348303
2025-12-31,16715.6
2026-01-02,16716.201689
2026-01-05,16739.497599
2026-01-06,16770.000854
2026-01-07,16768.247176
2026-01-08,16835.845824
2026-01-09,16859.852259
2026-01-12,16893.003763
2026-01-13,16863.600481
2026-01-14,16871.453094
2026-01-15,16896.902959
2026-01-16,16918.10278
2026-01-19,16973.200929
2026-01-20,16946.145975
2026-01-21,16910.75049
2026-01-22,16874.995729
2026-01-23,16823.258389
2026-01-26,16777.298074
2026-01-27,16715.567105
2026-01-28,16742.1079
2026-01-29,16782.252674
2026-01-30,16788.321168
2026-02-02,16798.986486
2026-02-03,16769.765274
2026-02-04,16793.57022
2026-02-05,16867.265638
2026-02-06,16872.986264
2026-02-09,16826.518593
2026-02-10,16786.6151
2026-02-11,16800
2026-02-12,16829.998316
2026-02-13,16822.997808
2026-02-16,16818.22016
2026-02-17,16829.00389
2026-02-18,16884.761503
2026-02-19,16918.199609
2026-02-20,16888.646214
2026-02-23,16822.199593
2026-02-24,16832.453087
2026-02-25,16814.197217
2026-02-26,16767.597765
2026-02-27,16801.101228
2026-03-02,16876.696871
2026-03-03,16894.545925
2026-03-04,16854.596961
2026-03-05,16908.848339
2026-03-06,16973.497102
2026-03-09,16941.202942
2026-03-10,16866.300146
2026-03-11,16898.247129
2026-03-12,16885.849138
2026-03-13,16900.548972
2026-03-16,16964.845792
2026-03-17,16958.000173
2026-03-18,16994
2026-03-19,16960.19671
2026-03-20,16925.40026
2026-03-23,16896.35219
2026-03-24,16890.597995
2026-03-25,16858.100414
2026-03-26,16917.696507
2026-03-27,16982.747243
2026-03-30,17017.502612
2026-03-31,16964.898243
2026-04-01,16914.554072
2026-04-02,17010.646421
2026-04-07,17070.147962
2026-04-08,16976.302751
2026-04-09,17097.252888
2026-04-10,17095.252327
2026-04-13,17187.649777
2026-04-14,17131.052319
2026-04-15,17154.10017
2026-04-16,17139.500934
2026-04-17,17180.198356
2026-04-20,17129.60034
2026-04-21,17127.602617
2026-04-22,17199.249979
2026-04-23,17276.800068
2026-04-24,17243.647541
2026-04-27,17208.851817
2026-04-28,17284.597603
2026-04-29,17348.650265
2026-04-30,17345.701589
2026-05-04,17409
2026-05-05,17453.303098
2026-05-06,17328.251998
2026-05-07,17298.453696
2026-05-08,17365.946773
2026-05-11,17424.598385
2026-05-12,17497.197138
2026-05-13,17496.346564
2026-05-14,17464.997436
2026-05-15,17588.69969
2026-05-18,17683.052885
2026-05-19,17743.046472
2026-05-20,17700.551724
2026-05-21,17677.403224
2026-05-22,17694.299267
2026-05-25,17734.25234
2026-05-26,17834.803163
2026-05-27,17837.200309
2026-05-28,17851.002841
2026-05-29,17816.248712
2026-06-01,17834.999141
2026-06-02,17827.650442
2026-06-03,17961.701395
2026-06-04,18025.953608
2026-06-05,18070.498282
2026-06-08,18150.450607
2026-06-09,17950.246263
2026-06-10,17909.801543
2026-06-11,17973.996706
2026-06-12,17787.447048
2026-06-15,17719.548548
2026-06-16,17721.649129
2026-06-17,17803.054094
2026-06-18,17875.49952
2026-06-19,17808.101509
2026-06-22,17837.59602
2026-06-23,17921.453652
2026-06-24,17977.045855
2026-06-25,17982.101922
2026-06-26,17859.100079
2026-06-29,17852.700333
2026-06-30,17903.20344
2026-07-01,17960.89783
2026-07-02,18020.89657
2026-07-03,17963.548218
2026-07-06,18016.101621
2026-07-07,17891.402082
2026-07-08,18088.951245
2026-07-09,18105.596852
2026-07-10,18076.552931
2026-07-13,18047.89916
2026-07-14,18060.447172
2026-07-15,18071.295809
2026-07-16,17985.349263
2026-07-17,17944.652383
2026-07-20,17949.947488
2026-07-21,17898.003153
2026-07-22,17918.75
2026-07-23,17964.597963
2026-07-24,17929.550848
2026-07-27,18052.647291
2026-07-28,18102.199349
2026-07-29,18072.346221
2026-07-30,18078.502963
2026-07-31,18052.398781
2026-08-03,17977.451235
2026-08-04,17987.103778
2026-08-05,17870.901852
2026-08-06,17899.549471
2026-08-07,17845.652362
2026-08-10,17760.051926
2026-08-11,17837.746967
2026-08-12,17843.100909
2026-08-13,17856.147044
2026-08-14,17786.400968
2026-08-17,17816.199431
2026-08-18,17862.249482
2026-08-19,17832.098234
2026-08-20,17796.952316
2026-08-21,17659.099068
2026-08-24,17713.400206
2026-08-25,17684.102212
2026-08-26,17712.451795
2026-08-27,17737.449549
2026-08-28,17717.151937
2026-08-31,17710.003449
2026-09-01,17744.70233
2026-09-02,17715.650371
2026-09-03,17646.947912
2026-09-04,17635.553261
2026-09-07,17646.954053
2026-09-08,17596.796969
2026-09-09,17475.798146
2026-09-10,17574.147727
2026-09-11,17602.648378
2026-09-14,17659.648515
2026-09-15,17696.854147
2026-09-16,17670.252232
2026-09-17,17727.096943
2026-09-18,17822.696335
2026-09-21,17869.503916
2026-09-22,17819.645817
2026-09-23,17794.952239
2026-09-24,17932.699921
2026-09-25,17913.899851
2026-09-28,17976.603973
2026-09-29,17921.699692
2026-09-30,17891.096433
2026-10-01,17945.397415
2026-10-02,17950.396437
2026-10-05,17913.14709
2026-10-06,17840.802201
