date,value
1981-01-02,2.093
1981-01-05,2.081
1981-01-06,2.08
1981-01-07,2.08
1981-01-08,2.0815
1981-01-09,2.0865
1981-01-12,2.0835
1981-01-13,2.0945
1981-01-14,2.0875
1981-01-15,2.085
1981-01-16,2.079
1981-01-19,2.0765
1981-01-20,2.072
1981-01-21,2.0675
1981-01-22,2.079
1981-01-23,2.082
1981-01-26,2.083
1981-01-27,2.079
1981-01-28,2.0725
1981-01-29,2.074
1981-01-30,2.088
1981-02-02,2.08
1981-02-03,2.08
1981-02-04,2.07
1981-02-05,2.073
1981-02-06,2.077
1981-02-09,2.074
1981-02-10,2.081
1981-02-11,2.0765
1981-02-13,2.095
1981-02-17,2.0965
1981-02-18,2.097
1981-02-19,2.093
1981-02-20,2.085
1981-02-23,2.092
1981-02-24,2.097
1981-02-25,2.0985
1981-02-26,2.096
1981-02-27,2.103
1981-03-02,2.108
1981-03-03,2.11
1981-03-04,2.1065
1981-03-05,2.1105
1981-03-06,2.109
1981-03-09,2.104
1981-03-10,2.1015
1981-03-11,2.1
1981-03-12,2.1115
1981-03-13,2.106
1981-03-16,2.101
1981-03-17,2.1
1981-03-18,2.081
1981-03-19,2.085
1981-03-20,2.088
1981-03-23,2.0995
1981-03-24,2.097
1981-03-25,2.091
1981-03-26,2.0945
1981-03-27,2.091
1981-03-30,2.0865
1981-03-31,2.091
1981-04-01,2.09
1981-04-02,2.093
1981-04-03,2.096
1981-04-06,2.099
1981-04-07,2.104
1981-04-08,2.102
1981-04-09,2.1005
1981-04-10,2.103
1981-04-13,2.1105
1981-04-14,2.1145
1981-04-15,2.115
1981-04-16,2.113
1981-04-17,2.118
1981-04-20,2.12
1981-04-21,2.124
1981-04-22,2.121
1981-04-23,2.12
1981-04-24,2.12
1981-04-27,2.112
1981-04-28,2.114
1981-04-29,2.121
1981-04-30,2.12
1981-05-01,2.124
1981-05-04,2.131
1981-05-05,2.1405
1981-05-06,2.138
1981-05-07,2.146
1981-05-08,2.132
1981-05-11,2.1435
1981-05-12,2.154
1981-05-13,2.1545
1981-05-14,2.16
1981-05-15,2.157
1981-05-18,2.1535
1981-05-19,2.155
1981-05-20,2.146
1981-05-21,2.1525
1981-05-22,2.156
1981-05-26,2.162
1981-05-27,2.162
1981-05-28,2.158
1981-05-29,2.156
1981-06-01,2.154
1981-06-02,2.156
1981-06-03,2.156
1981-06-04,2.17
1981-06-05,2.17
1981-06-08,2.163
1981-06-09,2.165
1981-06-10,2.154
1981-06-11,2.158
1981-06-12,2.1525
1981-06-15,2.128
1981-06-16,2.126
1981-06-17,2.131
1981-06-18,2.132
1981-06-19,2.131
1981-06-22,2.1325
1981-06-23,2.13
1981-06-24,2.126
1981-06-25,2.133
1981-06-26,2.1325
1981-06-29,2.134
1981-06-30,2.132
1981-07-01,2.138
1981-07-02,2.155
1981-07-03,2.152
1981-07-06,2.161
1981-07-07,2.1585
1981-07-08,2.165
1981-07-09,2.163
1981-07-10,2.151
1981-07-13,2.1555
1981-07-14,2.162
1981-07-15,2.152
1981-07-16,2.155
1981-07-17,2.1575
1981-07-20,2.1585
1981-07-21,2.1655
1981-07-22,2.162
1981-07-23,2.1625
1981-07-24,2.1555
1981-07-27,2.16
1981-07-28,2.158
1981-07-29,2.161
1981-07-30,2.164
1981-07-31,2.16
1981-08-03,2.188
1981-08-04,2.182
1981-08-05,2.168
1981-08-06,2.1745
1981-08-07,2.173
1981-08-10,2.184
1981-08-11,2.175
1981-08-12,2.152
1981-08-13,2.1725
1981-08-14,2.174
1981-08-17,2.173
1981-08-18,2.174
1981-08-19,2.178
1981-08-20,2.165
1981-08-21,2.163
1981-08-24,2.167
1981-08-25,2.17
1981-08-26,2.16
1981-08-27,2.1585
1981-08-28,2.1545
1981-08-31,2.161
1981-09-01,2.162
1981-09-02,2.159
1981-09-03,2.166
1981-09-04,2.167
1981-09-08,2.164
1981-09-09,2.164
1981-09-10,2.163
1981-09-11,2.162
1981-09-14,2.158
1981-09-15,2.157
1981-09-16,2.154
1981-09-17,2.145
1981-09-18,2.139
1981-09-21,2.119
1981-09-22,2.125
1981-09-23,2.123
1981-09-24,2.128
1981-09-25,2.1205
1981-09-28,2.119
1981-09-29,2.1175
1981-09-30,2.116
1981-10-01,2.12
1981-10-02,2.118
1981-10-05,2.116
1981-10-06,2.114
1981-10-07,2.103
1981-10-08,2.105
1981-10-09,2.095
1981-10-13,2.0825
1981-10-14,2.086
1981-10-15,2.082
1981-10-16,2.0895
1981-10-19,2.087
1981-10-20,2.088
1981-10-21,2.088
1981-10-22,2.093
1981-10-23,2.099
1981-10-26,2.093
1981-10-27,2.1045
1981-10-28,2.107
1981-10-29,2.097
1981-10-30,2.085
1981-11-02,2.081
1981-11-04,2.085
1981-11-05,2.084
1981-11-06,2.074
1981-11-09,2.069
1981-11-10,2.0695
1981-11-12,2.06
1981-11-13,2.055
1981-11-16,2.0605
1981-11-17,2.0565
1981-11-18,2.053
1981-11-19,2.043
1981-11-20,2.0465
1981-11-23,2.056
1981-11-24,2.056
1981-11-25,2.0525
1981-11-27,2.044
1981-11-30,2.052
1981-12-01,2.054
1981-12-02,2.054
1981-12-03,2.052
1981-12-04,2.047
1981-12-07,2.048
1981-12-08,2.047
1981-12-09,2.047
1981-12-10,2.0485
1981-12-11,2.046
1981-12-14,2.0645
1981-12-15,2.061
1981-12-16,2.056
1981-12-17,2.06
1981-12-18,2.061
1981-12-21,2.062
1981-12-22,2.056
1981-12-23,2.055
1981-12-24,2.055
1981-12-28,2.05
1981-12-29,2.05
1981-12-30,2.048
1981-12-31,2.045
1982-01-04,2.045
1982-01-05,2.0495
1982-01-06,2.044
1982-01-07,2.045
1982-01-08,2.045
1982-01-11,2.048
1982-01-12,2.052
1982-01-13,2.0505
1982-01-14,2.057
1982-01-15,2.066
1982-01-18,2.068
1982-01-19,2.059
1982-01-20,2.0695
1982-01-21,2.07
1982-01-22,2.068
1982-01-25,2.078
1982-01-26,2.069
1982-01-27,2.075
1982-01-28,2.078
1982-01-29,2.078
1982-02-01,2.087
1982-02-02,2.096
1982-02-03,2.1005
1982-02-04,2.101
1982-02-05,2.102
1982-02-08,2.1095
1982-02-09,2.1195
1982-02-10,2.119
1982-02-11,2.1175
1982-02-16,2.129
1982-02-17,2.128
1982-02-18,2.12
1982-02-19,2.109
1982-02-22,2.102
1982-02-23,2.104
1982-02-24,2.105
1982-02-25,2.1085
1982-02-26,2.114
1982-03-01,2.117
1982-03-02,2.114
1982-03-03,2.114
1982-03-04,2.114
1982-03-05,2.1
1982-03-08,2.103
1982-03-09,2.122
1982-03-10,2.116
1982-03-11,2.123
1982-03-12,2.1285
1982-03-15,2.116
1982-03-16,2.123
1982-03-17,2.123
1982-03-18,2.1205
1982-03-19,2.127
1982-03-22,2.128
1982-03-23,2.126
1982-03-24,2.124
1982-03-25,2.129
1982-03-26,2.129
1982-03-29,2.1315
1982-03-30,2.132
1982-03-31,2.1305
1982-04-01,2.128
1982-04-02,2.128
1982-04-05,2.135
1982-04-06,2.139
1982-04-07,2.137
1982-04-08,2.146
1982-04-09,2.146
1982-04-12,2.1435
1982-04-13,2.144
1982-04-14,2.144
1982-04-15,2.1505
1982-04-16,2.154
1982-04-19,2.147
1982-04-20,2.1325
1982-04-21,2.1265
1982-04-22,2.132
1982-04-23,2.134
1982-04-26,2.116
1982-04-27,2.12
1982-04-28,2.112
1982-04-29,2.106
1982-04-30,2.102
1982-05-03,2.101
1982-05-04,2.104
1982-05-05,2.097
1982-05-06,2.0875
1982-05-07,2.08
1982-05-10,2.081
1982-05-11,2.083
1982-05-12,2.081
1982-05-13,2.093
1982-05-14,2.094
1982-05-17,2.0885
1982-05-18,2.094
1982-05-19,2.089
1982-05-20,2.084
1982-05-21,2.0745
1982-05-24,2.082
1982-05-25,2.088
1982-05-26,2.09
1982-05-27,2.0905
1982-05-28,2.09
1982-06-01,2.104
1982-06-02,2.109
1982-06-03,2.1015
1982-06-04,2.103
1982-06-07,2.114
1982-06-08,2.1165
1982-06-09,2.12
1982-06-10,2.127
1982-06-11,2.118
1982-06-14,2.129
1982-06-15,2.132
1982-06-16,2.1425
1982-06-17,2.153
1982-06-18,2.163
1982-06-21,2.174
1982-06-22,2.1615
1982-06-23,2.1705
1982-06-24,2.1575
1982-06-25,2.163
1982-06-28,2.163
1982-06-29,2.157
1982-06-30,2.154
1982-07-01,2.156
1982-07-02,2.152
1982-07-06,2.153
1982-07-07,2.16
1982-07-08,2.162
1982-07-09,2.156
1982-07-12,2.148
1982-07-13,2.153
1982-07-14,2.154
1982-07-15,2.1535
1982-07-16,2.151
1982-07-19,2.151
1982-07-20,2.142
1982-07-21,2.134
1982-07-22,2.133
1982-07-23,2.124
1982-07-26,2.12
1982-07-27,2.1435
1982-07-28,2.142
1982-07-29,2.1395
1982-07-30,2.147
1982-08-02,2.135
1982-08-03,2.137
1982-08-04,2.155
1982-08-05,2.1535
1982-08-06,2.167
1982-08-09,2.171
1982-08-10,2.165
1982-08-11,2.175
1982-08-12,2.179
1982-08-13,2.173
1982-08-16,2.201
1982-08-17,2.186
1982-08-18,2.1515
1982-08-19,2.157
1982-08-20,2.149
1982-08-23,2.152
1982-08-24,2.142
1982-08-25,2.142
1982-08-26,2.148
1982-08-27,2.1515
1982-08-30,2.161
1982-08-31,2.155
1982-09-01,2.151
1982-09-02,2.15
1982-09-03,2.146
1982-09-07,2.149
1982-09-08,2.151
1982-09-09,2.152
1982-09-10,2.1615
1982-09-13,2.165
1982-09-14,2.166
1982-09-15,2.165
1982-09-16,2.1705
1982-09-17,2.165
1982-09-20,2.1655
1982-09-21,2.173
1982-09-22,2.172
1982-09-23,2.174
1982-09-24,2.176
1982-09-27,2.192
1982-09-28,2.186
1982-09-29,2.185
1982-09-30,2.194
1982-10-01,2.187
1982-10-04,2.211
1982-10-05,2.214
1982-10-06,2.217
1982-10-07,2.196
1982-10-08,2.184
1982-10-12,2.181
1982-10-13,2.186
1982-10-14,2.188
1982-10-15,2.19
1982-10-18,2.1885
1982-10-19,2.19
1982-10-20,2.193
1982-10-21,2.193
1982-10-22,2.194
1982-10-25,2.204
1982-10-26,2.208
1982-10-27,2.212
1982-10-28,2.211
1982-10-29,2.221
1982-11-01,2.217
1982-11-03,2.211
1982-11-04,2.218
1982-11-05,2.216
1982-11-08,2.218
1982-11-09,2.218
1982-11-10,2.207
1982-11-12,2.2195
1982-11-15,2.2175
1982-11-16,2.216
1982-11-17,2.212
1982-11-18,2.212
1982-11-19,2.2195
1982-11-22,2.204
1982-11-23,2.211
1982-11-24,2.206
1982-11-26,2.206
1982-11-29,2.203
1982-11-30,2.202
1982-12-01,2.1925
1982-12-02,2.191
1982-12-03,2.1865
1982-12-06,2.163
1982-12-07,2.164
1982-12-08,2.161
1982-12-09,2.165
1982-12-10,2.163
1982-12-13,2.167
1982-12-14,2.165
1982-12-15,2.162
1982-12-16,2.153
1982-12-17,2.15
1982-12-20,2.156
1982-12-21,2.147
1982-12-22,2.138
1982-12-23,2.1375
1982-12-24,2.1575
1982-12-27,2.124
1982-12-28,2.1175
1982-12-29,2.115
1982-12-30,2.113
1982-12-31,2.1125
1983-01-03,2.103
1983-01-04,2.101
1983-01-05,2.0895
1983-01-06,2.087
1983-01-07,2.085
1983-01-10,2.0675
1983-01-11,2.071
1983-01-12,2.068
1983-01-13,2.068
1983-01-14,2.069
1983-01-17,2.069
1983-01-18,2.07
1983-01-19,2.072
1983-01-20,2.068
1983-01-21,2.071
1983-01-24,2.0845
1983-01-25,2.082
1983-01-26,2.076
1983-01-27,2.074
1983-01-28,2.0675
1983-01-31,2.069
1983-02-01,2.087
1983-02-02,2.1
1983-02-03,2.089
1983-02-04,2.09
1983-02-07,2.098
1983-02-08,2.083
1983-02-09,2.0795
1983-02-10,2.071
1983-02-11,2.067
1983-02-14,2.07
1983-02-15,2.061
1983-02-16,2.061
1983-02-17,2.068
1983-02-18,2.067
1983-02-22,2.062
1983-02-23,2.078
1983-02-24,2.067
1983-02-25,2.066
1983-02-28,2.075
1983-03-01,2.0765
1983-03-02,2.079
1983-03-03,2.079
1983-03-04,2.076
1983-03-07,2.0785
1983-03-08,2.087
1983-03-09,2.0835
1983-03-10,2.08
1983-03-11,2.0815
1983-03-14,2.079
1983-03-15,2.0795
1983-03-16,2.082
1983-03-17,2.085
1983-03-18,2.089
1983-03-21,2.095
1983-03-22,2.0875
1983-03-23,2.091
1983-03-24,2.0895
1983-03-25,2.0955
1983-03-28,2.099
1983-03-29,2.0975
1983-03-30,2.088
1983-03-31,2.085
1983-04-01,2.085
1983-04-04,2.0885
1983-04-05,2.092
1983-04-06,2.1125
1983-04-07,2.101
1983-04-08,2.1075
1983-04-11,2.102
1983-04-12,2.101
1983-04-13,2.103
1983-04-14,2.1075
1983-04-15,2.104
1983-04-18,2.1065
1983-04-19,2.105
1983-04-20,2.1035
1983-04-21,2.0985
1983-04-22,2.0995
1983-04-25,2.097
1983-04-26,2.103
1983-04-27,2.101
1983-04-28,2.1015
1983-04-29,2.102
1983-05-02,2.103
1983-05-03,2.099
1983-05-04,2.097
1983-05-05,2.0945
1983-05-06,2.09
1983-05-09,2.0865
1983-05-10,2.0905
1983-05-11,2.084
1983-05-12,2.0875
1983-05-13,2.088
1983-05-16,2.09
1983-05-17,2.0925
1983-05-18,2.0895
1983-05-19,2.091
1983-05-20,2.0895
1983-05-23,2.092
1983-05-24,2.093
1983-05-25,2.092
1983-05-26,2.092
1983-05-27,2.093
1983-05-31,2.098
1983-06-01,2.106
1983-06-02,2.1045
1983-06-03,2.107
1983-06-06,2.1185
1983-06-07,2.1175
1983-06-08,2.1215
1983-06-09,2.118
1983-06-10,2.12
1983-06-13,2.119
1983-06-14,2.124
1983-06-15,2.131
1983-06-16,2.1225
1983-06-17,2.1185
1983-06-20,2.1185
1983-06-21,2.1225
1983-06-22,2.116
1983-06-23,2.119
1983-06-24,2.1205
1983-06-27,2.1235
1983-06-28,2.128
1983-06-29,2.129
1983-06-30,2.131
1983-07-01,2.131
1983-07-05,2.131
1983-07-06,2.128
1983-07-07,2.132
1983-07-08,2.129
1983-07-11,2.129
1983-07-12,2.129
1983-07-13,2.1265
1983-07-14,2.129
1983-07-15,2.129
1983-07-18,2.131
1983-07-19,2.1295
1983-07-20,2.123
1983-07-21,2.125
1983-07-22,2.124
1983-07-25,2.1315
1983-07-26,2.1315
1983-07-27,2.131
1983-07-28,2.1315
1983-07-29,2.1365
1983-08-01,2.1485
1983-08-02,2.141
1983-08-03,2.141
1983-08-04,2.1415
1983-08-05,2.1485
1983-08-08,2.1495
1983-08-09,2.147
1983-08-10,2.153
1983-08-11,2.156
1983-08-12,2.1545
1983-08-15,2.151
1983-08-16,2.138
1983-08-17,2.128
1983-08-18,2.1295
1983-08-19,2.1315
1983-08-22,2.1285
1983-08-23,2.1305
1983-08-24,2.1295
1983-08-25,2.1335
1983-08-26,2.142
1983-08-29,2.1435
1983-08-30,2.144
1983-08-31,2.1475
1983-09-01,2.147
1983-09-02,2.147
1983-09-06,2.1455
1983-09-07,2.147
1983-09-08,2.141
1983-09-09,2.136
1983-09-12,2.1335
1983-09-13,2.138
1983-09-14,2.145
1983-09-15,2.144
1983-09-16,2.1395
1983-09-19,2.142
1983-09-20,2.139
1983-09-21,2.1415
1983-09-22,2.1435
1983-09-23,2.142
1983-09-26,2.138
1983-09-27,2.145
1983-09-28,2.141
1983-09-29,2.1415
1983-09-30,2.138
1983-10-03,2.137
1983-10-04,2.138
1983-10-05,2.136
1983-10-06,2.133
1983-10-07,2.134
1983-10-11,2.135
1983-10-12,2.136
1983-10-13,2.1345
1983-10-14,2.1365
1983-10-17,2.1345
1983-10-18,2.1325
1983-10-19,2.133
1983-10-20,2.1335
1983-10-21,2.133
1983-10-24,2.136
1983-10-25,2.1345
1983-10-26,2.136
1983-10-27,2.1365
1983-10-28,2.135
1983-10-31,2.136
1983-11-01,2.137
1983-11-02,2.1365
1983-11-03,2.1345
1983-11-04,2.136
1983-11-07,2.136
1983-11-09,2.1345
1983-11-10,2.134
1983-11-14,2.131
1983-11-15,2.131
1983-11-16,2.131
1983-11-17,2.1325
1983-11-18,2.1325
1983-11-21,2.1335
1983-11-22,2.1325
1983-11-23,2.132
1983-11-25,2.1333
1983-11-28,2.133
1983-11-29,2.1315
1983-11-30,2.1325
1983-12-01,2.13
1983-12-02,2.1295
1983-12-05,2.131
1983-12-06,2.1315
1983-12-07,2.132
1983-12-08,2.131
1983-12-09,2.134
1983-12-12,2.135
1983-12-13,2.1385
1983-12-14,2.1335
1983-12-15,2.134
1983-12-16,2.138
1983-12-19,2.134
1983-12-20,2.131
1983-12-21,2.131
1983-12-22,2.129
1983-12-23,2.132
1983-12-27,2.135
1983-12-28,2.128
1983-12-29,2.1265
1983-12-30,2.122
1984-01-03,2.126
1984-01-04,2.132
1984-01-05,2.1325
1984-01-06,2.131
1984-01-09,2.132
1984-01-10,2.13
1984-01-11,2.131
1984-01-12,2.132
1984-01-13,2.13
1984-01-16,2.13
1984-01-17,2.131
1984-01-18,2.131
1984-01-19,2.1305
1984-01-20,2.1315
1984-01-23,2.131
1984-01-24,2.131
1984-01-25,2.131
1984-01-26,2.1305
1984-01-27,2.1315
1984-01-30,2.1305
1984-01-31,2.132
1984-02-01,2.1305
1984-02-02,2.1275
1984-02-03,2.126
1984-02-06,2.13
1984-02-07,2.131
1984-02-08,2.1315
1984-02-09,2.1315
1984-02-10,2.132
1984-02-14,2.131
1984-02-15,2.129
1984-02-16,2.126
1984-02-17,2.126
1984-02-21,2.1305
1984-02-22,2.1275
1984-02-23,2.1265
1984-02-24,2.126
1984-02-27,2.126
1984-02-28,2.122
1984-02-29,2.121
1984-03-01,2.122
1984-03-02,2.115
1984-03-05,2.075
1984-03-06,2.0775
1984-03-07,2.09
1984-03-08,2.0965
1984-03-09,2.086
1984-03-12,2.0905
1984-03-13,2.084
1984-03-14,2.0765
1984-03-15,2.0805
1984-03-16,2.0885
1984-03-19,2.091
1984-03-20,2.094
1984-03-21,2.0945
1984-03-22,2.0925
1984-03-23,2.0895
1984-03-26,2.084
1984-03-27,2.0795
1984-03-28,2.086
1984-03-29,2.085
1984-03-30,2.087
1984-04-02,2.086
1984-04-03,2.0885
1984-04-04,2.087
1984-04-05,2.087
1984-04-06,2.093
1984-04-09,2.093
1984-04-10,2.088
1984-04-11,2.083
1984-04-12,2.083
1984-04-13,2.083
1984-04-16,2.086
1984-04-17,2.085
1984-04-18,2.085
1984-04-19,2.088
1984-04-20,2.0865
1984-04-23,2.085
1984-04-24,2.0865
1984-04-25,2.0855
1984-04-26,2.0565
1984-04-27,2.088
1984-04-30,2.088
1984-05-01,2.0885
1984-05-02,2.088
1984-05-03,2.088
1984-05-04,2.0875
1984-05-07,2.093
1984-05-08,2.096
1984-05-09,2.0975
1984-05-10,2.099
1984-05-11,2.102
1984-05-14,2.104
1984-05-15,2.103
1984-05-16,2.1035
1984-05-17,2.104
1984-05-18,2.1115
1984-05-21,2.1135
1984-05-22,2.1075
1984-05-23,2.094
1984-05-24,2.112
1984-05-25,2.1045
1984-05-29,2.1075
1984-05-30,2.105
1984-05-31,2.1045
1984-06-01,2.0965
1984-06-04,2.093
1984-06-05,2.0975
1984-06-06,2.102
1984-06-07,2.102
1984-06-08,2.104
1984-06-11,2.1055
1984-06-12,2.116
1984-06-13,2.11
1984-06-14,2.104
1984-06-15,2.107
1984-06-18,2.1175
1984-06-19,2.1105
1984-06-20,2.113
1984-06-21,2.1138
1984-06-22,2.1165
1984-06-25,2.1295
1984-06-26,2.123
1984-06-27,2.128
1984-06-28,2.134
1984-06-29,2.132
1984-07-02,2.1365
1984-07-03,2.142
1984-07-05,2.144
1984-07-06,2.143
1984-07-09,2.15
1984-07-10,2.146
1984-07-11,2.1455
1984-07-12,2.148
1984-07-13,2.1405
1984-07-16,2.1375
1984-07-17,2.1455
1984-07-18,2.152
1984-07-19,2.149
1984-07-20,2.151
1984-07-23,2.158
1984-07-24,2.156
1984-07-25,2.151
1984-07-26,2.141
1984-07-27,2.149
1984-07-30,2.153
1984-07-31,2.154
1984-08-01,2.1575
1984-08-02,2.155
1984-08-03,2.145
1984-08-06,2.146
1984-08-07,2.1545
1984-08-08,2.1475
1984-08-09,2.145
1984-08-10,2.148
1984-08-13,2.148
1984-08-14,2.139
1984-08-15,2.144
1984-08-16,2.1375
1984-08-17,2.141
1984-08-20,2.1425
1984-08-21,2.145
1984-08-22,2.1453
1984-08-23,2.1435
1984-08-24,2.1445
1984-08-27,2.1445
1984-08-28,2.1485
1984-08-29,2.151
1984-08-30,2.1565
1984-08-31,2.157
1984-09-04,2.162
1984-09-05,2.162
1984-09-06,2.162
1984-09-07,2.161
1984-09-10,2.16
1984-09-11,2.1635
1984-09-12,2.1625
1984-09-13,2.1635
1984-09-14,2.163
1984-09-17,2.169
1984-09-18,2.1715
1984-09-19,2.1645
1984-09-20,2.168
1984-09-21,2.16
1984-09-24,2.1565
1984-09-25,2.1655
1984-09-26,2.166
1984-09-27,2.162
1984-09-28,2.165
1984-10-01,2.1675
1984-10-02,2.165
1984-10-03,2.1655
1984-10-04,2.17
1984-10-05,2.1675
1984-10-09,2.168
1984-10-10,2.168
1984-10-11,2.1685
1984-10-12,2.169
1984-10-15,2.173
1984-10-16,2.1695
1984-10-17,2.1665
1984-10-18,2.169
1984-10-19,2.168
1984-10-22,2.168
1984-10-23,2.165
1984-10-24,2.1635
1984-10-25,2.162
1984-10-26,2.1635
1984-10-29,2.1655
1984-10-30,2.1635
1984-10-31,2.1615
1984-11-01,2.1575
1984-11-02,2.1515
1984-11-05,2.152
1984-11-07,2.148
1984-11-08,2.146
1984-11-09,2.1495
1984-11-13,2.143
1984-11-14,2.147
1984-11-15,2.1455
1984-11-16,2.148
1984-11-19,2.152
1984-11-20,2.153
1984-11-21,2.153
1984-11-23,2.165
1984-11-26,2.1695
1984-11-27,2.168
1984-11-28,2.1695
1984-11-29,2.1665
1984-11-30,2.1685
1984-12-03,2.1715
1984-12-04,2.1665
1984-12-05,2.1665
1984-12-06,2.1675
1984-12-07,2.17
1984-12-10,2.169
1984-12-11,2.1685
1984-12-12,2.1705
1984-12-13,2.173
1984-12-14,2.1765
1984-12-17,2.1765
1984-12-18,2.175
1984-12-19,2.178
1984-12-20,2.1755
1984-12-21,2.172
1984-12-24,2.176
1984-12-26,2.176
1984-12-27,2.178
1984-12-28,2.176
1984-12-31,2.181
1985-01-02,2.1895
1985-01-03,2.1995
1985-01-04,2.1995
1985-01-07,2.206
1985-01-08,2.2
1985-01-09,2.2
1985-01-10,2.2
1985-01-11,2.1965
1985-01-14,2.203
1985-01-15,2.2015
1985-01-16,2.2
1985-01-17,2.1995
1985-01-18,2.198
1985-01-22,2.197
1985-01-23,2.202
1985-01-24,2.203
1985-01-25,2.2
1985-01-28,2.205
1985-01-29,2.205
1985-01-30,2.2085
1985-01-31,2.209
1985-02-01,2.214
1985-02-04,2.23
1985-02-05,2.241
1985-02-06,2.239
1985-02-07,2.2585
1985-02-08,2.2605
1985-02-11,2.2665
1985-02-13,2.262
1985-02-14,2.261
1985-02-15,2.24
1985-02-19,2.265
1985-02-20,2.26
1985-02-21,2.265
1985-02-22,2.275
1985-02-25,2.278
1985-02-26,2.275
1985-02-27,2.25
1985-02-28,2.262
1985-03-01,2.274
1985-03-04,2.275
1985-03-05,2.279
1985-03-06,2.2815
1985-03-07,2.2765
1985-03-08,2.277
1985-03-11,2.265
1985-03-12,2.267
1985-03-13,2.2675
1985-03-14,2.274
1985-03-15,2.2755
1985-03-18,2.269
1985-03-19,2.26
1985-03-20,2.247
1985-03-21,2.25
1985-03-22,2.2375
1985-03-25,2.25
1985-03-26,2.251
1985-03-27,2.225
1985-03-28,2.215
1985-03-29,2.205
1985-04-01,2.2275
1985-04-02,2.2225
1985-04-03,2.227
1985-04-04,2.23
1985-04-05,2.233
1985-04-08,2.2375
1985-04-09,2.237
1985-04-10,2.232
1985-04-11,2.217
1985-04-12,2.217
1985-04-15,2.201
1985-04-16,2.198
1985-04-17,2.205
1985-04-18,2.205
1985-04-19,2.1985
1985-04-22,2.1995
1985-04-23,2.215
1985-04-24,2.2225
1985-04-25,2.2285
1985-04-26,2.2335
1985-04-29,2.226
1985-04-30,2.225
1985-05-01,2.2275
1985-05-02,2.2375
1985-05-03,2.237
1985-05-06,2.24
1985-05-07,2.221
1985-05-08,2.237
1985-05-09,2.221
1985-05-10,2.225
1985-05-13,2.2195
1985-05-14,2.2115
1985-05-15,2.211
1985-05-16,2.2175
1985-05-17,2.214
1985-05-20,2.201
1985-05-21,2.214
1985-05-22,2.2135
1985-05-23,2.227
1985-05-24,2.2225
1985-05-28,2.2285
1985-05-29,2.229
1985-05-30,2.2215
1985-05-31,2.225
1985-06-03,2.21
1985-06-04,2.214
1985-06-05,2.217
1985-06-06,2.2135
1985-06-07,2.221
1985-06-10,2.2285
1985-06-11,2.2255
1985-06-12,2.2255
1985-06-13,2.2265
1985-06-14,2.222
1985-06-17,2.2265
1985-06-18,2.226
1985-06-19,2.2255
1985-06-20,2.235
1985-06-21,2.274
1985-06-24,2.241
1985-06-25,2.2425
1985-06-26,2.246
1985-06-27,2.24
1985-06-28,2.2225
1985-07-01,2.228
1985-07-02,2.2345
1985-07-03,2.2355
1985-07-05,2.2305
1985-07-08,2.2295
1985-07-09,2.22
1985-07-10,2.2095
1985-07-11,2.209
1985-07-12,2.209
1985-07-15,2.208
1985-07-16,2.205
1985-07-17,2.1925
1985-07-18,2.21
1985-07-19,2.204
1985-07-22,2.211
1985-07-23,2.2025
1985-07-24,2.2065
1985-07-25,2.203
1985-07-26,2.2105
1985-07-29,2.203
1985-07-30,2.1925
1985-07-31,2.185
1985-08-01,2.193
1985-08-02,2.193
1985-08-05,2.1925
1985-08-06,2.2025
1985-08-07,2.203
1985-08-08,2.206
1985-08-09,2.207
1985-08-12,2.197
1985-08-13,2.1985
1985-08-14,2.211
1985-08-15,2.2065
1985-08-16,2.205
1985-08-19,2.22
1985-08-20,2.2425
1985-08-21,2.2335
1985-08-22,2.225
1985-08-23,2.2345
1985-08-26,2.232
1985-08-27,2.2505
1985-08-28,2.25
1985-08-29,2.258
1985-08-30,2.26
1985-09-03,2.2675
1985-09-04,2.2655
1985-09-05,2.2685
1985-09-06,2.2975
1985-09-09,2.296
1985-09-10,2.292
1985-09-11,2.2995
1985-09-12,2.3085
1985-09-13,2.285
1985-09-16,2.25
1985-09-17,2.195
1985-09-18,2.21
1985-09-19,2.2085
1985-09-20,2.2015
1985-09-23,2.14
1985-09-24,2.165
1985-09-25,2.1605
1985-09-26,2.1425
1985-09-27,2.1425
1985-09-30,2.141
1985-10-01,2.13
1985-10-02,2.158
1985-10-03,2.124
1985-10-04,2.1235
1985-10-07,2.145
1985-10-08,2.142
1985-10-09,2.143
1985-10-10,2.149
1985-10-11,2.142
1985-10-15,2.1415
1985-10-16,2.1455
1985-10-17,2.1415
1985-10-18,2.14
1985-10-21,2.1335
1985-10-22,2.1355
1985-10-23,2.1365
1985-10-24,2.1455
1985-10-25,2.141
1985-10-28,2.1385
1985-10-29,2.135
1985-10-30,2.132
1985-10-31,2.13
1985-11-01,2.126
1985-11-04,2.117
1985-11-05,2.1175
1985-11-06,2.1155
1985-11-07,2.109
1985-11-08,2.1185
1985-11-12,2.117
1985-11-13,2.115
1985-11-14,2.115
1985-11-15,2.118
1985-11-18,2.116
1985-11-19,2.113
1985-11-20,2.1115
1985-11-21,2.107
1985-11-22,2.085
1985-11-25,2.0875
1985-11-26,2.0855
1985-11-27,2.091
1985-11-29,2.095
1985-12-02,2.1375
1985-12-03,2.133
1985-12-04,2.1285
1985-12-05,2.1305
1985-12-06,2.1175
1985-12-09,2.124
1985-12-10,2.128
1985-12-11,2.127
1985-12-12,2.121
1985-12-13,2.1245
1985-12-16,2.1225
1985-12-17,2.116
1985-12-18,2.1175
1985-12-19,2.116
1985-12-20,2.12
1985-12-23,2.118
1985-12-24,2.118
1985-12-26,2.118
1985-12-27,2.115
1985-12-30,2.11
1985-12-31,2.105
1986-01-02,2.114
1986-01-03,2.1235
1986-01-06,2.1185
1986-01-07,2.116
1986-01-08,2.1215
1986-01-09,2.1215
1986-01-10,2.12
1986-01-13,2.129
1986-01-14,2.13
1986-01-15,2.127
1986-01-16,2.127
1986-01-17,2.127
1986-01-21,2.1315
1986-01-22,2.14
1986-01-23,2.1365
1986-01-24,2.1325
1986-01-27,2.1295
1986-01-28,2.139
1986-01-29,2.136
1986-01-30,2.1465
1986-01-31,2.1395
1986-02-03,2.137
1986-02-04,2.1355
1986-02-05,2.1315
1986-02-06,2.1325
1986-02-07,2.135
1986-02-10,2.127
1986-02-11,2.127
1986-02-12,2.129
1986-02-13,2.1375
1986-02-14,2.142
1986-02-18,2.146
1986-02-19,2.155
1986-02-20,2.161
1986-02-21,2.134
1986-02-24,2.1465
1986-02-25,2.141
1986-02-26,2.148
1986-02-27,2.1565
1986-03-03,2.154
1986-03-04,2.153
1986-03-05,2.1625
1986-03-06,2.158
1986-03-07,2.1585
1986-03-10,2.1645
1986-03-11,2.1645
1986-03-12,2.1625
1986-03-13,2.166
1986-03-14,2.16
1986-03-17,2.164
1986-03-18,2.1615
1986-03-19,2.1675
1986-03-20,2.163
1986-03-21,2.163
1986-03-24,2.1685
1986-03-25,2.1775
1986-03-26,2.173
1986-03-27,2.172
1986-03-28,2.1735
1986-03-31,2.1765
1986-04-01,2.176
1986-04-02,2.182
1986-04-03,2.184
1986-04-04,2.19
1986-04-07,2.208
1986-04-08,2.199
1986-04-09,2.1985
1986-04-10,2.1965
1986-04-11,2.181
1986-04-14,2.188
1986-04-15,2.194
1986-04-16,2.1725
1986-04-17,2.175
1986-04-18,2.175
1986-04-21,2.18
1986-04-22,2.179
1986-04-23,2.19
1986-04-24,2.198
1986-04-25,2.1925
1986-04-28,2.1925
1986-04-29,2.191
1986-04-30,2.194
1986-05-01,2.202
1986-05-02,2.201
1986-05-05,2.196
1986-05-06,2.204
1986-05-07,2.2045
1986-05-08,2.203
1986-05-09,2.204
1986-05-12,2.205
1986-05-13,2.2085
1986-05-14,2.214
1986-05-15,2.2135
1986-05-16,2.213
1986-05-19,2.228
1986-05-20,2.2305
1986-05-21,2.227
1986-05-22,2.225
1986-05-23,2.23
1986-05-27,2.227
1986-05-28,2.225
1986-05-29,2.227
1986-05-30,2.2415
1986-06-02,2.27
1986-06-03,2.2205
1986-06-04,2.234
1986-06-05,2.228
1986-06-06,2.23
1986-06-09,2.23
1986-06-10,2.224
1986-06-11,2.2165
1986-06-12,2.221
1986-06-13,2.218
1986-06-16,2.219
1986-06-17,2.227
1986-06-18,2.2285
1986-06-19,2.2255
1986-06-20,2.2255
1986-06-23,2.228
1986-06-24,2.2195
1986-06-25,2.2165
1986-06-26,2.216
1986-06-27,2.201
1986-06-30,2.188
1986-07-01,2.19
1986-07-02,2.196
1986-07-03,2.187
1986-07-07,2.184
1986-07-08,2.1795
1986-07-09,2.1865
1986-07-10,2.1875
1986-07-11,2.1965
1986-07-14,2.1935
1986-07-15,2.187
1986-07-16,2.185
1986-07-17,2.1835
1986-07-18,2.183
1986-07-21,2.1835
1986-07-22,2.188
1986-07-23,2.192
1986-07-24,2.187
1986-07-25,2.189
1986-07-28,2.1825
1986-07-29,2.1795
1986-07-30,2.1785
1986-07-31,2.1745
1986-08-01,2.1745
1986-08-04,2.172
1986-08-05,2.176
1986-08-06,2.174
1986-08-07,2.17
1986-08-08,2.17
1986-08-11,2.1535
1986-08-12,2.1635
1986-08-13,2.1595
1986-08-14,2.162
1986-08-15,2.156
1986-08-18,2.155
1986-08-19,2.1505
1986-08-20,2.148
1986-08-21,2.1485
1986-08-22,2.148
1986-08-25,2.1525
1986-08-26,2.156
1986-08-27,2.1585
1986-08-28,2.1595
1986-08-29,2.155
1986-09-02,2.1515
1986-09-03,2.158
1986-09-04,2.1565
1986-09-05,2.162
1986-09-08,2.173
1986-09-09,2.174
1986-09-10,2.1745
1986-09-11,2.18
1986-09-12,2.17
1986-09-15,2.164
1986-09-16,2.168
1986-09-17,2.1675
1986-09-18,2.1565
1986-09-19,2.163
1986-09-22,2.171
1986-09-23,2.173
1986-09-24,2.1755
1986-09-25,2.173
1986-09-26,2.173
1986-09-29,2.1725
1986-09-30,2.172
1986-10-01,2.172
1986-10-02,2.1705
1986-10-03,2.1705
1986-10-06,2.1695
1986-10-07,2.1695
1986-10-08,2.17
1986-10-09,2.1735
1986-10-10,2.1735
1986-10-14,2.172
1986-10-15,2.1725
1986-10-16,2.1725
1986-10-17,2.1735
1986-10-20,2.1755
1986-10-21,2.1765
1986-10-22,2.179
1986-10-23,2.185
1986-10-24,2.189
1986-10-27,2.1845
1986-10-28,2.1845
1986-10-29,2.185
1986-10-30,2.19
1986-10-31,2.2
1986-11-03,2.1995
1986-11-04,2.1955
1986-11-05,2.196
1986-11-06,2.195
1986-11-07,2.193
1986-11-10,2.189
1986-11-12,2.189
1986-11-13,2.1905
1986-11-14,2.194
1986-11-17,2.194
1986-11-18,2.1945
1986-11-19,2.1855
1986-11-20,2.1885
1986-11-21,2.192
1986-11-24,2.1965
1986-11-25,2.189
1986-11-26,2.183
1986-11-28,2.1955
1986-12-01,2.1905
1986-12-02,2.1905
1986-12-03,2.19
1986-12-04,2.193
1986-12-05,2.193
1986-12-08,2.193
1986-12-09,2.194
1986-12-10,2.191
1986-12-11,2.1935
1986-12-12,2.1965
1986-12-15,2.194
1986-12-16,2.196
1986-12-17,2.194
1986-12-18,2.1925
1986-12-19,2.192
1986-12-22,2.1885
1986-12-23,2.1895
1986-12-24,2.187
1986-12-26,2.1875
1986-12-29,2.183
1986-12-30,2.178
1986-12-31,2.1725
1987-01-02,2.17
1987-01-05,2.174
1987-01-06,2.1715
1987-01-07,2.1715
1987-01-08,2.171
1987-01-09,2.1675
1987-01-12,2.162
1987-01-13,2.1575
1987-01-14,2.148
1987-01-15,2.144
1987-01-16,2.139
1987-01-20,2.135
1987-01-21,2.1475
1987-01-22,2.1355
1987-01-23,2.142
1987-01-26,2.141
1987-01-27,2.138
1987-01-28,2.126
1987-01-29,2.1325
1987-01-30,2.1475
1987-02-02,2.137
1987-02-03,2.132
1987-02-04,2.141
1987-02-05,2.142
1987-02-06,2.148
1987-02-09,2.1455
1987-02-10,2.138
1987-02-11,2.1435
1987-02-12,2.145
1987-02-13,2.1425
1987-02-17,2.141
1987-02-18,2.144
1987-02-19,2.1495
1987-02-20,2.136
1987-02-23,2.1435
1987-02-24,2.142
1987-02-25,2.1395
1987-02-26,2.1325
1987-02-27,2.136
1987-03-02,2.1385
1987-03-03,2.138
1987-03-04,2.1385
1987-03-05,2.1405
1987-03-06,2.1435
1987-03-09,2.144
1987-03-10,2.1465
1987-03-11,2.15
1987-03-12,2.1475
1987-03-13,2.145
1987-03-16,2.1395
1987-03-17,2.142
1987-03-18,2.147
1987-03-19,2.1435
1987-03-20,2.1445
1987-03-23,2.14
1987-03-24,2.1395
1987-03-25,2.14
1987-03-26,2.142
1987-03-27,2.139
1987-03-30,2.135
1987-03-31,2.1355
1987-04-01,2.1395
1987-04-02,2.1395
1987-04-03,2.1375
1987-04-06,2.1385
1987-04-07,2.1375
1987-04-08,2.143
1987-04-09,2.14
1987-04-10,2.1375
1987-04-13,2.1375
1987-04-14,2.1345
1987-04-15,2.1375
1987-04-16,2.1355
1987-04-17,2.137
1987-04-20,2.1355
1987-04-21,2.135
1987-04-22,2.1365
1987-04-23,2.1355
1987-04-24,2.1245
1987-04-27,2.1185
1987-04-28,2.127
1987-04-29,2.1285
1987-04-30,2.123
1987-05-01,2.1245
1987-05-04,2.1245
1987-05-05,2.121
1987-05-06,2.1205
1987-05-07,2.123
1987-05-08,2.1235
1987-05-11,2.1235
1987-05-12,2.122
1987-05-13,2.1225
1987-05-14,2.1222
1987-05-15,2.119
1987-05-18,2.1186
1987-05-19,2.1178
1987-05-20,2.115
1987-05-21,2.1138
1987-05-22,2.113
1987-05-26,2.118
1987-05-27,2.122
1987-05-28,2.119
1987-05-29,2.1215
1987-06-01,2.1245
1987-06-02,2.115
1987-06-03,2.1155
1987-06-04,2.1165
1987-06-05,2.1125
1987-06-08,2.1124
1987-06-09,2.11
1987-06-10,2.109
1987-06-11,2.109
1987-06-12,2.1135
1987-06-15,2.1193
1987-06-16,2.1232
1987-06-17,2.1223
1987-06-18,2.119
1987-06-19,2.12
1987-06-22,2.122
1987-06-23,2.123
1987-06-24,2.117
1987-06-25,2.1215
1987-06-26,2.1207
1987-06-29,2.1225
1987-06-30,2.1188
1987-07-01,2.1185
1987-07-02,2.1192
1987-07-03,2.1225
1987-07-06,2.1218
1987-07-07,2.123
1987-07-08,2.125
1987-07-09,2.1213
1987-07-10,2.1237
1987-07-13,2.1238
1987-07-14,2.1195
1987-07-15,2.1125
1987-07-16,2.1165
1987-07-17,2.1225
1987-07-20,2.1227
1987-07-21,2.1218
1987-07-22,2.1172
1987-07-23,2.116
1987-07-24,2.115
1987-07-27,2.1128
1987-07-28,2.1113
1987-07-29,2.112
1987-07-30,2.1115
1987-07-31,2.111
1987-08-03,2.111
1987-08-04,2.1147
1987-08-05,2.1117
1987-08-06,2.112
1987-08-07,2.1135
1987-08-10,2.1135
1987-08-11,2.1105
1987-08-12,2.106
1987-08-13,2.1055
1987-08-14,2.105
1987-08-17,2.106
1987-08-18,2.1035
1987-08-19,2.1035
1987-08-20,2.113
1987-08-21,2.1045
1987-08-24,2.1062
1987-08-25,2.108
1987-08-26,2.1082
1987-08-27,2.106
1987-08-28,2.107
1987-08-31,2.104
1987-09-01,2.1037
1987-09-02,2.101
1987-09-03,2.099
1987-09-04,2.094
1987-09-08,2.0878
1987-09-09,2.087
1987-09-10,2.0918
1987-09-11,2.09
1987-09-14,2.0933
1987-09-15,2.0927
1987-09-16,2.0923
1987-09-17,2.0905
1987-09-18,2.086
1987-09-21,2.0885
1987-09-22,2.0904
1987-09-23,2.093
1987-09-24,2.0915
1987-09-25,2.0913
1987-09-28,2.0918
1987-09-29,2.0947
1987-09-30,2.091
1987-10-01,2.0935
1987-10-02,2.098
1987-10-05,2.1005
1987-10-06,2.0978
1987-10-07,2.0975
1987-10-08,2.098
1987-10-09,2.095
1987-10-13,2.097
1987-10-14,2.095
1987-10-15,2.0922
1987-10-16,2.0922
1987-10-19,2.0858
1987-10-20,2.095
1987-10-21,2.092
1987-10-22,2.0855
1987-10-23,2.086
1987-10-26,2.0775
1987-10-27,2.078
1987-10-28,2.076
1987-10-29,2.069
1987-10-30,2.0705
1987-11-02,2.066
1987-11-03,2.062
1987-11-04,2.0585
1987-11-05,2.051
1987-11-06,2.0475
1987-11-09,2.0502
1987-11-10,2.0475
1987-11-12,2.047
1987-11-13,2.0477
1987-11-16,2.0505
1987-11-17,2.0465
1987-11-18,2.044
1987-11-19,2.033
1987-11-20,2.029
1987-11-23,2.0285
1987-11-24,2.034
1987-11-25,2.038
1987-11-27,2.035
1987-11-30,2.027
1987-12-01,2.0295
1987-12-02,2.0295
1987-12-03,2.033
1987-12-04,2.027
1987-12-07,2.0352
1987-12-08,2.0363
1987-12-09,2.0325
1987-12-10,2.0225
1987-12-11,2.0125
1987-12-14,2.0065
1987-12-15,2.002
1987-12-16,1.997
1987-12-17,2.007
1987-12-18,2.005
1987-12-21,2.005
1987-12-22,2.0025
1987-12-23,2.003
1987-12-24,2.0015
1987-12-28,1.9961
1987-12-29,2.001
1987-12-30,1.997
1987-12-31,1.997
1988-01-04,2.0015
1988-01-05,2.018
1988-01-06,2.035
1988-01-07,2.035
1988-01-08,2.04
1988-01-11,2.0235
1988-01-12,2.025
1988-01-13,2.029
1988-01-14,2.029
1988-01-15,2.035
1988-01-19,2.042
1988-01-20,2.023
1988-01-21,2.0215
1988-01-22,2.026
1988-01-25,2.0262
1988-01-26,2.023
1988-01-27,2.022
1988-01-28,2.019
1988-01-29,2.0225
1988-02-01,2.027
1988-02-02,2.0245
1988-02-03,2.0215
1988-02-04,2.0205
1988-02-05,2.0195
1988-02-08,2.0195
1988-02-09,2.0215
1988-02-10,2.019
1988-02-11,2.016
1988-02-12,2.024
1988-02-16,2.02
1988-02-17,2.019
1988-02-18,2.018
1988-02-19,2.018
1988-02-22,2.0105
1988-02-23,2.015
1988-02-24,2.016
1988-02-25,2.0145
1988-02-26,2.0125
1988-02-29,2.0145
1988-03-01,2.0145
1988-03-02,2.0155
1988-03-03,2.0165
1988-03-04,2.0165
1988-03-07,2.0125
1988-03-08,2.0135
1988-03-09,2.015
1988-03-10,2.014
1988-03-11,2.0145
1988-03-14,2.0135
1988-03-15,2.0135
1988-03-16,2.0155
1988-03-17,2.019
1988-03-18,2.018
1988-03-21,2.0165
1988-03-22,2.0175
1988-03-23,2.0175
1988-03-24,2.012
1988-03-25,2.012
1988-03-28,2.0055
1988-03-29,2.0065
1988-03-30,2.0065
1988-03-31,2.001
1988-04-01,2
1988-04-04,2.001
1988-04-05,2.003
1988-04-06,2.004
1988-04-07,2.0065
1988-04-08,2.0035
1988-04-11,2.0095
1988-04-12,2.0095
1988-04-13,2.0075
1988-04-14,2.007
1988-04-15,2.0035
1988-04-18,2.003
1988-04-19,2.0025
1988-04-20,2.0025
1988-04-21,2.0035
1988-04-22,2.004
1988-04-25,2.0055
1988-04-26,2.004
1988-04-27,2.006
1988-04-28,2.0025
1988-04-29,2.005
1988-05-02,2.004
1988-05-03,2.0045
1988-05-04,2.0055
1988-05-05,2.004
1988-05-06,2.0055
1988-05-09,2.007
1988-05-10,2.007
1988-05-11,2.0045
1988-05-12,2.0055
1988-05-13,2.006
1988-05-16,2.0075
1988-05-17,2.015
1988-05-18,2.0145
1988-05-19,2.015
1988-05-20,2.0155
1988-05-23,2.0155
1988-05-24,2.017
1988-05-25,2.0175
1988-05-26,2.018
1988-05-27,2.018
1988-05-31,2.021
1988-06-01,2.021
1988-06-02,2.024
1988-06-03,2.022
1988-06-06,2.0225
1988-06-07,2.0185
1988-06-08,2.0175
1988-06-09,2.0215
1988-06-10,2.0117
1988-06-13,2.019
1988-06-14,2.0275
1988-06-15,2.027
1988-06-16,2.025
1988-06-17,2.028
1988-06-20,2.0295
1988-06-21,2.03
1988-06-22,2.035
1988-06-23,2.0345
1988-06-24,2.037
1988-06-27,2.0435
1988-06-28,2.037
1988-06-29,2.049
1988-06-30,2.047
1988-07-01,2.05
1988-07-05,2.0545
1988-07-06,2.051
1988-07-07,2.042
1988-07-08,2.048
1988-07-11,2.05
1988-07-12,2.0485
1988-07-13,2.051
1988-07-14,2.049
1988-07-15,2.054
1988-07-18,2.053
1988-07-19,2.0495
1988-07-20,2.0448
1988-07-21,2.04
1988-07-22,2.036
1988-07-25,2.039
1988-07-26,2.0395
1988-07-27,2.038
1988-07-28,2.0375
1988-07-29,2.043
1988-08-01,2.0455
1988-08-02,2.047
1988-08-03,2.0475
1988-08-04,2.048
1988-08-05,2.049
1988-08-08,2.0445
1988-08-09,2.048
1988-08-10,2.0445
1988-08-11,2.0435
1988-08-12,2.037
1988-08-15,2.039
1988-08-16,2.036
1988-08-17,2.041
1988-08-18,2.0365
1988-08-19,2.038
1988-08-22,2.04
1988-08-23,2.041
1988-08-24,2.0395
1988-08-25,2.0355
1988-08-26,2.0345
1988-08-29,2.04
1988-08-30,2.0392
1988-08-31,2.045
1988-09-01,2.045
1988-09-02,2.0445
1988-09-06,2.039
1988-09-07,2.039
1988-09-08,2.041
1988-09-09,2.035
1988-09-12,2.035
1988-09-13,2.038
1988-09-14,2.045
1988-09-15,2.046
1988-09-16,2.0445
1988-09-19,2.0395
1988-09-20,2.04
1988-09-21,2.04
1988-09-22,2.0405
1988-09-23,2.041
1988-09-26,2.043
1988-09-27,2.0415
1988-09-28,2.04
1988-09-29,2.041
1988-09-30,2.041
1988-10-03,2.04
1988-10-04,2.039
1988-10-05,2.0405
1988-10-06,2.04
1988-10-07,2.0385
1988-10-11,2.035
1988-10-12,2.033
1988-10-13,2.023
1988-10-14,2.0225
1988-10-17,2.022
1988-10-18,2.0185
1988-10-19,2.0185
1988-10-20,2.01
1988-10-21,2.009
1988-10-24,2.008
1988-10-25,2.0075
1988-10-26,2.0015
1988-10-27,1.9995
1988-10-28,2.0015
1988-10-31,1.997
1988-11-01,2.003
1988-11-02,1.9965
1988-11-03,1.985
1988-11-04,1.985
1988-11-07,1.977
1988-11-08,1.977
1988-11-09,1.968
1988-11-10,1.969
1988-11-14,1.954
1988-11-15,1.952
1988-11-16,1.949
1988-11-17,1.952
1988-11-18,1.95
1988-11-21,1.948
1988-11-22,1.9455
1988-11-23,1.944
1988-11-25,1.941
1988-11-28,1.947
1988-11-29,1.941
1988-11-30,1.9485
1988-12-01,1.953
1988-12-02,1.948
1988-12-05,1.941
1988-12-06,1.943
1988-12-07,1.947
1988-12-08,1.942
1988-12-09,1.941
1988-12-12,1.938
1988-12-13,1.939
1988-12-14,1.939
1988-12-15,1.9405
1988-12-16,1.9465
1988-12-19,1.943
1988-12-20,1.9485
1988-12-21,1.945
1988-12-22,1.945
1988-12-23,1.945
1988-12-27,1.945
1988-12-28,1.948
1988-12-29,1.946
1988-12-30,1.945
1989-01-03,1.938
1989-01-04,1.9415
1989-01-05,1.9405
1989-01-06,1.941
1989-01-09,1.9435
1989-01-10,1.9415
1989-01-11,1.941
1989-01-12,1.942
1989-01-13,1.942
1989-01-17,1.945
1989-01-18,1.947
1989-01-19,1.9465
1989-01-20,1.943
1989-01-23,1.9425
1989-01-24,1.937
1989-01-25,1.9385
1989-01-26,1.9335
1989-01-27,1.936
1989-01-30,1.935
1989-01-31,1.933
1989-02-01,1.935
1989-02-02,1.931
1989-02-03,1.9325
1989-02-06,1.932
1989-02-07,1.931
1989-02-08,1.926
1989-02-09,1.927
1989-02-10,1.929
1989-02-13,1.93
1989-02-14,1.93
1989-02-15,1.9235
1989-02-16,1.924
1989-02-17,1.922
1989-02-21,1.927
1989-02-22,1.927
1989-02-23,1.927
1989-02-24,1.929
1989-02-27,1.927
1989-02-28,1.931
1989-03-01,1.933
1989-03-02,1.934
1989-03-03,1.932
1989-03-06,1.9315
1989-03-07,1.935
1989-03-08,1.935
1989-03-09,1.936
1989-03-10,1.922
1989-03-13,1.939
1989-03-14,1.938
1989-03-15,1.937
1989-03-16,1.938
1989-03-17,1.941
1989-03-20,1.9405
1989-03-21,1.941
1989-03-22,1.941
1989-03-23,1.942
1989-03-24,1.942
1989-03-27,1.9475
1989-03-28,1.9525
1989-03-29,1.957
1989-03-30,1.96
1989-03-31,1.962
1989-04-03,1.9615
1989-04-04,1.9505
1989-04-05,1.952
1989-04-06,1.949
1989-04-07,1.949
1989-04-10,1.957
1989-04-11,1.958
1989-04-12,1.9595
1989-04-13,1.951
1989-04-14,1.9555
1989-04-17,1.9435
1989-04-18,1.946
1989-04-19,1.947
1989-04-20,1.941
1989-04-21,1.9395
1989-04-24,1.9395
1989-04-25,1.945
1989-04-26,1.947
1989-04-27,1.9515
1989-04-28,1.9515
1989-05-01,1.9515
1989-05-02,1.955
1989-05-03,1.953
1989-05-04,1.952
1989-05-05,1.951
1989-05-08,1.951
1989-05-09,1.9575
1989-05-10,1.9545
1989-05-11,1.958
1989-05-12,1.953
1989-05-15,1.962
1989-05-16,1.964
1989-05-17,1.97
1989-05-18,1.965
1989-05-19,1.964
1989-05-22,1.968
1989-05-23,1.9545
1989-05-24,1.956
1989-05-25,1.956
1989-05-26,1.9535
1989-05-30,1.96
1989-05-31,1.955
1989-06-01,1.9535
1989-06-02,1.9525
1989-06-05,1.949
1989-06-06,1.953
1989-06-07,1.943
1989-06-08,1.948
1989-06-09,1.953
1989-06-12,1.964
1989-06-13,1.965
1989-06-14,1.969
1989-06-15,1.97
1989-06-16,1.963
1989-06-19,1.963
1989-06-20,1.96
1989-06-21,1.961
1989-06-22,1.955
1989-06-23,1.954
1989-06-26,1.954
1989-06-27,1.9555
1989-06-28,1.959
1989-06-29,1.9595
1989-06-30,1.955
1989-07-03,1.962
1989-07-05,1.963
1989-07-06,1.962
1989-07-07,1.956
1989-07-10,1.958
1989-07-11,1.961
1989-07-12,1.957
1989-07-13,1.9545
1989-07-14,1.9575
1989-07-17,1.963
1989-07-18,1.959
1989-07-19,1.961
1989-07-20,1.96
1989-07-21,1.9575
1989-07-24,1.963
1989-07-25,1.959
1989-07-26,1.959
1989-07-27,1.9565
1989-07-28,1.9575
1989-07-31,1.951
1989-08-01,1.951
1989-08-02,1.9465
1989-08-03,1.947
1989-08-04,1.954
1989-08-07,1.9545
1989-08-08,1.952
1989-08-09,1.951
1989-08-10,1.9505
1989-08-11,1.9545
1989-08-14,1.9585
1989-08-15,1.958
1989-08-16,1.957
1989-08-17,1.961
1989-08-18,1.983
1989-08-21,1.9645
1989-08-22,1.965
1989-08-23,1.965
1989-08-24,1.9705
1989-08-25,1.971
1989-08-28,1.9715
1989-08-29,1.968
1989-08-30,1.966
1989-08-31,1.9685
1989-09-01,1.97
1989-09-05,1.981
1989-09-06,1.9785
1989-09-07,1.981
1989-09-08,1.9815
1989-09-11,1.985
1989-09-12,1.9845
1989-09-13,1.981
1989-09-14,1.979
1989-09-15,1.9875
1989-09-18,1.983
1989-09-19,1.98
1989-09-20,1.98
1989-09-21,1.98
1989-09-22,1.981
1989-09-25,1.9655
1989-09-26,1.967
1989-09-27,1.966
1989-09-28,1.9675
1989-09-29,1.96
1989-10-02,1.963
1989-10-03,1.9705
1989-10-04,1.9645
1989-10-05,1.9615
1989-10-06,1.9695
1989-10-10,1.968
1989-10-11,1.974
1989-10-12,1.969
1989-10-13,1.9705
1989-10-16,1.9525
1989-10-17,1.959
1989-10-18,1.957
1989-10-19,1.956
1989-10-20,1.959
1989-10-23,1.9595
1989-10-24,1.958
1989-10-25,1.957
1989-10-26,1.961
1989-10-27,1.963
1989-10-30,1.956
1989-10-31,1.957
1989-11-01,1.962
1989-11-02,1.9595
1989-11-03,1.957
1989-11-06,1.962
1989-11-07,1.9625
1989-11-08,1.959
1989-11-09,1.958
1989-11-10,1.96
1989-11-13,1.962
1989-11-14,1.9635
1989-11-15,1.961
1989-11-16,1.9605
1989-11-17,1.9615
1989-11-20,1.962
1989-11-21,1.96
1989-11-22,1.961
1989-11-24,1.955
1989-11-27,1.954
1989-11-28,1.957
1989-11-29,1.952
1989-11-30,1.9455
1989-12-01,1.95
1989-12-04,1.9485
1989-12-05,1.947
1989-12-06,1.941
1989-12-07,1.9345
1989-12-08,1.9345
1989-12-11,1.931
1989-12-12,1.9215
1989-12-13,1.908
1989-12-14,1.913
1989-12-15,1.92
1989-12-18,1.912
1989-12-19,1.908
1989-12-20,1.909
1989-12-21,1.903
1989-12-22,1.905
1989-12-26,1.894
1989-12-27,1.892
1989-12-28,1.891
1989-12-29,1.9025
1990-01-02,1.903
1990-01-03,1.9085
1990-01-04,1.9
1990-01-05,1.909
1990-01-08,1.896
1990-01-09,1.9005
1990-01-10,1.8955
1990-01-11,1.8955
1990-01-12,1.8935
1990-01-16,1.8935
1990-01-17,1.889
1990-01-18,1.89
1990-01-19,1.877
1990-01-22,1.8795
1990-01-23,1.882
1990-01-24,1.876
1990-01-25,1.8775
1990-01-26,1.872
1990-01-29,1.869
1990-01-30,1.8615
1990-01-31,1.864
1990-02-01,1.865
1990-02-02,1.8675
1990-02-05,1.866
1990-02-06,1.857
1990-02-07,1.8595
1990-02-08,1.863
1990-02-09,1.8645
1990-02-12,1.8635
1990-02-13,1.866
1990-02-14,1.8635
1990-02-15,1.865
1990-02-16,1.869
1990-02-20,1.86
1990-02-21,1.861
1990-02-22,1.864
1990-02-23,1.866
1990-02-26,1.865
1990-02-27,1.8655
1990-02-28,1.867
1990-03-01,1.875
1990-03-02,1.875
1990-03-05,1.8725
1990-03-06,1.873
1990-03-07,1.8745
1990-03-08,1.874
1990-03-09,1.8725
1990-03-12,1.874
1990-03-13,1.8775
1990-03-14,1.875
1990-03-15,1.875
1990-03-16,1.874
1990-03-19,1.874
1990-03-20,1.8745
1990-03-21,1.8795
1990-03-22,1.882
1990-03-23,1.8805
1990-03-26,1.8835
1990-03-27,1.884
1990-03-28,1.8875
1990-03-29,1.8865
1990-03-30,1.8855
1990-04-02,1.886
1990-04-03,1.8845
1990-04-04,1.88
1990-04-05,1.878
1990-04-06,1.8755
1990-04-09,1.877
1990-04-10,1.88
1990-04-11,1.8775
1990-04-12,1.877
1990-04-13,1.877
1990-04-16,1.877
1990-04-17,1.879
1990-04-18,1.8795
1990-04-19,1.875
1990-04-20,1.875
1990-04-23,1.8775
1990-04-24,1.8795
1990-04-25,1.8775
1990-04-26,1.8775
1990-04-27,1.8775
1990-04-30,1.877
1990-05-01,1.876
1990-05-02,1.875
1990-05-03,1.8775
1990-05-04,1.876
1990-05-07,1.876
1990-05-08,1.8695
1990-05-09,1.867
1990-05-10,1.863
1990-05-11,1.851
1990-05-14,1.8505
1990-05-15,1.8495
1990-05-16,1.854
1990-05-17,1.8535
1990-05-18,1.8538
1990-05-21,1.8542
1990-05-22,1.8544
1990-05-23,1.85
1990-05-24,1.848
1990-05-25,1.848
1990-05-29,1.846
1990-05-30,1.8485
1990-05-31,1.854
1990-06-01,1.854
1990-06-04,1.854
1990-06-05,1.851
1990-06-06,1.849
1990-06-07,1.8494
1990-06-08,1.8495
1990-06-11,1.852
1990-06-12,1.849
1990-06-13,1.8485
1990-06-14,1.8485
1990-06-15,1.85
1990-06-18,1.849
1990-06-19,1.8425
1990-06-20,1.8425
1990-06-21,1.8425
1990-06-22,1.8425
1990-06-25,1.8435
1990-06-26,1.845
1990-06-27,1.845
1990-06-28,1.841
1990-06-29,1.841
1990-07-02,1.8325
1990-07-03,1.833
1990-07-05,1.832
1990-07-06,1.831
1990-07-09,1.8225
1990-07-10,1.8175
1990-07-11,1.812
1990-07-12,1.8195
1990-07-13,1.8175
1990-07-16,1.8175
1990-07-17,1.8175
1990-07-18,1.81
1990-07-19,1.8165
1990-07-20,1.8165
1990-07-23,1.8135
1990-07-24,1.8163
1990-07-25,1.821
1990-07-26,1.8215
1990-07-27,1.819
1990-07-30,1.812
1990-07-31,1.807
1990-08-01,1.806
1990-08-02,1.8085
1990-08-03,1.809
1990-08-06,1.804
1990-08-07,1.804
1990-08-08,1.8075
1990-08-09,1.806
1990-08-10,1.8055
1990-08-13,1.799
1990-08-14,1.798
1990-08-15,1.796
1990-08-16,1.796
1990-08-17,1.791
1990-08-20,1.79
1990-08-21,1.7895
1990-08-22,1.787
1990-08-23,1.775
1990-08-24,1.7775
1990-08-27,1.7745
1990-08-28,1.764
1990-08-29,1.764
1990-08-30,1.765
1990-08-31,1.765
1990-09-04,1.764
1990-09-05,1.748
1990-09-06,1.759
1990-09-07,1.7778
1990-09-10,1.7695
1990-09-11,1.769
1990-09-12,1.771
1990-09-13,1.782
1990-09-14,1.772
1990-09-17,1.7655
1990-09-18,1.766
1990-09-19,1.7655
1990-09-20,1.7665
1990-09-21,1.7695
1990-09-24,1.767
1990-09-25,1.767
1990-09-26,1.767
1990-09-27,1.7635
1990-09-28,1.7655
1990-10-01,1.761
1990-10-02,1.7615
1990-10-03,1.7565
1990-10-04,1.7505
1990-10-05,1.7485
1990-10-09,1.73
1990-10-10,1.732
1990-10-11,1.7325
1990-10-12,1.728
1990-10-15,1.724
1990-10-16,1.724
1990-10-17,1.7175
1990-10-18,1.706
1990-10-19,1.7135
1990-10-22,1.708
1990-10-23,1.712
1990-10-24,1.711
1990-10-25,1.706
1990-10-26,1.72
1990-10-29,1.7065
1990-10-30,1.7105
1990-10-31,1.706
1990-11-01,1.7125
1990-11-02,1.709
1990-11-05,1.7005
1990-11-06,1.705
1990-11-07,1.7025
1990-11-08,1.7085
1990-11-09,1.712
1990-11-13,1.7115
1990-11-14,1.7135
1990-11-15,1.7115
1990-11-16,1.712
1990-11-19,1.7095
1990-11-20,1.7095
1990-11-21,1.714
1990-11-23,1.709
1990-11-26,1.7095
1990-11-27,1.7085
1990-11-28,1.7065
1990-11-29,1.7125
1990-11-30,1.722
1990-12-03,1.722
1990-12-04,1.723
1990-12-05,1.7195
1990-12-06,1.7185
1990-12-07,1.718
1990-12-10,1.7115
1990-12-11,1.7145
1990-12-12,1.714
1990-12-13,1.711
1990-12-14,1.715
1990-12-17,1.716
1990-12-18,1.7225
1990-12-19,1.728
1990-12-20,1.736
1990-12-21,1.7435
1990-12-24,1.7435
1990-12-26,1.755
1990-12-27,1.7545
1990-12-28,1.7435
1990-12-31,1.74
1991-01-02,1.7435
1991-01-03,1.744
1991-01-04,1.7515
1991-01-07,1.758
1991-01-08,1.76
1991-01-09,1.7595
1991-01-10,1.7575
1991-01-11,1.759
1991-01-14,1.7645
1991-01-15,1.764
1991-01-16,1.768
1991-01-17,1.7455
1991-01-18,1.7455
1991-01-22,1.732
1991-01-23,1.7345
1991-01-24,1.7265
1991-01-25,1.7265
1991-01-28,1.7265
1991-01-29,1.726
1991-01-30,1.729
1991-01-31,1.733
1991-02-01,1.732
1991-02-04,1.719
1991-02-05,1.714
1991-02-06,1.7115
1991-02-07,1.712
1991-02-08,1.713
1991-02-11,1.7095
1991-02-12,1.713
1991-02-13,1.706
1991-02-14,1.7085
1991-02-15,1.7115
1991-02-19,1.722
1991-02-20,1.721
1991-02-21,1.722
1991-02-22,1.718
1991-02-25,1.7275
1991-02-26,1.7265
1991-02-27,1.7285
1991-02-28,1.726
1991-03-01,1.7305
1991-03-04,1.735
1991-03-05,1.7335
1991-03-06,1.746
1991-03-07,1.742
1991-03-08,1.745
1991-03-11,1.7477
1991-03-12,1.7435
1991-03-13,1.7465
1991-03-14,1.748
1991-03-15,1.752
1991-03-18,1.76
1991-03-19,1.768
1991-03-20,1.771
1991-03-21,1.77
1991-03-22,1.769
1991-03-25,1.771
1991-03-26,1.784
1991-03-27,1.791
1991-03-28,1.794
1991-03-29,1.79
1991-04-01,1.789
1991-04-02,1.7855
1991-04-03,1.763
1991-04-04,1.771
1991-04-05,1.762
1991-04-08,1.77
1991-04-09,1.768
1991-04-10,1.7575
1991-04-11,1.759
1991-04-12,1.759
1991-04-15,1.754
1991-04-16,1.75
1991-04-17,1.748
1991-04-18,1.758
1991-04-19,1.7775
1991-04-22,1.783
1991-04-23,1.7795
1991-04-24,1.775
1991-04-25,1.7785
1991-04-26,1.7735
1991-04-29,1.7845
1991-04-30,1.769
1991-05-01,1.758
1991-05-02,1.766
1991-05-03,1.7755
1991-05-06,1.773
1991-05-07,1.766
1991-05-08,1.7715
1991-05-09,1.772
1991-05-10,1.771
1991-05-13,1.771
1991-05-14,1.771
1991-05-15,1.765
1991-05-16,1.765
1991-05-17,1.771
1991-05-20,1.7735
1991-05-21,1.772
1991-05-22,1.772
1991-05-23,1.771
1991-05-24,1.7685
1991-05-28,1.769
1991-05-29,1.763
1991-05-30,1.763
1991-05-31,1.7655
1991-06-03,1.7705
1991-06-04,1.7715
1991-06-05,1.772
1991-06-06,1.7755
1991-06-07,1.7775
1991-06-10,1.7835
1991-06-11,1.782
1991-06-12,1.788
1991-06-13,1.79
1991-06-14,1.786
1991-06-17,1.7885
1991-06-18,1.793
1991-06-19,1.788
1991-06-20,1.7755
1991-06-21,1.776
1991-06-24,1.778
1991-06-25,1.768
1991-06-26,1.7675
1991-06-27,1.763
1991-06-28,1.77
1991-07-01,1.7677
1991-07-02,1.77
1991-07-03,1.772
1991-07-05,1.767
1991-07-08,1.7625
1991-07-09,1.7585
1991-07-10,1.7605
1991-07-11,1.7585
1991-07-12,1.751
1991-07-15,1.751
1991-07-16,1.7525
1991-07-17,1.753
1991-07-18,1.751
1991-07-19,1.751
1991-07-22,1.752
1991-07-23,1.7505
1991-07-24,1.747
1991-07-25,1.751
1991-07-26,1.751
1991-07-29,1.75
1991-07-30,1.748
1991-07-31,1.7445
1991-08-01,1.742
1991-08-02,1.743
1991-08-05,1.7315
1991-08-06,1.7255
1991-08-07,1.727
1991-08-08,1.7225
1991-08-09,1.722
1991-08-12,1.723
1991-08-13,1.722
1991-08-14,1.722
1991-08-15,1.722
1991-08-16,1.7265
1991-08-19,1.741
1991-08-20,1.74
1991-08-21,1.7255
1991-08-22,1.7235
1991-08-23,1.7235
1991-08-26,1.7238
1991-08-27,1.7235
1991-08-28,1.723
1991-08-29,1.7195
1991-08-30,1.7195
1991-09-03,1.7185
1991-09-04,1.7185
1991-09-05,1.719
1991-09-06,1.717
1991-09-09,1.7035
1991-09-10,1.7035
1991-09-11,1.7035
1991-09-12,1.699
1991-09-13,1.6995
1991-09-16,1.698
1991-09-17,1.6945
1991-09-18,1.6935
1991-09-19,1.694
1991-09-20,1.696
1991-09-23,1.689
1991-09-24,1.6915
1991-09-25,1.6935
1991-09-26,1.6925
1991-09-27,1.695
1991-09-30,1.685
1991-10-01,1.689
1991-10-02,1.6868
1991-10-03,1.6885
1991-10-04,1.69
1991-10-07,1.6905
1991-10-08,1.694
1991-10-09,1.697
1991-10-10,1.6935
1991-10-11,1.693
1991-10-15,1.696
1991-10-16,1.695
1991-10-17,1.6945
1991-10-18,1.695
1991-10-21,1.6945
1991-10-22,1.696
1991-10-23,1.698
1991-10-24,1.6945
1991-10-25,1.697
1991-10-28,1.7015
1991-10-29,1.698
1991-10-30,1.694
1991-10-31,1.692
1991-11-01,1.689
1991-11-04,1.67
1991-11-05,1.674
1991-11-06,1.6805
1991-11-07,1.6784
1991-11-08,1.682
1991-11-12,1.679
1991-11-13,1.678
1991-11-14,1.675
1991-11-15,1.674
1991-11-18,1.6645
1991-11-19,1.6665
1991-11-20,1.6645
1991-11-21,1.664
1991-11-22,1.662
1991-11-25,1.6555
1991-11-26,1.652
1991-11-27,1.669
1991-11-29,1.6685
1991-12-02,1.658
1991-12-03,1.6635
1991-12-04,1.66
1991-12-05,1.658
1991-12-06,1.652
1991-12-09,1.6485
1991-12-10,1.651
1991-12-11,1.654
1991-12-12,1.654
1991-12-13,1.657
1991-12-16,1.649
1991-12-17,1.646
1991-12-18,1.648
1991-12-19,1.6445
1991-12-20,1.64
1991-12-23,1.628
1991-12-24,1.63
1991-12-26,1.631
1991-12-27,1.627
1991-12-30,1.631
1991-12-31,1.621
1992-01-02,1.626
1992-01-03,1.63
1992-01-06,1.626
1992-01-07,1.625
1992-01-08,1.622
1992-01-09,1.6272
1992-01-10,1.6365
1992-01-13,1.638
1992-01-14,1.6345
1992-01-15,1.648
1992-01-16,1.644
1992-01-17,1.643
1992-01-21,1.63
1992-01-22,1.633
1992-01-23,1.634
1992-01-24,1.6385
1992-01-27,1.635
1992-01-28,1.633
1992-01-29,1.633
1992-01-30,1.634
1992-01-31,1.638
1992-02-03,1.629
1992-02-04,1.627
1992-02-05,1.626
1992-02-06,1.626
1992-02-07,1.622
1992-02-10,1.6205
1992-02-11,1.628
1992-02-12,1.632
1992-02-13,1.641
1992-02-14,1.6375
1992-02-18,1.6465
1992-02-19,1.6445
1992-02-20,1.6435
1992-02-21,1.6445
1992-02-24,1.646
1992-02-25,1.642
1992-02-26,1.646
1992-02-27,1.64
1992-02-28,1.6438
1992-03-02,1.6435
1992-03-03,1.647
1992-03-04,1.649
1992-03-05,1.655
1992-03-06,1.6585
1992-03-09,1.6638
1992-03-10,1.6695
1992-03-11,1.6755
1992-03-12,1.6805
1992-03-13,1.671
1992-03-16,1.665
1992-03-17,1.645
1992-03-18,1.652
1992-03-19,1.6575
1992-03-20,1.666
1992-03-23,1.6655
1992-03-24,1.656
1992-03-25,1.657
1992-03-26,1.6615
1992-03-27,1.666
1992-03-30,1.662
1992-03-31,1.656
1992-04-01,1.661
1992-04-02,1.6585
1992-04-03,1.651
1992-04-06,1.6525
1992-04-07,1.6535
1992-04-08,1.6515
1992-04-09,1.654
1992-04-10,1.652
1992-04-13,1.658
1992-04-14,1.653
1992-04-15,1.6555
1992-04-16,1.664
1992-04-17,1.663
1992-04-21,1.66
1992-04-22,1.6585
1992-04-23,1.6615
1992-04-24,1.659
1992-04-27,1.6545
1992-04-28,1.6555
1992-04-29,1.655
1992-04-30,1.6595
1992-05-01,1.653
1992-05-04,1.6545
1992-05-05,1.651
1992-05-06,1.6515
1992-05-07,1.6515
1992-05-08,1.65
1992-05-11,1.6505
1992-05-12,1.643
1992-05-13,1.64
1992-05-14,1.638
1992-05-15,1.64
1992-05-18,1.633
1992-05-19,1.632
1992-05-20,1.6298
1992-05-21,1.6328
1992-05-22,1.6357
1992-05-26,1.6295
1992-05-27,1.635
1992-05-28,1.637
1992-05-29,1.6287
1992-06-01,1.627
1992-06-02,1.6325
1992-06-03,1.6295
1992-06-04,1.628
1992-06-05,1.626
1992-06-08,1.6275
1992-06-09,1.627
1992-06-10,1.627
1992-06-11,1.627
1992-06-12,1.622
1992-06-15,1.622
1992-06-16,1.6252
1992-06-17,1.6233
1992-06-18,1.6222
1992-06-19,1.6228
1992-06-22,1.6203
1992-06-23,1.623
1992-06-24,1.6205
1992-06-25,1.6205
1992-06-26,1.6188
1992-06-29,1.6183
1992-06-30,1.6178
1992-07-01,1.618
1992-07-02,1.618
1992-07-03,1.617
1992-07-06,1.613
1992-07-07,1.614
1992-07-08,1.615
1992-07-09,1.6152
1992-07-10,1.616
1992-07-13,1.6115
1992-07-14,1.613
1992-07-15,1.6115
1992-07-16,1.6088
1992-07-17,1.6107
1992-07-20,1.614
1992-07-21,1.614
1992-07-22,1.6133
1992-07-23,1.6152
1992-07-24,1.6175
1992-07-27,1.6163
1992-07-28,1.6145
1992-07-29,1.6132
1992-07-30,1.6147
1992-07-31,1.6128
1992-08-03,1.611
1992-08-04,1.6112
1992-08-05,1.6118
1992-08-06,1.6118
1992-08-07,1.6115
1992-08-10,1.61
1992-08-11,1.611
1992-08-12,1.6102
1992-08-13,1.6103
1992-08-14,1.6115
1992-08-17,1.6112
1992-08-18,1.6105
1992-08-19,1.6095
1992-08-20,1.6097
1992-08-21,1.607
1992-08-24,1.6025
1992-08-25,1.6025
1992-08-26,1.6
1992-08-27,1.6
1992-08-28,1.5992
1992-08-31,1.5985
1992-09-01,1.595
1992-09-02,1.5939
1992-09-03,1.5945
1992-09-04,1.598
1992-09-08,1.5913
1992-09-09,1.593
1992-09-10,1.5945
1992-09-11,1.5965
1992-09-14,1.5972
1992-09-15,1.6
1992-09-16,1.604
1992-09-17,1.6005
1992-09-18,1.6087
1992-09-21,1.606
1992-09-22,1.603
1992-09-23,1.6025
1992-09-24,1.602
1992-09-25,1.603
1992-09-28,1.6035
1992-09-29,1.596
1992-09-30,1.591
1992-10-01,1.592
1992-10-02,1.592
1992-10-05,1.59
1992-10-06,1.591
1992-10-07,1.5933
1992-10-08,1.6002
1992-10-09,1.606
1992-10-13,1.6112
1992-10-14,1.6122
1992-10-15,1.6052
1992-10-16,1.6082
1992-10-19,1.6105
1992-10-20,1.615
1992-10-21,1.6152
1992-10-22,1.615
1992-10-23,1.616
1992-10-26,1.622
1992-10-27,1.6172
1992-10-28,1.618
1992-10-29,1.617
1992-10-30,1.622
1992-11-02,1.6268
1992-11-03,1.62
1992-11-04,1.626
1992-11-05,1.6302
1992-11-06,1.634
1992-11-09,1.6345
1992-11-10,1.639
1992-11-12,1.639
1992-11-13,1.6335
1992-11-16,1.6383
1992-11-17,1.6385
1992-11-18,1.6347
1992-11-19,1.6347
1992-11-20,1.6365
1992-11-23,1.6352
1992-11-24,1.634
1992-11-25,1.6324
1992-11-27,1.6372
1992-11-30,1.6375
1992-12-01,1.6365
1992-12-02,1.6355
1992-12-03,1.6398
1992-12-04,1.643
1992-12-07,1.6405
1992-12-08,1.639
1992-12-09,1.6395
1992-12-10,1.639
1992-12-11,1.6387
1992-12-14,1.64
1992-12-15,1.64
1992-12-16,1.639
1992-12-17,1.6375
1992-12-18,1.6405
1992-12-21,1.638
1992-12-22,1.637
1992-12-23,1.639
1992-12-24,1.64
1992-12-28,1.641
1992-12-29,1.643
1992-12-30,1.641
1992-12-31,1.645
1993-01-04,1.652
1993-01-05,1.6545
1993-01-06,1.6608
1993-01-07,1.6585
1993-01-08,1.662
1993-01-11,1.6588
1993-01-12,1.657
1993-01-13,1.6585
1993-01-14,1.658
1993-01-15,1.6585
1993-01-19,1.656
1993-01-20,1.6578
1993-01-21,1.6565
1993-01-22,1.6465
1993-01-25,1.645
1993-01-26,1.6405
1993-01-27,1.6363
1993-01-28,1.638
1993-01-29,1.646
1993-02-01,1.6488
1993-02-02,1.6498
1993-02-03,1.649
1993-02-04,1.6512
1993-02-05,1.65
1993-02-08,1.6505
1993-02-09,1.6478
1993-02-10,1.6478
1993-02-11,1.6472
1993-02-12,1.65
1993-02-16,1.6475
1993-02-17,1.643
1993-02-18,1.6415
1993-02-19,1.6445
1993-02-22,1.6417
1993-02-23,1.641
1993-02-24,1.641
1993-02-25,1.6422
1993-02-26,1.646
1993-03-01,1.645
1993-03-02,1.644
1993-03-03,1.643
1993-03-04,1.6435
1993-03-05,1.646
1993-03-08,1.647
1993-03-09,1.6475
1993-03-10,1.649
1993-03-11,1.648
1993-03-12,1.6465
1993-03-15,1.6458
1993-03-16,1.646
1993-03-17,1.6452
1993-03-18,1.6455
1993-03-19,1.642
1993-03-22,1.6418
1993-03-23,1.6425
1993-03-24,1.6438
1993-03-25,1.645
1993-03-26,1.6455
1993-03-29,1.6415
1993-03-30,1.6415
1993-03-31,1.6392
1993-04-01,1.6345
1993-04-02,1.631
1993-04-05,1.6248
1993-04-06,1.6262
1993-04-07,1.6253
1993-04-08,1.626
1993-04-09,1.626
1993-04-12,1.6245
1993-04-13,1.6227
1993-04-14,1.6275
1993-04-15,1.6277
1993-04-16,1.6263
1993-04-19,1.6215
1993-04-20,1.622
1993-04-21,1.6207
1993-04-22,1.6188
1993-04-23,1.6183
1993-04-26,1.616
1993-04-27,1.615
1993-04-28,1.616
1993-04-29,1.615
1993-04-30,1.6156
1993-05-03,1.6155
1993-05-04,1.614
1993-05-05,1.6125
1993-05-06,1.6125
1993-05-07,1.612
1993-05-10,1.613
1993-05-11,1.615
1993-05-12,1.6147
1993-05-13,1.6152
1993-05-14,1.6165
1993-05-17,1.6145
1993-05-18,1.6168
1993-05-19,1.615
1993-05-20,1.6142
1993-05-21,1.6165
1993-05-24,1.6157
1993-05-25,1.6144
1993-05-26,1.608
1993-05-27,1.6096
1993-05-28,1.6065
1993-06-01,1.602
1993-06-02,1.6022
1993-06-03,1.605
1993-06-04,1.6125
1993-06-07,1.609
1993-06-08,1.6085
1993-06-09,1.611
1993-06-10,1.6089
1993-06-11,1.61
1993-06-14,1.6085
1993-06-15,1.61
1993-06-16,1.6168
1993-06-17,1.6165
1993-06-18,1.6215
1993-06-21,1.6435
1993-06-22,1.638
1993-06-23,1.6308
1993-06-24,1.635
1993-06-25,1.626
1993-06-28,1.622
1993-06-29,1.6225
1993-06-30,1.625
1993-07-01,1.625
1993-07-02,1.6235
1993-07-06,1.625
1993-07-07,1.622
1993-07-08,1.6235
1993-07-09,1.627
1993-07-12,1.628
1993-07-13,1.62
1993-07-14,1.6195
1993-07-15,1.6205
1993-07-16,1.6207
1993-07-19,1.6203
1993-07-20,1.6205
1993-07-21,1.6175
1993-07-22,1.6177
1993-07-23,1.6175
1993-07-26,1.6185
1993-07-27,1.6175
1993-07-28,1.613
1993-07-29,1.6168
1993-07-30,1.6178
1993-08-02,1.6165
1993-08-03,1.615
1993-08-04,1.6137
1993-08-05,1.6153
1993-08-06,1.6128
1993-08-09,1.6112
1993-08-10,1.6125
1993-08-11,1.6095
1993-08-12,1.61
1993-08-13,1.61
1993-08-16,1.607
1993-08-17,1.6077
1993-08-18,1.606
1993-08-19,1.6095
1993-08-20,1.6137
1993-08-23,1.6085
1993-08-24,1.6085
1993-08-25,1.609
1993-08-26,1.6058
1993-08-27,1.6058
1993-08-30,1.6055
1993-08-31,1.6058
1993-09-01,1.6067
1993-09-02,1.606
1993-09-03,1.6058
1993-09-07,1.6035
1993-09-08,1.6032
1993-09-09,1.6013
1993-09-10,1.6083
1993-09-13,1.5985
1993-09-14,1.5978
1993-09-15,1.5985
1993-09-16,1.5957
1993-09-17,1.596
1993-09-20,1.5953
1993-09-21,1.5948
1993-09-22,1.594
1993-09-23,1.5937
1993-09-24,1.591
1993-09-27,1.5908
1993-09-28,1.59
1993-09-29,1.587
1993-09-30,1.583
1993-10-01,1.5822
1993-10-04,1.583
1993-10-05,1.5715
1993-10-06,1.559
1993-10-07,1.5685
1993-10-08,1.5675
1993-10-12,1.5635
1993-10-13,1.5668
1993-10-14,1.5688
1993-10-15,1.5692
1993-10-18,1.5718
1993-10-19,1.5765
1993-10-20,1.579
1993-10-21,1.577
1993-10-22,1.576
1993-10-25,1.5705
1993-10-26,1.569
1993-10-27,1.5765
1993-10-28,1.588
1993-10-29,1.586
1993-11-01,1.593
1993-11-02,1.5895
1993-11-03,1.5875
1993-11-04,1.592
1993-11-05,1.5942
1993-11-08,1.593
1993-11-09,1.5937
1993-11-10,1.5925
1993-11-12,1.592
1993-11-15,1.5943
1993-11-16,1.5913
1993-11-17,1.5945
1993-11-18,1.5955
1993-11-19,1.599
1993-11-22,1.5975
1993-11-23,1.5995
1993-11-24,1.5975
1993-11-26,1.6013
1993-11-29,1.602
1993-11-30,1.6005
1993-12-01,1.5985
1993-12-02,1.5997
1993-12-03,1.6025
1993-12-06,1.5997
1993-12-07,1.5977
1993-12-08,1.5975
1993-12-09,1.598
1993-12-10,1.5978
1993-12-13,1.595
1993-12-14,1.5947
1993-12-15,1.5945
1993-12-16,1.5932
1993-12-17,1.5927
1993-12-20,1.5932
1993-12-21,1.5928
1993-12-22,1.5935
1993-12-23,1.592
1993-12-24,1.594
1993-12-27,1.601
1993-12-28,1.599
1993-12-29,1.602
1993-12-30,1.606
1993-12-31,1.6085
1994-01-03,1.613
1994-01-04,1.6115
1994-01-05,1.6005
1994-01-06,1.593
1994-01-07,1.597
1994-01-10,1.5977
1994-01-11,1.607
1994-01-12,1.606
1994-01-13,1.61
1994-01-14,1.6085
1994-01-18,1.609
1994-01-19,1.6105
1994-01-20,1.6095
1994-01-21,1.6055
1994-01-24,1.6068
1994-01-25,1.604
1994-01-26,1.599
1994-01-27,1.5985
1994-01-28,1.5935
1994-01-31,1.5935
1994-02-01,1.585
1994-02-02,1.587
1994-02-03,1.587
1994-02-04,1.59
1994-02-07,1.59
1994-02-08,1.5885
1994-02-09,1.5852
1994-02-10,1.5855
1994-02-11,1.5855
1994-02-14,1.582
1994-02-15,1.5925
1994-02-16,1.5932
1994-02-17,1.591
1994-02-18,1.5892
1994-02-22,1.5895
1994-02-23,1.5875
1994-02-24,1.586
1994-02-25,1.5835
1994-02-28,1.5805
1994-03-01,1.5837
1994-03-02,1.579
1994-03-03,1.581
1994-03-04,1.585
1994-03-07,1.5865
1994-03-08,1.585
1994-03-09,1.585
1994-03-10,1.5875
1994-03-11,1.5845
1994-03-14,1.5858
1994-03-15,1.5873
1994-03-16,1.5857
1994-03-17,1.5825
1994-03-18,1.5845
1994-03-21,1.5868
1994-03-22,1.5858
1994-03-23,1.5865
1994-03-24,1.5825
1994-03-25,1.578
1994-03-28,1.574
1994-03-29,1.5695
1994-03-30,1.5692
1994-03-31,1.5695
1994-04-01,1.572
1994-04-04,1.571
1994-04-05,1.5708
1994-04-06,1.573
1994-04-07,1.5718
1994-04-08,1.5695
1994-04-11,1.564
1994-04-12,1.5657
1994-04-13,1.5633
1994-04-14,1.5618
1994-04-15,1.5605
1994-04-18,1.5592
1994-04-19,1.5595
1994-04-20,1.559
1994-04-21,1.56
1994-04-22,1.5595
1994-04-25,1.5568
1994-04-26,1.555
1994-04-27,1.5554
1994-04-28,1.555
1994-04-29,1.5552
1994-05-02,1.554
1994-05-03,1.5539
1994-05-04,1.556
1994-05-05,1.558
1994-05-06,1.5555
1994-05-09,1.5497
1994-05-10,1.5535
1994-05-11,1.5537
1994-05-12,1.5535
1994-05-13,1.5542
1994-05-16,1.5505
1994-05-17,1.5503
1994-05-18,1.543
1994-05-19,1.5355
1994-05-20,1.5375
1994-05-23,1.5384
1994-05-24,1.5375
1994-05-25,1.536
1994-05-26,1.5343
1994-05-27,1.5355
1994-05-31,1.534
1994-06-01,1.5328
1994-06-02,1.5345
1994-06-03,1.5395
1994-06-06,1.5345
1994-06-07,1.5323
1994-06-08,1.5338
1994-06-09,1.5365
1994-06-10,1.5341
1994-06-13,1.5318
1994-06-14,1.5323
1994-06-15,1.5327
1994-06-16,1.5337
1994-06-17,1.5315
1994-06-20,1.528
1994-06-21,1.5293
1994-06-22,1.53
1994-06-23,1.5283
1994-06-24,1.5272
1994-06-27,1.5247
1994-06-28,1.5253
1994-06-29,1.5237
1994-06-30,1.5249
1994-07-01,1.523
1994-07-05,1.5222
1994-07-06,1.5193
1994-07-07,1.5205
1994-07-08,1.5205
1994-07-11,1.5128
1994-07-12,1.5107
1994-07-13,1.512
1994-07-14,1.5145
1994-07-15,1.5128
1994-07-18,1.5105
1994-07-19,1.5127
1994-07-20,1.5103
1994-07-21,1.5105
1994-07-22,1.511
1994-07-25,1.5093
1994-07-26,1.5107
1994-07-27,1.5096
1994-07-28,1.5104
1994-07-29,1.5108
1994-08-01,1.5075
1994-08-02,1.5075
1994-08-03,1.507
1994-08-04,1.5075
1994-08-05,1.5061
1994-08-08,1.5058
1994-08-09,1.5058
1994-08-10,1.5069
1994-08-11,1.5065
1994-08-12,1.5064
1994-08-15,1.507
1994-08-16,1.5065
1994-08-17,1.5055
1994-08-18,1.5048
1994-08-19,1.503
1994-08-22,1.5015
1994-08-23,1.5023
1994-08-24,1.5015
1994-08-25,1.501
1994-08-26,1.501
1994-08-29,1.5015
1994-08-30,1.5001
1994-08-31,1.5
1994-09-01,1.5005
1994-09-02,1.5
1994-09-06,1.5001
1994-09-07,1.5
1994-09-08,1.4999
1994-09-09,1.4967
1994-09-12,1.491
1994-09-13,1.4876
1994-09-14,1.4886
1994-09-15,1.4887
1994-09-16,1.483
1994-09-19,1.4808
1994-09-20,1.4762
1994-09-21,1.4763
1994-09-22,1.4773
1994-09-23,1.4815
1994-09-26,1.4868
1994-09-27,1.4857
1994-09-28,1.4885
1994-09-29,1.4855
1994-09-30,1.4835
1994-10-03,1.483
1994-10-04,1.4806
1994-10-05,1.4737
1994-10-06,1.4788
1994-10-07,1.4815
1994-10-11,1.484
1994-10-12,1.4829
1994-10-13,1.4825
1994-10-14,1.4765
1994-10-17,1.4733
1994-10-18,1.472
1994-10-19,1.4695
1994-10-20,1.4745
1994-10-21,1.4749
1994-10-24,1.4737
1994-10-25,1.471
1994-10-26,1.4775
1994-10-27,1.4705
1994-10-28,1.4722
1994-10-31,1.469
1994-11-01,1.468
1994-11-02,1.468
1994-11-03,1.4703
1994-11-04,1.4705
1994-11-07,1.4667
1994-11-08,1.4655
1994-11-09,1.468
1994-11-10,1.471
1994-11-14,1.4745
1994-11-15,1.4725
1994-11-16,1.4735
1994-11-17,1.4717
1994-11-18,1.4702
1994-11-21,1.4665
1994-11-22,1.4653
1994-11-23,1.466
1994-11-25,1.466
1994-11-28,1.4641
1994-11-29,1.462
1994-11-30,1.4643
1994-12-01,1.4665
1994-12-02,1.472
1994-12-05,1.467
1994-12-06,1.4648
1994-12-07,1.4675
1994-12-08,1.4688
1994-12-09,1.4693
1994-12-12,1.4666
1994-12-13,1.4655
1994-12-14,1.4675
1994-12-15,1.4667
1994-12-16,1.465
1994-12-19,1.4667
1994-12-20,1.4642
1994-12-21,1.464
1994-12-22,1.4639
1994-12-23,1.4637
1994-12-27,1.4645
1994-12-28,1.4649
1994-12-29,1.4623
1994-12-30,1.4585
1995-01-03,1.454
1995-01-04,1.4545
1995-01-05,1.4537
1995-01-06,1.4543
1995-01-09,1.452
1995-01-10,1.4515
1995-01-11,1.453
1995-01-12,1.4655
1995-01-13,1.457
1995-01-17,1.4494
1995-01-18,1.4532
1995-01-19,1.452
1995-01-20,1.4465
1995-01-23,1.4503
1995-01-24,1.4516
1995-01-25,1.4543
1995-01-26,1.4525
1995-01-27,1.452
1995-01-30,1.452
1995-01-31,1.4537
1995-02-01,1.4529
1995-02-02,1.4529
1995-02-03,1.4584
1995-02-06,1.4621
1995-02-07,1.462
1995-02-08,1.4561
1995-02-09,1.4541
1995-02-10,1.4526
1995-02-13,1.4524
1995-02-14,1.4538
1995-02-15,1.4562
1995-02-16,1.452
1995-02-17,1.454
1995-02-21,1.452
1995-02-22,1.4538
1995-02-23,1.4532
1995-02-24,1.4505
1995-02-27,1.4507
1995-02-28,1.4491
1995-03-01,1.4495
1995-03-02,1.447
1995-03-03,1.4468
1995-03-06,1.4335
1995-03-07,1.421
1995-03-08,1.4255
1995-03-09,1.4165
1995-03-10,1.421
1995-03-13,1.4158
1995-03-14,1.4161
1995-03-15,1.411
1995-03-16,1.4114
1995-03-17,1.411
1995-03-20,1.4132
1995-03-21,1.4155
1995-03-22,1.4155
1995-03-23,1.4153
1995-03-24,1.4222
1995-03-27,1.42
1995-03-28,1.419
1995-03-29,1.4165
1995-03-30,1.422
1995-03-31,1.4125
1995-04-03,1.408
1995-04-04,1.4087
1995-04-05,1.4068
1995-04-06,1.4057
1995-04-07,1.404
1995-04-10,1.3985
1995-04-11,1.4035
1995-04-12,1.4005
1995-04-13,1.3947
1995-04-14,1.395
1995-04-17,1.3953
1995-04-18,1.3945
1995-04-19,1.3937
1995-04-20,1.398
1995-04-21,1.3945
1995-04-24,1.3945
1995-04-25,1.392
1995-04-26,1.3963
1995-04-27,1.394
1995-04-28,1.3937
1995-05-01,1.3907
1995-05-02,1.3902
1995-05-03,1.39
1995-05-04,1.3905
1995-05-05,1.3917
1995-05-08,1.39
1995-05-09,1.3916
1995-05-10,1.3936
1995-05-11,1.401
1995-05-12,1.409
1995-05-15,1.406
1995-05-16,1.4013
1995-05-17,1.3998
1995-05-18,1.398
1995-05-19,1.394
1995-05-22,1.3945
1995-05-23,1.3932
1995-05-24,1.3937
1995-05-25,1.3905
1995-05-26,1.3903
1995-05-30,1.3907
1995-05-31,1.393
1995-06-01,1.391
1995-06-02,1.3916
1995-06-05,1.3915
1995-06-06,1.393
1995-06-07,1.3917
1995-06-08,1.3923
1995-06-09,1.392
1995-06-12,1.3923
1995-06-13,1.3942
1995-06-14,1.3945
1995-06-15,1.3985
1995-06-16,1.396
1995-06-19,1.3955
1995-06-20,1.3967
1995-06-21,1.4
1995-06-22,1.3997
1995-06-23,1.3975
1995-06-26,1.3985
1995-06-27,1.3975
1995-06-28,1.398
1995-06-29,1.397
1995-06-30,1.3975
1995-07-03,1.3963
1995-07-05,1.397
1995-07-06,1.3973
1995-07-07,1.4005
1995-07-10,1.404
1995-07-11,1.403
1995-07-12,1.399
1995-07-13,1.398
1995-07-14,1.3977
1995-07-17,1.4005
1995-07-18,1.3972
1995-07-19,1.4
1995-07-20,1.3995
1995-07-21,1.3995
1995-07-24,1.3995
1995-07-25,1.3985
1995-07-26,1.3978
1995-07-27,1.3945
1995-07-28,1.3943
1995-07-31,1.3935
1995-08-01,1.394
1995-08-02,1.3975
1995-08-03,1.398
1995-08-04,1.3987
1995-08-07,1.4
1995-08-08,1.3975
1995-08-09,1.3965
1995-08-10,1.3962
1995-08-11,1.3987
1995-08-14,1.4007
1995-08-15,1.409
1995-08-16,1.42
1995-08-17,1.4253
1995-08-18,1.4277
1995-08-21,1.4267
1995-08-22,1.4255
1995-08-23,1.4234
1995-08-24,1.424
1995-08-25,1.4225
1995-08-28,1.416
1995-08-29,1.4225
1995-08-30,1.426
1995-08-31,1.4205
1995-09-01,1.421
1995-09-05,1.423
1995-09-06,1.426
1995-09-07,1.4235
1995-09-08,1.4292
1995-09-11,1.4285
1995-09-12,1.432
1995-09-13,1.436
1995-09-14,1.4331
1995-09-15,1.443
1995-09-18,1.4455
1995-09-19,1.449
1995-09-20,1.4447
1995-09-21,1.4347
1995-09-22,1.4305
1995-09-25,1.4437
1995-09-26,1.442
1995-09-27,1.4295
1995-09-28,1.4238
1995-09-29,1.423
1995-10-02,1.439
1995-10-03,1.4345
1995-10-04,1.4323
1995-10-05,1.4255
1995-10-06,1.427
1995-10-10,1.4265
1995-10-11,1.4244
1995-10-12,1.424
1995-10-13,1.427
1995-10-16,1.4235
1995-10-17,1.424
1995-10-18,1.4262
1995-10-19,1.424
1995-10-20,1.4218
1995-10-23,1.4125
1995-10-24,1.4148
1995-10-25,1.4185
1995-10-26,1.4165
1995-10-27,1.415
1995-10-30,1.4155
1995-10-31,1.4131
1995-11-01,1.4175
1995-11-02,1.4158
1995-11-03,1.412
1995-11-06,1.4098
1995-11-07,1.4135
1995-11-08,1.4146
1995-11-09,1.412
1995-11-10,1.4127
1995-11-13,1.4139
1995-11-14,1.412
1995-11-15,1.4115
1995-11-16,1.4133
1995-11-17,1.4125
1995-11-20,1.4125
1995-11-21,1.4125
1995-11-22,1.4112
1995-11-24,1.413
1995-11-27,1.4125
1995-11-28,1.4125
1995-11-29,1.4125
1995-11-30,1.411
1995-12-01,1.4145
1995-12-04,1.415
1995-12-05,1.4132
1995-12-06,1.414
1995-12-07,1.414
1995-12-08,1.4152
1995-12-11,1.4137
1995-12-12,1.416
1995-12-13,1.4167
1995-12-14,1.416
1995-12-15,1.416
1995-12-18,1.4139
1995-12-19,1.4145
1995-12-20,1.415
1995-12-21,1.4143
1995-12-22,1.4165
1995-12-26,1.4148
1995-12-27,1.4153
1995-12-28,1.413
1995-12-29,1.415
1996-01-02,1.4157
1996-01-03,1.419
1996-01-04,1.431
1996-01-05,1.4235
1996-01-08,1.426
1996-01-09,1.4237
1996-01-10,1.424
1996-01-11,1.422
1996-01-12,1.423
1996-01-16,1.4255
1996-01-17,1.4158
1996-01-18,1.419
1996-01-19,1.4215
1996-01-22,1.425
1996-01-23,1.4203
1996-01-24,1.4218
1996-01-25,1.419
1996-01-26,1.4175
1996-01-29,1.419
1996-01-30,1.4208
1996-01-31,1.4105
1996-02-01,1.42
1996-02-02,1.418
1996-02-05,1.4121
1996-02-06,1.415
1996-02-07,1.4145
1996-02-08,1.4165
1996-02-09,1.4169
1996-02-12,1.4138
1996-02-13,1.416
1996-02-14,1.414
1996-02-15,1.4135
1996-02-16,1.4005
1996-02-20,1.402
1996-02-21,1.4026
1996-02-22,1.4065
1996-02-23,1.409
1996-02-26,1.4063
1996-02-27,1.4085
1996-02-28,1.413
1996-02-29,1.4122
1996-03-01,1.412
1996-03-04,1.4128
1996-03-05,1.4115
1996-03-06,1.4122
1996-03-07,1.409
1996-03-08,1.4095
1996-03-11,1.407
1996-03-12,1.408
1996-03-13,1.407
1996-03-14,1.4075
1996-03-15,1.408
1996-03-18,1.4075
1996-03-19,1.407
1996-03-20,1.4106
1996-03-21,1.4105
1996-03-22,1.41
1996-03-25,1.4075
1996-03-26,1.4065
1996-03-27,1.4205
1996-03-28,1.4075
1996-03-29,1.4081
1996-04-01,1.407
1996-04-02,1.4055
1996-04-03,1.4055
1996-04-04,1.4045
1996-04-05,1.4155
1996-04-08,1.4057
1996-04-09,1.408
1996-04-10,1.41
1996-04-11,1.408
1996-04-12,1.4115
1996-04-15,1.4115
1996-04-16,1.411
1996-04-17,1.409
1996-04-18,1.408
1996-04-19,1.409
1996-04-22,1.4095
1996-04-23,1.41
1996-04-24,1.409
1996-04-25,1.4087
1996-04-26,1.4075
1996-04-29,1.406
1996-04-30,1.4055
1996-05-01,1.4065
1996-05-02,1.4055
1996-05-03,1.4037
1996-05-06,1.4043
1996-05-07,1.404
1996-05-08,1.4052
1996-05-09,1.405
1996-05-10,1.4058
1996-05-13,1.4053
1996-05-14,1.4077
1996-05-15,1.4087
1996-05-16,1.409
1996-05-17,1.408
1996-05-20,1.4085
1996-05-21,1.409
1996-05-22,1.4093
1996-05-23,1.4102
1996-05-24,1.4108
1996-05-28,1.414
1996-05-29,1.4022
1996-05-30,1.4095
1996-05-31,1.4095
1996-06-03,1.4075
1996-06-04,1.4099
1996-06-05,1.41
1996-06-06,1.4096
1996-06-07,1.4087
1996-06-10,1.409
1996-06-11,1.4095
1996-06-12,1.409
1996-06-13,1.4095
1996-06-14,1.4095
1996-06-17,1.4085
1996-06-18,1.4085
1996-06-19,1.407
1996-06-20,1.409
1996-06-21,1.4103
1996-06-24,1.4095
1996-06-25,1.4115
1996-06-26,1.412
1996-06-27,1.4005
1996-06-28,1.4115
1996-07-01,1.4115
1996-07-02,1.4125
1996-07-03,1.4138
1996-07-05,1.414
1996-07-08,1.4145
1996-07-09,1.4135
1996-07-10,1.414
1996-07-11,1.4163
1996-07-12,1.4203
1996-07-15,1.4192
1996-07-16,1.4165
1996-07-17,1.4185
1996-07-18,1.419
1996-07-19,1.4177
1996-07-22,1.4205
1996-07-23,1.418
1996-07-24,1.4169
1996-07-25,1.4155
1996-07-26,1.417
1996-07-29,1.416
1996-07-30,1.4143
1996-07-31,1.413
1996-08-01,1.4141
1996-08-02,1.416
1996-08-05,1.416
1996-08-06,1.417
1996-08-07,1.417
1996-08-08,1.4183
1996-08-09,1.416
1996-08-12,1.415
1996-08-13,1.4135
1996-08-14,1.4125
1996-08-15,1.4128
1996-08-16,1.4095
1996-08-19,1.4103
1996-08-20,1.4107
1996-08-21,1.412
1996-08-22,1.412
1996-08-23,1.4105
1996-08-26,1.409
1996-08-27,1.4085
1996-08-28,1.406
1996-08-29,1.4078
1996-08-30,1.4075
1996-09-03,1.4085
1996-09-04,1.408
1996-09-05,1.4077
1996-09-06,1.407
1996-09-09,1.408
1996-09-10,1.406
1996-09-11,1.41
1996-09-12,1.4095
1996-09-13,1.4095
1996-09-16,1.4115
1996-09-17,1.4117
1996-09-18,1.4085
1996-09-19,1.4075
1996-09-20,1.4085
1996-09-23,1.4074
1996-09-24,1.4083
1996-09-25,1.4088
1996-09-26,1.409
1996-09-27,1.4083
1996-09-30,1.408
1996-10-01,1.409
1996-10-02,1.41
1996-10-03,1.4098
1996-10-04,1.4112
1996-10-07,1.4116
1996-10-08,1.4107
1996-10-09,1.41
1996-10-10,1.4095
1996-10-11,1.4095
1996-10-15,1.412
1996-10-16,1.4141
1996-10-17,1.4139
1996-10-18,1.4146
1996-10-21,1.4148
1996-10-22,1.4157
1996-10-23,1.4167
1996-10-24,1.4168
1996-10-25,1.416
1996-10-28,1.4173
1996-10-29,1.4135
1996-10-30,1.4083
1996-10-31,1.4088
1996-11-01,1.4085
1996-11-04,1.4072
1996-11-05,1.4085
1996-11-06,1.408
1996-11-07,1.4023
1996-11-08,1.4
1996-11-12,1.401
1996-11-13,1.4017
1996-11-14,1.4002
1996-11-15,1.3995
1996-11-18,1.3995
1996-11-19,1.4
1996-11-20,1.402
1996-11-21,1.4015
1996-11-22,1.4015
1996-11-25,1.4017
1996-11-26,1.4012
1996-11-27,1.4015
1996-11-29,1.4026
1996-12-02,1.401
1996-12-03,1.4035
1996-12-04,1.403
1996-12-05,1.4008
1996-12-06,1.4005
1996-12-09,1.4015
1996-12-10,1.4002
1996-12-11,1.399
1996-12-12,1.3995
1996-12-13,1.4
1996-12-16,1.4003
1996-12-17,1.4005
1996-12-18,1.3991
1996-12-19,1.3995
1996-12-20,1.3998
1996-12-23,1.401
1996-12-24,1.3905
1996-12-26,1.3993
1996-12-27,1.4
1996-12-30,1.4003
1996-12-31,1.3995
1997-01-02,1.399
1997-01-03,1.403
1997-01-06,1.4063
1997-01-07,1.404
1997-01-08,1.4055
1997-01-09,1.4057
1997-01-10,1.4055
1997-01-13,1.4045
1997-01-14,1.4052
1997-01-15,1.4055
1997-01-16,1.4035
1997-01-17,1.4058
1997-01-21,1.407
1997-01-22,1.4085
1997-01-23,1.4085
1997-01-24,1.408
1997-01-27,1.408
1997-01-28,1.4105
1997-01-29,1.4073
1997-01-30,1.408
1997-01-31,1.408
1997-02-03,1.409
1997-02-04,1.409
1997-02-05,1.414
1997-02-06,1.4135
1997-02-07,1.4145
1997-02-10,1.409
1997-02-11,1.4158
1997-02-12,1.4165
1997-02-13,1.4187
1997-02-14,1.4175
1997-02-18,1.4263
1997-02-19,1.4295
1997-02-20,1.4245
1997-02-21,1.424
1997-02-24,1.4215
1997-02-25,1.4243
1997-02-26,1.4285
1997-02-27,1.4255
1997-02-28,1.426
1997-03-03,1.4258
1997-03-04,1.4265
1997-03-05,1.428
1997-03-06,1.4315
1997-03-07,1.4343
1997-03-10,1.4333
1997-03-11,1.4335
1997-03-12,1.4342
1997-03-13,1.4353
1997-03-14,1.4335
1997-03-17,1.4346
1997-03-18,1.4375
1997-03-19,1.44
1997-03-20,1.4477
1997-03-21,1.4468
1997-03-24,1.439
1997-03-25,1.4423
1997-03-26,1.452
1997-03-27,1.4467
1997-03-28,1.447
1997-03-31,1.4445
1997-04-01,1.4392
1997-04-02,1.441
1997-04-03,1.434
1997-04-04,1.437
1997-04-07,1.4414
1997-04-08,1.4415
1997-04-09,1.4423
1997-04-10,1.4382
1997-04-11,1.4408
1997-04-14,1.442
1997-04-15,1.4435
1997-04-16,1.4415
1997-04-17,1.4413
1997-04-18,1.441
1997-04-21,1.4398
1997-04-22,1.444
1997-04-23,1.4445
1997-04-24,1.4441
1997-04-25,1.4428
1997-04-28,1.445
1997-04-29,1.4445
1997-04-30,1.448
1997-05-01,1.4463
1997-05-02,1.4475
1997-05-05,1.446
1997-05-06,1.446
1997-05-07,1.4465
1997-05-08,1.4435
1997-05-09,1.441
1997-05-12,1.435
1997-05-13,1.4365
1997-05-14,1.4355
1997-05-15,1.4348
1997-05-16,1.4325
1997-05-19,1.4345
1997-05-20,1.4305
1997-05-21,1.431
1997-05-22,1.4315
1997-05-23,1.431
1997-05-27,1.431
1997-05-28,1.43
1997-05-29,1.4308
1997-05-30,1.4308
1997-06-02,1.432
1997-06-03,1.432
1997-06-04,1.4305
1997-06-05,1.429
1997-06-06,1.4285
1997-06-09,1.4185
1997-06-10,1.42
1997-06-11,1.419
1997-06-12,1.4235
1997-06-13,1.4291
1997-06-16,1.426
1997-06-17,1.427
1997-06-18,1.426
1997-06-19,1.426
1997-06-20,1.427
1997-06-23,1.4315
1997-06-24,1.43
1997-06-25,1.4263
1997-06-26,1.427
1997-06-27,1.43
1997-06-30,1.4302
1997-07-01,1.4287
1997-07-02,1.4302
1997-07-03,1.432
1997-07-07,1.4358
1997-07-08,1.4385
1997-07-09,1.4372
1997-07-10,1.4307
1997-07-11,1.4395
1997-07-14,1.442
1997-07-15,1.4433
1997-07-16,1.449
1997-07-17,1.459
1997-07-18,1.4692
1997-07-21,1.4635
1997-07-22,1.46
1997-07-23,1.4672
1997-07-24,1.4765
1997-07-25,1.4755
1997-07-28,1.467
1997-07-29,1.4635
1997-07-30,1.4665
1997-07-31,1.471
1997-08-01,1.475
1997-08-04,1.467
1997-08-05,1.473
1997-08-06,1.471
1997-08-07,1.4735
1997-08-08,1.481
1997-08-11,1.4843
1997-08-12,1.5095
1997-08-13,1.506
1997-08-14,1.5195
1997-08-15,1.517
1997-08-18,1.5175
1997-08-19,1.5115
1997-08-20,1.507
1997-08-21,1.498
1997-08-22,1.4947
1997-08-25,1.494
1997-08-26,1.494
1997-08-27,1.517
1997-08-28,1.5265
1997-08-29,1.515
1997-09-02,1.516
1997-09-03,1.5175
1997-09-04,1.519
1997-09-05,1.515
1997-09-08,1.5065
1997-09-09,1.503
1997-09-10,1.507
1997-09-11,1.512
1997-09-12,1.513
1997-09-15,1.508
1997-09-16,1.511
1997-09-17,1.5165
1997-09-18,1.5185
1997-09-19,1.518
1997-09-22,1.5285
1997-09-23,1.514
1997-09-24,1.514
1997-09-25,1.5205
1997-09-26,1.5255
1997-09-29,1.5295
1997-09-30,1.5305
1997-10-01,1.535
1997-10-02,1.533
1997-10-03,1.543
1997-10-06,1.5477
1997-10-07,1.56
1997-10-08,1.5555
1997-10-09,1.532
1997-10-10,1.538
1997-10-14,1.5435
1997-10-15,1.5495
1997-10-16,1.548
1997-10-17,1.5555
1997-10-20,1.5675
1997-10-21,1.578
1997-10-22,1.589
1997-10-23,1.5745
1997-10-24,1.581
1997-10-27,1.5777
1997-10-28,1.5725
1997-10-29,1.579
1997-10-30,1.581
1997-10-31,1.5735
1997-11-03,1.5445
1997-11-04,1.561
1997-11-05,1.571
1997-11-06,1.574
1997-11-07,1.5705
1997-11-10,1.5725
1997-11-12,1.58
1997-11-13,1.5785
1997-11-14,1.5845
1997-11-17,1.583
1997-11-18,1.59
1997-11-19,1.602
1997-11-20,1.6015
1997-11-21,1.5815
1997-11-24,1.592
1997-11-25,1.597
1997-11-26,1.597
1997-11-28,1.595
1997-12-01,1.601
1997-12-02,1.6085
1997-12-03,1.6135
1997-12-04,1.614
1997-12-05,1.617
1997-12-08,1.6165
1997-12-09,1.626
1997-12-10,1.6195
1997-12-11,1.633
1997-12-12,1.658
1997-12-15,1.682
1997-12-16,1.706
1997-12-17,1.683
1997-12-18,1.669
1997-12-19,1.6715
1997-12-22,1.6755
1997-12-23,1.6725
1997-12-24,1.668
1997-12-26,1.673
1997-12-29,1.67
1997-12-30,1.677
1997-12-31,1.686
1998-01-02,1.6995
1998-01-05,1.721
1998-01-06,1.759
1998-01-07,1.739
1998-01-08,1.784
1998-01-09,1.774
1998-01-12,1.796
1998-01-13,1.772
1998-01-14,1.742
1998-01-15,1.763
1998-01-16,1.734
1998-01-20,1.752
1998-01-21,1.754
1998-01-22,1.762
1998-01-23,1.769
1998-01-26,1.754
1998-01-27,1.72
1998-01-28,1.7195
1998-01-29,1.725
1998-01-30,1.7155
1998-02-02,1.709
1998-02-03,1.68
1998-02-04,1.685
1998-02-05,1.663
1998-02-06,1.652
1998-02-09,1.6585
1998-02-10,1.628
1998-02-11,1.6215
1998-02-12,1.6535
1998-02-13,1.661
1998-02-17,1.665
1998-02-18,1.647
1998-02-19,1.629
1998-02-20,1.648
1998-02-23,1.654
1998-02-24,1.6335
1998-02-25,1.6345
1998-02-26,1.624
1998-02-27,1.62
1998-03-02,1.614
1998-03-03,1.639
1998-03-04,1.641
1998-03-05,1.651
1998-03-06,1.6505
1998-03-09,1.6555
1998-03-10,1.642
1998-03-11,1.6365
1998-03-12,1.622
1998-03-13,1.598
1998-03-16,1.605
1998-03-17,1.6095
1998-03-18,1.607
1998-03-19,1.612
1998-03-20,1.6045
1998-03-23,1.602
1998-03-24,1.611
1998-03-25,1.6
1998-03-26,1.599
1998-03-27,1.59
1998-03-30,1.607
1998-03-31,1.616
1998-04-01,1.6225
1998-04-02,1.6255
1998-04-03,1.6315
1998-04-06,1.619
1998-04-07,1.609
1998-04-08,1.603
1998-04-09,1.595
1998-04-10,1.586
1998-04-13,1.592
1998-04-14,1.594
1998-04-15,1.598
1998-04-16,1.603
1998-04-17,1.6025
1998-04-20,1.602
1998-04-21,1.596
1998-04-22,1.5878
1998-04-23,1.591
1998-04-24,1.591
1998-04-27,1.6
1998-04-28,1.5925
1998-04-29,1.5885
1998-04-30,1.585
1998-05-01,1.584
1998-05-04,1.581
1998-05-05,1.585
1998-05-06,1.614
1998-05-07,1.6275
1998-05-08,1.619
1998-05-11,1.6255
1998-05-12,1.646
1998-05-13,1.6595
1998-05-14,1.6555
1998-05-15,1.6475
1998-05-18,1.653
1998-05-19,1.653
1998-05-20,1.65
1998-05-21,1.637
1998-05-22,1.638
1998-05-26,1.655
1998-05-27,1.6665
1998-05-28,1.6755
1998-05-29,1.6755
1998-06-01,1.697
1998-06-02,1.68
1998-06-03,1.675
1998-06-04,1.687
1998-06-05,1.7025
1998-06-08,1.7125
1998-06-09,1.7138
1998-06-10,1.745
1998-06-11,1.745
1998-06-12,1.7465
1998-06-15,1.7515
1998-06-16,1.7365
1998-06-17,1.6705
1998-06-18,1.675
1998-06-19,1.607
1998-06-22,1.652
1998-06-23,1.652
1998-06-24,1.66
1998-06-25,1.6685
1998-06-26,1.6915
1998-06-29,1.718
1998-06-30,1.684
1998-07-01,1.69
1998-07-02,1.705
1998-07-03,1.702
1998-07-06,1.7145
1998-07-07,1.6925
1998-07-08,1.7085
1998-07-09,1.718
1998-07-10,1.7285
1998-07-13,1.7185
1998-07-14,1.6885
1998-07-15,1.697
1998-07-16,1.688
1998-07-17,1.71
1998-07-20,1.7
1998-07-21,1.71
1998-07-22,1.7105
1998-07-23,1.712
1998-07-24,1.711
1998-07-27,1.721
1998-07-28,1.7085
1998-07-29,1.717
1998-07-30,1.717
1998-07-31,1.728
1998-08-03,1.733
1998-08-04,1.728
1998-08-05,1.725
1998-08-06,1.743
1998-08-07,1.7525
1998-08-10,1.7585
1998-08-11,1.7616
1998-08-12,1.7525
1998-08-13,1.7485
1998-08-14,1.757
1998-08-17,1.764
1998-08-18,1.7655
1998-08-19,1.757
1998-08-20,1.751
1998-08-21,1.7675
1998-08-24,1.767
1998-08-25,1.7745
1998-08-26,1.774
1998-08-27,1.769
1998-08-28,1.775
1998-08-31,1.775
1998-09-01,1.719
1998-09-02,1.742
1998-09-03,1.756
1998-09-04,1.751
1998-09-08,1.726
1998-09-09,1.7425
1998-09-10,1.73
1998-09-11,1.717
1998-09-14,1.7325
1998-09-15,1.7255
1998-09-16,1.7265
1998-09-17,1.724
1998-09-18,1.723
1998-09-21,1.735
1998-09-22,1.733
1998-09-23,1.73
1998-09-24,1.7125
1998-09-25,1.691
1998-09-28,1.695
1998-09-29,1.6755
1998-09-30,1.6882
1998-10-01,1.6903
1998-10-02,1.687
1998-10-05,1.679
1998-10-06,1.678
1998-10-07,1.6525
1998-10-08,1.646
1998-10-09,1.646
1998-10-13,1.6315
1998-10-14,1.614
1998-10-15,1.615
1998-10-16,1.6195
1998-10-19,1.6195
1998-10-20,1.6265
1998-10-21,1.616
1998-10-22,1.621
1998-10-23,1.623
1998-10-26,1.6265
1998-10-27,1.6304
1998-10-28,1.624
1998-10-29,1.622
1998-10-30,1.627
1998-11-02,1.6245
1998-11-03,1.621
1998-11-04,1.624
1998-11-05,1.622
1998-11-06,1.638
1998-11-09,1.6585
1998-11-10,1.6565
1998-11-12,1.656
1998-11-13,1.6545
1998-11-16,1.631
1998-11-17,1.6335
1998-11-18,1.6315
1998-11-19,1.6245
1998-11-20,1.629
1998-11-23,1.6365
1998-11-24,1.637
1998-11-25,1.64
1998-11-27,1.6495
1998-11-30,1.65
1998-12-01,1.6455
1998-12-02,1.647
1998-12-03,1.646
1998-12-04,1.6585
1998-12-07,1.6585
1998-12-08,1.6575
1998-12-09,1.649
1998-12-10,1.647
1998-12-11,1.65
1998-12-14,1.6442
1998-12-15,1.65
1998-12-16,1.6475
1998-12-17,1.6485
1998-12-18,1.6477
1998-12-21,1.651
1998-12-22,1.652
1998-12-23,1.6535
1998-12-24,1.657
1998-12-28,1.657
1998-12-29,1.6565
1998-12-30,1.6575
1998-12-31,1.651
1999-01-04,1.658665
1999-01-05,1.667091
1999-01-06,1.67751
1999-01-07,1.670908
1999-01-08,1.675701
1999-01-11,1.673265
1999-01-12,1.67908
1999-01-13,1.687245
1999-01-14,1.683258
1999-01-15,1.683296
1999-01-18,1.683517
1999-01-19,1.680527
1999-01-20,1.675853
1999-01-21,1.673695
1999-01-22,1.682459
1999-01-25,1.688277
1999-01-26,1.684683
1999-01-27,1.686703
1999-01-28,1.690622
1999-01-29,1.689476
1999-02-01,1.690686
1999-02-02,1.685984
1999-02-03,1.687572
1999-02-04,1.687739
1999-02-05,1.688806
1999-02-08,1.689667
1999-02-09,1.692579
1999-02-10,1.692999
1999-02-11,1.688826
1999-02-12,1.693081
1999-02-15,1.68829
1999-02-16,1.697924
1999-02-17,1.698836
1999-02-18,1.70041
1999-02-19,1.708053
1999-02-22,1.714429
1999-02-23,1.718753
1999-02-24,1.72565
1999-02-25,1.72813
1999-02-26,1.721274
1999-03-01,1.724285
1999-03-02,1.734087
1999-03-03,1.734746
1999-03-04,1.735229
1999-03-05,1.72854
1999-03-08,1.725431
1999-03-09,1.73221
1999-03-10,1.73012
1999-03-11,1.73648
1999-03-12,1.733352
1999-03-15,1.714038
1999-03-16,1.722136
1999-03-17,1.72515
1999-03-18,1.723665
1999-03-19,1.724049
1999-03-22,1.727264
1999-03-23,1.733021
1999-03-24,1.724927
1999-03-25,1.725821
1999-03-26,1.730374
1999-03-29,1.733726
1999-03-30,1.734385
1999-03-31,1.726308
1999-04-01,1.73329
1999-04-02,1.731805
1999-04-05,1.733631
1999-04-06,1.734384
1999-04-07,1.735572
1999-04-08,1.730172
1999-04-09,1.733624
1999-04-12,1.722647
1999-04-13,1.717232
1999-04-14,1.694818
1999-04-15,1.690896
1999-04-16,1.706974
1999-04-19,1.70487
1999-04-20,1.703269
1999-04-21,1.711506
1999-04-22,1.709952
1999-04-23,1.710269
1999-04-26,1.700207
1999-04-27,1.700847
1999-04-28,1.696044
1999-04-29,1.69719
1999-04-30,1.700198
1999-05-03,1.701294
1999-05-04,1.704468
1999-05-05,1.698603
1999-05-06,1.701361
1999-05-07,1.698313
1999-05-10,1.699115
1999-05-11,1.699404
1999-05-12,1.699295
1999-05-13,1.70467
1999-05-14,1.71169
1999-05-17,1.712307
1999-05-18,1.711506
1999-05-19,1.721836
1999-05-20,1.721966
1999-05-21,1.720583
1999-05-24,1.721587
1999-05-25,1.723346
1999-05-26,1.732036
1999-05-27,1.731691
1999-05-28,1.724974
1999-05-31,1.726855
1999-06-01,1.723213
1999-06-02,1.724812
1999-06-03,1.726257
1999-06-04,1.726709
1999-06-07,1.724796
1999-06-08,1.712662
1999-06-09,1.712402
1999-06-10,1.71434
1999-06-11,1.711476
1999-06-14,1.713136
1999-06-15,1.710739
1999-06-16,1.704882
1999-06-17,1.701934
1999-06-18,1.704755
1999-06-21,1.70974
1999-06-22,1.69999
1999-06-23,1.704864
1999-06-24,1.702354
1999-06-25,1.702097
1999-06-28,1.704467
1999-06-29,1.703782
1999-06-30,1.700039
1999-07-01,1.698071
1999-07-02,1.699932
1999-07-05,1.697615
1999-07-06,1.699638
1999-07-07,1.695754
1999-07-08,1.697702
1999-07-09,1.698746
1999-07-12,1.699526
1999-07-13,1.700678
1999-07-14,1.703186
1999-07-15,1.698951
1999-07-16,1.70643
1999-07-19,1.703036
1999-07-20,1.697695
1999-07-21,1.697285
1999-07-22,1.70121
1999-07-23,1.69798
1999-07-26,1.683586
1999-07-27,1.688059
1999-07-28,1.679525
1999-07-29,1.689232
1999-07-30,1.685338
1999-08-02,1.67895
1999-08-03,1.683983
1999-08-04,1.677632
1999-08-05,1.675934
1999-08-06,1.66648
1999-08-09,1.666418
1999-08-10,1.665083
1999-08-11,1.671635
1999-08-12,1.676255
1999-08-13,1.674416
1999-08-16,1.670236
1999-08-17,1.681581
1999-08-18,1.676714
1999-08-19,1.675573
1999-08-20,1.652011
1999-08-23,1.680464
1999-08-24,1.690068
1999-08-25,1.690981
1999-08-26,1.690586
1999-08-27,1.687656
1999-08-30,1.687392
1999-08-31,1.682304
1999-09-01,1.683124
1999-09-02,1.684581
1999-09-03,1.687418
1999-09-06,1.688597
1999-09-07,1.693611
1999-09-08,1.694337
1999-09-09,1.688539
1999-09-10,1.691635
1999-09-13,1.684587
1999-09-14,1.68867
1999-09-15,1.687819
1999-09-16,1.693116
1999-09-17,1.692892
1999-09-20,1.698539
1999-09-21,1.69898
1999-09-22,1.706728
1999-09-23,1.715628
1999-09-24,1.708667
1999-09-27,1.704148
1999-09-28,1.716207
1999-09-29,1.70889
1999-09-30,1.700141
1999-10-01,1.692953
1999-10-04,1.694374
1999-10-05,1.67668
1999-10-06,1.680265
1999-10-07,1.677137
1999-10-08,1.682556
1999-10-11,1.675383
1999-10-12,1.671166
1999-10-13,1.687326
1999-10-14,1.680052
1999-10-15,1.672831
1999-10-18,1.673997
1999-10-19,1.672768
1999-10-20,1.676255
1999-10-21,1.66889
1999-10-22,1.664529
1999-10-25,1.659927
1999-10-26,1.666886
1999-10-27,1.669826
1999-10-28,1.667078
1999-10-29,1.665359
1999-11-01,1.65664
1999-11-02,1.666889
1999-11-03,1.66905
1999-11-04,1.666222
1999-11-05,1.667371
1999-11-08,1.670447
1999-11-09,1.670184
1999-11-10,1.673236
1999-11-11,1.675572
1999-11-12,1.667249
1999-11-15,1.665566
1999-11-16,1.671246
1999-11-17,1.669197
1999-11-18,1.668497
1999-11-19,1.673801
1999-11-22,1.670255
1999-11-23,1.66922
1999-11-24,1.665981
1999-11-25,1.672258
1999-11-26,1.673399
1999-11-29,1.683636
1999-11-30,1.682678
1999-12-01,1.683084
1999-12-02,1.687481
1999-12-03,1.688367
1999-12-06,1.679336
1999-12-07,1.67741
1999-12-08,1.680051
1999-12-09,1.677248
1999-12-10,1.678138
1999-12-13,1.67733
1999-12-14,1.67882
1999-12-15,1.677078
1999-12-16,1.674059
1999-12-17,1.683452
1999-12-20,1.668978
1999-12-21,1.670369
1999-12-22,1.665376
1999-12-23,1.671325
1999-12-24,1.670183
1999-12-27,1.668739
1999-12-28,1.671028
1999-12-29,1.666104
1999-12-30,1.664145
2000-01-03,1.661943
2000-01-04,1.654246
2000-01-05,1.654996
2000-01-06,1.664517
2000-01-07,1.662388
2000-01-10,1.659498
2000-01-11,1.670729
2000-01-12,1.667152
2000-01-13,1.667867
2000-01-14,1.675306
2000-01-17,1.676045
2000-01-18,1.671951
2000-01-19,1.676992
2000-01-20,1.674398
2000-01-21,1.675052
2000-01-24,1.684352
2000-01-25,1.683753
2000-01-26,1.692185
2000-01-27,1.684844
2000-01-28,1.708773
2000-01-31,1.699622
2000-02-01,1.698043
2000-02-02,1.699496
2000-02-03,1.694399
2000-02-04,1.691815
2000-02-07,1.694174
2000-02-08,1.695042
2000-02-09,1.688846
2000-02-10,1.69092
2000-02-11,1.69646
2000-02-14,1.694233
2000-02-15,1.694007
2000-02-16,1.70104
2000-02-17,1.70612
2000-02-18,1.706706
2000-02-21,1.708735
2000-02-22,1.707144
2000-02-23,1.710171
2000-02-24,1.718024
2000-02-25,1.711607
2000-02-28,1.714286
2000-02-29,1.723286
2000-03-01,1.718217
2000-03-02,1.717429
2000-03-03,1.723263
2000-03-06,1.727075
2000-03-07,1.721568
2000-03-08,1.713926
2000-03-09,1.711314
2000-03-10,1.702694
2000-03-13,1.705846
2000-03-14,1.708628
2000-03-15,1.711413
2000-03-16,1.715513
2000-03-17,1.714123
2000-03-20,1.719712
2000-03-21,1.719513
2000-03-22,1.71561
2000-03-23,1.70464
2000-03-24,1.717241
2000-03-27,1.714477
2000-03-28,1.716596
2000-03-29,1.715615
2000-03-30,1.718263
2000-03-31,1.711923
2000-04-03,1.714555
2000-04-04,1.719333
2000-04-05,1.71467
2000-04-06,1.711584
2000-04-07,1.714555
2000-04-10,1.717101
2000-04-11,1.720763
2000-04-12,1.717419
2000-04-13,1.716473
2000-04-14,1.707862
2000-04-17,1.707929
2000-04-18,1.699063
2000-04-19,1.702674
2000-04-20,1.697952
2000-04-25,1.703612
2000-04-26,1.706298
2000-04-27,1.707519
2000-04-28,1.704128
2000-05-02,1.716323
2000-05-03,1.721867
2000-05-04,1.72203
2000-05-05,1.721171
2000-05-08,1.722073
2000-05-09,1.722767
2000-05-10,1.725156
2000-05-11,1.728054
2000-05-12,1.728098
2000-05-15,1.732918
2000-05-16,1.732488
2000-05-17,1.734028
2000-05-18,1.734623
2000-05-19,1.726761
2000-05-22,1.729444
2000-05-23,1.733289
2000-05-24,1.737305
2000-05-25,1.737112
2000-05-26,1.729848
2000-05-29,1.734507
2000-05-30,1.735442
2000-05-31,1.734387
2000-06-01,1.732476
2000-06-02,1.726243
2000-06-05,1.720874
2000-06-06,1.721982
2000-06-07,1.725455
2000-06-08,1.723004
2000-06-09,1.729189
2000-06-12,1.722578
2000-06-13,1.719816
2000-06-14,1.721773
2000-06-15,1.722596
2000-06-16,1.726921
2000-06-19,1.731328
2000-06-20,1.734116
2000-06-21,1.734424
2000-06-22,1.73631
2000-06-23,1.732604
2000-06-26,1.734534
2000-06-27,1.733539
2000-06-28,1.734148
2000-06-29,1.73569
2000-06-30,1.728024
2000-07-03,1.732224
2000-07-04,1.73469
2000-07-05,1.739016
2000-07-06,1.737896
2000-07-07,1.736792
2000-07-10,1.738003
2000-07-11,1.742836
2000-07-12,1.743341
2000-07-13,1.742004
2000-07-14,1.745719
2000-07-17,1.750962
2000-07-18,1.747995
2000-07-19,1.745551
2000-07-20,1.743709
2000-07-21,1.745381
2000-07-24,1.744642
2000-07-25,1.745377
2000-07-26,1.742918
2000-07-27,1.73405
2000-07-28,1.73329
2000-07-31,1.734718
2000-08-01,1.732513
2000-08-02,1.727849
2000-08-03,1.728844
2000-08-04,1.721736
2000-08-07,1.726772
2000-08-08,1.725655
2000-08-09,1.722612
2000-08-10,1.717971
2000-08-11,1.713425
2000-08-14,1.716014
2000-08-15,1.72154
2000-08-16,1.718144
2000-08-17,1.714114
2000-08-18,1.72039
2000-08-21,1.717943
2000-08-22,1.717008
2000-08-23,1.719444
2000-08-24,1.721482
2000-08-25,1.72176
2000-08-28,1.719218
2000-08-29,1.721919
2000-08-30,1.725783
2000-08-31,1.722097
2000-09-01,1.722534
2000-09-04,1.723222
2000-09-05,1.726874
2000-09-06,1.729757
2000-09-07,1.730521
2000-09-08,1.73589
2000-09-11,1.734929
2000-09-12,1.742164
2000-09-13,1.743702
2000-09-14,1.743472
2000-09-15,1.745676
2000-09-18,1.747596
2000-09-19,1.746048
2000-09-20,1.744927
2000-09-21,1.74343
2000-09-22,1.747807
2000-09-25,1.747777
2000-09-26,1.74135
2000-09-27,1.74258
2000-09-28,1.743433
2000-09-29,1.739532
2000-10-02,1.740173
2000-10-03,1.743467
2000-10-04,1.750515
2000-10-05,1.749033
2000-10-06,1.748248
2000-10-09,1.749971
2000-10-10,1.750487
2000-10-11,1.749083
2000-10-12,1.754047
2000-10-13,1.754955
2000-10-16,1.752203
2000-10-17,1.754708
2000-10-18,1.757654
2000-10-19,1.751991
2000-10-20,1.754733
2000-10-23,1.755044
2000-10-24,1.753041
2000-10-25,1.753942
2000-10-26,1.755453
2000-10-27,1.754805
2000-10-30,1.753242
2000-10-31,1.756802
2000-11-01,1.746551
2000-11-02,1.742309
2000-11-03,1.742268
2000-11-06,1.731972
2000-11-07,1.738442
2000-11-08,1.736768
2000-11-09,1.740945
2000-11-10,1.740459
2000-11-13,1.742459
2000-11-14,1.744145
2000-11-15,1.745463
2000-11-16,1.75143
2000-11-17,1.751494
2000-11-20,1.755066
2000-11-21,1.755959
2000-11-22,1.753233
2000-11-23,1.756497
2000-11-24,1.75972
2000-11-27,1.756959
2000-11-28,1.757038
2000-11-29,1.753988
2000-11-30,1.755412
2000-12-01,1.75146
2000-12-04,1.74405
2000-12-05,1.744268
2000-12-06,1.742977
2000-12-07,1.733311
2000-12-08,1.738055
2000-12-11,1.733985
2000-12-12,1.735823
2000-12-13,1.741198
2000-12-14,1.737753
2000-12-15,1.734639
2000-12-18,1.737006
2000-12-19,1.736493
2000-12-20,1.732752
2000-12-21,1.730483
2000-12-22,1.726623
2000-12-27,1.726745
2000-12-28,1.73161
2000-12-29,1.733047
2001-01-02,1.737875
2001-01-03,1.731899
2001-01-04,1.732819
2001-01-05,1.733997
2001-01-08,1.728546
2001-01-09,1.732263
2001-01-10,1.734488
2001-01-11,1.735798
2001-01-12,1.732844
2001-01-15,1.736211
2001-01-16,1.734807
2001-01-17,1.732759
2001-01-18,1.739047
2001-01-19,1.737872
2001-01-22,1.735199
2001-01-23,1.741469
2001-01-24,1.741338
2001-01-25,1.742182
2001-01-26,1.746316
2001-01-29,1.746546
2001-01-30,1.747744
2001-01-31,1.742602
2001-02-01,1.741548
2001-02-02,1.737217
2001-02-05,1.741857
2001-02-06,1.742866
2001-02-07,1.748204
2001-02-08,1.745879
2001-02-09,1.747372
2001-02-12,1.746662
2001-02-13,1.744582
2001-02-14,1.745369
2001-02-15,1.743344
2001-02-16,1.737298
2001-02-19,1.737653
2001-02-20,1.739691
2001-02-21,1.744588
2001-02-22,1.7447
2001-02-23,1.745256
2001-02-26,1.743987
2001-02-27,1.741569
2001-02-28,1.743188
2001-03-01,1.745496
2001-03-02,1.747837
2001-03-05,1.753251
2001-03-06,1.753745
2001-03-07,1.756957
2001-03-08,1.75741
2001-03-09,1.756332
2001-03-12,1.760138
2001-03-13,1.759726
2001-03-14,1.76247
2001-03-15,1.769969
2001-03-16,1.776685
2001-03-19,1.765451
2001-03-20,1.773947
2001-03-21,1.783315
2001-03-22,1.788728
2001-03-23,1.784353
2001-03-26,1.792949
2001-03-27,1.795465
2001-03-28,1.79684
2001-03-29,1.8
2001-03-30,1.803555
2001-04-02,1.814523
2001-04-03,1.813454
2001-04-04,1.815988
2001-04-05,1.808204
2001-04-06,1.814541
2001-04-09,1.816478
2001-04-10,1.812745
2001-04-11,1.807466
2001-04-12,1.799977
2001-04-17,1.808782
2001-04-18,1.804397
2001-04-19,1.80401
2001-04-20,1.815552
2001-04-23,1.809709
2001-04-24,1.812995
2001-04-25,1.817145
2001-04-26,1.816265
2001-04-27,1.819461
2001-04-30,1.820302
2001-05-02,1.815538
2001-05-03,1.82051
2001-05-04,1.822799
2001-05-07,1.820608
2001-05-08,1.824949
2001-05-09,1.821683
2001-05-10,1.816045
2001-05-11,1.812037
2001-05-14,1.817267
2001-05-15,1.819001
2001-05-16,1.812995
2001-05-17,1.808962
2001-05-18,1.809958
2001-05-21,1.811286
2001-05-22,1.811514
2001-05-23,1.805242
2001-05-24,1.803347
2001-05-25,1.809452
2001-05-28,1.811976
2001-05-29,1.806478
2001-05-30,1.809301
2001-05-31,1.80967
2001-06-01,1.809625
2001-06-04,1.814284
2001-06-05,1.810986
2001-06-06,1.81201
2001-06-07,1.809591
2001-06-08,1.810345
2001-06-11,1.812456
2001-06-12,1.816262
2001-06-13,1.816671
2001-06-14,1.81724
2001-06-15,1.811475
2001-06-18,1.816571
2001-06-19,1.817471
2001-06-20,1.82098
2001-06-21,1.821913
2001-06-22,1.820826
2001-06-25,1.818752
2001-06-26,1.819998
2001-06-27,1.821039
2001-06-28,1.823405
2001-06-29,1.822052
2001-07-02,1.822354
2001-07-03,1.822526
2001-07-04,1.823495
2001-07-05,1.824982
2001-07-06,1.827529
2001-07-09,1.829412
2001-07-10,1.834055
2001-07-11,1.835327
2001-07-12,1.83345
2001-07-13,1.836046
2001-07-16,1.836654
2001-07-17,1.833842
2001-07-18,1.831054
2001-07-19,1.825519
2001-07-20,1.823838
2001-07-23,1.824689
2001-07-24,1.819017
2001-07-25,1.818378
2001-07-26,1.805226
2001-07-27,1.798472
2001-07-30,1.802423
2001-07-31,1.803655
2001-08-01,1.803108
2001-08-02,1.782544
2001-08-03,1.778447
2001-08-06,1.781829
2001-08-07,1.78547
2001-08-08,1.77405
2001-08-09,1.775782
2001-08-10,1.758953
2001-08-13,1.755422
2001-08-14,1.760482
2001-08-15,1.744788
2001-08-16,1.744204
2001-08-17,1.754979
2001-08-20,1.757569
2001-08-21,1.74989
2001-08-22,1.752279
2001-08-23,1.755158
2001-08-24,1.751537
2001-08-27,1.748515
2001-08-28,1.751161
2001-08-29,1.745999
2001-08-30,1.749973
2001-08-31,1.740446
2001-09-03,1.739638
2001-09-04,1.745485
2001-09-05,1.74761
2001-09-06,1.752343
2001-09-07,1.753463
2001-09-10,1.748978
2001-09-11,1.75502
2001-09-12,1.736854
2001-09-13,1.739956
2001-09-14,1.733268
2001-09-17,1.732765
2001-09-18,1.735847
2001-09-19,1.740981
2001-09-20,1.737013
2001-09-21,1.741522
2001-09-24,1.759494
2001-09-25,1.768963
2001-09-26,1.766678
2001-09-27,1.765997
2001-09-28,1.765743
2001-10-01,1.767233
2001-10-02,1.77669
2001-10-03,1.779889
2001-10-04,1.778326
2001-10-05,1.788206
2001-10-08,1.794335
2001-10-09,1.804416
2001-10-10,1.811187
2001-10-11,1.820459
2001-10-12,1.816372
2001-10-15,1.810487
2001-10-16,1.819929
2001-10-17,1.817335
2001-10-18,1.812985
2001-10-19,1.822289
2001-10-22,1.827406
2001-10-23,1.826038
2001-10-24,1.829427
2001-10-25,1.826415
2001-10-26,1.828863
2001-10-29,1.831982
2001-10-30,1.822154
2001-10-31,1.822274
2001-11-01,1.827745
2001-11-02,1.829947
2001-11-05,1.821783
2001-11-06,1.819551
2001-11-07,1.814511
2001-11-08,1.815649
2001-11-09,1.824412
2001-11-12,1.823971
2001-11-13,1.82504
2001-11-14,1.826309
2001-11-15,1.832635
2001-11-16,1.835953
2001-11-19,1.842943
2001-11-20,1.837035
2001-11-21,1.836879
2001-11-22,1.841991
2001-11-23,1.83809
2001-11-26,1.832955
2001-11-27,1.834775
2001-11-28,1.833088
2001-11-29,1.829076
2001-11-30,1.831648
2001-12-03,1.83395
2001-12-04,1.835992
2001-12-05,1.835856
2001-12-06,1.833502
2001-12-07,1.831893
2001-12-10,1.834011
2001-12-11,1.829928
2001-12-12,1.830499
2001-12-13,1.828969
2001-12-14,1.83374
2001-12-17,1.837883
2001-12-18,1.839214
2001-12-19,1.834354
2001-12-20,1.835507
2001-12-21,1.838757
2001-12-24,1.839168
2001-12-27,1.854245
2001-12-28,1.850221
2002-01-02,1.851848
2002-01-03,1.849159
2002-01-04,1.84465
2002-01-07,1.846266
2002-01-08,1.849703
2002-01-09,1.846093
2002-01-10,1.846447
2002-01-11,1.84292
2002-01-14,1.834323
2002-01-15,1.824927
2002-01-16,1.831349
2002-01-17,1.835355
2002-01-18,1.835755
2002-01-21,1.833824
2002-01-22,1.841336
2002-01-23,1.838528
2002-01-24,1.840196
2002-01-25,1.833776
2002-01-28,1.835626
2002-01-29,1.834647
2002-01-30,1.834298
2002-01-31,1.834202
2002-02-01,1.835612
2002-02-04,1.835493
2002-02-05,1.834504
2002-02-06,1.832756
2002-02-07,1.829409
2002-02-08,1.833524
2002-02-11,1.832499
2002-02-12,1.830915
2002-02-13,1.829115
2002-02-14,1.826642
2002-02-15,1.825847
2002-02-18,1.827998
2002-02-19,1.831454
2002-02-20,1.827748
2002-02-21,1.830824
2002-02-22,1.831485
2002-02-25,1.831614
2002-02-26,1.832642
2002-02-27,1.836744
2002-02-28,1.83447
2002-03-01,1.830395
2002-03-04,1.828419
2002-03-05,1.827459
2002-03-06,1.827479
2002-03-07,1.820402
2002-03-08,1.82028
2002-03-11,1.821645
2002-03-12,1.822054
2002-03-13,1.824365
2002-03-14,1.821765
2002-03-15,1.820852
2002-03-18,1.825751
2002-03-19,1.826821
2002-03-20,1.829135
2002-03-21,1.828853
2002-03-22,1.830358
2002-03-25,1.836739
2002-03-26,1.848232
2002-03-27,1.842214
2002-03-28,1.840555
2002-04-02,1.846916
2002-04-03,1.842554
2002-04-04,1.838966
2002-04-05,1.835989
2002-04-08,1.836751
2002-04-09,1.837156
2002-04-10,1.833485
2002-04-11,1.836479
2002-04-12,1.838691
2002-04-15,1.835265
2002-04-16,1.835511
2002-04-17,1.828491
2002-04-18,1.824508
2002-04-19,1.822867
2002-04-22,1.816032
2002-04-23,1.819206
2002-04-24,1.816802
2002-04-25,1.811685
2002-04-26,1.808383
2002-04-29,1.807811
2002-04-30,1.811501
2002-05-02,1.81167
2002-05-03,1.80436
2002-05-06,1.802712
2002-05-07,1.808548
2002-05-08,1.808649
2002-05-09,1.8115
2002-05-10,1.805988
2002-05-13,1.804672
2002-05-14,1.805341
2002-05-15,1.80742
2002-05-16,1.801732
2002-05-17,1.795345
2002-05-20,1.792545
2002-05-21,1.792033
2002-05-22,1.793197
2002-05-23,1.803321
2002-05-24,1.800827
2002-05-27,1.798041
2002-05-28,1.793625
2002-05-29,1.791202
2002-05-30,1.784
2002-05-31,1.785235
2002-06-03,1.786964
2002-06-04,1.78389
2002-06-05,1.795006
2002-06-06,1.798956
2002-06-07,1.793165
2002-06-10,1.793001
2002-06-11,1.791229
2002-06-12,1.78777
2002-06-13,1.784008
2002-06-14,1.787297
2002-06-17,1.789412
2002-06-18,1.792387
2002-06-19,1.786006
2002-06-20,1.779087
2002-06-21,1.77335
2002-06-24,1.76577
2002-06-25,1.771314
2002-06-26,1.761218
2002-06-27,1.767406
2002-06-28,1.763008
2002-07-01,1.766267
2002-07-02,1.773125
2002-07-03,1.771166
2002-07-04,1.767926
2002-07-05,1.771517
2002-07-08,1.763024
2002-07-09,1.756898
2002-07-10,1.751162
2002-07-11,1.752745
2002-07-12,1.748101
2002-07-15,1.739026
2002-07-16,1.734768
2002-07-17,1.740064
2002-07-18,1.74309
2002-07-19,1.731717
2002-07-22,1.733889
2002-07-23,1.744702
2002-07-24,1.74584
2002-07-25,1.744458
2002-07-26,1.757294
2002-07-29,1.763975
2002-07-30,1.763193
2002-07-31,1.763672
2002-08-01,1.763934
2002-08-02,1.75195
2002-08-05,1.755795
2002-08-06,1.772319
2002-08-07,1.770262
2002-08-08,1.767833
2002-08-09,1.766677
2002-08-12,1.757771
2002-08-13,1.759669
2002-08-14,1.744953
2002-08-15,1.747469
2002-08-16,1.746667
2002-08-19,1.749362
2002-08-20,1.748775
2002-08-21,1.749949
2002-08-22,1.754555
2002-08-23,1.757451
2002-08-26,1.757963
2002-08-27,1.751893
2002-08-28,1.748015
2002-08-29,1.749467
2002-08-30,1.748703
2002-09-02,1.749415
2002-09-03,1.747326
2002-09-04,1.746255
2002-09-05,1.744962
2002-09-06,1.748336
2002-09-09,1.751174
2002-09-10,1.753484
2002-09-11,1.755872
2002-09-12,1.759455
2002-09-13,1.765749
2002-09-16,1.780956
2002-09-17,1.781428
2002-09-18,1.773573
2002-09-19,1.769411
2002-09-20,1.779265
2002-09-23,1.775709
2002-09-24,1.778592
2002-09-25,1.783953
2002-09-26,1.783993
2002-09-27,1.7783
2002-09-30,1.779108
2002-10-01,1.786229
2002-10-02,1.785053
2002-10-03,1.785035
2002-10-04,1.780335
2002-10-07,1.79221
2002-10-08,1.78898
2002-10-09,1.788771
2002-10-10,1.793722
2002-10-11,1.794664
2002-10-14,1.801175
2002-10-15,1.807339
2002-10-16,1.790084
2002-10-17,1.779474
2002-10-18,1.790036
2002-10-21,1.780776
2002-10-22,1.785934
2002-10-23,1.776982
2002-10-24,1.78055
2002-10-25,1.775684
2002-10-28,1.781632
2002-10-29,1.77057
2002-10-30,1.768957
2002-10-31,1.767539
2002-11-01,1.763786
2002-11-04,1.764179
2002-11-05,1.755786
2002-11-06,1.762029
2002-11-07,1.767402
2002-11-08,1.761947
2002-11-11,1.760024
2002-11-12,1.764805
2002-11-13,1.765097
2002-11-14,1.757603
2002-11-15,1.763386
2002-11-18,1.763835
2002-11-19,1.762765
2002-11-20,1.770436
2002-11-21,1.767291
2002-11-22,1.768755
2002-11-25,1.77365
2002-11-26,1.766297
2002-11-27,1.762466
2002-11-28,1.761929
2002-11-29,1.765589
2002-12-02,1.771249
2002-12-03,1.770041
2002-12-04,1.770313
2002-12-05,1.775298
2002-12-06,1.774136
2002-12-09,1.764589
2002-12-10,1.764415
2002-12-11,1.761796
2002-12-12,1.757089
2002-12-13,1.747872
2002-12-16,1.750196
2002-12-17,1.745319
2002-12-18,1.746875
2002-12-19,1.744184
2002-12-20,1.745197
2002-12-23,1.739545
2002-12-24,1.740676
2002-12-27,1.739495
2002-12-30,1.736039
2002-12-31,1.735387
2003-01-02,1.741145
2003-01-03,1.744804
2003-01-06,1.73627
2003-01-07,1.741487
2003-01-08,1.744435
2003-01-09,1.736366
2003-01-10,1.738551
2003-01-13,1.73789
2003-01-14,1.733006
2003-01-15,1.733802
2003-01-16,1.732582
2003-01-17,1.733665
2003-01-20,1.732282
2003-01-21,1.736037
2003-01-22,1.731666
2003-01-23,1.730594
2003-01-24,1.731361
2003-01-27,1.726035
2003-01-28,1.733993
2003-01-29,1.728285
2003-01-30,1.740231
2003-01-31,1.735022
2003-02-03,1.742846
2003-02-04,1.739327
2003-02-05,1.737764
2003-02-06,1.740775
2003-02-07,1.744925
2003-02-10,1.756199
2003-02-11,1.757239
2003-02-12,1.753238
2003-02-13,1.755717
2003-02-14,1.753822
2003-02-17,1.755319
2003-02-18,1.749207
2003-02-19,1.752263
2003-02-20,1.746539
2003-02-21,1.743864
2003-02-24,1.73911
2003-02-25,1.733896
2003-02-26,1.735423
2003-02-27,1.732027
2003-02-28,1.738175
2003-03-03,1.73713
2003-03-04,1.735415
2003-03-05,1.733266
2003-03-06,1.736021
2003-03-07,1.73349
2003-03-10,1.73474
2003-03-11,1.73556
2003-03-12,1.74728
2003-03-13,1.750736
2003-03-14,1.756473
2003-03-17,1.756782
2003-03-18,1.769979
2003-03-19,1.768874
2003-03-20,1.768693
2003-03-21,1.768729
2003-03-24,1.765845
2003-03-25,1.764755
2003-03-26,1.76957
2003-03-27,1.768255
2003-03-28,1.771761
2003-03-31,1.763286
2003-04-01,1.771004
2003-04-02,1.769529
2003-04-03,1.776303
2003-04-04,1.776493
2003-04-07,1.7835
2003-04-08,1.782176
2003-04-09,1.782257
2003-04-10,1.775845
2003-04-11,1.77932
2003-04-14,1.781131
2003-04-15,1.780323
2003-04-16,1.776855
2003-04-17,1.768223
2003-04-22,1.773676
2003-04-23,1.777869
2003-04-24,1.777525
2003-04-25,1.787205
2003-04-28,1.77678
2003-04-29,1.77866
2003-04-30,1.775582
2003-05-02,1.768307
2003-05-05,1.762792
2003-05-06,1.743741
2003-05-07,1.741927
2003-05-08,1.736773
2003-05-09,1.742369
2003-05-12,1.733638
2003-05-13,1.732506
2003-05-14,1.731542
2003-05-15,1.718014
2003-05-16,1.727027
2003-05-19,1.725197
2003-05-20,1.729389
2003-05-21,1.725982
2003-05-22,1.719283
2003-05-23,1.722901
2003-05-26,1.72234
2003-05-27,1.720864
2003-05-28,1.732578
2003-05-29,1.735369
2003-05-30,1.729487
2003-06-02,1.727467
2003-06-03,1.725838
2003-06-04,1.725344
2003-06-05,1.722803
2003-06-06,1.722678
2003-06-09,1.727273
2003-06-10,1.732883
2003-06-11,1.735529
2003-06-12,1.737344
2003-06-13,1.732959
2003-06-16,1.727181
2003-06-17,1.728406
2003-06-18,1.73237
2003-06-19,1.732733
2003-06-20,1.733505
2003-06-23,1.738799
2003-06-24,1.739905
2003-06-25,1.738724
2003-06-26,1.752974
2003-06-27,1.755717
2003-06-30,1.76328
2003-07-01,1.757775
2003-07-02,1.753273
2003-07-03,1.754037
2003-07-04,1.748299
2003-07-07,1.754049
2003-07-08,1.756313
2003-07-09,1.751123
2003-07-10,1.751278
2003-07-11,1.754574
2003-07-14,1.755023
2003-07-15,1.755544
2003-07-16,1.762076
2003-07-17,1.759772
2003-07-18,1.762695
2003-07-21,1.75709
2003-07-22,1.75756
2003-07-23,1.756074
2003-07-24,1.747449
2003-07-25,1.748453
2003-07-28,1.750196
2003-07-29,1.754231
2003-07-30,1.756392
2003-07-31,1.75835
2003-08-01,1.762199
2003-08-04,1.762183
2003-08-05,1.764934
2003-08-06,1.76343
2003-08-07,1.757421
2003-08-08,1.755165
2003-08-11,1.755113
2003-08-12,1.75442
2003-08-13,1.753658
2003-08-14,1.752795
2003-08-15,1.749978
2003-08-18,1.751251
2003-08-19,1.752553
2003-08-20,1.747142
2003-08-21,1.733127
2003-08-22,1.744171
2003-08-25,1.745775
2003-08-26,1.754993
2003-08-27,1.751994
2003-08-28,1.755634
2003-08-29,1.753638
2003-09-01,1.752485
2003-09-02,1.758503
2003-09-03,1.758323
2003-09-04,1.756332
2003-09-05,1.756203
2003-09-08,1.755758
2003-09-09,1.756174
2003-09-10,1.749284
2003-09-11,1.752429
2003-09-12,1.751701
2003-09-15,1.754543
2003-09-16,1.75069
2003-09-17,1.750981
2003-09-18,1.749336
2003-09-19,1.747436
2003-09-22,1.72602
2003-09-23,1.731682
2003-09-24,1.731729
2003-09-25,1.732272
2003-09-26,1.731958
2003-09-29,1.731709
2003-09-30,1.727171
2003-10-01,1.728215
2003-10-02,1.725624
2003-10-03,1.724628
2003-10-06,1.727351
2003-10-07,1.723232
2003-10-08,1.724641
2003-10-09,1.722175
2003-10-10,1.724296
2003-10-13,1.723306
2003-10-14,1.744026
2003-10-15,1.738024
2003-10-16,1.739561
2003-10-17,1.740738
2003-10-20,1.745034
2003-10-21,1.745935
2003-10-22,1.737387
2003-10-23,1.743679
2003-10-24,1.742467
2003-10-27,1.741318
2003-10-28,1.745995
2003-10-29,1.737248
2003-10-30,1.734237
2003-10-31,1.739288
2003-11-03,1.741738
2003-11-04,1.745466
2003-11-05,1.740434
2003-11-06,1.743034
2003-11-07,1.741071
2003-11-10,1.735958
2003-11-11,1.734105
2003-11-12,1.733879
2003-11-13,1.726712
2003-11-14,1.721207
2003-11-17,1.724962
2003-11-18,1.722279
2003-11-19,1.715449
2003-11-20,1.717441
2003-11-21,1.720229
2003-11-24,1.724097
2003-11-25,1.72276
2003-11-26,1.724298
2003-11-27,1.724752
2003-11-28,1.722695
2003-12-01,1.722689
2003-12-02,1.721921
2003-12-03,1.71608
2003-12-04,1.716747
2003-12-05,1.716141
2003-12-08,1.711082
2003-12-09,1.712596
2003-12-10,1.71362
2003-12-11,1.713219
2003-12-12,1.710788
2003-12-15,1.709321
2003-12-16,1.706297
2003-12-17,1.709978
2003-12-18,1.708135
2003-12-19,1.707441
2003-12-22,1.707898
2003-12-23,1.708441
2003-12-24,1.707504
2003-12-29,1.703256
2003-12-30,1.702785
2003-12-31,1.698337
2004-01-02,1.701636
2004-01-05,1.699692
2004-01-06,1.697789
2004-01-07,1.697847
2004-01-08,1.695662
2004-01-09,1.694748
2004-01-12,1.691456
2004-01-13,1.693231
2004-01-14,1.695084
2004-01-15,1.695449
2004-01-16,1.700392
2004-01-19,1.708559
2004-01-20,1.70844
2004-01-21,1.699691
2004-01-22,1.693863
2004-01-23,1.694926
2004-01-26,1.695268
2004-01-27,1.699369
2004-01-28,1.692987
2004-01-29,1.699791
2004-01-30,1.699451
2004-02-02,1.693925
2004-02-03,1.69265
2004-02-04,1.693948
2004-02-05,1.692283
2004-02-06,1.694948
2004-02-09,1.683946
2004-02-10,1.672987
2004-02-11,1.673659
2004-02-12,1.673176
2004-02-13,1.674547
2004-02-16,1.6753
2004-02-17,1.674833
2004-02-18,1.675062
2004-02-19,1.682726
2004-02-20,1.686567
2004-02-23,1.693941
2004-02-24,1.694958
2004-02-25,1.691425
2004-02-26,1.702989
2004-02-27,1.699952
2004-03-01,1.699696
2004-03-02,1.704403
2004-03-03,1.711274
2004-03-04,1.715979
2004-03-05,1.714977
2004-03-08,1.710343
2004-03-09,1.704636
2004-03-10,1.709976
2004-03-11,1.712223
2004-03-12,1.714181
2004-03-15,1.708666
2004-03-16,1.701457
2004-03-17,1.699208
2004-03-18,1.690482
2004-03-19,1.691429
2004-03-22,1.690359
2004-03-23,1.689312
2004-03-24,1.68916
2004-03-25,1.692961
2004-03-26,1.689312
2004-03-29,1.6898
2004-03-30,1.684008
2004-03-31,1.673675
2004-04-01,1.672078
2004-04-02,1.673242
2004-04-05,1.676646
2004-04-06,1.681059
2004-04-07,1.676969
2004-04-08,1.678489
2004-04-13,1.665804
2004-04-14,1.675277
2004-04-15,1.681078
2004-04-16,1.682702
2004-04-19,1.675274
2004-04-20,1.678098
2004-04-21,1.691872
2004-04-22,1.696707
2004-04-23,1.693563
2004-04-26,1.697663
2004-04-27,1.697232
2004-04-28,1.695389
2004-04-29,1.706156
2004-04-30,1.702687
2004-05-03,1.700996
2004-05-04,1.695879
2004-05-05,1.685964
2004-05-06,1.688263
2004-05-07,1.690218
2004-05-10,1.726758
2004-05-11,1.725263
2004-05-12,1.715021
2004-05-13,1.726127
2004-05-14,1.727927
2004-05-17,1.724029
2004-05-18,1.72461
2004-05-19,1.714739
2004-05-20,1.717833
2004-05-21,1.713656
2004-05-24,1.714823
2004-05-25,1.717317
2004-05-26,1.710805
2004-05-27,1.704973
2004-05-28,1.703658
2004-05-31,1.698639
2004-06-01,1.700515
2004-06-02,1.706093
2004-06-03,1.712089
2004-06-04,1.711382
2004-06-07,1.704359
2004-06-08,1.707337
2004-06-09,1.705848
2004-06-10,1.71233
2004-06-11,1.715975
2004-06-14,1.723106
2004-06-15,1.719276
2004-06-16,1.716454
2004-06-17,1.715484
2004-06-18,1.716575
2004-06-21,1.72036
2004-06-22,1.718386
2004-06-23,1.718541
2004-06-24,1.711434
2004-06-25,1.707777
2004-06-28,1.708388
2004-06-29,1.712466
2004-06-30,1.719539
2004-07-01,1.715565
2004-07-02,1.715591
2004-07-05,1.715007
2004-07-06,1.714924
2004-07-07,1.707453
2004-07-08,1.707402
2004-07-09,1.703201
2004-07-12,1.697427
2004-07-13,1.698755
2004-07-14,1.701801
2004-07-15,1.70632
2004-07-16,1.706225
2004-07-19,1.700854
2004-07-20,1.704078
2004-07-21,1.711044
2004-07-22,1.71552
2004-07-23,1.72168
2004-07-26,1.72071
2004-07-27,1.719757
2004-07-28,1.726109
2004-07-29,1.727424
2004-07-30,1.72207
2004-08-02,1.718291
2004-08-03,1.720596
2004-08-04,1.724693
2004-08-05,1.72272
2004-08-06,1.723392
2004-08-09,1.716747
2004-08-10,1.71268
2004-08-11,1.712662
2004-08-12,1.715813
2004-08-13,1.720845
2004-08-16,1.716301
2004-08-17,1.716243
2004-08-18,1.713973
2004-08-19,1.709281
2004-08-20,1.709265
2004-08-23,1.708816
2004-08-24,1.711014
2004-08-25,1.713683
2004-08-26,1.713967
2004-08-27,1.710219
2004-08-30,1.713954
2004-08-31,1.713649
2004-09-01,1.70932
2004-09-02,1.70276
2004-09-03,1.701191
2004-09-06,1.705575
2004-09-07,1.702707
2004-09-08,1.69848
2004-09-09,1.698302
2004-09-10,1.70063
2004-09-13,1.698921
2004-09-14,1.692081
2004-09-15,1.68892
2004-09-16,1.689505
2004-09-17,1.691999
2004-09-20,1.689499
2004-09-21,1.689964
2004-09-22,1.692609
2004-09-23,1.6946
2004-09-24,1.690714
2004-09-27,1.694141
2004-09-28,1.695095
2004-09-29,1.693094
2004-09-30,1.687243
2004-10-01,1.684363
2004-10-04,1.685331
2004-10-05,1.686118
2004-10-06,1.691255
2004-10-07,1.688968
2004-10-08,1.68648
2004-10-11,1.680681
2004-10-12,1.68551
2004-10-13,1.68721
2004-10-14,1.681668
2004-10-15,1.679878
2004-10-18,1.678932
2004-10-19,1.675114
2004-10-20,1.673153
2004-10-21,1.672299
2004-10-22,1.668253
2004-10-25,1.663305
2004-10-26,1.664581
2004-10-27,1.661976
2004-10-28,1.663992
2004-10-29,1.663579
2004-11-01,1.667163
2004-11-02,1.667532
2004-11-03,1.667712
2004-11-04,1.656828
2004-11-05,1.659225
2004-11-08,1.652861
2004-11-09,1.65177
2004-11-10,1.654466
2004-11-11,1.658029
2004-11-12,1.653819
2004-11-15,1.650714
2004-11-16,1.650297
2004-11-17,1.647321
2004-11-18,1.649647
2004-11-19,1.647465
2004-11-22,1.644748
2004-11-23,1.642371
2004-11-24,1.641412
2004-11-25,1.64043
2004-11-26,1.64126
2004-11-29,1.637352
2004-11-30,1.637608
2004-12-01,1.636001
2004-12-02,1.635196
2004-12-03,1.639098
2004-12-06,1.634164
2004-12-07,1.634438
2004-12-08,1.646692
2004-12-09,1.650432
2004-12-10,1.65901
2004-12-13,1.648251
2004-12-14,1.644214
2004-12-15,1.640439
2004-12-16,1.639654
2004-12-17,1.646788
2004-12-20,1.644042
2004-12-21,1.641257
2004-12-22,1.639271
2004-12-23,1.638526
2004-12-24,1.639566
2004-12-27,1.640127
2004-12-28,1.633683
2004-12-29,1.640432
2004-12-30,1.638121
2004-12-31,1.634388
2005-01-03,1.637151
2005-01-04,1.643172
2005-01-05,1.650257
2005-01-06,1.651066
2005-01-07,1.64553
2005-01-10,1.646417
2005-01-11,1.643004
2005-01-12,1.639851
2005-01-13,1.629157
2005-01-14,1.638072
2005-01-17,1.633932
2005-01-18,1.636064
2005-01-19,1.631277
2005-01-20,1.637755
2005-01-21,1.639821
2005-01-24,1.633448
2005-01-25,1.638157
2005-01-26,1.634679
2005-01-27,1.635421
2005-01-28,1.635213
2005-01-31,1.636671
2005-02-01,1.640132
2005-02-02,1.635709
2005-02-03,1.637413
2005-02-04,1.634589
2005-02-07,1.63882
2005-02-08,1.648856
2005-02-09,1.64935
2005-02-10,1.656962
2005-02-11,1.652975
2005-02-14,1.641552
2005-02-15,1.639597
2005-02-16,1.63934
2005-02-17,1.642665
2005-02-18,1.638086
2005-02-21,1.63761
2005-02-22,1.627681
2005-02-23,1.626373
2005-02-24,1.627903
2005-02-25,1.634637
2005-02-28,1.626461
2005-03-01,1.622881
2005-03-02,1.629341
2005-03-03,1.626674
2005-03-04,1.629813
2005-03-07,1.62787
2005-03-08,1.623283
2005-03-09,1.621385
2005-03-10,1.620628
2005-03-11,1.619931
2005-03-14,1.622345
2005-03-15,1.619891
2005-03-16,1.621401
2005-03-17,1.623337
2005-03-18,1.627608
2005-03-21,1.63073
2005-03-22,1.634763
2005-03-23,1.63931
2005-03-24,1.647127
2005-03-29,1.651555
2005-03-30,1.651395
2005-03-31,1.648951
2005-04-01,1.655143
2005-04-04,1.665451
2005-04-05,1.665027
2005-04-06,1.662364
2005-04-07,1.654647
2005-04-08,1.66066
2005-04-11,1.649372
2005-04-12,1.647131
2005-04-13,1.643167
2005-04-14,1.654836
2005-04-15,1.658377
2005-04-18,1.655741
2005-04-19,1.652201
2005-04-20,1.648249
2005-04-21,1.651401
2005-04-22,1.647167
2005-04-25,1.646074
2005-04-26,1.647331
2005-04-27,1.647833
2005-04-28,1.646649
2005-04-29,1.635487
2005-05-02,1.637798
2005-05-03,1.639546
2005-05-04,1.63522
2005-05-05,1.636097
2005-05-06,1.640843
2005-05-09,1.644105
2005-05-10,1.644702
2005-05-11,1.641671
2005-05-12,1.651241
2005-05-13,1.657222
2005-05-16,1.660352
2005-05-17,1.656695
2005-05-18,1.652642
2005-05-19,1.654248
2005-05-20,1.658285
2005-05-23,1.660743
2005-05-24,1.654672
2005-05-25,1.657752
2005-05-26,1.661024
2005-05-27,1.658513
2005-05-30,1.661321
2005-05-31,1.666694
2005-06-01,1.675744
2005-06-02,1.672919
2005-06-03,1.667589
2005-06-06,1.662728
2005-06-07,1.659748
2005-06-08,1.660338
2005-06-09,1.662963
2005-06-10,1.665876
2005-06-13,1.678577
2005-06-14,1.674401
2005-06-15,1.676029
2005-06-16,1.67239
2005-06-17,1.671266
2005-06-20,1.671663
2005-06-21,1.67524
2005-06-22,1.672199
2005-06-23,1.66965
2005-06-24,1.67315
2005-06-27,1.6756
2005-06-28,1.68086
2005-06-29,1.68525
2005-06-30,1.685164
2005-07-01,1.689005
2005-07-04,1.694047
2005-07-05,1.699571
2005-07-06,1.695962
2005-07-07,1.695409
2005-07-08,1.704385
2005-07-11,1.697568
2005-07-12,1.688065
2005-07-13,1.687541
2005-07-14,1.690147
2005-07-15,1.685579
2005-07-18,1.688568
2005-07-19,1.691517
2005-07-20,1.686977
2005-07-21,1.658078
2005-07-22,1.661204
2005-07-25,1.663572
2005-07-26,1.668975
2005-07-27,1.668474
2005-07-28,1.665372
2005-07-29,1.662119
2005-08-01,1.658646
2005-08-02,1.652943
2005-08-03,1.650471
2005-08-04,1.652975
2005-08-05,1.65243
2005-08-08,1.650445
2005-08-09,1.656263
2005-08-10,1.649107
2005-08-11,1.649577
2005-08-12,1.650317
2005-08-15,1.657669
2005-08-16,1.659466
2005-08-17,1.658751
2005-08-18,1.664374
2005-08-19,1.668226
2005-08-22,1.666258
2005-08-23,1.669255
2005-08-24,1.675702
2005-08-25,1.672181
2005-08-26,1.671894
2005-08-29,1.68126
2005-08-30,1.686807
2005-08-31,1.688146
2005-09-01,1.682354
2005-09-02,1.676581
2005-09-05,1.673313
2005-09-06,1.674918
2005-09-07,1.676893
2005-09-08,1.677565
2005-09-09,1.67644
2005-09-12,1.67449
2005-09-13,1.681167
2005-09-14,1.677522
2005-09-15,1.678148
2005-09-16,1.678755
2005-09-19,1.682181
2005-09-20,1.680599
2005-09-21,1.679018
2005-09-22,1.679728
2005-09-23,1.682373
2005-09-26,1.688804
2005-09-27,1.692711
2005-09-28,1.692365
2005-09-29,1.687971
2005-09-30,1.690168
2005-10-03,1.696388
2005-10-04,1.693751
2005-10-05,1.692643
2005-10-06,1.684603
2005-10-07,1.684042
2005-10-10,1.685473
2005-10-11,1.688405
2005-10-12,1.691789
2005-10-13,1.692988
2005-10-14,1.691641
2005-10-17,1.692397
2005-10-18,1.696155
2005-10-19,1.694644
2005-10-20,1.695056
2005-10-21,1.694056
2005-10-24,1.694993
2005-10-25,1.692935
2005-10-26,1.692761
2005-10-27,1.687881
2005-10-28,1.691547
2005-10-31,1.693837
2005-11-01,1.69487
2005-11-02,1.696798
2005-11-03,1.696288
2005-11-04,1.698316
2005-11-07,1.700271
2005-11-08,1.702155
2005-11-09,1.701142
2005-11-10,1.701666
2005-11-11,1.702659
2005-11-14,1.704858
2005-11-15,1.704723
2005-11-16,1.703777
2005-11-17,1.700479
2005-11-18,1.701516
2005-11-21,1.697655
2005-11-22,1.701308
2005-11-23,1.694463
2005-11-24,1.690911
2005-11-25,1.69251
2005-11-28,1.696231
2005-11-29,1.690494
2005-11-30,1.693007
2005-12-01,1.68974
2005-12-02,1.69163
2005-12-05,1.686581
2005-12-06,1.686837
2005-12-07,1.68719
2005-12-08,1.685906
2005-12-09,1.683157
2005-12-12,1.681593
2005-12-13,1.674382
2005-12-14,1.671797
2005-12-15,1.667056
2005-12-16,1.669115
2005-12-19,1.664357
2005-12-20,1.663321
2005-12-21,1.666779
2005-12-22,1.671883
2005-12-23,1.666076
2005-12-27,1.666554
2005-12-28,1.666583
2005-12-29,1.664693
2005-12-30,1.663813
2006-01-02,1.661847
2006-01-03,1.654063
2006-01-04,1.644294
2006-01-05,1.64684
2006-01-06,1.645745
2006-01-09,1.633549
2006-01-10,1.634201
2006-01-11,1.629881
2006-01-12,1.622059
2006-01-13,1.632029
2006-01-16,1.634082
2006-01-17,1.633375
2006-01-18,1.628784
2006-01-19,1.630581
2006-01-20,1.627942
2006-01-23,1.620428
2006-01-24,1.621333
2006-01-25,1.618188
2006-01-26,1.621919
2006-01-27,1.625863
2006-01-30,1.631021
2006-01-31,1.62337
2006-02-01,1.625538
2006-02-02,1.63335
2006-02-03,1.633032
2006-02-06,1.626575
2006-02-07,1.627412
2006-02-08,1.633579
2006-02-09,1.629135
2006-02-10,1.62548
2006-02-13,1.63072
2006-02-14,1.628089
2006-02-15,1.627688
2006-02-16,1.637882
2006-02-17,1.635843
2006-02-20,1.628143
2006-02-21,1.631194
2006-02-22,1.632758
2006-02-23,1.623819
2006-02-24,1.624328
2006-02-27,1.622848
2006-02-28,1.623663
2006-03-01,1.617952
2006-03-02,1.617733
2006-03-03,1.618968
2006-03-06,1.625697
2006-03-07,1.63267
2006-03-08,1.632197
2006-03-09,1.627181
2006-03-10,1.626479
2006-03-13,1.627412
2006-03-14,1.624874
2006-03-15,1.619907
2006-03-16,1.620018
2006-03-17,1.616414
2006-03-20,1.613767
2006-03-21,1.616848
2006-03-22,1.616953
2006-03-23,1.616757
2006-03-24,1.620854
2006-03-27,1.618295
2006-03-28,1.61718
2006-03-29,1.621379
2006-03-30,1.619461
2006-03-31,1.617812
2006-04-03,1.61643
2006-04-04,1.61177
2006-04-05,1.608384
2006-04-06,1.603801
2006-04-07,1.605222
2006-04-10,1.606414
2006-04-11,1.615366
2006-04-12,1.612289
2006-04-13,1.607739
2006-04-18,1.601861
2006-04-19,1.59744
2006-04-20,1.59744
2006-04-21,1.598132
2006-04-24,1.58609
2006-04-25,1.587284
2006-04-26,1.588732
2006-04-27,1.587079
2006-04-28,1.583553
2006-05-02,1.578265
2006-05-03,1.574869
2006-05-04,1.579813
2006-05-05,1.576371
2006-05-08,1.568046
2006-05-09,1.569268
2006-05-10,1.565146
2006-05-11,1.568025
2006-05-12,1.562877
2006-05-15,1.581553
2006-05-16,1.577436
2006-05-17,1.569166
2006-05-18,1.580814
2006-05-19,1.587217
2006-05-22,1.590528
2006-05-23,1.577837
2006-05-24,1.586803
2006-05-25,1.581889
2006-05-26,1.579902
2006-05-29,1.578931
2006-05-30,1.575434
2006-05-31,1.576313
2006-06-01,1.586055
2006-06-02,1.579087
2006-06-05,1.574549
2006-06-06,1.578034
2006-06-07,1.584878
2006-06-08,1.595917
2006-06-09,1.59436
2006-06-12,1.594416
2006-06-13,1.596214
2006-06-14,1.594762
2006-06-15,1.590246
2006-06-16,1.588886
2006-06-19,1.59749
2006-06-20,1.593655
2006-06-21,1.592147
2006-06-22,1.592752
2006-06-23,1.599344
2006-06-26,1.597803
2006-06-27,1.597199
2006-06-28,1.597375
2006-06-29,1.598771
2006-06-30,1.583969
2006-07-03,1.584441
2006-07-04,1.579001
2006-07-05,1.581054
2006-07-06,1.582882
2006-07-07,1.57826
2006-07-10,1.573871
2006-07-11,1.579067
2006-07-12,1.583949
2006-07-13,1.582966
2006-07-14,1.584794
2006-07-17,1.596045
2006-07-18,1.591812
2006-07-19,1.595177
2006-07-20,1.585225
2006-07-21,1.581073
2006-07-24,1.585134
2006-07-25,1.583729
2006-07-26,1.582824
2006-07-27,1.578551
2006-07-28,1.585044
2006-07-31,1.577348
2006-08-01,1.580453
2006-08-02,1.582278
2006-08-03,1.578671
2006-08-04,1.576141
2006-08-07,1.574397
2006-08-08,1.57263
2006-08-09,1.572482
2006-08-10,1.56934
2006-08-11,1.576517
2006-08-14,1.581302
2006-08-15,1.581061
2006-08-16,1.579145
2006-08-17,1.571706
2006-08-18,1.573582
2006-08-21,1.570245
2006-08-22,1.574852
2006-08-23,1.573837
2006-08-24,1.576183
2006-08-25,1.578828
2006-08-28,1.575938
2006-08-29,1.572923
2006-08-30,1.574271
2006-08-31,1.572173
2006-09-01,1.571897
2006-09-04,1.568161
2006-09-05,1.567681
2006-09-06,1.568436
2006-09-07,1.569005
2006-09-08,1.571541
2006-09-11,1.574766
2006-09-12,1.579038
2006-09-13,1.576793
2006-09-14,1.57793
2006-09-15,1.581538
2006-09-18,1.588946
2006-09-19,1.586771
2006-09-20,1.585989
2006-09-21,1.580866
2006-09-22,1.582664
2006-09-25,1.584821
2006-09-26,1.587948
2006-09-27,1.589089
2006-09-28,1.587116
2006-09-29,1.585782
2006-10-02,1.586756
2006-10-03,1.581613
2006-10-04,1.585699
2006-10-05,1.582816
2006-10-06,1.584334
2006-10-09,1.590098
2006-10-10,1.590684
2006-10-11,1.587419
2006-10-12,1.587024
2006-10-13,1.583108
2006-10-16,1.5837
2006-10-17,1.580965
2006-10-18,1.575142
2006-10-19,1.574397
2006-10-20,1.571961
2006-10-23,1.575741
2006-10-24,1.575712
2006-10-25,1.572655
2006-10-26,1.568798
2006-10-27,1.564062
2006-10-30,1.561296
2006-10-31,1.561437
2006-11-01,1.559928
2006-11-02,1.561604
2006-11-03,1.561364
2006-11-06,1.567548
2006-11-07,1.560172
2006-11-08,1.56113
2006-11-09,1.562129
2006-11-10,1.556359
2006-11-13,1.558223
2006-11-14,1.556535
2006-11-15,1.560272
2006-11-16,1.55881
2006-11-17,1.559496
2006-11-20,1.5579
2006-11-21,1.55892
2006-11-22,1.555564
2006-11-23,1.548444
2006-11-24,1.550696
2006-11-27,1.549794
2006-11-28,1.550544
2006-11-29,1.545413
2006-11-30,1.541818
2006-12-01,1.545832
2006-12-04,1.543016
2006-12-05,1.538444
2006-12-06,1.54038
2006-12-07,1.537866
2006-12-08,1.543613
2006-12-11,1.543675
2006-12-12,1.541075
2006-12-13,1.539465
2006-12-14,1.540479
2006-12-15,1.542652
2006-12-18,1.544864
2006-12-19,1.544764
2006-12-20,1.538741
2006-12-21,1.540674
2006-12-22,1.539569
2006-12-27,1.536363
2006-12-28,1.534123
2006-12-29,1.533941
2007-01-02,1.530369
2007-01-03,1.532008
2007-01-04,1.536472
2007-01-05,1.535005
2007-01-08,1.537675
2007-01-09,1.536565
2007-01-10,1.537342
2007-01-11,1.541744
2007-01-12,1.544869
2007-01-15,1.541766
2007-01-16,1.539103
2007-01-17,1.538229
2007-01-18,1.537301
2007-01-19,1.536734
2007-01-22,1.537879
2007-01-23,1.533206
2007-01-24,1.53564
2007-01-25,1.535599
2007-01-26,1.538098
2007-01-29,1.540051
2007-01-30,1.537928
2007-01-31,1.537517
2007-02-01,1.533564
2007-02-02,1.535637
2007-02-05,1.534468
2007-02-06,1.532844
2007-02-07,1.533072
2007-02-08,1.533831
2007-02-09,1.532944
2007-02-12,1.538515
2007-02-13,1.541084
2007-02-14,1.536921
2007-02-15,1.535282
2007-02-16,1.532281
2007-02-19,1.533049
2007-02-20,1.533207
2007-02-21,1.533967
2007-02-22,1.534259
2007-02-23,1.533272
2007-02-26,1.528116
2007-02-27,1.525472
2007-02-28,1.527969
2007-03-01,1.525898
2007-03-02,1.52602
2007-03-05,1.529466
2007-03-06,1.528244
2007-03-07,1.527065
2007-03-08,1.526916
2007-03-09,1.525732
2007-03-12,1.526376
2007-03-13,1.528143
2007-03-14,1.53478
2007-03-15,1.533268
2007-03-16,1.526604
2007-03-19,1.526573
2007-03-20,1.5267
2007-03-21,1.523358
2007-03-22,1.517265
2007-03-23,1.516996
2007-03-26,1.518507
2007-03-27,1.516595
2007-03-28,1.51783
2007-03-29,1.518424
2007-03-30,1.517045
2007-04-02,1.51818
2007-04-03,1.518566
2007-04-04,1.514679
2007-04-05,1.51432
2007-04-10,1.518248
2007-04-11,1.516619
2007-04-12,1.518007
2007-04-13,1.515519
2007-04-16,1.513432
2007-04-17,1.513322
2007-04-18,1.511306
2007-04-19,1.511212
2007-04-20,1.511025
2007-04-23,1.513167
2007-04-24,1.51421
2007-04-25,1.511393
2007-04-26,1.514931
2007-04-27,1.516016
2007-04-30,1.519956
2007-05-02,1.525611
2007-05-03,1.523764
2007-05-04,1.519283
2007-05-07,1.513992
2007-05-08,1.515341
2007-05-09,1.516365
2007-05-10,1.51704
2007-05-11,1.51876
2007-05-14,1.515905
2007-05-15,1.518171
2007-05-16,1.519302
2007-05-17,1.524489
2007-05-18,1.52393
2007-05-21,1.52596
2007-05-22,1.533522
2007-05-23,1.529133
2007-05-24,1.527216
2007-05-25,1.528607
2007-05-28,1.527317
2007-05-29,1.527426
2007-05-30,1.530551
2007-05-31,1.530068
2007-06-01,1.529324
2007-06-04,1.529298
2007-06-05,1.528525
2007-06-06,1.531562
2007-06-07,1.534447
2007-06-08,1.543112
2007-06-11,1.543617
2007-06-12,1.538554
2007-06-13,1.543614
2007-06-14,1.542694
2007-06-15,1.542662
2007-06-18,1.537228
2007-06-19,1.537641
2007-06-20,1.53519
2007-06-21,1.536687
2007-06-22,1.537311
2007-06-25,1.537776
2007-06-26,1.537667
2007-06-27,1.53825
2007-06-28,1.533304
2007-06-29,1.5301
2007-07-02,1.525169
2007-07-03,1.523564
2007-07-04,1.520708
2007-07-05,1.518915
2007-07-06,1.522286
2007-07-09,1.519125
2007-07-10,1.517635
2007-07-11,1.515233
2007-07-12,1.515593
2007-07-13,1.514802
2007-07-16,1.516145
2007-07-17,1.517319
2007-07-18,1.519051
2007-07-19,1.512663
2007-07-20,1.510976
2007-07-23,1.50814
2007-07-24,1.505313
2007-07-25,1.509132
2007-07-26,1.515085
2007-07-27,1.513296
2007-07-30,1.514752
2007-07-31,1.511053
2007-08-01,1.519359
2007-08-02,1.518443
2007-08-03,1.517672
2007-08-06,1.514257
2007-08-07,1.514354
2007-08-08,1.511019
2007-08-09,1.515187
2007-08-10,1.523736
2007-08-13,1.520182
2007-08-14,1.52108
2007-08-15,1.532576
2007-08-16,1.542633
2007-08-17,1.535603
2007-08-20,1.527679
2007-08-21,1.526133
2007-08-22,1.527533
2007-08-23,1.521364
2007-08-24,1.523907
2007-08-27,1.520281
2007-08-28,1.521956
2007-08-29,1.524026
2007-08-30,1.525422
2007-08-31,1.521197
2007-09-03,1.522887
2007-09-04,1.528866
2007-09-05,1.52723
2007-09-06,1.526227
2007-09-07,1.523584
2007-09-10,1.52403
2007-09-11,1.522642
2007-09-12,1.516745
2007-09-13,1.510182
2007-09-14,1.512554
2007-09-17,1.515097
2007-09-18,1.516262
2007-09-19,1.507478
2007-09-20,1.503706
2007-09-21,1.506655
2007-09-24,1.499469
2007-09-25,1.500992
2007-09-26,1.497346
2007-09-27,1.491537
2007-09-28,1.485718
2007-10-01,1.479483
2007-10-02,1.482174
2007-10-03,1.479958
2007-10-04,1.48097
2007-10-05,1.474745
2007-10-08,1.471432
2007-10-09,1.473748
2007-10-10,1.465078
2007-10-11,1.462357
2007-10-12,1.464051
2007-10-15,1.463025
2007-10-16,1.467633
2007-10-17,1.46331
2007-10-18,1.459123
2007-10-19,1.462486
2007-10-22,1.466751
2007-10-23,1.465273
2007-10-24,1.461771
2007-10-25,1.455867
2007-10-26,1.45488
2007-10-29,1.451393
2007-10-30,1.450545
2007-10-31,1.448813
2007-11-01,1.449005
2007-11-02,1.44865
2007-11-05,1.450373
2007-11-06,1.447584
2007-11-07,1.438663
2007-11-08,1.439861
2007-11-09,1.441872
2007-11-12,1.448179
2007-11-13,1.448552
2007-11-14,1.44585
2007-11-15,1.451943
2007-11-16,1.452051
2007-11-19,1.447318
2007-11-20,1.447548
2007-11-21,1.45241
2007-11-22,1.450873
2007-11-23,1.441961
2007-11-26,1.441159
2007-11-27,1.443996
2007-11-28,1.443887
2007-11-29,1.44945
2007-11-30,1.445431
2007-12-03,1.449748
2007-12-04,1.447392
2007-12-05,1.444633
2007-12-06,1.447162
2007-12-07,1.441327
2007-12-10,1.439598
2007-12-11,1.442271
2007-12-12,1.441295
2007-12-13,1.440714
2007-12-14,1.446137
2007-12-17,1.459807
2007-12-18,1.459143
2007-12-19,1.46041
2007-12-20,1.461356
2007-12-21,1.455841
2007-12-24,1.454438
2007-12-27,1.45102
2007-12-28,1.446093
2007-12-31,1.437606
2008-01-02,1.43893
2008-01-03,1.4332
2008-01-04,1.432878
2008-01-07,1.434219
2008-01-08,1.431282
2008-01-09,1.431608
2008-01-10,1.431865
2008-01-11,1.432599
2008-01-14,1.429674
2008-01-15,1.428322
2008-01-16,1.429286
2008-01-17,1.434892
2008-01-18,1.43451
2008-01-21,1.444552
2008-01-22,1.444943
2008-01-23,1.438521
2008-01-24,1.430062
2008-01-25,1.423665
2008-01-28,1.421416
2008-01-29,1.420091
2008-01-30,1.419244
2008-01-31,1.417485
2008-02-01,1.41487
2008-02-04,1.414391
2008-02-05,1.416326
2008-02-06,1.415498
2008-02-07,1.417393
2008-02-08,1.418108
2008-02-11,1.417893
2008-02-12,1.416563
2008-02-13,1.416358
2008-02-14,1.416792
2008-02-15,1.412975
2008-02-18,1.412134
2008-02-19,1.412902
2008-02-20,1.413005
2008-02-21,1.410152
2008-02-22,1.405846
2008-02-25,1.406223
2008-02-26,1.405473
2008-02-27,1.396769
2008-02-28,1.395609
2008-02-29,1.395266
2008-03-03,1.393475
2008-03-04,1.388662
2008-03-05,1.390432
2008-03-06,1.3856
2008-03-07,1.384381
2008-03-10,1.388722
2008-03-11,1.388322
2008-03-12,1.384248
2008-03-13,1.379855
2008-03-14,1.383973
2008-03-17,1.382372
2008-03-18,1.37645
2008-03-19,1.379429
2008-03-20,1.389289
2008-03-25,1.382684
2008-03-26,1.379376
2008-03-27,1.380337
2008-03-28,1.379463
2008-03-31,1.379901
2008-04-01,1.379438
2008-04-02,1.37967
2008-04-03,1.386835
2008-04-04,1.383857
2008-04-07,1.381635
2008-04-08,1.3804
2008-04-09,1.379626
2008-04-10,1.356661
2008-04-11,1.358555
2008-04-14,1.357805
2008-04-15,1.35652
2008-04-16,1.353026
2008-04-17,1.351626
2008-04-18,1.355513
2008-04-21,1.353881
2008-04-22,1.35139
2008-04-23,1.349937
2008-04-24,1.356649
2008-04-25,1.365414
2008-04-28,1.36249
2008-04-29,1.360863
2008-04-30,1.36094
2008-05-02,1.362272
2008-05-05,1.360996
2008-05-06,1.358514
2008-05-07,1.365068
2008-05-08,1.377272
2008-05-09,1.368288
2008-05-12,1.370447
2008-05-13,1.370387
2008-05-14,1.380724
2008-05-15,1.38206
2008-05-16,1.370758
2008-05-19,1.367657
2008-05-20,1.366328
2008-05-21,1.357773
2008-05-22,1.357728
2008-05-23,1.359548
2008-05-26,1.361589
2008-05-27,1.362881
2008-05-28,1.364205
2008-05-29,1.367565
2008-05-30,1.36594
2008-06-02,1.364152
2008-06-03,1.359713
2008-06-04,1.363054
2008-06-05,1.370147
2008-06-06,1.365327
2008-06-09,1.361759
2008-06-10,1.368801
2008-06-11,1.372672
2008-06-12,1.380294
2008-06-13,1.381064
2008-06-16,1.376221
2008-06-17,1.369258
2008-06-18,1.369328
2008-06-19,1.370131
2008-06-20,1.365727
2008-06-23,1.369048
2008-06-24,1.368512
2008-06-25,1.368357
2008-06-26,1.365075
2008-06-27,1.362014
2008-06-30,1.360442
2008-07-01,1.360761
2008-07-02,1.362204
2008-07-03,1.359647
2008-07-04,1.362772
2008-07-07,1.364194
2008-07-08,1.363868
2008-07-09,1.362584
2008-07-10,1.361854
2008-07-11,1.35832
2008-07-14,1.355777
2008-07-15,1.345716
2008-07-16,1.349131
2008-07-17,1.351126
2008-07-18,1.355083
2008-07-21,1.352062
2008-07-22,1.3531
2008-07-23,1.364018
2008-07-24,1.361804
2008-07-25,1.360557
2008-07-28,1.362441
2008-07-29,1.364024
2008-07-30,1.369171
2008-07-31,1.367882
2008-08-01,1.369269
2008-08-04,1.372864
2008-08-05,1.377865
2008-08-06,1.379894
2008-08-07,1.385819
2008-08-08,1.402614
2008-08-11,1.407274
2008-08-12,1.41068
2008-08-13,1.404482
2008-08-14,1.407661
2008-08-15,1.415235
2008-08-18,1.413629
2008-08-19,1.41841
2008-08-20,1.413669
2008-08-21,1.411165
2008-08-22,1.410184
2008-08-25,1.416875
2008-08-26,1.424442
2008-08-27,1.416266
2008-08-28,1.416086
2008-08-29,1.414727
2008-09-01,1.423158
2008-09-02,1.432971
2008-09-03,1.438266
2008-09-04,1.428216
2008-09-05,1.437004
2008-09-08,1.427114
2008-09-09,1.430642
2008-09-10,1.435079
2008-09-11,1.445529
2008-09-12,1.436727
2008-09-15,1.437496
2008-09-16,1.430574
2008-09-17,1.435602
2008-09-18,1.428631
2008-09-19,1.435305
2008-09-22,1.418846
2008-09-23,1.412667
2008-09-24,1.421375
2008-09-25,1.421429
2008-09-26,1.42459
2008-09-29,1.432713
2008-09-30,1.429001
2008-10-01,1.434273
2008-10-02,1.442638
2008-10-03,1.450267
2008-10-06,1.462594
2008-10-07,1.463322
2008-10-08,1.465516
2008-10-09,1.470034
2008-10-10,1.481405
2008-10-13,1.469536
2008-10-14,1.45957
2008-10-15,1.469505
2008-10-16,1.480195
2008-10-17,1.480752
2008-10-20,1.478918
2008-10-21,1.481113
2008-10-22,1.49817
2008-10-23,1.504137
2008-10-24,1.509289
2008-10-27,1.511557
2008-10-28,1.505988
2008-10-29,1.497572
2008-10-30,1.468431
2008-10-31,1.483734
2008-11-03,1.473327
2008-11-04,1.473089
2008-11-05,1.479176
2008-11-06,1.484182
2008-11-07,1.496394
2008-11-10,1.486774
2008-11-11,1.498313
2008-11-12,1.507582
2008-11-13,1.512255
2008-11-14,1.518185
2008-11-17,1.522986
2008-11-18,1.526278
2008-11-19,1.527545
2008-11-20,1.528943
2008-11-21,1.529678
2008-11-24,1.517498
2008-11-25,1.51807
2008-11-26,1.511867
2008-11-27,1.511705
2008-11-28,1.510961
2008-12-01,1.53014
2008-12-02,1.529889
2008-12-03,1.530143
2008-12-04,1.526862
2008-12-05,1.524595
2008-12-08,1.509258
2008-12-09,1.504985
2008-12-10,1.500426
2008-12-11,1.491033
2008-12-12,1.489955
2008-12-15,1.474463
2008-12-16,1.475237
2008-12-17,1.457501
2008-12-18,1.428571
2008-12-19,1.458321
2008-12-22,1.450036
2008-12-23,1.443697
2008-12-24,1.442413
2008-12-29,1.438823
2008-12-30,1.441694
2008-12-31,1.439966
2009-01-02,1.461489
2009-01-05,1.47158
2009-01-06,1.479073
2009-01-07,1.470394
2009-01-08,1.482045
2009-01-09,1.479977
2009-01-12,1.485591
2009-01-13,1.489519
2009-01-14,1.49275
2009-01-15,1.497746
2009-01-16,1.486059
2009-01-19,1.493931
2009-01-20,1.50959
2009-01-21,1.504105
2009-01-22,1.496303
2009-01-23,1.506995
2009-01-26,1.498999
2009-01-27,1.50296
2009-01-28,1.498416
2009-01-29,1.504538
2009-01-30,1.509519
2009-02-02,1.515987
2009-02-03,1.514203
2009-02-04,1.509674
2009-02-05,1.506353
2009-02-06,1.503048
2009-02-09,1.494157
2009-02-10,1.497185
2009-02-11,1.508502
2009-02-12,1.510481
2009-02-13,1.507759
2009-02-16,1.517352
2009-02-17,1.525645
2009-02-18,1.529295
2009-02-19,1.526092
2009-02-20,1.537527
2009-02-23,1.526567
2009-02-24,1.528481
2009-02-25,1.52669
2009-02-26,1.535988
2009-02-27,1.5469
2009-03-02,1.555017
2009-03-03,1.549742
2009-03-04,1.548626
2009-03-05,1.555635
2009-03-06,1.545426
2009-03-09,1.552248
2009-03-10,1.53446
2009-03-11,1.532927
2009-03-12,1.529729
2009-03-13,1.54196
2009-03-16,1.53136
2009-03-17,1.532916
2009-03-18,1.523534
2009-03-19,1.506035
2009-03-20,1.51561
2009-03-23,1.511506
2009-03-24,1.512327
2009-03-25,1.510004
2009-03-26,1.49548
2009-03-27,1.51636
2009-03-30,1.520124
2009-03-31,1.520439
2009-04-01,1.522044
2009-04-02,1.504107
2009-04-03,1.504879
2009-04-06,1.505335
2009-04-07,1.513693
2009-04-08,1.516439
2009-04-09,1.515181
2009-04-14,1.499247
2009-04-15,1.503834
2009-04-16,1.497196
2009-04-17,1.501225
2009-04-20,1.508715
2009-04-21,1.507346
2009-04-22,1.506836
2009-04-23,1.501456
2009-04-24,1.488286
2009-04-27,1.496152
2009-04-28,1.501232
2009-04-29,1.485602
2009-04-30,1.477966
2009-05-04,1.483703
2009-05-05,1.47079
2009-05-06,1.475079
2009-05-07,1.466063
2009-05-08,1.465624
2009-05-11,1.461249
2009-05-12,1.45604
2009-05-13,1.463921
2009-05-14,1.466563
2009-05-15,1.46856
2009-05-18,1.467541
2009-05-19,1.462974
2009-05-20,1.460482
2009-05-21,1.4585
2009-05-22,1.442671
2009-05-25,1.445468
2009-05-26,1.452761
2009-05-27,1.45227
2009-05-28,1.453955
2009-05-29,1.443467
2009-06-01,1.438467
2009-06-02,1.438404
2009-06-03,1.440276
2009-06-04,1.447322
2009-06-05,1.44812
2009-06-08,1.458964
2009-06-09,1.458342
2009-06-10,1.448802
2009-06-11,1.452931
2009-06-12,1.452299
2009-06-15,1.457762
2009-06-16,1.456659
2009-06-17,1.459249
2009-06-18,1.457759
2009-06-19,1.455211
2009-06-22,1.458652
2009-06-23,1.45729
2009-06-24,1.454202
2009-06-25,1.458824
2009-06-26,1.453817
2009-06-29,1.454261
2009-06-30,1.446229
2009-07-01,1.446722
2009-07-02,1.450424
2009-07-03,1.45278
2009-07-06,1.458228
2009-07-07,1.456595
2009-07-08,1.461981
2009-07-09,1.458756
2009-07-10,1.462557
2009-07-13,1.465689
2009-07-14,1.458366
2009-07-15,1.452197
2009-07-16,1.450885
2009-07-17,1.450532
2009-07-20,1.441162
2009-07-21,1.440695
2009-07-22,1.443168
2009-07-23,1.441001
2009-07-24,1.440008
2009-07-27,1.439835
2009-07-28,1.440509
2009-07-29,1.443066
2009-07-30,1.444247
2009-07-31,1.441293
2009-08-03,1.434175
2009-08-04,1.433676
2009-08-05,1.433241
2009-08-06,1.435769
2009-08-07,1.43679
2009-08-10,1.441205
2009-08-11,1.44635
2009-08-12,1.447354
2009-08-13,1.441195
2009-08-14,1.443123
2009-08-17,1.452103
2009-08-18,1.450252
2009-08-19,1.452239
2009-08-20,1.447518
2009-08-21,1.438939
2009-08-24,1.44055
2009-08-25,1.441985
2009-08-26,1.443378
2009-08-27,1.44365
2009-08-28,1.439153
2009-08-31,1.443526
2009-09-01,1.442224
2009-09-02,1.44346
2009-09-03,1.438437
2009-09-04,1.438578
2009-09-07,1.433077
2009-09-08,1.42638
2009-09-09,1.425286
2009-09-10,1.426401
2009-09-11,1.421954
2009-09-14,1.425108
2009-09-15,1.423311
2009-09-16,1.412242
2009-09-17,1.415987
2009-09-18,1.414689
2009-09-21,1.418202
2009-09-22,1.41157
2009-09-23,1.412366
2009-09-24,1.411769
2009-09-25,1.416973
2009-09-28,1.419181
2009-09-29,1.418723
2009-09-30,1.410503
2009-10-01,1.412889
2009-10-02,1.415904
2009-10-05,1.411125
2009-10-06,1.402187
2009-10-07,1.400708
2009-10-08,1.390842
2009-10-09,1.392136
2009-10-12,1.397426
2009-10-13,1.396192
2009-10-14,1.392716
2009-10-15,1.392492
2009-10-16,1.396328
2009-10-19,1.392211
2009-10-20,1.390288
2009-10-21,1.39622
2009-10-22,1.396467
2009-10-23,1.393342
2009-10-26,1.393435
2009-10-27,1.397539
2009-10-28,1.401015
2009-10-29,1.398161
2009-10-30,1.398311
2009-11-02,1.399201
2009-11-03,1.401624
2009-11-04,1.396789
2009-11-05,1.395036
2009-11-06,1.392679
2009-11-09,1.386412
2009-11-10,1.389015
2009-11-11,1.386513
2009-11-12,1.388286
2009-11-13,1.386535
2009-11-16,1.385433
2009-11-17,1.387025
2009-11-18,1.383433
2009-11-19,1.390298
2009-11-20,1.390213
2009-11-23,1.38442
2009-11-24,1.385396
2009-11-25,1.380362
2009-11-26,1.381926
2009-11-27,1.387921
2009-11-30,1.383811
2009-12-01,1.381319
2009-12-02,1.380384
2009-12-03,1.378836
2009-12-04,1.38094
2009-12-07,1.392304
2009-12-08,1.392311
2009-12-09,1.389897
2009-12-10,1.389885
2009-12-11,1.388832
2009-12-14,1.392299
2009-12-15,1.394883
2009-12-16,1.395742
2009-12-17,1.403193
2009-12-18,1.402106
2009-12-21,1.40277
2009-12-22,1.405981
2009-12-23,1.410899
2009-12-24,1.40457
2009-12-28,1.406178
2009-12-29,1.402688
2009-12-30,1.404659
2009-12-31,1.401777
2010-01-04,1.398707
2010-01-05,1.394682
2010-01-06,1.395749
2010-01-07,1.397721
2010-01-08,1.398935
2010-01-11,1.387872
2010-01-12,1.390305
2010-01-13,1.387695
2010-01-14,1.387409
2010-01-15,1.390288
2010-01-18,1.38945
2010-01-19,1.391624
2010-01-20,1.398457
2010-01-21,1.402517
2010-01-22,1.403537
2010-01-25,1.399901
2010-01-26,1.404331
2010-01-27,1.404278
2010-01-28,1.401743
2010-01-29,1.404053
2010-02-01,1.412348
2010-02-02,1.40927
2010-02-03,1.408967
2010-02-04,1.415252
2010-02-05,1.422467
2010-02-08,1.422303
2010-02-09,1.417951
2010-02-10,1.417977
2010-02-11,1.412524
2010-02-12,1.41453
2010-02-15,1.411259
2010-02-16,1.407063
2010-02-17,1.403468
2010-02-18,1.407975
2010-02-19,1.414676
2010-02-22,1.40819
2010-02-23,1.408632
2010-02-24,1.409832
2010-02-25,1.410705
2010-02-26,1.40678
2010-03-01,1.406728
2010-03-02,1.403528
2010-03-03,1.400484
2010-03-04,1.398083
2010-03-05,1.399205
2010-03-08,1.39877
2010-03-09,1.400752
2010-03-10,1.398677
2010-03-11,1.398184
2010-03-12,1.393244
2010-03-15,1.397008
2010-03-16,1.395832
2010-03-17,1.39321
2010-03-18,1.393851
2010-03-19,1.395483
2010-03-22,1.404721
2010-03-23,1.401583
2010-03-24,1.404933
2010-03-25,1.404987
2010-03-26,1.404628
2010-03-29,1.398931
2010-03-30,1.399125
2010-03-31,1.399362
2010-04-01,1.397832
2010-04-06,1.397507
2010-04-07,1.395727
2010-04-08,1.395984
2010-04-09,1.391736
2010-04-12,1.391093
2010-04-13,1.392623
2010-04-14,1.375982
2010-04-15,1.374188
2010-04-16,1.371851
2010-04-19,1.381328
2010-04-20,1.375575
2010-04-21,1.373364
2010-04-22,1.372742
2010-04-23,1.371798
2010-04-26,1.367765
2010-04-27,1.369827
2010-04-28,1.373952
2010-04-29,1.368814
2010-04-30,1.368156
2010-05-03,1.372262
2010-05-04,1.376117
2010-05-05,1.38533
2010-05-06,1.391923
2010-05-07,1.394712
2010-05-10,1.379058
2010-05-11,1.386596
2010-05-12,1.379868
2010-05-13,1.38071
2010-05-14,1.382725
2010-05-17,1.389748
2010-05-18,1.386144
2010-05-19,1.396659
2010-05-20,1.409843
2010-05-21,1.408338
2010-05-24,1.408414
2010-05-25,1.419046
2010-05-26,1.406207
2010-05-27,1.405059
2010-05-28,1.397933
2010-05-31,1.39961
2010-06-01,1.41448
2010-06-02,1.410214
2010-06-03,1.403896
2010-06-04,1.409204
2010-06-07,1.416924
2010-06-08,1.416178
2010-06-09,1.412739
2010-06-10,1.41071
2010-06-11,1.401748
2010-06-14,1.395624
2010-06-15,1.395823
2010-06-16,1.396188
2010-06-17,1.391653
2010-06-18,1.387811
2010-06-21,1.375514
2010-06-22,1.382363
2010-06-23,1.390596
2010-06-24,1.393411
2010-06-25,1.39198
2010-06-28,1.38739
2010-06-29,1.39982
2010-06-30,1.398419
2010-07-01,1.397226
2010-07-02,1.393369
2010-07-05,1.393664
2010-07-06,1.389459
2010-07-07,1.390945
2010-07-08,1.381596
2010-07-09,1.380787
2010-07-12,1.382437
2010-07-13,1.380937
2010-07-14,1.375895
2010-07-15,1.373948
2010-07-16,1.376385
2010-07-19,1.378483
2010-07-20,1.376518
2010-07-21,1.373722
2010-07-22,1.373385
2010-07-23,1.371017
2010-07-26,1.36571
2010-07-27,1.36047
2010-07-28,1.365456
2010-07-29,1.362002
2010-07-30,1.361145
2010-08-02,1.354242
2010-08-03,1.350957
2010-08-04,1.352416
2010-08-05,1.352321
2010-08-06,1.351169
2010-08-09,1.347167
2010-08-10,1.355821
2010-08-11,1.359942
2010-08-12,1.362862
2010-08-13,1.362216
2010-08-16,1.362246
2010-08-17,1.354899
2010-08-18,1.348525
2010-08-19,1.351122
2010-08-20,1.35898
2010-08-23,1.355321
2010-08-24,1.363254
2010-08-25,1.361215
2010-08-26,1.35689
2010-08-27,1.357272
2010-08-30,1.353543
2010-08-31,1.355915
2010-09-01,1.349766
2010-09-02,1.3467
2010-09-03,1.3458
2010-09-06,1.345347
2010-09-07,1.348007
2010-09-08,1.344806
2010-09-09,1.341722
2010-09-10,1.340196
2010-09-13,1.338802
2010-09-14,1.338132
2010-09-15,1.33767
2010-09-16,1.336137
2010-09-17,1.335528
2010-09-20,1.333486
2010-09-21,1.331936
2010-09-22,1.325726
2010-09-23,1.32883
2010-09-24,1.324038
2010-09-27,1.321214
2010-09-28,1.320802
2010-09-29,1.316141
2010-09-30,1.314625
2010-10-01,1.312546
2010-10-04,1.313754
2010-10-05,1.312264
2010-10-06,1.310263
2010-10-07,1.306084
2010-10-08,1.311662
2010-10-11,1.305755
2010-10-12,1.307236
2010-10-13,1.302551
2010-10-14,1.294093
2010-10-15,1.294911
2010-10-18,1.301885
2010-10-19,1.307887
2010-10-20,1.306976
2010-10-21,1.297945
2010-10-22,1.301636
2010-10-25,1.291426
2010-10-26,1.297657
2010-10-27,1.302181
2010-10-28,1.298549
2010-10-29,1.296673
2010-11-01,1.291756
2010-11-02,1.28813
2010-11-03,1.287926
2010-11-04,1.283347
2010-11-05,1.285572
2010-11-08,1.287778
2010-11-09,1.283973
2010-11-10,1.288163
2010-11-11,1.288029
2010-11-12,1.294289
2010-11-15,1.302877
2010-11-16,1.299001
2010-11-17,1.306209
2010-11-18,1.294937
2010-11-19,1.297645
2010-11-22,1.298381
2010-11-23,1.312463
2010-11-24,1.310143
2010-11-25,1.30831
2010-11-26,1.319849
2010-11-29,1.319793
2010-11-30,1.324742
2010-12-01,1.309645
2010-12-02,1.311136
2010-12-03,1.307187
2010-12-06,1.306099
2010-12-07,1.302477
2010-12-08,1.317273
2010-12-09,1.312699
2010-12-10,1.307687
2010-12-13,1.307982
2010-12-14,1.299367
2010-12-15,1.31003
2010-12-16,1.314851
2010-12-17,1.314253
2010-12-20,1.317031
2010-12-21,1.313341
2010-12-22,1.309335
2010-12-23,1.306568
2010-12-24,1.299718
2010-12-27,1.301386
2010-12-28,1.295263
2010-12-29,1.297351
2010-12-30,1.29006
2010-12-31,1.282443
2011-01-03,1.284687
2011-01-04,1.284852
2011-01-05,1.291607
2011-01-06,1.293942
2011-01-07,1.298048
2011-01-10,1.302178
2011-01-11,1.295026
2011-01-12,1.291451
2011-01-13,1.286916
2011-01-14,1.290134
2011-01-17,1.287356
2011-01-18,1.283524
2011-01-19,1.280394
2011-01-20,1.286966
2011-01-21,1.284151
2011-01-24,1.283398
2011-01-25,1.282877
2011-01-26,1.280827
2011-01-27,1.279528
2011-01-28,1.279504
2011-01-31,1.280602
2011-02-01,1.2751
2011-02-02,1.272187
2011-02-03,1.272681
2011-02-04,1.273714
2011-02-07,1.27529
2011-02-08,1.272387
2011-02-09,1.274932
2011-02-10,1.279183
2011-02-11,1.283496
2011-02-14,1.282217
2011-02-15,1.279793
2011-02-16,1.280015
2011-02-17,1.278171
2011-02-18,1.273795
2011-02-21,1.27568
2011-02-22,1.279725
2011-02-23,1.275799
2011-02-24,1.278298
2011-02-25,1.274524
2011-02-28,1.270927
2011-03-01,1.270307
2011-03-02,1.270693
2011-03-03,1.26917
2011-03-04,1.267321
2011-03-07,1.264115
2011-03-08,1.269319
2011-03-09,1.266729
2011-03-10,1.271332
2011-03-11,1.273506
2011-03-14,1.268426
2011-03-15,1.28522
2011-03-16,1.27998
2011-03-17,1.279777
2011-03-18,1.274735
2011-03-21,1.266098
2011-03-22,1.263106
2011-03-23,1.265139
2011-03-24,1.262033
2011-03-25,1.260432
2011-03-28,1.262899
2011-03-29,1.262832
2011-03-30,1.26203
2011-03-31,1.260083
2011-04-01,1.261721
2011-04-04,1.260183
2011-04-05,1.260977
2011-04-06,1.26021
2011-04-07,1.260379
2011-04-08,1.257204
2011-04-11,1.256616
2011-04-12,1.256669
2011-04-13,1.255572
2011-04-14,1.249913
2011-04-15,1.244291
2011-04-18,1.248827
2011-04-19,1.247028
2011-04-20,1.23927
2011-04-21,1.235532
2011-04-26,1.233974
2011-04-27,1.232615
2011-04-28,1.22962
2011-04-29,1.225101
2011-05-02,1.223293
2011-05-03,1.228417
2011-05-04,1.227322
2011-05-05,1.233495
2011-05-06,1.236397
2011-05-09,1.233035
2011-05-10,1.232623
2011-05-11,1.23048
2011-05-12,1.243835
2011-05-13,1.239776
2011-05-16,1.249876
2011-05-17,1.248677
2011-05-18,1.243902
2011-05-19,1.238276
2011-05-20,1.237199
2011-05-23,1.248288
2011-05-24,1.246291
2011-05-25,1.247921
2011-05-26,1.243295
2011-05-27,1.236032
2011-05-30,1.234095
2011-05-31,1.234202
2011-06-01,1.231122
2011-06-02,1.234924
2011-06-03,1.233089
2011-06-06,1.230406
2011-06-07,1.227682
2011-06-08,1.233023
2011-06-09,1.231285
2011-06-10,1.231603
2011-06-13,1.237495
2011-06-14,1.232281
2011-06-15,1.234397
2011-06-16,1.243186
2011-06-17,1.234828
2011-06-20,1.237583
2011-06-21,1.233633
2011-06-22,1.232271
2011-06-23,1.236842
2011-06-24,1.237482
2011-06-27,1.241887
2011-06-28,1.242409
2011-06-29,1.233899
2011-06-30,1.22888
2011-07-01,1.22667
2011-07-04,1.226414
2011-07-05,1.228477
2011-07-06,1.229571
2011-07-07,1.227416
2011-07-08,1.219211
2011-07-11,1.224388
2011-07-12,1.227907
2011-07-13,1.222696
2011-07-14,1.2168
2011-07-15,1.218507
2011-07-18,1.218014
2011-07-19,1.216102
2011-07-20,1.213979
2011-07-21,1.211996
2011-07-22,1.208116
2011-07-25,1.207093
2011-07-26,1.202474
2011-07-27,1.202132
2011-07-28,1.203997
2011-07-29,1.205119
2011-08-01,1.200069
2011-08-02,1.205575
2011-08-03,1.207972
2011-08-04,1.214913
2011-08-05,1.220134
2011-08-08,1.217575
2011-08-09,1.214621
2011-08-10,1.214728
2011-08-11,1.216856
2011-08-12,1.212
2011-08-15,1.205465
2011-08-16,1.204526
2011-08-17,1.201285
2011-08-18,1.213515
2011-08-19,1.209176
2011-08-22,1.206133
2011-08-23,1.204121
2011-08-24,1.205571
2011-08-25,1.207987
2011-08-26,1.206707
2011-08-29,1.207013
2011-08-30,1.208096
2011-08-31,1.202699
2011-09-01,1.20462
2011-09-02,1.203578
2011-09-05,1.206782
2011-09-06,1.208384
2011-09-07,1.209604
2011-09-08,1.210909
2011-09-09,1.223999
2011-09-12,1.233304
2011-09-13,1.243899
2011-09-14,1.242989
2011-09-15,1.244001
2011-09-16,1.240625
2011-09-19,1.259805
2011-09-20,1.257987
2011-09-21,1.277281
2011-09-22,1.304804
2011-09-23,1.30417
2011-09-26,1.29963
2011-09-27,1.28198
2011-09-28,1.283985
2011-09-29,1.294602
2011-09-30,1.302599
2011-10-03,1.312223
2011-10-04,1.316896
2011-10-05,1.303816
2011-10-06,1.305675
2011-10-07,1.294477
2011-10-10,1.279997
2011-10-11,1.285
2011-10-12,1.277277
2011-10-13,1.279231
2011-10-14,1.269573
2011-10-17,1.267276
2011-10-18,1.273984
2011-10-19,1.26092
2011-10-20,1.267401
2011-10-21,1.27388
2011-10-24,1.269414
2011-10-25,1.262035
2011-10-26,1.267897
2011-10-27,1.250534
2011-10-28,1.24209
2011-10-31,1.249196
2011-11-01,1.277024
2011-11-02,1.27359
2011-11-03,1.267988
2011-11-04,1.267698
2011-11-07,1.27063
2011-11-08,1.270888
2011-11-09,1.28453
2011-11-10,1.288631
2011-11-11,1.28967
2011-11-14,1.288088
2011-11-15,1.29227
2011-11-16,1.293533
2011-11-17,1.294733
2011-11-18,1.294859
2011-11-21,1.302274
2011-11-22,1.300406
2011-11-23,1.306491
2011-11-24,1.306663
2011-11-25,1.312495
2011-11-28,1.298921
2011-11-29,1.29769
2011-11-30,1.286406
2011-12-01,1.283131
2011-12-02,1.280586
2011-12-05,1.281729
2011-12-06,1.285874
2011-12-07,1.286611
2011-12-08,1.287099
2011-12-09,1.296772
2011-12-12,1.297487
2011-12-13,1.301722
2011-12-14,1.306473
2011-12-15,1.3054
2011-12-16,1.301592
2011-12-19,1.304778
2011-12-20,1.302815
2011-12-21,1.296691
2011-12-22,1.294091
2011-12-23,1.293176
2011-12-27,1.296274
2011-12-28,1.295395
2011-12-29,1.303825
2011-12-30,1.299869
2012-01-02,1.297333
2012-01-03,1.286077
2012-01-04,1.28962
2012-01-05,1.29068
2012-01-06,1.293676
2012-01-09,1.297297
2012-01-10,1.288726
2012-01-11,1.292735
2012-01-12,1.290908
2012-01-13,1.289484
2012-01-16,1.290473
2012-01-17,1.283268
2012-01-18,1.279401
2012-01-19,1.27403
2012-01-20,1.276004
2012-01-23,1.265883
2012-01-24,1.271014
2012-01-25,1.270824
2012-01-26,1.256067
2012-01-27,1.254089
2012-01-30,1.260336
2012-01-31,1.25129
2012-02-01,1.252068
2012-02-02,1.247823
2012-02-03,1.246277
2012-02-06,1.250038
2012-02-07,1.248379
2012-02-08,1.244463
2012-02-09,1.245334
2012-02-10,1.261278
2012-02-13,1.254112
2012-02-14,1.264333
2012-02-15,1.261305
2012-02-16,1.270528
2012-02-17,1.25701
2012-02-20,1.251696
2012-02-21,1.256466
2012-02-22,1.258201
2012-02-23,1.256165
2012-02-24,1.255667
2012-02-27,1.260009
2012-02-28,1.252118
2012-02-29,1.244216
2012-03-01,1.249624
2012-03-02,1.250435
2012-03-05,1.256278
2012-03-06,1.262374
2012-03-07,1.261738
2012-03-08,1.253058
2012-03-09,1.252293
2012-03-12,1.261605
2012-03-13,1.262311
2012-03-14,1.266728
2012-03-15,1.264532
2012-03-16,1.260217
2012-03-19,1.258479
2012-03-20,1.263222
2012-03-21,1.263365
2012-03-22,1.266803
2012-03-23,1.264764
2012-03-26,1.26047
2012-03-27,1.255831
2012-03-28,1.256729
2012-03-29,1.258665
2012-03-30,1.25599
2012-04-02,1.254674
2012-04-03,1.252272
2012-04-04,1.259321
2012-04-05,1.26079
2012-04-10,1.260637
2012-04-11,1.258168
2012-04-12,1.254999
2012-04-13,1.245969
2012-04-16,1.251612
2012-04-17,1.249772
2012-04-18,1.251127
2012-04-19,1.251872
2012-04-20,1.249015
2012-04-23,1.249791
2012-04-24,1.247398
2012-04-25,1.244889
2012-04-26,1.241695
2012-04-27,1.239398
2012-04-30,1.236567
2012-05-02,1.240728
2012-05-03,1.242627
2012-05-04,1.2417
2012-05-07,1.247986
2012-05-08,1.246372
2012-05-09,1.253436
2012-05-10,1.249826
2012-05-11,1.251082
2012-05-14,1.257094
2012-05-15,1.255781
2012-05-16,1.266761
2012-05-17,1.268097
2012-05-18,1.273092
2012-05-21,1.272392
2012-05-22,1.269815
2012-05-23,1.277273
2012-05-24,1.275464
2012-05-25,1.278415
2012-05-28,1.276301
2012-05-29,1.277729
2012-05-30,1.2822
2012-05-31,1.286463
2012-06-01,1.294027
2012-06-04,1.287368
2012-06-05,1.288277
2012-06-06,1.278334
2012-06-07,1.27233
2012-06-08,1.286734
2012-06-11,1.280373
2012-06-12,1.284502
2012-06-13,1.279799
2012-06-14,1.282926
2012-06-15,1.273182
2012-06-18,1.271596
2012-06-19,1.266424
2012-06-20,1.267711
2012-06-21,1.270876
2012-06-22,1.276737
2012-06-25,1.283072
2012-06-26,1.281202
2012-06-27,1.277609
2012-06-28,1.279111
2012-06-29,1.268785
2012-07-02,1.267291
2012-07-03,1.263221
2012-07-04,1.264013
2012-07-05,1.263077
2012-07-06,1.268239
2012-07-09,1.271537
2012-07-10,1.267399
2012-07-11,1.264192
2012-07-12,1.271719
2012-07-13,1.268691
2012-07-16,1.266814
2012-07-17,1.261705
2012-07-18,1.260095
2012-07-19,1.253601
2012-07-20,1.256721
2012-07-23,1.260967
2012-07-24,1.259327
2012-07-25,1.25787
2012-07-26,1.250897
2012-07-27,1.250873
2012-07-30,1.246774
2012-07-31,1.243732
2012-08-01,1.245324
2012-08-02,1.244614
2012-08-03,1.245815
2012-08-06,1.241619
2012-08-07,1.24019
2012-08-08,1.246352
2012-08-09,1.245915
2012-08-10,1.247431
2012-08-13,1.244509
2012-08-14,1.246114
2012-08-15,1.250489
2012-08-16,1.250916
2012-08-17,1.252493
2012-08-20,1.254634
2012-08-21,1.25008
2012-08-22,1.251767
2012-08-23,1.246096
2012-08-24,1.25018
2012-08-27,1.250838
2012-08-28,1.252311
2012-08-29,1.253727
2012-08-30,1.25287
2012-08-31,1.248592
2012-09-03,1.247772
2012-09-04,1.246283
2012-09-05,1.24837
2012-09-06,1.245688
2012-09-07,1.238706
2012-09-10,1.236224
2012-09-11,1.231329
2012-09-12,1.228598
2012-09-13,1.229512
2012-09-14,1.219779
2012-09-17,1.224209
2012-09-18,1.226521
2012-09-19,1.224504
2012-09-20,1.225722
2012-09-21,1.223668
2012-09-24,1.228786
2012-09-25,1.226415
2012-09-26,1.233476
2012-09-27,1.228212
2012-09-28,1.225677
2012-10-01,1.229091
2012-10-02,1.228538
2012-10-03,1.231866
2012-10-04,1.228477
2012-10-05,1.226811
2012-10-08,1.230977
2012-10-09,1.228518
2012-10-10,1.228412
2012-10-11,1.227512
2012-10-12,1.220817
2012-10-15,1.221032
2012-10-16,1.220911
2012-10-17,1.216006
2012-10-18,1.217564
2012-10-19,1.220867
2012-10-22,1.221925
2012-10-23,1.224837
2012-10-24,1.223304
2012-10-25,1.219503
2012-10-26,1.222033
2012-10-29,1.22143
2012-10-30,1.219565
2012-10-31,1.220119
2012-11-01,1.220039
2012-11-02,1.222335
2012-11-05,1.225562
2012-11-06,1.223516
2012-11-07,1.222815
2012-11-08,1.224325
2012-11-09,1.226012
2012-11-12,1.222772
2012-11-13,1.223929
2012-11-14,1.221829
2012-11-15,1.224679
2012-11-16,1.226991
2012-11-19,1.224886
2012-11-20,1.224373
2012-11-21,1.225381
2012-11-22,1.225083
2012-11-23,1.224107
2012-11-26,1.222694
2012-11-27,1.221511
2012-11-28,1.223722
2012-11-29,1.220332
2012-11-30,1.221238
2012-12-03,1.21858
2012-12-04,1.217614
2012-12-05,1.218599
2012-12-06,1.219094
2012-12-07,1.221
2012-12-10,1.221578
2012-12-11,1.221273
2012-12-12,1.221319
2012-12-13,1.220616
2012-12-14,1.221619
2012-12-17,1.220517
2012-12-18,1.218167
2012-12-19,1.218764
2012-12-20,1.219085
2012-12-21,1.220834
2012-12-24,1.22023
2012-12-27,1.222071
2012-12-28,1.22309
2012-12-31,1.221085
2013-01-02,1.220329
2013-01-03,1.222638
2013-01-04,1.23071
2013-01-07,1.229772
2013-01-08,1.228794
2013-01-09,1.227635
2013-01-10,1.224663
2013-01-11,1.225704
2013-01-14,1.22682
2013-01-15,1.225482
2013-01-16,1.224222
2013-01-17,1.223818
2013-01-18,1.226283
2013-01-21,1.229078
2013-01-22,1.227303
2013-01-23,1.226332
2013-01-24,1.228032
2013-01-25,1.23142
2013-01-28,1.238173
2013-01-29,1.237922
2013-01-30,1.236024
2013-01-31,1.237491
2013-02-01,1.241132
2013-02-04,1.238267
2013-02-05,1.238236
2013-02-06,1.237701
2013-02-07,1.238373
2013-02-08,1.2377
2013-02-11,1.239564
2013-02-12,1.243786
2013-02-13,1.238576
2013-02-14,1.237413
2013-02-15,1.237298
2013-02-18,1.238691
2013-02-19,1.238295
2013-02-20,1.237098
2013-02-21,1.239496
2013-02-22,1.237676
2013-02-25,1.236771
2013-02-26,1.239504
2013-02-27,1.238833
2013-02-28,1.236728
2013-03-01,1.24
2013-03-04,1.246406
2013-03-05,1.246279
2013-03-06,1.246183
2013-03-07,1.247425
2013-03-08,1.246524
2013-03-11,1.2495
2013-03-12,1.246304
2013-03-13,1.248132
2013-03-14,1.251681
2013-03-15,1.248204
2013-03-18,1.249671
2013-03-19,1.249923
2013-03-20,1.251526
2013-03-21,1.249574
2013-03-22,1.249382
2013-03-25,1.243603
2013-03-26,1.241583
2013-03-27,1.244361
2013-03-28,1.241702
2013-04-02,1.23419
2013-04-03,1.237683
2013-04-04,1.241691
2013-04-05,1.23957
2013-04-08,1.240728
2013-04-09,1.23911
2013-04-10,1.237964
2013-04-11,1.236603
2013-04-12,1.237588
2013-04-15,1.237214
2013-04-16,1.235433
2013-04-17,1.235128
2013-04-18,1.235109
2013-04-19,1.235913
2013-04-22,1.239626
2013-04-23,1.240416
2013-04-24,1.241504
2013-04-25,1.237615
2013-04-26,1.23848
2013-04-29,1.233585
2013-04-30,1.233782
2013-05-02,1.233417
2013-05-03,1.233262
2013-05-06,1.231708
2013-05-07,1.2327
2013-05-08,1.228626
2013-05-09,1.228428
2013-05-10,1.237296
2013-05-13,1.240268
2013-05-14,1.241273
2013-05-15,1.247279
2013-05-16,1.252909
2013-05-17,1.25542
2013-05-20,1.255116
2013-05-21,1.259832
2013-05-22,1.2624
2013-05-23,1.26482
2013-05-24,1.264394
2013-05-27,1.259216
2013-05-28,1.264492
2013-05-29,1.266523
2013-05-30,1.266687
2013-05-31,1.261879
2013-06-03,1.258226
2013-06-04,1.251299
2013-06-05,1.248412
2013-06-06,1.248285
2013-06-07,1.242836
2013-06-10,1.259066
2013-06-11,1.259926
2013-06-12,1.255705
2013-06-13,1.251896
2013-06-14,1.250695
2013-06-17,1.25373
2013-06-18,1.260281
2013-06-19,1.256229
2013-06-20,1.273712
2013-06-21,1.2739
2013-06-24,1.279688
2013-06-25,1.266712
2013-06-26,1.274724
2013-06-27,1.263428
2013-06-28,1.264908
2013-07-01,1.267853
2013-07-02,1.26788
2013-07-03,1.274018
2013-07-04,1.27272
2013-07-05,1.275402
2013-07-08,1.281712
2013-07-09,1.278292
2013-07-10,1.276126
2013-07-11,1.261883
2013-07-12,1.26592
2013-07-15,1.267369
2013-07-16,1.25911
2013-07-17,1.263627
2013-07-18,1.267395
2013-07-19,1.264269
2013-07-22,1.26219
2013-07-23,1.266768
2013-07-24,1.26559
2013-07-25,1.26799
2013-07-26,1.264329
2013-07-29,1.26737
2013-07-30,1.270099
2013-07-31,1.272994
2013-08-01,1.271985
2013-08-02,1.276074
2013-08-05,1.268613
2013-08-06,1.268223
2013-08-07,1.267794
2013-08-08,1.261078
2013-08-09,1.258431
2013-08-12,1.262425
2013-08-13,1.265011
2013-08-14,1.271238
2013-08-15,1.271791
2013-08-16,1.270915
2013-08-19,1.275929
2013-08-20,1.275911
2013-08-21,1.276674
2013-08-22,1.282819
2013-08-23,1.281917
2013-08-26,1.27962
2013-08-27,1.284675
2013-08-28,1.282086
2013-08-29,1.275064
2013-08-30,1.274424
2013-09-02,1.273491
2013-09-03,1.278166
2013-09-04,1.274467
2013-09-05,1.277231
2013-09-06,1.278494
2013-09-09,1.271714
2013-09-10,1.268429
2013-09-11,1.268692
2013-09-12,1.26772
2013-09-13,1.268597
2013-09-16,1.259564
2013-09-17,1.260332
2013-09-18,1.258613
2013-09-19,1.244518
2013-09-20,1.249297
2013-09-23,1.251629
2013-09-24,1.255697
2013-09-25,1.254665
2013-09-26,1.255426
2013-09-27,1.254709
2013-09-30,1.255905
2013-10-01,1.252029
2013-10-02,1.25172
2013-10-03,1.248713
2013-10-04,1.246377
2013-10-07,1.247716
2013-10-08,1.248085
2013-10-09,1.251794
2013-10-10,1.250222
2013-10-11,1.245835
2013-10-14,1.244913
2013-10-15,1.242867
2013-10-16,1.243935
2013-10-17,1.240521
2013-10-18,1.237504
2013-10-21,1.241531
2013-10-22,1.240895
2013-10-23,1.239892
2013-10-24,1.236798
2013-10-25,1.236481
2013-10-28,1.237812
2013-10-29,1.240195
2013-10-30,1.237514
2013-10-31,1.238692
2013-11-01,1.242725
2013-11-04,1.243299
2013-11-05,1.240922
2013-11-06,1.242214
2013-11-07,1.243397
2013-11-08,1.241829
2013-11-11,1.24832
2013-11-12,1.249628
2013-11-13,1.248379
2013-11-14,1.247767
2013-11-15,1.247474
2013-11-18,1.245987
2013-11-19,1.243297
2013-11-20,1.243883
2013-11-21,1.248367
2013-11-22,1.251369
2013-11-25,1.252331
2013-11-26,1.252307
2013-11-27,1.254487
2013-11-28,1.255665
2013-11-29,1.255014
2013-12-02,1.254802
2013-12-03,1.253719
2013-12-04,1.253973
2013-12-05,1.253788
2013-12-06,1.253129
2013-12-09,1.249016
2013-12-10,1.249527
2013-12-11,1.250599
2013-12-12,1.25343
2013-12-13,1.25672
2013-12-16,1.255299
2013-12-17,1.257473
2013-12-18,1.25871
2013-12-19,1.266774
2013-12-20,1.267668
2013-12-23,1.266166
2013-12-24,1.267612
2013-12-27,1.267482
2013-12-30,1.268302
2013-12-31,1.262708
2014-01-02,1.268707
2014-01-03,1.264779
2014-01-06,1.268416
2014-01-07,1.270068
2014-01-08,1.269825
2014-01-09,1.271231
2014-01-10,1.269964
2014-01-13,1.264831
2014-01-14,1.267579
2014-01-15,1.272306
2014-01-16,1.273663
2014-01-17,1.273631
2014-01-20,1.275984
2014-01-21,1.27961
2014-01-22,1.277974
2014-01-23,1.278979
2014-01-24,1.279681
2014-01-27,1.2772
2014-01-28,1.274672
2014-01-29,1.274618
2014-01-30,1.27619
2014-01-31,1.278337
2014-02-03,1.275152
2014-02-04,1.268733
2014-02-05,1.268331
2014-02-06,1.268248
2014-02-07,1.268823
2014-02-10,1.269834
2014-02-11,1.267183
2014-02-12,1.26619
2014-02-13,1.267788
2014-02-14,1.261326
2014-02-17,1.258413
2014-02-18,1.261015
2014-02-19,1.261186
2014-02-20,1.266015
2014-02-21,1.267673
2014-02-24,1.267783
2014-02-25,1.264723
2014-02-26,1.265117
2014-02-27,1.265964
2014-02-28,1.265981
2014-03-03,1.268231
2014-03-04,1.268812
2014-03-05,1.268788
2014-03-06,1.264169
2014-03-07,1.263279
2014-03-10,1.267488
2014-03-11,1.267076
2014-03-12,1.267588
2014-03-13,1.264309
2014-03-14,1.265413
2014-03-17,1.265209
2014-03-18,1.264782
2014-03-19,1.266082
2014-03-20,1.276995
2014-03-21,1.274819
2014-03-24,1.271671
2014-03-25,1.269273
2014-03-26,1.267421
2014-03-27,1.264864
2014-03-28,1.260629
2014-03-31,1.259501
2014-04-01,1.260334
2014-04-02,1.260964
2014-04-03,1.263162
2014-04-04,1.264672
2014-04-07,1.261677
2014-04-08,1.253303
2014-04-09,1.250616
2014-04-10,1.248792
2014-04-11,1.250144
2014-04-14,1.252188
2014-04-15,1.252119
2014-04-16,1.250723
2014-04-17,1.249802
2014-04-22,1.256206
2014-04-23,1.25712
2014-04-24,1.257598
2014-04-25,1.257176
2014-04-28,1.255826
2014-04-29,1.256184
2014-04-30,1.256823
2014-05-02,1.253427
2014-05-05,1.250036
2014-05-06,1.246827
2014-05-07,1.249085
2014-05-08,1.246829
2014-05-09,1.249184
2014-05-12,1.250636
2014-05-13,1.252791
2014-05-14,1.249727
2014-05-15,1.252508
2014-05-16,1.251168
2014-05-19,1.249435
2014-05-20,1.252372
2014-05-21,1.253217
2014-05-22,1.252488
2014-05-23,1.252678
2014-05-26,1.253025
2014-05-27,1.256416
2014-05-28,1.25632
2014-05-29,1.254481
2014-05-30,1.253693
2014-06-02,1.255822
2014-06-03,1.255771
2014-06-04,1.257283
2014-06-05,1.257094
2014-06-06,1.252382
2014-06-09,1.250147
2014-06-10,1.250314
2014-06-11,1.250166
2014-06-12,1.247708
2014-06-13,1.250332
2014-06-16,1.250887
2014-06-17,1.251621
2014-06-18,1.252378
2014-06-19,1.248385
2014-06-20,1.250368
2014-06-23,1.248308
2014-06-24,1.249229
2014-06-25,1.250679
2014-06-26,1.250551
2014-06-27,1.249266
2014-06-30,1.248133
2014-07-01,1.245909
2014-07-02,1.245826
2014-07-03,1.246373
2014-07-04,1.245805
2014-07-07,1.246616
2014-07-08,1.243506
2014-07-09,1.242814
2014-07-10,1.24309
2014-07-11,1.24053
2014-07-14,1.239965
2014-07-15,1.241828
2014-07-16,1.242684
2014-07-17,1.241701
2014-07-18,1.241331
2014-07-21,1.240864
2014-07-22,1.241006
2014-07-23,1.238322
2014-07-24,1.238717
2014-07-25,1.24122
2014-07-28,1.241271
2014-07-29,1.241641
2014-07-30,1.243713
2014-07-31,1.246805
2014-08-01,1.248302
2014-08-04,1.24661
2014-08-05,1.246525
2014-08-06,1.249981
2014-08-07,1.251496
2014-08-08,1.251195
2014-08-11,1.249888
2014-08-12,1.250787
2014-08-13,1.250075
2014-08-14,1.245794
2014-08-15,1.244099
2014-08-18,1.244788
2014-08-19,1.24517
2014-08-20,1.249172
2014-08-21,1.250264
2014-08-22,1.247833
2014-08-25,1.249394
2014-08-26,1.248787
2014-08-27,1.247097
2014-08-28,1.248976
2014-08-29,1.247801
2014-09-01,1.249067
2014-09-02,1.253603
2014-09-03,1.2523
2014-09-04,1.252862
2014-09-05,1.255175
2014-09-08,1.254963
2014-09-09,1.26089
2014-09-10,1.264599
2014-09-11,1.264387
2014-09-12,1.261619
2014-09-15,1.265278
2014-09-16,1.260792
2014-09-17,1.263584
2014-09-18,1.2695
2014-09-19,1.265873
2014-09-22,1.268431
2014-09-23,1.26691
2014-09-24,1.2661
2014-09-25,1.27061
2014-09-26,1.271521
2014-09-29,1.274073
2014-09-30,1.276564
2014-10-01,1.276283
2014-10-02,1.273138
2014-10-03,1.275365
2014-10-06,1.277676
2014-10-07,1.277306
2014-10-08,1.279004
2014-10-09,1.268119
2014-10-10,1.274331
2014-10-13,1.270999
2014-10-14,1.274711
2014-10-15,1.276883
2014-10-16,1.275002
2014-10-17,1.273181
2014-10-20,1.271275
2014-10-21,1.271117
2014-10-22,1.269519
2014-10-23,1.273502
2014-10-24,1.276404
2014-10-27,1.275889
2014-10-28,1.272906
2014-10-29,1.271571
2014-10-30,1.278378
2014-10-31,1.28641
2014-11-03,1.289282
2014-11-04,1.289995
2014-11-05,1.295673
2014-11-06,1.291923
2014-11-07,1.29557
2014-11-10,1.289204
2014-11-11,1.294028
2014-11-12,1.289805
2014-11-13,1.291426
2014-11-14,1.299292
2014-11-17,1.297775
2014-11-18,1.297747
2014-11-19,1.304108
2014-11-20,1.302097
2014-11-21,1.297134
2014-11-24,1.303707
2014-11-25,1.303284
2014-11-26,1.301323
2014-11-27,1.298237
2014-11-28,1.303212
2014-12-01,1.306039
2014-12-02,1.307308
2014-12-03,1.309626
2014-12-04,1.31484
2014-12-05,1.317991
2014-12-08,1.321667
2014-12-09,1.317811
2014-12-10,1.312379
2014-12-11,1.313405
2014-12-12,1.309799
2014-12-15,1.313536
2014-12-16,1.301109
2014-12-17,1.30519
2014-12-18,1.31453
2014-12-19,1.315009
2014-12-22,1.319112
2014-12-23,1.321624
2014-12-24,1.32253
2014-12-29,1.322784
2014-12-30,1.32278
2014-12-31,1.322626
2015-01-02,1.328573
2015-01-05,1.336131
2015-01-06,1.334984
2015-01-07,1.339194
2015-01-08,1.33863
2015-01-09,1.336578
2015-01-12,1.336411
2015-01-13,1.335512
2015-01-14,1.335372
2015-01-15,1.322087
2015-01-16,1.325768
2015-01-19,1.331581
2015-01-20,1.338803
2015-01-21,1.333132
2015-01-22,1.332329
2015-01-23,1.344704
2015-01-26,1.343917
2015-01-27,1.3415
2015-01-28,1.352697
2015-01-29,1.352629
2015-01-30,1.352676
2015-02-02,1.352785
2015-02-03,1.350387
2015-02-04,1.345099
2015-02-05,1.3461
2015-02-06,1.343321
2015-02-09,1.355388
2015-02-10,1.356289
2015-02-11,1.360085
2015-02-12,1.359198
2015-02-13,1.356559
2015-02-16,1.35703
2015-02-17,1.354621
2015-02-18,1.360798
2015-02-19,1.358216
2015-02-20,1.359533
2015-02-23,1.361657
2015-02-24,1.361229
2015-02-25,1.355368
2015-02-26,1.35133
2015-02-27,1.360231
2015-03-02,1.363053
2015-03-03,1.363001
2015-03-04,1.367044
2015-03-05,1.369229
2015-03-06,1.368603
2015-03-09,1.379282
2015-03-10,1.386571
2015-03-11,1.387408
2015-03-12,1.377839
2015-03-13,1.388479
2015-03-16,1.389599
2015-03-17,1.388528
2015-03-18,1.391144
2015-03-19,1.387
2015-03-20,1.386229
2015-03-23,1.370601
2015-03-24,1.36411
2015-03-25,1.367592
2015-03-26,1.365807
2015-03-27,1.369013
2015-03-30,1.373721
2015-03-31,1.373176
2015-04-01,1.366434
2015-04-02,1.359095
2015-04-07,1.357426
2015-04-08,1.353894
2015-04-09,1.353815
2015-04-10,1.366036
2015-04-13,1.373294
2015-04-14,1.36312
2015-04-15,1.361376
2015-04-16,1.353935
2015-04-17,1.342889
2015-04-20,1.348876
2015-04-21,1.349813
2015-04-22,1.34562
2015-04-23,1.347289
2015-04-24,1.337491
2015-04-27,1.333857
2015-04-28,1.320857
2015-04-29,1.323123
2015-04-30,1.320999
2015-05-04,1.332586
2015-05-05,1.336871
2015-05-06,1.326714
2015-05-07,1.331181
2015-05-08,1.329917
2015-05-11,1.33468
2015-05-12,1.335795
2015-05-13,1.329293
2015-05-14,1.318242
2015-05-15,1.326183
2015-05-18,1.321977
2015-05-19,1.331395
2015-05-20,1.335762
2015-05-21,1.336118
2015-05-22,1.329989
2015-05-25,1.341592
2015-05-26,1.346055
2015-05-27,1.352389
2015-05-28,1.35123
2015-05-29,1.349043
2015-06-01,1.351882
2015-06-02,1.355064
2015-06-03,1.348841
2015-06-04,1.344968
2015-06-05,1.348012
2015-06-08,1.358627
2015-06-09,1.350876
2015-06-10,1.3448
2015-06-11,1.347489
2015-06-12,1.348128
2015-06-15,1.346675
2015-06-16,1.346233
2015-06-17,1.346662
2015-06-18,1.331638
2015-06-19,1.337286
2015-06-22,1.334597
2015-06-23,1.339343
2015-06-24,1.343173
2015-06-25,1.341424
2015-06-26,1.347974
2015-06-29,1.348783
2015-06-30,1.34668
2015-07-01,1.34973
2015-07-02,1.35216
2015-07-03,1.347603
2015-07-06,1.351381
2015-07-07,1.357698
2015-07-08,1.353139
2015-07-09,1.350733
2015-07-10,1.347787
2015-07-13,1.353516
2015-07-14,1.359985
2015-07-15,1.362431
2015-07-16,1.366891
2015-07-17,1.365598
2015-07-20,1.372558
2015-07-21,1.365694
2015-07-22,1.365713
2015-07-23,1.366397
2015-07-24,1.374806
2015-07-27,1.37023
2015-07-28,1.367166
2015-07-29,1.366727
2015-07-30,1.374076
2015-07-31,1.375217
2015-08-03,1.377682
2015-08-04,1.37647
2015-08-05,1.383534
2015-08-06,1.385393
2015-08-07,1.38342
2015-08-10,1.38604
2015-08-11,1.398915
2015-08-12,1.403138
2015-08-13,1.398776
2015-08-14,1.402471
2015-08-17,1.409369
2015-08-18,1.402712
2015-08-19,1.404311
2015-08-20,1.404096
2015-08-21,1.405195
2015-08-24,1.415587
2015-08-25,1.397879
2015-08-26,1.403789
2015-08-27,1.399592
2015-08-28,1.406106
2015-08-31,1.412572
2015-09-01,1.412335
2015-09-02,1.416082
2015-09-03,1.416066
2015-09-04,1.418567
2015-09-07,1.42661
2015-09-08,1.419728
2015-09-09,1.416824
2015-09-10,1.415914
2015-09-11,1.415335
2015-09-14,1.408138
2015-09-15,1.400088
2015-09-16,1.400606
2015-09-17,1.398338
2015-09-18,1.39119
2015-09-21,1.408267
2015-09-22,1.417929
2015-09-23,1.421525
2015-09-24,1.428165
2015-09-25,1.422294
2015-09-28,1.428827
2015-09-29,1.428418
2015-09-30,1.421137
2015-10-01,1.42706
2015-10-02,1.433333
2015-10-05,1.42257
2015-10-06,1.424269
2015-10-07,1.408663
2015-10-08,1.411942
2015-10-09,1.395441
2015-10-12,1.397784
2015-10-13,1.400475
2015-10-14,1.386065
2015-10-15,1.377043
2015-10-16,1.383275
2015-10-19,1.384011
2015-10-20,1.388464
2015-10-21,1.392901
2015-10-22,1.391673
2015-10-23,1.390112
2015-10-26,1.393788
2015-10-27,1.394268
2015-10-28,1.393595
2015-10-29,1.406587
2015-10-30,1.401924
2015-11-02,1.401922
2015-11-03,1.39969
2015-11-04,1.397897
2015-11-05,1.406781
2015-11-06,1.40961
2015-11-09,1.424462
2015-11-10,1.422276
2015-11-11,1.421799
2015-11-12,1.421406
2015-11-13,1.421869
2015-11-16,1.422456
2015-11-17,1.422212
2015-11-18,1.423683
2015-11-19,1.415645
2015-11-20,1.412144
2015-11-23,1.418493
2015-11-24,1.415266
2015-11-25,1.406386
2015-11-26,1.408217
2015-11-27,1.41087
2015-11-30,1.412232
2015-12-01,1.410094
2015-12-02,1.409725
2015-12-03,1.406616
2015-12-04,1.395707
2015-12-07,1.405403
2015-12-08,1.41269
2015-12-09,1.405996
2015-12-10,1.401627
2015-12-11,1.40968
2015-12-14,1.410361
2015-12-15,1.40646
2015-12-16,1.40922
2015-12-17,1.416013
2015-12-18,1.41196
2015-12-21,1.408188
2015-12-22,1.404218
2015-12-23,1.407658
2015-12-24,1.406413
2015-12-28,1.408137
2015-12-29,1.412253
2015-12-30,1.413967
2015-12-31,1.416093
2016-01-04,1.425307
2016-01-05,1.424716
2016-01-06,1.434463
2016-01-07,1.436511
2016-01-08,1.436884
2016-01-11,1.433413
2016-01-12,1.436877
2016-01-13,1.432322
2016-01-14,1.438539
2016-01-15,1.441726
2016-01-18,1.439038
2016-01-19,1.434671
2016-01-20,1.439168
2016-01-21,1.438539
2016-01-22,1.426813
2016-01-25,1.430328
2016-01-26,1.430101
2016-01-27,1.427443
2016-01-28,1.426763
2016-01-29,1.423993
2016-02-01,1.424109
2016-02-02,1.42742
2016-02-03,1.429708
2016-02-04,1.40282
2016-02-05,1.395822
2016-02-08,1.408882
2016-02-09,1.403257
2016-02-10,1.392378
2016-02-11,1.390147
2016-02-12,1.397428
2016-02-15,1.399195
2016-02-16,1.402114
2016-02-17,1.410111
2016-02-18,1.404186
2016-02-19,1.407444
2016-02-22,1.402957
2016-02-23,1.40738
2016-02-24,1.409526
2016-02-25,1.402285
2016-02-26,1.401781
2016-02-29,1.407513
2016-03-01,1.401582
2016-03-02,1.402542
2016-03-03,1.390515
2016-03-04,1.381039
2016-03-07,1.382087
2016-03-08,1.38366
2016-03-09,1.382575
2016-03-10,1.382795
2016-03-11,1.377006
2016-03-14,1.374314
2016-03-15,1.379422
2016-03-16,1.384219
2016-03-17,1.353903
2016-03-18,1.354464
2016-03-21,1.359595
2016-03-22,1.361042
2016-03-23,1.367827
2016-03-24,1.368836
2016-03-29,1.367786
2016-03-30,1.352084
2016-03-31,1.344225
2016-04-01,1.346134
2016-04-04,1.350879
2016-04-05,1.357438
2016-04-06,1.356122
2016-04-07,1.352429
2016-04-08,1.349556
2016-04-11,1.346883
2016-04-12,1.347315
2016-04-13,1.351124
2016-04-14,1.363846
2016-04-15,1.358561
2016-04-18,1.35574
2016-04-19,1.339769
2016-04-20,1.339837
2016-04-21,1.343197
2016-04-22,1.350528
2016-04-25,1.350763
2016-04-26,1.35377
2016-04-27,1.349288
2016-04-28,1.344691
2016-04-29,1.342717
2016-05-02,1.340816
2016-05-03,1.346184
2016-05-04,1.356367
2016-05-05,1.357724
2016-05-06,1.358712
2016-05-09,1.366564
2016-05-10,1.369407
2016-05-11,1.368218
2016-05-12,1.371499
2016-05-13,1.370462
2016-05-16,1.369746
2016-05-17,1.369588
2016-05-18,1.377693
2016-05-19,1.379834
2016-05-20,1.381496
2016-05-23,1.380116
2016-05-24,1.382969
2016-05-25,1.379149
2016-05-26,1.377239
2016-05-27,1.375358
2016-05-30,1.381093
2016-05-31,1.377712
2016-06-01,1.375962
2016-06-02,1.376385
2016-06-03,1.376278
2016-06-06,1.359062
2016-06-07,1.353719
2016-06-08,1.347952
2016-06-09,1.352023
2016-06-10,1.354122
2016-06-13,1.355343
2016-06-14,1.356704
2016-06-15,1.354853
2016-06-16,1.352783
2016-06-17,1.349476
2016-06-20,1.34354
2016-06-21,1.340728
2016-06-22,1.33936
2016-06-23,1.339187
2016-06-24,1.353063
2016-06-27,1.359793
2016-06-28,1.355188
2016-06-29,1.348151
2016-06-30,1.347235
2016-07-01,1.343422
2016-07-04,1.345753
2016-07-05,1.349363
2016-07-06,1.352335
2016-07-07,1.347834
2016-07-08,1.346251
2016-07-11,1.349443
2016-07-12,1.346827
2016-07-13,1.346008
2016-07-14,1.342476
2016-07-15,1.344446
2016-07-18,1.34805
2016-07-19,1.352152
2016-07-20,1.358576
2016-07-21,1.355515
2016-07-22,1.355911
2016-07-25,1.360772
2016-07-26,1.357188
2016-07-27,1.35802
2016-07-28,1.350496
2016-07-29,1.35112
2016-08-01,1.340559
2016-08-02,1.338873
2016-08-03,1.341071
2016-08-04,1.342672
2016-08-05,1.340355
2016-08-08,1.347885
2016-08-09,1.347806
2016-08-10,1.33834
2016-08-11,1.343943
2016-08-12,1.346388
2016-08-15,1.343918
2016-08-16,1.336344
2016-08-17,1.344448
2016-08-18,1.342108
2016-08-19,1.34796
2016-08-22,1.351141
2016-08-23,1.349061
2016-08-24,1.354011
2016-08-25,1.353144
2016-08-26,1.352436
2016-08-29,1.361862
2016-08-30,1.360673
2016-08-31,1.363726
2016-09-01,1.363538
2016-09-02,1.357634
2016-09-05,1.356669
2016-09-06,1.355856
2016-09-07,1.346
2016-09-08,1.345698
2016-09-09,1.356053
2016-09-12,1.360859
2016-09-13,1.361963
2016-09-14,1.366286
2016-09-15,1.365381
2016-09-16,1.364511
2016-09-19,1.363189
2016-09-20,1.362393
2016-09-21,1.358475
2016-09-22,1.354422
2016-09-23,1.358213
2016-09-26,1.359972
2016-09-27,1.359626
2016-09-28,1.360356
2016-09-29,1.362356
2016-09-30,1.365021
2016-10-03,1.364009
2016-10-04,1.369859
2016-10-05,1.370529
2016-10-06,1.373715
2016-10-07,1.375224
2016-10-10,1.374283
2016-10-11,1.378915
2016-10-12,1.38294
2016-10-13,1.383856
2016-10-14,1.387293
2016-10-17,1.388939
2016-10-18,1.386519
2016-10-19,1.387012
2016-10-20,1.388616
2016-10-21,1.39436
2016-10-24,1.391883
2016-10-25,1.391924
2016-10-26,1.389565
2016-10-27,1.392056
2016-10-28,1.394342
2016-10-31,1.393294
2016-11-01,1.388481
2016-11-02,1.384407
2016-11-03,1.385756
2016-11-04,1.384387
2016-11-07,1.389984
2016-11-08,1.390379
2016-11-09,1.39403
2016-11-10,1.40872
2016-11-11,1.408566
2016-11-14,1.415886
2016-11-15,1.412169
2016-11-16,1.417866
2016-11-17,1.416441
2016-11-18,1.4213
2016-11-21,1.422726
2016-11-22,1.424696
2016-11-23,1.427655
2016-11-24,1.432215
2016-11-25,1.428625
2016-11-28,1.427465
2016-11-29,1.42899
2016-11-30,1.427268
2016-12-01,1.427967
2016-12-02,1.422665
2016-12-05,1.423098
2016-12-06,1.41867
2016-12-07,1.418267
2016-12-08,1.419067
2016-12-09,1.428071
2016-12-12,1.429313
2016-12-13,1.426767
2016-12-14,1.423995
2016-12-15,1.440445
2016-12-16,1.443146
2016-12-19,1.449146
2016-12-20,1.447511
2016-12-21,1.442856
2016-12-22,1.449253
2016-12-23,1.44687
2016-12-27,1.44854
2016-12-28,1.452456
2016-12-29,1.449919
2016-12-30,1.445214
2017-01-02,1.450645
2017-01-03,1.450265
2017-01-04,1.441698
2017-01-05,1.435673
2017-01-06,1.432524
2017-01-09,1.439235
2017-01-10,1.437778
2017-01-11,1.438827
2017-01-12,1.422511
2017-01-13,1.42632
2017-01-16,1.429488
2017-01-17,1.419693
2017-01-18,1.423106
2017-01-19,1.426322
2017-01-20,1.429458
2017-01-23,1.421279
2017-01-24,1.418496
2017-01-25,1.418412
2017-01-26,1.423178
2017-01-27,1.427769
2017-01-30,1.427752
2017-01-31,1.413389
2017-02-01,1.412419
2017-02-02,1.409326
2017-02-03,1.413835
2017-02-06,1.410194
2017-02-07,1.418454
2017-02-08,1.416971
2017-02-09,1.414609
2017-02-10,1.421771
2017-02-13,1.421865
2017-02-14,1.416172
2017-02-15,1.422264
2017-02-16,1.41795
2017-02-17,1.416526
2017-02-20,1.418331
2017-02-21,1.422511
2017-02-22,1.417768
2017-02-23,1.411709
2017-02-24,1.403714
2017-02-27,1.405308
2017-02-28,1.399547
2017-03-01,1.409095
2017-03-02,1.411451
2017-03-03,1.413441
2017-03-06,1.410121
2017-03-07,1.410741
2017-03-08,1.415972
2017-03-09,1.420339
2017-03-10,1.41816
2017-03-13,1.41358
2017-03-14,1.414636
2017-03-15,1.412258
2017-03-16,1.401734
2017-03-17,1.402161
2017-03-20,1.397879
2017-03-21,1.396778
2017-03-22,1.397983
2017-03-23,1.398665
2017-03-24,1.399907
2017-03-27,1.39122
2017-03-28,1.393959
2017-03-29,1.396167
2017-03-30,1.394896
2017-03-31,1.397437
2017-04-03,1.397524
2017-04-04,1.399211
2017-04-05,1.399888
2017-04-06,1.400713
2017-04-07,1.401881
2017-04-10,1.406693
2017-04-11,1.403919
2017-04-12,1.402074
2017-04-13,1.396519
2017-04-18,1.398334
2017-04-19,1.397389
2017-04-20,1.396836
2017-04-21,1.397271
2017-04-24,1.392883
2017-04-25,1.392893
2017-04-26,1.395942
2017-04-27,1.39739
2017-04-28,1.395974
2017-05-02,1.394595
2017-05-03,1.394725
2017-05-04,1.399561
2017-05-05,1.405164
2017-05-08,1.40501
2017-05-09,1.410911
2017-05-10,1.410403
2017-05-11,1.408103
2017-05-12,1.408054
2017-05-15,1.398287
2017-05-16,1.397685
2017-05-17,1.394261
2017-05-18,1.391949
2017-05-19,1.387333
2017-05-22,1.38584
2017-05-23,1.38823
2017-05-24,1.388278
2017-05-25,1.38443
2017-05-26,1.382547
2017-05-29,1.38443
2017-05-30,1.385841
2017-05-31,1.382943
2017-06-01,1.383813
2017-06-02,1.386467
2017-06-05,1.381545
2017-06-06,1.381506
2017-06-07,1.381742
2017-06-08,1.382581
2017-06-09,1.384127
2017-06-12,1.384101
2017-06-13,1.38192
2017-06-14,1.37972
2017-06-15,1.383127
2017-06-16,1.384168
2017-06-19,1.382534
2017-06-20,1.387773
2017-06-21,1.389342
2017-06-22,1.390366
2017-06-23,1.386915
2017-06-26,1.388487
2017-06-27,1.385529
2017-06-28,1.384791
2017-06-29,1.380093
2017-06-30,1.376621
2017-07-03,1.38174
2017-07-04,1.382982
2017-07-05,1.383352
2017-07-06,1.383311
2017-07-07,1.38109
2017-07-10,1.386054
2017-07-11,1.383867
2017-07-12,1.381343
2017-07-13,1.377069
2017-07-14,1.373982
2017-07-17,1.367301
2017-07-18,1.366768
2017-07-19,1.367641
2017-07-20,1.370309
2017-07-21,1.36334
2017-07-24,1.361521
2017-07-25,1.359672
2017-07-26,1.361216
2017-07-27,1.358816
2017-07-28,1.359621
2017-07-31,1.35738
2017-08-01,1.35811
2017-08-02,1.358018
2017-08-03,1.360034
2017-08-04,1.356336
2017-08-07,1.363313
2017-08-08,1.36042
2017-08-09,1.362885
2017-08-10,1.363791
2017-08-11,1.364386
2017-08-14,1.361617
2017-08-15,1.365974
2017-08-16,1.368232
2017-08-17,1.365991
2017-08-18,1.364055
2017-08-21,1.362469
2017-08-22,1.361991
2017-08-23,1.362065
2017-08-24,1.361172
2017-08-25,1.359671
2017-08-28,1.354801
2017-08-29,1.351511
2017-08-30,1.356747
2017-08-31,1.361015
2017-09-01,1.35453
2017-09-04,1.356573
2017-09-05,1.355341
2017-09-06,1.352192
2017-09-07,1.344165
2017-09-08,1.336982
2017-09-11,1.344419
2017-09-12,1.347021
2017-09-13,1.345521
2017-09-14,1.350694
2017-09-15,1.343309
2017-09-18,1.346083
2017-09-19,1.349064
2017-09-20,1.343216
2017-09-21,1.352373
2017-09-22,1.345456
2017-09-25,1.350889
2017-09-26,1.354713
2017-09-27,1.35968
2017-09-28,1.359314
2017-09-29,1.357869
2017-10-02,1.362653
2017-10-03,1.362716
2017-10-04,1.359379
2017-10-05,1.36246
2017-10-06,1.366447
2017-10-09,1.363273
2017-10-10,1.356362
2017-10-11,1.356213
2017-10-12,1.354167
2017-10-13,1.355885
2017-10-16,1.35186
2017-10-17,1.356578
2017-10-18,1.358584
2017-10-19,1.356769
2017-10-20,1.358436
2017-10-23,1.362521
2017-10-24,1.362384
2017-10-25,1.361646
2017-10-26,1.362205
2017-10-27,1.370013
2017-10-30,1.363762
2017-10-31,1.362777
2017-11-01,1.36135
2017-11-02,1.360498
2017-11-03,1.360041
2017-11-06,1.364625
2017-11-07,1.364124
2017-11-08,1.362036
2017-11-09,1.360189
2017-11-10,1.360391
2017-11-13,1.361273
2017-11-14,1.360409
2017-11-15,1.355828
2017-11-16,1.356809
2017-11-17,1.356337
2017-11-20,1.355742
2017-11-21,1.355009
2017-11-22,1.35203
2017-11-23,1.345966
2017-11-24,1.346047
2017-11-27,1.343959
2017-11-28,1.344465
2017-11-29,1.346495
2017-11-30,1.349143
2017-12-01,1.347413
2017-12-04,1.34783
2017-12-05,1.346586
2017-12-06,1.347635
2017-12-07,1.350416
2017-12-08,1.353177
2017-12-11,1.350966
2017-12-12,1.351436
2017-12-13,1.35259
2017-12-14,1.34656
2017-12-15,1.346519
2017-12-18,1.348368
2017-12-19,1.346528
2017-12-20,1.345715
2017-12-21,1.345139
2017-12-22,1.343879
2017-12-27,1.339807
2017-12-28,1.338026
2017-12-29,1.336113
2018-01-02,1.328719
2018-01-03,1.329785
2018-01-04,1.329714
2018-01-05,1.327771
2018-01-08,1.332665
2018-01-09,1.335233
2018-01-10,1.332638
2018-01-11,1.331946
2018-01-12,1.326769
2018-01-15,1.321414
2018-01-16,1.323385
2018-01-17,1.323691
2018-01-18,1.322027
2018-01-19,1.320114
2018-01-22,1.319634
2018-01-23,1.319455
2018-01-24,1.30999
2018-01-25,1.305876
2018-01-26,1.307414
2018-01-29,1.310284
2018-01-30,1.310684
2018-01-31,1.307538
2018-02-01,1.312465
2018-02-02,1.313561
2018-02-05,1.317283
2018-02-06,1.323222
2018-02-07,1.320392
2018-02-08,1.329416
2018-02-09,1.32983
2018-02-12,1.325614
2018-02-13,1.322793
2018-02-14,1.319242
2018-02-15,1.311534
2018-02-16,1.310655
2018-02-19,1.313054
2018-02-20,1.318639
2018-02-21,1.321231
2018-02-22,1.322255
2018-02-23,1.321571
2018-02-26,1.317127
2018-02-27,1.319811
2018-02-28,1.323236
2018-03-01,1.326925
2018-03-02,1.320744
2018-03-05,1.319412
2018-03-06,1.315365
2018-03-07,1.314569
2018-03-08,1.315434
2018-03-09,1.318363
2018-03-12,1.314583
2018-03-13,1.310713
2018-03-14,1.30916
2018-03-15,1.311239
2018-03-16,1.315503
2018-03-19,1.317979
2018-03-20,1.31753
2018-03-21,1.31833
2018-03-22,1.31593
2018-03-23,1.313462
2018-03-26,1.311256
2018-03-27,1.309632
2018-03-28,1.307792
2018-03-29,1.31142
2018-04-03,1.30923
2018-04-04,1.314435
2018-04-05,1.314274
2018-04-06,1.319111
2018-04-09,1.313231
2018-04-10,1.310735
2018-04-11,1.308463
2018-04-12,1.310963
2018-04-13,1.311845
2018-04-16,1.311318
2018-04-17,1.31035
2018-04-18,1.310623
2018-04-19,1.308997
2018-04-20,1.313835
2018-04-23,1.322765
2018-04-24,1.322689
2018-04-25,1.329421
2018-04-26,1.326512
2018-04-27,1.326015
2018-04-30,1.325938
2018-05-02,1.334638
2018-05-03,1.331054
2018-05-04,1.333612
2018-05-07,1.337338
2018-05-08,1.338079
2018-05-09,1.340264
2018-05-10,1.340714
2018-05-11,1.333752
2018-05-14,1.333
2018-05-15,1.338719
2018-05-16,1.342838
2018-05-17,1.342228
2018-05-18,1.343519
2018-05-21,1.343907
2018-05-22,1.33729
2018-05-23,1.345576
2018-05-24,1.340894
2018-05-25,1.340642
2018-05-28,1.341034
2018-05-29,1.346686
2018-05-30,1.340096
2018-05-31,1.338234
2018-06-01,1.338332
2018-06-04,1.333816
2018-06-05,1.335589
2018-06-06,1.333192
2018-06-07,1.331277
2018-06-08,1.335886
2018-06-11,1.334775
2018-06-12,1.335087
2018-06-13,1.335515
2018-06-14,1.335465
2018-06-15,1.34693
2018-06-18,1.350211
2018-06-19,1.359892
2018-06-20,1.357575
2018-06-21,1.361934
2018-06-22,1.358345
2018-06-25,1.361538
2018-06-26,1.361549
2018-06-27,1.36312
2018-06-28,1.366744
2018-06-29,1.363527
2018-07-02,1.368245
2018-07-03,1.364852
2018-07-04,1.364972
2018-07-05,1.363481
2018-07-06,1.360287
2018-07-09,1.352871
2018-07-10,1.356868
2018-07-11,1.360716
2018-07-12,1.362927
2018-07-13,1.367259
2018-07-16,1.361263
2018-07-17,1.361664
2018-07-18,1.367927
2018-07-19,1.372886
2018-07-20,1.367609
2018-07-23,1.363861
2018-07-24,1.364001
2018-07-25,1.362789
2018-07-26,1.360789
2018-07-27,1.364301
2018-07-30,1.362034
2018-07-31,1.361282
2018-08-01,1.36132
2018-08-02,1.366704
2018-08-03,1.366759
2018-08-06,1.368708
2018-08-07,1.36373
2018-08-08,1.36457
2018-08-09,1.363323
2018-08-10,1.371159
2018-08-13,1.375866
2018-08-14,1.373751
2018-08-15,1.380355
2018-08-16,1.376253
2018-08-17,1.373979
2018-08-20,1.371716
2018-08-21,1.36811
2018-08-22,1.365358
2018-08-23,1.370067
2018-08-24,1.368916
2018-08-27,1.365426
2018-08-28,1.361657
2018-08-29,1.367153
2018-08-30,1.36572
2018-08-31,1.370269
2018-09-03,1.371781
2018-09-04,1.376146
2018-09-05,1.378432
2018-09-06,1.375279
2018-09-07,1.375463
2018-09-10,1.379829
2018-09-11,1.377657
2018-09-12,1.376349
2018-09-13,1.371601
2018-09-14,1.369835
2018-09-17,1.372376
2018-09-18,1.370522
2018-09-19,1.370789
2018-09-20,1.364942
2018-09-21,1.364232
2018-09-24,1.364223
2018-09-25,1.365628
2018-09-26,1.365511
2018-09-27,1.364654
2018-09-28,1.368262
2018-10-01,1.37024
2018-10-02,1.374166
2018-10-03,1.375996
2018-10-04,1.37976
2018-10-05,1.381019
2018-10-08,1.384736
2018-10-09,1.386882
2018-10-10,1.382957
2018-10-11,1.379611
2018-10-12,1.376534
2018-10-15,1.376824
2018-10-16,1.374385
2018-10-17,1.376149
2018-10-18,1.378792
2018-10-19,1.377507
2018-10-22,1.379415
2018-10-23,1.378463
2018-10-24,1.38063
2018-10-25,1.379117
2018-10-26,1.38431
2018-10-29,1.382743
2018-10-30,1.384013
2018-10-31,1.386817
2018-11-01,1.378127
2018-11-02,1.373916
2018-11-05,1.376517
2018-11-06,1.373206
2018-11-07,1.369287
2018-11-08,1.371061
2018-11-09,1.377314
2018-11-12,1.381269
2018-11-13,1.381671
2018-11-14,1.380046
2018-11-15,1.377267
2018-11-16,1.375992
2018-11-19,1.372539
2018-11-20,1.372472
2018-11-21,1.372864
2018-11-22,1.372621
2018-11-23,1.374648
2018-11-26,1.373229
2018-11-27,1.37553
2018-11-28,1.37788
2018-11-29,1.370247
2018-11-30,1.371688
2018-12-03,1.367014
2018-12-04,1.362959
2018-12-05,1.366919
2018-12-06,1.370804
2018-12-07,1.370416
2018-12-10,1.371291
2018-12-11,1.37244
2018-12-12,1.372907
2018-12-13,1.370768
2018-12-14,1.376518
2018-12-17,1.374482
2018-12-18,1.370309
2018-12-19,1.369838
2018-12-20,1.369138
2018-12-21,1.370335
2018-12-24,1.372283
2018-12-27,1.372682
2018-12-28,1.365636
2018-12-31,1.361659
2019-01-02,1.364833
2019-01-03,1.365968
2019-01-04,1.361484
2019-01-07,1.357012
2019-01-08,1.359178
2019-01-09,1.356002
2019-01-10,1.351019
2019-01-11,1.351253
2019-01-14,1.353972
2019-01-15,1.354517
2019-01-16,1.355606
2019-01-17,1.355914
2019-01-18,1.356166
2019-01-21,1.360412
2019-01-22,1.36093
2019-01-23,1.35911
2019-01-24,1.36055
2019-01-25,1.356601
2019-01-28,1.353565
2019-01-29,1.352127
2019-01-30,1.351037
2019-01-31,1.345665
2019-02-01,1.348793
2019-02-04,1.353342
2019-02-05,1.352097
2019-02-06,1.353256
2019-02-07,1.356104
2019-02-08,1.355191
2019-02-11,1.358564
2019-02-12,1.357472
2019-02-13,1.356833
2019-02-14,1.358715
2019-02-15,1.358171
2019-02-18,1.355667
2019-02-19,1.356827
2019-02-20,1.351261
2019-02-21,1.352123
2019-02-22,1.353113
2019-02-25,1.349273
2019-02-26,1.349529
2019-02-27,1.347796
2019-02-28,1.348108
2019-03-01,1.352543
2019-03-04,1.354944
2019-03-05,1.355636
2019-03-06,1.357718
2019-03-07,1.358176
2019-03-08,1.359562
2019-03-11,1.359214
2019-03-12,1.356275
2019-03-13,1.355835
2019-03-14,1.356795
2019-03-15,1.354174
2019-03-18,1.35122
2019-03-19,1.350766
2019-03-20,1.350625
2019-03-21,1.348028
2019-03-22,1.350734
2019-03-25,1.349757
2019-03-26,1.350988
2019-03-27,1.355031
2019-03-28,1.357372
2019-03-29,1.354161
2019-04-01,1.353952
2019-04-02,1.355179
2019-04-03,1.352753
2019-04-04,1.353686
2019-04-05,1.354491
2019-04-08,1.355415
2019-04-09,1.352753
2019-04-10,1.35278
2019-04-11,1.354226
2019-04-12,1.353061
2019-04-15,1.352338
2019-04-16,1.35356
2019-04-17,1.352624
2019-04-18,1.355644
2019-04-23,1.356959
2019-04-24,1.359176
2019-04-25,1.365549
2019-04-26,1.363065
2019-04-29,1.362422
2019-04-30,1.360581
2019-05-02,1.360953
2019-05-03,1.363424
2019-05-06,1.363157
2019-05-07,1.362718
2019-05-08,1.361989
2019-05-09,1.363888
2019-05-10,1.362867
2019-05-13,1.368519
2019-05-14,1.368787
2019-05-15,1.369668
2019-05-16,1.369276
2019-05-17,1.375313
2019-05-20,1.376019
2019-05-21,1.378192
2019-05-22,1.37848
2019-05-23,1.381722
2019-05-24,1.376866
2019-05-27,1.37462
2019-05-28,1.37777
2019-05-29,1.381588
2019-05-30,1.379648
2019-05-31,1.379069
2019-06-03,1.370407
2019-06-04,1.369264
2019-06-05,1.36484
2019-06-06,1.363661
2019-06-07,1.366717
2019-06-10,1.367401
2019-06-11,1.364488
2019-06-12,1.364038
2019-06-13,1.366197
2019-06-14,1.367332
2019-06-17,1.370839
2019-06-18,1.371056
2019-06-19,1.36727
2019-06-20,1.356328
2019-06-21,1.357547
2019-06-24,1.354134
2019-06-25,1.353267
2019-06-26,1.354251
2019-06-27,1.353826
2019-06-28,1.352812
2019-07-01,1.353335
2019-07-02,1.355367
2019-07-03,1.356415
2019-07-04,1.356042
2019-07-05,1.357194
2019-07-08,1.359519
2019-07-09,1.361
2019-07-10,1.360963
2019-07-11,1.354719
2019-07-12,1.360348
2019-07-15,1.356198
2019-07-16,1.357391
2019-07-17,1.361837
2019-07-18,1.360646
2019-07-19,1.359255
2019-07-22,1.360678
2019-07-23,1.363824
2019-07-24,1.364093
2019-07-25,1.365632
2019-07-26,1.368468
2019-07-29,1.371526
2019-07-30,1.370181
2019-07-31,1.368577
2019-08-01,1.375193
2019-08-02,1.376733
2019-08-05,1.381953
2019-08-06,1.380263
2019-08-07,1.382789
2019-08-08,1.383275
2019-08-09,1.382479
2019-08-12,1.386457
2019-08-13,1.387988
2019-08-14,1.388094
2019-08-15,1.38861
2019-08-16,1.386421
2019-08-19,1.384851
2019-08-20,1.38597
2019-08-21,1.382745
2019-08-22,1.385997
2019-08-23,1.388161
2019-08-26,1.388269
2019-08-27,1.387878
2019-08-28,1.388884
2019-08-29,1.386741
2019-08-30,1.387459
2019-09-02,1.390682
2019-09-03,1.393161
2019-09-04,1.385914
2019-09-05,1.383162
2019-09-06,1.381065
2019-09-09,1.37977
2019-09-10,1.379257
2019-09-11,1.379624
2019-09-12,1.376539
2019-09-13,1.372206
2019-09-16,1.374127
2019-09-17,1.376292
2019-09-18,1.373564
2019-09-19,1.377338
2019-09-20,1.375884
2019-09-23,1.378243
2019-09-24,1.376443
2019-09-25,1.377982
2019-09-26,1.380874
2019-09-27,1.380887
2019-09-30,1.383047
2019-10-01,1.386309
2019-10-02,1.385538
2019-10-03,1.381426
2019-10-04,1.378905
2019-10-07,1.380424
2019-10-08,1.380666
2019-10-09,1.379929
2019-10-10,1.376881
2019-10-11,1.374355
2019-10-14,1.369142
2019-10-15,1.370764
2019-10-16,1.373061
2019-10-17,1.365158
2019-10-18,1.365219
2019-10-21,1.360691
2019-10-22,1.362444
2019-10-23,1.363032
2019-10-24,1.362509
2019-10-25,1.363104
2019-10-28,1.362316
2019-10-29,1.362866
2019-10-30,1.363317
2019-10-31,1.360409
2019-11-01,1.358201
2019-11-04,1.357412
2019-11-05,1.357278
2019-11-06,1.358431
2019-11-07,1.357317
2019-11-08,1.359616
2019-11-11,1.360837
2019-11-12,1.361235
2019-11-13,1.362893
2019-11-14,1.363008
2019-11-15,1.361338
2019-11-18,1.360365
2019-11-19,1.360477
2019-11-20,1.361696
2019-11-21,1.361284
2019-11-22,1.362995
2019-11-25,1.365371
2019-11-26,1.366334
2019-11-27,1.365065
2019-11-28,1.365925
2019-11-29,1.367419
2019-12-02,1.368502
2019-12-03,1.365459
2019-12-04,1.362964
2019-12-05,1.361367
2019-12-06,1.359654
2019-12-09,1.359819
2019-12-10,1.359754
2019-12-11,1.359819
2019-12-12,1.357367
2019-12-13,1.351888
2019-12-16,1.354387
2019-12-17,1.355671
2019-12-18,1.356275
2019-12-19,1.355941
2019-12-20,1.354961
2019-12-23,1.356027
2019-12-24,1.355325
2019-12-27,1.352372
2019-12-30,1.348467
2019-12-31,1.345113
2020-01-02,1.347628
2020-01-03,1.34987
2020-01-06,1.34983
2020-01-07,1.349893
2020-01-08,1.350787
2020-01-09,1.351755
2020-01-10,1.349653
2020-01-13,1.347205
2020-01-14,1.347818
2020-01-15,1.347245
2020-01-16,1.345241
2020-01-17,1.346777
2020-01-20,1.348038
2020-01-21,1.348988
2020-01-22,1.348665
2020-01-23,1.349833
2020-01-24,1.351155
2020-01-27,1.35737
2020-01-28,1.358383
2020-01-29,1.360876
2020-01-30,1.362771
2020-01-31,1.365545
2020-02-03,1.367974
2020-02-04,1.370293
2020-02-05,1.379116
2020-02-06,1.384441
2020-02-07,1.390738
2020-02-10,1.388823
2020-02-11,1.387671
2020-02-12,1.38556
2020-02-13,1.38916
2020-02-14,1.39181
2020-02-17,1.38874
2020-02-18,1.392197
2020-02-19,1.391944
2020-02-20,1.400463
2020-02-21,1.400889
2020-02-24,1.401738
2020-02-25,1.399077
2020-02-26,1.398069
2020-02-27,1.394929
2020-02-28,1.395372
2020-03-02,1.389049
2020-03-03,1.392372
2020-03-04,1.38427
2020-03-05,1.38509
2020-03-06,1.378793
2020-03-09,1.382769
2020-03-10,1.388674
2020-03-11,1.388585
2020-03-12,1.403826
2020-03-13,1.412464
2020-03-16,1.422246
2020-03-17,1.428793
2020-03-18,1.441376
2020-03-19,1.448292
2020-03-20,1.449052
2020-03-23,1.460169
2020-03-24,1.447201
2020-03-25,1.445553
2020-03-26,1.435115
2020-03-27,1.435911
2020-03-30,1.425775
2020-03-31,1.426889
2020-04-01,1.43462
2020-04-02,1.431964
2020-04-03,1.436161
2020-04-06,1.434529
2020-04-07,1.42407
2020-04-08,1.427376
2020-04-09,1.424404
2020-04-14,1.415762
2020-04-15,1.424654
2020-04-16,1.427168
2020-04-17,1.422376
2020-04-20,1.423112
2020-04-21,1.431208
2020-04-22,1.427073
2020-04-23,1.423227
2020-04-24,1.425556
2020-04-27,1.418264
2020-04-28,1.416475
2020-04-29,1.415237
2020-04-30,1.408974
2020-05-04,1.416103
2020-05-05,1.41649
2020-05-06,1.418988
2020-05-07,1.419178
2020-05-08,1.413446
2020-05-11,1.416759
2020-05-12,1.414349
2020-05-13,1.414253
2020-05-14,1.424574
2020-05-15,1.425912
2020-05-18,1.424114
2020-05-19,1.416712
2020-05-20,1.414765
2020-05-21,1.414636
2020-05-22,1.423423
2020-05-25,1.42484
2020-05-26,1.417768
2020-05-27,1.418251
2020-05-28,1.418028
2020-05-29,1.41092
2020-06-01,1.40959
2020-06-02,1.402184
2020-06-03,1.398606
2020-06-04,1.400711
2020-06-05,1.392321
2020-06-08,1.391227
2020-06-09,1.390827
2020-06-10,1.384264
2020-06-11,1.388615
2020-06-12,1.390481
2020-06-15,1.394473
2020-06-16,1.389547
2020-06-17,1.39334
2020-06-18,1.393869
2020-06-19,1.393666
2020-06-22,1.39472
2020-06-23,1.39097
2020-06-24,1.389007
2020-06-25,1.392857
2020-06-26,1.391956
2020-06-29,1.39206
2020-06-30,1.397392
2020-07-01,1.395536
2020-07-02,1.393408
2020-07-03,1.39469
2020-07-06,1.390993
2020-07-07,1.395128
2020-07-08,1.395091
2020-07-09,1.39076
2020-07-10,1.392604
2020-07-13,1.38962
2020-07-14,1.393055
2020-07-15,1.387976
2020-07-16,1.391975
2020-07-17,1.390182
2020-07-20,1.389675
2020-07-21,1.388709
2020-07-22,1.383227
2020-07-23,1.385859
2020-07-24,1.38551
2020-07-27,1.378912
2020-07-28,1.379875
2020-07-29,1.376716
2020-07-30,1.376224
2020-07-31,1.371117
2020-08-03,1.377025
2020-08-04,1.376541
2020-08-05,1.368989
2020-08-06,1.370936
2020-08-07,1.37116
2020-08-10,1.373629
2020-08-11,1.370958
2020-08-12,1.373375
2020-08-13,1.371672
2020-08-14,1.372132
2020-08-17,1.369864
2020-08-18,1.364858
2020-08-19,1.364116
2020-08-20,1.368776
2020-08-21,1.370635
2020-08-24,1.367688
2020-08-25,1.368715
2020-08-26,1.368225
2020-08-27,1.366085
2020-08-28,1.359211
2020-08-31,1.359715
2020-09-01,1.357637
2020-09-02,1.361858
2020-09-03,1.36553
2020-09-04,1.364465
2020-09-07,1.366712
2020-09-08,1.370301
2020-09-09,1.369065
2020-09-10,1.36712
2020-09-11,1.366627
2020-09-14,1.364685
2020-09-15,1.359149
2020-09-16,1.357317
2020-09-17,1.359583
2020-09-18,1.359081
2020-09-21,1.359718
2020-09-22,1.362692
2020-09-23,1.367516
2020-09-24,1.376471
2020-09-25,1.37717
2020-09-28,1.373436
2020-09-29,1.368826
2020-09-30,1.369576
2020-10-01,1.361811
2020-10-02,1.363001
2020-10-05,1.360214
2020-10-06,1.35922
2020-10-07,1.358963
2020-10-08,1.358181
2020-10-09,1.35532
2020-10-12,1.356979
2020-10-13,1.358022
2020-10-14,1.357191
2020-10-15,1.362199
2020-10-16,1.357806
2020-10-19,1.35681
2020-10-20,1.357832
2020-10-21,1.355636
2020-10-22,1.357161
2020-10-23,1.357034
2020-10-26,1.36179
2020-10-27,1.358857
2020-10-28,1.365567
2020-10-29,1.366029
2020-10-30,1.363652
2020-11-02,1.36483
2020-11-03,1.361391
2020-11-04,1.358758
2020-11-05,1.350822
2020-11-06,1.347852
2020-11-09,1.342254
2020-11-10,1.348747
2020-11-11,1.349482
2020-11-12,1.350267
2020-11-13,1.348625
2020-11-16,1.346915
2020-11-17,1.343377
2020-11-18,1.34117
2020-11-19,1.345842
2020-11-20,1.343168
2020-11-23,1.340644
2020-11-24,1.343531
2020-11-25,1.342725
2020-11-26,1.338655
2020-11-27,1.338282
2020-11-30,1.33798
2020-12-01,1.340909
2020-12-02,1.340627
2020-12-03,1.335528
2020-12-04,1.33284
2020-12-07,1.336741
2020-12-08,1.338039
2020-12-09,1.335701
2020-12-10,1.33735
2020-12-11,1.336934
2020-12-14,1.332182
2020-12-15,1.33402
2020-12-16,1.329313
2020-12-17,1.325086
2020-12-18,1.328167
2020-12-21,1.337879
2020-12-22,1.334014
2020-12-23,1.334457
2020-12-24,1.328221
2020-12-28,1.328832
2020-12-29,1.327514
2020-12-30,1.323752
2020-12-31,1.321653
2021-01-04,1.317339
2021-01-05,1.318556
2021-01-06,1.316745
2021-01-07,1.323965
2021-01-08,1.324735
2021-01-11,1.330264
2021-01-12,1.327687
2021-01-13,1.326566
2021-01-14,1.32712
2021-01-15,1.328467
2021-01-18,1.332725
2021-01-19,1.328223
2021-01-20,1.326667
2021-01-21,1.322668
2021-01-22,1.328261
2021-01-25,1.32686
2021-01-26,1.325784
2021-01-27,1.32805
2021-01-28,1.33314
2021-01-29,1.328362
2021-02-01,1.331678
2021-02-02,1.331866
2021-02-03,1.333195
2021-02-04,1.335862
2021-02-05,1.337979
2021-02-08,1.336133
2021-02-09,1.327991
2021-02-10,1.325967
2021-02-11,1.323784
2021-02-12,1.326891
2021-02-15,1.322945
2021-02-16,1.324714
2021-02-17,1.329022
2021-02-18,1.326382
2021-02-19,1.322926
2021-02-22,1.323498
2021-02-23,1.321584
2021-02-24,1.32134
2021-02-25,1.318609
2021-02-26,1.328768
2021-03-01,1.330955
2021-03-02,1.33156
2021-03-03,1.331424
2021-03-04,1.331561
2021-03-05,1.340928
2021-03-08,1.348053
2021-03-09,1.346141
2021-03-10,1.34704
2021-03-11,1.33946
2021-03-12,1.345261
2021-03-15,1.345638
2021-03-16,1.345715
2021-03-17,1.346771
2021-03-18,1.344275
2021-03-19,1.343033
2021-03-22,1.340936
2021-03-23,1.342674
2021-03-24,1.346047
2021-03-25,1.347145
2021-03-26,1.346546
2021-03-29,1.345893
2021-03-30,1.346989
2021-03-31,1.344819
2021-04-01,1.345224
2021-04-06,1.341009
2021-04-07,1.339364
2021-04-08,1.340521
2021-04-09,1.340932
2021-04-12,1.341062
2021-04-13,1.343393
2021-04-14,1.337178
2021-04-15,1.334503
2021-04-16,1.333222
2021-04-19,1.330619
2021-04-20,1.328437
2021-04-21,1.330141
2021-04-22,1.328325
2021-04-23,1.326869
2021-04-26,1.326189
2021-04-27,1.325612
2021-04-28,1.326429
2021-04-29,1.325418
2021-04-30,1.328009
2021-05-03,1.332116
2021-05-04,1.337077
2021-05-05,1.335693
2021-05-06,1.33466
2021-05-07,1.331868
2021-05-10,1.323856
2021-05-11,1.324979
2021-05-12,1.32885
2021-05-13,1.334327
2021-05-14,1.333086
2021-05-17,1.336573
2021-05-18,1.329161
2021-05-19,1.331887
2021-05-20,1.332541
2021-05-21,1.330653
2021-05-24,1.329512
2021-05-25,1.325424
2021-05-26,1.32382
2021-05-27,1.32366
2021-05-28,1.326141
2021-05-31,1.322023
2021-06-01,1.322618
2021-06-02,1.323568
2021-06-03,1.324444
2021-06-04,1.328217
2021-06-07,1.32322
2021-06-08,1.323264
2021-06-09,1.322919
2021-06-10,1.324873
2021-06-11,1.324536
2021-06-14,1.326783
2021-06-15,1.326644
2021-06-16,1.325718
2021-06-17,1.34037
2021-06-18,1.342915
2021-06-21,1.34463
2021-06-22,1.345973
2021-06-23,1.344155
2021-06-24,1.34375
2021-06-25,1.341841
2021-06-28,1.344584
2021-06-29,1.344633
2021-06-30,1.344329
2021-07-01,1.345422
2021-07-02,1.350672
2021-07-05,1.345019
2021-07-06,1.344822
2021-07-07,1.345956
2021-07-08,1.353269
2021-07-09,1.351746
2021-07-12,1.352261
2021-07-13,1.352077
2021-07-14,1.353708
2021-07-15,1.354475
2021-07-16,1.355109
2021-07-19,1.363675
2021-07-20,1.367813
2021-07-21,1.367992
2021-07-22,1.36051
2021-07-23,1.35948
2021-07-26,1.360143
2021-07-27,1.35978
2021-07-28,1.359956
2021-07-29,1.35366
2021-07-30,1.353124
2021-08-02,1.351927
2021-08-03,1.350947
2021-08-04,1.348959
2021-08-05,1.349873
2021-08-06,1.351063
2021-08-09,1.355582
2021-08-10,1.35813
2021-08-11,1.358935
2021-08-12,1.357271
2021-08-13,1.357161
2021-08-16,1.356354
2021-08-17,1.35914
2021-08-18,1.359891
2021-08-19,1.36303
2021-08-20,1.362951
2021-08-23,1.358935
2021-08-24,1.355877
2021-08-25,1.354891
2021-08-26,1.352936
2021-08-27,1.350906
2021-08-30,1.345733
2021-08-31,1.343333
2021-09-01,1.346873
2021-09-02,1.343998
2021-09-03,1.342739
2021-09-06,1.34238
2021-09-07,1.345363
2021-09-08,1.345142
2021-09-09,1.343217
2021-09-10,1.338316
2021-09-13,1.343039
2021-09-14,1.343321
2021-09-15,1.34134
2021-09-16,1.34362
2021-09-17,1.345586
2021-09-20,1.352489
2021-09-21,1.351678
2021-09-22,1.351778
2021-09-23,1.348528
2021-09-24,1.353784
2021-09-27,1.354078
2021-09-28,1.35691
2021-09-29,1.357645
2021-09-30,1.361085
2021-10-01,1.356293
2021-10-04,1.355878
2021-10-05,1.356921
2021-10-06,1.361289
2021-10-07,1.357637
2021-10-08,1.355433
2021-10-11,1.353465
2021-10-12,1.355604
2021-10-13,1.353226
2021-10-14,1.348216
2021-10-15,1.347785
2021-10-18,1.349448
2021-10-19,1.344144
2021-10-20,1.344661
2021-10-21,1.346739
2021-10-22,1.347291
2021-10-25,1.347324
2021-10-26,1.345929
2021-10-27,1.348455
2021-10-28,1.347624
2021-10-29,1.346157
2021-11-01,1.349456
2021-11-02,1.347669
2021-11-03,1.349715
2021-11-04,1.350765
2021-11-05,1.352635
2021-11-08,1.348217
2021-11-09,1.347586
2021-11-10,1.348417
2021-11-11,1.353927
2021-11-12,1.353424
2021-11-15,1.350664
2021-11-16,1.354064
2021-11-17,1.357724
2021-11-18,1.358131
2021-11-19,1.36137
2021-11-22,1.361678
2021-11-23,1.366107
2021-11-24,1.368017
2021-11-25,1.367727
2021-11-26,1.370118
2021-11-29,1.369369
2021-11-30,1.365924
2021-12-01,1.363885
2021-12-02,1.367052
2021-12-03,1.369764
2021-12-06,1.369363
2021-12-07,1.366382
2021-12-08,1.36428
2021-12-09,1.365573
2021-12-10,1.365741
2021-12-13,1.367264
2021-12-14,1.367849
2021-12-15,1.367874
2021-12-16,1.363356
2021-12-17,1.364431
2021-12-20,1.367427
2021-12-21,1.364675
2021-12-22,1.364658
2021-12-23,1.35977
2021-12-24,1.355748
2021-12-27,1.35732
2021-12-28,1.353367
2021-12-29,1.354419
2021-12-30,1.352567
2021-12-31,1.34902
2022-01-03,1.35033
2022-01-04,1.35739
2022-01-05,1.355243
2022-01-06,1.359965
2022-01-07,1.359179
2022-01-10,1.355717
2022-01-11,1.353387
2022-01-12,1.350748
2022-01-13,1.345808
2022-01-14,1.346903
2022-01-17,1.348242
2022-01-18,1.350312
2022-01-19,1.347995
2022-01-20,1.346005
2022-01-21,1.34473
2022-01-24,1.346072
2022-01-25,1.345137
2022-01-26,1.344507
2022-01-27,1.352061
2022-01-28,1.356527
2022-01-31,1.354428
2022-02-01,1.349822
2022-02-02,1.347169
2022-02-03,1.347865
2022-02-04,1.344993
2022-02-07,1.34437
2022-02-08,1.345459
2022-02-09,1.342282
2022-02-10,1.341463
2022-02-11,1.343523
2022-02-14,1.347384
2022-02-15,1.345527
2022-02-16,1.344618
2022-02-17,1.343712
2022-02-18,1.343579
2022-02-21,1.346357
2022-02-22,1.346147
2022-02-23,1.344587
2022-02-24,1.354923
2022-02-25,1.353067
2022-02-28,1.357353
2022-03-01,1.357284
2022-03-02,1.355934
2022-03-03,1.358072
2022-03-04,1.360783
2022-03-07,1.361267
2022-03-08,1.363937
2022-03-09,1.361412
2022-03-10,1.358535
2022-03-11,1.360237
2022-03-14,1.363777
2022-03-15,1.364116
2022-03-16,1.361288
2022-03-17,1.355533
2022-03-18,1.358285
2022-03-21,1.355318
2022-03-22,1.356767
2022-03-23,1.358125
2022-03-24,1.358353
2022-03-25,1.356026
2022-03-28,1.36066
2022-03-29,1.357781
2022-03-30,1.353946
2022-03-31,1.353752
2022-04-01,1.355863
2022-04-04,1.357383
2022-04-05,1.355365
2022-04-06,1.358967
2022-04-07,1.360205
2022-04-08,1.362766
2022-04-11,1.364587
2022-04-12,1.36295
2022-04-13,1.364216
2022-04-14,1.354293
2022-04-19,1.366565
2022-04-20,1.364635
2022-04-21,1.361257
2022-04-22,1.366738
2022-04-25,1.373255
2022-04-26,1.373993
2022-04-27,1.37976
2022-04-28,1.388269
2022-04-29,1.379981
2022-05-02,1.38588
2022-05-03,1.383573
2022-05-04,1.38249
2022-05-05,1.377839
2022-05-06,1.385241
2022-05-09,1.389904
2022-05-10,1.38971
2022-05-11,1.385578
2022-05-12,1.395945
2022-05-13,1.396245
2022-05-16,1.394262
2022-05-17,1.384024
2022-05-18,1.387247
2022-05-19,1.384893
2022-05-20,1.379219
2022-05-23,1.373393
2022-05-24,1.373321
2022-05-25,1.377252
2022-05-26,1.375058
2022-05-27,1.369054
2022-05-30,1.367428
2022-05-31,1.370951
2022-06-01,1.372293
2022-06-02,1.374953
2022-06-03,1.373812
2022-06-06,1.373485
2022-06-07,1.377321
2022-06-08,1.375268
2022-06-09,1.375686
2022-06-10,1.382114
2022-06-13,1.390531
2022-06-14,1.391217
2022-06-15,1.391909
2022-06-16,1.389519
2022-06-17,1.387278
2022-06-20,1.387183
2022-06-21,1.385024
2022-06-22,1.389127
2022-06-23,1.390355
2022-06-24,1.389206
2022-06-27,1.384885
2022-06-28,1.386706
2022-06-29,1.388894
2022-06-30,1.394339
2022-07-01,1.397122
2022-07-04,1.395218
2022-07-05,1.404762
2022-07-06,1.405621
2022-07-07,1.400295
2022-07-08,1.39998
2022-07-11,1.40404
2022-07-12,1.406791
2022-07-13,1.403993
2022-07-14,1.405797
2022-07-15,1.403022
2022-07-18,1.396999
2022-07-19,1.392777
2022-07-20,1.392686
2022-07-21,1.394058
2022-07-22,1.388714
2022-07-25,1.384916
2022-07-26,1.389372
2022-07-27,1.387707
2022-07-28,1.384015
2022-07-29,1.381447
2022-08-01,1.376625
2022-08-02,1.379401
2022-08-03,1.380126
2022-08-04,1.378745
2022-08-05,1.375647
2022-08-08,1.37837
2022-08-09,1.378738
2022-08-10,1.376024
2022-08-11,1.368833
2022-08-12,1.371512
2022-08-15,1.376753
2022-08-16,1.379923
2022-08-17,1.382428
2022-08-18,1.380723
2022-08-19,1.390392
2022-08-22,1.39566
2022-08-23,1.396192
2022-08-24,1.394906
2022-08-25,1.38987
2022-08-26,1.389627
2022-08-29,1.396956
2022-08-30,1.394957
2022-08-31,1.3969
2022-09-01,1.39964
2022-09-02,1.402282
2022-09-05,1.404435
2022-09-06,1.404815
2022-09-07,1.409307
2022-09-08,1.404136
2022-09-09,1.399443
2022-09-12,1.395175
2022-09-13,1.394201
2022-09-14,1.405305
2022-09-15,1.407326
2022-09-16,1.408981
2022-09-19,1.40961
2022-09-20,1.409373
2022-09-21,1.413891
2022-09-22,1.416228
2022-09-23,1.424749
2022-09-26,1.434999
2022-09-27,1.434882
2022-09-28,1.447569
2022-09-29,1.438389
2022-09-30,1.436295
2022-10-03,1.435375
2022-10-04,1.430391
2022-10-05,1.424508
2022-10-06,1.425659
2022-10-07,1.428601
2022-10-10,1.437455
2022-10-11,1.436491
2022-10-12,1.436328
2022-10-13,1.432283
2022-10-14,1.425543
2022-10-17,1.426841
2022-10-18,1.419725
2022-10-19,1.424729
2022-10-20,1.422791
2022-10-21,1.430319
2022-10-24,1.421988
2022-10-25,1.424805
2022-10-26,1.407164
2022-10-27,1.410182
2022-10-28,1.412421
2022-10-31,1.415977
2022-11-01,1.409169
2022-11-02,1.411284
2022-11-03,1.422947
2022-11-04,1.407111
2022-11-07,1.403182
2022-11-08,1.402761
2022-11-09,1.400638
2022-11-10,1.402753
2022-11-11,1.377474
2022-11-14,1.373873
2022-11-15,1.368512
2022-11-16,1.368613
2022-11-17,1.378137
2022-11-18,1.372661
2022-11-21,1.382198
2022-11-22,1.378918
2022-11-23,1.384504
2022-11-24,1.375108
2022-11-25,1.376096
2022-11-28,1.373889
2022-11-29,1.373432
2022-11-30,1.366615
2022-12-01,1.357853
2022-12-02,1.350066
2022-12-05,1.347974
2022-12-06,1.356314
2022-12-07,1.356824
2022-12-08,1.355262
2022-12-09,1.350507
2022-12-12,1.352395
2022-12-13,1.354955
2022-12-14,1.34745
2022-12-15,1.356369
2022-12-16,1.357284
2022-12-19,1.356671
2022-12-20,1.353618
2022-12-21,1.350696
2022-12-22,1.350136
2022-12-23,1.349746
2022-12-27,1.346009
2022-12-28,1.346147
2022-12-29,1.348483
2022-12-30,1.340709
2023-01-02,1.340822
2023-01-03,1.345472
2023-01-04,1.340881
2023-01-05,1.340723
2023-01-06,1.34819
2023-01-09,1.331713
2023-01-10,1.332649
2023-01-11,1.332093
2023-01-12,1.328351
2023-01-13,1.323377
2023-01-16,1.321495
2023-01-17,1.322789
2023-01-18,1.317465
2023-01-19,1.324642
2023-01-20,1.32191
2023-01-23,1.318002
2023-01-24,1.320409
2023-01-25,1.315223
2023-01-26,1.311794
2023-01-27,1.314036
2023-01-30,1.312483
2023-01-31,1.317087
2023-02-01,1.312925
2023-02-02,1.306152
2023-02-03,1.310323
2023-02-06,1.323868
2023-02-07,1.327009
2023-02-08,1.324639
2023-02-09,1.32179
2023-02-10,1.328251
2023-02-13,1.331555
2023-02-14,1.326331
2023-02-15,1.335047
2023-02-16,1.335234
2023-02-17,1.339388
2023-02-20,1.335863
2023-02-21,1.338335
2023-02-22,1.33897
2023-02-23,1.342219
2023-02-24,1.347114
2023-02-27,1.34982
2023-02-28,1.347961
2023-03-01,1.339948
2023-03-02,1.349081
2023-03-03,1.346773
2023-03-06,1.345482
2023-03-07,1.346179
2023-03-08,1.353153
2023-03-09,1.352947
2023-03-10,1.355469
2023-03-13,1.348776
2023-03-14,1.343765
2023-03-15,1.350365
2023-03-16,1.347428
2023-03-17,1.342559
2023-03-20,1.339367
2023-03-21,1.335561
2023-03-22,1.334353
2023-03-23,1.326776
2023-03-24,1.333644
2023-03-27,1.332127
2023-03-28,1.327737
2023-03-29,1.329861
2023-03-30,1.328771
2023-03-31,1.330023
2023-04-03,1.330635
2023-04-04,1.327126
2023-04-05,1.326508
2023-04-06,1.329088
2023-04-11,1.33205
2023-04-12,1.331075
2023-04-13,1.324739
2023-04-14,1.326309
2023-04-17,1.330935
2023-04-18,1.331936
2023-04-19,1.336779
2023-04-20,1.333973
2023-04-21,1.334578
2023-04-24,1.334666
2023-04-25,1.336872
2023-04-26,1.335719
2023-04-27,1.335718
2023-04-28,1.336764
2023-05-02,1.335705
2023-05-03,1.331522
2023-05-04,1.326982
2023-05-05,1.325586
2023-05-08,1.324635
2023-05-09,1.327128
2023-05-10,1.327945
2023-05-11,1.327539
2023-05-12,1.334374
2023-05-15,1.337624
2023-05-16,1.336734
2023-05-17,1.342876
2023-05-18,1.345048
2023-05-19,1.345115
2023-05-22,1.344853
2023-05-23,1.347713
2023-05-24,1.346871
2023-05-25,1.352119
2023-05-26,1.350572
2023-05-29,1.35315
2023-05-30,1.34959
2023-05-31,1.354208
2023-06-01,1.352342
2023-06-02,1.344792
2023-06-05,1.351824
2023-06-06,1.348966
2023-06-07,1.346646
2023-06-08,1.346745
2023-06-09,1.343228
2023-06-12,1.342963
2023-06-13,1.340406
2023-06-14,1.341382
2023-06-15,1.344209
2023-06-16,1.335674
2023-06-19,1.340963
2023-06-20,1.343456
2023-06-21,1.34377
2023-06-22,1.341921
2023-06-23,1.352995
2023-06-26,1.352354
2023-06-27,1.348461
2023-06-28,1.35299
2023-06-29,1.352167
2023-06-30,1.355789
2023-07-03,1.352051
2023-07-04,1.348692
2023-07-05,1.352514
2023-07-06,1.349849
2023-07-07,1.351672
2023-07-10,1.348394
2023-07-11,1.342069
2023-07-12,1.338323
2023-07-13,1.324987
2023-07-14,1.320738
2023-07-17,1.321371
2023-07-18,1.320835
2023-07-19,1.325521
2023-07-20,1.322408
2023-07-21,1.329857
2023-07-24,1.330389
2023-07-25,1.328115
2023-07-26,1.327606
2023-07-27,1.323775
2023-07-28,1.330881
2023-07-31,1.329946
2023-08-01,1.33464
2023-08-02,1.337551
2023-08-03,1.342664
2023-08-04,1.343048
2023-08-07,1.341042
2023-08-08,1.349232
2023-08-09,1.345824
2023-08-10,1.345494
2023-08-11,1.349509
2023-08-14,1.355261
2023-08-15,1.357221
2023-08-16,1.357823
2023-08-17,1.357156
2023-08-18,1.357412
2023-08-21,1.355977
2023-08-22,1.355194
2023-08-23,1.358353
2023-08-24,1.354336
2023-08-25,1.354645
2023-08-28,1.35631
2023-08-29,1.356012
2023-08-30,1.352471
2023-08-31,1.351307
2023-09-01,1.350055
2023-09-04,1.353764
2023-09-05,1.361849
2023-09-06,1.361005
2023-09-07,1.364426
2023-09-08,1.364443
2023-09-11,1.360873
2023-09-12,1.36255
2023-09-13,1.361688
2023-09-14,1.360764
2023-09-15,1.362732
2023-09-18,1.364625
2023-09-19,1.362457
2023-09-20,1.362456
2023-09-21,1.36897
2023-09-22,1.36461
2023-09-25,1.365936
2023-09-26,1.36728
2023-09-27,1.371393
2023-09-28,1.369295
2023-09-29,1.363319
2023-10-02,1.372175
2023-10-03,1.374821
2023-10-04,1.372011
2023-10-05,1.370036
2023-10-06,1.366657
2023-10-09,1.369196
2023-10-10,1.366471
2023-10-11,1.362788
2023-10-12,1.362652
2023-10-13,1.368776
2023-10-16,1.369045
2023-10-17,1.369193
2023-10-18,1.369333
2023-10-19,1.373271
2023-10-20,1.371542
2023-10-23,1.372181
2023-10-24,1.366817
2023-10-25,1.369516
2023-10-26,1.371347
2023-10-27,1.371312
2023-10-30,1.365677
2023-10-31,1.367831
2023-11-01,1.370694
2023-11-02,1.362161
2023-11-03,1.356382
2023-11-06,1.350061
2023-11-07,1.355325
2023-11-08,1.357042
2023-11-09,1.358432
2023-11-10,1.359637
2023-11-13,1.360825
2023-11-14,1.360686
2023-11-15,1.347534
2023-11-16,1.34888
2023-11-17,1.343819
2023-11-20,1.339769
2023-11-21,1.336194
2023-11-22,1.340115
2023-11-23,1.341101
2023-11-24,1.341151
2023-11-27,1.336956
2023-11-28,1.336195
2023-11-29,1.331725
2023-11-30,1.335834
2023-12-01,1.338023
2023-12-04,1.335572
2023-12-05,1.339281
2023-12-06,1.34088
2023-12-07,1.340266
2023-12-08,1.338591
2023-12-11,1.343683
2023-12-12,1.340152
2023-12-13,1.343284
2023-12-14,1.330433
2023-12-15,1.330166
2023-12-18,1.331654
2023-12-19,1.33087
2023-12-20,1.330592
2023-12-21,1.329145
2023-12-22,1.323868
2023-12-27,1.322006
2023-12-28,1.317527
2023-12-29,1.320452
2024-01-02,1.326488
2024-01-03,1.328235
2024-01-04,1.328038
2024-01-05,1.331105
2024-01-08,1.33108
2024-01-09,1.330622
2024-01-10,1.331354
2024-01-11,1.328843
2024-01-12,1.332755
2024-01-15,1.334034
2024-01-16,1.340654
2024-01-17,1.343661
2024-01-18,1.344276
2024-01-19,1.340957
2024-01-22,1.34123
2024-01-23,1.339956
2024-01-24,1.33746
2024-01-25,1.339484
2024-01-26,1.340263
2024-01-29,1.341218
2024-01-30,1.340033
2024-01-31,1.339577
2024-02-01,1.340762
2024-02-02,1.335385
2024-02-05,1.34692
2024-02-06,1.344876
2024-02-07,1.342984
2024-02-08,1.346812
2024-02-09,1.346361
2024-02-12,1.344472
2024-02-13,1.34439
2024-02-14,1.348922
2024-02-15,1.34711
2024-02-16,1.346582
2024-02-19,1.345861
2024-02-20,1.344658
2024-02-21,1.343695
2024-02-22,1.34194
2024-02-23,1.343271
2024-02-26,1.343715
2024-02-27,1.343405
2024-02-28,1.346595
2024-02-29,1.345834
2024-03-01,1.346805
2024-03-04,1.343352
2024-03-05,1.343718
2024-03-06,1.340629
2024-03-07,1.335383
2024-03-08,1.331687
2024-03-11,1.330313
2024-03-12,1.332539
2024-03-13,1.332937
2024-03-14,1.333364
2024-03-15,1.336945
2024-03-18,1.338138
2024-03-19,1.341902
2024-03-20,1.34443
2024-03-21,1.340332
2024-03-22,1.348332
2024-03-25,1.344993
2024-03-26,1.344542
2024-03-27,1.348558
2024-03-28,1.349274
2024-04-02,1.352219
2024-04-03,1.351294
2024-04-04,1.347954
2024-04-05,1.347477
2024-04-08,1.349626
2024-04-09,1.345634
2024-04-10,1.344843
2024-04-11,1.353155
2024-04-12,1.359181
2024-04-15,1.360548
2024-04-16,1.364012
2024-04-17,1.362568
2024-04-18,1.359678
2024-04-19,1.362058
2024-04-22,1.362867
2024-04-23,1.36247
2024-04-24,1.361314
2024-04-25,1.360168
2024-04-26,1.36149
2024-04-29,1.359888
2024-04-30,1.361541
2024-05-02,1.358946
2024-05-03,1.352104
2024-05-06,1.350037
2024-05-07,1.353335
2024-05-08,1.356418
2024-05-09,1.356504
2024-05-10,1.353743
2024-05-13,1.352941
2024-05-14,1.353186
2024-05-15,1.348689
2024-05-16,1.345205
2024-05-17,1.347197
2024-05-20,1.346837
2024-05-21,1.346834
2024-05-22,1.349584
2024-05-23,1.348535
2024-05-24,1.350461
2024-05-27,1.349534
2024-05-28,1.347087
2024-05-29,1.349544
2024-05-30,1.351086
2024-05-31,1.35118
2024-06-03,1.35012
2024-06-04,1.347446
2024-06-05,1.348142
2024-06-06,1.348182
2024-06-07,1.344559
2024-06-10,1.352547
2024-06-11,1.352936
2024-06-12,1.351881
2024-06-13,1.34987
2024-06-14,1.353547
2024-06-17,1.353342
2024-06-18,1.354176
2024-06-19,1.35073
2024-06-20,1.353111
2024-06-21,1.353668
2024-06-24,1.353215
2024-06-25,1.353276
2024-06-26,1.357751
2024-06-27,1.357423
2024-06-28,1.355722
2024-07-01,1.3557
2024-07-02,1.357908
2024-07-03,1.356479
2024-07-04,1.351296
2024-07-05,1.349963
2024-07-08,1.349146
2024-07-09,1.350842
2024-07-10,1.349192
2024-07-11,1.34749
2024-07-12,1.342792
2024-07-15,1.342257
2024-07-16,1.343515
2024-07-17,1.340772
2024-07-18,1.340805
2024-07-19,1.344812
2024-07-22,1.345334
2024-07-23,1.345764
2024-07-24,1.34375
2024-07-25,1.342365
2024-07-26,1.343831
2024-07-29,1.34418
2024-07-30,1.344605
2024-07-31,1.33829
2024-08-01,1.338122
2024-08-02,1.331241
2024-08-05,1.319989
2024-08-06,1.327073
2024-08-07,1.327504
2024-08-08,1.324245
2024-08-09,1.323899
2024-08-12,1.324851
2024-08-13,1.322294
2024-08-14,1.315364
2024-08-15,1.317319
2024-08-16,1.318628
2024-08-19,1.310026
2024-08-20,1.30756
2024-08-21,1.307035
2024-08-22,1.308307
2024-08-23,1.308426
2024-08-26,1.303055
2024-08-27,1.303709
2024-08-28,1.303679
2024-08-29,1.301587
2024-08-30,1.302516
2024-09-02,1.307658
2024-09-03,1.309742
2024-09-04,1.306787
2024-09-05,1.301613
2024-09-06,1.299469
2024-09-09,1.306529
2024-09-10,1.30514
2024-09-11,1.302635
2024-09-12,1.305374
2024-09-13,1.299883
2024-09-16,1.294895
2024-09-17,1.293384
2024-09-18,1.294049
2024-09-19,1.29213
2024-09-20,1.291958
2024-09-23,1.291213
2024-09-24,1.288152
2024-09-25,1.284438
2024-09-26,1.284446
2024-09-27,1.28204
2024-09-30,1.280993
2024-10-01,1.287029
2024-10-02,1.288592
2024-10-03,1.296766
2024-10-04,1.297851
2024-10-07,1.302495
2024-10-08,1.302768
2024-10-09,1.304554
2024-10-10,1.308086
2024-10-11,1.305815
2024-10-14,1.308016
2024-10-15,1.308906
2024-10-16,1.308984
2024-10-17,1.312442
2024-10-18,1.312344
2024-10-21,1.312632
2024-10-22,1.315128
2024-10-23,1.322281
2024-10-24,1.31923
2024-10-25,1.320092
2024-10-28,1.322056
2024-10-29,1.326063
2024-10-30,1.324919
2024-10-31,1.321173
2024-11-01,1.322186
2024-11-04,1.316581
2024-11-05,1.316968
2024-11-06,1.335297
2024-11-07,1.322021
2024-11-08,1.322967
2024-11-11,1.332926
2024-11-12,1.337854
2024-11-13,1.337285
2024-11-14,1.34577
2024-11-15,1.340546
2024-11-18,1.34439
2024-11-19,1.338911
2024-11-20,1.341886
2024-11-21,1.34372
2024-11-22,1.347868
2024-11-25,1.346165
2024-11-26,1.345086
2024-11-27,1.343367
2024-11-28,1.343673
2024-11-29,1.340561
2024-12-02,1.345579
2024-12-03,1.345129
2024-12-04,1.347217
2024-12-05,1.340892
2024-12-06,1.339571
2024-12-09,1.33961
2024-12-10,1.341123
2024-12-11,1.343295
2024-12-12,1.344772
2024-12-13,1.347214
2024-12-16,1.350067
2024-12-17,1.350957
2024-12-18,1.350705
2024-12-19,1.359404
2024-12-20,1.357074
2024-12-23,1.356971
2024-12-24,1.359211
2024-12-27,1.358313
2024-12-30,1.356377
2024-12-31,1.363365
2025-01-02,1.365275
2025-01-03,1.370327
2025-01-06,1.35891
2025-01-07,1.361493
2025-01-08,1.370406
2025-01-09,1.368462
2025-01-10,1.367624
2025-01-13,1.373799
2025-01-14,1.370034
2025-01-15,1.367864
2025-01-16,1.368867
2025-01-17,1.367547
2025-01-20,1.364579
2025-01-21,1.359274
2025-01-22,1.352676
2025-01-23,1.356594
2025-01-24,1.349217
2025-01-27,1.34226
2025-01-28,1.35179
2025-01-29,1.351578
2025-01-30,1.35038
2025-01-31,1.355816
2025-02-03,1.364999
2025-02-04,1.356072
2025-02-05,1.348398
2025-02-06,1.353958
2025-02-07,1.351161
2025-02-10,1.353876
2025-02-11,1.355579
2025-02-12,1.353038
2025-02-13,1.350626
2025-02-14,1.341096
2025-02-17,1.341545
2025-02-18,1.343544
2025-02-19,1.342534
2025-02-20,1.337355
2025-02-21,1.337219
2025-02-24,1.337856
2025-02-25,1.338192
2025-02-26,1.338324
2025-02-27,1.340937
2025-02-28,1.348285
2025-03-03,1.347922
2025-03-04,1.340438
2025-03-05,1.337292
2025-03-06,1.332623
2025-03-07,1.330754
2025-03-10,1.33112
2025-03-11,1.33202
2025-03-12,1.334466
2025-03-13,1.337396
2025-03-14,1.334925
2025-03-17,1.331927
2025-03-18,1.332112
2025-03-19,1.333027
2025-03-20,1.336287
2025-03-21,1.334811
2025-03-24,1.337768
2025-03-25,1.335704
2025-03-26,1.338432
2025-03-27,1.339824
2025-03-28,1.341206
2025-03-31,1.342487
2025-04-01,1.343344
2025-04-02,1.34296
2025-04-03,1.334054
2025-04-04,1.33888
2025-04-07,1.346494
2025-04-08,1.348493
2025-04-09,1.347488
2025-04-10,1.336401
2025-04-11,1.321347
2025-04-14,1.315901
2025-04-15,1.317114
2025-04-16,1.314487
2025-04-17,1.31206
2025-04-22,1.308034
2025-04-23,1.310644
2025-04-24,1.311885
2025-04-25,1.314608
2025-04-28,1.313876
2025-04-29,1.309593
2025-04-30,1.306515
2025-05-02,1.295424
2025-05-05,1.288812
2025-05-06,1.289183
2025-05-07,1.291373
2025-05-08,1.296362
2025-05-09,1.297547
2025-05-12,1.306231
2025-05-13,1.304986
2025-05-14,1.298645
2025-05-15,1.298882
2025-05-16,1.298821
2025-05-19,1.294353
2025-05-20,1.29597
2025-05-21,1.289904
2025-05-22,1.291096
2025-05-23,1.287939
2025-05-26,1.283718
2025-05-27,1.287689
2025-05-28,1.288946
2025-05-29,1.289513
2025-05-30,1.290502
2025-06-02,1.286102
2025-06-03,1.288776
2025-06-04,1.289353
2025-06-05,1.284776
2025-06-06,1.286741
2025-06-09,1.28624
2025-06-10,1.285764
2025-06-11,1.286976
2025-06-12,1.278937
2025-06-13,1.283617
2025-06-16,1.280111
2025-06-17,1.280861
2025-06-18,1.284932
2025-06-19,1.288291
2025-06-20,1.28502
2025-06-23,1.292626
2025-06-24,1.279831
2025-06-25,1.280652
2025-06-26,1.275588
2025-06-27,1.275889
2025-06-30,1.274829
2025-07-01,1.270872
2025-07-02,1.274521
2025-07-03,1.273383
2025-07-04,1.274072
2025-07-07,1.27882
2025-07-08,1.279314
2025-07-09,1.28133
2025-07-10,1.280126
2025-07-11,1.280579
2025-07-14,1.280838
2025-07-15,1.28204
2025-07-16,1.285123
2025-07-17,1.287158
2025-07-18,1.282661
2025-07-21,1.280963
2025-07-22,1.281392
2025-07-23,1.277247
2025-07-24,1.27688
2025-07-25,1.281133
2025-07-28,1.28428
2025-07-29,1.28865
2025-07-30,1.289581
2025-07-31,1.29696
2025-08-01,1.298755
2025-08-04,1.287419
2025-08-05,1.288325
2025-08-06,1.286453
2025-08-07,1.284205
2025-08-08,1.285113
2025-08-11,1.28644
2025-08-12,1.28649
2025-08-13,1.279993
2025-08-14,1.281009
2025-08-15,1.282341
2025-08-18,1.282618
2025-08-19,1.283085
2025-08-20,1.285212
2025-08-21,1.28731
2025-08-22,1.288422
2025-08-25,1.28315
2025-08-26,1.284918
2025-08-27,1.288967
2025-08-28,1.282974
2025-08-29,1.285555
2025-09-01,1.283824
2025-09-02,1.288511
2025-09-03,1.288509
2025-09-04,1.289001
2025-09-05,1.286227
2025-09-08,1.284277
2025-09-09,1.28142
2025-09-10,1.282737
2025-09-11,1.284981
2025-09-12,1.283666
2025-09-15,1.280724
2025-09-16,1.277971
2025-09-17,1.27659
2025-09-18,1.279827
2025-09-19,1.28502
2025-09-22,1.282828
2025-09-23,1.283558
2025-09-24,1.286832
2025-09-25,1.289037
2025-09-26,1.293523
2025-09-29,1.290455
2025-09-30,1.289924
2025-10-01,1.28915
2025-10-02,1.286966
2025-10-03,1.28933
2025-10-06,1.293372
2025-10-07,1.293074
2025-10-08,1.295433
2025-10-09,1.296012
2025-10-10,1.297545
2025-10-13,1.298729
2025-10-14,1.301567
2025-10-15,1.296421
2025-10-16,1.296163
2025-10-17,1.294838
2025-10-20,1.294552
2025-10-21,1.297579
2025-10-22,1.299042
2025-10-23,1.299577
2025-10-24,1.299432
2025-10-27,1.29622
2025-10-28,1.296217
2025-10-29,1.294431
2025-10-30,1.302771
2025-10-31,1.301627
2025-11-03,1.303891
2025-11-04,1.306414
2025-11-05,1.306822
2025-11-06,1.304171
2025-11-07,1.30205
2025-11-10,1.30274
2025-11-11,1.301685
2025-11-12,1.302782
2025-11-13,1.30037
2025-11-14,1.29885
2025-11-17,1.302424
2025-11-18,1.302243
2025-11-19,1.30398
2025-11-20,1.307539
2025-11-21,1.307726
2025-11-24,1.301629
2025-11-25,1.301879
2025-11-26,1.298177
2025-11-27,1.298032
2025-11-28,1.297596
2025-12-01,1.293577
2025-12-02,1.297744
2025-12-03,1.294224
2025-12-04,1.295645
2025-12-05,1.29532
2025-12-08,1.296182
2025-12-09,1.296812
2025-12-10,1.296115
2025-12-11,1.293068
2025-12-12,1.29162
2025-12-15,1.288862
2025-12-16,1.288723
2025-12-17,1.291759
2025-12-18,1.29098
2025-12-19,1.292947
2025-12-22,1.289911
2025-12-23,1.285678
2025-12-24,1.284042
2025-12-29,1.285229
2025-12-30,1.283916
2025-12-31,1.285532
2026-01-02,1.286324
2026-01-05,1.287551
2026-01-06,1.279918
2026-01-07,1.28141
2026-01-08,1.284368
2026-01-09,1.287064
2026-01-12,1.284554
2026-01-13,1.287627
2026-01-14,1.288044
2026-01-15,1.287767
2026-01-16,1.28794
2026-01-19,1.285014
2026-01-20,1.282827
2026-01-21,1.281625
2026-01-22,1.283615
2026-01-23,1.278828
2026-01-26,1.271038
2026-01-27,1.265487
2026-01-28,1.261734
2026-01-29,1.264037
2026-01-30,1.267808
2026-02-02,1.271537
2026-02-03,1.27057
2026-02-04,1.27132
2026-02-05,1.273182
2026-02-06,1.27319
2026-02-09,1.267626
2026-02-10,1.266269
2026-02-11,1.262773
2026-02-12,1.261917
2026-02-13,1.263868
2026-02-16,1.262084
2026-02-17,1.263825
2026-02-18,1.263909
2026-02-19,1.269123
2026-02-20,1.268888
2026-02-23,1.266378
2026-02-24,1.267301
2026-02-25,1.264936
2026-02-26,1.263078
2026-02-27,1.265735
2026-03-02,1.273722
2026-03-03,1.278046
2026-03-04,1.274272
2026-03-05,1.277242
2026-03-06,1.281031
2026-03-09,1.280138
2026-03-10,1.272227
2026-03-11,1.274242
2026-03-12,1.27531
2026-03-13,1.279627
2026-03-16,1.27862
2026-03-17,1.276819
2026-03-18,1.281217
2026-03-19,1.283314
2026-03-20,1.280225
2026-03-23,1.275526
2026-03-24,1.280591
2026-03-25,1.279244
2026-03-26,1.284427
2026-03-27,1.287749
2026-03-30,1.289794
2026-03-31,1.288137
2026-04-01,1.281775
2026-04-02,1.287115
2026-04-07,1.284676
2026-04-08,1.272852
2026-04-09,1.274369
2026-04-10,1.27393
2026-04-13,1.276275
2026-04-14,1.271347
2026-04-15,1.272581
2026-04-16,1.271855
2026-04-17,1.272273
2026-04-20,1.271429
2026-04-21,1.271437
2026-04-22,1.273758
2026-04-23,1.275782
2026-04-24,1.276383
2026-04-27,1.272789
2026-04-28,1.278253
2026-04-29,1.277294
2026-04-30,1.276192
2026-05-04,1.275812
2026-05-05,1.277169
2026-05-06,1.268237
2026-05-07,1.26576
2026-05-08,1.267834
2026-05-11,1.269698
2026-05-12,1.272534
2026-05-13,1.272215
2026-05-14,1.273372
2026-05-15,1.280014
2026-05-18,1.27876
2026-05-19,1.281153
2026-05-20,1.280345
2026-05-21,1.28011
2026-05-22,1.280379
2026-05-25,1.27742
2026-05-26,1.277806
2026-05-27,1.277735
2026-05-28,1.27959
2026-05-29,1.277053
2026-06-01,1.277778
2026-06-02,1.278393
2026-06-03,1.282073
2026-06-04,1.28256
2026-06-05,1.283419
2026-06-08,1.287262
2026-06-09,1.285146
2026-06-10,1.288327
2026-06-11,1.28777
2026-06-12,1.28417
2026-06-15,1.282157
2026-06-16,1.282215
2026-06-17,1.28341
2026-06-18,1.2909
2026-06-19,1.291009
2026-06-22,1.292772
2026-06-23,1.295909
2026-06-24,1.298236
2026-06-25,1.297743
2026-06-26,1.294185
2026-06-29,1.29353
2026-06-30,1.294892
2026-07-01,1.296846
2026-07-02,1.2945
2026-07-03,1.290531
2026-07-06,1.293474
2026-07-07,1.29135
2026-07-08,1.29402
2026-07-09,1.292873
2026-07-10,1.291076
2026-07-13,1.292454
2026-07-14,1.292679
2026-07-15,1.292215
2026-07-16,1.28909
2026-07-17,1.291211
2026-07-20,1.290828
2026-07-21,1.290419
2026-07-22,1.291199
2026-07-23,1.291345
2026-07-24,1.290938
2026-07-27,1.290368
2026-07-28,1.293393
2026-07-29,1.292619
2026-07-30,1.28747
2026-07-31,1.284893
2026-08-03,1.281578
2026-08-04,1.282414
2026-08-05,1.281461
2026-08-06,1.2821
2026-08-07,1.280884
2026-08-10,1.279533
2026-08-11,1.280156
2026-08-12,1.278995
2026-08-13,1.280128
2026-08-14,1.278119
2026-08-17,1.276374
2026-08-18,1.27773
2026-08-19,1.276174
2026-08-20,1.272151
2026-08-21,1.268314
2026-08-24,1.27049
2026-08-25,1.27028
2026-08-26,1.269775
2026-08-27,1.271275
2026-08-28,1.271322
2026-08-31,1.27268
2026-09-01,1.273425
2026-09-02,1.273191
2026-09-03,1.267757
2026-09-04,1.266908
2026-09-07,1.266219
2026-09-08,1.2658
2026-09-09,1.263388
2026-09-10,1.266443
2026-09-11,1.267857
2026-09-14,1.270539
2026-09-15,1.272467
2026-09-16,1.273295
2026-09-17,1.275324
2026-09-18,1.278447
2026-09-21,1.274761
2026-09-22,1.27471
2026-09-23,1.278328
2026-09-24,1.279933
2026-09-25,1.27712
2026-09-28,1.277729
2026-09-29,1.277323
2026-09-30,1.277235
2026-10-01,1.279873
2026-10-02,1.279822
2026-10-05,1.280257
2026-10-06,1.277132
