date,value
1980-01-03,0.135571
1980-01-04,0.134951
1980-01-07,0.137788
1980-01-08,0.134469
1980-01-09,0.125849
1980-01-10,0.121297
1980-01-11,0.109027
1980-01-14,0.099288
1980-01-15,0.102738
1980-01-16,0.102027
1980-01-17,0.127593
1980-01-18,0.122811
1980-01-21,0.121668
1980-01-22,0.111445
1980-01-23,0.103184
1980-01-24,0.103375
1980-01-25,0.102607
1980-01-28,0.095334
1980-01-29,0.083169
1980-01-30,0.07229
1980-01-31,0.057914
1980-02-01,0.049465
1980-02-04,0.036902
1980-02-05,0.031079
1980-02-06,0.03503
1980-02-07,0.031529
1980-02-08,0.028653
1980-02-11,0.030754
1980-02-12,0.0252
1980-02-13,0.026581
1980-02-14,0.016998
1980-02-15,0.017066
1980-02-18,0.017023
1980-02-19,0.016158
1980-02-20,0.013823
1980-02-21,0.013406
1980-02-22,0.01218
1980-02-25,0.014279
1980-02-26,0.02046
1980-02-27,0.02345
1980-02-28,0.027588
1980-02-29,0.027443
1980-03-03,0.028775
1980-03-04,0.03749
1980-03-05,0.052544
1980-03-06,0.049522
1980-03-07,0.055108
1980-03-10,0.060065
1980-03-11,0.080687
1980-03-12,0.101022
1980-03-13,0.114526
1980-03-14,0.122683
1980-03-17,0.165299
1980-03-18,0.20239
1980-03-19,0.224372
1980-03-20,0.234344
1980-03-21,0.252879
1980-03-24,0.239981
1980-03-25,0.252299
1980-03-26,0.242457
1980-03-27,0.249936
1980-03-28,0.239198
1980-03-31,0.280036
1980-04-01,0.315602
1980-04-02,0.331449
1980-04-03,0.320404
1980-04-04,0.304003
1980-04-07,0.289262
1980-04-08,0.297585
1980-04-09,0.329068
1980-04-10,0.344422
1980-04-11,0.413433
1980-04-14,0.43612
1980-04-15,0.391477
1980-04-16,0.321897
1980-04-17,0.401361
1980-04-18,0.375294
1980-04-21,0.36434
1980-04-22,0.327791
1980-04-23,0.344885
1980-04-24,0.361629
1980-04-25,0.387773
1980-04-28,0.376012
1980-04-29,0.371617
1980-04-30,0.366617
1980-05-01,0.355074
1980-05-02,0.340097
1980-05-05,0.3078
1980-05-06,0.303291
1980-05-07,0.284872
1980-05-08,0.310945
1980-05-09,0.338874
1980-05-12,0.322647
1980-05-13,0.32218
1980-05-14,0.299188
1980-05-15,0.289649
1980-05-16,0.273975
1980-05-19,0.249318
1980-05-20,0.230769
1980-05-21,0.234336
1980-05-22,0.21742
1980-05-23,0.217283
1980-05-26,0.200744
1980-05-27,0.258973
1980-05-28,0.272183
1980-05-29,0.246463
1980-05-30,0.199212
1980-06-02,0.172329
1980-06-03,0.176614
1980-06-04,0.231141
1980-06-05,0.234568
1980-06-06,0.250934
1980-06-09,0.259197
1980-06-10,0.258795
1980-06-11,0.256942
1980-06-12,0.244609
1980-06-13,0.214576
1980-06-16,0.206575
1980-06-17,0.1896
1980-06-18,0.184697
1980-06-19,0.17429
1980-06-20,0.15303
1980-06-23,0.13382
1980-06-24,0.122747
1980-06-25,0.107794
1980-06-26,0.093321
1980-06-27,0.078022
1980-06-30,0.072694
1980-07-01,0.061237
1980-07-02,0.046371
1980-07-03,0.043633
1980-07-04,0.048302
1980-07-07,0.045046
1980-07-08,0.046857
1980-07-09,0.048724
1980-07-10,0.048912
1980-07-11,0.045711
1980-07-14,0.039458
1980-07-15,0.044145
1980-07-16,0.040148
1980-07-17,0.045559
1980-07-18,0.045675
1980-07-21,0.03874
1980-07-22,0.04068
1980-07-23,0.039957
1980-07-24,0.036339
1980-07-25,0.047419
1980-07-28,0.051919
1980-07-29,0.050937
1980-07-30,0.037582
1980-07-31,0.032208
1980-08-01,0.022969
1980-08-04,0.021865
1980-08-05,0.017456
1980-08-06,0.017411
1980-08-07,0.020266
1980-08-08,0.028942
1980-08-11,0.02396
1980-08-12,0.026063
1980-08-13,0.029199
1980-08-14,0.031295
1980-08-15,0.036552
1980-08-18,0.023768
1980-08-19,0.025387
1980-08-20,0.025215
1980-08-21,0.028336
1980-08-22,0.023114
1980-08-25,0.017885
1980-08-26,0.026882
1980-08-27,0.026322
1980-08-28,0.021411
1980-08-29,0.020881
1980-09-01,0.018972
1980-09-02,0.024467
1980-09-03,0.022373
1980-09-04,0.038922
1980-09-05,0.048475
1980-09-08,0.046152
1980-09-09,0.037711
1980-09-10,0.035384
1980-09-11,0.037165
1980-09-12,0.038931
1980-09-15,0.035743
1980-09-16,0.038788
1980-09-17,0.048357
1980-09-18,0.050634
1980-09-19,0.098754
1980-09-22,0.11526
1980-09-23,0.113041
1980-09-24,0.131208
1980-09-25,0.138897
1980-09-26,0.128203
1980-09-29,0.110625
1980-09-30,0.115392
1980-10-01,0.128617
1980-10-02,0.125919
1980-10-03,0.127658
1980-10-06,0.139891
1980-10-07,0.137318
1980-10-08,0.133092
1980-10-09,0.141098
1980-10-10,0.140257
1980-10-13,0.127621
1980-10-14,0.120088
1980-10-15,0.129118
1980-10-16,0.122014
1980-10-17,0.103249
1980-10-20,0.08863
1980-10-21,0.099071
1980-10-22,0.102932
1980-10-23,0.091652
1980-10-24,0.102509
1980-10-27,0.099334
1980-10-28,0.113628
1980-10-29,0.136879
1980-10-30,0.132558
1980-10-31,0.122655
1980-11-03,0.143519
1980-11-04,0.172578
1980-11-05,0.170566
1980-11-06,0.162861
1980-11-07,0.200542
1980-11-10,0.249152
1980-11-11,0.316707
1980-11-12,0.361252
1980-11-13,0.388825
1980-11-14,0.402753
1980-11-17,0.395977
1980-11-18,0.399524
1980-11-19,0.402243
1980-11-20,0.389103
1980-11-21,0.402531
1980-11-24,0.370879
1980-11-25,0.367141
1980-11-26,0.358394
1980-11-27,0.324342
1980-11-28,0.294042
1980-12-01,0.264277
1980-12-02,0.232672
1980-12-03,0.214332
1980-12-04,0.196805
1980-12-05,0.174411
1980-12-08,0.161913
1980-12-09,0.17011
1980-12-10,0.171804
1980-12-11,0.167462
1980-12-12,0.191665
1980-12-15,0.215627
1980-12-16,0.259691
1980-12-17,0.287572
1980-12-18,0.309238
1980-12-19,0.330888
1980-12-22,0.32731
1980-12-23,0.312171
1980-12-24,0.291063
1980-12-25,0.264733
1980-12-26,0.238455
1980-12-29,0.211001
1980-12-30,0.191892
1980-12-31,0.174422
1981-01-01,0.162064
1981-01-02,0.207319
1981-01-05,0.217797
1981-01-06,0.222167
1981-01-07,0.226271
1981-01-08,0.210373
1981-01-09,0.200114
1981-01-12,0.200758
1981-01-13,0.200934
1981-01-14,0.170448
1981-01-15,0.167306
1981-01-16,0.158513
1981-01-19,0.158737
1981-01-20,0.157364
1981-01-21,0.139581
1981-01-22,0.171182
1981-01-23,0.181356
1981-01-26,0.188449
1981-01-27,0.188943
1981-01-28,0.182575
1981-01-29,0.183079
1981-01-30,0.17217
1981-02-02,0.176973
1981-02-03,0.173856
1981-02-04,0.169399
1981-02-05,0.177667
1981-02-06,0.175789
1981-02-09,0.200446
1981-02-10,0.203548
1981-02-11,0.185703
1981-02-12,0.197052
1981-02-13,0.214902
1981-02-16,0.233136
1981-02-17,0.238393
1981-02-18,0.255455
1981-02-19,0.233068
1981-02-20,0.253406
1981-02-23,0.259941
1981-02-24,0.277002
1981-02-25,0.277106
1981-02-26,0.256069
1981-02-27,0.256255
1981-03-02,0.271868
1981-03-03,0.280693
1981-03-04,0.298111
1981-03-05,0.324337
1981-03-06,0.339234
1981-03-09,0.36269
1981-03-10,0.382555
1981-03-11,0.402876
1981-03-12,0.370912
1981-03-13,0.353459
1981-03-16,0.342584
1981-03-17,0.321201
1981-03-18,0.391632
1981-03-19,0.380867
1981-03-20,0.354486
1981-03-23,0.329417
1981-03-24,0.292577
1981-03-25,0.288173
1981-03-26,0.288907
1981-03-27,0.290919
1981-03-30,0.269601
1981-03-31,0.293832
1981-04-01,0.297959
1981-04-02,0.288228
1981-04-03,0.293666
1981-04-06,0.283715
1981-04-07,0.274207
1981-04-08,0.271734
1981-04-09,0.231522
1981-04-10,0.211995
1981-04-13,0.18989
1981-04-14,0.168005
1981-04-15,0.155604
1981-04-16,0.145996
1981-04-17,0.135802
1981-04-20,0.122974
1981-04-21,0.112902
1981-04-22,0.109845
1981-04-23,0.11211
1981-04-24,0.110514
1981-04-27,0.113216
1981-04-28,0.105191
1981-04-29,0.099268
1981-04-30,0.06996
1981-05-01,0.066463
1981-05-04,0.060233
1981-05-05,0.07314
1981-05-06,0.092384
1981-05-07,0.102838
1981-05-08,0.119463
1981-05-11,0.132404
1981-05-12,0.160793
1981-05-13,0.2022
1981-05-14,0.217512
1981-05-15,0.227686
1981-05-18,0.229252
1981-05-19,0.281347
1981-05-20,0.272518
1981-05-21,0.271592
1981-05-22,0.268331
1981-05-25,0.264344
1981-05-26,0.251017
1981-05-27,0.299602
1981-05-28,0.293382
1981-05-29,0.281179
1981-06-01,0.310445
1981-06-02,0.317755
1981-06-03,0.333855
1981-06-04,0.401667
1981-06-05,0.404469
1981-06-08,0.394267
1981-06-09,0.377295
1981-06-10,0.35955
1981-06-11,0.368279
1981-06-12,0.413924
1981-06-15,0.437763
1981-06-16,0.421011
1981-06-17,0.415058
1981-06-18,0.393747
1981-06-19,0.358623
1981-06-22,0.340138
1981-06-23,0.327664
1981-06-24,0.304014
1981-06-25,0.294755
1981-06-26,0.300316
1981-06-29,0.313191
1981-06-30,0.330492
1981-07-01,0.34233
1981-07-02,0.306852
1981-07-03,0.330758
1981-07-06,0.323856
1981-07-07,0.366487
1981-07-08,0.386643
1981-07-09,0.406301
1981-07-10,0.405115
1981-07-13,0.427825
1981-07-14,0.416392
1981-07-15,0.412924
1981-07-16,0.397347
1981-07-17,0.372335
1981-07-20,0.393164
1981-07-21,0.402903
1981-07-22,0.377448
1981-07-23,0.377253
1981-07-24,0.374209
1981-07-27,0.36804
1981-07-28,0.346713
1981-07-29,0.339832
1981-07-30,0.318609
1981-07-31,0.307561
1981-08-03,0.283811
1981-08-04,0.266151
1981-08-05,0.268806
1981-08-06,0.259387
1981-08-07,0.262425
1981-08-10,0.260252
1981-08-11,0.253194
1981-08-12,0.237699
1981-08-13,0.229736
1981-08-14,0.22119
1981-08-17,0.225316
1981-08-18,0.230203
1981-08-19,0.226787
1981-08-20,0.224738
1981-08-21,0.227097
1981-08-24,0.205025
1981-08-25,0.207815
1981-08-26,0.220373
1981-08-27,0.224762
1981-08-28,0.214418
1981-08-31,0.220636
1981-09-01,0.21423
1981-09-02,0.208042
1981-09-03,0.202793
1981-09-04,0.223847
1981-09-07,0.210024
1981-09-08,0.239947
1981-09-09,0.262224
1981-09-10,0.290698
1981-09-11,0.326591
1981-09-14,0.374882
1981-09-15,0.431515
1981-09-16,0.461911
1981-09-17,0.476868
1981-09-18,0.482828
1981-09-21,0.538521
1981-09-22,0.551369
1981-09-23,0.524458
1981-09-24,0.517987
1981-09-25,0.541056
1981-09-28,0.588502
1981-09-29,0.628835
1981-09-30,0.64159
1981-10-01,0.662091
1981-10-02,0.701506
1981-10-05,0.720335
1981-10-06,0.739502
1981-10-07,0.729311
1981-10-08,0.70254
1981-10-09,0.741355
1981-10-12,0.707116
1981-10-13,0.629396
1981-10-14,0.621889
1981-10-15,0.660025
1981-10-16,0.611318
1981-10-19,0.573462
1981-10-20,0.544755
1981-10-21,0.508426
1981-10-22,0.403289
1981-10-23,0.449929
1981-10-26,0.462148
1981-10-27,0.431031
1981-10-28,0.439837
1981-10-29,0.423051
1981-10-30,0.454767
1981-11-02,0.54755
1981-11-03,0.529649
1981-11-04,0.521318
1981-11-05,0.523381
1981-11-06,0.478862
1981-11-09,0.476977
1981-11-10,0.433005
1981-11-11,0.414793
1981-11-12,0.465936
1981-11-13,0.441654
1981-11-16,0.441331
1981-11-17,0.418493
1981-11-18,0.40218
1981-11-19,0.403194
1981-11-20,0.386081
1981-11-23,0.365841
1981-11-24,0.369295
1981-11-25,0.390839
1981-11-26,0.388543
1981-11-27,0.376403
1981-11-30,0.382204
1981-12-01,0.362794
1981-12-02,0.348832
1981-12-03,0.317801
1981-12-04,0.310892
1981-12-07,0.270966
1981-12-08,0.226242
1981-12-09,0.208729
1981-12-10,0.220068
1981-12-11,0.208266
1981-12-14,0.238418
1981-12-15,0.258081
1981-12-16,0.256386
1981-12-17,0.246207
1981-12-18,0.231385
1981-12-21,0.21721
1981-12-22,0.205
1981-12-23,0.193599
1981-12-24,0.176334
1981-12-25,0.156262
1981-12-28,0.143057
1981-12-29,0.136051
1981-12-30,0.124708
1981-12-31,0.098151
1982-01-01,0.106031
1982-01-04,0.105021
1982-01-05,0.104164
1982-01-06,0.114992
1982-01-07,0.11218
1982-01-08,0.116044
1982-01-11,0.127399
1982-01-12,0.125764
1982-01-13,0.126182
1982-01-14,0.117984
1982-01-15,0.122834
1982-01-18,0.125045
1982-01-19,0.138418
1982-01-20,0.147292
1982-01-21,0.146122
1982-01-22,0.134814
1982-01-25,0.168626
1982-01-26,0.187636
1982-01-27,0.198894
1982-01-28,0.206529
1982-01-29,0.211347
1982-02-01,0.231368
1982-02-02,0.202061
1982-02-03,0.193389
1982-02-04,0.180486
1982-02-05,0.171259
1982-02-08,0.147672
1982-02-09,0.13765
1982-02-10,0.128027
1982-02-11,0.118125
1982-02-12,0.112603
1982-02-15,0.10049
1982-02-16,0.069433
1982-02-17,0.069555
1982-02-18,0.067469
1982-02-19,0.066941
1982-02-22,0.065402
1982-02-23,0.07317
1982-02-24,0.070409
1982-02-25,0.068609
1982-02-26,0.070631
1982-03-01,0.066112
1982-03-02,0.048527
1982-03-03,0.054644
1982-03-04,0.050509
1982-03-05,0.049596
1982-03-08,0.057403
1982-03-09,0.064916
1982-03-10,0.092762
1982-03-11,0.089498
1982-03-12,0.101621
1982-03-15,0.110336
1982-03-16,0.115026
1982-03-17,0.129295
1982-03-18,0.119052
1982-03-19,0.121977
1982-03-22,0.091241
1982-03-23,0.0892
1982-03-24,0.079863
1982-03-25,0.070101
1982-03-26,0.052158
1982-03-29,0.045798
1982-03-30,0.038594
1982-03-31,0.034964
1982-04-01,0.0551
1982-04-02,0.051874
1982-04-05,0.055035
1982-04-06,0.04087
1982-04-07,0.041621
1982-04-08,0.053692
1982-04-09,0.057742
1982-04-12,0.058639
1982-04-13,0.069965
1982-04-14,0.06729
1982-04-15,0.059782
1982-04-16,0.055453
1982-04-19,0.048034
1982-04-20,0.051394
1982-04-21,0.05933
1982-04-22,0.061734
1982-04-23,0.052401
1982-04-26,0.060756
1982-04-27,0.050374
1982-04-28,0.045867
1982-04-29,0.041736
1982-04-30,0.041633
1982-05-03,0.040887
1982-05-04,0.036189
1982-05-05,0.034406
1982-05-06,0.032119
1982-05-07,0.030684
1982-05-10,0.019291
1982-05-11,0.016242
1982-05-12,0.014698
1982-05-13,0.012516
1982-05-14,0.013144
1982-05-17,0.011199
1982-05-18,0.008877
1982-05-19,0.008857
1982-05-20,0.004489
1982-05-21,0.028867
1982-05-24,0.066199
1982-05-25,0.088597
1982-05-26,0.09818
1982-05-27,0.125027
1982-05-28,0.142807
1982-05-31,0.133517
1982-06-01,0.128474
1982-06-02,0.103808
1982-06-03,0.10367
1982-06-04,0.089547
1982-06-07,0.078724
1982-06-08,0.068876
1982-06-09,0.065397
1982-06-10,0.05215
1982-06-11,0.049264
1982-06-14,0.075105
1982-06-15,0.081998
1982-06-16,0.08588
1982-06-17,0.083571
1982-06-18,0.083762
1982-06-21,0.083458
1982-06-22,0.089024
1982-06-23,0.104787
1982-06-24,0.098345
1982-06-25,0.099127
1982-06-28,0.110988
1982-06-29,0.11347
1982-06-30,0.11727
1982-07-01,0.118553
1982-07-02,0.111808
1982-07-05,0.105783
1982-07-06,0.097163
1982-07-07,0.086754
1982-07-08,0.089559
1982-07-09,0.094701
1982-07-12,0.094992
1982-07-13,0.102846
1982-07-14,0.101321
1982-07-15,0.106195
1982-07-16,0.108294
1982-07-19,0.099665
1982-07-20,0.100216
1982-07-21,0.121269
1982-07-22,0.109895
1982-07-23,0.117027
1982-07-26,0.118085
1982-07-27,0.113792
1982-07-28,0.122038
1982-07-29,0.126495
1982-07-30,0.122434
1982-08-02,0.138422
1982-08-03,0.125607
1982-08-04,0.124408
1982-08-05,0.132828
1982-08-06,0.135855
1982-08-09,0.150555
1982-08-10,0.154268
1982-08-11,0.180184
1982-08-12,0.184463
1982-08-13,0.173319
1982-08-16,0.187029
1982-08-17,0.183201
1982-08-18,0.249238
1982-08-19,0.25543
1982-08-20,0.301766
1982-08-23,0.294144
1982-08-24,0.297251
1982-08-25,0.292464
1982-08-26,0.294019
1982-08-27,0.23158
1982-08-30,0.21702
1982-08-31,0.231424
1982-09-01,0.225896
1982-09-02,0.235261
1982-09-03,0.236888
1982-09-06,0.224756
1982-09-07,0.20942
1982-09-08,0.185381
1982-09-09,0.16817
1982-09-10,0.159925
1982-09-13,0.148368
1982-09-14,0.128278
1982-09-15,0.113229
1982-09-16,0.110651
1982-09-17,0.109381
1982-09-20,0.113374
1982-09-21,0.106813
1982-09-22,0.115062
1982-09-23,0.114489
1982-09-24,0.117192
1982-09-27,0.11549
1982-09-28,0.115525
1982-09-29,0.123222
1982-09-30,0.124201
1982-10-01,0.150725
1982-10-04,0.147322
1982-10-05,0.152916
1982-10-06,0.160289
1982-10-07,0.144042
1982-10-08,0.118838
1982-10-11,0.109049
1982-10-12,0.110635
1982-10-13,0.10456
1982-10-14,0.106911
1982-10-15,0.123553
1982-10-18,0.116999
1982-10-19,0.122751
1982-10-20,0.116165
1982-10-21,0.105575
1982-10-22,0.102825
1982-10-25,0.08357
1982-10-26,0.079355
1982-10-27,0.079153
1982-10-28,0.071559
1982-10-29,0.071854
1982-11-01,0.067354
1982-11-02,0.064705
1982-11-03,0.057845
1982-11-04,0.043565
1982-11-05,0.038734
1982-11-08,0.037525
1982-11-09,0.02878
1982-11-10,0.025889
1982-11-11,0.025701
1982-11-12,0.02525
1982-11-15,0.01784
1982-11-16,0.020912
1982-11-17,0.031233
1982-11-18,0.03268
1982-11-19,0.03695
1982-11-22,0.089382
1982-11-23,0.103501
1982-11-24,0.123863
1982-11-25,0.135271
1982-11-26,0.139288
1982-11-29,0.143459
1982-11-30,0.134631
1982-12-01,0.152997
1982-12-02,0.153796
1982-12-03,0.172356
1982-12-06,0.155083
1982-12-07,0.127805
1982-12-08,0.117295
1982-12-09,0.106344
1982-12-10,0.108083
1982-12-13,0.102629
1982-12-14,0.107077
1982-12-15,0.092269
1982-12-16,0.090958
1982-12-17,0.094833
1982-12-20,0.076321
1982-12-21,0.077577
1982-12-22,0.070398
1982-12-23,0.085976
1982-12-24,0.083476
1982-12-27,0.08011
1982-12-28,0.076698
1982-12-29,0.075467
1982-12-30,0.072394
1982-12-31,0.069806
1983-01-03,0.07695
1983-01-04,0.06991
1983-01-05,0.081124
1983-01-06,0.078964
1983-01-07,0.078262
1983-01-10,0.09152
1983-01-11,0.082636
1983-01-12,0.070843
1983-01-13,0.050878
1983-01-14,0.035553
1983-01-17,0.043295
1983-01-18,0.044144
1983-01-19,0.049796
1983-01-20,0.044035
1983-01-21,0.045867
1983-01-24,0.056366
1983-01-25,0.057268
1983-01-26,0.053023
1983-01-27,0.059356
1983-01-28,0.060158
1983-01-31,0.06417
1983-02-01,0.05498
1983-02-02,0.053884
1983-02-03,0.054186
1983-02-04,0.049793
1983-02-07,0.0449
1983-02-08,0.037871
1983-02-09,0.032745
1983-02-10,0.041951
1983-02-11,0.04786
1983-02-14,0.047068
1983-02-15,0.043121
1983-02-16,0.035427
1983-02-17,0.023693
1983-02-18,0.025145
1983-02-21,0.033996
1983-02-22,0.030502
1983-02-23,0.026103
1983-02-24,0.034334
1983-02-25,0.035261
1983-02-28,0.028097
1983-03-01,0.028202
1983-03-02,0.028658
1983-03-03,0.028978
1983-03-04,0.026662
1983-03-07,0.048516
1983-03-08,0.036137
1983-03-09,0.032868
1983-03-10,0.03703
1983-03-11,0.036691
1983-03-14,0.029912
1983-03-15,0.021931
1983-03-16,0.026638
1983-03-17,0.021333
1983-03-18,0.026241
1983-03-21,0.030774
1983-03-22,0.07088
1983-03-23,0.090654
1983-03-24,0.107607
1983-03-25,0.113068
1983-03-28,0.110189
1983-03-29,0.108778
1983-03-30,0.102917
1983-03-31,0.118643
1983-04-01,0.110979
1983-04-04,0.100936
1983-04-05,0.095654
1983-04-06,0.085961
1983-04-07,0.069277
1983-04-08,0.059186
1983-04-11,0.067706
1983-04-12,0.069769
1983-04-13,0.054982
1983-04-14,0.0758
1983-04-15,0.073596
1983-04-18,0.064024
1983-04-19,0.088811
1983-04-20,0.079048
1983-04-21,0.083547
1983-04-22,0.069326
1983-04-25,0.067742
1983-04-26,0.059918
1983-04-27,0.070141
1983-04-28,0.068511
1983-04-29,0.060797
1983-05-02,0.045683
1983-05-03,0.066104
1983-05-04,0.060589
1983-05-05,0.038925
1983-05-06,0.035426
1983-05-09,0.040256
1983-05-10,0.035981
1983-05-11,0.029588
1983-05-12,0.023466
1983-05-13,0.019345
1983-05-16,0.019536
1983-05-17,0.015689
1983-05-18,0.012116
1983-05-19,0.008958
1983-05-20,0.006111
1983-05-23,0.004875
1983-05-24,0.009061
1983-05-25,0.010848
1983-05-26,0.013441
1983-05-27,0.014872
1983-05-30,0.024971
1983-05-31,0.023639
1983-06-01,0.03856
1983-06-02,0.038108
1983-06-03,0.059249
1983-06-06,0.074267
1983-06-07,0.088795
1983-06-08,0.089976
1983-06-09,0.091856
1983-06-10,0.105508
1983-06-13,0.138914
1983-06-14,0.140771
1983-06-15,0.121148
1983-06-16,0.114513
1983-06-17,0.102569
1983-06-20,0.098069
1983-06-21,0.080018
1983-06-22,0.091198
1983-06-23,0.075866
1983-06-24,0.065071
1983-06-27,0.058255
1983-06-28,0.03967
1983-06-29,0.031344
1983-06-30,0.026764
1983-07-01,0.021535
1983-07-04,0.021102
1983-07-05,0.020786
1983-07-06,0.016432
1983-07-07,0.021942
1983-07-08,0.019153
1983-07-11,0.014154
1983-07-12,0.011778
1983-07-13,0.0083
1983-07-14,0.007129
1983-07-15,0.005809
1983-07-18,0.00481
1983-07-19,0.004448
1983-07-20,0.011456
1983-07-21,0.009844
1983-07-22,0.007582
1983-07-25,0.008869
1983-07-26,0.012705
1983-07-27,0.013728
1983-07-28,0.011404
1983-07-29,0.010214
1983-08-01,0.007918
1983-08-02,0.01246
1983-08-03,0.012202
1983-08-04,0.016859
1983-08-05,0.016153
1983-08-08,0.045476
1983-08-09,0.050303
1983-08-10,0.052093
1983-08-11,0.049515
1983-08-12,0.043916
1983-08-15,0.040431
1983-08-16,0.047224
1983-08-17,0.04962
1983-08-18,0.050538
1983-08-19,0.058461
1983-08-22,0.057876
1983-08-23,0.052343
1983-08-24,0.04329
1983-08-25,0.045882
1983-08-26,0.053388
1983-08-29,0.04769
1983-08-30,0.046841
1983-08-31,0.036692
1983-09-01,0.031356
1983-09-02,0.02493
1983-09-05,0.019519
1983-09-06,0.016579
1983-09-07,0.013173
1983-09-08,0.011222
1983-09-09,0.007865
1983-09-12,0.005813
1983-09-13,0.00674
1983-09-14,0.004491
1983-09-15,0.003422
1983-09-16,0.002461
1983-09-19,0.002725
1983-09-20,0.002901
1983-09-21,0.003055
1983-09-22,0.002767
1983-09-23,0.004716
1983-09-26,0.006081
1983-09-27,0.003115
1983-09-28,0.002953
1983-09-29,0.001488
1983-09-30,0.00142
1983-10-03,0.008982
1983-10-04,0.009389
1983-10-05,0.012136
1983-10-06,0.00892
1983-10-07,0.0077
1983-10-10,0.013688
1983-10-11,0.012594
1983-10-12,0.019413
1983-10-13,0.022107
1983-10-14,0.018908
1983-10-17,0.015138
1983-10-18,0.013156
1983-10-19,0.009544
1983-10-20,0.006462
1983-10-21,0.004885
1983-10-24,0.005194
1983-10-25,0.005531
1983-10-26,0.004303
1983-10-27,0.003635
1983-10-28,0.002841
1983-10-31,0.003369
1983-11-01,0.008043
1983-11-02,0.008292
1983-11-03,0.006496
1983-11-04,0.007596
1983-11-07,0.00711
1983-11-08,0.004887
1983-11-09,0.004251
1983-11-10,0.008309
1983-11-11,0.007661
1983-11-14,0.004965
1983-11-15,0.002934
1983-11-16,0.002319
1983-11-17,0.001865
1983-11-18,0.002507
1983-11-21,0.002382
1983-11-22,0.003059
1983-11-23,0.003666
1983-11-24,0.005564
1983-11-25,0.007604
1983-11-28,0.007832
1983-11-29,0.012097
1983-11-30,0.012922
1983-12-01,0.013785
1983-12-02,0.011075
1983-12-05,0.022228
1983-12-06,0.01897
1983-12-07,0.018822
1983-12-08,0.018683
1983-12-09,0.017179
1983-12-12,0.012188
1983-12-13,0.011775
1983-12-14,0.009788
1983-12-15,0.008123
1983-12-16,0.007933
1983-12-19,0.006835
1983-12-20,0.009156
1983-12-21,0.006696
1983-12-22,0.009531
1983-12-23,0.007596
1983-12-26,0.006466
1983-12-27,0.004404
1983-12-28,0.005393
1983-12-29,0.008864
1983-12-30,0.008213
1984-01-02,0.017442
1984-01-03,0.016031
1984-01-04,0.014425
1984-01-05,0.020856
1984-01-06,0.020192
1984-01-09,0.020596
1984-01-10,0.018521
1984-01-11,0.016599
1984-01-12,0.014544
1984-01-13,0.012703
1984-01-16,0.014092
1984-01-17,0.015826
1984-01-18,0.016045
1984-01-19,0.02013
1984-01-20,0.020865
1984-01-23,0.01776
1984-01-24,0.013042
1984-01-25,0.013335
1984-01-26,0.009908
1984-01-27,0.007694
1984-01-30,0.007042
1984-01-31,0.00535
1984-02-01,0.00531
1984-02-02,0.006818
1984-02-03,0.004875
1984-02-06,0.008033
1984-02-07,0.01703
1984-02-08,0.016509
1984-02-09,0.025007
1984-02-10,0.025956
1984-02-13,0.025682
1984-02-14,0.02539
1984-02-15,0.026866
1984-02-16,0.026598
1984-02-17,0.025321
1984-02-20,0.025145
1984-02-21,0.024878
1984-02-22,0.048426
1984-02-23,0.049799
1984-02-24,0.04963
1984-02-27,0.043973
1984-02-28,0.047434
1984-02-29,0.043737
1984-03-01,0.041524
1984-03-02,0.041263
1984-03-05,0.038776
1984-03-06,0.036096
1984-03-07,0.047924
1984-03-08,0.057104
1984-03-09,0.059277
1984-03-12,0.053385
1984-03-13,0.047277
1984-03-14,0.039021
1984-03-15,0.03791
1984-03-16,0.031135
1984-03-19,0.04547
1984-03-20,0.042842
1984-03-21,0.034206
1984-03-22,0.026824
1984-03-23,0.022781
1984-03-26,0.020463
1984-03-27,0.020087
1984-03-28,0.020998
1984-03-29,0.018679
1984-03-30,0.016638
1984-04-02,0.015603
1984-04-03,0.010916
1984-04-04,0.007727
1984-04-05,0.004918
1984-04-06,0.003517
1984-04-09,0.003144
1984-04-10,0.002584
1984-04-11,0.002821
1984-04-12,0.002649
1984-04-13,0.004386
1984-04-16,0.004494
1984-04-17,0.005287
1984-04-18,0.005062
1984-04-19,0.004464
1984-04-20,0.003708
1984-04-23,0.003139
1984-04-24,0.006083
1984-04-25,0.00522
1984-04-26,0.006177
1984-04-27,0.004084
1984-04-30,0.002664
1984-05-01,0.001979
1984-05-02,0.005572
1984-05-03,0.005531
1984-05-04,0.006276
1984-05-07,0.008011
1984-05-08,0.0361
1984-05-09,0.033928
1984-05-10,0.049171
1984-05-11,0.049829
1984-05-14,0.05096
1984-05-15,0.04076
1984-05-16,0.034505
1984-05-17,0.029619
1984-05-18,0.029118
1984-05-21,0.022733
1984-05-22,0.023873
1984-05-23,0.022136
1984-05-24,0.018182
1984-05-25,0.027806
1984-05-28,0.023737
1984-05-29,0.019414
1984-05-30,0.023843
1984-05-31,0.021384
1984-06-01,0.019169
1984-06-04,0.0152
1984-06-05,0.012451
1984-06-06,0.010088
1984-06-07,0.008448
1984-06-08,0.0072
1984-06-11,0.005826
1984-06-12,0.005505
1984-06-13,0.005238
1984-06-14,0.007491
1984-06-15,0.009942
1984-06-18,0.012496
1984-06-19,0.011411
1984-06-20,0.009408
1984-06-21,0.0105
1984-06-22,0.008788
1984-06-25,0.008798
1984-06-26,0.006958
1984-06-27,0.005901
1984-06-28,0.005279
1984-06-29,0.005133
1984-07-02,0.00463
1984-07-03,0.010585
1984-07-04,0.010038
1984-07-05,0.010294
1984-07-06,0.013202
1984-07-09,0.010353
1984-07-10,0.009046
1984-07-11,0.008872
1984-07-12,0.012612
1984-07-13,0.013892
1984-07-16,0.012718
1984-07-17,0.015423
1984-07-18,0.014709
1984-07-19,0.017832
1984-07-20,0.021194
1984-07-23,0.026511
1984-07-24,0.027685
1984-07-25,0.027389
1984-07-26,0.02046
1984-07-27,0.021681
1984-07-30,0.022227
1984-07-31,0.02062
1984-08-01,0.021208
1984-08-02,0.02166
1984-08-03,0.011947
1984-08-06,0.012194
1984-08-07,0.015441
1984-08-08,0.018369
1984-08-09,0.015478
1984-08-10,0.008548
1984-08-13,0.012648
1984-08-14,0.01302
1984-08-15,0.007158
1984-08-16,0.008329
1984-08-17,0.0061
1984-08-20,0.00754
1984-08-21,0.009831
1984-08-22,0.010727
1984-08-23,0.009984
1984-08-24,0.010014
1984-08-27,0.010072
1984-08-28,0.008841
1984-08-29,0.012068
1984-08-30,0.01284
1984-08-31,0.012769
1984-09-03,0.010448
1984-09-04,0.010916
1984-09-05,0.012564
1984-09-06,0.008879
1984-09-07,0.007711
1984-09-10,0.00704
1984-09-11,0.010108
1984-09-12,0.010415
1984-09-13,0.010301
1984-09-14,0.015188
1984-09-17,0.014307
1984-09-18,0.020752
1984-09-19,0.01825
1984-09-20,0.018091
1984-09-21,0.019205
1984-09-24,0.032232
1984-09-25,0.032052
1984-09-26,0.034471
1984-09-27,0.028304
1984-09-28,0.022753
1984-10-01,0.018134
1984-10-02,0.014626
1984-10-03,0.012768
1984-10-04,0.010326
1984-10-05,0.010698
1984-10-08,0.00754
1984-10-09,0.005782
1984-10-10,0.004548
1984-10-11,0.00452
1984-10-12,0.004235
1984-10-15,0.0044
1984-10-16,0.004425
1984-10-17,0.006537
1984-10-18,0.007937
1984-10-19,0.014229
1984-10-22,0.011208
1984-10-23,0.00929
1984-10-24,0.012885
1984-10-25,0.01308
1984-10-26,0.011422
1984-10-29,0.010622
1984-10-30,0.011756
1984-10-31,0.010677
1984-11-01,0.008684
1984-11-02,0.007268
1984-11-05,0.012188
1984-11-06,0.008496
1984-11-07,0.005283
1984-11-08,0.004153
1984-11-09,0.003976
1984-11-12,0.002752
1984-11-13,0.002779
1984-11-14,0.002713
1984-11-15,0.001894
1984-11-16,0.001718
1984-11-19,0.003897
1984-11-20,0.002874
1984-11-21,0.004022
1984-11-22,0.008949
1984-11-23,0.008014
1984-11-26,0.017348
1984-11-27,0.013414
1984-11-28,0.012449
1984-11-29,0.015056
1984-11-30,0.012714
1984-12-03,0.013768
1984-12-04,0.011562
1984-12-05,0.016133
1984-12-06,0.018313
1984-12-07,0.013858
1984-12-10,0.014163
1984-12-11,0.012946
1984-12-12,0.016559
1984-12-13,0.019982
1984-12-14,0.016993
1984-12-17,0.019018
1984-12-18,0.021696
1984-12-19,0.026203
1984-12-20,0.028105
1984-12-21,0.022
1984-12-24,0.017628
1984-12-25,0.01378
1984-12-26,0.011093
1984-12-27,0.023667
1984-12-28,0.019704
1984-12-31,0.015174
1985-01-01,0.011029
1985-01-02,0.011894
1985-01-03,0.007029
1985-01-04,0.006573
1985-01-07,0.006471
1985-01-08,0.011867
1985-01-09,0.010513
1985-01-10,0.01097
1985-01-11,0.014024
1985-01-14,0.035696
1985-01-15,0.048008
1985-01-16,0.045241
1985-01-17,0.039706
1985-01-18,0.037636
1985-01-21,0.030147
1985-01-22,0.022631
1985-01-23,0.028072
1985-01-24,0.025722
1985-01-25,0.021133
1985-01-28,0.016069
1985-01-29,0.014447
1985-01-30,0.013696
1985-01-31,0.009559
1985-02-01,0.008383
1985-02-04,0.026105
1985-02-05,0.023469
1985-02-06,0.020268
1985-02-07,0.019218
1985-02-08,0.015352
1985-02-11,0.018337
1985-02-12,0.016417
1985-02-13,0.014272
1985-02-14,0.009712
1985-02-15,0.009337
1985-02-18,0.011279
1985-02-19,0.011754
1985-02-20,0.013477
1985-02-21,0.012327
1985-02-22,0.011648
1985-02-25,0.019875
1985-02-26,0.016871
1985-02-27,0.036854
1985-02-28,0.045614
1985-03-01,0.056113
1985-03-04,0.06848
1985-03-05,0.06281
1985-03-06,0.062588
1985-03-07,0.056169
1985-03-08,0.056792
1985-03-11,0.057242
1985-03-12,0.056529
1985-03-13,0.055368
1985-03-14,0.046704
1985-03-15,0.043968
1985-03-18,0.0553
1985-03-19,0.079544
1985-03-20,0.089919
1985-03-21,0.095332
1985-03-22,0.106875
1985-03-25,0.081439
1985-03-26,0.079472
1985-03-27,0.088336
1985-03-28,0.086892
1985-03-29,0.080902
1985-04-01,0.086204
1985-04-02,0.069932
1985-04-03,0.063681
1985-04-04,0.059899
1985-04-05,0.052827
1985-04-08,0.045814
1985-04-09,0.040235
1985-04-10,0.035342
1985-04-11,0.048481
1985-04-12,0.046087
1985-04-15,0.047764
1985-04-16,0.038694
1985-04-17,0.032424
1985-04-18,0.030674
1985-04-19,0.024784
1985-04-22,0.022074
1985-04-23,0.019854
1985-04-24,0.022644
1985-04-25,0.023001
1985-04-26,0.021529
1985-04-29,0.020411
1985-04-30,0.018341
1985-05-01,0.017946
1985-05-02,0.014524
1985-05-03,0.015239
1985-05-06,0.013594
1985-05-07,0.012554
1985-05-08,0.011809
1985-05-09,0.01266
1985-05-10,0.009794
1985-05-13,0.005907
1985-05-14,0.005665
1985-05-15,0.003953
1985-05-16,0.00357
1985-05-17,0.004612
1985-05-20,0.003136
1985-05-21,0.002818
1985-05-22,0.003648
1985-05-23,0.00375
1985-05-24,0.003594
1985-05-27,0.003362
1985-05-28,0.003613
1985-05-29,0.005002
1985-05-30,0.004833
1985-05-31,0.005856
1985-06-03,0.00826
1985-06-04,0.007324
1985-06-05,0.009629
1985-06-06,0.007141
1985-06-07,0.012084
1985-06-10,0.010093
1985-06-11,0.008227
1985-06-12,0.00637
1985-06-13,0.007049
1985-06-14,0.004821
1985-06-17,0.003708
1985-06-18,0.003528
1985-06-19,0.006797
1985-06-20,0.00808
1985-06-21,0.008452
1985-06-24,0.007251
1985-06-25,0.005661
1985-06-26,0.005429
1985-06-27,0.004514
1985-06-28,0.004488
1985-07-01,0.006343
1985-07-02,0.006725
1985-07-03,0.00831
1985-07-04,0.010341
1985-07-05,0.009991
1985-07-08,0.009611
1985-07-09,0.008531
1985-07-10,0.021155
1985-07-11,0.029991
1985-07-12,0.03309
1985-07-15,0.029759
1985-07-16,0.027201
1985-07-17,0.025654
1985-07-18,0.024737
1985-07-19,0.026964
1985-07-22,0.024459
1985-07-23,0.02438
1985-07-24,0.020351
1985-07-25,0.016927
1985-07-26,0.014964
1985-07-29,0.013606
1985-07-30,0.015172
1985-07-31,0.009867
1985-08-01,0.012893
1985-08-02,0.012309
1985-08-05,0.009951
1985-08-06,0.008586
1985-08-07,0.008054
1985-08-08,0.0147
1985-08-09,0.010435
1985-08-12,0.010553
1985-08-13,0.010321
1985-08-14,0.007788
1985-08-15,0.006553
1985-08-16,0.005327
1985-08-19,0.004241
1985-08-20,0.003045
1985-08-21,0.002802
1985-08-22,0.010242
1985-08-23,0.007032
1985-08-26,0.005323
1985-08-27,0.00434
1985-08-28,0.003866
1985-08-29,0.003835
1985-08-30,0.004395
1985-09-02,0.005432
1985-09-03,0.00394
1985-09-04,0.004181
1985-09-05,0.007587
1985-09-06,0.012046
1985-09-09,0.016794
1985-09-10,0.016283
1985-09-11,0.016144
1985-09-12,0.015635
1985-09-13,0.016192
1985-09-16,0.014588
1985-09-17,0.011832
1985-09-18,0.010975
1985-09-19,0.010182
1985-09-20,0.01142
1985-09-23,0.0243
1985-09-24,0.026194
1985-09-25,0.034989
1985-09-26,0.072898
1985-09-27,0.098862
1985-09-30,0.111448
1985-10-01,0.118142
1985-10-02,0.134878
1985-10-03,0.135227
1985-10-04,0.133386
1985-10-07,0.12374
1985-10-08,0.111415
1985-10-09,0.090677
1985-10-10,0.053178
1985-10-11,0.071462
1985-10-14,0.076156
1985-10-15,0.053401
1985-10-16,0.049312
1985-10-17,0.056379
1985-10-18,0.080168
1985-10-21,0.074304
1985-10-22,0.057375
1985-10-23,0.048439
1985-10-24,0.041112
1985-10-25,0.03717
1985-10-28,0.023163
1985-10-29,0.024376
1985-10-30,0.041594
1985-10-31,0.060915
1985-11-01,0.059814
1985-11-04,0.056056
1985-11-05,0.057111
1985-11-06,0.077455
1985-11-07,0.072561
1985-11-08,0.066744
1985-11-11,0.060754
1985-11-12,0.05977
1985-11-13,0.059243
1985-11-14,0.052806
1985-11-15,0.046085
1985-11-18,0.043635
1985-11-19,0.055529
1985-11-20,0.051441
1985-11-21,0.065685
1985-11-22,0.060425
1985-11-25,0.053051
1985-11-26,0.040462
1985-11-27,0.035574
1985-11-28,0.03466
1985-11-29,0.023883
1985-12-02,0.024292
1985-12-03,0.022941
1985-12-04,0.03505
1985-12-05,0.040272
1985-12-06,0.037014
1985-12-09,0.026063
1985-12-10,0.019369
1985-12-11,0.021899
1985-12-12,0.036932
1985-12-13,0.050759
1985-12-16,0.064832
1985-12-17,0.066798
1985-12-18,0.070219
1985-12-19,0.0541
1985-12-20,0.059181
1985-12-23,0.0616
1985-12-24,0.051704
1985-12-25,0.047251
1985-12-26,0.044958
1985-12-27,0.042074
1985-12-30,0.04576
1985-12-31,0.041079
1986-01-01,0.036458
1986-01-02,0.039576
1986-01-03,0.05587
1986-01-06,0.054027
1986-01-07,0.058463
1986-01-08,0.092715
1986-01-09,0.086859
1986-01-10,0.091596
1986-01-13,0.085075
1986-01-14,0.092591
1986-01-15,0.105127
1986-01-16,0.101291
1986-01-17,0.087163
1986-01-20,0.063616
1986-01-21,0.065375
1986-01-22,0.06083
1986-01-23,0.055618
1986-01-24,0.072402
1986-01-27,0.091497
1986-01-28,0.102774
1986-01-29,0.107999
1986-01-30,0.098645
1986-01-31,0.093934
1986-02-03,0.093985
1986-02-04,0.10302
1986-02-05,0.100567
1986-02-06,0.095319
1986-02-07,0.098981
1986-02-10,0.100329
1986-02-11,0.097257
1986-02-12,0.092292
1986-02-13,0.095627
1986-02-14,0.084868
1986-02-17,0.083037
1986-02-18,0.092411
1986-02-19,0.09881
1986-02-20,0.085287
1986-02-21,0.09816
1986-02-24,0.098583
1986-02-25,0.112305
1986-02-26,0.106592
1986-02-27,0.139499
1986-02-28,0.172896
1986-03-03,0.161637
1986-03-04,0.193005
1986-03-05,0.198661
1986-03-06,0.210572
1986-03-07,0.201875
1986-03-10,0.216599
1986-03-11,0.255456
1986-03-12,0.266521
1986-03-13,0.246127
1986-03-14,0.227948
1986-03-17,0.222151
1986-03-18,0.198035
1986-03-19,0.195564
1986-03-20,0.190962
1986-03-21,0.174144
1986-03-24,0.165455
1986-03-25,0.229726
1986-03-26,0.225845
1986-03-27,0.258066
1986-03-28,0.238579
1986-03-31,0.215339
1986-04-01,0.27198
1986-04-02,0.273695
1986-04-03,0.292409
1986-04-04,0.271911
1986-04-07,0.26192
1986-04-08,0.258522
1986-04-09,0.29647
1986-04-10,0.287261
1986-04-11,0.282518
1986-04-14,0.29344
1986-04-15,0.288894
1986-04-16,0.309829
1986-04-17,0.31138
1986-04-18,0.28166
1986-04-21,0.267984
1986-04-22,0.233773
1986-04-23,0.205672
1986-04-24,0.187902
1986-04-25,0.191411
1986-04-28,0.184325
1986-04-29,0.175353
1986-04-30,0.164514
1986-05-01,0.152989
1986-05-02,0.142378
1986-05-05,0.104009
1986-05-06,0.123642
1986-05-07,0.106785
1986-05-08,0.094975
1986-05-09,0.085042
1986-05-12,0.062507
1986-05-13,0.064933
1986-05-14,0.080453
1986-05-15,0.068099
1986-05-16,0.056569
1986-05-19,0.065742
1986-05-20,0.066064
1986-05-21,0.07023
1986-05-22,0.128066
1986-05-23,0.130256
1986-05-26,0.124059
1986-05-27,0.112353
1986-05-28,0.110306
1986-05-29,0.115017
1986-05-30,0.10442
1986-06-02,0.09072
1986-06-03,0.075877
1986-06-04,0.083187
1986-06-05,0.096
1986-06-06,0.108368
1986-06-09,0.124141
1986-06-10,0.133429
1986-06-11,0.140182
1986-06-12,0.137438
1986-06-13,0.14616
1986-06-16,0.163471
1986-06-17,0.173349
1986-06-18,0.175198
1986-06-19,0.167068
1986-06-20,0.155424
1986-06-23,0.150742
1986-06-24,0.132358
1986-06-25,0.143282
1986-06-26,0.145011
1986-06-27,0.145204
1986-06-30,0.140145
1986-07-01,0.146118
1986-07-02,0.152104
1986-07-03,0.138157
1986-07-04,0.133
1986-07-07,0.144854
1986-07-08,0.138571
1986-07-09,0.12607
1986-07-10,0.106706
1986-07-11,0.103385
1986-07-14,0.104751
1986-07-15,0.129236
1986-07-16,0.151949
1986-07-17,0.14913
1986-07-18,0.136479
1986-07-21,0.145968
1986-07-22,0.136118
1986-07-23,0.12746
1986-07-24,0.123524
1986-07-25,0.11863
1986-07-28,0.130025
1986-07-29,0.131926
1986-07-30,0.126617
1986-07-31,0.143995
1986-08-01,0.145422
1986-08-04,0.144095
1986-08-05,0.158087
1986-08-06,0.155187
1986-08-07,0.148244
1986-08-08,0.154017
1986-08-11,0.141685
1986-08-12,0.127292
1986-08-13,0.117239
1986-08-14,0.112499
1986-08-15,0.104211
1986-08-18,0.100299
1986-08-19,0.103491
1986-08-20,0.08572
1986-08-21,0.083329
1986-08-22,0.073954
1986-08-25,0.068334
1986-08-26,0.050972
1986-08-27,0.050171
1986-08-28,0.039913
1986-08-29,0.040337
1986-09-01,0.042287
1986-09-02,0.034285
1986-09-03,0.025045
1986-09-04,0.022136
1986-09-05,0.016493
1986-09-08,0.012744
1986-09-09,0.011657
1986-09-10,0.01337
1986-09-11,0.009221
1986-09-12,0.0263
1986-09-15,0.042257
1986-09-16,0.045524
1986-09-17,0.050235
1986-09-18,0.064754
1986-09-19,0.0773
1986-09-22,0.074635
1986-09-23,0.092899
1986-09-24,0.090878
1986-09-25,0.08313
1986-09-26,0.086501
1986-09-29,0.086242
1986-09-30,0.090567
1986-10-01,0.104221
1986-10-02,0.100383
1986-10-03,0.096286
1986-10-06,0.094734
1986-10-07,0.08874
1986-10-08,0.077977
1986-10-09,0.067155
1986-10-10,0.058747
1986-10-13,0.049784
1986-10-14,0.044704
1986-10-15,0.036523
1986-10-16,0.031518
1986-10-17,0.027564
1986-10-20,0.024191
1986-10-21,0.023201
1986-10-22,0.021792
1986-10-23,0.031326
1986-10-24,0.040678
1986-10-27,0.027028
1986-10-28,0.026587
1986-10-29,0.023961
1986-10-30,0.04768
1986-10-31,0.062162
1986-11-03,0.057226
1986-11-04,0.046523
1986-11-05,0.045303
1986-11-06,0.041876
1986-11-07,0.034877
1986-11-10,0.028103
1986-11-11,0.024676
1986-11-12,0.031945
1986-11-13,0.038033
1986-11-14,0.040317
1986-11-17,0.045602
1986-11-18,0.051623
1986-11-19,0.051502
1986-11-20,0.061561
1986-11-21,0.067716
1986-11-24,0.083923
1986-11-25,0.091922
1986-11-26,0.093358
1986-11-27,0.085986
1986-11-28,0.087083
1986-12-01,0.096676
1986-12-02,0.085348
1986-12-03,0.082688
1986-12-04,0.072326
1986-12-05,0.071748
1986-12-08,0.059553
1986-12-09,0.050176
1986-12-10,0.045874
1986-12-11,0.038733
1986-12-12,0.034096
1986-12-15,0.026638
1986-12-16,0.02482
1986-12-17,0.023579
1986-12-18,0.018554
1986-12-19,0.015018
1986-12-22,0.015441
1986-12-23,0.012475
1986-12-24,0.009043
1986-12-25,0.006876
1986-12-26,0.005194
1986-12-29,0.005748
1986-12-30,0.004992
1986-12-31,0.005429
1987-01-01,0.012804
1987-01-02,0.015901
1987-01-05,0.014796
1987-01-06,0.014561
1987-01-07,0.012852
1987-01-08,0.016181
1987-01-09,0.023421
1987-01-12,0.020569
1987-01-13,0.024336
1987-01-14,0.046236
1987-01-15,0.076197
1987-01-16,0.085927
1987-01-19,0.106627
1987-01-20,0.103634
1987-01-21,0.101755
1987-01-22,0.104981
1987-01-23,0.10456
1987-01-26,0.124251
1987-01-27,0.131982
1987-01-28,0.189385
1987-01-29,0.208451
1987-01-30,0.235617
1987-02-02,0.270874
1987-02-03,0.293071
1987-02-04,0.294494
1987-02-05,0.282914
1987-02-06,0.268362
1987-02-09,0.24614
1987-02-10,0.250824
1987-02-11,0.22599
1987-02-12,0.199828
1987-02-13,0.20192
1987-02-16,0.179386
1987-02-17,0.188187
1987-02-18,0.180968
1987-02-19,0.188743
1987-02-20,0.172439
1987-02-23,0.16502
1987-02-24,0.13768
1987-02-25,0.119324
1987-02-26,0.115
1987-02-27,0.089696
1987-03-02,0.119253
1987-03-03,0.108704
1987-03-04,0.080785
1987-03-05,0.079492
1987-03-06,0.071076
1987-03-09,0.074124
1987-03-10,0.065006
1987-03-11,0.055741
1987-03-12,0.048471
1987-03-13,0.041765
1987-03-16,0.046709
1987-03-17,0.049559
1987-03-18,0.045133
1987-03-19,0.031132
1987-03-20,0.023579
1987-03-23,0.015545
1987-03-24,0.011475
1987-03-25,0.01229
1987-03-26,0.008145
1987-03-27,0.009413
1987-03-30,0.012917
1987-03-31,0.015009
1987-04-01,0.019597
1987-04-02,0.025923
1987-04-03,0.027719
1987-04-06,0.039463
1987-04-07,0.041358
1987-04-08,0.036822
1987-04-09,0.030605
1987-04-10,0.026498
1987-04-13,0.035035
1987-04-14,0.032927
1987-04-15,0.04324
1987-04-16,0.042418
1987-04-17,0.040334
1987-04-20,0.033416
1987-04-21,0.030184
1987-04-22,0.030283
1987-04-23,0.026624
1987-04-24,0.018604
1987-04-27,0.026887
1987-04-28,0.02752
1987-04-29,0.027887
1987-04-30,0.026506
1987-05-01,0.024878
1987-05-04,0.014232
1987-05-05,0.014636
1987-05-06,0.01686
1987-05-07,0.018368
1987-05-08,0.020417
1987-05-11,0.030419
1987-05-12,0.037899
1987-05-13,0.040435
1987-05-14,0.04361
1987-05-15,0.028836
1987-05-18,0.025219
1987-05-19,0.023675
1987-05-20,0.019099
1987-05-21,0.017889
1987-05-22,0.017348
1987-05-25,0.016194
1987-05-26,0.010868
1987-05-27,0.009786
1987-05-28,0.010865
1987-05-29,0.009528
1987-06-01,0.009733
1987-06-02,0.014582
1987-06-03,0.018432
1987-06-04,0.019462
1987-06-05,0.020997
1987-06-08,0.021958
1987-06-09,0.022816
1987-06-10,0.02099
1987-06-11,0.019192
1987-06-12,0.013058
1987-06-15,0.012573
1987-06-16,0.010056
1987-06-17,0.011713
1987-06-18,0.011757
1987-06-19,0.010571
1987-06-22,0.016054
1987-06-23,0.015188
1987-06-24,0.021746
1987-06-25,0.03082
1987-06-26,0.0345
1987-06-29,0.039723
1987-06-30,0.037885
1987-07-01,0.041965
1987-07-02,0.047909
1987-07-03,0.051416
1987-07-06,0.045536
1987-07-07,0.042573
1987-07-08,0.04125
1987-07-09,0.038338
1987-07-10,0.036843
1987-07-13,0.025783
1987-07-14,0.020556
1987-07-15,0.012471
1987-07-16,0.008741
1987-07-17,0.006288
1987-07-20,0.008545
1987-07-21,0.007098
1987-07-22,0.006312
1987-07-23,0.006408
1987-07-24,0.006822
1987-07-27,0.008808
1987-07-28,0.009231
1987-07-29,0.012667
1987-07-30,0.009858
1987-07-31,0.013759
1987-08-03,0.020182
1987-08-04,0.017036
1987-08-05,0.018966
1987-08-06,0.028229
1987-08-07,0.0315
1987-08-10,0.029841
1987-08-11,0.023902
1987-08-12,0.01997
1987-08-13,0.026164
1987-08-14,0.023583
1987-08-17,0.027449
1987-08-18,0.021047
1987-08-19,0.026758
1987-08-20,0.03292
1987-08-21,0.026535
1987-08-24,0.025572
1987-08-25,0.023694
1987-08-26,0.020852
1987-08-27,0.020348
1987-08-28,0.018585
1987-08-31,0.017434
1987-09-01,0.016055
1987-09-02,0.013817
1987-09-03,0.009968
1987-09-04,0.008838
1987-09-07,0.007516
1987-09-08,0.011032
1987-09-09,0.014909
1987-09-10,0.015596
1987-09-11,0.016236
1987-09-14,0.01174
1987-09-15,0.009537
1987-09-16,0.00572
1987-09-17,0.006343
1987-09-18,0.004356
1987-09-21,0.004862
1987-09-22,0.003188
1987-09-23,0.002941
1987-09-24,0.003578
1987-09-25,0.003441
1987-09-28,0.002817
1987-09-29,0.003694
1987-09-30,0.003274
1987-10-01,0.003883
1987-10-02,0.00366
1987-10-05,0.004283
1987-10-06,0.002039
1987-10-07,0.003415
1987-10-08,0.007839
1987-10-09,0.005249
1987-10-12,0.017591
1987-10-13,0.020658
1987-10-14,0.024284
1987-10-15,0.046333
1987-10-16,0.061549
1987-10-19,0.105698
1987-10-20,0.125857
1987-10-21,0.148419
1987-10-22,0.132974
1987-10-23,0.160662
1987-10-26,0.158746
1987-10-27,0.189588
1987-10-28,0.193079
1987-10-29,0.224759
1987-10-30,0.246885
1987-11-02,0.258367
1987-11-03,0.261265
1987-11-04,0.223652
1987-11-05,0.25301
1987-11-06,0.276026
1987-11-09,0.291476
1987-11-10,0.299525
1987-11-11,0.302732
1987-11-12,0.309167
1987-11-13,0.296124
1987-11-16,0.283156
1987-11-17,0.276733
1987-11-18,0.280311
1987-11-19,0.272472
1987-11-20,0.262266
1987-11-23,0.255071
1987-11-24,0.233213
1987-11-25,0.263808
1987-11-26,0.276096
1987-11-27,0.269777
1987-11-30,0.27623
1987-12-01,0.277591
1987-12-02,0.219037
1987-12-03,0.244802
1987-12-04,0.24207
1987-12-07,0.237088
1987-12-08,0.229779
1987-12-09,0.221299
1987-12-10,0.218128
1987-12-11,0.21819
1987-12-14,0.227339
1987-12-15,0.217828
1987-12-16,0.211634
1987-12-17,0.19678
1987-12-18,0.186222
1987-12-21,0.18088
1987-12-22,0.172841
1987-12-23,0.164321
1987-12-24,0.15277
1987-12-25,0.139072
1987-12-28,0.125126
1987-12-29,0.120506
1987-12-30,0.130951
1987-12-31,0.15273
1988-01-01,0.167132
1988-01-04,0.18963
1988-01-05,0.229581
1988-01-06,0.254965
1988-01-07,0.265137
1988-01-08,0.267062
1988-01-11,0.277584
1988-01-12,0.287073
1988-01-13,0.293006
1988-01-14,0.282508
1988-01-15,0.290179
1988-01-18,0.247422
1988-01-19,0.256025
1988-01-20,0.24257
1988-01-21,0.235538
1988-01-22,0.237623
1988-01-25,0.23597
1988-01-26,0.222475
1988-01-27,0.203528
1988-01-28,0.199436
1988-01-29,0.197394
1988-02-01,0.181543
1988-02-02,0.187894
1988-02-03,0.18266
1988-02-04,0.178613
1988-02-05,0.169963
1988-02-08,0.149478
1988-02-09,0.154593
1988-02-10,0.15342
1988-02-11,0.164914
1988-02-12,0.160481
1988-02-15,0.162277
1988-02-16,0.143974
1988-02-17,0.140749
1988-02-18,0.138242
1988-02-19,0.133922
1988-02-22,0.127743
1988-02-23,0.12776
1988-02-24,0.123452
1988-02-25,0.116019
1988-02-26,0.110118
1988-02-29,0.108003
1988-03-01,0.0703
1988-03-02,0.063995
1988-03-03,0.058932
1988-03-04,0.051187
1988-03-07,0.021209
1988-03-08,0.020516
1988-03-09,0.020703
1988-03-10,0.025671
1988-03-11,0.027814
1988-03-14,0.029133
1988-03-15,0.031985
1988-03-16,0.032577
1988-03-17,0.032397
1988-03-18,0.040071
1988-03-21,0.044197
1988-03-22,0.059012
1988-03-23,0.062892
1988-03-24,0.065931
1988-03-25,0.077064
1988-03-28,0.095296
1988-03-29,0.108352
1988-03-30,0.117731
1988-03-31,0.122063
1988-04-01,0.123757
1988-04-04,0.123888
1988-04-05,0.111276
1988-04-06,0.110611
1988-04-07,0.116029
1988-04-08,0.112964
1988-04-11,0.104178
1988-04-12,0.104214
1988-04-13,0.09466
1988-04-14,0.087883
1988-04-15,0.105781
1988-04-18,0.091827
1988-04-19,0.096482
1988-04-20,0.10222
1988-04-21,0.09793
1988-04-22,0.087631
1988-04-25,0.076485
1988-04-26,0.06577
1988-04-27,0.05792
1988-04-28,0.039586
1988-04-29,0.03632
1988-05-02,0.032624
1988-05-03,0.035618
1988-05-04,0.03561
1988-05-05,0.040288
1988-05-06,0.040697
1988-05-09,0.028784
1988-05-10,0.028399
1988-05-11,0.047389
1988-05-12,0.060839
1988-05-13,0.070811
1988-05-16,0.06541
1988-05-17,0.066386
1988-05-18,0.077212
1988-05-19,0.071874
1988-05-20,0.075165
1988-05-23,0.076756
1988-05-24,0.074002
1988-05-25,0.07556
1988-05-26,0.077806
1988-05-27,0.073387
1988-05-30,0.071337
1988-05-31,0.05963
1988-06-01,0.057872
1988-06-02,0.06216
1988-06-03,0.06926
1988-06-06,0.069628
1988-06-07,0.075339
1988-06-08,0.073932
1988-06-09,0.081051
1988-06-10,0.07864
1988-06-13,0.073393
1988-06-14,0.052175
1988-06-15,0.047819
1988-06-16,0.053332
1988-06-17,0.059955
1988-06-20,0.06181
1988-06-21,0.058733
1988-06-22,0.051696
1988-06-23,0.051811
1988-06-24,0.054986
1988-06-27,0.052197
1988-06-28,0.058459
1988-06-29,0.061722
1988-06-30,0.067895
1988-07-01,0.06021
1988-07-04,0.063496
1988-07-05,0.069626
1988-07-06,0.086399
1988-07-07,0.087026
1988-07-08,0.083674
1988-07-11,0.091294
1988-07-12,0.085411
1988-07-13,0.081754
1988-07-14,0.077171
1988-07-15,0.085272
1988-07-18,0.091932
1988-07-19,0.087105
1988-07-20,0.081453
1988-07-21,0.07896
1988-07-22,0.068735
1988-07-25,0.063934
1988-07-26,0.050799
1988-07-27,0.046527
1988-07-28,0.048247
1988-07-29,0.03976
1988-08-01,0.023932
1988-08-02,0.020111
1988-08-03,0.018234
1988-08-04,0.017299
1988-08-05,0.013357
1988-08-08,0.016759
1988-08-09,0.019276
1988-08-10,0.019549
1988-08-11,0.025072
1988-08-12,0.033391
1988-08-15,0.037732
1988-08-16,0.035062
1988-08-17,0.043712
1988-08-18,0.049944
1988-08-19,0.053772
1988-08-22,0.054428
1988-08-23,0.057169
1988-08-24,0.047824
1988-08-25,0.051512
1988-08-26,0.058449
1988-08-29,0.061218
1988-08-30,0.059894
1988-08-31,0.05998
1988-09-01,0.062635
1988-09-02,0.072735
1988-09-05,0.061674
1988-09-06,0.064126
1988-09-07,0.067597
1988-09-08,0.080818
1988-09-09,0.077237
1988-09-12,0.068178
1988-09-13,0.061761
1988-09-14,0.04573
1988-09-15,0.04037
1988-09-16,0.042581
1988-09-19,0.026543
1988-09-20,0.027268
1988-09-21,0.021259
1988-09-22,0.020972
1988-09-23,0.021674
1988-09-26,0.021842
1988-09-27,0.017336
1988-09-28,0.02188
1988-09-29,0.017783
1988-09-30,0.016738
1988-10-03,0.01931
1988-10-04,0.019974
1988-10-05,0.02182
1988-10-06,0.024367
1988-10-07,0.025077
1988-10-10,0.014734
1988-10-11,0.011886
1988-10-12,0.011693
1988-10-13,0.008399
1988-10-14,0.008585
1988-10-17,0.013405
1988-10-18,0.011499
1988-10-19,0.011484
1988-10-20,0.013377
1988-10-21,0.01043
1988-10-24,0.013228
1988-10-25,0.014172
1988-10-26,0.015942
1988-10-27,0.019751
1988-10-28,0.013973
1988-10-31,0.019679
1988-11-01,0.015429
1988-11-02,0.016637
1988-11-03,0.018075
1988-11-04,0.010894
1988-11-07,0.008528
1988-11-08,0.007745
1988-11-09,0.009813
1988-11-10,0.014807
1988-11-11,0.021512
1988-11-14,0.022444
1988-11-15,0.024838
1988-11-16,0.026073
1988-11-17,0.028806
1988-11-18,0.028727
1988-11-21,0.030394
1988-11-22,0.032517
1988-11-23,0.028247
1988-11-24,0.026337
1988-11-25,0.025456
1988-11-28,0.019977
1988-11-29,0.026351
1988-11-30,0.025484
1988-12-01,0.019143
1988-12-02,0.018668
1988-12-05,0.016484
1988-12-06,0.015131
1988-12-07,0.015438
1988-12-08,0.019885
1988-12-09,0.018993
1988-12-12,0.026108
1988-12-13,0.026636
1988-12-14,0.029282
1988-12-15,0.030777
1988-12-16,0.034076
1988-12-19,0.033213
1988-12-20,0.033779
1988-12-21,0.041843
1988-12-22,0.045167
1988-12-23,0.048855
1988-12-26,0.051173
1988-12-27,0.047799
1988-12-28,0.050105
1988-12-29,0.047722
1988-12-30,0.050665
1989-01-02,0.039184
1989-01-03,0.028854
1989-01-04,0.028502
1989-01-05,0.024156
1989-01-06,0.026633
1989-01-09,0.023702
1989-01-10,0.016493
1989-01-11,0.017894
1989-01-12,0.014693
1989-01-13,0.015906
1989-01-16,0.011926
1989-01-17,0.009957
1989-01-18,0.018239
1989-01-19,0.015361
1989-01-20,0.008949
1989-01-23,0.005866
1989-01-24,0.00368
1989-01-25,0.002996
1989-01-26,0.003276
1989-01-27,0.00423
1989-01-30,0.00613
1989-01-31,0.008555
1989-02-01,0.009071
1989-02-02,0.006279
1989-02-03,0.005928
1989-02-06,0.006624
1989-02-07,0.007883
1989-02-08,0.00799
1989-02-09,0.01044
1989-02-10,0.011952
1989-02-13,0.020347
1989-02-14,0.021022
1989-02-15,0.027303
1989-02-16,0.021818
1989-02-17,0.011913
1989-02-20,0.011008
1989-02-21,0.0096
1989-02-22,0.022269
1989-02-23,0.045795
1989-02-24,0.051189
1989-02-27,0.07617
1989-02-28,0.070736
1989-03-01,0.070875
1989-03-02,0.057054
1989-03-03,0.04427
1989-03-06,0.042584
1989-03-07,0.035712
1989-03-08,0.027577
1989-03-09,0.021841
1989-03-10,0.018446
1989-03-13,0.013742
1989-03-14,0.013419
1989-03-15,0.014049
1989-03-16,0.011236
1989-03-17,0.011516
1989-03-20,0.010317
1989-03-21,0.008824
1989-03-22,0.006093
1989-03-23,0.004944
1989-03-24,0.00463
1989-03-27,0.004492
1989-03-28,0.010786
1989-03-29,0.009492
1989-03-30,0.009475
1989-03-31,0.008601
1989-04-03,0.016155
1989-04-04,0.014882
1989-04-05,0.015604
1989-04-06,0.014298
1989-04-07,0.011869
1989-04-10,0.011397
1989-04-11,0.01621
1989-04-12,0.015576
1989-04-13,0.024726
1989-04-14,0.019134
1989-04-17,0.02692
1989-04-18,0.018589
1989-04-19,0.022021
1989-04-20,0.030862
1989-04-21,0.015008
1989-04-24,0.017185
1989-04-25,0.015712
1989-04-26,0.015406
1989-04-27,0.011218
1989-04-28,0.011903
1989-05-01,0.013378
1989-05-02,0.012443
1989-05-03,0.012361
1989-05-04,0.01035
1989-05-05,0.012054
1989-05-08,0.008576
1989-05-09,0.009326
1989-05-10,0.005167
1989-05-11,0.009747
1989-05-12,0.006546
1989-05-15,0.007488
1989-05-16,0.010518
1989-05-17,0.017151
1989-05-18,0.01656
1989-05-19,0.017372
1989-05-22,0.028118
1989-05-23,0.02643
1989-05-24,0.031306
1989-05-25,0.036899
1989-05-26,0.03162
1989-05-29,0.025922
1989-05-30,0.029148
1989-05-31,0.024471
1989-06-01,0.023661
1989-06-02,0.0189
1989-06-05,0.016154
1989-06-06,0.014792
1989-06-07,0.01488
1989-06-08,0.010355
1989-06-09,0.00917
1989-06-12,0.012594
1989-06-13,0.009961
1989-06-14,0.010841
1989-06-15,0.008779
1989-06-16,0.008566
1989-06-19,0.008462
1989-06-20,0.007196
1989-06-21,0.006433
1989-06-22,0.005811
1989-06-23,0.006478
1989-06-26,0.00708
1989-06-27,0.005487
1989-06-28,0.010525
1989-06-29,0.017916
1989-06-30,0.01682
1989-07-03,0.020681
1989-07-04,0.021166
1989-07-05,0.020646
1989-07-06,0.021705
1989-07-07,0.016038
1989-07-10,0.016207
1989-07-11,0.014449
1989-07-12,0.012393
1989-07-13,0.010559
1989-07-14,0.008329
1989-07-17,0.005976
1989-07-18,0.005276
1989-07-19,0.005829
1989-07-20,0.006339
1989-07-21,0.006984
1989-07-24,0.007273
1989-07-25,0.008761
1989-07-26,0.009052
1989-07-27,0.009642
1989-07-28,0.008241
1989-07-31,0.00712
1989-08-01,0.007542
1989-08-02,0.006662
1989-08-03,0.007082
1989-08-04,0.00532
1989-08-07,0.005138
1989-08-08,0.004162
1989-08-09,0.003578
1989-08-10,0.003915
1989-08-11,0.002966
1989-08-14,0.004747
1989-08-15,0.005709
1989-08-16,0.004249
1989-08-17,0.002969
1989-08-18,0.008062
1989-08-21,0.00824
1989-08-22,0.006787
1989-08-23,0.006106
1989-08-24,0.00442
1989-08-25,0.005073
1989-08-28,0.008071
1989-08-29,0.007097
1989-08-30,0.007941
1989-08-31,0.007564
1989-09-01,0.006859
1989-09-04,0.007821
1989-09-05,0.007669
1989-09-06,0.007339
1989-09-07,0.005805
1989-09-08,0.005633
1989-09-11,0.006192
1989-09-12,0.006374
1989-09-13,0.009282
1989-09-14,0.01085
1989-09-15,0.01335
1989-09-18,0.013311
1989-09-19,0.013267
1989-09-20,0.013938
1989-09-21,0.012505
1989-09-22,0.010244
1989-09-25,0.010941
1989-09-26,0.008918
1989-09-27,0.009164
1989-09-28,0.009772
1989-09-29,0.008674
1989-10-02,0.009153
1989-10-03,0.010613
1989-10-04,0.009904
1989-10-05,0.008458
1989-10-06,0.007066
1989-10-09,0.01196
1989-10-10,0.013806
1989-10-11,0.011784
1989-10-12,0.01094
1989-10-13,0.010209
1989-10-16,0.054839
1989-10-17,0.070499
1989-10-18,0.086918
1989-10-19,0.088764
1989-10-20,0.086227
1989-10-23,0.081585
1989-10-24,0.079218
1989-10-25,0.080982
1989-10-26,0.076823
1989-10-27,0.100836
1989-10-30,0.095036
1989-10-31,0.120935
1989-11-01,0.132033
1989-11-02,0.136112
1989-11-03,0.140599
1989-11-06,0.133662
1989-11-07,0.149036
1989-11-08,0.141276
1989-11-09,0.13028
1989-11-10,0.125576
1989-11-13,0.118141
1989-11-14,0.11147
1989-11-15,0.109661
1989-11-16,0.09751
1989-11-17,0.075429
1989-11-20,0.077914
1989-11-21,0.078955
1989-11-22,0.062178
1989-11-23,0.063732
1989-11-24,0.063836
1989-11-27,0.062472
1989-11-28,0.055639
1989-11-29,0.047025
1989-11-30,0.039613
1989-12-01,0.044496
1989-12-04,0.041937
1989-12-05,0.036888
1989-12-06,0.028454
1989-12-07,0.02304
1989-12-08,0.021275
1989-12-11,0.015806
1989-12-12,0.010465
1989-12-13,0.011376
1989-12-14,0.010465
1989-12-15,0.010312
1989-12-18,0.010338
1989-12-19,0.007203
1989-12-20,0.00852
1989-12-21,0.005252
1989-12-22,0.004339
1989-12-25,0.004522
1989-12-26,0.003926
1989-12-27,0.009704
1989-12-28,0.010854
1989-12-29,0.010541
1990-01-01,0.010052
1990-01-02,0.009901
1990-01-03,0.021962
1990-01-04,0.036015
1990-01-05,0.04467
1990-01-08,0.04769
1990-01-09,0.049534
1990-01-10,0.0432
1990-01-11,0.040938
1990-01-12,0.037142
1990-01-15,0.037988
1990-01-16,0.037422
1990-01-17,0.043345
1990-01-18,0.04559
1990-01-19,0.042861
1990-01-22,0.041005
1990-01-23,0.035935
1990-01-24,0.042898
1990-01-25,0.039165
1990-01-26,0.043095
1990-01-29,0.043071
1990-01-30,0.04528
1990-01-31,0.042735
1990-02-01,0.042769
1990-02-02,0.042831
1990-02-05,0.041395
1990-02-06,0.028259
1990-02-07,0.036595
1990-02-08,0.052369
1990-02-09,0.045876
1990-02-12,0.057263
1990-02-13,0.053379
1990-02-14,0.047579
1990-02-15,0.045483
1990-02-16,0.043673
1990-02-19,0.04322
1990-02-20,0.056619
1990-02-21,0.057535
1990-02-22,0.052567
1990-02-23,0.067802
1990-02-26,0.072665
1990-02-27,0.070141
1990-02-28,0.069854
1990-03-01,0.07887
1990-03-02,0.072114
1990-03-05,0.058504
1990-03-06,0.063834
1990-03-07,0.061555
1990-03-08,0.046775
1990-03-09,0.044274
1990-03-12,0.049728
1990-03-13,0.043808
1990-03-14,0.03452
1990-03-15,0.027616
1990-03-16,0.031018
1990-03-19,0.027228
1990-03-20,0.018524
1990-03-21,0.018042
1990-03-22,0.013169
1990-03-23,0.011715
1990-03-26,0.013348
1990-03-27,0.011911
1990-03-28,0.010028
1990-03-29,0.011172
1990-03-30,0.014965
1990-04-02,0.017657
1990-04-03,0.023794
1990-04-04,0.022424
1990-04-05,0.021348
1990-04-06,0.021793
1990-04-09,0.018045
1990-04-10,0.016791
1990-04-11,0.014631
1990-04-12,0.01441
1990-04-13,0.01218
1990-04-16,0.011155
1990-04-17,0.012516
1990-04-18,0.012797
1990-04-19,0.01123
1990-04-20,0.008096
1990-04-23,0.013558
1990-04-24,0.013638
1990-04-25,0.015306
1990-04-26,0.01712
1990-04-27,0.01495
1990-04-30,0.01289
1990-05-01,0.010193
1990-05-02,0.012632
1990-05-03,0.011107
1990-05-04,0.012034
1990-05-07,0.012878
1990-05-08,0.01584
1990-05-09,0.014452
1990-05-10,0.01319
1990-05-11,0.017867
1990-05-14,0.011637
1990-05-15,0.007166
1990-05-16,0.005732
1990-05-17,0.004746
1990-05-18,0.004082
1990-05-21,0.00236
1990-05-22,0.003487
1990-05-23,0.00222
1990-05-24,0.002504
1990-05-25,0.00221
1990-05-28,0.002109
1990-05-29,0.002974
1990-05-30,0.00317
1990-05-31,0.002637
1990-06-01,0.005201
1990-06-04,0.005016
1990-06-05,0.003637
1990-06-06,0.005947
1990-06-07,0.00477
1990-06-08,0.005753
1990-06-11,0.006931
1990-06-12,0.008394
1990-06-13,0.008995
1990-06-14,0.0106
1990-06-15,0.009612
1990-06-18,0.009405
1990-06-19,0.008613
1990-06-20,0.009522
1990-06-21,0.00864
1990-06-22,0.010184
1990-06-25,0.011092
1990-06-26,0.011889
1990-06-27,0.011988
1990-06-28,0.010392
1990-06-29,0.011896
1990-07-02,0.014002
1990-07-03,0.026789
1990-07-04,0.025178
1990-07-05,0.027038
1990-07-06,0.019043
1990-07-09,0.021198
1990-07-10,0.024804
1990-07-11,0.021863
1990-07-12,0.017684
1990-07-13,0.022961
1990-07-16,0.022667
1990-07-17,0.018765
1990-07-18,0.029408
1990-07-19,0.024369
1990-07-20,0.016004
1990-07-23,0.020841
1990-07-24,0.021396
1990-07-25,0.018389
1990-07-26,0.016047
1990-07-27,0.015575
1990-07-30,0.014951
1990-07-31,0.018302
1990-08-01,0.02398
1990-08-02,0.041457
1990-08-03,0.05967
1990-08-06,0.078435
1990-08-07,0.075105
1990-08-08,0.085761
1990-08-09,0.084714
1990-08-10,0.076839
1990-08-13,0.100032
1990-08-14,0.087594
1990-08-15,0.096072
1990-08-16,0.095998
1990-08-17,0.111035
1990-08-20,0.122809
1990-08-21,0.12658
1990-08-22,0.096718
1990-08-23,0.106728
1990-08-24,0.09495
1990-08-27,0.093658
1990-08-28,0.097141
1990-08-29,0.084123
1990-08-30,0.071711
1990-08-31,0.087716
1990-09-03,0.089897
1990-09-04,0.090497
1990-09-05,0.078125
1990-09-06,0.069058
1990-09-07,0.067315
1990-09-10,0.077375
1990-09-11,0.083015
1990-09-12,0.086384
1990-09-13,0.089389
1990-09-14,0.091618
1990-09-17,0.091844
1990-09-18,0.089519
1990-09-19,0.079006
1990-09-20,0.085195
1990-09-21,0.09062
1990-09-24,0.099812
1990-09-25,0.104767
1990-09-26,0.103348
1990-09-27,0.108931
1990-09-28,0.118189
1990-10-01,0.116151
1990-10-02,0.087627
1990-10-03,0.08759
1990-10-04,0.101747
1990-10-05,0.120773
1990-10-08,0.159046
1990-10-09,0.165955
1990-10-10,0.172948
1990-10-11,0.162675
1990-10-12,0.156721
1990-10-15,0.143175
1990-10-16,0.128348
1990-10-17,0.113194
1990-10-18,0.099857
1990-10-19,0.084548
1990-10-22,0.076525
1990-10-23,0.080076
1990-10-24,0.075701
1990-10-25,0.065352
1990-10-26,0.066805
1990-10-29,0.062055
1990-10-30,0.055213
1990-10-31,0.05076
1990-11-01,0.042018
1990-11-02,0.045802
1990-11-05,0.040519
1990-11-06,0.039586
1990-11-07,0.048285
1990-11-08,0.05038
1990-11-09,0.042443
1990-11-12,0.036806
1990-11-13,0.027568
1990-11-14,0.030137
1990-11-15,0.028274
1990-11-16,0.025242
1990-11-19,0.02421
1990-11-20,0.02213
1990-11-21,0.023547
1990-11-22,0.022965
1990-11-23,0.022871
1990-11-26,0.031088
1990-11-27,0.02986
1990-11-28,0.032232
1990-11-29,0.042632
1990-11-30,0.050672
1990-12-03,0.06293
1990-12-04,0.071326
1990-12-05,0.080316
1990-12-06,0.106008
1990-12-07,0.121068
1990-12-10,0.119803
1990-12-11,0.126461
1990-12-12,0.12889
1990-12-13,0.12664
1990-12-14,0.113548
1990-12-17,0.130214
1990-12-18,0.124825
1990-12-19,0.12396
1990-12-20,0.12903
1990-12-21,0.117993
1990-12-24,0.113636
1990-12-25,0.11654
1990-12-26,0.110393
1990-12-27,0.130543
1990-12-28,0.131667
1990-12-31,0.13551
1991-01-01,0.142765
1991-01-02,0.150855
1991-01-03,0.149354
1991-01-04,0.152621
1991-01-07,0.198168
1991-01-08,0.199693
1991-01-09,0.206478
1991-01-10,0.221183
1991-01-11,0.234534
1991-01-14,0.296206
1991-01-15,0.293883
1991-01-16,0.276993
1991-01-17,0.314809
1991-01-18,0.328729
1991-01-21,0.321508
1991-01-22,0.300841
1991-01-23,0.289989
1991-01-24,0.298751
1991-01-25,0.298628
1991-01-28,0.290296
1991-01-29,0.287775
1991-01-30,0.269932
1991-01-31,0.255681
1991-02-01,0.24654
1991-02-04,0.234225
1991-02-05,0.251139
1991-02-06,0.241544
1991-02-07,0.222965
1991-02-08,0.214246
1991-02-11,0.202547
1991-02-12,0.196372
1991-02-13,0.195083
1991-02-14,0.202089
1991-02-15,0.203885
1991-02-18,0.195521
1991-02-19,0.177506
1991-02-20,0.172301
1991-02-21,0.161313
1991-02-22,0.156966
1991-02-25,0.144993
1991-02-26,0.140546
1991-02-27,0.131823
1991-02-28,0.129726
1991-03-01,0.128227
1991-03-04,0.117809
1991-03-05,0.110809
1991-03-06,0.109697
1991-03-07,0.106002
1991-03-08,0.088534
1991-03-11,0.088423
1991-03-12,0.075282
1991-03-13,0.074739
1991-03-14,0.077165
1991-03-15,0.066389
1991-03-18,0.077798
1991-03-19,0.098292
1991-03-20,0.124243
1991-03-21,0.132078
1991-03-22,0.125722
1991-03-25,0.118227
1991-03-26,0.101139
1991-03-27,0.094896
1991-03-28,0.107081
1991-03-29,0.096228
1991-04-01,0.082736
1991-04-02,0.072476
1991-04-03,0.064552
1991-04-04,0.073016
1991-04-05,0.074608
1991-04-08,0.074516
1991-04-09,0.068613
1991-04-10,0.065515
1991-04-11,0.056922
1991-04-12,0.050036
1991-04-15,0.04206
1991-04-16,0.03883
1991-04-17,0.034242
1991-04-18,0.034016
1991-04-19,0.0426
1991-04-22,0.046219
1991-04-23,0.045281
1991-04-24,0.043407
1991-04-25,0.040392
1991-04-26,0.037062
1991-04-29,0.043356
1991-04-30,0.058476
1991-05-01,0.068667
1991-05-02,0.040856
1991-05-03,0.042108
1991-05-06,0.046337
1991-05-07,0.051885
1991-05-08,0.042879
1991-05-09,0.047551
1991-05-10,0.0441
1991-05-13,0.051025
1991-05-14,0.054607
1991-05-15,0.052978
1991-05-16,0.050713
1991-05-17,0.061178
1991-05-20,0.064541
1991-05-21,0.055063
1991-05-22,0.045179
1991-05-23,0.042235
1991-05-24,0.03793
1991-05-27,0.0395
1991-05-28,0.039368
1991-05-29,0.033694
1991-05-30,0.031466
1991-05-31,0.025579
1991-06-03,0.020009
1991-06-04,0.019102
1991-06-05,0.015996
1991-06-06,0.019077
1991-06-07,0.025122
1991-06-10,0.024194
1991-06-11,0.021025
1991-06-12,0.020859
1991-06-13,0.017904
1991-06-14,0.015911
1991-06-17,0.014593
1991-06-18,0.014446
1991-06-19,0.012772
1991-06-20,0.012501
1991-06-21,0.013363
1991-06-24,0.013519
1991-06-25,0.013943
1991-06-26,0.012708
1991-06-27,0.010842
1991-06-28,0.008758
1991-07-01,0.008312
1991-07-02,0.013198
1991-07-03,0.014934
1991-07-04,0.014153
1991-07-05,0.014269
1991-07-08,0.035523
1991-07-09,0.045085
1991-07-10,0.045941
1991-07-11,0.055533
1991-07-12,0.06307
1991-07-15,0.064819
1991-07-16,0.068944
1991-07-17,0.060946
1991-07-18,0.068728
1991-07-19,0.075777
1991-07-22,0.07269
1991-07-23,0.063767
1991-07-24,0.06944
1991-07-25,0.067703
1991-07-26,0.064827
1991-07-29,0.061597
1991-07-30,0.063221
1991-07-31,0.058464
1991-08-01,0.04189
1991-08-02,0.054613
1991-08-05,0.061395
1991-08-06,0.060086
1991-08-07,0.052905
1991-08-08,0.051444
1991-08-09,0.045959
1991-08-12,0.045459
1991-08-13,0.038185
1991-08-14,0.033914
1991-08-15,0.036626
1991-08-16,0.043925
1991-08-19,0.094644
1991-08-20,0.150085
1991-08-21,0.192762
1991-08-22,0.216661
1991-08-23,0.232392
1991-08-26,0.240464
1991-08-27,0.241644
1991-08-28,0.24083
1991-08-29,0.24171
1991-08-30,0.2256
1991-09-02,0.213477
1991-09-03,0.192092
1991-09-04,0.17452
1991-09-05,0.16474
1991-09-06,0.15407
1991-09-09,0.179582
1991-09-10,0.167845
1991-09-11,0.149781
1991-09-12,0.138761
1991-09-13,0.124995
1991-09-16,0.115899
1991-09-17,0.099964
1991-09-18,0.086536
1991-09-19,0.074682
1991-09-20,0.064009
1991-09-23,0.061226
1991-09-24,0.054155
1991-09-25,0.049524
1991-09-26,0.046515
1991-09-27,0.032823
1991-09-30,0.034698
1991-10-01,0.034288
1991-10-02,0.034836
1991-10-03,0.027312
1991-10-04,0.034629
1991-10-07,0.035566
1991-10-08,0.040371
1991-10-09,0.043417
1991-10-10,0.044568
1991-10-11,0.047125
1991-10-14,0.045679
1991-10-15,0.035558
1991-10-16,0.035849
1991-10-17,0.036356
1991-10-18,0.033652
1991-10-21,0.03195
1991-10-22,0.02539
1991-10-23,0.027215
1991-10-24,0.028658
1991-10-25,0.028923
1991-10-28,0.022768
1991-10-29,0.023273
1991-10-30,0.024844
1991-10-31,0.030717
1991-11-01,0.034361
1991-11-04,0.043178
1991-11-05,0.04369
1991-11-06,0.049537
1991-11-07,0.048161
1991-11-08,0.04078
1991-11-11,0.049406
1991-11-12,0.055166
1991-11-13,0.067342
1991-11-14,0.073196
1991-11-15,0.073042
1991-11-18,0.045201
1991-11-19,0.055415
1991-11-20,0.063192
1991-11-21,0.058605
1991-11-22,0.043311
1991-11-25,0.036299
1991-11-26,0.029844
1991-11-27,0.039876
1991-11-28,0.039332
1991-11-29,0.033439
1991-12-02,0.031842
1991-12-03,0.037305
1991-12-04,0.035336
1991-12-05,0.038662
1991-12-06,0.038638
1991-12-09,0.039036
1991-12-10,0.039619
1991-12-11,0.03913
1991-12-12,0.036551
1991-12-13,0.025794
1991-12-16,0.028442
1991-12-17,0.02514
1991-12-18,0.028085
1991-12-19,0.029223
1991-12-20,0.033828
1991-12-23,0.052749
1991-12-24,0.059869
1991-12-25,0.067929
1991-12-26,0.066943
1991-12-27,0.058266
1991-12-30,0.059966
1991-12-31,0.070446
1992-01-01,0.073958
1992-01-02,0.076809
1992-01-03,0.07415
1992-01-06,0.093193
1992-01-07,0.111217
1992-01-08,0.119275
1992-01-09,0.129258
1992-01-10,0.142489
1992-01-13,0.152144
1992-01-14,0.154119
1992-01-15,0.179965
1992-01-16,0.181147
1992-01-17,0.187806
1992-01-20,0.181443
1992-01-21,0.191929
1992-01-22,0.180423
1992-01-23,0.159054
1992-01-24,0.141767
1992-01-27,0.131505
1992-01-28,0.128458
1992-01-29,0.127811
1992-01-30,0.121749
1992-01-31,0.111974
1992-02-03,0.107794
1992-02-04,0.096922
1992-02-05,0.088544
1992-02-06,0.064631
1992-02-07,0.095745
1992-02-10,0.100682
1992-02-11,0.110714
1992-02-12,0.111925
1992-02-13,0.120534
1992-02-14,0.115717
1992-02-17,0.109039
1992-02-18,0.115979
1992-02-19,0.109624
1992-02-20,0.099822
1992-02-21,0.095711
1992-02-24,0.087979
1992-02-25,0.089878
1992-02-26,0.073198
1992-02-27,0.06732
1992-02-28,0.066342
1992-03-02,0.062598
1992-03-03,0.057325
1992-03-04,0.056803
1992-03-05,0.052319
1992-03-06,0.043631
1992-03-09,0.042929
1992-03-10,0.043056
1992-03-11,0.038933
1992-03-12,0.032853
1992-03-13,0.035045
1992-03-16,0.035519
1992-03-17,0.037093
1992-03-18,0.035088
1992-03-19,0.034549
1992-03-20,0.037864
1992-03-23,0.01952
1992-03-24,0.020642
1992-03-25,0.025042
1992-03-26,0.030313
1992-03-27,0.03279
1992-03-30,0.036781
1992-03-31,0.038796
1992-04-01,0.037563
1992-04-02,0.035024
1992-04-03,0.038991
1992-04-06,0.034455
1992-04-07,0.040035
1992-04-08,0.030433
1992-04-09,0.035197
1992-04-10,0.028689
1992-04-13,0.03293
1992-04-14,0.037177
1992-04-15,0.043551
1992-04-16,0.046478
1992-04-17,0.04746
1992-04-20,0.046201
1992-04-21,0.045287
1992-04-22,0.041663
1992-04-23,0.0413
1992-04-24,0.031866
1992-04-27,0.029832
1992-04-28,0.036008
1992-04-29,0.037944
1992-04-30,0.038846
1992-05-01,0.040438
1992-05-04,0.047942
1992-05-05,0.036995
1992-05-06,0.041734
1992-05-07,0.042699
1992-05-08,0.043363
1992-05-11,0.045222
1992-05-12,0.03663
1992-05-13,0.046204
1992-05-14,0.052615
1992-05-15,0.055459
1992-05-18,0.043375
1992-05-19,0.050993
1992-05-20,0.050792
1992-05-21,0.043897
1992-05-22,0.037014
1992-05-25,0.038469
1992-05-26,0.041946
1992-05-27,0.037972
1992-05-28,0.050914
1992-05-29,0.059496
1992-06-01,0.055395
1992-06-02,0.052883
1992-06-03,0.049324
1992-06-04,0.054067
1992-06-05,0.059282
1992-06-08,0.062266
1992-06-09,0.065428
1992-06-10,0.067512
1992-06-11,0.066775
1992-06-12,0.069774
1992-06-15,0.068663
1992-06-16,0.07128
1992-06-17,0.067322
1992-06-18,0.063074
1992-06-19,0.064397
1992-06-22,0.066077
1992-06-23,0.066098
1992-06-24,0.065589
1992-06-25,0.063125
1992-06-26,0.071457
1992-06-29,0.064704
1992-06-30,0.079974
1992-07-01,0.088897
1992-07-02,0.099315
1992-07-03,0.099892
1992-07-06,0.096652
1992-07-07,0.09705
1992-07-08,0.085269
1992-07-09,0.086479
1992-07-10,0.09075
1992-07-13,0.076193
1992-07-14,0.082454
1992-07-15,0.088031
1992-07-16,0.090545
1992-07-17,0.068
1992-07-20,0.07613
1992-07-21,0.094044
1992-07-22,0.119946
1992-07-23,0.137747
1992-07-24,0.150723
1992-07-27,0.163225
1992-07-28,0.169824
1992-07-29,0.173784
1992-07-30,0.168925
1992-07-31,0.146076
1992-08-03,0.130127
1992-08-04,0.120409
1992-08-05,0.113936
1992-08-06,0.113812
1992-08-07,0.121163
1992-08-10,0.130893
1992-08-11,0.138835
1992-08-12,0.139595
1992-08-13,0.140427
1992-08-14,0.129173
1992-08-17,0.109711
1992-08-18,0.121274
1992-08-19,0.121451
1992-08-20,0.116316
1992-08-21,0.117539
1992-08-24,0.162757
1992-08-25,0.200812
1992-08-26,0.208134
1992-08-27,0.223894
1992-08-28,0.22109
1992-08-31,0.225009
1992-09-01,0.245281
1992-09-02,0.237458
1992-09-03,0.269783
1992-09-04,0.230125
1992-09-07,0.193214
1992-09-08,0.198802
1992-09-09,0.219408
1992-09-10,0.211188
1992-09-11,0.228192
1992-09-14,0.330893
1992-09-15,0.393286
1992-09-16,0.42055
1992-09-17,0.492165
1992-09-18,0.484885
1992-09-21,0.568386
1992-09-22,0.535116
1992-09-23,0.591328
1992-09-24,0.620627
1992-09-25,0.629586
1992-09-28,0.668982
1992-09-29,0.662942
1992-09-30,0.671746
1992-10-01,0.712562
1992-10-02,0.7004
1992-10-05,0.759967
1992-10-06,0.769754
1992-10-07,0.767328
1992-10-08,0.668907
1992-10-09,0.651928
1992-10-12,0.635837
1992-10-13,0.58809
1992-10-14,0.564597
1992-10-15,0.522559
1992-10-16,0.515383
1992-10-19,0.507413
1992-10-20,0.543133
1992-10-21,0.517632
1992-10-22,0.482849
1992-10-23,0.469963
1992-10-26,0.445252
1992-10-27,0.411811
1992-10-28,0.389689
1992-10-29,0.373328
1992-10-30,0.346713
1992-11-02,0.344562
1992-11-03,0.353041
1992-11-04,0.342974
1992-11-05,0.318207
1992-11-06,0.299876
1992-11-09,0.273101
1992-11-10,0.26166
1992-11-11,0.253481
1992-11-12,0.240362
1992-11-13,0.228597
1992-11-16,0.217459
1992-11-17,0.204825
1992-11-18,0.196132
1992-11-19,0.199058
1992-11-20,0.190265
1992-11-23,0.178769
1992-11-24,0.147432
1992-11-25,0.141074
1992-11-26,0.096264
1992-11-27,0.078485
1992-11-30,0.071882
1992-12-01,0.065802
1992-12-02,0.074189
1992-12-03,0.09515
1992-12-04,0.09527
1992-12-07,0.10331
1992-12-08,0.107008
1992-12-09,0.122473
1992-12-10,0.133354
1992-12-11,0.134904
1992-12-14,0.120544
1992-12-15,0.128005
1992-12-16,0.118963
1992-12-17,0.124192
1992-12-18,0.107892
1992-12-21,0.095828
1992-12-22,0.077246
1992-12-23,0.087046
1992-12-24,0.088854
1992-12-25,0.091158
1992-12-28,0.080705
1992-12-29,0.100656
1992-12-30,0.115033
1992-12-31,0.122404
1993-01-01,0.138938
1993-01-04,0.151828
1993-01-05,0.119837
1993-01-06,0.134678
1993-01-07,0.141646
1993-01-08,0.141455
1993-01-11,0.137188
1993-01-12,0.131346
1993-01-13,0.123207
1993-01-14,0.102528
1993-01-15,0.089728
1993-01-18,0.077706
1993-01-19,0.093156
1993-01-20,0.095612
1993-01-21,0.099532
1993-01-22,0.107282
1993-01-25,0.085054
1993-01-26,0.106561
1993-01-27,0.111507
1993-01-28,0.115818
1993-01-29,0.125324
1993-02-01,0.145274
1993-02-02,0.154788
1993-02-03,0.150678
1993-02-04,0.15137
1993-02-05,0.138257
1993-02-08,0.170064
1993-02-09,0.199372
1993-02-10,0.199865
1993-02-11,0.192618
1993-02-12,0.179604
1993-02-15,0.163296
1993-02-16,0.174269
1993-02-17,0.163878
1993-02-18,0.139536
1993-02-19,0.121677
1993-02-22,0.092632
1993-02-23,0.096818
1993-02-24,0.090332
1993-02-25,0.077032
1993-02-26,0.084846
1993-03-01,0.085177
1993-03-02,0.074415
1993-03-03,0.091014
1993-03-04,0.081857
1993-03-05,0.118484
1993-03-08,0.123994
1993-03-09,0.111959
1993-03-10,0.120891
1993-03-11,0.111692
1993-03-12,0.089631
1993-03-15,0.088281
1993-03-16,0.084589
1993-03-17,0.079902
1993-03-18,0.076685
1993-03-19,0.071768
1993-03-22,0.047111
1993-03-23,0.046184
1993-03-24,0.047368
1993-03-25,0.040358
1993-03-26,0.0415
1993-03-29,0.034943
1993-03-30,0.032227
1993-03-31,0.032032
1993-04-01,0.024828
1993-04-02,0.020622
1993-04-05,0.024846
1993-04-06,0.023392
1993-04-07,0.021062
1993-04-08,0.021606
1993-04-09,0.014814
1993-04-12,0.014108
1993-04-13,0.026893
1993-04-14,0.025364
1993-04-15,0.022012
1993-04-16,0.021238
1993-04-19,0.021884
1993-04-20,0.015522
1993-04-21,0.009033
1993-04-22,0.009261
1993-04-23,0.020183
1993-04-26,0.017694
1993-04-27,0.022623
1993-04-28,0.023362
1993-04-29,0.01583
1993-04-30,0.015792
1993-05-03,0.020854
1993-05-04,0.02583
1993-05-05,0.027677
1993-05-06,0.029723
1993-05-07,0.022657
1993-05-10,0.025287
1993-05-11,0.031386
1993-05-12,0.026958
1993-05-13,0.026019
1993-05-14,0.021933
1993-05-17,0.021507
1993-05-18,0.01755
1993-05-19,0.01485
1993-05-20,0.011578
1993-05-21,0.010633
1993-05-24,0.009392
1993-05-25,0.011515
1993-05-26,0.010394
1993-05-27,0.01329
1993-05-28,0.014571
1993-05-31,0.014304
1993-06-01,0.011028
1993-06-02,0.008272
1993-06-03,0.010466
1993-06-04,0.013312
1993-06-07,0.009403
1993-06-08,0.009408
1993-06-09,0.015216
1993-06-10,0.01511
1993-06-11,0.012728
1993-06-14,0.015184
1993-06-15,0.010399
1993-06-16,0.011476
1993-06-17,0.010909
1993-06-18,0.018409
1993-06-21,0.020332
1993-06-22,0.020344
1993-06-23,0.01975
1993-06-24,0.025593
1993-06-25,0.028491
1993-06-28,0.037712
1993-06-29,0.041314
1993-06-30,0.04851
1993-07-01,0.055427
1993-07-02,0.045844
1993-07-05,0.043994
1993-07-06,0.04973
1993-07-07,0.053124
1993-07-08,0.02956
1993-07-09,0.05086
1993-07-12,0.070125
1993-07-13,0.062296
1993-07-14,0.061302
1993-07-15,0.062472
1993-07-16,0.060709
1993-07-19,0.076576
1993-07-20,0.082573
1993-07-21,0.068159
1993-07-22,0.074675
1993-07-23,0.094991
1993-07-26,0.108003
1993-07-27,0.108341
1993-07-28,0.105911
1993-07-29,0.089269
1993-07-30,0.128029
1993-08-02,0.116824
1993-08-03,0.128407
1993-08-04,0.135664
1993-08-05,0.131668
1993-08-06,0.124879
1993-08-09,0.119317
1993-08-10,0.11645
1993-08-11,0.11556
1993-08-12,0.10195
1993-08-13,0.099741
1993-08-16,0.096027
1993-08-17,0.081339
1993-08-18,0.064652
1993-08-19,0.063918
1993-08-20,0.062791
1993-08-23,0.060109
1993-08-24,0.066293
1993-08-25,0.068542
1993-08-26,0.069724
1993-08-27,0.076986
1993-08-30,0.072856
1993-08-31,0.063417
1993-09-01,0.038613
1993-09-02,0.040323
1993-09-03,0.043997
1993-09-06,0.043288
1993-09-07,0.035427
1993-09-08,0.033973
1993-09-09,0.031694
1993-09-10,0.03353
1993-09-13,0.028088
1993-09-14,0.024374
1993-09-15,0.023033
1993-09-16,0.032755
1993-09-17,0.030604
1993-09-20,0.016745
1993-09-21,0.01603
1993-09-22,0.01313
1993-09-23,0.010335
1993-09-24,0.010019
1993-09-27,0.005024
1993-09-28,0.004429
1993-09-29,0.004481
1993-09-30,0.005623
1993-10-01,0.005799
1993-10-04,0.005857
1993-10-05,0.00746
1993-10-06,0.010098
1993-10-07,0.010325
1993-10-08,0.016961
1993-10-11,0.015735
1993-10-12,0.014967
1993-10-13,0.013363
1993-10-14,0.010594
1993-10-15,0.009508
1993-10-18,0.006316
1993-10-19,0.006715
1993-10-20,0.005275
1993-10-21,0.006388
1993-10-22,0.006548
1993-10-25,0.003502
1993-10-26,0.0028
1993-10-27,0.004301
1993-10-28,0.002944
1993-10-29,0.003004
1993-11-01,0.004739
1993-11-02,0.007003
1993-11-03,0.005461
1993-11-04,0.008146
1993-11-05,0.015123
1993-11-08,0.018362
1993-11-09,0.01835
1993-11-10,0.020861
1993-11-11,0.020734
1993-11-12,0.01569
1993-11-15,0.019828
1993-11-16,0.015236
1993-11-17,0.01851
1993-11-18,0.020057
1993-11-19,0.015102
1993-11-22,0.019974
1993-11-23,0.019047
1993-11-24,0.020363
1993-11-25,0.021535
1993-11-26,0.01641
1993-11-29,0.013322
1993-11-30,0.010334
1993-12-01,0.015207
1993-12-02,0.018326
1993-12-03,0.019889
1993-12-06,0.016173
1993-12-07,0.012822
1993-12-08,0.007072
1993-12-09,0.011368
1993-12-10,0.00451
1993-12-13,0.00385
1993-12-14,0.005576
1993-12-15,0.00434
1993-12-16,0.004562
1993-12-17,0.005391
1993-12-20,0.005528
1993-12-21,0.004157
1993-12-22,0.005067
1993-12-23,0.004989
1993-12-24,0.005089
1993-12-27,0.005091
1993-12-28,0.003643
1993-12-29,0.006
1993-12-30,0.012086
1993-12-31,0.012121
1994-01-03,0.012076
1994-01-04,0.010531
1994-01-05,0.009715
1994-01-06,0.009572
1994-01-07,0.008704
1994-01-10,0.009023
1994-01-11,0.009035
1994-01-12,0.006047
1994-01-13,0.007635
1994-01-14,0.005173
1994-01-17,0.004826
1994-01-18,0.004855
1994-01-19,0.006134
1994-01-20,0.007708
1994-01-21,0.007943
1994-01-24,0.007182
1994-01-25,0.007161
1994-01-26,0.00738
1994-01-27,0.006566
1994-01-28,0.008441
1994-01-31,0.020935
1994-02-01,0.022988
1994-02-02,0.020356
1994-02-03,0.019255
1994-02-04,0.013346
1994-02-07,0.048779
1994-02-08,0.054659
1994-02-09,0.053169
1994-02-10,0.056083
1994-02-11,0.055167
1994-02-14,0.060779
1994-02-15,0.057233
1994-02-16,0.050656
1994-02-17,0.041738
1994-02-18,0.038441
1994-02-21,0.038616
1994-02-22,0.029611
1994-02-23,0.023098
1994-02-24,0.033867
1994-02-25,0.029559
1994-02-28,0.024637
1994-03-01,0.02831
1994-03-02,0.037282
1994-03-03,0.029072
1994-03-04,0.023751
1994-03-07,0.020049
1994-03-08,0.024326
1994-03-09,0.025458
1994-03-10,0.02051
1994-03-11,0.019244
1994-03-14,0.016973
1994-03-15,0.015167
1994-03-16,0.013284
1994-03-17,0.01571
1994-03-18,0.015428
1994-03-21,0.016193
1994-03-22,0.010507
1994-03-23,0.008442
1994-03-24,0.007914
1994-03-25,0.010014
1994-03-28,0.007975
1994-03-29,0.006473
1994-03-30,0.005393
1994-03-31,0.003392
1994-04-01,0.001865
1994-04-04,0.001659
1994-04-05,0.002518
1994-04-06,0.007325
1994-04-07,0.00747
1994-04-08,0.006043
1994-04-11,0.008515
1994-04-12,0.012827
1994-04-13,0.011876
1994-04-14,0.009552
1994-04-15,0.007365
1994-04-18,0.005682
1994-04-19,0.010823
1994-04-20,0.009355
1994-04-21,0.010013
1994-04-22,0.013665
1994-04-25,0.016385
1994-04-26,0.017084
1994-04-27,0.013407
1994-04-28,0.01032
1994-04-29,0.008093
1994-05-02,0.007311
1994-05-03,0.007334
1994-05-04,0.013742
1994-05-05,0.014463
1994-05-06,0.013335
1994-05-09,0.011646
1994-05-10,0.010594
1994-05-11,0.012214
1994-05-12,0.011804
1994-05-13,0.011754
1994-05-16,0.010644
1994-05-17,0.012691
1994-05-18,0.01392
1994-05-19,0.007923
1994-05-20,0.007703
1994-05-23,0.007247
1994-05-24,0.008337
1994-05-25,0.016557
1994-05-26,0.022662
1994-05-27,0.027065
1994-05-30,0.03287
1994-05-31,0.035462
1994-06-01,0.036996
1994-06-02,0.035755
1994-06-03,0.026848
1994-06-06,0.024617
1994-06-07,0.024018
1994-06-08,0.01534
1994-06-09,0.014745
1994-06-10,0.008415
1994-06-13,0.018424
1994-06-14,0.018476
1994-06-15,0.017405
1994-06-16,0.026684
1994-06-17,0.027945
1994-06-20,0.057756
1994-06-21,0.060638
1994-06-22,0.050349
1994-06-23,0.045916
1994-06-24,0.049811
1994-06-27,0.048646
1994-06-28,0.055489
1994-06-29,0.060714
1994-06-30,0.07845
1994-07-01,0.06883
1994-07-04,0.065897
1994-07-05,0.058981
1994-07-06,0.055505
1994-07-07,0.050242
1994-07-08,0.036176
1994-07-11,0.043902
1994-07-12,0.049926
1994-07-13,0.05324
1994-07-14,0.040301
1994-07-15,0.050541
1994-07-18,0.045317
1994-07-19,0.055545
1994-07-20,0.058594
1994-07-21,0.050933
1994-07-22,0.044372
1994-07-25,0.036722
1994-07-26,0.039079
1994-07-27,0.03671
1994-07-28,0.035202
1994-07-29,0.023421
1994-08-01,0.021512
1994-08-02,0.01815
1994-08-03,0.017536
1994-08-04,0.0182
1994-08-05,0.01477
1994-08-08,0.014612
1994-08-09,0.01102
1994-08-10,0.010861
1994-08-11,0.01503
1994-08-12,0.03415
1994-08-15,0.036689
1994-08-16,0.027284
1994-08-17,0.023581
1994-08-18,0.02635
1994-08-19,0.020106
1994-08-22,0.017585
1994-08-23,0.015074
1994-08-24,0.009173
1994-08-25,0.006987
1994-08-26,0.008707
1994-08-29,0.014128
1994-08-30,0.011542
1994-08-31,0.009392
1994-09-01,0.008952
1994-09-02,0.009117
1994-09-05,0.009948
1994-09-06,0.012681
1994-09-07,0.009235
1994-09-08,0.006708
1994-09-09,0.009912
1994-09-12,0.010654
1994-09-13,0.00856
1994-09-14,0.00732
1994-09-15,0.006376
1994-09-16,0.009294
1994-09-19,0.006676
1994-09-20,0.006646
1994-09-21,0.00476
1994-09-22,0.003189
1994-09-23,0.001059
1994-09-26,0.001939
1994-09-27,0.002129
1994-09-28,0.002171
1994-09-29,0.007495
1994-09-30,0.008868
1994-10-03,0.012993
1994-10-04,0.011553
1994-10-05,0.02507
1994-10-06,0.036444
1994-10-07,0.044245
1994-10-10,0.05684
1994-10-11,0.053811
1994-10-12,0.051328
1994-10-13,0.055862
1994-10-14,0.037557
1994-10-17,0.042314
1994-10-18,0.044143
1994-10-19,0.03913
1994-10-20,0.037276
1994-10-21,0.041649
1994-10-24,0.036801
1994-10-25,0.050981
1994-10-26,0.053508
1994-10-27,0.058987
1994-10-28,0.058419
1994-10-31,0.053995
1994-11-01,0.056046
1994-11-02,0.062095
1994-11-03,0.051211
1994-11-04,0.039182
1994-11-07,0.043454
1994-11-08,0.049166
1994-11-09,0.051468
1994-11-10,0.056874
1994-11-11,0.050018
1994-11-14,0.044723
1994-11-15,0.045898
1994-11-16,0.034982
1994-11-17,0.032328
1994-11-18,0.028953
1994-11-21,0.023452
1994-11-22,0.029963
1994-11-23,0.042552
1994-11-24,0.040331
1994-11-25,0.038906
1994-11-28,0.03876
1994-11-29,0.033168
1994-11-30,0.019453
1994-12-01,0.020236
1994-12-02,0.015469
1994-12-05,0.015458
1994-12-06,0.013228
1994-12-07,0.014367
1994-12-08,0.011493
1994-12-09,0.011454
1994-12-12,0.015589
1994-12-13,0.018104
1994-12-14,0.020935
1994-12-15,0.022878
1994-12-16,0.019989
1994-12-19,0.020677
1994-12-20,0.01914
1994-12-21,0.015454
1994-12-22,0.015257
1994-12-23,0.019732
1994-12-26,0.019338
1994-12-27,0.019534
1994-12-28,0.025935
1994-12-29,0.020246
1994-12-30,0.02193
1995-01-02,0.02239
1995-01-03,0.015696
1995-01-04,0.016165
1995-01-05,0.015121
1995-01-06,0.018603
1995-01-09,0.014515
1995-01-10,0.012353
1995-01-11,0.022101
1995-01-12,0.027438
1995-01-13,0.037504
1995-01-16,0.022551
1995-01-17,0.026513
1995-01-18,0.028342
1995-01-19,0.022982
1995-01-20,0.018747
1995-01-23,0.016351
1995-01-24,0.016894
1995-01-25,0.015629
1995-01-26,0.013489
1995-01-27,0.020629
1995-01-30,0.018387
1995-01-31,0.017789
1995-02-01,0.012882
1995-02-02,0.014115
1995-02-03,0.010947
1995-02-06,0.008404
1995-02-07,0.008296
1995-02-08,0.007732
1995-02-09,0.005374
1995-02-10,0.00492
1995-02-13,0.007403
1995-02-14,0.005535
1995-02-15,0.006882
1995-02-16,0.006714
1995-02-17,0.005645
1995-02-20,0.004914
1995-02-21,0.004225
1995-02-22,0.003721
1995-02-23,0.004346
1995-02-24,0.003346
1995-02-27,0.004416
1995-02-28,0.003473
1995-03-01,0.003652
1995-03-02,0.00284
1995-03-03,0.005205
1995-03-06,0.007418
1995-03-07,0.023956
1995-03-08,0.044744
1995-03-09,0.066263
1995-03-10,0.082901
1995-03-13,0.08169
1995-03-14,0.080455
1995-03-15,0.05705
1995-03-16,0.058334
1995-03-17,0.062852
1995-03-20,0.068678
1995-03-21,0.069969
1995-03-22,0.070909
1995-03-23,0.054189
1995-03-24,0.050174
1995-03-27,0.047057
1995-03-28,0.046321
1995-03-29,0.054545
1995-03-30,0.05518
1995-03-31,0.069626
1995-04-03,0.083658
1995-04-04,0.093403
1995-04-05,0.099158
1995-04-06,0.092066
1995-04-07,0.097629
1995-04-10,0.119898
1995-04-11,0.118344
1995-04-12,0.108512
1995-04-13,0.11042
1995-04-14,0.095655
1995-04-17,0.08468
1995-04-18,0.080187
1995-04-19,0.061653
1995-04-20,0.07709
1995-04-21,0.054395
1995-04-24,0.054362
1995-04-25,0.040726
1995-04-26,0.037457
1995-04-27,0.034428
1995-04-28,0.037318
1995-05-01,0.040228
1995-05-02,0.035708
1995-05-03,0.027033
1995-05-04,0.024492
1995-05-05,0.021761
1995-05-08,0.022601
1995-05-09,0.017198
1995-05-10,0.017119
1995-05-11,0.026466
1995-05-12,0.025726
1995-05-15,0.02496
1995-05-16,0.019288
1995-05-17,0.021099
1995-05-18,0.024013
1995-05-19,0.024348
1995-05-22,0.019802
1995-05-23,0.018992
1995-05-24,0.017101
1995-05-25,0.021032
1995-05-26,0.025728
1995-05-29,0.031249
1995-05-30,0.030822
1995-05-31,0.032733
1995-06-01,0.029838
1995-06-02,0.024472
1995-06-05,0.023157
1995-06-06,0.024588
1995-06-07,0.027352
1995-06-08,0.032997
1995-06-09,0.039942
1995-06-12,0.041008
1995-06-13,0.032345
1995-06-14,0.041366
1995-06-15,0.042455
1995-06-16,0.042541
1995-06-19,0.032582
1995-06-20,0.032901
1995-06-21,0.033685
1995-06-22,0.025388
1995-06-23,0.024758
1995-06-26,0.021256
1995-06-27,0.020721
1995-06-28,0.016941
1995-06-29,0.023707
1995-06-30,0.026552
1995-07-03,0.024236
1995-07-04,0.016334
1995-07-05,0.012165
1995-07-06,0.015438
1995-07-07,0.006167
1995-07-10,0.005155
1995-07-11,0.00469
1995-07-12,0.004406
1995-07-13,0.004386
1995-07-14,0.004172
1995-07-17,0.004248
1995-07-18,0.003829
1995-07-19,0.004267
1995-07-20,0.004729
1995-07-21,0.004076
1995-07-24,0.003608
1995-07-25,0.003359
1995-07-26,0.003505
1995-07-27,0.003195
1995-07-28,0.003419
1995-07-31,0.003897
1995-08-01,0.003851
1995-08-02,0.014
1995-08-03,0.011461
1995-08-04,0.009834
1995-08-07,0.008764
1995-08-08,0.006439
1995-08-09,0.005319
1995-08-10,0.00674
1995-08-11,0.008077
1995-08-14,0.004964
1995-08-15,0.014878
1995-08-16,0.01894
1995-08-17,0.019487
1995-08-18,0.017318
1995-08-21,0.013074
1995-08-22,0.011736
1995-08-23,0.009699
1995-08-24,0.005833
1995-08-25,0.004887
1995-08-28,0.007434
1995-08-29,0.006771
1995-08-30,0.007269
1995-08-31,0.00634
1995-09-01,0.006028
1995-09-04,0.004948
1995-09-05,0.004968
1995-09-06,0.006931
1995-09-07,0.00475
1995-09-08,0.00395
1995-09-11,0.00435
1995-09-12,0.005293
1995-09-13,0.013083
1995-09-14,0.009848
1995-09-15,0.010492
1995-09-18,0.008995
1995-09-19,0.006801
1995-09-20,0.008505
1995-09-21,0.023923
1995-09-22,0.05091
1995-09-25,0.052123
1995-09-26,0.049006
1995-09-27,0.064288
1995-09-28,0.061383
1995-09-29,0.057586
1995-10-02,0.060659
1995-10-03,0.058518
1995-10-04,0.045737
1995-10-05,0.04454
1995-10-06,0.031005
1995-10-09,0.03637
1995-10-10,0.034335
1995-10-11,0.035423
1995-10-12,0.032288
1995-10-13,0.021846
1995-10-16,0.02034
1995-10-17,0.016315
1995-10-18,0.012902
1995-10-19,0.013418
1995-10-20,0.013662
1995-10-23,0.020518
1995-10-24,0.016833
1995-10-25,0.013884
1995-10-26,0.011917
1995-10-27,0.01339
1995-10-30,0.014301
1995-10-31,0.011028
1995-11-01,0.008742
1995-11-02,0.007603
1995-11-03,0.009358
1995-11-06,0.008596
1995-11-07,0.007217
1995-11-08,0.007754
1995-11-09,0.006976
1995-11-10,0.00507
1995-11-13,0.004231
1995-11-14,0.005275
1995-11-15,0.006941
1995-11-16,0.007337
1995-11-17,0.004557
1995-11-20,0.004214
1995-11-21,0.003986
1995-11-22,0.004032
1995-11-23,0.003757
1995-11-24,0.003846
1995-11-27,0.003919
1995-11-28,0.003915
1995-11-29,0.005354
1995-11-30,0.006121
1995-12-01,0.008635
1995-12-04,0.010945
1995-12-05,0.015058
1995-12-06,0.010606
1995-12-07,0.007792
1995-12-08,0.004974
1995-12-11,0.004399
1995-12-12,0.004868
1995-12-13,0.006196
1995-12-14,0.007683
1995-12-15,0.018783
1995-12-18,0.020862
1995-12-19,0.021238
1995-12-20,0.018246
1995-12-21,0.01414
1995-12-22,0.013149
1995-12-25,0.009466
1995-12-26,0.007324
1995-12-27,0.005952
1995-12-28,0.006219
1995-12-29,0.004561
1996-01-01,0.003441
1996-01-02,0.007911
1996-01-03,0.009327
1996-01-04,0.009415
1996-01-05,0.013158
1996-01-08,0.009948
1996-01-09,0.007938
1996-01-10,0.008431
1996-01-11,0.006785
1996-01-12,0.007661
1996-01-15,0.006163
1996-01-16,0.006454
1996-01-17,0.007246
1996-01-18,0.006151
1996-01-19,0.006752
1996-01-22,0.005796
1996-01-23,0.004591
1996-01-24,0.00748
1996-01-25,0.006966
1996-01-26,0.011283
1996-01-29,0.013571
1996-01-30,0.010908
1996-01-31,0.008783
1996-02-01,0.007944
1996-02-02,0.00719
1996-02-05,0.009043
1996-02-06,0.007808
1996-02-07,0.004929
1996-02-08,0.004902
1996-02-09,0.00584
1996-02-12,0.005351
1996-02-13,0.005299
1996-02-14,0.005351
1996-02-15,0.004731
1996-02-16,0.003847
1996-02-19,0.009867
1996-02-20,0.011097
1996-02-21,0.012169
1996-02-22,0.01027
1996-02-23,0.008652
1996-02-26,0.008842
1996-02-27,0.006351
1996-02-28,0.00549
1996-02-29,0.006159
1996-03-01,0.004646
1996-03-04,0.004271
1996-03-05,0.003766
1996-03-06,0.003498
1996-03-07,0.004142
1996-03-08,0.005555
1996-03-11,0.011689
1996-03-12,0.010588
1996-03-13,0.010241
1996-03-14,0.009311
1996-03-15,0.006956
1996-03-18,0.006428
1996-03-19,0.006074
1996-03-20,0.005908
1996-03-21,0.006833
1996-03-22,0.005986
1996-03-25,0.006005
1996-03-26,0.004981
1996-03-27,0.00583
1996-03-28,0.005604
1996-03-29,0.00447
1996-04-01,0.0036
1996-04-02,0.004208
1996-04-03,0.003702
1996-04-04,0.003891
1996-04-05,0.005092
1996-04-08,0.005756
1996-04-09,0.00523
1996-04-10,0.006098
1996-04-11,0.006661
1996-04-12,0.00512
1996-04-15,0.006252
1996-04-16,0.004979
1996-04-17,0.006776
1996-04-18,0.011543
1996-04-19,0.009721
1996-04-22,0.013618
1996-04-23,0.010014
1996-04-24,0.007338
1996-04-25,0.009176
1996-04-26,0.008466
1996-04-29,0.010117
1996-04-30,0.010811
1996-05-01,0.009388
1996-05-02,0.007923
1996-05-03,0.018034
1996-05-06,0.014156
1996-05-07,0.01044
1996-05-08,0.008725
1996-05-09,0.00755
1996-05-10,0.006218
1996-05-13,0.005517
1996-05-14,0.004635
1996-05-15,0.005959
1996-05-16,0.00471
1996-05-17,0.004353
1996-05-20,0.004197
1996-05-21,0.003813
1996-05-22,0.004027
1996-05-23,0.002405
1996-05-24,0.002345
1996-05-27,0.001729
1996-05-28,0.005307
1996-05-29,0.004724
1996-05-30,0.008745
1996-05-31,0.013002
1996-06-03,0.011288
1996-06-04,0.011337
1996-06-05,0.00991
1996-06-06,0.006008
1996-06-07,0.014794
1996-06-10,0.011451
1996-06-11,0.008781
1996-06-12,0.00827
1996-06-13,0.010475
1996-06-14,0.012576
1996-06-17,0.013401
1996-06-18,0.009498
1996-06-19,0.013016
1996-06-20,0.010911
1996-06-21,0.009618
1996-06-24,0.00885
1996-06-25,0.007663
1996-06-26,0.005846
1996-06-27,0.009389
1996-06-28,0.005699
1996-07-01,0.004727
1996-07-02,0.004454
1996-07-03,0.002607
1996-07-04,0.001333
1996-07-05,0.003044
1996-07-08,0.006319
1996-07-09,0.006202
1996-07-10,0.005552
1996-07-11,0.004635
1996-07-12,0.007968
1996-07-15,0.011768
1996-07-16,0.049736
1996-07-17,0.0515
1996-07-18,0.052189
1996-07-19,0.044064
1996-07-22,0.043961
1996-07-23,0.040102
1996-07-24,0.039518
1996-07-25,0.035652
1996-07-26,0.03236
1996-07-29,0.026832
1996-07-30,0.022602
1996-07-31,0.023278
1996-08-01,0.019064
1996-08-02,0.019369
1996-08-05,0.016807
1996-08-06,0.015078
1996-08-07,0.013665
1996-08-08,0.011404
1996-08-09,0.012173
1996-08-12,0.010387
1996-08-13,0.009028
1996-08-14,0.006015
1996-08-15,0.003463
1996-08-16,0.00342
1996-08-19,0.006317
1996-08-20,0.005501
1996-08-21,0.007593
1996-08-22,0.010652
1996-08-23,0.02376
1996-08-26,0.02221
1996-08-27,0.017668
1996-08-28,0.014708
1996-08-29,0.012319
1996-08-30,0.012268
1996-09-02,0.010461
1996-09-03,0.009456
1996-09-04,0.008356
1996-09-05,0.005595
1996-09-06,0.003771
1996-09-09,0.005122
1996-09-10,0.011034
1996-09-11,0.007217
1996-09-12,0.006053
1996-09-13,0.003789
1996-09-16,0.008862
1996-09-17,0.006173
1996-09-18,0.007663
1996-09-19,0.004113
1996-09-20,0.006313
1996-09-23,0.008569
1996-09-24,0.005737
1996-09-25,0.007123
1996-09-26,0.008827
1996-09-27,0.008144
1996-09-30,0.005232
1996-10-01,0.002975
1996-10-02,0.003335
1996-10-03,0.003609
1996-10-04,0.001616
1996-10-07,0.002458
1996-10-08,0.001584
1996-10-09,0.002456
1996-10-10,0.002178
1996-10-11,0.001706
1996-10-14,0.00123
1996-10-15,0.003613
1996-10-16,0.004378
1996-10-17,0.003034
1996-10-18,0.002879
1996-10-21,0.003371
1996-10-22,0.002235
1996-10-23,0.006554
1996-10-24,0.005974
1996-10-25,0.004043
1996-10-28,0.004864
1996-10-29,0.00755
1996-10-30,0.012903
1996-10-31,0.01061
1996-11-01,0.010692
1996-11-04,0.009644
1996-11-05,0.006545
1996-11-06,0.007194
1996-11-07,0.009668
1996-11-08,0.008923
1996-11-11,0.006864
1996-11-12,0.006001
1996-11-13,0.005801
1996-11-14,0.005061
1996-11-15,0.004758
1996-11-18,0.004103
1996-11-19,0.003929
1996-11-20,0.003371
1996-11-21,0.003834
1996-11-22,0.003506
1996-11-25,0.002196
1996-11-26,0.001932
1996-11-27,0.001724
1996-11-28,0.001247
1996-11-29,0.002774
1996-12-02,0.004689
1996-12-03,0.01855
1996-12-04,0.0256
1996-12-05,0.030051
1996-12-06,0.067104
1996-12-09,0.077795
1996-12-10,0.076506
1996-12-11,0.084485
1996-12-12,0.079303
1996-12-13,0.065495
1996-12-16,0.066348
1996-12-17,0.064691
1996-12-18,0.06237
1996-12-19,0.053129
1996-12-20,0.056614
1996-12-23,0.053125
1996-12-24,0.048104
1996-12-25,0.041943
1996-12-26,0.036266
1996-12-27,0.025162
1996-12-30,0.027935
1996-12-31,0.025273
1997-01-01,0.023363
1997-01-02,0.042679
1997-01-03,0.044196
1997-01-06,0.049798
1997-01-07,0.043779
1997-01-08,0.042368
1997-01-09,0.036668
1997-01-10,0.040548
1997-01-13,0.037959
1997-01-14,0.036665
1997-01-15,0.033059
1997-01-16,0.030673
1997-01-17,0.025869
1997-01-20,0.02125
1997-01-21,0.016684
1997-01-22,0.024354
1997-01-23,0.03008
1997-01-24,0.030206
1997-01-27,0.026094
1997-01-28,0.021366
1997-01-29,0.013367
1997-01-30,0.016912
1997-01-31,0.020713
1997-02-03,0.023477
1997-02-04,0.019411
1997-02-05,0.021231
1997-02-06,0.016089
1997-02-07,0.015696
1997-02-10,0.013507
1997-02-11,0.012029
1997-02-12,0.013729
1997-02-13,0.012076
1997-02-14,0.011904
1997-02-17,0.009559
1997-02-18,0.008984
1997-02-19,0.008098
1997-02-20,0.006733
1997-02-21,0.005292
1997-02-24,0.004477
1997-02-25,0.007594
1997-02-26,0.00756
1997-02-27,0.005433
1997-02-28,0.009658
1997-03-03,0.00538
1997-03-04,0.00913
1997-03-05,0.011341
1997-03-06,0.015064
1997-03-07,0.014459
1997-03-10,0.013952
1997-03-11,0.011807
1997-03-12,0.012234
1997-03-13,0.013267
1997-03-14,0.012496
1997-03-17,0.01654
1997-03-18,0.027852
1997-03-19,0.032065
1997-03-20,0.041129
1997-03-21,0.04145
1997-03-24,0.044496
1997-03-25,0.041925
1997-03-26,0.0426
1997-03-27,0.031275
1997-03-28,0.027635
1997-03-31,0.023049
1997-04-01,0.037358
1997-04-02,0.035254
1997-04-03,0.041745
1997-04-04,0.03433
1997-04-07,0.032667
1997-04-08,0.031712
1997-04-09,0.032372
1997-04-10,0.026542
1997-04-11,0.023652
1997-04-14,0.026894
1997-04-15,0.032988
1997-04-16,0.027894
1997-04-17,0.027127
1997-04-18,0.024158
1997-04-21,0.017591
1997-04-22,0.020974
1997-04-23,0.027545
1997-04-24,0.020458
1997-04-25,0.022896
1997-04-28,0.019731
1997-04-29,0.025589
1997-04-30,0.027873
1997-05-01,0.027715
1997-05-02,0.02276
1997-05-05,0.023984
1997-05-06,0.022687
1997-05-07,0.018044
1997-05-08,0.014443
1997-05-09,0.008443
1997-05-12,0.010387
1997-05-13,0.008696
1997-05-14,0.007509
1997-05-15,0.004998
1997-05-16,0.003986
1997-05-19,0.003794
1997-05-20,0.006574
1997-05-21,0.009803
1997-05-22,0.013619
1997-05-23,0.012542
1997-05-26,0.011695
1997-05-27,0.012285
1997-05-28,0.011969
1997-05-29,0.011759
1997-05-30,0.016703
1997-06-02,0.017379
1997-06-03,0.016744
1997-06-04,0.011685
1997-06-05,0.013165
1997-06-06,0.013552
1997-06-09,0.008648
1997-06-10,0.007904
1997-06-11,0.006818
1997-06-12,0.015486
1997-06-13,0.018419
1997-06-16,0.016344
1997-06-17,0.011823
1997-06-18,0.011889
1997-06-19,0.009899
1997-06-20,0.014705
1997-06-23,0.010465
1997-06-24,0.007996
1997-06-25,0.012942
1997-06-26,0.011107
1997-06-27,0.008317
1997-06-30,0.00905
1997-07-01,0.012529
1997-07-02,0.014047
1997-07-03,0.0246
1997-07-04,0.024027
1997-07-07,0.022387
1997-07-08,0.0167
1997-07-09,0.017187
1997-07-10,0.014252
1997-07-11,0.012865
1997-07-14,0.009751
1997-07-15,0.012005
1997-07-16,0.019755
1997-07-17,0.018448
1997-07-18,0.013504
1997-07-21,0.011803
1997-07-22,0.01839
1997-07-23,0.021788
1997-07-24,0.008368
1997-07-25,0.011288
1997-07-28,0.010038
1997-07-29,0.006179
1997-07-30,0.006461
1997-07-31,0.004489
1997-08-01,0.003101
1997-08-04,0.004516
1997-08-05,0.003832
1997-08-06,0.008793
1997-08-07,0.008133
1997-08-08,0.011344
1997-08-11,0.011764
1997-08-12,0.012326
1997-08-13,0.024164
1997-08-14,0.031605
1997-08-15,0.042276
1997-08-18,0.046236
1997-08-19,0.047145
1997-08-20,0.04579
1997-08-21,0.041888
1997-08-22,0.056604
1997-08-25,0.058785
1997-08-26,0.064744
1997-08-27,0.051515
1997-08-28,0.052604
1997-08-29,0.048517
1997-09-01,0.045971
1997-09-02,0.046489
1997-09-03,0.046496
1997-09-04,0.044451
1997-09-05,0.042676
1997-09-08,0.039204
1997-09-09,0.03969
1997-09-10,0.040387
1997-09-11,0.043991
1997-09-12,0.061136
1997-09-15,0.06266
1997-09-16,0.060213
1997-09-17,0.047063
1997-09-18,0.045452
1997-09-19,0.034488
1997-09-22,0.037688
1997-09-23,0.032927
1997-09-24,0.032929
1997-09-25,0.029801
1997-09-26,0.025153
1997-09-29,0.010722
1997-09-30,0.012399
1997-10-01,0.009411
1997-10-02,0.010057
1997-10-03,0.012738
1997-10-06,0.007497
1997-10-07,0.005913
1997-10-08,0.004897
1997-10-09,0.010842
1997-10-10,0.019978
1997-10-13,0.021102
1997-10-14,0.021902
1997-10-15,0.017554
1997-10-16,0.019496
1997-10-17,0.021701
1997-10-20,0.023294
1997-10-21,0.026738
1997-10-22,0.023158
1997-10-23,0.032775
1997-10-24,0.036639
1997-10-27,0.04248
1997-10-28,0.058654
1997-10-29,0.065624
1997-10-30,0.08682
1997-10-31,0.089624
1997-11-03,0.076872
1997-11-04,0.083534
1997-11-05,0.080184
1997-11-06,0.074722
1997-11-07,0.082626
1997-11-10,0.074731
1997-11-11,0.070517
1997-11-12,0.069423
1997-11-13,0.066176
1997-11-14,0.058255
1997-11-17,0.051752
1997-11-18,0.041481
1997-11-19,0.044086
1997-11-20,0.037681
1997-11-21,0.039246
1997-11-24,0.040813
1997-11-25,0.039531
1997-11-26,0.034686
1997-11-27,0.032894
1997-11-28,0.030081
1997-12-01,0.027878
1997-12-02,0.025102
1997-12-03,0.022533
1997-12-04,0.022132
1997-12-05,0.016752
1997-12-08,0.01576
1997-12-09,0.016886
1997-12-10,0.017019
1997-12-11,0.022412
1997-12-12,0.01582
1997-12-15,0.017592
1997-12-16,0.020769
1997-12-17,0.024425
1997-12-18,0.025948
1997-12-19,0.028188
1997-12-22,0.023375
1997-12-23,0.022067
1997-12-24,0.019923
1997-12-25,0.017187
1997-12-26,0.014345
1997-12-29,0.020641
1997-12-30,0.019138
1997-12-31,0.016959
1998-01-01,0.012637
1998-01-02,0.013513
1998-01-05,0.011687
1998-01-06,0.011406
1998-01-07,0.019348
1998-01-08,0.021968
1998-01-09,0.022322
1998-01-12,0.032218
1998-01-13,0.040965
1998-01-14,0.04312
1998-01-15,0.040089
1998-01-16,0.043047
1998-01-19,0.043977
1998-01-20,0.040169
1998-01-21,0.03399
1998-01-22,0.027458
1998-01-23,0.019195
1998-01-26,0.017941
1998-01-27,0.026349
1998-01-28,0.034848
1998-01-29,0.040196
1998-01-30,0.04041
1998-02-02,0.036333
1998-02-03,0.032909
1998-02-04,0.024735
1998-02-05,0.02795
1998-02-06,0.025504
1998-02-09,0.021551
1998-02-10,0.019098
1998-02-11,0.022052
1998-02-12,0.018561
1998-02-13,0.015514
1998-02-16,0.014926
1998-02-17,0.025063
1998-02-18,0.019466
1998-02-19,0.015837
1998-02-20,0.015897
1998-02-23,0.023056
1998-02-24,0.015945
1998-02-25,0.023907
1998-02-26,0.02222
1998-02-27,0.01674
1998-03-02,0.016855
1998-03-03,0.010477
1998-03-04,0.007068
1998-03-05,0.006939
1998-03-06,0.014206
1998-03-09,0.016275
1998-03-10,0.015764
1998-03-11,0.016233
1998-03-12,0.014418
1998-03-13,0.014675
1998-03-16,0.014333
1998-03-17,0.01266
1998-03-18,0.006428
1998-03-19,0.005052
1998-03-20,0.00662
1998-03-23,0.004298
1998-03-24,0.005107
1998-03-25,0.004905
1998-03-26,0.002925
1998-03-27,0.003048
1998-03-30,0.002741
1998-03-31,0.003027
1998-04-01,0.002876
1998-04-02,0.002982
1998-04-03,0.005235
1998-04-06,0.00392
1998-04-07,0.00342
1998-04-08,0.004841
1998-04-09,0.00658
1998-04-10,0.005288
1998-04-13,0.004268
1998-04-14,0.003476
1998-04-15,0.003544
1998-04-16,0.008167
1998-04-17,0.00702
1998-04-20,0.006453
1998-04-21,0.006959
1998-04-22,0.006328
1998-04-23,0.008721
1998-04-24,0.008006
1998-04-27,0.01037
1998-04-28,0.008573
1998-04-29,0.008416
1998-04-30,0.006666
1998-05-01,0.011293
1998-05-04,0.00783
1998-05-05,0.006712
1998-05-06,0.007241
1998-05-07,0.009435
1998-05-08,0.008649
1998-05-11,0.009192
1998-05-12,0.010385
1998-05-13,0.009013
1998-05-14,0.007275
1998-05-15,0.00561
1998-05-18,0.005076
1998-05-19,0.004996
1998-05-20,0.004486
1998-05-21,0.004262
1998-05-22,0.002548
1998-05-25,0.002048
1998-05-26,0.005774
1998-05-27,0.007971
1998-05-28,0.012186
1998-05-29,0.010292
1998-06-01,0.009985
1998-06-02,0.007027
1998-06-03,0.006608
1998-06-04,0.005507
1998-06-05,0.005781
1998-06-08,0.005001
1998-06-09,0.005066
1998-06-10,0.004759
1998-06-11,0.005519
1998-06-12,0.007331
1998-06-15,0.015892
1998-06-16,0.018334
1998-06-17,0.018222
1998-06-18,0.025376
1998-06-19,0.02894
1998-06-22,0.033004
1998-06-23,0.030667
1998-06-24,0.027604
1998-06-25,0.027044
1998-06-26,0.021183
1998-06-29,0.019206
1998-06-30,0.015637
1998-07-01,0.015656
1998-07-02,0.015321
1998-07-03,0.015029
1998-07-06,0.014615
1998-07-07,0.012552
1998-07-08,0.012459
1998-07-09,0.009228
1998-07-10,0.007915
1998-07-13,0.008149
1998-07-14,0.010863
1998-07-15,0.011542
1998-07-16,0.007642
1998-07-17,0.011757
1998-07-20,0.009123
1998-07-21,0.00754
1998-07-22,0.006955
1998-07-23,0.005035
1998-07-24,0.004337
1998-07-27,0.004992
1998-07-28,0.00365
1998-07-29,0.00357
1998-07-30,0.003075
1998-07-31,0.004096
1998-08-03,0.006894
1998-08-04,0.007076
1998-08-05,0.014525
1998-08-06,0.020325
1998-08-07,0.023867
1998-08-10,0.026125
1998-08-11,0.03069
1998-08-12,0.031793
1998-08-13,0.039919
1998-08-14,0.042993
1998-08-17,0.048874
1998-08-18,0.051908
1998-08-19,0.056868
1998-08-20,0.064382
1998-08-21,0.108079
1998-08-24,0.106741
1998-08-25,0.107972
1998-08-26,0.111218
1998-08-27,0.130646
1998-08-28,0.145187
1998-08-31,0.170395
1998-09-01,0.190875
1998-09-02,0.200756
1998-09-03,0.23163
1998-09-04,0.239155
1998-09-07,0.24331
1998-09-08,0.247262
1998-09-09,0.260516
1998-09-10,0.291719
1998-09-11,0.293111
1998-09-14,0.290299
1998-09-15,0.30585
1998-09-16,0.297452
1998-09-17,0.294427
1998-09-18,0.289727
1998-09-21,0.283289
1998-09-22,0.265523
1998-09-23,0.25802
1998-09-24,0.245783
1998-09-25,0.230448
1998-09-28,0.231659
1998-09-29,0.182957
1998-09-30,0.204618
1998-10-01,0.24862
1998-10-02,0.264376
1998-10-05,0.267383
1998-10-06,0.27026
1998-10-07,0.295708
1998-10-08,0.296388
1998-10-09,0.33633
1998-10-12,0.345363
1998-10-13,0.335776
1998-10-14,0.334068
1998-10-15,0.353171
1998-10-16,0.342467
1998-10-19,0.339661
1998-10-20,0.335851
1998-10-21,0.326102
1998-10-22,0.322616
1998-10-23,0.313299
1998-10-26,0.31448
1998-10-27,0.311298
1998-10-28,0.298674
1998-10-29,0.274949
1998-10-30,0.264503
1998-11-02,0.258324
1998-11-03,0.241492
1998-11-04,0.239748
1998-11-05,0.232864
1998-11-06,0.225309
1998-11-09,0.244363
1998-11-10,0.257952
1998-11-11,0.250171
1998-11-12,0.254164
1998-11-13,0.245831
1998-11-16,0.26034
1998-11-17,0.258718
1998-11-18,0.253657
1998-11-19,0.261078
1998-11-20,0.261289
1998-11-23,0.266163
1998-11-24,0.253723
1998-11-25,0.233054
1998-11-26,0.203695
1998-11-27,0.189374
1998-11-30,0.214232
1998-12-01,0.22432
1998-12-02,0.233225
1998-12-03,0.250053
1998-12-04,0.192562
1998-12-07,0.210279
1998-12-08,0.21809
1998-12-09,0.225584
1998-12-10,0.229512
1998-12-11,0.237489
1998-12-14,0.248363
1998-12-15,0.259472
1998-12-16,0.2634
1998-12-17,0.25736
1998-12-18,0.250059
1998-12-21,0.262955
1998-12-22,0.254534
1998-12-23,0.244031
1998-12-24,0.231558
1998-12-25,0.214576
1998-12-28,0.19547
1998-12-29,0.190211
1998-12-30,0.178523
1998-12-31,0.189444
1999-01-01,0.174878
1999-01-04,0.205023
1999-01-05,0.208486
1999-01-06,0.221462
1999-01-07,0.22548
1999-01-08,0.229679
1999-01-11,0.258289
1999-01-12,0.231709
1999-01-13,0.298667
1999-01-14,0.275024
1999-01-15,0.283006
1999-01-18,0.258826
1999-01-19,0.25399
1999-01-20,0.24109
1999-01-21,0.225751
1999-01-22,0.229346
1999-01-25,0.213253
1999-01-26,0.189446
1999-01-27,0.180997
1999-01-28,0.161586
1999-01-29,0.143792
1999-02-01,0.13067
1999-02-02,0.127685
1999-02-03,0.114684
1999-02-04,0.102838
1999-02-05,0.086772
1999-02-08,0.087955
1999-02-09,0.089961
1999-02-10,0.083615
1999-02-11,0.076559
1999-02-12,0.079164
1999-02-15,0.078736
1999-02-16,0.080776
1999-02-17,0.080762
1999-02-18,0.079965
1999-02-19,0.07602
1999-02-22,0.077663
1999-02-23,0.07756
1999-02-24,0.066468
1999-02-25,0.075769
1999-02-26,0.075118
1999-03-01,0.105312
1999-03-02,0.10507
1999-03-03,0.122737
1999-03-04,0.120048
1999-03-05,0.112416
1999-03-08,0.121294
1999-03-09,0.11443
1999-03-10,0.103928
1999-03-11,0.083472
1999-03-12,0.108055
1999-03-15,0.109955
1999-03-16,0.094083
1999-03-17,0.090178
1999-03-18,0.082293
1999-03-19,0.088587
1999-03-22,0.084431
1999-03-23,0.092064
1999-03-24,0.097832
1999-03-25,0.085022
1999-03-26,0.094729
1999-03-29,0.091209
1999-03-30,0.067861
1999-03-31,0.06636
1999-04-01,0.088783
1999-04-02,0.092014
1999-04-05,0.088036
1999-04-06,0.06677
1999-04-07,0.0598
1999-04-08,0.051498
1999-04-09,0.058565
1999-04-12,0.061501
1999-04-13,0.063713
1999-04-14,0.051593
1999-04-15,0.045949
1999-04-16,0.046403
1999-04-19,0.047208
1999-04-20,0.078667
1999-04-21,0.076191
1999-04-22,0.067517
1999-04-23,0.059994
1999-04-26,0.057645
1999-04-27,0.059262
1999-04-28,0.061773
1999-04-29,0.049909
1999-04-30,0.057573
1999-05-03,0.056158
1999-05-04,0.055507
1999-05-05,0.047021
1999-05-06,0.051152
1999-05-07,0.04244
1999-05-10,0.035266
1999-05-11,0.033501
1999-05-12,0.024629
1999-05-13,0.019655
1999-05-14,0.037512
1999-05-17,0.038161
1999-05-18,0.034906
1999-05-19,0.036065
1999-05-20,0.031244
1999-05-21,0.028205
1999-05-24,0.025479
1999-05-25,0.031622
1999-05-26,0.022648
1999-05-27,0.041485
1999-05-28,0.04462
1999-05-31,0.040126
1999-06-01,0.035143
1999-06-02,0.032155
1999-06-03,0.031225
1999-06-04,0.034117
1999-06-07,0.038422
1999-06-08,0.047857
1999-06-09,0.05062
1999-06-10,0.058033
1999-06-11,0.05496
1999-06-14,0.054883
1999-06-15,0.058729
1999-06-16,0.072532
1999-06-17,0.067521
1999-06-18,0.076035
1999-06-21,0.073416
1999-06-22,0.061121
1999-06-23,0.056085
1999-06-24,0.054231
1999-06-25,0.035103
1999-06-28,0.035221
1999-06-29,0.030205
1999-06-30,0.025843
1999-07-01,0.066167
1999-07-02,0.060752
1999-07-05,0.072639
1999-07-06,0.064783
1999-07-07,0.062285
1999-07-08,0.047937
1999-07-09,0.044421
1999-07-12,0.038685
1999-07-13,0.047981
1999-07-14,0.046565
1999-07-15,0.058797
1999-07-16,0.041139
1999-07-19,0.030353
1999-07-20,0.062924
1999-07-21,0.095274
1999-07-22,0.118448
1999-07-23,0.124192
1999-07-26,0.157584
1999-07-27,0.160227
1999-07-28,0.153625
1999-07-29,0.173142
1999-07-30,0.177095
1999-08-02,0.172844
1999-08-03,0.174582
1999-08-04,0.188449
1999-08-05,0.19985
1999-08-06,0.187074
1999-08-09,0.181405
1999-08-10,0.189329
1999-08-11,0.183821
1999-08-12,0.192039
1999-08-13,0.180064
1999-08-16,0.170264
1999-08-17,0.169872
1999-08-18,0.168511
1999-08-19,0.166354
1999-08-20,0.18136
1999-08-23,0.219301
1999-08-24,0.231613
1999-08-25,0.246148
1999-08-26,0.233106
1999-08-27,0.221328
1999-08-30,0.20622
1999-08-31,0.214896
1999-09-01,0.194439
1999-09-02,0.206017
1999-09-03,0.185708
1999-09-06,0.180393
1999-09-07,0.174834
1999-09-08,0.169967
1999-09-09,0.197495
1999-09-10,0.22361
1999-09-13,0.225831
1999-09-14,0.224933
1999-09-15,0.217139
1999-09-16,0.215288
1999-09-17,0.211351
1999-09-20,0.206561
1999-09-21,0.22603
1999-09-22,0.218133
1999-09-23,0.204647
1999-09-24,0.211022
1999-09-27,0.20941
1999-09-28,0.215265
1999-09-29,0.227778
1999-09-30,0.237827
1999-10-01,0.245835
1999-10-04,0.252681
1999-10-05,0.244881
1999-10-06,0.234059
1999-10-07,0.218505
1999-10-08,0.217605
1999-10-11,0.190479
1999-10-12,0.221993
1999-10-13,0.222872
1999-10-14,0.235417
1999-10-15,0.27962
1999-10-18,0.312955
1999-10-19,0.309995
1999-10-20,0.305601
1999-10-21,0.289326
1999-10-22,0.319765
1999-10-25,0.317966
1999-10-26,0.310624
1999-10-27,0.311574
1999-10-28,0.306767
1999-10-29,0.274628
1999-11-01,0.255844
1999-11-02,0.222762
1999-11-03,0.203236
1999-11-04,0.200412
1999-11-05,0.213923
1999-11-08,0.195798
1999-11-09,0.186537
1999-11-10,0.173043
1999-11-11,0.162484
1999-11-12,0.145991
1999-11-15,0.147147
1999-11-16,0.136585
1999-11-17,0.120745
1999-11-18,0.125747
1999-11-19,0.114105
1999-11-22,0.127761
1999-11-23,0.121813
1999-11-24,0.11546
1999-11-25,0.131417
1999-11-26,0.140981
1999-11-29,0.136384
1999-11-30,0.115885
1999-12-01,0.112548
1999-12-02,0.104059
1999-12-03,0.117682
1999-12-06,0.146437
1999-12-07,0.166858
1999-12-08,0.171253
1999-12-09,0.172101
1999-12-10,0.155267
1999-12-13,0.16113
1999-12-14,0.165761
1999-12-15,0.149859
1999-12-16,0.163932
1999-12-17,0.164397
1999-12-20,0.151691
1999-12-21,0.135308
1999-12-22,0.129517
1999-12-23,0.142684
1999-12-24,0.13708
1999-12-27,0.128295
1999-12-28,0.107487
1999-12-29,0.082923
1999-12-30,0.085479
1999-12-31,0.079512
2000-01-03,0.075851
2000-01-04,0.129777
2000-01-05,0.158536
2000-01-06,0.166751
2000-01-07,0.132754
2000-01-10,0.133145
2000-01-11,0.151635
2000-01-12,0.145312
2000-01-13,0.139264
2000-01-14,0.154345
2000-01-17,0.147367
2000-01-18,0.136881
2000-01-19,0.120472
2000-01-20,0.11965
2000-01-21,0.127382
2000-01-24,0.126566
2000-01-25,0.12451
2000-01-26,0.118033
2000-01-27,0.148758
2000-01-28,0.188335
2000-01-31,0.20907
2000-02-01,0.229729
2000-02-02,0.251688
2000-02-03,0.269635
2000-02-04,0.300605
2000-02-07,0.287618
2000-02-08,0.301159
2000-02-09,0.301296
2000-02-10,0.293564
2000-02-11,0.282828
2000-02-14,0.258258
2000-02-15,0.233577
2000-02-16,0.224639
2000-02-17,0.223947
2000-02-18,0.205335
2000-02-21,0.186885
2000-02-22,0.219497
2000-02-23,0.221214
2000-02-24,0.22829
2000-02-25,0.281443
2000-02-28,0.266298
2000-02-29,0.266434
2000-03-01,0.258557
2000-03-02,0.245857
2000-03-03,0.231596
2000-03-06,0.230913
2000-03-07,0.202631
2000-03-08,0.182231
2000-03-09,0.198927
2000-03-10,0.193106
2000-03-13,0.199901
2000-03-14,0.191613
2000-03-15,0.170871
2000-03-16,0.145023
2000-03-17,0.147896
2000-03-20,0.124707
2000-03-21,0.107508
2000-03-22,0.092654
2000-03-23,0.116341
2000-03-24,0.113661
2000-03-27,0.137996
2000-03-28,0.144694
2000-03-29,0.141595
2000-03-30,0.150607
2000-03-31,0.150796
2000-04-03,0.164433
2000-04-04,0.203741
2000-04-05,0.206733
2000-04-06,0.215711
2000-04-07,0.193529
2000-04-10,0.217117
2000-04-11,0.225871
2000-04-12,0.21952
2000-04-13,0.207869
2000-04-14,0.231084
2000-04-17,0.238946
2000-04-18,0.216669
2000-04-19,0.230904
2000-04-20,0.218886
2000-04-21,0.199546
2000-04-24,0.176764
2000-04-25,0.217159
2000-04-26,0.208263
2000-04-27,0.235213
2000-04-28,0.259318
2000-05-01,0.258636
2000-05-02,0.246117
2000-05-03,0.269117
2000-05-04,0.291835
2000-05-05,0.304373
2000-05-08,0.306712
2000-05-09,0.309903
2000-05-10,0.312367
2000-05-11,0.314217
2000-05-12,0.332766
2000-05-15,0.330788
2000-05-16,0.343392
2000-05-17,0.349751
2000-05-18,0.35793
2000-05-19,0.364708
2000-05-22,0.358791
2000-05-23,0.36545
2000-05-24,0.356279
2000-05-25,0.366034
2000-05-26,0.391324
2000-05-29,0.345456
2000-05-30,0.335235
2000-05-31,0.326589
2000-06-01,0.352507
2000-06-02,0.375292
2000-06-05,0.367293
2000-06-06,0.348516
2000-06-07,0.343592
2000-06-08,0.272874
2000-06-09,0.297542
2000-06-12,0.26406
2000-06-13,0.249922
2000-06-14,0.243939
2000-06-15,0.22556
2000-06-16,0.21214
2000-06-19,0.209686
2000-06-20,0.200279
2000-06-21,0.209393
2000-06-22,0.213455
2000-06-23,0.214678
2000-06-26,0.213915
2000-06-27,0.227539
2000-06-28,0.21137
2000-06-29,0.245978
2000-06-30,0.235765
2000-07-03,0.231143
2000-07-04,0.189234
2000-07-05,0.182598
2000-07-06,0.160602
2000-07-07,0.148259
2000-07-10,0.142426
2000-07-11,0.133201
2000-07-12,0.13697
2000-07-13,0.125192
2000-07-14,0.110461
2000-07-17,0.098514
2000-07-18,0.11226
2000-07-19,0.116151
2000-07-20,0.108021
2000-07-21,0.119665
2000-07-24,0.120314
2000-07-25,0.125663
2000-07-26,0.118392
2000-07-27,0.156731
2000-07-28,0.154226
2000-07-31,0.146008
2000-08-01,0.145259
2000-08-02,0.14306
2000-08-03,0.136487
2000-08-04,0.136775
2000-08-07,0.12629
2000-08-08,0.120651
2000-08-09,0.120136
2000-08-10,0.137482
2000-08-11,0.133878
2000-08-14,0.134644
2000-08-15,0.149743
2000-08-16,0.134062
2000-08-17,0.119153
2000-08-18,0.131663
2000-08-21,0.11738
2000-08-22,0.115292
2000-08-23,0.117243
2000-08-24,0.10096
2000-08-25,0.098206
2000-08-28,0.093467
2000-08-29,0.098153
2000-08-30,0.075934
2000-08-31,0.073731
2000-09-01,0.091255
2000-09-04,0.08009
2000-09-05,0.091454
2000-09-06,0.131766
2000-09-07,0.146081
2000-09-08,0.155647
2000-09-11,0.157639
2000-09-12,0.147555
2000-09-13,0.148815
2000-09-14,0.159787
2000-09-15,0.16775
2000-09-18,0.146137
2000-09-19,0.14698
2000-09-20,0.148458
2000-09-21,0.166742
2000-09-22,0.190281
2000-09-25,0.198268
2000-09-26,0.218463
2000-09-27,0.216086
2000-09-28,0.230892
2000-09-29,0.233592
2000-10-02,0.235925
2000-10-03,0.221899
2000-10-04,0.200909
2000-10-05,0.192335
2000-10-06,0.1854
2000-10-09,0.177233
2000-10-10,0.172211
2000-10-11,0.189178
2000-10-12,0.182036
2000-10-13,0.169986
2000-10-16,0.168968
2000-10-17,0.167734
2000-10-18,0.233438
2000-10-19,0.226461
2000-10-20,0.230317
2000-10-23,0.249869
2000-10-24,0.268323
2000-10-25,0.271456
2000-10-26,0.260471
2000-10-27,0.270791
2000-10-30,0.265905
2000-10-31,0.299556
2000-11-01,0.303233
2000-11-02,0.290294
2000-11-03,0.273791
2000-11-06,0.251686
2000-11-07,0.232323
2000-11-08,0.212864
2000-11-09,0.225835
2000-11-10,0.218929
2000-11-13,0.194384
2000-11-14,0.201448
2000-11-15,0.201084
2000-11-16,0.189564
2000-11-17,0.176164
2000-11-20,0.171196
2000-11-21,0.175527
2000-11-22,0.177868
2000-11-23,0.182206
2000-11-24,0.179612
2000-11-27,0.196869
2000-11-28,0.195768
2000-11-29,0.196208
2000-11-30,0.201136
2000-12-01,0.182458
2000-12-04,0.199768
2000-12-05,0.204201
2000-12-06,0.207199
2000-12-07,0.201087
2000-12-08,0.190688
2000-12-11,0.220193
2000-12-12,0.216334
2000-12-13,0.210667
2000-12-14,0.220322
2000-12-15,0.216293
2000-12-18,0.215436
2000-12-19,0.203744
2000-12-20,0.236149
2000-12-21,0.234693
2000-12-22,0.235613
2000-12-25,0.229064
2000-12-26,0.229781
2000-12-27,0.23258
2000-12-28,0.208547
2000-12-29,0.214485
2001-01-01,0.202127
2001-01-02,0.201664
2001-01-03,0.225949
2001-01-04,0.256629
2001-01-05,0.272904
2001-01-08,0.248513
2001-01-09,0.258669
2001-01-10,0.262791
2001-01-11,0.285309
2001-01-12,0.274506
2001-01-15,0.275481
2001-01-16,0.274675
2001-01-17,0.29389
2001-01-18,0.291103
2001-01-19,0.290836
2001-01-22,0.284084
2001-01-23,0.269835
2001-01-24,0.267657
2001-01-25,0.245721
2001-01-26,0.229716
2001-01-29,0.220243
2001-01-30,0.204512
2001-01-31,0.209023
2001-02-01,0.204541
2001-02-02,0.194771
2001-02-05,0.179132
2001-02-06,0.168394
2001-02-07,0.160977
2001-02-08,0.145821
2001-02-09,0.147775
2001-02-12,0.141688
2001-02-13,0.14755
2001-02-14,0.140309
2001-02-15,0.142538
2001-02-16,0.13729
2001-02-19,0.14082
2001-02-20,0.139758
2001-02-21,0.141016
2001-02-22,0.152285
2001-02-23,0.17789
2001-02-26,0.184023
2001-02-27,0.177611
2001-02-28,0.177744
2001-03-01,0.199619
2001-03-02,0.198342
2001-03-05,0.214484
2001-03-06,0.206259
2001-03-07,0.200016
2001-03-08,0.191726
2001-03-09,0.17498
2001-03-12,0.182126
2001-03-13,0.213434
2001-03-14,0.221716
2001-03-15,0.230959
2001-03-16,0.206847
2001-03-19,0.205182
2001-03-20,0.219023
2001-03-21,0.235235
2001-03-22,0.226554
2001-03-23,0.248228
2001-03-26,0.256228
2001-03-27,0.241566
2001-03-28,0.274962
2001-03-29,0.266895
2001-03-30,0.277617
2001-04-02,0.26547
2001-04-03,0.317095
2001-04-04,0.307641
2001-04-05,0.30312
2001-04-06,0.293872
2001-04-09,0.300511
2001-04-10,0.297751
2001-04-11,0.282652
2001-04-12,0.302789
2001-04-13,0.296797
2001-04-16,0.277649
2001-04-17,0.276051
2001-04-18,0.240379
2001-04-19,0.269223
2001-04-20,0.284255
2001-04-23,0.300828
2001-04-24,0.277558
2001-04-25,0.279902
2001-04-26,0.275788
2001-04-27,0.323634
2001-04-30,0.33526
2001-05-01,0.321777
2001-05-02,0.306385
2001-05-03,0.310412
2001-05-04,0.293381
2001-05-07,0.254876
2001-05-08,0.236779
2001-05-09,0.212373
2001-05-10,0.214445
2001-05-11,0.238973
2001-05-14,0.221829
2001-05-15,0.203505
2001-05-16,0.188461
2001-05-17,0.173524
2001-05-18,0.167279
2001-05-21,0.161697
2001-05-22,0.162175
2001-05-23,0.171444
2001-05-24,0.16877
2001-05-25,0.17406
2001-05-28,0.162982
2001-05-29,0.160779
2001-05-30,0.15711
2001-05-31,0.171673
2001-06-01,0.166798
2001-06-04,0.163178
2001-06-05,0.181627
2001-06-06,0.193292
2001-06-07,0.184023
2001-06-08,0.180994
2001-06-11,0.175597
2001-06-12,0.196706
2001-06-13,0.18659
2001-06-14,0.184184
2001-06-15,0.208273
2001-06-18,0.205992
2001-06-19,0.206793
2001-06-20,0.190737
2001-06-21,0.190364
2001-06-22,0.166479
2001-06-25,0.140055
2001-06-26,0.128148
2001-06-27,0.114919
2001-06-28,0.13801
2001-06-29,0.16154
2001-07-02,0.193585
2001-07-03,0.186037
2001-07-04,0.1834
2001-07-05,0.178493
2001-07-06,0.223464
2001-07-09,0.202137
2001-07-10,0.196811
2001-07-11,0.205727
2001-07-12,0.208627
2001-07-13,0.190364
2001-07-16,0.168939
2001-07-17,0.160287
2001-07-18,0.173238
2001-07-19,0.176187
2001-07-20,0.162614
2001-07-23,0.160879
2001-07-24,0.157677
2001-07-25,0.159924
2001-07-26,0.144962
2001-07-27,0.123478
2001-07-30,0.120145
2001-07-31,0.105379
2001-08-01,0.092456
2001-08-02,0.08412
2001-08-03,0.076348
2001-08-06,0.072131
2001-08-07,0.065142
2001-08-08,0.06533
2001-08-09,0.068165
2001-08-10,0.067707
2001-08-13,0.064332
2001-08-14,0.065665
2001-08-15,0.069305
2001-08-16,0.070421
2001-08-17,0.085344
2001-08-20,0.092761
2001-08-21,0.079586
2001-08-22,0.076223
2001-08-23,0.064266
2001-08-24,0.06745
2001-08-27,0.066687
2001-08-28,0.062287
2001-08-29,0.053426
2001-08-30,0.06277
2001-08-31,0.050476
2001-09-03,0.05268
2001-09-04,0.087622
2001-09-05,0.136817
2001-09-06,0.179095
2001-09-07,0.21225
2001-09-10,0.223115
2001-09-11,0.240391
2001-09-12,0.277972
2001-09-13,0.284941
2001-09-14,0.32015
2001-09-17,0.32885
2001-09-18,0.339124
2001-09-19,0.335141
2001-09-20,0.323441
2001-09-21,0.340646
2001-09-24,0.338961
2001-09-25,0.35676
2001-09-26,0.342747
2001-09-27,0.352576
2001-09-28,0.361221
2001-10-01,0.361785
2001-10-02,0.363798
2001-10-03,0.361034
2001-10-04,0.348959
2001-10-05,0.330501
2001-10-08,0.318059
2001-10-09,0.315207
2001-10-10,0.28247
2001-10-11,0.274739
2001-10-12,0.264563
2001-10-15,0.25308
2001-10-16,0.236453
2001-10-17,0.222974
2001-10-18,0.191175
2001-10-19,0.187263
2001-10-22,0.182377
2001-10-23,0.178445
2001-10-24,0.157346
2001-10-25,0.142416
2001-10-26,0.13982
2001-10-29,0.13162
2001-10-30,0.140332
2001-10-31,0.14585
2001-11-01,0.160049
2001-11-02,0.168076
2001-11-05,0.167488
2001-11-06,0.163605
2001-11-07,0.178821
2001-11-08,0.168918
2001-11-09,0.16329
2001-11-12,0.172623
2001-11-13,0.167605
2001-11-14,0.179324
2001-11-15,0.173625
2001-11-16,0.164275
2001-11-19,0.156326
2001-11-20,0.161578
2001-11-21,0.164682
2001-11-22,0.161912
2001-11-23,0.159194
2001-11-26,0.1552
2001-11-27,0.162476
2001-11-28,0.16726
2001-11-29,0.16405
2001-11-30,0.118006
2001-12-03,0.132214
2001-12-04,0.134869
2001-12-05,0.150538
2001-12-06,0.124727
2001-12-07,0.112745
2001-12-10,0.120433
2001-12-11,0.120576
2001-12-12,0.118007
2001-12-13,0.112084
2001-12-14,0.090608
2001-12-17,0.102751
2001-12-18,0.10786
2001-12-19,0.102576
2001-12-20,0.105214
2001-12-21,0.106961
2001-12-24,0.118441
2001-12-25,0.135815
2001-12-26,0.140662
2001-12-27,0.149936
2001-12-28,0.137571
2001-12-31,0.147664
2002-01-01,0.144003
2002-01-02,0.171556
2002-01-03,0.183007
2002-01-04,0.177421
2002-01-07,0.184429
2002-01-08,0.171478
2002-01-09,0.154012
2002-01-10,0.147491
2002-01-11,0.130125
2002-01-14,0.146051
2002-01-15,0.166638
2002-01-16,0.150755
2002-01-17,0.145267
2002-01-18,0.140098
2002-01-21,0.128422
2002-01-22,0.137178
2002-01-23,0.126516
2002-01-24,0.123659
2002-01-25,0.138922
2002-01-28,0.147329
2002-01-29,0.138243
2002-01-30,0.141201
2002-01-31,0.125953
2002-02-01,0.116352
2002-02-04,0.121129
2002-02-05,0.125092
2002-02-06,0.113081
2002-02-07,0.115084
2002-02-08,0.113317
2002-02-11,0.109219
2002-02-12,0.095379
2002-02-13,0.090385
2002-02-14,0.090277
2002-02-15,0.093312
2002-02-18,0.083841
2002-02-19,0.087813
2002-02-20,0.08013
2002-02-21,0.082548
2002-02-22,0.084464
2002-02-25,0.087447
2002-02-26,0.0773
2002-02-27,0.075264
2002-02-28,0.061914
2002-03-01,0.055585
2002-03-04,0.059079
2002-03-05,0.061695
2002-03-06,0.05732
2002-03-07,0.062885
2002-03-08,0.056979
2002-03-11,0.060273
2002-03-12,0.058125
2002-03-13,0.058602
2002-03-14,0.049367
2002-03-15,0.050521
2002-03-18,0.057541
2002-03-19,0.054144
2002-03-20,0.054659
2002-03-21,0.049604
2002-03-22,0.040744
2002-03-25,0.031301
2002-03-26,0.026249
2002-03-27,0.025174
2002-03-28,0.022928
2002-03-29,0.02332
2002-04-01,0.023532
2002-04-02,0.025174
2002-04-03,0.019133
2002-04-04,0.01758
2002-04-05,0.016642
2002-04-08,0.026777
2002-04-09,0.028132
2002-04-10,0.032441
2002-04-11,0.038103
2002-04-12,0.042556
2002-04-15,0.03983
2002-04-16,0.04144
2002-04-17,0.03693
2002-04-18,0.03709
2002-04-19,0.039633
2002-04-22,0.035075
2002-04-23,0.035013
2002-04-24,0.034941
2002-04-25,0.043202
2002-04-26,0.041843
2002-04-29,0.040811
2002-04-30,0.032299
2002-05-01,0.028127
2002-05-02,0.034974
2002-05-03,0.023422
2002-05-06,0.027359
2002-05-07,0.032627
2002-05-08,0.052567
2002-05-09,0.054962
2002-05-10,0.05748
2002-05-13,0.056461
2002-05-14,0.069273
2002-05-15,0.079659
2002-05-16,0.072669
2002-05-17,0.069869
2002-05-20,0.080252
2002-05-21,0.069338
2002-05-22,0.077577
2002-05-23,0.068162
2002-05-24,0.062671
2002-05-27,0.055323
2002-05-28,0.054824
2002-05-29,0.050648
2002-05-30,0.053423
2002-05-31,0.048576
2002-06-03,0.05269
2002-06-04,0.0581
2002-06-05,0.057644
2002-06-06,0.052027
2002-06-07,0.054898
2002-06-10,0.052643
2002-06-11,0.046378
2002-06-12,0.038845
2002-06-13,0.030494
2002-06-14,0.035708
2002-06-17,0.041046
2002-06-18,0.038067
2002-06-19,0.039827
2002-06-20,0.039633
2002-06-21,0.033548
2002-06-24,0.039777
2002-06-25,0.043199
2002-06-26,0.056056
2002-06-27,0.067997
2002-06-28,0.075848
2002-07-01,0.076735
2002-07-02,0.078447
2002-07-03,0.076177
2002-07-04,0.079406
2002-07-05,0.079983
2002-07-08,0.09033
2002-07-09,0.093972
2002-07-10,0.095412
2002-07-11,0.097596
2002-07-12,0.100597
2002-07-15,0.102215
2002-07-16,0.100027
2002-07-17,0.107861
2002-07-18,0.102567
2002-07-19,0.099598
2002-07-22,0.091977
2002-07-23,0.095324
2002-07-24,0.107874
2002-07-25,0.102067
2002-07-26,0.113141
2002-07-29,0.131868
2002-07-30,0.13277
2002-07-31,0.132267
2002-08-01,0.137844
2002-08-02,0.141699
2002-08-05,0.151403
2002-08-06,0.153971
2002-08-07,0.164861
2002-08-08,0.169774
2002-08-09,0.175057
2002-08-12,0.178121
2002-08-13,0.176692
2002-08-14,0.15784
2002-08-15,0.162909
2002-08-16,0.149937
2002-08-19,0.142801
2002-08-20,0.132762
2002-08-21,0.130136
2002-08-22,0.132125
2002-08-23,0.124053
2002-08-26,0.122226
2002-08-27,0.12892
2002-08-28,0.127372
2002-08-29,0.123445
2002-08-30,0.11434
2002-09-02,0.108372
2002-09-03,0.124265
2002-09-04,0.116325
2002-09-05,0.112813
2002-09-06,0.110243
2002-09-09,0.109677
2002-09-10,0.113171
2002-09-11,0.109679
2002-09-12,0.113674
2002-09-13,0.11731
2002-09-16,0.117916
2002-09-17,0.108588
2002-09-18,0.105727
2002-09-19,0.101235
2002-09-20,0.097456
2002-09-23,0.112032
2002-09-24,0.122345
2002-09-25,0.118074
2002-09-26,0.116485
2002-09-27,0.115891
2002-09-30,0.146469
2002-10-01,0.140307
2002-10-02,0.146102
2002-10-03,0.150412
2002-10-04,0.153925
2002-10-07,0.151385
2002-10-08,0.17081
2002-10-09,0.17445
2002-10-10,0.182369
2002-10-11,0.184084
2002-10-14,0.193244
2002-10-15,0.192862
2002-10-16,0.195219
2002-10-17,0.169729
2002-10-18,0.17613
2002-10-21,0.181571
2002-10-22,0.175466
2002-10-23,0.172403
2002-10-24,0.17748
2002-10-25,0.186559
2002-10-28,0.177551
2002-10-29,0.18372
2002-10-30,0.190102
2002-10-31,0.185862
2002-11-01,0.167621
2002-11-04,0.163877
2002-11-05,0.168525
2002-11-06,0.159836
2002-11-07,0.157749
2002-11-08,0.163299
2002-11-11,0.17386
2002-11-12,0.182731
2002-11-13,0.184257
2002-11-14,0.190737
2002-11-15,0.178937
2002-11-18,0.176139
2002-11-19,0.16444
2002-11-20,0.161065
2002-11-21,0.169134
2002-11-22,0.155863
2002-11-25,0.130713
2002-11-26,0.130588
2002-11-27,0.133586
2002-11-28,0.136209
2002-11-29,0.13492
2002-12-02,0.11207
2002-12-03,0.119623
2002-12-04,0.119811
2002-12-05,0.12503
2002-12-06,0.116658
2002-12-09,0.114564
2002-12-10,0.108209
2002-12-11,0.105439
2002-12-12,0.094599
2002-12-13,0.084972
2002-12-16,0.085332
2002-12-17,0.075348
2002-12-18,0.06868
2002-12-19,0.064855
2002-12-20,0.063304
2002-12-23,0.058986
2002-12-24,0.057704
2002-12-25,0.055141
2002-12-26,0.0524
2002-12-27,0.042696
2002-12-30,0.044996
2002-12-31,0.051013
2003-01-01,0.056715
2003-01-02,0.056106
2003-01-03,0.065347
2003-01-06,0.069255
2003-01-07,0.066056
2003-01-08,0.067825
2003-01-09,0.066594
2003-01-10,0.051183
2003-01-13,0.046849
2003-01-14,0.042764
2003-01-15,0.040632
2003-01-16,0.033422
2003-01-17,0.044284
2003-01-20,0.0476
2003-01-21,0.049975
2003-01-22,0.055541
2003-01-23,0.058277
2003-01-24,0.066923
2003-01-27,0.073455
2003-01-28,0.075568
2003-01-29,0.078603
2003-01-30,0.076371
2003-01-31,0.07236
2003-02-03,0.066039
2003-02-04,0.066513
2003-02-05,0.063484
2003-02-06,0.069601
2003-02-07,0.065417
2003-02-10,0.068488
2003-02-11,0.074366
2003-02-12,0.079656
2003-02-13,0.084141
2003-02-14,0.081791
2003-02-17,0.080239
2003-02-18,0.066627
2003-02-19,0.069531
2003-02-20,0.078575
2003-02-21,0.080326
2003-02-24,0.103811
2003-02-25,0.122779
2003-02-26,0.126383
2003-02-27,0.122842
2003-02-28,0.144731
2003-03-03,0.14345
2003-03-04,0.155671
2003-03-05,0.152732
2003-03-06,0.15677
2003-03-07,0.167826
2003-03-10,0.172225
2003-03-11,0.181732
2003-03-12,0.210015
2003-03-13,0.237981
2003-03-14,0.269918
2003-03-17,0.288869
2003-03-18,0.313378
2003-03-19,0.316568
2003-03-20,0.33213
2003-03-21,0.32946
2003-03-24,0.346112
2003-03-25,0.336504
2003-03-26,0.319094
2003-03-27,0.324367
2003-03-28,0.30475
2003-03-31,0.340288
2003-04-01,0.328786
2003-04-02,0.316472
2003-04-03,0.298148
2003-04-04,0.282645
2003-04-07,0.246473
2003-04-08,0.222321
2003-04-09,0.189901
2003-04-10,0.18589
2003-04-11,0.170251
2003-04-14,0.143262
2003-04-15,0.123581
2003-04-16,0.122453
2003-04-17,0.111392
2003-04-18,0.096616
2003-04-21,0.084022
2003-04-22,0.085388
2003-04-23,0.078864
2003-04-24,0.083118
2003-04-25,0.079935
2003-04-28,0.077246
2003-04-29,0.071796
2003-04-30,0.069263
2003-05-01,0.067649
2003-05-02,0.050435
2003-05-05,0.048075
2003-05-06,0.049482
2003-05-07,0.047818
2003-05-08,0.074293
2003-05-09,0.080725
2003-05-12,0.081102
2003-05-13,0.076274
2003-05-14,0.086081
2003-05-15,0.104995
2003-05-16,0.136955
2003-05-19,0.196379
2003-05-20,0.204348
2003-05-21,0.206994
2003-05-22,0.203482
2003-05-23,0.222753
2003-05-26,0.216475
2003-05-27,0.218451
2003-05-28,0.217924
2003-05-29,0.214677
2003-05-30,0.199484
2003-06-02,0.190782
2003-06-03,0.185319
2003-06-04,0.184284
2003-06-05,0.183616
2003-06-06,0.184465
2003-06-09,0.172005
2003-06-10,0.157005
2003-06-11,0.148172
2003-06-12,0.129858
2003-06-13,0.120543
2003-06-16,0.109333
2003-06-17,0.101538
2003-06-18,0.096894
2003-06-19,0.087534
2003-06-20,0.080116
2003-06-23,0.079292
2003-06-24,0.069769
2003-06-25,0.060069
2003-06-26,0.060529
2003-06-27,0.055147
2003-06-30,0.054095
2003-07-01,0.057803
2003-07-02,0.06076
2003-07-03,0.056884
2003-07-04,0.047163
2003-07-07,0.070719
2003-07-08,0.074617
2003-07-09,0.065
2003-07-10,0.058532
2003-07-11,0.059083
2003-07-14,0.061544
2003-07-15,0.069184
2003-07-16,0.064029
2003-07-17,0.057357
2003-07-18,0.057946
2003-07-21,0.055357
2003-07-22,0.046996
2003-07-23,0.052746
2003-07-24,0.058417
2003-07-25,0.057788
2003-07-28,0.063825
2003-07-29,0.059518
2003-07-30,0.057388
2003-07-31,0.064468
2003-08-01,0.051574
2003-08-04,0.050758
2003-08-05,0.045866
2003-08-06,0.045917
2003-08-07,0.037016
2003-08-08,0.035894
2003-08-11,0.033791
2003-08-12,0.03179
2003-08-13,0.025576
2003-08-14,0.02385
2003-08-15,0.018679
2003-08-18,0.020534
2003-08-19,0.014755
2003-08-20,0.013137
2003-08-21,0.025614
2003-08-22,0.022677
2003-08-25,0.020472
2003-08-26,0.017966
2003-08-27,0.015359
2003-08-28,0.011889
2003-08-29,0.013464
2003-09-01,0.013558
2003-09-02,0.042568
2003-09-03,0.054323
2003-09-04,0.065469
2003-09-05,0.082084
2003-09-08,0.081588
2003-09-09,0.093482
2003-09-10,0.097072
2003-09-11,0.093878
2003-09-12,0.100108
2003-09-15,0.090918
2003-09-16,0.100281
2003-09-17,0.095094
2003-09-18,0.095826
2003-09-19,0.090923
2003-09-22,0.098667
2003-09-23,0.089711
2003-09-24,0.078253
2003-09-25,0.065366
2003-09-26,0.058775
2003-09-29,0.05689
2003-09-30,0.068877
2003-10-01,0.052695
2003-10-02,0.053365
2003-10-03,0.071427
2003-10-06,0.088941
2003-10-07,0.096222
2003-10-08,0.087903
2003-10-09,0.1009
2003-10-10,0.093895
2003-10-13,0.103228
2003-10-14,0.091135
2003-10-15,0.093741
2003-10-16,0.081615
2003-10-17,0.07497
2003-10-20,0.062638
2003-10-21,0.054658
2003-10-22,0.063141
2003-10-23,0.055334
2003-10-24,0.04552
2003-10-27,0.041826
2003-10-28,0.044483
2003-10-29,0.037338
2003-10-30,0.035032
2003-10-31,0.029826
2003-11-03,0.044623
2003-11-04,0.035438
2003-11-05,0.031938
2003-11-06,0.030971
2003-11-07,0.036068
2003-11-10,0.027764
2003-11-11,0.025476
2003-11-12,0.025386
2003-11-13,0.024867
2003-11-14,0.020617
2003-11-17,0.032545
2003-11-18,0.053265
2003-11-19,0.057222
2003-11-20,0.052056
2003-11-21,0.045013
2003-11-24,0.064206
2003-11-25,0.054722
2003-11-26,0.050778
2003-11-27,0.045271
2003-11-28,0.03599
2003-12-01,0.0398
2003-12-02,0.036364
2003-12-03,0.034488
2003-12-04,0.028779
2003-12-05,0.029899
2003-12-08,0.025009
2003-12-09,0.019733
2003-12-10,0.016782
2003-12-11,0.014005
2003-12-12,0.011397
2003-12-15,0.008034
2003-12-16,0.005879
2003-12-17,0.005703
2003-12-18,0.005376
2003-12-19,0.004111
2003-12-22,0.003057
2003-12-23,0.002876
2003-12-24,0.002832
2003-12-25,0.001846
2003-12-26,0.00129
2003-12-29,0.001028
2003-12-30,0.001951
2003-12-31,0.002502
2004-01-01,0.00275
2004-01-02,0.006801
2004-01-05,0.006633
2004-01-06,0.008021
2004-01-07,0.011457
2004-01-08,0.020079
2004-01-09,0.026698
2004-01-12,0.025614
2004-01-13,0.018481
2004-01-14,0.026981
2004-01-15,0.024538
2004-01-16,0.030758
2004-01-19,0.025991
2004-01-20,0.028577
2004-01-21,0.022661
2004-01-22,0.016902
2004-01-23,0.014122
2004-01-26,0.016541
2004-01-27,0.015151
2004-01-28,0.014536
2004-01-29,0.01849
2004-01-30,0.015983
2004-02-02,0.01375
2004-02-03,0.012832
2004-02-04,0.01032
2004-02-05,0.008195
2004-02-06,0.009711
2004-02-09,0.00883
2004-02-10,0.007253
2004-02-11,0.006888
2004-02-12,0.006079
2004-02-13,0.00629
2004-02-16,0.006788
2004-02-17,0.008382
2004-02-18,0.006137
2004-02-19,0.00867
2004-02-20,0.006768
2004-02-23,0.005627
2004-02-24,0.011652
2004-02-25,0.010454
2004-02-26,0.007265
2004-02-27,0.006694
2004-03-01,0.005764
2004-03-02,0.00512
2004-03-03,0.006278
2004-03-04,0.007666
2004-03-05,0.017014
2004-03-08,0.012529
2004-03-09,0.01254
2004-03-10,0.01081
2004-03-11,0.025926
2004-03-12,0.030574
2004-03-15,0.039168
2004-03-16,0.042669
2004-03-17,0.044095
2004-03-18,0.043949
2004-03-19,0.046375
2004-03-22,0.04764
2004-03-23,0.041435
2004-03-24,0.047191
2004-03-25,0.047928
2004-03-26,0.04631
2004-03-29,0.042795
2004-03-30,0.039072
2004-03-31,0.03528
2004-04-01,0.03644
2004-04-02,0.053699
2004-04-05,0.053951
2004-04-06,0.062454
2004-04-07,0.062274
2004-04-08,0.057538
2004-04-09,0.052632
2004-04-12,0.04721
2004-04-13,0.045716
2004-04-14,0.068519
2004-04-15,0.058991
2004-04-16,0.051845
2004-04-19,0.040641
2004-04-20,0.046135
2004-04-21,0.038634
2004-04-22,0.032783
2004-04-23,0.029206
2004-04-26,0.021868
2004-04-27,0.019047
2004-04-28,0.02061
2004-04-29,0.024339
2004-04-30,0.019907
2004-05-03,0.016303
2004-05-04,0.01502
2004-05-05,0.012104
2004-05-06,0.022218
2004-05-07,0.028579
2004-05-10,0.044568
2004-05-11,0.046021
2004-05-12,0.045468
2004-05-13,0.040234
2004-05-14,0.035445
2004-05-17,0.044597
2004-05-18,0.045927
2004-05-19,0.044846
2004-05-20,0.041349
2004-05-21,0.031841
2004-05-24,0.027254
2004-05-25,0.024398
2004-05-26,0.019007
2004-05-27,0.018559
2004-05-28,0.017116
2004-05-31,0.012866
2004-06-01,0.012101
2004-06-02,0.009216
2004-06-03,0.007847
2004-06-04,0.008971
2004-06-07,0.00832
2004-06-08,0.009269
2004-06-09,0.01946
2004-06-10,0.013779
2004-06-11,0.011324
2004-06-14,0.010679
2004-06-15,0.012145
2004-06-16,0.010081
2004-06-17,0.009308
2004-06-18,0.00973
2004-06-21,0.011
2004-06-22,0.015134
2004-06-23,0.016868
2004-06-24,0.023215
2004-06-25,0.023949
2004-06-28,0.032153
2004-06-29,0.0306
2004-06-30,0.029553
2004-07-01,0.025851
2004-07-02,0.023745
2004-07-05,0.019767
2004-07-06,0.022679
2004-07-07,0.021974
2004-07-08,0.024872
2004-07-09,0.029518
2004-07-12,0.038554
2004-07-13,0.043788
2004-07-14,0.051307
2004-07-15,0.064672
2004-07-16,0.068315
2004-07-19,0.064038
2004-07-20,0.060181
2004-07-21,0.060385
2004-07-22,0.078876
2004-07-23,0.07895
2004-07-26,0.074339
2004-07-27,0.069654
2004-07-28,0.062758
2004-07-29,0.058531
2004-07-30,0.052681
2004-08-02,0.051397
2004-08-03,0.048723
2004-08-04,0.048669
2004-08-05,0.047697
2004-08-06,0.093496
2004-08-09,0.078169
2004-08-10,0.067246
2004-08-11,0.059118
2004-08-12,0.054342
2004-08-13,0.050718
2004-08-16,0.043628
2004-08-17,0.038964
2004-08-18,0.033619
2004-08-19,0.030543
2004-08-20,0.029649
2004-08-23,0.046829
2004-08-24,0.038308
2004-08-25,0.035672
2004-08-26,0.038139
2004-08-27,0.042785
2004-08-30,0.040811
2004-08-31,0.043324
2004-09-01,0.04074
2004-09-02,0.044858
2004-09-03,0.048608
2004-09-06,0.044064
2004-09-07,0.039447
2004-09-08,0.038845
2004-09-09,0.042334
2004-09-10,0.043752
2004-09-13,0.049152
2004-09-14,0.049292
2004-09-15,0.051203
2004-09-16,0.053231
2004-09-17,0.05181
2004-09-20,0.04825
2004-09-21,0.066334
2004-09-22,0.069336
2004-09-23,0.070473
2004-09-24,0.061399
2004-09-27,0.06567
2004-09-28,0.057535
2004-09-29,0.095492
2004-09-30,0.092748
2004-10-01,0.099933
2004-10-04,0.087066
2004-10-05,0.071779
2004-10-06,0.054967
2004-10-07,0.044362
2004-10-08,0.054064
2004-10-11,0.046461
2004-10-12,0.046624
2004-10-13,0.038664
2004-10-14,0.037358
2004-10-15,0.037609
2004-10-18,0.037187
2004-10-19,0.038111
2004-10-20,0.048536
2004-10-21,0.043274
2004-10-22,0.042101
2004-10-25,0.066151
2004-10-26,0.053937
2004-10-27,0.04935
2004-10-28,0.042967
2004-10-29,0.037283
2004-11-01,0.030031
2004-11-02,0.028164
2004-11-03,0.035781
2004-11-04,0.039234
2004-11-05,0.037651
2004-11-08,0.035841
2004-11-09,0.032017
2004-11-10,0.033441
2004-11-11,0.035277
2004-11-12,0.030176
2004-11-15,0.032788
2004-11-16,0.034967
2004-11-17,0.037196
2004-11-18,0.034821
2004-11-19,0.033852
2004-11-22,0.030035
2004-11-23,0.023932
2004-11-24,0.019907
2004-11-25,0.017517
2004-11-26,0.01467
2004-11-29,0.012707
2004-11-30,0.016352
2004-12-01,0.018777
2004-12-02,0.018484
2004-12-03,0.034992
2004-12-06,0.030687
2004-12-07,0.020755
2004-12-08,0.017269
2004-12-09,0.018717
2004-12-10,0.0158
2004-12-13,0.014459
2004-12-14,0.011099
2004-12-15,0.012747
2004-12-16,0.013942
2004-12-17,0.016683
2004-12-20,0.015479
2004-12-21,0.01414
2004-12-22,0.012901
2004-12-23,0.012602
2004-12-24,0.009996
2004-12-27,0.008795
2004-12-28,0.007405
2004-12-29,0.007668
2004-12-30,0.01218
2004-12-31,0.017974
2005-01-03,0.024942
2005-01-04,0.022977
2005-01-05,0.023813
2005-01-06,0.020471
2005-01-07,0.020907
2005-01-10,0.017769
2005-01-11,0.024545
2005-01-12,0.02194
2005-01-13,0.018511
2005-01-14,0.017379
2005-01-17,0.012803
2005-01-18,0.012563
2005-01-19,0.010906
2005-01-20,0.017879
2005-01-21,0.015713
2005-01-24,0.015079
2005-01-25,0.016061
2005-01-26,0.014099
2005-01-27,0.014993
2005-01-28,0.015463
2005-01-31,0.015245
2005-02-01,0.014136
2005-02-02,0.012834
2005-02-03,0.01453
2005-02-04,0.033257
2005-02-07,0.033546
2005-02-08,0.032803
2005-02-09,0.032619
2005-02-10,0.032375
2005-02-11,0.033602
2005-02-14,0.035826
2005-02-15,0.032147
2005-02-16,0.046529
2005-02-17,0.041813
2005-02-18,0.039982
2005-02-21,0.036196
2005-02-22,0.05711
2005-02-23,0.050456
2005-02-24,0.040498
2005-02-25,0.041463
2005-02-28,0.038535
2005-03-01,0.035683
2005-03-02,0.029635
2005-03-03,0.027911
2005-03-04,0.031243
2005-03-07,0.023187
2005-03-08,0.029892
2005-03-09,0.031498
2005-03-10,0.036449
2005-03-11,0.032413
2005-03-14,0.031317
2005-03-15,0.031472
2005-03-16,0.05418
2005-03-17,0.04845
2005-03-18,0.043481
2005-03-21,0.043876
2005-03-22,0.036956
2005-03-23,0.030919
2005-03-24,0.027617
2005-03-25,0.02269
2005-03-28,0.019749
2005-03-29,0.020024
2005-03-30,0.020097
2005-03-31,0.019374
2005-04-01,0.01856
2005-04-04,0.021398
2005-04-05,0.020231
2005-04-06,0.017379
2005-04-07,0.016073
2005-04-08,0.01471
2005-04-11,0.013294
2005-04-12,0.016683
2005-04-13,0.015376
2005-04-14,0.017716
2005-04-15,0.058177
2005-04-18,0.083012
2005-04-19,0.069982
2005-04-20,0.056992
2005-04-21,0.046662
2005-04-22,0.040261
2005-04-25,0.042056
2005-04-26,0.036329
2005-04-27,0.046034
2005-04-28,0.039962
2005-04-29,0.044414
2005-05-02,0.040696
2005-05-03,0.035542
2005-05-04,0.034184
2005-05-05,0.032441
2005-05-06,0.040875
2005-05-09,0.049988
2005-05-10,0.054346
2005-05-11,0.052008
2005-05-12,0.057847
2005-05-13,0.050235
2005-05-16,0.041769
2005-05-17,0.038774
2005-05-18,0.043982
2005-05-19,0.040299
2005-05-20,0.045663
2005-05-23,0.046741
2005-05-24,0.043969
2005-05-25,0.042957
2005-05-26,0.042338
2005-05-27,0.044457
2005-05-30,0.056486
2005-05-31,0.082335
2005-06-01,0.08112
2005-06-02,0.065946
2005-06-03,0.057861
2005-06-06,0.049399
2005-06-07,0.047783
2005-06-08,0.04477
2005-06-09,0.038738
2005-06-10,0.037097
2005-06-13,0.043115
2005-06-14,0.044415
2005-06-15,0.039582
2005-06-16,0.032957
2005-06-17,0.03659
2005-06-20,0.034641
2005-06-21,0.031083
2005-06-22,0.023994
2005-06-23,0.019053
2005-06-24,0.019322
2005-06-27,0.022154
2005-06-28,0.018814
2005-06-29,0.016937
2005-06-30,0.015936
2005-07-01,0.011525
2005-07-04,0.010465
2005-07-05,0.009109
2005-07-06,0.008288
2005-07-07,0.017395
2005-07-08,0.014092
2005-07-11,0.009375
2005-07-12,0.008205
2005-07-13,0.00585
2005-07-14,0.005679
2005-07-15,0.0087
2005-07-18,0.012065
2005-07-19,0.015432
2005-07-20,0.017721
2005-07-21,0.019665
2005-07-22,0.018453
2005-07-25,0.015416
2005-07-26,0.013443
2005-07-27,0.012576
2005-07-28,0.016112
2005-07-29,0.022731
2005-08-01,0.027039
2005-08-02,0.026251
2005-08-03,0.033146
2005-08-04,0.038227
2005-08-05,0.040804
2005-08-08,0.038337
2005-08-09,0.034193
2005-08-10,0.037281
2005-08-11,0.037075
2005-08-12,0.040485
2005-08-15,0.038367
2005-08-16,0.036572
2005-08-17,0.037738
2005-08-18,0.041654
2005-08-19,0.03853
2005-08-22,0.032764
2005-08-23,0.033203
2005-08-24,0.031814
2005-08-25,0.038197
2005-08-26,0.041137
2005-08-29,0.038655
2005-08-30,0.034038
2005-08-31,0.046634
2005-09-01,0.056672
2005-09-02,0.048952
2005-09-05,0.045038
2005-09-06,0.045885
2005-09-07,0.037619
2005-09-08,0.035516
2005-09-09,0.033347
2005-09-12,0.041709
2005-09-13,0.047748
2005-09-14,0.038947
2005-09-15,0.036941
2005-09-16,0.036221
2005-09-19,0.043619
2005-09-20,0.035083
2005-09-21,0.050366
2005-09-22,0.047152
2005-09-23,0.041901
2005-09-26,0.04234
2005-09-27,0.039608
2005-09-28,0.03175
2005-09-29,0.032657
2005-09-30,0.023584
2005-10-03,0.022935
2005-10-04,0.018662
2005-10-05,0.025744
2005-10-06,0.050711
2005-10-07,0.044408
2005-10-10,0.036145
2005-10-11,0.028758
2005-10-12,0.031072
2005-10-13,0.035032
2005-10-14,0.029519
2005-10-17,0.030335
2005-10-18,0.030402
2005-10-19,0.038098
2005-10-20,0.033528
2005-10-21,0.031407
2005-10-24,0.025783
2005-10-25,0.024714
2005-10-26,0.024613
2005-10-27,0.032066
2005-10-28,0.030288
2005-10-31,0.031334
2005-11-01,0.028013
2005-11-02,0.023653
2005-11-03,0.024248
2005-11-04,0.022487
2005-11-07,0.018667
2005-11-08,0.01711
2005-11-09,0.014703
2005-11-10,0.013776
2005-11-11,0.012127
2005-11-14,0.012065
2005-11-15,0.012012
2005-11-16,0.012307
2005-11-17,0.011369
2005-11-18,0.010329
2005-11-21,0.008282
2005-11-22,0.008182
2005-11-23,0.005563
2005-11-24,0.004223
2005-11-25,0.003062
2005-11-28,0.003439
2005-11-29,0.002527
2005-11-30,0.002609
2005-12-01,0.004561
2005-12-02,0.003379
2005-12-05,0.00588
2005-12-06,0.002199
2005-12-07,0.00265
2005-12-08,0.00303
2005-12-09,0.002359
2005-12-12,0.002946
2005-12-13,0.002018
2005-12-14,0.005489
2005-12-15,0.005322
2005-12-16,0.004754
2005-12-19,0.004797
2005-12-20,0.00863
2005-12-21,0.006923
2005-12-22,0.00778
2005-12-23,0.008294
2005-12-26,0.009818
2005-12-27,0.011312
2005-12-28,0.014251
2005-12-29,0.013782
2005-12-30,0.018799
2006-01-02,0.018367
2006-01-03,0.026105
2006-01-04,0.035593
2006-01-05,0.027784
2006-01-06,0.025558
2006-01-09,0.022342
2006-01-10,0.023231
2006-01-11,0.025937
2006-01-12,0.029855
2006-01-13,0.038293
2006-01-16,0.034133
2006-01-17,0.042392
2006-01-18,0.045869
2006-01-19,0.048872
2006-01-20,0.051445
2006-01-23,0.053792
2006-01-24,0.041444
2006-01-25,0.042613
2006-01-26,0.035463
2006-01-27,0.027313
2006-01-30,0.021307
2006-01-31,0.018456
2006-02-01,0.018372
2006-02-02,0.021734
2006-02-03,0.01934
2006-02-06,0.015444
2006-02-07,0.018743
2006-02-08,0.01673
2006-02-09,0.01497
2006-02-10,0.032004
2006-02-13,0.025022
2006-02-14,0.021059
2006-02-15,0.020014
2006-02-16,0.013748
2006-02-17,0.014711
2006-02-20,0.013507
2006-02-21,0.01296
2006-02-22,0.011214
2006-02-23,0.020292
2006-02-24,0.019362
2006-02-27,0.02063
2006-02-28,0.034041
2006-03-01,0.026926
2006-03-02,0.045839
2006-03-03,0.03919
2006-03-06,0.034296
2006-03-07,0.039501
2006-03-08,0.036665
2006-03-09,0.029569
2006-03-10,0.026747
2006-03-13,0.018279
2006-03-14,0.018331
2006-03-15,0.013585
2006-03-16,0.014823
2006-03-17,0.015453
2006-03-20,0.017045
2006-03-21,0.017541
2006-03-22,0.018952
2006-03-23,0.021787
2006-03-24,0.020467
2006-03-27,0.029516
2006-03-28,0.0408
2006-03-29,0.037037
2006-03-30,0.040899
2006-03-31,0.033364
2006-04-03,0.026132
2006-04-04,0.030107
2006-04-05,0.022127
2006-04-06,0.019732
2006-04-07,0.026438
2006-04-10,0.019184
2006-04-11,0.02535
2006-04-12,0.023658
2006-04-13,0.019283
2006-04-14,0.015394
2006-04-17,0.014265
2006-04-18,0.011756
2006-04-19,0.013691
2006-04-20,0.012719
2006-04-21,0.012079
2006-04-24,0.01752
2006-04-25,0.01847
2006-04-26,0.013017
2006-04-27,0.016599
2006-04-28,0.022079
2006-05-01,0.020831
2006-05-02,0.018997
2006-05-03,0.020025
2006-05-04,0.01832
2006-05-05,0.019065
2006-05-08,0.015769
2006-05-09,0.012535
2006-05-10,0.015463
2006-05-11,0.026748
2006-05-12,0.046335
2006-05-15,0.05465
2006-05-16,0.043935
2006-05-17,0.058566
2006-05-18,0.063336
2006-05-19,0.060113
2006-05-22,0.070184
2006-05-23,0.06365
2006-05-24,0.064877
2006-05-25,0.058658
2006-05-26,0.053546
2006-05-29,0.047758
2006-05-30,0.054148
2006-05-31,0.052193
2006-06-01,0.044814
2006-06-02,0.046364
2006-06-05,0.041922
2006-06-06,0.04798
2006-06-07,0.043163
2006-06-08,0.059609
2006-06-09,0.065652
2006-06-12,0.067316
2006-06-13,0.07216
2006-06-14,0.074777
2006-06-15,0.079291
2006-06-16,0.077265
2006-06-19,0.07946
2006-06-20,0.077084
2006-06-21,0.06864
2006-06-22,0.067375
2006-06-23,0.065477
2006-06-26,0.059445
2006-06-27,0.065235
2006-06-28,0.06407
2006-06-29,0.062329
2006-06-30,0.058889
2006-07-03,0.057719
2006-07-04,0.056514
2006-07-05,0.055499
2006-07-06,0.050888
2006-07-07,0.045547
2006-07-10,0.043636
2006-07-11,0.048078
2006-07-12,0.046534
2006-07-13,0.056117
2006-07-14,0.06395
2006-07-17,0.060322
2006-07-18,0.05531
2006-07-19,0.061296
2006-07-20,0.057504
2006-07-21,0.056966
2006-07-24,0.05272
2006-07-25,0.048049
2006-07-26,0.039317
2006-07-27,0.035624
2006-07-28,0.03044
2006-07-31,0.02808
2006-08-01,0.026823
2006-08-02,0.026297
2006-08-03,0.022507
2006-08-04,0.017769
2006-08-07,0.018805
2006-08-08,0.018534
2006-08-09,0.017248
2006-08-10,0.016797
2006-08-11,0.014524
2006-08-14,0.016634
2006-08-15,0.017658
2006-08-16,0.016375
2006-08-17,0.015578
2006-08-18,0.015524
2006-08-21,0.014488
2006-08-22,0.012216
2006-08-23,0.0118
2006-08-24,0.010371
2006-08-25,0.008341
2006-08-28,0.009276
2006-08-29,0.008823
2006-08-30,0.007548
2006-08-31,0.005862
2006-09-01,0.004413
2006-09-04,0.004591
2006-09-05,0.005457
2006-09-06,0.012099
2006-09-07,0.015933
2006-09-08,0.011959
2006-09-11,0.010449
2006-09-12,0.013917
2006-09-13,0.011053
2006-09-14,0.008462
2006-09-15,0.006913
2006-09-18,0.008822
2006-09-19,0.007604
2006-09-20,0.010369
2006-09-21,0.009732
2006-09-22,0.014492
2006-09-25,0.01188
2006-09-26,0.012456
2006-09-27,0.011516
2006-09-28,0.01313
2006-09-29,0.011667
2006-10-02,0.009225
2006-10-03,0.008841
2006-10-04,0.013631
2006-10-05,0.012305
2006-10-06,0.010448
2006-10-09,0.010593
2006-10-10,0.011155
2006-10-11,0.010469
2006-10-12,0.009775
2006-10-13,0.009306
2006-10-16,0.008824
2006-10-17,0.006478
2006-10-18,0.006924
2006-10-19,0.005873
2006-10-20,0.005872
2006-10-23,0.005534
2006-10-24,0.005491
2006-10-25,0.00503
2006-10-26,0.004265
2006-10-27,0.00383
2006-10-30,0.003199
2006-10-31,0.00252
2006-11-01,0.001953
2006-11-02,0.001896
2006-11-03,0.001366
2006-11-06,0.001653
2006-11-07,0.001722
2006-11-08,0.001226
2006-11-09,0.001035
2006-11-10,0.000734
2006-11-13,0.000931
2006-11-14,0.000961
2006-11-15,0.001177
2006-11-16,0.001021
2006-11-17,0.001243
2006-11-20,0.000831
2006-11-21,0.000798
2006-11-22,0.000768
2006-11-23,0.000831
2006-11-24,0.007435
2006-11-27,0.020545
2006-11-28,0.019427
2006-11-29,0.017728
2006-11-30,0.022165
2006-12-01,0.028008
2006-12-04,0.021759
2006-12-05,0.01685
2006-12-06,0.012544
2006-12-07,0.00966
2006-12-08,0.008185
2006-12-11,0.007419
2006-12-12,0.005306
2006-12-13,0.005458
2006-12-14,0.004944
2006-12-15,0.004598
2006-12-18,0.003494
2006-12-19,0.006647
2006-12-20,0.00332
2006-12-21,0.002039
2006-12-22,0.002118
2006-12-25,0.001243
2006-12-26,0.001172
2006-12-27,0.001642
2006-12-28,0.001558
2006-12-29,0.001495
2007-01-01,0.001963
2007-01-02,0.001421
2007-01-03,0.00174
2007-01-04,0.003448
2007-01-05,0.00926
2007-01-08,0.005831
2007-01-09,0.005808
2007-01-10,0.006898
2007-01-11,0.014159
2007-01-12,0.014353
2007-01-15,0.010823
2007-01-16,0.008772
2007-01-17,0.006601
2007-01-18,0.008258
2007-01-19,0.008364
2007-01-22,0.010164
2007-01-23,0.012883
2007-01-24,0.016981
2007-01-25,0.019842
2007-01-26,0.019634
2007-01-29,0.020328
2007-01-30,0.017903
2007-01-31,0.021371
2007-02-01,0.020769
2007-02-02,0.021962
2007-02-05,0.026599
2007-02-06,0.021783
2007-02-07,0.023343
2007-02-08,0.042487
2007-02-09,0.036444
2007-02-12,0.041366
2007-02-13,0.038978
2007-02-14,0.037265
2007-02-15,0.052286
2007-02-16,0.041818
2007-02-19,0.033588
2007-02-20,0.033253
2007-02-21,0.034062
2007-02-22,0.032369
2007-02-23,0.031602
2007-02-26,0.029306
2007-02-27,0.108844
2007-02-28,0.095801
2007-03-01,0.088613
2007-03-02,0.087297
2007-03-05,0.089212
2007-03-06,0.075418
2007-03-07,0.064569
2007-03-08,0.054042
2007-03-09,0.046293
2007-03-12,0.043531
2007-03-13,0.044097
2007-03-14,0.050232
2007-03-15,0.043631
2007-03-16,0.04098
2007-03-19,0.036536
2007-03-20,0.030682
2007-03-21,0.027448
2007-03-22,0.021307
2007-03-23,0.016633
2007-03-26,0.01537
2007-03-27,0.013095
2007-03-28,0.014402
2007-03-29,0.01352
2007-03-30,0.011976
2007-04-02,0.010862
2007-04-03,0.011043
2007-04-04,0.009266
2007-04-05,0.006401
2007-04-06,0.0054
2007-04-09,0.004294
2007-04-10,0.003436
2007-04-11,0.002511
2007-04-12,0.001848
2007-04-13,0.001584
2007-04-16,0.002347
2007-04-17,0.001737
2007-04-18,0.001461
2007-04-19,0.00137
2007-04-20,0.001985
2007-04-23,0.001506
2007-04-24,0.000998
2007-04-25,0.001453
2007-04-26,0.001284
2007-04-27,0.000771
2007-04-30,0.000965
2007-05-01,0.001076
2007-05-02,0.001541
2007-05-03,0.001088
2007-05-04,0.001227
2007-05-07,0.001374
2007-05-08,0.000817
2007-05-09,0.000741
2007-05-10,0.001923
2007-05-11,0.001878
2007-05-14,0.003999
2007-05-15,0.002862
2007-05-16,0.002298
2007-05-17,0.001882
2007-05-18,0.00218
2007-05-21,0.002618
2007-05-22,0.001875
2007-05-23,0.002674
2007-05-24,0.006011
2007-05-25,0.004169
2007-05-28,0.002822
2007-05-29,0.001847
2007-05-30,0.001196
2007-05-31,0.002667
2007-06-01,0.003322
2007-06-04,0.003037
2007-06-05,0.004383
2007-06-06,0.014312
2007-06-07,0.028748
2007-06-08,0.027976
2007-06-11,0.026159
2007-06-12,0.028596
2007-06-13,0.026447
2007-06-14,0.02627
2007-06-15,0.022551
2007-06-18,0.018561
2007-06-19,0.016964
2007-06-20,0.014262
2007-06-21,0.012473
2007-06-22,0.009534
2007-06-25,0.008275
2007-06-26,0.00764
2007-06-27,0.00854
2007-06-28,0.009439
2007-06-29,0.007806
2007-07-02,0.009351
2007-07-03,0.011536
2007-07-04,0.012611
2007-07-05,0.012699
2007-07-06,0.014023
2007-07-09,0.012205
2007-07-10,0.016165
2007-07-11,0.016929
2007-07-12,0.025352
2007-07-13,0.02757
2007-07-16,0.02852
2007-07-17,0.02273
2007-07-18,0.027935
2007-07-19,0.032696
2007-07-20,0.048346
2007-07-23,0.050309
2007-07-24,0.050256
2007-07-25,0.049206
2007-07-26,0.067229
2007-07-27,0.079116
2007-07-30,0.086403
2007-07-31,0.092984
2007-08-01,0.101977
2007-08-02,0.099109
2007-08-03,0.107603
2007-08-06,0.113815
2007-08-07,0.117107
2007-08-08,0.135745
2007-08-09,0.172967
2007-08-10,0.211479
2007-08-13,0.221312
2007-08-14,0.230054
2007-08-15,0.232751
2007-08-16,0.287298
2007-08-17,0.279728
2007-08-20,0.278254
2007-08-21,0.28248
2007-08-22,0.2801
2007-08-23,0.27479
2007-08-24,0.256834
2007-08-27,0.254313
2007-08-28,0.254125
2007-08-29,0.243987
2007-08-30,0.234873
2007-08-31,0.226298
2007-09-03,0.220382
2007-09-04,0.212678
2007-09-05,0.221266
2007-09-06,0.214901
2007-09-07,0.234394
2007-09-10,0.24298
2007-09-11,0.244794
2007-09-12,0.222826
2007-09-13,0.225155
2007-09-14,0.212391
2007-09-17,0.206829
2007-09-18,0.218905
2007-09-19,0.217248
2007-09-20,0.206849
2007-09-21,0.200959
2007-09-24,0.192985
2007-09-25,0.185653
2007-09-26,0.178949
2007-09-27,0.182531
2007-09-28,0.166633
2007-10-01,0.160623
2007-10-02,0.144545
2007-10-03,0.133095
2007-10-04,0.124444
2007-10-05,0.124806
2007-10-08,0.11085
2007-10-09,0.106946
2007-10-10,0.100877
2007-10-11,0.092882
2007-10-12,0.090688
2007-10-15,0.090838
2007-10-16,0.0775
2007-10-17,0.07852
2007-10-18,0.079118
2007-10-19,0.079489
2007-10-22,0.079177
2007-10-23,0.082625
2007-10-24,0.092674
2007-10-25,0.101812
2007-10-26,0.099652
2007-10-29,0.103841
2007-10-30,0.095075
2007-10-31,0.104168
2007-11-01,0.115871
2007-11-02,0.120761
2007-11-05,0.120469
2007-11-06,0.11549
2007-11-07,0.11632
2007-11-08,0.11655
2007-11-09,0.11702
2007-11-12,0.109922
2007-11-13,0.108969
2007-11-14,0.114903
2007-11-15,0.125885
2007-11-16,0.129306
2007-11-19,0.165267
2007-11-20,0.17292
2007-11-21,0.210469
2007-11-22,0.223077
2007-11-23,0.225131
2007-11-26,0.222501
2007-11-27,0.221391
2007-11-28,0.232503
2007-11-29,0.23665
2007-11-30,0.234305
2007-12-03,0.238111
2007-12-04,0.253499
2007-12-05,0.244321
2007-12-06,0.239916
2007-12-07,0.243944
2007-12-10,0.235919
2007-12-11,0.242774
2007-12-12,0.243017
2007-12-13,0.25101
2007-12-14,0.242589
2007-12-17,0.260463
2007-12-18,0.270167
2007-12-19,0.276215
2007-12-20,0.274839
2007-12-21,0.283204
2007-12-24,0.268166
2007-12-25,0.245047
2007-12-26,0.22762
2007-12-27,0.204622
2007-12-28,0.202433
2007-12-31,0.206021
2008-01-01,0.189268
2008-01-02,0.2415
2008-01-03,0.243704
2008-01-04,0.277653
2008-01-07,0.278507
2008-01-08,0.268225
2008-01-09,0.286948
2008-01-10,0.291788
2008-01-11,0.286909
2008-01-14,0.283099
2008-01-15,0.344306
2008-01-16,0.373706
2008-01-17,0.380015
2008-01-18,0.371946
2008-01-21,0.458832
2008-01-22,0.511678
2008-01-23,0.5378
2008-01-24,0.542714
2008-01-25,0.569874
2008-01-28,0.57868
2008-01-29,0.562062
2008-01-30,0.559074
2008-01-31,0.547888
2008-02-01,0.529654
2008-02-04,0.499675
2008-02-05,0.562539
2008-02-06,0.548038
2008-02-07,0.54416
2008-02-08,0.523052
2008-02-11,0.499456
2008-02-12,0.486686
2008-02-13,0.464698
2008-02-14,0.438915
2008-02-15,0.427819
2008-02-18,0.403831
2008-02-19,0.393193
2008-02-20,0.379608
2008-02-21,0.363575
2008-02-22,0.350558
2008-02-25,0.33446
2008-02-26,0.301881
2008-02-27,0.311768
2008-02-28,0.339369
2008-02-29,0.34297
2008-03-03,0.348567
2008-03-04,0.347971
2008-03-05,0.342706
2008-03-06,0.354797
2008-03-07,0.375249
2008-03-10,0.390188
2008-03-11,0.404444
2008-03-12,0.400487
2008-03-13,0.416305
2008-03-14,0.442088
2008-03-17,0.504604
2008-03-18,0.538959
2008-03-19,0.545095
2008-03-20,0.565992
2008-03-21,0.560456
2008-03-24,0.549545
2008-03-25,0.601716
2008-03-26,0.610445
2008-03-27,0.601585
2008-03-28,0.584967
2008-03-31,0.570301
2008-04-01,0.580893
2008-04-02,0.560599
2008-04-03,0.533583
2008-04-04,0.509186
2008-04-07,0.4848
2008-04-08,0.458957
2008-04-09,0.445884
2008-04-10,0.431801
2008-04-11,0.427232
2008-04-14,0.399652
2008-04-15,0.385495
2008-04-16,0.408944
2008-04-17,0.407933
2008-04-18,0.403256
2008-04-21,0.389687
2008-04-22,0.379315
2008-04-23,0.370161
2008-04-24,0.378389
2008-04-25,0.365706
2008-04-28,0.345687
2008-04-29,0.344072
2008-04-30,0.32544
2008-05-01,0.30683
2008-05-02,0.306026
2008-05-05,0.285633
2008-05-06,0.263956
2008-05-07,0.248606
2008-05-08,0.233474
2008-05-09,0.242035
2008-05-12,0.220537
2008-05-13,0.210726
2008-05-14,0.197416
2008-05-15,0.179151
2008-05-16,0.168716
2008-05-19,0.161921
2008-05-20,0.188012
2008-05-21,0.224421
2008-05-22,0.239597
2008-05-23,0.262048
2008-05-26,0.258085
2008-05-27,0.254836
2008-05-28,0.257359
2008-05-29,0.265543
2008-05-30,0.259534
2008-06-02,0.264058
2008-06-03,0.266015
2008-06-04,0.273174
2008-06-05,0.256824
2008-06-06,0.306962
2008-06-09,0.374487
2008-06-10,0.405228
2008-06-11,0.430238
2008-06-12,0.431452
2008-06-13,0.431487
2008-06-16,0.422546
2008-06-17,0.413919
2008-06-18,0.410624
2008-06-19,0.416479
2008-06-20,0.435492
2008-06-23,0.428997
2008-06-24,0.407312
2008-06-25,0.397599
2008-06-26,0.415757
2008-06-27,0.392043
2008-06-30,0.377947
2008-07-01,0.368132
2008-07-02,0.361642
2008-07-03,0.374663
2008-07-04,0.381632
2008-07-07,0.379904
2008-07-08,0.369007
2008-07-09,0.350249
2008-07-10,0.339582
2008-07-11,0.336467
2008-07-14,0.323296
2008-07-15,0.298281
2008-07-16,0.290773
2008-07-17,0.275892
2008-07-18,0.28911
2008-07-21,0.28677
2008-07-22,0.275863
2008-07-23,0.274673
2008-07-24,0.297164
2008-07-25,0.304732
2008-07-28,0.311474
2008-07-29,0.29624
2008-07-30,0.296319
2008-07-31,0.288546
2008-08-01,0.291115
2008-08-04,0.286292
2008-08-05,0.274785
2008-08-06,0.264187
2008-08-07,0.26474
2008-08-08,0.290981
2008-08-11,0.323576
2008-08-12,0.35531
2008-08-13,0.391602
2008-08-14,0.394739
2008-08-15,0.396504
2008-08-18,0.385167
2008-08-19,0.390802
2008-08-20,0.373615
2008-08-21,0.376945
2008-08-22,0.383649
2008-08-25,0.396411
2008-08-26,0.391354
2008-08-27,0.396707
2008-08-28,0.382824
2008-08-29,0.35956
2008-09-01,0.360354
2008-09-02,0.360331
2008-09-03,0.352568
2008-09-04,0.466266
2008-09-05,0.494558
2008-09-08,0.511539
2008-09-09,0.507955
2008-09-10,0.520952
2008-09-11,0.511114
2008-09-12,0.542465
2008-09-15,0.554921
2008-09-16,0.552889
2008-09-17,0.560937
2008-09-18,0.521581
2008-09-19,0.510115
2008-09-22,0.534903
2008-09-23,0.558655
2008-09-24,0.569032
2008-09-25,0.584281
2008-09-26,0.600617
2008-09-29,0.668326
2008-09-30,0.69828
2008-10-01,0.703323
2008-10-02,0.741998
2008-10-03,0.743321
2008-10-06,0.800516
2008-10-07,0.822183
2008-10-08,0.853822
2008-10-09,0.865862
2008-10-10,0.885883
2008-10-13,0.883959
2008-10-14,0.887151
2008-10-15,0.895991
2008-10-16,0.902695
2008-10-17,0.895709
2008-10-20,0.884033
2008-10-21,0.894077
2008-10-22,0.915925
2008-10-23,0.916543
2008-10-24,0.9195
2008-10-27,0.926746
2008-10-28,0.9121
2008-10-29,0.908467
2008-10-30,0.903864
2008-10-31,0.911858
2008-11-03,0.913731
2008-11-04,0.913999
2008-11-05,0.913995
2008-11-06,0.922236
2008-11-07,0.915226
2008-11-10,0.905607
2008-11-11,0.902593
2008-11-12,0.913181
2008-11-13,0.910814
2008-11-14,0.907368
2008-11-17,0.904226
2008-11-18,0.895269
2008-11-19,0.927228
2008-11-20,0.941109
2008-11-21,0.939092
2008-11-24,0.934408
2008-11-25,0.931838
2008-11-26,0.928686
2008-11-27,0.922249
2008-11-28,0.918559
2008-12-01,0.934662
2008-12-02,0.930865
2008-12-03,0.913578
2008-12-04,0.923694
2008-12-05,0.929994
2008-12-08,0.935772
2008-12-09,0.932284
2008-12-10,0.928486
2008-12-11,0.930356
2008-12-12,0.93292
2008-12-15,0.933075
2008-12-16,0.930072
2008-12-17,0.932063
2008-12-18,0.92722
2008-12-19,0.926802
2008-12-22,0.926746
2008-12-23,0.920933
2008-12-24,0.912294
2008-12-25,0.901262
2008-12-26,0.887684
2008-12-29,0.875172
2008-12-30,0.872017
2008-12-31,0.855276
2009-01-01,0.832894
2009-01-02,0.841965
2009-01-05,0.85202
2009-01-06,0.853711
2009-01-07,0.842162
2009-01-08,0.844748
2009-01-09,0.880519
2009-01-12,0.88237
2009-01-13,0.885486
2009-01-14,0.90861
2009-01-15,0.908505
2009-01-16,0.90482
2009-01-19,0.904585
2009-01-20,0.904665
2009-01-21,0.89851
2009-01-22,0.904496
2009-01-23,0.899667
2009-01-26,0.903185
2009-01-27,0.896959
2009-01-28,0.891256
2009-01-29,0.894005
2009-01-30,0.884943
2009-02-02,0.883358
2009-02-03,0.87707
2009-02-04,0.86155
2009-02-05,0.859066
2009-02-06,0.848315
2009-02-09,0.836147
2009-02-10,0.8389
2009-02-11,0.854229
2009-02-12,0.858116
2009-02-13,0.85082
2009-02-16,0.852252
2009-02-17,0.86161
2009-02-18,0.859644
2009-02-19,0.858346
2009-02-20,0.870004
2009-02-23,0.864085
2009-02-24,0.860331
2009-02-25,0.842984
2009-02-26,0.844021
2009-02-27,0.829749
2009-03-02,0.844351
2009-03-03,0.834095
2009-03-04,0.823809
2009-03-05,0.82572
2009-03-06,0.837913
2009-03-09,0.830921
2009-03-10,0.823114
2009-03-11,0.842883
2009-03-12,0.8409
2009-03-13,0.820853
2009-03-16,0.80008
2009-03-17,0.779006
2009-03-18,0.828576
2009-03-19,0.834677
2009-03-20,0.838101
2009-03-23,0.850106
2009-03-24,0.839328
2009-03-25,0.824
2009-03-26,0.812903
2009-03-27,0.83811
2009-03-30,0.838789
2009-03-31,0.838135
2009-04-01,0.827906
2009-04-02,0.841609
2009-04-03,0.838913
2009-04-06,0.824722
2009-04-07,0.817337
2009-04-08,0.812323
2009-04-09,0.792786
2009-04-10,0.772201
2009-04-13,0.758129
2009-04-14,0.763236
2009-04-15,0.758293
2009-04-16,0.73585
2009-04-17,0.726656
2009-04-20,0.742994
2009-04-21,0.728871
2009-04-22,0.701445
2009-04-23,0.694805
2009-04-24,0.675808
2009-04-27,0.683924
2009-04-28,0.676988
2009-04-29,0.660152
2009-04-30,0.642686
2009-05-01,0.62539
2009-05-04,0.628785
2009-05-05,0.609907
2009-05-06,0.571418
2009-05-07,0.587703
2009-05-08,0.593801
2009-05-11,0.601492
2009-05-12,0.60254
2009-05-13,0.607346
2009-05-14,0.599437
2009-05-15,0.612594
2009-05-18,0.617911
2009-05-19,0.622284
2009-05-20,0.612956
2009-05-21,0.590113
2009-05-22,0.601108
2009-05-25,0.590041
2009-05-26,0.545377
2009-05-27,0.567103
2009-05-28,0.559518
2009-05-29,0.550883
2009-06-01,0.563815
2009-06-02,0.557106
2009-06-03,0.575761
2009-06-04,0.563778
2009-06-05,0.563283
2009-06-08,0.556388
2009-06-09,0.537988
2009-06-10,0.528162
2009-06-11,0.51379
2009-06-12,0.492907
2009-06-15,0.55038
2009-06-16,0.540941
2009-06-17,0.532928
2009-06-18,0.524488
2009-06-19,0.508456
2009-06-22,0.518509
2009-06-23,0.528129
2009-06-24,0.532642
2009-06-25,0.562334
2009-06-26,0.569682
2009-06-29,0.573536
2009-06-30,0.556773
2009-07-01,0.566791
2009-07-02,0.624001
2009-07-03,0.608256
2009-07-06,0.605836
2009-07-07,0.595777
2009-07-08,0.595852
2009-07-09,0.607067
2009-07-10,0.609658
2009-07-13,0.59676
2009-07-14,0.593047
2009-07-15,0.617884
2009-07-16,0.588207
2009-07-17,0.573266
2009-07-20,0.559373
2009-07-21,0.532869
2009-07-22,0.490911
2009-07-23,0.493795
2009-07-24,0.472558
2009-07-27,0.443067
2009-07-28,0.431947
2009-07-29,0.421847
2009-07-30,0.414826
2009-07-31,0.425253
2009-08-03,0.43508
2009-08-04,0.402518
2009-08-05,0.381245
2009-08-06,0.376914
2009-08-07,0.417832
2009-08-10,0.429101
2009-08-11,0.431609
2009-08-12,0.420666
2009-08-13,0.403034
2009-08-14,0.407096
2009-08-17,0.422328
2009-08-18,0.430748
2009-08-19,0.429557
2009-08-20,0.419439
2009-08-21,0.429504
2009-08-24,0.411243
2009-08-25,0.379019
2009-08-26,0.356949
2009-08-27,0.339097
2009-08-28,0.319361
2009-08-31,0.300557
2009-09-01,0.293973
2009-09-02,0.273227
2009-09-03,0.257454
2009-09-04,0.235743
2009-09-07,0.233434
2009-09-08,0.202778
2009-09-09,0.194903
2009-09-10,0.200534
2009-09-11,0.192936
2009-09-14,0.202217
2009-09-15,0.211897
2009-09-16,0.223472
2009-09-17,0.227333
2009-09-18,0.223972
2009-09-21,0.221184
2009-09-22,0.205988
2009-09-23,0.200649
2009-09-24,0.219727
2009-09-25,0.217523
2009-09-28,0.241419
2009-09-29,0.238222
2009-09-30,0.227328
2009-10-01,0.244105
2009-10-02,0.260655
2009-10-05,0.259147
2009-10-06,0.268921
2009-10-07,0.266397
2009-10-08,0.248717
2009-10-09,0.271856
2009-10-12,0.274143
2009-10-13,0.264518
2009-10-14,0.270903
2009-10-15,0.304679
2009-10-16,0.312511
2009-10-19,0.308161
2009-10-20,0.305587
2009-10-21,0.305192
2009-10-22,0.30669
2009-10-23,0.31188
2009-10-26,0.309031
2009-10-27,0.320285
2009-10-28,0.358353
2009-10-29,0.374407
2009-10-30,0.391315
2009-11-02,0.391574
2009-11-03,0.409647
2009-11-04,0.420329
2009-11-05,0.415552
2009-11-06,0.414196
2009-11-09,0.412006
2009-11-10,0.408477
2009-11-11,0.403036
2009-11-12,0.402757
2009-11-13,0.389639
2009-11-16,0.376885
2009-11-17,0.371956
2009-11-18,0.363374
2009-11-19,0.364945
2009-11-20,0.352584
2009-11-23,0.351942
2009-11-24,0.331215
2009-11-25,0.333974
2009-11-26,0.404338
2009-11-27,0.404944
2009-11-30,0.403032
2009-12-01,0.404002
2009-12-02,0.387641
2009-12-03,0.378181
2009-12-04,0.396567
2009-12-07,0.377685
2009-12-08,0.38609
2009-12-09,0.387781
2009-12-10,0.367586
2009-12-11,0.365975
2009-12-14,0.346049
2009-12-15,0.342419
2009-12-16,0.329575
2009-12-17,0.341946
2009-12-18,0.327937
2009-12-21,0.323271
2009-12-22,0.304644
2009-12-23,0.300285
2009-12-24,0.287553
2009-12-25,0.258811
2009-12-28,0.231177
2009-12-29,0.204246
2009-12-30,0.186549
2009-12-31,0.176961
2010-01-01,0.16497
2010-01-04,0.175525
2010-01-05,0.173208
2010-01-06,0.167056
2010-01-07,0.160836
2010-01-08,0.152993
2010-01-11,0.141383
2010-01-12,0.141686
2010-01-13,0.14836
2010-01-14,0.146584
2010-01-15,0.152029
2010-01-18,0.15442
2010-01-19,0.15487
2010-01-20,0.179449
2010-01-21,0.212252
2010-01-22,0.229576
2010-01-25,0.240213
2010-01-26,0.245248
2010-01-27,0.249183
2010-01-28,0.249812
2010-01-29,0.244408
2010-02-01,0.241376
2010-02-02,0.233949
2010-02-03,0.209402
2010-02-04,0.237285
2010-02-05,0.22695
2010-02-08,0.215925
2010-02-09,0.223211
2010-02-10,0.227133
2010-02-11,0.243318
2010-02-12,0.242826
2010-02-15,0.230199
2010-02-16,0.245221
2010-02-17,0.256273
2010-02-18,0.248794
2010-02-19,0.247872
2010-02-22,0.242676
2010-02-23,0.267112
2010-02-24,0.261593
2010-02-25,0.278562
2010-02-26,0.276267
2010-03-01,0.279982
2010-03-02,0.265011
2010-03-03,0.252977
2010-03-04,0.243382
2010-03-05,0.263866
2010-03-08,0.243735
2010-03-09,0.22634
2010-03-10,0.220426
2010-03-11,0.206809
2010-03-12,0.192027
2010-03-15,0.176087
2010-03-16,0.177668
2010-03-17,0.17097
2010-03-18,0.164766
2010-03-19,0.164365
2010-03-22,0.146036
2010-03-23,0.133972
2010-03-24,0.126896
2010-03-25,0.123376
2010-03-26,0.127223
2010-03-29,0.119724
2010-03-30,0.129502
2010-03-31,0.128653
2010-04-01,0.136115
2010-04-02,0.13722
2010-04-05,0.138655
2010-04-06,0.129496
2010-04-07,0.129726
2010-04-08,0.120329
2010-04-09,0.12796
2010-04-12,0.148773
2010-04-13,0.140562
2010-04-14,0.132733
2010-04-15,0.137566
2010-04-16,0.154362
2010-04-19,0.146723
2010-04-20,0.151804
2010-04-21,0.15968
2010-04-22,0.165861
2010-04-23,0.183231
2010-04-26,0.179128
2010-04-27,0.234564
2010-04-28,0.251291
2010-04-29,0.259011
2010-04-30,0.266493
2010-05-03,0.27149
2010-05-04,0.324967
2010-05-05,0.364927
2010-05-06,0.395931
2010-05-07,0.424766
2010-05-10,0.428671
2010-05-11,0.457475
2010-05-12,0.461758
2010-05-13,0.465596
2010-05-14,0.492807
2010-05-17,0.496361
2010-05-18,0.479195
2010-05-19,0.506782
2010-05-20,0.52591
2010-05-21,0.535121
2010-05-24,0.550375
2010-05-25,0.574568
2010-05-26,0.579679
2010-05-27,0.582001
2010-05-28,0.585759
2010-05-31,0.577137
2010-06-01,0.590769
2010-06-02,0.583768
2010-06-03,0.579335
2010-06-04,0.61887
2010-06-07,0.610095
2010-06-08,0.614546
2010-06-09,0.599912
2010-06-10,0.598641
2010-06-11,0.594212
2010-06-14,0.586773
2010-06-15,0.564758
2010-06-16,0.538913
2010-06-17,0.517581
2010-06-18,0.493022
2010-06-21,0.468762
2010-06-22,0.460961
2010-06-23,0.460239
2010-06-24,0.457419
2010-06-25,0.432814
2010-06-28,0.440461
2010-06-29,0.493836
2010-06-30,0.490677
2010-07-01,0.518878
2010-07-02,0.505558
2010-07-05,0.496536
2010-07-06,0.490869
2010-07-07,0.468677
2010-07-08,0.461452
2010-07-09,0.417163
2010-07-12,0.397404
2010-07-13,0.403348
2010-07-14,0.379896
2010-07-15,0.373973
2010-07-16,0.406401
2010-07-19,0.394417
2010-07-20,0.381355
2010-07-21,0.360935
2010-07-22,0.356005
2010-07-23,0.363375
2010-07-26,0.352252
2010-07-27,0.348711
2010-07-28,0.3244
2010-07-29,0.310961
2010-07-30,0.306862
2010-08-02,0.336088
2010-08-03,0.342615
2010-08-04,0.334423
2010-08-05,0.317785
2010-08-06,0.319099
2010-08-09,0.300382
2010-08-10,0.27523
2010-08-11,0.411709
2010-08-12,0.421319
2010-08-13,0.422612
2010-08-16,0.413232
2010-08-17,0.420804
2010-08-18,0.410355
2010-08-19,0.410016
2010-08-20,0.415091
2010-08-23,0.399937
2010-08-24,0.438082
2010-08-25,0.424135
2010-08-26,0.399314
2010-08-27,0.378756
2010-08-30,0.381557
2010-08-31,0.372406
2010-09-01,0.418619
2010-09-02,0.402778
2010-09-03,0.399393
2010-09-06,0.37795
2010-09-07,0.444346
2010-09-08,0.438185
2010-09-09,0.428122
2010-09-10,0.416208
2010-09-13,0.432279
2010-09-14,0.415022
2010-09-15,0.433711
2010-09-16,0.426558
2010-09-17,0.417173
2010-09-20,0.407621
2010-09-21,0.394461
2010-09-22,0.438412
2010-09-23,0.440531
2010-09-24,0.446595
2010-09-27,0.428765
2010-09-28,0.42336
2010-09-29,0.394647
2010-09-30,0.36217
2010-10-01,0.31918
2010-10-04,0.329705
2010-10-05,0.358782
2010-10-06,0.362156
2010-10-07,0.350362
2010-10-08,0.33238
2010-10-11,0.303349
2010-10-12,0.288434
2010-10-13,0.287392
2010-10-14,0.284821
2010-10-15,0.294097
2010-10-18,0.273238
2010-10-19,0.28178
2010-10-20,0.28724
2010-10-21,0.297603
2010-10-22,0.274306
2010-10-25,0.263159
2010-10-26,0.258548
2010-10-27,0.243742
2010-10-28,0.224516
2010-10-29,0.205626
2010-11-01,0.199513
2010-11-02,0.199968
2010-11-03,0.20186
2010-11-04,0.202068
2010-11-05,0.228696
2010-11-08,0.229667
2010-11-09,0.230909
2010-11-10,0.240649
2010-11-11,0.252314
2010-11-12,0.250008
2010-11-15,0.244811
2010-11-16,0.261682
2010-11-17,0.262536
2010-11-18,0.289703
2010-11-19,0.290263
2010-11-22,0.286994
2010-11-23,0.365978
2010-11-24,0.376839
2010-11-25,0.376228
2010-11-26,0.367969
2010-11-29,0.390193
2010-11-30,0.432482
2010-12-01,0.469611
2010-12-02,0.483711
2010-12-03,0.477867
2010-12-06,0.464483
2010-12-07,0.467737
2010-12-08,0.448501
2010-12-09,0.434075
2010-12-10,0.425549
2010-12-13,0.42859
2010-12-14,0.413108
2010-12-15,0.39782
2010-12-16,0.371703
2010-12-17,0.347299
2010-12-20,0.34681
2010-12-21,0.321963
2010-12-22,0.302152
2010-12-23,0.259482
2010-12-24,0.221226
2010-12-27,0.213272
2010-12-28,0.202189
2010-12-29,0.18555
2010-12-30,0.188819
2010-12-31,0.183121
2011-01-03,0.180974
2011-01-04,0.181976
2011-01-05,0.18549
2011-01-06,0.177794
2011-01-07,0.190311
2011-01-10,0.190597
2011-01-11,0.19704
2011-01-12,0.261797
2011-01-13,0.289601
2011-01-14,0.295741
2011-01-17,0.301696
2011-01-18,0.304654
2011-01-19,0.288295
2011-01-20,0.294376
2011-01-21,0.278876
2011-01-24,0.25884
2011-01-25,0.247871
2011-01-26,0.230106
2011-01-27,0.214847
2011-01-28,0.22873
2011-01-31,0.225222
2011-02-01,0.256862
2011-02-02,0.239368
2011-02-03,0.257306
2011-02-04,0.244196
2011-02-07,0.220205
2011-02-08,0.200956
2011-02-09,0.189738
2011-02-10,0.192749
2011-02-11,0.173664
2011-02-14,0.168341
2011-02-15,0.146542
2011-02-16,0.149148
2011-02-17,0.132567
2011-02-18,0.129603
2011-02-21,0.10614
2011-02-22,0.101899
2011-02-23,0.093938
2011-02-24,0.100664
2011-02-25,0.092293
2011-02-28,0.093681
2011-03-01,0.085753
2011-03-02,0.08056
2011-03-03,0.087408
2011-03-04,0.084536
2011-03-07,0.096394
2011-03-08,0.099423
2011-03-09,0.098883
2011-03-10,0.089654
2011-03-11,0.101772
2011-03-14,0.102957
2011-03-15,0.176442
2011-03-16,0.226736
2011-03-17,0.266973
2011-03-18,0.304666
2011-03-21,0.316189
2011-03-22,0.317743
2011-03-23,0.313537
2011-03-24,0.340184
2011-03-25,0.34174
2011-03-28,0.324944
2011-03-29,0.317522
2011-03-30,0.296078
2011-03-31,0.291659
2011-04-01,0.281963
2011-04-04,0.268341
2011-04-05,0.270114
2011-04-06,0.259544
2011-04-07,0.239942
2011-04-08,0.235952
2011-04-11,0.226321
2011-04-12,0.238546
2011-04-13,0.225101
2011-04-14,0.228664
2011-04-15,0.216454
2011-04-18,0.2836
2011-04-19,0.308807
2011-04-20,0.349142
2011-04-21,0.345774
2011-04-22,0.326918
2011-04-25,0.303296
2011-04-26,0.297496
2011-04-27,0.30149
2011-04-28,0.283485
2011-04-29,0.266677
2011-05-02,0.24135
2011-05-03,0.220541
2011-05-04,0.214286
2011-05-05,0.266445
2011-05-06,0.30399
2011-05-09,0.320614
2011-05-10,0.328076
2011-05-11,0.320132
2011-05-12,0.307951
2011-05-13,0.291345
2011-05-16,0.267924
2011-05-17,0.254842
2011-05-18,0.238684
2011-05-19,0.22168
2011-05-20,0.233428
2011-05-23,0.265619
2011-05-24,0.265127
2011-05-25,0.264111
2011-05-26,0.248983
2011-05-27,0.261146
2011-05-30,0.239494
2011-05-31,0.274614
2011-06-01,0.267024
2011-06-02,0.29395
2011-06-03,0.286869
2011-06-06,0.270295
2011-06-07,0.253042
2011-06-08,0.250536
2011-06-09,0.234151
2011-06-10,0.25043
2011-06-13,0.253966
2011-06-14,0.252427
2011-06-15,0.294791
2011-06-16,0.319281
2011-06-17,0.320666
2011-06-20,0.313828
2011-06-21,0.316793
2011-06-22,0.307319
2011-06-23,0.334073
2011-06-24,0.328335
2011-06-27,0.337764
2011-06-28,0.339665
2011-06-29,0.329531
2011-06-30,0.308755
2011-07-01,0.276121
2011-07-04,0.241741
2011-07-05,0.231556
2011-07-06,0.24863
2011-07-07,0.23857
2011-07-08,0.298787
2011-07-11,0.409613
2011-07-12,0.445727
2011-07-13,0.459939
2011-07-14,0.474323
2011-07-15,0.4666
2011-07-18,0.480367
2011-07-19,0.467433
2011-07-20,0.45088
2011-07-21,0.461551
2011-07-22,0.440738
2011-07-25,0.426299
2011-07-26,0.416154
2011-07-27,0.438606
2011-07-28,0.432709
2011-07-29,0.432286
2011-08-01,0.449827
2011-08-02,0.456741
2011-08-03,0.467104
2011-08-04,0.497172
2011-08-05,0.481153
2011-08-08,0.527096
2011-08-09,0.565855
2011-08-10,0.627488
2011-08-11,0.644407
2011-08-12,0.6434
2011-08-15,0.66774
2011-08-16,0.672184
2011-08-17,0.65892
2011-08-18,0.687945
2011-08-19,0.69138
2011-08-22,0.66296
2011-08-23,0.640398
2011-08-24,0.615707
2011-08-25,0.58271
2011-08-26,0.568892
2011-08-29,0.534801
2011-08-30,0.508619
2011-08-31,0.479614
2011-09-01,0.463145
2011-09-02,0.483663
2011-09-05,0.495546
2011-09-06,0.489953
2011-09-07,0.484796
2011-09-08,0.523835
2011-09-09,0.58328
2011-09-12,0.617781
2011-09-13,0.623586
2011-09-14,0.623514
2011-09-15,0.636808
2011-09-16,0.6285
2011-09-19,0.652303
2011-09-20,0.63526
2011-09-21,0.649788
2011-09-22,0.673052
2011-09-23,0.668219
2011-09-26,0.648099
2011-09-27,0.630073
2011-09-28,0.603385
2011-09-29,0.578384
2011-09-30,0.659014
2011-10-03,0.691501
2011-10-04,0.715358
2011-10-05,0.708665
2011-10-06,0.705883
2011-10-07,0.688348
2011-10-10,0.705077
2011-10-11,0.698527
2011-10-12,0.697576
2011-10-13,0.690612
2011-10-14,0.683978
2011-10-17,0.680137
2011-10-18,0.67123
2011-10-19,0.647961
2011-10-20,0.637562
2011-10-21,0.623389
2011-10-24,0.591448
2011-10-25,0.560238
2011-10-26,0.529973
2011-10-27,0.631588
2011-10-28,0.616571
2011-10-31,0.658382
2011-11-01,0.683356
2011-11-02,0.676308
2011-11-03,0.663578
2011-11-04,0.614442
2011-11-07,0.63018
2011-11-08,0.631633
2011-11-09,0.705023
2011-11-10,0.692943
2011-11-11,0.69227
2011-11-14,0.686479
2011-11-15,0.671562
2011-11-16,0.654451
2011-11-17,0.637782
2011-11-18,0.626829
2011-11-21,0.648875
2011-11-22,0.618086
2011-11-23,0.640688
2011-11-24,0.617662
2011-11-25,0.607895
2011-11-28,0.602416
2011-11-29,0.590072
2011-11-30,0.5769
2011-12-01,0.553232
2011-12-02,0.529194
2011-12-05,0.498194
2011-12-06,0.471078
2011-12-07,0.458637
2011-12-08,0.441675
2011-12-09,0.448659
2011-12-12,0.475448
2011-12-13,0.489901
2011-12-14,0.514401
2011-12-15,0.515089
2011-12-16,0.502443
2011-12-19,0.486213
2011-12-20,0.478938
2011-12-21,0.461684
2011-12-22,0.440753
2011-12-23,0.416755
2011-12-26,0.398409
2011-12-27,0.381091
2011-12-28,0.357061
2011-12-29,0.36831
2011-12-30,0.345246
2012-01-02,0.37265
2012-01-03,0.352228
2012-01-04,0.348843
2012-01-05,0.378959
2012-01-06,0.379969
2012-01-09,0.376564
2012-01-10,0.37818
2012-01-11,0.370198
2012-01-12,0.361517
2012-01-13,0.406439
2012-01-16,0.419858
2012-01-17,0.428916
2012-01-18,0.423712
2012-01-19,0.441884
2012-01-20,0.472722
2012-01-23,0.492332
2012-01-24,0.489275
2012-01-25,0.484013
2012-01-26,0.483668
2012-01-27,0.499179
2012-01-30,0.529643
2012-01-31,0.521266
2012-02-01,0.523716
2012-02-02,0.490238
2012-02-03,0.474617
2012-02-06,0.427786
2012-02-07,0.44725
2012-02-08,0.442021
2012-02-09,0.424283
2012-02-10,0.430949
2012-02-13,0.398669
2012-02-14,0.367643
2012-02-15,0.344593
2012-02-16,0.331526
2012-02-17,0.321991
2012-02-20,0.305414
2012-02-21,0.289459
2012-02-22,0.28486
2012-02-23,0.269739
2012-02-24,0.264297
2012-02-27,0.259056
2012-02-28,0.24746
2012-02-29,0.241643
2012-03-01,0.258201
2012-03-02,0.272493
2012-03-05,0.272898
2012-03-06,0.323625
2012-03-07,0.325372
2012-03-08,0.340429
2012-03-09,0.34872
2012-03-12,0.341501
2012-03-13,0.344772
2012-03-14,0.361045
2012-03-15,0.359789
2012-03-16,0.363017
2012-03-19,0.356777
2012-03-20,0.339086
2012-03-21,0.315363
2012-03-22,0.332336
2012-03-23,0.319643
2012-03-26,0.327123
2012-03-27,0.314821
2012-03-28,0.319809
2012-03-29,0.322889
2012-03-30,0.323214
2012-04-02,0.324976
2012-04-03,0.31806
2012-04-04,0.322318
2012-04-05,0.315928
2012-04-06,0.306173
2012-04-09,0.293129
2012-04-10,0.340473
2012-04-11,0.344398
2012-04-12,0.335854
2012-04-13,0.336547
2012-04-16,0.324126
2012-04-17,0.320769
2012-04-18,0.304201
2012-04-19,0.299732
2012-04-20,0.279224
2012-04-23,0.28519
2012-04-24,0.289177
2012-04-25,0.29793
2012-04-26,0.300075
2012-04-27,0.288726
2012-04-30,0.28539
2012-05-01,0.280499
2012-05-02,0.271582
2012-05-03,0.270195
2012-05-04,0.266944
2012-05-07,0.260034
2012-05-08,0.269288
2012-05-09,0.257247
2012-05-10,0.255558
2012-05-11,0.247926
2012-05-14,0.242488
2012-05-15,0.240978
2012-05-16,0.244392
2012-05-17,0.24541
2012-05-18,0.243646
2012-05-21,0.243572
2012-05-22,0.228911
2012-05-23,0.274392
2012-05-24,0.294993
2012-05-25,0.293974
2012-05-28,0.284726
2012-05-29,0.273359
2012-05-30,0.302992
2012-05-31,0.328241
2012-06-01,0.333207
2012-06-04,0.349817
2012-06-05,0.349527
2012-06-06,0.383673
2012-06-07,0.377675
2012-06-08,0.378259
2012-06-11,0.359498
2012-06-12,0.362298
2012-06-13,0.344738
2012-06-14,0.340617
2012-06-15,0.359978
2012-06-18,0.357323
2012-06-19,0.363745
2012-06-20,0.366498
2012-06-21,0.345431
2012-06-22,0.348526
2012-06-25,0.396462
2012-06-26,0.404281
2012-06-27,0.397912
2012-06-28,0.390818
2012-06-29,0.437115
2012-07-02,0.448172
2012-07-03,0.439197
2012-07-04,0.424562
2012-07-05,0.433733
2012-07-06,0.428736
2012-07-09,0.437027
2012-07-10,0.446411
2012-07-11,0.441671
2012-07-12,0.437348
2012-07-13,0.424473
2012-07-16,0.406893
2012-07-17,0.383131
2012-07-18,0.366621
2012-07-19,0.34507
2012-07-20,0.379481
2012-07-23,0.377355
2012-07-24,0.375924
2012-07-25,0.363871
2012-07-26,0.38622
2012-07-27,0.389934
2012-07-30,0.379316
2012-07-31,0.365848
2012-08-01,0.352133
2012-08-02,0.352607
2012-08-03,0.402123
2012-08-06,0.404354
2012-08-07,0.396504
2012-08-08,0.391491
2012-08-09,0.376223
2012-08-10,0.368155
2012-08-13,0.340011
2012-08-14,0.31439
2012-08-15,0.291134
2012-08-16,0.281091
2012-08-17,0.260641
2012-08-20,0.24259
2012-08-21,0.223092
2012-08-22,0.227519
2012-08-23,0.226545
2012-08-24,0.217966
2012-08-27,0.20751
2012-08-28,0.197322
2012-08-29,0.185704
2012-08-30,0.188006
2012-08-31,0.184446
2012-09-03,0.183216
2012-09-04,0.184854
2012-09-05,0.177988
2012-09-06,0.196333
2012-09-07,0.147931
2012-09-10,0.146593
2012-09-11,0.146314
2012-09-12,0.154519
2012-09-13,0.155748
2012-09-14,0.151528
2012-09-17,0.157776
2012-09-18,0.165342
2012-09-19,0.163833
2012-09-20,0.158722
2012-09-21,0.14424
2012-09-24,0.140545
2012-09-25,0.128222
2012-09-26,0.15739
2012-09-27,0.157139
2012-09-28,0.165094
2012-10-01,0.152485
2012-10-02,0.147322
2012-10-03,0.143687
2012-10-04,0.130838
2012-10-05,0.135045
2012-10-08,0.136217
2012-10-09,0.122276
2012-10-10,0.118255
2012-10-11,0.112141
2012-10-12,0.11213
2012-10-15,0.110243
2012-10-16,0.106307
2012-10-17,0.118581
2012-10-18,0.108261
2012-10-19,0.108928
2012-10-22,0.105707
2012-10-23,0.12032
2012-10-24,0.111524
2012-10-25,0.10163
2012-10-26,0.106899
2012-10-29,0.115874
2012-10-30,0.118885
2012-10-31,0.119463
2012-11-01,0.123831
2012-11-02,0.113759
2012-11-05,0.119622
2012-11-06,0.120471
2012-11-07,0.131867
2012-11-08,0.129725
2012-11-09,0.132267
2012-11-12,0.1256
2012-11-13,0.119632
2012-11-14,0.103849
2012-11-15,0.108695
2012-11-16,0.121246
2012-11-19,0.1335
2012-11-20,0.132969
2012-11-21,0.137721
2012-11-22,0.132527
2012-11-23,0.131322
2012-11-26,0.1348
2012-11-27,0.12661
2012-11-28,0.110424
2012-11-29,0.114882
2012-11-30,0.099539
2012-12-03,0.088824
2012-12-04,0.083827
2012-12-05,0.074188
2012-12-06,0.060151
2012-12-07,0.058389
2012-12-10,0.064046
2012-12-11,0.052307
2012-12-12,0.051044
2012-12-13,0.054356
2012-12-14,0.048841
2012-12-17,0.046167
2012-12-18,0.042872
2012-12-19,0.038993
2012-12-20,0.039312
2012-12-21,0.036641
2012-12-24,0.034723
2012-12-25,0.03577
2012-12-26,0.035662
2012-12-27,0.033801
2012-12-28,0.022819
2012-12-31,0.023437
2013-01-01,0.026087
2013-01-02,0.014085
2013-01-03,0.018971
2013-01-04,0.027756
2013-01-07,0.033513
2013-01-08,0.039586
2013-01-09,0.041872
2013-01-10,0.029548
2013-01-11,0.02866
2013-01-14,0.028232
2013-01-15,0.030396
2013-01-16,0.031047
2013-01-17,0.029646
2013-01-18,0.032215
2013-01-21,0.028998
2013-01-22,0.026067
2013-01-23,0.024545
2013-01-24,0.024509
2013-01-25,0.02524
2013-01-28,0.026242
2013-01-29,0.027109
2013-01-30,0.030063
2013-01-31,0.036841
2013-02-01,0.048422
2013-02-04,0.08012
2013-02-05,0.09469
2013-02-06,0.103136
2013-02-07,0.117126
2013-02-08,0.125862
2013-02-11,0.125155
2013-02-12,0.122824
2013-02-13,0.117319
2013-02-14,0.11279
2013-02-15,0.10684
2013-02-18,0.095783
2013-02-19,0.093528
2013-02-20,0.087185
2013-02-21,0.102875
2013-02-22,0.108929
2013-02-25,0.104294
2013-02-26,0.127596
2013-02-27,0.138931
2013-02-28,0.146136
2013-03-01,0.15383
2013-03-04,0.155667
2013-03-05,0.161828
2013-03-06,0.147412
2013-03-07,0.147064
2013-03-08,0.143407
2013-03-11,0.133704
2013-03-12,0.119168
2013-03-13,0.107269
2013-03-14,0.100097
2013-03-15,0.085582
2013-03-18,0.093956
2013-03-19,0.103023
2013-03-20,0.111574
2013-03-21,0.114006
2013-03-22,0.106169
2013-03-25,0.114836
2013-03-26,0.110443
2013-03-27,0.117598
2013-03-28,0.113182
2013-03-29,0.099915
2013-04-01,0.095773
2013-04-02,0.094391
2013-04-03,0.089198
2013-04-04,0.101728
2013-04-05,0.110297
2013-04-08,0.127093
2013-04-09,0.122158
2013-04-10,0.133077
2013-04-11,0.129666
2013-04-12,0.132629
2013-04-15,0.129426
2013-04-16,0.112679
2013-04-17,0.120121
2013-04-18,0.124617
2013-04-19,0.127476
2013-04-22,0.12686
2013-04-23,0.137773
2013-04-24,0.125761
2013-04-25,0.107427
2013-04-26,0.107762
2013-04-29,0.101131
2013-04-30,0.09342
2013-05-01,0.084519
2013-05-02,0.066212
2013-05-03,0.067321
2013-05-06,0.060239
2013-05-07,0.049825
2013-05-08,0.047406
2013-05-09,0.040421
2013-05-10,0.032705
2013-05-13,0.030682
2013-05-14,0.030491
2013-05-15,0.026119
2013-05-16,0.023422
2013-05-17,0.021575
2013-05-20,0.018366
2013-05-21,0.015735
2013-05-22,0.013858
2013-05-23,0.01698
2013-05-24,0.013856
2013-05-27,0.011772
2013-05-28,0.010694
2013-05-29,0.009724
2013-05-30,0.008424
2013-05-31,0.008992
2013-06-03,0.009929
2013-06-04,0.009531
2013-06-05,0.011348
2013-06-06,0.015765
2013-06-07,0.015848
2013-06-10,0.019809
2013-06-11,0.028707
2013-06-12,0.031706
2013-06-13,0.034314
2013-06-14,0.038728
2013-06-17,0.040928
2013-06-18,0.036673
2013-06-19,0.035684
2013-06-20,0.078625
2013-06-21,0.10186
2013-06-24,0.120828
2013-06-25,0.123473
2013-06-26,0.118036
2013-06-27,0.112221
2013-06-28,0.115965
2013-07-01,0.12438
2013-07-02,0.119385
2013-07-03,0.136298
2013-07-04,0.130547
2013-07-05,0.13232
2013-07-08,0.122253
2013-07-09,0.105702
2013-07-10,0.09671
2013-07-11,0.095849
2013-07-12,0.100462
2013-07-15,0.096846
2013-07-16,0.092971
2013-07-17,0.084969
2013-07-18,0.082211
2013-07-19,0.072866
2013-07-22,0.060551
2013-07-23,0.053507
2013-07-24,0.056235
2013-07-25,0.050339
2013-07-26,0.042371
2013-07-29,0.037523
2013-07-30,0.033069
2013-07-31,0.028643
2013-08-01,0.031435
2013-08-02,0.024951
2013-08-05,0.01843
2013-08-06,0.016233
2013-08-07,0.011526
2013-08-08,0.009957
2013-08-09,0.007918
2013-08-12,0.007241
2013-08-13,0.006294
2013-08-14,0.005413
2013-08-15,0.004919
2013-08-16,0.005454
2013-08-19,0.005123
2013-08-20,0.004575
2013-08-21,0.00443
2013-08-22,0.004207
2013-08-23,0.003452
2013-08-26,0.0032
2013-08-27,0.012678
2013-08-28,0.018715
2013-08-29,0.017616
2013-08-30,0.01857
2013-09-02,0.020739
2013-09-03,0.018767
2013-09-04,0.01649
2013-09-05,0.01643
2013-09-06,0.014138
2013-09-09,0.011381
2013-09-10,0.018166
2013-09-11,0.016777
2013-09-12,0.017805
2013-09-13,0.014155
2013-09-16,0.016828
2013-09-17,0.015564
2013-09-18,0.008301
2013-09-19,0.015742
2013-09-20,0.012433
2013-09-23,0.011146
2013-09-24,0.009626
2013-09-25,0.008949
2013-09-26,0.008281
2013-09-27,0.00645
2013-09-30,0.006264
2013-10-01,0.007022
2013-10-02,0.006407
2013-10-03,0.005638
2013-10-04,0.005609
2013-10-07,0.004527
2013-10-08,0.004395
2013-10-09,0.00406
2013-10-10,0.004976
2013-10-11,0.004486
2013-10-14,0.003666
2013-10-15,0.003419
2013-10-16,0.003088
2013-10-17,0.002877
2013-10-18,0.003233
2013-10-21,0.002791
2013-10-22,0.002896
2013-10-23,0.00366
2013-10-24,0.002855
2013-10-25,0.00254
2013-10-28,0.002063
2013-10-29,0.002348
2013-10-30,0.002922
2013-10-31,0.007682
2013-11-01,0.007656
2013-11-04,0.005037
2013-11-05,0.007632
2013-11-06,0.00494
2013-11-07,0.010815
2013-11-08,0.010842
2013-11-11,0.006931
2013-11-12,0.006894
2013-11-13,0.005407
2013-11-14,0.004207
2013-11-15,0.004191
2013-11-18,0.004825
2013-11-19,0.005822
2013-11-20,0.007901
2013-11-21,0.009884
2013-11-22,0.012433
2013-11-25,0.015828
2013-11-26,0.018747
2013-11-27,0.018686
2013-11-28,0.016273
2013-11-29,0.015479
2013-12-02,0.021565
2013-12-03,0.047267
2013-12-04,0.046091
2013-12-05,0.047934
2013-12-06,0.046456
2013-12-09,0.040494
2013-12-10,0.037365
2013-12-11,0.040095
2013-12-12,0.041072
2013-12-13,0.039076
2013-12-16,0.035348
2013-12-17,0.034175
2013-12-18,0.041191
2013-12-19,0.031515
2013-12-20,0.023294
2013-12-23,0.016815
2013-12-24,0.013651
2013-12-25,0.012971
2013-12-26,0.014452
2013-12-27,0.016898
2013-12-30,0.015492
2013-12-31,0.015516
2014-01-01,0.016727
2014-01-02,0.028904
2014-01-03,0.027928
2014-01-06,0.024861
2014-01-07,0.017581
2014-01-08,0.01423
2014-01-09,0.01073
2014-01-10,0.011684
2014-01-13,0.012482
2014-01-14,0.013981
2014-01-15,0.013095
2014-01-16,0.015259
2014-01-17,0.017169
2014-01-20,0.012944
2014-01-21,0.010019
2014-01-22,0.008254
2014-01-23,0.011157
2014-01-24,0.032885
2014-01-27,0.032263
2014-01-28,0.026324
2014-01-29,0.024757
2014-01-30,0.025235
2014-01-31,0.032341
2014-02-03,0.040817
2014-02-04,0.038755
2014-02-05,0.027441
2014-02-06,0.029945
2014-02-07,0.026205
2014-02-10,0.021394
2014-02-11,0.018727
2014-02-12,0.017802
2014-02-13,0.01456
2014-02-14,0.012231
2014-02-17,0.010283
2014-02-18,0.009199
2014-02-19,0.008194
2014-02-20,0.008637
2014-02-21,0.008745
2014-02-24,0.008701
2014-02-25,0.009096
2014-02-26,0.009683
2014-02-27,0.010464
2014-02-28,0.009138
2014-03-03,0.03815
2014-03-04,0.030752
2014-03-05,0.024058
2014-03-06,0.025327
2014-03-07,0.025201
2014-03-10,0.020971
2014-03-11,0.01578
2014-03-12,0.014479
2014-03-13,0.016378
2014-03-14,0.014339
2014-03-17,0.011913
2014-03-18,0.009261
2014-03-19,0.008888
2014-03-20,0.007984
2014-03-21,0.007858
2014-03-24,0.008042
2014-03-25,0.005741
2014-03-26,0.004396
2014-03-27,0.003641
2014-03-28,0.003236
2014-03-31,0.002702
2014-04-01,0.002382
2014-04-02,0.002557
2014-04-03,0.002297
2014-04-04,0.003255
2014-04-07,0.004417
2014-04-08,0.005803
2014-04-09,0.00555
2014-04-10,0.008141
2014-04-11,0.0076
2014-04-14,0.007421
2014-04-15,0.009791
2014-04-16,0.008507
2014-04-17,0.007323
2014-04-18,0.005337
2014-04-21,0.00403
2014-04-22,0.003673
2014-04-23,0.002874
2014-04-24,0.002573
2014-04-25,0.003761
2014-04-28,0.003084
2014-04-29,0.002463
2014-04-30,0.002581
2014-05-01,0.002441
2014-05-02,0.002897
2014-05-05,0.002877
2014-05-06,0.002939
2014-05-07,0.002848
2014-05-08,0.003347
2014-05-09,0.002605
2014-05-12,0.001698
2014-05-13,0.002042
2014-05-14,0.004118
2014-05-15,0.013122
2014-05-16,0.011935
2014-05-19,0.010079
2014-05-20,0.007542
2014-05-21,0.006648
2014-05-22,0.005398
2014-05-23,0.003827
2014-05-26,0.002759
2014-05-27,0.002051
2014-05-28,0.003306
2014-05-29,0.002768
2014-05-30,0.002311
2014-06-02,0.002361
2014-06-03,0.004179
2014-06-04,0.004441
2014-06-05,0.00414
2014-06-06,0.008779
2014-06-09,0.007687
2014-06-10,0.006738
2014-06-11,0.006512
2014-06-12,0.006111
2014-06-13,0.004894
2014-06-16,0.004179
2014-06-17,0.004411
2014-06-18,0.003926
2014-06-19,0.003648
2014-06-20,0.003113
2014-06-23,0.003335
2014-06-24,0.003272
2014-06-25,0.005416
2014-06-26,0.005296
2014-06-27,0.005101
2014-06-30,0.006336
2014-07-01,0.006852
2014-07-02,0.006464
2014-07-03,0.00655
2014-07-04,0.006089
2014-07-07,0.008142
2014-07-08,0.011901
2014-07-09,0.00956
2014-07-10,0.013855
2014-07-11,0.012026
2014-07-14,0.010782
2014-07-15,0.012524
2014-07-16,0.011898
2014-07-17,0.013211
2014-07-18,0.011275
2014-07-21,0.010866
2014-07-22,0.010114
2014-07-23,0.00852
2014-07-24,0.006888
2014-07-25,0.006996
2014-07-28,0.006621
2014-07-29,0.006701
2014-07-30,0.007553
2014-07-31,0.007149
2014-08-01,0.010132
2014-08-04,0.008814
2014-08-05,0.008349
2014-08-06,0.012283
2014-08-07,0.016053
2014-08-08,0.019603
2014-08-11,0.019492
2014-08-12,0.017592
2014-08-13,0.01748
2014-08-14,0.014654
2014-08-15,0.015442
2014-08-18,0.015461
2014-08-19,0.012401
2014-08-20,0.011039
2014-08-21,0.011033
2014-08-22,0.011232
2014-08-25,0.010408
2014-08-26,0.008253
2014-08-27,0.008554
2014-08-28,0.008247
2014-08-29,0.009389
2014-09-01,0.010355
2014-09-02,0.019925
2014-09-03,0.016321
2014-09-04,0.023942
2014-09-05,0.022864
2014-09-08,0.019713
2014-09-09,0.017546
2014-09-10,0.013921
2014-09-11,0.010254
2014-09-12,0.010204
2014-09-15,0.009046
2014-09-16,0.009219
2014-09-17,0.010096
2014-09-18,0.011422
2014-09-19,0.015703
2014-09-22,0.016117
2014-09-23,0.021915
2014-09-24,0.022104
2014-09-25,0.02492
2014-09-26,0.026555
2014-09-29,0.023496
2014-09-30,0.023522
2014-10-01,0.027778
2014-10-02,0.033628
2014-10-03,0.033318
2014-10-06,0.033367
2014-10-07,0.031092
2014-10-08,0.030025
2014-10-09,0.02737
2014-10-10,0.027497
2014-10-13,0.02952
2014-10-14,0.030206
2014-10-15,0.069911
2014-10-16,0.088117
2014-10-17,0.087594
2014-10-20,0.087398
2014-10-21,0.078507
2014-10-22,0.069832
2014-10-23,0.053294
2014-10-24,0.046329
2014-10-27,0.039159
2014-10-28,0.030552
2014-10-29,0.03005
2014-10-30,0.027672
2014-10-31,0.023361
2014-11-03,0.015578
2014-11-04,0.015752
2014-11-05,0.01298
2014-11-06,0.012588
2014-11-07,0.011491
2014-11-10,0.010127
2014-11-11,0.009463
2014-11-12,0.009154
2014-11-13,0.007242
2014-11-14,0.006263
2014-11-17,0.005717
2014-11-18,0.0056
2014-11-19,0.005067
2014-11-20,0.004616
2014-11-21,0.008122
2014-11-24,0.007791
2014-11-25,0.00611
2014-11-26,0.004686
2014-11-27,0.004722
2014-11-28,0.005034
2014-12-01,0.005724
2014-12-02,0.008282
2014-12-03,0.008607
2014-12-04,0.008696
2014-12-05,0.008372
2014-12-08,0.010423
2014-12-09,0.013463
2014-12-10,0.013352
2014-12-11,0.011007
2014-12-12,0.017561
2014-12-15,0.020897
2014-12-16,0.020117
2014-12-17,0.023933
2014-12-18,0.024147
2014-12-19,0.026072
2014-12-22,0.022061
2014-12-23,0.019981
2014-12-24,0.016754
2014-12-25,0.014036
2014-12-26,0.012725
2014-12-29,0.009778
2014-12-30,0.00768
2014-12-31,0.007171
2015-01-01,0.00614
2015-01-02,0.006472
2015-01-05,0.012802
2015-01-06,0.026495
2015-01-07,0.029966
2015-01-08,0.026537
2015-01-09,0.031266
2015-01-12,0.025919
2015-01-13,0.022591
2015-01-14,0.024314
2015-01-15,0.033167
2015-01-16,0.037126
2015-01-19,0.038631
2015-01-20,0.042625
2015-01-21,0.042609
2015-01-22,0.082193
2015-01-23,0.10862
2015-01-26,0.119791
2015-01-27,0.115072
2015-01-28,0.116228
2015-01-29,0.119916
2015-01-30,0.114615
2015-02-02,0.110348
2015-02-03,0.13215
2015-02-04,0.133947
2015-02-05,0.124785
2015-02-06,0.110974
2015-02-09,0.099442
2015-02-10,0.098195
2015-02-11,0.085695
2015-02-12,0.094449
2015-02-13,0.090088
2015-02-16,0.073586
2015-02-17,0.075264
2015-02-18,0.080107
2015-02-19,0.072354
2015-02-20,0.061361
2015-02-23,0.058051
2015-02-24,0.04827
2015-02-25,0.033701
2015-02-26,0.049972
2015-02-27,0.041064
2015-03-02,0.032003
2015-03-03,0.024065
2015-03-04,0.02712
2015-03-05,0.025894
2015-03-06,0.032091
2015-03-09,0.031633
2015-03-10,0.061592
2015-03-11,0.111235
2015-03-12,0.134611
2015-03-13,0.146514
2015-03-16,0.154482
2015-03-17,0.150033
2015-03-18,0.169846
2015-03-19,0.174036
2015-03-20,0.192749
2015-03-23,0.194242
2015-03-24,0.195418
2015-03-25,0.184234
2015-03-26,0.17766
2015-03-27,0.165435
2015-03-30,0.172288
2015-03-31,0.173031
2015-04-01,0.164732
2015-04-02,0.165709
2015-04-03,0.146431
2015-04-06,0.124084
2015-04-07,0.128618
2015-04-08,0.110413
2015-04-09,0.115471
2015-04-10,0.112889
2015-04-13,0.106205
2015-04-14,0.0858
2015-04-15,0.072726
2015-04-16,0.062809
2015-04-17,0.069108
2015-04-20,0.073545
2015-04-21,0.068053
2015-04-22,0.058865
2015-04-23,0.065294
2015-04-24,0.066161
2015-04-27,0.074681
2015-04-28,0.071688
2015-04-29,0.078373
2015-04-30,0.104294
2015-05-01,0.114636
2015-05-04,0.118968
2015-05-05,0.119111
2015-05-06,0.136211
2015-05-07,0.130361
2015-05-08,0.141695
2015-05-11,0.136378
2015-05-12,0.126524
2015-05-13,0.130098
2015-05-14,0.123077
2015-05-15,0.116054
2015-05-18,0.113254
2015-05-19,0.129013
2015-05-20,0.122951
2015-05-21,0.114335
2015-05-22,0.105706
2015-05-25,0.096871
2015-05-26,0.095852
2015-05-27,0.099982
2015-05-28,0.090504
2015-05-29,0.093676
2015-06-01,0.09102
2015-06-02,0.110107
2015-06-03,0.118271
2015-06-04,0.119844
2015-06-05,0.127825
2015-06-08,0.14111
2015-06-09,0.141265
2015-06-10,0.154729
2015-06-11,0.147063
2015-06-12,0.151787
2015-06-15,0.158832
2015-06-16,0.155776
2015-06-17,0.15685
2015-06-18,0.157525
2015-06-19,0.147454
2015-06-22,0.155354
2015-06-23,0.167207
2015-06-24,0.158937
2015-06-25,0.151991
2015-06-26,0.146472
2015-06-29,0.174101
2015-06-30,0.193757
2015-07-01,0.200342
2015-07-02,0.199976
2015-07-03,0.202357
2015-07-06,0.207679
2015-07-07,0.227128
2015-07-08,0.227111
2015-07-09,0.228123
2015-07-10,0.230404
2015-07-13,0.260545
2015-07-14,0.261419
2015-07-15,0.259518
2015-07-16,0.255624
2015-07-17,0.245054
2015-07-20,0.229686
2015-07-21,0.230771
2015-07-22,0.214055
2015-07-23,0.200624
2015-07-24,0.184333
2015-07-27,0.197402
2015-07-28,0.192906
2015-07-29,0.185088
2015-07-30,0.177946
2015-07-31,0.163432
2015-08-03,0.148115
2015-08-04,0.141135
2015-08-05,0.138672
2015-08-06,0.130761
2015-08-07,0.122097
2015-08-10,0.111486
2015-08-11,0.110519
2015-08-12,0.133287
2015-08-13,0.131968
2015-08-14,0.129223
2015-08-17,0.125647
2015-08-18,0.130077
2015-08-19,0.129848
2015-08-20,0.162486
2015-08-21,0.201795
2015-08-24,0.239565
2015-08-25,0.261888
2015-08-26,0.285388
2015-08-27,0.283752
2015-08-28,0.290637
2015-08-31,0.294345
2015-09-01,0.302597
2015-09-02,0.306835
2015-09-03,0.298345
2015-09-04,0.308325
2015-09-07,0.309063
2015-09-08,0.30229
2015-09-09,0.288855
2015-09-10,0.287078
2015-09-11,0.288803
2015-09-14,0.27822
2015-09-15,0.276142
2015-09-16,0.266945
2015-09-17,0.258356
2015-09-18,0.315491
2015-09-21,0.329958
2015-09-22,0.365449
2015-09-23,0.382197
2015-09-24,0.383525
2015-09-25,0.369482
2015-09-28,0.366866
2015-09-29,0.345199
2015-09-30,0.335992
2015-10-01,0.312904
2015-10-02,0.295213
2015-10-05,0.278438
2015-10-06,0.266706
2015-10-07,0.265912
2015-10-08,0.249829
2015-10-09,0.239799
2015-10-12,0.233445
2015-10-13,0.233267
2015-10-14,0.236721
2015-10-15,0.223327
2015-10-16,0.212931
2015-10-19,0.197981
2015-10-20,0.197937
2015-10-21,0.19642
2015-10-22,0.222703
2015-10-23,0.222073
2015-10-26,0.218434
2015-10-27,0.224462
2015-10-28,0.227884
2015-10-29,0.228817
2015-10-30,0.222072
2015-11-02,0.211663
2015-11-03,0.198776
2015-11-04,0.191396
2015-11-05,0.183848
2015-11-06,0.189122
2015-11-09,0.199419
2015-11-10,0.19182
2015-11-11,0.18154
2015-11-12,0.202668
2015-11-13,0.204486
2015-11-16,0.210538
2015-11-17,0.210083
2015-11-18,0.197254
2015-11-19,0.19437
2015-11-20,0.178045
2015-11-23,0.167465
2015-11-24,0.166039
2015-11-25,0.162948
2015-11-26,0.141907
2015-11-27,0.123593
2015-11-30,0.107068
2015-12-01,0.09132
2015-12-02,0.084054
2015-12-03,0.183169
2015-12-04,0.206354
2015-12-07,0.22812
2015-12-08,0.263943
2015-12-09,0.270796
2015-12-10,0.283493
2015-12-11,0.294714
2015-12-14,0.303873
2015-12-15,0.299846
2015-12-16,0.285872
2015-12-17,0.279602
2015-12-18,0.278658
2015-12-21,0.279119
2015-12-22,0.277404
2015-12-23,0.272458
2015-12-24,0.264152
2015-12-25,0.246952
2015-12-28,0.241649
2015-12-29,0.232294
2015-12-30,0.215366
2015-12-31,0.196404
2016-01-01,0.176967
2016-01-04,0.198241
2016-01-05,0.180424
2016-01-06,0.181736
2016-01-07,0.211844
2016-01-08,0.232267
2016-01-11,0.241873
2016-01-12,0.241898
2016-01-13,0.234337
2016-01-14,0.234621
2016-01-15,0.260975
2016-01-18,0.256692
2016-01-19,0.247727
2016-01-20,0.272235
2016-01-21,0.268939
2016-01-22,0.258904
2016-01-25,0.256101
2016-01-26,0.258039
2016-01-27,0.253402
2016-01-28,0.255287
2016-01-29,0.242931
2016-02-01,0.232247
2016-02-02,0.240614
2016-02-03,0.246376
2016-02-04,0.264095
2016-02-05,0.270381
2016-02-08,0.316282
2016-02-09,0.333373
2016-02-10,0.302006
2016-02-11,0.341469
2016-02-12,0.353805
2016-02-15,0.363537
2016-02-16,0.355102
2016-02-17,0.336583
2016-02-18,0.318939
2016-02-19,0.30694
2016-02-22,0.316924
2016-02-23,0.309469
2016-02-24,0.312437
2016-02-25,0.293663
2016-02-26,0.280318
2016-02-29,0.294846
2016-03-01,0.303675
2016-03-02,0.318932
2016-03-03,0.30603
2016-03-04,0.301033
2016-03-07,0.298347
2016-03-08,0.294771
2016-03-09,0.29016
2016-03-10,0.300613
2016-03-11,0.320625
2016-03-14,0.312686
2016-03-15,0.310662
2016-03-16,0.306494
2016-03-17,0.318452
2016-03-18,0.307162
2016-03-21,0.289712
2016-03-22,0.277817
2016-03-23,0.255723
2016-03-24,0.252665
2016-03-25,0.230085
2016-03-28,0.211636
2016-03-29,0.200634
2016-03-30,0.200298
2016-03-31,0.19783
2016-04-01,0.196207
2016-04-04,0.187564
2016-04-05,0.194632
2016-04-06,0.191444
2016-04-07,0.188343
2016-04-08,0.196673
2016-04-11,0.196283
2016-04-12,0.183706
2016-04-13,0.184664
2016-04-14,0.181545
2016-04-15,0.172465
2016-04-18,0.163755
2016-04-19,0.162322
2016-04-20,0.155188
2016-04-21,0.145852
2016-04-22,0.160052
2016-04-25,0.171024
2016-04-26,0.172655
2016-04-27,0.17231
2016-04-28,0.182051
2016-04-29,0.215163
2016-05-02,0.211796
2016-05-03,0.252952
2016-05-04,0.256868
2016-05-05,0.255571
2016-05-06,0.254268
2016-05-09,0.241654
2016-05-10,0.235287
2016-05-11,0.225398
2016-05-12,0.214225
2016-05-13,0.19734
2016-05-16,0.17667
2016-05-17,0.159956
2016-05-18,0.157353
2016-05-19,0.145563
2016-05-20,0.142154
2016-05-23,0.143927
2016-05-24,0.161813
2016-05-25,0.171016
2016-05-26,0.172779
2016-05-27,0.161787
2016-05-30,0.157479
2016-05-31,0.162765
2016-06-01,0.160904
2016-06-02,0.155048
2016-06-03,0.138428
2016-06-06,0.150095
2016-06-07,0.152736
2016-06-08,0.152947
2016-06-09,0.153859
2016-06-10,0.189707
2016-06-13,0.212505
2016-06-14,0.225326
2016-06-15,0.227804
2016-06-16,0.247655
2016-06-17,0.247287
2016-06-20,0.262292
2016-06-21,0.26765
2016-06-22,0.260523
2016-06-23,0.275059
2016-06-24,0.359404
2016-06-27,0.41663
2016-06-28,0.446149
2016-06-29,0.460591
2016-06-30,0.469973
2016-07-01,0.463007
2016-07-04,0.456661
2016-07-05,0.465577
2016-07-06,0.458003
2016-07-07,0.445666
2016-07-08,0.429645
2016-07-11,0.413381
2016-07-12,0.409341
2016-07-13,0.396004
2016-07-14,0.384824
2016-07-15,0.379174
2016-07-18,0.365785
2016-07-19,0.357323
2016-07-20,0.346999
2016-07-21,0.33327
2016-07-22,0.32071
2016-07-25,0.306778
2016-07-26,0.292066
2016-07-27,0.296134
2016-07-28,0.285189
2016-07-29,0.275885
2016-08-01,0.264343
2016-08-02,0.28792
2016-08-03,0.273668
2016-08-04,0.290036
2016-08-05,0.289806
2016-08-08,0.28379
2016-08-09,0.279276
2016-08-10,0.265806
2016-08-11,0.25283
2016-08-12,0.238694
2016-08-15,0.225947
2016-08-16,0.209822
2016-08-17,0.203694
2016-08-18,0.190658
2016-08-19,0.189384
2016-08-22,0.186798
2016-08-23,0.185706
2016-08-24,0.178621
2016-08-25,0.172741
2016-08-26,0.15774
2016-08-29,0.152132
2016-08-30,0.147751
2016-08-31,0.145095
2016-09-01,0.145584
2016-09-02,0.133124
2016-09-05,0.123554
2016-09-06,0.116305
2016-09-07,0.121604
2016-09-08,0.123665
2016-09-09,0.112395
2016-09-12,0.115325
2016-09-13,0.137165
2016-09-14,0.13613
2016-09-15,0.130829
2016-09-16,0.139484
2016-09-19,0.138027
2016-09-20,0.14013
2016-09-21,0.12937
2016-09-22,0.156736
2016-09-23,0.176971
2016-09-26,0.196274
2016-09-27,0.204917
2016-09-28,0.203705
2016-09-29,0.196375
2016-09-30,0.189563
2016-10-03,0.188337
2016-10-04,0.172457
2016-10-05,0.176029
2016-10-06,0.168898
2016-10-07,0.171485
2016-10-10,0.171085
2016-10-11,0.158482
2016-10-12,0.146186
2016-10-13,0.154813
2016-10-14,0.157725
2016-10-17,0.162362
2016-10-18,0.177781
2016-10-19,0.173248
2016-10-20,0.171334
2016-10-21,0.152093
2016-10-24,0.146685
2016-10-25,0.141594
2016-10-26,0.141355
2016-10-27,0.142576
2016-10-28,0.139304
2016-10-31,0.146577
2016-11-01,0.142556
2016-11-02,0.151975
2016-11-03,0.168756
2016-11-04,0.171866
2016-11-07,0.159534
2016-11-08,0.157447
2016-11-09,0.160104
2016-11-10,0.169855
2016-11-11,0.173734
2016-11-14,0.16324
2016-11-15,0.168125
2016-11-16,0.171456
2016-11-17,0.170227
2016-11-18,0.166021
2016-11-21,0.162962
2016-11-22,0.173969
2016-11-23,0.171998
2016-11-24,0.159931
2016-11-25,0.157583
2016-11-28,0.162526
2016-11-29,0.15628
2016-11-30,0.154137
2016-12-01,0.149828
2016-12-02,0.168852
2016-12-05,0.162493
2016-12-06,0.1718
2016-12-07,0.173008
2016-12-08,0.172268
2016-12-09,0.186742
2016-12-12,0.191748
2016-12-13,0.19233
2016-12-14,0.203799
2016-12-15,0.20203
2016-12-16,0.197886
2016-12-19,0.201761
2016-12-20,0.195669
2016-12-21,0.188963
2016-12-22,0.184312
2016-12-23,0.17091
2016-12-26,0.156035
2016-12-27,0.142989
2016-12-28,0.12959
2016-12-29,0.122275
2016-12-30,0.1155
2017-01-02,0.100873
2017-01-03,0.107995
2017-01-04,0.101475
2017-01-05,0.099795
2017-01-06,0.099468
2017-01-09,0.101701
2017-01-10,0.102934
2017-01-11,0.09913
2017-01-12,0.099881
2017-01-13,0.093075
2017-01-16,0.09441
2017-01-17,0.104163
2017-01-18,0.103421
2017-01-19,0.103718
2017-01-20,0.101856
2017-01-23,0.105166
2017-01-24,0.100608
2017-01-25,0.101548
2017-01-26,0.100705
2017-01-27,0.101193
2017-01-30,0.102935
2017-01-31,0.105375
2017-02-01,0.109644
2017-02-02,0.120249
2017-02-03,0.119922
2017-02-06,0.129996
2017-02-07,0.133827
2017-02-08,0.140233
2017-02-09,0.128889
2017-02-10,0.119597
2017-02-13,0.108715
2017-02-14,0.10342
2017-02-15,0.096181
2017-02-16,0.092365
2017-02-17,0.088813
2017-02-20,0.085581
2017-02-21,0.078937
2017-02-22,0.079503
2017-02-23,0.081715
2017-02-24,0.082843
2017-02-27,0.078852
2017-02-28,0.076367
2017-03-01,0.07837
2017-03-02,0.081953
2017-03-03,0.080195
2017-03-06,0.082612
2017-03-07,0.085489
2017-03-08,0.087383
2017-03-09,0.084712
2017-03-10,0.08604
2017-03-13,0.093361
2017-03-14,0.092411
2017-03-15,0.084911
2017-03-16,0.08709
2017-03-17,0.083645
2017-03-20,0.081675
2017-03-21,0.068757
2017-03-22,0.068399
2017-03-23,0.06177
2017-03-24,0.060583
2017-03-27,0.053106
2017-03-28,0.051037
2017-03-29,0.052105
2017-03-30,0.052297
2017-03-31,0.051499
2017-04-03,0.060296
2017-04-04,0.069671
2017-04-05,0.070668
2017-04-06,0.071973
2017-04-07,0.071879
2017-04-10,0.064641
2017-04-11,0.054329
2017-04-12,0.055194
2017-04-13,0.048735
2017-04-14,0.049972
2017-04-17,0.047923
2017-04-18,0.045291
2017-04-19,0.043422
2017-04-20,0.043567
2017-04-21,0.045534
2017-04-24,0.040414
2017-04-25,0.063706
2017-04-26,0.074275
2017-04-27,0.083822
2017-04-28,0.08525
2017-05-01,0.083938
2017-05-02,0.081529
2017-05-03,0.071763
2017-05-04,0.075691
2017-05-05,0.07326
2017-05-08,0.061609
2017-05-09,0.056564
2017-05-10,0.048883
2017-05-11,0.040007
2017-05-12,0.039495
2017-05-15,0.036681
2017-05-16,0.032478
2017-05-17,0.041659
2017-05-18,0.03961
2017-05-19,0.040957
2017-05-22,0.03806
2017-05-23,0.031542
2017-05-24,0.024425
2017-05-25,0.019437
2017-05-26,0.019119
2017-05-29,0.01743
2017-05-30,0.01479
2017-05-31,0.011785
2017-06-01,0.009995
2017-06-02,0.008884
2017-06-05,0.007401
2017-06-06,0.004902
2017-06-07,0.005303
2017-06-08,0.004712
2017-06-09,0.010813
2017-06-12,0.010794
2017-06-13,0.013123
2017-06-14,0.012468
2017-06-15,0.007148
2017-06-16,0.007312
2017-06-19,0.007707
2017-06-20,0.008473
2017-06-21,0.009114
2017-06-22,0.00985
2017-06-23,0.009184
2017-06-26,0.00968
2017-06-27,0.008511
2017-06-28,0.009093
2017-06-29,0.016619
2017-06-30,0.016587
2017-07-03,0.016116
2017-07-04,0.014472
2017-07-05,0.011944
2017-07-06,0.014304
2017-07-07,0.011958
2017-07-10,0.010792
2017-07-11,0.008585
2017-07-12,0.011678
2017-07-13,0.011053
2017-07-14,0.01035
2017-07-17,0.010021
2017-07-18,0.008479
2017-07-19,0.008638
2017-07-20,0.007467
2017-07-21,0.008624
2017-07-24,0.007365
2017-07-25,0.007696
2017-07-26,0.006683
2017-07-27,0.006202
2017-07-28,0.005429
2017-07-31,0.004667
2017-08-01,0.005365
2017-08-02,0.00479
2017-08-03,0.005123
2017-08-04,0.004846
2017-08-07,0.004862
2017-08-08,0.005076
2017-08-09,0.007852
2017-08-10,0.009001
2017-08-11,0.010685
2017-08-14,0.011136
2017-08-15,0.009387
2017-08-16,0.007839
2017-08-17,0.007348
2017-08-18,0.006464
2017-08-21,0.005763
2017-08-22,0.005396
2017-08-23,0.004079
2017-08-24,0.003514
2017-08-25,0.001759
2017-08-28,0.001377
2017-08-29,0.003363
2017-08-30,0.004468
2017-08-31,0.003537
2017-09-01,0.002794
2017-09-04,0.002274
2017-09-05,0.003029
2017-09-06,0.002272
2017-09-07,0.002322
2017-09-08,0.002368
2017-09-11,0.00363
2017-09-12,0.007709
2017-09-13,0.006933
2017-09-14,0.008446
2017-09-15,0.009657
2017-09-18,0.009044
2017-09-19,0.008336
2017-09-20,0.006732
2017-09-21,0.006378
2017-09-22,0.007791
2017-09-25,0.004839
2017-09-26,0.005592
2017-09-27,0.004656
2017-09-28,0.005441
2017-09-29,0.007513
2017-10-02,0.007267
2017-10-03,0.009679
2017-10-04,0.008949
2017-10-05,0.010922
2017-10-06,0.011406
2017-10-09,0.014198
2017-10-10,0.012303
2017-10-11,0.011716
2017-10-12,0.01121
2017-10-13,0.008347
2017-10-16,0.006657
2017-10-17,0.005808
2017-10-18,0.003336
2017-10-19,0.004488
2017-10-20,0.004315
2017-10-23,0.003856
2017-10-24,0.004037
2017-10-25,0.004036
2017-10-26,0.008151
2017-10-27,0.010004
2017-10-30,0.009504
2017-10-31,0.008953
2017-11-01,0.007507
2017-11-02,0.008847
2017-11-03,0.007387
2017-11-06,0.006742
2017-11-07,0.005806
2017-11-08,0.007324
2017-11-09,0.002935
2017-11-10,0.003179
2017-11-13,0.003349
2017-11-14,0.001754
2017-11-15,0.001799
2017-11-16,0.002102
2017-11-17,0.001783
2017-11-20,0.002455
2017-11-21,0.002721
2017-11-22,0.001874
2017-11-23,0.002254
2017-11-24,0.001025
2017-11-27,0.00069
2017-11-28,0.001136
2017-11-29,0.00081
2017-11-30,0.001281
2017-12-01,0.004309
2017-12-04,0.005251
2017-12-05,0.004374
2017-12-06,0.004512
2017-12-07,0.003228
2017-12-08,0.003249
2017-12-11,0.003177
2017-12-12,0.003175
2017-12-13,0.002014
2017-12-14,0.001608
2017-12-15,0.001715
2017-12-18,0.001786
2017-12-19,0.002993
2017-12-20,0.003528
2017-12-21,0.002285
2017-12-22,0.001905
2017-12-25,0.001573
2017-12-26,0.001582
2017-12-27,0.001517
2017-12-28,0.001224
2017-12-29,0.001339
2018-01-01,0.001398
2018-01-02,0.00147
2018-01-03,0.001339
2018-01-04,0.002327
2018-01-05,0.001865
2018-01-08,0.001857
2018-01-09,0.001701
2018-01-10,0.003253
2018-01-11,0.005766
2018-01-12,0.009138
2018-01-15,0.005716
2018-01-16,0.003374
2018-01-17,0.003851
2018-01-18,0.001976
2018-01-19,0.001215
2018-01-22,0.001157
2018-01-23,0.00104
2018-01-24,0.002331
2018-01-25,0.002008
2018-01-26,0.001234
2018-01-29,0.001517
2018-01-30,0.002019
2018-01-31,0.0013
2018-02-01,0.001645
2018-02-02,0.007295
2018-02-05,0.020763
2018-02-06,0.034024
2018-02-07,0.044561
2018-02-08,0.050069
2018-02-09,0.049313
2018-02-12,0.045164
2018-02-13,0.040578
2018-02-14,0.03471
2018-02-15,0.030951
2018-02-16,0.031639
2018-02-19,0.029745
2018-02-20,0.024656
2018-02-21,0.021098
2018-02-22,0.018716
2018-02-23,0.016368
2018-02-26,0.01384
2018-02-27,0.011729
2018-02-28,0.009344
2018-03-01,0.01099
2018-03-02,0.015194
2018-03-05,0.015352
2018-03-06,0.013327
2018-03-07,0.012689
2018-03-08,0.010679
2018-03-09,0.009265
2018-03-12,0.008211
2018-03-13,0.008426
2018-03-14,0.007403
2018-03-15,0.005573
2018-03-16,0.004727
2018-03-19,0.006109
2018-03-20,0.005232
2018-03-21,0.004772
2018-03-22,0.015862
2018-03-23,0.02315
2018-03-26,0.03205
2018-03-27,0.036637
2018-03-28,0.038762
2018-03-29,0.036601
2018-03-30,0.032175
2018-04-02,0.026331
2018-04-03,0.021828
2018-04-04,0.019282
2018-04-05,0.021695
2018-04-06,0.019991
2018-04-09,0.018632
2018-04-10,0.017092
2018-04-11,0.016838
2018-04-12,0.01346
2018-04-13,0.013784
2018-04-16,0.012366
2018-04-17,0.01282
2018-04-18,0.00993
2018-04-19,0.005519
2018-04-20,0.004614
2018-04-23,0.003436
2018-04-24,0.003369
2018-04-25,0.003505
2018-04-26,0.002776
2018-04-27,0.002512
2018-04-30,0.00249
2018-05-01,0.002617
2018-05-02,0.002425
2018-05-03,0.001718
2018-05-04,0.001653
2018-05-07,0.002345
2018-05-08,0.002231
2018-05-09,0.002929
2018-05-10,0.003551
2018-05-11,0.004011
2018-05-14,0.003499
2018-05-15,0.002521
2018-05-16,0.00234
2018-05-17,0.002354
2018-05-18,0.004347
2018-05-21,0.007255
2018-05-22,0.009144
2018-05-23,0.012274
2018-05-24,0.015736
2018-05-25,0.020572
2018-05-28,0.023096
2018-05-29,0.05578
2018-05-30,0.072309
2018-05-31,0.079689
2018-06-01,0.076892
2018-06-04,0.074647
2018-06-05,0.077461
2018-06-06,0.07987
2018-06-07,0.077642
2018-06-08,0.077995
2018-06-11,0.077599
2018-06-12,0.074041
2018-06-13,0.070741
2018-06-14,0.077763
2018-06-15,0.075166
2018-06-18,0.071522
2018-06-19,0.068248
2018-06-20,0.062377
2018-06-21,0.059038
2018-06-22,0.051083
2018-06-25,0.051633
2018-06-26,0.048405
2018-06-27,0.051611
2018-06-28,0.048613
2018-06-29,0.051441
2018-07-02,0.058974
2018-07-03,0.059859
2018-07-04,0.045515
2018-07-05,0.044154
2018-07-06,0.041899
2018-07-09,0.039151
2018-07-10,0.038787
2018-07-11,0.04051
2018-07-12,0.041012
2018-07-13,0.038863
2018-07-16,0.034438
2018-07-17,0.033737
2018-07-18,0.034907
2018-07-19,0.03223
2018-07-20,0.025256
2018-07-23,0.022304
2018-07-24,0.01954
2018-07-25,0.019988
2018-07-26,0.016678
2018-07-27,0.018413
2018-07-30,0.013572
2018-07-31,0.013366
2018-08-01,0.009283
2018-08-02,0.006656
2018-08-03,0.006879
2018-08-06,0.007842
2018-08-07,0.007179
2018-08-08,0.006681
2018-08-09,0.005529
2018-08-10,0.014244
2018-08-13,0.018169
2018-08-14,0.019363
2018-08-15,0.023398
2018-08-16,0.022503
2018-08-17,0.020925
2018-08-20,0.019453
2018-08-21,0.017185
2018-08-22,0.014959
2018-08-23,0.014089
2018-08-24,0.012634
2018-08-27,0.009168
2018-08-28,0.01112
2018-08-29,0.006996
2018-08-30,0.007658
2018-08-31,0.012166
2018-09-03,0.014689
2018-09-04,0.013994
2018-09-05,0.016241
2018-09-06,0.017995
2018-09-07,0.019563
2018-09-10,0.018443
2018-09-11,0.017658
2018-09-12,0.017775
2018-09-13,0.012524
2018-09-14,0.010301
2018-09-17,0.009353
2018-09-18,0.009077
2018-09-19,0.00855
2018-09-20,0.004724
2018-09-21,0.005432
2018-09-24,0.005407
2018-09-25,0.004814
2018-09-26,0.004609
2018-09-27,0.00398
2018-09-28,0.005878
2018-10-01,0.006526
2018-10-02,0.010115
2018-10-03,0.012129
2018-10-04,0.01429
2018-10-05,0.016983
2018-10-08,0.031046
2018-10-09,0.038984
2018-10-10,0.054609
2018-10-11,0.07972
2018-10-12,0.094412
2018-10-15,0.098284
2018-10-16,0.104077
2018-10-17,0.103088
2018-10-18,0.10684
2018-10-19,0.104683
2018-10-22,0.104941
2018-10-23,0.125735
2018-10-24,0.12142
2018-10-25,0.125256
2018-10-26,0.135564
2018-10-29,0.144667
2018-10-30,0.139374
2018-10-31,0.130667
2018-11-01,0.108704
2018-11-02,0.110762
2018-11-05,0.115151
2018-11-06,0.113285
2018-11-07,0.121553
2018-11-08,0.115035
2018-11-09,0.103647
2018-11-12,0.083624
2018-11-13,0.081532
2018-11-14,0.085076
2018-11-15,0.091572
2018-11-16,0.094409
2018-11-19,0.104981
2018-11-20,0.129237
2018-11-21,0.143226
2018-11-22,0.158888
2018-11-23,0.149692
2018-11-26,0.15877
2018-11-27,0.160301
2018-11-28,0.147679
2018-11-29,0.145274
2018-11-30,0.128833
2018-12-03,0.138262
2018-12-04,0.135231
2018-12-05,0.141025
2018-12-06,0.155603
2018-12-07,0.163169
2018-12-10,0.187297
2018-12-11,0.191054
2018-12-12,0.198816
2018-12-13,0.199606
2018-12-14,0.187548
2018-12-17,0.195493
2018-12-18,0.195639
2018-12-19,0.189236
2018-12-20,0.196277
2018-12-21,0.175078
2018-12-24,0.177301
2018-12-25,0.172073
2018-12-26,0.1601
2018-12-27,0.163829
2018-12-28,0.173758
2018-12-31,0.171178
2019-01-01,0.1756
2019-01-02,0.120395
2019-01-03,0.138983
2019-01-04,0.159106
2019-01-07,0.163962
2019-01-08,0.167629
2019-01-09,0.158834
2019-01-10,0.156133
2019-01-11,0.142929
2019-01-14,0.141471
2019-01-15,0.134469
2019-01-16,0.135294
2019-01-17,0.136063
2019-01-18,0.148582
2019-01-21,0.146635
2019-01-22,0.143751
2019-01-23,0.142555
2019-01-24,0.120679
2019-01-25,0.106003
2019-01-28,0.113073
2019-01-29,0.115579
2019-01-30,0.110793
2019-01-31,0.103102
2019-02-01,0.101918
2019-02-04,0.088931
2019-02-05,0.096464
2019-02-06,0.092461
2019-02-07,0.097191
2019-02-08,0.097452
2019-02-11,0.094175
2019-02-12,0.089747
2019-02-13,0.086992
2019-02-14,0.085095
2019-02-15,0.093195
2019-02-18,0.091447
2019-02-19,0.088801
2019-02-20,0.088705
2019-02-21,0.078383
2019-02-22,0.070125
2019-02-25,0.066742
2019-02-26,0.060128
2019-02-27,0.055894
2019-02-28,0.055328
2019-03-01,0.054454
2019-03-04,0.049006
2019-03-05,0.047384
2019-03-06,0.041515
2019-03-07,0.027386
2019-03-08,0.03777
2019-03-11,0.0514
2019-03-12,0.055949
2019-03-13,0.061012
2019-03-14,0.059168
2019-03-15,0.057779
2019-03-18,0.061148
2019-03-19,0.054951
2019-03-20,0.056364
2019-03-21,0.057493
2019-03-22,0.058229
2019-03-25,0.071057
2019-03-26,0.073263
2019-03-27,0.083352
2019-03-28,0.08945
2019-03-29,0.0869
2019-04-01,0.089898
2019-04-02,0.086538
2019-04-03,0.079183
2019-04-04,0.079399
2019-04-05,0.072304
2019-04-08,0.064395
2019-04-09,0.054648
2019-04-10,0.047491
2019-04-11,0.042502
2019-04-12,0.039273
2019-04-15,0.037197
2019-04-16,0.035563
2019-04-17,0.030952
2019-04-18,0.028443
2019-04-19,0.026491
2019-04-22,0.025339
2019-04-23,0.024615
2019-04-24,0.024473
2019-04-25,0.022197
2019-04-26,0.020044
2019-04-29,0.016974
2019-04-30,0.014249
2019-05-01,0.013093
2019-05-02,0.01248
2019-05-03,0.009495
2019-05-06,0.007391
2019-05-07,0.009147
2019-05-08,0.011715
2019-05-09,0.024373
2019-05-10,0.029743
2019-05-13,0.042856
2019-05-14,0.050967
2019-05-15,0.053614
2019-05-16,0.056175
2019-05-17,0.055405
2019-05-20,0.06395
2019-05-21,0.061567
2019-05-22,0.060566
2019-05-23,0.071417
2019-05-24,0.073261
2019-05-27,0.072771
2019-05-28,0.06822
2019-05-29,0.07993
2019-05-30,0.081205
2019-05-31,0.081848
2019-06-03,0.080472
2019-06-04,0.085248
2019-06-05,0.081732
2019-06-06,0.077627
2019-06-07,0.078934
2019-06-10,0.070388
2019-06-11,0.064652
2019-06-12,0.064553
2019-06-13,0.058272
2019-06-14,0.054732
2019-06-17,0.044701
2019-06-18,0.030807
2019-06-19,0.024528
2019-06-20,0.025511
2019-06-21,0.025192
2019-06-24,0.021358
2019-06-25,0.021315
2019-06-26,0.019139
2019-06-27,0.02149
2019-06-28,0.020165
2019-07-01,0.016407
2019-07-02,0.015989
2019-07-03,0.01437
2019-07-04,0.01466
2019-07-05,0.012471
2019-07-08,0.012708
2019-07-09,0.013254
2019-07-10,0.011326
2019-07-11,0.012806
2019-07-12,0.014424
2019-07-15,0.015809
2019-07-16,0.013459
2019-07-17,0.013242
2019-07-18,0.011372
2019-07-19,0.011206
2019-07-22,0.013019
2019-07-23,0.009548
2019-07-24,0.009007
2019-07-25,0.008189
2019-07-26,0.00674
2019-07-29,0.005088
2019-07-30,0.010601
2019-07-31,0.013803
2019-08-01,0.015657
2019-08-02,0.034311
2019-08-05,0.058136
2019-08-06,0.071331
2019-08-07,0.076192
2019-08-08,0.081209
2019-08-09,0.10412
2019-08-12,0.107199
2019-08-13,0.104901
2019-08-14,0.118097
2019-08-15,0.125361
2019-08-16,0.145614
2019-08-19,0.152127
2019-08-20,0.162486
2019-08-21,0.160303
2019-08-22,0.174523
2019-08-23,0.181058
2019-08-26,0.169717
2019-08-27,0.167098
2019-08-28,0.166775
2019-08-29,0.158564
2019-08-30,0.136836
2019-09-02,0.128479
2019-09-03,0.122182
2019-09-04,0.110753
2019-09-05,0.13069
2019-09-06,0.130549
2019-09-09,0.124173
2019-09-10,0.118212
2019-09-11,0.116347
2019-09-12,0.105712
2019-09-13,0.134392
2019-09-16,0.111868
2019-09-17,0.102903
2019-09-18,0.103512
2019-09-19,0.11238
2019-09-20,0.100643
2019-09-23,0.105223
2019-09-24,0.099422
2019-09-25,0.089501
2019-09-26,0.083595
2019-09-27,0.077882
2019-09-30,0.072862
2019-10-01,0.063274
2019-10-02,0.061236
2019-10-03,0.073578
2019-10-04,0.075527
2019-10-07,0.076781
2019-10-08,0.074484
2019-10-09,0.071219
2019-10-10,0.071948
2019-10-11,0.092038
2019-10-14,0.096315
2019-10-15,0.106722
2019-10-16,0.106862
2019-10-17,0.102043
2019-10-18,0.096093
2019-10-21,0.094874
2019-10-22,0.088457
2019-10-23,0.081157
2019-10-24,0.0741
2019-10-25,0.068239
2019-10-28,0.060653
2019-10-29,0.055789
2019-10-30,0.051907
2019-10-31,0.048076
2019-11-01,0.045619
2019-11-04,0.044283
2019-11-05,0.044095
2019-11-06,0.038718
2019-11-07,0.041782
2019-11-08,0.041218
2019-11-11,0.037843
2019-11-12,0.035222
2019-11-13,0.039528
2019-11-14,0.04023
2019-11-15,0.039329
2019-11-18,0.036178
2019-11-19,0.035474
2019-11-20,0.031443
2019-11-21,0.028819
2019-11-22,0.029554
2019-11-25,0.023586
2019-11-26,0.023932
2019-11-27,0.017393
2019-11-28,0.016444
2019-11-29,0.014929
2019-12-02,0.008345
2019-12-03,0.01442
2019-12-04,0.020832
2019-12-05,0.023676
2019-12-06,0.025698
2019-12-09,0.025695
2019-12-10,0.024137
2019-12-11,0.024532
2019-12-12,0.022796
2019-12-13,0.025183
2019-12-16,0.026357
2019-12-17,0.027803
2019-12-18,0.028656
2019-12-19,0.027652
2019-12-20,0.027415
2019-12-23,0.030433
2019-12-24,0.032512
2019-12-25,0.032805
2019-12-26,0.034058
2019-12-27,0.033596
2019-12-30,0.026023
2019-12-31,0.036178
2020-01-01,0.039228
2020-01-02,0.026844
2020-01-03,0.022828
2020-01-06,0.019691
2020-01-07,0.018244
2020-01-08,0.017429
2020-01-09,0.016638
2020-01-10,0.015833
2020-01-13,0.017202
2020-01-14,0.017599
2020-01-15,0.014865
2020-01-16,0.013188
2020-01-17,0.009633
2020-01-20,0.008559
2020-01-21,0.007885
2020-01-22,0.007166
2020-01-23,0.006738
2020-01-24,0.005194
2020-01-27,0.020292
2020-01-28,0.023569
2020-01-29,0.022305
2020-01-30,0.025049
2020-01-31,0.033151
2020-02-03,0.028009
2020-02-04,0.030644
2020-02-05,0.031149
2020-02-06,0.027728
2020-02-07,0.022864
2020-02-10,0.017656
2020-02-11,0.018625
2020-02-12,0.019055
2020-02-13,0.019231
2020-02-14,0.017005
2020-02-17,0.017222
2020-02-18,0.01477
2020-02-19,0.011855
2020-02-20,0.012965
2020-02-21,0.011088
2020-02-24,0.032238
2020-02-25,0.045685
2020-02-26,0.063875
2020-02-27,0.113612
2020-02-28,0.169833
2020-03-02,0.214338
2020-03-03,0.252038
2020-03-04,0.255577
2020-03-05,0.282403
2020-03-06,0.316388
2020-03-09,0.400433
2020-03-10,0.451252
2020-03-11,0.470186
2020-03-12,0.51444
2020-03-13,0.567171
2020-03-16,0.589733
2020-03-17,0.624394
2020-03-18,0.641861
2020-03-19,0.641426
2020-03-20,0.678708
2020-03-23,0.67252
2020-03-24,0.660098
2020-03-25,0.670529
2020-03-26,0.66207
2020-03-27,0.679954
2020-03-30,0.691507
2020-03-31,0.673401
2020-04-01,0.694404
2020-04-02,0.681993
2020-04-03,0.675151
2020-04-06,0.652162
2020-04-07,0.637304
2020-04-08,0.617039
2020-04-09,0.5977
2020-04-10,0.565103
2020-04-13,0.550889
2020-04-14,0.526122
2020-04-15,0.534019
2020-04-16,0.51624
2020-04-17,0.494633
2020-04-20,0.47123
2020-04-21,0.484802
2020-04-22,0.480075
2020-04-23,0.463373
2020-04-24,0.447385
2020-04-27,0.431078
2020-04-28,0.411565
2020-04-29,0.394944
2020-04-30,0.381019
2020-05-01,0.391717
2020-05-04,0.369553
2020-05-05,0.362842
2020-05-06,0.36536
2020-05-07,0.365673
2020-05-08,0.359603
2020-05-11,0.347926
2020-05-12,0.353119
2020-05-13,0.342827
2020-05-14,0.334572
2020-05-15,0.341841
2020-05-18,0.3225
2020-05-19,0.320312
2020-05-20,0.311678
2020-05-21,0.303918
2020-05-22,0.285451
2020-05-25,0.264417
2020-05-26,0.262626
2020-05-27,0.265887
2020-05-28,0.246508
2020-05-29,0.245563
2020-06-01,0.260244
2020-06-02,0.243474
2020-06-03,0.242643
2020-06-04,0.242491
2020-06-05,0.238536
2020-06-08,0.245921
2020-06-09,0.249178
2020-06-10,0.247138
2020-06-11,0.275473
2020-06-12,0.272497
2020-06-15,0.262514
2020-06-16,0.252205
2020-06-17,0.249891
2020-06-18,0.248326
2020-06-19,0.24195
2020-06-22,0.221324
2020-06-23,0.206592
2020-06-24,0.205035
2020-06-25,0.205225
2020-06-26,0.204175
2020-06-29,0.196721
2020-06-30,0.199658
2020-07-01,0.213798
2020-07-02,0.22658
2020-07-03,0.227658
2020-07-06,0.215945
2020-07-07,0.210918
2020-07-08,0.202453
2020-07-09,0.189607
2020-07-10,0.18035
2020-07-13,0.181583
2020-07-14,0.18762
2020-07-15,0.193409
2020-07-16,0.194719
2020-07-17,0.183696
2020-07-20,0.178859
2020-07-21,0.157332
2020-07-22,0.14634
2020-07-23,0.139614
2020-07-24,0.135162
2020-07-27,0.128747
2020-07-28,0.120543
2020-07-29,0.112212
2020-07-30,0.136619
2020-07-31,0.131462
2020-08-03,0.14207
2020-08-04,0.136729
2020-08-05,0.131099
2020-08-06,0.139497
2020-08-07,0.130765
2020-08-10,0.120231
2020-08-11,0.132194
2020-08-12,0.119761
2020-08-13,0.125283
2020-08-14,0.128021
2020-08-17,0.131508
2020-08-18,0.118378
2020-08-19,0.108253
2020-08-20,0.10487
2020-08-21,0.093621
2020-08-24,0.10274
2020-08-25,0.089231
2020-08-26,0.085887
2020-08-27,0.090001
2020-08-28,0.079128
2020-08-31,0.075164
2020-09-01,0.065438
2020-09-02,0.069599
2020-09-03,0.07212
2020-09-04,0.075179
2020-09-07,0.067511
2020-09-08,0.068602
2020-09-09,0.075885
2020-09-10,0.088426
2020-09-11,0.101301
2020-09-14,0.106225
2020-09-15,0.101647
2020-09-16,0.092983
2020-09-17,0.090959
2020-09-18,0.094297
2020-09-21,0.126966
2020-09-22,0.126264
2020-09-23,0.125529
2020-09-24,0.128406
2020-09-25,0.125766
2020-09-28,0.131952
2020-09-29,0.122207
2020-09-30,0.123268
2020-10-01,0.124822
2020-10-02,0.129931
2020-10-05,0.112454
2020-10-06,0.106873
2020-10-07,0.103019
2020-10-08,0.094427
2020-10-09,0.091889
2020-10-12,0.086499
2020-10-13,0.080979
2020-10-14,0.076379
2020-10-15,0.091797
2020-10-16,0.094435
2020-10-19,0.090976
2020-10-20,0.080023
2020-10-21,0.091695
2020-10-22,0.091848
2020-10-23,0.098413
2020-10-26,0.11358
2020-10-27,0.11239
2020-10-28,0.124371
2020-10-29,0.121563
2020-10-30,0.118883
2020-11-02,0.123747
2020-11-03,0.118216
2020-11-04,0.123295
2020-11-05,0.110912
2020-11-06,0.106058
2020-11-09,0.057899
2020-11-10,0.06847
2020-11-11,0.071356
2020-11-12,0.089195
2020-11-13,0.096215
2020-11-14,0.101478
2020-11-16,0.099723
2020-11-17,0.100682
2020-11-18,0.098528
2020-11-19,0.097607
2020-11-20,0.091607
2020-11-23,0.085117
2020-11-24,0.072942
2020-11-25,0.064347
2020-11-26,0.058168
2020-11-27,0.058267
2020-11-30,0.053313
2020-12-01,0.031327
2020-12-02,0.030303
2020-12-03,0.028162
2020-12-04,0.027535
2020-12-07,0.025867
2020-12-08,0.022766
2020-12-09,0.019617
2020-12-10,0.021557
2020-12-11,0.024117
2020-12-14,0.024243
2020-12-15,0.027541
2020-12-16,0.023484
2020-12-17,0.021351
2020-12-18,0.022583
2020-12-21,0.025735
2020-12-22,0.02864
2020-12-23,0.027713
2020-12-24,0.028076
2020-12-25,0.027032
2020-12-28,0.033308
2020-12-29,0.030543
2020-12-30,0.028133
2020-12-31,0.024724
2021-01-01,0.019448
2021-01-04,0.024139
2021-01-05,0.020509
2021-01-06,0.020542
2021-01-07,0.021456
2021-01-08,0.021439
2021-01-11,0.015236
2021-01-12,0.014802
2021-01-13,0.013724
2021-01-14,0.017585
2021-01-15,0.011129
2021-01-18,0.011954
2021-01-19,0.010322
2021-01-20,0.010134
2021-01-21,0.009476
2021-01-22,0.010799
2021-01-25,0.009645
2021-01-26,0.010248
2021-01-27,0.012275
2021-01-28,0.016018
2021-01-29,0.01762
2021-02-01,0.019975
2021-02-02,0.022749
2021-02-03,0.027225
2021-02-04,0.021169
2021-02-05,0.01913
2021-02-08,0.021762
2021-02-09,0.01954
2021-02-10,0.019233
2021-02-11,0.021111
2021-02-12,0.019769
2021-02-15,0.01655
2021-02-16,0.01299
2021-02-17,0.010381
2021-02-18,0.009212
2021-02-19,0.009331
2021-02-21,0.009723
2021-02-22,0.007832
2021-02-23,0.006774
2021-02-24,0.006548
2021-02-25,0.005528
2021-02-26,0.009642
2021-03-01,0.014966
2021-03-02,0.015274
2021-03-03,0.015221
2021-03-04,0.014136
2021-03-05,0.013076
2021-03-08,0.016099
2021-03-09,0.016026
2021-03-10,0.015904
2021-03-11,0.013728
2021-03-12,0.011732
2021-03-13,0.011702
2021-03-15,0.012065
2021-03-16,0.011092
2021-03-17,0.009141
2021-03-18,0.007998
2021-03-19,0.007623
2021-03-22,0.006244
2021-03-23,0.003819
2021-03-24,0.002684
2021-03-25,0.002242
2021-03-26,0.002111
2021-03-29,0.002291
2021-03-30,0.003143
2021-03-31,0.002754
2021-04-01,0.003263
2021-04-02,0.004214
2021-04-05,0.004982
2021-04-06,0.007514
2021-04-07,0.007714
2021-04-08,0.006817
2021-04-09,0.007806
2021-04-12,0.007116
2021-04-13,0.006015
2021-04-14,0.004751
2021-04-15,0.006312
2021-04-16,0.008669
2021-04-19,0.011505
2021-04-20,0.02408
2021-04-21,0.018419
2021-04-22,0.014913
2021-04-23,0.012772
2021-04-26,0.009888
2021-04-27,0.00846
2021-04-28,0.006802
2021-04-29,0.006712
2021-04-30,0.008309
2021-05-03,0.008931
2021-05-04,0.013542
2021-05-05,0.009653
2021-05-06,0.00822
2021-05-07,0.00689
2021-05-10,0.009291
2021-05-11,0.011722
2021-05-12,0.011402
2021-05-13,0.008977
2021-05-14,0.007186
2021-05-17,0.005127
2021-05-18,0.004822
2021-05-19,0.004205
2021-05-20,0.00327
2021-05-21,0.002429
2021-05-24,0.002432
2021-05-25,0.003693
2021-05-26,0.006574
2021-05-27,0.009547
2021-05-28,0.008401
2021-05-31,0.010604
2021-06-01,0.010967
2021-06-02,0.011222
2021-06-03,0.013544
2021-06-04,0.011678
2021-06-05,0.00953
2021-06-07,0.009134
2021-06-08,0.008439
2021-06-09,0.008483
2021-06-10,0.008883
2021-06-11,0.00785
2021-06-14,0.00515
2021-06-15,0.005376
2021-06-16,0.009573
2021-06-17,0.01574
2021-06-18,0.031764
2021-06-21,0.031257
2021-06-22,0.024951
2021-06-23,0.024185
2021-06-24,0.019814
2021-06-25,0.016766
2021-06-28,0.017513
2021-06-29,0.012904
2021-06-30,0.016438
2021-07-01,0.014391
2021-07-02,0.013974
2021-07-05,0.011604
2021-07-06,0.018017
2021-07-07,0.016226
2021-07-08,0.028242
2021-07-09,0.027248
2021-07-12,0.019143
2021-07-13,0.015795
2021-07-14,0.01221
2021-07-15,0.010948
2021-07-16,0.009404
2021-07-19,0.016946
2021-07-20,0.015555
2021-07-21,0.013736
2021-07-22,0.012286
2021-07-23,0.009842
2021-07-26,0.008303
2021-07-27,0.006743
2021-07-28,0.006004
2021-07-29,0.005411
2021-07-30,0.004281
2021-08-02,0.004273
2021-08-03,0.003667
2021-08-04,0.003546
2021-08-05,0.003329
2021-08-06,0.002963
2021-08-09,0.002923
2021-08-10,0.002592
2021-08-11,0.002446
2021-08-12,0.002208
2021-08-13,0.001935
2021-08-16,0.002901
2021-08-17,0.002973
2021-08-18,0.002466
2021-08-19,0.00835
2021-08-20,0.007397
2021-08-23,0.006703
2021-08-24,0.005094
2021-08-25,0.006136
2021-08-26,0.005253
2021-08-27,0.004823
2021-08-30,0.004289
2021-08-31,0.006149
2021-09-01,0.00683
2021-09-02,0.005777
2021-09-03,0.007791
2021-09-06,0.006052
2021-09-07,0.008886
2021-09-08,0.013034
2021-09-09,0.012016
2021-09-10,0.010038
2021-09-13,0.008307
2021-09-14,0.008162
2021-09-15,0.011719
2021-09-16,0.00863
2021-09-17,0.010033
2021-09-20,0.027524
2021-09-21,0.021395
2021-09-22,0.015908
2021-09-23,0.016141
2021-09-24,0.014205
2021-09-27,0.011877
2021-09-28,0.017423
2021-09-29,0.015078
2021-09-30,0.014181
2021-10-01,0.012559
2021-10-04,0.010998
2021-10-05,0.011032
2021-10-06,0.009815
2021-10-07,0.009313
2021-10-08,0.007562
2021-10-11,0.00614
2021-10-12,0.005312
2021-10-13,0.004006
2021-10-14,0.004285
2021-10-15,0.003948
2021-10-18,0.00341
2021-10-19,0.003409
2021-10-20,0.003136
2021-10-21,0.002731
2021-10-22,0.003105
2021-10-25,0.00356
2021-10-26,0.003755
2021-10-27,0.007143
2021-10-28,0.006761
2021-10-29,0.010623
2021-11-01,0.010209
2021-11-02,0.010391
2021-11-03,0.00926
2021-11-04,0.012778
2021-11-05,0.011492
2021-11-08,0.008521
2021-11-09,0.009283
2021-11-10,0.010294
2021-11-11,0.011677
2021-11-12,0.015273
2021-11-15,0.020781
2021-11-16,0.024962
2021-11-17,0.028359
2021-11-18,0.029006
2021-11-19,0.030886
2021-11-22,0.034033
2021-11-23,0.033151
2021-11-24,0.036679
2021-11-25,0.041235
2021-11-26,0.08699
2021-11-29,0.105939
2021-11-30,0.121155
2021-12-01,0.120144
2021-12-02,0.12531
2021-12-03,0.129278
2021-12-06,0.131145
2021-12-07,0.128884
2021-12-08,0.132501
2021-12-09,0.131146
2021-12-10,0.128786
2021-12-13,0.109049
2021-12-14,0.104589
2021-12-15,0.093674
2021-12-16,0.086977
2021-12-17,0.070711
2021-12-20,0.067986
2021-12-21,0.076895
2021-12-22,0.072898
2021-12-23,0.077482
2021-12-24,0.072213
2021-12-27,0.069345
2021-12-28,0.065292
2021-12-29,0.065445
2021-12-30,0.058953
2021-12-31,0.050933
2022-01-03,0.054217
2022-01-04,0.055505
2022-01-05,0.052585
2022-01-06,0.052704
2022-01-07,0.047693
2022-01-10,0.042105
2022-01-11,0.041139
2022-01-12,0.037762
2022-01-13,0.035607
2022-01-14,0.033596
2022-01-17,0.03319
2022-01-18,0.023603
2022-01-19,0.022349
2022-01-20,0.021862
2022-01-21,0.022912
2022-01-24,0.050409
2022-01-25,0.061609
2022-01-26,0.06789
2022-01-27,0.067879
2022-01-28,0.075819
2022-01-31,0.061968
2022-02-01,0.066531
2022-02-02,0.069176
2022-02-03,0.073652
2022-02-04,0.10341
2022-02-07,0.12281
2022-02-08,0.136601
2022-02-09,0.138154
2022-02-10,0.139919
2022-02-11,0.136591
2022-02-14,0.147516
2022-02-15,0.151765
2022-02-16,0.148017
2022-02-17,0.146866
2022-02-18,0.140932
2022-02-21,0.144443
2022-02-22,0.142811
2022-02-23,0.136588
2022-02-24,0.13794
2022-02-25,0.133082
2022-02-28,0.136767
2022-03-01,0.164462
2022-03-02,0.168597
2022-03-03,0.184145
2022-03-04,0.241978
2022-03-07,0.299401
2022-03-08,0.324854
2022-03-09,0.354165
2022-03-10,0.386063
2022-03-11,0.395997
2022-03-14,0.397153
2022-03-15,0.391059
2022-03-16,0.382483
2022-03-17,0.376851
2022-03-18,0.371242
2022-03-21,0.358551
2022-03-22,0.355531
2022-03-23,0.343401
2022-03-24,0.332041
2022-03-25,0.308293
2022-03-28,0.308526
2022-03-29,0.321299
2022-03-30,0.330761
2022-03-31,0.366909
2022-04-01,0.35442
2022-04-04,0.368843
2022-04-05,0.365379
2022-04-06,0.355055
2022-04-07,0.331981
2022-04-08,0.305615
2022-04-11,0.295122
2022-04-12,0.284216
2022-04-13,0.275026
2022-04-14,0.254861
2022-04-15,0.232875
2022-04-18,0.21295
2022-04-19,0.222593
2022-04-20,0.226239
2022-04-21,0.22275
2022-04-22,0.241716
2022-04-25,0.286835
2022-04-26,0.310498
2022-04-27,0.318033
2022-04-28,0.333785
2022-04-29,0.335638
2022-05-02,0.341152
2022-05-03,0.331923
2022-05-04,0.32082
2022-05-05,0.358184
2022-05-06,0.376688
2022-05-09,0.355618
2022-05-10,0.333844
2022-05-11,0.320102
2022-05-12,0.372353
2022-05-13,0.381989
2022-05-16,0.376171
2022-05-17,0.392775
2022-05-18,0.400089
2022-05-19,0.404466
2022-05-20,0.399129
2022-05-23,0.407097
2022-05-24,0.422034
2022-05-25,0.42803
2022-05-26,0.424709
2022-05-27,0.411362
2022-05-30,0.403451
2022-05-31,0.402834
2022-06-01,0.394302
2022-06-02,0.387356
2022-06-03,0.37161
2022-06-06,0.370312
2022-06-07,0.362231
2022-06-08,0.3685
2022-06-09,0.410435
2022-06-10,0.472007
2022-06-13,0.47715
2022-06-14,0.496973
2022-06-15,0.516839
2022-06-16,0.545341
2022-06-17,0.563942
2022-06-20,0.564951
2022-06-21,0.558003
2022-06-22,0.554053
2022-06-23,0.562088
2022-06-24,0.54376
2022-06-27,0.513013
2022-06-28,0.486197
2022-06-29,0.481474
2022-06-30,0.47247
2022-07-01,0.462523
2022-07-04,0.39977
2022-07-05,0.453939
2022-07-06,0.4591
2022-07-07,0.45779
2022-07-08,0.447992
2022-07-11,0.455519
2022-07-12,0.437363
2022-07-13,0.430092
2022-07-14,0.437704
2022-07-15,0.422766
2022-07-18,0.403922
2022-07-19,0.412198
2022-07-20,0.391459
2022-07-21,0.378041
2022-07-22,0.371781
2022-07-25,0.357377
2022-07-26,0.368817
2022-07-27,0.378458
2022-07-28,0.395533
2022-07-29,0.396404
2022-08-01,0.388984
2022-08-02,0.394685
2022-08-03,0.388603
2022-08-04,0.37805
2022-08-05,0.382528
2022-08-08,0.372387
2022-08-09,0.361801
2022-08-10,0.372049
2022-08-11,0.353501
2022-08-12,0.340147
2022-08-15,0.338168
2022-08-16,0.316231
2022-08-17,0.298293
2022-08-18,0.30759
2022-08-19,0.325114
2022-08-22,0.364095
2022-08-23,0.361963
2022-08-24,0.348262
2022-08-25,0.330193
2022-08-26,0.325319
2022-08-29,0.32295
2022-08-30,0.315054
2022-08-31,0.319776
2022-09-01,0.351647
2022-09-02,0.370824
2022-09-05,0.372115
2022-09-06,0.373886
2022-09-07,0.412045
2022-09-08,0.421067
2022-09-09,0.434217
2022-09-12,0.437583
2022-09-13,0.45548
2022-09-14,0.464483
2022-09-15,0.477065
2022-09-16,0.494315
2022-09-19,0.472556
2022-09-20,0.484376
2022-09-21,0.515113
2022-09-22,0.524315
2022-09-23,0.625891
2022-09-26,0.641643
2022-09-27,0.661312
2022-09-28,0.683904
2022-09-29,0.705596
2022-09-30,0.701143
2022-10-03,0.699653
2022-10-04,0.725448
2022-10-05,0.729776
2022-10-06,0.734226
2022-10-07,0.733652
2022-10-10,0.715534
2022-10-11,0.707601
2022-10-12,0.709008
2022-10-13,0.715947
2022-10-14,0.704672
2022-10-17,0.738018
2022-10-18,0.718044
2022-10-19,0.705976
2022-10-20,0.679764
2022-10-21,0.675181
2022-10-24,0.669764
2022-10-25,0.673713
2022-10-26,0.653168
2022-10-27,0.656962
2022-10-28,0.633899
2022-10-29,0.603066
2022-10-31,0.611495
2022-11-01,0.577879
2022-11-02,0.565977
2022-11-03,0.585004
2022-11-04,0.613288
2022-11-07,0.595164
2022-11-08,0.56563
2022-11-09,0.544382
2022-11-10,0.580224
2022-11-11,0.558267
2022-11-14,0.517123
2022-11-15,0.49411
2022-11-16,0.480984
2022-11-17,0.45577
2022-11-18,0.436864
2022-11-21,0.426984
2022-11-22,0.403455
2022-11-23,0.39264
2022-11-24,0.376469
2022-11-25,0.351418
2022-11-26,0.361908
2022-11-28,0.351802
2022-11-29,0.323741
2022-11-30,0.315776
2022-12-01,0.320987
2022-12-02,0.302083
2022-12-05,0.293432
2022-12-06,0.28715
2022-12-07,0.272348
2022-12-08,0.259806
2022-12-09,0.2344
2022-12-12,0.230283
2022-12-13,0.221718
2022-12-14,0.222994
2022-12-15,0.251765
2022-12-16,0.293965
2022-12-19,0.30214
2022-12-20,0.310577
2022-12-21,0.325586
2022-12-22,0.336779
2022-12-23,0.325132
2022-12-26,0.316511
2022-12-27,0.319684
2022-12-28,0.315329
2022-12-29,0.304186
2022-12-30,0.297158
2023-01-02,0.299457
2023-01-03,0.241052
2023-01-04,0.248277
2023-01-05,0.23641
2023-01-06,0.242998
2023-01-09,0.244571
2023-01-10,0.237635
2023-01-11,0.23022
2023-01-12,0.235121
2023-01-13,0.227434
2023-01-16,0.212769
2023-01-17,0.183033
2023-01-18,0.173193
2023-01-19,0.183594
2023-01-20,0.184563
2023-01-23,0.183977
2023-01-24,0.183615
2023-01-25,0.174889
2023-01-26,0.168506
2023-01-27,0.162167
2023-01-30,0.158123
2023-01-31,0.147479
2023-02-01,0.114879
2023-02-02,0.138331
2023-02-03,0.147274
2023-02-06,0.13919
2023-02-07,0.148438
2023-02-08,0.13936
2023-02-09,0.137221
2023-02-10,0.135925
2023-02-13,0.143837
2023-02-14,0.142437
2023-02-15,0.132709
2023-02-16,0.123343
2023-02-17,0.122115
2023-02-20,0.115255
2023-02-21,0.09846
2023-02-22,0.085891
2023-02-23,0.083806
2023-02-24,0.0848
2023-02-27,0.086588
2023-02-28,0.097218
2023-03-01,0.088631
2023-03-02,0.08716
2023-03-03,0.091206
2023-03-06,0.091258
2023-03-07,0.088052
2023-03-08,0.092715
2023-03-09,0.0913
2023-03-10,0.113245
2023-03-13,0.154172
2023-03-14,0.167232
2023-03-15,0.236474
2023-03-16,0.268114
2023-03-17,0.281598
2023-03-20,0.290721
2023-03-21,0.310213
2023-03-22,0.334281
2023-03-23,0.348598
2023-03-24,0.372918
2023-03-27,0.367686
2023-03-28,0.352906
2023-03-29,0.351716
2023-03-30,0.340668
2023-03-31,0.332136
2023-04-03,0.321082
2023-04-04,0.300957
2023-04-05,0.295602
2023-04-06,0.279229
2023-04-07,0.25731
2023-04-10,0.244317
2023-04-11,0.232654
2023-04-12,0.218166
2023-04-13,0.206746
2023-04-14,0.192257
2023-04-17,0.177791
2023-04-18,0.168315
2023-04-19,0.159618
2023-04-20,0.157873
2023-04-21,0.153404
2023-04-24,0.146715
2023-04-25,0.146462
2023-04-26,0.140547
2023-04-27,0.142295
2023-04-28,0.145068
2023-05-01,0.150794
2023-05-02,0.155832
2023-05-03,0.158558
2023-05-04,0.161146
2023-05-05,0.163416
2023-05-08,0.169317
2023-05-09,0.159666
2023-05-10,0.161995
2023-05-11,0.159927
2023-05-12,0.154386
2023-05-15,0.149778
2023-05-16,0.143598
2023-05-17,0.13934
2023-05-18,0.130695
2023-05-19,0.125829
2023-05-22,0.12439
2023-05-23,0.110294
2023-05-24,0.099557
2023-05-25,0.108864
2023-05-26,0.111544
2023-05-29,0.124971
2023-05-30,0.130556
2023-05-31,0.13019
2023-06-01,0.134468
2023-06-02,0.148889
2023-06-03,0.146634
2023-06-05,0.1591
2023-06-06,0.163558
2023-06-07,0.163587
2023-06-08,0.151824
2023-06-09,0.142815
2023-06-12,0.130665
2023-06-13,0.119721
2023-06-14,0.118357
2023-06-15,0.090983
2023-06-16,0.0861
2023-06-19,0.087275
2023-06-20,0.096985
2023-06-21,0.082873
2023-06-22,0.088227
2023-06-23,0.091992
2023-06-26,0.090615
2023-06-27,0.082283
2023-06-28,0.075923
2023-06-29,0.075932
2023-06-30,0.068695
2023-07-03,0.072088
2023-07-04,0.068084
2023-07-05,0.067229
2023-07-06,0.084442
2023-07-07,0.092696
2023-07-10,0.103914
2023-07-11,0.102253
2023-07-12,0.096073
2023-07-13,0.102496
2023-07-14,0.10662
2023-07-17,0.107246
2023-07-18,0.107068
2023-07-19,0.104452
2023-07-20,0.096443
2023-07-21,0.085789
2023-07-24,0.073275
2023-07-25,0.065755
2023-07-26,0.068779
2023-07-27,0.066778
2023-07-28,0.077329
2023-07-31,0.082196
2023-08-01,0.085345
2023-08-02,0.086546
2023-08-03,0.097904
2023-08-04,0.090047
2023-08-07,0.088738
2023-08-08,0.09615
2023-08-09,0.096725
2023-08-10,0.107147
2023-08-11,0.114259
2023-08-14,0.112814
2023-08-15,0.114911
2023-08-16,0.103105
2023-08-17,0.10531
2023-08-18,0.105972
2023-08-21,0.101817
2023-08-22,0.093025
2023-08-23,0.084692
2023-08-24,0.079504
2023-08-25,0.079975
2023-08-28,0.078643
2023-08-29,0.075352
2023-08-30,0.072206
2023-08-31,0.055639
2023-09-01,0.058955
2023-09-04,0.066135
2023-09-05,0.063224
2023-09-06,0.058441
2023-09-07,0.060365
2023-09-08,0.064154
2023-09-11,0.060218
2023-09-12,0.062957
2023-09-13,0.064784
2023-09-14,0.053966
2023-09-15,0.056423
2023-09-18,0.052047
2023-09-19,0.056852
2023-09-20,0.056525
2023-09-21,0.058063
2023-09-22,0.060299
2023-09-25,0.067379
2023-09-26,0.077701
2023-09-27,0.077682
2023-09-28,0.088031
2023-09-29,0.101628
2023-10-02,0.092871
2023-10-03,0.101591
2023-10-04,0.104443
2023-10-05,0.10473
2023-10-06,0.094218
2023-10-09,0.10022
2023-10-10,0.124766
2023-10-11,0.136299
2023-10-12,0.128919
2023-10-13,0.14609
2023-10-16,0.146089
2023-10-17,0.144462
2023-10-18,0.149093
2023-10-19,0.145257
2023-10-20,0.158171
2023-10-23,0.138457
2023-10-24,0.123174
2023-10-25,0.119218
2023-10-26,0.115506
2023-10-27,0.109163
2023-10-30,0.102583
2023-10-31,0.085796
2023-11-01,0.085614
2023-11-02,0.093786
2023-11-03,0.087058
2023-11-06,0.09484
2023-11-07,0.096566
2023-11-08,0.096754
2023-11-09,0.09876
2023-11-10,0.100859
2023-11-13,0.092968
2023-11-14,0.086803
2023-11-15,0.091315
2023-11-16,0.095159
2023-11-17,0.097575
2023-11-20,0.098259
2023-11-21,0.099257
2023-11-22,0.099845
2023-11-23,0.100307
2023-11-24,0.09689
2023-11-27,0.09549
2023-11-28,0.094289
2023-11-29,0.098439
2023-11-30,0.095396
2023-12-01,0.074318
2023-12-04,0.079769
2023-12-05,0.085707
2023-12-06,0.088284
2023-12-07,0.073379
2023-12-08,0.082551
2023-12-11,0.089483
2023-12-12,0.091125
2023-12-13,0.087982
2023-12-14,0.073516
2023-12-15,0.085993
2023-12-18,0.088618
2023-12-19,0.103857
2023-12-20,0.111783
2023-12-21,0.121104
2023-12-22,0.127473
2023-12-25,0.126756
2023-12-26,0.124222
2023-12-27,0.125607
2023-12-28,0.123581
2023-12-29,0.123759
2024-01-01,0.115502
2024-01-02,0.091993
2024-01-03,0.070083
2024-01-04,0.074727
2024-01-05,0.076017
2024-01-08,0.071866
2024-01-09,0.065401
2024-01-10,0.068072
2024-01-11,0.059634
2024-01-12,0.063919
2024-01-15,0.064399
2024-01-16,0.064067
2024-01-17,0.063357
2024-01-18,0.057948
2024-01-19,0.049523
2024-01-22,0.045346
2024-01-23,0.044151
2024-01-24,0.039323
2024-01-25,0.037075
2024-01-26,0.041814
2024-01-29,0.043045
2024-01-30,0.045456
2024-01-31,0.047792
2024-02-01,0.038628
2024-02-02,0.03603
2024-02-05,0.036764
2024-02-06,0.03718
2024-02-07,0.043242
2024-02-08,0.041109
2024-02-09,0.047735
2024-02-12,0.044002
2024-02-13,0.035419
2024-02-14,0.03399
2024-02-15,0.038569
2024-02-16,0.041449
2024-02-19,0.040028
2024-02-20,0.041021
2024-02-21,0.046514
2024-02-22,0.038733
2024-02-23,0.042865
2024-02-26,0.042694
2024-02-27,0.044912
2024-02-28,0.043524
2024-02-29,0.043082
2024-03-01,0.040856
2024-03-03,0.039603
2024-03-04,0.038588
2024-03-05,0.039501
2024-03-06,0.038409
2024-03-07,0.035806
2024-03-08,0.030027
2024-03-11,0.026972
2024-03-12,0.020856
2024-03-13,0.020682
2024-03-14,0.01894
2024-03-15,0.016289
2024-03-18,0.016
2024-03-19,0.009015
2024-03-20,0.008054
2024-03-21,0.007065
2024-03-22,0.011554
2024-03-25,0.016319
2024-03-26,0.016832
2024-03-27,0.018509
2024-03-28,0.017263
2024-03-29,0.017963
2024-04-01,0.016715
2024-04-02,0.018561
2024-04-03,0.016421
2024-04-04,0.018443
2024-04-05,0.01243
2024-04-08,0.013135
2024-04-09,0.010419
2024-04-10,0.008571
2024-04-11,0.011223
2024-04-12,0.015396
2024-04-15,0.018198
2024-04-16,0.020435
2024-04-17,0.023576
2024-04-18,0.029726
2024-04-19,0.029006
2024-04-22,0.032562
2024-04-23,0.033044
2024-04-24,0.037439
2024-04-25,0.032661
2024-04-26,0.026298
2024-04-29,0.024824
2024-04-30,0.022036
2024-05-01,0.020809
2024-05-02,0.02157
2024-05-03,0.022453
2024-05-06,0.026548
2024-05-07,0.035811
2024-05-08,0.036919
2024-05-09,0.034834
2024-05-10,0.037739
2024-05-13,0.031662
2024-05-14,0.031082
2024-05-15,0.030917
2024-05-16,0.023964
2024-05-17,0.022547
2024-05-20,0.020015
2024-05-21,0.016467
2024-05-22,0.014204
2024-05-23,0.018214
2024-05-24,0.017303
2024-05-27,0.01841
2024-05-28,0.016088
2024-05-29,0.008893
2024-05-30,0.009833
2024-05-31,0.010198
2024-06-03,0.011371
2024-06-04,0.006395
2024-06-05,0.007379
2024-06-06,0.00931
2024-06-07,0.008211
2024-06-10,0.008626
2024-06-11,0.010718
2024-06-12,0.015042
2024-06-13,0.022182
2024-06-14,0.045232
2024-06-17,0.052503
2024-06-18,0.060052
2024-06-19,0.065475
2024-06-20,0.075066
2024-06-21,0.079907
2024-06-24,0.083446
2024-06-25,0.084353
2024-06-26,0.085672
2024-06-27,0.083569
2024-06-28,0.082603
2024-07-01,0.086098
2024-07-02,0.076871
2024-07-03,0.073518
2024-07-04,0.070456
2024-07-05,0.065072
2024-07-08,0.058094
2024-07-09,0.054145
2024-07-10,0.051123
2024-07-11,0.042541
2024-07-12,0.044781
2024-07-15,0.041575
2024-07-16,0.040229
2024-07-17,0.034343
2024-07-18,0.030919
2024-07-19,0.034471
2024-07-22,0.039354
2024-07-23,0.034637
2024-07-24,0.041969
2024-07-25,0.058324
2024-07-26,0.056185
2024-07-29,0.061942
2024-07-30,0.063153
2024-07-31,0.07134
2024-08-01,0.101785
2024-08-02,0.138748
2024-08-05,0.186916
2024-08-06,0.19442
2024-08-07,0.214557
2024-08-08,0.220001
2024-08-09,0.214651
2024-08-12,0.1938
2024-08-13,0.180221
2024-08-14,0.165121
2024-08-15,0.166644
2024-08-16,0.148794
2024-08-19,0.138628
2024-08-20,0.132444
2024-08-21,0.122311
2024-08-22,0.11172
2024-08-23,0.102598
2024-08-26,0.091539
2024-08-27,0.080529
2024-08-28,0.066066
2024-08-29,0.056791
2024-08-30,0.048144
2024-09-02,0.047248
2024-09-03,0.060452
2024-09-04,0.06592
2024-09-05,0.067041
2024-09-06,0.084735
2024-09-09,0.073817
2024-09-10,0.070037
2024-09-11,0.071686
2024-09-12,0.070319
2024-09-13,0.069843
2024-09-16,0.063819
2024-09-17,0.066695
2024-09-18,0.064807
2024-09-19,0.068528
2024-09-20,0.066901
2024-09-23,0.0578
2024-09-24,0.064469
2024-09-25,0.067369
2024-09-26,0.066664
2024-09-27,0.071241
2024-09-30,0.058206
2024-10-01,0.072733
2024-10-02,0.077716
2024-10-03,0.062852
2024-10-04,0.064989
2024-10-07,0.061379
2024-10-08,0.058558
2024-10-09,0.053945
2024-10-10,0.051641
2024-10-11,0.048756
2024-10-14,0.041992
2024-10-15,0.0446
2024-10-16,0.038671
2024-10-17,0.033057
2024-10-18,0.030284
2024-10-21,0.031189
2024-10-22,0.026873
2024-10-23,0.024329
2024-10-24,0.022663
2024-10-25,0.020906
2024-10-28,0.018159
2024-10-29,0.019212
2024-10-30,0.017539
2024-10-31,0.022901
2024-11-01,0.02052
2024-11-04,0.022283
2024-11-05,0.023585
2024-11-06,0.017964
2024-11-07,0.024827
2024-11-08,0.034025
2024-11-11,0.041127
2024-11-12,0.060396
2024-11-13,0.068553
2024-11-14,0.078283
2024-11-15,0.068594
2024-11-18,0.060647
2024-11-19,0.051637
2024-11-20,0.05146
2024-11-21,0.050399
2024-11-22,0.066805
2024-11-25,0.068341
2024-11-26,0.067903
2024-11-27,0.069096
2024-11-28,0.063427
2024-11-29,0.057879
2024-12-02,0.062451
2024-12-03,0.054928
2024-12-04,0.047113
2024-12-05,0.048922
2024-12-06,0.045197
2024-12-09,0.037547
2024-12-10,0.030974
2024-12-11,0.023187
2024-12-12,0.023905
2024-12-13,0.025208
2024-12-16,0.026214
2024-12-17,0.024987
2024-12-18,0.021747
2024-12-19,0.032521
2024-12-20,0.034357
2024-12-23,0.036846
2024-12-24,0.036449
2024-12-25,0.032754
2024-12-26,0.02968
2024-12-27,0.025275
2024-12-30,0.027512
2024-12-31,0.02533
2025-01-01,0.026047
2025-01-02,0.020704
2025-01-03,0.019106
2025-01-06,0.014635
2025-01-07,0.01736
2025-01-08,0.014197
2025-01-09,0.013232
2025-01-10,0.01167
2025-01-13,0.011585
2025-01-14,0.009503
2025-01-15,0.018737
2025-01-16,0.020724
2025-01-17,0.01991
2025-01-20,0.018282
2025-01-21,0.018375
2025-01-22,0.018524
2025-01-23,0.016824
2025-01-24,0.016327
2025-01-27,0.018121
2025-01-28,0.016955
2025-01-29,0.015496
2025-01-30,0.019177
2025-01-31,0.017531
2025-02-03,0.014446
2025-02-04,0.012575
2025-02-05,0.013574
2025-02-06,0.015779
2025-02-07,0.01384
2025-02-10,0.013395
2025-02-11,0.015374
2025-02-12,0.019184
2025-02-13,0.0175
2025-02-14,0.015138
2025-02-17,0.013288
2025-02-18,0.012298
2025-02-19,0.008694
2025-02-20,0.005978
2025-02-21,0.006976
2025-02-24,0.005407
2025-02-25,0.006793
2025-02-26,0.005779
2025-02-27,0.003766
2025-02-28,0.00308
2025-03-03,0.00329
2025-03-04,0.022922
2025-03-05,0.039662
2025-03-06,0.040919
2025-03-07,0.038436
2025-03-10,0.037646
2025-03-11,0.041518
2025-03-12,0.038387
2025-03-13,0.033667
2025-03-14,0.038057
2025-03-17,0.036941
2025-03-18,0.031863
2025-03-19,0.026386
2025-03-20,0.02235
2025-03-21,0.017882
2025-03-24,0.018627
2025-03-25,0.017797
2025-03-26,0.015113
2025-03-27,0.013442
2025-03-28,0.011715
2025-03-31,0.01143
2025-04-01,0.011776
2025-04-02,0.009321
2025-04-03,0.043838
2025-04-04,0.118365
2025-04-07,0.17352
2025-04-08,0.176258
2025-04-09,0.183668
2025-04-10,0.203099
2025-04-11,0.210782
2025-04-14,0.199062
2025-04-15,0.187288
2025-04-16,0.188656
2025-04-17,0.184193
2025-04-18,0.175541
2025-04-21,0.168378
2025-04-22,0.157184
2025-04-23,0.150078
2025-04-24,0.152993
2025-04-25,0.138215
2025-04-28,0.131882
2025-04-29,0.12571
2025-04-30,0.125982
2025-05-01,0.096529
2025-05-02,0.09661
2025-05-05,0.078122
2025-05-06,0.070659
2025-05-07,0.068263
2025-05-08,0.064489
2025-05-09,0.056526
2025-05-12,0.057657
2025-05-13,0.04285
2025-05-14,0.034763
2025-05-15,0.029299
2025-05-16,0.025429
2025-05-19,0.02643
2025-05-20,0.027183
2025-05-21,0.02422
2025-05-22,0.021319
2025-05-23,0.030668
2025-05-26,0.028304
2025-05-27,0.024174
2025-05-28,0.021149
2025-05-29,0.019764
2025-05-30,0.017924
2025-06-02,0.016773
2025-06-03,0.013717
2025-06-04,0.012113
2025-06-05,0.017913
2025-06-06,0.015584
2025-06-09,0.014432
2025-06-10,0.020728
2025-06-11,0.021655
2025-06-12,0.025685
2025-06-13,0.032308
2025-06-16,0.033451
2025-06-17,0.035824
2025-06-18,0.026441
2025-06-19,0.027813
2025-06-20,0.026715
2025-06-23,0.021266
2025-06-24,0.02307
2025-06-25,0.02258
2025-06-26,0.021801
2025-06-27,0.031323
2025-06-30,0.025115
2025-07-01,0.026206
2025-07-02,0.03195
2025-07-03,0.033922
2025-07-04,0.034614
2025-07-07,0.033324
2025-07-08,0.030906
2025-07-09,0.022939
2025-07-10,0.022817
2025-07-11,0.030499
2025-07-14,0.029689
2025-07-15,0.030287
2025-07-16,0.032246
2025-07-17,0.031263
2025-07-18,0.030892
2025-07-21,0.043021
2025-07-22,0.045131
2025-07-23,0.035654
2025-07-24,0.022616
2025-07-25,0.018029
2025-07-28,0.031342
2025-07-29,0.02238
2025-07-30,0.02186
2025-07-31,0.026637
2025-08-01,0.057893
2025-08-04,0.048197
2025-08-05,0.03933
2025-08-06,0.032963
2025-08-07,0.028856
2025-08-08,0.02233
2025-08-11,0.018629
2025-08-12,0.015309
2025-08-13,0.011833
2025-08-14,0.010359
2025-08-15,0.007612
2025-08-18,0.007635
2025-08-19,0.006979
2025-08-20,0.006018
2025-08-21,0.005386
2025-08-22,0.006417
2025-08-25,0.007461
2025-08-26,0.008018
2025-08-27,0.007164
2025-08-28,0.007917
2025-08-29,0.012665
2025-09-01,0.015793
2025-09-02,0.028434
2025-09-03,0.025198
2025-09-04,0.022172
2025-09-05,0.020292
2025-09-08,0.019173
2025-09-09,0.02072
2025-09-10,0.022584
2025-09-11,0.028906
2025-09-12,0.028651
2025-09-15,0.032144
2025-09-16,0.044037
2025-09-17,0.042163
2025-09-18,0.036805
2025-09-19,0.036406
2025-09-22,0.034747
2025-09-23,0.033246
2025-09-24,0.039078
2025-09-25,0.045013
2025-09-26,0.043713
2025-09-29,0.045363
2025-09-30,0.042446
2025-10-01,0.040249
2025-10-02,0.039424
2025-10-03,0.037003
2025-10-06,0.056836
2025-10-07,0.054046
2025-10-08,0.049808
2025-10-09,0.048436
2025-10-10,0.078876
2025-10-13,0.070517
2025-10-14,0.06458
2025-10-15,0.059222
2025-10-16,0.045378
2025-10-17,0.052919
2025-10-20,0.038917
2025-10-21,0.036773
2025-10-22,0.034627
2025-10-23,0.033717
2025-10-24,0.034577
2025-10-27,0.033597
2025-10-28,0.038547
2025-10-29,0.037484
2025-10-30,0.039063
2025-10-31,0.039456
2025-11-03,0.030767
2025-11-04,0.038926
2025-11-05,0.034205
2025-11-06,0.039411
2025-11-07,0.0395
2025-11-10,0.043731
2025-11-11,0.036975
2025-11-12,0.031459
2025-11-13,0.029869
2025-11-14,0.032123
2025-11-17,0.030737
2025-11-18,0.032908
2025-11-19,0.03267
2025-11-20,0.027201
2025-11-21,0.031315
2025-11-24,0.027762
2025-11-25,0.024373
2025-11-26,0.020748
2025-11-27,0.01927
2025-11-28,0.018485
2025-12-01,0.022845
2025-12-02,0.019855
2025-12-03,0.022661
2025-12-04,0.020315
2025-12-05,0.020031
2025-12-08,0.02351
2025-12-09,0.023118
2025-12-10,0.023297
2025-12-11,0.021143
2025-12-12,0.021789
2025-12-15,0.016055
2025-12-16,0.018178
2025-12-17,0.020623
2025-12-18,0.021449
2025-12-19,0.030228
2025-12-22,0.029267
2025-12-23,0.029521
2025-12-24,0.027341
2025-12-25,0.027393
2025-12-26,0.02483
2025-12-29,0.027077
2025-12-30,0.024389
2025-12-31,0.0218
2026-01-01,0.018742
2026-01-02,0.019803
2026-01-05,0.024315
2026-01-06,0.026044
2026-01-07,0.032663
2026-01-08,0.031429
2026-01-09,0.030522
2026-01-12,0.028386
2026-01-13,0.026218
2026-01-14,0.027108
2026-01-15,0.021512
2026-01-16,0.021082
2026-01-19,0.033896
2026-01-20,0.050082
2026-01-21,0.044283
2026-01-22,0.04519
2026-01-23,0.055899
2026-01-26,0.050769
2026-01-27,0.049493
2026-01-28,0.049893
2026-01-29,0.043308
2026-01-30,0.033738
2026-02-02,0.028677
2026-02-03,0.023037
2026-02-04,0.022614
2026-02-05,0.025228
2026-02-06,0.02051
2026-02-09,0.014422
2026-02-10,0.018362
2026-02-11,0.017584
2026-02-12,0.016355
2026-02-13,0.016484
2026-02-16,0.013833
2026-02-17,0.013317
2026-02-18,0.01263
2026-02-19,0.012972
2026-02-20,0.009647
2026-02-23,0.009916
2026-02-24,0.010016
2026-02-25,0.008979
2026-02-26,0.009892
2026-02-27,0.011268
2026-03-02,0.044003
2026-03-03,0.06898
2026-03-04,0.053194
2026-03-05,0.061319
2026-03-06,0.059019
2026-03-09,0.054537
2026-03-10,0.045557
2026-03-11,0.050085
2026-03-12,0.048093
2026-03-13,0.049489
2026-03-16,0.046954
2026-03-17,0.042369
2026-03-18,0.042607
2026-03-19,0.056978
2026-03-20,0.067211
2026-03-23,0.06649
2026-03-24,0.063064
2026-03-25,0.061802
2026-03-26,0.065671
2026-03-27,0.063089
2026-03-30,0.057591
2026-03-31,0.055369
2026-04-01,0.04837
2026-04-02,0.043646
2026-04-03,0.038795
2026-04-06,0.034074
2026-04-07,0.034541
2026-04-08,0.033985
2026-04-09,0.026912
2026-04-10,0.022897
2026-04-13,0.019472
2026-04-14,0.019754
2026-04-15,0.018372
2026-04-16,0.015593
2026-04-17,0.018855
2026-04-20,0.014832
2026-04-21,0.011974
2026-04-22,0.009492
2026-04-23,0.007261
2026-04-24,0.005607
2026-04-27,0.004627
2026-04-28,0.004373
2026-04-29,0.003565
2026-04-30,0.00396
2026-05-01,0.00331
2026-05-04,0.004173
2026-05-05,0.004631
2026-05-06,0.01003
2026-05-07,0.007683
2026-05-08,0.005343
2026-05-11,0.004528
2026-05-12,0.00374
2026-05-13,0.003584
2026-05-14,0.003509
2026-05-15,0.004243
2026-05-18,0.002674
2026-05-19,0.001704
2026-05-20,0.004842
2026-05-21,0.004552
2026-05-22,0.004734
2026-05-25,0.010856
2026-05-26,0.009406
2026-05-27,0.008356
2026-05-28,0.0067
2026-05-29,0.005761
2026-06-01,0.005294
2026-06-02,0.005545
2026-06-03,0.004462
2026-06-04,0.004318
2026-06-05,0.002647
2026-06-08,0.00259
2026-06-09,0.003041
2026-06-10,0.004341
2026-06-11,0.005991
2026-06-12,0.0088
2026-06-15,0.007809
2026-06-16,0.005637
2026-06-17,0.003913
2026-06-18,0.003485
2026-06-19,0.003541
2026-06-22,0.003273
2026-06-23,0.005606
2026-06-24,0.005129
2026-06-25,0.005179
2026-06-26,0.007466
2026-06-29,0.009165
2026-06-30,0.009754
2026-07-01,0.01339
2026-07-02,0.011526
2026-07-03,0.00993
2026-07-06,0.010453
2026-07-07,0.01306
2026-07-08,0.02742
2026-07-09,0.023599
2026-07-10,0.019676
2026-07-13,0.017209
2026-07-14,0.013326
2026-07-15,0.011668
2026-07-16,0.009878
2026-07-17,0.010181
2026-07-20,0.009992
2026-07-21,0.009129
2026-07-22,0.007581
2026-07-23,0.012291
2026-07-24,0.010656
2026-07-27,0.009525
2026-07-28,0.008231
2026-07-29,0.010079
2026-07-30,0.015181
2026-07-31,0.012875
2026-08-03,0.011662
2026-08-04,0.009142
2026-08-05,0.006977
2026-08-06,0.00589
2026-08-07,0.005488
2026-08-10,0.006325
2026-08-11,0.006266
2026-08-12,0.006716
2026-08-13,0.006956
2026-08-14,0.010038
2026-08-17,0.010462
2026-08-18,0.015192
2026-08-19,0.021209
2026-08-20,0.019759
2026-08-21,0.016998
2026-08-24,0.014798
2026-08-25,0.015344
2026-08-26,0.01357
2026-08-27,0.016421
2026-08-28,0.016678
2026-08-31,0.020452
2026-09-01,0.024199
2026-09-02,0.026778
2026-09-03,0.031979
2026-09-04,0.025843
2026-09-07,0.025352
2026-09-08,0.022278
2026-09-09,0.035963
2026-09-10,0.03551
2026-09-11,0.032591
2026-09-14,0.03726
2026-09-15,0.033539
2026-09-16,0.031321
2026-09-17,0.027381
2026-09-18,0.034175
2026-09-21,0.029992
2026-09-22,0.025173
2026-09-23,0.024919
2026-09-24,0.022291
2026-09-25,0.018062
2026-09-28,0.015069
2026-09-29,0.013024
2026-09-30,0.01324
2026-10-01,0.02249
2026-10-02,0.024053
2026-10-05,0.021521
2026-10-06,0.01614
