date,value
1999-01-04,1.6168
1999-01-05,1.6123
1999-01-06,1.6116
1999-01-07,1.6165
1999-01-08,1.6138
1999-01-11,1.6104
1999-01-12,1.6072
1999-01-13,1.5931
1999-01-14,1.5934
1999-01-15,1.5984
1999-01-18,1.6004
1999-01-19,1.6001
1999-01-20,1.6024
1999-01-21,1.603
1999-01-22,1.5983
1999-01-25,1.5966
1999-01-26,1.6022
1999-01-27,1.6082
1999-01-28,1.6129
1999-01-29,1.6123
1999-02-01,1.6089
1999-02-02,1.6002
1999-02-03,1.5975
1999-02-04,1.6017
1999-02-05,1.6012
1999-02-08,1.6018
1999-02-09,1.5999
1999-02-10,1.5963
1999-02-11,1.5966
1999-02-12,1.5992
1999-02-15,1.595
1999-02-16,1.5975
1999-02-17,1.5973
1999-02-18,1.5982
1999-02-19,1.5982
1999-02-22,1.5986
1999-02-23,1.5954
1999-02-24,1.594
1999-02-25,1.5905
1999-02-26,1.589
1999-03-01,1.593
1999-03-02,1.5912
1999-03-03,1.5926
1999-03-04,1.5883
1999-03-05,1.5912
1999-03-08,1.5933
1999-03-09,1.5931
1999-03-10,1.6014
1999-03-11,1.5972
1999-03-12,1.5975
1999-03-15,1.601
1999-03-16,1.5995
1999-03-17,1.5987
1999-03-18,1.5975
1999-03-19,1.5986
1999-03-22,1.5966
1999-03-23,1.5945
1999-03-24,1.5908
1999-03-25,1.5944
1999-03-26,1.5965
1999-03-29,1.5943
1999-03-30,1.5956
1999-03-31,1.5981
1999-04-01,1.5957
1999-04-02,1.5973
1999-04-05,1.5968
1999-04-06,1.595
1999-04-07,1.5952
1999-04-08,1.5958
1999-04-09,1.5968
1999-04-12,1.603
1999-04-13,1.6032
1999-04-14,1.6052
1999-04-15,1.6035
1999-04-16,1.6027
1999-04-19,1.6015
1999-04-20,1.604
1999-04-21,1.6
1999-04-22,1.601
1999-04-23,1.6023
1999-04-26,1.6027
1999-04-27,1.6047
1999-04-28,1.6088
1999-04-29,1.6072
1999-04-30,1.6113
1999-05-03,1.6111
1999-05-04,1.6098
1999-05-05,1.6041
1999-05-06,1.608
1999-05-07,1.6078
1999-05-10,1.6075
1999-05-11,1.6082
1999-05-12,1.6052
1999-05-13,1.6013
1999-05-14,1.602
1999-05-17,1.6023
1999-05-18,1.6023
1999-05-19,1.6017
1999-05-20,1.602
1999-05-21,1.6034
1999-05-24,1.6023
1999-05-25,1.5964
1999-05-26,1.5949
1999-05-27,1.5939
1999-05-28,1.5941
1999-05-31,1.5943
1999-06-01,1.5928
1999-06-02,1.5912
1999-06-03,1.5928
1999-06-04,1.5877
1999-06-07,1.5858
1999-06-08,1.5909
1999-06-09,1.5914
1999-06-10,1.5947
1999-06-11,1.597
1999-06-14,1.5952
1999-06-15,1.5941
1999-06-16,1.5944
1999-06-17,1.5976
1999-06-18,1.5969
1999-06-21,1.5967
1999-06-22,1.5952
1999-06-23,1.597
1999-06-24,1.5977
1999-06-25,1.5995
1999-06-28,1.5995
1999-06-29,1.6012
1999-06-30,1.6034
1999-07-01,1.6043
1999-07-02,1.606
1999-07-05,1.6055
1999-07-06,1.604
1999-07-07,1.6034
1999-07-08,1.6029
1999-07-09,1.6065
1999-07-12,1.6072
1999-07-13,1.6031
1999-07-14,1.6043
1999-07-15,1.6055
1999-07-16,1.6059
1999-07-19,1.6067
1999-07-20,1.6038
1999-07-21,1.6059
1999-07-22,1.6068
1999-07-23,1.6053
1999-07-26,1.6066
1999-07-27,1.6
1999-07-28,1.5986
1999-07-29,1.5979
1999-07-30,1.5976
1999-08-02,1.5963
1999-08-03,1.5994
1999-08-04,1.6002
1999-08-05,1.5986
1999-08-06,1.6019
1999-08-09,1.5993
1999-08-10,1.6003
1999-08-11,1.6023
1999-08-12,1.6023
1999-08-13,1.6015
1999-08-16,1.602
1999-08-17,1.6012
1999-08-18,1.6016
1999-08-19,1.5997
1999-08-20,1.5975
1999-08-23,1.5973
1999-08-24,1.6009
1999-08-25,1.601
1999-08-26,1.602
1999-08-27,1.6014
1999-08-30,1.6019
1999-08-31,1.5997
1999-09-01,1.6004
1999-09-02,1.5991
1999-09-03,1.5969
1999-09-06,1.5978
1999-09-07,1.5989
1999-09-08,1.5993
1999-09-09,1.6002
1999-09-10,1.6025
1999-09-13,1.6056
1999-09-14,1.6046
1999-09-15,1.6032
1999-09-16,1.6032
1999-09-17,1.6047
1999-09-20,1.6049
1999-09-21,1.6048
1999-09-22,1.6024
1999-09-23,1.6039
1999-09-24,1.6002
1999-09-27,1.6019
1999-09-28,1.6023
1999-09-29,1.6003
1999-09-30,1.5967
1999-10-01,1.5985
1999-10-04,1.5915
1999-10-05,1.5932
1999-10-06,1.5907
1999-10-07,1.5924
1999-10-08,1.5956
1999-10-11,1.5949
1999-10-12,1.5945
1999-10-13,1.5907
1999-10-14,1.5908
1999-10-15,1.5872
1999-10-18,1.5882
1999-10-19,1.5891
1999-10-20,1.5912
1999-10-21,1.5922
1999-10-22,1.5972
1999-10-25,1.598
1999-10-26,1.5989
1999-10-27,1.5995
1999-10-28,1.6023
1999-10-29,1.603
1999-11-01,1.6042
1999-11-02,1.6051
1999-11-03,1.6077
1999-11-04,1.6115
1999-11-05,1.6137
1999-11-08,1.61
1999-11-09,1.6087
1999-11-10,1.6079
1999-11-11,1.6085
1999-11-12,1.6078
1999-11-15,1.6057
1999-11-16,1.6047
1999-11-17,1.6015
1999-11-18,1.602
1999-11-19,1.6032
1999-11-22,1.6029
1999-11-23,1.6009
1999-11-24,1.5997
1999-11-25,1.5999
1999-11-26,1.6012
1999-11-29,1.6029
1999-11-30,1.6021
1999-12-01,1.6007
1999-12-02,1.5999
1999-12-03,1.5967
1999-12-06,1.5969
1999-12-07,1.5999
1999-12-08,1.6014
1999-12-09,1.5991
1999-12-10,1.5984
1999-12-13,1.602
1999-12-14,1.6017
1999-12-15,1.6001
1999-12-16,1.6016
1999-12-17,1.6028
1999-12-20,1.6004
1999-12-21,1.5994
1999-12-22,1.599
1999-12-23,1.6011
1999-12-24,1.6043
1999-12-27,1.6046
1999-12-28,1.6057
1999-12-29,1.6059
1999-12-30,1.6051
2000-01-03,1.6043
2000-01-04,1.6053
2000-01-05,1.606
2000-01-06,1.6068
2000-01-07,1.6079
2000-01-10,1.6089
2000-01-11,1.6093
2000-01-12,1.6098
2000-01-13,1.6111
2000-01-14,1.613
2000-01-17,1.6136
2000-01-18,1.6131
2000-01-19,1.612
2000-01-20,1.6147
2000-01-21,1.6102
2000-01-24,1.6136
2000-01-25,1.6121
2000-01-26,1.6116
2000-01-27,1.6113
2000-01-28,1.6121
2000-01-31,1.6091
2000-02-01,1.6078
2000-02-02,1.6101
2000-02-03,1.6083
2000-02-04,1.6077
2000-02-07,1.6065
2000-02-08,1.6074
2000-02-09,1.6092
2000-02-10,1.606
2000-02-11,1.6056
2000-02-14,1.6066
2000-02-15,1.6061
2000-02-16,1.6036
2000-02-17,1.6042
2000-02-18,1.6032
2000-02-21,1.6031
2000-02-22,1.6072
2000-02-23,1.6105
2000-02-24,1.6101
2000-02-25,1.6083
2000-02-28,1.6064
2000-02-29,1.6067
2000-03-01,1.6066
2000-03-02,1.6075
2000-03-03,1.6063
2000-03-06,1.6072
2000-03-07,1.6083
2000-03-08,1.6061
2000-03-09,1.6061
2000-03-10,1.6078
2000-03-13,1.6108
2000-03-14,1.6114
2000-03-15,1.6115
2000-03-16,1.6112
2000-03-17,1.6126
2000-03-20,1.6126
2000-03-21,1.6116
2000-03-22,1.6095
2000-03-23,1.6045
2000-03-24,1.5936
2000-03-27,1.5908
2000-03-28,1.5904
2000-03-29,1.5896
2000-03-30,1.5909
2000-03-31,1.5907
2000-04-03,1.5886
2000-04-04,1.5817
2000-04-05,1.5732
2000-04-06,1.5725
2000-04-07,1.5727
2000-04-10,1.5731
2000-04-11,1.5718
2000-04-12,1.5745
2000-04-13,1.5738
2000-04-14,1.5737
2000-04-17,1.5686
2000-04-18,1.571
2000-04-19,1.5748
2000-04-20,1.5727
2000-04-25,1.5712
2000-04-26,1.5721
2000-04-27,1.5742
2000-04-28,1.571
2000-05-02,1.5599
2000-05-03,1.5411
2000-05-04,1.5472
2000-05-05,1.5467
2000-05-08,1.5494
2000-05-09,1.5481
2000-05-10,1.5604
2000-05-11,1.5559
2000-05-12,1.5528
2000-05-15,1.5554
2000-05-16,1.5525
2000-05-17,1.5488
2000-05-18,1.5534
2000-05-19,1.5512
2000-05-22,1.5527
2000-05-23,1.5632
2000-05-24,1.5641
2000-05-25,1.5575
2000-05-26,1.5642
2000-05-29,1.5677
2000-05-30,1.5718
2000-05-31,1.5716
2000-06-01,1.574
2000-06-02,1.5729
2000-06-05,1.5734
2000-06-06,1.574
2000-06-07,1.5676
2000-06-08,1.5664
2000-06-09,1.5661
2000-06-12,1.5624
2000-06-13,1.5628
2000-06-14,1.5651
2000-06-15,1.5648
2000-06-16,1.5611
2000-06-19,1.5618
2000-06-20,1.5577
2000-06-21,1.5522
2000-06-22,1.5451
2000-06-23,1.5521
2000-06-26,1.5478
2000-06-27,1.5486
2000-06-28,1.5479
2000-06-29,1.5558
2000-06-30,1.5576
2000-07-03,1.5551
2000-07-04,1.5528
2000-07-05,1.5532
2000-07-06,1.5484
2000-07-07,1.5458
2000-07-10,1.5461
2000-07-11,1.5516
2000-07-12,1.5523
2000-07-13,1.5532
2000-07-14,1.5476
2000-07-17,1.5465
2000-07-18,1.5502
2000-07-19,1.5473
2000-07-20,1.5488
2000-07-21,1.5511
2000-07-24,1.5555
2000-07-25,1.5538
2000-07-26,1.5519
2000-07-27,1.5531
2000-07-28,1.5486
2000-07-31,1.5477
2000-08-01,1.546
2000-08-02,1.5449
2000-08-03,1.5425
2000-08-04,1.5464
2000-08-07,1.5474
2000-08-08,1.544
2000-08-09,1.5443
2000-08-10,1.5449
2000-08-11,1.5531
2000-08-14,1.5541
2000-08-15,1.5591
2000-08-16,1.559
2000-08-17,1.5629
2000-08-18,1.5622
2000-08-21,1.5598
2000-08-22,1.5608
2000-08-23,1.5525
2000-08-24,1.5489
2000-08-25,1.5453
2000-08-28,1.5437
2000-08-29,1.5447
2000-08-30,1.5483
2000-08-31,1.5498
2000-09-01,1.55
2000-09-04,1.5532
2000-09-05,1.549
2000-09-06,1.5482
2000-09-07,1.5468
2000-09-08,1.549
2000-09-11,1.5298
2000-09-12,1.5218
2000-09-13,1.5286
2000-09-14,1.5265
2000-09-15,1.5278
2000-09-18,1.5235
2000-09-19,1.52
2000-09-20,1.5123
2000-09-21,1.51
2000-09-22,1.5318
2000-09-25,1.5221
2000-09-26,1.5188
2000-09-27,1.5254
2000-09-28,1.5257
2000-09-29,1.524
2000-10-02,1.5237
2000-10-03,1.517
2000-10-04,1.5155
2000-10-05,1.5228
2000-10-06,1.5252
2000-10-09,1.5213
2000-10-10,1.5191
2000-10-11,1.5109
2000-10-12,1.5115
2000-10-13,1.5067
2000-10-16,1.5122
2000-10-17,1.5123
2000-10-18,1.5086
2000-10-19,1.504
2000-10-20,1.5058
2000-10-23,1.5014
2000-10-24,1.5016
2000-10-25,1.5015
2000-10-26,1.5088
2000-10-27,1.5124
2000-10-30,1.5235
2000-10-31,1.521
2000-11-01,1.5279
2000-11-02,1.5288
2000-11-03,1.53
2000-11-06,1.5252
2000-11-07,1.5214
2000-11-08,1.5198
2000-11-09,1.5209
2000-11-10,1.5233
2000-11-13,1.5215
2000-11-14,1.5194
2000-11-15,1.5228
2000-11-16,1.5272
2000-11-17,1.5244
2000-11-20,1.5291
2000-11-21,1.5216
2000-11-22,1.5204
2000-11-23,1.5191
2000-11-24,1.5205
2000-11-27,1.5152
2000-11-28,1.5148
2000-11-29,1.5134
2000-11-30,1.5095
2000-12-01,1.5134
2000-12-04,1.5166
2000-12-05,1.5095
2000-12-06,1.5116
2000-12-07,1.5152
2000-12-08,1.5128
2000-12-11,1.5091
2000-12-12,1.504
2000-12-13,1.5036
2000-12-14,1.5055
2000-12-15,1.5086
2000-12-18,1.5055
2000-12-19,1.5064
2000-12-20,1.5162
2000-12-21,1.5244
2000-12-22,1.522
2000-12-27,1.5243
2000-12-28,1.5276
2000-12-29,1.5232
2001-01-02,1.5218
2001-01-03,1.522
2001-01-04,1.5217
2001-01-05,1.529
2001-01-08,1.5271
2001-01-09,1.5232
2001-01-10,1.5243
2001-01-11,1.5324
2001-01-12,1.541
2001-01-15,1.5427
2001-01-16,1.5385
2001-01-17,1.5374
2001-01-18,1.5283
2001-01-19,1.5268
2001-01-22,1.534
2001-01-23,1.5316
2001-01-24,1.5323
2001-01-25,1.5247
2001-01-26,1.5278
2001-01-29,1.5228
2001-01-30,1.5204
2001-01-31,1.5302
2001-02-01,1.5327
2001-02-02,1.5377
2001-02-05,1.5383
2001-02-06,1.5385
2001-02-07,1.5392
2001-02-08,1.5312
2001-02-09,1.5348
2001-02-12,1.5369
2001-02-13,1.5372
2001-02-14,1.5355
2001-02-15,1.5315
2001-02-16,1.537
2001-02-19,1.5362
2001-02-20,1.5351
2001-02-21,1.5361
2001-02-22,1.5317
2001-02-23,1.5334
2001-02-26,1.5337
2001-02-27,1.5368
2001-02-28,1.5416
2001-03-01,1.5411
2001-03-02,1.5379
2001-03-05,1.5376
2001-03-06,1.5373
2001-03-07,1.5372
2001-03-08,1.5418
2001-03-09,1.5431
2001-03-12,1.5413
2001-03-13,1.5374
2001-03-14,1.5361
2001-03-15,1.5387
2001-03-16,1.5367
2001-03-19,1.5354
2001-03-20,1.5318
2001-03-21,1.5338
2001-03-22,1.5283
2001-03-23,1.5319
2001-03-26,1.5328
2001-03-27,1.5347
2001-03-28,1.5304
2001-03-29,1.5278
2001-03-30,1.5271
2001-04-02,1.5264
2001-04-03,1.5272
2001-04-04,1.5264
2001-04-05,1.5291
2001-04-06,1.5276
2001-04-09,1.5293
2001-04-10,1.5275
2001-04-11,1.5224
2001-04-12,1.5184
2001-04-17,1.5225
2001-04-18,1.5285
2001-04-19,1.529
2001-04-20,1.5311
2001-04-23,1.5311
2001-04-24,1.5282
2001-04-25,1.532
2001-04-26,1.5334
2001-04-27,1.5378
2001-04-30,1.5366
2001-05-02,1.5416
2001-05-03,1.5419
2001-05-04,1.5434
2001-05-07,1.5432
2001-05-08,1.5419
2001-05-09,1.5401
2001-05-10,1.5404
2001-05-11,1.5353
2001-05-14,1.5327
2001-05-15,1.5319
2001-05-16,1.5329
2001-05-17,1.533
2001-05-18,1.5341
2001-05-21,1.5316
2001-05-22,1.5317
2001-05-23,1.5269
2001-05-24,1.5269
2001-05-25,1.5272
2001-05-28,1.5272
2001-05-29,1.526
2001-05-30,1.5252
2001-05-31,1.5206
2001-06-01,1.5209
2001-06-04,1.5218
2001-06-05,1.5142
2001-06-06,1.5181
2001-06-07,1.5236
2001-06-08,1.5219
2001-06-11,1.5228
2001-06-12,1.5222
2001-06-13,1.528
2001-06-14,1.5254
2001-06-15,1.5255
2001-06-18,1.5292
2001-06-19,1.53
2001-06-20,1.5248
2001-06-21,1.5204
2001-06-22,1.5168
2001-06-25,1.5202
2001-06-26,1.5222
2001-06-27,1.5223
2001-06-28,1.5193
2001-06-29,1.5228
2001-07-02,1.5209
2001-07-03,1.5236
2001-07-04,1.5194
2001-07-05,1.5216
2001-07-06,1.522
2001-07-09,1.5196
2001-07-10,1.5238
2001-07-11,1.5194
2001-07-12,1.5138
2001-07-13,1.5118
2001-07-16,1.5135
2001-07-17,1.5121
2001-07-18,1.504
2001-07-19,1.507
2001-07-20,1.5078
2001-07-23,1.5055
2001-07-24,1.5064
2001-07-25,1.5054
2001-07-26,1.5107
2001-07-27,1.5081
2001-07-30,1.5114
2001-07-31,1.5102
2001-08-01,1.5106
2001-08-02,1.5094
2001-08-03,1.5076
2001-08-06,1.5076
2001-08-07,1.506
2001-08-08,1.5059
2001-08-09,1.5057
2001-08-10,1.5117
2001-08-13,1.5139
2001-08-14,1.5155
2001-08-15,1.5184
2001-08-16,1.5193
2001-08-17,1.5183
2001-08-20,1.5187
2001-08-21,1.5166
2001-08-22,1.5199
2001-08-23,1.5194
2001-08-24,1.5193
2001-08-27,1.5194
2001-08-28,1.5166
2001-08-29,1.5168
2001-08-30,1.5171
2001-08-31,1.5165
2001-09-03,1.5156
2001-09-04,1.5151
2001-09-05,1.5101
2001-09-06,1.5115
2001-09-07,1.5118
2001-09-10,1.5145
2001-09-11,1.5146
2001-09-12,1.503
2001-09-13,1.504
2001-09-14,1.4984
2001-09-17,1.488
2001-09-18,1.4788
2001-09-19,1.4835
2001-09-20,1.4735
2001-09-21,1.4464
2001-09-24,1.4602
2001-09-25,1.46
2001-09-26,1.4795
2001-09-27,1.4811
2001-09-28,1.4761
2001-10-01,1.4799
2001-10-02,1.4803
2001-10-03,1.4844
2001-10-04,1.4856
2001-10-05,1.4874
2001-10-08,1.4762
2001-10-09,1.4814
2001-10-10,1.4826
2001-10-11,1.4852
2001-10-12,1.4825
2001-10-15,1.4776
2001-10-16,1.4809
2001-10-17,1.484
2001-10-18,1.478
2001-10-19,1.4777
2001-10-22,1.4754
2001-10-23,1.4791
2001-10-24,1.4798
2001-10-25,1.4779
2001-10-26,1.4746
2001-10-29,1.4738
2001-10-30,1.4703
2001-10-31,1.4682
2001-11-01,1.4725
2001-11-02,1.4741
2001-11-05,1.4713
2001-11-06,1.4715
2001-11-07,1.4704
2001-11-08,1.4679
2001-11-09,1.4667
2001-11-12,1.4634
2001-11-13,1.4655
2001-11-14,1.4701
2001-11-15,1.4709
2001-11-16,1.4674
2001-11-19,1.4651
2001-11-20,1.458
2001-11-21,1.4573
2001-11-22,1.4594
2001-11-23,1.4617
2001-11-26,1.4663
2001-11-27,1.4641
2001-11-28,1.4586
2001-11-29,1.4635
2001-11-30,1.4724
2001-12-03,1.4732
2001-12-04,1.4726
2001-12-05,1.4747
2001-12-06,1.4741
2001-12-07,1.4787
2001-12-10,1.4806
2001-12-11,1.4792
2001-12-12,1.4739
2001-12-13,1.473
2001-12-14,1.4737
2001-12-17,1.4772
2001-12-18,1.4744
2001-12-19,1.4734
2001-12-20,1.4675
2001-12-21,1.4642
2001-12-24,1.4721
2001-12-27,1.4835
2001-12-28,1.4829
2002-01-02,1.4833
2002-01-03,1.4856
2002-01-04,1.4789
2002-01-07,1.4719
2002-01-08,1.4703
2002-01-09,1.4791
2002-01-10,1.4833
2002-01-11,1.4795
2002-01-14,1.4791
2002-01-15,1.4791
2002-01-16,1.4705
2002-01-17,1.4659
2002-01-18,1.4698
2002-01-21,1.4692
2002-01-22,1.4686
2002-01-23,1.4737
2002-01-24,1.4687
2002-01-25,1.4716
2002-01-28,1.4736
2002-01-29,1.4717
2002-01-30,1.4709
2002-01-31,1.4748
2002-02-01,1.4781
2002-02-04,1.4805
2002-02-05,1.4751
2002-02-06,1.4703
2002-02-07,1.4722
2002-02-08,1.4722
2002-02-11,1.4781
2002-02-12,1.4766
2002-02-13,1.4776
2002-02-14,1.4828
2002-02-15,1.4813
2002-02-18,1.4804
2002-02-19,1.4786
2002-02-20,1.4812
2002-02-21,1.4793
2002-02-22,1.4796
2002-02-25,1.4772
2002-02-26,1.4761
2002-02-27,1.4767
2002-02-28,1.4759
2002-03-01,1.4759
2002-03-04,1.4779
2002-03-05,1.4766
2002-03-06,1.4767
2002-03-07,1.4719
2002-03-08,1.4708
2002-03-11,1.4716
2002-03-12,1.4678
2002-03-13,1.4681
2002-03-14,1.4655
2002-03-15,1.4617
2002-03-18,1.4633
2002-03-19,1.4661
2002-03-20,1.4642
2002-03-21,1.4633
2002-03-22,1.4602
2002-03-25,1.4608
2002-03-26,1.4614
2002-03-27,1.4656
2002-03-28,1.467
2002-04-02,1.4625
2002-04-03,1.4627
2002-04-04,1.4617
2002-04-05,1.4658
2002-04-08,1.4637
2002-04-09,1.4665
2002-04-10,1.4666
2002-04-11,1.4674
2002-04-12,1.4656
2002-04-15,1.4674
2002-04-16,1.4695
2002-04-17,1.4707
2002-04-18,1.4685
2002-04-19,1.4673
2002-04-22,1.4667
2002-04-23,1.4684
2002-04-24,1.4656
2002-04-25,1.4647
2002-04-26,1.4644
2002-04-29,1.4637
2002-04-30,1.4621
2002-05-02,1.4564
2002-05-03,1.4548
2002-05-06,1.4563
2002-05-07,1.4592
2002-05-08,1.4563
2002-05-09,1.4547
2002-05-10,1.4547
2002-05-13,1.4543
2002-05-14,1.4554
2002-05-15,1.4562
2002-05-16,1.4559
2002-05-17,1.4568
2002-05-20,1.4538
2002-05-21,1.4525
2002-05-22,1.4526
2002-05-23,1.4537
2002-05-24,1.458
2002-05-27,1.459
2002-05-28,1.4627
2002-05-29,1.4658
2002-05-30,1.4657
2002-05-31,1.4644
2002-06-03,1.4673
2002-06-04,1.4682
2002-06-05,1.4704
2002-06-06,1.4744
2002-06-07,1.471
2002-06-10,1.4725
2002-06-11,1.4752
2002-06-12,1.4774
2002-06-13,1.4762
2002-06-14,1.4752
2002-06-17,1.4765
2002-06-18,1.4762
2002-06-19,1.474
2002-06-20,1.47
2002-06-21,1.4693
2002-06-24,1.4694
2002-06-25,1.4688
2002-06-26,1.4658
2002-06-27,1.4722
2002-06-28,1.4721
2002-07-01,1.4699
2002-07-02,1.4663
2002-07-03,1.462
2002-07-04,1.4646
2002-07-05,1.4659
2002-07-08,1.4688
2002-07-09,1.4721
2002-07-10,1.4719
2002-07-11,1.4673
2002-07-12,1.4681
2002-07-15,1.4694
2002-07-16,1.4675
2002-07-17,1.466
2002-07-18,1.4642
2002-07-19,1.4635
2002-07-22,1.4559
2002-07-23,1.4549
2002-07-24,1.4517
2002-07-25,1.4494
2002-07-26,1.4502
2002-07-29,1.4529
2002-07-30,1.4579
2002-07-31,1.4546
2002-08-01,1.4505
2002-08-02,1.4504
2002-08-05,1.4543
2002-08-06,1.4546
2002-08-07,1.459
2002-08-08,1.4621
2002-08-09,1.4588
2002-08-12,1.4618
2002-08-13,1.4644
2002-08-14,1.4596
2002-08-15,1.4626
2002-08-16,1.4645
2002-08-19,1.4673
2002-08-20,1.4694
2002-08-21,1.4692
2002-08-22,1.4691
2002-08-23,1.4724
2002-08-26,1.4699
2002-08-27,1.4697
2002-08-28,1.4706
2002-08-29,1.4702
2002-08-30,1.4694
2002-09-02,1.4714
2002-09-03,1.4698
2002-09-04,1.4646
2002-09-05,1.4582
2002-09-06,1.459
2002-09-09,1.4576
2002-09-10,1.4603
2002-09-11,1.4624
2002-09-12,1.4656
2002-09-13,1.4679
2002-09-16,1.4684
2002-09-17,1.4717
2002-09-18,1.469
2002-09-19,1.4678
2002-09-20,1.4662
2002-09-23,1.4636
2002-09-24,1.4626
2002-09-25,1.4645
2002-09-26,1.4644
2002-09-27,1.4666
2002-09-30,1.4611
2002-10-01,1.4574
2002-10-02,1.4604
2002-10-03,1.4597
2002-10-04,1.4618
2002-10-07,1.4621
2002-10-08,1.4671
2002-10-09,1.4666
2002-10-10,1.4626
2002-10-11,1.4636
2002-10-14,1.4622
2002-10-15,1.4672
2002-10-16,1.4681
2002-10-17,1.4669
2002-10-18,1.4682
2002-10-21,1.4693
2002-10-22,1.4693
2002-10-23,1.4662
2002-10-24,1.4675
2002-10-25,1.4663
2002-10-28,1.468
2002-10-29,1.4657
2002-10-30,1.4649
2002-10-31,1.4633
2002-11-01,1.4606
2002-11-04,1.4633
2002-11-05,1.4613
2002-11-06,1.4633
2002-11-07,1.4641
2002-11-08,1.4633
2002-11-11,1.4632
2002-11-12,1.4616
2002-11-13,1.4632
2002-11-14,1.4651
2002-11-15,1.4664
2002-11-18,1.4676
2002-11-19,1.4681
2002-11-20,1.4675
2002-11-21,1.4687
2002-11-22,1.4718
2002-11-25,1.4746
2002-11-26,1.4736
2002-11-27,1.4757
2002-11-28,1.4746
2002-11-29,1.4754
2002-12-02,1.4774
2002-12-03,1.4721
2002-12-04,1.4721
2002-12-05,1.4727
2002-12-06,1.4717
2002-12-09,1.4737
2002-12-10,1.4736
2002-12-11,1.474
2002-12-12,1.4768
2002-12-13,1.4768
2002-12-16,1.477
2002-12-17,1.4732
2002-12-18,1.4663
2002-12-19,1.4635
2002-12-20,1.4619
2002-12-23,1.458
2002-12-24,1.4538
2002-12-27,1.4567
2002-12-30,1.4548
2002-12-31,1.4524
2003-01-02,1.4528
2003-01-03,1.4555
2003-01-06,1.4563
2003-01-07,1.4565
2003-01-08,1.4586
2003-01-09,1.4597
2003-01-10,1.4602
2003-01-13,1.4613
2003-01-14,1.4623
2003-01-15,1.4636
2003-01-16,1.4626
2003-01-17,1.4598
2003-01-20,1.4608
2003-01-21,1.4614
2003-01-22,1.4622
2003-01-23,1.4635
2003-01-24,1.4666
2003-01-27,1.4673
2003-01-28,1.4692
2003-01-29,1.4678
2003-01-30,1.4702
2003-01-31,1.4678
2003-02-03,1.4684
2003-02-04,1.4673
2003-02-05,1.4666
2003-02-06,1.4666
2003-02-07,1.4667
2003-02-10,1.4658
2003-02-11,1.4669
2003-02-12,1.4674
2003-02-13,1.4688
2003-02-14,1.4692
2003-02-17,1.4725
2003-02-18,1.4701
2003-02-19,1.4722
2003-02-20,1.4707
2003-02-21,1.4673
2003-02-24,1.4692
2003-02-25,1.4649
2003-02-26,1.4612
2003-02-27,1.463
2003-02-28,1.4629
2003-03-03,1.4621
2003-03-04,1.4595
2003-03-05,1.459
2003-03-06,1.464
2003-03-07,1.4653
2003-03-10,1.4686
2003-03-11,1.4664
2003-03-12,1.4674
2003-03-13,1.4689
2003-03-14,1.4677
2003-03-17,1.4671
2003-03-18,1.4714
2003-03-19,1.4713
2003-03-20,1.4714
2003-03-21,1.4756
2003-03-24,1.475
2003-03-25,1.472
2003-03-26,1.4739
2003-03-27,1.4793
2003-03-28,1.4766
2003-03-31,1.4764
2003-04-01,1.4768
2003-04-02,1.4827
2003-04-03,1.4854
2003-04-04,1.4865
2003-04-07,1.4873
2003-04-08,1.4859
2003-04-09,1.4878
2003-04-10,1.4948
2003-04-11,1.4974
2003-04-14,1.4966
2003-04-15,1.4999
2003-04-16,1.5021
2003-04-17,1.4998
2003-04-22,1.5058
2003-04-23,1.5068
2003-04-24,1.5055
2003-04-25,1.5021
2003-04-28,1.5039
2003-04-29,1.5075
2003-04-30,1.5131
2003-05-02,1.5104
2003-05-05,1.5134
2003-05-06,1.5144
2003-05-07,1.514
2003-05-08,1.5046
2003-05-09,1.5074
2003-05-12,1.5133
2003-05-13,1.5165
2003-05-14,1.5129
2003-05-15,1.5103
2003-05-16,1.5074
2003-05-19,1.5135
2003-05-20,1.5123
2003-05-21,1.5077
2003-05-22,1.5124
2003-05-23,1.5216
2003-05-26,1.5262
2003-05-27,1.5279
2003-05-28,1.5237
2003-05-29,1.5288
2003-05-30,1.5277
2003-06-02,1.5277
2003-06-03,1.5364
2003-06-04,1.5366
2003-06-05,1.5437
2003-06-06,1.5444
2003-06-09,1.5454
2003-06-10,1.5422
2003-06-11,1.5378
2003-06-12,1.5384
2003-06-13,1.5487
2003-06-16,1.5429
2003-06-17,1.541
2003-06-18,1.5463
2003-06-19,1.5518
2003-06-20,1.5429
2003-06-23,1.5343
2003-06-24,1.5317
2003-06-25,1.5323
2003-06-26,1.5394
2003-06-27,1.5452
2003-06-30,1.5544
2003-07-01,1.5582
2003-07-02,1.5516
2003-07-03,1.5517
2003-07-04,1.55
2003-07-07,1.5546
2003-07-08,1.5516
2003-07-09,1.5432
2003-07-10,1.5489
2003-07-11,1.5485
2003-07-14,1.5514
2003-07-15,1.5515
2003-07-16,1.5457
2003-07-17,1.5359
2003-07-18,1.5366
2003-07-21,1.538
2003-07-22,1.5434
2003-07-23,1.545
2003-07-24,1.5494
2003-07-25,1.5479
2003-07-28,1.5481
2003-07-29,1.5484
2003-07-30,1.5494
2003-07-31,1.5464
2003-08-01,1.5303
2003-08-04,1.5367
2003-08-05,1.5321
2003-08-06,1.5344
2003-08-07,1.5372
2003-08-08,1.5367
2003-08-11,1.5383
2003-08-12,1.5426
2003-08-13,1.5462
2003-08-14,1.5474
2003-08-15,1.5438
2003-08-18,1.5454
2003-08-19,1.5483
2003-08-20,1.543
2003-08-21,1.5424
2003-08-22,1.5422
2003-08-25,1.54
2003-08-26,1.537
2003-08-27,1.5372
2003-08-28,1.5415
2003-08-29,1.5369
2003-09-01,1.537
2003-09-02,1.5359
2003-09-03,1.5318
2003-09-04,1.5379
2003-09-05,1.5405
2003-09-08,1.5383
2003-09-09,1.5437
2003-09-10,1.5501
2003-09-11,1.5532
2003-09-12,1.5561
2003-09-15,1.5574
2003-09-16,1.5575
2003-09-17,1.5493
2003-09-18,1.5583
2003-09-19,1.5597
2003-09-22,1.5535
2003-09-23,1.5533
2003-09-24,1.5533
2003-09-25,1.5495
2003-09-26,1.5433
2003-09-29,1.5425
2003-09-30,1.5404
2003-10-01,1.5396
2003-10-02,1.5411
2003-10-03,1.544
2003-10-06,1.5468
2003-10-07,1.5494
2003-10-08,1.5492
2003-10-09,1.5498
2003-10-10,1.55
2003-10-13,1.5493
2003-10-14,1.5467
2003-10-15,1.5455
2003-10-16,1.5487
2003-10-17,1.5514
2003-10-20,1.5524
2003-10-21,1.5534
2003-10-22,1.5536
2003-10-23,1.5467
2003-10-24,1.5471
2003-10-27,1.5476
2003-10-28,1.5516
2003-10-29,1.5512
2003-10-30,1.5495
2003-10-31,1.5506
2003-11-03,1.5545
2003-11-04,1.563
2003-11-05,1.5652
2003-11-06,1.5662
2003-11-07,1.5702
2003-11-10,1.5729
2003-11-11,1.5689
2003-11-12,1.5668
2003-11-13,1.5717
2003-11-14,1.5668
2003-11-17,1.558
2003-11-18,1.5568
2003-11-19,1.5518
2003-11-20,1.5481
2003-11-21,1.5463
2003-11-24,1.5527
2003-11-25,1.5535
2003-11-26,1.5499
2003-11-27,1.5489
2003-11-28,1.5484
2003-12-01,1.5504
2003-12-02,1.5552
2003-12-03,1.5569
2003-12-04,1.5579
2003-12-05,1.5577
2003-12-08,1.5479
2003-12-09,1.5473
2003-12-10,1.5462
2003-12-11,1.5509
2003-12-12,1.5498
2003-12-15,1.5516
2003-12-16,1.5529
2003-12-17,1.5539
2003-12-18,1.5563
2003-12-19,1.5552
2003-12-22,1.5565
2003-12-23,1.5611
2003-12-24,1.559
2003-12-29,1.5587
2003-12-30,1.5594
2003-12-31,1.5579
2004-01-02,1.5615
2004-01-05,1.5594
2004-01-06,1.5666
2004-01-07,1.5676
2004-01-08,1.5697
2004-01-09,1.5667
2004-01-12,1.565
2004-01-13,1.5623
2004-01-14,1.5601
2004-01-15,1.5626
2004-01-16,1.567
2004-01-19,1.5701
2004-01-20,1.572
2004-01-21,1.5691
2004-01-22,1.5673
2004-01-23,1.5659
2004-01-26,1.5645
2004-01-27,1.5681
2004-01-28,1.5688
2004-01-29,1.5621
2004-01-30,1.5626
2004-02-02,1.5687
2004-02-03,1.5662
2004-02-04,1.5693
2004-02-05,1.5699
2004-02-06,1.5694
2004-02-09,1.5688
2004-02-10,1.569
2004-02-11,1.5738
2004-02-12,1.5765
2004-02-13,1.579
2004-02-16,1.5754
2004-02-17,1.5747
2004-02-18,1.5768
2004-02-19,1.5763
2004-02-20,1.5758
2004-02-23,1.5786
2004-02-24,1.5745
2004-02-25,1.574
2004-02-26,1.574
2004-02-27,1.578
2004-03-01,1.5783
2004-03-02,1.5838
2004-03-03,1.5807
2004-03-04,1.5793
2004-03-05,1.5778
2004-03-08,1.5822
2004-03-09,1.5801
2004-03-10,1.5758
2004-03-11,1.567
2004-03-12,1.5692
2004-03-15,1.5645
2004-03-16,1.5692
2004-03-17,1.567
2004-03-18,1.5625
2004-03-19,1.5587
2004-03-22,1.5574
2004-03-23,1.5524
2004-03-24,1.5533
2004-03-25,1.5505
2004-03-26,1.556
2004-03-29,1.5583
2004-03-30,1.5586
2004-03-31,1.5594
2004-04-01,1.5595
2004-04-02,1.5637
2004-04-05,1.5673
2004-04-06,1.5657
2004-04-07,1.5583
2004-04-08,1.5521
2004-04-13,1.5495
2004-04-14,1.5479
2004-04-15,1.552
2004-04-16,1.5541
2004-04-19,1.5492
2004-04-20,1.5548
2004-04-21,1.5551
2004-04-22,1.5551
2004-04-23,1.5598
2004-04-26,1.5566
2004-04-27,1.5488
2004-04-28,1.5487
2004-04-29,1.5446
2004-04-30,1.5511
2004-05-03,1.5524
2004-05-04,1.5522
2004-05-05,1.5474
2004-05-06,1.5494
2004-05-07,1.5492
2004-05-10,1.5417
2004-05-11,1.5426
2004-05-12,1.5411
2004-05-13,1.5383
2004-05-14,1.54
2004-05-17,1.536
2004-05-18,1.5346
2004-05-19,1.5382
2004-05-20,1.5365
2004-05-21,1.5369
2004-05-24,1.5351
2004-05-25,1.5379
2004-05-26,1.5378
2004-05-27,1.5355
2004-05-28,1.5304
2004-05-31,1.5276
2004-06-01,1.528
2004-06-02,1.5276
2004-06-03,1.526
2004-06-04,1.5273
2004-06-07,1.5242
2004-06-08,1.5229
2004-06-09,1.5197
2004-06-10,1.5126
2004-06-11,1.512
2004-06-14,1.5145
2004-06-15,1.5179
2004-06-16,1.5239
2004-06-17,1.516
2004-06-18,1.5104
2004-06-21,1.5085
2004-06-22,1.5133
2004-06-23,1.5167
2004-06-24,1.513
2004-06-25,1.5146
2004-06-28,1.5211
2004-06-29,1.528
2004-06-30,1.5242
2004-07-01,1.5232
2004-07-02,1.5208
2004-07-05,1.5182
2004-07-06,1.5188
2004-07-07,1.5185
2004-07-08,1.5189
2004-07-09,1.5188
2004-07-12,1.5183
2004-07-13,1.5206
2004-07-14,1.5248
2004-07-15,1.5264
2004-07-16,1.5271
2004-07-19,1.5264
2004-07-20,1.532
2004-07-21,1.5337
2004-07-22,1.5329
2004-07-23,1.5289
2004-07-26,1.5331
2004-07-27,1.5367
2004-07-28,1.536
2004-07-29,1.5393
2004-07-30,1.5414
2004-08-02,1.5361
2004-08-03,1.5413
2004-08-04,1.5394
2004-08-05,1.5383
2004-08-06,1.538
2004-08-09,1.5392
2004-08-10,1.5389
2004-08-11,1.5416
2004-08-12,1.5397
2004-08-13,1.5347
2004-08-16,1.5325
2004-08-17,1.537
2004-08-18,1.535
2004-08-19,1.5349
2004-08-20,1.5398
2004-08-23,1.541
2004-08-24,1.541
2004-08-25,1.5403
2004-08-26,1.5398
2004-08-27,1.5401
2004-08-30,1.5409
2004-08-31,1.5428
2004-09-01,1.5386
2004-09-02,1.5338
2004-09-03,1.534
2004-09-06,1.5337
2004-09-07,1.5325
2004-09-08,1.5379
2004-09-09,1.5384
2004-09-10,1.5401
2004-09-13,1.5417
2004-09-14,1.5439
2004-09-15,1.5417
2004-09-16,1.5457
2004-09-17,1.548
2004-09-20,1.5468
2004-09-21,1.5452
2004-09-22,1.5477
2004-09-23,1.5477
2004-09-24,1.5473
2004-09-27,1.5493
2004-09-28,1.551
2004-09-29,1.5509
2004-09-30,1.5524
2004-10-01,1.5495
2004-10-04,1.552
2004-10-05,1.5532
2004-10-06,1.5543
2004-10-07,1.5535
2004-10-08,1.5529
2004-10-11,1.5496
2004-10-12,1.5489
2004-10-13,1.546
2004-10-14,1.5449
2004-10-15,1.5414
2004-10-18,1.5382
2004-10-19,1.5385
2004-10-20,1.5374
2004-10-21,1.5365
2004-10-22,1.5384
2004-10-25,1.5326
2004-10-26,1.5333
2004-10-27,1.5321
2004-10-28,1.5316
2004-10-29,1.5299
2004-11-01,1.5318
2004-11-02,1.5317
2004-11-03,1.5331
2004-11-04,1.5304
2004-11-05,1.5316
2004-11-08,1.5286
2004-11-09,1.5273
2004-11-10,1.5222
2004-11-11,1.5191
2004-11-12,1.5205
2004-11-15,1.5241
2004-11-16,1.5238
2004-11-17,1.5203
2004-11-18,1.5171
2004-11-19,1.5153
2004-11-22,1.5157
2004-11-23,1.515
2004-11-24,1.5143
2004-11-25,1.5113
2004-11-26,1.5146
2004-11-29,1.517
2004-11-30,1.5114
2004-12-01,1.52
2004-12-02,1.5268
2004-12-03,1.5273
2004-12-06,1.5272
2004-12-07,1.5305
2004-12-08,1.533
2004-12-09,1.5344
2004-12-10,1.5349
2004-12-13,1.5348
2004-12-14,1.5368
2004-12-15,1.5282
2004-12-16,1.532
2004-12-17,1.5367
2004-12-20,1.5382
2004-12-21,1.5403
2004-12-22,1.5436
2004-12-23,1.5443
2004-12-24,1.5458
2004-12-27,1.5484
2004-12-28,1.5441
2004-12-29,1.5426
2004-12-30,1.544
2004-12-31,1.5429
2005-01-03,1.5444
2005-01-04,1.5477
2005-01-05,1.5528
2005-01-06,1.5498
2005-01-07,1.5488
2005-01-10,1.5469
2005-01-11,1.547
2005-01-12,1.5488
2005-01-13,1.5479
2005-01-14,1.5491
2005-01-17,1.545
2005-01-18,1.5433
2005-01-19,1.5416
2005-01-20,1.5414
2005-01-21,1.5491
2005-01-24,1.5441
2005-01-25,1.546
2005-01-26,1.5505
2005-01-27,1.5468
2005-01-28,1.5461
2005-01-31,1.5473
2005-02-01,1.5516
2005-02-02,1.5528
2005-02-03,1.5583
2005-02-04,1.5591
2005-02-07,1.5593
2005-02-08,1.5591
2005-02-09,1.5575
2005-02-10,1.5588
2005-02-11,1.5551
2005-02-14,1.5545
2005-02-15,1.5507
2005-02-16,1.5469
2005-02-17,1.5485
2005-02-18,1.5475
2005-02-21,1.5447
2005-02-22,1.538
2005-02-23,1.5389
2005-02-24,1.5391
2005-02-25,1.5426
2005-02-28,1.5392
2005-03-01,1.5357
2005-03-02,1.5413
2005-03-03,1.5461
2005-03-04,1.5491
2005-03-07,1.5518
2005-03-08,1.5509
2005-03-09,1.5535
2005-03-10,1.5484
2005-03-11,1.55
2005-03-14,1.5516
2005-03-15,1.5503
2005-03-16,1.5462
2005-03-17,1.5471
2005-03-18,1.5495
2005-03-21,1.5516
2005-03-22,1.5523
2005-03-23,1.5557
2005-03-24,1.5538
2005-03-29,1.5522
2005-03-30,1.5513
2005-03-31,1.5486
2005-04-01,1.5527
2005-04-04,1.5535
2005-04-05,1.5541
2005-04-06,1.5508
2005-04-07,1.5497
2005-04-08,1.5505
2005-04-11,1.5489
2005-04-12,1.5494
2005-04-13,1.5499
2005-04-14,1.5547
2005-04-15,1.5532
2005-04-18,1.5476
2005-04-19,1.545
2005-04-20,1.544
2005-04-21,1.5427
2005-04-22,1.5435
2005-04-25,1.5441
2005-04-26,1.5418
2005-04-27,1.5434
2005-04-28,1.5397
2005-04-29,1.5374
2005-05-02,1.5402
2005-05-03,1.5438
2005-05-04,1.541
2005-05-05,1.5457
2005-05-06,1.5485
2005-05-09,1.5476
2005-05-10,1.5467
2005-05-11,1.5443
2005-05-12,1.5461
2005-05-13,1.5449
2005-05-16,1.5445
2005-05-17,1.543
2005-05-18,1.5426
2005-05-19,1.5433
2005-05-20,1.5483
2005-05-23,1.5467
2005-05-24,1.5467
2005-05-25,1.5458
2005-05-26,1.5472
2005-05-27,1.5479
2005-05-30,1.5447
2005-05-31,1.5372
2005-06-01,1.531
2005-06-02,1.5348
2005-06-03,1.5359
2005-06-06,1.5319
2005-06-07,1.5303
2005-06-08,1.5336
2005-06-09,1.5343
2005-06-10,1.5348
2005-06-13,1.5379
2005-06-14,1.5397
2005-06-15,1.5388
2005-06-16,1.5395
2005-06-17,1.5441
2005-06-20,1.5446
2005-06-21,1.5425
2005-06-22,1.5419
2005-06-23,1.5391
2005-06-24,1.5412
2005-06-27,1.5429
2005-06-28,1.5445
2005-06-29,1.5471
2005-06-30,1.5499
2005-07-01,1.5519
2005-07-04,1.5484
2005-07-05,1.5521
2005-07-06,1.5545
2005-07-07,1.5472
2005-07-08,1.553
2005-07-11,1.5554
2005-07-12,1.5563
2005-07-13,1.5588
2005-07-14,1.5581
2005-07-15,1.5594
2005-07-18,1.5601
2005-07-19,1.5634
2005-07-20,1.5632
2005-07-21,1.5603
2005-07-22,1.5635
2005-07-25,1.5635
2005-07-26,1.5603
2005-07-27,1.5618
2005-07-28,1.5625
2005-07-29,1.5607
2005-08-01,1.5591
2005-08-02,1.5566
2005-08-03,1.5585
2005-08-04,1.5571
2005-08-05,1.5593
2005-08-08,1.5595
2005-08-09,1.556
2005-08-10,1.5566
2005-08-11,1.5537
2005-08-12,1.5533
2005-08-15,1.5513
2005-08-16,1.5518
2005-08-17,1.5486
2005-08-18,1.5463
2005-08-19,1.5488
2005-08-22,1.5513
2005-08-23,1.5534
2005-08-24,1.5545
2005-08-25,1.5478
2005-08-26,1.5467
2005-08-29,1.5453
2005-08-30,1.5512
2005-08-31,1.5485
2005-09-01,1.5463
2005-09-02,1.5437
2005-09-05,1.5429
2005-09-06,1.5436
2005-09-07,1.5431
2005-09-08,1.543
2005-09-09,1.5435
2005-09-12,1.5443
2005-09-13,1.5474
2005-09-14,1.5469
2005-09-15,1.5469
2005-09-16,1.551
2005-09-19,1.5511
2005-09-20,1.5524
2005-09-21,1.5519
2005-09-22,1.5534
2005-09-23,1.5557
2005-09-26,1.5566
2005-09-27,1.5578
2005-09-28,1.5556
2005-09-29,1.5578
2005-09-30,1.5561
2005-10-03,1.5537
2005-10-04,1.5508
2005-10-05,1.5506
2005-10-06,1.546
2005-10-07,1.5484
2005-10-10,1.5496
2005-10-11,1.5474
2005-10-12,1.5478
2005-10-13,1.5514
2005-10-14,1.5506
2005-10-17,1.5536
2005-10-18,1.5558
2005-10-19,1.5516
2005-10-20,1.5511
2005-10-21,1.5463
2005-10-24,1.5446
2005-10-25,1.5441
2005-10-26,1.5474
2005-10-27,1.5462
2005-10-28,1.5459
2005-10-31,1.5455
2005-11-01,1.5466
2005-11-02,1.5422
2005-11-03,1.5428
2005-11-04,1.5439
2005-11-07,1.5429
2005-11-08,1.5412
2005-11-09,1.5431
2005-11-10,1.5393
2005-11-11,1.5381
2005-11-14,1.5397
2005-11-15,1.5413
2005-11-16,1.5469
2005-11-17,1.5467
2005-11-18,1.5468
2005-11-21,1.5488
2005-11-22,1.5471
2005-11-23,1.5491
2005-11-24,1.5501
2005-11-25,1.5473
2005-11-28,1.5471
2005-11-29,1.5476
2005-11-30,1.5485
2005-12-01,1.5467
2005-12-02,1.5437
2005-12-05,1.5442
2005-12-06,1.541
2005-12-07,1.5401
2005-12-08,1.5387
2005-12-09,1.5398
2005-12-12,1.5413
2005-12-13,1.5433
2005-12-14,1.5421
2005-12-15,1.542
2005-12-16,1.546
2005-12-19,1.5505
2005-12-20,1.5521
2005-12-21,1.5529
2005-12-22,1.5551
2005-12-23,1.5566
2005-12-27,1.5573
2005-12-28,1.5581
2005-12-29,1.5585
2005-12-30,1.5551
2006-01-02,1.5536
2006-01-03,1.5535
2006-01-04,1.5512
2006-01-05,1.5463
2006-01-06,1.5452
2006-01-09,1.5426
2006-01-10,1.5437
2006-01-11,1.5474
2006-01-12,1.5477
2006-01-13,1.5491
2006-01-16,1.5497
2006-01-17,1.5489
2006-01-18,1.5468
2006-01-19,1.5537
2006-01-20,1.5512
2006-01-23,1.5471
2006-01-24,1.5489
2006-01-25,1.5479
2006-01-26,1.55
2006-01-27,1.5526
2006-01-30,1.5555
2006-01-31,1.5547
2006-02-01,1.5538
2006-02-02,1.5555
2006-02-03,1.5549
2006-02-06,1.5558
2006-02-07,1.5549
2006-02-08,1.5529
2006-02-09,1.5563
2006-02-10,1.5551
2006-02-13,1.5559
2006-02-14,1.5574
2006-02-15,1.5577
2006-02-16,1.5588
2006-02-17,1.5621
2006-02-20,1.5617
2006-02-21,1.5598
2006-02-22,1.5593
2006-02-23,1.5587
2006-02-24,1.5602
2006-02-27,1.5637
2006-02-28,1.5661
2006-03-01,1.5614
2006-03-02,1.5646
2006-03-03,1.5628
2006-03-06,1.5607
2006-03-07,1.5616
2006-03-08,1.5598
2006-03-09,1.5635
2006-03-10,1.5664
2006-03-13,1.5686
2006-03-14,1.5671
2006-03-15,1.5653
2006-03-16,1.5674
2006-03-17,1.5735
2006-03-20,1.5717
2006-03-21,1.5738
2006-03-22,1.5736
2006-03-23,1.577
2006-03-24,1.5763
2006-03-27,1.5733
2006-03-28,1.5715
2006-03-29,1.5742
2006-03-30,1.5746
2006-03-31,1.5801
2006-04-03,1.5802
2006-04-04,1.5804
2006-04-05,1.5791
2006-04-06,1.5793
2006-04-07,1.5757
2006-04-10,1.5756
2006-04-11,1.5776
2006-04-12,1.5727
2006-04-13,1.5705
2006-04-18,1.5645
2006-04-19,1.5688
2006-04-20,1.5723
2006-04-21,1.5755
2006-04-24,1.5712
2006-04-25,1.5733
2006-04-26,1.5776
2006-04-27,1.5814
2006-04-28,1.5713
2006-05-02,1.5622
2006-05-03,1.5623
2006-05-04,1.5616
2006-05-05,1.5615
2006-05-08,1.5581
2006-05-09,1.5582
2006-05-10,1.5591
2006-05-11,1.5592
2006-05-12,1.5496
2006-05-15,1.5509
2006-05-16,1.5525
2006-05-17,1.5518
2006-05-18,1.5493
2006-05-19,1.5561
2006-05-22,1.5509
2006-05-23,1.5517
2006-05-24,1.5509
2006-05-25,1.5558
2006-05-26,1.5589
2006-05-29,1.5617
2006-05-30,1.5585
2006-05-31,1.56
2006-06-01,1.5628
2006-06-02,1.5629
2006-06-05,1.5597
2006-06-06,1.5608
2006-06-07,1.5613
2006-06-08,1.5617
2006-06-09,1.5569
2006-06-12,1.554
2006-06-13,1.5517
2006-06-14,1.5514
2006-06-15,1.5522
2006-06-16,1.5562
2006-06-19,1.5573
2006-06-20,1.5596
2006-06-21,1.5618
2006-06-22,1.5636
2006-06-23,1.5641
2006-06-26,1.5632
2006-06-27,1.5669
2006-06-28,1.5631
2006-06-29,1.5644
2006-06-30,1.5672
2006-07-03,1.5674
2006-07-04,1.5677
2006-07-05,1.5677
2006-07-06,1.5685
2006-07-07,1.569
2006-07-10,1.5672
2006-07-11,1.5665
2006-07-12,1.5658
2006-07-13,1.562
2006-07-14,1.5607
2006-07-17,1.5628
2006-07-18,1.5641
2006-07-19,1.5692
2006-07-20,1.5707
2006-07-21,1.5708
2006-07-24,1.5746
2006-07-25,1.5737
2006-07-26,1.5756
2006-07-27,1.5743
2006-07-28,1.5725
2006-07-31,1.5713
2006-08-01,1.5718
2006-08-02,1.5729
2006-08-03,1.5746
2006-08-04,1.5779
2006-08-07,1.572
2006-08-08,1.5738
2006-08-09,1.5754
2006-08-10,1.5768
2006-08-11,1.5798
2006-08-14,1.5807
2006-08-15,1.5817
2006-08-16,1.5787
2006-08-17,1.5779
2006-08-18,1.5818
2006-08-21,1.5785
2006-08-22,1.5777
2006-08-23,1.5799
2006-08-24,1.5808
2006-08-25,1.5809
2006-08-28,1.5802
2006-08-29,1.5774
2006-08-30,1.5768
2006-08-31,1.5751
2006-09-01,1.5791
2006-09-04,1.5812
2006-09-05,1.5809
2006-09-06,1.5844
2006-09-07,1.5822
2006-09-08,1.5817
2006-09-11,1.5792
2006-09-12,1.5795
2006-09-13,1.5892
2006-09-14,1.5878
2006-09-15,1.5946
2006-09-18,1.5887
2006-09-19,1.5903
2006-09-20,1.5875
2006-09-21,1.5887
2006-09-22,1.5812
2006-09-25,1.5799
2006-09-26,1.5776
2006-09-27,1.5796
2006-09-28,1.5838
2006-09-29,1.5881
2006-10-02,1.5841
2006-10-03,1.5848
2006-10-04,1.5888
2006-10-05,1.5887
2006-10-06,1.5881
2006-10-09,1.589
2006-10-10,1.5909
2006-10-11,1.5932
2006-10-12,1.5932
2006-10-13,1.5932
2006-10-16,1.5918
2006-10-17,1.5895
2006-10-18,1.5897
2006-10-19,1.5897
2006-10-20,1.5867
2006-10-23,1.5904
2006-10-24,1.5918
2006-10-25,1.5916
2006-10-26,1.5924
2006-10-27,1.5911
2006-10-30,1.5882
2006-10-31,1.5887
2006-11-01,1.588
2006-11-02,1.5894
2006-11-03,1.5929
2006-11-06,1.5965
2006-11-07,1.5963
2006-11-08,1.5952
2006-11-09,1.5967
2006-11-10,1.5933
2006-11-13,1.5937
2006-11-14,1.5956
2006-11-15,1.599
2006-11-16,1.5977
2006-11-17,1.6008
2006-11-20,1.5928
2006-11-21,1.5933
2006-11-22,1.5884
2006-11-23,1.5843
2006-11-24,1.5826
2006-11-27,1.5855
2006-11-28,1.5866
2006-11-29,1.5889
2006-11-30,1.5916
2006-12-01,1.5884
2006-12-04,1.5932
2006-12-05,1.5885
2006-12-06,1.5888
2006-12-07,1.5875
2006-12-08,1.5891
2006-12-11,1.5916
2006-12-12,1.5928
2006-12-13,1.5951
2006-12-14,1.5987
2006-12-15,1.5977
2006-12-18,1.5993
2006-12-19,1.6024
2006-12-20,1.6039
2006-12-21,1.6032
2006-12-22,1.6029
2006-12-27,1.6058
2006-12-28,1.6058
2006-12-29,1.6069
2007-01-02,1.6104
2007-01-03,1.6132
2007-01-04,1.6132
2007-01-05,1.6097
2007-01-08,1.6097
2007-01-09,1.6127
2007-01-10,1.6138
2007-01-11,1.6129
2007-01-12,1.6125
2007-01-15,1.6127
2007-01-16,1.6138
2007-01-17,1.6143
2007-01-18,1.6182
2007-01-19,1.6178
2007-01-22,1.6185
2007-01-23,1.6167
2007-01-24,1.6195
2007-01-25,1.6154
2007-01-26,1.6184
2007-01-29,1.6216
2007-01-30,1.6236
2007-01-31,1.6214
2007-02-01,1.6175
2007-02-02,1.6175
2007-02-05,1.617
2007-02-06,1.61
2007-02-07,1.6111
2007-02-08,1.6232
2007-02-09,1.6249
2007-02-12,1.6238
2007-02-13,1.6233
2007-02-14,1.6268
2007-02-15,1.6267
2007-02-16,1.6212
2007-02-19,1.6215
2007-02-20,1.6256
2007-02-21,1.6267
2007-02-22,1.6281
2007-02-23,1.6262
2007-02-26,1.6203
2007-02-27,1.6183
2007-02-28,1.6136
2007-03-01,1.61
2007-03-02,1.6107
2007-03-05,1.6
2007-03-06,1.604
2007-03-07,1.605
2007-03-08,1.6066
2007-03-09,1.6137
2007-03-12,1.6137
2007-03-13,1.6095
2007-03-14,1.607
2007-03-15,1.6088
2007-03-16,1.6059
2007-03-19,1.6107
2007-03-20,1.6123
2007-03-21,1.6153
2007-03-22,1.619
2007-03-23,1.6164
2007-03-26,1.6208
2007-03-27,1.6211
2007-03-28,1.6164
2007-03-29,1.6215
2007-03-30,1.6247
2007-04-02,1.6226
2007-04-03,1.6275
2007-04-04,1.6292
2007-04-05,1.6309
2007-04-10,1.6361
2007-04-11,1.6382
2007-04-12,1.6404
2007-04-13,1.6361
2007-04-16,1.6431
2007-04-17,1.6406
2007-04-18,1.6367
2007-04-19,1.6343
2007-04-20,1.6414
2007-04-23,1.6423
2007-04-24,1.6387
2007-04-25,1.6416
2007-04-26,1.6432
2007-04-27,1.6431
2007-04-30,1.6458
2007-05-02,1.6518
2007-05-03,1.6479
2007-05-04,1.6479
2007-05-07,1.6471
2007-05-08,1.6489
2007-05-09,1.6486
2007-05-10,1.6473
2007-05-11,1.6439
2007-05-14,1.6515
2007-05-15,1.6505
2007-05-16,1.6545
2007-05-17,1.6555
2007-05-18,1.6536
2007-05-21,1.6562
2007-05-22,1.6561
2007-05-23,1.6537
2007-05-24,1.6508
2007-05-25,1.6499
2007-05-28,1.6525
2007-05-29,1.6504
2007-05-30,1.6467
2007-05-31,1.6477
2007-06-01,1.6514
2007-06-04,1.6504
2007-06-05,1.6483
2007-06-06,1.6452
2007-06-07,1.6477
2007-06-08,1.6475
2007-06-11,1.6534
2007-06-12,1.6556
2007-06-13,1.6532
2007-06-14,1.6549
2007-06-15,1.6576
2007-06-18,1.662
2007-06-19,1.6627
2007-06-20,1.6605
2007-06-21,1.6613
2007-06-22,1.6576
2007-06-25,1.6538
2007-06-26,1.6547
2007-06-27,1.652
2007-06-28,1.6544
2007-06-29,1.6553
2007-07-02,1.649
2007-07-03,1.655
2007-07-04,1.6558
2007-07-05,1.6553
2007-07-06,1.6589
2007-07-09,1.6582
2007-07-10,1.6553
2007-07-11,1.6535
2007-07-12,1.6574
2007-07-13,1.6579
2007-07-16,1.6556
2007-07-17,1.6554
2007-07-18,1.6572
2007-07-19,1.6585
2007-07-20,1.662
2007-07-23,1.6633
2007-07-24,1.6645
2007-07-25,1.666
2007-07-26,1.6607
2007-07-27,1.6525
2007-07-30,1.6437
2007-07-31,1.6519
2007-08-01,1.6436
2007-08-02,1.6492
2007-08-03,1.6501
2007-08-06,1.6385
2007-08-07,1.6447
2007-08-08,1.6468
2007-08-09,1.6401
2007-08-10,1.6314
2007-08-13,1.6394
2007-08-14,1.6421
2007-08-15,1.6383
2007-08-16,1.6302
2007-08-17,1.6245
2007-08-20,1.6284
2007-08-21,1.6248
2007-08-22,1.6306
2007-08-23,1.6387
2007-08-24,1.6362
2007-08-27,1.6436
2007-08-28,1.6366
2007-08-29,1.637
2007-08-30,1.6402
2007-08-31,1.6451
2007-09-03,1.6479
2007-09-04,1.6466
2007-09-05,1.6462
2007-09-06,1.6427
2007-09-07,1.6437
2007-09-10,1.6377
2007-09-11,1.6401
2007-09-12,1.6422
2007-09-13,1.6415
2007-09-14,1.6463
2007-09-17,1.6458
2007-09-18,1.6479
2007-09-19,1.6493
2007-09-20,1.6461
2007-09-21,1.6517
2007-09-24,1.654
2007-09-25,1.6488
2007-09-26,1.6527
2007-09-27,1.6577
2007-09-28,1.6601
2007-10-01,1.6603
2007-10-02,1.6646
2007-10-03,1.6633
2007-10-04,1.6626
2007-10-05,1.6623
2007-10-08,1.6679
2007-10-09,1.6669
2007-10-10,1.672
2007-10-11,1.6733
2007-10-12,1.6803
2007-10-15,1.6792
2007-10-16,1.6753
2007-10-17,1.6767
2007-10-18,1.6697
2007-10-19,1.6714
2007-10-22,1.665
2007-10-23,1.6707
2007-10-24,1.6706
2007-10-25,1.6701
2007-10-26,1.6732
2007-10-29,1.6776
2007-10-30,1.6751
2007-10-31,1.6762
2007-11-01,1.6735
2007-11-02,1.673
2007-11-05,1.6687
2007-11-06,1.6658
2007-11-07,1.6589
2007-11-08,1.6601
2007-11-09,1.6483
2007-11-12,1.6403
2007-11-13,1.6436
2007-11-14,1.645
2007-11-15,1.6454
2007-11-16,1.6406
2007-11-19,1.6379
2007-11-20,1.6408
2007-11-21,1.6379
2007-11-22,1.6352
2007-11-23,1.6322
2007-11-26,1.6372
2007-11-27,1.6326
2007-11-28,1.6463
2007-11-29,1.6505
2007-11-30,1.6541
2007-12-03,1.6568
2007-12-04,1.648
2007-12-05,1.6458
2007-12-06,1.6503
2007-12-07,1.655
2007-12-10,1.6557
2007-12-11,1.665
2007-12-12,1.6631
2007-12-13,1.6683
2007-12-14,1.6668
2007-12-17,1.6612
2007-12-18,1.6602
2007-12-19,1.66
2007-12-20,1.6603
2007-12-21,1.6612
2007-12-24,1.6629
2007-12-27,1.6682
2007-12-28,1.6604
2007-12-31,1.6547
2008-01-02,1.6529
2008-01-03,1.6422
2008-01-04,1.6406
2008-01-07,1.6396
2008-01-08,1.6428
2008-01-09,1.6362
2008-01-10,1.6294
2008-01-11,1.6312
2008-01-14,1.6265
2008-01-15,1.6218
2008-01-16,1.6142
2008-01-17,1.6144
2008-01-18,1.6144
2008-01-21,1.5991
2008-01-22,1.599
2008-01-23,1.5879
2008-01-24,1.598
2008-01-25,1.6136
2008-01-28,1.6093
2008-01-29,1.6154
2008-01-30,1.6135
2008-01-31,1.6051
2008-02-01,1.6065
2008-02-04,1.6158
2008-02-05,1.6177
2008-02-06,1.6061
2008-02-07,1.5985
2008-02-08,1.6014
2008-02-11,1.6005
2008-02-12,1.6041
2008-02-13,1.6083
2008-02-14,1.6112
2008-02-15,1.6022
2008-02-18,1.6129
2008-02-19,1.6123
2008-02-20,1.6116
2008-02-21,1.6205
2008-02-22,1.61
2008-02-25,1.6133
2008-02-26,1.6163
2008-02-27,1.6074
2008-02-28,1.6037
2008-02-29,1.5885
2008-03-03,1.5787
2008-03-04,1.5773
2008-03-05,1.5807
2008-03-06,1.5818
2008-03-07,1.5735
2008-03-10,1.5696
2008-03-11,1.579
2008-03-12,1.5817
2008-03-13,1.5727
2008-03-14,1.5741
2008-03-17,1.5519
2008-03-18,1.561
2008-03-19,1.5662
2008-03-20,1.5632
2008-03-25,1.5728
2008-03-26,1.5684
2008-03-27,1.5688
2008-03-28,1.5735
2008-03-31,1.5738
2008-04-01,1.5737
2008-04-02,1.5814
2008-04-03,1.5845
2008-04-04,1.5872
2008-04-07,1.5917
2008-04-08,1.5914
2008-04-09,1.5935
2008-04-10,1.5735
2008-04-11,1.5808
2008-04-14,1.5777
2008-04-15,1.5817
2008-04-16,1.5896
2008-04-17,1.5992
2008-04-18,1.6138
2008-04-21,1.6059
2008-04-22,1.6065
2008-04-23,1.6077
2008-04-24,1.6156
2008-04-25,1.617
2008-04-28,1.6181
2008-04-29,1.6153
2008-04-30,1.6147
2008-05-02,1.6238
2008-05-05,1.6305
2008-05-06,1.6274
2008-05-07,1.63
2008-05-08,1.621
2008-05-09,1.6086
2008-05-12,1.622
2008-05-13,1.6227
2008-05-14,1.631
2008-05-15,1.6341
2008-05-16,1.6342
2008-05-19,1.6308
2008-05-20,1.6294
2008-05-21,1.6228
2008-05-22,1.6194
2008-05-23,1.6175
2008-05-26,1.6156
2008-05-27,1.6159
2008-05-28,1.6255
2008-05-29,1.6291
2008-05-30,1.6276
2008-06-02,1.6182
2008-06-03,1.611
2008-06-04,1.6037
2008-06-05,1.6147
2008-06-06,1.6184
2008-06-09,1.6103
2008-06-10,1.608
2008-06-11,1.6117
2008-06-12,1.6112
2008-06-13,1.6113
2008-06-16,1.6129
2008-06-17,1.6169
2008-06-18,1.616
2008-06-19,1.6196
2008-06-20,1.6165
2008-06-23,1.6223
2008-06-24,1.6185
2008-06-25,1.6218
2008-06-26,1.6184
2008-06-27,1.6053
2008-06-30,1.6056
2008-07-01,1.6055
2008-07-02,1.6135
2008-07-03,1.6097
2008-07-04,1.6085
2008-07-07,1.6149
2008-07-08,1.6098
2008-07-09,1.6225
2008-07-10,1.6223
2008-07-11,1.6197
2008-07-14,1.6232
2008-07-15,1.6065
2008-07-16,1.604
2008-07-17,1.6145
2008-07-18,1.6207
2008-07-21,1.622
2008-07-22,1.6174
2008-07-23,1.6287
2008-07-24,1.6273
2008-07-25,1.6268
2008-07-28,1.6285
2008-07-29,1.63
2008-07-30,1.6315
2008-07-31,1.6354
2008-08-01,1.6324
2008-08-04,1.6346
2008-08-05,1.6312
2008-08-06,1.6291
2008-08-07,1.6322
2008-08-08,1.6238
2008-08-11,1.6202
2008-08-12,1.6215
2008-08-13,1.6211
2008-08-14,1.6219
2008-08-15,1.6158
2008-08-18,1.617
2008-08-19,1.6109
2008-08-20,1.6177
2008-08-21,1.6172
2008-08-22,1.6228
2008-08-25,1.6214
2008-08-26,1.6138
2008-08-27,1.6132
2008-08-28,1.6108
2008-08-29,1.6164
2008-09-01,1.6064
2008-09-02,1.6096
2008-09-03,1.605
2008-09-04,1.6035
2008-09-05,1.5888
2008-09-08,1.6052
2008-09-09,1.5995
2008-09-10,1.5928
2008-09-11,1.5857
2008-09-12,1.5998
2008-09-15,1.5903
2008-09-16,1.5823
2008-09-17,1.5921
2008-09-18,1.5838
2008-09-19,1.5975
2008-09-22,1.5988
2008-09-23,1.5926
2008-09-24,1.5951
2008-09-25,1.5944
2008-09-26,1.5879
2008-09-29,1.5845
2008-09-30,1.5774
2008-10-01,1.5818
2008-10-02,1.5732
2008-10-03,1.5654
2008-10-06,1.5534
2008-10-07,1.5526
2008-10-08,1.5541
2008-10-09,1.5462
2008-10-10,1.5175
2008-10-13,1.5416
2008-10-14,1.5526
2008-10-15,1.5425
2008-10-16,1.5294
2008-10-17,1.5213
2008-10-20,1.5299
2008-10-21,1.5224
2008-10-22,1.4991
2008-10-23,1.4928
2008-10-24,1.4566
2008-10-27,1.4438
2008-10-28,1.452
2008-10-29,1.4695
2008-10-30,1.48
2008-10-31,1.4686
2008-11-03,1.4832
2008-11-04,1.4943
2008-11-05,1.5051
2008-11-06,1.4988
2008-11-07,1.4983
2008-11-10,1.5133
2008-11-11,1.4978
2008-11-12,1.4868
2008-11-13,1.4917
2008-11-14,1.51
2008-11-17,1.515
2008-11-18,1.5166
2008-11-19,1.5228
2008-11-20,1.529
2008-11-21,1.5369
2008-11-24,1.5437
2008-11-25,1.544
2008-11-26,1.5456
2008-11-27,1.545
2008-11-28,1.5455
2008-12-01,1.5262
2008-12-02,1.5311
2008-12-03,1.5332
2008-12-04,1.5335
2008-12-05,1.538
2008-12-08,1.559
2008-12-09,1.5593
2008-12-10,1.5587
2008-12-11,1.5737
2008-12-12,1.5746
2008-12-15,1.5789
2008-12-16,1.5814
2008-12-17,1.564
2008-12-18,1.5368
2008-12-19,1.5448
2008-12-22,1.5367
2008-12-23,1.5175
2008-12-24,1.5043
2008-12-29,1.4931
2008-12-30,1.4963
2008-12-31,1.485
2009-01-02,1.4874
2009-01-05,1.506
2009-01-06,1.5018
2009-01-07,1.5006
2009-01-08,1.4941
2009-01-09,1.4998
2009-01-12,1.5005
2009-01-13,1.4858
2009-01-14,1.4761
2009-01-15,1.4725
2009-01-16,1.4863
2009-01-19,1.4812
2009-01-20,1.4807
2009-01-21,1.4764
2009-01-22,1.5036
2009-01-23,1.4955
2009-01-26,1.5031
2009-01-27,1.5017
2009-01-28,1.5163
2009-01-29,1.5063
2009-01-30,1.4871
2009-02-02,1.4872
2009-02-03,1.4898
2009-02-04,1.4896
2009-02-05,1.4919
2009-02-06,1.5012
2009-02-09,1.506
2009-02-10,1.5061
2009-02-11,1.4972
2009-02-12,1.4885
2009-02-13,1.4931
2009-02-16,1.4883
2009-02-17,1.4813
2009-02-18,1.4792
2009-02-19,1.4922
2009-02-20,1.4921
2009-02-23,1.4908
2009-02-24,1.4805
2009-02-25,1.4848
2009-02-26,1.4848
2009-02-27,1.4841
2009-03-02,1.4809
2009-03-03,1.4826
2009-03-04,1.4782
2009-03-05,1.4765
2009-03-06,1.4637
2009-03-09,1.4669
2009-03-10,1.4667
2009-03-11,1.4772
2009-03-12,1.5225
2009-03-13,1.536
2009-03-16,1.5421
2009-03-17,1.5327
2009-03-18,1.5332
2009-03-19,1.5385
2009-03-20,1.5291
2009-03-23,1.5301
2009-03-24,1.5267
2009-03-25,1.523
2009-03-26,1.5266
2009-03-27,1.5189
2009-03-30,1.5159
2009-03-31,1.5152
2009-04-01,1.5106
2009-04-02,1.526
2009-04-03,1.5236
2009-04-06,1.5247
2009-04-07,1.5169
2009-04-08,1.517
2009-04-09,1.526
2009-04-14,1.5151
2009-04-15,1.51
2009-04-16,1.5127
2009-04-17,1.5218
2009-04-20,1.5174
2009-04-21,1.5114
2009-04-22,1.5121
2009-04-23,1.513
2009-04-24,1.5102
2009-04-27,1.5078
2009-04-28,1.5038
2009-04-29,1.5064
2009-04-30,1.5066
2009-05-04,1.5093
2009-05-05,1.5113
2009-05-06,1.5089
2009-05-07,1.5166
2009-05-08,1.5142
2009-05-11,1.5057
2009-05-12,1.5088
2009-05-13,1.5054
2009-05-14,1.5053
2009-05-15,1.5023
2009-05-18,1.5115
2009-05-19,1.5146
2009-05-20,1.5124
2009-05-21,1.5174
2009-05-22,1.5217
2009-05-25,1.5178
2009-05-26,1.5144
2009-05-27,1.5135
2009-05-28,1.5117
2009-05-29,1.5128
2009-06-01,1.514
2009-06-02,1.5137
2009-06-03,1.5175
2009-06-04,1.5126
2009-06-05,1.5191
2009-06-08,1.5166
2009-06-09,1.5158
2009-06-10,1.5158
2009-06-11,1.512
2009-06-12,1.5099
2009-06-15,1.511
2009-06-16,1.507
2009-06-17,1.5096
2009-06-18,1.5013
2009-06-19,1.5102
2009-06-22,1.5074
2009-06-23,1.5031
2009-06-24,1.5183
2009-06-25,1.5311
2009-06-26,1.5275
2009-06-29,1.526
2009-06-30,1.5265
2009-07-01,1.5241
2009-07-02,1.5235
2009-07-03,1.5228
2009-07-06,1.5198
2009-07-07,1.5181
2009-07-08,1.5162
2009-07-09,1.5119
2009-07-10,1.514
2009-07-13,1.5133
2009-07-14,1.5159
2009-07-15,1.5179
2009-07-16,1.5154
2009-07-17,1.5193
2009-07-20,1.5198
2009-07-21,1.5186
2009-07-22,1.5164
2009-07-23,1.5203
2009-07-24,1.5217
2009-07-27,1.5237
2009-07-28,1.5224
2009-07-29,1.5268
2009-07-30,1.5314
2009-07-31,1.5317
2009-08-03,1.5246
2009-08-04,1.5286
2009-08-05,1.5316
2009-08-06,1.529
2009-08-07,1.5288
2009-08-10,1.5345
2009-08-11,1.5301
2009-08-12,1.5276
2009-08-13,1.5328
2009-08-14,1.5267
2009-08-17,1.5212
2009-08-18,1.5207
2009-08-19,1.5152
2009-08-20,1.5169
2009-08-21,1.516
2009-08-24,1.5184
2009-08-25,1.5171
2009-08-26,1.5189
2009-08-27,1.5234
2009-08-28,1.517
2009-08-31,1.5168
2009-09-01,1.5153
2009-09-02,1.5167
2009-09-03,1.5143
2009-09-04,1.5157
2009-09-07,1.5181
2009-09-08,1.5159
2009-09-09,1.5173
2009-09-10,1.5151
2009-09-11,1.5137
2009-09-14,1.5133
2009-09-15,1.5162
2009-09-16,1.5196
2009-09-17,1.5187
2009-09-18,1.5146
2009-09-21,1.5182
2009-09-22,1.5149
2009-09-23,1.5123
2009-09-24,1.5117
2009-09-25,1.5118
2009-09-28,1.5114
2009-09-29,1.5124
2009-09-30,1.5078
2009-10-01,1.5165
2009-10-02,1.5107
2009-10-05,1.5102
2009-10-06,1.5118
2009-10-07,1.515
2009-10-08,1.5166
2009-10-09,1.5187
2009-10-12,1.5175
2009-10-13,1.517
2009-10-14,1.5166
2009-10-15,1.5132
2009-10-16,1.518
2009-10-19,1.5138
2009-10-20,1.5121
2009-10-21,1.5112
2009-10-22,1.5105
2009-10-23,1.5132
2009-10-26,1.5131
2009-10-27,1.5145
2009-10-28,1.5109
2009-10-29,1.5109
2009-10-30,1.5123
2009-11-02,1.5093
2009-11-03,1.5121
2009-11-04,1.5113
2009-11-05,1.5114
2009-11-06,1.5115
2009-11-09,1.5103
2009-11-10,1.5115
2009-11-11,1.5104
2009-11-12,1.5106
2009-11-13,1.5098
2009-11-16,1.5093
2009-11-17,1.5111
2009-11-18,1.5112
2009-11-19,1.5131
2009-11-20,1.5126
2009-11-23,1.5108
2009-11-24,1.511
2009-11-25,1.5095
2009-11-26,1.5098
2009-11-27,1.5064
2009-11-30,1.5071
2009-12-01,1.5079
2009-12-02,1.5072
2009-12-03,1.5083
2009-12-04,1.5063
2009-12-07,1.5123
2009-12-08,1.5111
2009-12-09,1.5114
2009-12-10,1.5113
2009-12-11,1.5125
2009-12-14,1.5122
2009-12-15,1.5123
2009-12-16,1.5126
2009-12-17,1.5053
2009-12-18,1.4958
2009-12-21,1.4938
2009-12-22,1.4987
2009-12-23,1.4895
2009-12-24,1.4882
2009-12-28,1.4888
2009-12-29,1.4882
2009-12-30,1.4878
2009-12-31,1.4836
2010-01-04,1.4873
2010-01-05,1.4856
2010-01-06,1.4823
2010-01-07,1.4832
2010-01-08,1.4815
2010-01-11,1.4755
2010-01-12,1.4743
2010-01-13,1.4788
2010-01-14,1.4804
2010-01-15,1.4756
2010-01-18,1.4745
2010-01-19,1.476
2010-01-20,1.4763
2010-01-21,1.4723
2010-01-22,1.4708
2010-01-25,1.4728
2010-01-26,1.4723
2010-01-27,1.4721
2010-01-28,1.4725
2010-01-29,1.4662
2010-02-01,1.4725
2010-02-02,1.4733
2010-02-03,1.4738
2010-02-04,1.469
2010-02-05,1.4682
2010-02-08,1.4659
2010-02-09,1.4672
2010-02-10,1.4658
2010-02-11,1.4663
2010-02-12,1.465
2010-02-15,1.4661
2010-02-16,1.4678
2010-02-17,1.4679
2010-02-18,1.4651
2010-02-19,1.4658
2010-02-22,1.4649
2010-02-23,1.4667
2010-02-24,1.4641
2010-02-25,1.4633
2010-02-26,1.4638
2010-03-01,1.4644
2010-03-02,1.4628
2010-03-03,1.4629
2010-03-04,1.4632
2010-03-05,1.4632
2010-03-08,1.4628
2010-03-09,1.4626
2010-03-10,1.4618
2010-03-11,1.4622
2010-03-12,1.4597
2010-03-15,1.4527
2010-03-16,1.4516
2010-03-17,1.4511
2010-03-18,1.4474
2010-03-19,1.4374
2010-03-22,1.4348
2010-03-23,1.4321
2010-03-24,1.4282
2010-03-25,1.428
2010-03-26,1.4286
2010-03-29,1.4329
2010-03-30,1.4316
2010-03-31,1.4276
2010-04-01,1.4179
2010-04-06,1.4325
2010-04-07,1.4321
2010-04-08,1.4324
2010-04-09,1.4364
2010-04-12,1.4393
2010-04-13,1.437
2010-04-14,1.4368
2010-04-15,1.4343
2010-04-16,1.4338
2010-04-19,1.4345
2010-04-20,1.4334
2010-04-21,1.4329
2010-04-22,1.4325
2010-04-23,1.4355
2010-04-26,1.4341
2010-04-27,1.4353
2010-04-28,1.4341
2010-04-29,1.4348
2010-04-30,1.4341
2010-05-03,1.4328
2010-05-04,1.4325
2010-05-05,1.4325
2010-05-06,1.4132
2010-05-07,1.4144
2010-05-10,1.4248
2010-05-11,1.4095
2010-05-12,1.4062
2010-05-13,1.4011
2010-05-14,1.402
2010-05-17,1.4014
2010-05-18,1.4028
2010-05-19,1.4043
2010-05-20,1.4179
2010-05-21,1.4408
2010-05-24,1.4339
2010-05-25,1.4244
2010-05-26,1.4206
2010-05-27,1.4164
2010-05-28,1.4258
2010-05-31,1.423
2010-06-01,1.4183
2010-06-02,1.4148
2010-06-03,1.4149
2010-06-04,1.3951
2010-06-07,1.3911
2010-06-08,1.3793
2010-06-09,1.3762
2010-06-10,1.3788
2010-06-11,1.3893
2010-06-14,1.391
2010-06-15,1.3998
2010-06-16,1.3888
2010-06-17,1.3778
2010-06-18,1.3745
2010-06-21,1.3738
2010-06-22,1.3622
2010-06-23,1.3611
2010-06-24,1.3555
2010-06-25,1.3533
2010-06-28,1.3387
2010-06-29,1.3258
2010-06-30,1.3283
2010-07-01,1.3178
2010-07-02,1.3376
2010-07-05,1.3325
2010-07-06,1.3373
2010-07-07,1.3312
2010-07-08,1.3321
2010-07-09,1.3331
2010-07-12,1.3349
2010-07-13,1.3337
2010-07-14,1.3428
2010-07-15,1.342
2010-07-16,1.3543
2010-07-19,1.364
2010-07-20,1.3537
2010-07-21,1.344
2010-07-22,1.3418
2010-07-23,1.3488
2010-07-26,1.3574
2010-07-27,1.3775
2010-07-28,1.376
2010-07-29,1.366
2010-07-30,1.3541
2010-08-02,1.366
2010-08-03,1.3712
2010-08-04,1.373
2010-08-05,1.382
2010-08-06,1.383
2010-08-09,1.3771
2010-08-10,1.3895
2010-08-11,1.3695
2010-08-12,1.3492
2010-08-13,1.3488
2010-08-16,1.335
2010-08-17,1.3411
2010-08-18,1.3423
2010-08-19,1.3331
2010-08-20,1.3151
2010-08-23,1.316
2010-08-24,1.3156
2010-08-25,1.2994
2010-08-26,1.3027
2010-08-27,1.3004
2010-08-30,1.3055
2010-08-31,1.2935
2010-09-01,1.2967
2010-09-02,1.2953
2010-09-03,1.3043
2010-09-06,1.307
2010-09-07,1.2903
2010-09-08,1.2837
2010-09-09,1.2859
2010-09-10,1.302
2010-09-13,1.2991
2010-09-14,1.2911
2010-09-15,1.3019
2010-09-16,1.3225
2010-09-17,1.321
2010-09-20,1.316
2010-09-21,1.3156
2010-09-22,1.3217
2010-09-23,1.3138
2010-09-24,1.3163
2010-09-27,1.3257
2010-09-28,1.3272
2010-09-29,1.3295
2010-09-30,1.3287
2010-10-01,1.3423
2010-10-04,1.3327
2010-10-05,1.3348
2010-10-06,1.3361
2010-10-07,1.3415
2010-10-08,1.342
2010-10-11,1.3412
2010-10-12,1.3298
2010-10-13,1.3352
2010-10-14,1.3386
2010-10-15,1.3423
2010-10-18,1.3359
2010-10-19,1.3405
2010-10-20,1.3355
2010-10-21,1.3493
2010-10-22,1.3533
2010-10-25,1.3618
2010-10-26,1.3558
2010-10-27,1.3639
2010-10-28,1.3668
2010-10-29,1.3708
2010-11-01,1.3756
2010-11-02,1.3766
2010-11-03,1.3761
2010-11-04,1.3782
2010-11-05,1.3546
2010-11-08,1.3435
2010-11-09,1.342
2010-11-10,1.3402
2010-11-11,1.3282
2010-11-12,1.3357
2010-11-15,1.3428
2010-11-16,1.3408
2010-11-17,1.3426
2010-11-18,1.3475
2010-11-19,1.3607
2010-11-22,1.3505
2010-11-23,1.3338
2010-11-24,1.3276
2010-11-25,1.3326
2010-11-26,1.3252
2010-11-29,1.3186
2010-11-30,1.299
2010-12-01,1.3178
2010-12-02,1.316
2010-12-03,1.3143
2010-12-06,1.3084
2010-12-07,1.3062
2010-12-08,1.306
2010-12-09,1.306
2010-12-10,1.2998
2010-12-13,1.2987
2010-12-14,1.2916
2010-12-15,1.2826
2010-12-16,1.2849
2010-12-17,1.2738
2010-12-20,1.2698
2010-12-21,1.2613
2010-12-22,1.2502
2010-12-23,1.2553
2010-12-24,1.2618
2010-12-27,1.2626
2010-12-28,1.2513
2010-12-29,1.2483
2010-12-30,1.2475
2010-12-31,1.2504
2011-01-03,1.2465
2011-01-04,1.2669
2011-01-05,1.2617
2011-01-06,1.2677
2011-01-07,1.2512
2011-01-10,1.2459
2011-01-11,1.2538
2011-01-12,1.2622
2011-01-13,1.2823
2011-01-14,1.2915
2011-01-17,1.2854
2011-01-18,1.2812
2011-01-19,1.2964
2011-01-20,1.2873
2011-01-21,1.3013
2011-01-24,1.2989
2011-01-25,1.2871
2011-01-26,1.2922
2011-01-27,1.294
2011-01-28,1.2942
2011-01-31,1.2891
2011-02-01,1.2954
2011-02-02,1.2922
2011-02-03,1.2987
2011-02-04,1.2954
2011-02-07,1.2953
2011-02-08,1.303
2011-02-09,1.3152
2011-02-10,1.3105
2011-02-11,1.3163
2011-02-14,1.3065
2011-02-15,1.3124
2011-02-16,1.3073
2011-02-17,1.2973
2011-02-18,1.2973
2011-02-21,1.296
2011-02-22,1.2844
2011-02-23,1.2853
2011-02-24,1.2748
2011-02-25,1.2799
2011-02-28,1.284
2011-03-01,1.2849
2011-03-02,1.2799
2011-03-03,1.2844
2011-03-04,1.3
2011-03-07,1.296
2011-03-08,1.2949
2011-03-09,1.292
2011-03-10,1.2914
2011-03-11,1.2842
2011-03-14,1.2941
2011-03-15,1.2756
2011-03-16,1.2755
2011-03-17,1.2625
2011-03-18,1.2758
2011-03-21,1.2836
2011-03-22,1.2843
2011-03-23,1.2746
2011-03-24,1.2817
2011-03-25,1.2915
2011-03-28,1.2908
2011-03-29,1.2957
2011-03-30,1.2993
2011-03-31,1.3005
2011-04-01,1.3059
2011-04-04,1.313
2011-04-05,1.3091
2011-04-06,1.3097
2011-04-07,1.3118
2011-04-08,1.3163
2011-04-11,1.3129
2011-04-12,1.3017
2011-04-13,1.2995
2011-04-14,1.2879
2011-04-15,1.2897
2011-04-18,1.2821
2011-04-19,1.2842
2011-04-20,1.2944
2011-04-21,1.2851
2011-04-26,1.283
2011-04-27,1.2886
2011-04-28,1.2954
2011-04-29,1.2867
2011-05-02,1.2856
2011-05-03,1.278
2011-05-04,1.2826
2011-05-05,1.273
2011-05-06,1.2668
2011-05-09,1.2617
2011-05-10,1.2602
2011-05-11,1.2661
2011-05-12,1.2584
2011-05-13,1.2667
2011-05-16,1.2542
2011-05-17,1.2553
2011-05-18,1.2545
2011-05-19,1.2616
2011-05-20,1.2477
2011-05-23,1.238
2011-05-24,1.2405
2011-05-25,1.2324
2011-05-26,1.2343
2011-05-27,1.2221
2011-05-30,1.2147
2011-05-31,1.2275
2011-06-01,1.2182
2011-06-02,1.2167
2011-06-03,1.2197
2011-06-06,1.2235
2011-06-07,1.2237
2011-06-08,1.2224
2011-06-09,1.2242
2011-06-10,1.219
2011-06-13,1.2023
2011-06-14,1.2116
2011-06-15,1.2164
2011-06-16,1.1958
2011-06-17,1.2103
2011-06-20,1.2039
2011-06-21,1.2127
2011-06-22,1.2109
2011-06-23,1.1963
2011-06-24,1.1902
2011-06-27,1.1849
2011-06-28,1.1884
2011-06-29,1.2036
2011-06-30,1.2071
2011-07-01,1.2267
2011-07-04,1.2324
2011-07-05,1.2213
2011-07-06,1.2059
2011-07-07,1.205
2011-07-08,1.2102
2011-07-11,1.1715
2011-07-12,1.165
2011-07-13,1.1695
2011-07-14,1.1575
2011-07-15,1.1577
2011-07-18,1.1485
2011-07-19,1.1607
2011-07-20,1.1652
2011-07-21,1.169
2011-07-22,1.1789
2011-07-25,1.1563
2011-07-26,1.163
2011-07-27,1.1586
2011-07-28,1.1437
2011-07-29,1.1418
2011-08-01,1.127
2011-08-02,1.1049
2011-08-03,1.1022
2011-08-04,1.1012
2011-08-05,1.0847
2011-08-08,1.0849
2011-08-09,1.0594
2011-08-10,1.0451
2011-08-11,1.0499
2011-08-12,1.0984
2011-08-15,1.1334
2011-08-16,1.1195
2011-08-17,1.1402
2011-08-18,1.141
2011-08-19,1.134
2011-08-22,1.1341
2011-08-23,1.141
2011-08-24,1.1403
2011-08-25,1.1466
2011-08-26,1.1458
2011-08-29,1.1824
2011-08-30,1.1835
2011-08-31,1.167
2011-09-01,1.1417
2011-09-02,1.1132
2011-09-05,1.1111
2011-09-06,1.2036
2011-09-07,1.2052
2011-09-08,1.2135
2011-09-09,1.2165
2011-09-12,1.2055
2011-09-13,1.2037
2011-09-14,1.2033
2011-09-15,1.2062
2011-09-16,1.2058
2011-09-19,1.2061
2011-09-20,1.2064
2011-09-21,1.2208
2011-09-22,1.2275
2011-09-23,1.2195
2011-09-26,1.2206
2011-09-27,1.2232
2011-09-28,1.2205
2011-09-29,1.2207
2011-09-30,1.217
2011-10-03,1.214
2011-10-04,1.2169
2011-10-05,1.2265
2011-10-06,1.2316
2011-10-07,1.2365
2011-10-10,1.2326
2011-10-11,1.238
2011-10-12,1.2367
2011-10-13,1.2335
2011-10-14,1.2388
2011-10-17,1.2365
2011-10-18,1.2348
2011-10-19,1.2428
2011-10-20,1.2362
2011-10-21,1.2307
2011-10-24,1.228
2011-10-25,1.2253
2011-10-26,1.2193
2011-10-27,1.2213
2011-10-28,1.2211
2011-10-31,1.2191
2011-11-01,1.2174
2011-11-02,1.2166
2011-11-03,1.2156
2011-11-04,1.2217
2011-11-07,1.2342
2011-11-08,1.2382
2011-11-09,1.2322
2011-11-10,1.2315
2011-11-11,1.236
2011-11-14,1.2368
2011-11-15,1.2405
2011-11-16,1.2384
2011-11-17,1.2387
2011-11-18,1.2378
2011-11-21,1.2375
2011-11-22,1.235
2011-11-23,1.2305
2011-11-24,1.2268
2011-11-25,1.2253
2011-11-28,1.2309
2011-11-29,1.2282
2011-11-30,1.2265
2011-12-01,1.2264
2011-12-02,1.2343
2011-12-05,1.2379
2011-12-06,1.2388
2011-12-07,1.2413
2011-12-08,1.2373
2011-12-09,1.2332
2011-12-12,1.2349
2011-12-13,1.2345
2011-12-14,1.2317
2011-12-15,1.2261
2011-12-16,1.2249
2011-12-19,1.219
2011-12-20,1.2192
2011-12-21,1.219
2011-12-22,1.2232
2011-12-23,1.2221
2011-12-27,1.221
2011-12-28,1.2196
2011-12-29,1.2186
2011-12-30,1.2156
2012-01-02,1.2155
2012-01-03,1.2183
2012-01-04,1.2196
2012-01-05,1.2187
2012-01-06,1.2177
2012-01-09,1.2139
2012-01-10,1.2136
2012-01-11,1.212
2012-01-12,1.2112
2012-01-13,1.21
2012-01-16,1.2093
2012-01-17,1.209
2012-01-18,1.2088
2012-01-19,1.2076
2012-01-20,1.2077
2012-01-23,1.2061
2012-01-24,1.2065
2012-01-25,1.2075
2012-01-26,1.2071
2012-01-27,1.2078
2012-01-30,1.2046
2012-01-31,1.2048
2012-02-01,1.2048
2012-02-02,1.2048
2012-02-03,1.205
2012-02-06,1.2067
2012-02-07,1.2087
2012-02-08,1.2114
2012-02-09,1.2103
2012-02-10,1.2098
2012-02-13,1.209
2012-02-14,1.2075
2012-02-15,1.2073
2012-02-16,1.2072
2012-02-17,1.2083
2012-02-20,1.2075
2012-02-21,1.2073
2012-02-22,1.2072
2012-02-23,1.2053
2012-02-24,1.2048
2012-02-27,1.2052
2012-02-28,1.205
2012-02-29,1.2051
2012-03-01,1.2052
2012-03-02,1.2062
2012-03-05,1.2061
2012-03-06,1.2055
2012-03-07,1.2052
2012-03-08,1.205
2012-03-09,1.2053
2012-03-12,1.2056
2012-03-13,1.206
2012-03-14,1.211
2012-03-15,1.2096
2012-03-16,1.207
2012-03-19,1.2067
2012-03-20,1.2059
2012-03-21,1.2058
2012-03-22,1.2055
2012-03-23,1.2054
2012-03-26,1.2054
2012-03-27,1.2056
2012-03-28,1.2063
2012-03-29,1.2051
2012-03-30,1.2045
2012-04-02,1.2044
2012-04-03,1.2035
2012-04-04,1.2038
2012-04-05,1.2025
2012-04-10,1.2027
2012-04-11,1.2011
2012-04-12,1.2027
2012-04-13,1.2017
2012-04-16,1.2025
2012-04-17,1.2018
2012-04-18,1.2032
2012-04-19,1.2021
2012-04-20,1.2017
2012-04-23,1.2018
2012-04-24,1.2021
2012-04-25,1.2018
2012-04-26,1.2016
2012-04-27,1.2014
2012-04-30,1.2018
2012-05-02,1.2018
2012-05-03,1.2014
2012-05-04,1.2014
2012-05-07,1.2012
2012-05-08,1.2014
2012-05-09,1.201
2012-05-10,1.2013
2012-05-11,1.2012
2012-05-14,1.201
2012-05-15,1.201
2012-05-16,1.2011
2012-05-17,1.2011
2012-05-18,1.2012
2012-05-21,1.2011
2012-05-22,1.2011
2012-05-23,1.2011
2012-05-24,1.201
2012-05-25,1.2014
2012-05-28,1.2019
2012-05-29,1.2015
2012-05-30,1.201
2012-05-31,1.201
2012-06-01,1.2008
2012-06-04,1.2009
2012-06-05,1.201
2012-06-06,1.2008
2012-06-07,1.2011
2012-06-08,1.2012
2012-06-11,1.201
2012-06-12,1.2012
2012-06-13,1.2009
2012-06-14,1.2008
2012-06-15,1.201
2012-06-18,1.201
2012-06-19,1.2009
2012-06-20,1.2009
2012-06-21,1.201
2012-06-22,1.2009
2012-06-25,1.2008
2012-06-26,1.201
2012-06-27,1.2011
2012-06-28,1.201
2012-06-29,1.203
2012-07-02,1.2015
2012-07-03,1.2012
2012-07-04,1.2013
2012-07-05,1.2012
2012-07-06,1.2011
2012-07-09,1.201
2012-07-10,1.201
2012-07-11,1.201
2012-07-12,1.201
2012-07-13,1.2009
2012-07-16,1.201
2012-07-17,1.201
2012-07-18,1.201
2012-07-19,1.201
2012-07-20,1.2009
2012-07-23,1.201
2012-07-24,1.201
2012-07-25,1.201
2012-07-26,1.201
2012-07-27,1.201
2012-07-30,1.201
2012-07-31,1.2014
2012-08-01,1.2013
2012-08-02,1.2024
2012-08-03,1.2012
2012-08-06,1.2013
2012-08-07,1.2015
2012-08-08,1.2012
2012-08-09,1.201
2012-08-10,1.2009
2012-08-13,1.201
2012-08-14,1.201
2012-08-15,1.2011
2012-08-16,1.201
2012-08-17,1.2011
2012-08-20,1.201
2012-08-21,1.201
2012-08-22,1.2009
2012-08-23,1.201
2012-08-24,1.2009
2012-08-27,1.201
2012-08-28,1.201
2012-08-29,1.201
2012-08-30,1.2009
2012-08-31,1.2009
2012-09-03,1.2008
2012-09-04,1.201
2012-09-05,1.2014
2012-09-06,1.2049
2012-09-07,1.2128
2012-09-10,1.209
2012-09-11,1.2074
2012-09-12,1.2083
2012-09-13,1.213
2012-09-14,1.2162
2012-09-17,1.216
2012-09-18,1.2113
2012-09-19,1.2095
2012-09-20,1.2088
2012-09-21,1.211
2012-09-24,1.2095
2012-09-25,1.2092
2012-09-26,1.2088
2012-09-27,1.2084
2012-09-28,1.2099
2012-10-01,1.2095
2012-10-02,1.2102
2012-10-03,1.2104
2012-10-04,1.2123
2012-10-05,1.2112
2012-10-08,1.211
2012-10-09,1.2111
2012-10-10,1.211
2012-10-11,1.2087
2012-10-12,1.2093
2012-10-15,1.2091
2012-10-16,1.2091
2012-10-17,1.2106
2012-10-18,1.2094
2012-10-19,1.2085
2012-10-22,1.2097
2012-10-23,1.2098
2012-10-24,1.21
2012-10-25,1.2097
2012-10-26,1.209
2012-10-29,1.2087
2012-10-30,1.2085
2012-10-31,1.2076
2012-11-01,1.2072
2012-11-02,1.2073
2012-11-05,1.2063
2012-11-06,1.2075
2012-11-07,1.2065
2012-11-08,1.2058
2012-11-09,1.2054
2012-11-12,1.2057
2012-11-13,1.2046
2012-11-14,1.204
2012-11-15,1.2042
2012-11-16,1.2042
2012-11-19,1.2045
2012-11-20,1.2049
2012-11-21,1.2041
2012-11-22,1.2045
2012-11-23,1.205
2012-11-26,1.2046
2012-11-27,1.2043
2012-11-28,1.2033
2012-11-29,1.2043
2012-11-30,1.2054
2012-12-03,1.2087
2012-12-04,1.2136
2012-12-05,1.2128
2012-12-06,1.2114
2012-12-07,1.2077
2012-12-10,1.2068
2012-12-11,1.2115
2012-12-12,1.2109
2012-12-13,1.209
2012-12-14,1.2089
2012-12-17,1.2082
2012-12-18,1.208
2012-12-19,1.2096
2012-12-20,1.2079
2012-12-21,1.2077
2012-12-24,1.207
2012-12-27,1.2082
2012-12-28,1.208
2012-12-31,1.2072
2013-01-02,1.209
2013-01-03,1.209
2013-01-04,1.2092
2013-01-07,1.2087
2013-01-08,1.2092
2013-01-09,1.2089
2013-01-10,1.2104
2013-01-11,1.2157
2013-01-14,1.2243
2013-01-15,1.2358
2013-01-16,1.2359
2013-01-17,1.2453
2013-01-18,1.2446
2013-01-21,1.2421
2013-01-22,1.2383
2013-01-23,1.2385
2013-01-24,1.2417
2013-01-25,1.2444
2013-01-28,1.2472
2013-01-29,1.2416
2013-01-30,1.2392
2013-01-31,1.2342
2013-02-01,1.2351
2013-02-04,1.235
2013-02-05,1.2299
2013-02-06,1.2348
2013-02-07,1.2312
2013-02-08,1.2282
2013-02-11,1.2294
2013-02-12,1.2328
2013-02-13,1.2365
2013-02-14,1.2293
2013-02-15,1.2303
2013-02-18,1.2332
2013-02-19,1.2332
2013-02-20,1.2347
2013-02-21,1.229
2013-02-22,1.2272
2013-02-25,1.2305
2013-02-26,1.2167
2013-02-27,1.2177
2013-02-28,1.2209
2013-03-01,1.2245
2013-03-04,1.2256
2013-03-05,1.2277
2013-03-06,1.2301
2013-03-07,1.2318
2013-03-08,1.2355
2013-03-11,1.236
2013-03-12,1.2344
2013-03-13,1.2319
2013-03-14,1.2347
2013-03-15,1.2308
2013-03-18,1.2221
2013-03-19,1.2218
2013-03-20,1.2222
2013-03-21,1.2225
2013-03-22,1.2212
2013-03-25,1.2213
2013-03-26,1.2209
2013-03-27,1.2174
2013-03-28,1.2195
2013-04-02,1.2159
2013-04-03,1.2167
2013-04-04,1.2155
2013-04-05,1.2158
2013-04-08,1.2168
2013-04-09,1.22
2013-04-10,1.2183
2013-04-11,1.2187
2013-04-12,1.2167
2013-04-15,1.2147
2013-04-16,1.2163
2013-04-17,1.2149
2013-04-18,1.2164
2013-04-19,1.2176
2013-04-22,1.2188
2013-04-23,1.2219
2013-04-24,1.2302
2013-04-25,1.2334
2013-04-26,1.2273
2013-04-29,1.2279
2013-04-30,1.2238
2013-05-02,1.2244
2013-05-03,1.2235
2013-05-06,1.228
2013-05-07,1.2333
2013-05-08,1.2336
2013-05-09,1.229
2013-05-10,1.243
2013-05-13,1.2404
2013-05-14,1.2416
2013-05-15,1.2499
2013-05-16,1.2444
2013-05-17,1.2449
2013-05-20,1.246
2013-05-21,1.2476
2013-05-22,1.2599
2013-05-23,1.2486
2013-05-24,1.2466
2013-05-27,1.2452
2013-05-28,1.2533
2013-05-29,1.248
2013-05-30,1.2487
2013-05-31,1.2406
2013-06-03,1.2456
2013-06-04,1.2397
2013-06-05,1.2371
2013-06-06,1.2357
2013-06-07,1.2273
2013-06-10,1.2395
2013-06-11,1.2305
2013-06-12,1.2323
2013-06-13,1.229
2013-06-14,1.2322
2013-06-17,1.2308
2013-06-18,1.2315
2013-06-19,1.2326
2013-06-20,1.2319
2013-06-21,1.2257
2013-06-24,1.2241
2013-06-25,1.2268
2013-06-26,1.2262
2013-06-27,1.2326
2013-06-28,1.2338
2013-07-01,1.234
2013-07-02,1.2354
2013-07-03,1.2285
2013-07-04,1.2328
2013-07-05,1.2348
2013-07-08,1.2404
2013-07-09,1.2452
2013-07-10,1.244
2013-07-11,1.2414
2013-07-12,1.2388
2013-07-15,1.2394
2013-07-16,1.2371
2013-07-17,1.234
2013-07-18,1.237
2013-07-19,1.2361
2013-07-22,1.237
2013-07-23,1.2387
2013-07-24,1.2388
2013-07-25,1.2365
2013-07-26,1.2334
2013-07-29,1.233
2013-07-30,1.2335
2013-07-31,1.2317
2013-08-01,1.2317
2013-08-02,1.2383
2013-08-05,1.2352
2013-08-06,1.2313
2013-08-07,1.2321
2013-08-08,1.2307
2013-08-09,1.231
2013-08-12,1.2327
2013-08-13,1.2358
2013-08-14,1.2415
2013-08-15,1.2427
2013-08-16,1.2354
2013-08-19,1.2352
2013-08-20,1.2323
2013-08-21,1.231
2013-08-22,1.2349
2013-08-23,1.2358
2013-08-26,1.2352
2013-08-27,1.2293
2013-08-28,1.229
2013-08-29,1.2308
2013-08-30,1.231
2013-09-02,1.2317
2013-09-03,1.2325
2013-09-04,1.2345
2013-09-05,1.239
2013-09-06,1.2382
2013-09-09,1.235
2013-09-10,1.2392
2013-09-11,1.2395
2013-09-12,1.2368
2013-09-13,1.2376
2013-09-16,1.2374
2013-09-17,1.2375
2013-09-18,1.237
2013-09-19,1.2333
2013-09-20,1.233
2013-09-23,1.2323
2013-09-24,1.2295
2013-09-25,1.2304
2013-09-26,1.2288
2013-09-27,1.2248
2013-09-30,1.2225
2013-10-01,1.2253
2013-10-02,1.2241
2013-10-03,1.2276
2013-10-04,1.2271
2013-10-07,1.2262
2013-10-08,1.2284
2013-10-09,1.2313
2013-10-10,1.2311
2013-10-11,1.2314
2013-10-14,1.2334
2013-10-15,1.2361
2013-10-16,1.2341
2013-10-17,1.2327
2013-10-18,1.2343
2013-10-21,1.2352
2013-10-22,1.2355
2013-10-23,1.2307
2013-10-24,1.2303
2013-10-25,1.2348
2013-10-28,1.2343
2013-10-29,1.2358
2013-10-30,1.2347
2013-10-31,1.2333
2013-11-01,1.231
2013-11-04,1.2321
2013-11-05,1.2297
2013-11-06,1.2321
2013-11-07,1.2298
2013-11-08,1.2302
2013-11-11,1.2328
2013-11-12,1.2328
2013-11-13,1.2316
2013-11-14,1.2332
2013-11-15,1.2346
2013-11-18,1.2321
2013-11-19,1.2333
2013-11-20,1.2323
2013-11-21,1.2318
2013-11-22,1.2302
2013-11-25,1.2311
2013-11-26,1.2312
2013-11-27,1.2305
2013-11-28,1.2323
2013-11-29,1.2298
2013-12-02,1.2321
2013-12-03,1.2287
2013-12-04,1.2268
2013-12-05,1.2262
2013-12-06,1.2231
2013-12-09,1.2231
2013-12-10,1.2214
2013-12-11,1.2219
2013-12-12,1.2211
2013-12-13,1.2226
2013-12-16,1.2212
2013-12-17,1.2206
2013-12-18,1.2211
2013-12-19,1.2261
2013-12-20,1.2263
2013-12-23,1.2257
2013-12-24,1.2243
2013-12-27,1.2234
2013-12-30,1.2259
2013-12-31,1.2276
2014-01-02,1.2307
2014-01-03,1.2309
2014-01-06,1.2319
2014-01-07,1.2367
2014-01-08,1.2383
2014-01-09,1.2368
2014-01-10,1.2342
2014-01-13,1.2342
2014-01-14,1.2334
2014-01-15,1.2354
2014-01-16,1.235
2014-01-17,1.2332
2014-01-20,1.2337
2014-01-21,1.2357
2014-01-22,1.2345
2014-01-23,1.2317
2014-01-24,1.2256
2014-01-27,1.2267
2014-01-28,1.2278
2014-01-29,1.2255
2014-01-30,1.2233
2014-01-31,1.222
2014-02-03,1.2226
2014-02-04,1.2215
2014-02-05,1.2222
2014-02-06,1.2224
2014-02-07,1.2237
2014-02-10,1.2234
2014-02-11,1.2235
2014-02-12,1.2249
2014-02-13,1.2216
2014-02-14,1.2221
2014-02-17,1.2221
2014-02-18,1.2221
2014-02-19,1.2214
2014-02-20,1.2203
2014-02-21,1.2195
2014-02-24,1.2209
2014-02-25,1.2193
2014-02-26,1.2198
2014-02-27,1.2161
2014-02-28,1.2153
2014-03-03,1.2129
2014-03-04,1.2172
2014-03-05,1.2186
2014-03-06,1.219
2014-03-07,1.2191
2014-03-10,1.2192
2014-03-11,1.2175
2014-03-12,1.2159
2014-03-13,1.216
2014-03-14,1.2124
2014-03-17,1.2154
2014-03-18,1.2162
2014-03-19,1.2167
2014-03-20,1.219
2014-03-21,1.2182
2014-03-24,1.2197
2014-03-25,1.2197
2014-03-26,1.2216
2014-03-27,1.2187
2014-03-28,1.2186
2014-03-31,1.2194
2014-04-01,1.2178
2014-04-02,1.219
2014-04-03,1.2209
2014-04-04,1.2235
2014-04-07,1.2202
2014-04-08,1.22
2014-04-09,1.2184
2014-04-10,1.218
2014-04-11,1.2161
2014-04-14,1.2154
2014-04-15,1.2162
2014-04-16,1.2169
2014-04-17,1.2175
2014-04-22,1.2214
2014-04-23,1.2198
2014-04-24,1.2203
2014-04-25,1.2194
2014-04-28,1.2181
2014-04-29,1.22
2014-04-30,1.22
2014-05-02,1.2189
2014-05-05,1.2174
2014-05-06,1.2169
2014-05-07,1.2186
2014-05-08,1.2178
2014-05-09,1.2186
2014-05-12,1.2211
2014-05-13,1.2201
2014-05-14,1.2199
2014-05-15,1.2227
2014-05-16,1.221
2014-05-19,1.2228
2014-05-20,1.2223
2014-05-21,1.2216
2014-05-22,1.2215
2014-05-23,1.221
2014-05-26,1.221
2014-05-27,1.2221
2014-05-28,1.2225
2014-05-29,1.221
2014-05-30,1.2204
2014-06-02,1.2214
2014-06-03,1.2216
2014-06-04,1.2204
2014-06-05,1.22
2014-06-06,1.2185
2014-06-09,1.2193
2014-06-10,1.2188
2014-06-11,1.2179
2014-06-12,1.2174
2014-06-13,1.2178
2014-06-16,1.2176
2014-06-17,1.2188
2014-06-18,1.218
2014-06-19,1.217
2014-06-20,1.2169
2014-06-23,1.2167
2014-06-24,1.2173
2014-06-25,1.2168
2014-06-26,1.2164
2014-06-27,1.2162
2014-06-30,1.2156
2014-07-01,1.2138
2014-07-02,1.2137
2014-07-03,1.2147
2014-07-04,1.216
2014-07-07,1.2155
2014-07-08,1.2155
2014-07-09,1.2158
2014-07-10,1.2143
2014-07-11,1.2143
2014-07-14,1.2139
2014-07-15,1.2142
2014-07-16,1.2156
2014-07-17,1.2147
2014-07-18,1.2144
2014-07-21,1.2144
2014-07-22,1.2151
2014-07-23,1.215
2014-07-24,1.2152
2014-07-25,1.2152
2014-07-28,1.215
2014-07-29,1.2152
2014-07-30,1.2165
2014-07-31,1.2169
2014-08-01,1.2163
2014-08-04,1.2167
2014-08-05,1.2175
2014-08-06,1.2152
2014-08-07,1.215
2014-08-08,1.2137
2014-08-11,1.2134
2014-08-12,1.2138
2014-08-13,1.2135
2014-08-14,1.2124
2014-08-15,1.2114
2014-08-18,1.2107
2014-08-19,1.2104
2014-08-20,1.2106
2014-08-21,1.2109
2014-08-22,1.21
2014-08-25,1.2087
2014-08-26,1.2086
2014-08-27,1.2068
2014-08-28,1.206
2014-08-29,1.2061
2014-09-01,1.2072
2014-09-02,1.2072
2014-09-03,1.2078
2014-09-04,1.2055
2014-09-05,1.2064
2014-09-08,1.2069
2014-09-09,1.206
2014-09-10,1.2072
2014-09-11,1.21
2014-09-12,1.2089
2014-09-15,1.2099
2014-09-16,1.2085
2014-09-17,1.2101
2014-09-18,1.2086
2014-09-19,1.2067
2014-09-22,1.2069
2014-09-23,1.2069
2014-09-24,1.2077
2014-09-25,1.2076
2014-09-26,1.2071
2014-09-29,1.2071
2014-09-30,1.2063
2014-10-01,1.2072
2014-10-02,1.2085
2014-10-03,1.2089
2014-10-06,1.212
2014-10-07,1.2115
2014-10-08,1.2132
2014-10-09,1.2107
2014-10-10,1.2092
2014-10-13,1.2077
2014-10-14,1.2079
2014-10-15,1.2072
2014-10-16,1.2061
2014-10-17,1.2074
2014-10-20,1.2064
2014-10-21,1.2068
2014-10-22,1.2062
2014-10-23,1.2067
2014-10-24,1.206
2014-10-27,1.206
2014-10-28,1.2056
2014-10-29,1.2059
2014-10-30,1.2059
2014-10-31,1.2067
2014-11-03,1.2054
2014-11-04,1.2055
2014-11-05,1.2043
2014-11-06,1.2045
2014-11-07,1.204
2014-11-10,1.2028
2014-11-11,1.2024
2014-11-12,1.2023
2014-11-13,1.2018
2014-11-14,1.2015
2014-11-17,1.2013
2014-11-18,1.2013
2014-11-19,1.2014
2014-11-20,1.2014
2014-11-21,1.2024
2014-11-24,1.2027
2014-11-25,1.203
2014-11-26,1.2026
2014-11-27,1.2022
2014-11-28,1.2018
2014-12-01,1.2028
2014-12-02,1.204
2014-12-03,1.2032
2014-12-04,1.2035
2014-12-05,1.2021
2014-12-08,1.2023
2014-12-09,1.2021
2014-12-10,1.2024
2014-12-11,1.2012
2014-12-12,1.201
2014-12-15,1.2011
2014-12-16,1.2009
2014-12-17,1.201
2014-12-18,1.2052
2014-12-19,1.2039
2014-12-22,1.2035
2014-12-23,1.2032
2014-12-24,1.2025
2014-12-29,1.2028
2014-12-30,1.2028
2014-12-31,1.2024
2015-01-02,1.2022
2015-01-05,1.2016
2015-01-06,1.2014
2015-01-07,1.2011
2015-01-08,1.201
2015-01-09,1.201
2015-01-12,1.201
2015-01-13,1.201
2015-01-14,1.201
2015-01-15,1.028
2015-01-16,1.0128
2015-01-19,1.012
2015-01-20,1.0087
2015-01-21,0.9997
2015-01-22,0.9943
2015-01-23,0.9816
2015-01-26,1.0014
2015-01-27,1.017
2015-01-28,1.0242
2015-01-29,1.0372
2015-01-30,1.0468
2015-02-02,1.0519
2015-02-03,1.0526
2015-02-04,1.0602
2015-02-05,1.0587
2015-02-06,1.0534
2015-02-09,1.0428
2015-02-10,1.0457
2015-02-11,1.0465
2015-02-12,1.0559
2015-02-13,1.0576
2015-02-16,1.0626
2015-02-17,1.0631
2015-02-18,1.0707
2015-02-19,1.0796
2015-02-20,1.0718
2015-02-23,1.0727
2015-02-24,1.0755
2015-02-25,1.0773
2015-02-26,1.0745
2015-02-27,1.0636
2015-03-02,1.0724
2015-03-03,1.0736
2015-03-04,1.0694
2015-03-05,1.0697
2015-03-06,1.07
2015-03-09,1.0691
2015-03-10,1.0703
2015-03-11,1.0655
2015-03-12,1.0636
2015-03-13,1.0648
2015-03-16,1.0615
2015-03-17,1.066
2015-03-18,1.0627
2015-03-19,1.0595
2015-03-20,1.0552
2015-03-23,1.0561
2015-03-24,1.0491
2015-03-25,1.0517
2015-03-26,1.0498
2015-03-27,1.0476
2015-03-30,1.0439
2015-03-31,1.0463
2015-04-01,1.0426
2015-04-02,1.04
2015-04-07,1.0438
2015-04-08,1.0438
2015-04-09,1.0447
2015-04-10,1.039
2015-04-13,1.0373
2015-04-14,1.0344
2015-04-15,1.0321
2015-04-16,1.0327
2015-04-17,1.0297
2015-04-20,1.0283
2015-04-21,1.0252
2015-04-22,1.0323
2015-04-23,1.0383
2015-04-24,1.0338
2015-04-27,1.0367
2015-04-28,1.0464
2015-04-29,1.0491
2015-04-30,1.0486
2015-05-04,1.0431
2015-05-05,1.0376
2015-05-06,1.0374
2015-05-07,1.0343
2015-05-08,1.0385
2015-05-11,1.0403
2015-05-12,1.0396
2015-05-13,1.041
2015-05-14,1.0386
2015-05-15,1.0463
2015-05-18,1.0482
2015-05-19,1.042
2015-05-20,1.0429
2015-05-21,1.0394
2015-05-22,1.0417
2015-05-25,1.0349
2015-05-26,1.0351
2015-05-27,1.0331
2015-05-28,1.0344
2015-05-29,1.0341
2015-06-01,1.0331
2015-06-02,1.0391
2015-06-03,1.0427
2015-06-04,1.0551
2015-06-05,1.0478
2015-06-08,1.047
2015-06-09,1.0465
2015-06-10,1.0486
2015-06-11,1.0523
2015-06-12,1.0469
2015-06-15,1.0512
2015-06-16,1.0465
2015-06-17,1.0451
2015-06-18,1.0461
2015-06-19,1.0449
2015-06-22,1.0435
2015-06-23,1.0449
2015-06-24,1.0449
2015-06-25,1.0507
2015-06-26,1.0447
2015-06-29,1.0376
2015-06-30,1.0413
2015-07-01,1.0457
2015-07-02,1.0507
2015-07-03,1.0466
2015-07-06,1.0422
2015-07-07,1.0383
2015-07-08,1.0463
2015-07-09,1.0504
2015-07-10,1.0464
2015-07-13,1.0478
2015-07-14,1.0422
2015-07-15,1.0439
2015-07-16,1.0407
2015-07-17,1.0431
2015-07-20,1.0443
2015-07-21,1.044
2015-07-22,1.0482
2015-07-23,1.0517
2015-07-24,1.0512
2015-07-27,1.0595
2015-07-28,1.0659
2015-07-29,1.0622
2015-07-30,1.0633
2015-07-31,1.0565
2015-08-03,1.0598
2015-08-04,1.064
2015-08-05,1.0658
2015-08-06,1.0713
2015-08-07,1.0738
2015-08-10,1.08
2015-08-11,1.0859
2015-08-12,1.0864
2015-08-13,1.0849
2015-08-14,1.0875
2015-08-17,1.0841
2015-08-18,1.0798
2015-08-19,1.0755
2015-08-20,1.0772
2015-08-21,1.0765
2015-08-24,1.0777
2015-08-25,1.0834
2015-08-26,1.0778
2015-08-27,1.0771
2015-08-28,1.0807
2015-08-31,1.0825
2015-09-01,1.0825
2015-09-02,1.0867
2015-09-03,1.0903
2015-09-04,1.0839
2015-09-07,1.0871
2015-09-08,1.092
2015-09-09,1.0893
2015-09-10,1.0923
2015-09-11,1.1031
2015-09-14,1.0979
2015-09-15,1.0971
2015-09-16,1.0943
2015-09-17,1.095
2015-09-18,1.0913
2015-09-21,1.0906
2015-09-22,1.086
2015-09-23,1.0882
2015-09-24,1.0928
2015-09-25,1.0922
2015-09-28,1.0941
2015-09-29,1.0901
2015-09-30,1.0915
2015-10-01,1.0903
2015-10-02,1.0923
2015-10-05,1.0938
2015-10-06,1.0936
2015-10-07,1.0882
2015-10-08,1.0935
2015-10-09,1.0919
2015-10-12,1.0928
2015-10-13,1.091
2015-10-14,1.0901
2015-10-15,1.0873
2015-10-16,1.0809
2015-10-19,1.0834
2015-10-20,1.0823
2015-10-21,1.0864
2015-10-22,1.0886
2015-10-23,1.0793
2015-10-26,1.0823
2015-10-27,1.088
2015-10-28,1.0899
2015-10-29,1.0851
2015-10-30,1.09
2015-11-02,1.0885
2015-11-03,1.0869
2015-11-04,1.0813
2015-11-05,1.0833
2015-11-06,1.083
2015-11-09,1.0815
2015-11-10,1.0765
2015-11-11,1.0783
2015-11-12,1.0769
2015-11-13,1.0786
2015-11-16,1.0791
2015-11-17,1.0806
2015-11-18,1.0838
2015-11-19,1.0893
2015-11-20,1.0844
2015-11-23,1.0848
2015-11-24,1.0832
2015-11-25,1.082
2015-11-26,1.0868
2015-11-27,1.09
2015-11-30,1.0903
2015-12-01,1.0908
2015-12-02,1.088
2015-12-03,1.084
2015-12-04,1.0882
2015-12-07,1.083
2015-12-08,1.082
2015-12-09,1.083
2015-12-10,1.0806
2015-12-11,1.0819
2015-12-14,1.0771
2015-12-15,1.0831
2015-12-16,1.0824
2015-12-17,1.0807
2015-12-18,1.0768
2015-12-21,1.0804
2015-12-22,1.0818
2015-12-23,1.0812
2015-12-24,1.0806
2015-12-28,1.0838
2015-12-29,1.0846
2015-12-30,1.0814
2015-12-31,1.0835
2016-01-04,1.0891
2016-01-05,1.0847
2016-01-06,1.0846
2016-01-07,1.0875
2016-01-08,1.086
2016-01-11,1.0863
2016-01-12,1.0855
2016-01-13,1.0926
2016-01-14,1.095
2016-01-15,1.0951
2016-01-18,1.0946
2016-01-19,1.0922
2016-01-20,1.0932
2016-01-21,1.0949
2016-01-22,1.095
2016-01-25,1.0981
2016-01-26,1.1008
2016-01-27,1.1068
2016-01-28,1.1053
2016-01-29,1.1144
2016-02-01,1.1096
2016-02-02,1.1147
2016-02-03,1.1115
2016-02-04,1.1169
2016-02-05,1.1101
2016-02-08,1.1051
2016-02-09,1.0997
2016-02-10,1.096
2016-02-11,1.1027
2016-02-12,1.0989
2016-02-15,1.1009
2016-02-16,1.1018
2016-02-17,1.1034
2016-02-18,1.1028
2016-02-19,1.1017
2016-02-22,1.1008
2016-02-23,1.0921
2016-02-24,1.0914
2016-02-25,1.0935
2016-02-26,1.0929
2016-02-29,1.0914
2016-03-01,1.086
2016-03-02,1.0845
2016-03-03,1.084
2016-03-04,1.0898
2016-03-07,1.0962
2016-03-08,1.0952
2016-03-09,1.0978
2016-03-10,1.0941
2016-03-11,1.0948
2016-03-14,1.0969
2016-03-15,1.0954
2016-03-16,1.096
2016-03-17,1.0959
2016-03-18,1.0919
2016-03-21,1.0916
2016-03-22,1.0887
2016-03-23,1.0894
2016-03-24,1.0875
2016-03-29,1.0915
2016-03-30,1.0913
2016-03-31,1.0931
2016-04-01,1.0946
2016-04-04,1.0919
2016-04-05,1.0892
2016-04-06,1.0887
2016-04-07,1.0884
2016-04-08,1.0874
2016-04-11,1.0877
2016-04-12,1.0874
2016-04-13,1.0887
2016-04-14,1.0878
2016-04-15,1.0919
2016-04-18,1.0916
2016-04-19,1.0922
2016-04-20,1.0939
2016-04-21,1.0989
2016-04-22,1.0991
2016-04-25,1.0973
2016-04-26,1.1
2016-04-27,1.0998
2016-04-28,1.0974
2016-04-29,1.0984
2016-05-02,1.0999
2016-05-03,1.0977
2016-05-04,1.0993
2016-05-05,1.1018
2016-05-06,1.107
2016-05-09,1.1053
2016-05-10,1.1079
2016-05-11,1.1099
2016-05-12,1.1063
2016-05-13,1.1024
2016-05-16,1.1059
2016-05-17,1.108
2016-05-18,1.1086
2016-05-19,1.1089
2016-05-20,1.1123
2016-05-23,1.1105
2016-05-24,1.1079
2016-05-25,1.1049
2016-05-26,1.1075
2016-05-27,1.1068
2016-05-30,1.1058
2016-05-31,1.1044
2016-06-01,1.1055
2016-06-02,1.1062
2016-06-03,1.105
2016-06-06,1.1051
2016-06-07,1.0979
2016-06-08,1.0942
2016-06-09,1.0916
2016-06-10,1.0885
2016-06-13,1.0888
2016-06-14,1.0832
2016-06-15,1.0817
2016-06-16,1.0812
2016-06-17,1.0818
2016-06-20,1.0884
2016-06-21,1.085
2016-06-22,1.083
2016-06-23,1.0876
2016-06-24,1.0808
2016-06-27,1.0736
2016-06-28,1.0845
2016-06-29,1.0854
2016-06-30,1.0867
2016-07-01,1.0835
2016-07-04,1.0839
2016-07-05,1.0837
2016-07-06,1.0821
2016-07-07,1.082
2016-07-08,1.0855
2016-07-11,1.0867
2016-07-12,1.0904
2016-07-13,1.0909
2016-07-14,1.09
2016-07-15,1.0899
2016-07-18,1.0869
2016-07-19,1.0877
2016-07-20,1.0882
2016-07-21,1.0872
2016-07-22,1.086
2016-07-25,1.0839
2016-07-26,1.087
2016-07-27,1.0928
2016-07-28,1.0892
2016-07-29,1.0823
2016-08-01,1.0807
2016-08-02,1.081
2016-08-03,1.0845
2016-08-04,1.0834
2016-08-05,1.0852
2016-08-08,1.0883
2016-08-09,1.0899
2016-08-10,1.0923
2016-08-11,1.0859
2016-08-12,1.0888
2016-08-15,1.0893
2016-08-16,1.0849
2016-08-17,1.0863
2016-08-18,1.0853
2016-08-19,1.0852
2016-08-22,1.0886
2016-08-23,1.0896
2016-08-24,1.0891
2016-08-25,1.0905
2016-08-26,1.0933
2016-08-29,1.0937
2016-08-30,1.0951
2016-08-31,1.0957
2016-09-01,1.0978
2016-09-02,1.0959
2016-09-05,1.0925
2016-09-06,1.0923
2016-09-07,1.0891
2016-09-08,1.0917
2016-09-09,1.0969
2016-09-12,1.0935
2016-09-13,1.0925
2016-09-14,1.0945
2016-09-15,1.0941
2016-09-16,1.0941
2016-09-19,1.0955
2016-09-20,1.0943
2016-09-21,1.0883
2016-09-22,1.0867
2016-09-23,1.0887
2016-09-26,1.0905
2016-09-27,1.088
2016-09-28,1.0891
2016-09-29,1.0876
2016-09-30,1.0876
2016-10-03,1.0918
2016-10-04,1.0949
2016-10-05,1.0959
2016-10-06,1.0942
2016-10-07,1.0946
2016-10-10,1.096
2016-10-11,1.0938
2016-10-12,1.0906
2016-10-13,1.0904
2016-10-14,1.0889
2016-10-17,1.0872
2016-10-18,1.0886
2016-10-19,1.0854
2016-10-20,1.0852
2016-10-21,1.0825
2016-10-24,1.0821
2016-10-25,1.0848
2016-10-26,1.0838
2016-10-27,1.0838
2016-10-28,1.0855
2016-10-31,1.082
2016-11-01,1.0823
2016-11-02,1.0787
2016-11-03,1.0787
2016-11-04,1.0774
2016-11-07,1.0789
2016-11-08,1.0778
2016-11-09,1.0793
2016-11-10,1.0762
2016-11-11,1.0732
2016-11-14,1.0739
2016-11-15,1.0758
2016-11-16,1.0738
2016-11-17,1.0737
2016-11-18,1.0711
2016-11-21,1.0727
2016-11-22,1.073
2016-11-23,1.0731
2016-11-24,1.0727
2016-11-25,1.0736
2016-11-28,1.0751
2016-11-29,1.0752
2016-11-30,1.0803
2016-12-01,1.0764
2016-12-02,1.0751
2016-12-05,1.0797
2016-12-06,1.0833
2016-12-07,1.0834
2016-12-08,1.0853
2016-12-09,1.0756
2016-12-12,1.0772
2016-12-13,1.0742
2016-12-14,1.0747
2016-12-15,1.0733
2016-12-16,1.0751
2016-12-19,1.0709
2016-12-20,1.0687
2016-12-21,1.0689
2016-12-22,1.0706
2016-12-23,1.0711
2016-12-27,1.0754
2016-12-28,1.0714
2016-12-29,1.0714
2016-12-30,1.0739
2017-01-02,1.0711
2017-01-03,1.0702
2017-01-04,1.0707
2017-01-05,1.0704
2017-01-06,1.0725
2017-01-09,1.0721
2017-01-10,1.0737
2017-01-11,1.0721
2017-01-12,1.0742
2017-01-13,1.0728
2017-01-16,1.0709
2017-01-17,1.0712
2017-01-18,1.0706
2017-01-19,1.0729
2017-01-20,1.0727
2017-01-23,1.0727
2017-01-24,1.0738
2017-01-25,1.0732
2017-01-26,1.0693
2017-01-27,1.0689
2017-01-30,1.0669
2017-01-31,1.0668
2017-02-01,1.068
2017-02-02,1.069
2017-02-03,1.0695
2017-02-06,1.067
2017-02-07,1.0658
2017-02-08,1.0637
2017-02-09,1.0672
2017-02-10,1.0669
2017-02-13,1.0673
2017-02-14,1.0659
2017-02-15,1.0652
2017-02-16,1.0647
2017-02-17,1.0637
2017-02-20,1.065
2017-02-21,1.0639
2017-02-22,1.0642
2017-02-23,1.0663
2017-02-24,1.0649
2017-02-27,1.0664
2017-02-28,1.0648
2017-03-01,1.0647
2017-03-02,1.0651
2017-03-03,1.0675
2017-03-06,1.0694
2017-03-07,1.073
2017-03-08,1.0702
2017-03-09,1.0709
2017-03-10,1.0743
2017-03-13,1.0749
2017-03-14,1.0726
2017-03-15,1.0715
2017-03-16,1.0695
2017-03-17,1.0698
2017-03-20,1.072
2017-03-21,1.075
2017-03-22,1.0714
2017-03-23,1.07
2017-03-24,1.0718
2017-03-27,1.0713
2017-03-28,1.0693
2017-03-29,1.0712
2017-03-30,1.0698
2017-03-31,1.0696
2017-04-03,1.0682
2017-04-04,1.0673
2017-04-05,1.0708
2017-04-06,1.0702
2017-04-07,1.0695
2017-04-10,1.0682
2017-04-11,1.0696
2017-04-12,1.0678
2017-04-13,1.0686
2017-04-18,1.0686
2017-04-19,1.069
2017-04-20,1.0701
2017-04-21,1.068
2017-04-24,1.0806
2017-04-25,1.0826
2017-04-26,1.0835
2017-04-27,1.082
2017-04-28,1.0831
2017-05-02,1.0852
2017-05-03,1.0812
2017-05-04,1.0843
2017-05-05,1.0839
2017-05-08,1.0878
2017-05-09,1.0938
2017-05-10,1.0949
2017-05-11,1.0952
2017-05-12,1.0963
2017-05-15,1.0944
2017-05-16,1.0958
2017-05-17,1.0923
2017-05-18,1.0874
2017-05-19,1.0921
2017-05-22,1.0911
2017-05-23,1.0912
2017-05-24,1.0929
2017-05-25,1.0904
2017-05-26,1.0888
2017-05-29,1.09
2017-05-30,1.0903
2017-05-31,1.0896
2017-06-01,1.0883
2017-06-02,1.0893
2017-06-05,1.0856
2017-06-06,1.0851
2017-06-07,1.0843
2017-06-08,1.0856
2017-06-09,1.0863
2017-06-12,1.0857
2017-06-13,1.085
2017-06-14,1.0874
2017-06-15,1.0874
2017-06-16,1.0885
2017-06-19,1.087
2017-06-20,1.0854
2017-06-21,1.0857
2017-06-22,1.0867
2017-06-23,1.0851
2017-06-26,1.0881
2017-06-27,1.0883
2017-06-28,1.0913
2017-06-29,1.0935
2017-06-30,1.093
2017-07-03,1.0943
2017-07-04,1.0954
2017-07-05,1.095
2017-07-06,1.0975
2017-07-07,1.0983
2017-07-10,1.1007
2017-07-11,1.104
2017-07-12,1.1027
2017-07-13,1.1011
2017-07-14,1.1051
2017-07-17,1.1012
2017-07-18,1.1025
2017-07-19,1.0994
2017-07-20,1.1039
2017-07-21,1.1051
2017-07-24,1.102
2017-07-25,1.1063
2017-07-26,1.1152
2017-07-27,1.1232
2017-07-28,1.1357
2017-07-31,1.1359
2017-08-01,1.1414
2017-08-02,1.1459
2017-08-03,1.1501
2017-08-04,1.1494
2017-08-07,1.148
2017-08-08,1.1478
2017-08-09,1.1293
2017-08-10,1.1341
2017-08-11,1.132
2017-08-14,1.1422
2017-08-15,1.1417
2017-08-16,1.1406
2017-08-17,1.1311
2017-08-18,1.1287
2017-08-21,1.1362
2017-08-22,1.1364
2017-08-23,1.1392
2017-08-24,1.1375
2017-08-25,1.139
2017-08-28,1.1389
2017-08-29,1.1386
2017-08-30,1.1422
2017-08-31,1.1446
2017-09-01,1.1441
2017-09-04,1.1399
2017-09-05,1.1407
2017-09-06,1.1399
2017-09-07,1.1412
2017-09-08,1.1405
2017-09-11,1.1404
2017-09-12,1.1444
2017-09-13,1.1496
2017-09-14,1.1496
2017-09-15,1.148
2017-09-18,1.1464
2017-09-19,1.1535
2017-09-20,1.1532
2017-09-21,1.1585
2017-09-22,1.1588
2017-09-25,1.1562
2017-09-26,1.1452
2017-09-27,1.1451
2017-09-28,1.146
2017-09-29,1.1457
2017-10-02,1.1399
2017-10-03,1.1449
2017-10-04,1.1456
2017-10-05,1.1472
2017-10-06,1.1473
2017-10-09,1.1497
2017-10-10,1.1522
2017-10-11,1.1524
2017-10-12,1.1552
2017-10-13,1.1533
2017-10-16,1.1514
2017-10-17,1.1504
2017-10-18,1.1551
2017-10-19,1.1541
2017-10-20,1.1597
2017-10-23,1.1581
2017-10-24,1.1613
2017-10-25,1.169
2017-10-26,1.1678
2017-10-27,1.1632
2017-10-30,1.1603
2017-10-31,1.1622
2017-11-01,1.164
2017-11-02,1.1647
2017-11-03,1.1635
2017-11-06,1.1593
2017-11-07,1.1557
2017-11-08,1.1581
2017-11-09,1.1589
2017-11-10,1.1591
2017-11-13,1.1591
2017-11-14,1.1643
2017-11-15,1.1675
2017-11-16,1.1686
2017-11-17,1.1696
2017-11-20,1.1676
2017-11-21,1.1641
2017-11-22,1.1609
2017-11-23,1.1613
2017-11-24,1.165
2017-11-27,1.1718
2017-11-28,1.168
2017-11-29,1.1664
2017-11-30,1.1699
2017-12-01,1.1691
2017-12-04,1.1665
2017-12-05,1.1673
2017-12-06,1.1678
2017-12-07,1.17
2017-12-08,1.1704
2017-12-11,1.1679
2017-12-12,1.1671
2017-12-13,1.1647
2017-12-14,1.1686
2017-12-15,1.1669
2017-12-18,1.1652
2017-12-19,1.1643
2017-12-20,1.1702
2017-12-21,1.1725
2017-12-22,1.1735
2017-12-27,1.1772
2017-12-28,1.1704
2017-12-29,1.1702
2018-01-02,1.1718
2018-01-03,1.1736
2018-01-04,1.1763
2018-01-05,1.1757
2018-01-08,1.1709
2018-01-09,1.1727
2018-01-10,1.1725
2018-01-11,1.1736
2018-01-12,1.1787
2018-01-15,1.1799
2018-01-16,1.1795
2018-01-17,1.1774
2018-01-18,1.1748
2018-01-19,1.1758
2018-01-22,1.1764
2018-01-23,1.1779
2018-01-24,1.1735
2018-01-25,1.168
2018-01-26,1.1632
2018-01-29,1.1563
2018-01-30,1.1589
2018-01-31,1.1631
2018-02-01,1.1603
2018-02-02,1.1596
2018-02-05,1.1599
2018-02-06,1.1571
2018-02-07,1.161
2018-02-08,1.1555
2018-02-09,1.15
2018-02-12,1.1503
2018-02-13,1.1522
2018-02-14,1.1519
2018-02-15,1.1545
2018-02-16,1.1521
2018-02-19,1.1513
2018-02-20,1.1537
2018-02-21,1.1551
2018-02-22,1.1508
2018-02-23,1.1505
2018-02-26,1.153
2018-02-27,1.1539
2018-02-28,1.152
2018-03-01,1.1519
2018-03-02,1.1512
2018-03-05,1.1549
2018-03-06,1.1626
2018-03-07,1.1673
2018-03-08,1.1731
2018-03-09,1.1695
2018-03-12,1.1681
2018-03-13,1.169
2018-03-14,1.1704
2018-03-15,1.1689
2018-03-16,1.1702
2018-03-19,1.1717
2018-03-20,1.1721
2018-03-21,1.1709
2018-03-22,1.1671
2018-03-23,1.1703
2018-03-26,1.1739
2018-03-27,1.1764
2018-03-28,1.1801
2018-03-29,1.1779
2018-04-03,1.1775
2018-04-04,1.1776
2018-04-05,1.1796
2018-04-06,1.1798
2018-04-09,1.179
2018-04-10,1.1792
2018-04-11,1.1855
2018-04-12,1.1876
2018-04-13,1.1854
2018-04-16,1.1878
2018-04-17,1.1908
2018-04-18,1.1979
2018-04-19,1.1976
2018-04-20,1.197
2018-04-23,1.1941
2018-04-24,1.1944
2018-04-25,1.1986
2018-04-26,1.1976
2018-04-27,1.196
2018-04-30,1.1968
2018-05-02,1.1957
2018-05-03,1.1958
2018-05-04,1.195
2018-05-07,1.1964
2018-05-08,1.1906
2018-05-09,1.1895
2018-05-10,1.1908
2018-05-11,1.1933
2018-05-14,1.1965
2018-05-15,1.191
2018-05-16,1.1792
2018-05-17,1.1819
2018-05-18,1.1773
2018-05-21,1.1753
2018-05-22,1.1738
2018-05-23,1.1598
2018-05-24,1.1607
2018-05-25,1.1593
2018-05-28,1.1577
2018-05-29,1.1517
2018-05-30,1.1513
2018-05-31,1.1526
2018-06-01,1.1531
2018-06-04,1.1546
2018-06-05,1.1515
2018-06-06,1.1629
2018-06-07,1.1613
2018-06-08,1.1572
2018-06-11,1.1631
2018-06-12,1.1615
2018-06-13,1.1616
2018-06-14,1.1585
2018-06-15,1.1575
2018-06-18,1.1554
2018-06-19,1.1501
2018-06-20,1.1537
2018-06-21,1.1496
2018-06-22,1.1534
2018-06-25,1.1549
2018-06-26,1.1543
2018-06-27,1.1536
2018-06-28,1.1556
2018-06-29,1.1569
2018-07-02,1.1563
2018-07-03,1.1573
2018-07-04,1.1557
2018-07-05,1.1613
2018-07-06,1.1634
2018-07-09,1.1646
2018-07-10,1.1649
2018-07-11,1.1653
2018-07-12,1.1642
2018-07-13,1.1704
2018-07-16,1.1696
2018-07-17,1.1648
2018-07-18,1.1611
2018-07-19,1.1622
2018-07-20,1.1633
2018-07-23,1.1614
2018-07-24,1.1626
2018-07-25,1.1598
2018-07-26,1.1616
2018-07-27,1.1597
2018-07-30,1.1598
2018-07-31,1.1592
2018-08-01,1.1589
2018-08-02,1.155
2018-08-03,1.1528
2018-08-06,1.1513
2018-08-07,1.153
2018-08-08,1.1544
2018-08-09,1.1512
2018-08-10,1.1391
2018-08-13,1.1338
2018-08-14,1.1298
2018-08-15,1.1289
2018-08-16,1.1299
2018-08-17,1.1338
2018-08-20,1.1366
2018-08-21,1.1372
2018-08-22,1.1401
2018-08-23,1.1383
2018-08-24,1.1398
2018-08-27,1.1428
2018-08-28,1.1427
2018-08-29,1.1385
2018-08-30,1.1339
2018-08-31,1.1281
2018-09-03,1.1268
2018-09-04,1.1261
2018-09-05,1.1288
2018-09-06,1.1275
2018-09-07,1.1217
2018-09-10,1.1267
2018-09-11,1.1276
2018-09-12,1.1277
2018-09-13,1.1265
2018-09-14,1.1274
2018-09-17,1.1236
2018-09-18,1.1245
2018-09-19,1.1304
2018-09-20,1.1312
2018-09-21,1.1228
2018-09-24,1.129
2018-09-25,1.1376
2018-09-26,1.1369
2018-09-27,1.1371
2018-09-28,1.1316
2018-10-01,1.1414
2018-10-02,1.1354
2018-10-03,1.1412
2018-10-04,1.1409
2018-10-05,1.1433
2018-10-08,1.1396
2018-10-09,1.1381
2018-10-10,1.1412
2018-10-11,1.143
2018-10-12,1.147
2018-10-15,1.1428
2018-10-16,1.1444
2018-10-17,1.1453
2018-10-18,1.1451
2018-10-19,1.1421
2018-10-22,1.1456
2018-10-23,1.1424
2018-10-24,1.1373
2018-10-25,1.1407
2018-10-26,1.1367
2018-10-29,1.1384
2018-10-30,1.1386
2018-10-31,1.1399
2018-11-01,1.143
2018-11-02,1.1422
2018-11-05,1.1437
2018-11-06,1.146
2018-11-07,1.1444
2018-11-08,1.1456
2018-11-09,1.1414
2018-11-12,1.1368
2018-11-13,1.1368
2018-11-14,1.1395
2018-11-15,1.1365
2018-11-16,1.1431
2018-11-19,1.1391
2018-11-20,1.1328
2018-11-21,1.1341
2018-11-22,1.1351
2018-11-23,1.1316
2018-11-26,1.1332
2018-11-27,1.1309
2018-11-28,1.1273
2018-11-29,1.1324
2018-11-30,1.134
2018-12-03,1.1323
2018-12-04,1.1348
2018-12-05,1.1328
2018-12-06,1.1304
2018-12-07,1.1299
2018-12-10,1.1295
2018-12-11,1.1248
2018-12-12,1.1286
2018-12-13,1.1287
2018-12-14,1.1254
2018-12-17,1.1254
2018-12-18,1.1281
2018-12-19,1.1328
2018-12-20,1.1331
2018-12-21,1.1312
2018-12-24,1.1312
2018-12-27,1.1279
2018-12-28,1.1227
2018-12-31,1.1269
2019-01-02,1.1239
2019-01-03,1.1219
2019-01-04,1.1256
2019-01-07,1.1227
2019-01-08,1.1232
2019-01-09,1.123
2019-01-10,1.1276
2019-01-11,1.1327
2019-01-14,1.1258
2019-01-15,1.1266
2019-01-16,1.1269
2019-01-17,1.1312
2019-01-18,1.1331
2019-01-21,1.1343
2019-01-22,1.1326
2019-01-23,1.1335
2019-01-24,1.1283
2019-01-25,1.131
2019-01-28,1.1331
2019-01-29,1.1352
2019-01-30,1.1403
2019-01-31,1.1409
2019-02-01,1.1396
2019-02-04,1.1421
2019-02-05,1.1436
2019-02-06,1.1394
2019-02-07,1.1357
2019-02-08,1.1357
2019-02-11,1.1351
2019-02-12,1.1381
2019-02-13,1.1371
2019-02-14,1.137
2019-02-15,1.134
2019-02-18,1.1361
2019-02-19,1.1351
2019-02-20,1.1342
2019-02-21,1.1367
2019-02-22,1.1346
2019-02-25,1.1351
2019-02-26,1.1371
2019-02-27,1.1354
2019-02-28,1.1335
2019-03-01,1.1363
2019-03-04,1.1352
2019-03-05,1.1341
2019-03-06,1.136
2019-03-07,1.1355
2019-03-08,1.1324
2019-03-11,1.1349
2019-03-12,1.1369
2019-03-13,1.1373
2019-03-14,1.1351
2019-03-15,1.136
2019-03-18,1.136
2019-03-19,1.1353
2019-03-20,1.1338
2019-03-21,1.1309
2019-03-22,1.1243
2019-03-25,1.1237
2019-03-26,1.1222
2019-03-27,1.1196
2019-03-28,1.1185
2019-03-29,1.1181
2019-04-01,1.118
2019-04-02,1.1195
2019-04-03,1.1206
2019-04-04,1.1207
2019-04-05,1.1235
2019-04-08,1.1245
2019-04-09,1.127
2019-04-10,1.128
2019-04-11,1.1304
2019-04-12,1.1326
2019-04-15,1.1345
2019-04-16,1.1371
2019-04-17,1.14
2019-04-18,1.1383
2019-04-23,1.147
2019-04-24,1.1416
2019-04-25,1.1368
2019-04-26,1.1372
2019-04-29,1.1379
2019-04-30,1.1437
2019-05-02,1.1419
2019-05-03,1.1383
2019-05-06,1.1403
2019-05-07,1.1415
2019-05-08,1.1407
2019-05-09,1.139
2019-05-10,1.1378
2019-05-13,1.1319
2019-05-14,1.1307
2019-05-15,1.1276
2019-05-16,1.1306
2019-05-17,1.1283
2019-05-20,1.1263
2019-05-21,1.1274
2019-05-22,1.1252
2019-05-23,1.1224
2019-05-24,1.1215
2019-05-27,1.1257
2019-05-28,1.1254
2019-05-29,1.1217
2019-05-30,1.1228
2019-05-31,1.1214
2019-06-03,1.1162
2019-06-04,1.1178
2019-06-05,1.1163
2019-06-06,1.1174
2019-06-07,1.1191
2019-06-10,1.12
2019-06-11,1.1233
2019-06-12,1.1252
2019-06-13,1.1207
2019-06-14,1.1211
2019-06-17,1.1214
2019-06-18,1.1175
2019-06-19,1.1176
2019-06-20,1.1142
2019-06-21,1.1107
2019-06-24,1.1109
2019-06-25,1.1108
2019-06-26,1.1113
2019-06-27,1.1121
2019-06-28,1.1105
2019-07-01,1.1141
2019-07-02,1.1169
2019-07-03,1.1116
2019-07-04,1.112
2019-07-05,1.1126
2019-07-08,1.1127
2019-07-09,1.1137
2019-07-10,1.1133
2019-07-11,1.1114
2019-07-12,1.1087
2019-07-15,1.1071
2019-07-16,1.1075
2019-07-17,1.1095
2019-07-18,1.1064
2019-07-19,1.1033
2019-07-22,1.1007
2019-07-23,1.0985
2019-07-24,1.0982
2019-07-25,1.0989
2019-07-26,1.1053
2019-07-29,1.1037
2019-07-30,1.1038
2019-07-31,1.1041
2019-08-01,1.0988
2019-08-02,1.0931
2019-08-05,1.0893
2019-08-06,1.0919
2019-08-07,1.0921
2019-08-08,1.0923
2019-08-09,1.0897
2019-08-12,1.0876
2019-08-13,1.0853
2019-08-14,1.0862
2019-08-15,1.0863
2019-08-16,1.0854
2019-08-19,1.0884
2019-08-20,1.086
2019-08-21,1.0875
2019-08-22,1.0905
2019-08-23,1.0893
2019-08-26,1.0885
2019-08-27,1.0884
2019-08-28,1.0872
2019-08-29,1.088
2019-08-30,1.0909
2019-09-02,1.0875
2019-09-03,1.0829
2019-09-04,1.0848
2019-09-05,1.0863
2019-09-06,1.0928
2019-09-09,1.0923
2019-09-10,1.0943
2019-09-11,1.0934
2019-09-12,1.0892
2019-09-13,1.094
2019-09-16,1.0932
2019-09-17,1.0966
2019-09-18,1.0999
2019-09-19,1.097
2019-09-20,1.0942
2019-09-23,1.0891
2019-09-24,1.0878
2019-09-25,1.0841
2019-09-26,1.0864
2019-09-27,1.086
2019-09-30,1.0847
2019-10-01,1.0906
2019-10-02,1.094
2019-10-03,1.0957
2019-10-04,1.0913
2019-10-07,1.0924
2019-10-08,1.0898
2019-10-09,1.0927
2019-10-10,1.0948
2019-10-11,1.1025
2019-10-14,1.0983
2019-10-15,1.0977
2019-10-16,1.0997
2019-10-17,1.0991
2019-10-18,1.0996
2019-10-21,1.1002
2019-10-22,1.1004
2019-10-23,1.1004
2019-10-24,1.1019
2019-10-25,1.1019
2019-10-28,1.1047
2019-10-29,1.1041
2019-10-30,1.1032
2019-10-31,1.1007
2019-11-01,1.1013
2019-11-04,1.1021
2019-11-05,1.1009
2019-11-06,1.101
2019-11-07,1.0998
2019-11-08,1.0991
2019-11-11,1.0972
2019-11-12,1.0963
2019-11-13,1.0894
2019-11-14,1.0873
2019-11-15,1.0924
2019-11-18,1.096
2019-11-19,1.0979
2019-11-20,1.0977
2019-11-21,1.0998
2019-11-22,1.0994
2019-11-25,1.0986
2019-11-26,1.0993
2019-11-27,1.0986
2019-11-28,1.0991
2019-11-29,1.0998
2019-12-02,1.0995
2019-12-03,1.0947
2019-12-04,1.0956
2019-12-05,1.0964
2019-12-06,1.0968
2019-12-09,1.0959
2019-12-10,1.0922
2019-12-11,1.0916
2019-12-12,1.0939
2019-12-13,1.0982
2019-12-16,1.0953
2019-12-17,1.0946
2019-12-18,1.0913
2019-12-19,1.0899
2019-12-20,1.0883
2019-12-23,1.087
2019-12-24,1.0878
2019-12-27,1.089
2019-12-30,1.0871
2019-12-31,1.0854
2020-01-02,1.0865
2020-01-03,1.084
2020-01-06,1.085
2020-01-07,1.085
2020-01-08,1.0792
2020-01-09,1.0808
2020-01-10,1.0822
2020-01-13,1.0811
2020-01-14,1.0767
2020-01-15,1.0751
2020-01-16,1.0739
2020-01-17,1.0736
2020-01-20,1.0737
2020-01-21,1.0743
2020-01-22,1.0757
2020-01-23,1.0734
2020-01-24,1.0712
2020-01-27,1.0689
2020-01-28,1.0703
2020-01-29,1.0729
2020-01-30,1.069
2020-01-31,1.0694
2020-02-03,1.0672
2020-02-04,1.0702
2020-02-05,1.0717
2020-02-06,1.0715
2020-02-07,1.0705
2020-02-10,1.07
2020-02-11,1.0667
2020-02-12,1.0645
2020-02-13,1.0633
2020-02-14,1.0641
2020-02-17,1.0641
2020-02-18,1.0619
2020-02-19,1.0621
2020-02-20,1.0616
2020-02-21,1.061
2020-02-24,1.06
2020-02-25,1.0605
2020-02-26,1.0606
2020-02-27,1.0627
2020-02-28,1.0614
2020-03-02,1.0655
2020-03-03,1.0646
2020-03-04,1.0647
2020-03-05,1.0663
2020-03-06,1.0589
2020-03-09,1.0594
2020-03-10,1.0594
2020-03-11,1.0591
2020-03-12,1.0549
2020-03-13,1.0608
2020-03-16,1.0546
2020-03-17,1.0561
2020-03-18,1.0546
2020-03-19,1.0535
2020-03-20,1.0546
2020-03-23,1.059
2020-03-24,1.0572
2020-03-25,1.0602
2020-03-26,1.0634
2020-03-27,1.0581
2020-03-30,1.0571
2020-03-31,1.0585
2020-04-01,1.0564
2020-04-02,1.0551
2020-04-03,1.0547
2020-04-06,1.056
2020-04-07,1.0582
2020-04-08,1.0557
2020-04-09,1.0558
2020-04-14,1.0543
2020-04-15,1.0534
2020-04-16,1.0516
2020-04-17,1.0515
2020-04-20,1.0518
2020-04-21,1.0517
2020-04-22,1.0523
2020-04-23,1.0511
2020-04-24,1.0525
2020-04-27,1.0557
2020-04-28,1.0586
2020-04-29,1.0571
2020-04-30,1.0558
2020-05-04,1.0548
2020-05-05,1.0525
2020-05-06,1.053
2020-05-07,1.053
2020-05-08,1.0529
2020-05-11,1.0519
2020-05-12,1.052
2020-05-13,1.0528
2020-05-14,1.0512
2020-05-15,1.0513
2020-05-18,1.0521
2020-05-19,1.0633
2020-05-20,1.0584
2020-05-21,1.0628
2020-05-22,1.0591
2020-05-25,1.0597
2020-05-26,1.06
2020-05-27,1.0675
2020-05-28,1.0683
2020-05-29,1.072
2020-06-01,1.0686
2020-06-02,1.0741
2020-06-03,1.0793
2020-06-04,1.0786
2020-06-05,1.0866
2020-06-08,1.0861
2020-06-09,1.077
2020-06-10,1.0762
2020-06-11,1.0697
2020-06-12,1.0697
2020-06-15,1.0679
2020-06-16,1.0717
2020-06-17,1.0669
2020-06-18,1.0667
2020-06-19,1.0656
2020-06-22,1.0654
2020-06-23,1.0705
2020-06-24,1.0679
2020-06-25,1.0637
2020-06-26,1.0631
2020-06-29,1.0669
2020-06-30,1.0651
2020-07-01,1.062
2020-07-02,1.0648
2020-07-03,1.0623
2020-07-06,1.0642
2020-07-07,1.0643
2020-07-08,1.0624
2020-07-09,1.0634
2020-07-10,1.0625
2020-07-13,1.0685
2020-07-14,1.0691
2020-07-15,1.0783
2020-07-16,1.0787
2020-07-17,1.0753
2020-07-20,1.0736
2020-07-21,1.074
2020-07-22,1.0785
2020-07-23,1.0731
2020-07-24,1.073
2020-07-27,1.0838
2020-07-28,1.0758
2020-07-29,1.0766
2020-07-30,1.0744
2020-07-31,1.0769
2020-08-03,1.0784
2020-08-04,1.0761
2020-08-05,1.077
2020-08-06,1.0759
2020-08-07,1.0804
2020-08-10,1.079
2020-08-11,1.0743
2020-08-12,1.0755
2020-08-13,1.0784
2020-08-14,1.0754
2020-08-17,1.0765
2020-08-18,1.0773
2020-08-19,1.0811
2020-08-20,1.0786
2020-08-21,1.0744
2020-08-24,1.0761
2020-08-25,1.0752
2020-08-26,1.0738
2020-08-27,1.075
2020-08-28,1.0758
2020-08-31,1.0774
2020-09-01,1.0865
2020-09-02,1.0799
2020-09-03,1.0776
2020-09-04,1.0793
2020-09-07,1.0809
2020-09-08,1.082
2020-09-09,1.0806
2020-09-10,1.0766
2020-09-11,1.0777
2020-09-14,1.0768
2020-09-15,1.0768
2020-09-16,1.0753
2020-09-17,1.0742
2020-09-18,1.0776
2020-09-21,1.0761
2020-09-22,1.0748
2020-09-23,1.0773
2020-09-24,1.0772
2020-09-25,1.0798
2020-09-28,1.0816
2020-09-29,1.0795
2020-09-30,1.0804
2020-10-01,1.0787
2020-10-02,1.079
2020-10-05,1.0781
2020-10-06,1.0781
2020-10-07,1.0787
2020-10-08,1.0799
2020-10-09,1.0773
2020-10-12,1.0742
2020-10-13,1.0734
2020-10-14,1.0738
2020-10-15,1.0697
2020-10-16,1.0721
2020-10-19,1.0724
2020-10-20,1.0724
2020-10-21,1.0715
2020-10-22,1.0726
2020-10-23,1.0715
2020-10-26,1.0719
2020-10-27,1.0732
2020-10-28,1.0693
2020-10-29,1.0684
2020-10-30,1.0698
2020-11-02,1.0695
2020-11-03,1.0709
2020-11-04,1.0675
2020-11-05,1.0724
2020-11-06,1.0682
2020-11-09,1.0778
2020-11-10,1.0817
2020-11-11,1.0793
2020-11-12,1.0805
2020-11-13,1.0805
2020-11-16,1.0819
2020-11-17,1.0816
2020-11-18,1.0812
2020-11-19,1.0797
2020-11-20,1.0811
2020-11-23,1.0806
2020-11-24,1.0833
2020-11-25,1.0835
2020-11-26,1.0813
2020-11-27,1.0826
2020-11-30,1.0839
2020-12-01,1.0836
2020-12-02,1.0819
2020-12-03,1.0831
2020-12-04,1.0822
2020-12-07,1.0802
2020-12-08,1.0781
2020-12-09,1.0764
2020-12-10,1.0757
2020-12-11,1.0786
2020-12-14,1.0776
2020-12-15,1.077
2020-12-16,1.0786
2020-12-17,1.0821
2020-12-18,1.0845
2020-12-21,1.081
2020-12-22,1.0837
2020-12-23,1.0837
2020-12-24,1.0851
2020-12-28,1.0854
2020-12-29,1.0862
2020-12-30,1.0857
2020-12-31,1.0802
2021-01-04,1.0811
2021-01-05,1.0803
2021-01-06,1.0821
2021-01-07,1.0833
2021-01-08,1.0827
2021-01-11,1.0838
2021-01-12,1.0812
2021-01-13,1.0812
2021-01-14,1.0805
2021-01-15,1.077
2021-01-18,1.0747
2021-01-19,1.0769
2021-01-20,1.0778
2021-01-21,1.0773
2021-01-22,1.0773
2021-01-25,1.0772
2021-01-26,1.0789
2021-01-27,1.0759
2021-01-28,1.0783
2021-01-29,1.0798
2021-02-01,1.0816
2021-02-02,1.0808
2021-02-03,1.0804
2021-02-04,1.0818
2021-02-05,1.0825
2021-02-08,1.0842
2021-02-09,1.0817
2021-02-10,1.0805
2021-02-11,1.0802
2021-02-12,1.0803
2021-02-15,1.0802
2021-02-16,1.08
2021-02-17,1.0806
2021-02-18,1.0829
2021-02-19,1.0851
2021-02-22,1.0888
2021-02-23,1.0946
2021-02-24,1.1029
2021-02-25,1.1076
2021-02-26,1.0986
2021-03-01,1.1014
2021-03-02,1.105
2021-03-03,1.1064
2021-03-04,1.1114
2021-03-05,1.1066
2021-03-08,1.1087
2021-03-09,1.1071
2021-03-10,1.1069
2021-03-11,1.1066
2021-03-12,1.1094
2021-03-15,1.1084
2021-03-16,1.1033
2021-03-17,1.1047
2021-03-18,1.1069
2021-03-19,1.1066
2021-03-22,1.1023
2021-03-23,1.1066
2021-03-24,1.1068
2021-03-25,1.1045
2021-03-26,1.109
2021-03-29,1.1075
2021-03-30,1.1057
2021-03-31,1.107
2021-04-01,1.1099
2021-04-06,1.107
2021-04-07,1.1044
2021-04-08,1.1021
2021-04-09,1.101
2021-04-12,1.0998
2021-04-13,1.1001
2021-04-14,1.1033
2021-04-15,1.1046
2021-04-16,1.1011
2021-04-19,1.0998
2021-04-20,1.1029
2021-04-21,1.1026
2021-04-22,1.1035
2021-04-23,1.1038
2021-04-26,1.1067
2021-04-27,1.1038
2021-04-28,1.1044
2021-04-29,1.102
2021-04-30,1.0998
2021-05-03,1.1016
2021-05-04,1.098
2021-05-05,1.0965
2021-05-06,1.0953
2021-05-07,1.0963
2021-05-10,1.0939
2021-05-11,1.0976
2021-05-12,1.0966
2021-05-13,1.096
2021-05-14,1.0952
2021-05-17,1.095
2021-05-18,1.0963
2021-05-19,1.1008
2021-05-20,1.0991
2021-05-21,1.0951
2021-05-24,1.0957
2021-05-25,1.0977
2021-05-26,1.0958
2021-05-27,1.0967
2021-05-28,1.096
2021-05-31,1.0982
2021-06-01,1.0986
2021-06-02,1.0982
2021-06-03,1.0961
2021-06-04,1.0951
2021-06-07,1.0934
2021-06-08,1.0914
2021-06-09,1.0913
2021-06-10,1.0909
2021-06-11,1.0883
2021-06-14,1.0889
2021-06-15,1.0899
2021-06-16,1.0896
2021-06-17,1.0925
2021-06-18,1.0941
2021-06-21,1.0954
2021-06-22,1.0943
2021-06-23,1.0963
2021-06-24,1.0967
2021-06-25,1.0956
2021-06-28,1.0969
2021-06-29,1.0965
2021-06-30,1.098
2021-07-01,1.0985
2021-07-02,1.0945
2021-07-05,1.0935
2021-07-06,1.093
2021-07-07,1.0917
2021-07-08,1.0851
2021-07-09,1.0852
2021-07-12,1.0852
2021-07-13,1.0857
2021-07-14,1.084
2021-07-15,1.0828
2021-07-16,1.0853
2021-07-19,1.084
2021-07-20,1.0838
2021-07-21,1.0848
2021-07-22,1.0829
2021-07-23,1.0838
2021-07-26,1.0826
2021-07-27,1.0806
2021-07-28,1.0802
2021-07-29,1.0788
2021-07-30,1.0771
2021-08-02,1.0761
2021-08-03,1.0735
2021-08-04,1.0729
2021-08-05,1.0733
2021-08-06,1.0724
2021-08-09,1.0786
2021-08-10,1.0813
2021-08-11,1.0818
2021-08-12,1.0824
2021-08-13,1.0829
2021-08-16,1.0758
2021-08-17,1.0713
2021-08-18,1.0726
2021-08-19,1.0723
2021-08-20,1.0711
2021-08-23,1.0744
2021-08-24,1.0711
2021-08-25,1.0739
2021-08-26,1.0789
2021-08-27,1.0796
2021-08-30,1.0798
2021-08-31,1.0799
2021-09-01,1.0845
2021-09-02,1.0848
2021-09-03,1.0863
2021-09-06,1.0869
2021-09-07,1.0853
2021-09-08,1.0888
2021-09-09,1.0861
2021-09-10,1.0854
2021-09-13,1.0873
2021-09-14,1.0887
2021-09-15,1.0845
2021-09-16,1.0886
2021-09-17,1.0931
2021-09-20,1.0883
2021-09-21,1.0845
2021-09-22,1.082
2021-09-23,1.0831
2021-09-24,1.083
2021-09-27,1.085
2021-09-28,1.084
2021-09-29,1.0829
2021-09-30,1.083
2021-10-01,1.0791
2021-10-04,1.0768
2021-10-05,1.0752
2021-10-06,1.0715
2021-10-07,1.0712
2021-10-08,1.0734
2021-10-11,1.0722
2021-10-12,1.0729
2021-10-13,1.0722
2021-10-14,1.0686
2021-10-15,1.0729
2021-10-18,1.0712
2021-10-19,1.0716
2021-10-20,1.0739
2021-10-21,1.069
2021-10-22,1.0668
2021-10-25,1.0666
2021-10-26,1.0684
2021-10-27,1.067
2021-10-28,1.0656
2021-10-29,1.0611
2021-11-01,1.0562
2021-11-02,1.0594
2021-11-03,1.0568
2021-11-04,1.0554
2021-11-05,1.0559
2021-11-08,1.0591
2021-11-09,1.0592
2021-11-10,1.0555
2021-11-11,1.0561
2021-11-12,1.0568
2021-11-15,1.0533
2021-11-16,1.0528
2021-11-17,1.053
2021-11-18,1.0511
2021-11-19,1.0462
2021-11-22,1.0454
2021-11-23,1.0492
2021-11-24,1.0484
2021-11-25,1.048
2021-11-26,1.0446
2021-11-29,1.044
2021-11-30,1.043
2021-12-01,1.0427
2021-12-02,1.0414
2021-12-03,1.0387
2021-12-06,1.0416
2021-12-07,1.0414
2021-12-08,1.0432
2021-12-09,1.0446
2021-12-10,1.0424
2021-12-13,1.0418
2021-12-14,1.0404
2021-12-15,1.0416
2021-12-16,1.0457
2021-12-17,1.0409
2021-12-20,1.0408
2021-12-21,1.0417
2021-12-22,1.0432
2021-12-23,1.0413
2021-12-24,1.0402
2021-12-27,1.0396
2021-12-28,1.0381
2021-12-29,1.038
2021-12-30,1.0363
2021-12-31,1.0331
2022-01-03,1.0372
2022-01-04,1.0355
2022-01-05,1.0364
2022-01-06,1.0395
2022-01-07,1.0422
2022-01-10,1.0446
2022-01-11,1.0502
2022-01-12,1.0486
2022-01-13,1.0453
2022-01-14,1.0429
2022-01-17,1.0429
2022-01-18,1.0414
2022-01-19,1.0383
2022-01-20,1.0382
2022-01-21,1.0353
2022-01-24,1.0308
2022-01-25,1.0364
2022-01-26,1.0386
2022-01-27,1.0391
2022-01-28,1.0378
2022-01-31,1.0404
2022-02-01,1.0374
2022-02-02,1.0399
2022-02-03,1.0407
2022-02-04,1.0567
2022-02-07,1.0571
2022-02-08,1.0545
2022-02-09,1.0555
2022-02-10,1.0571
2022-02-11,1.0557
2022-02-14,1.0472
2022-02-15,1.0483
2022-02-16,1.0516
2022-02-17,1.0466
2022-02-18,1.0452
2022-02-21,1.0387
2022-02-22,1.0422
2022-02-23,1.0431
2022-02-24,1.032
2022-02-25,1.0398
2022-02-28,1.0336
2022-03-01,1.0247
2022-03-02,1.0216
2022-03-03,1.0192
2022-03-04,1.0056
2022-03-07,1.0069
2022-03-08,1.0111
2022-03-09,1.0198
2022-03-10,1.027
2022-03-11,1.023
2022-03-14,1.0249
2022-03-15,1.0322
2022-03-16,1.0336
2022-03-17,1.0385
2022-03-18,1.0314
2022-03-21,1.0278
2022-03-22,1.0275
2022-03-23,1.0269
2022-03-24,1.0225
2022-03-25,1.0207
2022-03-28,1.0257
2022-03-29,1.0362
2022-03-30,1.0309
2022-03-31,1.0267
2022-04-01,1.0217
2022-04-04,1.0203
2022-04-05,1.0141
2022-04-06,1.0187
2022-04-07,1.0185
2022-04-08,1.0155
2022-04-11,1.018
2022-04-12,1.0131
2022-04-13,1.0116
2022-04-14,1.0189
2022-04-19,1.0208
2022-04-20,1.0254
2022-04-21,1.0335
2022-04-22,1.0336
2022-04-25,1.0267
2022-04-26,1.0229
2022-04-27,1.0229
2022-04-28,1.0216
2022-04-29,1.0229
2022-05-02,1.0253
2022-05-03,1.0272
2022-05-04,1.0324
2022-05-05,1.0355
2022-05-06,1.0419
2022-05-09,1.0462
2022-05-10,1.0479
2022-05-11,1.0446
2022-05-12,1.0377
2022-05-13,1.0385
2022-05-16,1.0479
2022-05-17,1.0457
2022-05-18,1.0486
2022-05-19,1.0265
2022-05-20,1.028
2022-05-23,1.031
2022-05-24,1.0334
2022-05-25,1.0269
2022-05-26,1.0283
2022-05-27,1.0258
2022-05-30,1.0327
2022-05-31,1.0281
2022-06-01,1.0305
2022-06-02,1.0264
2022-06-03,1.0296
2022-06-06,1.032
2022-06-07,1.0423
2022-06-08,1.0486
2022-06-09,1.0495
2022-06-10,1.0404
2022-06-13,1.0375
2022-06-14,1.0394
2022-06-15,1.0435
2022-06-16,1.0142
2022-06-17,1.0105
2022-06-20,1.0162
2022-06-21,1.0214
2022-06-22,1.0153
2022-06-23,1.013
2022-06-24,1.0072
2022-06-27,1.0143
2022-06-28,1.0101
2022-06-29,1.0005
2022-06-30,0.996
2022-07-01,1.0027
2022-07-04,1.0037
2022-07-05,0.9932
2022-07-06,0.9896
2022-07-07,0.9906
2022-07-08,0.9913
2022-07-11,0.9908
2022-07-12,0.9883
2022-07-13,0.9829
2022-07-14,0.9841
2022-07-15,0.9849
2022-07-18,0.9911
2022-07-19,0.9918
2022-07-20,0.9896
2022-07-21,0.9924
2022-07-22,0.9832
2022-07-25,0.9869
2022-07-26,0.9765
2022-07-27,0.9768
2022-07-28,0.9745
2022-07-29,0.9744
2022-08-01,0.9717
2022-08-02,0.9744
2022-08-03,0.9773
2022-08-04,0.9765
2022-08-05,0.9776
2022-08-08,0.9763
2022-08-09,0.9763
2022-08-10,0.9713
2022-08-11,0.9712
2022-08-12,0.9689
2022-08-15,0.9631
2022-08-16,0.9625
2022-08-17,0.9686
2022-08-18,0.9683
2022-08-19,0.9616
2022-08-22,0.958
2022-08-23,0.9602
2022-08-24,0.9576
2022-08-25,0.9616
2022-08-26,0.9642
2022-08-29,0.967
2022-08-30,0.9741
2022-08-31,0.9796
2022-09-01,0.9802
2022-09-02,0.9839
2022-09-05,0.9747
2022-09-06,0.9745
2022-09-07,0.975
2022-09-08,0.9739
2022-09-09,0.9657
2022-09-12,0.9667
2022-09-13,0.9669
2022-09-14,0.9612
2022-09-15,0.9572
2022-09-16,0.9579
2022-09-19,0.9658
2022-09-20,0.9644
2022-09-21,0.9549
2022-09-22,0.9684
2022-09-23,0.9565
2022-09-26,0.9555
2022-09-27,0.9503
2022-09-28,0.9437
2022-09-29,0.9538
2022-09-30,0.9561
2022-10-03,0.9658
2022-10-04,0.9767
2022-10-05,0.9756
2022-10-06,0.9709
2022-10-07,0.97
2022-10-10,0.968
2022-10-11,0.9675
2022-10-12,0.9664
2022-10-13,0.9725
2022-10-14,0.9757
2022-10-17,0.9762
2022-10-18,0.9792
2022-10-19,0.981
2022-10-20,0.9836
2022-10-21,0.9855
2022-10-24,0.9856
2022-10-25,0.9888
2022-10-26,0.9917
2022-10-27,0.9949
2022-10-28,0.992
2022-10-31,0.9925
2022-11-01,0.9878
2022-11-02,0.9861
2022-11-03,0.9889
2022-11-04,0.9863
2022-11-07,0.9874
2022-11-08,0.9911
2022-11-09,0.988
2022-11-10,0.9834
2022-11-11,0.9844
2022-11-14,0.9751
2022-11-15,0.979
2022-11-16,0.9795
2022-11-17,0.9818
2022-11-18,0.9881
2022-11-21,0.9817
2022-11-22,0.9791
2022-11-23,0.9795
2022-11-24,0.9818
2022-11-25,0.9836
2022-11-28,0.9872
2022-11-29,0.9862
2022-11-30,0.9854
2022-12-01,0.9868
2022-12-02,0.9834
2022-12-05,0.9893
2022-12-06,0.9872
2022-12-07,0.9893
2022-12-08,0.9889
2022-12-09,0.9856
2022-12-12,0.9855
2022-12-13,0.9869
2022-12-14,0.9865
2022-12-15,0.9862
2022-12-16,0.9879
2022-12-19,0.9884
2022-12-20,0.9854
2022-12-21,0.9836
2022-12-22,0.9852
2022-12-23,0.9867
2022-12-27,0.9885
2022-12-28,0.9863
2022-12-29,0.984
2022-12-30,0.9847
2023-01-02,0.9873
2023-01-03,0.9879
2023-01-04,0.9843
2023-01-05,0.9839
2023-01-06,0.9864
2023-01-09,0.9865
2023-01-10,0.9908
2023-01-11,0.9967
2023-01-12,1.0056
2023-01-13,1.0051
2023-01-16,1.0026
2023-01-17,0.9998
2023-01-18,0.9906
2023-01-19,0.9921
2023-01-20,0.9962
2023-01-23,1.0013
2023-01-24,1.0053
2023-01-25,1.002
2023-01-26,1.0002
2023-01-27,1.0017
2023-01-30,1.0045
2023-01-31,1.0032
2023-02-01,0.998
2023-02-02,0.9992
2023-02-03,0.9989
2023-02-06,0.9964
2023-02-07,0.9906
2023-02-08,0.9881
2023-02-09,0.989
2023-02-10,0.9872
2023-02-13,0.9849
2023-02-14,0.987
2023-02-15,0.9885
2023-02-16,0.9873
2023-02-17,0.9896
2023-02-20,0.9861
2023-02-21,0.9853
2023-02-22,0.987
2023-02-23,0.9892
2023-02-24,0.9898
2023-02-27,0.9929
2023-02-28,0.9947
2023-03-01,0.9997
2023-03-02,0.9988
2023-03-03,0.9958
2023-03-06,0.9947
2023-03-07,0.9959
2023-03-08,0.9931
2023-03-09,0.9911
2023-03-10,0.9824
2023-03-13,0.975
2023-03-14,0.9784
2023-03-15,0.9727
2023-03-16,0.982
2023-03-17,0.9858
2023-03-20,0.9928
2023-03-21,0.997
2023-03-22,0.996
2023-03-23,0.9969
2023-03-24,0.9874
2023-03-27,0.9875
2023-03-28,0.9947
2023-03-29,0.9973
2023-03-30,0.9963
2023-03-31,0.9968
2023-04-03,0.9949
2023-04-04,0.9954
2023-04-05,0.9901
2023-04-06,0.9878
2023-04-11,0.9868
2023-04-12,0.9853
2023-04-13,0.9804
2023-04-14,0.9827
2023-04-17,0.9812
2023-04-18,0.9831
2023-04-19,0.9828
2023-04-20,0.981
2023-04-21,0.9795
2023-04-24,0.98
2023-04-25,0.9786
2023-04-26,0.9824
2023-04-27,0.9862
2023-04-28,0.9839
2023-05-02,0.9841
2023-05-03,0.9809
2023-05-04,0.9802
2023-05-05,0.9828
2023-05-08,0.9813
2023-05-09,0.9788
2023-05-10,0.9771
2023-05-11,0.9758
2023-05-12,0.9744
2023-05-15,0.9747
2023-05-16,0.9732
2023-05-17,0.9746
2023-05-18,0.9735
2023-05-19,0.9738
2023-05-22,0.97
2023-05-23,0.9718
2023-05-24,0.9732
2023-05-25,0.9708
2023-05-26,0.9707
2023-05-29,0.9683
2023-05-30,0.969
2023-05-31,0.9724
2023-06-01,0.9732
2023-06-02,0.9758
2023-06-05,0.9732
2023-06-06,0.9698
2023-06-07,0.9704
2023-06-08,0.9751
2023-06-09,0.9716
2023-06-12,0.9751
2023-06-13,0.9784
2023-06-14,0.9751
2023-06-15,0.9761
2023-06-16,0.977
2023-06-19,0.9772
2023-06-20,0.9808
2023-06-21,0.9803
2023-06-22,0.9825
2023-06-23,0.9773
2023-06-26,0.9737
2023-06-27,0.9789
2023-06-28,0.9822
2023-06-29,0.9783
2023-06-30,0.9788
2023-07-03,0.98
2023-07-04,0.9762
2023-07-05,0.9782
2023-07-06,0.9757
2023-07-07,0.9754
2023-07-10,0.9753
2023-07-11,0.9693
2023-07-12,0.9683
2023-07-13,0.9644
2023-07-14,0.9649
2023-07-17,0.9652
2023-07-18,0.9647
2023-07-19,0.9628
2023-07-20,0.9635
2023-07-21,0.963
2023-07-24,0.9595
2023-07-25,0.9598
2023-07-26,0.9549
2023-07-27,0.9542
2023-07-28,0.9554
2023-07-31,0.9619
2023-08-01,0.961
2023-08-02,0.9642
2023-08-03,0.9579
2023-08-04,0.9598
2023-08-07,0.9625
2023-08-08,0.96
2023-08-09,0.9627
2023-08-10,0.9618
2023-08-11,0.9617
2023-08-14,0.9608
2023-08-15,0.9586
2023-08-16,0.9605
2023-08-17,0.9555
2023-08-18,0.9571
2023-08-21,0.9588
2023-08-22,0.9565
2023-08-23,0.9524
2023-08-24,0.9562
2023-08-25,0.9564
2023-08-28,0.9559
2023-08-29,0.9558
2023-08-30,0.9568
2023-08-31,0.9584
2023-09-01,0.9574
2023-09-04,0.9548
2023-09-05,0.9548
2023-09-06,0.9561
2023-09-07,0.9557
2023-09-08,0.9543
2023-09-11,0.956
2023-09-12,0.9561
2023-09-13,0.9589
2023-09-14,0.9588
2023-09-15,0.9554
2023-09-18,0.9564
2023-09-19,0.9595
2023-09-20,0.9601
2023-09-21,0.9628
2023-09-22,0.965
2023-09-25,0.9676
2023-09-26,0.9675
2023-09-27,0.968
2023-09-28,0.9678
2023-09-29,0.9669
2023-10-02,0.9634
2023-10-03,0.966
2023-10-04,0.9634
2023-10-05,0.9625
2023-10-06,0.9629
2023-10-09,0.9581
2023-10-10,0.9589
2023-10-11,0.9576
2023-10-12,0.9566
2023-10-13,0.9546
2023-10-16,0.9505
2023-10-17,0.9517
2023-10-18,0.9492
2023-10-19,0.947
2023-10-20,0.9442
2023-10-23,0.9461
2023-10-24,0.9501
2023-10-25,0.9474
2023-10-26,0.9466
2023-10-27,0.9502
2023-10-30,0.9564
2023-10-31,0.9607
2023-11-01,0.9572
2023-11-02,0.9622
2023-11-03,0.9625
2023-11-06,0.9646
2023-11-07,0.9626
2023-11-08,0.9599
2023-11-09,0.9637
2023-11-10,0.9636
2023-11-13,0.9656
2023-11-14,0.9668
2023-11-15,0.964
2023-11-16,0.9651
2023-11-17,0.9643
2023-11-20,0.9665
2023-11-21,0.9673
2023-11-22,0.964
2023-11-23,0.9644
2023-11-24,0.964
2023-11-27,0.964
2023-11-28,0.9645
2023-11-29,0.9628
2023-11-30,0.9562
2023-12-01,0.953
2023-12-04,0.9476
2023-12-05,0.9456
2023-12-06,0.9429
2023-12-07,0.9446
2023-12-08,0.9438
2023-12-11,0.9478
2023-12-12,0.9443
2023-12-13,0.9452
2023-12-14,0.949
2023-12-15,0.9488
2023-12-18,0.948
2023-12-19,0.947
2023-12-20,0.946
2023-12-21,0.9432
2023-12-22,0.9417
2023-12-27,0.9438
2023-12-28,0.9302
2023-12-29,0.926
2024-01-02,0.9305
2024-01-03,0.9322
2024-01-04,0.9313
2024-01-05,0.932
2024-01-08,0.9308
2024-01-09,0.9313
2024-01-10,0.9336
2024-01-11,0.9338
2024-01-12,0.935
2024-01-15,0.9351
2024-01-16,0.9361
2024-01-17,0.9406
2024-01-18,0.9432
2024-01-19,0.9459
2024-01-22,0.9458
2024-01-23,0.9446
2024-01-24,0.9415
2024-01-25,0.942
2024-01-26,0.9396
2024-01-29,0.9339
2024-01-30,0.9365
2024-01-31,0.9348
2024-02-01,0.9336
2024-02-02,0.9315
2024-02-05,0.9347
2024-02-06,0.9366
2024-02-07,0.9393
2024-02-08,0.9409
2024-02-09,0.9432
2024-02-12,0.943
2024-02-13,0.9481
2024-02-14,0.9493
2024-02-15,0.9484
2024-02-16,0.9491
2024-02-19,0.9492
2024-02-20,0.9526
2024-02-21,0.951
2024-02-22,0.9535
2024-02-23,0.9522
2024-02-26,0.9546
2024-02-27,0.9544
2024-02-28,0.952
2024-02-29,0.9534
2024-03-01,0.9582
2024-03-04,0.9604
2024-03-05,0.9609
2024-03-06,0.9619
2024-03-07,0.9577
2024-03-08,0.9588
2024-03-11,0.9594
2024-03-12,0.9588
2024-03-13,0.9599
2024-03-14,0.9616
2024-03-15,0.9613
2024-03-18,0.963
2024-03-19,0.963
2024-03-20,0.9658
2024-03-21,0.9766
2024-03-22,0.9729
2024-03-25,0.9724
2024-03-26,0.981
2024-03-27,0.9811
2024-03-28,0.9766
2024-04-02,0.9765
2024-04-03,0.9792
2024-04-04,0.9846
2024-04-05,0.9793
2024-04-08,0.9807
2024-04-09,0.9819
2024-04-10,0.981
2024-04-11,0.9787
2024-04-12,0.9716
2024-04-15,0.9725
2024-04-16,0.9712
2024-04-17,0.9693
2024-04-18,0.9704
2024-04-19,0.968
2024-04-22,0.9693
2024-04-23,0.9724
2024-04-24,0.9774
2024-04-25,0.9792
2024-04-26,0.9779
2024-04-29,0.9776
2024-04-30,0.9787
2024-05-02,0.9759
2024-05-03,0.9744
2024-05-06,0.9754
2024-05-07,0.977
2024-05-08,0.977
2024-05-09,0.976
2024-05-10,0.9779
2024-05-13,0.9784
2024-05-14,0.9801
2024-05-15,0.98
2024-05-16,0.9822
2024-05-17,0.9855
2024-05-20,0.988
2024-05-21,0.9884
2024-05-22,0.9905
2024-05-23,0.9907
2024-05-24,0.9924
2024-05-27,0.9922
2024-05-28,0.9908
2024-05-29,0.9907
2024-05-30,0.9808
2024-05-31,0.9818
2024-06-03,0.9772
2024-06-04,0.9703
2024-06-05,0.9704
2024-06-06,0.9687
2024-06-07,0.9696
2024-06-10,0.9637
2024-06-11,0.9622
2024-06-12,0.9641
2024-06-13,0.9668
2024-06-14,0.9534
2024-06-17,0.9561
2024-06-18,0.9512
2024-06-19,0.9506
2024-06-20,0.9546
2024-06-21,0.9537
2024-06-24,0.9586
2024-06-25,0.9575
2024-06-26,0.9585
2024-06-27,0.9604
2024-06-28,0.9634
2024-07-01,0.9689
2024-07-02,0.9697
2024-07-03,0.9718
2024-07-04,0.9717
2024-07-05,0.973
2024-07-08,0.9711
2024-07-09,0.9712
2024-07-10,0.9723
2024-07-11,0.9749
2024-07-12,0.9747
2024-07-15,0.9755
2024-07-16,0.9761
2024-07-17,0.9693
2024-07-18,0.9666
2024-07-19,0.9688
2024-07-22,0.9671
2024-07-23,0.9681
2024-07-24,0.9609
2024-07-25,0.9534
2024-07-26,0.9594
2024-07-29,0.9578
2024-07-30,0.9592
2024-07-31,0.9533
2024-08-01,0.9467
2024-08-02,0.9433
2024-08-05,0.9304
2024-08-06,0.9325
2024-08-07,0.9409
2024-08-08,0.9368
2024-08-09,0.9435
2024-08-12,0.9491
2024-08-13,0.948
2024-08-14,0.9515
2024-08-15,0.9541
2024-08-16,0.954
2024-08-19,0.9543
2024-08-20,0.9527
2024-08-21,0.9503
2024-08-22,0.949
2024-08-23,0.9476
2024-08-26,0.946
2024-08-27,0.944
2024-08-28,0.9375
2024-08-29,0.9364
2024-08-30,0.9416
2024-09-02,0.9415
2024-09-03,0.9409
2024-09-04,0.9396
2024-09-05,0.939
2024-09-06,0.9365
2024-09-09,0.9376
2024-09-10,0.9349
2024-09-11,0.9358
2024-09-12,0.9414
2024-09-13,0.9387
2024-09-16,0.9394
2024-09-17,0.9405
2024-09-18,0.9388
2024-09-19,0.946
2024-09-20,0.9486
2024-09-23,0.9448
2024-09-24,0.9439
2024-09-25,0.9495
2024-09-26,0.9452
2024-09-27,0.942
2024-09-30,0.9439
2024-10-01,0.9394
2024-10-02,0.9388
2024-10-03,0.9387
2024-10-04,0.9394
2024-10-07,0.9388
2024-10-08,0.941
2024-10-09,0.9397
2024-10-10,0.9393
2024-10-11,0.9378
2024-10-14,0.9409
2024-10-15,0.9401
2024-10-16,0.9397
2024-10-17,0.938
2024-10-18,0.9401
2024-10-21,0.938
2024-10-22,0.9365
2024-10-23,0.934
2024-10-24,0.9349
2024-10-25,0.9382
2024-10-28,0.9367
2024-10-29,0.9369
2024-10-30,0.9393
2024-10-31,0.9412
2024-11-01,0.9427
2024-11-04,0.941
2024-11-05,0.9402
2024-11-06,0.9368
2024-11-07,0.9432
2024-11-08,0.9393
2024-11-11,0.9369
2024-11-12,0.9354
2024-11-13,0.9379
2024-11-14,0.9369
2024-11-15,0.9389
2024-11-18,0.9364
2024-11-19,0.9329
2024-11-20,0.9342
2024-11-21,0.9294
2024-11-22,0.9272
2024-11-25,0.9324
2024-11-26,0.9314
2024-11-27,0.9309
2024-11-28,0.9314
2024-11-29,0.9309
2024-12-02,0.9316
2024-12-03,0.9309
2024-12-04,0.9305
2024-12-05,0.9305
2024-12-06,0.9284
2024-12-09,0.9295
2024-12-10,0.9267
2024-12-11,0.928
2024-12-12,0.9319
2024-12-13,0.9385
2024-12-16,0.9372
2024-12-17,0.9413
2024-12-18,0.9382
2024-12-19,0.9319
2024-12-20,0.9297
2024-12-23,0.9336
2024-12-24,0.9358
2024-12-27,0.9396
2024-12-30,0.9435
2024-12-31,0.9412
2025-01-02,0.9371
2025-01-03,0.9362
2025-01-06,0.9396
2025-01-07,0.9426
2025-01-08,0.9379
2025-01-09,0.9397
2025-01-10,0.9416
2025-01-13,0.9346
2025-01-14,0.9395
2025-01-15,0.9394
2025-01-16,0.9376
2025-01-17,0.9394
2025-01-20,0.9429
2025-01-21,0.9427
2025-01-22,0.9449
2025-01-23,0.9442
2025-01-24,0.9494
2025-01-27,0.9453
2025-01-28,0.9441
2025-01-29,0.943
2025-01-30,0.9441
2025-01-31,0.9449
2025-02-03,0.9393
2025-02-04,0.9396
2025-02-05,0.9395
2025-02-06,0.9385
2025-02-07,0.9418
2025-02-10,0.9396
2025-02-11,0.9429
2025-02-12,0.9457
2025-02-13,0.9421
2025-02-14,0.9442
2025-02-17,0.944
2025-02-18,0.9425
2025-02-19,0.9435
2025-02-20,0.9423
2025-02-21,0.942
2025-02-24,0.9415
2025-02-25,0.9386
2025-02-26,0.9392
2025-02-27,0.9407
2025-02-28,0.9394
2025-03-03,0.9428
2025-03-04,0.9371
2025-03-05,0.9514
2025-03-06,0.9565
2025-03-07,0.9557
2025-03-10,0.9512
2025-03-11,0.9608
2025-03-12,0.9619
2025-03-13,0.9579
2025-03-14,0.9641
2025-03-17,0.9616
2025-03-18,0.9601
2025-03-19,0.9583
2025-03-20,0.9564
2025-03-21,0.9547
2025-03-24,0.9544
2025-03-25,0.9539
2025-03-26,0.9532
2025-03-27,0.9524
2025-03-28,0.9525
2025-03-31,0.9531
2025-04-01,0.952
2025-04-02,0.9543
2025-04-03,0.9538
2025-04-04,0.9407
2025-04-07,0.9377
2025-04-08,0.9349
2025-04-09,0.9278
2025-04-10,0.9299
2025-04-11,0.9252
2025-04-14,0.9329
2025-04-15,0.9242
2025-04-16,0.926
2025-04-17,0.9291
2025-04-22,0.9318
2025-04-23,0.9382
2025-04-24,0.9392
2025-04-25,0.9421
2025-04-28,0.942
2025-04-29,0.9392
2025-04-30,0.9389
2025-05-02,0.9343
2025-05-05,0.9336
2025-05-06,0.9346
2025-05-07,0.9359
2025-05-08,0.9325
2025-05-09,0.9353
2025-05-12,0.9369
2025-05-13,0.9358
2025-05-14,0.939
2025-05-15,0.9377
2025-05-16,0.9381
2025-05-19,0.9394
2025-05-20,0.9366
2025-05-21,0.9352
2025-05-22,0.9343
2025-05-23,0.9299
2025-05-26,0.9356
2025-05-27,0.9386
2025-05-28,0.9364
2025-05-29,0.9339
2025-05-30,0.9341
2025-06-02,0.9336
2025-06-03,0.9358
2025-06-04,0.937
2025-06-05,0.9365
2025-06-06,0.9383
2025-06-09,0.9369
2025-06-10,0.9389
2025-06-11,0.9405
2025-06-12,0.9427
2025-06-13,0.9359
2025-06-16,0.9393
2025-06-17,0.9406
2025-06-18,0.9403
2025-06-19,0.9389
2025-06-20,0.9415
2025-06-23,0.9387
2025-06-24,0.9387
2025-06-25,0.9361
2025-06-26,0.9379
2025-06-27,0.9359
2025-06-30,0.9347
2025-07-01,0.9324
2025-07-02,0.933
2025-07-03,0.9351
2025-07-04,0.9346
2025-07-07,0.9354
2025-07-08,0.9351
2025-07-09,0.9325
2025-07-10,0.932
2025-07-11,0.931
2025-07-14,0.9307
2025-07-15,0.9299
2025-07-16,0.9326
2025-07-17,0.9323
2025-07-18,0.9324
2025-07-21,0.9325
2025-07-22,0.9326
2025-07-23,0.9306
2025-07-24,0.9341
2025-07-25,0.9343
2025-07-28,0.9334
2025-07-29,0.9305
2025-07-30,0.9301
2025-07-31,0.9297
2025-08-01,0.9312
2025-08-04,0.9344
2025-08-05,0.9347
2025-08-06,0.9369
2025-08-07,0.9413
2025-08-08,0.941
2025-08-11,0.943
2025-08-12,0.9418
2025-08-13,0.9409
2025-08-14,0.9415
2025-08-15,0.9418
2025-08-18,0.9423
2025-08-19,0.9409
2025-08-20,0.9403
2025-08-21,0.9389
2025-08-22,0.9383
2025-08-25,0.9385
2025-08-26,0.9376
2025-08-27,0.935
2025-08-28,0.9353
2025-08-29,0.9364
2025-09-01,0.9383
2025-09-02,0.9366
2025-09-03,0.9374
2025-09-04,0.9383
2025-09-05,0.939
2025-09-08,0.9328
2025-09-09,0.9331
2025-09-10,0.9338
2025-09-11,0.9346
2025-09-12,0.9347
2025-09-15,0.9353
2025-09-16,0.9336
2025-09-17,0.9317
2025-09-18,0.9331
2025-09-19,0.9344
2025-09-22,0.9348
2025-09-23,0.9344
2025-09-24,0.9335
2025-09-25,0.9344
2025-09-26,0.9332
2025-09-29,0.9357
2025-09-30,0.9364
2025-10-01,0.9365
2025-10-02,0.935
2025-10-03,0.9343
2025-10-06,0.9314
2025-10-07,0.9314
2025-10-08,0.9305
2025-10-09,0.9309
2025-10-10,0.9324
2025-10-13,0.9304
2025-10-14,0.9296
2025-10-15,0.9305
2025-10-16,0.9302
2025-10-17,0.9257
2025-10-20,0.9239
2025-10-21,0.923
2025-10-22,0.9228
2025-10-23,0.9249
2025-10-24,0.9248
2025-10-27,0.9264
2025-10-28,0.9262
2025-10-29,0.9278
2025-10-30,0.9281
2025-10-31,0.9287
2025-11-03,0.9298
2025-11-04,0.9295
2025-11-05,0.9307
2025-11-06,0.9316
2025-11-07,0.9312
2025-11-10,0.9318
2025-11-11,0.9278
2025-11-12,0.925
2025-11-13,0.9244
2025-11-14,0.9185
2025-11-17,0.9225
2025-11-18,0.9233
2025-11-19,0.9284
2025-11-20,0.9294
2025-11-21,0.9289
2025-11-24,0.9324
2025-11-25,0.9345
2025-11-26,0.9341
2025-11-27,0.9337
2025-11-28,0.9318
2025-12-01,0.9323
2025-12-02,0.9346
2025-12-03,0.9336
2025-12-04,0.934
2025-12-05,0.9365
2025-12-08,0.9388
2025-12-09,0.9385
2025-12-10,0.9356
2025-12-11,0.9333
2025-12-12,0.9333
2025-12-15,0.9355
2025-12-16,0.9351
2025-12-17,0.9332
2025-12-18,0.9316
2025-12-19,0.9318
2025-12-22,0.9316
2025-12-23,0.9287
2025-12-24,0.9284
2025-12-29,0.9293
2025-12-30,0.9293
2025-12-31,0.9314
2026-01-02,0.9296
2026-01-05,0.9289
2026-01-06,0.9287
2026-01-07,0.9304
2026-01-08,0.9312
2026-01-09,0.9314
2026-01-12,0.9313
2026-01-13,0.9311
2026-01-14,0.9333
2026-01-15,0.9314
2026-01-16,0.9313
2026-01-19,0.9282
2026-01-20,0.9268
2026-01-21,0.9268
2026-01-22,0.9283
2026-01-23,0.9277
2026-01-26,0.9223
2026-01-27,0.9197
2026-01-28,0.9188
2026-01-29,0.9182
2026-01-30,0.9157
2026-02-02,0.9199
2026-02-03,0.9173
2026-02-04,0.9168
2026-02-05,0.9161
2026-02-06,0.9175
2026-02-09,0.915
2026-02-10,0.9123
2026-02-11,0.9136
2026-02-12,0.9142
2026-02-13,0.9121
2026-02-16,0.9129
2026-02-17,0.9116
2026-02-18,0.9124
2026-02-19,0.9119
2026-02-20,0.9132
2026-02-23,0.9145
2026-02-24,0.912
2026-02-25,0.913
2026-02-26,0.914
2026-02-27,0.9104
2026-03-02,0.9117
2026-03-03,0.9107
2026-03-04,0.9082
2026-03-05,0.9064
2026-03-06,0.9045
2026-03-09,0.9008
2026-03-10,0.9027
2026-03-11,0.9031
2026-03-12,0.9028
2026-03-13,0.9034
2026-03-16,0.9041
2026-03-17,0.9068
2026-03-18,0.9073
2026-03-19,0.9121
2026-03-20,0.9096
2026-03-23,0.9124
2026-03-24,0.9145
2026-03-25,0.9153
2026-03-26,0.9151
2026-03-27,0.9178
2026-03-30,0.9187
2026-03-31,0.9194
2026-04-01,0.9191
2026-04-02,0.9213
2026-04-07,0.9242
2026-04-08,0.9223
2026-04-09,0.924
2026-04-10,0.9241
2026-04-13,0.9242
2026-04-14,0.921
2026-04-15,0.922
2026-04-16,0.923
2026-04-17,0.9231
2026-04-20,0.9189
2026-04-21,0.9172
2026-04-22,0.9175
2026-04-23,0.9177
2026-04-24,0.9199
2026-04-27,0.921
2026-04-28,0.9238
2026-04-29,0.9236
2026-04-30,0.919
2026-05-04,0.9173
2026-05-05,0.9165
2026-05-06,0.9165
2026-05-07,0.9157
2026-05-08,0.9156
2026-05-11,0.9163
2026-05-12,0.9172
2026-05-13,0.9155
2026-05-14,0.915
2026-05-15,0.9144
2026-05-18,0.9144
2026-05-19,0.915
2026-05-20,0.9165
2026-05-21,0.9145
2026-05-22,0.9119
2026-05-25,0.9099
2026-05-26,0.9136
2026-05-27,0.9153
2026-05-28,0.9167
2026-05-29,0.9111
2026-06-01,0.9128
2026-06-02,0.9149
2026-06-03,0.9167
2026-06-04,0.9168
2026-06-05,0.9175
2026-06-08,0.9187
2026-06-09,0.9206
2026-06-10,0.9222
2026-06-11,0.9221
2026-06-12,0.9217
2026-06-15,0.9212
2026-06-16,0.9224
2026-06-17,0.9193
2026-06-18,0.9218
2026-06-19,0.9248
2026-06-22,0.9257
2026-06-23,0.9225
2026-06-24,0.9216
2026-06-25,0.9223
2026-06-26,0.9218
2026-06-29,0.9222
2026-06-30,0.9224
2026-07-01,0.9234
2026-07-02,0.92
2026-07-03,0.919
2026-07-06,0.9201
2026-07-07,0.9218
2026-07-08,0.9222
2026-07-09,0.9227
2026-07-10,0.9223
2026-07-13,0.9253
2026-07-14,0.9257
2026-07-15,0.9256
2026-07-16,0.925
2026-07-17,0.9228
2026-07-20,0.9236
2026-07-21,0.9259
2026-07-22,0.9268
2026-07-23,0.9295
2026-07-24,0.9302
2026-07-27,0.9284
2026-07-28,0.9319
2026-07-29,0.9332
2026-07-30,0.9324
2026-07-31,0.9304
2026-08-03,0.932
2026-08-04,0.9319
2026-08-05,0.9345
2026-08-06,0.9346
2026-08-07,0.9347
2026-08-10,0.934
2026-08-11,0.9351
2026-08-12,0.9366
2026-08-13,0.9373
2026-08-14,0.939
2026-08-17,0.9389
2026-08-18,0.9406
2026-08-19,0.9402
2026-08-20,0.9333
2026-08-21,0.9353
2026-08-24,0.9362
2026-08-25,0.9361
2026-08-26,0.938
2026-08-27,0.9376
2026-08-28,0.9364
2026-08-31,0.9376
2026-09-01,0.9394
2026-09-02,0.9424
2026-09-03,0.939
2026-09-04,0.9405
2026-09-07,0.9405
2026-09-08,0.9425
2026-09-09,0.9404
2026-09-10,0.9432
2026-09-11,0.9451
2026-09-14,0.9431
2026-09-15,0.9441
2026-09-16,0.9449
2026-09-17,0.9466
2026-09-18,0.9462
2026-09-21,0.9438
2026-09-22,0.9393
2026-09-23,0.939
2026-09-24,0.9409
2026-09-25,0.9445
2026-09-28,0.9464
2026-09-29,0.9461
2026-09-30,0.9478
2026-10-01,0.9437
2026-10-02,0.9279
2026-10-05,0.9311
2026-10-06,0.9359
2026-10-07,0.9309
2026-10-08,0.9326
