date,value
2004-09-06,2.001665
2004-09-07,2.009089
2004-09-08,2.014613
2004-09-09,2.010833
2004-09-10,2.006281
2004-09-13,2.010258
2004-09-14,2.011633
2004-09-15,2.015563
2004-09-16,2.021747
2004-09-17,2.021331
2004-09-20,2.01824
2004-09-21,2.023524
2004-09-22,2.026928
2004-09-23,2.022301
2004-09-24,2.033869
2004-09-27,2.032291
2004-09-28,2.032201
2004-09-29,2.036293
2004-09-30,2.024796
2004-10-01,2.034256
2004-10-04,2.030037
2004-10-05,2.02977
2004-10-06,2.036292
2004-10-07,2.035085
2004-10-08,2.021519
2004-10-11,2.027656
2004-10-12,2.020482
2004-10-13,2.026243
2004-10-14,2.024524
2004-10-15,2.02563
2004-10-18,2.026838
2004-10-19,2.031681
2004-10-20,2.036704
2004-10-21,2.038141
2004-10-22,2.04044
2004-10-25,2.042913
2004-10-26,2.048369
2004-10-27,2.052677
2004-10-28,2.059353
2004-10-29,2.04721
2004-11-01,2.052788
2004-11-02,2.053249
2004-11-03,2.018627
2004-11-04,2.018034
2004-11-05,2.008925
2004-11-08,1.999852
2004-11-09,2.085755
2004-11-10,2.087957
2004-11-11,2.082789
2004-11-12,2.077984
2004-11-15,2.085391
2004-11-16,2.090238
2004-11-17,2.086328
2004-11-18,2.094794
2004-11-19,2.089133
2004-11-22,2.085911
2004-11-23,2.090782
2004-11-24,2.09543
2004-11-25,2.080715
2004-11-26,2.074809
2004-11-29,2.073738
2004-11-30,2.067124
2004-12-01,2.057893
2004-12-02,2.06706
2004-12-03,2.067609
2004-12-06,2.056429
2004-12-07,2.05336
2004-12-08,2.059033
2004-12-09,2.053515
2004-12-10,2.061514
2004-12-13,2.057724
2004-12-14,2.060911
2004-12-15,2.059941
2004-12-16,2.053866
2004-12-17,2.065336
2004-12-20,2.071826
2004-12-21,2.07555
2004-12-22,2.065698
2004-12-23,2.053916
2004-12-24,2.045726
2004-12-27,2.059608
2004-12-28,2.057731
2004-12-29,2.057414
2004-12-30,2.053698
2004-12-31,2.041646
2005-01-03,2.044401
2005-01-04,2.042685
2005-01-05,2.046621
2005-01-06,2.0348
2005-01-07,2.02859
2005-01-10,2.019663
2005-01-11,2.03861
2005-01-12,2.040711
2005-01-13,2.031684
2005-01-14,2.035916
2005-01-17,2.029396
2005-01-18,2.034317
2005-01-19,2.032301
2005-01-20,2.041417
2005-01-21,2.038582
2005-01-24,2.028394
2005-01-25,2.027587
2005-01-26,2.027844
2005-01-27,2.021782
2005-01-28,2.021977
2005-01-31,2.023002
2005-02-01,2.014212
2005-02-02,2.022511
2005-02-03,2.027593
2005-02-04,2.022869
2005-02-07,2.025239
2005-02-08,2.030962
2005-02-09,2.026322
2005-02-10,2.024923
2005-02-11,2.025057
2005-02-14,2.022705
2005-02-15,2.022969
2005-02-16,2.020415
2005-02-17,2.019248
2005-02-18,2.011828
2005-02-21,2.023157
2005-02-22,2.017635
2005-02-23,2.022062
2005-02-24,2.027234
2005-02-25,2.029126
2005-02-28,2.020606
2005-03-01,2.018221
2005-03-02,2.022183
2005-03-03,2.013019
2005-03-04,2.015434
2005-03-07,2.008681
2005-03-08,2.012697
2005-03-09,2.015552
2005-03-10,2.01916
2005-03-11,2.0164
2005-03-14,2.020452
2005-03-15,2.021742
2005-03-16,2.026585
2005-03-17,2.032506
2005-03-18,2.035092
2005-03-21,2.042412
2005-03-22,2.041946
2005-03-23,2.05163
2005-03-24,2.052687
2005-03-29,2.055063
2005-03-30,2.054379
2005-03-31,2.046213
2005-04-01,2.038475
2005-04-04,2.042011
2005-04-05,2.043703
2005-04-06,2.04202
2005-04-07,2.028585
2005-04-08,2.029614
2005-04-11,2.024294
2005-04-12,2.024713
2005-04-13,2.024612
2005-04-14,2.020618
2005-04-15,2.01103
2005-04-18,2.002762
2005-04-19,2.009735
2005-04-20,2.012087
2005-04-21,2.018697
2005-04-22,2.005253
2005-04-25,2.006724
2005-04-26,2.004244
2005-04-27,2.00149
2005-04-28,1.994824
2005-04-29,2.001053
2005-05-02,2.003583
2005-05-03,2.00468
2005-05-04,2.008009
2005-05-05,2.00469
2005-05-06,2.002498
2005-05-09,2.004987
2005-05-10,2.007261
2005-05-11,2.008843
2005-05-12,2.011141
2005-05-13,2.009375
2005-05-16,2.012972
2005-05-17,2.012733
2005-05-18,2.009587
2005-05-19,2.012759
2005-05-20,2.001163
2005-05-23,2.006227
2005-05-24,2.004307
2005-05-25,2.005204
2005-05-26,2.005984
2005-05-27,2.008819
2005-05-30,2.008132
2005-05-31,2.00366
2005-06-01,1.983742
2005-06-02,2.015433
2005-06-03,2.020399
2005-06-06,2.026881
2005-06-07,2.030525
2005-06-08,2.029838
2005-06-09,2.03825
2005-06-10,2.02767
2005-06-13,2.019376
2005-06-14,2.020361
2005-06-15,2.020998
2005-06-16,2.013374
2005-06-17,2.014577
2005-06-20,2.012862
2005-06-21,2.009943
2005-06-22,2.011663
2005-06-23,2.011428
2005-06-24,2.012544
2005-06-27,2.019985
2005-06-28,2.022399
2005-06-29,2.022427
2005-06-30,2.026596
2005-07-01,2.024938
2005-07-04,2.030086
2005-07-05,2.02079
2005-07-06,2.017779
2005-07-07,2.018964
2005-07-08,2.020988
2005-07-11,2.013974
2005-07-12,2.012511
2005-07-13,2.014152
2005-07-14,2.01287
2005-07-15,2.017081
2005-07-18,2.0182
2005-07-19,2.021185
2005-07-20,2.020475
2005-07-21,2.021803
2005-07-22,2.023559
2005-07-25,2.023299
2005-07-26,2.025957
2005-07-27,2.032912
2005-07-28,2.032546
2005-07-29,2.0322
2005-08-01,2.035093
2005-08-02,2.026157
2005-08-03,2.029978
2005-08-04,2.032324
2005-08-05,2.03641
2005-08-08,2.034479
2005-08-09,2.037743
2005-08-10,2.039308
2005-08-11,2.032375
2005-08-12,2.033414
2005-08-15,2.035961
2005-08-16,2.037203
2005-08-17,2.039406
2005-08-18,2.0358
2005-08-19,2.035128
2005-08-22,2.034744
2005-08-23,2.037489
2005-08-24,2.042549
2005-08-25,2.04127
2005-08-26,2.044398
2005-08-29,2.040476
2005-08-30,2.038581
2005-08-31,2.038882
2005-09-01,2.021378
2005-09-02,2.013743
2005-09-05,2.011487
2005-09-06,2.018623
2005-09-07,2.019942
2005-09-08,2.024057
2005-09-09,2.02578
2005-09-12,2.029995
2005-09-13,2.02926
2005-09-14,2.031201
2005-09-15,2.030497
2005-09-16,2.03022
2005-09-19,2.027501
2005-09-20,2.023277
2005-09-21,2.021113
2005-09-22,2.023092
2005-09-23,2.035312
2005-09-26,2.035331
2005-09-27,2.039206
2005-09-28,2.039845
2005-09-29,2.058311
2005-09-30,2.056967
2005-10-03,2.055333
2005-10-04,2.059153
2005-10-05,2.060742
2005-10-06,2.065969
2005-10-07,2.10161
2005-10-10,2.098055
2005-10-11,2.105405
2005-10-12,2.096538
2005-10-13,2.090458
2005-10-14,2.086248
2005-10-17,2.118428
2005-10-18,2.121062
2005-10-19,2.096691
2005-10-20,2.12326
2005-10-21,2.110713
2005-10-24,2.107681
2005-10-25,2.127831
2005-10-26,2.17126
2005-10-27,2.184505
2005-10-28,2.208041
2005-10-31,2.197033
2005-11-01,2.212568
2005-11-02,2.235887
2005-11-03,2.137259
2005-11-04,2.131968
2005-11-07,2.159524
2005-11-08,2.174946
2005-11-09,2.194143
2005-11-10,2.18603
2005-11-11,2.187277
2005-11-14,2.207324
2005-11-15,2.215051
2005-11-16,2.211634
2005-11-17,2.23048
2005-11-18,2.298825
2005-11-21,2.300705
2005-11-22,2.305852
2005-11-23,2.313537
2005-11-24,2.324595
2005-11-25,2.322496
2005-11-28,2.332248
2005-11-29,2.331654
2005-11-30,2.338137
2005-12-01,2.324914
2005-12-02,2.312111
2005-12-05,2.310989
2005-12-06,2.307641
2005-12-07,2.312436
2005-12-08,2.320148
2005-12-09,2.320169
2005-12-12,2.314876
2005-12-13,2.313605
2005-12-14,2.325727
2005-12-15,2.336912
2005-12-16,2.343842
2005-12-19,2.342065
2005-12-20,2.344505
2005-12-21,2.350799
2005-12-22,2.349757
2005-12-23,2.349982
2005-12-27,2.353858
2005-12-28,2.348662
2005-12-29,2.343288
2005-12-30,2.351995
2006-01-02,2.347018
2006-01-03,2.347791
2006-01-04,2.351666
2006-01-05,2.357218
2006-01-06,2.355848
2006-01-09,2.357828
2006-01-10,2.368516
2006-01-11,2.384171
2006-01-12,2.379267
2006-01-13,2.372308
2006-01-16,2.38353
2006-01-17,2.380549
2006-01-18,2.390111
2006-01-19,2.399783
2006-01-20,2.398839
2006-01-23,2.399448
2006-01-24,2.394523
2006-01-25,2.400619
2006-01-26,2.404687
2006-01-27,2.406608
2006-01-30,2.417253
2006-01-31,2.425376
2006-02-01,2.426603
2006-02-02,2.420549
2006-02-03,2.423395
2006-02-06,2.420773
2006-02-07,2.427354
2006-02-08,2.436479
2006-02-09,2.44142
2006-02-10,2.44805
2006-02-13,2.44743
2006-02-14,2.448818
2006-02-15,2.453027
2006-02-16,2.450428
2006-02-17,2.449939
2006-02-20,2.45793
2006-02-21,2.461982
2006-02-22,2.46597
2006-02-23,2.475224
2006-02-24,2.479168
2006-02-27,2.481877
2006-02-28,2.486592
2006-03-01,2.495194
2006-03-02,2.509745
2006-03-03,2.514786
2006-03-06,2.517618
2006-03-07,2.516067
2006-03-08,2.519119
2006-03-09,2.521554
2006-03-10,2.525243
2006-03-13,2.527648
2006-03-14,2.521899
2006-03-15,2.523764
2006-03-16,2.533242
2006-03-17,2.539005
2006-03-20,2.560807
2006-03-21,2.568816
2006-03-22,2.563604
2006-03-23,2.56893
2006-03-24,2.570084
2006-03-27,2.577475
2006-03-28,2.60602
2006-03-29,2.619625
2006-03-30,2.625062
2006-03-31,2.627187
2006-04-03,2.620702
2006-04-04,2.626897
2006-04-05,2.638892
2006-04-06,2.55258
2006-04-07,2.559915
2006-04-10,2.561737
2006-04-11,2.566643
2006-04-12,2.563599
2006-04-13,2.564548
2006-04-18,2.55378
2006-04-19,2.567267
2006-04-20,2.578941
2006-04-21,2.578359
2006-04-24,2.580042
2006-04-25,2.583173
2006-04-26,2.613331
2006-04-27,2.633041
2006-04-28,2.634919
2006-05-02,2.646436
2006-05-03,2.63274
2006-05-04,2.644208
2006-05-05,2.651613
2006-05-08,2.664607
2006-05-09,2.679319
2006-05-10,2.673952
2006-05-11,2.67789
2006-05-12,2.69151
2006-05-15,2.679697
2006-05-16,2.678009
2006-05-17,2.690903
2006-05-18,2.702168
2006-05-19,2.714447
2006-05-22,2.709701
2006-05-23,2.722323
2006-05-24,2.713998
2006-05-25,2.724152
2006-05-26,2.721452
2006-05-29,2.721661
2006-05-30,2.729778
2006-05-31,2.744418
2006-06-01,2.765484
2006-06-02,2.74903
2006-06-05,2.76455
2006-06-06,2.77389
2006-06-07,2.778684
2006-06-08,2.747404
2006-06-09,2.747968
2006-06-12,2.756079
2006-06-13,2.758722
2006-06-14,2.767398
2006-06-15,2.777819
2006-06-16,2.779465
2006-06-19,2.792405
2006-06-20,2.788486
2006-06-21,2.78714
2006-06-22,2.790961
2006-06-23,2.787561
2006-06-26,2.801932
2006-06-27,2.827028
2006-06-28,2.81919
2006-06-29,2.805578
2006-06-30,2.81498
2006-07-03,2.806752
2006-07-04,2.800694
2006-07-05,2.80969
2006-07-06,2.837081
2006-07-07,2.839335
2006-07-10,2.837567
2006-07-11,2.839846
2006-07-12,2.848651
2006-07-13,2.864984
2006-07-14,2.866973
2006-07-17,2.888906
2006-07-18,2.888644
2006-07-19,2.896295
2006-07-20,2.905413
2006-07-21,2.914968
2006-07-24,2.926433
2006-07-25,2.922377
2006-07-26,2.918475
2006-07-27,2.941917
2006-07-28,2.937602
2006-07-31,2.943778
2006-08-01,2.94581
2006-08-02,2.947614
2006-08-03,2.973172
2006-08-04,2.979067
2006-08-07,2.989053
2006-08-08,3.001585
2006-08-09,3.005273
2006-08-10,3.01028
2006-08-11,3.013235
2006-08-14,3.013199
2006-08-15,3.013523
2006-08-16,3.023629
2006-08-17,3.027389
2006-08-18,3.03005
2006-08-21,3.032957
2006-08-22,3.043276
2006-08-23,3.052471
2006-08-24,3.048389
2006-08-25,3.049761
2006-08-28,3.055136
2006-08-29,3.057228
2006-08-30,3.041538
2006-08-31,3.059894
2006-09-01,3.063303
2006-09-04,3.063146
2006-09-05,3.072439
2006-09-06,3.077365
2006-09-07,3.092012
2006-09-08,3.096886
2006-09-11,3.104072
2006-09-12,3.114966
2006-09-13,3.116066
2006-09-14,3.135986
2006-09-15,3.137981
2006-09-18,3.1487
2006-09-19,3.157748
2006-09-20,3.159774
2006-09-21,3.162966
2006-09-22,3.170815
2006-09-25,3.179755
2006-09-26,3.193551
2006-09-27,3.205467
2006-09-28,3.209508
2006-09-29,3.224766
2006-10-02,3.160595
2006-10-03,3.155318
2006-10-04,3.168602
2006-10-05,3.177802
2006-10-06,3.201035
2006-10-09,3.185029
2006-10-10,3.192017
2006-10-11,3.194175
2006-10-12,3.198691
2006-10-13,3.210266
2006-10-16,3.214413
2006-10-17,3.213639
2006-10-18,3.219887
2006-10-19,3.245936
2006-10-20,3.239217
2006-10-23,3.247065
2006-10-24,3.251774
2006-10-25,3.248807
2006-10-26,3.257542
2006-10-27,3.261455
2006-10-30,3.254386
2006-10-31,3.246931
2006-11-01,3.26194
2006-11-02,3.281801
2006-11-03,3.282238
2006-11-06,3.287227
2006-11-07,3.290642
2006-11-08,3.29398
2006-11-09,3.308686
2006-11-10,3.319938
2006-11-13,3.319007
2006-11-14,3.327977
2006-11-15,3.330326
2006-11-16,3.332833
2006-11-17,3.333864
2006-11-20,3.341012
2006-11-21,3.348888
2006-11-22,3.360765
2006-11-23,3.373614
2006-11-24,3.371499
2006-11-27,3.384113
2006-11-28,3.382155
2006-11-29,3.372033
2006-11-30,3.388139
2006-12-01,3.391813
2006-12-04,3.403245
2006-12-05,3.408658
2006-12-06,3.411792
2006-12-07,3.420818
2006-12-08,3.435427
2006-12-11,3.437339
2006-12-12,3.433108
2006-12-13,3.427641
2006-12-14,3.434206
2006-12-15,3.436184
2006-12-18,3.435685
2006-12-19,3.44066
2006-12-20,3.444994
2006-12-21,3.452966
2006-12-22,3.448344
2006-12-27,3.449585
2006-12-28,3.393942
2006-12-29,3.486439
2007-01-02,3.470209
2007-01-03,3.472074
2007-01-04,3.48645
2007-01-05,3.482087
2007-01-08,3.480665
2007-01-09,3.489729
2007-01-10,3.510053
2007-01-11,3.507823
2007-01-12,3.500824
2007-01-15,3.500876
2007-01-16,3.510547
2007-01-17,3.51075
2007-01-18,3.518544
2007-01-19,3.525558
2007-01-22,3.525655
2007-01-23,3.535378
2007-01-24,3.520011
2007-01-25,3.537817
2007-01-26,3.55024
2007-01-29,3.559965
2007-01-30,3.549629
2007-01-31,3.553835
2007-02-01,3.56234
2007-02-02,3.561881
2007-02-05,3.566551
2007-02-06,3.57382
2007-02-07,3.574045
2007-02-08,3.583685
2007-02-09,3.59059
2007-02-12,3.598148
2007-02-13,3.593052
2007-02-14,3.588707
2007-02-15,3.601955
2007-02-16,3.595612
2007-02-19,3.600868
2007-02-20,3.605314
2007-02-21,3.608008
2007-02-22,3.620987
2007-02-23,3.622796
2007-02-26,3.629722
2007-02-27,3.631916
2007-02-28,3.634459
2007-03-01,3.63492
2007-03-02,3.64075
2007-03-05,3.646474
2007-03-06,3.650545
2007-03-07,3.654955
2007-03-08,3.669146
2007-03-09,3.672942
2007-03-12,3.674073
2007-03-13,3.675228
2007-03-14,3.674485
2007-03-15,3.681177
2007-03-16,3.670228
2007-03-19,3.672313
2007-03-20,3.674787
2007-03-21,3.676645
2007-03-22,3.683022
2007-03-23,3.699251
2007-03-26,3.692328
2007-03-27,3.699632
2007-03-28,3.702139
2007-03-29,3.716658
2007-03-30,3.718306
2007-04-02,3.71309
2007-04-03,3.722902
2007-04-04,3.731229
2007-04-05,3.740222
2007-04-10,3.742824
2007-04-11,3.756146
2007-04-12,3.761075
2007-04-13,3.761095
2007-04-16,3.755584
2007-04-17,3.758596
2007-04-18,3.759105
2007-04-19,3.772934
2007-04-20,3.771822
2007-04-23,3.780815
2007-04-24,3.787201
2007-04-25,3.777113
2007-04-26,3.783298
2007-04-27,3.795661
2007-04-30,3.804821
2007-05-02,3.808294
2007-05-03,3.790511
2007-05-04,3.801362
2007-05-07,3.796857
2007-05-08,3.804207
2007-05-09,3.8026
2007-05-10,3.820508
2007-05-11,3.823092
2007-05-14,3.823332
2007-05-15,3.820189
2007-05-16,3.808095
2007-05-17,3.810076
2007-05-18,3.812637
2007-05-21,3.814582
2007-05-22,3.823809
2007-05-23,3.830223
2007-05-24,3.844875
2007-05-25,3.843385
2007-05-28,3.875111
2007-05-29,3.845934
2007-05-30,3.848646
2007-05-31,3.85461
2007-06-01,3.848951
2007-06-04,3.855949
2007-06-05,3.858977
2007-06-06,3.865764
2007-06-07,3.878661
2007-06-08,3.883288
2007-06-11,3.883137
2007-06-12,3.887279
2007-06-13,3.886294
2007-06-14,3.890676
2007-06-15,3.893296
2007-06-18,3.893671
2007-06-19,3.899912
2007-06-20,3.891001
2007-06-21,3.90027
2007-06-22,3.90191
2007-06-25,3.906
2007-06-26,3.914534
2007-06-27,3.91079
2007-06-28,3.913309
2007-06-29,3.917951
2007-07-02,3.903112
2007-07-03,3.908735
2007-07-04,3.90709
2007-07-05,3.917727
2007-07-06,3.922591
2007-07-09,3.924529
2007-07-10,3.918913
2007-07-11,3.918291
2007-07-12,3.919957
2007-07-13,3.93802
2007-07-16,3.936791
2007-07-17,3.936478
2007-07-18,3.927167
2007-07-19,3.952351
2007-07-20,3.965219
2007-07-23,3.969133
2007-07-24,3.98831
2007-07-25,3.996873
2007-07-26,3.991654
2007-07-27,3.969458
2007-07-30,3.976844
2007-07-31,3.984455
2007-08-01,3.979556
2007-08-02,3.979403
2007-08-03,4.001526
2007-08-06,3.983375
2007-08-07,3.994163
2007-08-08,4.01336
2007-08-09,4.01725
2007-08-10,3.987397
2007-08-13,3.99995
2007-08-14,3.99763
2007-08-15,3.992546
2007-08-16,3.991854
2007-08-17,3.936942
2007-08-20,3.932641
2007-08-21,3.891035
2007-08-22,3.910445
2007-08-23,3.97779
2007-08-24,3.924146
2007-08-27,3.928996
2007-08-28,3.916861
2007-08-29,3.890108
2007-08-30,3.897012
2007-08-31,3.8815
2007-09-03,3.891671
2007-09-04,3.903939
2007-09-05,3.938046
2007-09-06,3.92671
2007-09-07,3.926769
2007-09-10,3.920117
2007-09-11,3.922693
2007-09-12,3.912748
2007-09-13,3.901078
2007-09-14,3.88498
2007-09-17,3.887496
2007-09-18,3.89391
2007-09-19,3.866566
2007-09-20,3.847618
2007-09-21,3.857593
2007-09-24,3.864299
2007-09-25,3.879322
2007-09-26,3.863672
2007-09-27,3.844136
2007-09-28,3.828812
2007-10-01,3.818167
2007-10-02,3.830471
2007-10-03,3.804319
2007-10-04,3.8083
2007-10-05,3.821624
2007-10-08,3.816278
2007-10-09,3.815911
2007-10-10,3.812031
2007-10-11,3.795595
2007-10-12,3.833153
2007-10-15,3.836334
2007-10-16,3.838161
2007-10-17,3.854539
2007-10-18,3.870345
2007-10-19,3.856527
2007-10-22,3.856461
2007-10-23,3.856329
2007-10-24,3.863759
2007-10-25,3.86833
2007-10-26,3.866426
2007-10-29,3.876424
2007-10-30,3.882627
2007-10-31,3.87759
2007-11-01,3.887243
2007-11-02,3.888557
2007-11-05,3.882523
2007-11-06,3.876857
2007-11-07,3.876318
2007-11-08,3.869442
2007-11-09,3.877994
2007-11-12,3.888438
2007-11-13,3.891293
2007-11-14,3.875093
2007-11-15,3.889155
2007-11-16,3.885401
2007-11-19,3.893787
2007-11-20,3.889082
2007-11-21,3.898425
2007-11-22,3.899802
2007-11-23,3.889246
2007-11-26,3.877344
2007-11-27,3.88289
2007-11-28,3.881476
2007-11-29,3.885394
2007-11-30,3.877254
2007-12-03,3.878853
2007-12-04,3.881233
2007-12-05,3.867371
2007-12-06,3.880929
2007-12-07,3.862926
2007-12-10,3.856836
2007-12-11,3.847634
2007-12-12,3.828278
2007-12-13,3.824838
2007-12-14,3.825183
2007-12-17,3.820452
2007-12-18,3.783363
2007-12-19,3.795415
2007-12-20,3.789687
2007-12-21,3.798726
2007-12-24,3.823953
2007-12-27,3.789393
2007-12-28,3.812369
2007-12-31,3.848159
2008-01-02,3.79805
2008-01-03,3.810372
2008-01-04,3.825712
2008-01-07,3.841992
2008-01-08,3.855076
2008-01-09,3.86344
2008-01-10,3.868626
2008-01-11,3.874527
2008-01-14,3.866567
2008-01-15,3.854236
2008-01-16,3.838113
2008-01-17,3.846321
2008-01-18,3.856721
2008-01-21,3.830808
2008-01-22,3.764331
2008-01-23,3.697279
2008-01-24,3.783672
2008-01-25,3.805916
2008-01-28,3.808737
2008-01-29,3.816066
2008-01-30,3.79563
2008-01-31,3.764297
2008-02-01,3.779187
2008-02-04,3.800389
2008-02-05,3.79263
2008-02-06,3.768788
2008-02-07,3.741365
2008-02-08,3.704361
2008-02-11,3.756658
2008-02-12,3.758386
2008-02-13,3.783761
2008-02-14,3.782865
2008-02-15,3.780024
2008-02-18,3.794266
2008-02-19,3.804422
2008-02-20,3.821559
2008-02-21,3.836653
2008-02-22,3.829092
2008-02-25,3.822353
2008-02-26,3.839752
2008-02-27,3.839325
2008-02-28,3.839223
2008-02-29,3.826787
2008-03-03,3.821258
2008-03-04,3.847451
2008-03-05,3.846484
2008-03-06,3.879446
2008-03-07,3.843191
2008-03-10,3.85309
2008-03-11,3.893452
2008-03-12,3.87317
2008-03-13,3.854467
2008-03-14,3.842632
2008-03-17,3.797732
2008-03-18,3.799847
2008-03-19,3.81294
2008-03-20,3.821251
2008-03-25,3.871705
2008-03-26,3.868281
2008-03-27,3.844389
2008-03-28,3.843689
2008-03-31,3.848164
2008-04-01,3.857392
2008-04-02,3.877546
2008-04-03,3.865383
2008-04-04,3.856863
2008-04-07,3.855285
2008-04-08,3.865523
2008-04-09,3.867101
2008-04-10,3.874788
2008-04-11,3.870264
2008-04-14,3.887889
2008-04-15,3.900526
2008-04-16,3.903559
2008-04-17,3.882401
2008-04-18,3.914504
2008-04-21,3.909534
2008-04-22,3.989341
2008-04-23,3.951907
2008-04-24,3.949012
2008-04-25,3.949808
2008-04-28,3.942655
2008-04-29,3.931169
2008-04-30,3.939355
2008-05-02,3.928376
2008-05-05,3.943134
2008-05-06,3.925811
2008-05-07,3.925977
2008-05-08,3.93503
2008-05-09,3.940771
2008-05-12,3.939317
2008-05-13,3.952243
2008-05-14,3.960111
2008-05-15,3.98856
2008-05-16,3.985474
2008-05-19,3.986764
2008-05-20,4.001293
2008-05-21,4.038255
2008-05-22,4.058809
2008-05-23,4.08175
2008-05-26,4.080509
2008-05-27,4.064947
2008-05-28,4.058205
2008-05-29,4.081294
2008-05-30,4.094408
2008-06-02,4.07846
2008-06-03,4.110627
2008-06-04,4.093136
2008-06-05,4.279805
2008-06-06,4.044127
2008-06-09,4.036246
2008-06-10,4.058058
2008-06-11,4.081683
2008-06-12,4.081264
2008-06-13,4.097123
2008-06-16,4.120649
2008-06-17,4.133965
2008-06-18,4.124095
2008-06-19,4.124622
2008-06-20,4.135147
2008-06-23,4.142593
2008-06-24,4.156835
2008-06-25,4.162211
2008-06-26,4.188471
2008-06-27,4.178999
2008-06-30,4.177864
2008-07-01,4.204637
2008-07-02,4.208388
2008-07-03,4.18655
2008-07-04,4.196312
2008-07-07,4.178284
2008-07-08,4.179127
2008-07-09,4.184997
2008-07-10,4.196674
2008-07-11,4.191669
2008-07-14,4.16888
2008-07-15,4.177753
2008-07-16,4.172225
2008-07-17,4.171266
2008-07-18,4.17739
2008-07-21,4.177945
2008-07-22,4.181894
2008-07-23,4.190009
2008-07-24,4.196179
2008-07-25,4.214887
2008-07-28,4.226352
2008-07-29,4.226274
2008-07-30,4.199293
2008-07-31,4.19954
2008-08-01,4.207959
2008-08-04,4.217274
2008-08-05,4.220751
2008-08-06,4.221278
2008-08-07,4.211583
2008-08-08,4.224733
2008-08-11,4.235128
2008-08-12,4.233615
2008-08-13,4.240078
2008-08-14,4.248311
2008-08-15,4.245176
2008-08-18,4.248749
2008-08-19,4.255961
2008-08-20,4.254137
2008-08-21,4.238886
2008-08-22,4.220631
2008-08-25,4.240819
2008-08-26,4.238987
2008-08-27,4.212561
2008-08-28,4.199397
2008-08-29,4.216106
2008-09-01,4.235027
2008-09-02,4.233945
2008-09-03,4.248294
2008-09-04,4.253216
2008-09-05,4.266987
2008-09-08,4.268375
2008-09-09,4.268827
2008-09-10,4.279112
2008-09-11,4.291189
2008-09-12,4.277759
2008-09-15,4.250981
2008-09-16,4.197377
2008-09-17,4.215355
2008-09-18,4.178142
2008-09-19,4.229624
2008-09-22,4.197859
2008-09-23,4.171369
2008-09-24,4.122248
2008-09-25,4.033089
2008-09-26,3.938542
2008-09-29,3.826793
2008-09-30,3.678316
2008-10-01,3.718158
2008-10-02,3.734052
2008-10-03,3.679957
2008-10-06,3.687585
2008-10-07,3.413744
2008-10-08,2.75275
2008-10-09,3.019192
2008-10-10,2.835667
2008-10-13,2.763826
2008-10-14,3.043281
2008-10-15,3.176903
2008-10-16,3.009298
2008-10-17,2.906867
2008-10-20,2.811112
2008-10-21,2.934864
2008-10-22,2.938169
2008-10-23,3.00754
2008-10-24,2.874186
2008-10-27,2.887121
2008-10-28,2.885007
2008-10-29,2.79391
2008-10-30,2.765419
2008-10-31,2.712984
2008-11-03,2.792191
2008-11-04,2.762727
2008-11-05,2.743427
2008-11-06,2.634754
2008-11-07,2.629087
2008-11-10,2.638525
2008-11-11,2.550722
2008-11-12,2.644293
2008-11-13,2.602468
2008-11-14,2.588468
2008-11-17,2.545096
2008-11-18,2.384083
2008-11-19,2.417649
2008-11-20,2.335145
2008-11-21,2.318695
2008-11-24,2.393952
2008-11-25,2.344136
2008-11-26,2.364532
2008-11-27,2.348149
2008-11-28,2.296326
2008-12-01,2.244192
2008-12-02,2.249614
2008-12-03,2.256215
2008-12-04,2.151422
2008-12-05,2.20579
2008-12-08,2.231701
2008-12-09,2.243745
2008-12-10,2.232867
2008-12-11,2.225218
2008-12-12,2.169841
2008-12-15,2.107707
2008-12-16,2.045275
2008-12-17,1.920991
2008-12-18,1.917458
2008-12-19,1.824842
2008-12-22,1.811386
2008-12-23,1.716666
2008-12-24,1.74107
2008-12-29,1.703233
2008-12-30,1.745449
2008-12-31,1.787778
2009-01-02,1.748345
2009-01-05,1.741639
2009-01-06,1.705911
2009-01-07,1.695809
2009-01-08,1.748499
2009-01-09,1.637901
2009-01-12,1.6187
2009-01-13,1.619725
2009-01-14,1.599411
2009-01-15,1.564203
2009-01-16,1.600201
2009-01-19,1.572226
2009-01-20,1.565436
2009-01-21,1.504347
2009-01-22,1.44599
2009-01-23,1.248815
2009-01-26,1.255524
2009-01-27,1.296575
2009-01-28,1.249175
2009-01-29,1.259546
2009-01-30,1.259567
2009-02-02,1.24348
2009-02-03,1.242272
2009-02-04,1.230174
2009-02-05,1.169023
2009-02-06,1.108874
2009-02-09,1.09091
2009-02-10,1.103354
2009-02-11,1.126706
2009-02-12,1.103383
2009-02-13,1.102805
2009-02-16,1.162173
2009-02-17,1.131211
2009-02-18,1.172445
2009-02-19,1.179691
2009-02-20,1.157745
2009-02-23,1.131185
2009-02-24,1.102648
2009-02-25,1.084726
2009-02-26,1.095829
2009-02-27,1.131261
2009-03-02,1.074813
2009-03-03,1.058629
2009-03-04,1.032057
2009-03-05,1.043797
2009-03-06,1.037296
2009-03-09,1.063691
2009-03-10,1.066871
2009-03-11,1.097455
2009-03-12,1.089299
2009-03-13,1.084497
2009-03-16,1.099273
2009-03-17,1.086548
2009-03-18,1.087757
2009-03-19,1.107111
2009-03-20,1.042323
2009-03-23,1.026014
2009-03-24,1.073635
2009-03-25,1.020534
2009-03-26,1.034752
2009-03-27,1.015241
2009-03-30,0.987649
2009-03-31,0.988271
2009-04-01,0.938422
2009-04-02,0.997202
2009-04-03,0.996702
2009-04-06,0.940601
2009-04-07,0.913357
2009-04-08,0.907352
2009-04-09,0.918721
2009-04-14,0.911032
2009-04-15,0.886548
2009-04-16,0.924407
2009-04-17,0.98083
2009-04-20,0.965377
2009-04-21,0.966893
2009-04-22,0.974772
2009-04-23,0.952208
2009-04-24,0.922454
2009-04-27,0.902582
2009-04-28,0.877055
2009-04-29,0.845738
2009-04-30,0.858402
2009-05-04,0.856856
2009-05-05,0.84163
2009-05-06,0.830355
2009-05-07,0.817282
2009-05-08,0.799153
2009-05-11,0.828159
2009-05-12,0.825183
2009-05-13,0.776524
2009-05-14,0.794758
2009-05-15,0.802399
2009-05-18,0.774368
2009-05-19,0.845437
2009-05-20,0.866377
2009-05-21,0.875971
2009-05-22,0.861768
2009-05-25,0.89375
2009-05-26,0.914743
2009-05-27,0.937488
2009-05-28,0.922189
2009-05-29,0.89457
2009-06-01,0.907775
2009-06-02,0.914216
2009-06-03,0.902054
2009-06-04,0.985428
2009-06-05,0.991239
2009-06-08,1.024292
2009-06-09,1.015204
2009-06-10,0.978092
2009-06-11,0.959884
2009-06-12,0.918553
2009-06-15,0.924967
2009-06-16,0.930641
2009-06-17,0.900614
2009-06-18,0.858539
2009-06-19,0.852316
2009-06-22,0.858719
2009-06-23,0.843357
2009-06-24,0.757546
2009-06-25,0.679512
2009-06-26,0.664026
2009-06-29,0.725203
2009-06-30,0.657569
2009-07-01,0.693595
2009-07-02,0.638498
2009-07-03,0.622983
2009-07-06,0.593461
2009-07-07,0.61074
2009-07-08,0.565353
2009-07-09,0.554308
2009-07-10,0.528202
2009-07-13,0.52846
2009-07-14,0.542041
2009-07-15,0.518946
2009-07-16,0.479096
2009-07-17,0.475093
2009-07-20,0.488062
2009-07-21,0.476979
2009-07-22,0.47895
2009-07-23,0.488053
2009-07-24,0.491048
2009-07-27,0.491977
2009-07-28,0.506131
2009-07-29,0.501658
2009-07-30,0.495767
2009-07-31,0.495848
2009-08-03,0.523306
2009-08-04,0.511199
2009-08-05,0.519022
2009-08-06,0.536895
2009-08-07,0.531238
2009-08-10,0.527596
2009-08-11,0.515669
2009-08-12,0.513928
2009-08-13,0.493298
2009-08-14,0.470982
2009-08-17,0.494994
2009-08-18,0.484097
2009-08-19,0.503127
2009-08-20,0.496932
2009-08-21,0.5252
2009-08-24,0.509018
2009-08-25,0.4985
2009-08-26,0.495588
2009-08-27,0.490128
2009-08-28,0.490942
2009-08-31,0.524024
2009-09-01,0.512594
2009-09-02,0.49733
2009-09-03,0.477654
2009-09-04,0.470371
2009-09-07,0.459652
2009-09-08,0.458245
2009-09-09,0.471626
2009-09-10,0.451482
2009-09-11,0.454283
2009-09-14,0.462053
2009-09-15,0.48724
2009-09-16,0.500011
2009-09-17,0.515567
2009-09-18,0.522329
2009-09-21,0.513046
2009-09-22,0.486757
2009-09-23,0.485969
2009-09-24,0.474083
2009-09-25,0.473947
2009-09-28,0.47164
2009-09-29,0.463933
2009-09-30,0.469212
2009-10-01,0.50577
2009-10-02,0.481826
2009-10-05,0.478557
2009-10-06,0.488554
2009-10-07,0.499269
2009-10-08,0.487478
2009-10-09,0.516188
2009-10-12,0.502764
2009-10-13,0.492827
2009-10-14,0.496442
2009-10-15,0.498588
2009-10-16,0.524483
2009-10-19,0.515364
2009-10-20,0.501138
2009-10-21,0.50131
2009-10-22,0.501579
2009-10-23,0.52871
2009-10-26,0.495267
2009-10-27,0.487522
2009-10-28,0.499068
2009-10-29,0.505986
2009-10-30,0.503881
2009-11-02,0.513989
2009-11-03,0.507926
2009-11-04,0.508966
2009-11-05,0.502383
2009-11-06,0.489455
2009-11-09,0.488671
2009-11-10,0.479926
2009-11-11,0.492488
2009-11-12,0.486834
2009-11-13,0.467682
2009-11-16,0.487481
2009-11-17,0.475095
2009-11-18,0.479422
2009-11-19,0.500615
2009-11-20,0.502612
2009-11-23,0.502948
2009-11-24,0.480968
2009-11-25,0.50082
2009-11-26,0.469028
2009-11-27,0.476515
2009-11-30,0.458937
2009-12-01,0.448697
2009-12-02,0.444808
2009-12-03,0.434617
2009-12-04,0.451829
2009-12-07,0.448007
2009-12-08,0.412874
2009-12-09,0.426221
2009-12-10,0.444504
2009-12-11,0.449355
2009-12-14,0.443369
2009-12-15,0.458737
2009-12-16,0.422677
2009-12-17,0.403008
2009-12-18,0.419378
2009-12-21,0.414603
2009-12-22,0.415739
2009-12-23,0.408205
2009-12-24,0.421956
2009-12-28,0.422266
2009-12-29,0.436218
2009-12-30,0.462131
2009-12-31,0.468097
2010-01-04,0.45989
2010-01-05,0.437715
2010-01-06,0.42721
2010-01-07,0.408931
2010-01-08,0.392885
2010-01-11,0.381456
2010-01-12,0.378214
2010-01-13,0.364292
2010-01-14,0.365812
2010-01-15,0.341508
2010-01-18,0.35092
2010-01-19,0.353371
2010-01-20,0.35798
2010-01-21,0.35708
2010-01-22,0.355533
2010-01-25,0.354448
2010-01-26,0.347172
2010-01-27,0.357399
2010-01-28,0.390785
2010-01-29,0.450903
2010-02-01,0.421414
2010-02-02,0.411764
2010-02-03,0.416756
2010-02-04,0.438874
2010-02-05,0.453756
2010-02-08,0.413533
2010-02-09,0.399926
2010-02-10,0.367848
2010-02-11,0.352348
2010-02-12,0.334303
2010-02-15,0.33936
2010-02-16,0.324075
2010-02-17,0.302788
2010-02-18,0.306475
2010-02-19,0.300703
2010-02-22,0.292539
2010-02-23,0.27803
2010-02-24,0.273298
2010-02-25,0.265418
2010-02-26,0.300184
2010-03-01,0.310954
2010-03-02,0.320194
2010-03-03,0.316023
2010-03-04,0.315653
2010-03-05,0.29338
2010-03-08,0.300508
2010-03-09,0.303568
2010-03-10,0.294138
2010-03-11,0.303776
2010-03-12,0.312466
2010-03-15,0.2985
2010-03-16,0.301706
2010-03-17,0.310736
2010-03-18,0.317464
2010-03-19,0.31615
2010-03-22,0.316538
2010-03-23,0.315252
2010-03-24,0.323421
2010-03-25,0.322552
2010-03-26,0.322956
2010-03-29,0.329372
2010-03-30,0.339155
2010-03-31,0.360459
2010-04-01,0.381886
2010-04-06,0.383246
2010-04-07,0.360005
2010-04-08,0.372588
2010-04-09,0.370237
2010-04-12,0.383068
2010-04-13,0.378577
2010-04-14,0.364565
2010-04-15,0.390587
2010-04-16,0.383523
2010-04-19,0.382653
2010-04-20,0.37866
2010-04-21,0.373137
2010-04-22,0.386811
2010-04-23,0.366532
2010-04-26,0.362111
2010-04-27,0.459444
2010-04-28,0.445638
2010-04-29,0.407132
2010-04-30,0.430856
2010-05-03,0.405907
2010-05-04,0.478248
2010-05-05,0.456029
2010-05-06,0.459417
2010-05-07,0.499727
2010-05-10,0.384973
2010-05-11,0.414168
2010-05-12,0.369358
2010-05-13,0.396708
2010-05-14,0.417923
2010-05-17,0.417724
2010-05-18,0.420775
2010-05-19,0.398545
2010-05-20,0.444593
2010-05-21,0.447665
2010-05-24,0.456403
2010-05-25,0.485623
2010-05-26,0.506603
2010-05-27,0.508994
2010-05-28,0.469487
2010-05-31,0.462681
2010-06-01,0.489
2010-06-02,0.484686
2010-06-03,0.467327
2010-06-04,0.465754
2010-06-07,0.443494
2010-06-08,0.470126
2010-06-09,0.495463
2010-06-10,0.479802
2010-06-11,0.441216
2010-06-14,0.42404
2010-06-15,0.410887
2010-06-16,0.417843
2010-06-17,0.429092
2010-06-18,0.443985
2010-06-21,0.475036
2010-06-22,0.471082
2010-06-23,0.482734
2010-06-24,0.51345
2010-06-25,0.550016
2010-06-28,0.549235
2010-06-29,0.551083
2010-06-30,0.58058
2010-07-01,0.592343
2010-07-02,0.586281
2010-07-05,0.577267
2010-07-06,0.577254
2010-07-07,0.60101
2010-07-08,0.663646
2010-07-09,0.6501
2010-07-12,0.599306
2010-07-13,0.616183
2010-07-14,0.610957
2010-07-15,0.626639
2010-07-16,0.660363
2010-07-19,0.680167
2010-07-20,0.647009
2010-07-21,0.653529
2010-07-22,0.663076
2010-07-23,0.641835
2010-07-26,0.647971
2010-07-27,0.649011
2010-07-28,0.636958
2010-07-29,0.631963
2010-07-30,0.641717
2010-08-02,0.615033
2010-08-03,0.614761
2010-08-04,0.626802
2010-08-05,0.646469
2010-08-06,0.636455
2010-08-09,0.624684
2010-08-10,0.597701
2010-08-11,0.614658
2010-08-12,0.582867
2010-08-13,0.589264
2010-08-16,0.587333
2010-08-17,0.595526
2010-08-18,0.597021
2010-08-19,0.604905
2010-08-20,0.564351
2010-08-23,0.541295
2010-08-24,0.560231
2010-08-25,0.583375
2010-08-26,0.59824
2010-08-27,0.609613
2010-08-30,0.609738
2010-08-31,0.623377
2010-09-01,0.610131
2010-09-02,0.617516
2010-09-03,0.624286
2010-09-06,0.61062
2010-09-07,0.672533
2010-09-08,0.675356
2010-09-09,0.670232
2010-09-10,0.649099
2010-09-13,0.637513
2010-09-14,0.642522
2010-09-15,0.644986
2010-09-16,0.680211
2010-09-17,0.684883
2010-09-20,0.714749
2010-09-21,0.710831
2010-09-22,0.679155
2010-09-23,0.709912
2010-09-24,0.71014
2010-09-27,0.762464
2010-09-28,0.788276
2010-09-29,0.77049
2010-09-30,0.804916
2010-10-01,0.867116
2010-10-04,0.807045
2010-10-05,0.813908
2010-10-06,0.839994
2010-10-07,0.865708
2010-10-08,0.857748
2010-10-11,0.828322
2010-10-12,0.823986
2010-10-13,0.827278
2010-10-14,0.85065
2010-10-15,0.884705
2010-10-18,0.882369
2010-10-19,0.89564
2010-10-20,0.923188
2010-10-21,0.923342
2010-10-22,0.909489
2010-10-25,0.915419
2010-10-26,0.966434
2010-10-27,0.962877
2010-10-28,0.95856
2010-10-29,0.932125
2010-11-01,0.954971
2010-11-02,0.9683
2010-11-03,0.948947
2010-11-04,0.983443
2010-11-05,0.962673
2010-11-08,0.987937
2010-11-09,0.974251
2010-11-10,0.993384
2010-11-11,1.017137
2010-11-12,0.957084
2010-11-15,0.951675
2010-11-16,1.010229
2010-11-17,0.989498
2010-11-18,0.989394
2010-11-19,0.955048
2010-11-22,0.93588
2010-11-23,0.974518
2010-11-24,0.979386
2010-11-25,1.0381
2010-11-26,1.005244
2010-11-29,1.076606
2010-11-30,1.326674
2010-12-01,1.246701
2010-12-02,1.085109
2010-12-03,1.097104
2010-12-06,1.054496
2010-12-07,1.013615
2010-12-08,0.993106
2010-12-09,1.007773
2010-12-10,1.037208
2010-12-13,1.029371
2010-12-14,1.007294
2010-12-15,0.987195
2010-12-16,0.998866
2010-12-17,0.926191
2010-12-20,1.007299
2010-12-21,0.994882
2010-12-22,0.947025
2010-12-23,0.954523
2010-12-24,0.962022
2010-12-27,0.917557
2010-12-28,0.912163
2010-12-29,0.94864
2010-12-30,0.950931
2010-12-31,0.957661
2011-01-03,0.977738
2011-01-04,0.909219
2011-01-05,0.840741
2011-01-06,0.850777
2011-01-07,0.877247
2011-01-10,0.849598
2011-01-11,0.841886
2011-01-12,0.791919
2011-01-13,0.804199
2011-01-14,0.810072
2011-01-17,0.865085
2011-01-18,0.91445
2011-01-19,0.925766
2011-01-20,0.954933
2011-01-21,0.911241
2011-01-24,0.883807
2011-01-25,0.952164
2011-01-26,0.895554
2011-01-27,0.945573
2011-01-28,0.964811
2011-01-31,0.971251
2011-02-01,0.915836
2011-02-02,0.949735
2011-02-03,0.938905
2011-02-04,0.938716
2011-02-07,0.878261
2011-02-08,0.932945
2011-02-09,0.94918
2011-02-10,0.921845
2011-02-11,0.911838
2011-02-14,0.913624
2011-02-15,0.92253
2011-02-16,0.918926
2011-02-17,0.917341
2011-02-18,0.669335
2011-02-21,0.663779
2011-02-22,0.686865
2011-02-23,0.669056
2011-02-24,0.670398
2011-02-25,0.669931
2011-02-28,0.680709
2011-03-01,0.679967
2011-03-02,0.663984
2011-03-03,0.812634
2011-03-04,0.799241
2011-03-07,0.805927
2011-03-08,0.784062
2011-03-09,0.784509
2011-03-10,0.801616
2011-03-11,0.796457
2011-03-14,0.783913
2011-03-15,0.760256
2011-03-16,0.743661
2011-03-17,0.737226
2011-03-18,0.74525
2011-03-21,0.758892
2011-03-22,0.774296
2011-03-23,0.782321
2011-03-24,0.770867
2011-03-25,0.819787
2011-03-28,0.864766
2011-03-29,0.862753
2011-03-30,0.874227
2011-03-31,0.80175
2011-04-01,0.856266
2011-04-04,0.85831
2011-04-05,0.861509
2011-04-06,0.877409
2011-04-07,0.927508
2011-04-08,0.94647
2011-04-11,0.922587
2011-04-12,0.918843
2011-04-13,0.928527
2011-04-14,0.93178
2011-04-15,0.956766
2011-04-18,0.950868
2011-04-19,0.964828
2011-04-20,0.992221
2011-04-21,0.994349
2011-04-26,0.962652
2011-04-27,1.007593
2011-04-28,1.039794
2011-04-29,1.027174
2011-05-02,1.045499
2011-05-03,1.031789
2011-05-04,1.077361
2011-05-05,1.033348
2011-05-06,1.065768
2011-05-09,1.050409
2011-05-10,1.020768
2011-05-11,1.029152
2011-05-12,1.042373
2011-05-13,1.056337
2011-05-16,1.0434
2011-05-17,1.026437
2011-05-18,1.047897
2011-05-19,1.055456
2011-05-20,1.015818
2011-05-23,1.019395
2011-05-24,1.02232
2011-05-25,1.032417
2011-05-26,1.059046
2011-05-27,1.052563
2011-05-30,1.054776
2011-05-31,1.056006
2011-06-01,1.064769
2011-06-02,1.094559
2011-06-03,1.114932
2011-06-06,1.115893
2011-06-07,1.157807
2011-06-08,1.181902
2011-06-09,1.204368
2011-06-10,1.202143
2011-06-13,1.203617
2011-06-14,1.220934
2011-06-15,1.20435
2011-06-16,1.214313
2011-06-17,1.242929
2011-06-20,1.24213
2011-06-21,1.240802
2011-06-22,1.228261
2011-06-23,1.241055
2011-06-24,1.234412
2011-06-27,1.239587
2011-06-28,1.270511
2011-06-29,1.28286
2011-06-30,1.30394
2011-07-01,1.225688
2011-07-04,1.252189
2011-07-05,1.256947
2011-07-06,1.200649
2011-07-07,1.244054
2011-07-08,1.26616
2011-07-11,1.285069
2011-07-12,1.28938
2011-07-13,1.273204
2011-07-14,1.237316
2011-07-15,1.163973
2011-07-18,1.160281
2011-07-19,1.123859
2011-07-20,1.083935
2011-07-21,1.133658
2011-07-22,1.0243
2011-07-25,1.082033
2011-07-26,1.111062
2011-07-27,1.125324
2011-07-28,1.102448
2011-07-29,1.089475
2011-08-01,1.057355
2011-08-02,1.05459
2011-08-03,1.102322
2011-08-04,1.06251
2011-08-05,1.051385
2011-08-08,0.922028
2011-08-09,0.893487
2011-08-10,0.863856
2011-08-11,0.887496
2011-08-12,0.879544
2011-08-15,0.878785
2011-08-16,0.872637
2011-08-17,0.851711
2011-08-18,0.787186
2011-08-19,0.700326
2011-08-22,0.708144
2011-08-23,0.718426
2011-08-24,0.733653
2011-08-25,0.746014
2011-08-26,0.745181
2011-08-29,0.779163
2011-08-30,0.772854
2011-08-31,0.739588
2011-09-01,0.755765
2011-09-02,0.707388
2011-09-05,0.721702
2011-09-06,0.734327
2011-09-07,0.744008
2011-09-08,0.74283
2011-09-09,0.730331
2011-09-12,0.827027
2011-09-13,0.810614
2011-09-14,0.799822
2011-09-15,0.799896
2011-09-16,0.795328
2011-09-19,0.79514
2011-09-20,0.804685
2011-09-21,0.814745
2011-09-22,0.820459
2011-09-23,0.825174
2011-09-26,0.806628
2011-09-27,0.871181
2011-09-28,0.909127
2011-09-29,0.876066
2011-09-30,0.854358
2011-10-03,0.819477
2011-10-04,0.810816
2011-10-05,0.824875
2011-10-06,0.843819
2011-10-07,0.818592
2011-10-10,0.863885
2011-10-11,0.835447
2011-10-12,0.83086
2011-10-13,0.849932
2011-10-14,0.85973
2011-10-17,0.86466
2011-10-18,0.894081
2011-10-19,0.921289
2011-10-20,0.950596
2011-10-21,0.97435
2011-10-24,0.979556
2011-10-25,1.015404
2011-10-26,1.065047
2011-10-27,1.07036
2011-10-28,1.099334
2011-10-31,1.0958
2011-11-01,1.489792
2011-11-02,1.159664
2011-11-03,1.170362
2011-11-04,1.384952
2011-11-07,1.747573
2011-11-08,1.831671
2011-11-09,1.823579
2011-11-10,1.885327
2011-11-11,1.951865
2011-11-14,1.784824
2011-11-15,1.976001
2011-11-16,2.217604
2011-11-17,2.412406
2011-11-18,2.010584
2011-11-21,2.004572
2011-11-22,2.121433
2011-11-23,2.223824
2011-11-24,2.222342
2011-11-25,2.555605
2011-11-28,2.258342
2011-11-29,2.265193
2011-11-30,1.892003
2011-12-01,1.94962
2011-12-02,1.859265
2011-12-05,1.633794
2011-12-06,1.63777
2011-12-07,1.614503
2011-12-08,1.714404
2011-12-09,1.701606
2011-12-12,1.583605
2011-12-13,1.434809
2011-12-14,1.375103
2011-12-15,1.193626
2011-12-16,1.151958
2011-12-19,1.130817
2011-12-20,1.024188
2011-12-21,0.921841
2011-12-22,1.025222
2011-12-23,0.880507
2011-12-27,0.858749
2011-12-28,0.868556
2011-12-29,0.854452
2011-12-30,0.831046
2012-01-02,0.770771
2012-01-03,0.733798
2012-01-04,0.707636
2012-01-05,0.771958
2012-01-06,0.820526
2012-01-09,0.789173
2012-01-10,0.749326
2012-01-11,0.673704
2012-01-12,0.638823
2012-01-13,0.61737
2012-01-16,0.644349
2012-01-17,0.66141
2012-01-18,0.656625
2012-01-19,0.705383
2012-01-20,0.679484
2012-01-23,0.629719
2012-01-24,0.617375
2012-01-25,0.630792
2012-01-26,0.594094
2012-01-27,0.624669
2012-01-30,0.619409
2012-01-31,0.602013
2012-02-01,0.810162
2012-02-02,0.564958
2012-02-03,0.731454
2012-02-06,0.529797
2012-02-07,0.523987
2012-02-08,0.52981
2012-02-09,0.746865
2012-02-10,0.725597
2012-02-13,0.721232
2012-02-14,0.678295
2012-02-15,0.531578
2012-02-16,0.560022
2012-02-17,0.550596
2012-02-20,0.665837
2012-02-21,0.62037
2012-02-22,0.627093
2012-02-23,0.62768
2012-02-24,0.577315
2012-02-27,0.382612
2012-02-28,0.364406
2012-02-29,0.315256
2012-03-01,0.274149
2012-03-02,0.280012
2012-03-05,0.297447
2012-03-06,0.288736
2012-03-07,0.286249
2012-03-08,0.2839
2012-03-09,0.290947
2012-03-12,0.282527
2012-03-13,0.296798
2012-03-14,0.291264
2012-03-15,0.285722
2012-03-16,0.286866
2012-03-19,0.284974
2012-03-20,0.291424
2012-03-21,0.302364
2012-03-22,0.321298
2012-03-23,0.328369
2012-03-26,0.324843
2012-03-27,0.331564
2012-03-28,0.341613
2012-03-29,0.378313
2012-03-30,0.362849
2012-04-02,0.362442
2012-04-03,0.36149
2012-04-04,0.406843
2012-04-05,0.444425
2012-04-10,0.494421
2012-04-11,0.568819
2012-04-12,0.539443
2012-04-13,0.59656
2012-04-16,0.609303
2012-04-17,0.569132
2012-04-18,0.581413
2012-04-19,0.594095
2012-04-20,0.585826
2012-04-23,0.581574
2012-04-24,0.593141
2012-04-25,0.572062
2012-04-26,0.584843
2012-04-27,0.575176
2012-04-30,0.514261
2012-05-02,0.526409
2012-05-03,0.53339
2012-05-04,0.485033
2012-05-07,0.485946
2012-05-08,0.464398
2012-05-09,0.514709
2012-05-10,0.53825
2012-05-11,0.545511
2012-05-14,0.612696
2012-05-15,0.618704
2012-05-16,0.625469
2012-05-17,0.691374
2012-05-18,0.675181
2012-05-21,0.667247
2012-05-22,0.977527
2012-05-23,0.661161
2012-05-24,0.683894
2012-05-25,0.690687
2012-05-28,0.712596
2012-05-29,0.739546
2012-05-30,0.8417
2012-05-31,0.860684
2012-06-01,0.845295
2012-06-04,0.836331
2012-06-05,0.838673
2012-06-06,0.812297
2012-06-07,0.796006
2012-06-08,0.80201
2012-06-11,0.814076
2012-06-12,0.890772
2012-06-13,0.907404
2012-06-14,0.965742
2012-06-15,0.950149
2012-06-18,0.93628
2012-06-19,0.9511
2012-06-20,0.893271
2012-06-21,0.8597
2012-06-22,0.833123
2012-06-25,0.858553
2012-06-26,0.911141
2012-06-27,0.981652
2012-06-28,0.983472
2012-06-29,0.909016
2012-07-02,0.742648
2012-07-03,0.729003
2012-07-04,0.72423
2012-07-05,0.738902
2012-07-06,0.755773
2012-07-09,0.747445
2012-07-10,0.689323
2012-07-11,0.662915
2012-07-12,0.612613
2012-07-13,0.590977
2012-07-16,0.60936
2012-07-17,0.588709
2012-07-18,0.640298
2012-07-19,0.658523
2012-07-20,0.696954
2012-07-23,0.774186
2012-07-24,0.82437
2012-07-25,0.866041
2012-07-26,0.813159
2012-07-27,0.745688
2012-07-30,0.730636
2012-07-31,0.680629
2012-08-01,0.67225
2012-08-02,0.661511
2012-08-03,0.574362
2012-08-06,0.513708
2012-08-07,0.543721
2012-08-08,0.572618
2012-08-09,0.577744
2012-08-10,0.618542
2012-08-13,0.606815
2012-08-14,0.59825
2012-08-15,0.575101
2012-08-16,0.561997
2012-08-17,0.529796
2012-08-20,0.504166
2012-08-21,0.503986
2012-08-22,0.473523
2012-08-23,0.500148
2012-08-24,0.503552
2012-08-27,0.467327
2012-08-28,0.447135
2012-08-29,0.430381
2012-08-30,0.432605
2012-08-31,0.436971
2012-09-03,0.417164
2012-09-04,0.449301
2012-09-05,0.451591
2012-09-06,0.429705
2012-09-07,0.439688
2012-09-10,0.461232
2012-09-11,0.360076
2012-09-12,0.412592
2012-09-13,0.413114
2012-09-14,0.424767
2012-09-17,0.419731
2012-09-18,0.410847
2012-09-19,0.394843
2012-09-20,0.406048
2012-09-21,0.388223
2012-09-24,0.386079
2012-09-25,0.417051
2012-09-26,0.447981
2012-09-27,0.482085
2012-09-28,0.477989
2012-10-01,0.467652
2012-10-02,0.438817
2012-10-03,0.463326
2012-10-04,0.459135
2012-10-05,0.459577
2012-10-08,0.439703
2012-10-09,0.481125
2012-10-10,0.448075
2012-10-11,0.431632
2012-10-12,0.425718
2012-10-15,0.429497
2012-10-16,0.401117
2012-10-17,0.416786
2012-10-18,0.438631
2012-10-19,0.441285
2012-10-22,0.440464
2012-10-23,0.451167
2012-10-24,0.454893
2012-10-25,0.466499
2012-10-26,0.49557
2012-10-29,0.498148
2012-10-30,0.485278
2012-10-31,0.468822
2012-11-01,0.469201
2012-11-02,0.473931
2012-11-05,0.4567
2012-11-06,0.468773
2012-11-07,0.447302
2012-11-08,0.448595
2012-11-09,0.470471
2012-11-12,0.428264
2012-11-13,0.432008
2012-11-14,0.430829
2012-11-15,0.464532
2012-11-16,0.44167
2012-11-19,0.460601
2012-11-20,0.455993
2012-11-21,0.454928
2012-11-22,0.433824
2012-11-23,0.409106
2012-11-26,0.222574
2012-11-27,0.226996
2012-11-28,0.226255
2012-11-29,0.23929
2012-11-30,0.243516
2012-12-03,0.226664
2012-12-04,0.23502
2012-12-05,0.23063
2012-12-06,0.247562
2012-12-07,0.245129
2012-12-10,0.267889
2012-12-11,0.262524
2012-12-12,0.246336
2012-12-13,0.247772
2012-12-14,0.250163
2012-12-17,0.23925
2012-12-18,0.241301
2012-12-19,0.245051
2012-12-20,0.259828
2012-12-21,0.252437
2012-12-24,0.327055
2012-12-27,0.376743
2012-12-28,0.398811
2012-12-31,0.401266
2013-01-02,0.335313
2013-01-03,0.347932
2013-01-04,0.255778
2013-01-07,0.286151
2013-01-08,0.273062
2013-01-09,0.249715
2013-01-10,0.242006
2013-01-11,0.233379
2013-01-14,0.248349
2013-01-15,0.252254
2013-01-16,0.268398
2013-01-17,0.27346
2013-01-18,0.268164
2013-01-21,0.261304
2013-01-22,0.254688
2013-01-23,0.256482
2013-01-24,0.266536
2013-01-25,0.276248
2013-01-28,0.287264
2013-01-29,0.279421
2013-01-30,0.284568
2013-01-31,0.309058
2013-02-01,0.300694
2013-02-04,0.297396
2013-02-05,0.277206
2013-02-06,0.28517
2013-02-07,0.289057
2013-02-08,0.288524
2013-02-11,0.276437
2013-02-12,0.259463
2013-02-13,0.274963
2013-02-14,0.277955
2013-02-15,0.269568
2013-02-18,0.267922
2013-02-19,0.265865
2013-02-20,0.266795
2013-02-21,0.280107
2013-02-22,0.277643
2013-02-25,0.262153
2013-02-26,0.334366
2013-02-27,0.314764
2013-02-28,0.293119
2013-03-01,0.302438
2013-03-04,0.29291
2013-03-05,0.276255
2013-03-06,0.277689
2013-03-07,0.288401
2013-03-08,0.28555
2013-03-11,0.287139
2013-03-12,0.276934
2013-03-13,0.286765
2013-03-14,0.283985
2013-03-15,0.26783
2013-03-18,0.270663
2013-03-19,0.278341
2013-03-20,0.276679
2013-03-21,0.289082
2013-03-22,0.288686
2013-03-25,0.277192
2013-03-26,0.277843
2013-03-27,0.292353
2013-03-28,0.300146
2013-04-02,0.291089
2013-04-03,0.23979
2013-04-04,0.217958
2013-04-05,0.208292
2013-04-08,0.201192
2013-04-09,0.202295
2013-04-10,0.201029
2013-04-11,0.190219
2013-04-12,0.196102
2013-04-15,0.19302
2013-04-16,0.168263
2013-04-17,0.155622
2013-04-18,0.165423
2013-04-19,0.164363
2013-04-22,0.163288
2013-04-23,0.147487
2013-04-24,0.157504
2013-04-25,0.18051
2013-04-26,0.184378
2013-04-29,0.173709
2013-04-30,0.171032
2013-05-02,0.158888
2013-05-03,0.139454
2013-05-06,0.154838
2013-05-07,0.143298
2013-05-08,0.149555
2013-05-09,0.15774
2013-05-10,0.165592
2013-05-13,0.165126
2013-05-14,0.163748
2013-05-15,0.179031
2013-05-16,0.153395
2013-05-17,0.146629
2013-05-20,0.155031
2013-05-21,0.16562
2013-05-22,0.182409
2013-05-23,0.183946
2013-05-24,0.195201
2013-05-27,0.192981
2013-05-28,0.174756
2013-05-29,0.191855
2013-05-30,0.178378
2013-05-31,0.198415
2013-06-03,0.209804
2013-06-04,0.190437
2013-06-05,0.181384
2013-06-06,0.210155
2013-06-07,0.23041
2013-06-10,0.223887
2013-06-11,0.219261
2013-06-12,0.236991
2013-06-13,0.28544
2013-06-14,0.27409
2013-06-17,0.24185
2013-06-18,0.295177
2013-06-19,0.300481
2013-06-20,0.302432
2013-06-21,0.306595
2013-06-24,0.360379
2013-06-25,0.382326
2013-06-26,0.369972
2013-06-27,0.341541
2013-06-28,0.329123
2013-07-01,0.29596
2013-07-02,0.284097
2013-07-03,0.301541
2013-07-04,0.233607
2013-07-05,0.237286
2013-07-08,0.233906
2013-07-09,0.233636
2013-07-10,0.24754
2013-07-11,0.278934
2013-07-12,0.254072
2013-07-15,0.26348
2013-07-16,0.270577
2013-07-17,0.267804
2013-07-18,0.266043
2013-07-19,0.25899
2013-07-22,0.260834
2013-07-23,0.255641
2013-07-24,0.254781
2013-07-25,0.266953
2013-07-26,0.265919
2013-07-29,0.277495
2013-07-30,0.271754
2013-07-31,0.283329
2013-08-01,0.270406
2013-08-02,0.278354
2013-08-05,0.262545
2013-08-06,0.240066
2013-08-07,0.237067
2013-08-08,0.238253
2013-08-09,0.229904
2013-08-12,0.226862
2013-08-13,0.212662
2013-08-14,0.224085
2013-08-15,0.23786
2013-08-16,0.244995
2013-08-19,0.256547
2013-08-20,0.269691
2013-08-21,0.261635
2013-08-22,0.25977
2013-08-23,0.24466
2013-08-26,0.255248
2013-08-27,0.294986
2013-08-28,0.287082
2013-08-29,0.277465
2013-08-30,0.297807
2013-09-02,0.276549
2013-09-03,0.270394
2013-09-04,0.286706
2013-09-05,0.299701
2013-09-06,0.299064
2013-09-09,0.298881
2013-09-10,0.289403
2013-09-11,0.290769
2013-09-12,0.293734
2013-09-13,0.301378
2013-09-16,0.311943
2013-09-17,0.286826
2013-09-18,0.286153
2013-09-19,0.267674
2013-09-20,0.251183
2013-09-23,0.235396
2013-09-24,0.223541
2013-09-25,0.227102
2013-09-26,0.240632
2013-09-27,0.256617
2013-09-30,0.262757
2013-10-01,0.252538
2013-10-02,0.219629
2013-10-03,0.211565
2013-10-04,0.199717
2013-10-07,0.200214
2013-10-08,0.210261
2013-10-09,0.216122
2013-10-10,0.210134
2013-10-11,0.211715
2013-10-14,0.204687
2013-10-15,0.196836
2013-10-16,0.19936
2013-10-17,0.198743
2013-10-18,0.192767
2013-10-21,0.18183
2013-10-22,0.174677
2013-10-23,0.190087
2013-10-24,0.205919
2013-10-25,0.220576
2013-10-28,0.215225
2013-10-29,0.203619
2013-10-30,0.203242
2013-10-31,0.195847
2013-11-01,0.15888
2013-11-04,0.170421
2013-11-05,0.17169
2013-11-06,0.167054
2013-11-07,0.137295
2013-11-08,0.148935
2013-11-11,0.147276
2013-11-12,0.15706
2013-11-13,0.14808
2013-11-14,0.156201
2013-11-15,0.166045
2013-11-18,0.179785
2013-11-19,0.176134
2013-11-20,0.191102
2013-11-21,0.18775
2013-11-22,0.168533
2013-11-25,0.165118
2013-11-26,0.162189
2013-11-27,0.171456
2013-11-28,0.176954
2013-11-29,0.176031
2013-12-02,0.187414
2013-12-03,0.190742
2013-12-04,0.19493
2013-12-05,0.210575
2013-12-06,0.217795
2013-12-09,0.221933
2013-12-10,0.223945
2013-12-11,0.251056
2013-12-12,0.269128
2013-12-13,0.242291
2013-12-16,0.255099
2013-12-17,0.263562
2013-12-18,0.270628
2013-12-19,0.276723
2013-12-20,0.280612
2013-12-23,0.25137
2013-12-24,0.261743
2013-12-27,0.345866
2013-12-30,0.295743
2013-12-31,0.299271
2014-01-02,0.243171
2014-01-03,0.21406
2014-01-06,0.19592
2014-01-07,0.21153
2014-01-08,0.216951
2014-01-09,0.219236
2014-01-10,0.22175
2014-01-13,0.214491
2014-01-14,0.226588
2014-01-15,0.230852
2014-01-16,0.251586
2014-01-17,0.233683
2014-01-20,0.241346
2014-01-21,0.239697
2014-01-22,0.230927
2014-01-23,0.226322
2014-01-24,0.237167
2014-01-27,0.244167
2014-01-28,0.22672
2014-01-29,0.23082
2014-01-30,0.228678
2014-01-31,0.211405
2014-02-03,0.208288
2014-02-04,0.199261
2014-02-05,0.196722
2014-02-06,0.207489
2014-02-07,0.202122
2014-02-10,0.195238
2014-02-11,0.20936
2014-02-12,0.207779
2014-02-13,0.208532
2014-02-14,0.206004
2014-02-17,0.206647
2014-02-18,0.191788
2014-02-19,0.17619
2014-02-20,0.174434
2014-02-21,0.1723
2014-02-24,0.175302
2014-02-25,0.176456
2014-02-26,0.188867
2014-02-27,0.183005
2014-02-28,0.181001
2014-03-03,0.181707
2014-03-04,0.164117
2014-03-05,0.160886
2014-03-06,0.183498
2014-03-07,0.201954
2014-03-10,0.193875
2014-03-11,0.188972
2014-03-12,0.186575
2014-03-13,0.18945
2014-03-14,0.192163
2014-03-17,0.193122
2014-03-18,0.201075
2014-03-19,0.209379
2014-03-20,0.215433
2014-03-21,0.218901
2014-03-24,0.221393
2014-03-25,0.221118
2014-03-26,0.218897
2014-03-27,0.21999
2014-03-28,0.220224
2014-03-31,0.224107
2014-04-01,0.219987
2014-04-02,0.218402
2014-04-03,0.221636
2014-04-04,0.219452
2014-04-07,0.218583
2014-04-08,0.215257
2014-04-09,0.215007
2014-04-10,0.217253
2014-04-11,0.22745
2014-04-14,0.222829
2014-04-15,0.214255
2014-04-16,0.219253
2014-04-17,0.209477
2014-04-22,0.207914
2014-04-23,0.210952
2014-04-24,0.2277
2014-04-25,0.236471
2014-04-28,0.242783
2014-04-29,0.230448
2014-04-30,0.226605
2014-05-02,0.2173
2014-05-05,0.224892
2014-05-06,0.226029
2014-05-07,0.221882
2014-05-08,0.217997
2014-05-09,0.21899
2014-05-12,0.213147
2014-05-13,0.196718
2014-05-14,0.193522
2014-05-15,0.191211
2014-05-16,0.205521
2014-05-19,0.214093
2014-05-20,0.210633
2014-05-21,0.213962
2014-05-22,0.203085
2014-05-23,0.19821
2014-05-26,0.192715
2014-05-27,0.187284
2014-05-28,0.179991
2014-05-29,0.172947
2014-05-30,0.169062
2014-06-02,0.170763
2014-06-03,0.168649
2014-06-04,0.161646
2014-06-05,0.148908
2014-06-06,0.14659
2014-06-09,0.150644
2014-06-10,0.145507
2014-06-11,0.129948
2014-06-12,0.116546
2014-06-13,0.104164
2014-06-16,0.094141
2014-06-17,0.095571
2014-06-18,0.105324
2014-06-19,0.106497
2014-06-20,0.11025
2014-06-23,0.108233
2014-06-24,0.103304
2014-06-25,0.108625
2014-06-26,0.108147
2014-06-27,0.106519
2014-06-30,0.106628
2014-07-01,0.09944
2014-07-02,0.097967
2014-07-03,0.098433
2014-07-04,0.098752
2014-07-07,0.098941
2014-07-08,0.096265
2014-07-09,0.104983
2014-07-10,0.106263
2014-07-11,0.106876
2014-07-14,0.110931
2014-07-15,0.102503
2014-07-16,0.109001
2014-07-17,0.106871
2014-07-18,0.100594
2014-07-21,0.102796
2014-07-22,0.096309
2014-07-23,0.096981
2014-07-24,0.091668
2014-07-25,0.088892
2014-07-28,0.084507
2014-07-29,0.083645
2014-07-30,0.082026
2014-07-31,0.081914
2014-08-01,0.082878
2014-08-04,0.072771
2014-08-05,0.067906
2014-08-06,0.066269
2014-08-07,0.06321
2014-08-08,0.062551
2014-08-11,0.061211
2014-08-12,0.056284
2014-08-13,0.057126
2014-08-14,0.059713
2014-08-15,0.056897
2014-08-18,0.054627
2014-08-19,0.059688
2014-08-20,0.062583
2014-08-21,0.063209
2014-08-22,0.067463
2014-08-25,0.061057
2014-08-26,0.066078
2014-08-27,0.066762
2014-08-28,0.071597
2014-08-29,0.062254
2014-09-01,0.063726
2014-09-02,0.062166
2014-09-03,0.062359
2014-09-04,0.038301
2014-09-05,0.040388
2014-09-08,0.039209
2014-09-09,0.043503
2014-09-10,0.046606
2014-09-11,0.046348
2014-09-12,0.050997
2014-09-15,0.055094
2014-09-16,0.061981
2014-09-17,0.058723
2014-09-18,0.058577
2014-09-19,0.051899
2014-09-22,0.055341
2014-09-23,0.061129
2014-09-24,0.059151
2014-09-25,0.060892
2014-09-26,0.061926
2014-09-29,0.064022
2014-09-30,0.063927
2014-10-01,0.05788
2014-10-02,0.058442
2014-10-03,0.060262
2014-10-06,0.058948
2014-10-07,0.061824
2014-10-08,0.067087
2014-10-09,0.068747
2014-10-10,0.069827
2014-10-13,0.071292
2014-10-14,0.069977
2014-10-15,0.078208
2014-10-16,0.088199
2014-10-17,0.089414
2014-10-20,0.088906
2014-10-21,0.094105
2014-10-22,0.093688
2014-10-23,0.09522
2014-10-24,0.096242
2014-10-27,0.096153
2014-10-28,0.095053
2014-10-29,0.099475
2014-10-30,0.096071
2014-10-31,0.091029
2014-11-03,0.083555
2014-11-04,0.075336
2014-11-05,0.076715
2014-11-06,0.069488
2014-11-07,0.073311
2014-11-10,0.070656
2014-11-11,0.068347
2014-11-12,0.067364
2014-11-13,0.069578
2014-11-14,0.068429
2014-11-17,0.071666
2014-11-18,0.073107
2014-11-19,0.078518
2014-11-20,0.074924
2014-11-21,0.071231
2014-11-24,0.06865
2014-11-25,0.068282
2014-11-26,0.069979
2014-11-27,0.066041
2014-11-28,0.068007
2014-12-01,0.068735
2014-12-02,0.068635
2014-12-03,0.067076
2014-12-04,0.075079
2014-12-05,0.073574
2014-12-08,0.074701
2014-12-09,0.080183
2014-12-10,0.088008
2014-12-11,0.08276
2014-12-12,0.081
2014-12-15,0.084216
2014-12-16,0.088112
2014-12-17,0.082345
2014-12-18,0.072874
2014-12-19,0.069741
2014-12-22,0.06533
2014-12-23,0.059141
2014-12-24,0.058715
2014-12-29,0.067642
2014-12-30,0.055139
2014-12-31,0.054218
2015-01-02,0.040941
2015-01-05,0.042616
2015-01-06,0.03761
2015-01-07,0.0314
2015-01-08,0.030193
2015-01-09,0.030514
2015-01-12,0.032907
2015-01-13,0.026578
2015-01-14,0.026107
2015-01-15,0.018422
2015-01-16,0.014814
2015-01-19,0.017272
2015-01-20,0.01817
2015-01-21,0.01802
2015-01-22,0.005151
2015-01-23,0.002943
2015-01-26,0.011087
2015-01-27,0.012544
2015-01-28,0.017856
2015-01-29,0.00499
2015-01-30,0.0139
2015-02-02,0.011486
2015-02-03,0.006096
2015-02-04,0.003215
2015-02-05,0.001043
2015-02-06,0.000927
2015-02-09,0.00426
2015-02-10,0.001594
2015-02-11,0.002446
2015-02-12,0.00392
2015-02-13,0.00584
2015-02-16,0.006515
2015-02-17,0.00481
2015-02-18,0.002615
2015-02-19,0.005978
2015-02-20,0.007084
2015-02-23,0.002747
2015-02-24,-0.002254
2015-02-25,-0.002364
2015-02-26,-0.010183
2015-02-27,-0.008708
2015-03-02,-0.006595
2015-03-03,-0.00627
2015-03-04,-0.007158
2015-03-05,-0.012309
2015-03-06,-0.01172
2015-03-09,-0.000281
2015-03-10,0.003195
2015-03-11,-0.014404
2015-03-12,-0.015926
2015-03-13,-0.019066
2015-03-16,-0.020532
2015-03-17,-0.015707
2015-03-18,-0.013905
2015-03-19,-0.007275
2015-03-20,-0.020553
2015-03-23,-0.019873
2015-03-24,-0.019486
2015-03-25,-0.020434
2015-03-26,-0.026704
2015-03-27,-0.027836
2015-03-30,-0.021086
2015-03-31,-0.029765
2015-04-01,-0.031664
2015-04-02,-0.031093
2015-04-07,-0.031342
2015-04-08,-0.03194
2015-04-09,-0.032331
2015-04-10,-0.032804
2015-04-13,-0.030642
2015-04-14,-0.031099
2015-04-15,-0.025692
2015-04-16,-0.030485
2015-04-17,-0.02919
2015-04-20,-0.026383
2015-04-21,-0.028131
2015-04-22,-0.027685
2015-04-23,-0.112888
2015-04-24,-0.124306
2015-04-27,-0.136501
2015-04-28,-0.141738
2015-04-29,-0.126729
2015-04-30,-0.122085
2015-05-04,-0.127719
2015-05-05,-0.113026
2015-05-06,-0.108102
2015-05-07,-0.100459
2015-05-08,-0.101333
2015-05-11,-0.091767
2015-05-12,-0.102165
2015-05-13,-0.095095
2015-05-14,-0.093493
2015-05-15,-0.094035
2015-05-18,-0.107252
2015-05-19,-0.096909
2015-05-20,-0.095538
2015-05-21,-0.097597
2015-05-22,-0.105029
2015-05-25,-0.102982
2015-05-26,-0.103775
2015-05-27,-0.090664
2015-05-28,-0.098899
2015-05-29,-0.08389
2015-06-01,-0.092607
2015-06-02,-0.102782
2015-06-03,-0.093944
2015-06-04,-0.090444
2015-06-05,-0.094965
2015-06-08,-0.092398
2015-06-09,-0.097075
2015-06-10,-0.086927
2015-06-11,-0.096421
2015-06-12,-0.087844
2015-06-15,-0.089706
2015-06-16,-0.071582
2015-06-17,-0.075964
2015-06-18,-0.07386
2015-06-19,-0.081032
2015-06-22,-0.079049
2015-06-23,-0.080323
2015-06-24,-0.070449
2015-06-25,-0.077778
2015-06-26,-0.072179
2015-06-29,-0.077478
2015-06-30,-0.08511
2015-07-01,-0.096979
2015-07-02,-0.100166
2015-07-03,-0.094027
2015-07-06,-0.091326
2015-07-07,-0.090608
2015-07-08,-0.097763
2015-07-09,-0.095991
2015-07-10,-0.094272
2015-07-13,-0.102369
2015-07-14,-0.10721
2015-07-15,-0.108372
2015-07-16,-0.113875
2015-07-17,-0.114466
2015-07-20,-0.111345
2015-07-21,-0.109321
2015-07-22,-0.108664
2015-07-23,-0.105024
2015-07-24,-0.104926
2015-07-27,-0.108232
2015-07-28,-0.104931
2015-07-29,-0.10121
2015-07-30,-0.105998
2015-07-31,-0.101929
2015-08-03,-0.102437
2015-08-04,-0.107575
2015-08-05,-0.103987
2015-08-06,-0.107752
2015-08-07,-0.105613
2015-08-10,-0.108122
2015-08-11,-0.101682
2015-08-12,-0.102099
2015-08-13,-0.105599
2015-08-14,-0.103491
2015-08-17,-0.099595
2015-08-18,-0.107953
2015-08-19,-0.104692
2015-08-20,-0.107622
2015-08-21,-0.117596
2015-08-24,-0.109994
2015-08-25,-0.112
2015-08-26,-0.11048
2015-08-27,-0.115656
2015-08-28,-0.120653
2015-08-31,-0.104895
2015-09-01,-0.11695
2015-09-02,-0.113712
2015-09-03,-0.113465
2015-09-04,-0.109827
2015-09-07,-0.102616
2015-09-08,-0.101858
2015-09-09,-0.096495
2015-09-10,-0.090629
2015-09-11,-0.085373
2015-09-14,-0.091808
2015-09-15,-0.095493
2015-09-16,-0.0911
2015-09-17,-0.092144
2015-09-18,-0.098271
2015-09-21,-0.094167
2015-09-22,-0.097976
2015-09-23,-0.098716
2015-09-24,-0.100683
2015-09-25,-0.098307
2015-09-28,-0.101155
2015-09-29,-0.115442
2015-09-30,-0.101238
2015-10-01,-0.112574
2015-10-02,-0.116682
2015-10-05,-0.117161
2015-10-06,-0.115835
2015-10-07,-0.114353
2015-10-08,-0.12052
2015-10-09,-0.120105
2015-10-12,-0.11578
2015-10-13,-0.120876
2015-10-14,-0.10785
2015-10-15,-0.118987
2015-10-16,-0.114623
2015-10-19,-0.112279
2015-10-20,-0.131251
2015-10-21,-0.119374
2015-10-22,-0.174195
2015-10-23,-0.218263
2015-10-26,-0.209537
2015-10-27,-0.22284
2015-10-28,-0.221972
2015-10-29,-0.216907
2015-10-30,-0.213825
2015-11-02,-0.188756
2015-11-03,-0.201952
2015-11-04,-0.200487
2015-11-05,-0.204226
2015-11-06,-0.197812
2015-11-09,-0.190997
2015-11-10,-0.208423
2015-11-11,-0.187682
2015-11-12,-0.192788
2015-11-13,-0.230663
2015-11-16,-0.228212
2015-11-17,-0.229611
2015-11-18,-0.224985
2015-11-19,-0.226771
2015-11-20,-0.247124
2015-11-23,-0.237773
2015-11-24,-0.259571
2015-11-25,-0.270271
2015-11-26,-0.246571
2015-11-27,-0.261644
2015-11-30,-0.253059
2015-12-01,-0.267588
2015-12-02,-0.250596
2015-12-03,-0.215678
2015-12-04,-0.188644
2015-12-07,-0.202391
2015-12-08,-0.207189
2015-12-09,-0.219775
2015-12-10,-0.196875
2015-12-11,-0.198872
2015-12-14,-0.223495
2015-12-15,-0.225574
2015-12-16,-0.224457
2015-12-17,-0.223983
2015-12-18,-0.262636
2015-12-21,-0.253176
2015-12-22,-0.251027
2015-12-23,-0.265341
2015-12-28,-0.280079
2015-12-29,-0.288629
2015-12-30,-0.289735
2016-01-04,-0.304441
2016-01-05,-0.299162
2016-01-06,-0.301909
2016-01-07,-0.296121
2016-01-08,-0.318481
2016-01-11,-0.302383
2016-01-12,-0.289504
2016-01-13,-0.281782
2016-01-14,-0.278864
2016-01-15,-0.274659
2016-01-18,-0.271989
2016-01-19,-0.265062
2016-01-20,-0.252442
2016-01-21,-0.255865
2016-01-22,-0.269582
2016-01-25,-0.263738
2016-01-26,-0.262109
2016-01-27,-0.248544
2016-01-28,-0.236728
2016-01-29,-0.263751
2016-02-01,-0.257528
2016-02-02,-0.264327
2016-02-03,-0.266759
2016-02-04,-0.266284
2016-02-05,-0.266559
2016-02-08,-0.275971
2016-02-09,-0.266172
2016-02-10,-0.260201
2016-02-11,-0.246475
2016-02-12,-0.247337
2016-02-15,-0.241431
2016-02-16,-0.246304
2016-02-17,-0.241474
2016-02-18,-0.186411
2016-02-19,-0.241561
2016-02-22,-0.267086
2016-02-23,-0.27027
2016-02-24,-0.248769
2016-02-25,-0.247644
2016-02-26,-0.218611
2016-02-29,-0.267035
2016-03-01,-0.302112
2016-03-02,-0.28363
2016-03-03,-0.307046
2016-03-04,-0.310454
2016-03-07,-0.319778
2016-03-08,-0.324864
2016-03-09,-0.303579
2016-03-10,-0.306767
2016-03-11,-0.307521
2016-03-14,-0.319814
2016-03-15,-0.32723
2016-03-16,-0.323278
2016-03-17,-0.313959
2016-03-18,-0.345339
2016-03-21,-0.348209
2016-03-22,-0.349237
2016-03-23,-0.332359
2016-03-24,-0.322197
2016-03-29,-0.315577
2016-03-30,-0.300054
2016-03-31,-0.321575
2016-04-01,-0.320169
2016-04-04,-0.301973
2016-04-05,-0.303741
2016-04-06,-0.303071
2016-04-07,-0.301814
2016-04-08,-0.304502
2016-04-11,-0.326164
2016-04-12,-0.340491
2016-04-13,-0.337999
2016-04-14,-0.339672
2016-04-15,-0.362066
2016-04-18,-0.367718
2016-04-19,-0.367443
2016-04-20,-0.362447
2016-04-21,-0.346764
2016-04-22,-0.393467
2016-04-25,-0.388405
2016-04-26,-0.393131
2016-04-27,-0.388957
2016-04-28,-0.38976
2016-04-29,-0.381198
2016-05-02,-0.375986
2016-05-03,-0.384672
2016-05-04,-0.384172
2016-05-05,-0.384179
2016-05-06,-0.388398
2016-05-09,-0.399548
2016-05-10,-0.405461
2016-05-11,-0.392495
2016-05-12,-0.392132
2016-05-13,-0.40326
2016-05-16,-0.409125
2016-05-17,-0.412336
2016-05-18,-0.409985
2016-05-19,-0.406547
2016-05-20,-0.410329
2016-05-23,-0.411393
2016-05-24,-0.410013
2016-05-25,-0.400062
2016-05-26,-0.40351
2016-05-27,-0.401592
2016-05-30,-0.404868
2016-05-31,-0.419805
2016-06-01,-0.41974
2016-06-02,-0.421141
2016-06-03,-0.421727
2016-06-06,-0.425702
2016-06-07,-0.427451
2016-06-08,-0.387836
2016-06-09,-0.373474
2016-06-10,-0.36317
2016-06-13,-0.340508
2016-06-14,-0.311648
2016-06-15,-0.304634
2016-06-16,-0.262058
2016-06-17,-0.279127
2016-06-20,-0.306815
2016-06-21,-0.307289
2016-06-22,-0.322108
2016-06-23,-0.323713
2016-06-24,-0.371691
2016-06-27,-0.39627
2016-06-28,-0.428925
2016-06-29,-0.448342
2016-06-30,-0.45516
2016-07-01,-0.467998
2016-07-04,-0.496585
2016-07-05,-0.492831
2016-07-06,-0.484153
2016-07-07,-0.481775
2016-07-08,-0.473978
2016-07-11,-0.477299
2016-07-12,-0.4733
2016-07-13,-0.478326
2016-07-14,-0.443062
2016-07-15,-0.455652
2016-07-18,-0.465547
2016-07-19,-0.467869
2016-07-20,-0.45313
2016-07-21,-0.44629
2016-07-22,-0.461256
2016-07-25,-0.470909
2016-07-26,-0.474739
2016-07-27,-0.456816
2016-07-28,-0.454777
2016-07-29,-0.424539
2016-08-01,-0.448037
2016-08-02,-0.440112
2016-08-03,-0.447912
2016-08-04,-0.438588
2016-08-05,-0.436278
2016-08-08,-0.452416
2016-08-09,-0.451285
2016-08-10,-0.453529
2016-08-11,-0.451386
2016-08-12,-0.450211
2016-08-15,-0.455128
2016-08-16,-0.46419
2016-08-17,-0.463666
2016-08-18,-0.440356
2016-08-19,-0.462538
2016-08-22,-0.478946
2016-08-23,-0.495745
2016-08-24,-0.487883
2016-08-25,-0.479169
2016-08-26,-0.482876
2016-08-29,-0.478107
2016-08-30,-0.479243
2016-08-31,-0.474052
2016-09-01,-0.470152
2016-09-02,-0.471895
2016-09-05,-0.499189
2016-09-06,-0.504408
2016-09-07,-0.470604
2016-09-08,-0.457147
2016-09-09,-0.464524
2016-09-12,-0.455075
2016-09-13,-0.460437
2016-09-14,-0.481953
2016-09-15,-0.478507
2016-09-16,-0.474613
2016-09-19,-0.499018
2016-09-20,-0.502853
2016-09-21,-0.501586
2016-09-22,-0.513017
2016-09-23,-0.486489
2016-09-26,-0.526319
2016-09-27,-0.540379
2016-09-28,-0.55673
2016-09-29,-0.559676
2016-09-30,-0.556452
2016-10-03,-0.583056
2016-10-04,-0.584564
2016-10-05,-0.514956
2016-10-06,-0.500424
2016-10-07,-0.503411
2016-10-10,-0.523694
2016-10-11,-0.526805
2016-10-12,-0.517368
2016-10-13,-0.542485
2016-10-14,-0.501818
2016-10-17,-0.514046
2016-10-18,-0.516567
2016-10-19,-0.513086
2016-10-20,-0.514364
2016-10-21,-0.610292
2016-10-24,-0.610265
2016-10-25,-0.618728
2016-10-26,-0.60983
2016-10-27,-0.601536
2016-10-28,-0.550367
2016-10-31,-0.553569
2016-11-01,-0.536679
2016-11-02,-0.525434
2016-11-03,-0.543932
2016-11-04,-0.557586
2016-11-07,-0.59094
2016-11-08,-0.59685
2016-11-09,-0.591792
2016-11-10,-0.544415
2016-11-11,-0.521121
2016-11-14,-0.519781
2016-11-15,-0.530267
2016-11-16,-0.505766
2016-11-17,-0.512957
2016-11-18,-0.524062
2016-11-21,-0.527822
2016-11-22,-0.531938
2016-11-23,-0.510099
2016-11-24,-0.516373
2016-11-25,-0.508735
2016-11-28,-0.516282
2016-11-29,-0.503595
2016-11-30,-0.504494
2016-12-01,-0.485008
2016-12-02,-0.491518
2016-12-05,-0.530523
2016-12-06,-0.555249
2016-12-07,-0.55155
2016-12-08,-0.535358
2016-12-09,-0.514291
2016-12-12,-0.515221
2016-12-13,-0.471611
2016-12-14,-0.445854
2016-12-15,-0.443743
2016-12-16,-0.617055
2016-12-19,-0.590237
2016-12-20,-0.59654
2016-12-21,-0.601103
2016-12-22,-0.518244
2016-12-23,-0.579006
2016-12-27,-0.613495
2016-12-28,-0.573928
2016-12-29,-0.567085
2016-12-30,-0.577501
2017-01-02,-0.543724
2017-01-03,-0.573158
2017-01-04,-0.568659
2017-01-05,-0.51932
2017-01-06,-0.537022
2017-01-09,-0.530836
2017-01-10,-0.550481
2017-01-11,-0.515126
2017-01-12,-0.500049
2017-01-13,-0.519577
2017-01-16,-0.473183
2017-01-17,-0.495444
2017-01-18,-0.496558
2017-01-19,-0.493894
2017-01-20,-0.4637
2017-01-23,-0.483494
2017-01-24,-0.483296
2017-01-25,-0.459894
2017-01-26,-0.46424
2017-01-27,-0.422767
2017-01-30,-0.385295
2017-01-31,-0.427181
2017-02-01,-0.426413
2017-02-02,-0.418457
2017-02-03,-0.425923
2017-02-06,-0.458983
2017-02-07,-0.454715
2017-02-08,-0.488056
2017-02-09,-0.45715
2017-02-10,-0.432288
2017-02-13,-0.497237
2017-02-14,-0.495854
2017-02-15,-0.485807
2017-02-16,-0.487486
2017-02-17,-0.522747
2017-02-20,-0.516859
2017-02-21,-0.508808
2017-02-22,-0.508701
2017-02-23,-0.490802
2017-02-24,-0.506482
2017-02-27,-0.48464
2017-02-28,-0.525804
2017-03-01,-0.500237
2017-03-02,-0.525976
2017-03-03,-0.52734
2017-03-06,-0.558731
2017-03-07,-0.579203
2017-03-08,-0.593253
2017-03-09,-0.590906
2017-03-10,-0.589072
2017-03-13,-0.606915
2017-03-14,-0.594793
2017-03-15,-0.593729
2017-03-16,-0.579112
2017-03-17,-0.609463
2017-03-20,-0.615621
2017-03-21,-0.616125
2017-03-22,-0.60286
2017-03-23,-0.601331
2017-03-24,-0.602188
2017-03-27,-0.594929
2017-03-28,-0.574597
2017-03-29,-0.563065
2017-03-30,-0.53937
2017-03-31,-0.535209
2017-04-03,-0.520211
2017-04-04,-0.493658
2017-04-05,-0.485182
2017-04-06,-0.490745
2017-04-07,-0.488144
2017-04-10,-0.502252
2017-04-11,-0.503045
2017-04-12,-0.499304
2017-04-13,-0.491828
2017-04-18,-0.479024
2017-04-19,-0.480751
2017-04-20,-0.437564
2017-04-21,-0.465516
2017-04-24,-0.518376
2017-04-25,-0.521696
2017-04-26,-0.504414
2017-04-27,-0.493104
2017-04-28,-0.490483
2017-05-02,-0.495177
2017-05-03,-0.498583
2017-05-04,-0.49848
2017-05-05,-0.499324
2017-05-08,-0.531194
2017-05-09,-0.508452
2017-05-10,-0.49429
2017-05-11,-0.479269
2017-05-12,-0.472229
2017-05-15,-0.501965
2017-05-16,-0.508233
2017-05-17,-0.510441
2017-05-18,-0.47745
2017-05-19,-0.510757
2017-05-22,-0.503661
2017-05-23,-0.519707
2017-05-24,-0.517923
2017-05-25,-0.508593
2017-05-26,-0.506564
2017-05-29,-0.5043
2017-05-30,-0.513069
2017-05-31,-0.52426
2017-06-01,-0.518173
2017-06-02,-0.515868
2017-06-05,-0.503424
2017-06-06,-0.50335
2017-06-07,-0.516059
2017-06-08,-0.49129
2017-06-09,-0.502608
2017-06-12,-0.52449
2017-06-13,-0.516105
2017-06-14,-0.525721
2017-06-15,-0.526866
2017-06-16,-0.528139
2017-06-19,-0.531114
2017-06-20,-0.529518
2017-06-21,-0.521219
2017-06-22,-0.51092
2017-06-23,-0.535915
2017-06-26,-0.541572
2017-06-27,-0.551037
2017-06-28,-0.546806
2017-06-29,-0.534626
2017-06-30,-0.532116
2017-07-03,-0.517719
2017-07-04,-0.517436
2017-07-05,-0.508318
2017-07-06,-0.5311
2017-07-07,-0.48663
2017-07-10,-0.512044
2017-07-11,-0.519423
2017-07-12,-0.512662
2017-07-13,-0.514917
2017-07-14,-0.52152
2017-07-17,-0.529672
2017-07-18,-0.525795
2017-07-19,-0.50881
2017-07-20,-0.513352
2017-07-21,-0.51451
2017-07-24,-0.521797
2017-07-25,-0.517598
2017-07-26,-0.511006
2017-07-27,-0.516402
2017-07-28,-0.51572
2017-07-31,-0.526431
2017-08-01,-0.511098
2017-08-02,-0.524498
2017-08-03,-0.517521
2017-08-04,-0.550713
2017-08-07,-0.54422
2017-08-08,-0.542994
2017-08-09,-0.543188
2017-08-10,-0.534892
2017-08-11,-0.535644
2017-08-14,-0.544318
2017-08-15,-0.546102
2017-08-16,-0.516343
2017-08-17,-0.520881
2017-08-18,-0.548447
2017-08-21,-0.549544
2017-08-22,-0.554903
2017-08-23,-0.547818
2017-08-24,-0.541851
2017-08-25,-0.544433
2017-08-28,-0.552403
2017-08-29,-0.554743
2017-08-30,-0.535659
2017-08-31,-0.530827
2017-09-01,-0.531051
2017-09-04,-0.550723
2017-09-05,-0.556473
2017-09-06,-0.560018
2017-09-07,-0.563336
2017-09-08,-0.552326
2017-09-11,-0.561306
2017-09-12,-0.528095
2017-09-13,-0.514465
2017-09-14,-0.505954
2017-09-15,-0.510963
2017-09-18,-0.552369
2017-09-19,-0.542139
2017-09-20,-0.558937
2017-09-21,-0.550477
2017-09-22,-0.541626
2017-09-25,-0.550728
2017-09-26,-0.538282
2017-09-27,-0.55339
2017-09-28,-0.552735
2017-09-29,-0.559767
2017-10-02,-0.550189
2017-10-03,-0.553108
2017-10-04,-0.554981
2017-10-05,-0.535764
2017-10-06,-0.536512
2017-10-09,-0.546165
2017-10-10,-0.560436
2017-10-11,-0.559641
2017-10-12,-0.540753
2017-10-13,-0.552174
2017-10-16,-0.528768
2017-10-17,-0.535495
2017-10-18,-0.513737
2017-10-19,-0.504922
2017-10-20,-0.534007
2017-10-23,-0.563438
2017-10-24,-0.563481
2017-10-25,-0.557163
2017-10-26,-0.570001
2017-10-27,-0.582349
2017-10-30,-0.570201
2017-10-31,-0.572544
2017-11-01,-0.57122
2017-11-02,-0.588358
2017-11-03,-0.588123
2017-11-06,-0.60342
2017-11-07,-0.605084
2017-11-08,-0.605992
2017-11-09,-0.607132
2017-11-10,-0.611229
2017-11-13,-0.596475
2017-11-14,-0.609515
2017-11-15,-0.607209
2017-11-16,-0.606159
2017-11-17,-0.61994
2017-11-20,-0.617987
2017-11-21,-0.620154
2017-11-22,-0.623868
2017-11-23,-0.622092
2017-11-24,-0.599552
2017-11-27,-0.568093
2017-11-28,-0.578065
2017-11-29,-0.591018
2017-11-30,-0.597182
2017-12-01,-0.603741
2017-12-04,-0.606299
2017-12-05,-0.61068
2017-12-06,-0.602812
2017-12-07,-0.612238
2017-12-08,-0.6233
2017-12-11,-0.63292
2017-12-12,-0.638133
2017-12-13,-0.624842
2017-12-14,-0.622449
2017-12-15,-0.65313
2017-12-18,-0.677446
2017-12-19,-0.678382
2017-12-20,-0.662367
2017-12-21,-0.661287
2017-12-22,-0.656261
2017-12-27,-0.678675
2017-12-28,-0.635522
2017-12-29,-0.597567
2018-01-02,-0.558776
2018-01-03,-0.577247
2018-01-04,-0.562102
2018-01-05,-0.575879
2018-01-08,-0.555925
2018-01-09,-0.543988
2018-01-10,-0.534739
2018-01-11,-0.512534
2018-01-12,-0.494255
2018-01-15,-0.509309
2018-01-16,-0.534663
2018-01-17,-0.530684
2018-01-18,-0.530033
2018-01-19,-0.530113
2018-01-22,-0.528606
2018-01-23,-0.536259
2018-01-24,-0.529721
2018-01-25,-0.505236
2018-01-26,-0.515437
2018-01-29,-0.507918
2018-01-30,-0.50906
2018-01-31,-0.521948
2018-02-01,-0.51581
2018-02-02,-0.512719
2018-02-05,-0.524293
2018-02-06,-0.526327
2018-02-07,-0.523368
2018-02-08,-0.511878
2018-02-09,-0.512488
2018-02-12,-0.53078
2018-02-13,-0.532141
2018-02-14,-0.528959
2018-02-15,-0.525787
2018-02-16,-0.537476
2018-02-19,-0.54533
2018-02-20,-0.547748
2018-02-21,-0.539359
2018-02-22,-0.531524
2018-02-23,-0.512956
2018-02-26,-0.520223
2018-02-27,-0.52754
2018-02-28,-0.517141
2018-03-01,-0.516057
2018-03-02,-0.518331
2018-03-05,-0.550059
2018-03-06,-0.552503
2018-03-07,-0.54858
2018-03-08,-0.563857
2018-03-09,-0.569356
2018-03-12,-0.569106
2018-03-13,-0.582006
2018-03-14,-0.590421
2018-03-15,-0.582039
2018-03-16,-0.583189
2018-03-19,-0.578624
2018-03-20,-0.560112
2018-03-21,-0.546796
2018-03-22,-0.549231
2018-03-23,-0.536523
2018-03-26,-0.563909
2018-03-27,-0.553188
2018-03-28,-0.544104
2018-03-29,-0.536935
2018-04-03,-0.529487
2018-04-04,-0.512809
2018-04-05,-0.521432
2018-04-06,-0.53696
2018-04-09,-0.531588
2018-04-10,-0.535266
2018-04-11,-0.535577
2018-04-12,-0.542266
2018-04-13,-0.544046
2018-04-16,-0.539105
2018-04-17,-0.534681
2018-04-18,-0.525121
2018-04-19,-0.516692
2018-04-20,-0.530173
2018-04-23,-0.528157
2018-04-24,-0.515795
2018-04-25,-0.521773
2018-04-26,-0.523341
2018-04-27,-0.513731
2018-04-30,-0.517033
2018-05-02,-0.515618
2018-05-03,-0.518515
2018-05-04,-0.511663
2018-05-07,-0.518749
2018-05-08,-0.51512
2018-05-09,-0.511226
2018-05-10,-0.511064
2018-05-11,-0.511913
2018-05-14,-0.512565
2018-05-15,-0.514017
2018-05-16,-0.506786
2018-05-17,-0.521207
2018-05-18,-0.510072
2018-05-21,-0.506636
2018-05-22,-0.506961
2018-05-23,-0.507414
2018-05-24,-0.489676
2018-05-25,-0.481122
2018-05-28,-0.432272
2018-05-29,-0.230589
2018-05-30,-0.389338
2018-05-31,-0.426633
2018-06-01,-0.435759
2018-06-04,-0.415672
2018-06-05,-0.430502
2018-06-06,-0.38206
2018-06-07,-0.373791
2018-06-08,-0.35856
2018-06-11,-0.404312
2018-06-12,-0.415169
2018-06-13,-0.416555
2018-06-14,-0.423019
2018-06-15,-0.439666
2018-06-18,-0.46726
2018-06-19,-0.477089
2018-06-20,-0.479065
2018-06-21,-0.43929
2018-06-22,-0.436224
2018-06-25,-0.442237
2018-06-26,-0.443324
2018-06-27,-0.442276
2018-06-28,-0.44178
2018-06-29,-0.449541
2018-07-02,-0.456037
2018-07-03,-0.469496
2018-07-04,-0.456997
2018-07-05,-0.453328
2018-07-06,-0.458871
2018-07-09,-0.452726
2018-07-10,-0.461121
2018-07-11,-0.438117
2018-07-12,-0.448789
2018-07-13,-0.457712
2018-07-16,-0.456111
2018-07-17,-0.470158
2018-07-18,-0.459904
2018-07-19,-0.475249
2018-07-20,-0.459352
2018-07-23,-0.452329
2018-07-24,-0.423344
2018-07-25,-0.449282
2018-07-26,-0.447556
2018-07-27,-0.438881
2018-07-30,-0.421637
2018-07-31,-0.420571
2018-08-01,-0.407108
2018-08-02,-0.400783
2018-08-03,-0.398799
2018-08-06,-0.405976
2018-08-07,-0.423166
2018-08-08,-0.429539
2018-08-09,-0.421834
2018-08-10,-0.399466
2018-08-13,-0.391088
2018-08-14,-0.392964
2018-08-15,-0.383635
2018-08-16,-0.37548
2018-08-17,-0.371755
2018-08-20,-0.399975
2018-08-21,-0.404465
2018-08-22,-0.481568
2018-08-23,-0.472099
2018-08-24,-0.455101
2018-08-27,-0.415954
2018-08-28,-0.489877
2018-08-29,-0.412758
2018-08-30,-0.409189
2018-08-31,-0.333506
2018-09-03,-0.394797
2018-09-04,-0.43125
2018-09-05,-0.415393
2018-09-06,-0.441385
2018-09-07,-0.440283
2018-09-10,-0.449558
2018-09-11,-0.447604
2018-09-12,-0.433207
2018-09-13,-0.447871
2018-09-14,-0.414823
2018-09-17,-0.419596
2018-09-18,-0.42286
2018-09-19,-0.411476
2018-09-20,-0.374645
2018-09-21,-0.383953
2018-09-24,-0.379275
2018-09-25,-0.381759
2018-09-26,-0.400422
2018-09-27,-0.365212
2018-09-28,-0.368366
2018-10-01,-0.457822
2018-10-02,-0.447298
2018-10-03,-0.468098
2018-10-04,-0.467471
2018-10-05,-0.435812
2018-10-08,-0.414143
2018-10-09,-0.419356
2018-10-10,-0.426587
2018-10-11,-0.409202
2018-10-12,-0.422977
2018-10-15,-0.415978
2018-10-16,-0.43413
2018-10-17,-0.449041
2018-10-18,-0.432074
2018-10-19,-0.417016
2018-10-22,-0.415666
2018-10-23,-0.413946
2018-10-24,-0.411209
2018-10-25,-0.414244
2018-10-26,-0.403745
2018-10-29,-0.438988
2018-10-30,-0.4184
2018-10-31,-0.413946
2018-11-01,-0.415704
2018-11-02,-0.508716
2018-11-05,-0.519505
2018-11-06,-0.555075
2018-11-07,-0.560336
2018-11-08,-0.545216
2018-11-09,-0.549185
2018-11-12,-0.546998
2018-11-13,-0.546098
2018-11-14,-0.537631
2018-11-15,-0.532814
2018-11-16,-0.528031
2018-11-19,-0.501932
2018-11-20,-0.493793
2018-11-21,-0.513804
2018-11-22,-0.513883
2018-11-23,-0.516111
2018-11-26,-0.525394
2018-11-27,-0.483955
2018-11-28,-0.480424
2018-11-29,-0.475633
2018-11-30,-0.475589
2018-12-03,-0.47999
2018-12-04,-0.467007
2018-12-05,-0.454705
2018-12-06,-0.442888
2018-12-07,-0.422146
2018-12-10,-0.453132
2018-12-11,-0.446943
2018-12-12,-0.443941
2018-12-13,-0.491813
2018-12-14,-0.48925
2018-12-17,-0.497998
2018-12-18,-0.491946
2018-12-19,-0.520462
2018-12-20,-0.541859
2018-12-21,-0.534945
2018-12-27,-0.439236
2018-12-28,-0.441573
2019-01-02,-0.395637
2019-01-03,-0.382186
2019-01-04,-0.385103
2019-01-07,-0.424121
2019-01-08,-0.434808
2019-01-09,-0.417866
2019-01-10,-0.39674
2019-01-11,-0.401288
2019-01-14,-0.40164
2019-01-15,-0.403133
2019-01-16,-0.408909
2019-01-17,-0.407841
2019-01-18,-0.408756
2019-01-21,-0.413864
2019-01-22,-0.417125
2019-01-23,-0.414522
2019-01-24,-0.41485
2019-01-25,-0.395778
2019-01-28,-0.36408
2019-01-29,-0.379613
2019-01-30,-0.399196
2019-01-31,-0.379975
2019-02-01,-0.367729
2019-02-04,-0.38738
2019-02-05,-0.397822
2019-02-06,-0.377747
2019-02-07,-0.384162
2019-02-08,-0.371553
2019-02-11,-0.383609
2019-02-12,-0.379842
2019-02-13,-0.38939
2019-02-14,-0.386413
2019-02-15,-0.375429
2019-02-18,-0.39488
2019-02-19,-0.388208
2019-02-20,-0.383219
2019-02-21,-0.383403
2019-02-22,-0.384026
2019-02-25,-0.38666
2019-02-26,-0.396197
2019-02-27,-0.331476
2019-02-28,-0.343179
2019-03-01,-0.380039
2019-03-04,-0.408494
2019-03-05,-0.416627
2019-03-06,-0.419937
2019-03-07,-0.40902
2019-03-08,-0.422619
2019-03-11,-0.413017
2019-03-12,-0.412338
2019-03-13,-0.406863
2019-03-14,-0.408196
2019-03-15,-0.426553
2019-03-18,-0.446603
2019-03-19,-0.44944
2019-03-20,-0.447822
2019-03-21,-0.432323
2019-03-22,-0.432437
2019-03-25,-0.443391
2019-03-26,-0.438367
2019-03-27,-0.422973
2019-03-28,-0.40321
2019-03-29,-0.420645
2019-04-01,-0.42801
2019-04-02,-0.430301
2019-04-03,-0.443534
2019-04-04,-0.439124
2019-04-05,-0.43727
2019-04-08,-0.420152
2019-04-09,-0.409538
2019-04-10,-0.394363
2019-04-11,-0.367097
2019-04-12,-0.419539
2019-04-15,-0.369942
2019-04-16,-0.359785
2019-04-17,-0.367699
2019-04-18,-0.368293
2019-04-23,-0.334561
2019-04-24,-0.350353
2019-04-25,-0.343775
2019-04-26,-0.34943
2019-04-29,-0.362316
2019-04-30,-0.36764
2019-05-02,-0.404621
2019-05-03,-0.415361
2019-05-06,-0.429637
2019-05-07,-0.433077
2019-05-08,-0.4291
2019-05-09,-0.428521
2019-05-10,-0.42057
2019-05-13,-0.419878
2019-05-14,-0.413193
2019-05-15,-0.409465
2019-05-16,-0.411163
2019-05-17,-0.414196
2019-05-20,-0.40968
2019-05-21,-0.40935
2019-05-22,-0.409411
2019-05-23,-0.411509
2019-05-24,-0.417665
2019-05-27,-0.411384
2019-05-28,-0.376584
2019-05-29,-0.406958
2019-05-30,-0.406958
2019-05-31,-0.405039
2019-06-03,-0.397993
2019-06-04,-0.405471
2019-06-05,-0.404512
2019-06-06,-0.402558
2019-06-07,-0.413143
2019-06-10,-0.419164
2019-06-11,-0.421502
2019-06-12,-0.417264
2019-06-13,-0.396024
2019-06-14,-0.406617
2019-06-17,-0.418073
2019-06-18,-0.443837
2019-06-19,-0.434314
2019-06-20,-0.439398
2019-06-21,-0.437888
2019-06-24,-0.449177
2019-06-25,-0.446874
2019-06-26,-0.446874
2019-06-27,-0.448128
2019-06-28,-0.451474
2019-07-01,-0.460502
2019-07-02,-0.474319
2019-07-03,-0.487871
2019-07-04,-0.481965
2019-07-05,-0.470929
2019-07-08,-0.48628
2019-07-09,-0.478525
2019-07-10,-0.467877
2019-07-11,-0.486799
2019-07-12,-0.474754
2019-07-15,-0.475417
2019-07-16,-0.499351
2019-07-17,-0.501511
2019-07-18,-0.496868
2019-07-19,-0.477264
2019-07-22,-0.477275
2019-07-23,-0.481263
2019-07-24,-0.481728
2019-07-25,-0.470699
2019-07-26,-0.459708
2019-07-29,-0.459345
2019-07-30,-0.447137
2019-07-31,-0.503616
2019-08-01,-0.502766
2019-08-02,-0.492229
2019-08-05,-0.48802
2019-08-06,-0.470414
2019-08-07,-0.466318
2019-08-08,-0.439022
2019-08-09,-0.442519
2019-08-12,-0.467862
2019-08-13,-0.477092
2019-08-14,-0.470082
2019-08-15,-0.498091
2019-08-16,-0.511928
2019-08-19,-0.507001
2019-08-20,-0.52198
2019-08-21,-0.525297
2019-08-22,-0.507078
2019-08-23,-0.509732
2019-08-26,-0.521495
2019-08-27,-0.540238
2019-08-28,-0.542948
2019-08-29,-0.554233
2019-08-30,-0.533507
2019-09-02,-0.537969
2019-09-03,-0.579803
2019-09-04,-0.586884
2019-09-05,-0.591256
2019-09-06,-0.601942
2019-09-09,-0.59466
2019-09-10,-0.587731
2019-09-11,-0.575756
2019-09-12,-0.568136
2019-09-13,-0.453657
2019-09-16,-0.524486
2019-09-17,-0.53854
2019-09-18,-0.534472
2019-09-19,-0.518247
2019-09-20,-0.521506
2019-09-23,-0.527598
2019-09-24,-0.521632
2019-09-25,-0.512559
2019-09-26,-0.510969
2019-09-27,-0.511173
2019-09-30,-0.530199
2019-10-01,-0.543265
2019-10-02,-0.540559
2019-10-03,-0.538151
2019-10-04,-0.531313
2019-10-07,-0.529754
2019-10-08,-0.524978
2019-10-09,-0.523331
2019-10-10,-0.519617
2019-10-11,-0.525355
2019-10-14,-0.508485
2019-10-15,-0.511259
2019-10-16,-0.493143
2019-10-17,-0.477536
2019-10-18,-0.471643
2019-10-21,-0.479947
2019-10-22,-0.473936
2019-10-23,-0.475408
2019-10-24,-0.480239
2019-10-25,-0.476416
2019-10-28,-0.498024
2019-10-29,-0.496994
2019-10-30,-0.495919
2019-10-31,-0.500092
2019-11-01,-0.492082
2019-11-04,-0.530202
2019-11-05,-0.513324
2019-11-06,-0.508089
2019-11-07,-0.518698
2019-11-08,-0.514881
2019-11-11,-0.50818
2019-11-12,-0.50663
2019-11-13,-0.49859
2019-11-14,-0.49896
2019-11-15,-0.489523
2019-11-18,-0.503353
2019-11-19,-0.500255
2019-11-20,-0.49677
2019-11-21,-0.484729
2019-11-22,-0.490498
2019-11-25,-0.497524
2019-11-26,-0.49692
2019-11-27,-0.495595
2019-11-28,-0.503333
2019-11-29,-0.50247
2019-12-02,-0.53287
2019-12-03,-0.542515
2019-12-04,-0.544853
2019-12-05,-0.541372
2019-12-06,-0.54793
2019-12-09,-0.549124
2019-12-10,-0.549656
2019-12-11,-0.541326
2019-12-12,-0.527056
2019-12-13,-0.528989
2019-12-16,-0.520594
2019-12-17,-0.519666
2019-12-18,-0.526846
2019-12-19,-0.529892
2019-12-20,-0.515573
2019-12-23,-0.533215
2019-12-27,-0.518483
2019-12-30,-0.535648
2020-01-02,-0.494214
2020-01-03,-0.520125
2020-01-06,-0.526142
2020-01-07,-0.531228
2020-01-08,-0.524609
2020-01-09,-0.513899
2020-01-10,-0.524881
2020-01-13,-0.498142
2020-01-14,-0.509951
2020-01-15,-0.504901
2020-01-16,-0.498477
2020-01-17,-0.489942
2020-01-20,-0.474537
2020-01-21,-0.472799
2020-01-22,-0.473245
2020-01-23,-0.46877
2020-01-24,-0.467635
2020-01-27,-0.481868
2020-01-28,-0.48472
2020-01-29,-0.489375
2020-01-30,-0.487255
2020-01-31,-0.508627
2020-02-03,-0.519358
2020-02-04,-0.522957
2020-02-05,-0.516199
2020-02-06,-0.503798
2020-02-07,-0.512346
2020-02-10,-0.522653
2020-02-11,-0.526842
2020-02-12,-0.526798
2020-02-13,-0.53085
2020-02-14,-0.530061
2020-02-17,-0.525644
2020-02-18,-0.523734
2020-02-19,-0.514285
2020-02-20,-0.520805
2020-02-21,-0.511864
2020-02-24,-0.520003
2020-02-25,-0.520721
2020-02-26,-0.533502
2020-02-27,-0.525321
2020-02-28,-0.523599
2020-03-02,-0.535397
2020-03-03,-0.514909
2020-03-04,-0.535246
2020-03-05,-0.533213
2020-03-06,-0.541661
2020-03-09,-0.500259
2020-03-10,-0.493882
2020-03-11,-0.469629
2020-03-12,-0.508174
2020-03-13,-0.368029
2020-03-16,-0.38116
2020-03-17,-0.378173
2020-03-18,-0.298981
2020-03-19,-0.318939
2020-03-20,-0.364172
2020-03-23,-0.371536
2020-03-24,-0.324623
2020-03-25,-0.333226
2020-03-26,-0.424377
2020-03-27,-0.42633
2020-03-30,-0.40427
2020-03-31,-0.382567
2020-04-01,-0.370966
2020-04-02,-0.364298
2020-04-03,-0.357544
2020-04-06,-0.292634
2020-04-07,-0.29776
2020-04-08,-0.229893
2020-04-09,-0.240602
2020-04-14,-0.266006
2020-04-15,-0.143131
2020-04-16,-0.173419
2020-04-17,-0.209943
2020-04-20,-0.269377
2020-04-21,-0.265646
2020-04-22,-0.243584
2020-04-23,-0.273376
2020-04-24,-0.277005
2020-04-27,-0.269751
2020-04-28,-0.329551
2020-04-29,-0.350753
2020-04-30,-0.343275
2020-05-04,-0.338846
2020-05-05,-0.345344
2020-05-06,-0.331852
2020-05-07,-0.336821
2020-05-08,-0.347223
2020-05-11,-0.40652
2020-05-12,-0.426612
2020-05-13,-0.411571
2020-05-14,-0.357564
2020-05-15,-0.328628
2020-05-18,-0.39277
2020-05-19,-0.409447
2020-05-20,-0.408951
2020-05-21,-0.410538
2020-05-22,-0.413011
2020-05-25,-0.444854
2020-05-26,-0.433154
2020-05-27,-0.425825
2020-05-28,-0.414104
2020-05-29,-0.415111
2020-06-01,-0.439898
2020-06-02,-0.477889
2020-06-03,-0.46891
2020-06-04,-0.478561
2020-06-05,-0.462826
2020-06-08,-0.465431
2020-06-09,-0.456109
2020-06-10,-0.426906
2020-06-11,-0.440687
2020-06-12,-0.443522
2020-06-15,-0.452546
2020-06-16,-0.458467
2020-06-17,-0.455963
2020-06-18,-0.457333
2020-06-19,-0.466877
2020-06-22,-0.495112
2020-06-23,-0.507799
2020-06-24,-0.494597
2020-06-25,-0.509502
2020-06-26,-0.491343
2020-06-29,-0.487048
2020-06-30,-0.475513
2020-07-01,-0.489772
2020-07-02,-0.490587
2020-07-03,-0.485421
2020-07-06,-0.506416
2020-07-07,-0.505444
2020-07-08,-0.499348
2020-07-09,-0.50038
2020-07-10,-0.49451
2020-07-13,-0.487086
2020-07-14,-0.481483
2020-07-15,-0.482991
2020-07-16,-0.487158
2020-07-17,-0.486474
2020-07-20,-0.493735
2020-07-21,-0.495341
2020-07-22,-0.49863
2020-07-23,-0.496571
2020-07-24,-0.501306
2020-07-27,-0.484797
2020-07-28,-0.492419
2020-07-29,-0.490407
2020-07-30,-0.490635
2020-07-31,-0.498559
2020-08-03,-0.514392
2020-08-04,-0.520499
2020-08-05,-0.511541
2020-08-06,-0.515582
2020-08-07,-0.512121
2020-08-10,-0.512243
2020-08-11,-0.510572
2020-08-12,-0.507219
2020-08-13,-0.495418
2020-08-14,-0.501108
2020-08-17,-0.505268
2020-08-18,-0.512689
2020-08-19,-0.51383
2020-08-20,-0.510966
2020-08-21,-0.508612
2020-08-24,-0.508045
2020-08-25,-0.499933
2020-08-26,-0.507606
2020-08-27,-0.521517
2020-08-28,-0.532306
2020-08-31,-0.529924
2020-09-01,-0.533505
2020-09-02,-0.531598
2020-09-03,-0.54014
2020-09-04,-0.552523
2020-09-07,-0.540172
2020-09-08,-0.537348
2020-09-09,-0.53692
2020-09-10,-0.538907
2020-09-11,-0.534699
2020-09-14,-0.520872
2020-09-15,-0.522685
2020-09-16,-0.523482
2020-09-17,-0.542819
2020-09-18,-0.53095
2020-09-21,-0.530248
2020-09-22,-0.539378
2020-09-23,-0.533842
2020-09-24,-0.528125
2020-09-25,-0.520842
2020-09-28,-0.562016
2020-09-29,-0.554188
2020-09-30,-0.55868
2020-10-01,-0.550134
2020-10-02,-0.558505
2020-10-05,-0.561828
2020-10-06,-0.573704
2020-10-07,-0.568865
2020-10-08,-0.586333
2020-10-09,-0.595403
2020-10-12,-0.595279
2020-10-13,-0.621434
2020-10-14,-0.629293
2020-10-15,-0.622993
2020-10-16,-0.61215
2020-10-19,-0.625085
2020-10-20,-0.622495
2020-10-21,-0.621117
2020-10-22,-0.633107
2020-10-23,-0.629058
2020-10-26,-0.617739
2020-10-27,-0.615471
2020-10-28,-0.621409
2020-10-29,-0.624623
2020-10-30,-0.620305
2020-11-02,-0.620528
2020-11-03,-0.620839
2020-11-04,-0.60626
2020-11-05,-0.60786
2020-11-06,-0.601565
2020-11-09,-0.591513
2020-11-10,-0.593677
2020-11-11,-0.598806
2020-11-12,-0.591994
2020-11-13,-0.59619
2020-11-16,-0.591764
2020-11-17,-0.599837
2020-11-18,-0.606914
2020-11-19,-0.609314
2020-11-20,-0.609143
2020-11-23,-0.611502
2020-11-24,-0.610717
2020-11-25,-0.610069
2020-11-26,-0.610125
2020-11-27,-0.618101
2020-11-30,-0.621891
2020-12-01,-0.626619
2020-12-02,-0.615711
2020-12-03,-0.629278
2020-12-04,-0.662678
2020-12-07,-0.663528
2020-12-08,-0.665733
2020-12-09,-0.662005
2020-12-10,-0.667016
2020-12-11,-0.67012
2020-12-14,-0.674033
2020-12-15,-0.671771
2020-12-16,-0.646973
2020-12-17,-0.651735
2020-12-18,-0.641652
2020-12-21,-0.674081
2020-12-22,-0.663766
2020-12-23,-0.662166
2020-12-28,-0.671265
2020-12-29,-0.682903
2020-12-30,-0.674326
2021-01-04,-0.5986
2021-01-05,-0.609113
2021-01-06,-0.611325
2021-01-07,-0.612033
2021-01-08,-0.600648
2021-01-11,-0.599204
2021-01-12,-0.579578
2021-01-13,-0.571448
2021-01-14,-0.560789
2021-01-15,-0.56938
2021-01-18,-0.576441
2021-01-19,-0.578353
2021-01-20,-0.575875
2021-01-21,-0.567891
2021-01-22,-0.557089
2021-01-25,-0.567028
2021-01-26,-0.568459
2021-01-27,-0.564341
2021-01-28,-0.56354
2021-01-29,-0.569004
2021-02-01,-0.569261
2021-02-02,-0.568245
2021-02-03,-0.572592
2021-02-04,-0.57124
2021-02-05,-0.567439
2021-02-08,-0.572719
2021-02-09,-0.575076
2021-02-10,-0.572835
2021-02-11,-0.566535
2021-02-12,-0.56874
2021-02-15,-0.564217
2021-02-16,-0.561285
2021-02-17,-0.550395
2021-02-18,-0.528043
2021-02-19,-0.535287
2021-02-22,-0.557816
2021-02-23,-0.559209
2021-02-24,-0.552791
2021-02-25,-0.536198
2021-02-26,-0.536043
2021-03-01,-0.540325
2021-03-02,-0.558158
2021-03-03,-0.558269
2021-03-04,-0.567165
2021-03-05,-0.563403
2021-03-08,-0.5665
2021-03-09,-0.561784
2021-03-10,-0.571322
2021-03-11,-0.560106
2021-03-12,-0.565697
2021-03-15,-0.566348
2021-03-16,-0.571585
2021-03-17,-0.576105
2021-03-18,-0.57837
2021-03-19,-0.57782
2021-03-22,-0.585329
2021-03-23,-0.585772
2021-03-24,-0.58297
2021-03-25,-0.588486
2021-03-26,-0.57975
2021-03-29,-0.591482
2021-03-30,-0.593965
2021-03-31,-0.602878
2021-04-01,-0.605571
2021-04-06,-0.599071
2021-04-07,-0.596787
2021-04-08,-0.601347
2021-04-09,-0.598117
2021-04-12,-0.597204
2021-04-13,-0.600732
2021-04-14,-0.601319
2021-04-15,-0.594711
2021-04-16,-0.591576
2021-04-19,-0.594887
2021-04-20,-0.596067
2021-04-21,-0.595305
2021-04-22,-0.598667
2021-04-23,-0.597146
2021-04-26,-0.5954
2021-04-27,-0.595684
2021-04-28,-0.583907
2021-04-29,-0.574667
2021-04-30,-0.586075
2021-05-03,-0.596864
2021-05-04,-0.597798
2021-05-05,-0.594542
2021-05-06,-0.590461
2021-05-07,-0.588895
2021-05-10,-0.602014
2021-05-11,-0.603891
2021-05-12,-0.595686
2021-05-13,-0.599296
2021-05-14,-0.601448
2021-05-17,-0.591223
2021-05-18,-0.598087
2021-05-19,-0.596693
2021-05-20,-0.609344
2021-05-21,-0.608587
2021-05-24,-0.611316
2021-05-25,-0.615019
2021-05-26,-0.604514
2021-05-27,-0.605298
2021-05-28,-0.59535
2021-05-31,-0.597958
2021-06-01,-0.604931
2021-06-02,-0.603108
2021-06-03,-0.613211
2021-06-04,-0.615708
2021-06-07,-0.617079
2021-06-08,-0.612303
2021-06-09,-0.605806
2021-06-10,-0.616295
2021-06-11,-0.618821
2021-06-14,-0.62199
2021-06-15,-0.625584
2021-06-16,-0.621729
2021-06-17,-0.624694
2021-06-18,-0.625999
2021-06-21,-0.619837
2021-06-22,-0.619598
2021-06-23,-0.618419
2021-06-24,-0.614732
2021-06-25,-0.620616
2021-06-28,-0.611122
2021-06-29,-0.609195
2021-06-30,-0.601275
2021-07-01,-0.596996
2021-07-02,-0.59303
2021-07-05,-0.599941
2021-07-06,-0.598127
2021-07-07,-0.596356
2021-07-08,-0.607336
2021-07-09,-0.604309
2021-07-12,-0.609825
2021-07-13,-0.611942
2021-07-14,-0.609903
2021-07-15,-0.608695
2021-07-16,-0.611346
2021-07-19,-0.609252
2021-07-20,-0.616791
2021-07-21,-0.616254
2021-07-22,-0.622454
2021-07-23,-0.629725
2021-07-26,-0.627186
2021-07-27,-0.627931
2021-07-28,-0.625892
2021-07-29,-0.627429
2021-07-30,-0.618908
2021-08-02,-0.64183
2021-08-03,-0.643048
2021-08-04,-0.64847
2021-08-05,-0.646853
2021-08-06,-0.643632
2021-08-09,-0.649629
2021-08-10,-0.651625
2021-08-11,-0.651108
2021-08-12,-0.651425
2021-08-13,-0.649649
2021-08-16,-0.631546
2021-08-17,-0.632027
2021-08-18,-0.634945
2021-08-19,-0.63678
2021-08-20,-0.634719
2021-08-23,-0.63824
2021-08-24,-0.636635
2021-08-25,-0.628454
2021-08-26,-0.625642
2021-08-27,-0.626197
2021-08-30,-0.62745
2021-08-31,-0.639997
2021-09-01,-0.630802
2021-09-02,-0.628762
2021-09-03,-0.634836
2021-09-06,-0.638331
2021-09-07,-0.634192
2021-09-08,-0.637317
2021-09-09,-0.641951
2021-09-10,-0.638752
2021-09-13,-0.63883
2021-09-14,-0.639345
2021-09-15,-0.63021
2021-09-16,-0.602923
2021-09-17,-0.666839
2021-09-20,-0.666659
2021-09-21,-0.661315
2021-09-22,-0.660535
2021-09-23,-0.657381
2021-09-24,-0.666962
2021-09-27,-0.675108
2021-09-28,-0.679166
2021-09-29,-0.678625
2021-09-30,-0.680333
2021-10-01,-0.688829
2021-10-04,-0.696899
2021-10-05,-0.695365
2021-10-06,-0.690576
2021-10-07,-0.693881
2021-10-08,-0.6943
2021-10-11,-0.695233
2021-10-12,-0.69528
2021-10-13,-0.693119
2021-10-14,-0.671924
2021-10-15,-0.681052
2021-10-18,-0.685187
2021-10-19,-0.682581
2021-10-20,-0.669679
2021-10-21,-0.676418
2021-10-22,-0.668133
2021-10-25,-0.672532
2021-10-26,-0.680871
2021-10-27,-0.698059
2021-10-28,-0.662406
2021-10-29,-0.640912
2021-11-01,-0.660054
2021-11-02,-0.691131
2021-11-03,-0.722171
2021-11-04,-0.693669
2021-11-05,-0.701987
2021-11-08,-0.727485
2021-11-09,-0.74981
2021-11-10,-0.759814
2021-11-11,-0.749282
2021-11-12,-0.749133
2021-11-15,-0.772303
2021-11-16,-0.780007
2021-11-17,-0.781296
2021-11-18,-0.806265
2021-11-19,-0.791798
2021-11-22,-0.819139
2021-11-23,-0.832957
2021-11-24,-0.823699
2021-11-25,-0.815717
2021-11-26,-0.789196
2021-11-29,-0.807861
2021-11-30,-0.816703
2021-12-01,-0.814927
2021-12-02,-0.821625
2021-12-03,-0.802297
2021-12-06,-0.813951
2021-12-07,-0.802844
2021-12-08,-0.772731
2021-12-09,-0.772147
2021-12-10,-0.736366
2021-12-13,-0.7373
2021-12-15,-0.708655
2021-12-16,-0.757475
2021-12-17,-0.7244
2021-12-20,-0.726798
2021-12-21,-0.724673
2021-12-22,-0.70264
2021-12-23,-0.681109
2021-12-24,-0.687406
2021-12-27,-0.67657
2021-12-28,-0.678064
2021-12-29,-0.702107
2021-12-30,-0.687219
2021-12-31,-0.694991
2022-01-03,-0.647908
2022-01-04,-0.63748
2022-01-05,-0.656414
2022-01-06,-0.648337
2022-01-07,-0.64363
2022-01-10,-0.631469
2022-01-11,-0.625693
2022-01-12,-0.629701
2022-01-13,-0.623149
2022-01-14,-0.635078
2022-01-17,-0.648279
2022-01-18,-0.648622
2022-01-19,-0.629071
2022-01-20,-0.64637
2022-01-21,-0.648474
2022-01-24,-0.646861
2022-01-25,-0.648116
2022-01-26,-0.611424
2022-01-27,-0.618232
2022-01-28,-0.622384
2022-01-31,-0.635914
2022-02-01,-0.636346
2022-02-02,-0.611826
2022-02-03,-0.580267
2022-02-04,-0.553346
2022-02-07,-0.535331
2022-02-08,-0.554132
2022-02-09,-0.570822
2022-02-10,-0.577774
2022-02-11,-0.568527
2022-02-14,-0.573882
2022-02-15,-0.582569
2022-02-16,-0.576949
2022-02-17,-0.611982
2022-02-18,-0.615794
2022-02-21,-0.592516
2022-02-22,-0.596416
2022-02-23,-0.571929
2022-02-24,-0.599173
2022-02-25,-0.577471
2022-02-28,-0.620831
2022-03-01,-0.674691
2022-03-02,-0.659521
2022-03-03,-0.648663
2022-03-04,-0.675711
2022-03-07,-0.691145
2022-03-08,-0.684088
2022-03-09,-0.687927
2022-03-10,-0.664921
2022-03-11,-0.671685
2022-03-14,-0.617437
2022-03-15,-0.62177
2022-03-16,-0.619309
2022-03-17,-0.62483
2022-03-18,-0.639608
2022-03-21,-0.602123
2022-03-22,-0.586865
2022-03-23,-0.56709
2022-03-24,-0.58314
2022-03-25,-0.577584
2022-03-28,-0.537895
2022-03-29,-0.545631
2022-03-30,-0.500548
2022-03-31,-0.529928
2022-04-01,-0.547369
2022-04-04,-0.512652
2022-04-05,-0.501381
2022-04-06,-0.483547
2022-04-07,-0.509853
2022-04-08,-0.491435
2022-04-11,-0.448155
2022-04-12,-0.464263
2022-04-13,-0.489858
2022-04-14,-0.472904
2022-04-19,-0.455843
2022-04-20,-0.469247
2022-04-21,-0.472026
2022-04-22,-0.438055
2022-04-25,-0.452081
2022-04-26,-0.473313
2022-04-27,-0.45122
2022-04-28,-0.427227
2022-04-29,-0.386769
2022-05-02,-0.418724
2022-05-03,-0.410155
2022-05-04,-0.396515
2022-05-05,-0.420215
2022-05-06,-0.382834
2022-05-09,-0.432636
2022-05-10,-0.455638
2022-05-11,-0.469362
2022-05-12,-0.464751
2022-05-13,-0.422585
2022-05-16,-0.423643
2022-05-17,-0.394019
2022-05-18,-0.360858
2022-05-19,-0.360127
2022-05-20,-0.340403
2022-05-23,-0.298141
2022-05-24,-0.319413
2022-05-25,-0.306255
2022-05-26,-0.320199
2022-05-27,-0.348991
2022-05-30,-0.277141
2022-05-31,-0.258844
2022-06-01,-0.230996
2022-06-02,-0.188337
2022-06-03,-0.177624
2022-06-06,-0.151413
2022-06-07,-0.16519
2022-06-08,-0.108643
2022-06-09,-0.091963
2022-06-10,-0.155908
2022-06-13,-0.040393
2022-06-14,-0.027518
2022-06-15,-0.068076
2022-06-16,-0.0433
2022-06-17,-0.131689
2022-06-20,-0.116798
2022-06-21,-0.108919
2022-06-22,-0.213354
2022-06-23,-0.340235
2022-06-24,-0.372706
2022-06-27,-0.33637
2022-06-28,-0.260835
2022-06-29,-0.252741
2022-06-30,-0.324235
2022-07-01,-0.322374
2022-07-04,-0.320901
2022-07-05,-0.25988
2022-07-06,-0.169894
2022-07-07,-0.269957
2022-07-08,-0.25534
2022-07-11,-0.268735
2022-07-12,-0.27346
2022-07-13,-0.249544
2022-07-14,-0.206183
2022-07-15,-0.219713
2022-07-18,-0.171681
2022-07-19,-0.192396
2022-07-20,-0.171492
2022-07-21,0.016688
2022-07-22,-0.006305
2022-07-25,0.009759
2022-07-26,0.056604
2022-07-27,0.070692
2022-07-28,0.075666
2022-07-29,0.109316
2022-08-01,0.129745
2022-08-02,0.11535
2022-08-03,0.180978
2022-08-04,0.184346
2022-08-05,0.180744
2022-08-08,0.192764
2022-08-09,0.206908
2022-08-10,0.197804
2022-08-11,0.209658
2022-08-12,0.213111
2022-08-15,0.204116
2022-08-16,0.213799
2022-08-17,0.244039
2022-08-18,0.271867
2022-08-19,0.319886
2022-08-22,0.22329
2022-08-23,0.192058
2022-08-24,0.202868
2022-08-25,0.190589
2022-08-26,0.049287
2022-08-29,0.068772
2022-08-30,0.058483
2022-08-31,-0.006564
2022-09-01,0.038149
2022-09-02,0.066439
2022-09-05,0.13339
2022-09-06,0.155509
2022-09-07,0.188702
2022-09-08,0.273758
2022-09-09,0.320826
2022-09-12,0.485094
2022-09-13,0.527402
2022-09-14,0.520153
2022-09-15,0.580066
2022-09-16,0.566628
2022-09-19,0.654519
2022-09-20,0.700543
2022-09-21,0.71861
2022-09-22,0.790544
2022-09-23,0.852128
2022-09-26,0.912149
2022-09-27,0.914462
2022-09-28,0.85841
2022-09-29,0.82538
2022-09-30,0.82103
2022-10-03,0.8192
2022-10-04,0.807014
2022-10-05,0.797972
2022-10-06,0.794972
2022-10-07,0.811452
2022-10-10,0.822926
2022-10-11,0.850489
2022-10-12,0.879557
2022-10-13,0.892767
2022-10-14,0.924869
2022-10-17,0.967412
2022-10-18,0.966253
2022-10-19,0.940901
2022-10-20,0.964372
2022-10-21,0.983828
2022-10-24,0.992292
2022-10-25,1.000353
2022-10-26,1.014006
2022-10-27,1.114097
2022-10-28,1.182246
2022-10-31,1.183788
2022-11-01,1.198543
2022-11-02,1.225809
2022-11-03,1.286613
2022-11-04,1.254674
2022-11-07,1.247791
2022-11-08,1.332086
2022-11-09,1.294733
2022-11-10,1.341303
2022-11-11,1.392289
2022-11-14,1.431959
2022-11-15,1.449215
2022-11-16,1.430921
2022-11-17,1.420149
2022-11-18,1.393573
2022-11-21,1.400982
2022-11-22,1.420219
2022-11-23,1.429185
2022-11-24,1.43043
2022-11-25,1.472315
2022-11-28,1.48178
2022-11-29,1.571306
2022-11-30,1.550468
2022-12-01,1.548712
2022-12-02,1.514731
2022-12-05,1.517116
2022-12-06,1.53992
2022-12-07,1.540379
2022-12-08,1.653924
2022-12-09,1.634981
2022-12-12,1.644419
2022-12-13,1.653292
2022-12-14,1.659457
2022-12-15,1.691454
2022-12-16,1.673641
2022-12-19,1.665416
2022-12-20,1.68587
2022-12-21,1.761028
2022-12-22,1.867401
2022-12-23,1.872535
2022-12-27,1.857639
2022-12-28,1.862526
2022-12-29,1.907366
2022-12-30,1.877721
2023-01-02,2.027159
2023-01-03,2.011987
2023-01-04,2.080358
2023-01-05,2.136517
2023-01-06,2.129853
2023-01-09,2.196835
2023-01-10,2.20718
2023-01-11,2.239673
2023-01-12,2.272117
2023-01-13,2.260809
2023-01-16,2.256242
2023-01-17,2.283945
2023-01-18,2.27064
2023-01-19,2.301954
2023-01-20,2.298178
2023-01-23,2.295584
2023-01-24,2.292942
2023-01-25,2.319761
2023-01-26,2.351886
2023-01-27,2.36782
2023-01-30,2.378047
2023-01-31,2.351529
2023-02-01,2.387757
2023-02-02,2.396498
2023-02-03,2.444232
2023-02-06,2.410616
2023-02-07,2.413737
2023-02-08,2.422048
2023-02-09,2.458618
2023-02-10,2.506599
2023-02-13,2.546668
2023-02-14,2.561723
2023-02-15,2.57762
2023-02-16,2.653662
2023-02-17,2.666582
2023-02-20,2.68823
2023-02-21,2.696693
2023-02-22,2.670071
2023-02-23,2.71553
2023-02-24,2.731013
2023-02-27,2.736939
2023-02-28,2.733698
2023-03-01,2.785156
2023-03-02,2.843037
2023-03-03,2.85372
2023-03-06,2.803077
2023-03-07,2.797453
2023-03-08,2.849609
2023-03-09,2.851456
2023-03-10,2.849578
2023-03-13,2.696434
2023-03-14,2.721529
2023-03-15,2.64163
2023-03-16,2.721447
2023-03-17,2.763358
2023-03-20,2.678127
2023-03-21,2.789378
2023-03-22,2.825906
2023-03-23,2.842088
2023-03-24,2.749346
2023-03-27,2.845615
2023-03-28,2.855565
2023-03-29,2.862861
2023-03-30,2.894304
2023-03-31,2.948955
2023-04-03,2.947328
2023-04-04,2.956314
2023-04-05,2.954357
2023-04-06,2.925437
2023-04-11,3.09226
2023-04-12,2.993542
2023-04-13,3.030884
2023-04-14,3.011769
2023-04-17,3.137328
2023-04-18,3.160936
2023-04-19,3.167849
2023-04-20,3.164365
2023-04-21,3.16432
2023-04-24,3.164935
2023-04-25,3.141981
2023-04-26,3.085867
2023-04-27,3.097819
2023-04-28,3.079874
2023-05-02,3.093903
2023-05-03,3.092982
2023-05-04,3.112431
2023-05-05,3.099375
2023-05-08,3.10978
2023-05-09,3.109661
2023-05-10,3.090374
2023-05-11,3.098115
2023-05-12,3.136617
2023-05-15,3.127073
2023-05-16,3.13359
2023-05-17,3.137091
2023-05-18,3.194941
2023-05-19,3.210375
2023-05-22,3.205132
2023-05-23,3.177762
2023-05-24,3.204742
2023-05-25,3.239231
2023-05-26,3.254165
2023-05-29,3.286021
2023-05-30,3.271185
2023-05-31,3.224821
2023-06-01,3.254746
2023-06-02,3.225825
2023-06-05,3.31397
2023-06-06,3.319852
2023-06-07,3.342105
2023-06-08,3.34565
2023-06-09,3.32522
2023-06-12,3.252882
2023-06-13,3.280386
2023-06-14,3.286251
2023-06-15,3.3449
2023-06-16,3.342625
2023-06-19,3.358887
2023-06-20,3.35709
2023-06-21,3.351564
2023-06-22,3.376584
2023-06-23,3.35995
2023-06-26,3.360199
2023-06-27,3.362395
2023-06-28,3.413118
2023-06-29,3.436891
2023-06-30,3.437473
2023-07-03,3.442868
2023-07-04,3.450538
2023-07-05,3.482021
2023-07-06,3.49161
2023-07-07,3.49096
2023-07-10,3.507055
2023-07-11,3.536565
2023-07-12,3.549994
2023-07-13,3.528757
2023-07-14,3.530527
2023-07-17,3.519443
2023-07-18,3.528804
2023-07-19,3.501731
2023-07-20,3.527913
2023-07-21,3.520033
2023-07-24,3.540824
2023-07-25,3.554986
2023-07-26,3.541797
2023-07-27,3.559847
2023-07-28,3.523481
2023-07-31,3.549188
2023-08-01,3.563178
2023-08-02,3.564661
2023-08-03,3.53496
2023-08-04,3.551015
2023-08-07,3.549585
2023-08-08,3.563854
2023-08-09,3.526768
2023-08-10,3.502271
2023-08-11,3.504721
2023-08-14,3.529495
2023-08-15,3.552833
2023-08-16,3.528707
2023-08-17,3.60688
2023-08-18,3.636773
2023-08-21,3.591675
2023-08-22,3.569661
2023-08-23,3.567154
2023-08-24,3.559102
2023-08-25,3.580459
2023-08-28,3.580934
2023-08-29,3.582905
2023-08-30,3.586054
2023-08-31,3.57475
2023-09-01,3.58079
2023-09-04,3.58514
2023-09-05,3.59878
2023-09-06,3.60185
2023-09-07,3.605876
2023-09-08,3.594888
2023-09-11,3.615463
2023-09-12,3.653722
2023-09-13,3.710107
2023-09-14,3.692382
2023-09-15,3.719541
2023-09-18,3.76262
2023-09-19,3.745586
2023-09-20,3.748553
2023-09-21,3.757407
2023-09-22,3.717247
2023-09-25,3.727902
2023-09-26,3.727715
2023-09-27,3.739265
2023-09-28,3.758467
2023-09-29,3.751382
2023-10-02,3.752192
2023-10-03,3.754895
2023-10-04,3.798788
2023-10-05,3.807262
2023-10-06,3.825298
2023-10-09,3.844712
2023-10-10,3.818789
2023-10-11,3.805861
2023-10-12,3.78548
2023-10-13,3.811193
2023-10-16,3.815666
2023-10-17,3.774122
2023-10-18,3.778269
2023-10-19,3.792506
2023-10-20,3.82538
2023-10-23,3.829078
2023-10-24,3.835009
2023-10-25,3.830103
2023-10-26,3.840338
2023-10-27,3.828512
2023-10-30,3.826342
2023-10-31,3.847
2023-11-01,3.845493
2023-11-02,3.827589
2023-11-03,3.828432
2023-11-06,3.829819
2023-11-07,3.796075
2023-11-08,3.834351
2023-11-09,3.833055
2023-11-10,3.838802
2023-11-13,3.83423
2023-11-14,3.845142
2023-11-15,3.85523
2023-11-16,3.856943
2023-11-17,3.845839
2023-11-20,3.83636
2023-11-21,3.861773
2023-11-22,3.846509
2023-11-23,3.839019
2023-11-24,3.829062
2023-11-27,3.853155
2023-11-28,3.865044
2023-11-29,3.848072
2023-11-30,3.821227
2023-12-01,3.770454
2023-12-04,3.774497
2023-12-05,3.74686
2023-12-06,3.755934
2023-12-07,3.781532
2023-12-08,3.780865
2023-12-11,3.793279
2023-12-12,3.78672
2023-12-13,3.800053
2023-12-14,3.788111
2023-12-15,3.779101
2023-12-18,3.808485
2023-12-19,3.815909
2023-12-20,3.821391
2023-12-21,3.805919
2023-12-22,3.811292
2023-12-27,3.814599
2023-12-28,3.851178
2023-12-29,3.859439
2024-01-02,3.83502
2024-01-03,3.84443
2024-01-04,3.833875
2024-01-05,3.862607
2024-01-08,3.857265
2024-01-09,3.862079
2024-01-10,3.881844
2024-01-11,3.869187
2024-01-12,3.854106
2024-01-15,3.895343
2024-01-16,3.905316
2024-01-17,3.949914
2024-01-18,3.91247
2024-01-19,3.931779
2024-01-22,3.928318
2024-01-23,3.925612
2024-01-24,3.920886
2024-01-25,3.910911
2024-01-26,3.919601
2024-01-29,3.878058
2024-01-30,3.890714
2024-01-31,3.878724
2024-02-01,3.881543
2024-02-02,3.89117
2024-02-05,3.887259
2024-02-06,3.895311
2024-02-07,3.87939
2024-02-08,3.87676
2024-02-09,3.874585
2024-02-12,3.877983
2024-02-13,3.890221
2024-02-14,3.886924
2024-02-15,3.886565
2024-02-16,3.892131
2024-02-19,3.880133
2024-02-20,3.870868
2024-02-21,3.874551
2024-02-22,3.886183
2024-02-23,3.888895
2024-02-26,3.898263
2024-02-27,3.890473
2024-02-28,3.875278
2024-02-29,3.881004
2024-03-01,3.891792
2024-03-04,3.910497
2024-03-05,3.887284
2024-03-06,3.876904
2024-03-07,3.889596
2024-03-08,3.884627
2024-03-11,3.890947
2024-03-12,3.911837
2024-03-13,3.92494
2024-03-14,3.929697
2024-03-15,3.909351
2024-03-18,3.894871
2024-03-19,3.887268
2024-03-20,3.889612
2024-03-21,3.886955
2024-03-22,3.862708
2024-03-25,3.845179
2024-03-26,3.842763
2024-03-27,3.82924
2024-03-28,3.843389
2024-04-02,3.834239
2024-04-03,3.850966
2024-04-04,3.837849
2024-04-05,3.816746
2024-04-08,3.823361
2024-04-09,3.834226
2024-04-10,3.845297
2024-04-11,3.821439
2024-04-12,3.814185
2024-04-15,3.827199
2024-04-16,3.810996
2024-04-17,3.796335
2024-04-18,3.830334
2024-04-19,3.809798
2024-04-22,3.775796
2024-04-23,3.778155
2024-04-24,3.778421
2024-04-25,3.810049
2024-04-26,3.800553
2024-04-29,3.784405
2024-04-30,3.798992
2024-05-02,3.767548
2024-05-03,3.754634
2024-05-06,3.766747
2024-05-07,3.758404
2024-05-08,3.758693
2024-05-09,3.739042
2024-05-10,3.745307
2024-05-13,3.744963
2024-05-14,3.724948
2024-05-15,3.729322
2024-05-16,3.713609
2024-05-17,3.724955
2024-05-20,3.713812
2024-05-21,3.719401
2024-05-22,3.745401
2024-05-23,3.761517
2024-05-24,3.743058
2024-05-27,3.727121
2024-05-28,3.706535
2024-05-29,3.694557
2024-05-30,3.680134
2024-05-31,3.69255
2024-06-03,3.675221
2024-06-04,3.684403
2024-06-05,3.656499
2024-06-06,3.667022
2024-06-07,3.656313
2024-06-10,3.650176
2024-06-11,3.653366
2024-06-12,3.632656
2024-06-13,3.631924
2024-06-14,3.603314
2024-06-17,3.64323
2024-06-18,3.60774
2024-06-19,3.617215
2024-06-20,3.591834
2024-06-21,3.589031
2024-06-24,3.58897
2024-06-25,3.582037
2024-06-26,3.586367
2024-06-27,3.575477
2024-06-28,3.585271
2024-07-01,3.598554
2024-07-02,3.603585
2024-07-03,3.602964
2024-07-04,3.590382
2024-07-05,3.571919
2024-07-08,3.560447
2024-07-09,3.559984
2024-07-10,3.55483
2024-07-11,3.529874
2024-07-12,3.527079
2024-07-15,3.511902
2024-07-16,3.513147
2024-07-17,3.506468
2024-07-18,3.520746
2024-07-19,3.51992
2024-07-22,3.528513
2024-07-23,3.540155
2024-07-24,3.526617
2024-07-25,3.537756
2024-07-26,3.520569
2024-07-29,3.46151
2024-07-30,3.425235
2024-07-31,3.425505
2024-08-01,3.400521
2024-08-02,3.347491
2024-08-05,3.367264
2024-08-06,3.403086
2024-08-07,3.409852
2024-08-08,3.422599
2024-08-09,3.419769
2024-08-12,3.411142
2024-08-13,3.397799
2024-08-14,3.409126
2024-08-15,3.392835
2024-08-16,3.37948
2024-08-19,3.371342
2024-08-20,3.363755
2024-08-21,3.357604
2024-08-22,3.343595
2024-08-23,3.33902
2024-08-26,3.353109
2024-08-27,3.376189
2024-08-28,3.367185
2024-08-29,3.342573
2024-08-30,3.34248
2024-09-02,3.357166
2024-09-03,3.365135
2024-09-04,3.358516
2024-09-05,3.347502
2024-09-06,3.352898
2024-09-09,3.343551
2024-09-10,3.341824
2024-09-11,3.353937
2024-09-12,3.357098
2024-09-13,3.364526
2024-09-16,3.354721
2024-09-17,3.337909
2024-09-18,3.352771
2024-09-19,3.30367
2024-09-20,3.30624
2024-09-23,3.287733
2024-09-24,3.26758
2024-09-25,3.266235
2024-09-26,3.242483
2024-09-27,3.227565
2024-09-30,3.244997
2024-10-01,3.234589
2024-10-02,3.223688
2024-10-03,3.206288
2024-10-04,3.217464
2024-10-07,3.232956
2024-10-08,3.229102
2024-10-09,3.222835
2024-10-10,3.203645
2024-10-11,3.196996
2024-10-14,3.16861
2024-10-15,3.153837
2024-10-16,3.130543
2024-10-17,3.087235
2024-10-18,3.061333
2024-10-21,3.084997
2024-10-22,3.074873
2024-10-23,3.08815
2024-10-24,3.063674
2024-10-25,3.051119
2024-10-28,3.030297
2024-10-29,3.023728
2024-10-30,3.06262
2024-10-31,3.053328
2024-11-01,3.017642
2024-11-04,3.035168
2024-11-05,3.001565
2024-11-06,2.961758
2024-11-07,2.954214
2024-11-08,2.962542
2024-11-11,2.956268
2024-11-12,2.954214
2024-11-13,2.958109
2024-11-14,2.934504
2024-11-15,2.944114
2024-11-18,2.955035
2024-11-19,2.934448
2024-11-20,2.916819
2024-11-21,2.877313
2024-11-22,2.812739
2024-11-25,2.817833
2024-11-26,2.803453
2024-11-27,2.822335
2024-11-28,2.812087
2024-11-29,2.799982
2024-12-02,2.799373
2024-12-03,2.779338
2024-12-04,2.787498
2024-12-05,2.772311
2024-12-06,2.781879
2024-12-09,2.754167
2024-12-10,2.73235
2024-12-11,2.711783
2024-12-12,2.685427
2024-12-13,2.672579
2024-12-16,2.677147
2024-12-17,2.662365
2024-12-18,2.657775
2024-12-19,2.652275
2024-12-20,2.655893
2024-12-23,2.667771
2024-12-24,2.723798
2024-12-27,2.704354
2024-12-30,2.695816
2025-01-02,2.688301
2025-01-03,2.696143
2025-01-06,2.730838
2025-01-07,2.744039
2025-01-08,2.729847
2025-01-09,2.706002
2025-01-10,2.696472
2025-01-13,2.667664
2025-01-14,2.630896
2025-01-15,2.628091
2025-01-16,2.637879
2025-01-17,2.622148
2025-01-20,2.609914
2025-01-21,2.592968
2025-01-22,2.608146
2025-01-23,2.593617
2025-01-24,2.578683
2025-01-27,2.559958
2025-01-28,2.548216
2025-01-29,2.545572
2025-01-30,2.508375
2025-01-31,2.496674
2025-02-03,2.47399
2025-02-04,2.505463
2025-02-05,2.50188
2025-02-06,2.514637
2025-02-07,2.485883
2025-02-10,2.476844
2025-02-11,2.477644
2025-02-12,2.474153
2025-02-13,2.473415
2025-02-14,2.464915
2025-02-17,2.487261
2025-02-18,2.502546
2025-02-19,2.495291
2025-02-20,2.494152
2025-02-21,2.466967
2025-02-24,2.463389
2025-02-25,2.448196
2025-02-26,2.468481
2025-02-27,2.443645
2025-02-28,2.4434
2025-03-03,2.442948
2025-03-04,2.421402
2025-03-05,2.414688
2025-03-06,2.377078
2025-03-07,2.380474
2025-03-10,2.37775
2025-03-11,2.380695
2025-03-12,2.384039
2025-03-13,2.390033
2025-03-14,2.368095
2025-03-17,2.34948
2025-03-18,2.332903
2025-03-19,2.320716
2025-03-20,2.316266
2025-03-21,2.301634
2025-03-24,2.296169
2025-03-25,2.287399
2025-03-26,2.276034
2025-03-27,2.256624
2025-03-28,2.247026
2025-03-31,2.249045
2025-04-01,2.261856
2025-04-02,2.26674
2025-04-03,2.266694
2025-04-04,2.242359
2025-04-07,2.20791
2025-04-08,2.225176
2025-04-09,2.190163
2025-04-10,2.217227
2025-04-11,2.164124
2025-04-14,2.179666
2025-04-15,2.191328
2025-04-16,2.162886
2025-04-17,2.173028
2025-04-22,2.139346
2025-04-23,2.144234
2025-04-24,2.105661
2025-04-25,2.120455
2025-04-28,2.11075
2025-04-29,2.099656
2025-04-30,2.110913
2025-05-02,2.09663
2025-05-05,2.071703
2025-05-06,2.08318
2025-05-07,2.075419
2025-05-08,2.093011
2025-05-09,2.092209
2025-05-12,2.126905
2025-05-13,2.111742
2025-05-14,2.137968
2025-05-15,2.139406
2025-05-16,2.150309
2025-05-19,2.160279
2025-05-20,2.117361
2025-05-21,2.09625
2025-05-22,2.082812
2025-05-23,2.05837
2025-05-26,2.082299
2025-05-27,2.081079
2025-05-28,2.081823
2025-05-29,2.077686
2025-05-30,2.055431
2025-06-02,2.060673
2025-06-03,2.026447
2025-06-04,2.033611
2025-06-05,2.041995
2025-06-06,1.972045
2025-06-09,1.978624
2025-06-10,1.974143
2025-06-11,1.988051
2025-06-12,1.99569
2025-06-13,1.982018
2025-06-16,1.980376
2025-06-17,1.994649
2025-06-18,1.986026
2025-06-19,1.983694
2025-06-20,1.985782
2025-06-23,1.996309
2025-06-24,1.967871
2025-06-25,1.949933
2025-06-26,1.931296
2025-06-27,1.93257
2025-06-30,1.933064
2025-07-01,1.938715
2025-07-02,1.961737
2025-07-03,1.942193
2025-07-04,1.948805
2025-07-07,1.930649
2025-07-08,1.948782
2025-07-09,1.959395
2025-07-10,1.958484
2025-07-11,1.962924
2025-07-14,1.965807
2025-07-15,1.960165
2025-07-16,1.967126
2025-07-17,1.958669
2025-07-18,1.958234
2025-07-21,1.954149
2025-07-22,1.957385
2025-07-23,1.952955
2025-07-24,1.96943
2025-07-25,1.980394
2025-07-28,1.975923
2025-07-29,1.96875
2025-07-30,1.969642
2025-07-31,1.987256
2025-08-01,1.970145
2025-08-04,1.976188
2025-08-05,1.979233
2025-08-06,1.977707
2025-08-07,1.982786
2025-08-08,1.982111
2025-08-11,1.993564
2025-08-12,1.991094
2025-08-13,1.991319
2025-08-14,1.992007
2025-08-15,1.991529
2025-08-18,1.976308
2025-08-19,1.977093
2025-08-20,1.976646
2025-08-21,1.981547
2025-08-22,1.989868
2025-08-25,2.000592
2025-08-26,1.995947
2025-08-27,2.010551
2025-08-28,2.001437
2025-08-29,2.003586
2025-09-01,2.005482
2025-09-02,2.027712
2025-09-03,2.013202
2025-09-04,2.004894
2025-09-05,2.005345
2025-09-08,2.011472
2025-09-09,2.007953
2025-09-10,1.996588
2025-09-11,2.010437
2025-09-12,2.008948
2025-09-15,2.00712
2025-09-16,2.003819
2025-09-17,2.00084
2025-09-18,2.008124
2025-09-19,2.012593
2025-09-22,2.006148
2025-09-23,2.00544
2025-09-24,2.010994
2025-09-25,2.008605
2025-09-26,2.013531
2025-09-29,2.021713
2025-09-30,2.006983
2025-10-01,1.990808
2025-10-02,1.984097
2025-10-03,1.985013
2025-10-06,1.984348
2025-10-07,1.988438
2025-10-08,1.99478
2025-10-09,1.999461
2025-10-10,2.004656
2025-10-13,1.981549
2025-10-14,1.978849
2025-10-15,1.975531
2025-10-16,1.976552
2025-10-17,1.981289
2025-10-20,1.986703
2025-10-21,1.976752
2025-10-22,1.987559
2025-10-23,1.98185
2025-10-24,2.004572
2025-10-27,2.005373
2025-10-28,1.996838
2025-10-29,1.985336
2025-10-30,2.005963
2025-10-31,2.008248
2025-11-03,2.010239
2025-11-04,1.996729
2025-11-05,1.995165
2025-11-06,1.995453
2025-11-07,1.989949
2025-11-10,2.012828
2025-11-11,2.004214
2025-11-12,2.017397
2025-11-13,2.024708
2025-11-14,2.01502
2025-11-17,2.014493
2025-11-18,2.012147
2025-11-19,1.99764
2025-11-20,1.986215
2025-11-21,1.977229
2025-11-24,1.982554
2025-11-25,1.981496
2025-11-26,1.995572
2025-11-27,1.995213
2025-11-28,2.002124
2025-12-01,2.00742
2025-12-02,2.013038
2025-12-03,2.021416
2025-12-04,2.045946
2025-12-05,2.02693
2025-12-08,2.036557
2025-12-09,2.133613
2025-12-10,2.001086
2025-12-11,2.01693
2025-12-12,2.067248
2025-12-15,2.027586
2025-12-16,2.104863
2025-12-17,2.068618
2025-12-18,2.093804
2025-12-19,2.106579
2025-12-22,2.070476
2025-12-23,2.016058
2025-12-24,2.021918
2025-12-29,2.023771
2025-12-30,2.040827
2025-12-31,2.052091
2026-01-02,2.044963
2026-01-05,2.054087
2026-01-06,2.04453
2026-01-07,2.025763
2026-01-08,2.023015
2026-01-09,2.03056
2026-01-12,2.034335
2026-01-13,2.03201
2026-01-14,2.028563
2026-01-15,2.024294
2026-01-16,2.011939
2026-01-19,2.005071
2026-01-20,1.995597
2026-01-21,1.999458
2026-01-22,2.017885
2026-01-23,2.019722
2026-01-26,2.030572
2026-01-27,2.014864
2026-01-28,2.003938
2026-01-29,1.998376
2026-01-30,2.002201
2026-02-02,1.998146
2026-02-03,2.010322
2026-02-04,2.008188
2026-02-05,2.011689
2026-02-06,2.008319
2026-02-09,2.005753
2026-02-10,2.009659
2026-02-11,2.015091
2026-02-12,2.00904
2026-02-13,2.00943
2026-02-16,2.038504
2026-02-17,2.046889
2026-02-18,2.030193
2026-02-19,2.030722
2026-02-20,2.016059
2026-02-23,2.032764
2026-02-24,2.043864
2026-02-25,2.025971
2026-02-26,2.020574
2026-02-27,2.022625
2026-03-02,2.042109
2026-03-03,2.07642
2026-03-04,2.060815
2026-03-05,2.072511
2026-03-06,2.115763
2026-03-09,2.142718
2026-03-10,2.102277
2026-03-11,2.04377
2026-03-12,2.047694
2026-03-13,2.050454
2026-03-16,2.042881
2026-03-17,2.043661
2026-03-18,2.070593
2026-03-19,2.098364
2026-03-20,2.149709
2026-03-23,2.156512
2026-03-24,2.177385
2026-03-25,2.196246
2026-03-26,2.198567
2026-03-27,2.183963
2026-03-30,2.185184
2026-03-31,2.194196
2026-04-01,2.221669
2026-04-02,2.243817
2026-04-07,2.229886
2026-04-08,2.153065
2026-04-09,2.189076
2026-04-10,2.19645
2026-04-13,2.203566
2026-04-14,2.19333
2026-04-15,2.181074
2026-04-16,2.184756
2026-04-17,2.158427
2026-04-20,2.164186
2026-04-21,2.166395
2026-04-22,2.177231
2026-04-23,2.206281
2026-04-24,2.21146
2026-04-27,2.141169
2026-04-28,2.181027
2026-04-29,2.229442
2026-04-30,2.211522
2026-05-04,2.193329
2026-05-05,2.201942
2026-05-06,2.179884
2026-05-07,2.193862
2026-05-08,2.205015
2026-05-11,2.187494
2026-05-12,2.187635
2026-05-13,2.173588
2026-05-14,2.178518
2026-05-15,2.196419
2026-05-18,2.193637
2026-05-19,2.206979
2026-05-20,2.198601
2026-05-21,2.207853
2026-05-22,2.191346
2026-05-25,2.193282
2026-05-26,2.24678
2026-05-27,2.242348
2026-05-28,2.257039
2026-05-29,2.255219
2026-06-01,2.268917
2026-06-02,2.258108
2026-06-03,2.284398
2026-06-04,2.304903
2026-06-05,2.317968
2026-06-08,2.309784
2026-06-09,2.319914
2026-06-10,2.334196
2026-06-11,2.3445
2026-06-12,2.311784
2026-06-15,2.32342
2026-06-16,2.328447
2026-06-17,2.321354
2026-06-18,2.358436
2026-06-19,2.364705
2026-06-22,2.370272
2026-06-23,2.376552
2026-06-24,2.348503
2026-06-25,2.355529
2026-06-26,2.344001
2026-06-29,2.361913
2026-06-30,2.378856
2026-07-01,2.376869
2026-07-02,2.357836
2026-07-03,2.364657
2026-07-06,2.370415
2026-07-07,2.383193
2026-07-08,2.408923
2026-07-09,2.399396
2026-07-10,2.386859
2026-07-13,2.383104
2026-07-14,2.393731
2026-07-15,2.396057
2026-07-16,2.415169
2026-07-17,2.40842
2026-07-20,2.400829
2026-07-21,2.394579
2026-07-22,2.399435
2026-07-23,2.40889
2026-07-24,2.400215
2026-07-27,2.382838
2026-07-28,2.38418
2026-07-29,2.385562
2026-07-30,2.395575
2026-07-31,2.413896
2026-08-03,2.401243
2026-08-04,2.409766
2026-08-05,2.402495
2026-08-06,2.407913
2026-08-07,2.422841
2026-08-10,2.423946
2026-08-11,2.426772
2026-08-12,2.429223
2026-08-13,2.452155
2026-08-14,2.453098
2026-08-17,2.450017
2026-08-18,2.428145
2026-08-19,2.435529
2026-08-20,2.448217
2026-08-21,2.445844
2026-08-24,2.453721
2026-08-25,2.447287
2026-08-26,2.455824
2026-08-27,2.47823
2026-08-28,2.481888
2026-08-31,2.49525
2026-09-01,2.503942
2026-09-02,2.533912
2026-09-03,2.544531
2026-09-04,2.547691
2026-09-07,2.534501
2026-09-08,2.54368
2026-09-09,2.551535
2026-09-10,2.579125
2026-09-11,2.614162
2026-09-14,2.644965
2026-09-15,2.626905
2026-09-16,2.621618
2026-09-17,2.628736
2026-09-18,2.634933
2026-09-21,2.62137
2026-09-22,2.626298
2026-09-23,2.62927
2026-09-24,2.658198
2026-09-25,2.621245
2026-09-28,2.613956
2026-09-29,2.600059
2026-09-30,2.596969
2026-10-01,2.616668
2026-10-02,2.654891
2026-10-05,2.668718
2026-10-06,2.681406
