date,value
2004-09-06,2.655494
2004-09-07,2.692793
2004-09-08,2.719752
2004-09-09,2.657901
2004-09-10,2.60172
2004-09-13,2.648867
2004-09-14,2.631707
2004-09-15,2.633768
2004-09-16,2.646354
2004-09-17,2.60493
2004-09-20,2.604454
2004-09-21,2.614429
2004-09-22,2.611418
2004-09-23,2.537945
2004-09-24,2.59218
2004-09-27,2.569382
2004-09-28,2.563763
2004-09-29,2.59884
2004-09-30,2.600919
2004-10-01,2.581363
2004-10-04,2.611698
2004-10-05,2.587811
2004-10-06,2.58383
2004-10-07,2.581843
2004-10-08,2.514965
2004-10-11,2.515791
2004-10-12,2.480038
2004-10-13,2.4995
2004-10-14,2.474611
2004-10-15,2.442773
2004-10-18,2.443399
2004-10-19,2.458424
2004-10-20,2.419621
2004-10-21,2.429235
2004-10-22,2.441675
2004-10-25,2.40325
2004-10-26,2.4006
2004-10-27,2.406093
2004-10-28,2.479081
2004-10-29,2.46253
2004-11-01,2.442088
2004-11-02,2.475003
2004-11-03,2.468651
2004-11-04,2.466404
2004-11-05,2.463266
2004-11-08,2.460401
2004-11-09,2.484976
2004-11-10,2.464765
2004-11-11,2.426575
2004-11-12,2.420596
2004-11-15,2.408663
2004-11-16,2.435353
2004-11-17,2.438722
2004-11-18,2.473803
2004-11-19,2.456887
2004-11-22,2.434278
2004-11-23,2.428617
2004-11-24,2.399768
2004-11-25,2.374547
2004-11-26,2.371278
2004-11-29,2.409519
2004-11-30,2.384561
2004-12-01,2.357791
2004-12-02,2.409337
2004-12-03,2.380577
2004-12-06,2.326602
2004-12-07,2.316329
2004-12-08,2.342535
2004-12-09,2.31123
2004-12-10,2.323868
2004-12-13,2.325875
2004-12-14,2.328298
2004-12-15,2.316022
2004-12-16,2.369453
2004-12-17,2.413252
2004-12-20,2.376263
2004-12-21,2.426917
2004-12-22,2.446522
2004-12-23,2.415394
2004-12-24,2.41584
2004-12-27,2.432428
2004-12-28,2.422238
2004-12-29,2.487735
2004-12-30,2.483356
2004-12-31,2.488222
2005-01-03,2.463344
2005-01-04,2.464865
2005-01-05,2.485505
2005-01-06,2.42396
2005-01-07,2.397705
2005-01-10,2.394782
2005-01-11,2.41636
2005-01-12,2.420025
2005-01-13,2.373333
2005-01-14,2.387241
2005-01-17,2.373822
2005-01-18,2.393612
2005-01-19,2.38039
2005-01-20,2.409113
2005-01-21,2.400889
2005-01-24,2.377092
2005-01-25,2.36668
2005-01-26,2.395252
2005-01-27,2.430381
2005-01-28,2.389159
2005-01-31,2.396092
2005-02-01,2.393249
2005-02-02,2.401088
2005-02-03,2.4278
2005-02-04,2.403482
2005-02-07,2.411918
2005-02-08,2.432408
2005-02-09,2.400456
2005-02-10,2.376185
2005-02-11,2.375056
2005-02-14,2.398936
2005-02-15,2.417388
2005-02-16,2.409656
2005-02-17,2.453556
2005-02-18,2.478247
2005-02-21,2.492383
2005-02-22,2.487731
2005-02-23,2.466767
2005-02-24,2.479371
2005-02-25,2.505666
2005-02-28,2.495843
2005-03-01,2.496604
2005-03-02,2.5056
2005-03-03,2.479717
2005-03-04,2.440484
2005-03-07,2.417646
2005-03-08,2.421893
2005-03-09,2.454769
2005-03-10,2.450931
2005-03-11,2.444809
2005-03-14,2.463522
2005-03-15,2.443023
2005-03-16,2.488444
2005-03-17,2.479737
2005-03-18,2.501344
2005-03-21,2.521107
2005-03-22,2.517262
2005-03-23,2.546931
2005-03-24,2.539957
2005-03-29,2.545289
2005-03-30,2.532685
2005-03-31,2.47547
2005-04-01,2.425005
2005-04-04,2.435095
2005-04-05,2.435151
2005-04-06,2.422982
2005-04-07,2.395438
2005-04-08,2.391949
2005-04-11,2.381488
2005-04-12,2.387261
2005-04-13,2.376284
2005-04-14,2.378972
2005-04-15,2.335707
2005-04-18,2.332156
2005-04-19,2.304922
2005-04-20,2.300973
2005-04-21,2.308646
2005-04-22,2.299107
2005-04-25,2.2968
2005-04-26,2.287543
2005-04-27,2.274708
2005-04-28,2.259552
2005-04-29,2.258518
2005-05-02,2.239191
2005-05-03,2.215236
2005-05-04,2.233467
2005-05-05,2.224036
2005-05-06,2.247553
2005-05-09,2.256091
2005-05-10,2.215278
2005-05-11,2.212383
2005-05-12,2.2249
2005-05-13,2.22165
2005-05-16,2.22721
2005-05-17,2.227209
2005-05-18,2.218995
2005-05-19,2.229849
2005-05-20,2.272246
2005-05-23,2.262094
2005-05-24,2.21875
2005-05-25,2.194704
2005-05-26,2.210257
2005-05-27,2.19812
2005-05-30,2.196583
2005-05-31,2.177542
2005-06-01,2.119023
2005-06-02,2.121324
2005-06-03,2.096944
2005-06-06,2.103061
2005-06-07,2.06983
2005-06-08,2.039359
2005-06-09,2.064448
2005-06-10,2.08723
2005-06-13,2.080723
2005-06-14,2.08559
2005-06-15,2.140988
2005-06-16,2.173693
2005-06-17,2.161175
2005-06-20,2.131982
2005-06-21,2.052955
2005-06-22,2.01364
2005-06-23,2.02465
2005-06-24,2.026054
2005-06-27,2.013639
2005-06-28,2.037395
2005-06-29,2.018887
2005-06-30,2.027054
2005-07-01,2.043817
2005-07-04,2.098675
2005-07-05,2.153744
2005-07-06,2.160176
2005-07-07,2.113947
2005-07-08,2.126738
2005-07-11,2.162982
2005-07-12,2.179462
2005-07-13,2.195257
2005-07-14,2.212489
2005-07-15,2.222591
2005-07-18,2.205677
2005-07-19,2.218488
2005-07-20,2.224034
2005-07-21,2.206703
2005-07-22,2.185129
2005-07-25,2.184433
2005-07-26,2.207466
2005-07-27,2.200971
2005-07-28,2.215315
2005-07-29,2.22005
2005-08-01,2.263947
2005-08-02,2.26113
2005-08-03,2.282772
2005-08-04,2.283017
2005-08-05,2.315638
2005-08-08,2.320721
2005-08-09,2.323072
2005-08-10,2.315956
2005-08-11,2.309144
2005-08-12,2.274268
2005-08-15,2.247279
2005-08-16,2.226389
2005-08-17,2.214376
2005-08-18,2.201664
2005-08-19,2.207307
2005-08-22,2.216675
2005-08-23,2.222227
2005-08-24,2.220398
2005-08-25,2.206562
2005-08-26,2.218368
2005-08-29,2.224827
2005-08-30,2.243759
2005-08-31,2.202941
2005-09-01,2.159304
2005-09-02,2.133256
2005-09-05,2.126152
2005-09-06,2.149878
2005-09-07,2.156918
2005-09-08,2.150492
2005-09-09,2.159694
2005-09-12,2.200675
2005-09-13,2.200477
2005-09-14,2.203577
2005-09-15,2.226615
2005-09-16,2.240707
2005-09-19,2.232565
2005-09-20,2.212646
2005-09-21,2.197469
2005-09-22,2.190987
2005-09-23,2.228947
2005-09-26,2.273139
2005-09-27,2.272073
2005-09-28,2.304809
2005-09-29,2.335526
2005-09-30,2.34139
2005-10-03,2.379163
2005-10-04,2.354807
2005-10-05,2.357434
2005-10-06,2.361672
2005-10-07,2.401216
2005-10-10,2.390329
2005-10-11,2.40244
2005-10-12,2.407564
2005-10-13,2.424258
2005-10-14,2.420083
2005-10-17,2.450708
2005-10-18,2.451054
2005-10-19,2.420422
2005-10-20,2.465173
2005-10-21,2.437279
2005-10-24,2.431227
2005-10-25,2.465647
2005-10-26,2.539319
2005-10-27,2.539629
2005-10-28,2.560851
2005-10-31,2.564284
2005-11-01,2.592692
2005-11-02,2.635439
2005-11-03,2.671125
2005-11-04,2.656236
2005-11-07,2.713963
2005-11-08,2.70793
2005-11-09,2.745543
2005-11-10,2.747083
2005-11-11,2.734005
2005-11-14,2.724846
2005-11-15,2.741848
2005-11-16,2.678856
2005-11-17,2.711791
2005-11-18,2.821771
2005-11-21,2.823491
2005-11-22,2.79271
2005-11-23,2.764024
2005-11-24,2.71065
2005-11-25,2.717638
2005-11-28,2.751453
2005-11-29,2.74937
2005-11-30,2.778222
2005-12-01,2.703304
2005-12-02,2.706752
2005-12-05,2.714183
2005-12-06,2.709266
2005-12-07,2.712815
2005-12-08,2.723971
2005-12-09,2.7785
2005-12-12,2.787728
2005-12-13,2.798302
2005-12-14,2.793182
2005-12-15,2.799946
2005-12-16,2.792212
2005-12-19,2.803929
2005-12-20,2.81684
2005-12-21,2.851714
2005-12-22,2.863227
2005-12-23,2.859415
2005-12-27,2.858168
2005-12-28,2.836865
2005-12-29,2.852803
2005-12-30,2.822528
2006-01-02,2.87705
2006-01-03,2.870308
2006-01-04,2.780346
2006-01-05,2.753216
2006-01-06,2.756801
2006-01-09,2.761037
2006-01-10,2.798551
2006-01-11,2.831204
2006-01-12,2.797149
2006-01-13,2.796678
2006-01-16,2.796932
2006-01-17,2.781625
2006-01-18,2.818257
2006-01-19,2.858567
2006-01-20,2.863211
2006-01-23,2.876067
2006-01-24,2.872064
2006-01-25,2.890256
2006-01-26,2.885593
2006-01-27,2.906307
2006-01-30,2.942336
2006-01-31,2.945175
2006-02-01,2.947432
2006-02-02,2.976594
2006-02-03,2.960853
2006-02-06,2.93805
2006-02-07,2.924164
2006-02-08,2.929602
2006-02-09,2.934575
2006-02-10,2.899167
2006-02-13,2.924505
2006-02-14,2.927263
2006-02-15,2.907308
2006-02-16,2.932658
2006-02-17,2.906979
2006-02-20,2.881834
2006-02-21,2.915683
2006-02-22,2.922329
2006-02-23,2.967632
2006-02-24,2.978978
2006-02-27,3.007169
2006-02-28,3.01566
2006-03-01,3.033067
2006-03-02,3.066437
2006-03-03,3.10008
2006-03-06,3.10038
2006-03-07,3.104788
2006-03-08,3.119306
2006-03-09,3.116307
2006-03-10,3.13596
2006-03-13,3.151341
2006-03-14,3.124428
2006-03-15,3.150997
2006-03-16,3.167367
2006-03-17,3.201196
2006-03-20,3.174139
2006-03-21,3.187153
2006-03-22,3.16757
2006-03-23,3.163845
2006-03-24,3.166713
2006-03-27,3.145009
2006-03-28,3.234395
2006-03-29,3.260474
2006-03-30,3.285662
2006-03-31,3.287425
2006-04-03,3.332851
2006-04-04,3.314662
2006-04-05,3.301888
2006-04-06,3.252031
2006-04-07,3.25024
2006-04-10,3.271587
2006-04-11,3.266031
2006-04-12,3.260175
2006-04-13,3.310185
2006-04-18,3.30608
2006-04-19,3.300282
2006-04-20,3.292806
2006-04-21,3.286064
2006-04-24,3.295008
2006-04-25,3.356108
2006-04-26,3.406416
2006-04-27,3.414354
2006-04-28,3.403921
2006-05-02,3.406362
2006-05-03,3.391595
2006-05-04,3.414719
2006-05-05,3.394949
2006-05-08,3.404522
2006-05-09,3.432078
2006-05-10,3.410109
2006-05-11,3.44263
2006-05-12,3.416799
2006-05-15,3.364075
2006-05-16,3.339237
2006-05-17,3.362874
2006-05-18,3.330889
2006-05-19,3.327162
2006-05-22,3.282697
2006-05-23,3.296877
2006-05-24,3.285143
2006-05-25,3.284781
2006-05-26,3.288355
2006-05-29,3.31267
2006-05-30,3.350181
2006-05-31,3.390949
2006-06-01,3.412825
2006-06-02,3.385287
2006-06-05,3.405195
2006-06-06,3.448927
2006-06-07,3.461183
2006-06-08,3.415381
2006-06-09,3.358282
2006-06-12,3.345906
2006-06-13,3.325518
2006-06-14,3.355325
2006-06-15,3.393608
2006-06-16,3.382018
2006-06-19,3.422713
2006-06-20,3.441065
2006-06-21,3.478741
2006-06-22,3.487995
2006-06-23,3.515519
2006-06-26,3.547011
2006-06-27,3.577982
2006-06-28,3.575044
2006-06-29,3.553419
2006-06-30,3.57085
2006-07-03,3.569528
2006-07-04,3.560766
2006-07-05,3.60166
2006-07-06,3.610974
2006-07-07,3.597461
2006-07-10,3.608287
2006-07-11,3.586192
2006-07-12,3.609761
2006-07-13,3.574447
2006-07-14,3.523937
2006-07-17,3.532492
2006-07-18,3.562472
2006-07-19,3.588336
2006-07-20,3.55917
2006-07-21,3.521432
2006-07-24,3.523372
2006-07-25,3.514483
2006-07-26,3.559805
2006-07-27,3.515952
2006-07-28,3.505158
2006-07-31,3.527715
2006-08-01,3.531167
2006-08-02,3.5281
2006-08-03,3.57381
2006-08-04,3.537675
2006-08-07,3.541971
2006-08-08,3.543008
2006-08-09,3.564582
2006-08-10,3.553915
2006-08-11,3.597023
2006-08-14,3.636244
2006-08-15,3.613
2006-08-16,3.612187
2006-08-17,3.603364
2006-08-18,3.619291
2006-08-21,3.593298
2006-08-22,3.512681
2006-08-23,3.520549
2006-08-24,3.507419
2006-08-25,3.500869
2006-08-28,3.499874
2006-08-29,3.520187
2006-08-30,3.505755
2006-08-31,3.518157
2006-09-01,3.515112
2006-09-04,3.509535
2006-09-05,3.532045
2006-09-06,3.577238
2006-09-07,3.604196
2006-09-08,3.573244
2006-09-11,3.606363
2006-09-12,3.62478
2006-09-13,3.621037
2006-09-14,3.618493
2006-09-15,3.601495
2006-09-18,3.65501
2006-09-19,3.615825
2006-09-20,3.604588
2006-09-21,3.615601
2006-09-22,3.530849
2006-09-25,3.475819
2006-09-26,3.491713
2006-09-27,3.504149
2006-09-28,3.531733
2006-09-29,3.539553
2006-10-02,3.554693
2006-10-03,3.49478
2006-10-04,3.48731
2006-10-05,3.489452
2006-10-06,3.496982
2006-10-09,3.519625
2006-10-10,3.544799
2006-10-11,3.559346
2006-10-12,3.556316
2006-10-13,3.5716
2006-10-16,3.565693
2006-10-17,3.545431
2006-10-18,3.54271
2006-10-19,3.568929
2006-10-20,3.588383
2006-10-23,3.616719
2006-10-24,3.621337
2006-10-25,3.633459
2006-10-26,3.626703
2006-10-27,3.607707
2006-10-30,3.605534
2006-10-31,3.647498
2006-11-01,3.584457
2006-11-02,3.608973
2006-11-03,3.646357
2006-11-06,3.675809
2006-11-07,3.662549
2006-11-08,3.66793
2006-11-09,3.682507
2006-11-10,3.642128
2006-11-13,3.644361
2006-11-14,3.632792
2006-11-15,3.653635
2006-11-16,3.651738
2006-11-17,3.655569
2006-11-20,3.619609
2006-11-21,3.627515
2006-11-22,3.614616
2006-11-23,3.647069
2006-11-24,3.616257
2006-11-27,3.622681
2006-11-28,3.587176
2006-11-29,3.594866
2006-11-30,3.610016
2006-12-01,3.600311
2006-12-04,3.556533
2006-12-05,3.566404
2006-12-06,3.600855
2006-12-07,3.620941
2006-12-08,3.628208
2006-12-11,3.666613
2006-12-12,3.670263
2006-12-13,3.678576
2006-12-14,3.713292
2006-12-15,3.705539
2006-12-18,3.741219
2006-12-19,3.7571
2006-12-20,3.767628
2006-12-21,3.779915
2006-12-22,3.789683
2006-12-27,3.818392
2006-12-28,3.821923
2006-12-29,3.831612
2007-01-02,3.808853
2007-01-03,3.802713
2007-01-04,3.808755
2007-01-05,3.839849
2007-01-08,3.82815
2007-01-09,3.836373
2007-01-10,3.858374
2007-01-11,3.833227
2007-01-12,3.858053
2007-01-15,3.863773
2007-01-16,3.857115
2007-01-17,3.859062
2007-01-18,3.887789
2007-01-19,3.879044
2007-01-22,3.875369
2007-01-23,3.868687
2007-01-24,3.884742
2007-01-25,3.891236
2007-01-26,3.92193
2007-01-29,3.92667
2007-01-30,3.918449
2007-01-31,3.922699
2007-02-01,3.882171
2007-02-02,3.869474
2007-02-05,3.841406
2007-02-06,3.854655
2007-02-07,3.86725
2007-02-08,3.894117
2007-02-09,3.911393
2007-02-12,3.913679
2007-02-13,3.923742
2007-02-14,3.91414
2007-02-15,3.885814
2007-02-16,3.888216
2007-02-19,3.917026
2007-02-20,3.921665
2007-02-21,3.914861
2007-02-22,3.924085
2007-02-23,3.91714
2007-02-26,3.881437
2007-02-27,3.854743
2007-02-28,3.809094
2007-03-01,3.809938
2007-03-02,3.794018
2007-03-05,3.770756
2007-03-06,3.804086
2007-03-07,3.812766
2007-03-08,3.831249
2007-03-09,3.859089
2007-03-12,3.856091
2007-03-13,3.852624
2007-03-14,3.830201
2007-03-15,3.844349
2007-03-16,3.855603
2007-03-19,3.882146
2007-03-20,3.873473
2007-03-21,3.882279
2007-03-22,3.857972
2007-03-23,3.897126
2007-03-26,3.908673
2007-03-27,3.920172
2007-03-28,3.923462
2007-03-29,3.942636
2007-03-30,3.955978
2007-04-02,3.976175
2007-04-03,3.986679
2007-04-04,3.969877
2007-04-05,3.974704
2007-04-10,4.015409
2007-04-11,4.027018
2007-04-12,4.046625
2007-04-13,4.059361
2007-04-16,4.061339
2007-04-17,4.052144
2007-04-18,4.047372
2007-04-19,4.060589
2007-04-20,4.075176
2007-04-23,4.068325
2007-04-24,4.054581
2007-04-25,4.070445
2007-04-26,4.079945
2007-04-27,4.102011
2007-04-30,4.073511
2007-05-02,4.099095
2007-05-03,4.116106
2007-05-04,4.085116
2007-05-07,4.117872
2007-05-08,4.100555
2007-05-09,4.111131
2007-05-10,4.106473
2007-05-11,4.085985
2007-05-14,4.139985
2007-05-15,4.168725
2007-05-16,4.201593
2007-05-17,4.205956
2007-05-18,4.212358
2007-05-21,4.223487
2007-05-22,4.22668
2007-05-23,4.25318
2007-05-24,4.253888
2007-05-25,4.267147
2007-05-28,4.270542
2007-05-29,4.291989
2007-05-30,4.292126
2007-05-31,4.320268
2007-06-01,4.342369
2007-06-04,4.353937
2007-06-05,4.363394
2007-06-06,4.343255
2007-06-07,4.371397
2007-06-08,4.371442
2007-06-11,4.369829
2007-06-12,4.408674
2007-06-13,4.428352
2007-06-14,4.401156
2007-06-15,4.423225
2007-06-18,4.418324
2007-06-19,4.379311
2007-06-20,4.4299
2007-06-21,4.406176
2007-06-22,4.420493
2007-06-25,4.376261
2007-06-26,4.37888
2007-06-27,4.356222
2007-06-28,4.384826
2007-06-29,4.396084
2007-07-02,4.384628
2007-07-03,4.373112
2007-07-04,4.419828
2007-07-05,4.451316
2007-07-06,4.483857
2007-07-09,4.467949
2007-07-10,4.426824
2007-07-11,4.398304
2007-07-12,4.446872
2007-07-13,4.452524
2007-07-16,4.445873
2007-07-17,4.454347
2007-07-18,4.457055
2007-07-19,4.459505
2007-07-20,4.391404
2007-07-23,4.380433
2007-07-24,4.373878
2007-07-25,4.363424
2007-07-26,4.309059
2007-07-27,4.275945
2007-07-30,4.258405
2007-07-31,4.299367
2007-08-01,4.284747
2007-08-02,4.325125
2007-08-03,4.282435
2007-08-06,4.268387
2007-08-07,4.292752
2007-08-08,4.359235
2007-08-09,4.275934
2007-08-10,4.209833
2007-08-13,4.218246
2007-08-14,4.240856
2007-08-15,4.129623
2007-08-16,3.996352
2007-08-17,3.961181
2007-08-20,3.977514
2007-08-21,3.875273
2007-08-22,4.033984
2007-08-23,4.036594
2007-08-24,4.026925
2007-08-27,4.072425
2007-08-28,4.020072
2007-08-29,3.991981
2007-08-30,4.01166
2007-08-31,4.061323
2007-09-03,4.056086
2007-09-04,4.039886
2007-09-05,4.021789
2007-09-06,3.992771
2007-09-07,3.922282
2007-09-10,3.884307
2007-09-11,3.90422
2007-09-12,3.937054
2007-09-13,3.987172
2007-09-14,3.967622
2007-09-17,3.998009
2007-09-18,4.034825
2007-09-19,4.034486
2007-09-20,4.078377
2007-09-21,4.047344
2007-09-24,4.041233
2007-09-25,4.011794
2007-09-26,4.068599
2007-09-27,4.081335
2007-09-28,4.055977
2007-10-01,4.030938
2007-10-02,4.021596
2007-10-03,3.992213
2007-10-04,3.996651
2007-10-05,4.013029
2007-10-08,4.025121
2007-10-09,4.02598
2007-10-10,4.071476
2007-10-11,4.09963
2007-10-12,4.149849
2007-10-15,4.206332
2007-10-16,4.178836
2007-10-17,4.156457
2007-10-18,4.081232
2007-10-19,4.027267
2007-10-22,3.992778
2007-10-23,4.007034
2007-10-24,3.955916
2007-10-25,3.935254
2007-10-26,3.967334
2007-10-29,3.965697
2007-10-30,4.010287
2007-10-31,4.079567
2007-11-01,4.042698
2007-11-02,3.988952
2007-11-05,3.98033
2007-11-06,4.006482
2007-11-07,3.961809
2007-11-08,3.926595
2007-11-09,3.869621
2007-11-12,3.887675
2007-11-13,3.892683
2007-11-14,3.949132
2007-11-15,3.902888
2007-11-16,3.875207
2007-11-19,3.841416
2007-11-20,3.828667
2007-11-21,3.779701
2007-11-22,3.770653
2007-11-23,3.788195
2007-11-26,3.797778
2007-11-27,3.75977
2007-11-28,3.825986
2007-11-29,3.814243
2007-11-30,3.860004
2007-12-03,3.827812
2007-12-04,3.792093
2007-12-05,3.802245
2007-12-06,3.83853
2007-12-07,3.925813
2007-12-10,3.968988
2007-12-11,3.988173
2007-12-12,4.023546
2007-12-13,4.050718
2007-12-14,4.048102
2007-12-17,4.039115
2007-12-18,4.046346
2007-12-19,4.008624
2007-12-20,4.016259
2007-12-21,4.023926
2007-12-24,4.026436
2007-12-27,4.069103
2007-12-28,4.049994
2007-12-31,4.04885
2008-01-02,3.974695
2008-01-03,3.893462
2008-01-04,3.838272
2008-01-07,3.866536
2008-01-08,3.895061
2008-01-09,3.841598
2008-01-10,3.85515
2008-01-11,3.823299
2008-01-14,3.769605
2008-01-15,3.738761
2008-01-16,3.703093
2008-01-17,3.63692
2008-01-18,3.587578
2008-01-21,3.483289
2008-01-22,3.427914
2008-01-23,3.383444
2008-01-24,3.561081
2008-01-25,3.633175
2008-01-28,3.501574
2008-01-29,3.549409
2008-01-30,3.573412
2008-01-31,3.467042
2008-02-01,3.481531
2008-02-04,3.480186
2008-02-05,3.344911
2008-02-06,3.352159
2008-02-07,3.248957
2008-02-08,3.202
2008-02-11,3.176405
2008-02-12,3.235033
2008-02-13,3.263375
2008-02-14,3.306871
2008-02-15,3.263995
2008-02-18,3.336226
2008-02-19,3.341768
2008-02-20,3.383279
2008-02-21,3.481989
2008-02-22,3.45559
2008-02-25,3.442704
2008-02-26,3.48771
2008-02-27,3.430536
2008-02-28,3.388293
2008-02-29,3.26769
2008-03-03,3.290051
2008-03-04,3.335513
2008-03-05,3.378839
2008-03-06,3.39446
2008-03-07,3.409165
2008-03-10,3.362019
2008-03-11,3.451138
2008-03-12,3.464994
2008-03-13,3.411411
2008-03-14,3.437144
2008-03-17,3.334867
2008-03-18,3.420103
2008-03-19,3.486386
2008-03-20,3.57413
2008-03-25,3.666337
2008-03-26,3.695104
2008-03-27,3.657574
2008-03-28,3.688902
2008-03-31,3.673875
2008-04-01,3.71836
2008-04-02,3.730495
2008-04-03,3.72339
2008-04-04,3.689563
2008-04-07,3.734302
2008-04-08,3.733766
2008-04-09,3.71991
2008-04-10,3.678427
2008-04-11,3.644176
2008-04-14,3.681019
2008-04-15,3.731702
2008-04-16,3.768081
2008-04-17,3.830359
2008-04-18,3.931745
2008-04-21,3.912438
2008-04-22,3.999304
2008-04-23,3.949831
2008-04-24,3.943862
2008-04-25,3.948504
2008-04-28,3.943849
2008-04-29,3.909825
2008-04-30,3.900894
2008-05-02,3.935114
2008-05-05,3.929934
2008-05-06,3.856452
2008-05-07,3.883769
2008-05-08,3.845768
2008-05-09,3.793743
2008-05-12,3.835194
2008-05-13,3.914191
2008-05-14,3.95499
2008-05-15,4.006772
2008-05-16,4.018212
2008-05-19,4.00432
2008-05-20,4.019189
2008-05-21,4.086052
2008-05-22,4.127268
2008-05-23,4.136387
2008-05-26,4.141817
2008-05-27,4.136474
2008-05-28,4.159402
2008-05-29,4.216722
2008-05-30,4.20261
2008-06-02,4.181502
2008-06-03,4.231955
2008-06-04,4.195589
2008-06-05,4.372716
2008-06-06,4.627293
2008-06-09,4.71806
2008-06-10,4.650142
2008-06-11,4.587313
2008-06-12,4.62469
2008-06-13,4.656698
2008-06-16,4.769203
2008-06-17,4.70141
2008-06-18,4.683996
2008-06-19,4.746501
2008-06-20,4.672468
2008-06-23,4.632837
2008-06-24,4.588663
2008-06-25,4.623576
2008-06-26,4.586185
2008-06-27,4.549446
2008-06-30,4.664437
2008-07-01,4.633133
2008-07-02,4.703442
2008-07-03,4.582811
2008-07-04,4.527561
2008-07-07,4.489544
2008-07-08,4.485221
2008-07-09,4.506232
2008-07-10,4.481616
2008-07-11,4.46399
2008-07-14,4.450173
2008-07-15,4.377295
2008-07-16,4.411391
2008-07-17,4.450594
2008-07-18,4.548612
2008-07-21,4.658067
2008-07-22,4.616693
2008-07-23,4.639221
2008-07-24,4.514679
2008-07-25,4.506175
2008-07-28,4.451269
2008-07-29,4.43994
2008-07-30,4.409501
2008-07-31,4.379008
2008-08-01,4.367234
2008-08-04,4.364207
2008-08-05,4.344194
2008-08-06,4.342846
2008-08-07,4.206565
2008-08-08,4.163773
2008-08-11,4.192188
2008-08-12,4.164811
2008-08-13,4.13701
2008-08-14,4.120771
2008-08-15,4.128237
2008-08-18,4.094051
2008-08-19,4.037124
2008-08-20,4.071948
2008-08-21,4.166921
2008-08-22,4.216249
2008-08-25,4.136577
2008-08-26,4.081694
2008-08-27,4.192431
2008-08-28,4.25738
2008-08-29,4.210672
2008-09-01,4.126056
2008-09-02,4.189095
2008-09-03,4.162194
2008-09-04,4.139394
2008-09-05,4.05136
2008-09-08,4.098575
2008-09-09,4.104148
2008-09-10,4.082751
2008-09-11,4.029344
2008-09-12,4.08254
2008-09-15,3.929412
2008-09-16,3.858589
2008-09-17,3.950643
2008-09-18,3.984503
2008-09-19,4.107294
2008-09-22,4.180458
2008-09-23,4.132256
2008-09-24,4.027664
2008-09-25,4.045802
2008-09-26,3.940712
2008-09-29,3.78349
2008-09-30,3.741705
2008-10-01,3.727483
2008-10-02,3.610134
2008-10-03,3.468983
2008-10-06,3.320794
2008-10-07,3.362019
2008-10-08,3.188831
2008-10-09,3.2753
2008-10-10,3.22121
2008-10-13,3.299017
2008-10-14,3.437279
2008-10-15,3.41017
2008-10-16,3.304275
2008-10-17,3.210214
2008-10-20,3.24991
2008-10-21,3.190726
2008-10-22,3.107107
2008-10-23,3.089463
2008-10-24,3.072156
2008-10-27,3.029013
2008-10-28,2.997134
2008-10-29,3.038246
2008-10-30,3.039912
2008-10-31,3.01515
2008-11-03,3.044003
2008-11-04,3.023228
2008-11-05,3.02453
2008-11-06,2.954939
2008-11-07,2.89734
2008-11-10,2.90112
2008-11-11,2.843881
2008-11-12,2.829499
2008-11-13,2.808199
2008-11-14,2.824067
2008-11-17,2.798121
2008-11-18,2.77574
2008-11-19,2.755092
2008-11-20,2.662541
2008-11-21,2.70138
2008-11-24,2.769409
2008-11-25,2.797698
2008-11-26,2.759727
2008-11-27,2.767515
2008-11-28,2.717782
2008-12-01,2.696062
2008-12-02,2.723653
2008-12-03,2.7007
2008-12-04,2.671895
2008-12-05,2.732668
2008-12-08,2.824057
2008-12-09,2.897658
2008-12-10,2.85353
2008-12-11,2.810547
2008-12-12,2.757497
2008-12-15,2.775977
2008-12-16,2.713088
2008-12-17,2.55661
2008-12-18,2.508426
2008-12-19,2.467068
2008-12-22,2.473982
2008-12-23,2.424057
2008-12-24,2.423232
2008-12-29,2.427278
2008-12-30,2.413125
2008-12-31,2.410256
2009-01-02,2.38987
2009-01-05,2.366715
2009-01-06,2.413725
2009-01-07,2.30659
2009-01-08,2.252939
2009-01-09,2.147371
2009-01-12,2.158753
2009-01-13,2.176337
2009-01-14,2.132705
2009-01-15,2.136236
2009-01-16,2.161367
2009-01-19,2.153654
2009-01-20,2.184114
2009-01-21,2.182473
2009-01-22,2.142196
2009-01-23,1.965908
2009-01-26,2.182809
2009-01-27,2.191146
2009-01-28,2.116946
2009-01-29,2.048067
2009-01-30,2.024768
2009-02-02,1.961963
2009-02-03,1.921299
2009-02-04,1.955848
2009-02-05,1.871116
2009-02-06,1.876295
2009-02-09,1.892011
2009-02-10,1.888218
2009-02-11,1.852089
2009-02-12,1.808209
2009-02-13,1.838527
2009-02-16,1.822438
2009-02-17,1.777674
2009-02-18,1.812811
2009-02-19,1.921357
2009-02-20,1.871903
2009-02-23,1.867835
2009-02-24,1.844062
2009-02-25,1.785604
2009-02-26,1.898002
2009-02-27,1.888384
2009-03-02,1.81299
2009-03-03,1.850677
2009-03-04,1.821995
2009-03-05,1.819681
2009-03-06,1.845711
2009-03-09,1.910418
2009-03-10,1.92885
2009-03-11,1.993599
2009-03-12,1.920216
2009-03-13,1.938375
2009-03-16,1.94224
2009-03-17,1.934256
2009-03-18,1.950011
2009-03-19,1.934819
2009-03-20,1.813098
2009-03-23,1.801242
2009-03-24,1.874446
2009-03-25,1.873916
2009-03-26,1.892522
2009-03-27,1.846765
2009-03-30,1.826868
2009-03-31,1.803971
2009-04-01,1.799097
2009-04-02,1.904293
2009-04-03,1.964702
2009-04-06,1.998134
2009-04-07,1.950385
2009-04-08,1.926348
2009-04-09,1.922183
2009-04-14,1.865058
2009-04-15,1.827384
2009-04-16,1.863523
2009-04-17,1.899647
2009-04-20,1.869343
2009-04-21,1.857828
2009-04-22,1.884162
2009-04-23,1.865525
2009-04-24,1.840331
2009-04-27,1.774767
2009-04-28,1.768512
2009-04-29,1.752727
2009-04-30,1.769589
2009-05-04,1.755415
2009-05-05,1.744397
2009-05-06,1.707746
2009-05-07,1.704056
2009-05-08,1.652973
2009-05-11,1.652331
2009-05-12,1.684649
2009-05-13,1.619838
2009-05-14,1.642983
2009-05-15,1.640553
2009-05-18,1.614875
2009-05-19,1.64621
2009-05-20,1.686144
2009-05-21,1.633034
2009-05-22,1.655767
2009-05-25,1.758916
2009-05-26,1.74637
2009-05-27,1.771017
2009-05-28,1.771231
2009-05-29,1.713019
2009-06-01,1.718385
2009-06-02,1.689482
2009-06-03,1.658585
2009-06-04,1.795368
2009-06-05,1.916612
2009-06-08,1.959588
2009-06-09,1.942688
2009-06-10,1.911263
2009-06-11,1.961173
2009-06-12,1.907256
2009-06-15,1.864155
2009-06-16,1.85512
2009-06-17,1.793021
2009-06-18,1.817708
2009-06-19,1.771371
2009-06-22,1.734574
2009-06-23,1.750522
2009-06-24,1.67496
2009-06-25,1.584632
2009-06-26,1.581117
2009-06-29,1.624246
2009-06-30,1.651368
2009-07-01,1.622872
2009-07-02,1.526827
2009-07-03,1.510752
2009-07-06,1.480471
2009-07-07,1.493436
2009-07-08,1.503943
2009-07-09,1.523924
2009-07-10,1.509826
2009-07-13,1.505253
2009-07-14,1.561439
2009-07-15,1.563374
2009-07-16,1.522584
2009-07-17,1.54102
2009-07-20,1.58289
2009-07-21,1.549112
2009-07-22,1.543823
2009-07-23,1.545329
2009-07-24,1.577442
2009-07-27,1.625421
2009-07-28,1.587148
2009-07-29,1.581108
2009-07-30,1.58197
2009-07-31,1.532421
2009-08-03,1.585233
2009-08-04,1.607712
2009-08-05,1.682644
2009-08-06,1.716532
2009-08-07,1.788662
2009-08-10,1.78189
2009-08-11,1.706956
2009-08-12,1.716382
2009-08-13,1.653148
2009-08-14,1.600277
2009-08-17,1.61146
2009-08-18,1.610588
2009-08-19,1.591991
2009-08-20,1.576587
2009-08-21,1.638938
2009-08-24,1.62968
2009-08-25,1.58803
2009-08-26,1.575476
2009-08-27,1.578475
2009-08-28,1.594203
2009-08-31,1.588769
2009-09-01,1.576388
2009-09-02,1.555294
2009-09-03,1.51924
2009-09-04,1.489607
2009-09-07,1.456863
2009-09-08,1.452303
2009-09-09,1.469639
2009-09-10,1.407647
2009-09-11,1.398832
2009-09-14,1.424466
2009-09-15,1.45392
2009-09-16,1.475657
2009-09-17,1.498389
2009-09-18,1.496828
2009-09-21,1.469217
2009-09-22,1.464981
2009-09-23,1.463042
2009-09-24,1.410112
2009-09-25,1.427472
2009-09-28,1.414027
2009-09-29,1.446979
2009-09-30,1.446439
2009-10-01,1.474986
2009-10-02,1.42981
2009-10-05,1.41567
2009-10-06,1.442339
2009-10-07,1.441328
2009-10-08,1.432889
2009-10-09,1.55346
2009-10-12,1.521271
2009-10-13,1.482287
2009-10-14,1.49798
2009-10-15,1.543836
2009-10-16,1.577101
2009-10-19,1.578079
2009-10-20,1.53521
2009-10-21,1.562057
2009-10-22,1.558349
2009-10-23,1.592896
2009-10-26,1.571688
2009-10-27,1.496306
2009-10-28,1.482549
2009-10-29,1.548884
2009-10-30,1.511015
2009-11-02,1.506839
2009-11-03,1.487166
2009-11-04,1.522305
2009-11-05,1.526749
2009-11-06,1.522507
2009-11-09,1.46568
2009-11-10,1.447403
2009-11-11,1.46055
2009-11-12,1.451547
2009-11-13,1.424577
2009-11-16,1.428798
2009-11-17,1.423027
2009-11-18,1.427201
2009-11-19,1.425815
2009-11-20,1.489926
2009-11-23,1.506633
2009-11-24,1.471894
2009-11-25,1.515455
2009-11-26,1.425547
2009-11-27,1.442078
2009-11-30,1.441024
2009-12-01,1.402574
2009-12-02,1.410675
2009-12-03,1.447435
2009-12-04,1.516186
2009-12-07,1.477774
2009-12-08,1.400326
2009-12-09,1.442697
2009-12-10,1.45511
2009-12-11,1.466983
2009-12-14,1.453341
2009-12-15,1.466055
2009-12-16,1.429588
2009-12-17,1.377188
2009-12-18,1.397265
2009-12-21,1.413379
2009-12-22,1.430635
2009-12-23,1.420253
2009-12-24,1.418507
2009-12-28,1.468465
2009-12-29,1.518905
2009-12-30,1.561711
2009-12-31,1.560759
2010-01-04,1.594831
2010-01-05,1.551213
2010-01-06,1.5461
2010-01-07,1.508935
2010-01-08,1.47277
2010-01-11,1.442512
2010-01-12,1.444966
2010-01-13,1.434272
2010-01-14,1.422282
2010-01-15,1.390891
2010-01-18,1.408784
2010-01-19,1.44293
2010-01-20,1.468389
2010-01-21,1.449121
2010-01-22,1.424998
2010-01-25,1.408952
2010-01-26,1.38916
2010-01-27,1.423794
2010-01-28,1.50936
2010-01-29,1.552726
2010-02-01,1.500721
2010-02-02,1.507934
2010-02-03,1.533081
2010-02-04,1.528788
2010-02-05,1.522594
2010-02-08,1.494899
2010-02-09,1.452415
2010-02-10,1.400021
2010-02-11,1.392441
2010-02-12,1.360923
2010-02-15,1.359647
2010-02-16,1.350249
2010-02-17,1.317283
2010-02-18,1.3224
2010-02-19,1.334286
2010-02-22,1.323917
2010-02-23,1.26272
2010-02-24,1.266876
2010-02-25,1.255176
2010-02-26,1.232029
2010-03-01,1.203493
2010-03-02,1.177421
2010-03-03,1.209596
2010-03-04,1.196153
2010-03-05,1.231511
2010-03-08,1.206437
2010-03-09,1.191432
2010-03-10,1.21723
2010-03-11,1.234973
2010-03-12,1.26284
2010-03-15,1.253204
2010-03-16,1.233791
2010-03-17,1.177323
2010-03-18,1.205422
2010-03-19,1.221711
2010-03-22,1.213805
2010-03-23,1.188437
2010-03-24,1.196278
2010-03-25,1.194551
2010-03-26,1.206339
2010-03-29,1.181976
2010-03-30,1.194364
2010-03-31,1.175959
2010-04-01,1.1862
2010-04-06,1.209864
2010-04-07,1.213836
2010-04-08,1.197921
2010-04-09,1.227498
2010-04-12,1.205313
2010-04-13,1.200788
2010-04-14,1.203519
2010-04-15,1.183072
2010-04-16,1.153265
2010-04-19,1.136998
2010-04-20,1.145617
2010-04-21,1.164529
2010-04-22,1.181516
2010-04-23,1.210418
2010-04-26,1.258582
2010-04-27,1.31746
2010-04-28,1.324935
2010-04-29,1.265217
2010-04-30,1.233422
2010-05-03,1.252567
2010-05-04,1.264998
2010-05-05,1.301972
2010-05-06,1.388006
2010-05-07,1.419164
2010-05-10,1.344032
2010-05-11,1.273828
2010-05-12,1.233838
2010-05-13,1.15338
2010-05-14,1.166147
2010-05-17,1.191917
2010-05-18,1.161978
2010-05-19,1.122712
2010-05-20,1.131116
2010-05-21,1.157297
2010-05-24,1.138425
2010-05-25,1.1931
2010-05-26,1.25396
2010-05-27,1.291827
2010-05-28,1.269907
2010-05-31,1.272545
2010-06-01,1.300729
2010-06-02,1.334401
2010-06-03,1.368118
2010-06-04,1.370256
2010-06-07,1.396131
2010-06-08,1.420063
2010-06-09,1.387427
2010-06-10,1.359117
2010-06-11,1.324632
2010-06-14,1.353229
2010-06-15,1.359665
2010-06-16,1.375672
2010-06-17,1.366922
2010-06-18,1.342142
2010-06-21,1.343777
2010-06-22,1.361873
2010-06-23,1.389923
2010-06-24,1.35878
2010-06-25,1.391932
2010-06-28,1.423358
2010-06-29,1.414198
2010-06-30,1.431008
2010-07-01,1.463512
2010-07-02,1.444848
2010-07-05,1.42547
2010-07-06,1.423378
2010-07-07,1.441548
2010-07-08,1.394306
2010-07-09,1.398518
2010-07-12,1.361606
2010-07-13,1.356636
2010-07-14,1.397731
2010-07-15,1.406497
2010-07-16,1.359862
2010-07-19,1.379593
2010-07-20,1.354863
2010-07-21,1.341501
2010-07-22,1.330541
2010-07-23,1.335844
2010-07-26,1.327327
2010-07-27,1.351805
2010-07-28,1.328131
2010-07-29,1.356469
2010-07-30,1.343723
2010-08-02,1.345234
2010-08-03,1.269584
2010-08-04,1.270857
2010-08-05,1.274102
2010-08-06,1.264116
2010-08-09,1.229443
2010-08-10,1.241219
2010-08-11,1.203444
2010-08-12,1.191384
2010-08-13,1.213294
2010-08-16,1.203473
2010-08-17,1.212145
2010-08-18,1.175948
2010-08-19,1.170437
2010-08-20,1.155648
2010-08-23,1.139192
2010-08-24,1.118978
2010-08-25,1.135418
2010-08-26,1.163827
2010-08-27,1.181231
2010-08-30,1.178864
2010-08-31,1.18671
2010-09-01,1.182576
2010-09-02,1.166775
2010-09-03,1.191668
2010-09-06,1.193864
2010-09-07,1.201763
2010-09-08,1.21755
2010-09-09,1.287346
2010-09-10,1.314107
2010-09-13,1.323636
2010-09-14,1.300822
2010-09-15,1.32274
2010-09-16,1.373876
2010-09-17,1.341865
2010-09-20,1.382154
2010-09-21,1.34167
2010-09-22,1.340649
2010-09-23,1.291952
2010-09-24,1.297201
2010-09-27,1.275702
2010-09-28,1.292612
2010-09-29,1.362414
2010-09-30,1.410015
2010-10-01,1.425409
2010-10-04,1.375699
2010-10-05,1.365396
2010-10-06,1.326646
2010-10-07,1.334274
2010-10-08,1.326634
2010-10-11,1.280165
2010-10-12,1.254658
2010-10-13,1.271135
2010-10-14,1.266141
2010-10-15,1.273541
2010-10-18,1.362095
2010-10-19,1.382316
2010-10-20,1.39814
2010-10-21,1.440459
2010-10-22,1.459552
2010-10-25,1.424019
2010-10-26,1.475486
2010-10-27,1.509083
2010-10-28,1.501021
2010-10-29,1.510413
2010-11-01,1.529836
2010-11-02,1.523197
2010-11-03,1.505895
2010-11-04,1.530674
2010-11-05,1.570522
2010-11-08,1.604181
2010-11-09,1.598304
2010-11-10,1.622611
2010-11-11,1.618307
2010-11-12,1.620532
2010-11-15,1.650105
2010-11-16,1.673911
2010-11-17,1.658255
2010-11-18,1.74867
2010-11-19,1.717159
2010-11-22,1.701918
2010-11-23,1.685847
2010-11-24,1.756959
2010-11-25,1.813115
2010-11-26,1.806466
2010-11-29,1.906642
2010-11-30,1.984558
2010-12-01,1.929218
2010-12-02,1.835658
2010-12-03,1.815387
2010-12-06,1.830897
2010-12-07,1.830822
2010-12-08,1.860113
2010-12-09,1.92397
2010-12-10,1.960449
2010-12-13,1.976285
2010-12-14,1.997785
2010-12-15,1.993061
2010-12-16,1.999417
2010-12-17,1.983244
2010-12-20,1.993136
2010-12-21,1.994364
2010-12-22,1.9476
2010-12-23,1.928692
2010-12-24,1.930149
2010-12-27,1.940218
2010-12-28,1.903526
2010-12-29,1.959681
2010-12-30,1.947858
2010-12-31,1.949799
2011-01-03,1.930775
2011-01-04,1.889476
2011-01-05,1.866121
2011-01-06,1.930037
2011-01-07,1.934965
2011-01-10,1.968805
2011-01-11,1.936528
2011-01-12,1.937448
2011-01-13,1.931979
2011-01-14,1.965914
2011-01-17,1.943354
2011-01-18,2.034272
2011-01-19,2.011122
2011-01-20,2.023732
2011-01-21,1.998685
2011-01-24,1.978972
2011-01-25,2.003105
2011-01-26,2.02391
2011-01-27,2.053046
2011-01-28,2.120614
2011-01-31,2.088557
2011-02-01,2.019261
2011-02-02,1.967072
2011-02-03,1.986872
2011-02-04,2.002994
2011-02-07,2.013004
2011-02-08,2.035359
2011-02-09,2.06685
2011-02-10,2.117757
2011-02-11,2.084141
2011-02-14,2.10859
2011-02-15,2.121177
2011-02-16,2.077244
2011-02-17,2.039669
2011-02-18,2.145307
2011-02-21,2.151487
2011-02-22,2.197124
2011-02-23,2.262141
2011-02-24,2.245585
2011-02-25,2.262178
2011-02-28,2.234902
2011-03-01,2.22069
2011-03-02,2.205365
2011-03-03,2.360966
2011-03-04,2.346599
2011-03-07,2.302096
2011-03-08,2.30442
2011-03-09,2.35109
2011-03-10,2.318846
2011-03-11,2.255672
2011-03-14,2.182258
2011-03-15,2.093592
2011-03-16,2.052197
2011-03-17,2.115127
2011-03-18,2.126509
2011-03-21,2.206255
2011-03-22,2.211062
2011-03-23,2.215976
2011-03-24,2.31255
2011-03-25,2.229936
2011-03-28,2.258004
2011-03-29,2.258423
2011-03-30,2.27372
2011-03-31,2.411105
2011-04-01,2.349417
2011-04-04,2.322137
2011-04-05,2.316205
2011-04-06,2.31052
2011-04-07,2.354517
2011-04-08,2.423673
2011-04-11,2.415929
2011-04-12,2.373467
2011-04-13,2.410623
2011-04-14,2.402501
2011-04-15,2.459784
2011-04-18,2.474815
2011-04-19,2.483142
2011-04-20,2.483612
2011-04-21,2.474851
2011-04-26,2.469392
2011-04-27,2.560646
2011-04-28,2.431467
2011-04-29,2.419025
2011-05-02,2.443472
2011-05-03,2.454739
2011-05-04,2.517899
2011-05-05,2.434473
2011-05-06,2.430263
2011-05-09,2.421221
2011-05-10,2.427415
2011-05-11,2.418379
2011-05-12,2.374308
2011-05-13,2.395155
2011-05-16,2.410117
2011-05-17,2.409484
2011-05-18,2.427858
2011-05-19,2.474161
2011-05-20,2.455327
2011-05-23,2.458229
2011-05-24,2.455015
2011-05-25,2.373031
2011-05-26,2.357735
2011-05-27,2.347466
2011-05-30,2.362533
2011-05-31,2.374937
2011-06-01,2.316874
2011-06-02,2.301715
2011-06-03,2.290311
2011-06-06,2.318737
2011-06-07,2.335299
2011-06-08,2.339637
2011-06-09,2.323448
2011-06-10,2.297938
2011-06-13,2.29465
2011-06-14,2.317769
2011-06-15,2.348806
2011-06-16,2.338796
2011-06-17,2.329815
2011-06-20,2.337947
2011-06-21,2.331778
2011-06-22,2.34637
2011-06-23,2.336046
2011-06-24,2.375122
2011-06-27,2.403048
2011-06-28,2.423745
2011-06-29,2.394248
2011-06-30,2.37048
2011-07-01,2.366951
2011-07-04,2.360052
2011-07-05,2.36767
2011-07-06,2.354022
2011-07-07,2.400252
2011-07-08,2.416656
2011-07-11,2.527278
2011-07-12,2.540526
2011-07-13,2.526538
2011-07-14,2.53558
2011-07-15,2.554925
2011-07-18,2.718827
2011-07-19,2.705464
2011-07-20,2.632243
2011-07-21,2.580593
2011-07-22,2.49277
2011-07-25,2.563068
2011-07-26,2.601885
2011-07-27,2.595755
2011-07-28,2.661607
2011-07-29,2.673684
2011-08-01,2.648623
2011-08-02,2.704061
2011-08-03,2.679926
2011-08-04,2.63403
2011-08-05,2.680053
2011-08-08,2.376641
2011-08-09,2.237311
2011-08-10,2.149959
2011-08-11,2.126404
2011-08-12,2.169806
2011-08-15,2.19369
2011-08-16,2.205626
2011-08-17,2.1954
2011-08-18,2.087427
2011-08-19,2.133915
2011-08-22,2.211288
2011-08-23,2.196807
2011-08-24,2.274345
2011-08-25,2.231304
2011-08-26,2.194588
2011-08-29,2.276124
2011-08-30,2.205336
2011-08-31,2.260458
2011-09-01,2.269773
2011-09-02,2.224352
2011-09-05,2.297653
2011-09-06,2.338679
2011-09-07,2.275032
2011-09-08,2.223003
2011-09-09,2.262376
2011-09-12,2.385677
2011-09-13,2.464142
2011-09-14,2.455097
2011-09-15,2.436337
2011-09-16,2.371905
2011-09-19,2.358452
2011-09-20,2.390214
2011-09-21,2.431134
2011-09-22,2.395714
2011-09-23,2.342748
2011-09-26,2.308727
2011-09-27,2.399369
2011-09-28,2.730216
2011-09-29,2.385904
2011-09-30,2.345125
2011-10-03,2.318334
2011-10-04,2.271951
2011-10-05,2.331325
2011-10-06,2.314506
2011-10-07,2.349473
2011-10-10,2.349786
2011-10-11,2.368795
2011-10-12,2.411911
2011-10-13,2.438782
2011-10-14,2.491693
2011-10-17,2.606919
2011-10-18,2.540561
2011-10-19,2.567893
2011-10-20,2.632133
2011-10-21,2.624238
2011-10-24,2.609523
2011-10-25,2.573216
2011-10-26,2.729835
2011-10-27,2.527287
2011-10-28,2.627921
2011-10-31,2.686478
2011-11-01,2.725633
2011-11-02,2.72703
2011-11-03,2.669215
2011-11-04,2.741512
2011-11-07,2.825548
2011-11-08,2.860372
2011-11-09,3.255021
2011-11-10,3.188711
2011-11-11,3.010623
2011-11-14,3.061278
2011-11-15,3.318479
2011-11-16,3.329081
2011-11-17,3.252929
2011-11-18,3.430961
2011-11-21,3.421469
2011-11-22,3.548068
2011-11-23,3.65006
2011-11-24,3.747884
2011-11-25,3.928476
2011-11-28,3.73005
2011-11-29,3.72613
2011-11-30,3.588918
2011-12-01,3.379051
2011-12-02,3.254403
2011-12-05,3.024419
2011-12-06,3.046392
2011-12-07,3.019234
2011-12-08,3.043792
2011-12-09,3.133556
2011-12-12,3.182473
2011-12-13,3.044735
2011-12-14,2.991553
2011-12-15,2.882582
2011-12-16,2.69203
2011-12-19,2.666943
2011-12-20,2.612171
2011-12-21,2.651896
2011-12-22,2.651852
2011-12-23,2.614534
2011-12-27,2.61297
2011-12-28,2.547948
2011-12-29,2.53425
2011-12-30,2.514925
2012-01-02,2.470989
2012-01-03,2.448113
2012-01-04,2.461602
2012-01-05,2.575194
2012-01-06,2.664742
2012-01-09,2.631271
2012-01-10,2.547864
2012-01-11,2.680668
2012-01-12,2.485719
2012-01-13,2.055653
2012-01-16,2.054892
2012-01-17,2.036501
2012-01-18,2.048835
2012-01-19,2.062863
2012-01-20,2.039455
2012-01-23,1.916974
2012-01-24,1.931309
2012-01-25,1.915078
2012-01-26,1.843148
2012-01-27,1.81205
2012-01-30,1.872418
2012-01-31,1.822837
2012-02-01,1.635685
2012-02-02,1.662217
2012-02-03,1.603042
2012-02-06,1.627711
2012-02-07,1.62152
2012-02-08,1.620593
2012-02-09,1.553724
2012-02-10,1.597391
2012-02-13,1.574172
2012-02-14,1.609778
2012-02-15,1.679565
2012-02-16,1.741425
2012-02-17,1.715327
2012-02-20,1.9934
2012-02-21,1.941877
2012-02-22,1.934854
2012-02-23,1.911352
2012-02-24,1.847433
2012-02-27,1.486842
2012-02-28,1.416018
2012-02-29,1.321094
2012-03-01,1.200606
2012-03-02,1.191751
2012-03-05,1.222796
2012-03-06,1.280676
2012-03-07,1.268049
2012-03-08,1.251895
2012-03-09,1.270488
2012-03-12,1.136476
2012-03-13,1.166044
2012-03-14,1.205056
2012-03-15,1.22344
2012-03-16,1.262301
2012-03-19,1.255265
2012-03-20,1.269757
2012-03-21,1.282315
2012-03-22,1.317744
2012-03-23,1.308379
2012-03-26,1.28734
2012-03-27,1.308426
2012-03-28,1.354355
2012-03-29,1.442597
2012-03-30,1.43745
2012-04-02,1.399025
2012-04-03,1.404037
2012-04-04,1.49284
2012-04-05,1.568257
2012-04-10,1.731767
2012-04-11,1.792807
2012-04-12,1.688064
2012-04-13,1.790917
2012-04-16,1.840098
2012-04-17,1.811365
2012-04-18,1.815842
2012-04-19,1.776985
2012-04-20,1.840878
2012-04-23,1.855599
2012-04-24,1.772572
2012-04-25,1.630527
2012-04-26,1.673327
2012-04-27,1.770304
2012-04-30,1.608139
2012-05-02,1.6339
2012-05-03,1.597552
2012-05-04,1.547009
2012-05-07,1.538117
2012-05-08,1.496862
2012-05-09,1.68231
2012-05-10,1.59099
2012-05-11,1.618547
2012-05-14,1.792627
2012-05-15,1.802474
2012-05-16,1.86154
2012-05-17,1.947271
2012-05-18,1.921621
2012-05-21,1.922278
2012-05-22,1.983294
2012-05-23,1.877011
2012-05-24,1.850763
2012-05-25,1.891237
2012-05-28,1.976303
2012-05-29,1.992344
2012-05-30,2.128841
2012-05-31,2.098154
2012-06-01,2.107581
2012-06-04,2.048734
2012-06-05,2.032699
2012-06-06,1.985733
2012-06-07,1.91633
2012-06-08,1.982118
2012-06-11,2.121954
2012-06-12,2.279108
2012-06-13,2.335516
2012-06-14,2.323139
2012-06-15,2.287276
2012-06-18,2.366849
2012-06-19,2.335667
2012-06-20,2.255341
2012-06-21,2.144092
2012-06-22,2.065052
2012-06-25,2.20982
2012-06-26,2.292973
2012-06-27,2.387555
2012-06-28,2.347836
2012-06-29,2.069477
2012-07-02,1.923913
2012-07-03,1.885837
2012-07-04,1.8829
2012-07-05,1.983677
2012-07-06,1.976997
2012-07-09,2.073723
2012-07-10,1.994373
2012-07-11,1.939511
2012-07-12,1.890314
2012-07-13,1.877635
2012-07-16,1.937013
2012-07-17,1.883514
2012-07-18,1.946127
2012-07-19,1.949145
2012-07-20,2.121826
2012-07-23,2.282852
2012-07-24,2.472899
2012-07-25,2.523421
2012-07-26,2.226834
2012-07-27,2.027098
2012-07-30,2.00552
2012-07-31,1.973638
2012-08-01,1.944657
2012-08-02,1.934862
2012-08-03,1.735892
2012-08-06,1.523285
2012-08-07,1.558238
2012-08-08,1.685408
2012-08-09,1.684064
2012-08-10,1.743576
2012-08-13,1.769708
2012-08-14,1.764336
2012-08-15,1.712344
2012-08-16,1.720036
2012-08-17,1.581828
2012-08-20,1.54452
2012-08-21,1.54159
2012-08-22,1.52544
2012-08-23,1.571008
2012-08-24,1.567561
2012-08-27,1.516643
2012-08-28,1.515824
2012-08-29,1.469195
2012-08-30,1.48277
2012-08-31,1.444197
2012-09-03,1.412043
2012-09-04,1.309146
2012-09-05,1.287092
2012-09-06,1.309829
2012-09-07,1.21678
2012-09-10,1.251341
2012-09-11,1.270471
2012-09-12,1.211931
2012-09-13,1.234177
2012-09-14,1.294404
2012-09-17,1.352848
2012-09-18,1.31675
2012-09-19,1.294963
2012-09-20,1.307354
2012-09-21,1.317077
2012-09-24,1.301055
2012-09-25,1.361735
2012-09-26,1.425108
2012-09-27,1.427573
2012-09-28,1.413263
2012-10-01,1.378711
2012-10-02,1.330858
2012-10-03,1.348982
2012-10-04,1.354208
2012-10-05,1.326079
2012-10-08,1.337727
2012-10-09,1.374183
2012-10-10,1.369716
2012-10-11,1.363689
2012-10-12,1.296505
2012-10-15,1.303893
2012-10-16,1.315818
2012-10-17,1.241798
2012-10-18,1.298889
2012-10-19,1.301053
2012-10-22,1.350241
2012-10-23,1.397389
2012-10-24,1.424702
2012-10-25,1.4263
2012-10-26,1.402652
2012-10-29,1.416551
2012-10-30,1.40297
2012-10-31,1.378802
2012-11-01,1.330431
2012-11-02,1.337756
2012-11-05,1.326835
2012-11-06,1.31051
2012-11-07,1.287858
2012-11-08,1.299328
2012-11-09,1.292295
2012-11-12,1.331939
2012-11-13,1.310712
2012-11-14,1.298496
2012-11-15,1.309202
2012-11-16,1.296244
2012-11-19,1.319815
2012-11-20,1.307968
2012-11-21,1.301957
2012-11-22,1.265646
2012-11-23,1.229658
2012-11-26,1.095101
2012-11-27,1.090804
2012-11-28,1.003905
2012-11-29,1.002406
2012-11-30,1.028517
2012-12-03,1.000183
2012-12-04,1.004773
2012-12-05,1.020859
2012-12-06,1.048926
2012-12-07,1.062282
2012-12-10,1.120432
2012-12-11,1.107376
2012-12-12,1.04745
2012-12-13,1.059887
2012-12-14,1.075124
2012-12-17,1.080004
2012-12-18,1.01887
2012-12-19,0.995701
2012-12-20,0.993267
2012-12-21,0.995931
2012-12-24,1.04449
2012-12-27,1.116318
2012-12-28,1.123451
2012-12-31,1.122185
2013-01-02,1.026842
2013-01-03,1.033166
2013-01-04,0.982703
2013-01-07,1.030039
2013-01-08,0.974422
2013-01-09,0.946146
2013-01-10,0.853712
2013-01-11,0.883038
2013-01-14,0.915865
2013-01-15,0.913837
2013-01-16,0.926713
2013-01-17,0.965489
2013-01-18,0.9783
2013-01-21,0.984795
2013-01-22,0.984031
2013-01-23,0.974108
2013-01-24,0.974469
2013-01-25,1.017483
2013-01-28,1.070705
2013-01-29,1.042034
2013-01-30,1.078011
2013-01-31,1.124616
2013-02-01,1.093461
2013-02-04,1.151153
2013-02-05,1.119301
2013-02-06,1.136824
2013-02-07,1.114022
2013-02-08,1.131555
2013-02-11,1.126301
2013-02-12,1.111212
2013-02-13,1.075348
2013-02-14,1.03477
2013-02-15,1.031625
2013-02-18,1.054406
2013-02-19,1.047397
2013-02-20,1.077157
2013-02-21,1.08217
2013-02-22,1.034924
2013-02-25,0.998508
2013-02-26,1.198752
2013-02-27,1.178569
2013-02-28,1.096915
2013-03-01,1.055286
2013-03-04,1.05245
2013-03-05,1.082479
2013-03-06,0.998777
2013-03-07,1.007102
2013-03-08,1.022897
2013-03-11,1.041756
2013-03-12,1.021156
2013-03-13,1.047385
2013-03-14,1.044569
2013-03-15,1.037158
2013-03-18,1.037659
2013-03-19,1.052001
2013-03-20,1.039959
2013-03-21,1.028713
2013-03-22,1.028721
2013-03-25,1.048079
2013-03-26,1.005024
2013-03-27,1.047502
2013-03-28,1.042051
2013-04-02,0.994516
2013-04-03,0.899261
2013-04-04,0.867923
2013-04-05,0.841497
2013-04-08,0.839373
2013-04-09,0.860441
2013-04-10,0.847504
2013-04-11,0.883043
2013-04-12,0.883625
2013-04-15,0.875427
2013-04-16,0.871183
2013-04-17,0.856077
2013-04-18,0.842675
2013-04-19,0.843572
2013-04-22,0.759037
2013-04-23,0.716973
2013-04-24,0.732212
2013-04-25,0.759701
2013-04-26,0.761739
2013-04-29,0.669015
2013-04-30,0.616977
2013-05-02,0.622437
2013-05-03,0.597288
2013-05-06,0.661912
2013-05-07,0.639747
2013-05-08,0.662968
2013-05-09,0.655535
2013-05-10,0.665755
2013-05-13,0.681197
2013-05-14,0.67847
2013-05-15,0.737113
2013-05-16,0.680229
2013-05-17,0.648874
2013-05-20,0.63018
2013-05-21,0.683095
2013-05-22,0.693642
2013-05-23,0.783346
2013-05-24,0.819633
2013-05-27,0.766935
2013-05-28,0.738018
2013-05-29,0.842344
2013-05-30,0.82917
2013-05-31,0.803817
2013-06-03,0.837
2013-06-04,0.777855
2013-06-05,0.771483
2013-06-06,0.868479
2013-06-07,0.914447
2013-06-10,0.880291
2013-06-11,0.978957
2013-06-12,0.929473
2013-06-13,0.966755
2013-06-14,0.930553
2013-06-17,0.926811
2013-06-18,0.967023
2013-06-19,0.947489
2013-06-20,1.083073
2013-06-21,1.111574
2013-06-24,1.234806
2013-06-25,1.270196
2013-06-26,1.17268
2013-06-27,1.038573
2013-06-28,1.116978
2013-07-01,1.04777
2013-07-02,1.011428
2013-07-03,1.019029
2013-07-04,0.907339
2013-07-05,0.886727
2013-07-08,0.847918
2013-07-09,0.854417
2013-07-10,0.901952
2013-07-11,0.941711
2013-07-12,0.959467
2013-07-15,0.971517
2013-07-16,0.968101
2013-07-17,0.966833
2013-07-18,0.939389
2013-07-19,0.915246
2013-07-22,0.878895
2013-07-23,0.902925
2013-07-24,0.912649
2013-07-25,0.886943
2013-07-26,0.893689
2013-07-29,0.911348
2013-07-30,0.922799
2013-07-31,0.892034
2013-08-01,0.940791
2013-08-02,0.863534
2013-08-05,0.868547
2013-08-06,0.859701
2013-08-07,0.878006
2013-08-08,0.871964
2013-08-09,0.866441
2013-08-12,0.858733
2013-08-13,0.893049
2013-08-14,0.887025
2013-08-15,0.912016
2013-08-16,0.867451
2013-08-19,0.904401
2013-08-20,0.906051
2013-08-21,0.968083
2013-08-22,0.954329
2013-08-23,0.975081
2013-08-26,0.979405
2013-08-27,0.966756
2013-08-28,1.007521
2013-08-29,0.999022
2013-08-30,0.96766
2013-09-02,0.965949
2013-09-03,0.971174
2013-09-04,0.996708
2013-09-05,1.044977
2013-09-06,1.005342
2013-09-09,1.008093
2013-09-10,1.021975
2013-09-11,1.010218
2013-09-12,1.017826
2013-09-13,1.020137
2013-09-16,1.009348
2013-09-17,0.961788
2013-09-18,0.978361
2013-09-19,0.951327
2013-09-20,0.923762
2013-09-23,0.854699
2013-09-24,0.86186
2013-09-25,0.88172
2013-09-26,0.912143
2013-09-27,0.933956
2013-09-30,0.942246
2013-10-01,0.888594
2013-10-02,0.867623
2013-10-03,0.874692
2013-10-04,0.83805
2013-10-07,0.849827
2013-10-08,0.876635
2013-10-09,0.878756
2013-10-10,0.878755
2013-10-11,0.861578
2013-10-14,0.848537
2013-10-15,0.823409
2013-10-16,0.83119
2013-10-17,0.800756
2013-10-18,0.780374
2013-10-21,0.795416
2013-10-22,0.746514
2013-10-23,0.737433
2013-10-24,0.753112
2013-10-25,0.777035
2013-10-28,0.785372
2013-10-29,0.769963
2013-10-30,0.760953
2013-10-31,0.717783
2013-11-01,0.677164
2013-11-04,0.687355
2013-11-05,0.726324
2013-11-06,0.725164
2013-11-07,0.626419
2013-11-08,0.643253
2013-11-11,0.638141
2013-11-12,0.637179
2013-11-13,0.599733
2013-11-14,0.607392
2013-11-15,0.62446
2013-11-18,0.61735
2013-11-19,0.614222
2013-11-20,0.649584
2013-11-21,0.651108
2013-11-22,0.61399
2013-11-25,0.604381
2013-11-26,0.596883
2013-11-27,0.607103
2013-11-28,0.615146
2013-11-29,0.625156
2013-12-02,0.64955
2013-12-03,0.644735
2013-12-04,0.675182
2013-12-05,0.743273
2013-12-06,0.726504
2013-12-09,0.710219
2013-12-10,0.673016
2013-12-11,0.680587
2013-12-12,0.717461
2013-12-13,0.733147
2013-12-16,0.733207
2013-12-17,0.726293
2013-12-18,0.727645
2013-12-19,0.727551
2013-12-20,0.715954
2013-12-23,0.787311
2013-12-24,0.788004
2013-12-27,0.790017
2013-12-30,0.748297
2013-12-31,0.742994
2014-01-02,0.658868
2014-01-03,0.638622
2014-01-06,0.637431
2014-01-07,0.620241
2014-01-08,0.612194
2014-01-09,0.597113
2014-01-10,0.598646
2014-01-13,0.610523
2014-01-14,0.61241
2014-01-15,0.619249
2014-01-16,0.619628
2014-01-17,0.613136
2014-01-20,0.600506
2014-01-21,0.594766
2014-01-22,0.600232
2014-01-23,0.617614
2014-01-24,0.610133
2014-01-27,0.61226
2014-01-28,0.608453
2014-01-29,0.598816
2014-01-30,0.583843
2014-01-31,0.541762
2014-02-03,0.517328
2014-02-04,0.522442
2014-02-05,0.517146
2014-02-06,0.553451
2014-02-07,0.531998
2014-02-10,0.541515
2014-02-11,0.557997
2014-02-12,0.564815
2014-02-13,0.560449
2014-02-14,0.543761
2014-02-17,0.535417
2014-02-18,0.517337
2014-02-19,0.514935
2014-02-20,0.527445
2014-02-21,0.511473
2014-02-24,0.512479
2014-02-25,0.493226
2014-02-26,0.484636
2014-02-27,0.451473
2014-02-28,0.495728
2014-03-03,0.47998
2014-03-04,0.460161
2014-03-05,0.443209
2014-03-06,0.466009
2014-03-07,0.48327
2014-03-10,0.451979
2014-03-11,0.471944
2014-03-12,0.481722
2014-03-13,0.47074
2014-03-14,0.476392
2014-03-17,0.475148
2014-03-18,0.460418
2014-03-19,0.459204
2014-03-20,0.500681
2014-03-21,0.490923
2014-03-24,0.474747
2014-03-25,0.458254
2014-03-26,0.436883
2014-03-27,0.415604
2014-03-28,0.430206
2014-03-31,0.444305
2014-04-01,0.441011
2014-04-02,0.449093
2014-04-03,0.43468
2014-04-04,0.388315
2014-04-07,0.382954
2014-04-08,0.401641
2014-04-09,0.4054
2014-04-10,0.402868
2014-04-11,0.417089
2014-04-14,0.409989
2014-04-15,0.394498
2014-04-16,0.395389
2014-04-17,0.441604
2014-04-22,0.450626
2014-04-23,0.449627
2014-04-24,0.464586
2014-04-25,0.435638
2014-04-28,0.443404
2014-04-29,0.434488
2014-04-30,0.42526
2014-05-02,0.439631
2014-05-05,0.397669
2014-05-06,0.395686
2014-05-07,0.416155
2014-05-08,0.396635
2014-05-09,0.408035
2014-05-12,0.439424
2014-05-13,0.44727
2014-05-14,0.417932
2014-05-15,0.454063
2014-05-16,0.398671
2014-05-19,0.442849
2014-05-20,0.488186
2014-05-21,0.468707
2014-05-22,0.488458
2014-05-23,0.470002
2014-05-26,0.386352
2014-05-27,0.394748
2014-05-28,0.379529
2014-05-29,0.38592
2014-05-30,0.391584
2014-06-02,0.370274
2014-06-03,0.386269
2014-06-04,0.391779
2014-06-05,0.308562
2014-06-06,0.214271
2014-06-09,0.249054
2014-06-10,0.313046
2014-06-11,0.317067
2014-06-12,0.283571
2014-06-13,0.236672
2014-06-16,0.267499
2014-06-17,0.295475
2014-06-18,0.315995
2014-06-19,0.300185
2014-06-20,0.31947
2014-06-23,0.295453
2014-06-24,0.278386
2014-06-25,0.271709
2014-06-26,0.264571
2014-06-27,0.25582
2014-06-30,0.253682
2014-07-01,0.234366
2014-07-02,0.238844
2014-07-03,0.216113
2014-07-04,0.187456
2014-07-07,0.189726
2014-07-08,0.208664
2014-07-09,0.210501
2014-07-10,0.226535
2014-07-11,0.21656
2014-07-14,0.219086
2014-07-15,0.205602
2014-07-16,0.204368
2014-07-17,0.195697
2014-07-18,0.187205
2014-07-21,0.180995
2014-07-22,0.197078
2014-07-23,0.193915
2014-07-24,0.194795
2014-07-25,0.177089
2014-07-28,0.170738
2014-07-29,0.166158
2014-07-30,0.176098
2014-07-31,0.200794
2014-08-01,0.195506
2014-08-04,0.181065
2014-08-05,0.19297
2014-08-06,0.193825
2014-08-07,0.181804
2014-08-08,0.182107
2014-08-11,0.156613
2014-08-12,0.156362
2014-08-13,0.15801
2014-08-14,0.1309
2014-08-15,0.124978
2014-08-18,0.144823
2014-08-19,0.117247
2014-08-20,0.115785
2014-08-21,0.116388
2014-08-22,0.103231
2014-08-25,0.062551
2014-08-26,0.085244
2014-08-27,0.102363
2014-08-28,0.135399
2014-08-29,0.13918
2014-09-01,0.117875
2014-09-02,0.127149
2014-09-03,0.136208
2014-09-04,0.068722
2014-09-05,0.05397
2014-09-08,0.058167
2014-09-09,0.092541
2014-09-10,0.115685
2014-09-11,0.121338
2014-09-12,0.145929
2014-09-15,0.123898
2014-09-16,0.136308
2014-09-17,0.116466
2014-09-18,0.133872
2014-09-19,0.122237
2014-09-22,0.108664
2014-09-23,0.127777
2014-09-24,0.132718
2014-09-25,0.114047
2014-09-26,0.113182
2014-09-29,0.125798
2014-09-30,0.112748
2014-10-01,0.098605
2014-10-02,0.109994
2014-10-03,0.120548
2014-10-06,0.11869
2014-10-07,0.134249
2014-10-08,0.13775
2014-10-09,0.140407
2014-10-10,0.142035
2014-10-13,0.161603
2014-10-14,0.155571
2014-10-15,0.181376
2014-10-16,0.264738
2014-10-17,0.213853
2014-10-20,0.222619
2014-10-21,0.210751
2014-10-22,0.208358
2014-10-23,0.227504
2014-10-24,0.217893
2014-10-27,0.235823
2014-10-28,0.244366
2014-10-29,0.242975
2014-10-30,0.245887
2014-10-31,0.215912
2014-11-03,0.228761
2014-11-04,0.22189
2014-11-05,0.230028
2014-11-06,0.203327
2014-11-07,0.210232
2014-11-10,0.209868
2014-11-11,0.197669
2014-11-12,0.196814
2014-11-13,0.203464
2014-11-14,0.200193
2014-11-17,0.207265
2014-11-18,0.208089
2014-11-19,0.226496
2014-11-20,0.214492
2014-11-21,0.190714
2014-11-24,0.175804
2014-11-25,0.174814
2014-11-26,0.182918
2014-11-27,0.178948
2014-11-28,0.191474
2014-12-01,0.197336
2014-12-02,0.195513
2014-12-03,0.182721
2014-12-04,0.193152
2014-12-05,0.192954
2014-12-08,0.193837
2014-12-09,0.219065
2014-12-10,0.241117
2014-12-11,0.238963
2014-12-12,0.247476
2014-12-15,0.260982
2014-12-16,0.268841
2014-12-17,0.258248
2014-12-18,0.215567
2014-12-19,0.21118
2014-12-22,0.19699
2014-12-23,0.182826
2014-12-24,0.180446
2014-12-29,0.19207
2014-12-30,0.160931
2014-12-31,0.156254
2015-01-02,0.116876
2015-01-05,0.128025
2015-01-06,0.129925
2015-01-07,0.13941
2015-01-08,0.13853
2015-01-09,0.135121
2015-01-12,0.133066
2015-01-13,0.12049
2015-01-14,0.110926
2015-01-15,0.093351
2015-01-16,0.070745
2015-01-19,0.071892
2015-01-20,0.083879
2015-01-21,0.090906
2015-01-22,0.040051
2015-01-23,0.033827
2015-01-26,0.062999
2015-01-27,0.072414
2015-01-28,0.081294
2015-01-29,0.063
2015-01-30,0.061652
2015-02-02,0.051034
2015-02-03,0.040533
2015-02-04,0.026606
2015-02-05,0.02202
2015-02-06,0.018606
2015-02-09,0.039737
2015-02-10,0.0331
2015-02-11,0.038833
2015-02-12,0.028215
2015-02-13,0.024371
2015-02-16,0.020458
2015-02-17,0.01793
2015-02-18,0.025945
2015-02-19,0.031007
2015-02-20,0.0058
2015-02-23,-0.000905
2015-02-24,-0.001882
2015-02-25,-0.006424
2015-02-26,-0.037138
2015-02-27,-0.037917
2015-03-02,-0.035752
2015-03-03,-0.025433
2015-03-04,-0.017115
2015-03-05,-0.050812
2015-03-06,-0.055915
2015-03-09,-0.034336
2015-03-10,-0.05048
2015-03-11,-0.071383
2015-03-12,-0.06972
2015-03-13,-0.064766
2015-03-16,-0.061654
2015-03-17,-0.037367
2015-03-18,-0.029245
2015-03-19,-0.016415
2015-03-20,-0.055402
2015-03-23,-0.041116
2015-03-24,-0.036497
2015-03-25,-0.037263
2015-03-26,-0.054585
2015-03-27,-0.059867
2015-03-30,-0.043728
2015-03-31,-0.081428
2015-04-01,-0.084182
2015-04-02,-0.080273
2015-04-07,-0.085754
2015-04-08,-0.095444
2015-04-09,-0.096963
2015-04-10,-0.09807
2015-04-13,-0.088337
2015-04-14,-0.089432
2015-04-15,-0.074558
2015-04-16,-0.086832
2015-04-17,-0.073196
2015-04-20,-0.068106
2015-04-21,-0.071628
2015-04-22,-0.072001
2015-04-23,-0.059953
2015-04-24,-0.060132
2015-04-27,-0.055772
2015-04-28,-0.064701
2015-04-29,-0.04505
2015-04-30,-0.031548
2015-05-04,-0.034724
2015-05-05,-0.021561
2015-05-06,-0.016656
2015-05-07,-0.029456
2015-05-08,-0.037533
2015-05-11,-0.037356
2015-05-12,-0.02277
2015-05-13,-0.029242
2015-05-14,-0.02929
2015-05-15,-0.042033
2015-05-18,-0.033273
2015-05-19,-0.051605
2015-05-20,-0.057151
2015-05-21,-0.055819
2015-05-22,-0.052843
2015-05-25,-0.050836
2015-05-26,-0.044332
2015-05-27,-0.046359
2015-05-28,-0.04267
2015-05-29,-0.042649
2015-06-01,-0.041085
2015-06-02,-0.005635
2015-06-03,0.010501
2015-06-04,-0.009331
2015-06-05,0.005454
2015-06-08,0.011808
2015-06-09,0.023334
2015-06-10,0.028481
2015-06-11,0.02022
2015-06-12,0.069378
2015-06-15,0.125256
2015-06-16,0.128587
2015-06-17,0.089711
2015-06-18,0.080846
2015-06-19,0.077258
2015-06-22,0.059012
2015-06-23,0.034908
2015-06-24,0.041916
2015-06-25,0.022016
2015-06-26,0.023867
2015-06-29,0.086537
2015-06-30,0.074518
2015-07-01,0.056286
2015-07-02,0.057748
2015-07-03,0.049478
2015-07-06,0.065159
2015-07-07,0.053958
2015-07-08,0.043558
2015-07-09,0.030049
2015-07-10,0.025184
2015-07-13,0.009503
2015-07-14,0.004099
2015-07-15,-0.018696
2015-07-16,-0.015363
2015-07-17,-0.035018
2015-07-20,-0.047963
2015-07-21,-0.039503
2015-07-22,-0.039709
2015-07-23,-0.044768
2015-07-24,-0.051742
2015-07-27,-0.036046
2015-07-28,-0.050576
2015-07-29,-0.053401
2015-07-30,-0.066284
2015-07-31,-0.066579
2015-08-03,-0.060302
2015-08-04,-0.072747
2015-08-05,-0.0568
2015-08-06,-0.070647
2015-08-07,-0.080476
2015-08-10,-0.077731
2015-08-11,-0.083765
2015-08-12,-0.084557
2015-08-13,-0.079232
2015-08-14,-0.078086
2015-08-17,-0.076406
2015-08-18,-0.060967
2015-08-19,-0.055764
2015-08-20,-0.065517
2015-08-21,-0.048916
2015-08-24,-0.040221
2015-08-25,-0.025908
2015-08-26,-0.0154
2015-08-27,-0.015107
2015-08-28,-0.020756
2015-08-31,-0.015778
2015-09-01,-0.009163
2015-09-02,-0.012779
2015-09-03,-0.043755
2015-09-04,-0.058221
2015-09-07,-0.054372
2015-09-08,-0.05814
2015-09-09,-0.059718
2015-09-10,-0.058445
2015-09-11,-0.05416
2015-09-14,-0.056072
2015-09-15,-0.046681
2015-09-16,-0.037605
2015-09-17,-0.021715
2015-09-18,-0.050823
2015-09-21,-0.041202
2015-09-22,-0.056369
2015-09-23,-0.055177
2015-09-24,-0.057214
2015-09-25,-0.04527
2015-09-28,-0.053332
2015-09-29,-0.053241
2015-09-30,-0.053842
2015-10-01,-0.07127
2015-10-02,-0.089014
2015-10-05,-0.08419
2015-10-06,-0.071504
2015-10-07,-0.072549
2015-10-08,-0.080963
2015-10-09,-0.076483
2015-10-12,-0.078059
2015-10-13,-0.073532
2015-10-14,-0.081054
2015-10-15,-0.087211
2015-10-16,-0.087944
2015-10-19,-0.089019
2015-10-20,-0.064818
2015-10-21,-0.075978
2015-10-22,-0.12269
2015-10-23,-0.137242
2015-10-26,-0.136097
2015-10-27,-0.146779
2015-10-28,-0.147286
2015-10-29,-0.135495
2015-10-30,-0.12784
2015-11-02,-0.120437
2015-11-03,-0.122922
2015-11-04,-0.135179
2015-11-05,-0.12657
2015-11-06,-0.097536
2015-11-09,-0.104311
2015-11-10,-0.132472
2015-11-11,-0.143534
2015-11-12,-0.151321
2015-11-13,-0.154626
2015-11-16,-0.152629
2015-11-17,-0.158921
2015-11-18,-0.163589
2015-11-19,-0.168653
2015-11-20,-0.175855
2015-11-23,-0.174781
2015-11-24,-0.166813
2015-11-25,-0.201453
2015-11-26,-0.205796
2015-11-27,-0.206599
2015-11-30,-0.197747
2015-12-01,-0.204304
2015-12-02,-0.220792
2015-12-03,-0.12885
2015-12-04,-0.103737
2015-12-07,-0.119794
2015-12-08,-0.129039
2015-12-09,-0.12943
2015-12-10,-0.129071
2015-12-11,-0.134476
2015-12-14,-0.111227
2015-12-15,-0.097237
2015-12-16,-0.104581
2015-12-17,-0.119289
2015-12-18,-0.124692
2015-12-21,-0.123595
2015-12-22,-0.123865
2015-12-23,-0.123803
2015-12-28,-0.134565
2015-12-29,-0.132471
2015-12-30,-0.140508
2016-01-04,-0.163344
2016-01-05,-0.173587
2016-01-06,-0.183653
2016-01-07,-0.175649
2016-01-08,-0.176191
2016-01-11,-0.169862
2016-01-12,-0.163268
2016-01-13,-0.170794
2016-01-14,-0.173836
2016-01-15,-0.181366
2016-01-18,-0.169845
2016-01-19,-0.164444
2016-01-20,-0.164829
2016-01-21,-0.207119
2016-01-22,-0.203766
2016-01-25,-0.203873
2016-01-26,-0.210624
2016-01-27,-0.200269
2016-01-28,-0.215712
2016-01-29,-0.23615
2016-02-01,-0.236482
2016-02-02,-0.238353
2016-02-03,-0.242331
2016-02-04,-0.244594
2016-02-05,-0.24356
2016-02-08,-0.230019
2016-02-09,-0.217977
2016-02-10,-0.230347
2016-02-11,-0.216295
2016-02-12,-0.215568
2016-02-15,-0.222454
2016-02-16,-0.207085
2016-02-17,-0.210824
2016-02-18,-0.242103
2016-02-19,-0.224501
2016-02-22,-0.223065
2016-02-23,-0.210598
2016-02-24,-0.227013
2016-02-25,-0.233535
2016-02-26,-0.252331
2016-02-29,-0.263663
2016-03-01,-0.277215
2016-03-02,-0.273224
2016-03-03,-0.288045
2016-03-04,-0.274134
2016-03-07,-0.271135
2016-03-08,-0.283022
2016-03-09,-0.270124
2016-03-10,-0.2733
2016-03-11,-0.236812
2016-03-14,-0.239482
2016-03-15,-0.221313
2016-03-16,-0.220784
2016-03-17,-0.235665
2016-03-18,-0.234011
2016-03-21,-0.233829
2016-03-22,-0.23477
2016-03-23,-0.238326
2016-03-24,-0.233473
2016-03-29,-0.242847
2016-03-30,-0.247843
2016-03-31,-0.250317
2016-04-01,-0.258826
2016-04-04,-0.257328
2016-04-05,-0.256458
2016-04-06,-0.257356
2016-04-07,-0.254246
2016-04-08,-0.262369
2016-04-11,-0.256222
2016-04-12,-0.25759
2016-04-13,-0.258101
2016-04-14,-0.261888
2016-04-15,-0.26447
2016-04-18,-0.256889
2016-04-19,-0.260965
2016-04-20,-0.257954
2016-04-21,-0.259167
2016-04-22,-0.247493
2016-04-25,-0.246232
2016-04-26,-0.244855
2016-04-27,-0.24917
2016-04-28,-0.258544
2016-04-29,-0.25968
2016-05-02,-0.262438
2016-05-03,-0.285851
2016-05-04,-0.28521
2016-05-05,-0.292561
2016-05-06,-0.296803
2016-05-09,-0.294486
2016-05-10,-0.297398
2016-05-11,-0.299175
2016-05-12,-0.3051
2016-05-13,-0.304245
2016-05-16,-0.293914
2016-05-17,-0.297042
2016-05-18,-0.291168
2016-05-19,-0.28913
2016-05-20,-0.293086
2016-05-23,-0.296278
2016-05-24,-0.301358
2016-05-25,-0.309226
2016-05-26,-0.319417
2016-05-27,-0.318955
2016-05-30,-0.306827
2016-05-31,-0.301364
2016-06-01,-0.310327
2016-06-02,-0.30722
2016-06-03,-0.316241
2016-06-06,-0.307968
2016-06-07,-0.312363
2016-06-08,-0.30157
2016-06-09,-0.315532
2016-06-10,-0.310164
2016-06-13,-0.279617
2016-06-14,-0.270042
2016-06-15,-0.270677
2016-06-16,-0.272497
2016-06-17,-0.294552
2016-06-20,-0.303937
2016-06-21,-0.304092
2016-06-22,-0.306382
2016-06-23,-0.303016
2016-06-24,-0.298288
2016-06-27,-0.331199
2016-06-28,-0.352373
2016-06-29,-0.36867
2016-06-30,-0.384447
2016-07-01,-0.410431
2016-07-04,-0.410066
2016-07-05,-0.408095
2016-07-06,-0.412885
2016-07-07,-0.400143
2016-07-08,-0.407154
2016-07-11,-0.405358
2016-07-12,-0.390526
2016-07-13,-0.389243
2016-07-14,-0.378343
2016-07-15,-0.372775
2016-07-18,-0.371438
2016-07-19,-0.369085
2016-07-20,-0.361473
2016-07-21,-0.361095
2016-07-22,-0.361855
2016-07-25,-0.362238
2016-07-26,-0.3573
2016-07-27,-0.36531
2016-07-28,-0.366114
2016-07-29,-0.376586
2016-08-01,-0.387704
2016-08-02,-0.374284
2016-08-03,-0.383306
2016-08-04,-0.402704
2016-08-05,-0.40237
2016-08-08,-0.395776
2016-08-09,-0.405089
2016-08-10,-0.414909
2016-08-11,-0.414298
2016-08-12,-0.409103
2016-08-15,-0.398783
2016-08-16,-0.397559
2016-08-17,-0.397745
2016-08-18,-0.421647
2016-08-19,-0.399358
2016-08-22,-0.407978
2016-08-23,-0.400774
2016-08-24,-0.398739
2016-08-25,-0.401267
2016-08-26,-0.398228
2016-08-29,-0.399845
2016-08-30,-0.405359
2016-08-31,-0.396087
2016-09-01,-0.384397
2016-09-02,-0.391659
2016-09-05,-0.400938
2016-09-06,-0.419418
2016-09-07,-0.44078
2016-09-08,-0.416426
2016-09-09,-0.377919
2016-09-12,-0.360642
2016-09-13,-0.366301
2016-09-14,-0.369467
2016-09-15,-0.378517
2016-09-16,-0.383878
2016-09-19,-0.383113
2016-09-20,-0.393867
2016-09-21,-0.393539
2016-09-22,-0.412942
2016-09-23,-0.402882
2016-09-26,-0.402772
2016-09-27,-0.414992
2016-09-28,-0.424299
2016-09-29,-0.416334
2016-09-30,-0.421213
2016-10-03,-0.431365
2016-10-04,-0.431248
2016-10-05,-0.439431
2016-10-06,-0.418132
2016-10-07,-0.417621
2016-10-10,-0.408454
2016-10-11,-0.419243
2016-10-12,-0.415622
2016-10-13,-0.416954
2016-10-14,-0.39177
2016-10-17,-0.404566
2016-10-18,-0.409478
2016-10-19,-0.415991
2016-10-20,-0.410889
2016-10-21,-0.403579
2016-10-24,-0.400852
2016-10-25,-0.396676
2016-10-26,-0.382752
2016-10-27,-0.358313
2016-10-28,-0.334586
2016-10-31,-0.329504
2016-11-01,-0.331426
2016-11-02,-0.353582
2016-11-03,-0.364225
2016-11-04,-0.371734
2016-11-07,-0.360558
2016-11-08,-0.35888
2016-11-09,-0.367694
2016-11-10,-0.353625
2016-11-11,-0.298564
2016-11-14,-0.261372
2016-11-15,-0.300164
2016-11-16,-0.297558
2016-11-17,-0.295881
2016-11-18,-0.309097
2016-11-21,-0.308288
2016-11-22,-0.337407
2016-11-23,-0.303724
2016-11-24,-0.322823
2016-11-25,-0.319706
2016-11-28,-0.31026
2016-11-29,-0.321352
2016-11-30,-0.317957
2016-12-01,-0.333326
2016-12-02,-0.324291
2016-12-05,-0.309765
2016-12-06,-0.327712
2016-12-07,-0.328073
2016-12-08,-0.332551
2016-12-09,-0.404093
2016-12-12,-0.399316
2016-12-13,-0.412672
2016-12-14,-0.434599
2016-12-15,-0.437429
2016-12-16,-0.420073
2016-12-19,-0.430137
2016-12-20,-0.434074
2016-12-21,-0.447945
2016-12-22,-0.47298
2016-12-23,-0.457356
2016-12-27,-0.468039
2016-12-28,-0.481469
2016-12-29,-0.477317
2016-12-30,-0.459409
2017-01-02,-0.467264
2017-01-03,-0.463351
2017-01-04,-0.461687
2017-01-05,-0.425784
2017-01-06,-0.394207
2017-01-09,-0.415805
2017-01-10,-0.412883
2017-01-11,-0.409686
2017-01-12,-0.40334
2017-01-13,-0.400931
2017-01-16,-0.391714
2017-01-17,-0.40805
2017-01-18,-0.400622
2017-01-19,-0.381745
2017-01-20,-0.362967
2017-01-23,-0.374879
2017-01-24,-0.380356
2017-01-25,-0.356371
2017-01-26,-0.351494
2017-01-27,-0.334073
2017-01-30,-0.310629
2017-01-31,-0.32618
2017-02-01,-0.3317
2017-02-02,-0.376468
2017-02-03,-0.379167
2017-02-06,-0.37353
2017-02-07,-0.378001
2017-02-08,-0.405708
2017-02-09,-0.423994
2017-02-10,-0.405834
2017-02-13,-0.390942
2017-02-14,-0.399362
2017-02-15,-0.396636
2017-02-16,-0.395199
2017-02-17,-0.394888
2017-02-20,-0.360284
2017-02-21,-0.340266
2017-02-22,-0.349819
2017-02-23,-0.3871
2017-02-24,-0.395124
2017-02-27,-0.39917
2017-02-28,-0.396159
2017-03-01,-0.386839
2017-03-02,-0.393413
2017-03-03,-0.405711
2017-03-06,-0.405748
2017-03-07,-0.417854
2017-03-08,-0.376253
2017-03-09,-0.392427
2017-03-10,-0.353855
2017-03-13,-0.329237
2017-03-14,-0.31706
2017-03-15,-0.34241
2017-03-16,-0.337617
2017-03-17,-0.314927
2017-03-20,-0.308698
2017-03-21,-0.309803
2017-03-22,-0.339205
2017-03-23,-0.340219
2017-03-24,-0.335935
2017-03-27,-0.340778
2017-03-28,-0.34492
2017-03-29,-0.367073
2017-03-30,-0.345945
2017-03-31,-0.322064
2017-04-03,-0.353193
2017-04-04,-0.371698
2017-04-05,-0.366156
2017-04-06,-0.373308
2017-04-07,-0.388681
2017-04-10,-0.376545
2017-04-11,-0.349592
2017-04-12,-0.342277
2017-04-13,-0.349669
2017-04-18,-0.346275
2017-04-19,-0.350634
2017-04-20,-0.344727
2017-04-21,-0.330143
2017-04-24,-0.327746
2017-04-25,-0.328359
2017-04-26,-0.324501
2017-04-27,-0.345506
2017-04-28,-0.353483
2017-05-02,-0.347348
2017-05-03,-0.366623
2017-05-04,-0.369888
2017-05-05,-0.362645
2017-05-08,-0.33703
2017-05-09,-0.346144
2017-05-10,-0.368495
2017-05-11,-0.354553
2017-05-12,-0.360418
2017-05-15,-0.35267
2017-05-16,-0.364334
2017-05-17,-0.382512
2017-05-18,-0.368454
2017-05-19,-0.378869
2017-05-22,-0.360992
2017-05-23,-0.372994
2017-05-24,-0.364856
2017-05-25,-0.376589
2017-05-26,-0.374987
2017-05-29,-0.379463
2017-05-30,-0.351942
2017-05-31,-0.372387
2017-06-01,-0.361077
2017-06-02,-0.366294
2017-06-05,-0.370504
2017-06-06,-0.38378
2017-06-07,-0.382406
2017-06-08,-0.400984
2017-06-09,-0.410141
2017-06-12,-0.414725
2017-06-13,-0.411934
2017-06-14,-0.410697
2017-06-15,-0.376045
2017-06-16,-0.391217
2017-06-19,-0.391423
2017-06-20,-0.403684
2017-06-21,-0.40278
2017-06-22,-0.418709
2017-06-23,-0.399397
2017-06-26,-0.398992
2017-06-27,-0.3624
2017-06-28,-0.355638
2017-06-29,-0.335879
2017-06-30,-0.336291
2017-07-03,-0.357529
2017-07-04,-0.360089
2017-07-05,-0.349642
2017-07-06,-0.321217
2017-07-07,-0.328981
2017-07-10,-0.33266
2017-07-11,-0.325762
2017-07-12,-0.34119
2017-07-13,-0.337265
2017-07-14,-0.330553
2017-07-17,-0.329219
2017-07-18,-0.347125
2017-07-19,-0.350608
2017-07-20,-0.36056
2017-07-21,-0.357756
2017-07-24,-0.363381
2017-07-25,-0.35558
2017-07-26,-0.36449
2017-07-27,-0.380589
2017-07-28,-0.379384
2017-07-31,-0.3842
2017-08-01,-0.394507
2017-08-02,-0.40205
2017-08-03,-0.398375
2017-08-04,-0.385496
2017-08-07,-0.388188
2017-08-08,-0.385873
2017-08-09,-0.393317
2017-08-10,-0.393376
2017-08-11,-0.398841
2017-08-14,-0.403869
2017-08-15,-0.391755
2017-08-16,-0.400147
2017-08-17,-0.39567
2017-08-18,-0.397322
2017-08-21,-0.39815
2017-08-22,-0.38747
2017-08-23,-0.385295
2017-08-24,-0.389047
2017-08-25,-0.381991
2017-08-28,-0.391921
2017-08-29,-0.39752
2017-08-30,-0.391512
2017-08-31,-0.404461
2017-09-01,-0.402456
2017-09-04,-0.411842
2017-09-05,-0.423328
2017-09-06,-0.410772
2017-09-07,-0.423553
2017-09-08,-0.426158
2017-09-11,-0.417828
2017-09-12,-0.406131
2017-09-13,-0.399419
2017-09-14,-0.392459
2017-09-15,-0.392689
2017-09-18,-0.389798
2017-09-19,-0.39106
2017-09-20,-0.395036
2017-09-21,-0.386677
2017-09-22,-0.392324
2017-09-25,-0.400114
2017-09-26,-0.4076
2017-09-27,-0.393323
2017-09-28,-0.401523
2017-09-29,-0.401627
2017-10-02,-0.402508
2017-10-03,-0.400825
2017-10-04,-0.397062
2017-10-05,-0.393726
2017-10-06,-0.374033
2017-10-09,-0.393565
2017-10-10,-0.381812
2017-10-11,-0.385956
2017-10-12,-0.394537
2017-10-13,-0.400809
2017-10-16,-0.413764
2017-10-17,-0.422555
2017-10-18,-0.413317
2017-10-19,-0.428581
2017-10-20,-0.408989
2017-10-23,-0.413303
2017-10-24,-0.404112
2017-10-25,-0.40247
2017-10-26,-0.428897
2017-10-27,-0.433008
2017-10-30,-0.453111
2017-10-31,-0.443597
2017-11-01,-0.452668
2017-11-02,-0.443007
2017-11-03,-0.452095
2017-11-06,-0.45924
2017-11-07,-0.474331
2017-11-08,-0.472712
2017-11-09,-0.451853
2017-11-10,-0.454329
2017-11-13,-0.455426
2017-11-14,-0.450017
2017-11-15,-0.457671
2017-11-16,-0.454178
2017-11-17,-0.460145
2017-11-20,-0.460175
2017-11-21,-0.471449
2017-11-22,-0.459771
2017-11-23,-0.453554
2017-11-24,-0.450788
2017-11-27,-0.456705
2017-11-28,-0.465586
2017-11-29,-0.45654
2017-11-30,-0.458235
2017-12-01,-0.462414
2017-12-04,-0.468218
2017-12-05,-0.476454
2017-12-06,-0.493032
2017-12-07,-0.502587
2017-12-08,-0.500242
2017-12-11,-0.486549
2017-12-12,-0.473912
2017-12-13,-0.465623
2017-12-14,-0.458141
2017-12-15,-0.457055
2017-12-18,-0.456808
2017-12-19,-0.435368
2017-12-20,-0.417839
2017-12-21,-0.414987
2017-12-22,-0.418511
2017-12-27,-0.402091
2017-12-28,-0.389981
2017-12-29,-0.378941
2018-01-02,-0.365797
2018-01-03,-0.377043
2018-01-04,-0.383262
2018-01-05,-0.383109
2018-01-08,-0.400007
2018-01-09,-0.394667
2018-01-10,-0.381893
2018-01-11,-0.339172
2018-01-12,-0.334768
2018-01-15,-0.344327
2018-01-16,-0.353041
2018-01-17,-0.341792
2018-01-18,-0.343206
2018-01-19,-0.350153
2018-01-22,-0.352208
2018-01-23,-0.362077
2018-01-24,-0.355273
2018-01-25,-0.333633
2018-01-26,-0.322191
2018-01-29,-0.29452
2018-01-30,-0.307717
2018-01-31,-0.315844
2018-02-01,-0.325742
2018-02-02,-0.316127
2018-02-05,-0.330317
2018-02-06,-0.337301
2018-02-07,-0.34636
2018-02-08,-0.317679
2018-02-09,-0.336208
2018-02-12,-0.342765
2018-02-13,-0.33774
2018-02-14,-0.328916
2018-02-15,-0.319242
2018-02-16,-0.330498
2018-02-19,-0.319439
2018-02-20,-0.321628
2018-02-21,-0.316563
2018-02-22,-0.315994
2018-02-23,-0.324124
2018-02-26,-0.329048
2018-02-27,-0.317212
2018-02-28,-0.330825
2018-03-01,-0.34353
2018-03-02,-0.34926
2018-03-05,-0.336868
2018-03-06,-0.335161
2018-03-07,-0.337952
2018-03-08,-0.343528
2018-03-09,-0.338897
2018-03-12,-0.346589
2018-03-13,-0.345744
2018-03-14,-0.335949
2018-03-15,-0.348089
2018-03-16,-0.354329
2018-03-19,-0.354871
2018-03-20,-0.362366
2018-03-21,-0.362125
2018-03-22,-0.385639
2018-03-23,-0.385193
2018-03-26,-0.368857
2018-03-27,-0.385523
2018-03-28,-0.395476
2018-03-29,-0.407746
2018-04-03,-0.404981
2018-04-04,-0.417489
2018-04-05,-0.405239
2018-04-06,-0.39172
2018-04-09,-0.396585
2018-04-10,-0.378804
2018-04-11,-0.377145
2018-04-12,-0.370066
2018-04-13,-0.372988
2018-04-16,-0.366069
2018-04-17,-0.376141
2018-04-18,-0.37581
2018-04-19,-0.359951
2018-04-20,-0.357516
2018-04-23,-0.354393
2018-04-24,-0.356849
2018-04-25,-0.359524
2018-04-26,-0.36006
2018-04-27,-0.375015
2018-04-30,-0.366318
2018-05-02,-0.364438
2018-05-03,-0.375336
2018-05-04,-0.371932
2018-05-07,-0.373764
2018-05-08,-0.36029
2018-05-09,-0.354561
2018-05-10,-0.348384
2018-05-11,-0.34431
2018-05-14,-0.327339
2018-05-15,-0.315429
2018-05-16,-0.274998
2018-05-17,-0.268631
2018-05-18,-0.261665
2018-05-21,-0.234163
2018-05-22,-0.244827
2018-05-23,-0.225097
2018-05-24,-0.23457
2018-05-25,-0.131197
2018-05-28,-0.065058
2018-05-29,0.247412
2018-05-30,0.141469
2018-05-31,0.033214
2018-06-01,-0.055395
2018-06-04,-0.10044
2018-06-05,-0.054743
2018-06-06,0.062611
2018-06-07,0.072455
2018-06-08,0.121869
2018-06-11,0.021089
2018-06-12,-0.008863
2018-06-13,-0.022881
2018-06-14,-0.061177
2018-06-15,-0.124622
2018-06-18,-0.164983
2018-06-19,-0.158321
2018-06-20,-0.167573
2018-06-21,-0.11163
2018-06-22,-0.094952
2018-06-25,-0.054172
2018-06-26,-0.044821
2018-06-27,-0.06993
2018-06-28,-0.071674
2018-06-29,-0.102762
2018-07-02,-0.116129
2018-07-03,-0.128495
2018-07-04,-0.122392
2018-07-05,-0.073102
2018-07-06,-0.086761
2018-07-09,-0.099586
2018-07-10,-0.091955
2018-07-11,-0.08429
2018-07-12,-0.086536
2018-07-13,-0.127563
2018-07-16,-0.119998
2018-07-17,-0.147739
2018-07-18,-0.135709
2018-07-19,-0.154927
2018-07-20,-0.111186
2018-07-23,-0.109064
2018-07-24,-0.043895
2018-07-25,-0.093526
2018-07-26,-0.085708
2018-07-27,-0.076365
2018-07-30,-0.069821
2018-07-31,-0.068842
2018-08-01,-0.060954
2018-08-02,-0.029173
2018-08-03,-0.020663
2018-08-06,-0.061326
2018-08-07,-0.065973
2018-08-08,-0.068179
2018-08-09,-0.041588
2018-08-10,0.004721
2018-08-13,0.042264
2018-08-14,0.034408
2018-08-15,0.007826
2018-08-16,0.033895
2018-08-17,0.051227
2018-08-20,0.022239
2018-08-21,-0.044191
2018-08-22,-0.007635
2018-08-23,0.008435
2018-08-24,0.024578
2018-08-27,0.048715
2018-08-28,0.061789
2018-08-29,0.062372
2018-08-30,0.106869
2018-08-31,0.12218
2018-09-03,0.134613
2018-09-04,0.075571
2018-09-05,0.045481
2018-09-06,0.019047
2018-09-07,0.012357
2018-09-10,-0.032356
2018-09-11,-0.057407
2018-09-12,-0.004494
2018-09-13,-0.015381
2018-09-14,0.003782
2018-09-17,-0.019989
2018-09-18,-0.065881
2018-09-19,-0.064378
2018-09-20,0.003502
2018-09-21,-0.032234
2018-09-24,0.011472
2018-09-25,0.004128
2018-09-26,-0.01737
2018-09-27,0.003438
2018-09-28,0.135141
2018-10-01,0.124946
2018-10-02,0.174874
2018-10-03,0.13163
2018-10-04,0.155732
2018-10-05,0.192083
2018-10-08,0.232941
2018-10-09,0.229275
2018-10-10,0.195727
2018-10-11,0.255392
2018-10-12,0.237762
2018-10-15,0.223128
2018-10-16,0.157111
2018-10-17,0.107278
2018-10-18,0.174011
2018-10-19,0.243039
2018-10-22,0.136089
2018-10-23,0.140741
2018-10-24,0.152568
2018-10-25,0.080375
2018-10-26,0.109314
2018-10-29,0.079198
2018-10-30,0.134235
2018-10-31,0.127427
2018-11-01,0.115041
2018-11-02,0.096503
2018-11-05,0.047591
2018-11-06,0.066336
2018-11-07,0.057682
2018-11-08,0.11855
2018-11-09,0.097622
2018-11-12,0.107392
2018-11-13,0.114497
2018-11-14,0.121634
2018-11-15,0.103255
2018-11-16,0.119622
2018-11-19,0.150425
2018-11-20,0.184949
2018-11-21,0.089264
2018-11-22,0.087528
2018-11-23,0.072648
2018-11-26,0.022227
2018-11-27,0.026887
2018-11-28,0.032248
2018-11-29,-0.009666
2018-11-30,-0.007479
2018-12-03,-0.05009
2018-12-04,-0.019492
2018-12-05,-0.058872
2018-12-06,-0.02337
2018-12-07,-0.008011
2018-12-10,-0.00834
2018-12-11,0.00097
2018-12-12,-0.033202
2018-12-13,-0.015033
2018-12-14,-0.021243
2018-12-17,-0.040658
2018-12-18,-0.043837
2018-12-19,-0.088308
2018-12-20,-0.098846
2018-12-21,-0.083886
2018-12-27,-0.098843
2018-12-28,-0.105033
2019-01-02,-0.125281
2019-01-03,-0.066776
2019-01-04,-0.083766
2019-01-07,-0.072142
2019-01-08,-0.051188
2019-01-09,-0.051584
2019-01-10,-0.036668
2019-01-11,-0.058265
2019-01-14,-0.091044
2019-01-15,-0.102323
2019-01-16,-0.125746
2019-01-17,-0.125093
2019-01-18,-0.128885
2019-01-21,-0.112815
2019-01-22,-0.13121
2019-01-23,-0.120071
2019-01-24,-0.12846
2019-01-25,-0.129652
2019-01-28,-0.12451
2019-01-29,-0.126343
2019-01-30,-0.122446
2019-01-31,-0.119835
2019-02-01,-0.082632
2019-02-04,-0.093108
2019-02-05,-0.091282
2019-02-06,-0.052364
2019-02-07,-0.021274
2019-02-08,0.010754
2019-02-11,-0.039717
2019-02-12,-0.021548
2019-02-13,-0.06313
2019-02-14,-0.052387
2019-02-15,-0.051245
2019-02-18,-0.088779
2019-02-19,-0.069948
2019-02-20,-0.047655
2019-02-21,-0.041825
2019-02-22,-0.048423
2019-02-25,-0.058666
2019-02-26,-0.101491
2019-02-27,-0.091806
2019-02-28,-0.078401
2019-03-01,-0.06454
2019-03-04,-0.075879
2019-03-05,-0.099343
2019-03-06,-0.120549
2019-03-07,-0.155949
2019-03-08,-0.153004
2019-03-11,-0.129069
2019-03-12,-0.122034
2019-03-13,-0.098167
2019-03-14,-0.133841
2019-03-15,-0.12529
2019-03-18,-0.147255
2019-03-19,-0.129532
2019-03-20,-0.123065
2019-03-21,-0.131026
2019-03-22,-0.129934
2019-03-25,-0.130702
2019-03-26,-0.148377
2019-03-27,-0.169325
2019-03-28,-0.142981
2019-03-29,-0.14254
2019-04-01,-0.15356
2019-04-02,-0.144425
2019-04-03,-0.139426
2019-04-04,-0.130878
2019-04-05,-0.115776
2019-04-08,-0.101981
2019-04-09,-0.14075
2019-04-10,-0.153729
2019-04-11,-0.140672
2019-04-12,-0.131337
2019-04-15,-0.127169
2019-04-16,-0.108595
2019-04-17,-0.103205
2019-04-18,-0.113749
2019-04-23,-0.080887
2019-04-24,-0.103395
2019-04-25,-0.091765
2019-04-26,-0.097297
2019-04-29,-0.129911
2019-04-30,-0.128108
2019-05-02,-0.135514
2019-05-03,-0.143062
2019-05-06,-0.143537
2019-05-07,-0.149977
2019-05-08,-0.132253
2019-05-09,-0.127773
2019-05-10,-0.116737
2019-05-13,-0.115196
2019-05-14,-0.124501
2019-05-15,-0.109535
2019-05-16,-0.122845
2019-05-17,-0.139315
2019-05-20,-0.134834
2019-05-21,-0.13354
2019-05-22,-0.137001
2019-05-23,-0.144703
2019-05-24,-0.172076
2019-05-27,-0.144923
2019-05-28,-0.139124
2019-05-29,-0.128739
2019-05-30,-0.128739
2019-05-31,-0.123845
2019-06-03,-0.107847
2019-06-04,-0.122866
2019-06-05,-0.120388
2019-06-06,-0.114804
2019-06-07,-0.171367
2019-06-10,-0.15578
2019-06-11,-0.161568
2019-06-12,-0.140283
2019-06-13,-0.148808
2019-06-14,-0.167737
2019-06-17,-0.165594
2019-06-18,-0.249767
2019-06-19,-0.237009
2019-06-20,-0.258576
2019-06-21,-0.21792
2019-06-24,-0.217341
2019-06-25,-0.214846
2019-06-26,-0.214846
2019-06-27,-0.217346
2019-06-28,-0.231172
2019-07-01,-0.278221
2019-07-02,-0.32232
2019-07-03,-0.355959
2019-07-04,-0.333355
2019-07-05,-0.302981
2019-07-08,-0.304581
2019-07-09,-0.308419
2019-07-10,-0.297492
2019-07-11,-0.309566
2019-07-12,-0.300702
2019-07-15,-0.332409
2019-07-16,-0.346214
2019-07-17,-0.361368
2019-07-18,-0.350816
2019-07-19,-0.351752
2019-07-22,-0.351901
2019-07-23,-0.37151
2019-07-24,-0.404894
2019-07-25,-0.37667
2019-07-26,-0.377577
2019-07-29,-0.381344
2019-07-30,-0.369097
2019-07-31,-0.354799
2019-08-01,-0.356372
2019-08-02,-0.370898
2019-08-05,-0.367979
2019-08-06,-0.387575
2019-08-07,-0.428269
2019-08-08,-0.39066
2019-08-09,-0.331344
2019-08-12,-0.338419
2019-08-13,-0.351547
2019-08-14,-0.392811
2019-08-15,-0.416888
2019-08-16,-0.41699
2019-08-19,-0.398216
2019-08-20,-0.421003
2019-08-21,-0.431532
2019-08-22,-0.416111
2019-08-23,-0.428743
2019-08-26,-0.420815
2019-08-27,-0.486957
2019-08-28,-0.500815
2019-08-29,-0.54052
2019-08-30,-0.536771
2019-09-02,-0.554827
2019-09-03,-0.550321
2019-09-04,-0.555687
2019-09-05,-0.539726
2019-09-06,-0.551596
2019-09-09,-0.520821
2019-09-10,-0.509417
2019-09-11,-0.50975
2019-09-12,-0.511028
2019-09-13,-0.449052
2019-09-16,-0.450528
2019-09-17,-0.433326
2019-09-18,-0.448666
2019-09-19,-0.424615
2019-09-20,-0.429982
2019-09-23,-0.451696
2019-09-24,-0.456304
2019-09-25,-0.458752
2019-09-26,-0.457807
2019-09-27,-0.470038
2019-09-30,-0.482374
2019-10-01,-0.473922
2019-10-02,-0.471849
2019-10-03,-0.485095
2019-10-04,-0.488208
2019-10-07,-0.47991
2019-10-08,-0.475514
2019-10-09,-0.46526
2019-10-10,-0.422487
2019-10-11,-0.43253
2019-10-14,-0.433274
2019-10-15,-0.433396
2019-10-16,-0.429162
2019-10-17,-0.427017
2019-10-18,-0.426896
2019-10-21,-0.409089
2019-10-22,-0.420958
2019-10-23,-0.401817
2019-10-24,-0.424024
2019-10-25,-0.402741
2019-10-28,-0.378653
2019-10-29,-0.381507
2019-10-30,-0.377469
2019-10-31,-0.407714
2019-11-01,-0.404985
2019-11-04,-0.391151
2019-11-05,-0.435859
2019-11-06,-0.423834
2019-11-07,-0.404128
2019-11-08,-0.381055
2019-11-11,-0.3681
2019-11-12,-0.372768
2019-11-13,-0.381257
2019-11-14,-0.385485
2019-11-15,-0.380741
2019-11-18,-0.394769
2019-11-19,-0.385014
2019-11-20,-0.39526
2019-11-21,-0.396217
2019-11-22,-0.403082
2019-11-25,-0.41219
2019-11-26,-0.415651
2019-11-27,-0.411622
2019-11-28,-0.404981
2019-11-29,-0.407206
2019-12-02,-0.378077
2019-12-03,-0.393414
2019-12-04,-0.405333
2019-12-05,-0.373687
2019-12-06,-0.38742
2019-12-09,-0.397574
2019-12-10,-0.403714
2019-12-11,-0.414272
2019-12-12,-0.419911
2019-12-13,-0.417758
2019-12-16,-0.418525
2019-12-17,-0.419118
2019-12-18,-0.418205
2019-12-19,-0.399203
2019-12-20,-0.393412
2019-12-23,-0.395108
2019-12-27,-0.408298
2019-12-30,-0.381982
2020-01-02,-0.38242
2020-01-03,-0.409665
2020-01-06,-0.420117
2020-01-07,-0.414835
2020-01-08,-0.403747
2020-01-09,-0.392272
2020-01-10,-0.391592
2020-01-13,-0.372927
2020-01-14,-0.375332
2020-01-15,-0.380316
2020-01-16,-0.368895
2020-01-17,-0.353892
2020-01-20,-0.355023
2020-01-21,-0.343689
2020-01-22,-0.349057
2020-01-23,-0.374643
2020-01-24,-0.378991
2020-01-27,-0.419288
2020-01-28,-0.427141
2020-01-29,-0.440641
2020-01-30,-0.446152
2020-01-31,-0.456212
2020-02-03,-0.461293
2020-02-04,-0.458363
2020-02-05,-0.452632
2020-02-06,-0.435702
2020-02-07,-0.450208
2020-02-10,-0.449742
2020-02-11,-0.448437
2020-02-12,-0.445888
2020-02-13,-0.462174
2020-02-14,-0.467898
2020-02-17,-0.464765
2020-02-18,-0.463255
2020-02-19,-0.459418
2020-02-20,-0.466073
2020-02-21,-0.463718
2020-02-24,-0.469164
2020-02-25,-0.467204
2020-02-26,-0.463243
2020-02-27,-0.454957
2020-02-28,-0.460476
2020-03-02,-0.458048
2020-03-03,-0.470998
2020-03-04,-0.517399
2020-03-05,-0.510505
2020-03-06,-0.484339
2020-03-09,-0.45094
2020-03-10,-0.430528
2020-03-11,-0.452649
2020-03-12,-0.46583
2020-03-13,-0.281523
2020-03-16,-0.090223
2020-03-17,0.028446
2020-03-18,0.039026
2020-03-19,-0.079763
2020-03-20,-0.146662
2020-03-23,-0.149914
2020-03-24,-0.146195
2020-03-25,-0.109868
2020-03-26,-0.247659
2020-03-27,-0.306655
2020-03-30,-0.267163
2020-03-31,-0.245089
2020-04-01,-0.191355
2020-04-02,-0.191137
2020-04-03,-0.169847
2020-04-06,-0.155885
2020-04-07,-0.127725
2020-04-08,-0.071542
2020-04-09,-0.108257
2020-04-14,-0.067473
2020-04-15,-0.027505
2020-04-16,-0.044782
2020-04-17,-0.066446
2020-04-20,0.000954
2020-04-21,-0.000965
2020-04-22,0.060638
2020-04-23,-0.016053
2020-04-24,-0.051507
2020-04-27,-0.115141
2020-04-28,-0.157349
2020-04-29,-0.196617
2020-04-30,-0.20247
2020-05-04,-0.245539
2020-05-05,-0.240835
2020-05-06,-0.215028
2020-05-07,-0.205485
2020-05-08,-0.253471
2020-05-11,-0.226499
2020-05-12,-0.241935
2020-05-13,-0.275463
2020-05-14,-0.254981
2020-05-15,-0.237297
2020-05-18,-0.242389
2020-05-19,-0.272212
2020-05-20,-0.270469
2020-05-21,-0.279063
2020-05-22,-0.290507
2020-05-25,-0.291733
2020-05-26,-0.260615
2020-05-27,-0.288197
2020-05-28,-0.337814
2020-05-29,-0.340783
2020-06-01,-0.337115
2020-06-02,-0.349313
2020-06-03,-0.323563
2020-06-04,-0.354258
2020-06-05,-0.339135
2020-06-08,-0.356048
2020-06-09,-0.344105
2020-06-10,-0.318345
2020-06-11,-0.333642
2020-06-12,-0.352041
2020-06-15,-0.356732
2020-06-16,-0.383526
2020-06-17,-0.379208
2020-06-18,-0.38686
2020-06-19,-0.405043
2020-06-22,-0.410631
2020-06-23,-0.406287
2020-06-24,-0.422262
2020-06-25,-0.435024
2020-06-26,-0.442051
2020-06-29,-0.416438
2020-06-30,-0.45075
2020-07-01,-0.430012
2020-07-02,-0.422026
2020-07-03,-0.410783
2020-07-06,-0.42104
2020-07-07,-0.421578
2020-07-08,-0.420019
2020-07-09,-0.42479
2020-07-10,-0.402733
2020-07-13,-0.405585
2020-07-14,-0.41401
2020-07-15,-0.419942
2020-07-16,-0.417286
2020-07-17,-0.438259
2020-07-20,-0.455116
2020-07-21,-0.454801
2020-07-22,-0.474345
2020-07-23,-0.467971
2020-07-24,-0.462532
2020-07-27,-0.454742
2020-07-28,-0.46673
2020-07-29,-0.465822
2020-07-30,-0.480988
2020-07-31,-0.467451
2020-08-03,-0.474434
2020-08-04,-0.487992
2020-08-05,-0.477515
2020-08-06,-0.486141
2020-08-07,-0.48707
2020-08-10,-0.489668
2020-08-11,-0.477864
2020-08-12,-0.475967
2020-08-13,-0.452874
2020-08-14,-0.458874
2020-08-17,-0.48363
2020-08-18,-0.494949
2020-08-19,-0.503542
2020-08-20,-0.512616
2020-08-21,-0.504473
2020-08-24,-0.506071
2020-08-25,-0.481328
2020-08-26,-0.475908
2020-08-27,-0.482302
2020-08-28,-0.484653
2020-08-31,-0.475019
2020-09-01,-0.483747
2020-09-02,-0.505408
2020-09-03,-0.507519
2020-09-04,-0.495206
2020-09-07,-0.483414
2020-09-08,-0.4897
2020-09-09,-0.48456
2020-09-10,-0.480826
2020-09-11,-0.485351
2020-09-14,-0.505183
2020-09-15,-0.501414
2020-09-16,-0.518793
2020-09-17,-0.516347
2020-09-18,-0.520332
2020-09-21,-0.522477
2020-09-22,-0.525733
2020-09-23,-0.535886
2020-09-24,-0.524583
2020-09-25,-0.512826
2020-09-28,-0.514233
2020-09-29,-0.519727
2020-09-30,-0.514165
2020-10-01,-0.515413
2020-10-02,-0.536253
2020-10-05,-0.534975
2020-10-06,-0.540969
2020-10-07,-0.54033
2020-10-08,-0.550417
2020-10-09,-0.566219
2020-10-12,-0.574793
2020-10-13,-0.573861
2020-10-14,-0.583104
2020-10-15,-0.567624
2020-10-16,-0.591151
2020-10-19,-0.582343
2020-10-20,-0.583426
2020-10-21,-0.5769
2020-10-22,-0.574779
2020-10-23,-0.576612
2020-10-26,-0.585222
2020-10-27,-0.599049
2020-10-28,-0.593316
2020-10-29,-0.611432
2020-10-30,-0.612194
2020-11-02,-0.617744
2020-11-03,-0.621085
2020-11-04,-0.628744
2020-11-05,-0.632542
2020-11-06,-0.629873
2020-11-09,-0.60038
2020-11-10,-0.58259
2020-11-11,-0.588936
2020-11-12,-0.594765
2020-11-13,-0.610571
2020-11-16,-0.607817
2020-11-17,-0.605294
2020-11-18,-0.606577
2020-11-19,-0.605289
2020-11-20,-0.615827
2020-11-23,-0.617464
2020-11-24,-0.619721
2020-11-25,-0.618095
2020-11-26,-0.623758
2020-11-27,-0.628048
2020-11-30,-0.62337
2020-12-01,-0.603357
2020-12-02,-0.60446
2020-12-03,-0.608753
2020-12-04,-0.609649
2020-12-07,-0.62019
2020-12-08,-0.629169
2020-12-09,-0.635248
2020-12-10,-0.627915
2020-12-11,-0.644213
2020-12-14,-0.64336
2020-12-15,-0.646454
2020-12-16,-0.637723
2020-12-17,-0.654846
2020-12-18,-0.641532
2020-12-21,-0.631259
2020-12-22,-0.623053
2020-12-23,-0.617756
2020-12-28,-0.624666
2020-12-29,-0.626244
2020-12-30,-0.627357
2021-01-04,-0.623338
2021-01-05,-0.607158
2021-01-06,-0.593647
2021-01-07,-0.596959
2021-01-08,-0.60392
2021-01-11,-0.583261
2021-01-12,-0.558267
2021-01-13,-0.562207
2021-01-14,-0.562732
2021-01-15,-0.573481
2021-01-18,-0.564342
2021-01-19,-0.571385
2021-01-20,-0.569925
2021-01-21,-0.563739
2021-01-22,-0.547279
2021-01-25,-0.562444
2021-01-26,-0.571874
2021-01-27,-0.588478
2021-01-28,-0.589323
2021-01-29,-0.581188
2021-02-01,-0.585305
2021-02-02,-0.5758
2021-02-03,-0.577805
2021-02-04,-0.579093
2021-02-05,-0.586646
2021-02-08,-0.585224
2021-02-09,-0.589812
2021-02-10,-0.591893
2021-02-11,-0.59925
2021-02-12,-0.591302
2021-02-15,-0.578866
2021-02-16,-0.570632
2021-02-17,-0.566575
2021-02-18,-0.541596
2021-02-19,-0.551534
2021-02-22,-0.556461
2021-02-23,-0.536539
2021-02-24,-0.530765
2021-02-25,-0.504594
2021-02-26,-0.507453
2021-03-01,-0.542849
2021-03-02,-0.544393
2021-03-03,-0.541916
2021-03-04,-0.540487
2021-03-05,-0.541281
2021-03-08,-0.545303
2021-03-09,-0.555843
2021-03-10,-0.544193
2021-03-11,-0.566968
2021-03-12,-0.553089
2021-03-15,-0.56319
2021-03-16,-0.576831
2021-03-17,-0.56045
2021-03-18,-0.560913
2021-03-19,-0.573161
2021-03-22,-0.578344
2021-03-23,-0.589786
2021-03-24,-0.597079
2021-03-25,-0.595152
2021-03-26,-0.590759
2021-03-29,-0.582966
2021-03-30,-0.561356
2021-03-31,-0.568743
2021-04-01,-0.576728
2021-04-06,-0.568963
2021-04-07,-0.578481
2021-04-08,-0.582785
2021-04-09,-0.566233
2021-04-12,-0.570002
2021-04-13,-0.56214
2021-04-14,-0.559455
2021-04-15,-0.555496
2021-04-16,-0.552798
2021-04-19,-0.547508
2021-04-20,-0.552735
2021-04-21,-0.56061
2021-04-22,-0.55831
2021-04-23,-0.561259
2021-04-26,-0.555003
2021-04-27,-0.549838
2021-04-28,-0.549028
2021-04-29,-0.538587
2021-04-30,-0.546259
2021-05-03,-0.551623
2021-05-04,-0.567132
2021-05-05,-0.563124
2021-05-06,-0.557546
2021-05-07,-0.547194
2021-05-10,-0.548403
2021-05-11,-0.536019
2021-05-12,-0.526131
2021-05-13,-0.520028
2021-05-14,-0.513961
2021-05-17,-0.50812
2021-05-18,-0.517626
2021-05-19,-0.513937
2021-05-20,-0.520242
2021-05-21,-0.532264
2021-05-24,-0.532992
2021-05-25,-0.544367
2021-05-26,-0.554721
2021-05-27,-0.54787
2021-05-28,-0.555699
2021-05-31,-0.556857
2021-06-01,-0.55949
2021-06-02,-0.565068
2021-06-03,-0.568443
2021-06-04,-0.573993
2021-06-07,-0.568937
2021-06-08,-0.571306
2021-06-09,-0.590515
2021-06-10,-0.583086
2021-06-11,-0.593155
2021-06-14,-0.584422
2021-06-15,-0.583556
2021-06-16,-0.584695
2021-06-17,-0.567787
2021-06-18,-0.557233
2021-06-21,-0.558561
2021-06-22,-0.554864
2021-06-23,-0.552862
2021-06-24,-0.553677
2021-06-25,-0.545674
2021-06-28,-0.549565
2021-06-29,-0.559728
2021-06-30,-0.570599
2021-07-01,-0.580837
2021-07-02,-0.594088
2021-07-05,-0.5806
2021-07-06,-0.590576
2021-07-07,-0.597465
2021-07-08,-0.589282
2021-07-09,-0.584373
2021-07-12,-0.584452
2021-07-13,-0.58594
2021-07-14,-0.587279
2021-07-15,-0.591252
2021-07-16,-0.59986
2021-07-19,-0.596382
2021-07-20,-0.609414
2021-07-21,-0.606087
2021-07-22,-0.613021
2021-07-23,-0.622008
2021-07-26,-0.625054
2021-07-27,-0.630452
2021-07-28,-0.638692
2021-07-29,-0.638444
2021-07-30,-0.639578
2021-08-02,-0.640474
2021-08-03,-0.647634
2021-08-04,-0.65539
2021-08-05,-0.660425
2021-08-06,-0.643304
2021-08-09,-0.642746
2021-08-10,-0.643966
2021-08-11,-0.63676
2021-08-12,-0.638665
2021-08-13,-0.635005
2021-08-16,-0.644687
2021-08-17,-0.643589
2021-08-18,-0.650948
2021-08-19,-0.653947
2021-08-20,-0.658948
2021-08-23,-0.652951
2021-08-24,-0.654211
2021-08-25,-0.644392
2021-08-26,-0.630845
2021-08-27,-0.633427
2021-08-30,-0.637368
2021-08-31,-0.626703
2021-09-01,-0.629982
2021-09-02,-0.637572
2021-09-03,-0.626402
2021-09-06,-0.625114
2021-09-07,-0.615901
2021-09-08,-0.61517
2021-09-09,-0.620464
2021-09-10,-0.62192
2021-09-13,-0.623086
2021-09-14,-0.626423
2021-09-15,-0.628374
2021-09-16,-0.628199
2021-09-17,-0.611182
2021-09-20,-0.622201
2021-09-21,-0.627913
2021-09-22,-0.626177
2021-09-23,-0.613298
2021-09-24,-0.599605
2021-09-27,-0.591611
2021-09-28,-0.580987
2021-09-29,-0.595639
2021-09-30,-0.585322
2021-10-01,-0.596427
2021-10-04,-0.601869
2021-10-05,-0.602415
2021-10-06,-0.5919
2021-10-07,-0.606855
2021-10-08,-0.600364
2021-10-11,-0.586554
2021-10-12,-0.583851
2021-10-13,-0.580585
2021-10-14,-0.595239
2021-10-15,-0.579491
2021-10-18,-0.557596
2021-10-19,-0.536747
2021-10-20,-0.567482
2021-10-21,-0.556513
2021-10-22,-0.5464
2021-10-25,-0.565486
2021-10-26,-0.568422
2021-10-27,-0.571624
2021-10-28,-0.523036
2021-10-29,-0.484498
2021-11-01,-0.485622
2021-11-02,-0.557021
2021-11-03,-0.545942
2021-11-04,-0.609663
2021-11-05,-0.633454
2021-11-08,-0.626649
2021-11-09,-0.648082
2021-11-10,-0.62659
2021-11-11,-0.611842
2021-11-12,-0.633119
2021-11-15,-0.625278
2021-11-16,-0.632485
2021-11-17,-0.629687
2021-11-18,-0.638601
2021-11-19,-0.66459
2021-11-22,-0.655037
2021-11-23,-0.627217
2021-11-24,-0.620083
2021-11-25,-0.625393
2021-11-26,-0.649944
2021-11-29,-0.630545
2021-11-30,-0.643262
2021-12-01,-0.606402
2021-12-02,-0.621594
2021-12-03,-0.597497
2021-12-06,-0.616599
2021-12-07,-0.601585
2021-12-08,-0.58616
2021-12-09,-0.599493
2021-12-10,-0.58639
2021-12-13,-0.586733
2021-12-15,-0.572338
2021-12-16,-0.558814
2021-12-17,-0.605379
2021-12-20,-0.607522
2021-12-21,-0.593537
2021-12-22,-0.578857
2021-12-23,-0.562209
2021-12-24,-0.563153
2021-12-27,-0.55762
2021-12-28,-0.557228
2021-12-29,-0.553666
2021-12-30,-0.527385
2021-12-31,-0.529911
2022-01-03,-0.51633
2022-01-04,-0.516468
2022-01-05,-0.509126
2022-01-06,-0.491078
2022-01-07,-0.473055
2022-01-10,-0.472087
2022-01-11,-0.454638
2022-01-12,-0.47713
2022-01-13,-0.477487
2022-01-14,-0.470875
2022-01-17,-0.462597
2022-01-18,-0.46308
2022-01-19,-0.459879
2022-01-20,-0.486941
2022-01-21,-0.506454
2022-01-24,-0.512792
2022-01-25,-0.51334
2022-01-26,-0.489333
2022-01-27,-0.482742
2022-01-28,-0.464874
2022-01-31,-0.426341
2022-02-01,-0.417208
2022-02-02,-0.382336
2022-02-03,-0.275342
2022-02-04,-0.145345
2022-02-07,-0.111943
2022-02-08,-0.129099
2022-02-09,-0.17643
2022-02-10,-0.166842
2022-02-11,-0.144192
2022-02-14,-0.176951
2022-02-15,-0.162454
2022-02-16,-0.206517
2022-02-17,-0.231699
2022-02-18,-0.274188
2022-02-21,-0.265555
2022-02-22,-0.201085
2022-02-23,-0.17435
2022-02-24,-0.214279
2022-02-25,-0.216243
2022-02-28,-0.3022
2022-03-01,-0.471441
2022-03-02,-0.414357
2022-03-03,-0.357108
2022-03-04,-0.448424
2022-03-07,-0.429224
2022-03-08,-0.401504
2022-03-09,-0.34422
2022-03-10,-0.222689
2022-03-11,-0.197728
2022-03-14,-0.165811
2022-03-15,-0.20728
2022-03-16,-0.184608
2022-03-17,-0.180038
2022-03-18,-0.197635
2022-03-21,-0.155892
2022-03-22,-0.087449
2022-03-23,-0.098258
2022-03-24,-0.065869
2022-03-25,-0.029328
2022-03-28,0.007861
2022-03-29,0.078109
2022-03-30,0.189793
2022-03-31,0.106605
2022-04-01,0.115275
2022-04-04,0.08625
2022-04-05,0.148289
2022-04-06,0.179751
2022-04-07,0.203791
2022-04-08,0.239784
2022-04-11,0.30469
2022-04-12,0.258997
2022-04-13,0.246275
2022-04-14,0.229933
2022-04-19,0.2756
2022-04-20,0.256177
2022-04-21,0.328248
2022-04-22,0.429301
2022-04-25,0.356586
2022-04-26,0.325545
2022-04-27,0.295319
2022-04-28,0.371245
2022-04-29,0.447926
2022-05-02,0.448683
2022-05-03,0.449715
2022-05-04,0.52892
2022-05-05,0.491921
2022-05-06,0.581088
2022-05-09,0.537211
2022-05-10,0.441294
2022-05-11,0.413553
2022-05-12,0.299816
2022-05-13,0.361082
2022-05-16,0.387529
2022-05-17,0.483297
2022-05-18,0.531046
2022-05-19,0.475703
2022-05-20,0.495249
2022-05-23,0.510008
2022-05-24,0.511051
2022-05-25,0.468875
2022-05-26,0.437932
2022-05-27,0.437179
2022-05-30,0.546685
2022-05-31,0.6146
2022-06-01,0.61949
2022-06-02,0.739192
2022-06-03,0.787545
2022-06-06,0.803568
2022-06-07,0.78907
2022-06-08,0.852584
2022-06-09,0.949419
2022-06-10,1.05769
2022-06-13,1.247248
2022-06-14,1.332682
2022-06-15,1.202649
2022-06-16,1.343559
2022-06-17,1.209855
2022-06-20,1.229752
2022-06-21,1.22132
2022-06-22,1.182861
2022-06-23,1.027633
2022-06-24,1.068863
2022-06-27,1.11834
2022-06-28,1.163654
2022-06-29,1.087711
2022-06-30,0.917436
2022-07-01,0.769199
2022-07-04,0.852799
2022-07-05,0.755841
2022-07-06,0.618862
2022-07-07,0.777981
2022-07-08,0.775191
2022-07-11,0.728223
2022-07-12,0.6408
2022-07-13,0.742246
2022-07-14,0.862165
2022-07-15,0.828804
2022-07-18,0.864375
2022-07-19,0.952823
2022-07-20,0.953567
2022-07-21,1.04976
2022-07-22,0.780813
2022-07-25,0.831864
2022-07-26,0.72603
2022-07-27,0.762746
2022-07-28,0.623338
2022-07-29,0.622571
2022-08-01,0.582322
2022-08-02,0.591266
2022-08-03,0.65254
2022-08-04,0.62879
2022-08-05,0.709737
2022-08-08,0.700083
2022-08-09,0.761636
2022-08-10,0.699626
2022-08-11,0.718589
2022-08-12,0.736454
2022-08-15,0.719372
2022-08-16,0.779587
2022-08-17,0.881554
2022-08-18,0.903115
2022-08-19,1.013574
2022-08-22,1.063713
2022-08-23,1.092411
2022-08-24,1.154168
2022-08-25,1.091693
2022-08-26,1.192852
2022-08-29,1.335253
2022-08-30,1.337995
2022-08-31,1.444611
2022-09-01,1.44013
2022-09-02,1.353307
2022-09-05,1.443815
2022-09-06,1.409507
2022-09-07,1.36872
2022-09-08,1.525615
2022-09-09,1.65805
2022-09-12,1.640175
2022-09-13,1.720841
2022-09-14,1.766524
2022-09-15,1.794607
2022-09-16,1.922306
2022-09-19,1.950003
2022-09-20,2.085684
2022-09-21,2.085378
2022-09-22,2.200008
2022-09-23,2.236386
2022-09-26,2.330901
2022-09-27,2.378745
2022-09-28,2.282255
2022-09-29,2.350126
2022-09-30,2.17904
2022-10-03,2.106111
2022-10-04,1.977827
2022-10-05,2.062758
2022-10-06,2.17418
2022-10-07,2.291789
2022-10-10,2.293098
2022-10-11,2.315036
2022-10-12,2.29263
2022-10-13,2.341328
2022-10-14,2.301187
2022-10-17,2.364768
2022-10-18,2.361521
2022-10-19,2.465419
2022-10-20,2.496082
2022-10-21,2.482595
2022-10-24,2.388225
2022-10-25,2.296196
2022-10-26,2.325761
2022-10-27,2.175461
2022-10-28,2.230266
2022-10-31,2.274064
2022-11-01,2.261113
2022-11-02,2.283565
2022-11-03,2.363779
2022-11-04,2.410251
2022-11-07,2.447212
2022-11-08,2.490888
2022-11-09,2.463108
2022-11-10,2.271382
2022-11-11,2.3778
2022-11-14,2.350485
2022-11-15,2.347077
2022-11-16,2.295927
2022-11-17,2.31079
2022-11-18,2.255394
2022-11-21,2.237376
2022-11-22,2.271711
2022-11-23,2.287449
2022-11-24,2.225137
2022-11-25,2.323929
2022-11-28,2.34453
2022-11-29,2.269165
2022-11-30,2.318133
2022-12-01,2.160199
2022-12-02,2.186958
2022-12-05,2.260072
2022-12-06,2.212944
2022-12-07,2.166011
2022-12-08,2.180877
2022-12-09,2.304857
2022-12-12,2.313098
2022-12-13,2.254327
2022-12-14,2.285749
2022-12-15,2.442664
2022-12-16,2.646836
2022-12-19,2.616624
2022-12-20,2.677566
2022-12-21,2.665084
2022-12-22,2.720876
2022-12-23,2.773351
2022-12-27,2.802093
2022-12-28,2.800883
2022-12-29,2.814782
2022-12-30,2.875466
2023-01-02,2.841606
2023-01-03,2.804272
2023-01-04,2.736179
2023-01-05,2.785814
2023-01-06,2.78616
2023-01-09,2.746821
2023-01-10,2.765601
2023-01-11,2.725165
2023-01-12,2.662508
2023-01-13,2.642671
2023-01-16,2.673738
2023-01-17,2.633037
2023-01-18,2.500373
2023-01-19,2.571128
2023-01-20,2.644632
2023-01-23,2.667529
2023-01-24,2.679566
2023-01-25,2.605491
2023-01-26,2.651581
2023-01-27,2.693473
2023-01-30,2.764231
2023-01-31,2.747243
2023-02-01,2.757406
2023-02-02,2.593872
2023-02-03,2.619841
2023-02-06,2.687241
2023-02-07,2.717413
2023-02-08,2.797278
2023-02-09,2.763141
2023-02-10,2.842011
2023-02-13,2.870618
2023-02-14,2.92636
2023-02-15,2.966595
2023-02-16,3.000607
2023-02-17,2.973567
2023-02-20,2.980858
2023-02-21,3.074622
2023-02-22,3.06641
2023-02-23,3.042233
2023-02-24,3.152206
2023-02-27,3.170452
2023-02-28,3.282327
2023-03-01,3.294549
2023-03-02,3.308832
2023-03-03,3.312039
2023-03-06,3.38753
2023-03-07,3.36151
2023-03-08,3.388947
2023-03-09,3.365395
2023-03-10,3.163789
2023-03-13,2.78088
2023-03-14,3.046833
2023-03-15,2.695426
2023-03-16,2.689902
2023-03-17,2.656199
2023-03-20,2.597843
2023-03-21,2.733826
2023-03-22,2.875114
2023-03-23,2.766093
2023-03-24,2.668397
2023-03-27,2.717414
2023-03-28,2.72984
2023-03-29,2.767172
2023-03-30,2.849472
2023-03-31,2.834768
2023-04-03,2.820868
2023-04-04,2.835602
2023-04-05,2.726991
2023-04-06,2.698365
2023-04-11,2.847963
2023-04-12,2.887203
2023-04-13,2.901669
2023-04-14,2.942072
2023-04-17,3.004593
2023-04-18,3.007799
2023-04-19,3.050302
2023-04-20,3.030466
2023-04-21,3.031956
2023-04-24,3.055255
2023-04-25,2.982587
2023-04-26,2.912167
2023-04-27,2.96146
2023-04-28,2.90759
2023-05-02,2.91753
2023-05-03,2.847222
2023-05-04,2.812012
2023-05-05,2.798272
2023-05-08,2.848995
2023-05-09,2.849607
2023-05-10,2.812672
2023-05-11,2.779311
2023-05-12,2.815034
2023-05-15,2.845741
2023-05-16,2.853727
2023-05-17,2.873613
2023-05-18,2.96084
2023-05-19,2.990688
2023-05-22,2.974026
2023-05-23,2.999591
2023-05-24,2.981402
2023-05-25,3.035173
2023-05-26,3.067419
2023-05-29,3.039378
2023-05-30,2.980773
2023-05-31,2.895854
2023-06-01,2.892211
2023-06-02,2.932277
2023-06-05,3.014393
2023-06-06,3.000398
2023-06-07,3.028742
2023-06-08,3.046068
2023-06-09,3.041458
2023-06-12,3.026647
2023-06-13,3.06779
2023-06-14,3.124254
2023-06-15,3.196797
2023-06-16,3.229499
2023-06-19,3.252164
2023-06-20,3.247777
2023-06-21,3.267936
2023-06-22,3.329517
2023-06-23,3.230234
2023-06-26,3.230717
2023-06-27,3.244933
2023-06-28,3.261828
2023-06-29,3.332854
2023-06-30,3.364024
2023-07-03,3.38374
2023-07-04,3.390944
2023-07-05,3.347576
2023-07-06,3.467662
2023-07-07,3.428747
2023-07-10,3.425149
2023-07-11,3.461075
2023-07-12,3.414243
2023-07-13,3.291683
2023-07-14,3.319304
2023-07-17,3.343174
2023-07-18,3.219352
2023-07-19,3.225625
2023-07-20,3.303324
2023-07-21,3.290666
2023-07-24,3.22955
2023-07-25,3.254093
2023-07-26,3.303155
2023-07-27,3.239617
2023-07-28,3.237738
2023-07-31,3.240254
2023-08-01,3.257436
2023-08-02,3.200777
2023-08-03,3.219801
2023-08-04,3.228724
2023-08-07,3.214005
2023-08-08,3.140393
2023-08-09,3.178252
2023-08-10,3.198392
2023-08-11,3.246039
2023-08-14,3.281185
2023-08-15,3.331254
2023-08-16,3.30325
2023-08-17,3.315761
2023-08-18,3.254434
2023-08-21,3.30177
2023-08-22,3.303378
2023-08-23,3.186652
2023-08-24,3.188686
2023-08-25,3.22691
2023-08-28,3.259018
2023-08-29,3.274259
2023-08-30,3.26207
2023-08-31,3.185874
2023-09-01,3.188094
2023-09-04,3.22861
2023-09-05,3.240019
2023-09-06,3.276892
2023-09-07,3.288214
2023-09-08,3.272149
2023-09-11,3.297537
2023-09-12,3.315589
2023-09-13,3.358513
2023-09-14,3.3422
2023-09-15,3.388266
2023-09-18,3.424245
2023-09-19,3.442759
2023-09-20,3.416361
2023-09-21,3.439508
2023-09-22,3.424125
2023-09-25,3.429827
2023-09-26,3.432759
2023-09-27,3.431396
2023-09-28,3.54924
2023-09-29,3.43601
2023-10-02,3.449781
2023-10-03,3.437637
2023-10-04,3.476618
2023-10-05,3.42273
2023-10-06,3.431649
2023-10-09,3.379727
2023-10-10,3.383718
2023-10-11,3.375549
2023-10-12,3.41142
2023-10-13,3.411973
2023-10-16,3.42669
2023-10-17,3.478436
2023-10-18,3.493593
2023-10-19,3.502715
2023-10-20,3.425685
2023-10-23,3.433531
2023-10-24,3.398929
2023-10-25,3.418631
2023-10-26,3.372794
2023-10-27,3.344079
2023-10-30,3.305049
2023-10-31,3.277877
2023-11-01,3.258132
2023-11-02,3.223853
2023-11-03,3.213388
2023-11-06,3.266352
2023-11-07,3.267654
2023-11-08,3.24213
2023-11-09,3.257759
2023-11-10,3.295051
2023-11-13,3.319515
2023-11-14,3.243834
2023-11-15,3.238745
2023-11-16,3.179549
2023-11-17,3.17748
2023-11-20,3.209151
2023-11-21,3.189553
2023-11-22,3.175211
2023-11-23,3.240912
2023-11-24,3.255732
2023-11-27,3.19626
2023-11-28,3.148847
2023-11-29,3.033758
2023-11-30,3.058709
2023-12-01,2.95108
2023-12-04,2.906756
2023-12-05,2.885942
2023-12-06,2.848025
2023-12-07,2.836609
2023-12-08,2.922998
2023-12-11,2.920914
2023-12-12,2.936616
2023-12-13,2.89405
2023-12-14,2.775768
2023-12-15,2.760144
2023-12-18,2.758302
2023-12-19,2.705636
2023-12-20,2.670429
2023-12-21,2.666764
2023-12-22,2.575364
2023-12-27,2.561169
2023-12-28,2.569922
2023-12-29,2.58655
2024-01-02,2.611787
2024-01-03,2.640096
2024-01-04,2.707285
2024-01-05,2.79381
2024-01-08,2.771799
2024-01-09,2.776565
2024-01-10,2.792506
2024-01-11,2.772014
2024-01-12,2.704003
2024-01-15,2.745352
2024-01-16,2.713574
2024-01-17,2.836447
2024-01-18,2.841221
2024-01-19,2.839066
2024-01-22,2.826289
2024-01-23,2.853205
2024-01-24,2.834773
2024-01-25,2.770367
2024-01-26,2.757474
2024-01-29,2.703948
2024-01-30,2.721765
2024-01-31,2.672385
2024-02-01,2.676857
2024-02-02,2.782325
2024-02-05,2.837191
2024-02-06,2.833236
2024-02-07,2.835921
2024-02-08,2.884675
2024-02-09,2.943802
2024-02-12,2.921559
2024-02-13,2.961592
2024-02-14,2.957912
2024-02-15,2.921843
2024-02-16,3.003552
2024-02-19,2.988291
2024-02-20,2.954645
2024-02-21,2.978509
2024-02-22,3.025584
2024-02-23,3.01215
2024-02-26,3.047907
2024-02-27,3.057617
2024-02-28,3.060143
2024-02-29,3.065169
2024-03-01,3.079891
2024-03-04,3.055143
2024-03-05,3.005849
2024-03-06,3.001555
2024-03-07,2.968802
2024-03-08,2.890832
2024-03-11,2.931615
2024-03-12,2.95079
2024-03-13,2.95832
2024-03-14,2.977257
2024-03-15,3.031914
2024-03-18,3.037456
2024-03-19,3.014059
2024-03-20,3.02156
2024-03-21,2.985462
2024-03-22,2.941408
2024-03-25,2.977142
2024-03-26,2.970267
2024-03-27,2.934375
2024-03-28,2.948916
2024-04-02,2.969685
2024-04-03,3.000655
2024-04-04,2.949551
2024-04-05,2.984802
2024-04-08,3.010168
2024-04-09,2.992881
2024-04-10,3.024687
2024-04-11,3.055824
2024-04-12,2.961724
2024-04-15,3.003244
2024-04-16,3.043738
2024-04-17,3.044799
2024-04-18,3.055518
2024-04-19,3.09753
2024-04-22,3.064765
2024-04-23,3.041842
2024-04-24,3.103263
2024-04-25,3.153298
2024-04-26,3.10761
2024-04-29,3.077452
2024-04-30,3.136117
2024-05-02,3.114964
2024-05-03,3.038949
2024-05-06,3.034098
2024-05-07,3.037757
2024-05-08,3.056391
2024-05-09,3.0715
2024-05-10,3.083337
2024-05-13,3.089248
2024-05-14,3.091881
2024-05-15,3.046656
2024-05-16,3.038904
2024-05-17,3.085002
2024-05-20,3.082134
2024-05-21,3.0697
2024-05-22,3.107861
2024-05-23,3.17318
2024-05-24,3.202209
2024-05-27,3.133511
2024-05-28,3.137593
2024-05-29,3.183717
2024-05-30,3.178426
2024-05-31,3.162092
2024-06-03,3.140354
2024-06-04,3.101132
2024-06-05,3.085984
2024-06-06,3.128142
2024-06-07,3.187669
2024-06-10,3.211628
2024-06-11,3.196751
2024-06-12,3.117594
2024-06-13,3.121952
2024-06-14,3.037042
2024-06-17,3.081916
2024-06-18,3.065129
2024-06-19,3.084579
2024-06-20,3.085128
2024-06-21,3.033373
2024-06-24,3.042315
2024-06-25,3.040966
2024-06-26,3.059821
2024-06-27,3.073305
2024-06-28,3.065821
2024-07-01,3.11725
2024-07-02,3.091297
2024-07-03,3.109509
2024-07-04,3.101332
2024-07-05,3.078147
2024-07-08,3.047625
2024-07-09,3.062896
2024-07-10,3.041655
2024-07-11,2.972796
2024-07-12,2.987735
2024-07-15,2.964049
2024-07-16,2.938379
2024-07-17,2.934961
2024-07-18,2.904795
2024-07-19,2.932124
2024-07-22,2.947465
2024-07-23,2.93098
2024-07-24,2.899472
2024-07-25,2.89328
2024-07-26,2.879146
2024-07-29,2.83445
2024-07-30,2.808218
2024-07-31,2.779269
2024-08-01,2.746567
2024-08-02,2.652553
2024-08-05,2.522633
2024-08-06,2.567123
2024-08-07,2.639692
2024-08-08,2.632182
2024-08-09,2.608272
2024-08-12,2.614212
2024-08-13,2.586344
2024-08-14,2.572636
2024-08-15,2.640086
2024-08-16,2.629117
2024-08-19,2.643743
2024-08-20,2.621046
2024-08-21,2.579685
2024-08-22,2.585299
2024-08-23,2.610966
2024-08-26,2.587772
2024-08-27,2.612828
2024-08-28,2.585682
2024-08-29,2.553777
2024-08-30,2.586248
2024-09-02,2.614869
2024-09-03,2.591977
2024-09-04,2.537442
2024-09-05,2.485336
2024-09-06,2.478711
2024-09-09,2.443177
2024-09-10,2.43313
2024-09-11,2.358085
2024-09-12,2.385532
2024-09-13,2.380456
2024-09-16,2.379909
2024-09-17,2.371829
2024-09-18,2.405783
2024-09-19,2.395253
2024-09-20,2.398648
2024-09-23,2.340967
2024-09-24,2.281219
2024-09-25,2.278839
2024-09-26,2.229781
2024-09-27,2.215622
2024-09-30,2.216125
2024-10-01,2.146609
2024-10-02,2.176038
2024-10-03,2.199294
2024-10-04,2.260551
2024-10-07,2.326609
2024-10-08,2.348612
2024-10-09,2.353208
2024-10-10,2.372312
2024-10-11,2.390172
2024-10-14,2.381439
2024-10-15,2.341463
2024-10-16,2.292766
2024-10-17,2.273044
2024-10-18,2.216467
2024-10-21,2.28338
2024-10-22,2.285809
2024-10-23,2.246416
2024-10-24,2.208462
2024-10-25,2.255634
2024-10-28,2.240076
2024-10-29,2.273729
2024-10-30,2.353165
2024-10-31,2.455379
2024-11-01,2.391356
2024-11-04,2.419284
2024-11-05,2.418326
2024-11-06,2.381233
2024-11-07,2.375495
2024-11-08,2.368269
2024-11-11,2.321274
2024-11-12,2.288895
2024-11-13,2.309346
2024-11-14,2.260821
2024-11-15,2.277195
2024-11-18,2.317013
2024-11-19,2.288611
2024-11-20,2.293878
2024-11-21,2.244814
2024-11-22,2.165342
2024-11-25,2.155307
2024-11-26,2.188806
2024-11-27,2.186099
2024-11-28,2.135063
2024-11-29,2.096153
2024-12-02,2.044184
2024-12-03,2.053967
2024-12-04,2.080407
2024-12-05,2.108515
2024-12-06,2.097089
2024-12-09,2.077573
2024-12-10,2.056323
2024-12-11,2.031038
2024-12-12,2.090494
2024-12-13,2.141461
2024-12-16,2.147292
2024-12-17,2.152542
2024-12-18,2.145713
2024-12-19,2.176616
2024-12-20,2.134619
2024-12-23,2.16541
2024-12-24,2.162071
2024-12-27,2.163627
2024-12-30,2.177953
2025-01-02,2.16178
2025-01-03,2.260976
2025-01-06,2.300566
2025-01-07,2.26537
2025-01-08,2.296524
2025-01-09,2.320378
2025-01-10,2.372478
2025-01-13,2.417126
2025-01-14,2.425952
2025-01-15,2.352428
2025-01-16,2.362627
2025-01-17,2.312784
2025-01-20,2.314359
2025-01-21,2.313495
2025-01-22,2.302359
2025-01-23,2.333436
2025-01-24,2.383542
2025-01-27,2.346822
2025-01-28,2.350268
2025-01-29,2.340601
2025-01-30,2.287469
2025-01-31,2.213594
2025-02-03,2.132625
2025-02-04,2.154978
2025-02-05,2.159906
2025-02-06,2.141831
2025-02-07,2.172186
2025-02-10,2.134026
2025-02-11,2.171185
2025-02-12,2.223818
2025-02-13,2.18119
2025-02-14,2.195031
2025-02-17,2.21045
2025-02-18,2.197746
2025-02-19,2.253678
2025-02-20,2.235504
2025-02-21,2.17703
2025-02-24,2.168268
2025-02-25,2.147846
2025-02-26,2.142742
2025-02-27,2.123981
2025-02-28,2.107981
2025-03-03,2.155209
2025-03-04,2.097984
2025-03-05,2.265217
2025-03-06,2.36219
2025-03-07,2.301403
2025-03-10,2.28
2025-03-11,2.274029
2025-03-12,2.288137
2025-03-13,2.265468
2025-03-14,2.27489
2025-03-17,2.255839
2025-03-18,2.26427
2025-03-19,2.263731
2025-03-20,2.238569
2025-03-21,2.230234
2025-03-24,2.218819
2025-03-25,2.228373
2025-03-26,2.205569
2025-03-27,2.169833
2025-03-28,2.136369
2025-03-31,2.106699
2025-04-01,2.108321
2025-04-02,2.100018
2025-04-03,2.059791
2025-04-04,1.965624
2025-04-07,1.949334
2025-04-08,2.032848
2025-04-09,1.944818
2025-04-10,1.986546
2025-04-11,1.938956
2025-04-14,1.939061
2025-04-15,1.945255
2025-04-16,1.906056
2025-04-17,1.848674
2025-04-22,1.834957
2025-04-23,1.893092
2025-04-24,1.818008
2025-04-25,1.841784
2025-04-28,1.846627
2025-04-29,1.851437
2025-04-30,1.814169
2025-05-02,1.859838
2025-05-05,1.864744
2025-05-06,1.865466
2025-05-07,1.832034
2025-05-08,1.841491
2025-05-09,1.874932
2025-05-12,1.986876
2025-05-13,1.970004
2025-05-14,1.989581
2025-05-15,1.956652
2025-05-16,1.927348
2025-05-19,1.920212
2025-05-20,1.932646
2025-05-21,1.945515
2025-05-22,1.928461
2025-05-23,1.847642
2025-05-26,1.86778
2025-05-27,1.871511
2025-05-28,1.882787
2025-05-29,1.855818
2025-05-30,1.871242
2025-06-02,1.878186
2025-06-03,1.853923
2025-06-04,1.88485
2025-06-05,1.940217
2025-06-06,1.96486
2025-06-09,1.960394
2025-06-10,1.940883
2025-06-11,1.936978
2025-06-12,1.924232
2025-06-13,1.95692
2025-06-16,1.953013
2025-06-17,1.972525
2025-06-18,1.970946
2025-06-19,1.954678
2025-06-20,1.958734
2025-06-23,1.949351
2025-06-24,1.943125
2025-06-25,1.942451
2025-06-26,1.907937
2025-06-27,1.938528
2025-06-30,1.930848
2025-07-01,1.922035
2025-07-02,1.950084
2025-07-03,1.938742
2025-07-04,1.893824
2025-07-07,1.928553
2025-07-08,1.961079
2025-07-09,1.948209
2025-07-10,1.972586
2025-07-11,2.008541
2025-07-14,1.979097
2025-07-15,1.954982
2025-07-16,1.942904
2025-07-17,1.943036
2025-07-18,1.953392
2025-07-21,1.913946
2025-07-22,1.905394
2025-07-23,1.899359
2025-07-24,1.997275
2025-07-25,2.032665
2025-07-28,1.994215
2025-07-29,2.011682
2025-07-30,2.039446
2025-07-31,2.051834
2025-08-01,1.997364
2025-08-04,1.987401
2025-08-05,1.9939
2025-08-06,1.988268
2025-08-07,1.994619
2025-08-08,2.029733
2025-08-11,2.040608
2025-08-12,2.054781
2025-08-13,2.009615
2025-08-14,2.013568
2025-08-15,2.046195
2025-08-18,2.039415
2025-08-19,2.034082
2025-08-20,2.009657
2025-08-21,2.050153
2025-08-22,2.050554
2025-08-25,2.060767
2025-08-26,2.035459
2025-08-27,2.024361
2025-08-28,2.030724
2025-08-29,2.030151
2025-09-01,2.045155
2025-09-02,2.073099
2025-09-03,2.051503
2025-09-04,2.039304
2025-09-05,2.003109
2025-09-08,1.999174
2025-09-09,2.009922
2025-09-10,2.025739
2025-09-11,2.060377
2025-09-12,2.082619
2025-09-15,2.068882
2025-09-16,2.070163
2025-09-17,2.064312
2025-09-18,2.076146
2025-09-19,2.082409
2025-09-22,2.075992
2025-09-23,2.084159
2025-09-24,2.088683
2025-09-25,2.115112
2025-09-26,2.103253
2025-09-29,2.090453
2025-09-30,2.091844
2025-10-01,2.074364
2025-10-02,2.091707
2025-10-03,2.089681
2025-10-06,2.080454
2025-10-07,2.090784
2025-10-08,2.064443
2025-10-09,2.07346
2025-10-10,2.055944
2025-10-13,2.019991
2025-10-14,2.003519
2025-10-15,1.982624
2025-10-16,1.986956
2025-10-17,1.979626
2025-10-20,1.989227
2025-10-21,1.97916
2025-10-22,1.987097
2025-10-23,1.99397
2025-10-24,2.041382
2025-10-27,2.042255
2025-10-28,2.042251
2025-10-29,2.035753
2025-10-30,2.057808
2025-10-31,2.043717
2025-11-03,2.050864
2025-11-04,2.050349
2025-11-05,2.054904
2025-11-06,2.056964
2025-11-07,2.059724
2025-11-10,2.056694
2025-11-11,2.06073
2025-11-12,2.053856
2025-11-13,2.078331
2025-11-14,2.086841
2025-11-17,2.093655
2025-11-18,2.0761
2025-11-19,2.074183
2025-11-20,2.08475
2025-11-21,2.065513
2025-11-24,2.08452
2025-11-25,2.075518
2025-11-26,2.073254
2025-11-27,2.080003
2025-11-28,2.082046
2025-12-01,2.109547
2025-12-02,2.1127
2025-12-03,2.097772
2025-12-04,2.126851
2025-12-05,2.128232
2025-12-08,2.196203
2025-12-09,2.255492
2025-12-10,2.239954
2025-12-11,2.202259
2025-12-12,2.238555
2025-12-15,2.210302
2025-12-16,2.204842
2025-12-17,2.209331
2025-12-18,2.181211
2025-12-19,2.210912
2025-12-22,2.229856
2025-12-23,2.19882
2025-12-24,2.200557
2025-12-29,2.160976
2025-12-30,2.155124
2025-12-31,2.164314
2026-01-02,2.172706
2026-01-05,2.172008
2026-01-06,2.139348
2026-01-07,2.133282
2026-01-08,2.144993
2026-01-09,2.146062
2026-01-12,2.13908
2026-01-13,2.140967
2026-01-14,2.128273
2026-01-15,2.13476
2026-01-16,2.145838
2026-01-19,2.121366
2026-01-20,2.120722
2026-01-21,2.121498
2026-01-22,2.156279
2026-01-23,2.160689
2026-01-26,2.138403
2026-01-27,2.141549
2026-01-28,2.104549
2026-01-29,2.095848
2026-01-30,2.105516
2026-02-02,2.119664
2026-02-03,2.142301
2026-02-04,2.128226
2026-02-05,2.128737
2026-02-06,2.114238
2026-02-09,2.10444
2026-02-10,2.095261
2026-02-11,2.100366
2026-02-12,2.096196
2026-02-13,2.066163
2026-02-16,2.064197
2026-02-17,2.059006
2026-02-18,2.075925
2026-02-19,2.084538
2026-02-20,2.091499
2026-02-23,2.081031
2026-02-24,2.072904
2026-02-25,2.081388
2026-02-26,2.077772
2026-02-27,2.068568
2026-03-02,2.117151
2026-03-03,2.239227
2026-03-04,2.190809
2026-03-05,2.262253
2026-03-06,2.35091
2026-03-09,2.378645
2026-03-10,2.284892
2026-03-11,2.405843
2026-03-12,2.466661
2026-03-13,2.475007
2026-03-16,2.448813
2026-03-17,2.430642
2026-03-18,2.515154
2026-03-19,2.590798
2026-03-20,2.740665
2026-03-23,2.643937
2026-03-24,2.724599
2026-03-25,2.68366
2026-03-26,2.758863
2026-03-27,2.789499
2026-03-30,2.727953
2026-03-31,2.702363
2026-04-01,2.665877
2026-04-02,2.715825
2026-04-07,2.769463
2026-04-08,2.537544
2026-04-09,2.624539
2026-04-10,2.628135
2026-04-13,2.675911
2026-04-14,2.638183
2026-04-15,2.581062
2026-04-16,2.57793
2026-04-17,2.491296
2026-04-20,2.493085
2026-04-21,2.532397
2026-04-22,2.577642
2026-04-23,2.616364
2026-04-24,2.629597
2026-04-27,2.58787
2026-04-28,2.657475
2026-04-29,2.743762
2026-04-30,2.679558
2026-05-04,2.709578
2026-05-05,2.713377
2026-05-06,2.580816
2026-05-07,2.563197
2026-05-08,2.590769
2026-05-11,2.651872
2026-05-12,2.734067
2026-05-13,2.720401
2026-05-14,2.673633
2026-05-15,2.759799
2026-05-18,2.701019
2026-05-19,2.758581
2026-05-20,2.732917
2026-05-21,2.690643
2026-05-22,2.649058
2026-05-25,2.550151
2026-05-26,2.600158
2026-05-27,2.584193
2026-05-28,2.60767
2026-05-29,2.573921
2026-06-01,2.664843
2026-06-02,2.631211
2026-06-03,2.668913
2026-06-04,2.667137
2026-06-05,2.690449
2026-06-08,2.70087
2026-06-09,2.687806
2026-06-10,2.718796
2026-06-11,2.687187
2026-06-12,2.661527
2026-06-15,2.585514
2026-06-16,2.586505
2026-06-17,2.599634
2026-06-18,2.625835
2026-06-19,2.653029
2026-06-22,2.611516
2026-06-23,2.579206
2026-06-24,2.567358
2026-06-25,2.550469
2026-06-26,2.541062
2026-06-29,2.551573
2026-06-30,2.546422
2026-07-01,2.550091
2026-07-02,2.533759
2026-07-03,2.559161
2026-07-06,2.55997
2026-07-07,2.604448
2026-07-08,2.702377
2026-07-09,2.690162
2026-07-10,2.679635
2026-07-13,2.728376
2026-07-14,2.768288
2026-07-15,2.769299
2026-07-16,2.792324
2026-07-17,2.795659
2026-07-20,2.797507
2026-07-21,2.833711
2026-07-22,2.851023
2026-07-23,2.895706
2026-07-24,2.863655
2026-07-27,2.81802
2026-07-28,2.797378
2026-07-29,2.828056
2026-07-30,2.804105
2026-07-31,2.84114
2026-08-03,2.79236
2026-08-04,2.736657
2026-08-05,2.75198
2026-08-06,2.755483
2026-08-07,2.751741
2026-08-10,2.808611
2026-08-11,2.795289
2026-08-12,2.782231
2026-08-13,2.780484
2026-08-14,2.808511
2026-08-17,2.819839
2026-08-18,2.87763
2026-08-19,2.883515
2026-08-20,2.888811
2026-08-21,2.861115
2026-08-24,2.895114
2026-08-25,2.847846
2026-08-26,2.853082
2026-08-27,2.88323
2026-08-28,2.891599
2026-08-31,2.949447
2026-09-01,2.967435
2026-09-02,3.012939
2026-09-03,2.977803
2026-09-04,2.956009
2026-09-07,3.002529
2026-09-08,3.006573
2026-09-09,3.066023
2026-09-10,3.199743
2026-09-11,3.227682
2026-09-14,3.326012
2026-09-15,3.292673
2026-09-16,3.272812
2026-09-17,3.252009
2026-09-18,3.338274
2026-09-21,3.259889
2026-09-22,3.248704
2026-09-23,3.357532
2026-09-24,3.355787
2026-09-25,3.370561
2026-09-28,3.356897
2026-09-29,3.345915
2026-09-30,3.304713
2026-10-01,3.318599
2026-10-02,3.2984
2026-10-05,3.230469
2026-10-06,3.261182
2026-10-07,3.256721
