date,value
1974-09-24,9.362
1974-09-25,9.364
1974-09-26,9.366
1974-09-27,9.367
1974-09-28,9.369
1974-09-30,9.373
1974-10-01,9.374
1974-10-02,9.376
1974-10-03,9.378
1974-10-04,9.379
1974-10-05,9.381
1974-10-07,9.385
1974-10-08,9.386
1974-10-09,9.388
1974-10-11,9.391
1974-10-12,9.393
1974-10-14,9.396
1974-10-15,9.398
1974-10-16,9.4
1974-10-17,9.401
1974-10-18,9.403
1974-10-21,9.408
1974-10-22,9.41
1974-10-23,9.411
1974-10-24,9.413
1974-10-25,9.415
1974-10-26,9.416
1974-10-28,9.419
1974-10-29,9.421
1974-10-30,9.423
1974-10-31,9.424
1974-11-01,9.426
1974-11-02,9.428
1974-11-05,9.432
1974-11-06,9.434
1974-11-07,9.435
1974-11-08,9.437
1974-11-09,9.439
1974-11-11,9.442
1974-11-12,9.443
1974-11-13,9.445
1974-11-14,9.446
1974-11-15,9.448
1974-11-18,9.452
1974-11-19,9.459
1974-11-20,9.473
1974-11-21,9.506
1974-11-22,9.512
1974-11-25,9.517
1974-11-26,9.518
1974-11-27,9.52
1974-11-28,9.521
1974-11-29,9.523
1974-11-30,9.524
1974-12-02,9.527
1974-12-03,9.528
1974-12-04,9.53
1974-12-05,9.531
1974-12-06,9.533
1974-12-07,9.534
1974-12-09,9.537
1974-12-10,9.538
1974-12-11,9.54
1974-12-12,9.541
1974-12-13,9.543
1974-12-14,9.544
1974-12-16,9.547
1974-12-17,9.548
1974-12-18,9.55
1974-12-19,9.551
1974-12-20,9.552
1974-12-23,9.556
1974-12-24,9.558
1974-12-25,9.559
1974-12-26,9.56
1974-12-27,9.562
1974-12-28,9.563
1975-01-04,9.572
1975-01-06,9.575
1975-01-07,9.576
1975-01-08,9.578
1975-01-09,9.579
1975-01-10,9.58
1975-01-11,9.581
1975-01-13,9.584
1975-01-14,9.585
1975-01-16,9.588
1975-01-17,9.589
1975-01-20,9.593
1975-01-21,9.594
1975-01-22,9.595
1975-01-23,9.596
1975-01-24,9.598
1975-01-25,9.599
1975-01-27,9.601
1975-01-28,9.602
1975-01-29,9.604
1975-01-30,9.605
1975-01-31,9.606
1975-02-01,9.607
1975-02-03,9.61
1975-02-04,9.611
1975-02-05,9.612
1975-02-06,9.613
1975-02-07,9.614
1975-02-08,9.615
1975-02-10,9.618
1975-02-12,9.62
1975-02-13,9.619
1975-02-14,9.62
1975-02-17,9.623
1975-02-18,9.625
1975-02-19,9.632
1975-02-20,9.646
1975-02-21,9.647
1975-02-22,9.588
1975-02-24,9.593
1975-02-25,9.595
1975-02-26,9.597
1975-02-27,9.6
1975-02-28,9.564
1975-03-01,9.567
1975-03-03,9.573
1975-03-04,9.576
1975-03-05,9.579
1975-03-06,9.582
1975-03-07,9.585
1975-03-08,9.588
1975-03-10,9.593
1975-03-11,9.596
1975-03-12,9.599
1975-03-13,9.602
1975-03-14,9.605
1975-03-17,9.613
1975-03-18,9.616
1975-03-19,9.619
1975-03-20,9.622
1975-03-22,9.627
1975-03-24,9.633
1975-03-25,9.636
1975-03-26,9.638
1975-03-27,9.641
1975-03-28,9.644
1975-03-29,9.647
1975-03-31,9.652
1975-04-01,9.655
1975-04-02,9.658
1975-04-03,9.66
1975-04-04,9.663
1975-04-05,9.666
1975-04-07,9.671
1975-04-08,9.674
1975-04-09,9.676
1975-04-10,9.679
1975-04-11,9.682
1975-04-12,9.684
1975-04-14,9.69
1975-04-15,9.692
1975-04-16,9.695
1975-04-17,9.697
1975-04-18,9.7
1975-04-21,9.695
1975-04-22,9.698
1975-04-23,9.701
1975-04-24,9.704
1975-04-25,9.707
1975-04-26,9.71
1975-04-28,9.716
1975-04-30,9.722
1975-05-01,9.725
1975-05-02,9.728
1975-05-06,9.739
1975-05-07,9.742
1975-05-08,9.745
1975-05-09,9.748
1975-05-10,9.75
1975-05-12,9.756
1975-05-13,9.756
1975-05-14,9.759
1975-05-15,9.763
1975-05-16,9.766
1975-05-19,9.775
1975-05-20,9.76
1975-05-21,9.646
1975-05-22,9.46
1975-05-23,9.441
1975-05-24,9.445
1975-05-26,9.452
1975-05-27,9.455
1975-05-28,9.458
1975-05-29,9.462
1975-05-30,9.465
1975-05-31,9.468
1975-06-02,9.475
1975-06-03,9.478
1975-06-04,9.482
1975-06-05,9.485
1975-06-06,9.488
1975-06-07,9.492
1975-06-09,9.467
1975-06-10,9.47
1975-06-11,9.474
1975-06-12,9.477
1975-06-13,9.48
1975-06-14,9.452
1975-06-16,9.459
1975-06-17,9.462
1975-06-18,9.466
1975-06-19,9.469
1975-06-20,9.472
1975-06-23,9.482
1975-06-24,9.485
1975-06-25,9.488
1975-06-26,9.492
1975-06-27,9.495
1975-06-28,9.498
1975-06-30,9.505
1975-07-01,9.508
1975-07-02,9.511
1975-07-03,9.514
1975-07-04,9.518
1975-07-05,9.521
1975-07-07,9.527
1975-07-08,9.53
1975-07-09,9.534
1975-07-10,9.537
1975-07-11,9.54
1975-07-12,9.543
1975-07-14,9.549
1975-07-15,9.553
1975-07-16,9.556
1975-07-17,9.559
1975-07-18,9.562
1975-07-21,9.571
1975-07-22,9.574
1975-07-23,9.577
1975-07-24,9.581
1975-07-25,9.584
1975-07-26,9.587
1975-07-28,9.593
1975-07-29,9.536
1975-07-30,9.508
1975-07-31,9.479
1975-08-01,9.483
1975-08-02,9.486
1975-08-04,9.493
1975-08-05,9.496
1975-08-06,9.499
1975-08-07,9.503
1975-08-08,9.506
1975-08-09,9.509
1975-08-11,9.516
1975-08-12,9.519
1975-08-13,9.522
1975-08-14,9.525
1975-08-15,9.529
1975-08-18,9.538
1975-08-19,9.541
1975-08-20,9.527
1975-08-21,9.536
1975-08-22,9.533
1975-08-23,9.536
1975-08-25,9.542
1975-08-26,9.546
1975-08-27,9.549
1975-08-28,9.552
1975-08-29,9.555
1975-08-30,9.559
1975-09-01,9.565
1975-09-02,9.568
1975-09-03,9.571
1975-09-04,9.575
1975-09-05,9.578
1975-09-06,9.581
1975-09-08,9.587
1975-09-09,9.591
1975-09-10,9.594
1975-09-11,9.586
1975-09-12,9.589
1975-09-13,9.592
1975-09-16,9.602
1975-09-17,9.606
1975-09-18,9.609
1975-09-19,9.612
1975-09-22,9.622
1975-09-23,9.625
1975-09-25,9.632
1975-09-26,9.533
1975-09-27,9.537
1975-09-29,9.544
1975-09-30,9.547
1975-10-01,9.551
1975-10-02,9.554
1975-10-03,9.557
1975-10-04,9.561
1975-10-06,9.568
1975-10-07,9.571
1975-10-08,9.575
1975-10-09,9.459
1975-10-11,9.466
1975-10-13,9.472
1975-10-14,9.442
1975-10-15,9.446
1975-10-16,9.449
1975-10-17,9.453
1975-10-20,9.463
1975-10-21,9.467
1975-10-22,9.471
1975-10-23,9.474
1975-10-24,9.477
1975-10-25,9.481
1975-10-27,9.488
1975-10-28,9.491
1975-10-29,9.495
1975-10-30,9.468
1975-10-31,9.472
1975-11-01,9.475
1975-11-04,9.484
1975-11-05,9.487
1975-11-06,9.491
1975-11-07,9.495
1975-11-08,9.498
1975-11-10,9.505
1975-11-11,9.509
1975-11-12,9.512
1975-11-13,9.516
1975-11-14,9.519
1975-11-17,9.529
1975-11-18,9.532
1975-11-19,9.541
1975-11-20,9.557
1975-11-21,9.56
1975-11-22,9.54
1975-11-25,9.55
1975-11-26,9.554
1975-11-27,9.558
1975-11-28,9.561
1975-11-29,9.565
1975-12-01,9.507
1975-12-02,9.478
1975-12-03,9.481
1975-12-04,9.479
1975-12-05,9.456
1975-12-06,9.46
1975-12-08,9.467
1975-12-09,9.471
1975-12-10,9.474
1975-12-11,9.478
1975-12-12,9.481
1975-12-13,9.485
1975-12-15,9.492
1975-12-16,9.495
1975-12-17,9.499
1975-12-18,9.471
1975-12-19,9.474
1975-12-22,9.485
1975-12-23,9.488
1975-12-24,9.428
1975-12-25,9.396
1975-12-26,9.341
1975-12-27,9.313
1976-01-05,9.346
1976-01-06,9.35
1976-01-07,9.353
1976-01-08,9.357
1976-01-09,9.361
1976-01-10,9.365
1976-01-12,9.313
1976-01-13,9.259
1976-01-14,9.209
1976-01-16,9.13
1976-01-19,9.087
1976-01-20,9.062
1976-01-21,9.008
1976-01-22,8.955
1976-01-23,8.842
1976-01-24,8.792
1976-01-26,8.744
1976-01-27,8.691
1976-01-28,8.696
1976-01-29,8.643
1976-01-30,8.646
1976-01-31,8.649
1976-02-02,8.598
1976-02-03,8.601
1976-02-04,8.604
1976-02-05,8.607
1976-02-06,8.609
1976-02-07,8.555
1976-02-09,8.504
1976-02-10,8.507
1976-02-12,8.513
1976-02-13,8.516
1976-02-14,8.519
1976-02-16,8.525
1976-02-17,8.528
1976-02-18,8.531
1976-02-19,8.539
1976-02-20,8.554
1976-02-23,8.557
1976-02-24,8.56
1976-02-25,8.563
1976-02-26,8.566
1976-02-27,8.569
1976-02-28,8.571
1976-03-01,8.564
1976-03-02,8.567
1976-03-03,8.569
1976-03-04,8.572
1976-03-05,8.575
1976-03-06,8.578
1976-03-08,8.583
1976-03-09,8.586
1976-03-10,8.589
1976-03-11,8.592
1976-03-12,8.594
1976-03-13,8.597
1976-03-15,8.603
1976-03-16,8.606
1976-03-17,8.608
1976-03-18,8.611
1976-03-19,8.614
1976-03-22,8.622
1976-03-23,8.625
1976-03-24,8.628
1976-03-25,8.631
1976-03-26,8.633
1976-03-27,8.636
1976-03-29,8.642
1976-03-30,8.645
1976-03-31,8.647
1976-04-01,8.592
1976-04-02,8.592
1976-04-03,8.592
1976-04-05,8.598
1976-04-06,8.601
1976-04-07,8.599
1976-04-08,8.602
1976-04-09,8.605
1976-04-10,8.608
1976-04-12,8.614
1976-04-13,8.617
1976-04-14,8.618
1976-04-15,8.621
1976-04-16,8.598
1976-04-19,8.607
1976-04-20,8.61
1976-04-21,8.613
1976-04-22,8.616
1976-04-23,8.565
1976-04-24,8.568
1976-04-26,8.573
1976-04-27,8.576
1976-04-28,8.579
1976-04-30,8.585
1976-05-01,8.588
1976-05-04,8.597
1976-05-06,8.602
1976-05-07,8.605
1976-05-08,8.608
1976-05-10,8.614
1976-05-11,8.617
1976-05-12,8.619
1976-05-13,8.622
1976-05-14,8.625
1976-05-17,8.634
1976-05-18,8.637
1976-05-19,8.639
1976-05-20,8.635
1976-05-21,8.621
1976-05-22,8.613
1976-05-24,8.619
1976-05-25,8.622
1976-05-26,8.624
1976-05-27,8.627
1976-05-28,8.63
1976-05-29,8.633
1976-05-31,8.639
1976-06-01,8.642
1976-06-02,8.645
1976-06-03,8.647
1976-06-04,8.65
1976-06-05,8.653
1976-06-07,8.659
1976-06-08,8.662
1976-06-09,8.665
1976-06-10,8.668
1976-06-11,8.67
1976-06-12,8.673
1976-06-14,8.679
1976-06-15,8.682
1976-06-16,8.685
1976-06-17,8.688
1976-06-18,8.691
1976-06-21,8.699
1976-06-22,8.702
1976-06-23,8.705
1976-06-24,8.707
1976-06-25,8.71
1976-06-26,8.707
1976-06-28,8.713
1976-06-29,8.711
1976-06-30,8.714
1976-07-01,8.693
1976-07-02,8.696
1976-07-03,8.699
1976-07-05,8.705
1976-07-06,8.708
1976-07-07,8.711
1976-07-08,8.714
1976-07-09,8.716
1976-07-10,8.719
1976-07-12,8.725
1976-07-13,8.728
1976-07-14,8.731
1976-07-15,8.735
1976-07-16,8.738
1976-07-19,8.747
1976-07-20,8.75
1976-07-21,8.753
1976-07-22,8.755
1976-07-23,8.726
1976-07-24,8.703
1976-07-26,8.651
1976-07-27,8.654
1976-07-28,8.657
1976-07-29,8.66
1976-07-30,8.634
1976-07-31,8.637
1976-08-02,8.639
1976-08-03,8.638
1976-08-04,8.614
1976-08-05,8.616
1976-08-06,8.618
1976-08-07,8.621
1976-08-09,8.628
1976-08-10,8.631
1976-08-11,8.607
1976-08-12,8.609
1976-08-13,8.613
1976-08-14,8.617
1976-08-16,8.624
1976-08-17,8.628
1976-08-18,8.631
1976-08-19,8.635
1976-08-20,8.632
1976-08-23,8.575
1976-08-24,8.57
1976-08-25,8.552
1976-08-26,8.547
1976-08-27,8.521
1976-08-28,8.524
1976-08-30,8.502
1976-08-31,8.505
1976-09-01,8.509
1976-09-02,8.512
1976-09-03,8.516
1976-09-04,8.519
1976-09-06,8.504
1976-09-07,8.507
1976-09-08,8.511
1976-09-09,8.507
1976-09-10,8.488
1976-09-11,8.492
1976-09-13,8.499
1976-09-14,8.502
1976-09-16,8.509
1976-09-17,8.512
1976-09-20,8.523
1976-09-21,8.526
1976-09-22,8.53
1976-09-24,8.537
1976-09-25,8.54
1976-09-27,8.547
1976-09-28,8.551
1976-09-29,8.554
1976-09-30,8.558
1976-10-01,8.561
1976-10-02,8.565
1976-10-04,8.572
1976-10-05,8.575
1976-10-06,8.578
1976-10-07,8.581
1976-10-08,8.584
1976-10-09,8.562
1976-10-12,8.572
1976-10-13,8.575
1976-10-14,8.579
1976-10-15,8.582
1976-10-18,8.593
1976-10-19,8.596
1976-10-20,8.6
1976-10-21,8.577
1976-10-22,8.581
1976-10-23,8.555
1976-10-25,8.562
1976-10-26,8.565
1976-10-27,8.569
1976-10-28,8.543
1976-10-29,8.547
1976-10-30,8.55
1976-11-01,8.557
1976-11-02,8.56
1976-11-04,8.567
1976-11-05,8.571
1976-11-06,8.574
1976-11-08,8.581
1976-11-09,8.584
1976-11-10,8.56
1976-11-11,8.564
1976-11-12,8.567
1976-11-13,8.57
1976-11-15,8.548
1976-11-16,8.552
1976-11-17,8.555
1976-11-18,8.53
1976-11-19,8.538
1976-11-22,8.531
1976-11-24,8.537
1976-11-25,8.539
1976-11-26,8.542
1976-11-27,8.545
1976-11-29,8.551
1976-11-30,8.526
1976-12-01,8.5
1976-12-02,8.503
1976-12-03,8.507
1976-12-04,8.51
1976-12-06,8.516
1976-12-07,8.491
1976-12-08,8.494
1976-12-09,8.497
1976-12-10,8.5
1976-12-11,8.503
1976-12-13,8.509
1976-12-14,8.512
1976-12-15,8.518
1976-12-16,8.496
1976-12-17,8.5
1976-12-20,8.513
1976-12-21,8.517
1976-12-22,8.492
1976-12-23,8.499
1976-12-24,8.503
1976-12-25,8.478
1976-12-27,8.489
1976-12-28,8.493
1977-01-04,8.518
1977-01-05,8.522
1977-01-06,8.526
1977-01-07,8.496
1977-01-08,8.499
1977-01-10,8.473
1977-01-11,8.476
1977-01-12,8.445
1977-01-13,8.448
1977-01-14,8.452
1977-01-17,8.434
1977-01-18,8.437
1977-01-19,8.441
1977-01-20,8.39
1977-01-21,8.358
1977-01-22,8.334
1977-01-24,8.34
1977-01-25,8.343
1977-01-26,8.345
1977-01-27,8.321
1977-01-28,8.324
1977-01-29,8.327
1977-01-31,8.334
1977-02-01,8.337
1977-02-02,8.34
1977-02-03,8.344
1977-02-04,8.347
1977-02-05,8.349
1977-02-07,8.303
1977-02-08,8.254
1977-02-09,8.257
1977-02-10,8.26
1977-02-12,8.267
1977-02-14,8.22
1977-02-15,8.159
1977-02-16,8.099
1977-02-17,8.102
1977-02-18,8.105
1977-02-21,8.087
1977-02-22,8.089
1977-02-23,8.092
1977-02-24,8.095
1977-02-25,8.098
1977-02-26,8.101
1977-02-28,8.106
1977-03-01,8.109
1977-03-02,8.112
1977-03-03,8.116
1977-03-04,8.119
1977-03-05,8.122
1977-03-07,8.128
1977-03-08,8.131
1977-03-09,8.134
1977-03-10,8.137
1977-03-11,8.139
1977-03-12,8.141
1977-03-14,8.148
1977-03-15,8.15
1977-03-16,8.153
1977-03-17,8.156
1977-03-18,8.159
1977-03-22,8.17
1977-03-23,8.173
1977-03-24,8.15
1977-03-25,8.152
1977-03-26,8.155
1977-03-28,8.159
1977-03-29,8.163
1977-03-30,8.165
1977-03-31,8.168
1977-04-01,8.044
1977-04-02,7.996
1977-04-04,7.949
1977-04-05,7.852
1977-04-06,7.852
1977-04-07,7.853
1977-04-08,7.855
1977-04-09,7.857
1977-04-11,7.911
1977-04-12,7.812
1977-04-13,7.762
1977-04-14,7.761
1977-04-15,7.762
1977-04-18,7.664
1977-04-19,7.612
1977-04-20,7.612
1977-04-21,7.615
1977-04-22,7.617
1977-04-23,7.619
1977-04-25,7.624
1977-04-26,7.522
1977-04-27,7.522
1977-04-28,7.474
1977-04-30,7.477
1977-05-02,7.481
1977-05-04,7.481
1977-05-06,7.479
1977-05-07,7.481
1977-05-09,7.485
1977-05-10,7.486
1977-05-11,7.488
1977-05-12,7.489
1977-05-13,7.491
1977-05-14,7.495
1977-05-16,7.495
1977-05-17,7.447
1977-05-18,7.355
1977-05-19,7.355
1977-05-20,7.34
1977-05-23,7.202
1977-05-24,7.204
1977-05-25,7.205
1977-05-26,7.199
1977-05-27,7.203
1977-05-28,7.204
1977-05-30,7.215
1977-05-31,7.146
1977-06-01,7.147
1977-06-02,7.149
1977-06-03,7.151
1977-06-04,7.153
1977-06-06,7.147
1977-06-07,7.141
1977-06-08,7.077
1977-06-09,7.086
1977-06-10,7.088
1977-06-11,7.089
1977-06-13,7.092
1977-06-14,7.094
1977-06-15,7.095
1977-06-16,7.097
1977-06-17,7.098
1977-06-20,7.102
1977-06-21,7.104
1977-06-22,7.105
1977-06-23,7.107
1977-06-24,7.108
1977-06-25,7.11
1977-06-27,7.113
1977-06-28,7.115
1977-06-29,7.043
1977-06-30,7.026
1977-07-01,6.999
1977-07-02,7.003
1977-07-04,6.958
1977-07-05,6.923
1977-07-06,6.895
1977-07-07,6.896
1977-07-08,6.897
1977-07-09,6.895
1977-07-11,6.851
1977-07-12,6.802
1977-07-13,6.785
1977-07-14,6.76
1977-07-15,6.743
1977-07-18,6.647
1977-07-19,6.626
1977-07-20,6.543
1977-07-21,6.534
1977-07-22,6.535
1977-07-23,6.531
1977-07-25,6.531
1977-07-26,6.531
1977-07-27,6.532
1977-07-28,6.532
1977-07-29,6.529
1977-07-30,6.528
1977-08-01,6.535
1977-08-02,6.535
1977-08-03,6.536
1977-08-04,6.536
1977-08-05,6.53
1977-08-06,6.527
1977-08-08,6.549
1977-08-09,6.549
1977-08-10,6.552
1977-08-11,6.556
1977-08-12,6.559
1977-08-13,6.559
1977-08-15,6.56
1977-08-16,6.561
1977-08-17,6.608
1977-08-18,6.629
1977-08-19,6.63
1977-08-22,6.62
1977-08-23,6.644
1977-08-24,6.638
1977-08-25,6.649
1977-08-26,6.65
1977-08-27,6.65
1977-08-29,6.651
1977-08-30,6.637
1977-08-31,6.621
1977-09-01,6.622
1977-09-02,6.623
1977-09-03,6.623
1977-09-05,6.625
1977-09-06,6.625
1977-09-07,6.648
1977-09-08,6.675
1977-09-09,6.678
1977-09-10,6.671
1977-09-12,6.695
1977-09-13,6.695
1977-09-14,6.708
1977-09-16,6.709
1977-09-19,6.711
1977-09-20,6.711
1977-09-21,6.712
1977-09-22,6.712
1977-09-24,6.713
1977-09-26,6.714
1977-09-27,6.715
1977-09-28,6.716
1977-09-29,6.716
1977-09-30,6.717
1977-10-01,6.717
1977-10-03,6.718
1977-10-04,6.719
1977-10-05,6.72
1977-10-06,6.723
1977-10-07,6.727
1977-10-08,6.726
1977-10-11,6.727
1977-10-12,6.775
1977-10-13,6.776
1977-10-14,6.776
1977-10-17,6.776
1977-10-18,6.777
1977-10-19,6.777
1977-10-20,6.778
1977-10-21,6.792
1977-10-22,6.793
1977-10-24,6.78
1977-10-25,6.752
1977-10-26,6.745
1977-10-27,6.668
1977-10-28,6.655
1977-10-29,6.494
1977-10-31,6.49
1977-11-01,6.482
1977-11-02,6.483
1977-11-04,6.483
1977-11-05,6.483
1977-11-07,6.483
1977-11-08,6.484
1977-11-09,6.484
1977-11-10,6.484
1977-11-11,6.484
1977-11-12,6.484
1977-11-14,6.487
1977-11-15,6.487
1977-11-16,6.458
1977-11-17,6.451
1977-11-18,6.451
1977-11-21,6.471
1977-11-22,6.477
1977-11-24,6.464
1977-11-25,6.45
1977-11-26,6.45
1977-11-28,6.449
1977-11-29,6.436
1977-11-30,6.422
1977-12-01,6.409
1977-12-02,6.409
1977-12-03,6.408
1977-12-05,6.408
1977-12-06,6.414
1977-12-07,6.396
1977-12-08,6.395
1977-12-09,6.395
1977-12-10,6.394
1977-12-12,6.393
1977-12-13,6.438
1977-12-14,6.482
1977-12-15,6.482
1977-12-16,6.39
1977-12-19,6.389
1977-12-20,6.368
1977-12-21,6.346
1977-12-22,6.325
1977-12-23,6.309
1977-12-24,6.297
1977-12-26,6.197
1977-12-27,6.15
1977-12-28,6.105
1978-01-04,6.097
1978-01-05,6.096
1978-01-06,6.095
1978-01-07,6.094
1978-01-09,6.091
1978-01-10,6.09
1978-01-11,6.089
1978-01-12,6.088
1978-01-13,6.087
1978-01-14,6.086
1978-01-17,5.987
1978-01-18,5.874
1978-01-19,5.872
1978-01-20,5.87
1978-01-23,5.865
1978-01-24,5.863
1978-01-25,5.864
1978-01-26,5.866
1978-01-27,5.868
1978-01-28,5.868
1978-01-30,5.642
1978-01-31,5.64
1978-02-01,5.638
1978-02-02,5.636
1978-02-03,5.634
1978-02-04,5.641
1978-02-06,5.638
1978-02-07,5.72
1978-02-08,5.673
1978-02-09,5.713
1978-02-10,5.71
1978-02-13,5.705
1978-02-14,5.707
1978-02-15,5.781
1978-02-16,5.822
1978-02-17,5.82
1978-02-20,5.88
1978-02-21,5.897
1978-02-22,5.864
1978-02-23,5.858
1978-02-24,5.825
1978-02-25,5.792
1978-02-27,5.707
1978-02-28,5.69
1978-03-01,5.688
1978-03-02,5.686
1978-03-03,5.694
1978-03-04,5.69
1978-03-06,5.686
1978-03-07,5.684
1978-03-08,5.672
1978-03-09,5.667
1978-03-10,5.658
1978-03-11,5.656
1978-03-13,5.636
1978-03-14,5.639
1978-03-15,5.629
1978-03-16,5.615
1978-03-17,5.61
1978-03-20,5.597
1978-03-22,5.593
1978-03-23,5.59
1978-03-24,5.597
1978-03-25,5.577
1978-03-27,5.572
1978-03-28,5.569
1978-03-29,5.567
1978-03-30,5.564
1978-03-31,5.559
1978-04-01,5.556
1978-04-03,5.547
1978-04-04,5.514
1978-04-05,5.493
1978-04-06,5.466
1978-04-07,5.48
1978-04-08,5.512
1978-04-10,5.523
1978-04-11,5.536
1978-04-12,5.531
1978-04-13,5.529
1978-04-14,5.526
1978-04-17,5.517
1978-04-18,5.514
1978-04-19,5.511
1978-04-20,5.52
1978-04-21,5.534
1978-04-22,5.532
1978-04-24,5.544
1978-04-25,5.541
1978-04-26,5.538
1978-04-27,5.536
1978-04-28,5.533
1978-05-01,5.525
1978-05-02,5.522
1978-05-04,5.516
1978-05-06,5.511
1978-05-08,5.505
1978-05-09,5.502
1978-05-10,5.499
1978-05-11,5.496
1978-05-12,5.489
1978-05-13,5.486
1978-05-15,5.48
1978-05-16,5.401
1978-05-17,5.398
1978-05-18,5.395
1978-05-19,5.391
1979-08-22,7.632
1979-08-23,7.632
1979-08-24,7.632
1979-08-25,7.683
1979-08-27,7.683
1979-08-28,7.683
1979-08-29,7.735
1979-08-30,7.735
1979-08-31,7.735
1979-09-01,7.735
1979-09-03,7.735
1979-09-04,7.735
1979-09-05,7.732
1979-09-06,7.732
1979-09-07,7.732
1979-09-08,7.732
1979-09-10,7.732
1979-09-11,7.732
1979-09-12,7.733
1979-09-13,7.733
1979-09-14,7.733
1979-09-17,7.733
1979-09-18,7.733
1979-09-19,7.734
1979-09-20,7.734
1979-09-21,7.734
1979-09-22,7.734
1979-09-25,7.735
1979-09-26,7.735
1979-09-27,7.735
1979-09-28,7.735
1979-09-29,7.736
1979-10-01,7.736
1979-10-02,7.736
1979-10-03,7.736
1979-10-04,7.737
1979-10-05,7.737
1979-10-06,7.737
1979-10-08,7.738
1979-10-09,7.817
1979-10-11,7.871
1979-10-12,7.95
1979-10-13,8.031
1979-10-15,8.035
1979-10-16,8.089
1979-10-17,8.09
1979-10-18,8.106
1979-10-19,8.085
1979-10-22,8.087
1979-10-23,8.169
1979-10-24,8.225
1979-10-25,8.251
1979-10-26,8.252
1979-10-27,8.253
1979-10-29,8.255
1979-10-30,8.256
1979-10-31,8.257
1979-11-01,8.258
1979-11-02,8.259
1979-11-05,8.262
1979-11-06,8.263
1979-11-07,8.264
1979-11-08,8.319
1979-11-09,8.375
1979-11-10,8.376
1979-11-12,8.378
1979-11-13,8.379
1979-11-14,8.435
1979-11-15,8.436
1979-11-16,8.437
1979-11-19,8.439
1979-11-20,8.437
1979-11-21,8.449
1979-11-22,8.44
1979-11-24,8.504
1979-11-26,8.514
1979-11-27,8.516
1979-11-28,8.517
1979-11-29,8.518
1979-11-30,8.515
1979-12-01,8.516
1979-12-03,8.519
1979-12-04,8.52
1979-12-05,8.522
1979-12-06,8.523
1979-12-07,8.525
1979-12-08,8.526
1979-12-10,8.529
1979-12-11,8.53
1979-12-12,8.532
1979-12-13,8.533
1979-12-14,8.535
1979-12-17,8.539
1979-12-18,8.541
1979-12-19,8.542
1979-12-20,8.544
1979-12-21,8.545
1979-12-22,8.547
1979-12-24,8.55
1979-12-25,8.551
1979-12-26,8.553
1979-12-27,8.554
1979-12-28,8.556
1980-01-04,8.567
1980-01-05,8.568
1980-01-07,8.572
1980-01-08,8.498
1980-01-09,8.5
1980-01-10,8.501
1980-01-11,8.503
1980-01-12,8.505
1980-01-14,8.508
1980-01-16,8.512
1980-01-17,8.394
1980-01-18,8.396
1980-01-21,8.401
1980-01-22,8.404
1980-01-23,8.406
1980-01-24,8.408
1980-01-25,8.41
1980-01-26,8.411
1980-01-28,8.415
1980-01-29,8.417
1980-01-30,8.419
1980-01-31,8.421
1980-02-01,8.422
1980-02-02,8.424
1980-02-04,8.428
1980-02-05,8.43
1980-02-06,8.431
1980-02-07,8.516
1980-02-08,8.546
1980-02-09,8.548
1980-02-12,8.554
1980-02-13,8.612
1980-02-14,8.614
1980-02-15,8.672
1980-02-18,8.764
1980-02-19,8.885
1980-02-20,8.986
1980-02-21,9.174
1980-02-22,9.326
1980-02-23,9.333
1980-02-25,9.338
1980-02-26,9.335
1980-02-27,9.337
1980-02-28,9.34
1980-02-29,9.329
1980-03-01,9.332
1980-03-03,9.34
1980-03-04,9.737
1980-03-05,9.74
1980-03-06,9.742
1980-03-07,10.021
1980-03-08,10.309
1980-03-10,10.596
1980-03-11,10.87
1980-03-12,10.874
1980-03-13,10.878
1980-03-14,10.882
1980-03-17,10.894
1980-03-18,10.897
1980-03-19,10.901
1980-03-21,10.909
1980-03-22,10.913
1980-03-24,10.921
1980-03-25,10.912
1980-03-26,10.916
1980-03-27,10.92
1980-03-28,10.924
1980-03-29,10.929
1980-03-31,10.937
1980-04-01,11.236
1980-04-02,11.536
1980-04-03,11.84
1980-04-04,12.145
1980-04-05,12.116
1980-04-07,12.127
1980-04-08,12.133
1980-04-09,12.139
1980-04-10,12.084
1980-04-11,11.969
1980-04-12,11.854
1980-04-14,11.865
1980-04-15,11.873
1980-04-16,11.878
1980-04-17,11.884
1980-04-18,11.889
1980-04-21,11.906
1980-04-22,11.732
1980-04-23,11.559
1980-04-24,11.384
1980-04-25,10.799
1980-04-26,10.804
1980-04-28,10.814
1980-04-30,10.823
1980-05-01,10.726
1980-05-02,10.637
1980-05-06,10.459
1980-05-07,10.185
1980-05-08,9.998
1980-05-09,9.817
1980-05-10,9.724
1980-05-12,9.542
1980-05-13,9.447
1980-05-14,9.359
1980-05-15,9.265
1980-05-16,9.172
1980-05-19,9.181
1980-05-20,9.177
1980-05-21,9.234
1980-05-22,9.245
1980-05-23,9.223
1980-05-24,9.227
1980-05-26,9.128
1980-05-27,9.036
1980-05-28,9.039
1980-05-29,9.042
1980-05-30,9.045
1980-05-31,9.027
1980-06-02,9.033
1980-06-03,8.936
1980-06-04,8.934
1980-06-05,8.838
1980-06-06,8.841
1980-06-07,8.844
1980-06-09,8.85
1980-06-10,8.855
1980-06-11,8.862
1980-06-12,8.846
1980-06-13,8.845
1980-06-14,8.848
1980-06-16,8.86
1980-06-17,8.761
1980-06-18,8.764
1980-06-19,8.767
1980-06-20,8.77
1980-06-23,8.778
1980-06-24,8.781
1980-06-25,8.784
1980-06-26,8.787
1980-06-27,8.789
1980-06-28,8.792
1980-06-30,8.798
1980-07-01,8.801
1980-07-02,8.804
1980-07-03,8.806
1980-07-04,8.808
1980-07-05,8.811
1980-07-07,8.816
1980-07-08,8.819
1980-07-09,8.823
1980-07-10,8.826
1980-07-11,8.83
1980-07-12,8.833
1980-07-14,8.839
1980-07-15,8.863
1980-07-16,8.867
1980-07-17,8.87
1980-07-18,8.91
1980-07-21,8.961
1980-07-22,8.998
1980-07-23,9.045
1980-07-24,9.092
1980-07-25,9.095
1980-07-26,9.135
1980-07-28,9.18
1980-07-29,9.184
1980-07-30,9.187
1980-07-31,9.191
1980-08-01,9.194
1980-08-02,9.232
1980-08-04,9.321
1980-08-05,9.325
1980-08-06,9.329
1980-08-07,9.332
1980-08-08,9.336
1980-08-09,9.369
1980-08-11,9.376
1980-08-12,9.38
1980-08-13,9.384
1980-08-14,9.388
1980-08-15,9.392
1980-08-18,9.404
1980-08-19,9.408
1980-08-20,9.405
1980-08-21,9.336
1980-08-22,9.379
1980-08-23,9.382
1980-08-25,9.388
1980-08-26,9.392
1980-08-27,9.395
1980-08-28,9.398
1980-08-29,9.431
1980-08-30,9.435
1980-09-01,9.441
1980-09-02,9.472
1980-09-03,9.476
1980-09-04,9.381
1980-09-05,9.384
1980-09-06,9.387
1980-09-08,9.394
1980-09-09,9.332
1980-09-10,9.336
1980-09-11,9.333
1980-09-12,9.38
1980-09-13,9.383
1980-09-16,9.408
1980-09-17,9.471
1980-09-18,9.474
1980-09-19,9.478
1980-09-22,9.489
1980-09-24,9.549
1980-09-25,9.553
1980-09-26,9.557
1980-09-27,9.56
1980-09-29,9.544
1980-09-30,9.548
1980-10-01,9.659
1980-10-02,9.662
1980-10-03,9.666
1980-10-04,9.67
1980-10-06,9.678
1980-10-07,9.682
1980-10-08,9.686
1980-10-09,9.69
1980-10-11,9.698
1980-10-13,9.706
1980-10-14,9.71
1980-10-15,9.66
1980-10-16,9.57
1980-10-17,9.573
1980-10-20,9.39
1980-10-21,9.393
1980-10-22,9.397
1980-10-23,9.401
1980-10-24,9.297
1980-10-25,9.301
1980-10-27,9.308
1980-10-28,9.312
1980-10-29,9.316
1980-10-30,9.319
1980-10-31,9.323
1980-11-01,9.326
1980-11-04,9.302
1980-11-05,9.3
1980-11-06,9.304
1980-11-07,9.302
1980-11-08,9.306
1980-11-10,9.302
1980-11-11,9.305
1980-11-12,9.303
1980-11-13,9.307
1980-11-14,9.305
1980-11-17,9.305
1980-11-18,9.309
1980-11-19,9.312
1980-11-20,9.328
1980-11-21,9.245
1980-11-22,9.306
1980-11-25,9.397
1980-11-26,9.485
1980-11-27,9.578
1980-11-28,9.673
1980-11-29,9.67
1980-12-01,9.677
1980-12-02,9.681
1980-12-03,9.684
1980-12-04,9.687
1980-12-05,9.685
1980-12-06,9.689
1980-12-08,9.696
1980-12-09,9.7
1980-12-10,9.705
1980-12-11,9.705
1980-12-12,9.706
1980-12-13,9.709
1980-12-15,9.716
1980-12-16,9.72
1980-12-17,9.723
1980-12-18,9.727
1980-12-19,9.73
1980-12-22,9.74
1980-12-23,9.744
1980-12-24,9.746
1980-12-25,9.75
1980-12-26,9.753
1980-12-27,9.757
1981-01-05,9.735
1981-01-06,9.649
1981-01-07,9.653
1981-01-08,9.169
1981-01-09,8.98
1981-01-10,8.984
1981-01-12,8.837
1981-01-13,8.84
1981-01-14,8.843
1981-01-16,8.884
1981-01-19,8.915
1981-01-20,8.918
1981-01-21,8.921
1981-01-22,8.885
1981-01-23,8.888
1981-01-24,8.869
1981-01-26,8.875
1981-01-27,8.85
1981-01-28,8.825
1981-01-29,8.75
1981-01-30,8.753
1981-01-31,8.653
1981-02-02,8.659
1981-02-03,8.656
1981-02-04,8.659
1981-02-05,8.559
1981-02-06,8.562
1981-02-07,8.566
1981-02-09,8.572
1981-02-10,8.608
1981-02-12,8.614
1981-02-13,8.707
1981-02-14,8.71
1981-02-16,8.75
1981-02-17,8.753
1981-02-18,8.756
1981-02-19,8.713
1981-02-20,8.727
1981-02-23,8.742
1981-02-24,8.744
1981-02-25,8.747
1981-02-26,8.75
1981-02-27,8.752
1981-02-28,8.754
1981-03-02,8.749
1981-03-03,8.751
1981-03-04,8.753
1981-03-05,8.704
1981-03-06,8.706
1981-03-07,8.627
1981-03-09,8.61
1981-03-10,8.557
1981-03-11,8.531
1981-03-12,8.481
1981-03-13,8.387
1981-03-14,8.34
1981-03-16,8.152
1981-03-17,8.15
1981-03-18,8.106
1981-03-19,8.098
1981-03-20,8.095
1981-03-23,8.097
1981-03-24,8.099
1981-03-25,8.101
1981-03-26,8.098
1981-03-27,8.104
1981-03-28,8.007
1981-03-30,8.006
1981-03-31,8.008
1981-04-01,8.013
1981-04-02,7.874
1981-04-03,7.876
1981-04-04,7.878
1981-04-06,7.882
1981-04-07,7.885
1981-04-08,7.875
1981-04-09,7.878
1981-04-10,7.88
1981-04-11,7.882
1981-04-13,7.971
1981-04-14,7.973
1981-04-15,7.975
1981-04-16,7.977
1981-04-17,7.979
1981-04-20,7.986
1981-04-21,7.988
1981-04-22,7.991
1981-04-23,7.993
1981-04-24,7.996
1981-04-25,7.998
1981-04-27,8.003
1981-04-28,8.005
1981-04-30,8.026
1981-05-01,8.056
1981-05-02,8.058
1981-05-06,8.061
1981-05-07,8.107
1981-05-08,8.126
1981-05-09,8.128
1981-05-11,8.133
1981-05-12,8.219
1981-05-13,8.317
1981-05-14,8.454
1981-05-15,8.502
1981-05-18,8.51
1981-05-19,8.513
1981-05-20,8.488
1981-05-21,8.511
1981-05-22,8.69
1981-05-23,8.697
1981-05-25,8.702
1981-05-26,8.705
1981-05-27,8.697
1981-05-28,8.699
1981-05-29,8.701
1981-05-30,8.702
1981-06-01,8.705
1981-06-02,8.702
1981-06-03,8.705
1981-06-04,8.708
1981-06-05,8.745
1981-06-06,8.748
1981-06-08,8.754
1981-06-09,8.756
1981-06-10,8.758
1981-06-11,8.761
1981-06-12,8.763
1981-06-13,8.766
1981-06-15,8.756
1981-06-16,8.757
1981-06-17,8.759
1981-06-18,8.762
1981-06-19,8.765
1981-06-22,8.772
1981-06-23,8.752
1981-06-24,8.754
1981-06-25,8.757
1981-06-26,8.759
1981-06-27,8.664
1981-06-29,8.669
1981-06-30,8.613
1981-07-01,8.615
1981-07-02,8.522
1981-07-03,8.524
1981-07-04,8.527
1981-07-06,8.526
1981-07-07,8.522
1981-07-08,8.524
1981-07-09,8.525
1981-07-10,8.527
1981-07-11,8.523
1981-07-13,8.527
1981-07-14,8.524
1981-07-15,8.526
1981-07-16,8.528
1981-07-17,8.525
1981-07-20,8.525
1981-07-21,8.528
1981-07-22,8.53
1981-07-23,8.43
1981-07-24,8.432
1981-07-25,8.434
1981-07-27,8.432
1981-07-28,8.432
1981-07-29,8.475
1981-07-30,8.477
1981-07-31,8.474
1981-08-01,8.473
1981-08-03,8.521
1981-08-04,8.523
1981-08-05,8.526
1981-08-06,8.528
1981-08-07,8.531
1981-08-08,8.533
1981-08-10,8.538
1981-08-11,8.541
1981-08-12,8.526
1981-08-13,8.528
1981-08-14,8.531
1981-08-17,8.527
1981-08-18,8.53
1981-08-19,8.533
1981-08-20,8.517
1981-08-21,8.464
1981-08-22,8.465
1981-08-24,8.502
1981-08-25,8.503
1981-08-26,8.503
1981-08-27,8.503
1981-08-28,8.625
1981-08-29,8.628
1981-08-31,8.622
1981-09-01,8.625
1981-09-02,8.628
1981-09-03,8.572
1981-09-04,8.578
1981-09-05,8.582
1981-09-07,8.492
1981-09-08,8.498
1981-09-09,8.5
1981-09-10,8.502
1981-09-11,8.504
1981-09-12,8.51
1981-09-14,8.51
1981-09-16,8.461
1981-09-17,8.462
1981-09-18,8.466
1981-09-21,8.467
1981-09-22,8.462
1981-09-24,8.464
1981-09-25,8.465
1981-09-26,8.463
1981-09-28,8.468
1981-09-29,8.471
1981-09-30,8.474
1981-10-01,8.471
1981-10-02,8.477
1981-10-03,8.479
1981-10-05,8.427
1981-10-06,8.43
1981-10-07,8.431
1981-10-08,8.433
1981-10-09,8.381
1981-10-12,8.388
1981-10-13,8.333
1981-10-14,8.336
1981-10-15,8.332
1981-10-16,8.333
1981-10-19,8.334
1981-10-20,8.336
1981-10-21,8.338
1981-10-22,8.339
1981-10-23,8.341
1981-10-24,8.344
1981-10-26,8.349
1981-10-27,8.341
1981-10-28,8.343
1981-10-29,8.346
1981-10-30,8.348
1981-10-31,8.25
1981-11-02,8.25
1981-11-04,8.25
1981-11-05,8.253
1981-11-06,8.205
1981-11-07,8.208
1981-11-09,8.213
1981-11-10,8.21
1981-11-11,8.213
1981-11-12,8.166
1981-11-13,8.124
1981-11-14,8.12
1981-11-16,8.123
1981-11-17,8.125
1981-11-18,8.121
1981-11-19,8.034
1981-11-20,8.048
1981-11-24,7.967
1981-11-25,7.973
1981-11-26,7.968
1981-11-27,7.92
1981-11-28,7.92
1981-11-30,7.917
1981-12-01,7.918
1981-12-02,7.855
1981-12-03,7.746
1981-12-04,7.658
1981-12-05,7.658
1981-12-07,7.642
1981-12-08,7.608
1981-12-09,7.584
1981-12-10,7.557
1981-12-11,7.558
1981-12-12,7.558
1981-12-14,7.578
1981-12-15,7.578
1981-12-16,7.579
1981-12-17,7.578
1981-12-18,7.579
1981-12-21,7.607
1981-12-22,7.607
1981-12-23,7.558
1981-12-24,7.559
1981-12-25,7.559
1981-12-26,7.56
1981-12-28,7.514
1982-01-04,7.497
1982-01-05,7.497
1982-01-06,7.498
1982-01-07,7.474
1982-01-08,7.414
1982-01-09,7.362
1982-01-11,7.312
1982-01-12,7.312
1982-01-13,7.312
1982-01-14,7.313
1982-01-18,7.312
1982-01-19,7.343
1982-01-20,7.343
1982-01-21,7.364
1982-01-22,7.364
1982-01-23,7.364
1982-01-25,7.411
1982-01-26,7.459
1982-01-27,7.459
1982-01-28,7.46
1982-01-29,7.461
1982-01-30,7.435
1982-02-01,7.437
1982-02-02,7.469
1982-02-03,7.535
1982-02-04,7.535
1982-02-05,7.535
1982-02-06,7.536
1982-02-08,7.537
1982-02-09,7.587
1982-02-10,7.614
1982-02-12,7.636
1982-02-13,7.637
1982-02-15,7.637
1982-02-16,7.638
1982-02-17,7.622
1982-02-18,7.589
1982-02-19,7.503
1982-02-22,7.401
1982-02-23,7.418
1982-02-24,7.419
1982-02-25,7.421
1982-02-26,7.42
1982-02-27,7.419
1982-03-01,7.425
1982-03-02,7.387
1982-03-03,7.334
1982-03-04,7.308
1982-03-05,7.224
1982-03-06,7.227
1982-03-08,7.139
1982-03-09,7.131
1982-03-10,7.128
1982-03-11,7.126
1982-03-12,7.126
1982-03-13,7.126
1982-03-15,7.124
1982-03-16,7.079
1982-03-17,7.082
1982-03-18,7.039
1982-03-19,7.036
1982-03-23,7.079
1982-03-24,7.079
1982-03-25,7.079
1982-03-26,7.084
1982-03-27,7.084
1982-03-29,7.128
1982-03-30,7.128
1982-03-31,7.128
1982-04-01,7.19
1982-04-02,7.19
1982-04-03,7.189
1982-04-05,7.188
1982-04-06,7.215
1982-04-07,7.214
1982-04-08,7.214
1982-04-09,7.213
1982-04-10,7.213
1982-04-12,7.212
1982-04-13,7.19
1982-04-14,7.19
1982-04-15,7.19
1982-04-16,7.139
1982-04-19,7.138
1982-04-20,7.139
1982-04-21,7.124
1982-04-22,7.123
1982-04-23,7.123
1982-04-24,7.123
1982-04-26,7.122
1982-04-27,7.122
1982-04-28,7.121
1982-04-30,7.12
1982-05-01,7.113
1982-05-04,7.112
1982-05-06,7.111
1982-05-07,7.079
1982-05-08,7.078
1982-05-10,7.077
1982-05-11,7.082
1982-05-12,7.081
1982-05-13,7.08
1982-05-14,7.101
1982-05-17,7.11
1982-05-18,7.169
1982-05-19,7.217
1982-05-20,7.214
1982-05-21,7.218
1982-05-22,7.22
1982-05-24,7.26
1982-05-25,7.351
1982-05-26,7.444
1982-05-27,7.538
1982-05-28,7.538
1982-05-29,7.555
1982-05-31,7.597
1982-06-01,7.641
1982-06-02,7.693
1982-06-03,7.778
1982-06-04,7.844
1982-06-05,7.913
1982-06-07,7.913
1982-06-08,7.914
1982-06-09,7.962
1982-06-10,7.96
1982-06-11,7.962
1982-06-12,7.964
1982-06-14,7.966
1982-06-15,7.965
1982-06-16,7.961
1982-06-17,8.036
1982-06-18,8.05
1982-06-21,8.051
1982-06-22,8.051
1982-06-23,8.053
1982-06-24,8.057
1982-06-25,8.104
1982-06-26,8.103
1982-06-28,8.134
1982-06-29,8.135
1982-06-30,8.138
1982-07-01,8.153
1982-07-02,8.157
1982-07-03,8.159
1982-07-05,8.163
1982-07-06,8.164
1982-07-07,8.165
1982-07-08,8.166
1982-07-09,8.169
1982-07-10,8.124
1982-07-12,8.078
1982-07-13,8.064
1982-07-14,8.065
1982-07-15,8.066
1982-07-16,8.081
1982-07-19,8.038
1982-07-20,8.039
1982-07-21,8.04
1982-07-22,7.99
1982-07-23,7.992
1982-07-24,7.993
1982-07-26,7.994
1982-07-27,7.994
1982-07-28,7.995
1982-07-29,7.996
1982-07-30,7.998
1982-07-31,7.999
1982-08-02,8.001
1982-08-03,7.969
1982-08-04,7.97
1982-08-05,7.97
1982-08-06,7.97
1982-08-07,7.998
1982-08-09,8
1982-08-10,8
1982-08-11,8.05
1982-08-12,8.095
1982-08-13,8.097
1982-08-14,8.098
1982-08-16,8.1
1982-08-17,8.101
1982-08-18,8.053
1982-08-19,7.96
1982-08-20,7.941
1982-08-23,7.959
1982-08-24,7.967
1982-08-25,7.994
1982-08-26,7.969
1982-08-27,7.967
1982-08-28,7.967
1982-08-30,7.967
1982-08-31,7.986
1982-09-01,7.956
1982-09-02,7.956
1982-09-03,7.956
1982-09-04,7.957
1982-09-06,7.958
1982-09-07,7.959
1982-09-08,7.959
1982-09-09,7.96
1982-09-10,7.97
1982-09-11,7.988
1982-09-13,7.99
1982-09-14,7.99
1982-09-16,8.005
1982-09-17,8.006
1982-09-20,8.016
1982-09-21,8.045
1982-09-22,8.037
1982-09-24,8.02
1982-09-25,8.02
1982-09-27,8.022
1982-09-28,8.055
1982-09-29,8.027
1982-09-30,8.028
1982-10-01,8.028
1982-10-02,8.049
1982-10-04,8.055
1982-10-05,8.087
1982-10-06,8.113
1982-10-07,8.099
1982-10-08,8.056
1982-10-09,8.037
1982-10-12,8.049
1982-10-13,8.054
1982-10-14,8.055
1982-10-15,8.056
1982-10-18,8.042
1982-10-19,8.043
1982-10-20,8.043
1982-10-21,8.033
1982-10-22,8.013
1982-10-23,8.014
1982-10-25,8.015
1982-10-26,8.015
1982-10-27,8.016
1982-10-28,8.016
1982-10-29,8.001
1982-10-30,7.991
1982-11-01,7.991
1982-11-02,7.969
1982-11-04,7.97
1982-11-05,7.971
1982-11-06,7.956
1982-11-08,7.957
1982-11-09,7.931
1982-11-10,7.932
1982-11-11,7.932
1982-11-12,7.933
1982-11-13,7.934
1982-11-15,7.935
1982-11-16,7.935
1982-11-17,7.936
1982-11-18,7.937
1982-11-19,7.943
1982-11-22,7.837
1982-11-24,7.837
1982-11-25,7.84
1982-11-26,7.84
1982-11-27,7.826
1982-11-29,7.795
1982-11-30,7.75
1982-12-01,7.624
1982-12-02,7.536
1982-12-03,7.518
1982-12-04,7.503
1982-12-06,7.514
1982-12-07,7.428
1982-12-08,7.304
1982-12-09,7.317
1982-12-10,7.402
1982-12-11,7.403
1982-12-13,7.42
1982-12-14,7.401
1982-12-15,7.342
1982-12-16,7.282
1982-12-17,7.299
1982-12-20,7.257
1982-12-21,7.239
1982-12-22,7.116
1982-12-23,7.116
1982-12-24,7.015
1982-12-25,7.065
1982-12-27,7.063
1982-12-28,7.065
1983-01-04,6.917
1983-01-05,6.922
1983-01-06,6.941
1983-01-07,6.939
1983-01-08,6.938
1983-01-10,6.871
1983-01-11,6.824
1983-01-12,6.808
1983-01-13,6.729
1983-01-14,6.698
1983-01-17,6.699
1983-01-18,6.719
1983-01-19,6.8
1983-01-20,6.856
1983-01-21,6.918
1983-01-22,7.106
1983-01-24,7.298
1983-01-25,7.348
1983-01-26,7.16
1983-01-27,7.164
1983-01-28,7.061
1983-01-29,7.091
1983-01-31,7.143
1983-02-01,7.143
1983-02-02,7.063
1983-02-03,7.069
1983-02-04,7.068
1983-02-05,7.068
1983-02-07,7.067
1983-02-08,7.05
1983-02-09,7.034
1983-02-10,7.024
1983-02-12,7.007
1983-02-14,6.99
1983-02-15,6.968
1983-02-16,6.941
1983-02-17,6.951
1983-02-18,6.998
1983-02-21,7.016
1983-02-22,7.035
1983-02-23,7.06
1983-02-24,7.03
1983-02-25,6.996
1983-02-26,6.956
1983-02-28,6.957
1983-03-01,6.981
1983-03-02,6.981
1983-03-03,6.98
1983-03-04,7.008
1983-03-05,7.023
1983-03-07,7.027
1983-03-08,7.065
1983-03-09,7.115
1983-03-10,7.112
1983-03-11,7.15
1983-03-12,7.177
1983-03-14,7.175
1983-03-15,7.176
1983-03-16,7.156
1983-03-17,7.161
1983-03-18,7.092
1983-03-22,7.05
1983-03-23,7.05
1983-03-24,7.05
1983-03-25,7.005
1983-03-26,7.002
1983-03-28,7
1983-03-29,7.004
1983-03-30,7.003
1983-03-31,7.002
1983-04-01,6.979
1983-04-02,6.958
1983-04-04,6.961
1983-04-05,6.96
1983-04-06,6.959
1983-04-07,6.929
1983-04-08,6.929
1983-04-09,6.907
1983-04-11,6.911
1983-04-12,6.888
1983-04-13,6.885
1983-04-14,6.889
1983-04-15,6.888
1983-04-18,6.89
1983-04-19,6.889
1983-04-20,6.888
1983-04-21,6.907
1983-04-22,6.892
1983-04-23,6.891
1983-04-25,6.864
1983-04-26,6.863
1983-04-27,6.862
1983-04-28,6.845
1983-04-30,6.843
1983-05-02,6.846
1983-05-04,6.829
1983-05-06,6.799
1983-05-07,6.771
1983-05-09,6.754
1983-05-10,6.753
1983-05-11,6.752
1983-05-12,6.771
1983-05-13,6.77
1983-05-14,6.774
1983-05-16,6.794
1983-05-17,6.804
1983-05-18,6.824
1983-05-19,6.834
1983-05-20,6.814
1983-05-23,6.931
1983-05-24,6.946
1983-05-25,6.928
1983-05-26,6.926
1983-05-27,6.955
1983-05-28,6.971
1983-05-30,6.989
1983-05-31,6.989
1983-06-01,7.017
1983-06-02,6.993
1983-06-03,6.993
1983-06-04,6.99
1983-06-06,6.976
1983-06-07,6.976
1983-06-08,7.001
1983-06-09,7.001
1983-06-10,6.976
1983-06-11,6.929
1983-06-13,6.934
1983-06-14,6.914
1983-06-15,6.91
1983-06-16,6.93
1983-06-17,6.906
1983-06-20,6.877
1983-06-21,6.866
1983-06-22,6.865
1983-06-23,6.864
1983-06-24,6.849
1983-06-25,6.839
1983-06-27,6.842
1983-06-28,6.852
1983-06-29,6.861
1983-06-30,6.851
1983-07-01,6.835
1983-07-02,6.834
1983-07-04,6.833
1983-07-05,6.837
1983-07-06,6.856
1983-07-07,6.837
1983-07-08,6.856
1983-07-09,6.855
1983-07-11,6.859
1983-07-12,6.858
1983-07-13,6.857
1983-07-14,6.862
1983-07-15,6.861
1983-07-18,6.854
1983-07-19,6.834
1983-07-20,6.829
1983-07-21,6.828
1983-07-22,6.858
1983-07-23,6.867
1983-07-25,6.885
1983-07-26,6.884
1983-07-27,6.899
1983-07-28,6.913
1983-07-29,6.955
1983-07-30,6.985
1983-08-01,7.016
1983-08-02,7.015
1983-08-03,7.015
1983-08-04,7.015
1983-08-05,7.02
1983-08-06,7.019
1983-08-08,7.018
1983-08-09,7.038
1983-08-10,7.048
1983-08-11,7.096
1983-08-12,7.079
1983-08-15,7.035
1983-08-16,7.034
1983-08-17,7.034
1983-08-18,7.022
1983-08-19,7.033
1983-08-20,7.007
1983-08-22,7.003
1983-08-23,6.977
1983-08-24,6.967
1983-08-25,6.985
1983-08-26,6.984
1983-08-27,6.984
1983-08-29,6.999
1983-08-30,6.99
1983-08-31,6.972
1983-09-01,6.976
1983-09-02,6.956
1983-09-03,6.939
1983-09-05,6.941
1983-09-06,6.922
1983-09-07,6.921
1983-09-08,6.891
1983-09-09,6.857
1983-09-12,6.834
1983-09-13,6.86
1983-09-14,6.876
1983-09-16,6.875
1983-09-17,6.852
1983-09-19,6.828
1983-09-20,6.828
1983-09-21,6.818
1983-09-22,6.817
1983-09-24,6.782
1983-09-26,6.758
1983-09-27,6.758
1983-09-28,6.784
1983-09-29,6.784
1983-09-30,6.769
1983-10-01,6.739
1983-10-03,6.713
1983-10-04,6.723
1983-10-05,6.706
1983-10-06,6.659
1983-10-07,6.638
1983-10-11,6.668
1983-10-12,6.707
1983-10-13,6.736
1983-10-14,6.801
1983-10-15,6.785
1983-10-17,6.747
1983-10-18,6.736
1983-10-19,6.766
1983-10-20,6.749
1983-10-21,6.707
1983-10-22,6.711
1983-10-24,6.698
1983-10-25,6.702
1983-10-26,6.679
1983-10-27,6.673
1983-10-28,6.651
1983-10-29,6.649
1983-10-31,6.651
1983-11-01,6.65
1983-11-02,6.643
1983-11-04,6.64
1983-11-05,6.644
1983-11-07,6.641
1983-11-08,6.644
1983-11-09,6.653
1983-11-10,6.651
1983-11-11,6.671
1983-11-14,6.672
1983-11-15,6.671
1983-11-16,6.669
1983-11-17,6.673
1983-11-18,6.646
1983-11-19,6.629
1983-11-21,6.551
1983-11-22,6.558
1983-11-24,6.576
1983-11-25,6.602
1983-11-26,6.591
1983-11-28,6.588
1983-11-29,6.592
1983-11-30,6.566
1983-12-01,6.564
1983-12-02,6.568
1983-12-03,6.567
1983-12-05,6.565
1983-12-06,6.568
1983-12-07,6.567
1983-12-08,6.53
1983-12-09,6.484
1983-12-12,6.523
1983-12-13,6.523
1983-12-14,6.53
1983-12-15,6.524
1983-12-16,6.501
1983-12-17,6.49
1983-12-19,6.492
1983-12-20,6.467
1983-12-21,6.449
1983-12-22,6.43
1983-12-23,6.404
1983-12-24,6.401
1983-12-26,6.405
1983-12-27,6.403
1983-12-28,6.383
1984-01-04,6.391
1984-01-05,6.408
1984-01-06,6.457
1984-01-07,6.441
1984-01-09,6.469
1984-01-10,6.498
1984-01-11,6.498
1984-01-12,6.461
1984-01-13,6.446
1984-01-17,6.439
1984-01-18,6.422
1984-01-19,6.37
1984-01-20,6.374
1984-01-21,6.373
1984-01-23,6.376
1984-01-24,6.375
1984-01-25,6.375
1984-01-26,6.358
1984-01-27,6.31
1984-01-28,6.293
1984-01-30,6.291
1984-01-31,6.295
1984-02-01,6.283
1984-02-02,6.292
1984-02-03,6.276
1984-02-04,6.259
1984-02-06,6.252
1984-02-07,6.23
1984-02-08,6.224
1984-02-09,6.202
1984-02-10,6.227
1984-02-13,6.24
1984-02-14,6.271
1984-02-15,6.27
1984-02-16,6.264
1984-02-17,6.253
1984-02-18,6.263
1984-02-20,6.295
1984-02-21,6.326
1984-02-22,6.328
1984-02-23,6.327
1984-02-24,6.349
1984-02-25,6.348
1984-02-27,6.37
1984-02-28,6.391
1984-02-29,6.399
1984-03-01,6.413
1984-03-02,6.414
1984-03-03,6.406
1984-03-05,6.394
1984-03-06,6.394
1984-03-07,6.382
1984-03-08,6.381
1984-03-09,6.378
1984-03-12,6.381
1984-03-13,6.386
1984-03-14,6.368
1984-03-15,6.296
1984-03-16,6.314
1984-03-17,6.314
1984-03-19,6.315
1984-03-21,6.319
1984-03-22,6.302
1984-03-23,6.304
1984-03-24,6.305
1984-03-26,6.301
1984-03-27,6.293
1984-03-28,6.286
1984-03-29,6.285
1984-03-30,6.283
1984-03-31,6.285
1984-04-02,6.256
1984-04-03,6.275
1984-04-04,6.311
1984-04-05,6.319
1984-04-06,6.352
1984-04-07,6.33
1984-04-09,6.332
1984-04-10,6.31
1984-04-11,6.263
1984-04-12,6.246
1984-04-13,6.245
1984-04-16,6.256
1984-04-17,6.252
1984-04-18,6.225
1984-04-19,6.234
1984-04-20,6.238
1984-04-21,6.216
1984-04-23,6.207
1984-04-24,6.221
1984-04-25,6.219
1984-04-26,6.238
1984-04-27,6.257
1984-04-28,6.308
1984-05-01,6.361
1984-05-02,6.38
1984-05-04,6.34
1984-05-07,6.43
1984-05-08,6.486
1984-05-09,6.48
1984-05-10,6.51
1984-05-11,6.508
1984-05-14,6.541
1984-05-15,6.561
1984-05-16,6.57
1984-05-17,6.59
1984-05-18,6.669
1984-05-19,6.646
1984-05-21,6.615
1984-05-22,6.627
1984-05-23,6.651
1984-05-24,6.647
1984-05-25,6.674
1984-05-26,6.769
1984-05-28,6.78
1984-05-29,6.793
1984-05-30,6.922
1984-05-31,6.958
1984-06-01,6.894
1984-06-02,6.835
1984-06-04,6.837
1984-06-05,6.816
1984-06-06,6.835
1984-06-07,6.828
1984-06-08,6.796
1984-06-11,6.779
1984-06-12,6.766
1984-06-13,6.775
1984-06-14,6.769
1984-06-15,6.769
1984-06-16,6.767
1984-06-18,6.77
1984-06-19,6.77
1984-06-20,6.788
1984-06-21,6.796
1984-06-22,6.799
1984-06-23,6.817
1984-06-25,6.844
1984-06-26,6.825
1984-06-27,6.809
1984-06-28,6.81
1984-06-29,6.789
1984-06-30,6.783
1984-07-02,6.78
1984-07-03,6.788
1984-07-04,6.772
1984-07-05,6.761
1984-07-06,6.764
1984-07-07,6.763
1984-07-09,6.751
1984-07-10,6.714
1984-07-11,6.696
1984-07-12,6.686
1984-07-13,6.669
1984-07-16,6.64
1984-07-17,6.65
1984-07-18,6.669
1984-07-19,6.679
1984-07-20,6.709
1984-07-21,6.739
1984-07-23,6.769
1984-07-24,6.763
1984-07-25,6.752
1984-07-26,6.731
1984-07-27,6.736
1984-07-28,6.756
1984-07-30,6.755
1984-07-31,6.749
1984-08-01,6.759
1984-08-02,6.748
1984-08-03,6.722
1984-08-04,6.675
1984-08-06,6.658
1984-08-07,6.699
1984-08-08,6.687
1984-08-09,6.671
1984-08-10,6.66
1984-08-13,6.673
1984-08-14,6.635
1984-08-15,6.586
1984-08-16,6.585
1984-08-17,6.547
1984-08-18,6.509
1984-08-20,6.504
1984-08-21,6.495
1984-08-22,6.495
1984-08-23,6.496
1984-08-24,6.484
1984-08-25,6.483
1984-08-27,6.484
1984-08-28,6.481
1984-08-29,6.471
1984-08-30,6.461
1984-08-31,6.46
1984-09-01,6.453
1984-09-03,6.411
1984-09-04,6.396
1984-09-05,6.395
1984-09-06,6.405
1984-09-07,6.389
1984-09-10,6.389
1984-09-11,6.368
1984-09-12,6.339
1984-09-13,6.342
1984-09-14,6.323
1984-09-17,6.322
1984-09-18,6.324
1984-09-19,6.324
1984-09-20,6.286
1984-09-21,6.297
1984-09-22,6.306
1984-09-25,6.319
1984-09-26,6.355
1984-09-27,6.349
1984-09-28,6.35
1984-09-29,6.348
1984-10-01,6.331
1984-10-02,6.335
1984-10-03,6.323
1984-10-04,6.319
1984-10-05,6.324
1984-10-06,6.315
1984-10-08,6.319
1984-10-09,6.357
1984-10-11,6.33
1984-10-12,6.32
1984-10-15,6.316
1984-10-16,6.316
1984-10-17,6.335
1984-10-18,6.319
1984-10-19,6.279
1984-10-20,6.223
1984-10-22,6.195
1984-10-23,6.179
1984-10-24,6.178
1984-10-25,6.214
1984-10-26,6.226
1984-10-27,6.224
1984-10-29,6.227
1984-10-30,6.214
1984-10-31,6.218
1984-11-01,6.197
1984-11-02,6.171
1984-11-05,6.166
1984-11-06,6.184
1984-11-07,6.162
1984-11-08,6.191
1984-11-09,6.174
1984-11-12,6.194
1984-11-13,6.188
1984-11-14,6.186
1984-11-15,6.226
1984-11-16,6.235
1984-11-17,6.234
1984-11-19,6.273
1984-11-20,6.258
1984-11-21,6.264
1984-11-22,6.246
1984-11-24,6.243
1984-11-26,6.232
1984-11-27,6.206
1984-11-28,6.197
1984-11-29,6.167
1984-11-30,6.158
1984-12-01,6.165
1984-12-03,6.157
1984-12-04,6.133
1984-12-05,6.112
1984-12-06,6.138
1984-12-07,6.143
1984-12-10,6.16
1984-12-11,6.169
1984-12-12,6.188
1984-12-13,6.147
1984-12-14,6.149
1984-12-15,6.147
1984-12-17,6.134
1984-12-18,6.117
1984-12-19,6.084
1984-12-20,6.069
1984-12-21,6.048
1984-12-22,6.045
1984-12-24,6.046
1984-12-25,6.036
1984-12-26,6.022
1984-12-27,6.011
1984-12-28,5.989
1985-01-04,5.997
1985-01-05,6.02
1985-01-07,6.025
1985-01-08,5.982
1985-01-09,5.951
1985-01-10,5.955
1985-01-11,5.953
1985-01-14,5.954
1985-01-16,5.947
1985-01-17,5.945
1985-01-18,5.944
1985-01-19,5.937
1985-01-21,5.915
1985-01-22,5.919
1985-01-23,5.917
1985-01-24,5.916
1985-01-25,5.9
1985-01-26,5.888
1985-01-28,5.881
1985-01-29,5.885
1985-01-30,5.883
1985-01-31,5.893
1985-02-01,5.922
1985-02-02,5.941
1985-02-04,5.97
1985-02-05,6.02
1985-02-06,6.04
1985-02-07,6.138
1985-02-08,6.352
1985-02-12,6.499
1985-02-13,6.558
1985-02-14,6.519
1985-02-15,6.434
1985-02-16,6.386
1985-02-18,6.39
1985-02-19,6.405
1985-02-20,6.455
1985-02-21,6.437
1985-02-22,6.544
1985-02-23,6.639
1985-02-25,6.593
1985-02-26,6.547
1985-02-27,6.55
1985-02-28,6.583
1985-03-01,6.576
1985-03-02,6.544
1985-03-04,6.492
1985-03-05,6.532
1985-03-06,6.573
1985-03-07,6.622
1985-03-08,6.556
1985-03-11,6.558
1985-03-12,6.537
1985-03-13,6.541
1985-03-14,6.548
1985-03-15,6.579
1985-03-16,6.579
1985-03-18,6.584
1985-03-19,6.604
1985-03-20,6.586
1985-03-22,6.545
1985-03-23,6.564
1985-03-25,6.549
1985-03-26,6.544
1985-03-27,6.505
1985-03-28,6.489
1985-03-29,6.486
1985-03-30,6.506
1985-04-01,6.513
1985-04-02,6.522
1985-04-03,6.511
1985-04-04,6.506
1985-04-05,6.515
1985-04-06,6.524
1985-04-08,6.523
1985-04-09,6.523
1985-04-10,6.538
1985-04-11,6.525
1985-04-12,6.494
1985-04-15,6.478
1985-04-16,6.488
1985-04-17,6.499
1985-04-18,6.509
1985-04-19,6.463
1985-04-20,6.484
1985-04-22,6.477
1985-04-23,6.477
1985-04-24,6.477
1985-04-25,6.486
1985-04-26,6.506
1985-04-27,6.5
1985-04-30,6.498
1985-05-01,6.483
1985-05-02,6.482
1985-05-04,6.47
1985-05-07,6.474
1985-05-08,6.462
1985-05-09,6.456
1985-05-10,6.455
1985-05-13,6.448
1985-05-14,6.426
1985-05-15,6.43
1985-05-16,6.43
1985-05-17,6.45
1985-05-18,6.45
1985-05-20,6.414
1985-05-21,6.464
1985-05-22,6.438
1985-05-23,6.443
1985-05-24,6.42
1985-05-25,6.401
1985-05-27,6.4
1985-05-28,6.412
1985-05-29,6.408
1985-05-30,6.407
1985-05-31,6.411
1985-06-01,6.397
1985-06-03,6.401
1985-06-04,6.36
1985-06-05,6.33
1985-06-06,6.331
1985-06-07,6.355
1985-06-10,6.374
1985-06-11,6.376
1985-06-12,6.383
1985-06-13,6.401
1985-06-14,6.383
1985-06-15,6.362
1985-06-17,6.361
1985-06-18,6.358
1985-06-19,6.362
1985-06-20,6.371
1985-06-21,6.349
1985-06-22,6.317
1985-06-24,6.319
1985-06-25,6.325
1985-06-26,6.313
1985-06-27,6.31
1985-06-28,6.319
1985-06-29,6.317
1985-07-01,6.305
1985-07-02,6.29
1985-07-03,6.289
1985-07-04,6.287
1985-07-05,6.287
1985-07-06,6.261
1985-07-08,6.24
1985-07-09,6.254
1985-07-10,6.235
1985-07-11,6.216
1985-07-12,6.209
1985-07-15,6.19
1985-07-16,6.208
1985-07-17,6.207
1985-07-18,6.207
1985-07-19,6.18
1985-07-20,6.168
1985-07-22,6.176
1985-07-23,6.159
1985-07-24,6.167
1985-07-25,6.187
1985-07-26,6.205
1985-07-27,6.25
1985-07-29,6.263
1985-07-30,6.32
1985-07-31,6.293
1985-08-01,6.273
1985-08-02,6.272
1985-08-03,6.275
1985-08-05,6.273
1985-08-06,6.262
1985-08-07,6.267
1985-08-08,6.235
1985-08-09,6.238
1985-08-12,6.225
1985-08-13,6.219
1985-08-14,6.218
1985-08-15,6.201
1985-08-16,6.179
1985-08-17,6.163
1985-08-19,6.145
1985-08-20,6.142
1985-08-21,6.13
1985-08-22,6.102
1985-08-23,6.109
1985-08-24,6.118
1985-08-26,6.134
1985-08-27,6.117
1985-08-28,6.093
1985-08-29,6.077
1985-08-30,6.1
1985-08-31,6.127
1985-09-02,6.136
1985-09-03,6.135
1985-09-04,6.136
1985-09-05,6.117
1985-09-06,6.145
1985-09-07,6.173
1985-09-09,6.162
1985-09-10,6.153
1985-09-11,6.162
1985-09-12,6.171
1985-09-13,6.156
1985-09-17,6.13
1985-09-18,6.14
1985-09-19,6.159
1985-09-20,6.14
1985-09-21,6.139
1985-09-24,6.07
1985-09-25,6.045
1985-09-26,6.098
1985-09-27,6.094
1985-09-28,6.075
1985-09-30,6.064
1985-10-01,6.044
1985-10-02,6.02
1985-10-03,6.041
1985-10-04,6.086
1985-10-05,6.15
1985-10-07,6.179
1985-10-08,6.152
1985-10-09,6.152
1985-10-11,6.171
1985-10-14,6.165
1985-10-15,6.153
1985-10-16,6.162
1985-10-17,6.151
1985-10-18,6.131
1985-10-19,6.114
1985-10-21,6.114
1985-10-22,6.133
1985-10-23,6.133
1985-10-24,6.162
1985-10-25,6.638
1985-10-26,6.765
1985-10-28,6.907
1985-10-29,6.861
1985-10-30,6.831
1985-10-31,6.831
1985-11-01,6.967
1985-11-02,6.92
1985-11-05,6.873
1985-11-06,6.858
1985-11-07,6.809
1985-11-08,6.895
1985-11-11,6.961
1985-11-12,6.976
1985-11-13,7.081
1985-11-14,7.224
1985-11-15,7.252
1985-11-16,7.253
1985-11-18,7.293
1985-11-19,7.327
1985-11-20,7.235
1985-11-21,7.017
1985-11-22,6.932
1985-11-25,6.884
1985-11-26,6.786
1985-11-27,6.796
1985-11-28,6.758
1985-11-29,6.748
1985-11-30,6.739
1985-12-02,6.74
1985-12-03,6.737
1985-12-04,6.689
1985-12-05,6.638
1985-12-06,6.638
1985-12-07,6.619
1985-12-09,6.6
1985-12-10,6.539
1985-12-11,6.459
1985-12-12,6.459
1985-12-13,6.46
1985-12-16,6.27
1985-12-17,6.23
1985-12-18,6.214
1985-12-19,6.214
1985-12-20,6.121
1985-12-21,6.123
1985-12-23,6.093
1985-12-24,6.057
1985-12-25,6.041
1985-12-26,6.011
1985-12-27,5.932
1985-12-28,5.912
1986-01-04,5.916
1986-01-06,5.923
1986-01-07,5.923
1986-01-08,5.887
1986-01-09,5.922
1986-01-10,5.994
1986-01-13,5.994
1986-01-14,5.996
1986-01-16,6.003
1986-01-17,6.013
1986-01-18,6.039
1986-01-20,6.136
1986-01-21,6.137
1986-01-22,6.143
1986-01-23,6.148
1986-01-24,6.154
1986-01-25,6.036
1986-01-27,6.056
1986-01-28,6.056
1986-01-29,5.995
1986-01-30,5.941
1986-01-31,5.866
1986-02-01,5.866
1986-02-03,5.85
1986-02-04,5.86
1986-02-05,5.875
1986-02-06,5.881
1986-02-07,5.892
1986-02-10,5.911
1986-02-12,5.874
1986-02-13,5.895
1986-02-14,5.852
1986-02-15,5.857
1986-02-17,5.845
1986-02-18,5.829
1986-02-19,5.823
1986-02-20,5.748
1986-02-21,5.74
1986-02-22,5.667
1986-02-24,5.619
1986-02-25,5.562
1986-02-26,5.519
1986-02-27,5.418
1986-02-28,5.329
1986-03-01,5.333
1986-03-03,5.332
1986-03-04,5.311
1986-03-05,5.31
1986-03-06,5.25
1986-03-07,5.201
1986-03-10,5.171
1986-03-11,5.055
1986-03-12,4.959
1986-03-13,4.928
1986-03-14,4.957
1986-03-15,4.928
1986-03-17,4.901
1986-03-18,4.9
1986-03-19,4.918
1986-03-20,4.898
1986-03-22,4.843
1986-03-24,4.82
1986-03-25,4.822
1986-03-26,4.812
1986-03-27,4.79
1986-03-28,4.813
1986-03-29,4.842
1986-03-31,4.834
1986-04-01,4.842
1986-04-02,4.841
1986-04-03,4.859
1986-04-04,4.96
1986-04-05,4.964
1986-04-07,4.958
1986-04-08,4.973
1986-04-09,4.974
1986-04-10,4.973
1986-04-11,4.922
1986-04-14,4.879
1986-04-15,4.878
1986-04-16,4.859
1986-04-17,4.812
1986-04-18,4.74
1986-04-19,4.702
1986-04-21,4.654
1986-04-22,4.633
1986-04-23,4.615
1986-04-24,4.613
1986-04-25,4.611
1986-04-26,4.595
1986-04-28,4.617
1986-04-30,4.634
1986-05-01,4.683
1986-05-02,4.676
1986-05-06,4.673
1986-05-07,4.661
1986-05-08,4.664
1986-05-09,4.642
1986-05-12,4.652
1986-05-13,4.644
1986-05-14,4.611
1986-05-15,4.594
1986-05-16,4.613
1986-05-17,4.611
1986-05-19,4.612
1986-05-20,4.617
1986-05-21,4.717
1986-05-22,4.716
1986-05-23,4.722
1986-05-24,4.742
1986-05-26,4.741
1986-05-27,4.762
1986-05-28,4.807
1986-05-29,4.96
1986-05-30,4.991
1986-05-31,5.015
1986-06-02,5.063
1986-06-03,5.152
1986-06-04,5.152
1986-06-05,5.174
1986-06-06,5.184
1986-06-07,5.135
1986-06-09,5.156
1986-06-10,5.172
1986-06-11,5.171
1986-06-12,5.193
1986-06-13,5.173
1986-06-16,5.15
1986-06-17,5.165
1986-06-18,5.172
1986-06-19,5.178
1986-06-20,5.197
1986-06-21,5.2
1986-06-23,5.216
1986-06-24,5.207
1986-06-25,5.17
1986-06-26,5.151
1986-06-27,5.087
1986-06-28,4.998
1986-06-30,4.95
1986-07-01,4.92
1986-07-02,4.973
1986-07-03,4.952
1986-07-04,4.941
1986-07-05,4.913
1986-07-07,4.9
1986-07-08,4.917
1986-07-09,4.921
1986-07-10,4.9
1986-07-11,4.889
1986-07-14,4.89
1986-07-15,4.891
1986-07-16,4.903
1986-07-17,4.902
1986-07-18,4.901
1986-07-19,4.874
1986-07-21,4.871
1986-07-22,4.875
1986-07-23,4.883
1986-07-24,4.867
1986-07-25,4.87
1986-07-26,4.874
1986-07-28,4.892
1986-07-29,4.896
1986-07-30,4.9
1986-07-31,4.884
1986-08-01,4.878
1986-08-02,4.882
1986-08-04,4.874
1986-08-05,4.888
1986-08-06,4.897
1986-08-07,4.896
1986-08-08,4.899
1986-08-11,4.895
1986-08-12,4.894
1986-08-13,4.892
1986-08-14,4.885
1986-08-15,4.874
1986-08-18,4.859
1986-08-19,4.852
1986-08-20,4.821
1986-08-21,4.792
1986-08-22,4.702
1986-08-23,4.627
1986-08-25,4.65
1986-08-26,4.639
1986-08-27,4.641
1986-08-28,4.652
1986-08-29,4.644
1986-08-30,4.642
1986-09-01,4.635
1986-09-02,4.638
1986-09-03,4.691
1986-09-04,4.679
1986-09-05,4.676
1986-09-06,4.763
1986-09-08,4.768
1986-09-09,4.782
1986-09-10,4.779
1986-09-11,4.778
1986-09-12,4.841
1986-09-16,4.844
1986-09-17,4.818
1986-09-18,4.822
1986-09-19,4.805
1986-09-22,4.795
1986-09-24,4.773
1986-09-25,4.781
1986-09-26,4.81
1986-09-27,4.808
1986-09-29,4.82
1986-09-30,4.846
1986-10-01,4.884
1986-10-02,4.875
1986-10-03,4.87
1986-10-04,4.858
1986-10-06,4.848
1986-10-07,4.846
1986-10-08,4.857
1986-10-09,4.865
1986-10-13,4.892
1986-10-14,4.879
1986-10-15,4.877
1986-10-16,4.876
1986-10-17,4.91
1986-10-20,4.956
1986-10-21,4.954
1986-10-22,4.983
1986-10-23,4.917
1986-10-24,4.911
1986-10-25,4.888
1986-10-27,4.89
1986-10-28,4.889
1986-10-29,4.857
1986-10-30,4.659
1986-10-31,4.657
1986-11-01,4.64
1986-11-04,4.66
1986-11-05,4.648
1986-11-06,4.63
1986-11-07,4.629
1986-11-10,4.648
1986-11-11,4.635
1986-11-12,4.617
1986-11-13,4.615
1986-11-14,4.634
1986-11-17,4.655
1986-11-18,4.637
1986-11-19,4.639
1986-11-20,4.647
1986-11-21,4.661
1986-11-22,4.615
1986-11-25,4.614
1986-11-26,4.628
1986-11-27,4.643
1986-11-28,4.642
1986-11-29,4.64
1986-12-01,4.655
1986-12-02,4.648
1986-12-03,4.625
1986-12-04,4.579
1986-12-05,4.539
1986-12-06,4.542
1986-12-08,4.538
1986-12-09,4.552
1986-12-10,4.55
1986-12-11,4.559
1986-12-12,4.562
1986-12-15,4.561
1986-12-16,4.548
1986-12-17,4.541
1986-12-18,4.531
1986-12-19,4.538
1986-12-22,4.533
1986-12-23,4.524
1986-12-24,4.506
1986-12-25,4.459
1986-12-26,4.449
1986-12-27,4.435
1987-01-05,4.431
1987-01-06,4.415
1987-01-07,4.384
1987-01-08,4.356
1987-01-09,4.357
1987-01-12,4.3
1987-01-13,4.283
1987-01-14,4.279
1987-01-16,4.238
1987-01-19,4.196
1987-01-20,4.163
1987-01-21,4.139
1987-01-22,4.094
1987-01-23,4.029
1987-01-24,4.042
1987-01-26,4.003
1987-01-27,3.973
1987-01-28,3.946
1987-01-29,3.914
1987-01-30,3.942
1987-01-31,3.981
1987-02-02,3.953
1987-02-03,3.954
1987-02-04,3.942
1987-02-05,3.924
1987-02-06,3.916
1987-02-07,3.934
1987-02-09,3.922
1987-02-10,3.895
1987-02-12,3.914
1987-02-13,3.947
1987-02-16,3.968
1987-02-17,3.995
1987-02-18,4.028
1987-02-19,3.979
1987-02-20,3.97
1987-02-23,3.976
1987-02-24,3.967
1987-02-25,3.931
1987-02-26,3.931
1987-02-27,3.931
1987-02-28,3.925
1987-03-02,3.856
1987-03-03,3.857
1987-03-04,3.825
1987-03-05,3.819
1987-03-06,3.817
1987-03-07,3.812
1987-03-09,3.811
1987-03-10,3.805
1987-03-11,3.78
1987-03-12,3.734
1987-03-13,3.697
1987-03-16,3.628
1987-03-17,3.627
1987-03-18,3.626
1987-03-19,3.628
1987-03-20,3.628
1987-03-23,3.547
1987-03-24,3.546
1987-03-25,3.543
1987-03-26,3.542
1987-03-27,3.543
1987-03-28,3.512
1987-03-30,3.508
1987-03-31,3.506
1987-04-01,3.497
1987-04-02,3.47
1987-04-03,3.472
1987-04-04,3.452
1987-04-06,3.45
1987-04-07,3.436
1987-04-08,3.396
1987-04-09,3.375
1987-04-10,3.375
1987-04-13,3.346
1987-04-14,3.346
1987-04-15,3.31
1987-04-16,3.308
1987-04-17,3.307
1987-04-20,3.313
1987-04-21,3.311
1987-04-22,3.311
1987-04-23,3.311
1987-04-24,3.283
1987-04-25,3.249
1987-04-27,3.249
1987-04-28,3.256
1987-04-30,3.256
1987-05-01,3.217
1987-05-02,3.157
1987-05-06,3.154
1987-05-07,3.144
1987-05-08,3.157
1987-05-11,3.17
1987-05-12,3.124
1987-05-13,3.127
1987-05-14,3.129
1987-05-15,3.232
1987-05-18,3.283
1987-05-19,3.294
1987-05-20,3.279
1987-05-21,3.279
1987-05-22,3.259
1987-05-23,3.255
1987-05-25,3.255
1987-05-26,3.256
1987-05-27,3.246
1987-05-28,3.246
1987-05-29,3.257
1987-05-30,3.307
1987-06-01,3.348
1987-06-02,3.347
1987-06-03,3.347
1987-06-04,3.348
1987-06-05,3.352
1987-06-06,3.353
1987-06-08,3.342
1987-06-09,3.342
1987-06-10,3.323
1987-06-11,3.324
1987-06-12,3.312
1987-06-15,3.333
1987-06-16,3.36
1987-06-17,3.391
1987-06-18,3.391
1987-06-19,3.47
1987-06-22,3.593
1987-06-23,3.604
1987-06-24,3.614
1987-06-25,3.625
1987-06-26,3.693
1987-06-27,3.696
1987-06-29,3.715
1987-06-30,3.725
1987-07-01,3.7
1987-07-02,3.728
1987-07-03,3.77
1987-07-04,3.869
1987-07-06,3.968
1987-07-07,3.97
1987-07-08,4.07
1987-07-09,4.119
1987-07-10,4.149
1987-07-13,4.122
1987-07-14,4.099
1987-07-15,4.12
1987-07-16,4.119
1987-07-17,4.141
1987-07-20,4.144
1987-07-21,4.145
1987-07-22,4.147
1987-07-23,4.143
1987-07-24,4.124
1987-07-25,4.076
1987-07-27,4.078
1987-07-28,4.023
1987-07-29,4.028
1987-07-30,4.033
1987-07-31,4.038
1987-08-01,4.015
1987-08-03,4.045
1987-08-04,4.09
1987-08-05,4.07
1987-08-06,4.046
1987-08-07,4.031
1987-08-10,4.046
1987-08-11,4.071
1987-08-12,4.053
1987-08-13,4.053
1987-08-14,4.057
1987-08-17,4.073
1987-08-18,4.049
1987-08-19,4.034
1987-08-20,4.008
1987-08-21,3.968
1987-08-22,3.923
1987-08-24,3.909
1987-08-25,3.945
1987-08-26,3.909
1987-08-27,3.893
1987-08-28,3.929
1987-08-29,3.941
1987-08-31,3.947
1987-09-01,3.951
1987-09-02,3.928
1987-09-03,3.984
1987-09-04,3.988
1987-09-05,4.019
1987-09-07,4.039
1987-09-08,4.065
1987-09-09,4.052
1987-09-10,4.057
1987-09-11,4.056
1987-09-14,4.062
1987-09-16,4.059
1987-09-17,4.063
1987-09-18,4.087
1987-09-21,4.171
1987-09-22,4.203
1987-09-24,4.261
1987-09-25,4.368
1987-09-26,4.444
1987-09-28,4.526
1987-09-29,4.835
1987-09-30,4.85
1987-10-01,4.874
1987-10-02,4.872
1987-10-03,4.924
1987-10-05,5.032
1987-10-06,5.028
1987-10-07,5.032
1987-10-08,5.033
1987-10-09,5.089
1987-10-12,5.099
1987-10-13,5.08
1987-10-14,5.085
1987-10-15,5.12
1987-10-16,5.091
1987-10-19,5.064
1987-10-20,5.019
1987-10-21,4.949
1987-10-22,4.904
1987-10-23,4.863
1987-10-24,4.797
1987-10-26,4.703
1987-10-27,4.707
1987-10-28,4.63
1987-10-29,4.485
1987-10-30,4.238
1987-10-31,4.188
1987-11-02,4.174
1987-11-04,4.184
1987-11-05,4.134
1987-11-06,4.039
1987-11-07,3.943
1987-11-09,3.953
1987-11-10,3.937
1987-11-11,3.938
1987-11-12,3.943
1987-11-13,3.998
1987-11-16,4.038
1987-11-17,4.043
1987-11-18,4.048
1987-11-19,4.048
1987-11-20,4.031
1987-11-24,4.05
1987-11-25,4.005
1987-11-26,4.009
1987-11-27,4.014
1987-11-28,3.991
1987-11-30,4.001
1987-12-01,4.006
1987-12-02,3.988
1987-12-03,3.993
1987-12-04,3.998
1987-12-05,4.004
1987-12-07,3.982
1987-12-08,3.987
1987-12-09,3.982
1987-12-10,3.985
1987-12-11,3.971
1987-12-14,3.986
1987-12-15,3.977
1987-12-16,3.974
1987-12-17,3.843
1987-12-18,3.847
1987-12-21,3.862
1987-12-22,3.867
1987-12-23,3.831
1987-12-24,3.836
1987-12-25,3.836
1987-12-26,3.841
1987-12-28,3.804
1988-01-04,3.825
1988-01-05,3.83
1988-01-06,3.835
1988-01-07,3.84
1988-01-08,3.835
1988-01-11,3.825
1988-01-12,3.819
1988-01-13,3.825
1988-01-14,3.8
1988-01-18,3.778
1988-01-19,3.76
1988-01-20,3.765
1988-01-21,3.77
1988-01-22,3.775
1988-01-23,3.751
1988-01-25,3.765
1988-01-26,3.769
1988-01-27,3.775
1988-01-28,3.766
1988-01-29,3.727
1988-01-30,3.731
1988-02-01,3.717
1988-02-02,3.721
1988-02-03,3.725
1988-02-04,3.73
1988-02-05,3.72
1988-02-06,3.725
1988-02-08,3.739
1988-02-09,3.745
1988-02-10,3.7
1988-02-12,3.71
1988-02-15,3.73
1988-02-16,3.71
1988-02-17,3.714
1988-02-18,3.719
1988-02-19,3.724
1988-02-22,3.715
1988-02-23,3.72
1988-02-24,3.725
1988-02-25,3.73
1988-02-26,3.735
1988-02-27,3.695
1988-02-29,3.7
1988-03-01,3.705
1988-03-02,3.685
1988-03-03,3.69
1988-03-04,3.665
1988-03-05,3.629
1988-03-07,3.555
1988-03-08,3.56
1988-03-09,3.565
1988-03-10,3.554
1988-03-11,3.56
1988-03-14,3.575
1988-03-15,3.571
1988-03-16,3.524
1988-03-17,3.529
1988-03-18,3.517
1988-03-22,3.539
1988-03-23,3.524
1988-03-24,3.501
1988-03-25,3.506
1988-03-26,3.511
1988-03-28,3.525
1988-03-29,3.497
1988-03-30,3.491
1988-03-31,3.496
1988-04-01,3.504
1988-04-02,3.487
1988-04-04,3.478
1988-04-05,3.483
1988-04-06,3.43
1988-04-07,3.435
1988-04-08,3.44
1988-04-11,3.459
1988-04-12,3.449
1988-04-13,3.464
1988-04-14,3.468
1988-04-15,3.477
1988-04-18,3.463
1988-04-19,3.472
1988-04-20,3.442
1988-04-21,3.447
1988-04-22,3.453
1988-04-23,3.439
1988-04-25,3.448
1988-04-26,3.453
1988-04-27,3.463
1988-04-28,3.433
1988-04-30,3.447
1988-05-02,3.457
1988-05-06,3.481
1988-05-07,3.466
1988-05-09,3.481
1988-05-10,3.495
1988-05-11,3.524
1988-05-12,3.529
1988-05-13,3.538
1988-05-16,3.563
1988-05-17,3.566
1988-05-18,3.601
1988-05-19,3.691
1988-05-20,3.745
1988-05-23,3.815
1988-05-24,3.814
1988-05-25,3.819
1988-05-26,3.849
1988-05-27,3.874
1988-05-28,3.879
1988-05-30,3.867
1988-05-31,3.871
1988-06-01,3.876
1988-06-02,3.847
1988-06-03,3.851
1988-06-04,3.835
1988-06-06,3.817
1988-06-07,3.826
1988-06-08,3.831
1988-06-09,3.846
1988-06-10,3.833
1988-06-13,3.849
1988-06-14,3.867
1988-06-15,3.883
1988-06-16,3.909
1988-06-17,3.906
1988-06-20,3.952
1988-06-21,3.957
1988-06-22,4.004
1988-06-23,4.014
1988-06-24,4.029
1988-06-25,4.075
1988-06-27,4.137
1988-06-28,4.09
1988-06-29,4.145
1988-06-30,4.143
1988-07-01,4.218
1988-07-02,4.275
1988-07-04,4.363
1988-07-05,4.368
1988-07-06,4.348
1988-07-07,4.325
1988-07-08,4.379
1988-07-11,4.394
1988-07-12,4.375
1988-07-13,4.362
1988-07-14,4.337
1988-07-15,4.313
1988-07-18,4.269
1988-07-19,4.226
1988-07-20,4.231
1988-07-21,4.275
1988-07-22,4.251
1988-07-23,4.207
1988-07-25,4.217
1988-07-26,4.222
1988-07-27,4.227
1988-07-28,4.183
1988-07-29,4.163
1988-07-30,4.148
1988-08-01,4.158
1988-08-02,4.158
1988-08-03,4.183
1988-08-04,4.188
1988-08-05,4.193
1988-08-06,4.157
1988-08-08,4.167
1988-08-09,4.172
1988-08-10,4.378
1988-08-11,4.367
1988-08-12,4.372
1988-08-15,4.377
1988-08-16,4.382
1988-08-17,4.336
1988-08-18,4.341
1988-08-19,4.346
1988-08-22,4.361
1988-08-23,4.427
1988-08-24,4.407
1988-08-25,4.412
1988-08-26,4.468
1988-08-27,4.469
1988-08-29,4.474
1988-08-30,4.479
1988-08-31,4.484
1988-09-01,4.588
1988-09-02,4.573
1988-09-03,4.531
1988-09-05,4.457
1988-09-06,4.462
1988-09-07,4.415
1988-09-08,4.42
1988-09-09,4.394
1988-09-12,4.407
1988-09-13,4.412
1988-09-14,4.417
1988-09-16,4.354
1988-09-19,4.369
1988-09-20,4.394
1988-09-21,4.369
1988-09-22,4.349
1988-09-24,4.359
1988-09-26,4.369
1988-09-27,4.333
1988-09-28,4.325
1988-09-29,4.331
1988-09-30,4.308
1988-10-01,4.263
1988-10-03,4.253
1988-10-04,4.227
1988-10-05,4.216
1988-10-06,4.221
1988-10-07,4.196
1988-10-11,4.136
1988-10-12,4.042
1988-10-13,4.039
1988-10-14,4.044
1988-10-17,4.059
1988-10-18,4.041
1988-10-19,4.026
1988-10-20,4.031
1988-10-21,4.036
1988-10-22,4.046
1988-10-24,4.029
1988-10-25,4.035
1988-10-26,4.04
1988-10-27,4.055
1988-10-28,4.034
1988-10-29,4.029
1988-10-31,4.039
1988-11-01,4.017
1988-11-02,4.022
1988-11-04,4.032
1988-11-05,4.037
1988-11-07,4.034
1988-11-08,4.019
1988-11-09,4.004
1988-11-10,3.977
1988-11-11,3.962
1988-11-14,3.962
1988-11-15,3.967
1988-11-16,3.944
1988-11-17,3.949
1988-11-18,3.954
1988-11-21,3.948
1988-11-22,3.925
1988-11-24,3.935
1988-11-25,3.95
1988-11-26,3.97
1988-11-28,3.94
1988-11-29,3.945
1988-11-30,3.94
1988-12-01,3.945
1988-12-02,3.933
1988-12-03,3.938
1988-12-05,3.947
1988-12-06,3.907
1988-12-07,3.933
1988-12-08,3.938
1988-12-09,3.932
1988-12-12,3.902
1988-12-13,3.907
1988-12-14,3.912
1988-12-15,3.917
1988-12-16,3.941
1988-12-19,3.915
1988-12-20,3.92
1988-12-21,3.926
1988-12-22,3.931
1988-12-23,3.909
1988-12-24,3.914
1988-12-26,3.924
1988-12-27,3.929
1988-12-28,3.897
1989-01-04,3.933
1989-01-05,3.958
1989-01-06,3.968
1989-01-09,3.963
1989-01-10,3.93
1989-01-11,3.947
1989-01-12,3.95
1989-01-13,3.955
1989-01-17,3.964
1989-01-18,3.969
1989-01-19,4.007
1989-01-20,3.989
1989-01-23,4.004
1989-01-24,3.96
1989-01-25,3.965
1989-01-26,3.97
1989-01-27,3.975
1989-01-28,3.96
1989-01-30,3.98
1989-01-31,4.016
1989-02-01,4.006
1989-02-02,4.011
1989-02-03,4.016
1989-02-06,4.034
1989-02-07,4.039
1989-02-08,4.039
1989-02-09,4.054
1989-02-10,4.022
1989-02-13,4.046
1989-02-14,4.062
1989-02-15,4.076
1989-02-16,4.092
1989-02-17,4.117
1989-02-20,4.202
1989-02-21,4.309
1989-02-22,4.365
1989-02-23,4.427
1989-02-27,4.519
1989-02-28,4.524
1989-03-01,4.529
1989-03-02,4.55
1989-03-03,4.555
1989-03-06,4.567
1989-03-07,4.593
1989-03-08,4.597
1989-03-09,4.581
1989-03-10,4.549
1989-03-13,4.579
1989-03-14,4.634
1989-03-15,4.68
1989-03-16,4.688
1989-03-17,4.67
1989-03-20,4.734
1989-03-22,4.702
1989-03-23,4.705
1989-03-24,4.71
1989-03-27,4.722
1989-03-28,4.727
1989-03-29,4.732
1989-03-30,4.727
1989-03-31,4.702
1989-04-03,4.717
1989-04-04,4.719
1989-04-05,4.722
1989-04-06,4.737
1989-04-07,4.742
1989-04-10,4.752
1989-04-11,4.758
1989-04-12,4.763
1989-04-13,4.765
1989-04-14,4.758
1989-04-17,4.769
1989-04-18,4.774
1989-04-19,4.736
1989-04-20,4.741
1989-04-21,4.762
1989-04-24,4.777
1989-04-25,4.777
1989-04-26,4.765
1989-04-27,4.77
1989-04-28,4.775
1989-05-01,4.785
1989-05-02,4.766
1989-05-08,4.786
1989-05-09,4.811
1989-05-10,4.852
1989-05-11,4.851
1989-05-12,4.858
1989-05-15,4.868
1989-05-16,4.899
1989-05-17,4.885
1989-05-18,4.901
1989-05-19,4.942
1989-05-22,4.928
1989-05-23,5.001
1989-05-24,5.024
1989-05-25,5.043
1989-05-26,5.02
1989-05-29,5.089
1989-05-30,5.092
1989-05-31,5.097
1989-06-01,5.09
1989-06-02,5.091
1989-06-05,5.09
1989-06-06,5.074
1989-06-07,5.077
1989-06-08,5.061
1989-06-09,5.065
1989-06-12,5.063
1989-06-13,5.065
1989-06-14,5.071
1989-06-15,5.098
1989-06-16,5.087
1989-06-19,5.136
1989-06-20,5.139
1989-06-21,5.129
1989-06-22,5.103
1989-06-23,5.096
1989-06-26,5.091
1989-06-27,5.093
1989-06-28,5.109
1989-06-29,5.111
1989-06-30,5.108
1989-07-03,5.108
1989-07-04,5.11
1989-07-05,5.107
1989-07-06,5.101
1989-07-07,5.107
1989-07-10,5.119
1989-07-11,5.105
1989-07-12,5.122
1989-07-13,5.124
1989-07-14,5.123
1989-07-17,5.126
1989-07-18,5.12
1989-07-19,5.112
1989-07-20,5.117
1989-07-21,5.095
1989-07-24,5.087
1989-07-25,5.079
1989-07-26,5.063
1989-07-27,5.036
1989-07-28,5.03
1989-07-31,5.011
1989-08-01,4.979
1989-08-02,4.974
1989-08-03,4.979
1989-08-04,4.984
1989-08-07,4.95
1989-08-08,4.95
1989-08-09,4.955
1989-08-10,4.96
1989-08-11,4.95
1989-08-14,4.976
1989-08-15,4.981
1989-08-16,4.986
1989-08-17,4.967
1989-08-18,4.968
1989-08-21,4.978
1989-08-22,4.963
1989-08-23,4.968
1989-08-24,4.969
1989-08-25,4.973
1989-08-28,4.961
1989-08-29,4.965
1989-08-30,4.97
1989-08-31,4.948
1989-09-01,4.963
1989-09-04,4.984
1989-09-05,5.006
1989-09-06,5.058
1989-09-07,5.094
1989-09-08,5.146
1989-09-11,5.236
1989-09-12,5.239
1989-09-13,5.273
1989-09-14,5.264
1989-09-18,5.306
1989-09-19,5.309
1989-09-20,5.31
1989-09-21,5.292
1989-09-22,5.27
1989-09-25,5.236
1989-09-26,5.221
1989-09-27,5.221
1989-09-28,5.226
1989-09-29,5.214
1989-10-02,5.225
1989-10-03,5.256
1989-10-04,5.299
1989-10-05,5.291
1989-10-06,5.332
1989-10-09,5.322
1989-10-11,5.401
1989-10-12,5.466
1989-10-13,5.488
1989-10-16,5.448
1989-10-17,5.451
1989-10-18,5.455
1989-10-19,5.506
1989-10-20,5.494
1989-10-23,5.514
1989-10-24,5.545
1989-10-25,5.55
1989-10-26,5.539
1989-10-27,5.575
1989-10-30,5.59
1989-10-31,5.628
1989-11-01,5.732
1989-11-02,5.784
1989-11-06,5.869
1989-11-07,5.953
1989-11-08,5.953
1989-11-09,5.958
1989-11-10,5.938
1989-11-13,5.948
1989-11-14,5.948
1989-11-15,5.945
1989-11-16,5.923
1989-11-17,5.928
1989-11-20,5.92
1989-11-21,5.924
1989-11-22,5.924
1989-11-24,5.908
1989-11-27,5.9
1989-11-28,5.902
1989-11-29,5.906
1989-11-30,5.906
1989-12-01,5.901
1989-12-04,5.906
1989-12-05,5.907
1989-12-06,5.898
1989-12-07,5.898
1989-12-08,5.904
1989-12-11,5.888
1989-12-12,5.892
1989-12-13,5.883
1989-12-14,5.875
1989-12-15,5.874
1989-12-18,5.883
1989-12-19,5.915
1989-12-20,5.967
1989-12-21,6.019
1989-12-22,6.009
1989-12-25,6.017
1989-12-26,6.017
1989-12-27,6.008
1989-12-28,6.009
1989-12-29,6.008
1990-01-04,6.098
1990-01-05,6.101
1990-01-08,6.146
1990-01-09,6.247
1990-01-10,6.314
1990-01-11,6.314
1990-01-12,6.375
1990-01-16,6.478
1990-01-17,6.468
1990-01-18,6.57
1990-01-19,6.57
1990-01-22,6.567
1990-01-23,6.567
1990-01-24,6.62
1990-01-25,6.573
1990-01-26,6.54
1990-01-29,6.545
1990-01-30,6.566
1990-01-31,6.595
1990-02-01,6.595
1990-02-02,6.627
1990-02-05,6.66
1990-02-06,6.66
1990-02-07,6.666
1990-02-08,6.668
1990-02-09,6.668
1990-02-13,6.673
1990-02-14,6.692
1990-02-15,6.692
1990-02-16,6.73
1990-02-19,6.778
1990-02-20,6.828
1990-02-21,6.828
1990-02-22,6.828
1990-02-23,6.875
1990-02-26,6.897
1990-02-27,6.952
1990-02-28,6.974
1990-03-01,6.993
1990-03-02,7.089
1990-03-05,7.111
1990-03-06,7.142
1990-03-07,7.18
1990-03-08,7.219
1990-03-09,7.245
1990-03-12,7.267
1990-03-13,7.295
1990-03-14,7.335
1990-03-15,7.335
1990-03-16,7.334
1990-03-19,7.384
1990-03-20,7.384
1990-03-22,7.382
1990-03-23,7.355
1990-03-26,7.355
1990-03-27,7.392
1990-03-28,7.393
1990-03-29,7.356
1990-03-30,7.356
1990-04-02,7.373
1990-04-03,7.373
1990-04-04,7.373
1990-04-05,7.354
1990-04-06,7.334
1990-04-09,7.296
1990-04-10,7.267
1990-04-11,7.267
1990-04-12,7.245
1990-04-13,7.25
1990-04-16,7.219
1990-04-17,7.218
1990-04-18,7.215
1990-04-19,7.215
1990-04-20,7.188
1990-04-23,7.165
1990-04-24,7.135
1990-04-25,7.139
1990-04-26,7.117
1990-04-27,7.117
1990-05-01,7.117
1990-05-02,7.1
1990-05-07,7.053
1990-05-08,7.033
1990-05-09,7.017
1990-05-10,6.974
1990-05-11,6.895
1990-05-14,6.832
1990-05-15,6.784
1990-05-16,6.786
1990-05-17,6.748
1990-05-18,6.721
1990-05-21,6.733
1990-05-22,6.712
1990-05-23,6.701
1990-05-24,6.685
1990-05-25,6.617
1990-05-28,6.611
1990-05-29,6.632
1990-05-30,6.616
1990-05-31,6.605
1990-06-01,6.589
1990-06-04,6.595
1990-06-05,6.595
1990-06-06,6.584
1990-06-07,6.589
1990-06-08,6.611
1990-06-11,6.631
1990-06-12,6.631
1990-06-13,6.631
1990-06-14,6.631
1990-06-15,6.663
1990-06-18,6.664
1990-06-19,6.686
1990-06-20,6.687
1990-06-21,6.709
1990-06-22,6.741
1990-06-25,6.8
1990-06-26,6.851
1990-06-27,6.851
1990-06-28,6.892
1990-06-29,6.951
1990-07-02,6.973
1990-07-03,7.026
1990-07-04,7.026
1990-07-05,7.026
1990-07-06,7.007
1990-07-09,7.023
1990-07-10,7.12
1990-07-11,7.084
1990-07-12,7.085
1990-07-13,7.085
1990-07-16,7.09
1990-07-17,7.079
1990-07-18,7.08
1990-07-19,7.087
1990-07-20,7.125
1990-07-23,7.198
1990-07-24,7.225
1990-07-25,7.226
1990-07-26,7.226
1990-07-27,7.308
1990-07-30,7.363
1990-07-31,7.41
1990-08-01,7.379
1990-08-02,7.4
1990-08-03,7.45
1990-08-06,7.503
1990-08-07,7.508
1990-08-08,7.511
1990-08-09,7.515
1990-08-10,7.507
1990-08-13,7.537
1990-08-14,7.538
1990-08-15,7.537
1990-08-16,7.56
1990-08-17,7.574
1990-08-20,7.578
1990-08-21,7.606
1990-08-22,7.704
1990-08-23,7.847
1990-08-24,7.891
1990-08-27,7.886
1990-08-28,7.899
1990-08-29,7.961
1990-08-30,7.962
1990-08-31,7.9
1990-09-03,7.9
1990-09-04,7.9
1990-09-05,7.899
1990-09-06,7.974
1990-09-07,7.975
1990-09-10,7.996
1990-09-11,8.143
1990-09-12,8.16
1990-09-13,8.198
1990-09-14,8.255
1990-09-17,8.389
1990-09-18,8.437
1990-09-19,8.412
1990-09-20,8.393
1990-09-21,8.393
1990-09-25,8.411
1990-09-26,8.411
1990-09-27,8.411
1990-09-28,8.405
1990-10-01,8.362
1990-10-02,8.256
1990-10-03,8.226
1990-10-04,8.171
1990-10-05,8.076
1990-10-08,7.978
1990-10-09,7.943
1990-10-11,7.895
1990-10-12,7.864
1990-10-15,7.829
1990-10-16,7.767
1990-10-17,7.674
1990-10-18,7.622
1990-10-19,7.587
1990-10-22,7.549
1990-10-23,7.509
1990-10-24,7.509
1990-10-25,7.462
1990-10-26,7.479
1990-10-29,7.432
1990-10-30,7.411
1990-10-31,7.405
1990-11-01,7.405
1990-11-02,7.384
1990-11-05,7.356
1990-11-06,7.356
1990-11-07,7.356
1990-11-08,7.373
1990-11-09,7.395
1990-11-13,7.39
1990-11-14,7.39
1990-11-15,7.389
1990-11-16,7.39
1990-11-19,7.325
1990-11-20,7.323
1990-11-21,7.313
1990-11-22,7.293
1990-11-26,7.226
1990-11-27,7.258
1990-11-28,7.259
1990-11-29,7.259
1990-11-30,7.259
1990-12-03,7.242
1990-12-04,7.264
1990-12-05,7.248
1990-12-06,7.264
1990-12-07,7.248
1990-12-10,7.205
1990-12-11,7.179
1990-12-12,7.158
1990-12-13,7.093
1990-12-14,7.059
1990-12-17,7.013
1990-12-18,6.983
1990-12-19,6.959
1990-12-20,6.959
1990-12-21,6.998
1990-12-25,7.011
1990-12-26,7.049
1990-12-27,7.054
1990-12-28,7.054
1991-01-04,7.005
1991-01-07,7.038
1991-01-08,7.065
1991-01-09,7.059
1991-01-10,7.034
1991-01-11,7.006
1991-01-14,7.039
1991-01-16,7.066
1991-01-17,7.011
1991-01-18,6.995
1991-01-21,7.027
1991-01-22,7.021
1991-01-23,6.999
1991-01-24,6.993
1991-01-25,6.971
1991-01-28,6.956
1991-01-29,6.926
1991-01-30,6.904
1991-01-31,6.898
1991-02-01,6.911
1991-02-04,6.923
1991-02-05,6.921
1991-02-06,6.898
1991-02-07,6.898
1991-02-08,6.886
1991-02-12,6.858
1991-02-13,6.819
1991-02-14,6.797
1991-02-15,6.769
1991-02-18,6.741
1991-02-19,6.707
1991-02-20,6.679
1991-02-21,6.661
1991-02-22,6.644
1991-02-25,6.617
1991-02-26,6.598
1991-02-27,6.611
1991-02-28,6.645
1991-03-01,6.749
1991-03-04,6.803
1991-03-05,6.786
1991-03-06,6.788
1991-03-07,6.8
1991-03-08,6.795
1991-03-11,6.816
1991-03-12,6.807
1991-03-13,6.816
1991-03-14,6.815
1991-03-15,6.815
1991-03-18,6.815
1991-03-19,6.816
1991-03-20,6.809
1991-03-22,6.764
1991-03-25,6.771
1991-03-26,6.788
1991-03-27,6.815
1991-03-28,6.815
1991-03-29,6.804
1991-04-01,6.833
1991-04-02,6.834
1991-04-03,6.837
1991-04-04,6.848
1991-04-05,6.823
1991-04-08,6.823
1991-04-09,6.834
1991-04-10,6.863
1991-04-11,6.902
1991-04-12,6.917
1991-04-15,6.918
1991-04-16,6.882
1991-04-17,6.882
1991-04-18,6.862
1991-04-19,6.862
1991-04-22,6.893
1991-04-23,6.914
1991-04-24,6.945
1991-04-25,6.944
1991-04-26,6.94
1991-04-30,6.941
1991-05-01,6.925
1991-05-02,6.921
1991-05-07,6.933
1991-05-08,6.944
1991-05-09,6.954
1991-05-10,6.934
1991-05-13,6.924
1991-05-14,6.913
1991-05-15,6.919
1991-05-16,6.908
1991-05-17,6.895
1991-05-20,6.89
1991-05-21,6.879
1991-05-22,6.875
1991-05-23,6.859
1991-05-24,6.85
1991-05-27,6.846
1991-05-28,6.83
1991-05-29,6.83
1991-05-30,6.803
1991-05-31,6.757
1991-06-03,6.762
1991-06-04,6.751
1991-06-05,6.751
1991-06-06,6.751
1991-06-07,6.762
1991-06-10,6.816
1991-06-11,6.851
1991-06-12,6.894
1991-06-13,6.9
1991-06-14,6.904
1991-06-17,6.915
1991-06-18,6.943
1991-06-19,6.981
1991-06-20,6.983
1991-06-21,6.975
1991-06-24,7.005
1991-06-25,6.997
1991-06-26,6.997
1991-06-27,7.008
1991-06-28,7.019
1991-07-01,6.933
1991-07-02,6.95
1991-07-03,6.955
1991-07-04,6.934
1991-07-05,6.914
1991-07-08,6.898
1991-07-09,6.877
1991-07-10,6.882
1991-07-11,6.857
1991-07-12,6.846
1991-07-15,6.824
1991-07-16,6.825
1991-07-17,6.818
1991-07-18,6.818
1991-07-19,6.807
1991-07-22,6.807
1991-07-23,6.796
1991-07-24,6.78
1991-07-25,6.769
1991-07-26,6.735
1991-07-29,6.735
1991-07-30,6.707
1991-07-31,6.702
1991-08-01,6.698
1991-08-02,6.681
1991-08-05,6.653
1991-08-06,6.649
1991-08-07,6.637
1991-08-08,6.642
1991-08-09,6.62
1991-08-12,6.619
1991-08-13,6.58
1991-08-14,6.552
1991-08-15,6.553
1991-08-16,6.514
1991-08-19,6.554
1991-08-20,6.509
1991-08-21,6.481
1991-08-22,6.461
1991-08-23,6.454
1991-08-26,6.455
1991-08-27,6.453
1991-08-28,6.453
1991-08-29,6.407
1991-08-30,6.376
1991-09-02,6.363
1991-09-03,6.345
1991-09-04,6.32
1991-09-05,6.323
1991-09-06,6.268
1991-09-09,6.224
1991-09-10,6.171
1991-09-11,6.124
1991-09-12,6.051
1991-09-13,5.972
1991-09-17,5.98
1991-09-18,5.98
1991-09-19,5.97
1991-09-20,5.922
1991-09-24,5.901
1991-09-25,5.893
1991-09-26,5.878
1991-09-27,5.83
1991-09-30,5.785
1991-10-01,5.747
1991-10-02,5.739
1991-10-03,5.695
1991-10-04,5.68
1991-10-07,5.683
1991-10-08,5.718
1991-10-09,5.757
1991-10-11,5.762
1991-10-14,5.77
1991-10-15,5.77
1991-10-16,5.732
1991-10-17,5.683
1991-10-18,5.687
1991-10-21,5.652
1991-10-22,5.653
1991-10-23,5.629
1991-10-24,5.591
1991-10-25,5.579
1991-10-28,5.588
1991-10-29,5.588
1991-10-30,5.593
1991-10-31,5.576
1991-11-01,5.578
1991-11-05,5.588
1991-11-06,5.608
1991-11-07,5.614
1991-11-08,5.594
1991-11-11,5.594
1991-11-12,5.574
1991-11-13,5.579
1991-11-14,5.57
1991-11-15,5.546
1991-11-18,5.541
1991-11-19,5.541
1991-11-20,5.587
1991-11-21,5.553
1991-11-22,5.559
1991-11-25,5.564
1991-11-26,5.543
1991-11-27,5.548
1991-11-28,5.548
1991-11-29,5.543
1991-12-02,5.514
1991-12-03,5.498
1991-12-04,5.483
1991-12-05,5.437
1991-12-06,5.401
1991-12-09,5.411
1991-12-10,5.358
1991-12-11,5.358
1991-12-12,5.342
1991-12-13,5.316
1991-12-16,5.325
1991-12-17,5.327
1991-12-18,5.32
1991-12-19,5.289
1991-12-20,5.291
1991-12-24,5.24
1991-12-25,5.212
1991-12-26,5.181
1991-12-27,5.155
1991-12-30,5.103
1992-01-06,5.02
1992-01-07,4.922
1992-01-08,4.927
1992-01-09,4.879
1992-01-10,4.879
1992-01-13,4.89
1992-01-14,4.863
1992-01-16,4.868
1992-01-17,4.769
1992-01-20,4.727
1992-01-21,4.655
1992-01-22,4.489
1992-01-23,4.494
1992-01-24,4.509
1992-01-27,4.514
1992-01-28,4.556
1992-01-29,4.556
1992-01-30,4.582
1992-01-31,4.606
1992-02-03,4.644
1992-02-04,4.689
1992-02-05,4.682
1992-02-06,4.675
1992-02-07,4.679
1992-02-10,4.702
1992-02-12,4.75
1992-02-13,4.734
1992-02-14,4.749
1992-02-17,4.736
1992-02-18,4.741
1992-02-19,4.763
1992-02-20,4.743
1992-02-21,4.741
1992-02-24,4.744
1992-02-25,4.706
1992-02-26,4.687
1992-02-27,4.67
1992-02-28,4.663
1992-03-02,4.645
1992-03-03,4.655
1992-03-04,4.678
1992-03-05,4.653
1992-03-06,4.659
1992-03-09,4.669
1992-03-10,4.655
1992-03-11,4.641
1992-03-12,4.643
1992-03-13,4.644
1992-03-16,4.646
1992-03-17,4.642
1992-03-18,4.652
1992-03-19,4.651
1992-03-23,4.649
1992-03-24,4.653
1992-03-25,4.65
1992-03-26,4.632
1992-03-27,4.622
1992-03-30,4.639
1992-03-31,4.644
1992-04-01,4.635
1992-04-02,4.664
1992-04-03,4.667
1992-04-06,4.663
1992-04-07,4.683
1992-04-08,4.668
1992-04-09,4.649
1992-04-10,4.534
1992-04-13,4.541
1992-04-14,4.544
1992-04-15,4.512
1992-04-16,4.515
1992-04-17,4.517
1992-04-20,4.526
1992-04-21,4.497
1992-04-22,4.501
1992-04-23,4.507
1992-04-24,4.509
1992-04-27,4.52
1992-04-28,4.509
1992-04-30,4.52
1992-05-01,4.52
1992-05-06,4.502
1992-05-07,4.508
1992-05-08,4.509
1992-05-11,4.507
1992-05-12,4.506
1992-05-13,4.511
1992-05-14,4.526
1992-05-15,4.547
1992-05-18,4.557
1992-05-19,4.577
1992-05-20,4.633
1992-05-21,4.615
1992-05-22,4.651
1992-05-25,4.662
1992-05-26,4.693
1992-05-27,4.712
1992-05-28,4.738
1992-05-29,4.738
1992-06-01,4.727
1992-06-02,4.732
1992-06-03,4.701
1992-06-04,4.705
1992-06-05,4.675
1992-06-08,4.654
1992-06-09,4.649
1992-06-10,4.628
1992-06-11,4.595
1992-06-12,4.599
1992-06-15,4.579
1992-06-16,4.545
1992-06-17,4.528
1992-06-18,4.533
1992-06-19,4.535
1992-06-22,4.529
1992-06-23,4.521
1992-06-24,4.503
1992-06-25,4.467
1992-06-26,4.438
1992-06-29,4.448
1992-06-30,4.453
1992-07-01,4.412
1992-07-02,4.401
1992-07-03,4.355
1992-07-06,4.335
1992-07-07,4.32
1992-07-08,4.274
1992-07-09,4.249
1992-07-10,4.223
1992-07-13,4.228
1992-07-14,4.198
1992-07-15,4.203
1992-07-16,4.208
1992-07-17,4.177
1992-07-20,4.176
1992-07-21,4.13
1992-07-22,4.034
1992-07-23,4.039
1992-07-24,4.039
1992-07-27,3.982
1992-07-28,3.915
1992-07-29,3.868
1992-07-30,3.873
1992-07-31,3.871
1992-08-03,3.881
1992-08-04,3.865
1992-08-05,3.87
1992-08-06,3.861
1992-08-07,3.845
1992-08-10,3.808
1992-08-11,3.741
1992-08-12,3.683
1992-08-13,3.635
1992-08-14,3.561
1992-08-17,3.507
1992-08-18,3.468
1992-08-19,3.43
1992-08-20,3.435
1992-08-21,3.508
1992-08-24,3.521
1992-08-25,3.526
1992-08-26,3.532
1992-08-27,3.524
1992-08-28,3.61
1992-08-31,3.776
1992-09-01,3.795
1992-09-02,3.848
1992-09-03,3.83
1992-09-04,3.743
1992-09-07,3.633
1992-09-08,3.637
1992-09-09,3.646
1992-09-10,3.674
1992-09-11,3.728
1992-09-14,3.729
1992-09-16,3.75
1992-09-17,3.762
1992-09-18,3.737
1992-09-21,3.728
1992-09-22,3.712
1992-09-24,3.682
1992-09-25,3.633
1992-09-28,3.626
1992-09-29,3.631
1992-09-30,3.637
1992-10-01,3.577
1992-10-02,3.518
1992-10-05,3.524
1992-10-06,3.484
1992-10-07,3.51
1992-10-08,3.545
1992-10-09,3.529
1992-10-12,3.536
1992-10-13,3.521
1992-10-14,3.513
1992-10-15,3.552
1992-10-16,3.548
1992-10-19,3.561
1992-10-20,3.594
1992-10-21,3.597
1992-10-22,3.589
1992-10-23,3.574
1992-10-26,3.565
1992-10-27,3.56
1992-10-28,3.554
1992-10-29,3.547
1992-10-30,3.508
1992-11-02,3.499
1992-11-04,3.48
1992-11-05,3.468
1992-11-06,3.469
1992-11-09,3.465
1992-11-10,3.45
1992-11-11,3.454
1992-11-12,3.455
1992-11-13,3.44
1992-11-16,3.465
1992-11-17,3.48
1992-11-18,3.505
1992-11-19,3.5
1992-11-20,3.525
1992-11-24,3.54
1992-11-25,3.555
1992-11-26,3.548
1992-11-27,3.572
1992-11-30,3.616
1992-12-01,3.602
1992-12-02,3.572
1992-12-03,3.557
1992-12-04,3.524
1992-12-07,3.514
1992-12-08,3.519
1992-12-09,3.519
1992-12-10,3.534
1992-12-11,3.557
1992-12-14,3.601
1992-12-15,3.602
1992-12-16,3.617
1992-12-17,3.599
1992-12-18,3.602
1992-12-21,3.614
1992-12-22,3.617
1992-12-24,3.604
1992-12-25,3.609
1992-12-28,3.619
1992-12-29,3.607
1992-12-30,3.612
1993-01-04,3.627
1993-01-05,3.612
1993-01-06,3.587
1993-01-07,3.556
1993-01-08,3.542
1993-01-11,3.557
1993-01-12,3.527
1993-01-13,3.522
1993-01-14,3.48
1993-01-18,3.465
1993-01-19,3.45
1993-01-20,3.455
1993-01-21,3.431
1993-01-22,3.431
1993-01-25,3.425
1993-01-26,3.388
1993-01-27,3.39
1993-01-28,3.388
1993-01-29,3.372
1993-02-01,3.376
1993-02-02,3.324
1993-02-03,3.308
1993-02-04,3.252
1993-02-05,3.183
1993-02-08,3.167
1993-02-09,3.162
1993-02-10,3.146
1993-02-12,3.155
1993-02-15,3.18
1993-02-16,3.208
1993-02-17,3.202
1993-02-18,3.17
1993-02-19,3.125
1993-02-22,3.109
1993-02-23,3.114
1993-02-24,3.069
1993-02-25,3.077
1993-02-26,3.077
1993-03-01,3.065
1993-03-02,3.041
1993-03-03,3.042
1993-03-04,3.048
1993-03-05,3.011
1993-03-08,3.034
1993-03-09,3.09
1993-03-10,3.093
1993-03-11,3.082
1993-03-12,3.087
1993-03-15,3.129
1993-03-16,3.134
1993-03-17,3.12
1993-03-18,3.145
1993-03-19,3.151
1993-03-22,3.163
1993-03-23,3.2
1993-03-24,3.24
1993-03-25,3.397
1993-03-26,3.425
1993-03-29,3.496
1993-03-30,3.45
1993-03-31,3.446
1993-04-01,3.4
1993-04-02,3.405
1993-04-05,3.434
1993-04-06,3.417
1993-04-07,3.423
1993-04-08,3.428
1993-04-09,3.399
1993-04-12,3.368
1993-04-13,3.373
1993-04-14,3.346
1993-04-15,3.319
1993-04-16,3.331
1993-04-19,3.341
1993-04-20,3.29
1993-04-21,3.294
1993-04-22,3.265
1993-04-23,3.252
1993-04-26,3.24
1993-04-27,3.272
1993-04-28,3.328
1993-04-30,3.314
1993-05-06,3.313
1993-05-07,3.315
1993-05-10,3.335
1993-05-11,3.321
1993-05-12,3.326
1993-05-13,3.311
1993-05-14,3.315
1993-05-17,3.302
1993-05-18,3.344
1993-05-19,3.367
1993-05-20,3.391
1993-05-21,3.363
1993-05-24,3.408
1993-05-25,3.432
1993-05-26,3.432
1993-05-27,3.418
1993-05-28,3.442
1993-05-31,3.457
1993-06-01,3.441
1993-06-02,3.426
1993-06-03,3.401
1993-06-04,3.362
1993-06-07,3.342
1993-06-08,3.337
1993-06-10,3.312
1993-06-11,3.307
1993-06-14,3.291
1993-06-15,3.276
1993-06-16,3.254
1993-06-17,3.228
1993-06-18,3.213
1993-06-21,3.213
1993-06-22,3.238
1993-06-23,3.231
1993-06-24,3.163
1993-06-25,3.142
1993-06-28,3.114
1993-06-29,3.099
1993-06-30,3.094
1993-07-01,3.062
1993-07-02,3.067
1993-07-05,3.082
1993-07-06,3.062
1993-07-07,3.077
1993-07-08,3.082
1993-07-09,3.077
1993-07-12,3.062
1993-07-13,3.067
1993-07-14,3.072
1993-07-15,3.077
1993-07-16,3.066
1993-07-19,3.076
1993-07-20,3.08
1993-07-21,3.085
1993-07-22,3.065
1993-07-23,3.04
1993-07-26,3.05
1993-07-27,3.024
1993-07-28,3.014
1993-07-29,2.998
1993-07-30,2.977
1993-08-02,2.931
1993-08-03,2.924
1993-08-04,2.929
1993-08-05,2.939
1993-08-06,2.936
1993-08-09,2.951
1993-08-10,2.951
1993-08-11,2.935
1993-08-12,2.929
1993-08-13,2.94
1993-08-16,2.955
1993-08-17,2.915
1993-08-18,2.919
1993-08-19,2.951
1993-08-20,3.056
1993-08-23,2.991
1993-08-24,2.959
1993-08-25,2.932
1993-08-26,2.886
1993-08-27,2.892
1993-08-30,2.902
1993-08-31,2.836
1993-09-01,2.83
1993-09-02,2.838
1993-09-03,2.825
1993-09-06,2.794
1993-09-07,2.794
1993-09-08,2.777
1993-09-09,2.728
1993-09-10,2.725
1993-09-13,2.747
1993-09-14,2.76
1993-09-16,2.758
1993-09-17,2.761
1993-09-20,2.754
1993-09-21,2.635
1993-09-22,2.639
1993-09-24,2.64
1993-09-27,2.625
1993-09-28,2.632
1993-09-29,2.637
1993-09-30,2.608
1993-10-01,2.595
1993-10-04,2.58
1993-10-05,2.514
1993-10-06,2.529
1993-10-07,2.508
1993-10-08,2.476
1993-10-12,2.452
1993-10-13,2.446
1993-10-14,2.45
1993-10-15,2.445
1993-10-18,2.472
1993-10-19,2.453
1993-10-20,2.407
1993-10-21,2.346
1993-10-22,2.289
1993-10-25,2.252
1993-10-26,2.209
1993-10-27,2.188
1993-10-28,2.192
1993-10-29,2.137
1993-11-01,2.139
1993-11-02,2.129
1993-11-04,2.098
1993-11-05,2.095
1993-11-08,2.11
1993-11-09,2.082
1993-11-10,2.049
1993-11-11,2.072
1993-11-12,2.09
1993-11-15,2.079
1993-11-16,2.112
1993-11-17,2.131
1993-11-18,2.098
1993-11-19,2.073
1993-11-22,2.073
1993-11-24,2.05
1993-11-25,1.951
1993-11-26,1.873
1993-11-29,1.85
1993-11-30,1.754
1993-12-01,1.729
1993-12-02,1.734
1993-12-03,1.719
1993-12-06,1.729
1993-12-07,1.743
1993-12-08,1.748
1993-12-09,1.711
1993-12-10,1.729
1993-12-13,1.744
1993-12-14,1.734
1993-12-15,1.788
1993-12-16,1.808
1993-12-17,1.816
1993-12-20,1.782
1993-12-21,1.727
1993-12-22,1.693
1993-12-24,1.661
1993-12-27,1.667
1993-12-28,1.675
1993-12-29,1.636
1993-12-30,1.64
1994-01-04,1.679
1994-01-05,1.684
1994-01-06,1.689
1994-01-07,1.665
1994-01-10,1.708
1994-01-11,1.74
1994-01-12,1.818
1994-01-13,1.833
1994-01-14,1.941
1994-01-17,1.935
1994-01-18,1.985
1994-01-19,1.992
1994-01-20,1.997
1994-01-21,1.98
1994-01-24,1.891
1994-01-25,2.027
1994-01-26,2.097
1994-01-27,2.101
1994-01-28,2.126
1994-01-31,2.272
1994-02-01,2.256
1994-02-02,2.212
1994-02-03,2.169
1994-02-04,2.154
1994-02-07,2.179
1994-02-08,2.197
1994-02-09,2.175
1994-02-10,2.165
1994-02-14,2.122
1994-02-15,2.032
1994-02-16,2.067
1994-02-17,2.176
1994-02-18,2.211
1994-02-21,2.278
1994-02-22,2.293
1994-02-23,2.284
1994-02-24,2.357
1994-02-25,2.445
1994-02-28,2.52
1994-03-01,2.621
1994-03-02,2.783
1994-03-03,2.677
1994-03-04,2.623
1994-03-07,2.662
1994-03-08,2.613
1994-03-09,2.608
1994-03-10,2.563
1994-03-11,2.516
1994-03-14,2.524
1994-03-15,2.568
1994-03-16,2.582
1994-03-17,2.616
1994-03-18,2.606
1994-03-22,2.771
1994-03-23,2.706
1994-03-24,2.71
1994-03-25,2.714
1994-03-28,2.681
1994-03-29,2.613
1994-03-30,2.597
1994-03-31,2.526
1994-04-01,2.515
1994-04-04,2.526
1994-04-05,2.541
1994-04-06,2.593
1994-04-07,2.714
1994-04-08,2.749
1994-04-11,2.82
1994-04-12,2.796
1994-04-13,2.757
1994-04-14,2.737
1994-04-15,2.68
1994-04-18,2.675
1994-04-19,2.748
1994-04-20,2.75
1994-04-21,2.744
1994-04-22,2.664
1994-04-25,2.665
1994-04-26,2.658
1994-04-27,2.61
1994-04-28,2.574
1994-05-02,2.52
1994-05-06,2.552
1994-05-09,2.535
1994-05-10,2.486
1994-05-11,2.448
1994-05-12,2.428
1994-05-13,2.394
1994-05-16,2.397
1994-05-17,2.421
1994-05-18,2.403
1994-05-19,2.392
1994-05-20,2.379
1994-05-23,2.391
1994-05-24,2.372
1994-05-25,2.369
1994-05-26,2.311
1994-05-27,2.299
1994-05-30,2.334
1994-05-31,2.391
1994-06-01,2.485
1994-06-02,2.53
1994-06-03,2.515
1994-06-06,2.55
1994-06-07,2.653
1994-06-08,2.599
1994-06-09,2.599
1994-06-10,2.556
1994-06-13,2.64
1994-06-14,2.654
1994-06-15,2.649
1994-06-16,2.637
1994-06-17,2.741
1994-06-20,2.885
1994-06-21,2.837
1994-06-22,2.74
1994-06-23,2.693
1994-06-24,2.646
1994-06-27,2.594
1994-06-28,2.679
1994-06-29,2.601
1994-06-30,2.586
1994-07-01,2.44
1994-07-04,2.505
1994-07-05,2.6
1994-07-06,2.549
1994-07-07,2.554
1994-07-08,2.474
1994-07-11,2.543
1994-07-12,2.497
1994-07-13,2.528
1994-07-14,2.553
1994-07-15,2.508
1994-07-18,2.518
1994-07-19,2.518
1994-07-20,2.583
1994-07-21,2.612
1994-07-22,2.643
1994-07-25,2.652
1994-07-26,2.687
1994-07-27,2.655
1994-07-28,2.649
1994-07-29,2.659
1994-08-01,2.658
1994-08-02,2.692
1994-08-03,2.765
1994-08-04,2.816
1994-08-05,2.864
1994-08-08,2.883
1994-08-09,2.978
1994-08-10,2.988
1994-08-11,2.965
1994-08-12,2.969
1994-08-15,2.942
1994-08-16,2.947
1994-08-17,2.985
1994-08-18,2.928
1994-08-19,2.885
1994-08-22,2.928
1994-08-23,2.922
1994-08-24,2.934
1994-08-25,2.971
1994-08-26,2.985
1994-08-29,3.043
1994-08-30,3.105
1994-08-31,3.102
1994-09-01,3.052
1994-09-02,3.033
1994-09-05,3.024
1994-09-06,3.024
1994-09-07,3.003
1994-09-08,2.987
1994-09-09,2.957
1994-09-12,2.972
1994-09-13,2.978
1994-09-14,2.985
1994-09-16,2.989
1994-09-19,3.009
1994-09-20,2.983
1994-09-21,2.956
1994-09-22,2.937
1994-09-26,2.922
1994-09-27,2.91
1994-09-28,2.893
1994-09-29,2.897
1994-09-30,2.908
1994-10-03,2.959
1994-10-04,2.982
1994-10-05,3.023
1994-10-06,3.054
1994-10-07,3.131
1994-10-11,3.165
1994-10-12,3.189
1994-10-13,3.243
1994-10-14,3.202
1994-10-17,3.183
1994-10-18,3.213
1994-10-19,3.227
1994-10-20,3.243
1994-10-21,3.205
1994-10-24,3.271
1994-10-25,3.252
1994-10-26,3.244
1994-10-27,3.243
1994-10-28,3.238
1994-10-31,3.218
1994-11-01,3.208
1994-11-02,3.203
1994-11-04,3.239
1994-11-07,3.242
1994-11-08,3.242
1994-11-09,3.247
1994-11-10,3.233
1994-11-11,3.173
1994-11-14,3.183
1994-11-15,3.171
1994-11-16,3.186
1994-11-17,3.187
1994-11-18,3.174
1994-11-21,3.17
1994-11-22,3.13
1994-11-24,3.036
1994-11-25,3.034
1994-11-28,3.069
1994-11-29,3.074
1994-11-30,3.084
1994-12-01,3.038
1994-12-02,3.028
1994-12-05,3.068
1994-12-06,3.043
1994-12-07,2.993
1994-12-08,3.018
1994-12-09,2.972
1994-12-12,2.967
1994-12-13,2.94
1994-12-14,2.935
1994-12-15,2.975
1994-12-16,2.98
1994-12-19,2.997
1994-12-20,2.984
1994-12-21,2.966
1994-12-22,2.962
1994-12-26,2.972
1994-12-27,2.958
1994-12-28,2.933
1994-12-29,2.917
1994-12-30,2.922
1995-01-04,2.993
1995-01-05,3.013
1995-01-06,3.013
1995-01-09,3.023
1995-01-10,2.976
1995-01-11,2.92
1995-01-12,2.869
1995-01-13,2.905
1995-01-17,2.979
1995-01-18,2.902
1995-01-19,2.897
1995-01-20,2.881
1995-01-23,2.821
1995-01-24,2.785
1995-01-25,2.8
1995-01-26,2.8
1995-01-27,2.79
1995-01-30,2.804
1995-01-31,2.818
1995-02-01,2.846
1995-02-02,2.898
1995-02-03,2.875
1995-02-06,2.865
1995-02-07,2.848
1995-02-08,2.837
1995-02-09,2.825
1995-02-10,2.806
1995-02-13,2.821
1995-02-14,2.805
1995-02-15,2.798
1995-02-16,2.797
1995-02-17,2.794
1995-02-20,2.792
1995-02-21,2.793
1995-02-22,2.792
1995-02-23,2.712
1995-02-24,2.712
1995-02-27,2.661
1995-02-28,2.657
1995-03-01,2.659
1995-03-02,2.661
1995-03-03,2.637
1995-03-06,2.599
1995-03-07,2.487
1995-03-08,2.438
1995-03-09,2.484
1995-03-10,2.471
1995-03-13,2.367
1995-03-14,2.372
1995-03-15,2.363
1995-03-16,2.31
1995-03-17,2.271
1995-03-20,2.294
1995-03-22,2.259
1995-03-23,2.188
1995-03-24,2.19
1995-03-27,2.206
1995-03-28,2.085
1995-03-29,2.063
1995-03-30,2.065
1995-03-31,1.969
1995-04-03,1.821
1995-04-04,1.785
1995-04-05,1.839
1995-04-06,1.835
1995-04-07,1.808
1995-04-10,1.89
1995-04-11,1.895
1995-04-12,1.916
1995-04-13,1.788
1995-04-14,1.674
1995-04-17,1.645
1995-04-18,1.55
1995-04-19,1.602
1995-04-20,1.609
1995-04-21,1.698
1995-04-24,1.705
1995-04-25,1.733
1995-04-26,1.681
1995-04-27,1.727
1995-04-28,1.755
1995-05-01,1.811
1995-05-02,1.746
1995-05-08,1.712
1995-05-09,1.665
1995-05-10,1.648
1995-05-11,1.599
1995-05-12,1.664
1995-05-15,1.678
1995-05-16,1.654
1995-05-17,1.592
1995-05-18,1.578
1995-05-19,1.527
1995-05-22,1.459
1995-05-23,1.422
1995-05-24,1.393
1995-05-25,1.312
1995-05-26,1.207
1995-05-29,1.193
1995-05-30,1.121
1995-05-31,1.026
1995-06-01,0.997
1995-06-02,1.151
1995-06-05,1.098
1995-06-06,1.026
1995-06-07,1.069
1995-06-08,1.151
1995-06-09,1.132
1995-06-12,1.145
1995-06-13,1.115
1995-06-14,1.164
1995-06-15,1.208
1995-06-16,1.19
1995-06-19,1.193
1995-06-20,1.226
1995-06-21,1.157
1995-06-22,1.078
1995-06-23,1.063
1995-06-26,1.053
1995-06-27,1.057
1995-06-28,1.097
1995-06-29,1.076
1995-06-30,1.126
1995-07-03,1.096
1995-07-04,1.097
1995-07-05,1.067
1995-07-06,1.087
1995-07-07,0.902
1995-07-10,0.97
1995-07-11,0.966
1995-07-12,0.992
1995-07-13,0.997
1995-07-14,1.075
1995-07-17,1.065
1995-07-18,1.079
1995-07-19,1.051
1995-07-20,0.995
1995-07-21,1.001
1995-07-24,1.022
1995-07-25,1.004
1995-07-26,0.983
1995-07-27,0.934
1995-07-28,0.898
1995-07-31,0.932
1995-08-01,0.903
1995-08-02,0.987
1995-08-03,1.002
1995-08-04,1.012
1995-08-07,0.996
1995-08-08,1.042
1995-08-09,1.05
1995-08-10,1.079
1995-08-11,1.119
1995-08-14,1.161
1995-08-15,1.218
1995-08-16,1.583
1995-08-17,1.525
1995-08-18,1.477
1995-08-21,1.381
1995-08-22,1.336
1995-08-23,1.259
1995-08-24,1.221
1995-08-25,1.179
1995-08-28,1.124
1995-08-29,1.177
1995-08-30,1.153
1995-08-31,1.028
1995-09-01,0.971
1995-09-04,0.89
1995-09-05,0.957
1995-09-06,0.976
1995-09-07,0.948
1995-09-08,0.858
1995-09-11,0.843
1995-09-12,0.848
1995-09-13,0.819
1995-09-14,0.785
1995-09-18,0.809
1995-09-19,0.819
1995-09-20,0.761
1995-09-21,0.746
1995-09-22,0.741
1995-09-25,0.736
1995-09-26,0.651
1995-09-27,0.656
1995-09-28,0.625
1995-09-29,0.574
1995-10-02,0.558
1995-10-03,0.532
1995-10-04,0.507
1995-10-05,0.522
1995-10-06,0.553
1995-10-09,0.553
1995-10-11,0.56
1995-10-12,0.547
1995-10-13,0.509
1995-10-16,0.477
1995-10-17,0.381
1995-10-18,0.397
1995-10-19,0.371
1995-10-20,0.318
1995-10-23,0.354
1995-10-24,0.421
1995-10-25,0.532
1995-10-26,0.394
1995-10-27,0.434
1995-10-30,0.495
1995-10-31,0.51
1995-11-01,0.539
1995-11-02,0.577
1995-11-06,0.583
1995-11-07,0.58
1995-11-08,0.543
1995-11-09,0.476
1995-11-10,0.414
1995-11-13,0.434
1995-11-14,0.438
1995-11-15,0.406
1995-11-16,0.41
1995-11-17,0.374
1995-11-20,0.367
1995-11-21,0.364
1995-11-22,0.35
1995-11-24,0.332
1995-11-27,0.321
1995-11-28,0.349
1995-11-29,0.354
1995-11-30,0.377
1995-12-01,0.392
1995-12-04,0.44
1995-12-05,0.487
1995-12-06,0.516
1995-12-07,0.469
1995-12-08,0.44
1995-12-11,0.415
1995-12-12,0.41
1995-12-13,0.458
1995-12-14,0.417
1995-12-15,0.427
1995-12-18,0.452
1995-12-19,0.445
1995-12-20,0.455
1995-12-21,0.498
1995-12-22,0.537
1995-12-25,0.629
1995-12-26,0.655
1995-12-27,0.723
1995-12-28,0.735
1995-12-29,0.739
1996-01-04,0.953
1996-01-05,0.914
1996-01-08,0.933
1996-01-09,0.898
1996-01-10,0.805
1996-01-11,0.79
1996-01-12,0.825
1996-01-16,0.869
1996-01-17,0.811
1996-01-18,0.816
1996-01-19,0.88
1996-01-22,0.882
1996-01-23,0.89
1996-01-24,0.902
1996-01-25,0.901
1996-01-26,0.873
1996-01-29,0.878
1996-01-30,0.914
1996-01-31,0.942
1996-02-01,0.957
1996-02-02,0.963
1996-02-05,0.963
1996-02-06,0.967
1996-02-07,0.963
1996-02-08,0.948
1996-02-09,0.949
1996-02-13,0.991
1996-02-14,1.015
1996-02-15,1.131
1996-02-16,1.146
1996-02-19,1.155
1996-02-20,1.182
1996-02-21,1.238
1996-02-22,1.249
1996-02-23,1.249
1996-02-26,1.324
1996-02-27,1.348
1996-02-28,1.372
1996-02-29,1.313
1996-03-01,1.153
1996-03-04,1.051
1996-03-05,1.056
1996-03-06,1.017
1996-03-07,0.993
1996-03-08,0.982
1996-03-11,0.976
1996-03-12,0.981
1996-03-13,0.943
1996-03-14,0.903
1996-03-15,0.913
1996-03-18,0.957
1996-03-19,0.99
1996-03-21,1.053
1996-03-22,1.081
1996-03-25,1.126
1996-03-26,1.208
1996-03-27,1.091
1996-03-28,1.08
1996-03-29,1.021
1996-04-01,0.976
1996-04-02,0.97
1996-04-03,1.13
1996-04-04,1.096
1996-04-05,1.111
1996-04-08,1.219
1996-04-09,1.234
1996-04-10,1.185
1996-04-11,1.181
1996-04-12,1.197
1996-04-15,1.182
1996-04-16,1.222
1996-04-17,1.263
1996-04-18,1.26
1996-04-19,1.233
1996-04-22,1.225
1996-04-23,1.21
1996-04-24,1.224
1996-04-25,1.267
1996-04-26,1.347
1996-04-30,1.361
1996-05-01,1.374
1996-05-02,1.415
1996-05-07,1.425
1996-05-08,1.451
1996-05-09,1.414
1996-05-10,1.348
1996-05-13,1.344
1996-05-14,1.407
1996-05-15,1.351
1996-05-16,1.226
1996-05-17,1.237
1996-05-20,1.284
1996-05-21,1.246
1996-05-22,1.189
1996-05-23,1.151
1996-05-24,1.156
1996-05-27,1.197
1996-05-28,1.158
1996-05-29,1.164
1996-05-30,1.173
1996-05-31,1.106
1996-06-03,1.111
1996-06-04,1.116
1996-06-05,1.077
1996-06-06,1.082
1996-06-07,1.213
1996-06-10,1.266
1996-06-11,1.259
1996-06-12,1.196
1996-06-13,1.201
1996-06-14,1.206
1996-06-17,1.19
1996-06-18,1.2
1996-06-19,1.264
1996-06-20,1.3
1996-06-21,1.285
1996-06-24,1.27
1996-06-25,1.275
1996-06-26,1.262
1996-06-27,1.287
1996-06-28,1.147
1996-07-01,1.165
1996-07-02,1.201
1996-07-03,1.237
1996-07-04,1.243
1996-07-05,1.276
1996-07-08,1.361
1996-07-09,1.371
1996-07-10,1.354
1996-07-11,1.337
1996-07-12,1.332
1996-07-15,1.415
1996-07-16,1.469
1996-07-17,1.461
1996-07-18,1.486
1996-07-19,1.437
1996-07-22,1.407
1996-07-23,1.42
1996-07-24,1.335
1996-07-25,1.317
1996-07-26,1.27
1996-07-29,1.279
1996-07-30,1.309
1996-07-31,1.297
1996-08-01,1.32
1996-08-02,1.306
1996-08-05,1.298
1996-08-06,1.275
1996-08-07,1.181
1996-08-08,1.154
1996-08-09,1.149
1996-08-12,1.109
1996-08-13,1.104
1996-08-14,1.104
1996-08-15,1.099
1996-08-16,1.066
1996-08-19,1.025
1996-08-20,1.03
1996-08-21,1.006
1996-08-22,1.006
1996-08-23,0.987
1996-08-26,1.011
1996-08-27,1.024
1996-08-28,0.863
1996-08-29,0.806
1996-08-30,0.779
1996-09-02,0.808
1996-09-03,0.875
1996-09-04,0.889
1996-09-05,0.937
1996-09-06,0.951
1996-09-09,0.879
1996-09-10,0.894
1996-09-11,0.874
1996-09-12,0.878
1996-09-13,0.883
1996-09-17,0.829
1996-09-18,0.849
1996-09-19,0.844
1996-09-20,0.849
1996-09-24,0.859
1996-09-25,0.83
1996-09-26,0.853
1996-09-27,0.907
1996-09-30,0.854
1996-10-01,0.85
1996-10-02,0.847
1996-10-03,0.783
1996-10-04,0.737
1996-10-07,0.727
1996-10-08,0.718
1996-10-09,0.709
1996-10-11,0.714
1996-10-14,0.749
1996-10-15,0.735
1996-10-16,0.758
1996-10-17,0.749
1996-10-18,0.752
1996-10-21,0.707
1996-10-22,0.697
1996-10-23,0.698
1996-10-24,0.678
1996-10-25,0.683
1996-10-28,0.685
1996-10-29,0.697
1996-10-30,0.64
1996-10-31,0.621
1996-11-01,0.621
1996-11-05,0.591
1996-11-06,0.649
1996-11-07,0.709
1996-11-08,0.755
1996-11-11,0.772
1996-11-12,0.759
1996-11-13,0.677
1996-11-14,0.668
1996-11-15,0.67
1996-11-18,0.667
1996-11-19,0.667
1996-11-20,0.702
1996-11-21,0.702
1996-11-22,0.69
1996-11-25,0.713
1996-11-26,0.691
1996-11-27,0.646
1996-11-28,0.604
1996-11-29,0.609
1996-12-02,0.59
1996-12-03,0.608
1996-12-04,0.613
1996-12-05,0.604
1996-12-06,0.645
1996-12-09,0.636
1996-12-10,0.64
1996-12-11,0.655
1996-12-12,0.645
1996-12-13,0.621
1996-12-16,0.601
1996-12-17,0.572
1996-12-18,0.581
1996-12-19,0.532
1996-12-20,0.508
1996-12-24,0.546
1996-12-25,0.571
1996-12-26,0.613
1996-12-27,0.635
1996-12-30,0.669
1997-01-06,0.734
1997-01-07,0.707
1997-01-08,0.646
1997-01-09,0.632
1997-01-10,0.607
1997-01-13,0.592
1997-01-14,0.61
1997-01-16,0.603
1997-01-17,0.618
1997-01-20,0.606
1997-01-21,0.601
1997-01-22,0.599
1997-01-23,0.608
1997-01-24,0.572
1997-01-27,0.552
1997-01-28,0.571
1997-01-29,0.592
1997-01-30,0.561
1997-01-31,0.556
1997-02-03,0.563
1997-02-04,0.568
1997-02-05,0.548
1997-02-06,0.549
1997-02-07,0.53
1997-02-10,0.552
1997-02-12,0.557
1997-02-13,0.54
1997-02-14,0.54
1997-02-17,0.55
1997-02-18,0.546
1997-02-19,0.527
1997-02-20,0.56
1997-02-21,0.546
1997-02-24,0.556
1997-02-25,0.562
1997-02-26,0.552
1997-02-27,0.548
1997-02-28,0.563
1997-03-03,0.572
1997-03-04,0.583
1997-03-05,0.593
1997-03-06,0.537
1997-03-07,0.546
1997-03-10,0.561
1997-03-11,0.57
1997-03-12,0.555
1997-03-13,0.517
1997-03-14,0.502
1997-03-17,0.521
1997-03-18,0.574
1997-03-19,0.598
1997-03-21,0.686
1997-03-24,0.773
1997-03-25,0.748
1997-03-26,0.693
1997-03-27,0.739
1997-03-28,0.707
1997-03-31,0.696
1997-04-01,0.691
1997-04-02,0.652
1997-04-03,0.671
1997-04-04,0.656
1997-04-07,0.649
1997-04-08,0.671
1997-04-09,0.675
1997-04-10,0.675
1997-04-11,0.709
1997-04-14,0.725
1997-04-15,0.704
1997-04-16,0.673
1997-04-17,0.704
1997-04-18,0.709
1997-04-21,0.734
1997-04-22,0.743
1997-04-23,0.76
1997-04-24,0.781
1997-04-25,0.879
1997-04-28,0.915
1997-04-30,0.939
1997-05-01,0.896
1997-05-02,0.872
1997-05-06,0.966
1997-05-07,0.959
1997-05-08,0.987
1997-05-09,1.048
1997-05-12,1.061
1997-05-13,1.024
1997-05-14,1.042
1997-05-15,1.042
1997-05-16,1.031
1997-05-19,1.006
1997-05-20,1.006
1997-05-21,1.089
1997-05-22,1.068
1997-05-23,1.087
1997-05-26,1.131
1997-05-27,1.207
1997-05-28,1.281
1997-05-29,1.23
1997-05-30,1.141
1997-06-02,1.166
1997-06-03,1.195
1997-06-04,1.16
1997-06-05,1.17
1997-06-06,1.152
1997-06-09,1.106
1997-06-10,1.097
1997-06-11,0.983
1997-06-12,1.016
1997-06-13,0.982
1997-06-16,0.963
1997-06-17,0.929
1997-06-18,0.949
1997-06-19,0.94
1997-06-20,0.945
1997-06-23,0.95
1997-06-24,0.911
1997-06-25,1.046
1997-06-26,1.031
1997-06-27,0.949
1997-06-30,0.939
1997-07-01,0.919
1997-07-02,0.9
1997-07-03,0.879
1997-07-04,0.854
1997-07-07,0.874
1997-07-08,0.879
1997-07-09,0.865
1997-07-10,0.866
1997-07-11,0.868
1997-07-14,0.873
1997-07-15,0.878
1997-07-16,0.858
1997-07-17,0.847
1997-07-18,0.85
1997-07-22,0.86
1997-07-23,0.829
1997-07-24,0.814
1997-07-25,0.783
1997-07-28,0.79
1997-07-29,0.793
1997-07-30,0.75
1997-07-31,0.728
1997-08-01,0.713
1997-08-04,0.734
1997-08-05,0.739
1997-08-06,0.763
1997-08-07,0.734
1997-08-08,0.722
1997-08-11,0.726
1997-08-12,0.734
1997-08-13,0.717
1997-08-14,0.681
1997-08-15,0.693
1997-08-18,0.688
1997-08-19,0.665
1997-08-20,0.643
1997-08-21,0.638
1997-08-22,0.633
1997-08-25,0.634
1997-08-26,0.619
1997-08-27,0.625
1997-08-28,0.606
1997-08-29,0.588
1997-09-01,0.593
1997-09-02,0.564
1997-09-03,0.581
1997-09-04,0.599
1997-09-05,0.604
1997-09-08,0.599
1997-09-09,0.612
1997-09-10,0.602
1997-09-11,0.602
1997-09-12,0.582
1997-09-16,0.582
1997-09-17,0.582
1997-09-18,0.586
1997-09-19,0.586
1997-09-22,0.57
1997-09-24,0.564
1997-09-25,0.544
1997-09-26,0.554
1997-09-29,0.568
1997-09-30,0.612
1997-10-01,0.557
1997-10-02,0.561
1997-10-03,0.587
1997-10-06,0.59
1997-10-07,0.56
1997-10-08,0.571
1997-10-09,0.603
1997-10-13,0.609
1997-10-14,0.606
1997-10-15,0.59
1997-10-16,0.601
1997-10-17,0.579
1997-10-20,0.585
1997-10-21,0.58
1997-10-22,0.574
1997-10-23,0.57
1997-10-24,0.573
1997-10-27,0.562
1997-10-28,0.541
1997-10-29,0.562
1997-10-30,0.54
1997-10-31,0.545
1997-11-04,0.544
1997-11-05,0.542
1997-11-06,0.546
1997-11-07,0.543
1997-11-10,0.569
1997-11-11,0.584
1997-11-12,0.593
1997-11-13,0.496
1997-11-14,0.496
1997-11-17,0.451
1997-11-18,0.468
1997-11-19,0.475
1997-11-20,0.478
1997-11-21,0.478
1997-11-25,0.404
1997-11-26,0.434
1997-11-27,0.493
1997-11-28,0.503
1997-12-01,0.504
1997-12-02,0.536
1997-12-03,0.553
1997-12-04,0.548
1997-12-05,0.552
1997-12-08,0.542
1997-12-09,0.584
1997-12-10,0.581
1997-12-11,0.571
1997-12-12,0.579
1997-12-15,0.579
1997-12-16,0.598
1997-12-17,0.674
1997-12-18,0.643
1997-12-19,0.642
1997-12-22,0.641
1997-12-24,0.642
1997-12-25,0.641
1997-12-26,0.644
1997-12-29,0.644
1997-12-30,0.652
1998-01-05,0.617
1998-01-06,0.619
1998-01-07,0.636
1998-01-08,0.639
1998-01-09,0.633
1998-01-12,0.575
1998-01-13,0.582
1998-01-14,0.582
1998-01-16,0.597
1998-01-19,0.607
1998-01-20,0.625
1998-01-21,0.687
1998-01-22,0.668
1998-01-23,0.745
1998-01-26,0.788
1998-01-27,0.802
1998-01-28,0.836
1998-01-29,0.837
1998-01-30,0.796
1998-02-02,0.826
1998-02-03,0.839
1998-02-04,0.831
1998-02-05,0.842
1998-02-06,0.845
1998-02-09,0.827
1998-02-10,0.818
1998-02-12,0.802
1998-02-13,0.763
1998-02-16,0.752
1998-02-17,0.745
1998-02-18,0.748
1998-02-19,0.734
1998-02-20,0.721
1998-02-23,0.674
1998-02-24,0.675
1998-02-25,0.712
1998-02-26,0.644
1998-02-27,0.643
1998-03-02,0.641
1998-03-03,0.643
1998-03-04,0.631
1998-03-05,0.606
1998-03-06,0.621
1998-03-09,0.591
1998-03-10,0.593
1998-03-11,0.586
1998-03-12,0.564
1998-03-13,0.592
1998-03-16,0.587
1998-03-17,0.606
1998-03-18,0.609
1998-03-19,0.607
1998-03-20,0.614
1998-03-23,0.588
1998-03-24,0.591
1998-03-25,0.599
1998-03-26,0.635
1998-03-27,0.666
1998-03-30,0.649
1998-03-31,0.628
1998-04-01,0.631
1998-04-02,0.64
1998-04-03,0.677
1998-04-06,0.664
1998-04-07,0.648
1998-04-08,0.647
1998-04-09,0.64
1998-04-10,0.607
1998-04-13,0.603
1998-04-14,0.594
1998-04-15,0.592
1998-04-16,0.599
1998-04-17,0.603
1998-04-20,0.6
1998-04-21,0.599
1998-04-22,0.591
1998-04-23,0.569
1998-04-24,0.559
1998-04-27,0.546
1998-04-28,0.533
1998-04-30,0.527
1998-05-01,0.522
1998-05-06,0.509
1998-05-07,0.463
1998-05-08,0.422
1998-05-11,0.441
1998-05-12,0.428
1998-05-13,0.433
1998-05-14,0.452
1998-05-15,0.449
1998-05-18,0.433
1998-05-19,0.438
1998-05-20,0.438
1998-05-21,0.453
1998-05-22,0.424
1998-05-25,0.409
1998-05-26,0.417
1998-05-27,0.435
1998-05-28,0.428
1998-05-29,0.438
1998-06-01,0.44
1998-06-02,0.446
1998-06-03,0.484
1998-06-04,0.477
1998-06-05,0.484
1998-06-08,0.467
1998-06-09,0.473
1998-06-10,0.469
1998-06-11,0.494
1998-06-12,0.449
1998-06-15,0.44
1998-06-16,0.463
1998-06-17,0.524
1998-06-18,0.563
1998-06-19,0.541
1998-06-22,0.515
1998-06-23,0.517
1998-06-24,0.499
1998-06-25,0.52
1998-06-26,0.565
1998-06-29,0.59
1998-06-30,0.588
1998-07-01,0.603
1998-07-02,0.566
1998-07-03,0.563
1998-07-06,0.541
1998-07-07,0.539
1998-07-08,0.57
1998-07-09,0.572
1998-07-10,0.575
1998-07-13,0.603
1998-07-14,0.614
1998-07-15,0.592
1998-07-16,0.62
1998-07-17,0.62
1998-07-21,0.633
1998-07-22,0.62
1998-07-23,0.606
1998-07-24,0.621
1998-07-27,0.6
1998-07-28,0.602
1998-07-29,0.572
1998-07-30,0.53
1998-07-31,0.541
1998-08-03,0.54
1998-08-04,0.539
1998-08-05,0.538
1998-08-06,0.528
1998-08-07,0.508
1998-08-10,0.498
1998-08-11,0.516
1998-08-12,0.516
1998-08-13,0.532
1998-08-14,0.518
1998-08-17,0.509
1998-08-18,0.503
1998-08-19,0.514
1998-08-20,0.511
1998-08-21,0.503
1998-08-24,0.483
1998-08-25,0.484
1998-08-26,0.496
1998-08-27,0.497
1998-08-28,0.461
1998-08-31,0.432
1998-09-01,0.442
1998-09-02,0.445
1998-09-03,0.445
1998-09-04,0.442
1998-09-07,0.42
1998-09-08,0.421
1998-09-09,0.418
1998-09-10,0.24
1998-09-11,0.235
1998-09-14,0.249
1998-09-16,0.286
1998-09-17,0.286
1998-09-18,0.297
1998-09-21,0.34
1998-09-22,0.348
1998-09-24,0.358
1998-09-25,0.359
1998-09-28,0.389
1998-09-29,0.385
1998-09-30,0.379
1998-10-01,0.36
1998-10-02,0.36
1998-10-05,0.381
1998-10-06,0.387
1998-10-07,0.395
1998-10-08,0.391
1998-10-09,0.373
1998-10-12,0.408
1998-10-13,0.379
1998-10-14,0.412
1998-10-15,0.413
1998-10-16,0.409
1998-10-19,0.366
1998-10-20,0.366
1998-10-21,0.354
1998-10-22,0.346
1998-10-23,0.346
1998-10-26,0.346
1998-10-27,0.356
1998-10-28,0.339
1998-10-29,0.329
1998-10-30,0.32
1998-11-02,0.323
1998-11-04,0.329
1998-11-05,0.281
1998-11-06,0.265
1998-11-09,0.26
1998-11-10,0.235
1998-11-11,0.253
1998-11-12,0.238
1998-11-13,0.236
1998-11-16,0.24
1998-11-17,0.242
1998-11-18,0.242
1998-11-19,0.251
1998-11-20,0.272
1998-11-24,0.281
1998-11-25,0.297
1998-11-26,0.329
1998-11-27,0.333
1998-11-30,0.334
1998-12-01,0.413
1998-12-02,0.423
1998-12-03,0.396
1998-12-04,0.394
1998-12-07,0.416
1998-12-08,0.423
1998-12-09,0.461
1998-12-10,0.476
1998-12-11,0.463
1998-12-14,0.503
1998-12-15,0.487
1998-12-16,0.513
1998-12-17,0.509
1998-12-18,0.505
1998-12-21,0.577
1998-12-22,0.681
1998-12-24,0.743
1998-12-25,0.718
1998-12-28,0.699
1998-12-29,0.767
1998-12-30,0.802
1999-01-04,0.79
1999-01-05,0.758
1999-01-06,0.716
1999-01-07,0.633
1999-01-08,0.708
1999-01-11,0.687
1999-01-12,0.683
1999-01-13,0.664
1999-01-14,0.62
1999-01-18,0.643
1999-01-19,0.669
1999-01-20,0.644
1999-01-21,0.65
1999-01-22,0.64
1999-01-25,0.657
1999-01-26,0.642
1999-01-27,0.668
1999-01-28,0.66
1999-01-29,0.682
1999-02-01,0.696
1999-02-02,0.743
1999-02-03,0.72
1999-02-04,0.655
1999-02-05,0.661
1999-02-08,0.613
1999-02-09,0.586
1999-02-10,0.588
1999-02-12,0.6
1999-02-15,0.542
1999-02-16,0.489
1999-02-17,0.429
1999-02-18,0.383
1999-02-19,0.363
1999-02-22,0.357
1999-02-23,0.378
1999-02-24,0.377
1999-02-25,0.4
1999-02-26,0.4
1999-03-01,0.401
1999-03-02,0.392
1999-03-03,0.34
1999-03-04,0.28
1999-03-05,0.273
1999-03-08,0.301
1999-03-09,0.332
1999-03-10,0.328
1999-03-11,0.349
1999-03-12,0.331
1999-03-15,0.353
1999-03-16,0.35
1999-03-17,0.317
1999-03-18,0.308
1999-03-19,0.299
1999-03-23,0.306
1999-03-24,0.321
1999-03-25,0.311
1999-03-26,0.296
1999-03-29,0.317
1999-03-30,0.333
1999-03-31,0.348
1999-04-01,0.345
1999-04-02,0.345
1999-04-05,0.346
1999-04-06,0.347
1999-04-07,0.325
1999-04-08,0.312
1999-04-09,0.313
1999-04-12,0.304
1999-04-13,0.315
1999-04-14,0.32
1999-04-15,0.279
1999-04-16,0.292
1999-04-19,0.279
1999-04-20,0.265
1999-04-21,0.255
1999-04-22,0.25
1999-04-23,0.25
1999-04-26,0.245
1999-04-27,0.212
1999-04-28,0.217
1999-04-30,0.204
1999-05-06,0.185
1999-05-07,0.179
1999-05-10,0.181
1999-05-11,0.181
1999-05-12,0.165
1999-05-13,0.14
1999-05-14,0.118
1999-05-17,0.117
1999-05-18,0.116
1999-05-19,0.116
1999-05-20,0.115
1999-05-21,0.125
1999-05-24,0.124
1999-05-25,0.119
1999-05-26,0.129
1999-05-27,0.13
1999-05-28,0.121
1999-05-31,0.12
1999-06-01,0.148
1999-06-02,0.176
1999-06-03,0.159
1999-06-04,0.161
1999-06-07,0.154
1999-06-08,0.139
1999-06-09,0.139
1999-06-10,0.147
1999-06-11,0.274
1999-06-14,0.265
1999-06-15,0.233
1999-06-16,0.229
1999-06-17,0.263
1999-06-18,0.259
1999-06-21,0.266
1999-06-22,0.261
1999-06-23,0.293
1999-06-24,0.315
1999-06-25,0.335
1999-06-28,0.367
1999-06-29,0.381
1999-06-30,0.476
1999-07-01,0.415
1999-07-02,0.368
1999-07-05,0.331
1999-07-06,0.367
1999-07-07,0.361
1999-07-08,0.379
1999-07-09,0.396
1999-07-12,0.394
1999-07-13,0.368
1999-07-14,0.378
1999-07-15,0.372
1999-07-16,0.386
1999-07-19,0.404
1999-07-21,0.378
1999-07-22,0.344
1999-07-23,0.32
1999-07-26,0.347
1999-07-27,0.329
1999-07-28,0.348
1999-07-29,0.406
1999-07-30,0.407
1999-08-02,0.434
1999-08-03,0.455
1999-08-04,0.449
1999-08-05,0.441
1999-08-06,0.42
1999-08-09,0.442
1999-08-10,0.467
1999-08-11,0.465
1999-08-12,0.447
1999-08-13,0.449
1999-08-16,0.468
1999-08-17,0.455
1999-08-18,0.432
1999-08-19,0.404
1999-08-20,0.365
1999-08-23,0.381
1999-08-24,0.391
1999-08-25,0.402
1999-08-26,0.391
1999-08-27,0.39
1999-08-30,0.396
1999-08-31,0.375
1999-09-01,0.366
1999-09-02,0.358
1999-09-03,0.336
1999-09-06,0.326
1999-09-07,0.351
1999-09-08,0.364
1999-09-09,0.38
1999-09-10,0.375
1999-09-13,0.363
1999-09-14,0.326
1999-09-16,0.31
1999-09-17,0.3
1999-09-20,0.255
1999-09-21,0.26
1999-09-22,0.29
1999-09-24,0.27
1999-09-27,0.26
1999-09-28,0.269
1999-09-29,0.262
1999-09-30,0.293
1999-10-01,0.286
1999-10-04,0.268
1999-10-05,0.276
1999-10-06,0.288
1999-10-07,0.294
1999-10-08,0.303
1999-10-12,0.311
1999-10-13,0.29
1999-10-14,0.27
1999-10-15,0.261
1999-10-18,0.253
1999-10-19,0.259
1999-10-20,0.274
1999-10-21,0.284
1999-10-22,0.275
1999-10-25,0.276
1999-10-26,0.275
1999-10-27,0.273
1999-10-28,0.293
1999-10-29,0.286
1999-11-01,0.284
1999-11-02,0.277
1999-11-04,0.28
1999-11-05,0.272
1999-11-08,0.26
1999-11-09,0.265
1999-11-10,0.277
1999-11-11,0.272
1999-11-12,0.263
1999-11-15,0.265
1999-11-16,0.269
1999-11-17,0.284
1999-11-18,0.298
1999-11-19,0.294
1999-11-22,0.3
1999-11-24,0.331
1999-11-25,0.347
1999-11-26,0.393
1999-11-29,0.425
1999-11-30,0.411
1999-12-01,0.392
1999-12-02,0.393
1999-12-03,0.377
1999-12-06,0.371
1999-12-07,0.379
1999-12-08,0.362
1999-12-09,0.343
1999-12-10,0.356
1999-12-13,0.336
1999-12-14,0.347
1999-12-15,0.338
1999-12-16,0.345
1999-12-17,0.341
1999-12-20,0.354
1999-12-21,0.36
1999-12-22,0.375
1999-12-24,0.395
1999-12-27,0.396
1999-12-28,0.37
1999-12-29,0.365
1999-12-30,0.36
2000-01-04,0.402
2000-01-05,0.38
2000-01-06,0.388
2000-01-07,0.406
2000-01-11,0.421
2000-01-12,0.454
2000-01-13,0.437
2000-01-14,0.414
2000-01-17,0.422
2000-01-18,0.417
2000-01-19,0.414
2000-01-20,0.419
2000-01-21,0.41
2000-01-24,0.392
2000-01-25,0.376
2000-01-26,0.375
2000-01-27,0.371
2000-01-28,0.371
2000-01-31,0.403
2000-02-01,0.426
2000-02-02,0.453
2000-02-03,0.447
2000-02-04,0.421
2000-02-07,0.43
2000-02-08,0.439
2000-02-09,0.43
2000-02-10,0.433
2000-02-14,0.428
2000-02-15,0.414
2000-02-16,0.411
2000-02-17,0.417
2000-02-18,0.398
2000-02-21,0.385
2000-02-22,0.391
2000-02-23,0.391
2000-02-24,0.407
2000-02-25,0.412
2000-02-28,0.404
2000-02-29,0.409
2000-03-01,0.405
2000-03-02,0.413
2000-03-03,0.425
2000-03-06,0.429
2000-03-07,0.439
2000-03-08,0.424
2000-03-09,0.434
2000-03-10,0.44
2000-03-13,0.441
2000-03-14,0.441
2000-03-15,0.446
2000-03-16,0.462
2000-03-17,0.468
2000-03-21,0.491
2000-03-22,0.472
2000-03-23,0.457
2000-03-24,0.473
2000-03-27,0.5
2000-03-28,0.501
2000-03-29,0.507
2000-03-30,0.501
2000-03-31,0.493
2000-04-03,0.491
2000-04-04,0.482
2000-04-05,0.473
2000-04-06,0.462
2000-04-07,0.453
2000-04-10,0.466
2000-04-11,0.466
2000-04-12,0.468
2000-04-13,0.515
2000-04-14,0.51
2000-04-17,0.47
2000-04-18,0.472
2000-04-19,0.468
2000-04-20,0.478
2000-04-21,0.469
2000-04-24,0.456
2000-04-25,0.441
2000-04-26,0.431
2000-04-27,0.432
2000-04-28,0.437
2000-05-01,0.427
2000-05-02,0.424
2000-05-08,0.415
2000-05-09,0.401
2000-05-10,0.399
2000-05-11,0.386
2000-05-12,0.39
2000-05-15,0.396
2000-05-16,0.401
2000-05-17,0.411
2000-05-18,0.392
2000-05-19,0.398
2000-05-22,0.381
2000-05-23,0.381
2000-05-24,0.372
2000-05-25,0.373
2000-05-26,0.373
2000-05-29,0.374
2000-05-30,0.401
2000-05-31,0.403
2000-06-01,0.416
2000-06-02,0.439
2000-06-05,0.472
2000-06-06,0.478
2000-06-07,0.476
2000-06-08,0.477
2000-06-09,0.45
2000-06-12,0.458
2000-06-13,0.453
2000-06-14,0.459
2000-06-15,0.445
2000-06-16,0.422
2000-06-19,0.42
2000-06-20,0.44
2000-06-21,0.466
2000-06-22,0.471
2000-06-23,0.482
2000-06-26,0.509
2000-06-27,0.51
2000-06-28,0.5
2000-06-29,0.525
2000-06-30,0.524
2000-07-03,0.526
2000-07-04,0.507
2000-07-05,0.513
2000-07-06,0.499
2000-07-07,0.505
2000-07-10,0.507
2000-07-11,0.525
2000-07-12,0.538
2000-07-13,0.485
2000-07-14,0.486
2000-07-17,0.489
2000-07-18,0.472
2000-07-19,0.477
2000-07-21,0.479
2000-07-24,0.475
2000-07-25,0.481
2000-07-26,0.471
2000-07-27,0.461
2000-07-28,0.446
2000-07-31,0.448
2000-08-01,0.455
2000-08-02,0.456
2000-08-03,0.456
2000-08-04,0.457
2000-08-07,0.453
2000-08-08,0.469
2000-08-09,0.504
2000-08-10,0.535
2000-08-11,0.521
2000-08-14,0.53
2000-08-15,0.546
2000-08-16,0.557
2000-08-17,0.547
2000-08-18,0.548
2000-08-21,0.556
2000-08-22,0.566
2000-08-23,0.592
2000-08-24,0.597
2000-08-25,0.613
2000-08-28,0.63
2000-08-29,0.652
2000-08-30,0.646
2000-08-31,0.645
2000-09-01,0.662
2000-09-04,0.658
2000-09-05,0.661
2000-09-06,0.667
2000-09-07,0.66
2000-09-08,0.628
2000-09-11,0.62
2000-09-12,0.611
2000-09-13,0.612
2000-09-14,0.623
2000-09-18,0.623
2000-09-19,0.619
2000-09-20,0.624
2000-09-21,0.635
2000-09-22,0.619
2000-09-25,0.631
2000-09-26,0.646
2000-09-27,0.646
2000-09-28,0.655
2000-09-29,0.646
2000-10-02,0.641
2000-10-03,0.631
2000-10-04,0.627
2000-10-05,0.62
2000-10-06,0.618
2000-10-10,0.615
2000-10-11,0.604
2000-10-12,0.604
2000-10-13,0.586
2000-10-16,0.584
2000-10-17,0.59
2000-10-18,0.591
2000-10-19,0.583
2000-10-20,0.579
2000-10-23,0.59
2000-10-24,0.594
2000-10-25,0.59
2000-10-26,0.58
2000-10-27,0.575
2000-10-30,0.571
2000-10-31,0.571
2000-11-01,0.579
2000-11-02,0.564
2000-11-06,0.563
2000-11-07,0.567
2000-11-08,0.581
2000-11-09,0.579
2000-11-10,0.582
2000-11-13,0.572
2000-11-14,0.583
2000-11-15,0.579
2000-11-16,0.571
2000-11-17,0.562
2000-11-20,0.555
2000-11-21,0.555
2000-11-22,0.555
2000-11-24,0.555
2000-11-27,0.56
2000-11-28,0.56
2000-11-29,0.555
2000-11-30,0.545
2000-12-01,0.555
2000-12-04,0.569
2000-12-05,0.566
2000-12-06,0.572
2000-12-07,0.55
2000-12-08,0.563
2000-12-11,0.606
2000-12-12,0.593
2000-12-13,0.591
2000-12-14,0.564
2000-12-15,0.555
2000-12-18,0.563
2000-12-19,0.559
2000-12-20,0.555
2000-12-21,0.533
2000-12-22,0.517
2000-12-25,0.51
2000-12-26,0.505
2000-12-27,0.499
2000-12-28,0.515
2000-12-29,0.515
2001-01-04,0.475
2001-01-05,0.454
2001-01-09,0.444
2001-01-10,0.455
2001-01-11,0.447
2001-01-12,0.443
2001-01-15,0.448
2001-01-16,0.444
2001-01-17,0.445
2001-01-18,0.426
2001-01-19,0.416
2001-01-22,0.378
2001-01-23,0.377
2001-01-24,0.387
2001-01-25,0.377
2001-01-26,0.371
2001-01-29,0.376
2001-01-30,0.391
2001-01-31,0.39
2001-02-01,0.396
2001-02-02,0.417
2001-02-05,0.401
2001-02-06,0.405
2001-02-07,0.395
2001-02-08,0.365
2001-02-09,0.339
2001-02-13,0.328
2001-02-14,0.333
2001-02-15,0.324
2001-02-16,0.324
2001-02-19,0.306
2001-02-20,0.311
2001-02-21,0.302
2001-02-22,0.312
2001-02-23,0.278
2001-02-26,0.248
2001-02-27,0.248
2001-02-28,0.242
2001-03-01,0.18
2001-03-02,0.179
2001-03-05,0.178
2001-03-06,0.178
2001-03-07,0.175
2001-03-08,0.178
2001-03-09,0.18
2001-03-12,0.17
2001-03-13,0.165
2001-03-14,0.137
2001-03-15,0.117
2001-03-16,0.106
2001-03-19,0.105
2001-03-21,0.085
2001-03-22,0.084
2001-03-23,0.105
2001-03-26,0.104
2001-03-27,0.127
2001-03-28,0.148
2001-03-29,0.149
2001-03-30,0.133
2001-04-02,0.15
2001-04-03,0.143
2001-04-04,0.128
2001-04-05,0.126
2001-04-06,0.117
2001-04-09,0.118
2001-04-10,0.118
2001-04-11,0.111
2001-04-12,0.125
2001-04-13,0.116
2001-04-16,0.117
2001-04-17,0.117
2001-04-18,0.123
2001-04-19,0.109
2001-04-20,0.099
2001-04-23,0.095
2001-04-24,0.095
2001-04-25,0.101
2001-04-26,0.097
2001-04-27,0.097
2001-05-01,0.098
2001-05-02,0.099
2001-05-07,0.095
2001-05-08,0.096
2001-05-09,0.088
2001-05-10,0.073
2001-05-11,0.053
2001-05-14,0.055
2001-05-15,0.069
2001-05-16,0.064
2001-05-17,0.06
2001-05-18,0.045
2001-05-21,0.05
2001-05-22,0.055
2001-05-23,0.055
2001-05-24,0.055
2001-05-25,0.056
2001-05-28,0.056
2001-05-29,0.056
2001-05-30,0.056
2001-05-31,0.052
2001-06-01,0.052
2001-06-04,0.055
2001-06-05,0.052
2001-06-06,0.058
2001-06-07,0.055
2001-06-08,0.055
2001-06-11,0.053
2001-06-12,0.055
2001-06-13,0.054
2001-06-14,0.049
2001-06-15,0.054
2001-06-18,0.055
2001-06-19,0.055
2001-06-20,0.055
2001-06-21,0.055
2001-06-22,0.055
2001-06-25,0.06
2001-06-26,0.066
2001-06-27,0.066
2001-06-28,0.067
2001-06-29,0.073
2001-07-02,0.078
2001-07-03,0.079
2001-07-04,0.079
2001-07-05,0.077
2001-07-06,0.077
2001-07-09,0.081
2001-07-10,0.083
2001-07-11,0.081
2001-07-12,0.078
2001-07-13,0.078
2001-07-16,0.079
2001-07-17,0.084
2001-07-18,0.084
2001-07-19,0.084
2001-07-23,0.085
2001-07-24,0.085
2001-07-25,0.09
2001-07-26,0.09
2001-07-27,0.09
2001-07-30,0.091
2001-07-31,0.091
2001-08-01,0.091
2001-08-02,0.097
2001-08-03,0.104
2001-08-06,0.122
2001-08-07,0.136
2001-08-08,0.126
2001-08-09,0.118
2001-08-10,0.102
2001-08-13,0.095
2001-08-14,0.085
2001-08-15,0.07
2001-08-16,0.07
2001-08-17,0.08
2001-08-20,0.085
2001-08-21,0.095
2001-08-22,0.095
2001-08-23,0.095
2001-08-24,0.09
2001-08-27,0.087
2001-08-28,0.086
2001-08-29,0.086
2001-08-30,0.086
2001-08-31,0.086
2001-09-03,0.087
2001-09-04,0.085
2001-09-05,0.077
2001-09-06,0.072
2001-09-07,0.065
2001-09-10,0.063
2001-09-11,0.068
2001-09-12,0.065
2001-09-13,0.064
2001-09-14,0.065
2001-09-17,0.06
2001-09-18,0.06
2001-09-19,0.07
2001-09-20,0.079
2001-09-21,0.08
2001-09-25,0.08
2001-09-26,0.085
2001-09-27,0.086
2001-09-28,0.085
2001-10-01,0.086
2001-10-02,0.081
2001-10-03,0.082
2001-10-04,0.082
2001-10-05,0.084
2001-10-09,0.086
2001-10-10,0.086
2001-10-11,0.081
2001-10-12,0.083
2001-10-15,0.084
2001-10-16,0.08
2001-10-17,0.084
2001-10-18,0.085
2001-10-19,0.085
2001-10-22,0.09
2001-10-23,0.086
2001-10-24,0.086
2001-10-25,0.085
2001-10-26,0.085
2001-10-29,0.085
2001-10-30,0.086
2001-10-31,0.087
2001-11-01,0.087
2001-11-02,0.087
2001-11-05,0.087
2001-11-06,0.087
2001-11-07,0.085
2001-11-08,0.083
2001-11-09,0.083
2001-11-12,0.083
2001-11-13,0.084
2001-11-14,0.085
2001-11-15,0.089
2001-11-16,0.089
2001-11-19,0.09
2001-11-20,0.09
2001-11-21,0.09
2001-11-22,0.09
2001-11-26,0.097
2001-11-27,0.1
2001-11-28,0.1
2001-11-29,0.116
2001-11-30,0.105
2001-12-03,0.105
2001-12-04,0.1
2001-12-05,0.09
2001-12-06,0.09
2001-12-07,0.09
2001-12-10,0.088
2001-12-11,0.085
2001-12-12,0.085
2001-12-13,0.085
2001-12-14,0.085
2001-12-17,0.085
2001-12-18,0.085
2001-12-19,0.085
2001-12-20,0.084
2001-12-21,0.075
2001-12-25,0.075
2001-12-26,0.075
2001-12-27,0.076
2001-12-28,0.076
2002-01-04,0.079
2002-01-07,0.077
2002-01-08,0.078
2002-01-09,0.078
2002-01-10,0.078
2002-01-11,0.076
2002-01-15,0.078
2002-01-16,0.074
2002-01-17,0.079
2002-01-18,0.074
2002-01-21,0.08
2002-01-22,0.081
2002-01-23,0.071
2002-01-24,0.071
2002-01-25,0.071
2002-01-28,0.067
2002-01-29,0.072
2002-01-30,0.071
2002-01-31,0.065
2002-02-01,0.063
2002-02-04,0.06
2002-02-05,0.06
2002-02-06,0.057
2002-02-07,0.06
2002-02-08,0.057
2002-02-12,0.055
2002-02-13,0.06
2002-02-14,0.06
2002-02-15,0.055
2002-02-18,0.06
2002-02-19,0.07
2002-02-20,0.075
2002-02-21,0.08
2002-02-22,0.08
2002-02-25,0.081
2002-02-26,0.086
2002-02-27,0.086
2002-02-28,0.081
2002-03-01,0.081
2002-03-04,0.075
2002-03-05,0.072
2002-03-06,0.07
2002-03-07,0.065
2002-03-08,0.065
2002-03-11,0.068
2002-03-12,0.063
2002-03-13,0.06
2002-03-14,0.058
2002-03-15,0.059
2002-03-18,0.055
2002-03-19,0.05
2002-03-20,0.049
2002-03-22,0.045
2002-03-25,0.05
2002-03-26,0.05
2002-03-27,0.05
2002-03-28,0.05
2002-03-29,0.051
2002-04-01,0.056
2002-04-02,0.05
2002-04-03,0.052
2002-04-04,0.052
2002-04-05,0.055
2002-04-08,0.055
2002-04-09,0.055
2002-04-10,0.053
2002-04-11,0.05
2002-04-12,0.053
2002-04-15,0.053
2002-04-16,0.054
2002-04-17,0.054
2002-04-18,0.055
2002-04-19,0.055
2002-04-22,0.055
2002-04-23,0.055
2002-04-24,0.06
2002-04-25,0.059
2002-04-26,0.055
2002-04-30,0.055
2002-05-01,0.053
2002-05-02,0.05
2002-05-07,0.052
2002-05-08,0.052
2002-05-09,0.052
2002-05-10,0.052
2002-05-13,0.051
2002-05-14,0.051
2002-05-15,0.051
2002-05-16,0.051
2002-05-17,0.051
2002-05-20,0.05
2002-05-21,0.055
2002-05-22,0.05
2002-05-23,0.061
2002-05-24,0.061
2002-05-27,0.066
2002-05-28,0.061
2002-05-29,0.066
2002-05-30,0.066
2002-05-31,0.067
2002-06-03,0.067
2002-06-04,0.067
2002-06-05,0.067
2002-06-06,0.067
2002-06-07,0.068
2002-06-10,0.068
2002-06-11,0.068
2002-06-12,0.068
2002-06-13,0.069
2002-06-14,0.069
2002-06-17,0.065
2002-06-18,0.065
2002-06-19,0.065
2002-06-20,0.065
2002-06-21,0.065
2002-06-24,0.065
2002-06-25,0.06
2002-06-26,0.06
2002-06-27,0.06
2002-06-28,0.06
2002-07-01,0.06
2002-07-02,0.06
2002-07-03,0.06
2002-07-04,0.06
2002-07-05,0.06
2002-07-08,0.055
2002-07-09,0.055
2002-07-10,0.055
2002-07-11,0.052
2002-07-12,0.055
2002-07-15,0.051
2002-07-16,0.051
2002-07-17,0.051
2002-07-18,0.05
2002-07-19,0.05
2002-07-22,0.055
2002-07-23,0.055
2002-07-24,0.055
2002-07-25,0.05
2002-07-26,0.045
2002-07-29,0.046
2002-07-30,0.046
2002-07-31,0.04
2002-08-01,0.035
2002-08-02,0.033
2002-08-05,0.032
2002-08-06,0.032
2002-08-07,0.032
2002-08-08,0.032
2002-08-09,0.032
2002-08-12,0.031
2002-08-13,0.031
2002-08-14,0.031
2002-08-15,0.031
2002-08-16,0.031
2002-08-19,0.03
2002-08-20,0.03
2002-08-21,0.02
2002-08-22,0.015
2002-08-23,0.015
2002-08-26,0.02
2002-08-27,0.019
2002-08-28,0.019
2002-08-29,0.02
2002-08-30,0.02
2002-09-02,0.02
2002-09-03,0.02
2002-09-04,0.02
2002-09-05,0.02
2002-09-06,0.02
2002-09-09,0.02
2002-09-10,0.02
2002-09-11,0.025
2002-09-12,0.025
2002-09-13,0.025
2002-09-17,0.025
2002-09-18,0.039
2002-09-19,0.039
2002-09-20,0.045
2002-09-24,0.05
2002-09-25,0.05
2002-09-26,0.05
2002-09-27,0.055
2002-09-30,0.056
2002-10-01,0.043
2002-10-02,0.043
2002-10-03,0.043
2002-10-04,0.043
2002-10-07,0.042
2002-10-08,0.042
2002-10-09,0.04
2002-10-10,0.04
2002-10-11,0.04
2002-10-15,0.04
2002-10-16,0.04
2002-10-17,0.04
2002-10-18,0.04
2002-10-21,0.045
2002-10-22,0.045
2002-10-23,0.045
2002-10-24,0.046
2002-10-25,0.046
2002-10-28,0.046
2002-10-29,0.046
2002-10-30,0.046
2002-10-31,0.038
2002-11-01,0.038
2002-11-05,0.037
2002-11-06,0.04
2002-11-07,0.04
2002-11-08,0.04
2002-11-11,0.04
2002-11-12,0.04
2002-11-13,0.04
2002-11-14,0.04
2002-11-15,0.04
2002-11-18,0.039
2002-11-19,0.04
2002-11-20,0.04
2002-11-21,0.05
2002-11-22,0.055
2002-11-25,0.055
2002-11-26,0.055
2002-11-27,0.055
2002-11-28,0.055
2002-11-29,0.055
2002-12-02,0.055
2002-12-03,0.055
2002-12-04,0.055
2002-12-05,0.055
2002-12-06,0.055
2002-12-09,0.055
2002-12-10,0.055
2002-12-11,0.055
2002-12-12,0.055
2002-12-13,0.055
2002-12-16,0.054
2002-12-17,0.05
2002-12-18,0.05
2002-12-19,0.05
2002-12-20,0.055
2002-12-24,0.056
2002-12-25,0.056
2002-12-26,0.05
2002-12-27,0.05
2002-12-30,0.05
2003-01-06,0.05
2003-01-07,0.05
2003-01-08,0.05
2003-01-09,0.05
2003-01-10,0.05
2003-01-14,0.05
2003-01-15,0.05
2003-01-16,0.05
2003-01-17,0.05
2003-01-20,0.055
2003-01-21,0.055
2003-01-22,0.055
2003-01-23,0.055
2003-01-24,0.05
2003-01-27,0.051
2003-01-28,0.051
2003-01-29,0.051
2003-01-30,0.043
2003-01-31,0.043
2003-02-03,0.043
2003-02-04,0.042
2003-02-05,0.042
2003-02-06,0.042
2003-02-07,0.042
2003-02-10,0.045
2003-02-12,0.045
2003-02-13,0.045
2003-02-14,0.045
2003-02-17,0.045
2003-02-18,0.045
2003-02-19,0.045
2003-02-20,0.05
2003-02-21,0.05
2003-02-24,0.05
2003-02-25,0.05
2003-02-26,0.05
2003-02-27,0.05
2003-02-28,0.05
2003-03-03,0.05
2003-03-04,0.05
2003-03-05,0.05
2003-03-06,0.05
2003-03-07,0.05
2003-03-10,0.05
2003-03-11,0.05
2003-03-12,0.05
2003-03-13,0.05
2003-03-14,0.05
2003-03-17,0.05
2003-03-18,0.05
2003-03-19,0.05
2003-03-20,0.055
2003-03-24,0.055
2003-03-25,0.056
2003-03-26,0.056
2003-03-27,0.06
2003-03-28,0.06
2003-03-31,0.06
2003-04-01,0.06
2003-04-02,0.06
2003-04-03,0.06
2003-04-04,0.06
2003-04-07,0.06
2003-04-08,0.06
2003-04-09,0.06
2003-04-10,0.06
2003-04-11,0.06
2003-04-14,0.06
2003-04-15,0.056
2003-04-16,0.056
2003-04-17,0.055
2003-04-18,0.055
2003-04-21,0.06
2003-04-22,0.06
2003-04-23,0.06
2003-04-24,0.059
2003-04-25,0.055
2003-04-28,0.054
2003-04-30,0.05
2003-05-01,0.048
2003-05-02,0.045
2003-05-06,0.047
2003-05-07,0.047
2003-05-08,0.047
2003-05-09,0.045
2003-05-12,0.045
2003-05-13,0.045
2003-05-14,0.045
2003-05-15,0.045
2003-05-16,0.044
2003-05-19,0.04
2003-05-20,0.045
2003-05-21,0.04
2003-05-22,0.04
2003-05-23,0.04
2003-05-26,0.04
2003-05-27,0.04
2003-05-28,0.04
2003-05-29,0.04
2003-05-30,0.04
2003-06-02,0.043
2003-06-03,0.043
2003-06-04,0.043
2003-06-05,0.04
2003-06-06,0.035
2003-06-09,0.035
2003-06-10,0.035
2003-06-11,0.035
2003-06-12,0.035
2003-06-13,0.035
2003-06-16,0.035
2003-06-17,0.035
2003-06-18,0.035
2003-06-19,0.045
2003-06-20,0.04
2003-06-23,0.045
2003-06-24,0.051
2003-06-25,0.056
2003-06-26,0.056
2003-06-27,0.06
2003-06-30,0.075
2003-07-01,0.082
2003-07-02,0.092
2003-07-03,0.104
2003-07-04,0.105
2003-07-07,0.106
2003-07-08,0.111
2003-07-09,0.101
2003-07-10,0.083
2003-07-11,0.084
2003-07-14,0.085
2003-07-15,0.089
2003-07-16,0.094
2003-07-17,0.095
2003-07-18,0.095
2003-07-22,0.095
2003-07-23,0.096
2003-07-24,0.096
2003-07-25,0.086
2003-07-28,0.081
2003-07-29,0.082
2003-07-30,0.082
2003-07-31,0.07
2003-08-01,0.07
2003-08-04,0.07
2003-08-05,0.07
2003-08-06,0.07
2003-08-07,0.07
2003-08-08,0.07
2003-08-11,0.07
2003-08-12,0.07
2003-08-13,0.07
2003-08-14,0.075
2003-08-15,0.079
2003-08-18,0.085
2003-08-19,0.115
2003-08-20,0.18
2003-08-21,0.156
2003-08-22,0.171
2003-08-25,0.189
2003-08-26,0.204
2003-08-27,0.19
2003-08-28,0.182
2003-08-29,0.187
2003-09-01,0.22
2003-09-02,0.262
2003-09-03,0.255
2003-09-04,0.191
2003-09-05,0.163
2003-09-08,0.165
2003-09-09,0.195
2003-09-10,0.192
2003-09-11,0.167
2003-09-12,0.158
2003-09-16,0.134
2003-09-17,0.134
2003-09-18,0.129
2003-09-19,0.134
2003-09-22,0.125
2003-09-24,0.131
2003-09-25,0.157
2003-09-26,0.168
2003-09-29,0.175
2003-09-30,0.176
2003-10-01,0.151
2003-10-02,0.13
2003-10-03,0.123
2003-10-06,0.122
2003-10-07,0.107
2003-10-08,0.095
2003-10-09,0.095
2003-10-10,0.092
2003-10-14,0.092
2003-10-15,0.088
2003-10-16,0.088
2003-10-17,0.109
2003-10-20,0.15
2003-10-21,0.136
2003-10-22,0.106
2003-10-23,0.101
2003-10-24,0.107
2003-10-27,0.118
2003-10-28,0.124
2003-10-29,0.124
2003-10-30,0.131
2003-10-31,0.137
2003-11-04,0.154
2003-11-05,0.16
2003-11-06,0.161
2003-11-07,0.164
2003-11-10,0.158
2003-11-11,0.139
2003-11-12,0.135
2003-11-13,0.135
2003-11-14,0.13
2003-11-17,0.113
2003-11-18,0.124
2003-11-19,0.124
2003-11-20,0.13
2003-11-21,0.126
2003-11-25,0.128
2003-11-26,0.143
2003-11-27,0.141
2003-11-28,0.132
2003-12-01,0.134
2003-12-02,0.14
2003-12-03,0.139
2003-12-04,0.142
2003-12-05,0.135
2003-12-08,0.132
2003-12-09,0.126
2003-12-10,0.117
2003-12-11,0.117
2003-12-12,0.115
2003-12-15,0.117
2003-12-16,0.112
2003-12-17,0.113
2003-12-18,0.114
2003-12-19,0.114
2003-12-22,0.116
2003-12-24,0.127
2003-12-25,0.108
2003-12-26,0.102
2003-12-29,0.108
2003-12-30,0.11
2004-01-05,0.115
2004-01-06,0.113
2004-01-07,0.113
2004-01-08,0.109
2004-01-09,0.101
2004-01-13,0.089
2004-01-14,0.089
2004-01-15,0.083
2004-01-16,0.083
2004-01-19,0.085
2004-01-20,0.09
2004-01-21,0.08
2004-01-22,0.076
2004-01-23,0.076
2004-01-26,0.077
2004-01-27,0.077
2004-01-28,0.077
2004-01-29,0.071
2004-01-30,0.068
2004-02-02,0.067
2004-02-03,0.064
2004-02-04,0.062
2004-02-05,0.057
2004-02-06,0.057
2004-02-09,0.056
2004-02-10,0.053
2004-02-12,0.048
2004-02-13,0.048
2004-02-16,0.049
2004-02-17,0.049
2004-02-18,0.049
2004-02-19,0.05
2004-02-20,0.055
2004-02-23,0.056
2004-02-24,0.056
2004-02-25,0.056
2004-02-26,0.056
2004-02-27,0.056
2004-03-01,0.055
2004-03-02,0.072
2004-03-03,0.111
2004-03-04,0.109
2004-03-05,0.115
2004-03-08,0.111
2004-03-09,0.098
2004-03-10,0.083
2004-03-11,0.083
2004-03-12,0.082
2004-03-15,0.093
2004-03-16,0.094
2004-03-17,0.104
2004-03-18,0.114
2004-03-19,0.125
2004-03-22,0.131
2004-03-23,0.121
2004-03-24,0.117
2004-03-25,0.106
2004-03-26,0.112
2004-03-29,0.123
2004-03-30,0.123
2004-03-31,0.118
2004-04-01,0.119
2004-04-02,0.119
2004-04-05,0.13
2004-04-06,0.138
2004-04-07,0.131
2004-04-08,0.131
2004-04-09,0.128
2004-04-12,0.132
2004-04-13,0.129
2004-04-14,0.137
2004-04-15,0.128
2004-04-16,0.129
2004-04-19,0.125
2004-04-20,0.13
2004-04-21,0.136
2004-04-22,0.131
2004-04-23,0.127
2004-04-26,0.123
2004-04-27,0.124
2004-04-28,0.134
2004-04-30,0.135
2004-05-06,0.135
2004-05-07,0.131
2004-05-10,0.132
2004-05-11,0.132
2004-05-12,0.129
2004-05-13,0.118
2004-05-14,0.118
2004-05-17,0.114
2004-05-18,0.129
2004-05-19,0.13
2004-05-20,0.13
2004-05-21,0.13
2004-05-24,0.132
2004-05-25,0.132
2004-05-26,0.138
2004-05-27,0.133
2004-05-28,0.134
2004-05-31,0.135
2004-06-01,0.136
2004-06-02,0.134
2004-06-03,0.124
2004-06-04,0.122
2004-06-07,0.125
2004-06-08,0.141
2004-06-09,0.195
2004-06-10,0.229
2004-06-11,0.216
2004-06-14,0.251
2004-06-15,0.224
2004-06-16,0.228
2004-06-17,0.219
2004-06-18,0.209
2004-06-21,0.196
2004-06-22,0.196
2004-06-23,0.197
2004-06-24,0.197
2004-06-25,0.182
2004-06-28,0.194
2004-06-29,0.18
2004-06-30,0.161
2004-07-01,0.176
2004-07-02,0.157
2004-07-05,0.158
2004-07-06,0.154
2004-07-07,0.154
2004-07-08,0.155
2004-07-09,0.152
2004-07-12,0.148
2004-07-13,0.148
2004-07-14,0.153
2004-07-15,0.164
2004-07-16,0.164
2004-07-20,0.165
2004-07-21,0.175
2004-07-22,0.176
2004-07-23,0.192
2004-07-26,0.193
2004-07-27,0.204
2004-07-28,0.22
2004-07-29,0.199
2004-07-30,0.205
2004-08-02,0.208
2004-08-03,0.209
2004-08-04,0.195
2004-08-05,0.193
2004-08-06,0.188
2004-08-09,0.18
2004-08-10,0.177
2004-08-11,0.186
2004-08-12,0.177
2004-08-13,0.162
2004-08-16,0.153
2004-08-17,0.159
2004-08-18,0.149
2004-08-19,0.15
2004-08-20,0.15
2004-08-23,0.156
2004-08-24,0.162
2004-08-25,0.173
2004-08-26,0.162
2004-08-27,0.157
2004-08-30,0.158
2004-08-31,0.15
2004-09-01,0.144
2004-09-02,0.144
2004-09-03,0.144
2004-09-06,0.153
2004-09-07,0.155
2004-09-08,0.156
2004-09-09,0.141
2004-09-10,0.136
2004-09-13,0.141
2004-09-14,0.142
2004-09-15,0.134
2004-09-16,0.138
2004-09-17,0.134
2004-09-21,0.135
2004-09-22,0.135
2004-09-24,0.135
2004-09-27,0.136
2004-09-28,0.127
2004-09-29,0.127
2004-09-30,0.127
2004-10-01,0.127
2004-10-04,0.133
2004-10-05,0.136
2004-10-06,0.131
2004-10-07,0.129
2004-10-08,0.127
2004-10-12,0.118
2004-10-13,0.123
2004-10-14,0.123
2004-10-15,0.123
2004-10-18,0.129
2004-10-19,0.129
2004-10-20,0.125
2004-10-21,0.121
2004-10-22,0.126
2004-10-25,0.117
2004-10-26,0.118
2004-10-27,0.118
2004-10-28,0.118
2004-10-29,0.118
2004-11-01,0.119
2004-11-02,0.124
2004-11-04,0.122
2004-11-05,0.12
2004-11-08,0.121
2004-11-09,0.119
2004-11-10,0.115
2004-11-11,0.107
2004-11-12,0.107
2004-11-15,0.112
2004-11-16,0.108
2004-11-17,0.109
2004-11-18,0.104
2004-11-19,0.105
2004-11-22,0.101
2004-11-24,0.102
2004-11-25,0.1
2004-11-26,0.101
2004-11-29,0.103
2004-11-30,0.103
2004-12-01,0.103
2004-12-02,0.104
2004-12-03,0.104
2004-12-06,0.105
2004-12-07,0.105
2004-12-08,0.101
2004-12-09,0.093
2004-12-10,0.091
2004-12-13,0.089
2004-12-14,0.089
2004-12-15,0.089
2004-12-16,0.089
2004-12-17,0.084
2004-12-20,0.085
2004-12-21,0.085
2004-12-22,0.086
2004-12-24,0.091
2004-12-27,0.097
2004-12-28,0.102
2004-12-29,0.103
2004-12-30,0.103
2005-01-04,0.097
2005-01-05,0.097
2005-01-06,0.097
2005-01-07,0.095
2005-01-11,0.093
2005-01-12,0.088
2005-01-13,0.089
2005-01-14,0.089
2005-01-17,0.094
2005-01-18,0.089
2005-01-19,0.095
2005-01-20,0.095
2005-01-21,0.095
2005-01-24,0.097
2005-01-25,0.097
2005-01-26,0.097
2005-01-27,0.091
2005-01-28,0.086
2005-01-31,0.087
2005-02-01,0.084
2005-02-02,0.084
2005-02-03,0.087
2005-02-04,0.087
2005-02-07,0.088
2005-02-08,0.091
2005-02-09,0.106
2005-02-10,0.112
2005-02-14,0.118
2005-02-15,0.118
2005-02-16,0.113
2005-02-17,0.114
2005-02-18,0.109
2005-02-21,0.111
2005-02-22,0.111
2005-02-23,0.106
2005-02-24,0.106
2005-02-25,0.112
2005-02-28,0.123
2005-03-01,0.13
2005-03-02,0.13
2005-03-03,0.131
2005-03-04,0.129
2005-03-07,0.125
2005-03-08,0.123
2005-03-09,0.121
2005-03-10,0.121
2005-03-11,0.125
2005-03-14,0.127
2005-03-15,0.118
2005-03-16,0.119
2005-03-17,0.109
2005-03-18,0.109
2005-03-22,0.111
2005-03-23,0.111
2005-03-24,0.107
2005-03-25,0.107
2005-03-28,0.109
2005-03-29,0.104
2005-03-30,0.105
2005-03-31,0.097
2005-04-01,0.092
2005-04-04,0.087
2005-04-05,0.087
2005-04-06,0.088
2005-04-07,0.086
2005-04-08,0.086
2005-04-11,0.087
2005-04-12,0.087
2005-04-13,0.088
2005-04-14,0.084
2005-04-15,0.074
2005-04-18,0.07
2005-04-19,0.08
2005-04-20,0.075
2005-04-21,0.075
2005-04-22,0.081
2005-04-25,0.081
2005-04-26,0.076
2005-04-27,0.076
2005-04-28,0.076
2005-05-02,0.072
2005-05-06,0.068
2005-05-09,0.076
2005-05-10,0.078
2005-05-11,0.077
2005-05-12,0.074
2005-05-13,0.075
2005-05-16,0.084
2005-05-17,0.095
2005-05-18,0.095
2005-05-19,0.095
2005-05-20,0.09
2005-05-23,0.096
2005-05-24,0.081
2005-05-25,0.076
2005-05-26,0.076
2005-05-27,0.076
2005-05-30,0.077
2005-05-31,0.077
2005-06-01,0.074
2005-06-02,0.077
2005-06-03,0.079
2005-06-06,0.083
2005-06-07,0.078
2005-06-08,0.078
2005-06-09,0.078
2005-06-10,0.078
2005-06-13,0.079
2005-06-14,0.079
2005-06-15,0.078
2005-06-16,0.079
2005-06-17,0.084
2005-06-20,0.085
2005-06-21,0.085
2005-06-22,0.08
2005-06-23,0.075
2005-06-24,0.076
2005-06-27,0.076
2005-06-28,0.075
2005-06-29,0.07
2005-06-30,0.07
2005-07-01,0.07
2005-07-04,0.075
2005-07-05,0.075
2005-07-06,0.078
2005-07-07,0.075
2005-07-08,0.073
2005-07-11,0.075
2005-07-12,0.075
2005-07-13,0.079
2005-07-14,0.075
2005-07-15,0.071
2005-07-19,0.075
2005-07-20,0.075
2005-07-21,0.075
2005-07-22,0.075
2005-07-25,0.076
2005-07-26,0.082
2005-07-27,0.097
2005-07-28,0.104
2005-07-29,0.104
2005-08-01,0.111
2005-08-02,0.126
2005-08-03,0.122
2005-08-04,0.125
2005-08-05,0.12
2005-08-08,0.124
2005-08-09,0.125
2005-08-10,0.142
2005-08-11,0.176
2005-08-12,0.153
2005-08-15,0.158
2005-08-16,0.158
2005-08-17,0.139
2005-08-18,0.135
2005-08-19,0.13
2005-08-22,0.146
2005-08-23,0.146
2005-08-24,0.142
2005-08-25,0.152
2005-08-26,0.158
2005-08-29,0.153
2005-08-30,0.149
2005-08-31,0.129
2005-09-01,0.123
2005-09-02,0.105
2005-09-05,0.131
2005-09-06,0.131
2005-09-07,0.131
2005-09-08,0.132
2005-09-09,0.142
2005-09-12,0.163
2005-09-13,0.163
2005-09-14,0.173
2005-09-15,0.169
2005-09-16,0.164
2005-09-20,0.165
2005-09-21,0.175
2005-09-22,0.166
2005-09-26,0.187
2005-09-27,0.191
2005-09-28,0.22
2005-09-29,0.22
2005-09-30,0.221
2005-10-03,0.223
2005-10-04,0.23
2005-10-05,0.221
2005-10-06,0.216
2005-10-07,0.217
2005-10-11,0.228
2005-10-12,0.229
2005-10-13,0.24
2005-10-14,0.26
2005-10-17,0.291
2005-10-18,0.282
2005-10-19,0.252
2005-10-20,0.267
2005-10-21,0.264
2005-10-24,0.261
2005-10-25,0.261
2005-10-26,0.273
2005-10-27,0.267
2005-10-28,0.262
2005-10-31,0.273
2005-11-01,0.284
2005-11-02,0.284
2005-11-04,0.323
2005-11-07,0.325
2005-11-08,0.321
2005-11-09,0.301
2005-11-10,0.298
2005-11-11,0.288
2005-11-14,0.269
2005-11-15,0.255
2005-11-16,0.265
2005-11-17,0.256
2005-11-18,0.246
2005-11-21,0.248
2005-11-22,0.238
2005-11-24,0.229
2005-11-25,0.229
2005-11-28,0.239
2005-11-29,0.241
2005-11-30,0.229
2005-12-01,0.232
2005-12-02,0.242
2005-12-05,0.259
2005-12-06,0.255
2005-12-07,0.251
2005-12-08,0.247
2005-12-09,0.251
2005-12-12,0.264
2005-12-13,0.264
2005-12-14,0.249
2005-12-15,0.24
2005-12-16,0.251
2005-12-19,0.253
2005-12-20,0.258
2005-12-21,0.27
2005-12-22,0.275
2005-12-26,0.281
2005-12-27,0.277
2005-12-28,0.282
2005-12-29,0.283
2005-12-30,0.281
2006-01-04,0.275
2006-01-05,0.269
2006-01-06,0.27
2006-01-10,0.262
2006-01-11,0.267
2006-01-12,0.262
2006-01-13,0.258
2006-01-16,0.26
2006-01-17,0.251
2006-01-18,0.241
2006-01-19,0.252
2006-01-20,0.252
2006-01-23,0.243
2006-01-24,0.244
2006-01-25,0.249
2006-01-26,0.271
2006-01-27,0.296
2006-01-30,0.307
2006-01-31,0.302
2006-02-01,0.293
2006-02-02,0.303
2006-02-03,0.309
2006-02-06,0.296
2006-02-07,0.306
2006-02-08,0.32
2006-02-09,0.321
2006-02-10,0.361
2006-02-13,0.383
2006-02-14,0.394
2006-02-15,0.406
2006-02-16,0.401
2006-02-17,0.422
2006-02-20,0.414
2006-02-21,0.41
2006-02-22,0.395
2006-02-23,0.406
2006-02-24,0.479
2006-02-27,0.482
2006-02-28,0.479
2006-03-01,0.485
2006-03-02,0.483
2006-03-03,0.492
2006-03-06,0.518
2006-03-07,0.509
2006-03-08,0.476
2006-03-09,0.471
2006-03-10,0.471
2006-03-13,0.515
2006-03-14,0.535
2006-03-15,0.56
2006-03-16,0.551
2006-03-17,0.547
2006-03-20,0.554
2006-03-22,0.581
2006-03-23,0.586
2006-03-24,0.588
2006-03-27,0.569
2006-03-28,0.576
2006-03-29,0.627
2006-03-30,0.666
2006-03-31,0.667
2006-04-03,0.688
2006-04-04,0.646
2006-04-05,0.625
2006-04-06,0.646
2006-04-07,0.667
2006-04-10,0.671
2006-04-11,0.667
2006-04-12,0.658
2006-04-13,0.664
2006-04-14,0.67
2006-04-17,0.642
2006-04-18,0.643
2006-04-19,0.628
2006-04-20,0.624
2006-04-21,0.625
2006-04-24,0.627
2006-04-25,0.618
2006-04-26,0.65
2006-04-27,0.675
2006-04-28,0.649
2006-05-01,0.627
2006-05-02,0.641
2006-05-08,0.667
2006-05-09,0.705
2006-05-10,0.791
2006-05-11,0.793
2006-05-12,0.794
2006-05-15,0.801
2006-05-16,0.792
2006-05-17,0.767
2006-05-18,0.773
2006-05-19,0.759
2006-05-22,0.741
2006-05-23,0.701
2006-05-24,0.737
2006-05-25,0.799
2006-05-26,0.845
2006-05-29,0.847
2006-05-30,0.822
2006-05-31,0.813
2006-06-01,0.862
2006-06-02,0.848
2006-06-05,0.81
2006-06-06,0.837
2006-06-07,0.812
2006-06-08,0.744
2006-06-09,0.73
2006-06-12,0.737
2006-06-13,0.728
2006-06-14,0.708
2006-06-15,0.723
2006-06-16,0.754
2006-06-19,0.76
2006-06-20,0.806
2006-06-21,0.822
2006-06-22,0.812
2006-06-23,0.797
2006-06-26,0.813
2006-06-27,0.821
2006-06-28,0.817
2006-06-29,0.829
2006-06-30,0.825
2006-07-03,0.861
2006-07-04,0.859
2006-07-05,0.886
2006-07-06,0.893
2006-07-07,0.894
2006-07-10,0.898
2006-07-11,0.879
2006-07-12,0.844
2006-07-13,0.835
2006-07-14,0.78
2006-07-18,0.744
2006-07-19,0.754
2006-07-20,0.744
2006-07-21,0.75
2006-07-24,0.787
2006-07-25,0.814
2006-07-26,0.803
2006-07-27,0.793
2006-07-28,0.807
2006-07-31,0.817
2006-08-01,0.825
2006-08-02,0.813
2006-08-03,0.802
2006-08-04,0.804
2006-08-07,0.781
2006-08-08,0.796
2006-08-09,0.796
2006-08-10,0.817
2006-08-11,0.789
2006-08-14,0.806
2006-08-15,0.805
2006-08-16,0.79
2006-08-17,0.786
2006-08-18,0.796
2006-08-21,0.772
2006-08-22,0.752
2006-08-23,0.758
2006-08-24,0.768
2006-08-25,0.656
2006-08-28,0.641
2006-08-29,0.676
2006-08-30,0.659
2006-08-31,0.625
2006-09-01,0.628
2006-09-04,0.662
2006-09-05,0.683
2006-09-06,0.678
2006-09-07,0.669
2006-09-08,0.689
2006-09-11,0.622
2006-09-12,0.642
2006-09-13,0.622
2006-09-14,0.633
2006-09-15,0.64
2006-09-19,0.666
2006-09-20,0.641
2006-09-21,0.653
2006-09-22,0.617
2006-09-25,0.607
2006-09-26,0.587
2006-09-27,0.622
2006-09-28,0.634
2006-09-29,0.635
2006-10-02,0.673
2006-10-03,0.64
2006-10-04,0.638
2006-10-05,0.643
2006-10-06,0.658
2006-10-10,0.671
2006-10-11,0.692
2006-10-12,0.688
2006-10-13,0.703
2006-10-16,0.746
2006-10-17,0.746
2006-10-18,0.772
2006-10-19,0.803
2006-10-20,0.783
2006-10-23,0.8
2006-10-24,0.774
2006-10-25,0.769
2006-10-26,0.751
2006-10-27,0.742
2006-10-30,0.724
2006-10-31,0.717
2006-11-01,0.731
2006-11-02,0.731
2006-11-06,0.777
2006-11-07,0.783
2006-11-08,0.774
2006-11-09,0.759
2006-11-10,0.755
2006-11-13,0.731
2006-11-14,0.803
2006-11-15,0.805
2006-11-16,0.815
2006-11-17,0.806
2006-11-20,0.766
2006-11-21,0.782
2006-11-22,0.803
2006-11-24,0.803
2006-11-27,0.804
2006-11-28,0.795
2006-11-29,0.814
2006-11-30,0.802
2006-12-01,0.79
2006-12-04,0.797
2006-12-05,0.796
2006-12-06,0.817
2006-12-07,0.838
2006-12-08,0.839
2006-12-11,0.812
2006-12-12,0.797
2006-12-13,0.783
2006-12-14,0.779
2006-12-15,0.815
2006-12-18,0.822
2006-12-19,0.802
2006-12-20,0.782
2006-12-21,0.769
2006-12-22,0.75
2006-12-25,0.747
2006-12-26,0.732
2006-12-27,0.784
2006-12-28,0.779
2006-12-29,0.78
2007-01-04,0.818
2007-01-05,0.816
2007-01-09,0.829
2007-01-10,0.83
2007-01-11,0.811
2007-01-12,0.812
2007-01-15,0.825
2007-01-16,0.831
2007-01-17,0.776
2007-01-18,0.791
2007-01-19,0.757
2007-01-22,0.732
2007-01-23,0.728
2007-01-24,0.738
2007-01-25,0.743
2007-01-26,0.723
2007-01-29,0.738
2007-01-30,0.726
2007-01-31,0.708
2007-02-01,0.719
2007-02-02,0.74
2007-02-05,0.745
2007-02-06,0.757
2007-02-07,0.769
2007-02-08,0.76
2007-02-09,0.735
2007-02-13,0.762
2007-02-14,0.763
2007-02-15,0.79
2007-02-16,0.775
2007-02-19,0.781
2007-02-20,0.777
2007-02-21,0.803
2007-02-22,0.818
2007-02-23,0.839
2007-02-26,0.835
2007-02-27,0.814
2007-02-28,0.818
2007-03-01,0.831
2007-03-02,0.814
2007-03-05,0.786
2007-03-06,0.791
2007-03-07,0.792
2007-03-08,0.792
2007-03-09,0.788
2007-03-12,0.795
2007-03-13,0.786
2007-03-14,0.771
2007-03-15,0.78
2007-03-16,0.775
2007-03-19,0.785
2007-03-20,0.791
2007-03-22,0.791
2007-03-23,0.804
2007-03-26,0.82
2007-03-27,0.806
2007-03-28,0.816
2007-03-29,0.807
2007-03-30,0.807
2007-04-02,0.798
2007-04-03,0.798
2007-04-04,0.815
2007-04-05,0.804
2007-04-06,0.799
2007-04-09,0.804
2007-04-10,0.814
2007-04-11,0.8
2007-04-12,0.81
2007-04-13,0.81
2007-04-16,0.826
2007-04-17,0.831
2007-04-18,0.852
2007-04-19,0.837
2007-04-20,0.852
2007-04-23,0.853
2007-04-24,0.843
2007-04-25,0.843
2007-04-26,0.857
2007-04-27,0.847
2007-05-01,0.837
2007-05-02,0.842
2007-05-07,0.849
2007-05-08,0.853
2007-05-09,0.864
2007-05-10,0.874
2007-05-11,0.865
2007-05-14,0.881
2007-05-15,0.885
2007-05-16,0.87
2007-05-17,0.86
2007-05-18,0.875
2007-05-21,0.881
2007-05-22,0.876
2007-05-23,0.897
2007-05-24,0.903
2007-05-25,0.918
2007-05-28,0.936
2007-05-29,0.96
2007-05-30,0.961
2007-05-31,0.972
2007-06-01,0.977
2007-06-04,0.984
2007-06-05,0.99
2007-06-06,0.997
2007-06-07,1.017
2007-06-08,1.037
2007-06-11,1.044
2007-06-12,1.065
2007-06-13,1.08
2007-06-14,1.061
2007-06-15,1.03
2007-06-18,1.012
2007-06-19,1.033
2007-06-20,1.018
2007-06-21,1.022
2007-06-22,1.013
2007-06-25,1.009
2007-06-26,1.01
2007-06-27,1
2007-06-28,1.022
2007-06-29,1.01
2007-07-02,1.02
2007-07-03,1.026
2007-07-04,1.032
2007-07-05,1.052
2007-07-06,1.058
2007-07-09,1.071
2007-07-10,1.067
2007-07-11,1.028
2007-07-12,1.029
2007-07-13,1.051
2007-07-17,1.041
2007-07-18,1.027
2007-07-19,1.037
2007-07-20,1.033
2007-07-23,1.013
2007-07-24,1.013
2007-07-25,1.013
2007-07-26,1.019
2007-07-27,0.978
2007-07-30,0.989
2007-07-31,0.996
2007-08-01,0.969
2007-08-02,0.98
2007-08-03,0.978
2007-08-06,0.955
2007-08-07,0.966
2007-08-08,1.003
2007-08-09,1.023
2007-08-10,0.944
2007-08-13,0.93
2007-08-14,0.951
2007-08-15,0.904
2007-08-16,0.869
2007-08-17,0.818
2007-08-20,0.834
2007-08-21,0.844
2007-08-22,0.874
2007-08-23,0.904
2007-08-24,0.884
2007-08-27,0.884
2007-08-28,0.879
2007-08-29,0.874
2007-08-30,0.847
2007-08-31,0.87
2007-09-03,0.869
2007-09-04,0.854
2007-09-05,0.833
2007-09-06,0.827
2007-09-07,0.817
2007-09-10,0.777
2007-09-11,0.787
2007-09-12,0.787
2007-09-13,0.787
2007-09-14,0.793
2007-09-18,0.778
2007-09-19,0.798
2007-09-20,0.803
2007-09-21,0.843
2007-09-25,0.864
2007-09-26,0.863
2007-09-27,0.881
2007-09-28,0.856
2007-10-01,0.836
2007-10-02,0.847
2007-10-03,0.855
2007-10-04,0.875
2007-10-05,0.861
2007-10-09,0.882
2007-10-10,0.897
2007-10-11,0.898
2007-10-12,0.873
2007-10-15,0.89
2007-10-16,0.88
2007-10-17,0.855
2007-10-18,0.839
2007-10-19,0.799
2007-10-22,0.788
2007-10-23,0.793
2007-10-24,0.782
2007-10-25,0.767
2007-10-26,0.783
2007-10-29,0.772
2007-10-30,0.77
2007-10-31,0.775
2007-11-01,0.815
2007-11-02,0.772
2007-11-05,0.781
2007-11-06,0.771
2007-11-07,0.771
2007-11-08,0.766
2007-11-09,0.766
2007-11-12,0.767
2007-11-13,0.753
2007-11-14,0.763
2007-11-15,0.75
2007-11-16,0.739
2007-11-19,0.735
2007-11-20,0.74
2007-11-21,0.73
2007-11-22,0.73
2007-11-26,0.752
2007-11-27,0.767
2007-11-28,0.767
2007-11-29,0.767
2007-11-30,0.757
2007-12-03,0.737
2007-12-04,0.707
2007-12-05,0.711
2007-12-06,0.741
2007-12-07,0.738
2007-12-10,0.733
2007-12-11,0.738
2007-12-12,0.714
2007-12-13,0.739
2007-12-14,0.734
2007-12-17,0.72
2007-12-18,0.714
2007-12-19,0.714
2007-12-20,0.715
2007-12-21,0.715
2007-12-25,0.736
2007-12-26,0.735
2007-12-27,0.73
2007-12-28,0.705
2008-01-04,0.685
2008-01-07,0.678
2008-01-08,0.673
2008-01-09,0.663
2008-01-10,0.638
2008-01-11,0.607
2008-01-15,0.609
2008-01-16,0.589
2008-01-17,0.584
2008-01-18,0.579
2008-01-21,0.569
2008-01-22,0.527
2008-01-23,0.497
2008-01-24,0.507
2008-01-25,0.564
2008-01-28,0.524
2008-01-29,0.55
2008-01-30,0.549
2008-01-31,0.549
2008-02-01,0.55
2008-02-04,0.584
2008-02-05,0.611
2008-02-06,0.573
2008-02-07,0.574
2008-02-08,0.549
2008-02-12,0.549
2008-02-13,0.559
2008-02-14,0.585
2008-02-15,0.581
2008-02-18,0.581
2008-02-19,0.586
2008-02-20,0.571
2008-02-21,0.597
2008-02-22,0.582
2008-02-25,0.608
2008-02-26,0.623
2008-02-27,0.623
2008-02-28,0.594
2008-02-29,0.553
2008-03-03,0.523
2008-03-04,0.549
2008-03-05,0.534
2008-03-06,0.524
2008-03-07,0.509
2008-03-10,0.519
2008-03-11,0.55
2008-03-12,0.579
2008-03-13,0.56
2008-03-14,0.565
2008-03-17,0.56
2008-03-18,0.575
2008-03-19,0.565
2008-03-21,0.57
2008-03-24,0.571
2008-03-25,0.566
2008-03-26,0.571
2008-03-27,0.575
2008-03-28,0.572
2008-03-31,0.564
2008-04-01,0.579
2008-04-02,0.585
2008-04-03,0.574
2008-04-04,0.559
2008-04-07,0.564
2008-04-08,0.569
2008-04-09,0.589
2008-04-10,0.599
2008-04-11,0.605
2008-04-14,0.6
2008-04-15,0.6
2008-04-16,0.62
2008-04-17,0.646
2008-04-18,0.646
2008-04-21,0.662
2008-04-22,0.683
2008-04-23,0.689
2008-04-24,0.72
2008-04-25,0.818
2008-04-28,0.824
2008-04-30,0.775
2008-05-01,0.735
2008-05-02,0.753
2008-05-07,0.753
2008-05-08,0.738
2008-05-09,0.724
2008-05-12,0.74
2008-05-13,0.756
2008-05-14,0.811
2008-05-15,0.841
2008-05-16,0.837
2008-05-19,0.829
2008-05-20,0.814
2008-05-21,0.784
2008-05-22,0.795
2008-05-23,0.837
2008-05-26,0.839
2008-05-27,0.861
2008-05-28,0.856
2008-05-29,0.899
2008-05-30,0.9
2008-06-02,0.919
2008-06-03,0.857
2008-06-04,0.863
2008-06-05,0.828
2008-06-06,0.874
2008-06-09,0.846
2008-06-10,0.942
2008-06-11,0.993
2008-06-12,0.983
2008-06-13,1.009
2008-06-16,0.961
2008-06-17,0.916
2008-06-18,0.875
2008-06-19,0.901
2008-06-20,0.881
2008-06-23,0.852
2008-06-24,0.858
2008-06-25,0.832
2008-06-26,0.803
2008-06-27,0.781
2008-06-30,0.781
2008-07-01,0.808
2008-07-02,0.809
2008-07-03,0.825
2008-07-04,0.823
2008-07-07,0.853
2008-07-08,0.825
2008-07-09,0.806
2008-07-10,0.772
2008-07-11,0.773
2008-07-14,0.769
2008-07-15,0.759
2008-07-16,0.749
2008-07-17,0.759
2008-07-18,0.759
2008-07-22,0.784
2008-07-23,0.795
2008-07-24,0.806
2008-07-25,0.78
2008-07-28,0.796
2008-07-29,0.785
2008-07-30,0.773
2008-07-31,0.771
2008-08-01,0.751
2008-08-04,0.733
2008-08-05,0.747
2008-08-06,0.733
2008-08-07,0.718
2008-08-08,0.696
2008-08-11,0.703
2008-08-12,0.703
2008-08-13,0.699
2008-08-14,0.694
2008-08-15,0.689
2008-08-18,0.675
2008-08-19,0.675
2008-08-20,0.69
2008-08-21,0.68
2008-08-22,0.691
2008-08-25,0.691
2008-08-26,0.695
2008-08-27,0.716
2008-08-28,0.716
2008-08-29,0.709
2008-09-01,0.731
2008-09-02,0.721
2008-09-03,0.717
2008-09-04,0.739
2008-09-05,0.72
2008-09-08,0.746
2008-09-09,0.736
2008-09-10,0.732
2008-09-11,0.732
2008-09-12,0.738
2008-09-16,0.706
2008-09-17,0.737
2008-09-18,0.798
2008-09-19,0.789
2008-09-22,0.786
2008-09-24,0.801
2008-09-25,0.803
2008-09-26,0.807
2008-09-29,0.811
2008-09-30,0.748
2008-10-01,0.764
2008-10-02,0.764
2008-10-03,0.726
2008-10-06,0.682
2008-10-07,0.707
2008-10-08,0.746
2008-10-09,0.797
2008-10-10,0.843
2008-10-14,0.84
2008-10-15,0.8
2008-10-16,0.795
2008-10-17,0.786
2008-10-20,0.777
2008-10-21,0.762
2008-10-22,0.732
2008-10-23,0.717
2008-10-24,0.717
2008-10-27,0.696
2008-10-28,0.706
2008-10-29,0.609
2008-10-30,0.584
2008-10-31,0.539
2008-11-04,0.538
2008-11-05,0.545
2008-11-06,0.544
2008-11-07,0.568
2008-11-10,0.597
2008-11-11,0.593
2008-11-12,0.593
2008-11-13,0.573
2008-11-14,0.549
2008-11-17,0.525
2008-11-18,0.535
2008-11-19,0.546
2008-11-20,0.536
2008-11-21,0.556
2008-11-25,0.587
2008-11-26,0.603
2008-11-27,0.599
2008-11-28,0.586
2008-12-01,0.579
2008-12-02,0.544
2008-12-03,0.544
2008-12-04,0.549
2008-12-05,0.564
2008-12-08,0.578
2008-12-09,0.583
2008-12-10,0.584
2008-12-11,0.579
2008-12-12,0.534
2008-12-15,0.535
2008-12-16,0.51
2008-12-17,0.46
2008-12-18,0.454
2008-12-19,0.414
2008-12-22,0.394
2008-12-24,0.393
2008-12-25,0.399
2008-12-26,0.403
2008-12-29,0.388
2008-12-30,0.37
2009-01-05,0.358
2009-01-06,0.374
2009-01-07,0.364
2009-01-08,0.369
2009-01-09,0.369
2009-01-13,0.368
2009-01-14,0.374
2009-01-15,0.374
2009-01-16,0.364
2009-01-19,0.355
2009-01-20,0.35
2009-01-21,0.365
2009-01-22,0.36
2009-01-23,0.364
2009-01-26,0.385
2009-01-27,0.402
2009-01-28,0.411
2009-01-29,0.403
2009-01-30,0.403
2009-02-02,0.396
2009-02-03,0.409
2009-02-04,0.425
2009-02-05,0.423
2009-02-06,0.41
2009-02-09,0.393
2009-02-10,0.409
2009-02-12,0.399
2009-02-13,0.389
2009-02-16,0.395
2009-02-17,0.385
2009-02-18,0.37
2009-02-19,0.38
2009-02-20,0.381
2009-02-23,0.385
2009-02-24,0.405
2009-02-25,0.41
2009-02-26,0.392
2009-02-27,0.392
2009-03-02,0.393
2009-03-03,0.393
2009-03-04,0.393
2009-03-05,0.399
2009-03-06,0.399
2009-03-09,0.399
2009-03-10,0.41
2009-03-11,0.41
2009-03-12,0.41
2009-03-13,0.41
2009-03-16,0.405
2009-03-17,0.406
2009-03-18,0.406
2009-03-19,0.396
2009-03-23,0.403
2009-03-24,0.403
2009-03-25,0.403
2009-03-26,0.409
2009-03-27,0.409
2009-03-30,0.407
2009-03-31,0.408
2009-04-01,0.398
2009-04-02,0.398
2009-04-03,0.396
2009-04-06,0.416
2009-04-07,0.421
2009-04-08,0.432
2009-04-09,0.458
2009-04-10,0.454
2009-04-13,0.45
2009-04-14,0.445
2009-04-15,0.42
2009-04-16,0.416
2009-04-17,0.401
2009-04-20,0.402
2009-04-21,0.408
2009-04-22,0.403
2009-04-23,0.403
2009-04-24,0.406
2009-04-27,0.406
2009-04-28,0.39
2009-04-30,0.375
2009-05-01,0.371
2009-05-07,0.393
2009-05-08,0.394
2009-05-11,0.399
2009-05-12,0.39
2009-05-13,0.38
2009-05-14,0.371
2009-05-15,0.37
2009-05-18,0.37
2009-05-19,0.381
2009-05-20,0.371
2009-05-21,0.361
2009-05-22,0.352
2009-05-25,0.362
2009-05-26,0.363
2009-05-27,0.363
2009-05-28,0.344
2009-05-29,0.344
2009-06-01,0.345
2009-06-02,0.354
2009-06-03,0.356
2009-06-04,0.346
2009-06-05,0.337
2009-06-08,0.368
2009-06-09,0.378
2009-06-10,0.373
2009-06-11,0.374
2009-06-12,0.374
2009-06-15,0.375
2009-06-16,0.37
2009-06-17,0.371
2009-06-18,0.366
2009-06-19,0.356
2009-06-22,0.357
2009-06-23,0.347
2009-06-24,0.333
2009-06-25,0.314
2009-06-26,0.303
2009-06-29,0.294
2009-06-30,0.307
2009-07-01,0.287
2009-07-02,0.27
2009-07-03,0.255
2009-07-06,0.254
2009-07-07,0.259
2009-07-08,0.254
2009-07-09,0.24
2009-07-10,0.24
2009-07-13,0.245
2009-07-14,0.25
2009-07-15,0.26
2009-07-16,0.265
2009-07-17,0.265
2009-07-21,0.276
2009-07-22,0.281
2009-07-23,0.276
2009-07-24,0.271
2009-07-27,0.267
2009-07-28,0.266
2009-07-29,0.271
2009-07-30,0.272
2009-07-31,0.275
2009-08-03,0.275
2009-08-04,0.27
2009-08-05,0.265
2009-08-06,0.265
2009-08-07,0.265
2009-08-10,0.275
2009-08-11,0.27
2009-08-12,0.27
2009-08-13,0.265
2009-08-14,0.265
2009-08-17,0.26
2009-08-18,0.26
2009-08-19,0.255
2009-08-20,0.246
2009-08-21,0.245
2009-08-24,0.246
2009-08-25,0.241
2009-08-26,0.241
2009-08-27,0.241
2009-08-28,0.242
2009-08-31,0.24
2009-09-01,0.24
2009-09-02,0.235
2009-09-03,0.23
2009-09-04,0.231
2009-09-07,0.237
2009-09-08,0.233
2009-09-09,0.223
2009-09-10,0.209
2009-09-11,0.204
2009-09-14,0.209
2009-09-15,0.21
2009-09-16,0.21
2009-09-17,0.215
2009-09-18,0.225
2009-09-24,0.221
2009-09-25,0.211
2009-09-28,0.227
2009-09-29,0.228
2009-09-30,0.239
2009-10-01,0.234
2009-10-02,0.23
2009-10-05,0.231
2009-10-06,0.231
2009-10-07,0.236
2009-10-08,0.247
2009-10-09,0.252
2009-10-13,0.249
2009-10-14,0.24
2009-10-15,0.245
2009-10-16,0.24
2009-10-19,0.246
2009-10-20,0.252
2009-10-21,0.252
2009-10-22,0.263
2009-10-23,0.273
2009-10-26,0.285
2009-10-27,0.28
2009-10-28,0.268
2009-10-29,0.253
2009-10-30,0.25
2009-11-02,0.246
2009-11-04,0.267
2009-11-05,0.272
2009-11-06,0.267
2009-11-09,0.268
2009-11-10,0.259
2009-11-11,0.254
2009-11-12,0.254
2009-11-13,0.249
2009-11-16,0.245
2009-11-17,0.24
2009-11-18,0.235
2009-11-19,0.236
2009-11-20,0.246
2009-11-24,0.251
2009-11-25,0.24
2009-11-26,0.24
2009-11-27,0.225
2009-11-30,0.225
2009-12-01,0.165
2009-12-02,0.175
2009-12-03,0.169
2009-12-04,0.169
2009-12-07,0.174
2009-12-08,0.18
2009-12-09,0.179
2009-12-10,0.179
2009-12-11,0.169
2009-12-14,0.17
2009-12-15,0.165
2009-12-16,0.165
2009-12-17,0.165
2009-12-18,0.159
2009-12-21,0.155
2009-12-22,0.155
2009-12-24,0.155
2009-12-25,0.155
2009-12-28,0.155
2009-12-29,0.146
2009-12-30,0.136
2010-01-04,0.147
2010-01-05,0.148
2010-01-06,0.154
2010-01-07,0.154
2010-01-08,0.164
2010-01-12,0.164
2010-01-13,0.164
2010-01-14,0.159
2010-01-15,0.155
2010-01-18,0.16
2010-01-19,0.16
2010-01-20,0.161
2010-01-21,0.161
2010-01-22,0.161
2010-01-25,0.162
2010-01-26,0.157
2010-01-27,0.156
2010-01-28,0.155
2010-01-29,0.155
2010-02-01,0.155
2010-02-02,0.155
2010-02-03,0.155
2010-02-04,0.155
2010-02-05,0.155
2010-02-08,0.155
2010-02-09,0.155
2010-02-10,0.154
2010-02-12,0.154
2010-02-15,0.16
2010-02-16,0.16
2010-02-17,0.155
2010-02-18,0.155
2010-02-19,0.155
2010-02-22,0.156
2010-02-23,0.156
2010-02-24,0.156
2010-02-25,0.155
2010-02-26,0.155
2010-03-01,0.155
2010-03-02,0.155
2010-03-03,0.155
2010-03-04,0.145
2010-03-05,0.14
2010-03-08,0.14
2010-03-09,0.14
2010-03-10,0.14
2010-03-11,0.14
2010-03-12,0.14
2010-03-15,0.145
2010-03-16,0.145
2010-03-17,0.145
2010-03-18,0.145
2010-03-19,0.145
2010-03-23,0.146
2010-03-24,0.146
2010-03-25,0.152
2010-03-26,0.157
2010-03-29,0.162
2010-03-30,0.162
2010-03-31,0.167
2010-04-01,0.163
2010-04-02,0.163
2010-04-05,0.163
2010-04-06,0.159
2010-04-07,0.159
2010-04-08,0.155
2010-04-09,0.155
2010-04-12,0.155
2010-04-13,0.16
2010-04-14,0.16
2010-04-15,0.165
2010-04-16,0.165
2010-04-19,0.16
2010-04-20,0.16
2010-04-21,0.16
2010-04-22,0.16
2010-04-23,0.16
2010-04-26,0.165
2010-04-27,0.162
2010-04-28,0.16
2010-04-30,0.16
2010-05-06,0.16
2010-05-07,0.16
2010-05-10,0.16
2010-05-11,0.16
2010-05-12,0.155
2010-05-13,0.16
2010-05-14,0.16
2010-05-17,0.16
2010-05-18,0.165
2010-05-19,0.165
2010-05-20,0.16
2010-05-21,0.155
2010-05-24,0.16
2010-05-25,0.16
2010-05-26,0.16
2010-05-27,0.16
2010-05-28,0.16
2010-05-31,0.16
2010-06-01,0.155
2010-06-02,0.155
2010-06-03,0.15
2010-06-04,0.145
2010-06-07,0.145
2010-06-08,0.145
2010-06-09,0.145
2010-06-10,0.145
2010-06-11,0.15
2010-06-14,0.155
2010-06-15,0.155
2010-06-16,0.155
2010-06-17,0.155
2010-06-18,0.155
2010-06-21,0.155
2010-06-22,0.151
2010-06-23,0.15
2010-06-24,0.15
2010-06-25,0.15
2010-06-28,0.15
2010-06-29,0.145
2010-06-30,0.145
2010-07-01,0.14
2010-07-02,0.14
2010-07-05,0.14
2010-07-06,0.14
2010-07-07,0.14
2010-07-08,0.14
2010-07-09,0.14
2010-07-12,0.14
2010-07-13,0.145
2010-07-14,0.145
2010-07-15,0.145
2010-07-16,0.14
2010-07-20,0.145
2010-07-21,0.145
2010-07-22,0.144
2010-07-23,0.144
2010-07-26,0.145
2010-07-27,0.145
2010-07-28,0.145
2010-07-29,0.145
2010-07-30,0.145
2010-08-02,0.145
2010-08-03,0.145
2010-08-04,0.14
2010-08-05,0.14
2010-08-06,0.14
2010-08-09,0.14
2010-08-10,0.136
2010-08-11,0.136
2010-08-12,0.136
2010-08-13,0.131
2010-08-16,0.135
2010-08-17,0.13
2010-08-18,0.12
2010-08-19,0.115
2010-08-20,0.114
2010-08-23,0.114
2010-08-24,0.119
2010-08-25,0.125
2010-08-26,0.121
2010-08-27,0.129
2010-08-30,0.129
2010-08-31,0.119
2010-09-01,0.119
2010-09-02,0.124
2010-09-03,0.129
2010-09-06,0.149
2010-09-07,0.139
2010-09-08,0.134
2010-09-09,0.134
2010-09-10,0.144
2010-09-13,0.14
2010-09-14,0.14
2010-09-15,0.13
2010-09-16,0.125
2010-09-17,0.125
2010-09-21,0.126
2010-09-22,0.126
2010-09-24,0.131
2010-09-27,0.137
2010-09-28,0.134
2010-09-29,0.135
2010-09-30,0.132
2010-10-01,0.128
2010-10-04,0.126
2010-10-05,0.113
2010-10-06,0.113
2010-10-07,0.119
2010-10-08,0.119
2010-10-12,0.12
2010-10-13,0.125
2010-10-14,0.12
2010-10-15,0.125
2010-10-18,0.125
2010-10-19,0.13
2010-10-20,0.13
2010-10-21,0.13
2010-10-22,0.136
2010-10-25,0.136
2010-10-26,0.136
2010-10-27,0.137
2010-10-28,0.132
2010-10-29,0.137
2010-11-01,0.138
2010-11-02,0.138
2010-11-04,0.135
2010-11-05,0.135
2010-11-08,0.139
2010-11-09,0.139
2010-11-10,0.139
2010-11-11,0.14
2010-11-12,0.149
2010-11-15,0.15
2010-11-16,0.145
2010-11-17,0.151
2010-11-18,0.161
2010-11-19,0.156
2010-11-22,0.161
2010-11-24,0.162
2010-11-25,0.169
2010-11-26,0.189
2010-11-29,0.196
2010-11-30,0.188
2010-12-01,0.179
2010-12-02,0.182
2010-12-03,0.184
2010-12-06,0.174
2010-12-07,0.179
2010-12-08,0.208
2010-12-09,0.224
2010-12-10,0.219
2010-12-13,0.235
2010-12-14,0.23
2010-12-15,0.225
2010-12-16,0.215
2010-12-17,0.2
2010-12-20,0.201
2010-12-21,0.206
2010-12-22,0.214
2010-12-24,0.214
2010-12-27,0.204
2010-12-28,0.197
2010-12-29,0.192
2010-12-30,0.167
2011-01-04,0.173
2011-01-05,0.168
2011-01-06,0.178
2011-01-07,0.173
2011-01-11,0.165
2011-01-12,0.17
2011-01-13,0.179
2011-01-14,0.185
2011-01-17,0.19
2011-01-18,0.195
2011-01-19,0.196
2011-01-20,0.185
2011-01-21,0.186
2011-01-24,0.197
2011-01-25,0.202
2011-01-26,0.202
2011-01-27,0.195
2011-01-28,0.195
2011-01-31,0.195
2011-02-01,0.195
2011-02-02,0.195
2011-02-03,0.2
2011-02-04,0.208
2011-02-07,0.213
2011-02-08,0.222
2011-02-09,0.238
2011-02-10,0.238
2011-02-14,0.23
2011-02-15,0.23
2011-02-16,0.245
2011-02-17,0.236
2011-02-18,0.226
2011-02-21,0.232
2011-02-22,0.222
2011-02-23,0.222
2011-02-24,0.231
2011-02-25,0.235
2011-02-28,0.237
2011-03-01,0.238
2011-03-02,0.228
2011-03-03,0.229
2011-03-04,0.229
2011-03-07,0.221
2011-03-08,0.222
2011-03-09,0.227
2011-03-10,0.228
2011-03-11,0.214
2011-03-14,0.175
2011-03-15,0.215
2011-03-16,0.225
2011-03-17,0.225
2011-03-18,0.21
2011-03-22,0.211
2011-03-23,0.216
2011-03-24,0.209
2011-03-25,0.2
2011-03-28,0.206
2011-03-29,0.207
2011-03-30,0.202
2011-03-31,0.208
2011-04-01,0.205
2011-04-04,0.206
2011-04-05,0.207
2011-04-06,0.206
2011-04-07,0.202
2011-04-08,0.199
2011-04-11,0.199
2011-04-12,0.195
2011-04-13,0.199
2011-04-14,0.2
2011-04-15,0.205
2011-04-18,0.2
2011-04-19,0.201
2011-04-20,0.201
2011-04-21,0.201
2011-04-22,0.201
2011-04-25,0.206
2011-04-26,0.2
2011-04-27,0.197
2011-04-28,0.189
2011-05-02,0.186
2011-05-06,0.179
2011-05-09,0.184
2011-05-10,0.184
2011-05-11,0.185
2011-05-12,0.18
2011-05-13,0.18
2011-05-16,0.18
2011-05-17,0.18
2011-05-18,0.18
2011-05-19,0.18
2011-05-20,0.18
2011-05-23,0.18
2011-05-24,0.18
2011-05-25,0.175
2011-05-26,0.181
2011-05-27,0.18
2011-05-30,0.175
2011-05-31,0.175
2011-06-01,0.17
2011-06-02,0.16
2011-06-03,0.155
2011-06-06,0.16
2011-06-07,0.17
2011-06-08,0.17
2011-06-09,0.17
2011-06-10,0.17
2011-06-13,0.17
2011-06-14,0.17
2011-06-15,0.18
2011-06-16,0.175
2011-06-17,0.17
2011-06-20,0.17
2011-06-21,0.17
2011-06-22,0.16
2011-06-23,0.155
2011-06-24,0.155
2011-06-27,0.155
2011-06-28,0.157
2011-06-29,0.162
2011-06-30,0.167
2011-07-01,0.163
2011-07-04,0.16
2011-07-05,0.16
2011-07-06,0.16
2011-07-07,0.16
2011-07-08,0.16
2011-07-11,0.155
2011-07-12,0.155
2011-07-13,0.155
2011-07-14,0.15
2011-07-15,0.15
2011-07-19,0.15
2011-07-20,0.15
2011-07-21,0.161
2011-07-22,0.161
2011-07-25,0.161
2011-07-26,0.161
2011-07-27,0.161
2011-07-28,0.155
2011-07-29,0.155
2011-08-01,0.155
2011-08-02,0.15
2011-08-03,0.147
2011-08-04,0.147
2011-08-05,0.137
2011-08-08,0.135
2011-08-09,0.135
2011-08-10,0.135
2011-08-11,0.14
2011-08-12,0.145
2011-08-15,0.15
2011-08-16,0.145
2011-08-17,0.145
2011-08-18,0.145
2011-08-19,0.14
2011-08-22,0.129
2011-08-23,0.129
2011-08-24,0.129
2011-08-25,0.135
2011-08-26,0.134
2011-08-29,0.134
2011-08-30,0.141
2011-08-31,0.136
2011-09-01,0.142
2011-09-02,0.142
2011-09-05,0.142
2011-09-06,0.137
2011-09-07,0.138
2011-09-08,0.138
2011-09-09,0.138
2011-09-12,0.139
2011-09-13,0.139
2011-09-14,0.135
2011-09-15,0.135
2011-09-16,0.135
2011-09-20,0.13
2011-09-21,0.13
2011-09-22,0.125
2011-09-26,0.12
2011-09-27,0.126
2011-09-28,0.126
2011-09-29,0.132
2011-09-30,0.137
2011-10-03,0.139
2011-10-04,0.136
2011-10-05,0.136
2011-10-06,0.137
2011-10-07,0.137
2011-10-11,0.139
2011-10-12,0.139
2011-10-13,0.139
2011-10-14,0.135
2011-10-17,0.135
2011-10-18,0.145
2011-10-19,0.145
2011-10-20,0.146
2011-10-21,0.146
2011-10-24,0.146
2011-10-25,0.146
2011-10-26,0.142
2011-10-27,0.141
2011-10-28,0.143
2011-10-31,0.143
2011-11-01,0.143
2011-11-02,0.139
2011-11-04,0.136
2011-11-07,0.134
2011-11-08,0.13
2011-11-09,0.13
2011-11-10,0.13
2011-11-11,0.125
2011-11-14,0.13
2011-11-15,0.13
2011-11-16,0.13
2011-11-17,0.125
2011-11-18,0.12
2011-11-21,0.125
2011-11-22,0.125
2011-11-24,0.129
2011-11-25,0.14
2011-11-28,0.145
2011-11-29,0.145
2011-11-30,0.14
2011-12-01,0.135
2011-12-02,0.13
2011-12-05,0.125
2011-12-06,0.125
2011-12-07,0.13
2011-12-08,0.13
2011-12-09,0.13
2011-12-12,0.13
2011-12-13,0.13
2011-12-14,0.13
2011-12-15,0.125
2011-12-16,0.13
2011-12-19,0.13
2011-12-20,0.13
2011-12-21,0.134
2011-12-22,0.13
2011-12-26,0.13
2011-12-27,0.131
2011-12-28,0.131
2011-12-29,0.131
2011-12-30,0.131
2012-01-04,0.132
2012-01-05,0.127
2012-01-06,0.127
2012-01-10,0.128
2012-01-11,0.129
2012-01-12,0.129
2012-01-13,0.129
2012-01-16,0.125
2012-01-17,0.125
2012-01-18,0.126
2012-01-19,0.126
2012-01-20,0.126
2012-01-23,0.126
2012-01-24,0.127
2012-01-25,0.127
2012-01-26,0.127
2012-01-27,0.127
2012-01-30,0.127
2012-01-31,0.127
2012-02-01,0.128
2012-02-02,0.128
2012-02-03,0.128
2012-02-06,0.128
2012-02-07,0.129
2012-02-08,0.129
2012-02-09,0.124
2012-02-10,0.124
2012-02-13,0.125
2012-02-14,0.115
2012-02-15,0.105
2012-02-16,0.105
2012-02-17,0.105
2012-02-20,0.105
2012-02-21,0.105
2012-02-22,0.105
2012-02-23,0.105
2012-02-24,0.104
2012-02-27,0.104
2012-02-28,0.11
2012-02-29,0.109
2012-03-01,0.11
2012-03-02,0.11
2012-03-05,0.111
2012-03-06,0.112
2012-03-07,0.112
2012-03-08,0.113
2012-03-09,0.113
2012-03-12,0.11
2012-03-13,0.11
2012-03-14,0.105
2012-03-15,0.11
2012-03-16,0.11
2012-03-19,0.11
2012-03-21,0.111
2012-03-22,0.111
2012-03-23,0.111
2012-03-26,0.111
2012-03-27,0.11
2012-03-28,0.11
2012-03-29,0.114
2012-03-30,0.115
2012-04-02,0.116
2012-04-03,0.116
2012-04-04,0.116
2012-04-05,0.117
2012-04-06,0.113
2012-04-09,0.114
2012-04-10,0.114
2012-04-11,0.114
2012-04-12,0.114
2012-04-13,0.115
2012-04-16,0.11
2012-04-17,0.11
2012-04-18,0.11
2012-04-19,0.105
2012-04-20,0.105
2012-04-23,0.106
2012-04-24,0.106
2012-04-25,0.106
2012-04-26,0.108
2012-04-27,0.109
2012-05-01,0.108
2012-05-02,0.108
2012-05-07,0.109
2012-05-08,0.109
2012-05-09,0.109
2012-05-10,0.109
2012-05-11,0.109
2012-05-14,0.105
2012-05-15,0.105
2012-05-16,0.1
2012-05-17,0.1
2012-05-18,0.1
2012-05-21,0.1
2012-05-22,0.1
2012-05-23,0.1
2012-05-24,0.1
2012-05-25,0.1
2012-05-28,0.1
2012-05-29,0.1
2012-05-30,0.1
2012-05-31,0.1
2012-06-01,0.1
2012-06-04,0.1
2012-06-05,0.1
2012-06-06,0.1
2012-06-07,0.1
2012-06-08,0.1
2012-06-11,0.1
2012-06-12,0.1
2012-06-13,0.1
2012-06-14,0.1
2012-06-15,0.1
2012-06-18,0.1
2012-06-19,0.1
2012-06-20,0.1
2012-06-21,0.1
2012-06-22,0.1
2012-06-25,0.1
2012-06-26,0.1
2012-06-27,0.1
2012-06-28,0.1
2012-06-29,0.1
2012-07-02,0.1
2012-07-03,0.1
2012-07-04,0.1
2012-07-05,0.1
2012-07-06,0.1
2012-07-09,0.1
2012-07-10,0.1
2012-07-11,0.1
2012-07-12,0.1
2012-07-13,0.1
2012-07-17,0.1
2012-07-18,0.1
2012-07-19,0.1
2012-07-20,0.1
2012-07-23,0.1
2012-07-24,0.1
2012-07-25,0.1
2012-07-26,0.1
2012-07-27,0.1
2012-07-30,0.1
2012-07-31,0.097
2012-08-01,0.095
2012-08-02,0.094
2012-08-03,0.092
2012-08-06,0.088
2012-08-07,0.088
2012-08-08,0.091
2012-08-09,0.091
2012-08-10,0.091
2012-08-13,0.09
2012-08-14,0.095
2012-08-15,0.1
2012-08-16,0.1
2012-08-17,0.1
2012-08-20,0.1
2012-08-21,0.1
2012-08-22,0.1
2012-08-23,0.1
2012-08-24,0.1
2012-08-27,0.1
2012-08-28,0.099
2012-08-29,0.099
2012-08-30,0.1
2012-08-31,0.097
2012-09-03,0.097
2012-09-04,0.097
2012-09-05,0.097
2012-09-06,0.096
2012-09-07,0.096
2012-09-10,0.096
2012-09-11,0.095
2012-09-12,0.095
2012-09-13,0.095
2012-09-14,0.1
2012-09-18,0.1
2012-09-19,0.1
2012-09-20,0.1
2012-09-21,0.1
2012-09-24,0.1
2012-09-25,0.1
2012-09-26,0.1
2012-09-27,0.1
2012-09-28,0.1
2012-10-01,0.1
2012-10-02,0.1
2012-10-03,0.1
2012-10-04,0.1
2012-10-05,0.1
2012-10-09,0.1
2012-10-10,0.1
2012-10-11,0.1
2012-10-12,0.1
2012-10-15,0.1
2012-10-16,0.1
2012-10-17,0.1
2012-10-18,0.1
2012-10-19,0.1
2012-10-22,0.1
2012-10-23,0.1
2012-10-24,0.1
2012-10-25,0.098
2012-10-26,0.098
2012-10-29,0.098
2012-10-30,0.097
2012-10-31,0.097
2012-11-01,0.097
2012-11-02,0.097
2012-11-05,0.096
2012-11-06,0.096
2012-11-07,0.096
2012-11-08,0.096
2012-11-09,0.096
2012-11-12,0.095
2012-11-13,0.095
2012-11-14,0.1
2012-11-15,0.1
2012-11-16,0.1
2012-11-19,0.1
2012-11-20,0.1
2012-11-21,0.1
2012-11-22,0.1
2012-11-26,0.1
2012-11-27,0.098
2012-11-28,0.098
2012-11-29,0.098
2012-11-30,0.097
2012-12-03,0.097
2012-12-04,0.097
2012-12-05,0.097
2012-12-06,0.096
2012-12-07,0.096
2012-12-10,0.096
2012-12-11,0.096
2012-12-12,0.095
2012-12-13,0.095
2012-12-14,0.1
2012-12-17,0.1
2012-12-18,0.1
2012-12-19,0.1
2012-12-20,0.1
2012-12-21,0.1
2012-12-25,0.099
2012-12-26,0.098
2012-12-27,0.098
2012-12-28,0.098
2013-01-04,0.097
2013-01-07,0.096
2013-01-08,0.096
2013-01-09,0.096
2013-01-10,0.096
2013-01-11,0.08
2013-01-15,0.08
2013-01-16,0.08
2013-01-17,0.08
2013-01-18,0.075
2013-01-21,0.075
2013-01-22,0.075
2013-01-23,0.085
2013-01-24,0.085
2013-01-25,0.079
2013-01-28,0.08
2013-01-29,0.08
2013-01-30,0.08
2013-01-31,0.067
2013-02-01,0.067
2013-02-04,0.067
2013-02-05,0.067
2013-02-06,0.051
2013-02-07,0.032
2013-02-08,0.032
2013-02-12,0.031
2013-02-13,0.03
2013-02-14,0.04
2013-02-15,0.045
2013-02-18,0.045
2013-02-19,0.045
2013-02-20,0.045
2013-02-21,0.045
2013-02-22,0.045
2013-02-25,0.045
2013-02-26,0.045
2013-02-27,0.045
2013-02-28,0.045
2013-03-01,0.045
2013-03-04,0.04
2013-03-05,0.04
2013-03-06,0.04
2013-03-07,0.04
2013-03-08,0.04
2013-03-11,0.04
2013-03-12,0.04
2013-03-13,0.04
2013-03-14,0.04
2013-03-15,0.045
2013-03-18,0.045
2013-03-19,0.045
2013-03-21,0.045
2013-03-22,0.045
2013-03-25,0.039
2013-03-26,0.039
2013-03-27,0.039
2013-03-28,0.046
2013-03-29,0.057
2013-04-01,0.055
2013-04-02,0.056
2013-04-03,0.056
2013-04-04,0.058
2013-04-05,0.082
2013-04-08,0.094
2013-04-09,0.108
2013-04-10,0.123
2013-04-11,0.119
2013-04-12,0.129
2013-04-15,0.13
2013-04-16,0.13
2013-04-17,0.13
2013-04-18,0.13
2013-04-19,0.125
2013-04-22,0.125
2013-04-23,0.12
2013-04-24,0.12
2013-04-25,0.123
2013-04-26,0.124
2013-04-30,0.122
2013-05-01,0.115
2013-05-02,0.111
2013-05-07,0.112
2013-05-08,0.113
2013-05-09,0.113
2013-05-10,0.113
2013-05-13,0.125
2013-05-14,0.135
2013-05-15,0.135
2013-05-16,0.13
2013-05-17,0.13
2013-05-20,0.131
2013-05-21,0.131
2013-05-22,0.125
2013-05-23,0.12
2013-05-24,0.125
2013-05-27,0.125
2013-05-28,0.131
2013-05-29,0.142
2013-05-30,0.143
2013-05-31,0.139
2013-06-03,0.129
2013-06-04,0.124
2013-06-05,0.119
2013-06-06,0.119
2013-06-07,0.12
2013-06-10,0.125
2013-06-11,0.125
2013-06-12,0.125
2013-06-13,0.13
2013-06-14,0.13
2013-06-17,0.13
2013-06-18,0.13
2013-06-19,0.13
2013-06-20,0.129
2013-06-21,0.134
2013-06-24,0.134
2013-06-25,0.134
2013-06-26,0.139
2013-06-27,0.142
2013-06-28,0.137
2013-07-01,0.138
2013-07-02,0.138
2013-07-03,0.133
2013-07-04,0.133
2013-07-05,0.133
2013-07-08,0.134
2013-07-09,0.129
2013-07-10,0.129
2013-07-11,0.125
2013-07-12,0.125
2013-07-16,0.13
2013-07-17,0.13
2013-07-18,0.13
2013-07-19,0.13
2013-07-22,0.13
2013-07-23,0.13
2013-07-24,0.13
2013-07-25,0.129
2013-07-26,0.129
2013-07-29,0.129
2013-07-30,0.119
2013-07-31,0.119
2013-08-01,0.119
2013-08-02,0.119
2013-08-05,0.114
2013-08-06,0.114
2013-08-07,0.109
2013-08-08,0.109
2013-08-09,0.109
2013-08-12,0.11
2013-08-13,0.11
2013-08-14,0.11
2013-08-15,0.11
2013-08-16,0.11
2013-08-19,0.11
2013-08-20,0.11
2013-08-21,0.11
2013-08-22,0.111
2013-08-23,0.111
2013-08-26,0.111
2013-08-27,0.111
2013-08-28,0.111
2013-08-29,0.114
2013-08-30,0.115
2013-09-02,0.116
2013-09-03,0.116
2013-09-04,0.116
2013-09-05,0.117
2013-09-06,0.117
2013-09-09,0.118
2013-09-10,0.118
2013-09-11,0.119
2013-09-12,0.119
2013-09-13,0.119
2013-09-17,0.115
2013-09-18,0.115
2013-09-19,0.11
2013-09-20,0.1
2013-09-24,0.096
2013-09-25,0.101
2013-09-26,0.101
2013-09-27,0.1
2013-09-30,0.107
2013-10-01,0.108
2013-10-02,0.1
2013-10-03,0.097
2013-10-04,0.097
2013-10-07,0.096
2013-10-08,0.096
2013-10-09,0.096
2013-10-10,0.091
2013-10-11,0.091
2013-10-15,0.095
2013-10-16,0.095
2013-10-17,0.1
2013-10-18,0.1
2013-10-21,0.1
2013-10-22,0.101
2013-10-23,0.101
2013-10-24,0.101
2013-10-25,0.102
2013-10-28,0.102
2013-10-29,0.098
2013-10-30,0.097
2013-10-31,0.097
2013-11-01,0.097
2013-11-05,0.096
2013-11-06,0.096
2013-11-07,0.091
2013-11-08,0.091
2013-11-11,0.09
2013-11-12,0.09
2013-11-13,0.09
2013-11-14,0.095
2013-11-15,0.095
2013-11-18,0.095
2013-11-19,0.095
2013-11-20,0.095
2013-11-21,0.095
2013-11-22,0.095
2013-11-25,0.095
2013-11-26,0.095
2013-11-27,0.096
2013-11-28,0.088
2013-11-29,0.083
2013-12-02,0.082
2013-12-03,0.082
2013-12-04,0.082
2013-12-05,0.082
2013-12-06,0.086
2013-12-09,0.086
2013-12-10,0.086
2013-12-11,0.091
2013-12-12,0.09
2013-12-13,0.095
2013-12-16,0.095
2013-12-17,0.095
2013-12-18,0.1
2013-12-19,0.1
2013-12-20,0.1
2013-12-24,0.1
2013-12-25,0.098
2013-12-26,0.098
2013-12-27,0.098
2013-12-30,0.098
2014-01-06,0.091
2014-01-07,0.091
2014-01-08,0.091
2014-01-09,0.091
2014-01-10,0.091
2014-01-14,0.09
2014-01-15,0.09
2014-01-16,0.09
2014-01-17,0.09
2014-01-20,0.091
2014-01-21,0.091
2014-01-22,0.091
2014-01-23,0.091
2014-01-24,0.091
2014-01-27,0.091
2014-01-28,0.091
2014-01-29,0.091
2014-01-30,0.088
2014-01-31,0.085
2014-02-03,0.082
2014-02-04,0.082
2014-02-05,0.082
2014-02-06,0.081
2014-02-07,0.076
2014-02-10,0.071
2014-02-12,0.07
2014-02-13,0.07
2014-02-14,0.075
2014-02-17,0.07
2014-02-18,0.075
2014-02-19,0.085
2014-02-20,0.08
2014-02-21,0.08
2014-02-24,0.08
2014-02-25,0.08
2014-02-26,0.08
2014-02-27,0.073
2014-02-28,0.073
2014-03-03,0.072
2014-03-04,0.072
2014-03-05,0.072
2014-03-06,0.072
2014-03-07,0.072
2014-03-10,0.071
2014-03-11,0.071
2014-03-12,0.076
2014-03-13,0.081
2014-03-14,0.08
2014-03-17,0.08
2014-03-18,0.08
2014-03-19,0.075
2014-03-20,0.075
2014-03-24,0.074
2014-03-25,0.074
2014-03-26,0.079
2014-03-27,0.08
2014-03-28,0.088
2014-03-31,0.087
2014-04-01,0.082
2014-04-02,0.082
2014-04-03,0.082
2014-04-04,0.082
2014-04-07,0.081
2014-04-08,0.081
2014-04-09,0.081
2014-04-10,0.081
2014-04-11,0.081
2014-04-14,0.09
2014-04-15,0.09
2014-04-16,0.09
2014-04-17,0.09
2014-04-18,0.09
2014-04-21,0.09
2014-04-22,0.09
2014-04-23,0.09
2014-04-24,0.089
2014-04-25,0.088
2014-04-28,0.088
2014-04-30,0.088
2014-05-01,0.085
2014-05-02,0.085
2014-05-07,0.085
2014-05-08,0.085
2014-05-09,0.081
2014-05-12,0.081
2014-05-13,0.08
2014-05-14,0.085
2014-05-15,0.085
2014-05-16,0.085
2014-05-19,0.085
2014-05-20,0.085
2014-05-21,0.085
2014-05-22,0.085
2014-05-23,0.085
2014-05-26,0.085
2014-05-27,0.085
2014-05-28,0.091
2014-05-29,0.088
2014-05-30,0.088
2014-06-02,0.087
2014-06-03,0.087
2014-06-04,0.087
2014-06-05,0.087
2014-06-06,0.086
2014-06-09,0.086
2014-06-10,0.086
2014-06-11,0.081
2014-06-12,0.081
2014-06-13,0.081
2014-06-16,0.085
2014-06-17,0.085
2014-06-18,0.085
2014-06-19,0.085
2014-06-20,0.085
2014-06-23,0.084
2014-06-24,0.084
2014-06-25,0.084
2014-06-26,0.083
2014-06-27,0.075
2014-06-30,0.073
2014-07-01,0.067
2014-07-02,0.072
2014-07-03,0.072
2014-07-04,0.072
2014-07-07,0.071
2014-07-08,0.065
2014-07-09,0.061
2014-07-10,0.061
2014-07-11,0.061
2014-07-14,0.06
2014-07-15,0.065
2014-07-16,0.065
2014-07-17,0.065
2014-07-18,0.065
2014-07-22,0.07
2014-07-23,0.07
2014-07-24,0.07
2014-07-25,0.07
2014-07-28,0.075
2014-07-29,0.068
2014-07-30,0.068
2014-07-31,0.067
2014-08-01,0.067
2014-08-04,0.067
2014-08-05,0.067
2014-08-06,0.066
2014-08-07,0.066
2014-08-08,0.066
2014-08-11,0.066
2014-08-12,0.066
2014-08-13,0.065
2014-08-14,0.065
2014-08-15,0.07
2014-08-18,0.07
2014-08-19,0.07
2014-08-20,0.075
2014-08-21,0.075
2014-08-22,0.081
2014-08-25,0.081
2014-08-26,0.081
2014-08-27,0.081
2014-08-28,0.073
2014-08-29,0.073
2014-09-01,0.072
2014-09-02,0.072
2014-09-03,0.077
2014-09-04,0.077
2014-09-05,0.076
2014-09-08,0.072
2014-09-09,0.071
2014-09-10,0.071
2014-09-11,0.075
2014-09-12,0.075
2014-09-16,0.08
2014-09-17,0.075
2014-09-18,0.075
2014-09-19,0.07
2014-09-22,0.069
2014-09-24,0.064
2014-09-25,0.064
2014-09-26,0.064
2014-09-29,0.08
2014-09-30,0.078
2014-10-01,0.07
2014-10-02,0.065
2014-10-03,0.06
2014-10-06,0.06
2014-10-07,0.059
2014-10-08,0.05
2014-10-09,0.049
2014-10-10,0.049
2014-10-14,0.045
2014-10-15,0.045
2014-10-16,0.045
2014-10-17,0.015
2014-10-20,0.025
2014-10-21,0.025
2014-10-22,0.03
2014-10-23,0.03
2014-10-24,0.019
2014-10-27,0.024
2014-10-28,0.018
2014-10-29,0.02
2014-10-30,0.02
2014-10-31,0.03
2014-11-04,0.02
2014-11-05,0.02
2014-11-06,0.03
2014-11-07,0.03
2014-11-10,0.025
2014-11-11,0.03
2014-11-12,0.045
2014-11-13,0.03
2014-11-14,0.02
2014-11-17,0.015
2014-11-18,0.015
2014-11-19,0.01
2014-11-20,0.009
2014-11-21,0.009
2014-11-25,0.009
2014-11-26,0.008
2014-11-27,0.008
2014-11-28,0.01
2014-12-01,0.007
2014-12-02,0.002
2014-12-03,-0.003
2014-12-04,-0.003
2014-12-05,-0.003
2014-12-08,-0.004
2014-12-09,-0.004
2014-12-10,0.001
2014-12-11,0.001
2014-12-12,0.005
2014-12-15,0.01
2014-12-16,0.005
2014-12-17,0.005
2014-12-18,-0.01
2014-12-19,-0.035
2014-12-22,-0.031
2014-12-24,-0.036
2014-12-25,-0.026
2014-12-26,-0.028
2014-12-29,-0.033
2014-12-30,-0.028
2015-01-05,-0.027
2015-01-06,-0.026
2015-01-07,-0.025
2015-01-08,-0.02
2015-01-09,-0.029
2015-01-13,-0.03
2015-01-14,-0.03
2015-01-15,-0.025
2015-01-16,-0.025
2015-01-19,-0.026
2015-01-20,-0.031
2015-01-21,-0.031
2015-01-22,-0.02
2015-01-23,-0.015
2015-01-26,-0.016
2015-01-27,-0.005
2015-01-28,0.003
2015-01-29,0.005
2015-01-30,0.01
2015-02-02,0.01
2015-02-03,0.02
2015-02-04,0.03
2015-02-05,0.043
2015-02-06,0.035
2015-02-09,0.045
2015-02-10,0.045
2015-02-12,0.04
2015-02-13,0.04
2015-02-16,0.045
2015-02-17,0.035
2015-02-18,0.04
2015-02-19,0.035
2015-02-20,0.034
2015-02-23,0.033
2015-02-24,0.029
2015-02-25,0.023
2015-02-26,0.025
2015-02-27,0.015
2015-03-02,0.015
2015-03-03,0.02
2015-03-04,0.015
2015-03-05,0.007
2015-03-06,0.007
2015-03-09,0.016
2015-03-10,0.03
2015-03-11,0.03
2015-03-12,0.016
2015-03-13,0.016
2015-03-16,0.015
2015-03-17,0.015
2015-03-18,0.005
2015-03-19,0.004
2015-03-20,0.01
2015-03-23,0.019
2015-03-24,0.024
2015-03-25,0.03
2015-03-26,0.03
2015-03-27,0.035
2015-03-30,0.035
2015-03-31,0.037
2015-04-01,0.025
2015-04-02,0.02
2015-04-03,0.015
2015-04-06,0.015
2015-04-07,0.015
2015-04-08,0.015
2015-04-09,0.011
2015-04-10,0.006
2015-04-13,0.005
2015-04-14,0.005
2015-04-15,0.005
2015-04-16,0.005
2015-04-17,0.005
2015-04-20,0.004
2015-04-21,0.004
2015-04-22,-0.001
2015-04-23,-0.001
2015-04-24,-0.016
2015-04-27,-0.001
2015-04-28,0
2015-04-30,0
2015-05-01,0.002
2015-05-07,0.016
2015-05-08,0.006
2015-05-11,0.001
2015-05-12,0.001
2015-05-13,0.001
2015-05-14,-0.005
2015-05-15,-0.01
2015-05-18,-0.01
2015-05-19,-0.01
2015-05-20,-0.011
2015-05-21,-0.006
2015-05-22,-0.006
2015-05-25,-0.001
2015-05-26,-0.001
2015-05-27,-0.001
2015-05-28,-0.008
2015-05-29,-0.008
2015-06-01,-0.007
2015-06-02,-0.007
2015-06-03,-0.002
2015-06-04,-0.002
2015-06-05,-0.005
2015-06-08,-0.005
2015-06-09,-0.005
2015-06-10,-0.005
2015-06-11,-0.005
2015-06-12,-0.004
2015-06-15,-0.005
2015-06-16,0
2015-06-17,0
2015-06-18,0.005
2015-06-19,0.005
2015-06-22,0.005
2015-06-23,0.005
2015-06-24,0.004
2015-06-25,0.003
2015-06-26,-0.002
2015-06-29,-0.002
2015-06-30,-0.003
2015-07-01,-0.003
2015-07-02,0
2015-07-03,0.01
2015-07-06,0.01
2015-07-07,0.005
2015-07-08,0.005
2015-07-09,0.009
2015-07-10,0.005
2015-07-13,0.005
2015-07-14,0.005
2015-07-15,0.01
2015-07-16,0.005
2015-07-17,0.005
2015-07-21,0.005
2015-07-22,0.004
2015-07-23,0.004
2015-07-24,0.004
2015-07-27,0.004
2015-07-28,0.005
2015-07-29,0.005
2015-07-30,0.005
2015-07-31,0.005
2015-08-03,0.005
2015-08-04,0.005
2015-08-05,0.005
2015-08-06,0.005
2015-08-07,0.005
2015-08-10,0.005
2015-08-11,0.001
2015-08-12,0.001
2015-08-13,0.001
2015-08-14,0
2015-08-17,0.005
2015-08-18,0.005
2015-08-19,0.004
2015-08-20,0.004
2015-08-21,0.004
2015-08-24,0.004
2015-08-25,0.004
2015-08-26,0.004
2015-08-27,0.008
2015-08-28,0.008
2015-08-31,0.007
2015-09-01,0.007
2015-09-02,0.01
2015-09-03,0.012
2015-09-04,0.012
2015-09-07,0.011
2015-09-08,0.011
2015-09-09,0.011
2015-09-10,0.011
2015-09-11,0.01
2015-09-14,0.01
2015-09-15,0.02
2015-09-16,0.02
2015-09-17,0.015
2015-09-18,0.014
2015-09-24,0.013
2015-09-25,0.009
2015-09-28,0.008
2015-09-29,0.012
2015-09-30,0.015
2015-10-01,0.007
2015-10-02,0.002
2015-10-05,0.002
2015-10-06,0.001
2015-10-07,0.001
2015-10-08,0.005
2015-10-09,0.005
2015-10-13,0.005
2015-10-14,0.005
2015-10-15,0.01
2015-10-16,0.01
2015-10-19,0.009
2015-10-20,0.009
2015-10-21,0.014
2015-10-22,0.01
2015-10-23,0.009
2015-10-26,0.013
2015-10-27,0.008
2015-10-28,0.003
2015-10-29,0.003
2015-10-30,0.002
2015-11-02,0.002
2015-11-04,0.002
2015-11-05,0.001
2015-11-06,0
2015-11-09,-0.004
2015-11-10,-0.004
2015-11-11,-0.005
2015-11-12,-0.005
2015-11-13,-0.005
2015-11-16,-0.005
2015-11-17,-0.01
2015-11-18,-0.015
2015-11-19,-0.021
2015-11-20,-0.026
2015-11-24,-0.001
2015-11-25,-0.006
2015-11-26,-0.006
2015-11-27,-0.008
2015-11-30,-0.008
2015-12-01,-0.012
2015-12-02,-0.015
2015-12-03,-0.02
2015-12-04,-0.025
2015-12-07,-0.025
2015-12-08,-0.03
2015-12-09,-0.035
2015-12-10,-0.035
2015-12-11,-0.03
2015-12-14,-0.03
2015-12-15,-0.03
2015-12-16,-0.025
2015-12-17,-0.03
2015-12-18,-0.05
2015-12-21,-0.035
2015-12-22,-0.042
2015-12-24,-0.04
2015-12-25,-0.039
2015-12-28,-0.036
2015-12-29,-0.035
2015-12-30,-0.033
2016-01-04,-0.028
2016-01-05,-0.03
2016-01-06,-0.029
2016-01-07,-0.028
2016-01-08,-0.031
2016-01-12,-0.028
2016-01-13,-0.036
2016-01-14,-0.031
2016-01-15,-0.03
2016-01-18,-0.025
2016-01-19,-0.02
2016-01-20,-0.011
2016-01-21,-0.011
2016-01-22,-0.021
2016-01-25,-0.026
2016-01-26,-0.026
2016-01-27,-0.027
2016-01-28,-0.026
2016-01-29,-0.083
2016-02-01,-0.16
2016-02-02,-0.152
2016-02-03,-0.182
2016-02-04,-0.178
2016-02-05,-0.193
2016-02-08,-0.192
2016-02-09,-0.241
2016-02-10,-0.217
2016-02-12,-0.164
2016-02-15,-0.145
2016-02-16,-0.16
2016-02-17,-0.151
2016-02-18,-0.186
2016-02-19,-0.212
2016-02-22,-0.213
2016-02-23,-0.204
2016-02-24,-0.214
2016-02-25,-0.212
2016-02-26,-0.236
2016-02-29,-0.245
2016-03-01,-0.236
2016-03-02,-0.226
2016-03-03,-0.211
2016-03-04,-0.203
2016-03-07,-0.212
2016-03-08,-0.23
2016-03-09,-0.183
2016-03-10,-0.173
2016-03-11,-0.163
2016-03-14,-0.169
2016-03-15,-0.155
2016-03-16,-0.175
2016-03-17,-0.199
2016-03-18,-0.22
2016-03-22,-0.215
2016-03-23,-0.224
2016-03-24,-0.214
2016-03-25,-0.224
2016-03-28,-0.226
2016-03-29,-0.224
2016-03-30,-0.226
2016-03-31,-0.206
2016-04-01,-0.214
2016-04-04,-0.225
2016-04-05,-0.22
2016-04-06,-0.232
2016-04-07,-0.236
2016-04-08,-0.241
2016-04-11,-0.247
2016-04-12,-0.252
2016-04-13,-0.243
2016-04-14,-0.258
2016-04-15,-0.254
2016-04-18,-0.254
2016-04-19,-0.259
2016-04-20,-0.264
2016-04-21,-0.265
2016-04-22,-0.28
2016-04-25,-0.27
2016-04-26,-0.265
2016-04-27,-0.249
2016-04-28,-0.244
2016-05-02,-0.244
2016-05-06,-0.247
2016-05-09,-0.248
2016-05-10,-0.248
2016-05-11,-0.248
2016-05-12,-0.253
2016-05-13,-0.253
2016-05-16,-0.254
2016-05-17,-0.255
2016-05-18,-0.246
2016-05-19,-0.226
2016-05-20,-0.236
2016-05-23,-0.238
2016-05-24,-0.239
2016-05-25,-0.234
2016-05-26,-0.239
2016-05-27,-0.24
2016-05-30,-0.231
2016-05-31,-0.239
2016-06-01,-0.242
2016-06-02,-0.24
2016-06-03,-0.24
2016-06-06,-0.251
2016-06-07,-0.25
2016-06-08,-0.241
2016-06-09,-0.246
2016-06-10,-0.271
2016-06-13,-0.277
2016-06-14,-0.278
2016-06-15,-0.284
2016-06-16,-0.284
2016-06-17,-0.255
2016-06-20,-0.251
2016-06-21,-0.247
2016-06-22,-0.242
2016-06-23,-0.238
2016-06-24,-0.289
2016-06-27,-0.284
2016-06-28,-0.293
2016-06-29,-0.298
2016-06-30,-0.299
2016-07-01,-0.329
2016-07-04,-0.325
2016-07-05,-0.32
2016-07-06,-0.334
2016-07-07,-0.343
2016-07-08,-0.354
2016-07-11,-0.351
2016-07-12,-0.351
2016-07-13,-0.357
2016-07-14,-0.357
2016-07-15,-0.333
2016-07-19,-0.331
2016-07-20,-0.327
2016-07-21,-0.327
2016-07-22,-0.333
2016-07-25,-0.335
2016-07-26,-0.336
2016-07-27,-0.372
2016-07-28,-0.345
2016-07-29,-0.251
2016-08-01,-0.237
2016-08-02,-0.165
2016-08-03,-0.177
2016-08-04,-0.178
2016-08-05,-0.193
2016-08-08,-0.172
2016-08-09,-0.187
2016-08-10,-0.202
2016-08-12,-0.197
2016-08-15,-0.184
2016-08-16,-0.19
2016-08-17,-0.185
2016-08-18,-0.196
2016-08-19,-0.206
2016-08-22,-0.202
2016-08-23,-0.207
2016-08-24,-0.193
2016-08-25,-0.188
2016-08-26,-0.178
2016-08-29,-0.185
2016-08-30,-0.197
2016-08-31,-0.197
2016-09-01,-0.187
2016-09-02,-0.187
2016-09-05,-0.193
2016-09-06,-0.189
2016-09-07,-0.199
2016-09-08,-0.199
2016-09-09,-0.204
2016-09-12,-0.249
2016-09-13,-0.244
2016-09-14,-0.274
2016-09-15,-0.274
2016-09-16,-0.269
2016-09-20,-0.266
2016-09-21,-0.226
2016-09-23,-0.222
2016-09-26,-0.229
2016-09-27,-0.268
2016-09-28,-0.293
2016-09-29,-0.275
2016-09-30,-0.289
2016-10-03,-0.281
2016-10-04,-0.281
2016-10-05,-0.285
2016-10-06,-0.28
2016-10-07,-0.28
2016-10-11,-0.264
2016-10-12,-0.263
2016-10-13,-0.263
2016-10-14,-0.273
2016-10-17,-0.275
2016-10-18,-0.275
2016-10-19,-0.27
2016-10-20,-0.266
2016-10-21,-0.256
2016-10-24,-0.248
2016-10-25,-0.254
2016-10-26,-0.254
2016-10-27,-0.254
2016-10-28,-0.248
2016-10-31,-0.247
2016-11-01,-0.249
2016-11-02,-0.259
2016-11-04,-0.264
2016-11-07,-0.259
2016-11-08,-0.263
2016-11-09,-0.278
2016-11-10,-0.263
2016-11-11,-0.248
2016-11-14,-0.219
2016-11-15,-0.184
2016-11-16,-0.11
2016-11-17,-0.155
2016-11-18,-0.166
2016-11-21,-0.171
2016-11-22,-0.162
2016-11-24,-0.162
2016-11-25,-0.142
2016-11-28,-0.153
2016-11-29,-0.164
2016-11-30,-0.167
2016-12-01,-0.174
2016-12-02,-0.179
2016-12-05,-0.189
2016-12-06,-0.189
2016-12-07,-0.194
2016-12-08,-0.189
2016-12-09,-0.189
2016-12-12,-0.189
2016-12-13,-0.184
2016-12-14,-0.199
2016-12-15,-0.199
2016-12-16,-0.18
2016-12-19,-0.181
2016-12-20,-0.186
2016-12-21,-0.181
2016-12-22,-0.181
2016-12-26,-0.178
2016-12-27,-0.169
2016-12-28,-0.174
2016-12-29,-0.182
2016-12-30,-0.187
2017-01-04,-0.193
2017-01-05,-0.203
2017-01-06,-0.213
2017-01-10,-0.243
2017-01-11,-0.248
2017-01-12,-0.223
2017-01-13,-0.224
2017-01-16,-0.224
2017-01-17,-0.23
2017-01-18,-0.235
2017-01-19,-0.23
2017-01-20,-0.235
2017-01-23,-0.241
2017-01-24,-0.246
2017-01-25,-0.216
2017-01-26,-0.201
2017-01-27,-0.2
2017-01-30,-0.209
2017-01-31,-0.209
2017-02-01,-0.227
2017-02-02,-0.226
2017-02-03,-0.231
2017-02-06,-0.221
2017-02-07,-0.221
2017-02-08,-0.21
2017-02-09,-0.209
2017-02-10,-0.214
2017-02-13,-0.214
2017-02-14,-0.224
2017-02-15,-0.234
2017-02-16,-0.239
2017-02-17,-0.244
2017-02-20,-0.239
2017-02-21,-0.24
2017-02-22,-0.26
2017-02-23,-0.26
2017-02-24,-0.265
2017-02-27,-0.264
2017-02-28,-0.262
2017-03-01,-0.259
2017-03-02,-0.276
2017-03-03,-0.291
2017-03-06,-0.295
2017-03-07,-0.295
2017-03-08,-0.29
2017-03-09,-0.269
2017-03-10,-0.264
2017-03-13,-0.259
2017-03-14,-0.259
2017-03-15,-0.254
2017-03-16,-0.264
2017-03-17,-0.265
2017-03-21,-0.263
2017-03-22,-0.268
2017-03-23,-0.273
2017-03-24,-0.264
2017-03-27,-0.265
2017-03-28,-0.26
2017-03-29,-0.25
2017-03-30,-0.215
2017-03-31,-0.204
2017-04-03,-0.175
2017-04-04,-0.188
2017-04-05,-0.201
2017-04-06,-0.211
2017-04-07,-0.219
2017-04-10,-0.219
2017-04-11,-0.224
2017-04-12,-0.229
2017-04-13,-0.224
2017-04-14,-0.224
2017-04-17,-0.22
2017-04-18,-0.215
2017-04-19,-0.221
2017-04-20,-0.221
2017-04-21,-0.222
2017-04-24,-0.212
2017-04-25,-0.208
2017-04-26,-0.203
2017-04-27,-0.193
2017-04-28,-0.207
2017-05-01,-0.207
2017-05-02,-0.202
2017-05-08,-0.198
2017-05-09,-0.188
2017-05-10,-0.183
2017-05-11,-0.182
2017-05-12,-0.178
2017-05-15,-0.174
2017-05-16,-0.17
2017-05-17,-0.16
2017-05-18,-0.151
2017-05-19,-0.161
2017-05-22,-0.168
2017-05-23,-0.167
2017-05-24,-0.163
2017-05-25,-0.168
2017-05-26,-0.168
2017-05-29,-0.171
2017-05-30,-0.165
2017-05-31,-0.162
2017-06-01,-0.16
2017-06-02,-0.155
2017-06-05,-0.146
2017-06-06,-0.142
2017-06-07,-0.117
2017-06-08,-0.103
2017-06-09,-0.108
2017-06-12,-0.114
2017-06-13,-0.109
2017-06-14,-0.114
2017-06-15,-0.12
2017-06-16,-0.12
2017-06-19,-0.116
2017-06-20,-0.112
2017-06-21,-0.102
2017-06-22,-0.102
2017-06-23,-0.103
2017-06-26,-0.104
2017-06-27,-0.117
2017-06-28,-0.12
2017-06-29,-0.12
2017-06-30,-0.115
2017-07-03,-0.121
2017-07-04,-0.126
2017-07-05,-0.116
2017-07-06,-0.102
2017-07-07,-0.102
2017-07-10,-0.099
2017-07-11,-0.104
2017-07-12,-0.109
2017-07-13,-0.114
2017-07-14,-0.109
2017-07-18,-0.106
2017-07-19,-0.111
2017-07-20,-0.111
2017-07-21,-0.116
2017-07-24,-0.118
2017-07-25,-0.112
2017-07-26,-0.107
2017-07-27,-0.115
2017-07-28,-0.117
2017-07-31,-0.117
2017-08-01,-0.117
2017-08-02,-0.118
2017-08-03,-0.118
2017-08-04,-0.113
2017-08-07,-0.108
2017-08-08,-0.109
2017-08-09,-0.119
2017-08-10,-0.114
2017-08-14,-0.114
2017-08-15,-0.115
2017-08-16,-0.12
2017-08-17,-0.115
2017-08-18,-0.131
2017-08-21,-0.131
2017-08-22,-0.131
2017-08-23,-0.132
2017-08-24,-0.143
2017-08-25,-0.157
2017-08-28,-0.158
2017-08-29,-0.158
2017-08-30,-0.155
2017-08-31,-0.162
2017-09-01,-0.165
2017-09-04,-0.161
2017-09-05,-0.156
2017-09-06,-0.152
2017-09-07,-0.157
2017-09-08,-0.162
2017-09-11,-0.158
2017-09-12,-0.144
2017-09-13,-0.144
2017-09-14,-0.139
2017-09-15,-0.15
2017-09-19,-0.141
2017-09-20,-0.131
2017-09-21,-0.126
2017-09-22,-0.137
2017-09-25,-0.138
2017-09-26,-0.138
2017-09-27,-0.129
2017-09-28,-0.115
2017-09-29,-0.12
2017-10-02,-0.11
2017-10-03,-0.115
2017-10-04,-0.135
2017-10-05,-0.14
2017-10-06,-0.14
2017-10-10,-0.145
2017-10-11,-0.144
2017-10-12,-0.144
2017-10-13,-0.144
2017-10-16,-0.145
2017-10-17,-0.14
2017-10-18,-0.13
2017-10-19,-0.141
2017-10-20,-0.136
2017-10-23,-0.137
2017-10-24,-0.137
2017-10-25,-0.137
2017-10-26,-0.147
2017-10-27,-0.149
2017-10-30,-0.155
2017-10-31,-0.16
2017-11-01,-0.16
2017-11-02,-0.163
2017-11-06,-0.183
2017-11-07,-0.193
2017-11-08,-0.207
2017-11-09,-0.198
2017-11-10,-0.179
2017-11-13,-0.174
2017-11-14,-0.184
2017-11-15,-0.189
2017-11-16,-0.19
2017-11-17,-0.195
2017-11-20,-0.196
2017-11-21,-0.196
2017-11-22,-0.197
2017-11-24,-0.188
2017-11-27,-0.179
2017-11-28,-0.175
2017-11-29,-0.174
2017-11-30,-0.16
2017-12-01,-0.16
2017-12-04,-0.148
2017-12-05,-0.138
2017-12-06,-0.143
2017-12-07,-0.143
2017-12-08,-0.153
2017-12-11,-0.154
2017-12-12,-0.154
2017-12-13,-0.159
2017-12-14,-0.159
2017-12-15,-0.155
2017-12-18,-0.15
2017-12-19,-0.151
2017-12-20,-0.146
2017-12-21,-0.146
2017-12-22,-0.147
2017-12-25,-0.147
2017-12-26,-0.145
2017-12-27,-0.143
2017-12-28,-0.138
2017-12-29,-0.14
2018-01-04,-0.138
2018-01-05,-0.138
2018-01-09,-0.139
2018-01-10,-0.129
2018-01-11,-0.134
2018-01-12,-0.134
2018-01-15,-0.14
2018-01-16,-0.14
2018-01-17,-0.13
2018-01-18,-0.13
2018-01-19,-0.136
2018-01-22,-0.136
2018-01-23,-0.142
2018-01-24,-0.137
2018-01-25,-0.132
2018-01-26,-0.132
2018-01-29,-0.128
2018-01-30,-0.13
2018-01-31,-0.137
2018-02-01,-0.128
2018-02-02,-0.131
2018-02-05,-0.137
2018-02-06,-0.142
2018-02-07,-0.144
2018-02-08,-0.148
2018-02-09,-0.149
2018-02-13,-0.154
2018-02-14,-0.154
2018-02-15,-0.159
2018-02-16,-0.16
2018-02-19,-0.151
2018-02-20,-0.151
2018-02-21,-0.151
2018-02-22,-0.151
2018-02-23,-0.153
2018-02-26,-0.154
2018-02-27,-0.162
2018-02-28,-0.16
2018-03-01,-0.16
2018-03-02,-0.155
2018-03-05,-0.173
2018-03-06,-0.166
2018-03-07,-0.162
2018-03-08,-0.157
2018-03-09,-0.157
2018-03-12,-0.153
2018-03-13,-0.154
2018-03-14,-0.149
2018-03-15,-0.145
2018-03-16,-0.15
2018-03-19,-0.151
2018-03-20,-0.156
2018-03-22,-0.157
2018-03-23,-0.157
2018-03-26,-0.158
2018-03-27,-0.153
2018-03-28,-0.154
2018-03-29,-0.14
2018-03-30,-0.137
2018-04-02,-0.135
2018-04-03,-0.141
2018-04-04,-0.136
2018-04-05,-0.133
2018-04-06,-0.143
2018-04-09,-0.147
2018-04-10,-0.154
2018-04-11,-0.158
2018-04-12,-0.158
2018-04-13,-0.159
2018-04-16,-0.155
2018-04-17,-0.155
2018-04-18,-0.15
2018-04-19,-0.141
2018-04-20,-0.131
2018-04-23,-0.132
2018-04-24,-0.136
2018-04-25,-0.135
2018-04-26,-0.131
2018-04-27,-0.137
2018-05-01,-0.142
2018-05-02,-0.138
2018-05-07,-0.137
2018-05-08,-0.132
2018-05-09,-0.133
2018-05-10,-0.138
2018-05-11,-0.138
2018-05-14,-0.139
2018-05-15,-0.135
2018-05-16,-0.14
2018-05-17,-0.14
2018-05-18,-0.135
2018-05-21,-0.136
2018-05-22,-0.141
2018-05-23,-0.141
2018-05-24,-0.142
2018-05-25,-0.143
2018-05-28,-0.144
2018-05-29,-0.144
2018-05-30,-0.148
2018-05-31,-0.144
2018-06-01,-0.145
2018-06-04,-0.135
2018-06-05,-0.131
2018-06-06,-0.131
2018-06-07,-0.131
2018-06-08,-0.127
2018-06-11,-0.133
2018-06-12,-0.133
2018-06-13,-0.133
2018-06-14,-0.138
2018-06-15,-0.138
2018-06-18,-0.14
2018-06-19,-0.135
2018-06-20,-0.135
2018-06-21,-0.136
2018-06-22,-0.136
2018-06-25,-0.137
2018-06-26,-0.137
2018-06-27,-0.133
2018-06-28,-0.128
2018-06-29,-0.129
2018-07-02,-0.135
2018-07-03,-0.13
2018-07-04,-0.131
2018-07-05,-0.131
2018-07-06,-0.132
2018-07-09,-0.132
2018-07-10,-0.127
2018-07-11,-0.133
2018-07-12,-0.133
2018-07-13,-0.133
2018-07-17,-0.135
2018-07-18,-0.13
2018-07-19,-0.13
2018-07-20,-0.127
2018-07-23,-0.107
2018-07-24,-0.123
2018-07-25,-0.126
2018-07-26,-0.119
2018-07-27,-0.118
2018-07-30,-0.119
2018-07-31,-0.119
2018-08-01,-0.09
2018-08-02,-0.105
2018-08-03,-0.11
2018-08-06,-0.111
2018-08-07,-0.112
2018-08-08,-0.107
2018-08-09,-0.112
2018-08-10,-0.117
2018-08-13,-0.118
2018-08-14,-0.118
2018-08-15,-0.118
2018-08-16,-0.124
2018-08-17,-0.129
2018-08-20,-0.127
2018-08-21,-0.127
2018-08-22,-0.12
2018-08-23,-0.123
2018-08-24,-0.116
2018-08-27,-0.116
2018-08-28,-0.116
2018-08-29,-0.117
2018-08-30,-0.114
2018-08-31,-0.119
2018-09-03,-0.11
2018-09-04,-0.116
2018-09-05,-0.116
2018-09-06,-0.116
2018-09-07,-0.112
2018-09-10,-0.112
2018-09-11,-0.112
2018-09-12,-0.112
2018-09-13,-0.113
2018-09-14,-0.113
2018-09-18,-0.114
2018-09-19,-0.109
2018-09-20,-0.104
2018-09-21,-0.104
2018-09-25,-0.105
2018-09-26,-0.11
2018-09-27,-0.118
2018-09-28,-0.114
2018-10-01,-0.115
2018-10-02,-0.115
2018-10-03,-0.115
2018-10-04,-0.11
2018-10-05,-0.121
2018-10-09,-0.116
2018-10-10,-0.117
2018-10-11,-0.117
2018-10-12,-0.117
2018-10-15,-0.118
2018-10-16,-0.118
2018-10-17,-0.12
2018-10-18,-0.12
2018-10-19,-0.119
2018-10-22,-0.114
2018-10-23,-0.114
2018-10-24,-0.115
2018-10-25,-0.119
2018-10-26,-0.124
2018-10-29,-0.124
2018-10-30,-0.125
2018-10-31,-0.125
2018-11-01,-0.125
2018-11-02,-0.13
2018-11-05,-0.131
2018-11-06,-0.131
2018-11-07,-0.126
2018-11-08,-0.132
2018-11-09,-0.137
2018-11-12,-0.138
2018-11-13,-0.137
2018-11-14,-0.143
2018-11-15,-0.138
2018-11-16,-0.144
2018-11-19,-0.145
2018-11-20,-0.142
2018-11-21,-0.142
2018-11-22,-0.142
2018-11-26,-0.142
2018-11-27,-0.142
2018-11-28,-0.132
2018-11-29,-0.139
2018-11-30,-0.135
2018-12-03,-0.13
2018-12-04,-0.13
2018-12-05,-0.136
2018-12-06,-0.151
2018-12-07,-0.141
2018-12-10,-0.147
2018-12-11,-0.142
2018-12-12,-0.142
2018-12-13,-0.147
2018-12-14,-0.153
2018-12-17,-0.157
2018-12-18,-0.157
2018-12-19,-0.151
2018-12-20,-0.146
2018-12-21,-0.143
2018-12-25,-0.147
2018-12-26,-0.124
2018-12-27,-0.124
2018-12-28,-0.139
2019-01-04,-0.176
2019-01-07,-0.166
2019-01-08,-0.147
2019-01-09,-0.147
2019-01-10,-0.148
2019-01-11,-0.153
2019-01-15,-0.153
2019-01-16,-0.164
2019-01-17,-0.169
2019-01-18,-0.17
2019-01-21,-0.167
2019-01-22,-0.167
2019-01-23,-0.168
2019-01-24,-0.162
2019-01-25,-0.168
2019-01-28,-0.164
2019-01-29,-0.159
2019-01-30,-0.159
2019-01-31,-0.169
2019-02-01,-0.179
2019-02-04,-0.171
2019-02-05,-0.166
2019-02-06,-0.161
2019-02-07,-0.156
2019-02-08,-0.166
2019-02-12,-0.163
2019-02-13,-0.168
2019-02-14,-0.168
2019-02-15,-0.169
2019-02-18,-0.176
2019-02-19,-0.183
2019-02-20,-0.182
2019-02-21,-0.182
2019-02-22,-0.178
2019-02-25,-0.174
2019-02-26,-0.169
2019-02-27,-0.164
2019-02-28,-0.154
2019-03-01,-0.15
2019-03-04,-0.146
2019-03-05,-0.141
2019-03-06,-0.146
2019-03-07,-0.147
2019-03-08,-0.147
2019-03-11,-0.147
2019-03-12,-0.153
2019-03-13,-0.158
2019-03-14,-0.163
2019-03-15,-0.165
2019-03-18,-0.161
2019-03-19,-0.161
2019-03-20,-0.162
2019-03-22,-0.178
2019-03-25,-0.182
2019-03-26,-0.169
2019-03-27,-0.17
2019-03-28,-0.178
2019-03-29,-0.183
2019-04-01,-0.174
2019-04-02,-0.16
2019-04-03,-0.16
2019-04-04,-0.156
2019-04-05,-0.156
2019-04-08,-0.157
2019-04-09,-0.163
2019-04-10,-0.168
2019-04-11,-0.168
2019-04-12,-0.169
2019-04-15,-0.165
2019-04-16,-0.155
2019-04-17,-0.15
2019-04-18,-0.156
2019-04-19,-0.151
2019-04-22,-0.152
2019-04-23,-0.148
2019-04-24,-0.152
2019-04-25,-0.147
2019-04-26,-0.153
2019-05-07,-0.156
2019-05-08,-0.156
2019-05-09,-0.158
2019-05-10,-0.158
2019-05-13,-0.159
2019-05-14,-0.159
2019-05-15,-0.16
2019-05-16,-0.166
2019-05-17,-0.164
2019-05-20,-0.154
2019-05-21,-0.154
2019-05-22,-0.152
2019-05-23,-0.153
2019-05-24,-0.155
2019-05-27,-0.156
2019-05-28,-0.162
2019-05-29,-0.173
2019-05-30,-0.169
2019-05-31,-0.179
2019-06-03,-0.18
2019-06-04,-0.186
2019-06-05,-0.221
2019-06-06,-0.207
2019-06-07,-0.197
2019-06-10,-0.199
2019-06-11,-0.194
2019-06-12,-0.195
2019-06-13,-0.2
2019-06-14,-0.206
2019-06-17,-0.196
2019-06-18,-0.203
2019-06-19,-0.214
2019-06-20,-0.235
2019-06-21,-0.239
2019-06-24,-0.232
2019-06-25,-0.228
2019-06-26,-0.217
2019-06-27,-0.213
2019-06-28,-0.222
2019-07-01,-0.224
2019-07-02,-0.22
2019-07-03,-0.225
2019-07-04,-0.221
2019-07-05,-0.211
2019-07-08,-0.202
2019-07-09,-0.197
2019-07-10,-0.188
2019-07-11,-0.194
2019-07-12,-0.184
2019-07-16,-0.191
2019-07-17,-0.186
2019-07-18,-0.197
2019-07-19,-0.203
2019-07-22,-0.204
2019-07-23,-0.205
2019-07-24,-0.206
2019-07-25,-0.207
2019-07-26,-0.212
2019-07-29,-0.213
2019-07-30,-0.213
2019-07-31,-0.209
2019-08-01,-0.189
2019-08-02,-0.205
2019-08-05,-0.216
2019-08-06,-0.221
2019-08-07,-0.237
2019-08-08,-0.243
2019-08-09,-0.273
2019-08-13,-0.291
2019-08-14,-0.277
2019-08-15,-0.282
2019-08-16,-0.279
2019-08-19,-0.285
2019-08-20,-0.295
2019-08-21,-0.305
2019-08-22,-0.313
2019-08-23,-0.301
2019-08-26,-0.323
2019-08-27,-0.303
2019-08-28,-0.304
2019-08-29,-0.317
2019-08-30,-0.307
2019-09-02,-0.299
2019-09-03,-0.295
2019-09-04,-0.305
2019-09-05,-0.296
2019-09-06,-0.302
2019-09-09,-0.319
2019-09-10,-0.294
2019-09-11,-0.279
2019-09-12,-0.285
2019-09-13,-0.251
2019-09-17,-0.248
2019-09-18,-0.269
2019-09-19,-0.305
2019-09-20,-0.31
2019-09-24,-0.324
2019-09-25,-0.346
2019-09-26,-0.331
2019-09-27,-0.321
2019-09-30,-0.323
2019-10-01,-0.294
2019-10-02,-0.309
2019-10-03,-0.325
2019-10-04,-0.335
2019-10-07,-0.338
2019-10-08,-0.323
2019-10-09,-0.324
2019-10-10,-0.315
2019-10-11,-0.295
2019-10-15,-0.281
2019-10-16,-0.267
2019-10-17,-0.254
2019-10-18,-0.244
2019-10-21,-0.245
2019-10-23,-0.252
2019-10-24,-0.256
2019-10-25,-0.243
2019-10-28,-0.219
2019-10-29,-0.208
2019-10-30,-0.218
2019-10-31,-0.239
2019-11-01,-0.274
2019-11-05,-0.241
2019-11-06,-0.192
2019-11-07,-0.192
2019-11-08,-0.177
2019-11-11,-0.194
2019-11-12,-0.174
2019-11-13,-0.195
2019-11-14,-0.205
2019-11-15,-0.2
2019-11-18,-0.206
2019-11-19,-0.208
2019-11-20,-0.214
2019-11-21,-0.199
2019-11-22,-0.191
2019-11-25,-0.191
2019-11-26,-0.194
2019-11-27,-0.2
2019-11-28,-0.179
2019-11-29,-0.179
2019-12-02,-0.17
2019-12-03,-0.156
2019-12-04,-0.156
2019-12-05,-0.152
2019-12-06,-0.132
2019-12-09,-0.117
2019-12-10,-0.118
2019-12-11,-0.108
2019-12-12,-0.129
2019-12-13,-0.13
2019-12-16,-0.137
2019-12-17,-0.125
2019-12-18,-0.127
2019-12-19,-0.113
2019-12-20,-0.103
2019-12-23,-0.098
2019-12-24,-0.097
2019-12-25,-0.113
2019-12-26,-0.119
2019-12-27,-0.124
2019-12-30,-0.134
2020-01-06,-0.136
2020-01-07,-0.121
2020-01-08,-0.127
2020-01-09,-0.132
2020-01-10,-0.137
2020-01-14,-0.129
2020-01-15,-0.124
2020-01-16,-0.128
2020-01-17,-0.135
2020-01-20,-0.126
2020-01-21,-0.126
2020-01-22,-0.121
2020-01-23,-0.132
2020-01-24,-0.133
2020-01-27,-0.144
2020-01-28,-0.136
2020-01-29,-0.134
2020-01-30,-0.149
2020-01-31,-0.159
2020-02-03,-0.165
2020-02-04,-0.15
2020-02-05,-0.141
2020-02-06,-0.131
2020-02-07,-0.147
2020-02-10,-0.158
2020-02-12,-0.153
2020-02-13,-0.154
2020-02-14,-0.144
2020-02-17,-0.147
2020-02-18,-0.151
2020-02-19,-0.156
2020-02-20,-0.153
2020-02-21,-0.165
2020-02-25,-0.201
2020-02-26,-0.201
2020-02-27,-0.21
2020-02-28,-0.258
2020-03-02,-0.264
2020-03-03,-0.25
2020-03-04,-0.28
2020-03-05,-0.251
2020-03-06,-0.287
2020-03-09,-0.314
2020-03-10,-0.248
2020-03-11,-0.234
2020-03-12,-0.225
2020-03-13,-0.205
2020-03-16,-0.195
2020-03-17,-0.191
2020-03-18,-0.165
2020-03-19,-0.165
2020-03-23,-0.21
2020-03-24,-0.23
2020-03-25,-0.241
2020-03-26,-0.241
2020-03-27,-0.177
2020-03-30,-0.174
2020-03-31,-0.13
2020-04-01,-0.14
2020-04-02,-0.135
2020-04-03,-0.14
2020-04-06,-0.131
2020-04-07,-0.132
2020-04-08,-0.132
2020-04-09,-0.147
2020-04-10,-0.177
2020-04-13,-0.18
2020-04-14,-0.17
2020-04-15,-0.16
2020-04-16,-0.16
2020-04-17,-0.146
2020-04-20,-0.135
2020-04-21,-0.133
2020-04-22,-0.142
2020-04-23,-0.148
2020-04-24,-0.168
2020-04-27,-0.174
2020-04-28,-0.179
2020-04-30,-0.184
2020-05-01,-0.164
2020-05-07,-0.152
2020-05-08,-0.172
2020-05-11,-0.173
2020-05-12,-0.169
2020-05-13,-0.169
2020-05-14,-0.17
2020-05-15,-0.169
2020-05-18,-0.176
2020-05-19,-0.161
2020-05-20,-0.166
2020-05-21,-0.176
2020-05-22,-0.181
2020-05-25,-0.172
2020-05-26,-0.162
2020-05-27,-0.155
2020-05-28,-0.169
2020-05-29,-0.164
2020-06-01,-0.169
2020-06-02,-0.17
2020-06-03,-0.17
2020-06-04,-0.166
2020-06-05,-0.151
2020-06-08,-0.152
2020-06-09,-0.162
2020-06-10,-0.157
2020-06-11,-0.162
2020-06-12,-0.158
2020-06-15,-0.17
2020-06-16,-0.165
2020-06-17,-0.165
2020-06-18,-0.165
2020-06-19,-0.161
2020-06-22,-0.162
2020-06-23,-0.157
2020-06-24,-0.152
2020-06-25,-0.145
2020-06-26,-0.142
2020-06-29,-0.148
2020-06-30,-0.14
2020-07-01,-0.145
2020-07-02,-0.14
2020-07-03,-0.145
2020-07-06,-0.137
2020-07-07,-0.132
2020-07-08,-0.133
2020-07-09,-0.138
2020-07-10,-0.143
2020-07-13,-0.139
2020-07-14,-0.145
2020-07-15,-0.144
2020-07-16,-0.15
2020-07-17,-0.15
2020-07-20,-0.142
2020-07-21,-0.143
2020-07-22,-0.136
2020-07-27,-0.135
2020-07-28,-0.135
2020-07-29,-0.133
2020-07-30,-0.134
2020-07-31,-0.144
2020-08-03,-0.14
2020-08-04,-0.136
2020-08-05,-0.131
2020-08-06,-0.126
2020-08-07,-0.126
2020-08-11,-0.118
2020-08-12,-0.112
2020-08-13,-0.123
2020-08-14,-0.117
2020-08-17,-0.119
2020-08-18,-0.124
2020-08-19,-0.119
2020-08-20,-0.115
2020-08-21,-0.115
2020-08-24,-0.117
2020-08-25,-0.114
2020-08-26,-0.112
2020-08-27,-0.115
2020-08-28,-0.115
2020-08-31,-0.115
2020-09-01,-0.12
2020-09-02,-0.12
2020-09-03,-0.12
2020-09-04,-0.125
2020-09-07,-0.126
2020-09-08,-0.131
2020-09-09,-0.131
2020-09-10,-0.132
2020-09-11,-0.142
2020-09-14,-0.143
2020-09-15,-0.143
2020-09-16,-0.143
2020-09-17,-0.144
2020-09-18,-0.144
2020-09-23,-0.148
2020-09-24,-0.148
2020-09-25,-0.156
2020-09-28,-0.145
2020-09-29,-0.144
2020-09-30,-0.14
2020-10-01,-0.13
2020-10-02,-0.14
2020-10-05,-0.136
2020-10-06,-0.126
2020-10-07,-0.126
2020-10-08,-0.132
2020-10-09,-0.127
2020-10-12,-0.138
2020-10-13,-0.144
2020-10-14,-0.139
2020-10-15,-0.145
2020-10-16,-0.145
2020-10-19,-0.141
2020-10-20,-0.141
2020-10-21,-0.131
2020-10-22,-0.137
2020-10-23,-0.131
2020-10-26,-0.133
2020-10-27,-0.13
2020-10-28,-0.13
2020-10-29,-0.13
2020-10-30,-0.125
2020-11-02,-0.125
2020-11-04,-0.121
2020-11-05,-0.136
2020-11-06,-0.146
2020-11-09,-0.147
2020-11-10,-0.143
2020-11-11,-0.138
2020-11-12,-0.143
2020-11-13,-0.149
2020-11-16,-0.149
2020-11-17,-0.15
2020-11-18,-0.15
2020-11-19,-0.145
2020-11-20,-0.151
2020-11-24,-0.145
2020-11-25,-0.148
2020-11-26,-0.153
2020-11-27,-0.13
2020-11-30,-0.13
2020-12-01,-0.13
2020-12-02,-0.13
2020-12-03,-0.125
2020-12-04,-0.131
2020-12-07,-0.137
2020-12-08,-0.137
2020-12-09,-0.137
2020-12-10,-0.137
2020-12-11,-0.142
2020-12-14,-0.143
2020-12-15,-0.144
2020-12-16,-0.134
2020-12-17,-0.134
2020-12-18,-0.139
2020-12-21,-0.132
2020-12-22,-0.137
2020-12-23,-0.138
2020-12-24,-0.13
2020-12-25,-0.13
2020-12-28,-0.13
2020-12-29,-0.124
2020-12-30,-0.125
2021-01-04,-0.121
2021-01-05,-0.126
2021-01-06,-0.121
2021-01-07,-0.117
2021-01-08,-0.122
2021-01-12,-0.128
2021-01-13,-0.13
2021-01-14,-0.124
2021-01-15,-0.129
2021-01-18,-0.13
2021-01-19,-0.125
2021-01-20,-0.131
2021-01-21,-0.136
2021-01-22,-0.137
2021-01-25,-0.138
2021-01-26,-0.138
2021-01-27,-0.133
2021-01-28,-0.129
2021-01-29,-0.129
2021-02-01,-0.125
2021-02-02,-0.125
2021-02-03,-0.125
2021-02-04,-0.131
2021-02-05,-0.131
2021-02-08,-0.127
2021-02-09,-0.127
2021-02-10,-0.123
2021-02-12,-0.133
2021-02-15,-0.13
2021-02-16,-0.131
2021-02-17,-0.119
2021-02-18,-0.126
2021-02-19,-0.12
2021-02-22,-0.112
2021-02-24,-0.113
2021-02-25,-0.1
2021-02-26,-0.114
2021-03-01,-0.12
2021-03-02,-0.125
2021-03-03,-0.115
2021-03-04,-0.121
2021-03-05,-0.131
2021-03-08,-0.122
2021-03-09,-0.118
2021-03-10,-0.117
2021-03-11,-0.124
2021-03-12,-0.128
2021-03-15,-0.139
2021-03-16,-0.15
2021-03-17,-0.145
2021-03-18,-0.14
2021-03-19,-0.136
2021-03-22,-0.142
2021-03-23,-0.137
2021-03-24,-0.141
2021-03-25,-0.133
2021-03-26,-0.138
2021-03-29,-0.139
2021-03-30,-0.126
2021-03-31,-0.13
2021-04-01,-0.125
2021-04-02,-0.125
2021-04-05,-0.12
2021-04-06,-0.121
2021-04-07,-0.121
2021-04-08,-0.126
2021-04-09,-0.126
2021-04-12,-0.126
2021-04-13,-0.132
2021-04-14,-0.132
2021-04-15,-0.133
2021-04-16,-0.133
2021-04-19,-0.132
2021-04-20,-0.129
2021-04-21,-0.134
2021-04-22,-0.135
2021-04-23,-0.135
2021-04-26,-0.136
2021-04-27,-0.136
2021-04-28,-0.13
2021-04-30,-0.13
2021-05-06,-0.126
2021-05-07,-0.131
2021-05-10,-0.132
2021-05-11,-0.132
2021-05-12,-0.127
2021-05-13,-0.127
2021-05-14,-0.128
2021-05-17,-0.13
2021-05-18,-0.129
2021-05-19,-0.129
2021-05-20,-0.129
2021-05-21,-0.129
2021-05-24,-0.13
2021-05-25,-0.13
2021-05-26,-0.13
2021-05-27,-0.136
2021-05-28,-0.136
2021-05-31,-0.125
2021-06-01,-0.125
2021-06-02,-0.125
2021-06-03,-0.12
2021-06-04,-0.12
2021-06-07,-0.12
2021-06-08,-0.121
2021-06-09,-0.121
2021-06-10,-0.126
2021-06-11,-0.126
2021-06-14,-0.126
2021-06-15,-0.127
2021-06-16,-0.128
2021-06-17,-0.123
2021-06-18,-0.123
2021-06-21,-0.121
2021-06-22,-0.115
2021-06-23,-0.116
2021-06-24,-0.116
2021-06-25,-0.116
2021-06-28,-0.115
2021-06-29,-0.114
2021-06-30,-0.115
2021-07-01,-0.12
2021-07-02,-0.12
2021-07-05,-0.116
2021-07-06,-0.111
2021-07-07,-0.111
2021-07-08,-0.117
2021-07-09,-0.117
2021-07-12,-0.117
2021-07-13,-0.122
2021-07-14,-0.128
2021-07-15,-0.128
2021-07-16,-0.128
2021-07-19,-0.134
2021-07-20,-0.134
2021-07-21,-0.134
2021-07-26,-0.135
2021-07-27,-0.13
2021-07-28,-0.13
2021-07-29,-0.125
2021-07-30,-0.125
2021-08-02,-0.13
2021-08-03,-0.125
2021-08-04,-0.13
2021-08-05,-0.136
2021-08-06,-0.136
2021-08-10,-0.131
2021-08-11,-0.131
2021-08-12,-0.131
2021-08-13,-0.136
2021-08-16,-0.136
2021-08-17,-0.142
2021-08-18,-0.142
2021-08-19,-0.142
2021-08-20,-0.142
2021-08-23,-0.139
2021-08-24,-0.139
2021-08-25,-0.138
2021-08-26,-0.133
2021-08-27,-0.133
2021-08-30,-0.128
2021-08-31,-0.13
2021-09-01,-0.13
2021-09-02,-0.13
2021-09-03,-0.125
2021-09-06,-0.12
2021-09-07,-0.125
2021-09-08,-0.125
2021-09-09,-0.125
2021-09-10,-0.125
2021-09-13,-0.126
2021-09-14,-0.126
2021-09-15,-0.131
2021-09-16,-0.127
2021-09-17,-0.127
2021-09-21,-0.133
2021-09-22,-0.133
2021-09-24,-0.128
2021-09-27,-0.129
2021-09-28,-0.129
2021-09-29,-0.125
2021-09-30,-0.115
2021-10-01,-0.125
2021-10-04,-0.12
2021-10-05,-0.12
2021-10-06,-0.116
2021-10-07,-0.121
2021-10-08,-0.116
2021-10-11,-0.116
2021-10-12,-0.116
2021-10-13,-0.117
2021-10-14,-0.117
2021-10-15,-0.117
2021-10-18,-0.119
2021-10-19,-0.12
2021-10-20,-0.114
2021-10-21,-0.114
2021-10-22,-0.114
2021-10-25,-0.108
2021-10-26,-0.11
2021-10-27,-0.101
2021-10-28,-0.105
2021-10-29,-0.105
2021-11-01,-0.105
2021-11-02,-0.105
2021-11-04,-0.1
2021-11-05,-0.11
2021-11-08,-0.117
2021-11-09,-0.116
2021-11-10,-0.116
2021-11-11,-0.116
2021-11-12,-0.116
2021-11-15,-0.123
2021-11-16,-0.125
2021-11-17,-0.128
2021-11-18,-0.125
2021-11-19,-0.129
2021-11-22,-0.135
2021-11-24,-0.13
2021-11-25,-0.125
2021-11-26,-0.132
2021-11-29,-0.131
2021-11-30,-0.12
2021-12-01,-0.12
2021-12-02,-0.12
2021-12-03,-0.115
2021-12-06,-0.116
2021-12-07,-0.116
2021-12-08,-0.111
2021-12-09,-0.106
2021-12-10,-0.107
2021-12-13,-0.107
2021-12-14,-0.112
2021-12-15,-0.112
2021-12-16,-0.113
2021-12-17,-0.112
2021-12-20,-0.113
2021-12-21,-0.107
2021-12-22,-0.103
2021-12-23,-0.097
2021-12-24,-0.099
2021-12-27,-0.095
2021-12-28,-0.095
2021-12-29,-0.1
2021-12-30,-0.095
2022-01-04,-0.085
2022-01-05,-0.086
2022-01-06,-0.081
2022-01-07,-0.076
2022-01-11,-0.078
2022-01-12,-0.083
2022-01-13,-0.083
2022-01-14,-0.073
2022-01-17,-0.074
2022-01-18,-0.075
2022-01-19,-0.08
2022-01-20,-0.075
2022-01-21,-0.076
2022-01-24,-0.071
2022-01-25,-0.071
2022-01-26,-0.071
2022-01-27,-0.055
2022-01-28,-0.055
2022-01-31,-0.055
2022-02-01,-0.05
2022-02-02,-0.05
2022-02-03,-0.05
2022-02-04,-0.045
2022-02-07,-0.045
2022-02-08,-0.04
2022-02-09,-0.04
2022-02-10,-0.031
2022-02-14,-0.029
2022-02-15,-0.024
2022-02-16,-0.019
2022-02-17,-0.008
2022-02-18,-0.008
2022-02-21,-0.015
2022-02-22,-0.026
2022-02-24,-0.026
2022-02-25,-0.025
2022-02-28,-0.035
2022-03-01,-0.035
2022-03-02,-0.045
2022-03-03,-0.035
2022-03-04,-0.04
2022-03-07,-0.05
2022-03-08,-0.045
2022-03-09,-0.04
2022-03-10,-0.03
2022-03-11,-0.03
2022-03-14,-0.03
2022-03-15,-0.025
2022-03-16,-0.025
2022-03-17,-0.025
2022-03-18,-0.018
2022-03-22,-0.018
2022-03-23,-0.023
2022-03-24,-0.023
2022-03-25,-0.023
2022-03-28,-0.018
2022-03-29,-0.021
2022-03-30,-0.031
2022-03-31,-0.03
2022-04-01,-0.04
2022-04-04,-0.04
2022-04-05,-0.04
2022-04-06,-0.035
2022-04-07,-0.04
2022-04-08,-0.08
2022-04-11,-0.086
2022-04-12,-0.08
2022-04-13,-0.065
2022-04-14,-0.061
2022-04-15,-0.061
2022-04-18,-0.056
2022-04-19,-0.046
2022-04-20,-0.046
2022-04-21,-0.049
2022-04-22,-0.057
2022-04-25,-0.052
2022-04-26,-0.057
2022-04-27,-0.056
2022-04-28,-0.06
2022-05-02,-0.05
2022-05-06,-0.045
2022-05-09,-0.046
2022-05-10,-0.046
2022-05-11,-0.046
2022-05-12,-0.051
2022-05-13,-0.057
2022-05-16,-0.056
2022-05-17,-0.056
2022-05-18,-0.056
2022-05-19,-0.056
2022-05-20,-0.056
2022-05-23,-0.062
2022-05-24,-0.067
2022-05-25,-0.075
2022-05-26,-0.062
2022-05-27,-0.067
2022-05-30,-0.068
2022-05-31,-0.07
2022-06-01,-0.075
2022-06-02,-0.07
2022-06-03,-0.07
2022-06-06,-0.065
2022-06-07,-0.07
2022-06-08,-0.07
2022-06-09,-0.075
2022-06-10,-0.081
2022-06-13,-0.051
2022-06-14,-0.05
2022-06-15,-0.06
2022-06-16,-0.084
2022-06-17,-0.071
2022-06-20,-0.059
2022-06-21,-0.066
2022-06-22,-0.079
2022-06-23,-0.085
2022-06-24,-0.079
2022-06-27,-0.066
2022-06-28,-0.045
2022-06-29,-0.05
2022-06-30,-0.065
2022-07-01,-0.07
2022-07-04,-0.065
2022-07-05,-0.06
2022-07-06,-0.065
2022-07-07,-0.071
2022-07-08,-0.07
2022-07-11,-0.07
2022-07-12,-0.07
2022-07-13,-0.076
2022-07-14,-0.06
2022-07-15,-0.061
2022-07-19,-0.077
2022-07-20,-0.077
2022-07-21,-0.075
2022-07-22,-0.077
2022-07-25,-0.075
2022-07-26,-0.077
2022-07-27,-0.078
2022-07-28,-0.076
2022-07-29,-0.09
2022-08-01,-0.09
2022-08-02,-0.09
2022-08-03,-0.085
2022-08-04,-0.095
2022-08-05,-0.1
2022-08-08,-0.101
2022-08-09,-0.101
2022-08-10,-0.09
2022-08-12,-0.086
2022-08-15,-0.085
2022-08-16,-0.09
2022-08-17,-0.09
2022-08-18,-0.086
2022-08-19,-0.086
2022-08-22,-0.081
2022-08-23,-0.086
2022-08-24,-0.086
2022-08-25,-0.087
2022-08-26,-0.087
2022-08-29,-0.079
2022-08-30,-0.09
2022-08-31,-0.085
2022-09-01,-0.08
2022-09-02,-0.085
2022-09-05,-0.085
2022-09-06,-0.081
2022-09-07,-0.081
2022-09-08,-0.081
2022-09-09,-0.081
2022-09-12,-0.076
2022-09-13,-0.076
2022-09-14,-0.076
2022-09-15,-0.076
2022-09-16,-0.071
2022-09-20,-0.07
2022-09-21,-0.055
2022-09-22,-0.066
2022-09-26,-0.056
2022-09-27,-0.045
2022-09-28,-0.04
2022-09-29,-0.05
2022-09-30,-0.05
2022-10-03,-0.055
2022-10-04,-0.06
2022-10-05,-0.065
2022-10-06,-0.07
2022-10-07,-0.065
2022-10-11,-0.054
2022-10-12,-0.054
2022-10-13,-0.05
2022-10-14,-0.05
2022-10-17,-0.05
2022-10-18,-0.05
2022-10-19,-0.034
2022-10-20,-0.021
2022-10-21,-0.003
2022-10-24,0.001
2022-10-25,-0.008
2022-10-26,-0.019
2022-10-27,-0.044
2022-10-28,-0.049
2022-10-31,-0.045
2022-11-01,-0.045
2022-11-02,-0.04
2022-11-04,-0.04
2022-11-07,-0.04
2022-11-08,-0.04
2022-11-09,-0.05
2022-11-10,-0.05
2022-11-11,-0.056
2022-11-14,-0.05
2022-11-15,-0.047
2022-11-16,-0.042
2022-11-17,-0.041
2022-11-18,-0.019
2022-11-21,-0.014
2022-11-22,-0.019
2022-11-24,-0.024
2022-11-25,-0.018
2022-11-28,-0.019
2022-11-29,-0.03
2022-11-30,-0.03
2022-12-01,-0.03
2022-12-02,-0.025
2022-12-05,-0.02
2022-12-06,-0.01
2022-12-07,-0.009
2022-12-08,-0.009
2022-12-09,-0.015
2022-12-12,-0.014
2022-12-13,-0.015
2022-12-14,-0.015
2022-12-15,-0.015
2022-12-16,-0.019
2022-12-19,-0.009
2022-12-20,0.011
2022-12-21,-0.009
2022-12-22,0.002
2022-12-23,0.014
2022-12-26,0.033
2022-12-27,0.038
2022-12-28,0.039
2022-12-29,0.039
2022-12-30,0.03
2023-01-04,0.025
2023-01-05,0.015
2023-01-06,0.011
2023-01-10,0.026
2023-01-11,0.026
2023-01-12,0.041
2023-01-13,0.032
2023-01-16,0.032
2023-01-17,0.041
2023-01-18,0.006
2023-01-19,-0.001
2023-01-20,-0.004
2023-01-23,-0.015
2023-01-24,-0.005
2023-01-25,-0.01
2023-01-26,-0.009
2023-01-27,0.001
2023-01-30,-0.004
2023-01-31,-0.01
2023-02-01,-0.02
2023-02-02,-0.02
2023-02-03,-0.03
2023-02-06,-0.025
2023-02-07,-0.029
2023-02-08,-0.029
2023-02-09,-0.035
2023-02-10,-0.045
2023-02-13,-0.055
2023-02-14,-0.056
2023-02-15,-0.051
2023-02-16,-0.047
2023-02-17,-0.047
2023-02-20,-0.043
2023-02-21,-0.029
2023-02-22,-0.029
2023-02-24,-0.029
2023-02-27,-0.028
2023-02-28,-0.026
2023-03-01,-0.035
2023-03-02,-0.035
2023-03-03,-0.04
2023-03-06,-0.039
2023-03-07,-0.039
2023-03-08,-0.04
2023-03-09,-0.019
2023-03-10,-0.03
2023-03-13,-0.025
2023-03-14,-0.04
2023-03-15,-0.051
2023-03-16,-0.07
2023-03-17,-0.075
2023-03-20,-0.077
2023-03-22,-0.056
2023-03-23,-0.063
2023-03-24,-0.067
2023-03-27,-0.067
2023-03-28,-0.059
2023-03-29,-0.07
2023-03-30,-0.061
2023-03-31,-0.061
2023-04-03,-0.04
2023-04-04,-0.025
2023-04-05,-0.03
2023-04-06,-0.045
2023-04-07,-0.06
2023-04-10,-0.045
2023-04-11,-0.046
2023-04-12,-0.045
2023-04-13,-0.05
2023-04-14,-0.04
2023-04-17,-0.035
2023-04-18,-0.04
2023-04-19,-0.04
2023-04-20,-0.04
2023-04-21,-0.035
2023-04-24,-0.038
2023-04-25,-0.035
2023-04-26,-0.04
2023-04-27,-0.04
2023-04-28,-0.045
2023-05-01,-0.045
2023-05-02,-0.035
2023-05-08,-0.035
2023-05-09,-0.03
2023-05-10,-0.04
2023-05-11,-0.045
2023-05-12,-0.055
2023-05-15,-0.049
2023-05-16,-0.054
2023-05-17,-0.066
2023-05-18,-0.061
2023-05-19,-0.061
2023-05-22,-0.066
2023-05-23,-0.061
2023-05-24,-0.066
2023-05-25,-0.066
2023-05-26,-0.066
2023-05-29,-0.061
2023-05-30,-0.055
2023-05-31,-0.06
2023-06-01,-0.065
2023-06-02,-0.075
2023-06-05,-0.065
2023-06-06,-0.065
2023-06-07,-0.06
2023-06-08,-0.06
2023-06-09,-0.065
2023-06-12,-0.07
2023-06-13,-0.075
2023-06-14,-0.071
2023-06-15,-0.064
2023-06-16,-0.065
2023-06-19,-0.066
2023-06-20,-0.066
2023-06-21,-0.069
2023-06-22,-0.071
2023-06-23,-0.074
2023-06-26,-0.077
2023-06-27,-0.074
2023-06-28,-0.064
2023-06-29,-0.07
2023-06-30,-0.075
2023-07-03,-0.065
2023-07-04,-0.07
2023-07-05,-0.07
2023-07-06,-0.06
2023-07-07,-0.039
2023-07-10,-0.029
2023-07-11,-0.039
2023-07-12,-0.034
2023-07-13,-0.034
2023-07-14,-0.038
2023-07-18,-0.033
2023-07-19,-0.037
2023-07-20,-0.037
2023-07-21,-0.026
2023-07-24,-0.036
2023-07-25,-0.038
2023-07-26,-0.038
2023-07-27,-0.04
2023-07-28,-0.015
2023-07-31,0
2023-08-01,0
2023-08-02,0.01
2023-08-03,0.02
2023-08-04,0.021
2023-08-07,0.017
2023-08-08,0.012
2023-08-09,0.006
2023-08-10,0.012
2023-08-14,0.017
2023-08-15,0.016
2023-08-16,0.017
2023-08-17,0.028
2023-08-18,0.022
2023-08-21,0.029
2023-08-22,0.025
2023-08-23,0.024
2023-08-24,0.01
2023-08-25,0.01
2023-08-28,0.011
2023-08-29,0.019
2023-08-30,0.029
2023-08-31,0.025
2023-09-01,0.02
2023-09-04,0.016
2023-09-05,0.016
2023-09-06,0.017
2023-09-07,0.012
2023-09-08,0.007
2023-09-11,0.043
2023-09-12,0.033
2023-09-13,0.028
2023-09-14,0.029
2023-09-15,0.03
2023-09-19,0.035
2023-09-20,0.026
2023-09-21,0.035
2023-09-22,0.035
2023-09-25,0.033
2023-09-26,0.034
2023-09-27,0.034
2023-09-28,0.044
2023-09-29,0.044
2023-10-02,0.055
2023-10-03,0.051
2023-10-04,0.061
2023-10-05,0.061
2023-10-06,0.061
2023-10-10,0.058
2023-10-11,0.058
2023-10-12,0.047
2023-10-13,0.044
2023-10-16,0.043
2023-10-17,0.059
2023-10-18,0.07
2023-10-19,0.081
2023-10-20,0.075
2023-10-23,0.087
2023-10-24,0.082
2023-10-25,0.077
2023-10-26,0.093
2023-10-27,0.094
2023-10-30,0.119
2023-10-31,0.149
2023-11-01,0.155
2023-11-02,0.135
2023-11-06,0.127
2023-11-07,0.127
2023-11-08,0.117
2023-11-09,0.107
2023-11-10,0.108
2023-11-13,0.103
2023-11-14,0.093
2023-11-15,0.069
2023-11-16,0.057
2023-11-17,0.046
2023-11-20,0.046
2023-11-21,0.036
2023-11-22,0.052
2023-11-24,0.068
2023-11-27,0.068
2023-11-28,0.065
2023-11-29,0.048
2023-11-30,0.049
2023-12-01,0.04
2023-12-04,0.031
2023-12-05,0.036
2023-12-06,0.036
2023-12-07,0.087
2023-12-08,0.092
2023-12-11,0.088
2023-12-12,0.067
2023-12-13,0.048
2023-12-14,0.057
2023-12-15,0.087
2023-12-18,0.079
2023-12-19,0.068
2023-12-20,0.033
2023-12-21,0.037
2023-12-22,0.046
2023-12-25,0.038
2023-12-26,0.065
2023-12-27,0.05
2023-12-28,0.037
2023-12-29,0.048
2024-01-04,0.05
2024-01-05,0.035
2024-01-09,0.025
2024-01-10,0.025
2024-01-11,0.015
2024-01-12,0.005
2024-01-15,-0.001
2024-01-16,0.02
2024-01-17,0.025
2024-01-18,0.036
2024-01-19,0.031
2024-01-22,0.025
2024-01-23,0.025
2024-01-24,0.07
2024-01-25,0.067
2024-01-26,0.052
2024-01-29,0.063
2024-01-30,0.074
2024-01-31,0.094
2024-02-01,0.085
2024-02-02,0.1
2024-02-05,0.111
2024-02-06,0.106
2024-02-07,0.101
2024-02-08,0.101
2024-02-09,0.116
2024-02-13,0.128
2024-02-14,0.143
2024-02-15,0.137
2024-02-16,0.143
2024-02-19,0.15
2024-02-20,0.151
2024-02-21,0.155
2024-02-22,0.158
2024-02-26,0.159
2024-02-27,0.173
2024-02-28,0.166
2024-02-29,0.19
2024-03-01,0.18
2024-03-04,0.176
2024-03-05,0.175
2024-03-06,0.186
2024-03-07,0.191
2024-03-08,0.202
2024-03-11,0.202
2024-03-12,0.197
2024-03-13,0.197
2024-03-14,0.198
2024-03-15,0.193
2024-03-18,0.188
2024-03-19,0.178
2024-03-21,0.205
2024-03-22,0.206
2024-03-25,0.206
2024-03-26,0.207
2024-03-27,0.204
2024-03-28,0.196
2024-03-29,0.189
2024-04-01,0.195
2024-04-02,0.2
2024-04-03,0.191
2024-04-04,0.196
2024-04-05,0.211
2024-04-08,0.228
2024-04-09,0.223
2024-04-10,0.233
2024-04-11,0.27
2024-04-12,0.281
2024-04-15,0.275
2024-04-16,0.281
2024-04-17,0.288
2024-04-18,0.278
2024-04-19,0.263
2024-04-22,0.29
2024-04-23,0.297
2024-04-24,0.298
2024-04-25,0.298
2024-04-26,0.298
2024-04-30,0.275
2024-05-01,0.29
2024-05-02,0.29
2024-05-07,0.282
2024-05-08,0.288
2024-05-09,0.313
2024-05-10,0.319
2024-05-13,0.335
2024-05-14,0.346
2024-05-15,0.341
2024-05-16,0.326
2024-05-17,0.337
2024-05-20,0.349
2024-05-21,0.349
2024-05-22,0.356
2024-05-23,0.345
2024-05-24,0.345
2024-05-27,0.357
2024-05-28,0.357
2024-05-29,0.387
2024-05-30,0.399
2024-05-31,0.399
2024-06-03,0.401
2024-06-04,0.386
2024-06-05,0.356
2024-06-06,0.336
2024-06-07,0.351
2024-06-10,0.383
2024-06-11,0.372
2024-06-12,0.343
2024-06-13,0.332
2024-06-14,0.302
2024-06-17,0.291
2024-06-18,0.288
2024-06-19,0.286
2024-06-20,0.292
2024-06-21,0.313
2024-06-24,0.309
2024-06-25,0.306
2024-06-26,0.312
2024-06-27,0.372
2024-06-28,0.353
2024-07-01,0.36
2024-07-02,0.365
2024-07-03,0.35
2024-07-04,0.34
2024-07-05,0.346
2024-07-08,0.362
2024-07-09,0.353
2024-07-10,0.343
2024-07-11,0.343
2024-07-12,0.333
2024-07-16,0.32
2024-07-17,0.33
2024-07-18,0.347
2024-07-19,0.352
2024-07-22,0.348
2024-07-23,0.362
2024-07-24,0.379
2024-07-25,0.403
2024-07-26,0.408
2024-07-29,0.394
2024-07-30,0.374
2024-07-31,0.45
2024-08-01,0.46
2024-08-02,0.41
2024-08-05,0.265
2024-08-06,0.29
2024-08-07,0.27
2024-08-08,0.269
2024-08-09,0.301
2024-08-13,0.3
2024-08-14,0.296
2024-08-15,0.321
2024-08-16,0.357
2024-08-19,0.374
2024-08-20,0.363
2024-08-21,0.352
2024-08-22,0.363
2024-08-23,0.372
2024-08-26,0.364
2024-08-27,0.367
2024-08-28,0.38
2024-08-29,0.368
2024-08-30,0.363
2024-09-02,0.37
2024-09-03,0.39
2024-09-04,0.375
2024-09-05,0.375
2024-09-06,0.38
2024-09-09,0.396
2024-09-10,0.396
2024-09-11,0.38
2024-09-12,0.391
2024-09-13,0.392
2024-09-17,0.387
2024-09-18,0.38
2024-09-19,0.389
2024-09-20,0.395
2024-09-24,0.35
2024-09-25,0.355
2024-09-26,0.349
2024-09-27,0.323
2024-09-30,0.394
2024-10-01,0.39
2024-10-02,0.365
2024-10-03,0.365
2024-10-04,0.37
2024-10-07,0.407
2024-10-08,0.402
2024-10-09,0.402
2024-10-10,0.412
2024-10-11,0.412
2024-10-15,0.423
2024-10-16,0.423
2024-10-17,0.434
2024-10-18,0.438
2024-10-21,0.433
2024-10-22,0.454
2024-10-23,0.449
2024-10-24,0.449
2024-10-25,0.449
2024-10-28,0.461
2024-10-29,0.453
2024-10-30,0.443
2024-10-31,0.434
2024-11-01,0.465
2024-11-05,0.455
2024-11-06,0.48
2024-11-07,0.501
2024-11-08,0.501
2024-11-11,0.501
2024-11-12,0.501
2024-11-13,0.527
2024-11-14,0.532
2024-11-15,0.552
2024-11-18,0.553
2024-11-19,0.554
2024-11-20,0.554
2024-11-21,0.58
2024-11-22,0.59
2024-11-25,0.59
2024-11-26,0.592
2024-11-27,0.596
2024-11-28,0.581
2024-11-29,0.599
2024-12-02,0.62
2024-12-03,0.61
2024-12-04,0.585
2024-12-05,0.6
2024-12-06,0.59
2024-12-09,0.575
2024-12-10,0.585
2024-12-11,0.591
2024-12-12,0.579
2024-12-13,0.564
2024-12-16,0.585
2024-12-17,0.595
2024-12-18,0.589
2024-12-19,0.606
2024-12-20,0.576
2024-12-23,0.588
2024-12-24,0.588
2024-12-25,0.588
2024-12-26,0.602
2024-12-27,0.602
2024-12-30,0.599
2025-01-06,0.626
2025-01-07,0.632
2025-01-08,0.648
2025-01-09,0.643
2025-01-10,0.649
2025-01-14,0.687
2025-01-15,0.707
2025-01-16,0.698
2025-01-17,0.693
2025-01-20,0.683
2025-01-21,0.677
2025-01-22,0.698
2025-01-23,0.704
2025-01-24,0.718
2025-01-27,0.705
2025-01-28,0.695
2025-01-29,0.704
2025-01-30,0.718
2025-01-31,0.729
2025-02-03,0.72
2025-02-04,0.741
2025-02-05,0.756
2025-02-06,0.762
2025-02-07,0.798
2025-02-10,0.798
2025-02-12,0.799
2025-02-13,0.794
2025-02-14,0.794
2025-02-17,0.809
2025-02-18,0.827
2025-02-19,0.82
2025-02-20,0.821
2025-02-21,0.818
2025-02-25,0.803
2025-02-26,0.801
2025-02-27,0.826
2025-02-28,0.806
2025-03-03,0.825
2025-03-04,0.831
2025-03-05,0.831
2025-03-06,0.852
2025-03-07,0.848
2025-03-10,0.875
2025-03-11,0.834
2025-03-12,0.85
2025-03-13,0.861
2025-03-14,0.84
2025-03-17,0.811
2025-03-18,0.815
2025-03-19,0.842
2025-03-21,0.854
2025-03-24,0.871
2025-03-25,0.887
2025-03-26,0.892
2025-03-27,0.893
2025-03-28,0.877
2025-03-31,0.854
2025-04-01,0.855
2025-04-02,0.834
2025-04-03,0.754
2025-04-04,0.612
2025-04-07,0.586
2025-04-08,0.647
2025-04-09,0.611
2025-04-10,0.676
2025-04-11,0.611
2025-04-14,0.589
2025-04-15,0.646
2025-04-16,0.615
2025-04-17,0.65
2025-04-18,0.636
2025-04-21,0.649
2025-04-22,0.67
2025-04-23,0.684
2025-04-24,0.679
2025-04-25,0.689
2025-04-28,0.686
2025-04-30,0.676
2025-05-01,0.629
2025-05-02,0.609
2025-05-07,0.609
2025-05-08,0.619
2025-05-09,0.634
2025-05-12,0.66
2025-05-13,0.718
2025-05-14,0.706
2025-05-15,0.717
2025-05-16,0.707
2025-05-19,0.718
2025-05-20,0.728
2025-05-21,0.72
2025-05-22,0.737
2025-05-23,0.731
2025-05-26,0.728
2025-05-27,0.739
2025-05-28,0.753
2025-05-29,0.758
2025-05-30,0.75
2025-06-02,0.755
2025-06-03,0.755
2025-06-04,0.765
2025-06-05,0.755
2025-06-06,0.76
2025-06-09,0.775
2025-06-10,0.771
2025-06-11,0.756
2025-06-12,0.756
2025-06-13,0.736
2025-06-16,0.758
2025-06-17,0.769
2025-06-18,0.755
2025-06-19,0.728
2025-06-20,0.728
2025-06-23,0.738
2025-06-24,0.738
2025-06-25,0.724
2025-06-26,0.735
2025-06-27,0.74
2025-06-30,0.746
2025-07-01,0.735
2025-07-02,0.741
2025-07-03,0.746
2025-07-04,0.736
2025-07-07,0.732
2025-07-08,0.733
2025-07-09,0.754
2025-07-10,0.76
2025-07-11,0.764
2025-07-14,0.781
2025-07-15,0.792
2025-07-16,0.793
2025-07-17,0.788
2025-07-18,0.772
2025-07-22,0.76
2025-07-23,0.838
2025-07-24,0.854
2025-07-25,0.863
2025-07-28,0.849
2025-07-29,0.835
2025-07-30,0.826
2025-07-31,0.826
2025-08-01,0.814
2025-08-04,0.764
2025-08-05,0.754
2025-08-06,0.774
2025-08-07,0.77
2025-08-08,0.77
2025-08-12,0.775
2025-08-13,0.785
2025-08-14,0.822
2025-08-15,0.826
2025-08-18,0.833
2025-08-19,0.849
2025-08-20,0.858
2025-08-21,0.862
2025-08-22,0.873
2025-08-25,0.869
2025-08-26,0.874
2025-08-27,0.869
2025-08-28,0.871
2025-08-29,0.871
2025-09-01,0.88
2025-09-02,0.87
2025-09-03,0.87
2025-09-04,0.855
2025-09-05,0.841
2025-09-08,0.831
2025-09-09,0.842
2025-09-10,0.857
2025-09-11,0.862
2025-09-12,0.873
2025-09-16,0.884
2025-09-17,0.883
2025-09-18,0.888
2025-09-19,0.918
2025-09-22,0.935
2025-09-24,0.932
2025-09-25,0.936
2025-09-26,0.931
2025-09-29,0.931
2025-09-30,0.958
2025-10-01,0.954
2025-10-02,0.955
2025-10-03,0.945
2025-10-06,0.899
2025-10-07,0.909
2025-10-08,0.93
2025-10-09,0.93
2025-10-10,0.925
2025-10-14,0.895
2025-10-15,0.9
2025-10-16,0.92
2025-10-17,0.909
2025-10-20,0.95
2025-10-21,0.94
2025-10-22,0.929
2025-10-23,0.933
2025-10-24,0.932
2025-10-27,0.943
2025-10-28,0.94
2025-10-29,0.943
2025-10-30,0.929
2025-10-31,0.928
2025-11-04,0.945
2025-11-05,0.93
2025-11-06,0.941
2025-11-07,0.941
2025-11-10,0.948
2025-11-11,0.937
2025-11-12,0.942
2025-11-13,0.932
2025-11-14,0.932
2025-11-17,0.938
2025-11-18,0.928
2025-11-19,0.934
2025-11-20,0.965
2025-11-21,0.959
2025-11-25,0.975
2025-11-26,0.985
2025-11-27,0.977
2025-11-28,0.992
2025-12-01,1.02
2025-12-02,1.005
2025-12-03,1.016
2025-12-04,1.021
2025-12-05,1.052
2025-12-08,1.063
2025-12-09,1.069
2025-12-10,1.074
2025-12-11,1.054
2025-12-12,1.07
2025-12-15,1.071
2025-12-16,1.067
2025-12-17,1.077
2025-12-18,1.073
2025-12-19,1.101
2025-12-22,1.129
2025-12-23,1.111
2025-12-24,1.111
2025-12-25,1.147
2025-12-26,1.141
2025-12-29,1.15
2025-12-30,1.167
2026-01-05,1.194
2026-01-06,1.185
2026-01-07,1.17
2026-01-08,1.129
2026-01-09,1.151
2026-01-13,1.164
2026-01-14,1.186
2026-01-15,1.19
2026-01-16,1.205
2026-01-19,1.23
2026-01-20,1.22
2026-01-21,1.235
2026-01-22,1.224
2026-01-23,1.262
2026-01-26,1.277
2026-01-27,1.284
2026-01-28,1.257
2026-01-29,1.264
2026-01-30,1.251
2026-02-02,1.265
2026-02-03,1.286
2026-02-04,1.276
2026-02-05,1.276
2026-02-06,1.281
2026-02-09,1.313
2026-02-10,1.303
2026-02-12,1.305
2026-02-13,1.289
2026-02-16,1.275
2026-02-17,1.233
2026-02-18,1.242
2026-02-19,1.265
2026-02-20,1.26
2026-02-24,1.251
2026-02-25,1.224
2026-02-26,1.246
2026-02-27,1.25
2026-03-02,1.219
2026-03-03,1.25
2026-03-04,1.235
2026-03-05,1.256
2026-03-06,1.246
2026-03-09,1.242
2026-03-10,1.258
2026-03-11,1.253
2026-03-12,1.263
2026-03-13,1.289
2026-03-16,1.287
2026-03-17,1.28
2026-03-18,1.261
2026-03-19,1.277
2026-03-23,1.311
2026-03-24,1.311
2026-03-25,1.317
2026-03-26,1.348
2026-03-27,1.393
2026-03-30,1.369
2026-03-31,1.375
2026-04-01,1.349
2026-04-02,1.39
2026-04-03,1.391
2026-04-06,1.402
2026-04-07,1.387
2026-04-08,1.382
2026-04-09,1.394
2026-04-10,1.405
2026-04-13,1.401
2026-04-14,1.382
2026-04-15,1.382
2026-04-16,1.366
2026-04-17,1.372
2026-04-20,1.369
2026-04-21,1.359
2026-04-22,1.362
2026-04-23,1.365
2026-04-24,1.363
2026-04-27,1.375
2026-04-28,1.389
2026-04-30,1.402
2026-05-01,1.385
2026-05-07,1.372
2026-05-08,1.378
2026-05-11,1.395
2026-05-12,1.401
2026-05-13,1.401
2026-05-14,1.407
2026-05-15,1.413
2026-05-18,1.431
2026-05-19,1.452
2026-05-20,1.464
2026-05-21,1.453
2026-05-22,1.443
2026-05-25,1.42
2026-05-26,1.421
2026-05-27,1.399
2026-05-28,1.366
2026-05-29,1.393
2026-06-01,1.4
2026-06-02,1.38
2026-06-03,1.401
2026-06-04,1.417
2026-06-05,1.412
2026-06-08,1.42
2026-06-09,1.42
2026-06-10,1.426
2026-06-11,1.427
2026-06-12,1.417
2026-06-15,1.409
2026-06-16,1.414
2026-06-17,1.398
2026-06-18,1.4
2026-06-19,1.409
2026-06-22,1.415
2026-06-23,1.426
2026-06-24,1.432
2026-06-25,1.421
2026-06-26,1.409
2026-06-29,1.411
2026-06-30,1.382
2026-07-01,1.4
2026-07-02,1.395
2026-07-03,1.39
2026-07-06,1.396
2026-07-07,1.402
2026-07-08,1.433
2026-07-09,1.444
2026-07-10,1.434
2026-07-13,1.451
2026-07-14,1.435
2026-07-15,1.436
2026-07-16,1.44
2026-07-17,1.436
2026-07-21,1.441
2026-07-22,1.45
2026-07-23,1.499
2026-07-24,1.531
2026-07-27,1.513
2026-07-28,1.504
2026-07-29,1.488
2026-07-30,1.497
2026-07-31,1.507
2026-08-03,1.562
2026-08-04,1.568
2026-08-05,1.569
2026-08-06,1.565
2026-08-07,1.611
2026-08-10,1.618
2026-08-12,1.646
2026-08-13,1.651
2026-08-14,1.657
2026-08-17,1.696
2026-08-18,1.691
2026-08-19,1.681
2026-08-20,1.682
2026-08-21,1.682
2026-08-24,1.685
2026-08-25,1.684
2026-08-26,1.697
2026-08-27,1.696
2026-08-28,1.719
2026-08-31,1.743
2026-09-01,1.802
2026-09-02,1.854
2026-09-03,1.85
2026-09-04,1.83
2026-09-07,1.852
2026-09-08,1.848
2026-09-09,1.833
2026-09-10,1.823
2026-09-11,1.844
2026-09-14,1.841
2026-09-15,1.861
2026-09-16,1.852
2026-09-17,1.868
2026-09-18,1.849
2026-09-24,1.912
2026-09-25,1.948
2026-09-28,1.981
2026-09-29,1.976
2026-09-30,1.952
2026-10-01,1.939
2026-10-02,1.919
2026-10-05,1.909
2026-10-06,1.93
2026-10-07,1.951
