date,value
1974-09-24,8.348
1974-09-25,8.348
1974-09-26,8.348
1974-09-27,8.349
1974-09-28,8.349
1974-09-30,8.35
1974-10-01,8.354
1974-10-02,8.354
1974-10-03,8.354
1974-10-04,8.355
1974-10-05,8.355
1974-10-07,8.356
1974-10-08,8.357
1974-10-09,8.357
1974-10-11,8.358
1974-10-12,8.359
1974-10-14,8.359
1974-10-15,8.36
1974-10-16,8.36
1974-10-17,8.361
1974-10-18,8.361
1974-10-21,8.362
1974-10-22,8.363
1974-10-23,8.363
1974-10-24,8.364
1974-10-25,8.364
1974-10-26,8.365
1974-10-28,8.366
1974-10-29,8.366
1974-10-30,8.366
1974-10-31,8.367
1974-11-01,8.367
1974-11-02,8.368
1974-11-05,8.369
1974-11-06,8.369
1974-11-07,8.37
1974-11-08,8.37
1974-11-09,8.371
1974-11-11,8.372
1974-11-12,8.372
1974-11-13,8.372
1974-11-14,8.373
1974-11-15,8.373
1974-11-18,8.375
1974-11-19,8.376
1974-11-20,8.38
1974-11-21,8.387
1974-11-22,8.394
1974-11-25,8.395
1974-11-26,8.395
1974-11-27,8.395
1974-11-28,8.395
1974-11-29,8.396
1974-11-30,8.396
1974-12-02,8.397
1974-12-03,8.397
1974-12-04,8.397
1974-12-05,8.397
1974-12-06,8.398
1974-12-07,8.398
1974-12-09,8.398
1974-12-10,8.399
1974-12-11,8.399
1974-12-12,8.399
1974-12-13,8.4
1974-12-14,8.4
1974-12-16,8.4
1974-12-17,8.401
1974-12-18,8.401
1974-12-19,8.401
1974-12-20,8.401
1974-12-23,8.402
1974-12-24,8.403
1974-12-25,8.403
1974-12-26,8.403
1974-12-27,8.403
1974-12-28,8.404
1975-01-04,8.402
1975-01-06,8.403
1975-01-07,8.403
1975-01-08,8.403
1975-01-09,8.404
1975-01-10,8.404
1975-01-11,8.404
1975-01-13,8.405
1975-01-14,8.405
1975-01-16,8.405
1975-01-17,8.406
1975-01-20,8.406
1975-01-21,8.407
1975-01-22,8.407
1975-01-23,8.407
1975-01-24,8.407
1975-01-25,8.408
1975-01-27,8.408
1975-01-28,8.408
1975-01-29,8.409
1975-01-30,8.409
1975-01-31,8.409
1975-02-01,8.409
1975-02-03,8.41
1975-02-04,8.41
1975-02-05,8.41
1975-02-06,8.411
1975-02-07,8.411
1975-02-08,8.411
1975-02-10,8.412
1975-02-12,8.412
1975-02-13,8.417
1975-02-14,8.418
1975-02-17,8.426
1975-02-18,8.427
1975-02-19,8.425
1975-02-20,8.421
1975-02-21,8.411
1975-02-22,8.421
1975-02-24,8.422
1975-02-25,8.423
1975-02-26,8.423
1975-02-27,8.423
1975-02-28,8.43
1975-03-01,8.43
1975-03-03,8.431
1975-03-04,8.431
1975-03-05,8.432
1975-03-06,8.432
1975-03-07,8.433
1975-03-08,8.433
1975-03-10,8.434
1975-03-11,8.434
1975-03-12,8.435
1975-03-13,8.435
1975-03-14,8.435
1975-03-17,8.437
1975-03-18,8.437
1975-03-19,8.437
1975-03-20,8.438
1975-03-22,8.439
1975-03-24,8.439
1975-03-25,8.44
1975-03-26,8.44
1975-03-27,8.441
1975-03-28,8.441
1975-03-29,8.441
1975-03-31,8.442
1975-04-01,8.439
1975-04-02,8.439
1975-04-03,8.439
1975-04-04,8.44
1975-04-05,8.44
1975-04-07,8.441
1975-04-08,8.441
1975-04-09,8.442
1975-04-10,8.442
1975-04-11,8.443
1975-04-12,8.443
1975-04-14,8.444
1975-04-15,8.444
1975-04-16,8.445
1975-04-17,8.445
1975-04-18,8.445
1975-04-21,8.453
1975-04-22,8.453
1975-04-23,8.454
1975-04-24,8.454
1975-04-25,8.455
1975-04-26,8.455
1975-04-28,8.456
1975-04-30,8.457
1975-05-01,8.457
1975-05-02,8.458
1975-05-06,8.459
1975-05-07,8.46
1975-05-08,8.46
1975-05-09,8.46
1975-05-10,8.461
1975-05-12,8.462
1975-05-13,8.468
1975-05-14,8.468
1975-05-15,8.469
1975-05-16,8.469
1975-05-19,8.47
1975-05-20,8.462
1975-05-21,8.395
1975-05-22,8.422
1975-05-23,8.406
1975-05-24,8.407
1975-05-26,8.408
1975-05-27,8.408
1975-05-28,8.409
1975-05-29,8.409
1975-05-30,8.41
1975-05-31,8.41
1975-06-02,8.411
1975-06-03,8.412
1975-06-04,8.412
1975-06-05,8.413
1975-06-06,8.413
1975-06-07,8.414
1975-06-09,8.428
1975-06-10,8.428
1975-06-11,8.429
1975-06-12,8.43
1975-06-13,8.43
1975-06-14,8.444
1975-06-16,8.445
1975-06-17,8.445
1975-06-18,8.446
1975-06-19,8.446
1975-06-20,8.447
1975-06-23,8.448
1975-06-24,8.449
1975-06-25,8.45
1975-06-26,8.45
1975-06-27,8.451
1975-06-28,8.451
1975-06-30,8.452
1975-07-01,8.453
1975-07-02,8.453
1975-07-03,8.454
1975-07-04,8.454
1975-07-05,8.455
1975-07-07,8.456
1975-07-08,8.456
1975-07-09,8.457
1975-07-10,8.458
1975-07-11,8.458
1975-07-12,8.459
1975-07-14,8.46
1975-07-15,8.46
1975-07-16,8.461
1975-07-17,8.462
1975-07-18,8.462
1975-07-21,8.464
1975-07-22,8.465
1975-07-23,8.465
1975-07-24,8.466
1975-07-25,8.466
1975-07-26,8.467
1975-07-28,8.468
1975-07-29,8.495
1975-07-30,8.503
1975-07-31,8.511
1975-08-01,8.511
1975-08-02,8.512
1975-08-04,8.513
1975-08-05,8.514
1975-08-06,8.514
1975-08-07,8.515
1975-08-08,8.516
1975-08-09,8.516
1975-08-11,8.518
1975-08-12,8.518
1975-08-13,8.519
1975-08-14,8.519
1975-08-15,8.52
1975-08-18,8.522
1975-08-19,8.523
1975-08-20,8.515
1975-08-21,8.481
1975-08-22,8.474
1975-08-23,8.474
1975-08-25,8.475
1975-08-26,8.475
1975-08-27,8.475
1975-08-28,8.475
1975-08-29,8.476
1975-08-30,8.476
1975-09-01,8.476
1975-09-02,8.476
1975-09-03,8.477
1975-09-04,8.477
1975-09-05,8.477
1975-09-06,8.477
1975-09-08,8.478
1975-09-09,8.478
1975-09-10,8.478
1975-09-11,8.472
1975-09-12,8.472
1975-09-13,8.472
1975-09-16,8.473
1975-09-17,8.473
1975-09-18,8.473
1975-09-19,8.473
1975-09-22,8.474
1975-09-23,8.474
1975-09-25,8.475
1975-09-26,8.493
1975-09-27,8.494
1975-09-29,8.494
1975-09-30,8.494
1975-10-01,8.495
1975-10-02,8.495
1975-10-03,8.495
1975-10-04,8.496
1975-10-06,8.496
1975-10-07,8.496
1975-10-08,8.497
1975-10-09,8.534
1975-10-11,8.548
1975-10-13,8.548
1975-10-14,8.553
1975-10-15,8.553
1975-10-16,8.554
1975-10-17,8.558
1975-10-20,8.558
1975-10-21,8.558
1975-10-22,8.591
1975-10-23,8.592
1975-10-24,8.576
1975-10-25,8.576
1975-10-27,8.577
1975-10-28,8.577
1975-10-29,8.577
1975-10-30,8.585
1975-10-31,8.586
1975-11-01,8.586
1975-11-04,8.583
1975-11-05,8.583
1975-11-06,8.571
1975-11-07,8.571
1975-11-08,8.571
1975-11-10,8.572
1975-11-11,8.572
1975-11-12,8.572
1975-11-13,8.573
1975-11-14,8.573
1975-11-17,8.574
1975-11-18,8.571
1975-11-19,8.571
1975-11-20,8.57
1975-11-21,8.597
1975-11-22,8.592
1975-11-25,8.593
1975-11-26,8.593
1975-11-27,8.593
1975-11-28,8.593
1975-11-29,8.593
1975-12-01,8.615
1975-12-02,8.626
1975-12-03,8.626
1975-12-04,8.624
1975-12-05,8.637
1975-12-06,8.637
1975-12-08,8.637
1975-12-09,8.637
1975-12-10,8.637
1975-12-11,8.638
1975-12-12,8.639
1975-12-13,8.64
1975-12-15,8.641
1975-12-16,8.641
1975-12-17,8.642
1975-12-18,8.653
1975-12-19,8.647
1975-12-22,8.647
1975-12-23,8.647
1975-12-24,8.669
1975-12-25,8.675
1975-12-26,8.699
1975-12-27,8.709
1976-01-05,8.708
1976-01-06,8.708
1976-01-07,8.708
1976-01-08,8.708
1976-01-09,8.708
1976-01-10,8.708
1976-01-12,8.698
1976-01-13,8.688
1976-01-14,8.684
1976-01-16,8.687
1976-01-19,8.682
1976-01-20,8.663
1976-01-21,8.654
1976-01-22,8.648
1976-01-23,8.686
1976-01-24,8.62
1976-01-26,8.582
1976-01-27,8.576
1976-01-28,8.548
1976-01-29,8.542
1976-01-30,8.543
1976-01-31,8.543
1976-02-02,8.535
1976-02-03,8.536
1976-02-04,8.536
1976-02-05,8.537
1976-02-06,8.537
1976-02-07,8.529
1976-02-09,8.521
1976-02-10,8.522
1976-02-12,8.523
1976-02-13,8.524
1976-02-14,8.524
1976-02-16,8.526
1976-02-17,8.526
1976-02-18,8.527
1976-02-19,8.528
1976-02-20,8.53
1976-02-23,8.571
1976-02-24,8.572
1976-02-25,8.573
1976-02-26,8.575
1976-02-27,8.577
1976-02-28,8.578
1976-03-01,8.573
1976-03-02,8.574
1976-03-03,8.575
1976-03-04,8.575
1976-03-05,8.576
1976-03-06,8.577
1976-03-08,8.58
1976-03-09,8.58
1976-03-10,8.581
1976-03-11,8.582
1976-03-12,8.582
1976-03-13,8.583
1976-03-15,8.591
1976-03-16,8.593
1976-03-17,8.596
1976-03-18,8.596
1976-03-19,8.597
1976-03-22,8.599
1976-03-23,8.6
1976-03-24,8.6
1976-03-25,8.601
1976-03-26,8.602
1976-03-27,8.602
1976-03-29,8.604
1976-03-30,8.605
1976-03-31,8.605
1976-04-01,8.583
1976-04-02,8.582
1976-04-03,8.581
1976-04-05,8.582
1976-04-06,8.583
1976-04-07,8.579
1976-04-08,8.58
1976-04-09,8.581
1976-04-10,8.581
1976-04-12,8.583
1976-04-13,8.584
1976-04-14,8.597
1976-04-15,8.598
1976-04-16,8.599
1976-04-19,8.601
1976-04-20,8.602
1976-04-21,8.603
1976-04-22,8.604
1976-04-23,8.618
1976-04-24,8.619
1976-04-26,8.621
1976-04-27,8.621
1976-04-28,8.622
1976-04-30,8.624
1976-05-01,8.625
1976-05-04,8.627
1976-05-06,8.629
1976-05-07,8.63
1976-05-08,8.631
1976-05-10,8.632
1976-05-11,8.633
1976-05-12,8.634
1976-05-13,8.635
1976-05-14,8.636
1976-05-17,8.638
1976-05-18,8.639
1976-05-19,8.64
1976-05-20,8.637
1976-05-21,8.572
1976-05-22,8.607
1976-05-24,8.609
1976-05-25,8.609
1976-05-26,8.61
1976-05-27,8.611
1976-05-28,8.612
1976-05-29,8.612
1976-05-31,8.614
1976-06-01,8.614
1976-06-02,8.615
1976-06-03,8.616
1976-06-04,8.617
1976-06-05,8.617
1976-06-07,8.619
1976-06-08,8.619
1976-06-09,8.62
1976-06-10,8.621
1976-06-11,8.621
1976-06-12,8.622
1976-06-14,8.624
1976-06-15,8.624
1976-06-16,8.625
1976-06-17,8.626
1976-06-18,8.627
1976-06-21,8.629
1976-06-22,8.629
1976-06-23,8.649
1976-06-24,8.65
1976-06-25,8.651
1976-06-26,8.662
1976-06-28,8.664
1976-06-29,8.675
1976-06-30,8.678
1976-07-01,8.665
1976-07-02,8.666
1976-07-03,8.667
1976-07-05,8.668
1976-07-06,8.67
1976-07-07,8.671
1976-07-08,8.672
1976-07-09,8.673
1976-07-10,8.673
1976-07-12,8.675
1976-07-13,8.675
1976-07-14,8.676
1976-07-15,8.662
1976-07-16,8.647
1976-07-19,8.649
1976-07-20,8.65
1976-07-21,8.651
1976-07-22,8.652
1976-07-23,8.662
1976-07-24,8.651
1976-07-26,8.651
1976-07-27,8.652
1976-07-28,8.653
1976-07-29,8.654
1976-07-30,8.654
1976-07-31,8.655
1976-08-02,8.67
1976-08-03,8.693
1976-08-04,8.683
1976-08-05,8.694
1976-08-06,8.721
1976-08-07,8.714
1976-08-09,8.716
1976-08-10,8.72
1976-08-11,8.709
1976-08-12,8.729
1976-08-13,8.732
1976-08-14,8.732
1976-08-16,8.734
1976-08-17,8.735
1976-08-18,8.746
1976-08-19,8.739
1976-08-20,8.748
1976-08-23,8.827
1976-08-24,8.83
1976-08-25,8.838
1976-08-26,8.843
1976-08-27,8.853
1976-08-28,8.853
1976-08-30,8.853
1976-08-31,8.853
1976-09-01,8.854
1976-09-02,8.854
1976-09-03,8.855
1976-09-04,8.855
1976-09-06,8.852
1976-09-07,8.852
1976-09-08,8.853
1976-09-09,8.856
1976-09-10,8.853
1976-09-11,8.853
1976-09-13,8.854
1976-09-14,8.855
1976-09-16,8.856
1976-09-17,8.857
1976-09-20,8.858
1976-09-21,8.858
1976-09-22,8.859
1976-09-24,8.86
1976-09-25,8.86
1976-09-27,8.861
1976-09-28,8.861
1976-09-29,8.862
1976-09-30,8.862
1976-10-01,8.862
1976-10-02,8.863
1976-10-04,8.864
1976-10-05,8.864
1976-10-06,8.881
1976-10-07,8.915
1976-10-08,8.949
1976-10-09,8.958
1976-10-12,8.988
1976-10-13,8.988
1976-10-14,8.988
1976-10-15,8.989
1976-10-18,8.991
1976-10-19,8.991
1976-10-20,8.992
1976-10-21,8.989
1976-10-22,8.99
1976-10-23,8.985
1976-10-25,8.987
1976-10-26,8.987
1976-10-27,8.988
1976-10-28,8.988
1976-10-29,8.99
1976-10-30,8.99
1976-11-01,8.991
1976-11-02,8.991
1976-11-04,8.992
1976-11-05,8.993
1976-11-06,8.993
1976-11-08,8.994
1976-11-09,8.994
1976-11-10,8.993
1976-11-11,8.993
1976-11-12,8.994
1976-11-13,8.994
1976-11-15,8.995
1976-11-16,8.995
1976-11-17,8.996
1976-11-18,8.996
1976-11-19,8.996
1976-11-22,8.981
1976-11-24,8.982
1976-11-25,8.983
1976-11-26,8.984
1976-11-27,8.984
1976-11-29,8.985
1976-11-30,8.988
1976-12-01,8.986
1976-12-02,8.987
1976-12-03,8.99
1976-12-04,8.991
1976-12-06,8.992
1976-12-07,8.994
1976-12-08,8.994
1976-12-09,8.995
1976-12-10,8.996
1976-12-11,8.996
1976-12-13,8.998
1976-12-14,8.998
1976-12-15,9
1976-12-16,9.002
1976-12-17,9.003
1976-12-20,9.006
1976-12-21,9.006
1976-12-22,9.007
1976-12-23,8.98
1976-12-24,8.97
1976-12-25,8.943
1976-12-27,8.919
1976-12-28,8.919
1977-01-04,8.923
1977-01-05,8.923
1977-01-06,8.911
1977-01-07,8.912
1977-01-08,8.913
1977-01-10,8.9
1977-01-11,8.901
1977-01-12,8.888
1977-01-13,8.888
1977-01-14,8.888
1977-01-17,8.877
1977-01-18,8.877
1977-01-19,8.878
1977-01-20,8.853
1977-01-21,8.839
1977-01-22,8.827
1977-01-24,8.802
1977-01-25,8.802
1977-01-26,8.777
1977-01-27,8.75
1977-01-28,8.752
1977-01-29,8.752
1977-01-31,8.753
1977-02-01,8.754
1977-02-02,8.755
1977-02-03,8.755
1977-02-04,8.756
1977-02-05,8.743
1977-02-07,8.744
1977-02-08,8.732
1977-02-09,8.719
1977-02-10,8.72
1977-02-12,8.721
1977-02-14,8.696
1977-02-15,8.67
1977-02-16,8.657
1977-02-17,8.645
1977-02-18,8.645
1977-02-21,8.679
1977-02-22,8.677
1977-02-23,8.677
1977-02-24,8.677
1977-02-25,8.677
1977-02-26,8.678
1977-02-28,8.655
1977-03-01,8.655
1977-03-02,8.656
1977-03-03,8.659
1977-03-04,8.66
1977-03-05,8.66
1977-03-07,8.661
1977-03-08,8.662
1977-03-09,8.662
1977-03-10,8.663
1977-03-11,8.663
1977-03-12,8.649
1977-03-14,8.652
1977-03-15,8.64
1977-03-16,8.641
1977-03-17,8.641
1977-03-18,8.629
1977-03-22,8.619
1977-03-23,8.619
1977-03-24,8.607
1977-03-25,8.582
1977-03-26,8.583
1977-03-28,8.559
1977-03-29,8.559
1977-03-30,8.56
1977-03-31,8.56
1977-04-01,8.52
1977-04-02,8.52
1977-04-04,8.47
1977-04-05,8.441
1977-04-06,8.391
1977-04-07,8.366
1977-04-08,8.366
1977-04-09,8.342
1977-04-11,8.32
1977-04-12,8.293
1977-04-13,8.242
1977-04-14,8.192
1977-04-15,8.167
1977-04-18,8.092
1977-04-19,8.004
1977-04-20,7.98
1977-04-21,7.98
1977-04-22,7.969
1977-04-23,7.97
1977-04-25,7.971
1977-04-26,7.969
1977-04-27,7.945
1977-04-28,7.92
1977-04-30,7.896
1977-05-02,7.897
1977-05-04,7.872
1977-05-06,7.822
1977-05-07,7.823
1977-05-09,7.824
1977-05-10,7.824
1977-05-11,7.824
1977-05-12,7.825
1977-05-13,7.825
1977-05-14,7.826
1977-05-16,7.778
1977-05-17,7.741
1977-05-18,7.691
1977-05-19,7.667
1977-05-20,7.633
1977-05-23,7.595
1977-05-24,7.596
1977-05-25,7.596
1977-05-26,7.572
1977-05-27,7.554
1977-05-28,7.555
1977-05-30,7.56
1977-05-31,7.535
1977-06-01,7.536
1977-06-02,7.537
1977-06-03,7.537
1977-06-04,7.538
1977-06-06,7.514
1977-06-07,7.491
1977-06-08,7.468
1977-06-09,7.473
1977-06-10,7.473
1977-06-11,7.474
1977-06-13,7.475
1977-06-14,7.475
1977-06-15,7.476
1977-06-16,7.476
1977-06-17,7.476
1977-06-20,7.478
1977-06-21,7.478
1977-06-22,7.479
1977-06-23,7.479
1977-06-24,7.479
1977-06-25,7.48
1977-06-27,7.481
1977-06-28,7.482
1977-06-29,7.457
1977-06-30,7.418
1977-07-01,7.366
1977-07-02,7.346
1977-07-04,7.267
1977-07-05,7.201
1977-07-06,7.149
1977-07-07,7.149
1977-07-08,7.15
1977-07-09,7.139
1977-07-11,7.103
1977-07-12,7.055
1977-07-13,7.007
1977-07-14,6.935
1977-07-15,6.887
1977-07-18,6.837
1977-07-19,6.778
1977-07-20,6.73
1977-07-21,6.707
1977-07-22,6.707
1977-07-23,6.696
1977-07-25,6.697
1977-07-26,6.697
1977-07-27,6.698
1977-07-28,6.698
1977-07-29,6.687
1977-07-30,6.687
1977-08-01,6.689
1977-08-02,6.689
1977-08-03,6.69
1977-08-04,6.69
1977-08-05,6.69
1977-08-06,6.69
1977-08-08,6.716
1977-08-09,6.717
1977-08-10,6.717
1977-08-11,6.718
1977-08-12,6.718
1977-08-13,6.719
1977-08-15,6.719
1977-08-16,6.72
1977-08-17,6.793
1977-08-18,6.817
1977-08-19,6.817
1977-08-22,6.805
1977-08-23,6.846
1977-08-24,6.855
1977-08-25,6.859
1977-08-26,6.858
1977-08-27,6.858
1977-08-29,6.858
1977-08-30,6.841
1977-08-31,6.826
1977-09-01,6.825
1977-09-02,6.825
1977-09-03,6.825
1977-09-05,6.824
1977-09-06,6.824
1977-09-07,6.829
1977-09-08,6.831
1977-09-09,6.829
1977-09-10,6.839
1977-09-12,6.844
1977-09-13,6.844
1977-09-14,6.887
1977-09-16,6.887
1977-09-19,6.886
1977-09-20,6.886
1977-09-21,6.886
1977-09-22,6.886
1977-09-24,6.886
1977-09-26,6.886
1977-09-27,6.886
1977-09-28,6.886
1977-09-29,6.886
1977-09-30,6.885
1977-10-01,6.885
1977-10-03,6.885
1977-10-04,6.885
1977-10-05,6.885
1977-10-06,6.884
1977-10-07,6.882
1977-10-08,6.883
1977-10-11,6.883
1977-10-12,6.898
1977-10-13,6.898
1977-10-14,6.898
1977-10-17,6.899
1977-10-18,6.899
1977-10-19,6.899
1977-10-20,6.899
1977-10-21,6.922
1977-10-22,6.922
1977-10-24,6.921
1977-10-25,6.897
1977-10-26,6.886
1977-10-27,6.849
1977-10-28,6.803
1977-10-29,6.779
1977-10-31,6.743
1977-11-01,6.732
1977-11-02,6.732
1977-11-04,6.732
1977-11-05,6.732
1977-11-07,6.732
1977-11-08,6.732
1977-11-09,6.732
1977-11-10,6.732
1977-11-11,6.732
1977-11-12,6.732
1977-11-14,6.708
1977-11-15,6.684
1977-11-16,6.684
1977-11-17,6.672
1977-11-18,6.672
1977-11-21,6.665
1977-11-22,6.66
1977-11-24,6.636
1977-11-25,6.611
1977-11-26,6.611
1977-11-28,6.612
1977-11-29,6.587
1977-11-30,6.563
1977-12-01,6.539
1977-12-02,6.539
1977-12-03,6.539
1977-12-05,6.539
1977-12-06,6.506
1977-12-07,6.485
1977-12-08,6.485
1977-12-09,6.485
1977-12-10,6.485
1977-12-12,6.485
1977-12-13,6.486
1977-12-14,6.487
1977-12-15,6.486
1977-12-16,6.486
1977-12-19,6.486
1977-12-20,6.473
1977-12-21,6.398
1977-12-22,6.378
1977-12-23,6.293
1977-12-24,6.267
1977-12-26,6.193
1977-12-27,6.093
1977-12-28,6.092
1978-01-04,6.094
1978-01-05,6.094
1978-01-06,6.095
1978-01-07,6.095
1978-01-09,6.096
1978-01-10,6.096
1978-01-11,6.096
1978-01-12,6.097
1978-01-13,6.097
1978-01-14,6.098
1978-01-17,5.978
1978-01-18,5.918
1978-01-19,5.919
1978-01-20,5.92
1978-01-23,5.922
1978-01-24,5.923
1978-01-25,5.922
1978-01-26,5.922
1978-01-27,5.922
1978-01-28,5.922
1978-01-30,5.877
1978-01-31,5.878
1978-02-01,5.879
1978-02-02,5.88
1978-02-03,5.88
1978-02-04,5.893
1978-02-06,5.894
1978-02-07,5.894
1978-02-08,5.964
1978-02-09,5.966
1978-02-10,5.967
1978-02-13,5.97
1978-02-14,5.971
1978-02-15,5.972
1978-02-16,6.008
1978-02-17,6.009
1978-02-20,6.031
1978-02-21,6.032
1978-02-22,6.044
1978-02-23,6.09
1978-02-24,6.132
1978-02-25,6.131
1978-02-27,6.106
1978-02-28,6.083
1978-03-01,6.084
1978-03-02,6.084
1978-03-03,6.095
1978-03-04,6.097
1978-03-06,6.098
1978-03-07,6.098
1978-03-08,6.089
1978-03-09,6.075
1978-03-10,6.079
1978-03-11,6.08
1978-03-13,6.08
1978-03-14,6.071
1978-03-15,6.06
1978-03-16,6.051
1978-03-17,6.053
1978-03-20,6.043
1978-03-22,6.044
1978-03-23,6.044
1978-03-24,6.033
1978-03-25,6.034
1978-03-27,6.035
1978-03-28,6.036
1978-03-29,6.037
1978-03-30,6.037
1978-03-31,6.039
1978-04-01,6.04
1978-04-03,6.043
1978-04-04,6.042
1978-04-05,6.042
1978-04-06,5.999
1978-04-07,5.977
1978-04-08,5.933
1978-04-10,5.912
1978-04-11,5.913
1978-04-12,5.914
1978-04-13,5.914
1978-04-14,5.915
1978-04-17,5.917
1978-04-18,5.917
1978-04-19,5.918
1978-04-20,5.92
1978-04-21,5.92
1978-04-22,5.921
1978-04-24,5.922
1978-04-25,5.922
1978-04-26,5.922
1978-04-27,5.923
1978-04-28,5.923
1978-05-01,5.924
1978-05-02,5.925
1978-05-04,5.926
1978-05-06,5.926
1978-05-08,5.927
1978-05-09,5.928
1978-05-10,5.928
1978-05-11,5.929
1978-05-12,5.929
1978-05-13,5.93
1978-05-15,5.931
1978-05-16,5.931
1978-05-17,5.931
1978-05-18,5.932
1978-05-19,5.932
1978-05-22,5.859
1978-05-23,5.858
1978-05-24,5.858
1978-05-25,5.859
1978-05-26,5.859
1978-05-27,5.859
1978-05-29,5.859
1978-05-30,5.858
1978-05-31,5.879
1978-06-01,5.838
1978-06-02,5.831
1978-06-03,5.83
1978-06-05,5.83
1978-06-06,5.83
1978-06-07,5.83
1978-06-08,5.83
1978-06-09,5.83
1978-06-10,5.83
1978-06-12,5.83
1978-06-13,5.83
1978-06-14,5.83
1978-06-15,5.83
1978-06-16,5.83
1978-06-19,5.83
1978-06-20,5.83
1978-06-21,5.831
1978-06-22,5.831
1978-06-23,5.851
1978-06-24,5.851
1978-06-26,5.851
1978-06-27,5.851
1978-06-28,5.851
1978-06-29,5.854
1978-06-30,5.854
1978-07-01,5.854
1978-07-03,5.854
1978-07-04,5.854
1978-07-05,5.854
1978-07-06,5.855
1978-07-07,5.853
1978-07-08,5.854
1978-07-10,5.854
1978-07-11,5.854
1978-07-12,5.854
1978-07-13,5.854
1978-07-14,5.855
1978-07-17,5.866
1978-07-18,5.866
1978-07-19,5.867
1978-07-20,5.867
1978-07-21,5.888
1978-07-22,5.889
1978-07-24,5.889
1978-07-25,5.889
1978-07-26,5.889
1978-07-27,5.89
1978-07-28,5.89
1978-07-29,5.89
1978-07-31,5.891
1978-08-01,5.891
1978-08-02,5.891
1978-08-03,5.891
1978-08-04,5.892
1978-08-05,5.892
1978-08-07,5.904
1978-08-08,5.915
1978-08-09,5.939
1978-08-10,5.939
1978-08-11,5.951
1978-08-12,5.951
1978-08-14,5.952
1978-08-15,5.952
1978-08-16,5.952
1978-08-17,5.952
1978-08-18,5.975
1978-08-21,5.861
1978-08-22,5.862
1978-08-23,5.862
1978-08-24,5.863
1978-08-25,5.863
1978-08-26,5.863
1978-08-28,5.867
1978-08-29,5.87
1978-08-30,5.851
1978-08-31,5.852
1978-09-01,5.852
1978-09-02,5.854
1978-09-04,5.856
1978-09-05,5.86
1978-09-06,5.861
1978-09-07,5.861
1978-09-08,5.861
1978-09-09,5.862
1978-09-11,5.862
1978-09-12,5.862
1978-09-13,5.862
1978-09-14,5.862
1978-09-18,5.863
1978-09-19,5.862
1978-09-20,5.862
1978-09-21,5.863
1978-09-22,5.863
1978-09-25,5.864
1978-09-26,5.864
1978-09-27,5.865
1978-09-28,5.864
1978-09-29,5.864
1978-09-30,5.865
1978-10-02,5.865
1978-10-03,5.866
1978-10-04,5.845
1978-10-05,5.845
1978-10-06,5.843
1978-10-07,5.798
1978-10-09,5.799
1978-10-11,5.801
1978-10-12,5.801
1978-10-13,5.801
1978-10-14,5.802
1978-10-16,5.803
1978-10-17,5.804
1978-10-18,5.805
1978-10-19,5.807
1978-10-20,5.795
1978-10-23,5.797
1978-10-24,5.787
1978-10-25,5.776
1978-10-26,5.755
1978-10-27,5.755
1978-10-28,5.756
1978-10-30,5.757
1978-10-31,5.757
1978-11-01,5.757
1978-11-02,5.758
1978-11-04,5.759
1978-11-06,5.76
1978-11-07,5.761
1978-11-08,5.761
1978-11-09,5.762
1978-11-10,5.762
1978-11-11,5.763
1978-11-13,5.764
1978-11-14,5.765
1978-11-15,5.766
1978-11-16,5.766
1978-11-17,5.767
1978-11-20,5.777
1978-11-21,5.777
1978-11-22,6.1
1978-11-24,6.102
1978-11-25,6.103
1978-11-27,6.105
1978-11-28,6.104
1978-11-29,6.103
1978-11-30,6.102
1978-12-01,6.115
1978-12-02,6.116
1978-12-04,6.118
1978-12-05,6.119
1978-12-06,6.12
1978-12-07,6.121
1978-12-08,6.122
1978-12-09,6.123
1978-12-11,6.125
1978-12-12,6.123
1978-12-13,6.126
1978-12-14,6.127
1978-12-15,6.128
1978-12-18,6.131
1978-12-19,6.131
1978-12-20,6.132
1978-12-21,6.133
1978-12-22,6.134
1978-12-23,6.135
1978-12-25,6.137
1978-12-26,6.137
1978-12-27,6.138
1978-12-28,6.151
1979-01-04,6.157
1979-01-05,6.158
1979-01-06,6.159
1979-01-08,6.16
1979-01-09,6.161
1979-01-10,6.162
1979-01-11,6.162
1979-01-12,6.162
1979-01-13,6.163
1979-01-16,6.165
1979-01-17,6.166
1979-01-18,6.166
1979-01-19,6.167
1979-01-22,6.169
1979-01-23,6.123
1979-01-24,6.125
1979-01-25,6.126
1979-01-26,6.126
1979-01-27,6.127
1979-01-29,6.128
1979-01-30,6.129
1979-01-31,6.13
1979-02-01,6.13
1979-02-02,6.131
1979-02-03,6.132
1979-02-05,6.133
1979-02-06,6.134
1979-02-07,6.134
1979-02-08,6.135
1979-02-09,6.136
1979-02-10,6.136
1979-02-13,6.138
1979-02-14,6.173
1979-02-15,6.207
1979-02-16,6.231
1979-02-19,6.235
1979-02-20,6.253
1979-02-21,6.193
1979-02-22,6.186
1979-02-23,6.217
1979-02-24,6.238
1979-02-26,6.263
1979-02-27,6.289
1979-02-28,6.337
1979-03-01,6.38
1979-03-02,6.46
1979-03-03,6.508
1979-03-05,6.526
1979-03-06,6.62
1979-03-07,6.708
1979-03-08,6.723
1979-03-09,6.786
1979-03-10,6.779
1979-03-12,6.737
1979-03-13,6.706
1979-03-14,6.658
1979-03-15,6.661
1979-03-16,6.662
1979-03-19,6.682
1979-03-20,6.681
1979-03-22,6.682
1979-03-23,6.73
1979-03-24,6.727
1979-03-26,6.768
1979-03-27,6.765
1979-03-28,6.767
1979-03-29,6.809
1979-03-30,6.803
1979-03-31,6.804
1979-04-02,6.976
1979-04-03,7.034
1979-04-04,7.138
1979-04-05,7.236
1979-04-06,7.324
1979-04-07,7.325
1979-04-09,7.327
1979-04-10,7.328
1979-04-11,7.326
1979-04-12,7.327
1979-04-13,7.328
1979-04-14,7.329
1979-04-16,7.33
1979-04-17,7.331
1979-04-18,7.332
1979-04-19,7.403
1979-04-20,7.479
1979-04-23,7.482
1979-04-24,7.483
1979-04-25,7.483
1979-04-26,7.521
1979-04-27,7.521
1979-04-28,7.522
1979-05-01,7.524
1979-05-02,7.525
1979-05-04,7.526
1979-05-07,7.528
1979-05-08,7.529
1979-05-09,7.53
1979-05-10,7.531
1979-05-11,7.532
1979-05-12,7.532
1979-05-14,7.534
1979-05-15,7.534
1979-05-16,7.535
1979-05-17,7.536
1979-05-18,7.536
1979-05-21,7.553
1979-05-22,7.494
1979-05-23,7.495
1979-05-24,7.494
1979-05-25,7.493
1979-05-26,7.494
1979-05-28,7.535
1979-05-29,7.531
1979-05-30,7.532
1979-05-31,7.533
1979-06-01,7.542
1979-06-02,7.539
1979-06-04,7.588
1979-06-05,7.681
1979-06-06,7.748
1979-06-07,7.748
1979-06-08,7.776
1979-06-09,7.776
1979-06-11,7.853
1979-06-12,7.876
1979-06-13,7.928
1979-06-14,7.976
1979-06-15,8.002
1979-06-18,8.03
1979-06-19,8.031
1979-06-20,8.033
1979-06-21,8.037
1979-06-22,7.942
1979-06-23,7.922
1979-06-25,7.902
1979-06-26,7.89
1979-06-27,7.869
1979-06-28,7.848
1979-06-29,7.841
1979-06-30,7.842
1979-07-02,7.842
1979-07-03,7.846
1979-07-04,7.847
1979-07-05,7.852
1979-07-06,7.859
1979-07-07,7.861
1979-07-09,7.866
1979-07-10,7.749
1979-07-11,7.755
1979-07-12,7.755
1979-07-13,7.756
1979-07-14,7.759
1979-07-16,7.709
1979-07-17,7.712
1979-07-18,7.713
1979-07-19,7.715
1979-07-20,7.715
1979-07-23,7.718
1979-07-24,7.597
1979-07-25,7.575
1979-07-26,7.464
1979-07-27,7.464
1979-07-28,7.534
1979-07-30,7.533
1979-07-31,7.556
1979-08-01,7.557
1979-08-02,7.557
1979-08-03,7.557
1979-08-04,7.557
1979-08-06,7.557
1979-08-07,7.558
1979-08-08,7.558
1979-08-09,7.558
1979-08-10,7.56
1979-08-11,7.56
1979-08-13,7.584
1979-08-14,7.584
1979-08-15,7.608
1979-08-16,7.608
1979-08-17,7.63
1979-08-20,7.621
1979-08-21,7.639
1979-08-22,7.64
1979-08-23,7.641
1979-08-24,7.641
1979-08-25,7.646
1979-08-27,7.663
1979-08-28,7.684
1979-08-29,7.689
1979-08-30,7.687
1979-08-31,7.687
1979-09-01,7.687
1979-09-03,7.687
1979-09-04,7.688
1979-09-05,7.682
1979-09-06,7.663
1979-09-07,7.663
1979-09-08,7.663
1979-09-10,7.663
1979-09-11,7.663
1979-09-12,7.637
1979-09-13,7.625
1979-09-14,7.61
1979-09-17,7.61
1979-09-18,7.623
1979-09-19,7.662
1979-09-20,7.662
1979-09-21,7.662
1979-09-22,7.639
1979-09-25,7.653
1979-09-26,7.653
1979-09-27,7.653
1979-09-28,7.638
1979-09-29,7.638
1979-10-01,7.638
1979-10-02,7.626
1979-10-03,7.616
1979-10-04,7.615
1979-10-05,7.615
1979-10-06,7.604
1979-10-08,7.625
1979-10-09,7.651
1979-10-11,7.664
1979-10-12,7.7
1979-10-13,7.759
1979-10-15,7.763
1979-10-16,7.811
1979-10-17,7.833
1979-10-18,7.857
1979-10-19,7.914
1979-10-22,7.913
1979-10-23,7.969
1979-10-24,7.995
1979-10-25,8.034
1979-10-26,8.011
1979-10-27,7.998
1979-10-29,7.998
1979-10-30,7.998
1979-10-31,7.993
1979-11-01,7.947
1979-11-02,7.921
1979-11-05,7.927
1979-11-06,7.967
1979-11-07,7.995
1979-11-08,7.995
1979-11-09,8.017
1979-11-10,8.049
1979-11-12,8.041
1979-11-13,8.067
1979-11-14,8.08
1979-11-15,8.155
1979-11-16,8.155
1979-11-19,8.16
1979-11-20,8.231
1979-11-21,8.306
1979-11-22,8.333
1979-11-24,8.39
1979-11-26,8.52
1979-11-27,8.521
1979-11-28,8.505
1979-11-29,8.445
1979-11-30,8.349
1979-12-01,8.265
1979-12-03,8.263
1979-12-04,8.294
1979-12-05,8.26
1979-12-06,8.321
1979-12-07,8.282
1979-12-08,8.17
1979-12-10,8.167
1979-12-11,8.166
1979-12-12,8.239
1979-12-13,8.239
1979-12-14,8.25
1979-12-17,8.27
1979-12-18,8.249
1979-12-19,8.194
1979-12-20,8.193
1979-12-21,8.193
1979-12-22,8.192
1979-12-24,8.191
1979-12-25,8.19
1979-12-26,8.19
1979-12-27,8.213
1979-12-28,8.213
1980-01-04,8.21
1980-01-05,8.21
1980-01-07,8.209
1980-01-08,8.169
1980-01-09,8.119
1980-01-10,8.104
1980-01-11,8.102
1980-01-12,8.102
1980-01-14,8.072
1980-01-16,8.043
1980-01-17,7.991
1980-01-18,7.992
1980-01-21,8.003
1980-01-22,8.031
1980-01-23,8.001
1980-01-24,7.996
1980-01-25,7.996
1980-01-26,8.008
1980-01-28,8.009
1980-01-29,8.009
1980-01-30,8.009
1980-01-31,8.008
1980-02-01,8.008
1980-02-02,8.008
1980-02-04,8.007
1980-02-05,8.019
1980-02-06,8.031
1980-02-07,8.078
1980-02-08,8.165
1980-02-09,8.226
1980-02-12,8.226
1980-02-13,8.236
1980-02-14,8.242
1980-02-15,8.314
1980-02-18,8.39
1980-02-19,8.468
1980-02-20,8.603
1980-02-21,8.668
1980-02-22,8.8
1980-02-23,8.909
1980-02-25,8.913
1980-02-26,8.676
1980-02-27,8.677
1980-02-28,8.704
1980-02-29,8.699
1980-03-01,8.699
1980-03-03,8.736
1980-03-04,8.845
1980-03-05,8.842
1980-03-06,8.844
1980-03-07,9.011
1980-03-08,9.162
1980-03-10,9.325
1980-03-11,9.489
1980-03-12,9.488
1980-03-13,9.487
1980-03-14,9.457
1980-03-17,9.501
1980-03-18,9.5
1980-03-19,9.499
1980-03-21,9.506
1980-03-22,9.303
1980-03-24,9.3
1980-03-25,9.096
1980-03-26,9.096
1980-03-27,9.088
1980-03-28,9.088
1980-03-29,9.087
1980-03-31,9.086
1980-04-01,9.174
1980-04-02,9.342
1980-04-03,9.509
1980-04-04,9.749
1980-04-05,9.986
1980-04-07,10.211
1980-04-08,10.508
1980-04-09,10.656
1980-04-10,10.574
1980-04-11,10.423
1980-04-12,10.421
1980-04-14,10.43
1980-04-15,10.441
1980-04-16,10.443
1980-04-17,10.133
1980-04-18,9.9
1980-04-21,9.9
1980-04-22,9.667
1980-04-23,9.626
1980-04-24,9.496
1980-04-25,9.296
1980-04-26,9.295
1980-04-28,9.495
1980-04-30,9.494
1980-05-01,9.406
1980-05-02,9.239
1980-05-06,9.151
1980-05-07,8.892
1980-05-08,8.887
1980-05-09,8.908
1980-05-10,8.814
1980-05-12,8.623
1980-05-13,8.533
1980-05-14,8.532
1980-05-15,8.574
1980-05-16,8.573
1980-05-19,8.573
1980-05-20,8.568
1980-05-21,8.693
1980-05-22,8.703
1980-05-23,8.67
1980-05-24,8.498
1980-05-26,8.39
1980-05-27,8.44
1980-05-28,8.431
1980-05-29,8.438
1980-05-30,8.37
1980-05-31,8.224
1980-06-02,8.225
1980-06-03,8.154
1980-06-04,8.107
1980-06-05,8.058
1980-06-06,8.056
1980-06-07,8.057
1980-06-09,8.081
1980-06-10,8.113
1980-06-11,8.203
1980-06-12,8.203
1980-06-13,8.114
1980-06-14,8.088
1980-06-16,8.125
1980-06-17,8.166
1980-06-18,8.18
1980-06-19,8.219
1980-06-20,8.195
1980-06-23,8.195
1980-06-24,8.181
1980-06-25,8.181
1980-06-26,8.181
1980-06-27,8.181
1980-06-28,8.197
1980-06-30,8.197
1980-07-01,8.221
1980-07-02,8.26
1980-07-03,8.261
1980-07-04,8.175
1980-07-05,8.175
1980-07-07,8.191
1980-07-08,8.253
1980-07-09,8.258
1980-07-10,8.283
1980-07-11,8.304
1980-07-12,8.304
1980-07-14,8.33
1980-07-15,8.375
1980-07-16,8.392
1980-07-17,8.393
1980-07-18,8.328
1980-07-21,8.335
1980-07-22,8.377
1980-07-23,8.421
1980-07-24,8.441
1980-07-25,8.441
1980-07-26,8.44
1980-07-28,8.44
1980-07-29,8.441
1980-07-30,8.441
1980-07-31,8.466
1980-08-01,8.439
1980-08-02,8.482
1980-08-04,8.57
1980-08-05,8.571
1980-08-06,8.571
1980-08-07,8.572
1980-08-08,8.555
1980-08-09,8.556
1980-08-11,8.556
1980-08-12,8.556
1980-08-13,8.441
1980-08-14,8.441
1980-08-15,8.441
1980-08-18,8.467
1980-08-19,8.467
1980-08-20,8.393
1980-08-21,8.35
1980-08-22,8.386
1980-08-23,8.387
1980-08-25,8.389
1980-08-26,8.416
1980-08-27,8.418
1980-08-28,8.418
1980-08-29,8.46
1980-08-30,8.461
1980-09-01,8.462
1980-09-02,8.506
1980-09-03,8.544
1980-09-04,8.444
1980-09-05,8.418
1980-09-06,8.418
1980-09-08,8.419
1980-09-09,8.423
1980-09-10,8.423
1980-09-11,8.432
1980-09-12,8.458
1980-09-13,8.459
1980-09-16,8.486
1980-09-17,8.511
1980-09-18,8.511
1980-09-19,8.512
1980-09-22,8.514
1980-09-24,8.585
1980-09-25,8.585
1980-09-26,8.586
1980-09-27,8.587
1980-09-29,8.586
1980-09-30,8.586
1980-10-01,8.76
1980-10-02,8.763
1980-10-03,8.764
1980-10-04,8.745
1980-10-06,8.746
1980-10-07,8.747
1980-10-08,8.747
1980-10-09,8.746
1980-10-11,8.781
1980-10-13,8.782
1980-10-14,8.764
1980-10-15,8.695
1980-10-16,8.522
1980-10-17,8.523
1980-10-20,8.481
1980-10-21,8.457
1980-10-22,8.457
1980-10-23,8.458
1980-10-24,8.442
1980-10-25,8.443
1980-10-27,8.426
1980-10-28,8.427
1980-10-29,8.443
1980-10-30,8.425
1980-10-31,8.408
1980-11-01,8.401
1980-11-04,8.402
1980-11-05,8.403
1980-11-06,8.401
1980-11-07,8.394
1980-11-08,8.394
1980-11-10,8.385
1980-11-11,8.43
1980-11-12,8.428
1980-11-13,8.475
1980-11-14,8.457
1980-11-17,8.455
1980-11-18,8.455
1980-11-19,8.458
1980-11-20,8.466
1980-11-21,8.39
1980-11-22,8.457
1980-11-25,8.552
1980-11-26,8.689
1980-11-27,8.774
1980-11-28,8.867
1980-11-29,8.868
1980-12-01,8.869
1980-12-02,8.869
1980-12-03,8.869
1980-12-04,8.843
1980-12-05,8.639
1980-12-06,8.692
1980-12-08,8.695
1980-12-09,8.696
1980-12-10,8.737
1980-12-11,8.779
1980-12-12,8.912
1980-12-13,8.913
1980-12-15,8.919
1980-12-16,8.919
1980-12-17,8.92
1980-12-18,8.921
1980-12-19,8.876
1980-12-22,8.861
1980-12-23,8.861
1980-12-24,8.817
1980-12-25,8.818
1980-12-26,8.818
1980-12-27,8.819
1981-01-05,8.779
1981-01-06,8.69
1981-01-07,8.69
1981-01-08,8.577
1981-01-09,8.535
1981-01-10,8.536
1981-01-12,8.538
1981-01-13,8.536
1981-01-14,8.537
1981-01-16,8.554
1981-01-19,8.592
1981-01-20,8.593
1981-01-21,8.593
1981-01-22,8.566
1981-01-23,8.577
1981-01-24,8.56
1981-01-26,8.562
1981-01-27,8.543
1981-01-28,8.518
1981-01-29,8.459
1981-01-30,8.449
1981-01-31,8.372
1981-02-02,8.373
1981-02-03,8.374
1981-02-04,8.347
1981-02-05,8.314
1981-02-06,8.235
1981-02-07,8.217
1981-02-09,8.247
1981-02-10,8.318
1981-02-12,8.32
1981-02-13,8.363
1981-02-14,8.364
1981-02-16,8.384
1981-02-17,8.402
1981-02-18,8.34
1981-02-19,8.284
1981-02-20,8.293
1981-02-23,8.243
1981-02-24,8.232
1981-02-25,8.233
1981-02-26,8.233
1981-02-27,8.213
1981-02-28,8.203
1981-03-02,8.208
1981-03-03,8.21
1981-03-04,8.21
1981-03-05,8.177
1981-03-06,8.177
1981-03-07,8.18
1981-03-09,8.163
1981-03-10,8.13
1981-03-11,8.132
1981-03-12,8.114
1981-03-13,8.035
1981-03-14,8.009
1981-03-16,7.936
1981-03-17,7.982
1981-03-18,7.984
1981-03-19,7.985
1981-03-20,7.984
1981-03-23,7.985
1981-03-24,7.986
1981-03-25,7.975
1981-03-26,7.972
1981-03-27,7.89
1981-03-28,7.874
1981-03-30,7.875
1981-03-31,7.875
1981-04-01,7.76
1981-04-02,7.761
1981-04-03,7.765
1981-04-04,7.765
1981-04-06,7.766
1981-04-07,7.785
1981-04-08,7.785
1981-04-09,7.795
1981-04-10,7.796
1981-04-11,7.814
1981-04-13,7.86
1981-04-14,7.86
1981-04-15,7.86
1981-04-16,7.861
1981-04-17,7.861
1981-04-20,7.862
1981-04-21,7.863
1981-04-22,7.863
1981-04-23,7.908
1981-04-24,7.953
1981-04-25,7.953
1981-04-27,7.954
1981-04-28,7.953
1981-04-30,7.982
1981-05-01,8
1981-05-02,8
1981-05-06,8.029
1981-05-07,8.056
1981-05-08,8.091
1981-05-09,8.091
1981-05-11,8.092
1981-05-12,8.127
1981-05-13,8.217
1981-05-14,8.33
1981-05-15,8.313
1981-05-18,8.315
1981-05-19,8.316
1981-05-20,8.341
1981-05-21,8.298
1981-05-22,8.278
1981-05-23,8.237
1981-05-25,8.238
1981-05-26,8.238
1981-05-27,8.254
1981-05-28,8.255
1981-05-29,8.227
1981-05-30,8.164
1981-06-01,8.165
1981-06-02,8.201
1981-06-03,8.219
1981-06-04,8.22
1981-06-05,8.236
1981-06-06,8.244
1981-06-08,8.244
1981-06-09,8.244
1981-06-10,8.223
1981-06-11,8.204
1981-06-12,8.205
1981-06-13,8.205
1981-06-15,8.182
1981-06-16,8.136
1981-06-17,8.129
1981-06-18,8.128
1981-06-19,8.135
1981-06-22,8.137
1981-06-23,8.138
1981-06-24,8.138
1981-06-25,8.138
1981-06-26,8.139
1981-06-27,8.122
1981-06-29,8.123
1981-06-30,8.114
1981-07-01,8.096
1981-07-02,8.08
1981-07-03,8.081
1981-07-04,8.099
1981-07-06,8.118
1981-07-07,8.126
1981-07-08,8.12
1981-07-09,8.12
1981-07-10,8.104
1981-07-11,8.094
1981-07-13,8.086
1981-07-14,8.098
1981-07-15,8.108
1981-07-16,8.109
1981-07-17,8.128
1981-07-20,8.149
1981-07-21,8.192
1981-07-22,8.248
1981-07-23,8.307
1981-07-24,8.283
1981-07-25,8.283
1981-07-27,8.286
1981-07-28,8.322
1981-07-29,8.374
1981-07-30,8.373
1981-07-31,8.392
1981-08-01,8.481
1981-08-03,8.526
1981-08-04,8.527
1981-08-05,8.509
1981-08-06,8.475
1981-08-07,8.451
1981-08-08,8.434
1981-08-10,8.436
1981-08-11,8.438
1981-08-12,8.439
1981-08-13,8.412
1981-08-14,8.414
1981-08-17,8.443
1981-08-18,8.444
1981-08-19,8.446
1981-08-20,8.436
1981-08-21,8.383
1981-08-22,8.4
1981-08-24,8.445
1981-08-25,8.461
1981-08-26,8.488
1981-08-27,8.513
1981-08-28,8.544
1981-08-29,8.545
1981-08-31,8.561
1981-09-01,8.569
1981-09-02,8.569
1981-09-03,8.512
1981-09-04,8.485
1981-09-05,8.476
1981-09-07,8.468
1981-09-08,8.423
1981-09-09,8.378
1981-09-10,8.379
1981-09-11,8.381
1981-09-12,8.358
1981-09-14,8.35
1981-09-16,8.327
1981-09-17,8.328
1981-09-18,8.322
1981-09-21,8.323
1981-09-22,8.34
1981-09-24,8.37
1981-09-25,8.388
1981-09-26,8.389
1981-09-28,8.392
1981-09-29,8.393
1981-09-30,8.394
1981-10-01,8.368
1981-10-02,8.341
1981-10-03,8.345
1981-10-05,8.33
1981-10-06,8.331
1981-10-07,8.359
1981-10-08,8.361
1981-10-09,8.318
1981-10-12,8.325
1981-10-13,8.294
1981-10-14,8.284
1981-10-15,8.285
1981-10-16,8.312
1981-10-19,8.316
1981-10-20,8.333
1981-10-21,8.334
1981-10-22,8.377
1981-10-23,8.377
1981-10-24,8.379
1981-10-26,8.382
1981-10-27,8.355
1981-10-28,8.349
1981-10-29,8.351
1981-10-30,8.352
1981-10-31,8.317
1981-11-02,8.294
1981-11-04,8.262
1981-11-05,8.253
1981-11-06,8.254
1981-11-07,8.221
1981-11-09,8.196
1981-11-10,8.145
1981-11-11,8.113
1981-11-12,8.07
1981-11-13,8.01
1981-11-14,8.039
1981-11-16,8.041
1981-11-17,8.043
1981-11-18,8.026
1981-11-19,7.819
1981-11-20,7.872
1981-11-24,8.156
1981-11-25,8.076
1981-11-26,8.048
1981-11-27,8.044
1981-11-28,8.061
1981-11-30,8.085
1981-12-01,8.08
1981-12-02,8.08
1981-12-03,8.021
1981-12-04,7.943
1981-12-05,7.944
1981-12-07,7.896
1981-12-08,7.867
1981-12-09,7.847
1981-12-10,7.831
1981-12-11,7.836
1981-12-12,7.842
1981-12-14,7.865
1981-12-15,7.864
1981-12-16,7.866
1981-12-17,7.883
1981-12-18,7.885
1981-12-21,7.913
1981-12-22,7.972
1981-12-23,7.974
1981-12-24,7.975
1981-12-25,8.018
1981-12-26,8.003
1981-12-28,7.963
1982-01-04,7.957
1982-01-05,7.974
1982-01-06,7.993
1982-01-07,7.984
1982-01-08,7.931
1982-01-09,7.894
1982-01-11,7.846
1982-01-12,7.848
1982-01-13,7.849
1982-01-14,7.841
1982-01-18,7.856
1982-01-19,7.875
1982-01-20,7.877
1982-01-21,7.88
1982-01-22,7.881
1982-01-23,7.883
1982-01-25,7.914
1982-01-26,7.951
1982-01-27,7.953
1982-01-28,7.968
1982-01-29,7.963
1982-01-30,7.947
1982-02-01,7.947
1982-02-02,8.011
1982-02-03,8.038
1982-02-04,8.058
1982-02-05,8.05
1982-02-06,8.044
1982-02-08,8.047
1982-02-09,8.048
1982-02-10,8.057
1982-02-12,8.085
1982-02-13,8.086
1982-02-15,8.072
1982-02-16,8.08
1982-02-17,8.039
1982-02-18,8.024
1982-02-19,7.975
1982-02-22,7.795
1982-02-23,7.816
1982-02-24,7.821
1982-02-25,7.803
1982-02-26,7.824
1982-02-27,7.827
1982-03-01,7.827
1982-03-02,7.812
1982-03-03,7.797
1982-03-04,7.756
1982-03-05,7.697
1982-03-06,7.68
1982-03-08,7.625
1982-03-09,7.628
1982-03-10,7.632
1982-03-11,7.632
1982-03-12,7.632
1982-03-13,7.631
1982-03-15,7.621
1982-03-16,7.569
1982-03-17,7.534
1982-03-18,7.451
1982-03-19,7.456
1982-03-23,7.508
1982-03-24,7.509
1982-03-25,7.512
1982-03-26,7.494
1982-03-27,7.496
1982-03-29,7.518
1982-03-30,7.519
1982-03-31,7.52
1982-04-01,7.538
1982-04-02,7.521
1982-04-03,7.522
1982-04-05,7.543
1982-04-06,7.568
1982-04-07,7.57
1982-04-08,7.574
1982-04-09,7.578
1982-04-10,7.579
1982-04-12,7.582
1982-04-13,7.565
1982-04-14,7.567
1982-04-15,7.577
1982-04-16,7.599
1982-04-19,7.612
1982-04-20,7.614
1982-04-21,7.614
1982-04-22,7.615
1982-04-23,7.617
1982-04-24,7.582
1982-04-26,7.585
1982-04-27,7.561
1982-04-28,7.555
1982-04-30,7.549
1982-05-01,7.55
1982-05-04,7.554
1982-05-06,7.547
1982-05-07,7.521
1982-05-08,7.523
1982-05-10,7.526
1982-05-11,7.537
1982-05-12,7.529
1982-05-13,7.53
1982-05-14,7.542
1982-05-17,7.554
1982-05-18,7.609
1982-05-19,7.645
1982-05-20,7.664
1982-05-21,7.599
1982-05-22,7.608
1982-05-24,7.646
1982-05-25,7.74
1982-05-26,7.829
1982-05-27,7.932
1982-05-28,7.934
1982-05-29,7.957
1982-05-31,7.97
1982-06-01,8.039
1982-06-02,8.069
1982-06-03,8.133
1982-06-04,8.175
1982-06-05,8.183
1982-06-07,8.219
1982-06-08,8.221
1982-06-09,8.304
1982-06-10,8.408
1982-06-11,8.394
1982-06-12,8.35
1982-06-14,8.352
1982-06-15,8.391
1982-06-16,8.435
1982-06-17,8.505
1982-06-18,8.54
1982-06-21,8.568
1982-06-22,8.587
1982-06-23,8.59
1982-06-24,8.537
1982-06-25,8.597
1982-06-26,8.623
1982-06-28,8.628
1982-06-29,8.63
1982-06-30,8.588
1982-07-01,8.591
1982-07-02,8.574
1982-07-03,8.57
1982-07-05,8.554
1982-07-06,8.553
1982-07-07,8.58
1982-07-08,8.599
1982-07-09,8.582
1982-07-10,8.548
1982-07-12,8.505
1982-07-13,8.506
1982-07-14,8.508
1982-07-15,8.51
1982-07-16,8.534
1982-07-19,8.471
1982-07-20,8.472
1982-07-21,8.474
1982-07-22,8.483
1982-07-23,8.493
1982-07-24,8.487
1982-07-26,8.487
1982-07-27,8.507
1982-07-28,8.506
1982-07-29,8.508
1982-07-30,8.491
1982-07-31,8.468
1982-08-02,8.471
1982-08-03,8.429
1982-08-04,8.439
1982-08-05,8.481
1982-08-06,8.5
1982-08-07,8.542
1982-08-09,8.571
1982-08-10,8.614
1982-08-11,8.683
1982-08-12,8.685
1982-08-13,8.668
1982-08-14,8.603
1982-08-16,8.603
1982-08-17,8.647
1982-08-18,8.547
1982-08-19,8.445
1982-08-20,8.437
1982-08-23,8.391
1982-08-24,8.411
1982-08-25,8.417
1982-08-26,8.4
1982-08-27,8.387
1982-08-28,8.403
1982-08-30,8.419
1982-08-31,8.444
1982-09-01,8.416
1982-09-02,8.418
1982-09-03,8.411
1982-09-04,8.399
1982-09-06,8.41
1982-09-07,8.399
1982-09-08,8.395
1982-09-09,8.388
1982-09-10,8.413
1982-09-11,8.439
1982-09-13,8.44
1982-09-14,8.442
1982-09-16,8.461
1982-09-17,8.461
1982-09-20,8.474
1982-09-21,8.493
1982-09-22,8.484
1982-09-24,8.469
1982-09-25,8.471
1982-09-27,8.481
1982-09-28,8.529
1982-09-29,8.488
1982-09-30,8.49
1982-10-01,8.499
1982-10-02,8.509
1982-10-04,8.521
1982-10-05,8.562
1982-10-06,8.595
1982-10-07,8.579
1982-10-08,8.514
1982-10-09,8.499
1982-10-12,8.51
1982-10-13,8.526
1982-10-14,8.536
1982-10-15,8.513
1982-10-18,8.508
1982-10-19,8.509
1982-10-20,8.509
1982-10-21,8.518
1982-10-22,8.52
1982-10-23,8.529
1982-10-25,8.548
1982-10-26,8.559
1982-10-27,8.558
1982-10-28,8.559
1982-10-29,8.561
1982-10-30,8.551
1982-11-01,8.554
1982-11-02,8.538
1982-11-04,8.53
1982-11-05,8.524
1982-11-06,8.5
1982-11-08,8.5
1982-11-09,8.502
1982-11-10,8.47
1982-11-11,8.446
1982-11-12,8.43
1982-11-13,8.387
1982-11-15,8.416
1982-11-16,8.448
1982-11-17,8.434
1982-11-18,8.433
1982-11-19,8.418
1982-11-22,8.399
1982-11-24,8.383
1982-11-25,8.369
1982-11-26,8.36
1982-11-27,8.34
1982-11-29,8.306
1982-11-30,8.219
1982-12-01,8.027
1982-12-02,7.951
1982-12-03,7.947
1982-12-04,7.949
1982-12-06,7.97
1982-12-07,7.892
1982-12-08,7.872
1982-12-09,7.889
1982-12-10,7.952
1982-12-11,7.95
1982-12-13,7.955
1982-12-14,7.937
1982-12-15,7.904
1982-12-16,7.892
1982-12-17,7.933
1982-12-20,7.931
1982-12-21,7.913
1982-12-22,7.844
1982-12-23,7.792
1982-12-24,7.725
1982-12-25,7.744
1982-12-27,7.746
1982-12-28,7.721
1983-01-04,7.597
1983-01-05,7.59
1983-01-06,7.631
1983-01-07,7.632
1983-01-08,7.634
1983-01-10,7.608
1983-01-11,7.591
1983-01-12,7.582
1983-01-13,7.562
1983-01-14,7.511
1983-01-17,7.505
1983-01-18,7.506
1983-01-19,7.583
1983-01-20,7.654
1983-01-21,7.717
1983-01-22,7.852
1983-01-24,7.982
1983-01-25,7.997
1983-01-26,7.853
1983-01-27,7.853
1983-01-28,7.854
1983-01-29,7.856
1983-01-31,7.897
1983-02-01,7.881
1983-02-02,7.873
1983-02-03,7.873
1983-02-04,7.856
1983-02-05,7.865
1983-02-07,7.865
1983-02-08,7.858
1983-02-09,7.841
1983-02-10,7.824
1983-02-12,7.732
1983-02-14,7.706
1983-02-15,7.671
1983-02-16,7.655
1983-02-17,7.674
1983-02-18,7.735
1983-02-21,7.759
1983-02-22,7.791
1983-02-23,7.822
1983-02-24,7.807
1983-02-25,7.772
1983-02-26,7.739
1983-02-28,7.758
1983-03-01,7.793
1983-03-02,7.79
1983-03-03,7.791
1983-03-04,7.81
1983-03-05,7.818
1983-03-07,7.817
1983-03-08,7.841
1983-03-09,7.888
1983-03-10,7.896
1983-03-11,7.94
1983-03-12,7.957
1983-03-14,7.958
1983-03-15,7.936
1983-03-16,7.921
1983-03-17,7.913
1983-03-18,7.856
1983-03-22,7.809
1983-03-23,7.809
1983-03-24,7.803
1983-03-25,7.771
1983-03-26,7.776
1983-03-28,7.779
1983-03-29,7.786
1983-03-30,7.788
1983-03-31,7.79
1983-04-01,7.76
1983-04-02,7.744
1983-04-04,7.747
1983-04-05,7.756
1983-04-06,7.749
1983-04-07,7.732
1983-04-08,7.75
1983-04-09,7.744
1983-04-11,7.745
1983-04-12,7.747
1983-04-13,7.749
1983-04-14,7.765
1983-04-15,7.782
1983-04-18,7.787
1983-04-19,7.787
1983-04-20,7.788
1983-04-21,7.823
1983-04-22,7.817
1983-04-23,7.817
1983-04-25,7.803
1983-04-26,7.805
1983-04-27,7.807
1983-04-28,7.792
1983-04-30,7.792
1983-05-02,7.778
1983-05-04,7.755
1983-05-06,7.733
1983-05-07,7.698
1983-05-09,7.674
1983-05-10,7.668
1983-05-11,7.67
1983-05-12,7.687
1983-05-13,7.696
1983-05-14,7.715
1983-05-16,7.741
1983-05-17,7.751
1983-05-18,7.778
1983-05-19,7.831
1983-05-20,7.814
1983-05-23,7.837
1983-05-24,7.821
1983-05-25,7.794
1983-05-26,7.788
1983-05-27,7.822
1983-05-28,7.848
1983-05-30,7.884
1983-05-31,7.885
1983-06-01,7.927
1983-06-02,7.898
1983-06-03,7.898
1983-06-04,7.899
1983-06-06,7.912
1983-06-07,7.906
1983-06-08,7.932
1983-06-09,7.934
1983-06-10,7.916
1983-06-11,7.865
1983-06-13,7.837
1983-06-14,7.813
1983-06-15,7.84
1983-06-16,7.857
1983-06-17,7.823
1983-06-20,7.818
1983-06-21,7.795
1983-06-22,7.793
1983-06-23,7.802
1983-06-24,7.785
1983-06-25,7.769
1983-06-27,7.771
1983-06-28,7.798
1983-06-29,7.814
1983-06-30,7.809
1983-07-01,7.793
1983-07-02,7.802
1983-07-04,7.802
1983-07-05,7.82
1983-07-06,7.855
1983-07-07,7.838
1983-07-08,7.854
1983-07-09,7.874
1983-07-11,7.881
1983-07-12,7.883
1983-07-13,7.891
1983-07-14,7.892
1983-07-15,7.893
1983-07-18,7.884
1983-07-19,7.868
1983-07-20,7.87
1983-07-21,7.871
1983-07-22,7.887
1983-07-23,7.907
1983-07-25,7.907
1983-07-26,7.883
1983-07-27,7.885
1983-07-28,7.894
1983-07-29,7.911
1983-07-30,7.921
1983-08-01,7.939
1983-08-02,7.941
1983-08-03,7.924
1983-08-04,7.915
1983-08-05,7.924
1983-08-06,7.925
1983-08-08,7.925
1983-08-09,7.934
1983-08-10,7.935
1983-08-11,7.944
1983-08-12,7.945
1983-08-15,7.913
1983-08-16,7.904
1983-08-17,7.888
1983-08-18,7.881
1983-08-19,7.89
1983-08-20,7.873
1983-08-22,7.88
1983-08-23,7.856
1983-08-24,7.837
1983-08-25,7.834
1983-08-26,7.823
1983-08-27,7.824
1983-08-29,7.828
1983-08-30,7.821
1983-08-31,7.804
1983-09-01,7.802
1983-09-02,7.794
1983-09-03,7.775
1983-09-05,7.767
1983-09-06,7.751
1983-09-07,7.747
1983-09-08,7.722
1983-09-09,7.676
1983-09-12,7.634
1983-09-13,7.676
1983-09-14,7.685
1983-09-16,7.684
1983-09-17,7.677
1983-09-19,7.653
1983-09-20,7.651
1983-09-21,7.653
1983-09-22,7.653
1983-09-24,7.612
1983-09-26,7.585
1983-09-27,7.579
1983-09-28,7.604
1983-09-29,7.605
1983-09-30,7.587
1983-10-01,7.564
1983-10-03,7.511
1983-10-04,7.525
1983-10-05,7.489
1983-10-06,7.421
1983-10-07,7.404
1983-10-11,7.419
1983-10-12,7.452
1983-10-13,7.459
1983-10-14,7.512
1983-10-15,7.496
1983-10-17,7.479
1983-10-18,7.472
1983-10-19,7.487
1983-10-20,7.48
1983-10-21,7.462
1983-10-22,7.472
1983-10-24,7.488
1983-10-25,7.49
1983-10-26,7.492
1983-10-27,7.491
1983-10-28,7.492
1983-10-29,7.501
1983-10-31,7.502
1983-11-01,7.502
1983-11-02,7.475
1983-11-04,7.465
1983-11-05,7.466
1983-11-07,7.474
1983-11-08,7.475
1983-11-09,7.475
1983-11-10,7.458
1983-11-11,7.439
1983-11-14,7.431
1983-11-15,7.424
1983-11-16,7.415
1983-11-17,7.405
1983-11-18,7.371
1983-11-19,7.356
1983-11-21,7.354
1983-11-22,7.372
1983-11-24,7.399
1983-11-25,7.408
1983-11-26,7.37
1983-11-28,7.353
1983-11-29,7.337
1983-11-30,7.292
1983-12-01,7.274
1983-12-02,7.273
1983-12-03,7.273
1983-12-05,7.274
1983-12-06,7.266
1983-12-07,7.258
1983-12-08,7.216
1983-12-09,7.178
1983-12-12,7.209
1983-12-13,7.202
1983-12-14,7.219
1983-12-15,7.194
1983-12-16,7.194
1983-12-17,7.185
1983-12-19,7.185
1983-12-20,7.176
1983-12-21,7.168
1983-12-22,7.162
1983-12-23,7.154
1983-12-24,7.182
1983-12-26,7.183
1983-12-27,7.183
1983-12-28,7.168
1984-01-04,7.169
1984-01-05,7.196
1984-01-06,7.239
1984-01-07,7.223
1984-01-09,7.257
1984-01-10,7.284
1984-01-11,7.278
1984-01-12,7.242
1984-01-13,7.225
1984-01-17,7.19
1984-01-18,7.18
1984-01-19,7.135
1984-01-20,7.136
1984-01-21,7.153
1984-01-23,7.154
1984-01-24,7.162
1984-01-25,7.145
1984-01-26,7.146
1984-01-27,7.137
1984-01-28,7.127
1984-01-30,7.128
1984-01-31,7.138
1984-02-01,7.155
1984-02-02,7.163
1984-02-03,7.157
1984-02-04,7.147
1984-02-06,7.148
1984-02-07,7.139
1984-02-08,7.123
1984-02-09,7.096
1984-02-10,7.114
1984-02-13,7.115
1984-02-14,7.123
1984-02-15,7.113
1984-02-16,7.087
1984-02-17,7.043
1984-02-18,7.054
1984-02-20,7.08
1984-02-21,7.181
1984-02-22,7.152
1984-02-23,7.135
1984-02-24,7.162
1984-02-25,7.141
1984-02-27,7.142
1984-02-28,7.15
1984-02-29,7.145
1984-03-01,7.135
1984-03-02,7.115
1984-03-03,7.068
1984-03-05,7.003
1984-03-06,6.963
1984-03-07,6.89
1984-03-08,6.865
1984-03-09,6.884
1984-03-12,6.903
1984-03-13,6.893
1984-03-14,6.882
1984-03-15,6.765
1984-03-16,6.787
1984-03-17,6.798
1984-03-19,6.824
1984-03-21,6.863
1984-03-22,6.872
1984-03-23,6.9
1984-03-24,6.892
1984-03-26,6.854
1984-03-27,6.809
1984-03-28,6.809
1984-03-29,6.791
1984-03-30,6.801
1984-03-31,6.783
1984-04-02,6.766
1984-04-03,6.786
1984-04-04,6.841
1984-04-05,6.86
1984-04-06,6.897
1984-04-07,6.881
1984-04-09,6.881
1984-04-10,6.872
1984-04-11,6.809
1984-04-12,6.793
1984-04-13,6.794
1984-04-16,6.805
1984-04-17,6.824
1984-04-18,6.806
1984-04-19,6.826
1984-04-20,6.836
1984-04-21,6.817
1984-04-23,6.808
1984-04-24,6.818
1984-04-25,6.827
1984-04-26,6.856
1984-04-27,6.873
1984-04-28,6.902
1984-05-01,6.928
1984-05-02,6.947
1984-05-04,6.921
1984-05-07,6.992
1984-05-08,7.047
1984-05-09,7.037
1984-05-10,7.063
1984-05-11,7.063
1984-05-14,7.089
1984-05-15,7.108
1984-05-16,7.098
1984-05-17,7.124
1984-05-18,7.203
1984-05-19,7.176
1984-05-21,7.198
1984-05-22,7.189
1984-05-23,7.219
1984-05-24,7.22
1984-05-25,7.25
1984-05-26,7.333
1984-05-28,7.324
1984-05-29,7.323
1984-05-30,7.418
1984-05-31,7.427
1984-06-01,7.362
1984-06-02,7.291
1984-06-04,7.252
1984-06-05,7.19
1984-06-06,7.224
1984-06-07,7.213
1984-06-08,7.209
1984-06-11,7.192
1984-06-12,7.2
1984-06-13,7.225
1984-06-14,7.219
1984-06-15,7.218
1984-06-16,7.228
1984-06-18,7.229
1984-06-19,7.229
1984-06-20,7.241
1984-06-21,7.264
1984-06-22,7.281
1984-06-23,7.328
1984-06-25,7.368
1984-06-26,7.344
1984-06-27,7.324
1984-06-28,7.325
1984-06-29,7.305
1984-06-30,7.298
1984-07-02,7.312
1984-07-03,7.33
1984-07-04,7.312
1984-07-05,7.302
1984-07-06,7.32
1984-07-07,7.319
1984-07-09,7.327
1984-07-10,7.298
1984-07-11,7.297
1984-07-12,7.29
1984-07-13,7.28
1984-07-16,7.242
1984-07-17,7.251
1984-07-18,7.276
1984-07-19,7.285
1984-07-20,7.303
1984-07-21,7.329
1984-07-23,7.337
1984-07-24,7.336
1984-07-25,7.319
1984-07-26,7.273
1984-07-27,7.263
1984-07-28,7.272
1984-07-30,7.27
1984-07-31,7.26
1984-08-01,7.269
1984-08-02,7.251
1984-08-03,7.186
1984-08-04,7.105
1984-08-06,7.077
1984-08-07,7.121
1984-08-08,7.12
1984-08-09,7.102
1984-08-10,7.083
1984-08-13,7.09
1984-08-14,7.083
1984-08-15,7.044
1984-08-16,7.043
1984-08-17,7.026
1984-08-18,6.99
1984-08-20,6.984
1984-08-21,7.019
1984-08-22,7.009
1984-08-23,6.992
1984-08-24,6.983
1984-08-25,6.983
1984-08-27,6.991
1984-08-28,7.011
1984-08-29,7.007
1984-08-30,6.999
1984-08-31,7.009
1984-09-01,6.995
1984-09-03,6.958
1984-09-04,6.957
1984-09-05,6.968
1984-09-06,6.998
1984-09-07,6.981
1984-09-10,7
1984-09-11,6.985
1984-09-12,6.985
1984-09-13,6.976
1984-09-14,6.949
1984-09-17,6.951
1984-09-18,6.952
1984-09-19,6.933
1984-09-20,6.905
1984-09-21,6.847
1984-09-22,6.866
1984-09-25,6.903
1984-09-26,6.932
1984-09-27,6.913
1984-09-28,6.884
1984-09-29,6.884
1984-10-01,6.868
1984-10-02,6.859
1984-10-03,6.85
1984-10-04,6.824
1984-10-05,6.797
1984-10-06,6.806
1984-10-08,6.814
1984-10-09,6.824
1984-10-11,6.798
1984-10-12,6.778
1984-10-15,6.77
1984-10-16,6.774
1984-10-17,6.797
1984-10-18,6.778
1984-10-19,6.704
1984-10-20,6.628
1984-10-22,6.636
1984-10-23,6.599
1984-10-24,6.601
1984-10-25,6.704
1984-10-26,6.733
1984-10-27,6.723
1984-10-29,6.685
1984-10-30,6.694
1984-10-31,6.669
1984-11-01,6.631
1984-11-02,6.539
1984-11-05,6.531
1984-11-06,6.549
1984-11-07,6.53
1984-11-08,6.588
1984-11-09,6.56
1984-11-12,6.577
1984-11-13,6.542
1984-11-14,6.542
1984-11-15,6.588
1984-11-16,6.569
1984-11-17,6.56
1984-11-19,6.563
1984-11-20,6.542
1984-11-21,6.567
1984-11-22,6.546
1984-11-24,6.538
1984-11-26,6.51
1984-11-27,6.48
1984-11-28,6.48
1984-11-29,6.433
1984-11-30,6.432
1984-12-01,6.443
1984-12-03,6.425
1984-12-04,6.413
1984-12-05,6.402
1984-12-06,6.423
1984-12-07,6.425
1984-12-10,6.447
1984-12-11,6.463
1984-12-12,6.491
1984-12-13,6.443
1984-12-14,6.453
1984-12-15,6.452
1984-12-17,6.442
1984-12-18,6.434
1984-12-19,6.409
1984-12-20,6.41
1984-12-21,6.41
1984-12-22,6.41
1984-12-24,6.428
1984-12-25,6.427
1984-12-26,6.406
1984-12-27,6.398
1984-12-28,6.399
1985-01-04,6.426
1985-01-05,6.473
1985-01-07,6.501
1985-01-08,6.465
1985-01-09,6.464
1985-01-10,6.472
1985-01-11,6.471
1985-01-14,6.47
1985-01-16,6.471
1985-01-17,6.469
1985-01-18,6.469
1985-01-19,6.471
1985-01-21,6.443
1985-01-22,6.434
1985-01-23,6.433
1985-01-24,6.435
1985-01-25,6.418
1985-01-26,6.409
1985-01-28,6.399
1985-01-29,6.401
1985-01-30,6.4
1985-01-31,6.392
1985-02-01,6.392
1985-02-02,6.412
1985-02-04,6.441
1985-02-05,6.469
1985-02-06,6.468
1985-02-07,6.507
1985-02-08,6.584
1985-02-12,6.703
1985-02-13,6.683
1985-02-14,6.591
1985-02-15,6.498
1985-02-16,6.497
1985-02-18,6.498
1985-02-19,6.5
1985-02-20,6.561
1985-02-21,6.611
1985-02-22,6.663
1985-02-23,6.762
1985-02-25,6.711
1985-02-26,6.652
1985-02-27,6.63
1985-02-28,6.669
1985-03-01,6.668
1985-03-02,6.648
1985-03-04,6.618
1985-03-05,6.645
1985-03-06,6.665
1985-03-07,6.692
1985-03-08,6.664
1985-03-11,6.651
1985-03-12,6.638
1985-03-13,6.617
1985-03-14,6.615
1985-03-15,6.633
1985-03-16,6.631
1985-03-18,6.63
1985-03-19,6.639
1985-03-20,6.63
1985-03-22,6.577
1985-03-23,6.588
1985-03-25,6.586
1985-03-26,6.578
1985-03-27,6.548
1985-03-28,6.538
1985-03-29,6.528
1985-03-30,6.538
1985-04-01,6.549
1985-04-02,6.559
1985-04-03,6.549
1985-04-04,6.54
1985-04-05,6.55
1985-04-06,6.559
1985-04-08,6.559
1985-04-09,6.539
1985-04-10,6.547
1985-04-11,6.526
1985-04-12,6.507
1985-04-15,6.489
1985-04-16,6.488
1985-04-17,6.489
1985-04-18,6.498
1985-04-19,6.454
1985-04-20,6.462
1985-04-22,6.478
1985-04-23,6.48
1985-04-24,6.487
1985-04-25,6.497
1985-04-26,6.516
1985-04-27,6.506
1985-04-30,6.505
1985-05-01,6.495
1985-05-02,6.487
1985-05-04,6.476
1985-05-07,6.475
1985-05-08,6.467
1985-05-09,6.466
1985-05-10,6.456
1985-05-13,6.446
1985-05-14,6.436
1985-05-15,6.438
1985-05-16,6.437
1985-05-17,6.447
1985-05-18,6.446
1985-05-20,6.428
1985-05-21,6.418
1985-05-22,6.388
1985-05-23,6.387
1985-05-24,6.381
1985-05-25,6.363
1985-05-27,6.373
1985-05-28,6.383
1985-05-29,6.386
1985-05-30,6.386
1985-05-31,6.387
1985-06-01,6.378
1985-06-03,6.379
1985-06-04,6.355
1985-06-05,6.349
1985-06-06,6.348
1985-06-07,6.37
1985-06-10,6.383
1985-06-11,6.362
1985-06-12,6.36
1985-06-13,6.378
1985-06-14,6.359
1985-06-15,6.348
1985-06-17,6.348
1985-06-18,6.351
1985-06-19,6.34
1985-06-20,6.34
1985-06-21,6.314
1985-06-22,6.312
1985-06-24,6.293
1985-06-25,6.292
1985-06-26,6.283
1985-06-27,6.273
1985-06-28,6.274
1985-06-29,6.275
1985-07-01,6.266
1985-07-02,6.269
1985-07-03,6.268
1985-07-04,6.27
1985-07-05,6.271
1985-07-06,6.243
1985-07-08,6.236
1985-07-09,6.246
1985-07-10,6.229
1985-07-11,6.211
1985-07-12,6.222
1985-07-15,6.213
1985-07-16,6.223
1985-07-17,6.223
1985-07-18,6.223
1985-07-19,6.205
1985-07-20,6.195
1985-07-22,6.205
1985-07-23,6.198
1985-07-24,6.206
1985-07-25,6.225
1985-07-26,6.253
1985-07-27,6.292
1985-07-29,6.301
1985-07-30,6.347
1985-07-31,6.311
1985-08-01,6.264
1985-08-02,6.264
1985-08-03,6.274
1985-08-05,6.275
1985-08-06,6.265
1985-08-07,6.265
1985-08-08,6.246
1985-08-09,6.248
1985-08-12,6.228
1985-08-13,6.23
1985-08-14,6.229
1985-08-15,6.211
1985-08-16,6.201
1985-08-17,6.194
1985-08-19,6.184
1985-08-20,6.185
1985-08-21,6.151
1985-08-22,6.13
1985-08-23,6.13
1985-08-24,6.138
1985-08-26,6.149
1985-08-27,6.138
1985-08-28,6.129
1985-08-29,6.12
1985-08-30,6.139
1985-08-31,6.159
1985-09-02,6.169
1985-09-03,6.17
1985-09-04,6.17
1985-09-05,6.154
1985-09-06,6.172
1985-09-07,6.191
1985-09-09,6.181
1985-09-10,6.163
1985-09-11,6.162
1985-09-12,6.164
1985-09-13,6.126
1985-09-17,6.089
1985-09-18,6.1
1985-09-19,6.1
1985-09-20,6.073
1985-09-21,6.075
1985-09-24,5.981
1985-09-25,5.944
1985-09-26,6.006
1985-09-27,5.998
1985-09-28,5.98
1985-09-30,5.971
1985-10-01,5.934
1985-10-02,5.855
1985-10-03,5.9
1985-10-04,5.954
1985-10-05,6.002
1985-10-07,6.039
1985-10-08,5.982
1985-10-09,5.985
1985-10-11,6.002
1985-10-14,5.973
1985-10-15,5.945
1985-10-16,5.943
1985-10-17,5.933
1985-10-18,5.895
1985-10-19,5.878
1985-10-21,5.878
1985-10-22,5.906
1985-10-23,5.907
1985-10-24,5.926
1985-10-25,6.484
1985-10-26,6.596
1985-10-28,6.829
1985-10-29,6.784
1985-10-30,6.756
1985-10-31,6.756
1985-11-01,6.87
1985-11-02,6.823
1985-11-05,6.779
1985-11-06,6.733
1985-11-07,6.688
1985-11-08,6.733
1985-11-11,6.782
1985-11-12,6.781
1985-11-13,6.873
1985-11-14,6.985
1985-11-15,6.957
1985-11-16,6.865
1985-11-18,6.867
1985-11-19,6.824
1985-11-20,6.721
1985-11-21,6.501
1985-11-22,6.399
1985-11-25,6.366
1985-11-26,6.274
1985-11-27,6.319
1985-11-28,6.282
1985-11-29,6.273
1985-11-30,6.265
1985-12-02,6.267
1985-12-03,6.268
1985-12-04,6.262
1985-12-05,6.274
1985-12-06,6.282
1985-12-07,6.283
1985-12-09,6.286
1985-12-10,6.275
1985-12-11,6.192
1985-12-12,6.192
1985-12-13,6.202
1985-12-16,6.062
1985-12-17,6.06
1985-12-18,6.045
1985-12-19,6.073
1985-12-20,6.058
1985-12-21,6.058
1985-12-23,6.058
1985-12-24,5.998
1985-12-25,6.002
1985-12-26,5.974
1985-12-27,5.949
1985-12-28,5.93
1986-01-04,5.936
1986-01-06,5.966
1986-01-07,5.986
1986-01-08,5.938
1986-01-09,5.977
1986-01-10,6.083
1986-01-13,6.085
1986-01-14,6.049
1986-01-16,6.011
1986-01-17,6.022
1986-01-18,6.051
1986-01-20,6.116
1986-01-21,6.068
1986-01-22,6.07
1986-01-23,6.099
1986-01-24,6.083
1986-01-25,5.994
1986-01-27,6.013
1986-01-28,6.012
1986-01-29,5.966
1986-01-30,5.95
1986-01-31,5.912
1986-02-01,5.905
1986-02-03,5.838
1986-02-04,5.84
1986-02-05,5.849
1986-02-06,5.83
1986-02-07,5.841
1986-02-10,5.813
1986-02-12,5.756
1986-02-13,5.738
1986-02-14,5.711
1986-02-15,5.662
1986-02-17,5.617
1986-02-18,5.54
1986-02-19,5.513
1986-02-20,5.482
1986-02-21,5.433
1986-02-22,5.404
1986-02-24,5.404
1986-02-25,5.377
1986-02-26,5.328
1986-02-27,5.233
1986-02-28,5.237
1986-03-01,5.245
1986-03-03,5.245
1986-03-04,5.243
1986-03-05,5.244
1986-03-06,5.147
1986-03-07,5.148
1986-03-10,5.149
1986-03-11,5.051
1986-03-12,4.963
1986-03-13,4.961
1986-03-14,5.007
1986-03-15,4.961
1986-03-17,4.943
1986-03-18,4.959
1986-03-19,4.988
1986-03-20,4.963
1986-03-22,4.854
1986-03-24,4.806
1986-03-25,4.832
1986-03-26,4.831
1986-03-27,4.786
1986-03-28,4.788
1986-03-29,4.854
1986-03-31,4.809
1986-04-01,4.825
1986-04-02,4.832
1986-04-03,4.854
1986-04-04,4.993
1986-04-05,4.993
1986-04-07,5.044
1986-04-08,5.067
1986-04-09,5.115
1986-04-10,5.115
1986-04-11,5.069
1986-04-14,5.044
1986-04-15,5.042
1986-04-16,5.018
1986-04-17,4.974
1986-04-18,4.919
1986-04-19,4.917
1986-04-21,4.871
1986-04-22,4.873
1986-04-23,4.903
1986-04-24,4.901
1986-04-25,4.902
1986-04-26,4.903
1986-04-28,4.934
1986-04-30,4.933
1986-05-01,5.03
1986-05-02,5.057
1986-05-06,5.067
1986-05-07,5.076
1986-05-08,5.085
1986-05-09,5.086
1986-05-12,5.095
1986-05-13,5.153
1986-05-14,5.152
1986-05-15,5.161
1986-05-16,5.209
1986-05-17,5.21
1986-05-19,5.21
1986-05-20,5.203
1986-05-21,5.339
1986-05-22,5.333
1986-05-23,5.335
1986-05-24,5.328
1986-05-26,5.329
1986-05-27,5.366
1986-05-28,5.377
1986-05-29,5.423
1986-05-30,5.451
1986-05-31,5.411
1986-06-02,5.471
1986-06-03,5.502
1986-06-04,5.456
1986-06-05,5.453
1986-06-06,5.439
1986-06-07,5.37
1986-06-09,5.389
1986-06-10,5.392
1986-06-11,5.391
1986-06-12,5.411
1986-06-13,5.393
1986-06-16,5.392
1986-06-17,5.417
1986-06-18,5.429
1986-06-19,5.428
1986-06-20,5.45
1986-06-21,5.461
1986-06-23,5.471
1986-06-24,5.433
1986-06-25,5.406
1986-06-26,5.387
1986-06-27,5.356
1986-06-28,5.293
1986-06-30,5.282
1986-07-01,5.281
1986-07-02,5.308
1986-07-03,5.269
1986-07-04,5.25
1986-07-05,5.224
1986-07-07,5.224
1986-07-08,5.255
1986-07-09,5.271
1986-07-10,5.242
1986-07-11,5.25
1986-07-14,5.261
1986-07-15,5.252
1986-07-16,5.262
1986-07-17,5.263
1986-07-18,5.244
1986-07-19,5.226
1986-07-21,5.226
1986-07-22,5.235
1986-07-23,5.234
1986-07-24,5.225
1986-07-25,5.226
1986-07-26,5.225
1986-07-28,5.225
1986-07-29,5.227
1986-07-30,5.226
1986-07-31,5.207
1986-08-01,5.188
1986-08-02,5.17
1986-08-04,5.159
1986-08-05,5.16
1986-08-06,5.178
1986-08-07,5.169
1986-08-08,5.17
1986-08-11,5.16
1986-08-12,5.143
1986-08-13,5.114
1986-08-14,5.104
1986-08-15,5.073
1986-08-18,5.055
1986-08-19,5.035
1986-08-20,5.028
1986-08-21,5.002
1986-08-22,4.956
1986-08-23,4.925
1986-08-25,4.927
1986-08-26,4.926
1986-08-27,4.928
1986-08-28,4.927
1986-08-29,4.918
1986-08-30,4.89
1986-09-01,4.881
1986-09-02,4.891
1986-09-03,4.94
1986-09-04,4.939
1986-09-05,4.92
1986-09-06,4.988
1986-09-08,4.988
1986-09-09,4.987
1986-09-10,4.967
1986-09-11,4.967
1986-09-12,5.035
1986-09-16,5.082
1986-09-17,5.044
1986-09-18,5.044
1986-09-19,5.023
1986-09-22,5.041
1986-09-24,5.042
1986-09-25,5.042
1986-09-26,5.045
1986-09-27,5.035
1986-09-29,5.026
1986-09-30,5.027
1986-10-01,4.981
1986-10-02,4.951
1986-10-03,4.924
1986-10-04,4.895
1986-10-06,4.866
1986-10-07,4.866
1986-10-08,4.865
1986-10-09,4.866
1986-10-13,4.886
1986-10-14,4.887
1986-10-15,4.885
1986-10-16,4.886
1986-10-17,4.914
1986-10-20,4.963
1986-10-21,4.964
1986-10-22,5.022
1986-10-23,4.956
1986-10-24,4.938
1986-10-25,4.936
1986-10-27,4.938
1986-10-28,4.928
1986-10-29,4.897
1986-10-30,4.754
1986-10-31,4.802
1986-11-01,4.781
1986-11-04,4.77
1986-11-05,4.75
1986-11-06,4.751
1986-11-07,4.751
1986-11-10,4.751
1986-11-11,4.76
1986-11-12,4.761
1986-11-13,4.76
1986-11-14,4.76
1986-11-17,4.761
1986-11-18,4.74
1986-11-19,4.733
1986-11-20,4.74
1986-11-21,4.732
1986-11-22,4.725
1986-11-25,4.726
1986-11-26,4.724
1986-11-27,4.73
1986-11-28,4.732
1986-11-29,4.73
1986-12-01,4.712
1986-12-02,4.711
1986-12-03,4.692
1986-12-04,4.672
1986-12-05,4.651
1986-12-06,4.662
1986-12-08,4.661
1986-12-09,4.681
1986-12-10,4.691
1986-12-11,4.691
1986-12-12,4.69
1986-12-15,4.701
1986-12-16,4.683
1986-12-17,4.67
1986-12-18,4.669
1986-12-19,4.67
1986-12-22,4.676
1986-12-23,4.675
1986-12-24,4.655
1986-12-25,4.63
1986-12-26,4.631
1986-12-27,4.631
1987-01-05,4.633
1987-01-06,4.624
1987-01-07,4.599
1987-01-08,4.589
1987-01-09,4.59
1987-01-12,4.59
1987-01-13,4.59
1987-01-14,4.591
1987-01-16,4.581
1987-01-19,4.558
1987-01-20,4.525
1987-01-21,4.513
1987-01-22,4.475
1987-01-23,4.437
1987-01-24,4.408
1987-01-26,4.388
1987-01-27,4.356
1987-01-28,4.337
1987-01-29,4.318
1987-01-30,4.318
1987-01-31,4.32
1987-02-02,4.323
1987-02-03,4.322
1987-02-04,4.285
1987-02-05,4.256
1987-02-06,4.227
1987-02-07,4.228
1987-02-09,4.209
1987-02-10,4.182
1987-02-12,4.173
1987-02-13,4.174
1987-02-16,4.187
1987-02-17,4.188
1987-02-18,4.188
1987-02-19,4.171
1987-02-20,4.129
1987-02-23,4.11
1987-02-24,4.08
1987-02-25,4.052
1987-02-26,4.052
1987-02-27,4.031
1987-02-28,3.983
1987-03-02,3.954
1987-03-03,3.953
1987-03-04,3.934
1987-03-05,3.915
1987-03-06,3.896
1987-03-07,3.896
1987-03-09,3.887
1987-03-10,3.888
1987-03-11,3.837
1987-03-12,3.809
1987-03-13,3.8
1987-03-16,3.75
1987-03-17,3.751
1987-03-18,3.751
1987-03-19,3.752
1987-03-20,3.751
1987-03-23,3.721
1987-03-24,3.752
1987-03-25,3.753
1987-03-26,3.774
1987-03-27,3.741
1987-03-28,3.711
1987-03-30,3.71
1987-03-31,3.71
1987-04-01,3.701
1987-04-02,3.667
1987-04-03,3.668
1987-04-04,3.655
1987-04-06,3.656
1987-04-07,3.646
1987-04-08,3.623
1987-04-09,3.624
1987-04-10,3.623
1987-04-13,3.624
1987-04-14,3.645
1987-04-15,3.647
1987-04-16,3.648
1987-04-17,3.658
1987-04-20,3.682
1987-04-21,3.682
1987-04-22,3.682
1987-04-23,3.683
1987-04-24,3.664
1987-04-25,3.606
1987-04-27,3.626
1987-04-28,3.626
1987-04-30,3.628
1987-05-01,3.597
1987-05-02,3.528
1987-05-06,3.477
1987-05-07,3.458
1987-05-08,3.355
1987-05-11,3.354
1987-05-12,3.303
1987-05-13,3.303
1987-05-14,3.313
1987-05-15,3.414
1987-05-18,3.465
1987-05-19,3.496
1987-05-20,3.477
1987-05-21,3.477
1987-05-22,3.475
1987-05-23,3.476
1987-05-25,3.476
1987-05-26,3.477
1987-05-27,3.455
1987-05-28,3.446
1987-05-29,3.456
1987-05-30,3.507
1987-06-01,3.527
1987-06-02,3.527
1987-06-03,3.526
1987-06-04,3.537
1987-06-05,3.579
1987-06-06,3.548
1987-06-08,3.519
1987-06-09,3.517
1987-06-10,3.488
1987-06-11,3.488
1987-06-12,3.467
1987-06-15,3.487
1987-06-16,3.517
1987-06-17,3.569
1987-06-18,3.568
1987-06-19,3.66
1987-06-22,3.809
1987-06-23,3.818
1987-06-24,3.84
1987-06-25,3.841
1987-06-26,3.96
1987-06-27,3.962
1987-06-29,3.983
1987-06-30,3.984
1987-07-01,3.955
1987-07-02,3.985
1987-07-03,4.077
1987-07-04,4.246
1987-07-06,4.346
1987-07-07,4.346
1987-07-08,4.421
1987-07-09,4.404
1987-07-10,4.416
1987-07-13,4.368
1987-07-14,4.338
1987-07-15,4.339
1987-07-16,4.34
1987-07-17,4.389
1987-07-20,4.461
1987-07-21,4.461
1987-07-22,4.48
1987-07-23,4.491
1987-07-24,4.46
1987-07-25,4.43
1987-07-27,4.449
1987-07-28,4.409
1987-07-29,4.409
1987-07-30,4.412
1987-07-31,4.424
1987-08-01,4.444
1987-08-03,4.461
1987-08-04,4.501
1987-08-05,4.484
1987-08-06,4.481
1987-08-07,4.462
1987-08-10,4.466
1987-08-11,4.516
1987-08-12,4.516
1987-08-13,4.518
1987-08-14,4.519
1987-08-17,4.523
1987-08-18,4.513
1987-08-19,4.486
1987-08-20,4.459
1987-08-21,4.423
1987-08-22,4.377
1987-08-24,4.368
1987-08-25,4.399
1987-08-26,4.352
1987-08-27,4.335
1987-08-28,4.356
1987-08-29,4.376
1987-08-31,4.416
1987-09-01,4.418
1987-09-02,4.408
1987-09-03,4.454
1987-09-04,4.455
1987-09-05,4.516
1987-09-07,4.57
1987-09-08,4.571
1987-09-09,4.564
1987-09-10,4.565
1987-09-11,4.588
1987-09-14,4.587
1987-09-16,4.621
1987-09-17,4.622
1987-09-18,4.643
1987-09-21,4.726
1987-09-22,4.822
1987-09-24,4.892
1987-09-25,4.992
1987-09-26,5.09
1987-09-28,5.183
1987-09-29,5.457
1987-09-30,5.459
1987-10-01,5.484
1987-10-02,5.482
1987-10-03,5.541
1987-10-05,5.645
1987-10-06,5.642
1987-10-07,5.638
1987-10-08,5.642
1987-10-09,5.691
1987-10-12,5.716
1987-10-13,5.721
1987-10-14,5.724
1987-10-15,5.754
1987-10-16,5.716
1987-10-19,5.685
1987-10-20,5.625
1987-10-21,5.532
1987-10-22,5.554
1987-10-23,5.531
1987-10-24,5.354
1987-10-26,5.259
1987-10-27,5.261
1987-10-28,5.178
1987-10-29,5.064
1987-10-30,4.939
1987-10-31,4.891
1987-11-02,4.853
1987-11-04,4.837
1987-11-05,4.76
1987-11-06,4.585
1987-11-07,4.434
1987-11-09,4.436
1987-11-10,4.447
1987-11-11,4.45
1987-11-12,4.479
1987-11-13,4.531
1987-11-16,4.576
1987-11-17,4.578
1987-11-18,4.529
1987-11-19,4.512
1987-11-20,4.507
1987-11-24,4.463
1987-11-25,4.414
1987-11-26,4.446
1987-11-27,4.436
1987-11-28,4.431
1987-11-30,4.435
1987-12-01,4.435
1987-12-02,4.43
1987-12-03,4.432
1987-12-04,4.432
1987-12-05,4.434
1987-12-07,4.452
1987-12-08,4.433
1987-12-09,4.425
1987-12-10,4.427
1987-12-11,4.434
1987-12-14,4.44
1987-12-15,4.447
1987-12-16,4.394
1987-12-17,4.367
1987-12-18,4.32
1987-12-21,4.285
1987-12-22,4.3
1987-12-23,4.295
1987-12-24,4.296
1987-12-25,4.298
1987-12-26,4.299
1987-12-28,4.282
1988-01-04,4.264
1988-01-05,4.264
1988-01-06,4.266
1988-01-07,4.268
1988-01-08,4.268
1988-01-11,4.265
1988-01-12,4.257
1988-01-13,4.259
1988-01-14,4.219
1988-01-18,4.218
1988-01-19,4.22
1988-01-20,4.23
1988-01-21,4.241
1988-01-22,4.243
1988-01-23,4.236
1988-01-25,4.238
1988-01-26,4.24
1988-01-27,4.24
1988-01-28,4.222
1988-01-29,4.187
1988-01-30,4.157
1988-02-01,4.154
1988-02-02,4.154
1988-02-03,4.136
1988-02-04,4.138
1988-02-05,4.16
1988-02-06,4.162
1988-02-08,4.164
1988-02-09,4.166
1988-02-10,4.153
1988-02-12,4.155
1988-02-15,4.181
1988-02-16,4.173
1988-02-17,4.175
1988-02-18,4.156
1988-02-19,4.158
1988-02-22,4.155
1988-02-23,4.158
1988-02-24,4.158
1988-02-25,4.16
1988-02-26,4.141
1988-02-27,4.106
1988-02-29,4.108
1988-03-01,4.109
1988-03-02,4.103
1988-03-03,4.106
1988-03-04,4.076
1988-03-05,4.078
1988-03-07,4.07
1988-03-08,4.073
1988-03-09,4.074
1988-03-10,4.051
1988-03-11,4.042
1988-03-14,4.046
1988-03-15,4.038
1988-03-16,4
1988-03-17,4.001
1988-03-18,3.973
1988-03-22,3.979
1988-03-23,3.95
1988-03-24,3.936
1988-03-25,3.937
1988-03-26,3.938
1988-03-28,3.942
1988-03-29,3.934
1988-03-30,3.935
1988-03-31,3.937
1988-04-01,3.917
1988-04-02,3.913
1988-04-04,3.896
1988-04-05,3.897
1988-04-06,3.792
1988-04-07,3.842
1988-04-08,3.824
1988-04-11,3.828
1988-04-12,3.834
1988-04-13,3.845
1988-04-14,3.837
1988-04-15,3.827
1988-04-18,3.834
1988-04-19,3.835
1988-04-20,3.828
1988-04-21,3.831
1988-04-22,3.822
1988-04-23,3.808
1988-04-25,3.8
1988-04-26,3.802
1988-04-27,3.794
1988-04-28,3.787
1988-04-30,3.799
1988-05-02,3.813
1988-05-06,3.84
1988-05-07,3.866
1988-05-09,3.868
1988-05-10,3.88
1988-05-11,3.924
1988-05-12,3.927
1988-05-13,3.906
1988-05-16,3.941
1988-05-17,3.964
1988-05-18,3.996
1988-05-19,4.047
1988-05-20,4.068
1988-05-23,4.121
1988-05-24,4.145
1988-05-25,4.135
1988-05-26,4.147
1988-05-27,4.158
1988-05-28,4.149
1988-05-30,4.148
1988-05-31,4.148
1988-06-01,4.14
1988-06-02,4.114
1988-06-03,4.106
1988-06-04,4.088
1988-06-06,4.085
1988-06-07,4.087
1988-06-08,4.099
1988-06-09,4.109
1988-06-10,4.114
1988-06-13,4.129
1988-06-14,4.139
1988-06-15,4.16
1988-06-16,4.182
1988-06-17,4.196
1988-06-20,4.229
1988-06-21,4.211
1988-06-22,4.252
1988-06-23,4.277
1988-06-24,4.279
1988-06-25,4.33
1988-06-27,4.4
1988-06-28,4.366
1988-06-29,4.406
1988-06-30,4.387
1988-07-01,4.458
1988-07-02,4.532
1988-07-04,4.624
1988-07-05,4.585
1988-07-06,4.578
1988-07-07,4.53
1988-07-08,4.572
1988-07-11,4.585
1988-07-12,4.58
1988-07-13,4.57
1988-07-14,4.543
1988-07-15,4.545
1988-07-18,4.562
1988-07-19,4.484
1988-07-20,4.457
1988-07-21,4.496
1988-07-22,4.459
1988-07-23,4.413
1988-07-25,4.415
1988-07-26,4.425
1988-07-27,4.417
1988-07-28,4.369
1988-07-29,4.364
1988-07-30,4.345
1988-08-01,4.338
1988-08-02,4.342
1988-08-03,4.352
1988-08-04,4.334
1988-08-05,4.334
1988-08-06,4.347
1988-08-08,4.34
1988-08-09,4.312
1988-08-10,4.509
1988-08-11,4.507
1988-08-12,4.498
1988-08-15,4.473
1988-08-16,4.474
1988-08-17,4.449
1988-08-18,4.44
1988-08-19,4.44
1988-08-22,4.445
1988-08-23,4.495
1988-08-24,4.489
1988-08-25,4.491
1988-08-26,4.54
1988-08-27,4.542
1988-08-29,4.566
1988-08-30,4.596
1988-08-31,4.597
1988-09-01,4.696
1988-09-02,4.692
1988-09-03,4.587
1988-09-05,4.593
1988-09-06,4.596
1988-09-07,4.537
1988-09-08,4.539
1988-09-09,4.533
1988-09-12,4.536
1988-09-13,4.538
1988-09-14,4.54
1988-09-16,4.488
1988-09-19,4.492
1988-09-20,4.522
1988-09-21,4.464
1988-09-22,4.459
1988-09-24,4.462
1988-09-26,4.464
1988-09-27,4.449
1988-09-28,4.44
1988-09-29,4.431
1988-09-30,4.403
1988-10-01,4.366
1988-10-03,4.349
1988-10-04,4.311
1988-10-05,4.307
1988-10-06,4.319
1988-10-07,4.281
1988-10-11,4.137
1988-10-12,4.102
1988-10-13,4.104
1988-10-14,4.125
1988-10-17,4.129
1988-10-18,4.152
1988-10-19,4.135
1988-10-20,4.135
1988-10-21,4.137
1988-10-22,4.139
1988-10-24,4.144
1988-10-25,4.136
1988-10-26,4.136
1988-10-27,4.138
1988-10-28,4.133
1988-10-29,4.123
1988-10-31,4.128
1988-11-01,4.121
1988-11-02,4.123
1988-11-04,4.116
1988-11-05,4.117
1988-11-07,4.122
1988-11-08,4.102
1988-11-09,4.074
1988-11-10,4.05
1988-11-11,4.032
1988-11-14,4.016
1988-11-15,4.018
1988-11-16,4.031
1988-11-17,4.043
1988-11-18,4.036
1988-11-21,4.019
1988-11-22,3.994
1988-11-24,3.996
1988-11-25,4.008
1988-11-26,4.031
1988-11-28,4.023
1988-11-29,3.995
1988-11-30,3.966
1988-12-01,3.958
1988-12-02,3.956
1988-12-03,3.956
1988-12-05,3.96
1988-12-06,3.937
1988-12-07,3.947
1988-12-08,3.949
1988-12-09,3.941
1988-12-12,3.931
1988-12-13,3.944
1988-12-14,3.944
1988-12-15,3.956
1988-12-16,4.007
1988-12-19,3.998
1988-12-20,4
1988-12-21,4.002
1988-12-22,4.002
1988-12-23,3.995
1988-12-24,3.998
1988-12-26,4
1988-12-27,4.002
1988-12-28,3.991
1989-01-04,4.001
1989-01-05,4.021
1989-01-06,4.046
1989-01-09,4.03
1989-01-10,4.015
1989-01-11,4.025
1989-01-12,4.027
1989-01-13,4.029
1989-01-17,4.045
1989-01-18,4.047
1989-01-19,4.078
1989-01-20,4.06
1989-01-23,4.064
1989-01-24,4.037
1989-01-25,4.039
1989-01-26,4.039
1989-01-27,4.041
1989-01-28,4.038
1989-01-30,4.061
1989-01-31,4.132
1989-02-01,4.155
1989-02-02,4.178
1989-02-03,4.207
1989-02-06,4.234
1989-02-07,4.236
1989-02-08,4.238
1989-02-09,4.268
1989-02-10,4.261
1989-02-13,4.295
1989-02-14,4.306
1989-02-15,4.328
1989-02-16,4.339
1989-02-17,4.36
1989-02-20,4.425
1989-02-21,4.475
1989-02-22,4.513
1989-02-23,4.563
1989-02-27,4.652
1989-02-28,4.651
1989-03-01,4.647
1989-03-02,4.657
1989-03-03,4.693
1989-03-06,4.71
1989-03-07,4.73
1989-03-08,4.712
1989-03-09,4.713
1989-03-10,4.696
1989-03-13,4.728
1989-03-14,4.778
1989-03-15,4.759
1989-03-16,4.784
1989-03-17,4.741
1989-03-20,4.793
1989-03-22,4.761
1989-03-23,4.745
1989-03-24,4.745
1989-03-27,4.763
1989-03-28,4.764
1989-03-29,4.764
1989-03-30,4.747
1989-03-31,4.74
1989-04-03,4.742
1989-04-04,4.745
1989-04-05,4.744
1989-04-06,4.762
1989-04-07,4.763
1989-04-10,4.766
1989-04-11,4.763
1989-04-12,4.762
1989-04-13,4.765
1989-04-14,4.762
1989-04-17,4.766
1989-04-18,4.766
1989-04-19,4.757
1989-04-20,4.757
1989-04-21,4.779
1989-04-24,4.781
1989-04-25,4.781
1989-04-26,4.778
1989-04-27,4.779
1989-04-28,4.78
1989-05-01,4.783
1989-05-02,4.777
1989-05-08,4.783
1989-05-09,4.783
1989-05-10,4.786
1989-05-11,4.783
1989-05-12,4.785
1989-05-15,4.788
1989-05-16,4.791
1989-05-17,4.786
1989-05-18,4.806
1989-05-19,4.817
1989-05-22,4.814
1989-05-23,4.855
1989-05-24,4.875
1989-05-25,4.886
1989-05-26,4.888
1989-05-29,4.969
1989-05-30,5.017
1989-05-31,5.039
1989-06-01,5.035
1989-06-02,5.035
1989-06-05,5.037
1989-06-06,5.03
1989-06-07,5.03
1989-06-08,5.022
1989-06-09,5.024
1989-06-12,5.033
1989-06-13,5.063
1989-06-14,5.083
1989-06-15,5.131
1989-06-16,5.144
1989-06-19,5.216
1989-06-20,5.216
1989-06-21,5.216
1989-06-22,5.188
1989-06-23,5.169
1989-06-26,5.166
1989-06-27,5.167
1989-06-28,5.184
1989-06-29,5.185
1989-06-30,5.198
1989-07-03,5.192
1989-07-04,5.183
1989-07-05,5.175
1989-07-06,5.117
1989-07-07,5.108
1989-07-10,5.101
1989-07-11,5.098
1989-07-12,5.107
1989-07-13,5.109
1989-07-14,5.1
1989-07-17,5.107
1989-07-18,5.098
1989-07-19,5.079
1989-07-20,5.081
1989-07-21,5.054
1989-07-24,5.039
1989-07-25,5.03
1989-07-26,5.01
1989-07-27,4.981
1989-07-28,4.972
1989-07-31,4.946
1989-08-01,4.922
1989-08-02,4.913
1989-08-03,4.915
1989-08-04,4.925
1989-08-07,4.93
1989-08-08,4.921
1989-08-09,4.922
1989-08-10,4.923
1989-08-11,4.929
1989-08-14,4.951
1989-08-15,4.953
1989-08-16,4.953
1989-08-17,4.949
1989-08-18,4.969
1989-08-21,4.97
1989-08-22,4.967
1989-08-23,4.977
1989-08-24,4.977
1989-08-25,4.979
1989-08-28,4.975
1989-08-29,4.986
1989-08-30,4.986
1989-08-31,4.997
1989-09-01,5.018
1989-09-04,5.03
1989-09-05,5.06
1989-09-06,5.108
1989-09-07,5.128
1989-09-08,5.173
1989-09-11,5.253
1989-09-12,5.256
1989-09-13,5.254
1989-09-14,5.252
1989-09-18,5.305
1989-09-19,5.276
1989-09-20,5.267
1989-09-21,5.263
1989-09-22,5.236
1989-09-25,5.161
1989-09-26,5.157
1989-09-27,5.157
1989-09-28,5.16
1989-09-29,5.156
1989-10-02,5.158
1989-10-03,5.188
1989-10-04,5.208
1989-10-05,5.207
1989-10-06,5.245
1989-10-09,5.229
1989-10-11,5.322
1989-10-12,5.388
1989-10-13,5.42
1989-10-16,5.357
1989-10-17,5.371
1989-10-18,5.37
1989-10-19,5.398
1989-10-20,5.391
1989-10-23,5.403
1989-10-24,5.43
1989-10-25,5.43
1989-10-26,5.458
1989-10-27,5.506
1989-10-30,5.537
1989-10-31,5.571
1989-11-01,5.621
1989-11-02,5.649
1989-11-06,5.742
1989-11-07,5.768
1989-11-08,5.771
1989-11-09,5.771
1989-11-10,5.765
1989-11-13,5.766
1989-11-14,5.767
1989-11-15,5.746
1989-11-16,5.728
1989-11-17,5.728
1989-11-20,5.743
1989-11-21,5.763
1989-11-22,5.781
1989-11-24,5.784
1989-11-27,5.78
1989-11-28,5.798
1989-11-29,5.818
1989-11-30,5.819
1989-12-01,5.814
1989-12-04,5.816
1989-12-05,5.816
1989-12-06,5.812
1989-12-07,5.815
1989-12-08,5.815
1989-12-11,5.781
1989-12-12,5.781
1989-12-13,5.774
1989-12-14,5.751
1989-12-15,5.754
1989-12-18,5.761
1989-12-19,5.769
1989-12-20,5.815
1989-12-21,5.863
1989-12-22,5.848
1989-12-25,5.863
1989-12-26,5.863
1989-12-27,5.856
1989-12-28,5.856
1989-12-29,5.856
1990-01-04,5.925
1990-01-05,5.946
1990-01-08,5.982
1990-01-09,6.168
1990-01-10,6.232
1990-01-11,6.232
1990-01-12,6.304
1990-01-16,6.443
1990-01-17,6.423
1990-01-18,6.486
1990-01-19,6.476
1990-01-22,6.475
1990-01-23,6.448
1990-01-24,6.476
1990-01-25,6.402
1990-01-26,6.381
1990-01-29,6.383
1990-01-30,6.409
1990-01-31,6.455
1990-02-01,6.419
1990-02-02,6.429
1990-02-05,6.458
1990-02-06,6.458
1990-02-07,6.467
1990-02-08,6.492
1990-02-09,6.473
1990-02-13,6.475
1990-02-14,6.511
1990-02-15,6.532
1990-02-16,6.559
1990-02-19,6.585
1990-02-20,6.621
1990-02-21,6.622
1990-02-22,6.596
1990-02-23,6.62
1990-02-26,6.619
1990-02-27,6.637
1990-02-28,6.676
1990-03-01,6.72
1990-03-02,6.8
1990-03-05,6.826
1990-03-06,6.826
1990-03-07,6.842
1990-03-08,6.869
1990-03-09,6.896
1990-03-12,6.914
1990-03-13,6.961
1990-03-14,6.979
1990-03-15,6.97
1990-03-16,6.97
1990-03-19,6.996
1990-03-20,7.026
1990-03-22,7.025
1990-03-23,6.997
1990-03-26,6.978
1990-03-27,7.01
1990-03-28,7.065
1990-03-29,7.011
1990-03-30,7.075
1990-04-02,7.093
1990-04-03,7.096
1990-04-04,7.104
1990-04-05,7.096
1990-04-06,7.087
1990-04-09,7.04
1990-04-10,7.013
1990-04-11,7.012
1990-04-12,6.985
1990-04-13,6.994
1990-04-16,7.004
1990-04-17,7.004
1990-04-18,6.995
1990-04-19,6.976
1990-04-20,6.976
1990-04-23,6.976
1990-04-24,6.978
1990-04-25,6.968
1990-04-26,6.942
1990-04-27,6.942
1990-05-01,6.942
1990-05-02,6.933
1990-05-07,6.888
1990-05-08,6.871
1990-05-09,6.853
1990-05-10,6.843
1990-05-11,6.756
1990-05-14,6.692
1990-05-15,6.648
1990-05-16,6.647
1990-05-17,6.648
1990-05-18,6.629
1990-05-21,6.647
1990-05-22,6.603
1990-05-23,6.565
1990-05-24,6.549
1990-05-25,6.457
1990-05-28,6.458
1990-05-29,6.476
1990-05-30,6.458
1990-05-31,6.458
1990-06-01,6.465
1990-06-04,6.467
1990-06-05,6.474
1990-06-06,6.477
1990-06-07,6.484
1990-06-08,6.486
1990-06-11,6.501
1990-06-12,6.501
1990-06-13,6.51
1990-06-14,6.52
1990-06-15,6.538
1990-06-18,6.538
1990-06-19,6.564
1990-06-20,6.592
1990-06-21,6.604
1990-06-22,6.64
1990-06-25,6.703
1990-06-26,6.705
1990-06-27,6.696
1990-06-28,6.732
1990-06-29,6.784
1990-07-02,6.801
1990-07-03,6.81
1990-07-04,6.8
1990-07-05,6.8
1990-07-06,6.778
1990-07-09,6.785
1990-07-10,6.805
1990-07-11,6.784
1990-07-12,6.803
1990-07-13,6.784
1990-07-16,6.784
1990-07-17,6.792
1990-07-18,6.799
1990-07-19,6.825
1990-07-20,6.879
1990-07-23,6.968
1990-07-24,6.995
1990-07-25,6.996
1990-07-26,7.013
1990-07-27,7.113
1990-07-30,7.167
1990-07-31,7.247
1990-08-01,7.223
1990-08-02,7.249
1990-08-03,7.319
1990-08-06,7.45
1990-08-07,7.537
1990-08-08,7.476
1990-08-09,7.501
1990-08-10,7.504
1990-08-13,7.519
1990-08-14,7.511
1990-08-15,7.477
1990-08-16,7.503
1990-08-17,7.539
1990-08-20,7.536
1990-08-21,7.552
1990-08-22,7.604
1990-08-23,7.772
1990-08-24,7.902
1990-08-27,7.902
1990-08-28,7.902
1990-08-29,7.987
1990-08-30,7.97
1990-08-31,7.922
1990-09-03,7.921
1990-09-04,7.903
1990-09-05,7.901
1990-09-06,7.962
1990-09-07,8.021
1990-09-10,8.046
1990-09-11,8.178
1990-09-12,8.174
1990-09-13,8.2
1990-09-14,8.22
1990-09-17,8.293
1990-09-18,8.292
1990-09-19,8.27
1990-09-20,8.242
1990-09-21,8.241
1990-09-25,8.258
1990-09-26,8.257
1990-09-27,8.256
1990-09-28,8.249
1990-10-01,8.201
1990-10-02,8.109
1990-10-03,8.08
1990-10-04,8.046
1990-10-05,7.97
1990-10-08,7.885
1990-10-09,7.83
1990-10-11,7.81
1990-10-12,7.76
1990-10-15,7.715
1990-10-16,7.665
1990-10-17,7.564
1990-10-18,7.519
1990-10-19,7.483
1990-10-22,7.458
1990-10-23,7.405
1990-10-24,7.42
1990-10-25,7.392
1990-10-26,7.434
1990-10-29,7.352
1990-10-30,7.343
1990-10-31,7.334
1990-11-01,7.333
1990-11-02,7.308
1990-11-05,7.263
1990-11-06,7.262
1990-11-07,7.275
1990-11-08,7.319
1990-11-09,7.372
1990-11-13,7.362
1990-11-14,7.362
1990-11-15,7.364
1990-11-16,7.337
1990-11-19,7.293
1990-11-20,7.302
1990-11-21,7.28
1990-11-22,7.229
1990-11-26,7.141
1990-11-27,7.168
1990-11-28,7.159
1990-11-29,7.158
1990-11-30,7.14
1990-12-03,7.086
1990-12-04,7.096
1990-12-05,7.032
1990-12-06,7.076
1990-12-07,7.042
1990-12-10,6.986
1990-12-11,6.945
1990-12-12,6.918
1990-12-13,6.863
1990-12-14,6.84
1990-12-17,6.808
1990-12-18,6.772
1990-12-19,6.728
1990-12-20,6.736
1990-12-21,6.766
1990-12-25,6.79
1990-12-26,6.805
1990-12-27,6.813
1990-12-28,6.83
1991-01-04,6.74
1991-01-07,6.766
1991-01-08,6.791
1991-01-09,6.791
1991-01-10,6.784
1991-01-11,6.747
1991-01-14,6.774
1991-01-16,6.816
1991-01-17,6.757
1991-01-18,6.757
1991-01-21,6.774
1991-01-22,6.775
1991-01-23,6.755
1991-01-24,6.738
1991-01-25,6.701
1991-01-28,6.676
1991-01-29,6.639
1991-01-30,6.622
1991-01-31,6.622
1991-02-01,6.629
1991-02-04,6.639
1991-02-05,6.619
1991-02-06,6.593
1991-02-07,6.592
1991-02-08,6.586
1991-02-12,6.557
1991-02-13,6.523
1991-02-14,6.496
1991-02-15,6.466
1991-02-18,6.44
1991-02-19,6.421
1991-02-20,6.393
1991-02-21,6.374
1991-02-22,6.356
1991-02-25,6.336
1991-02-26,6.317
1991-02-27,6.334
1991-02-28,6.379
1991-03-01,6.578
1991-03-04,6.649
1991-03-05,6.65
1991-03-06,6.643
1991-03-07,6.648
1991-03-08,6.64
1991-03-11,6.667
1991-03-12,6.631
1991-03-13,6.639
1991-03-14,6.657
1991-03-15,6.675
1991-03-18,6.675
1991-03-19,6.699
1991-03-20,6.709
1991-03-22,6.665
1991-03-25,6.673
1991-03-26,6.7
1991-03-27,6.726
1991-03-28,6.726
1991-03-29,6.709
1991-04-01,6.744
1991-04-02,6.744
1991-04-03,6.736
1991-04-04,6.744
1991-04-05,6.729
1991-04-08,6.728
1991-04-09,6.747
1991-04-10,6.774
1991-04-11,6.816
1991-04-12,6.818
1991-04-15,6.819
1991-04-16,6.777
1991-04-17,6.784
1991-04-18,6.778
1991-04-19,6.785
1991-04-22,6.811
1991-04-23,6.822
1991-04-24,6.828
1991-04-25,6.838
1991-04-26,6.841
1991-04-30,6.829
1991-05-01,6.804
1991-05-02,6.796
1991-05-07,6.804
1991-05-08,6.811
1991-05-09,6.801
1991-05-10,6.769
1991-05-13,6.759
1991-05-14,6.751
1991-05-15,6.751
1991-05-16,6.732
1991-05-17,6.724
1991-05-20,6.724
1991-05-21,6.724
1991-05-22,6.726
1991-05-23,6.726
1991-05-24,6.725
1991-05-27,6.726
1991-05-28,6.726
1991-05-29,6.726
1991-05-30,6.726
1991-05-31,6.711
1991-06-03,6.711
1991-06-04,6.711
1991-06-05,6.72
1991-06-06,6.737
1991-06-07,6.754
1991-06-10,6.805
1991-06-11,6.866
1991-06-12,6.903
1991-06-13,6.919
1991-06-14,6.937
1991-06-17,6.949
1991-06-18,6.966
1991-06-19,6.985
1991-06-20,6.99
1991-06-21,6.96
1991-06-24,6.991
1991-06-25,6.975
1991-06-26,6.986
1991-06-27,6.99
1991-06-28,6.987
1991-07-01,6.911
1991-07-02,6.919
1991-07-03,6.937
1991-07-04,6.915
1991-07-05,6.933
1991-07-08,6.935
1991-07-09,6.935
1991-07-10,6.933
1991-07-11,6.935
1991-07-12,6.923
1991-07-15,6.885
1991-07-16,6.887
1991-07-17,6.885
1991-07-18,6.897
1991-07-19,6.882
1991-07-22,6.884
1991-07-23,6.876
1991-07-24,6.848
1991-07-25,6.821
1991-07-26,6.773
1991-07-29,6.773
1991-07-30,6.727
1991-07-31,6.715
1991-08-01,6.714
1991-08-02,6.706
1991-08-05,6.659
1991-08-06,6.671
1991-08-07,6.644
1991-08-08,6.644
1991-08-09,6.628
1991-08-12,6.629
1991-08-13,6.584
1991-08-14,6.548
1991-08-15,6.548
1991-08-16,6.515
1991-08-19,6.606
1991-08-20,6.553
1991-08-21,6.498
1991-08-22,6.484
1991-08-23,6.484
1991-08-26,6.493
1991-08-27,6.495
1991-08-28,6.505
1991-08-29,6.443
1991-08-30,6.431
1991-09-02,6.411
1991-09-03,6.42
1991-09-04,6.417
1991-09-05,6.423
1991-09-06,6.407
1991-09-09,6.389
1991-09-10,6.38
1991-09-11,6.362
1991-09-12,6.303
1991-09-13,6.233
1991-09-17,6.21
1991-09-18,6.18
1991-09-19,6.172
1991-09-20,6.102
1991-09-24,6.054
1991-09-25,6.049
1991-09-26,6.042
1991-09-27,6.013
1991-09-30,6.013
1991-10-01,5.977
1991-10-02,5.968
1991-10-03,5.932
1991-10-04,5.954
1991-10-07,5.968
1991-10-08,6.002
1991-10-09,6.047
1991-10-11,6.074
1991-10-14,6.074
1991-10-15,6.057
1991-10-16,6.042
1991-10-17,5.996
1991-10-18,5.997
1991-10-21,5.976
1991-10-22,5.994
1991-10-23,6.01
1991-10-24,5.983
1991-10-25,6.003
1991-10-28,6.002
1991-10-29,5.98
1991-10-30,5.998
1991-10-31,5.971
1991-11-01,5.937
1991-11-05,5.962
1991-11-06,5.999
1991-11-07,5.982
1991-11-08,5.962
1991-11-11,5.94
1991-11-12,5.905
1991-11-13,5.903
1991-11-14,5.904
1991-11-15,5.91
1991-11-18,5.891
1991-11-19,5.896
1991-11-20,5.941
1991-11-21,5.92
1991-11-22,5.934
1991-11-25,5.919
1991-11-26,5.903
1991-11-27,5.891
1991-11-28,5.867
1991-11-29,5.845
1991-12-02,5.812
1991-12-03,5.821
1991-12-04,5.784
1991-12-05,5.738
1991-12-06,5.693
1991-12-09,5.71
1991-12-10,5.703
1991-12-11,5.72
1991-12-12,5.701
1991-12-13,5.727
1991-12-16,5.71
1991-12-17,5.712
1991-12-18,5.722
1991-12-19,5.784
1991-12-20,5.773
1991-12-24,5.712
1991-12-25,5.742
1991-12-26,5.687
1991-12-27,5.649
1991-12-30,5.604
1992-01-06,5.548
1992-01-07,5.485
1992-01-08,5.494
1992-01-09,5.477
1992-01-10,5.477
1992-01-13,5.503
1992-01-14,5.486
1992-01-16,5.535
1992-01-17,5.479
1992-01-20,5.442
1992-01-21,5.403
1992-01-22,5.247
1992-01-23,5.214
1992-01-24,5.213
1992-01-27,5.216
1992-01-28,5.254
1992-01-29,5.255
1992-01-30,5.29
1992-01-31,5.361
1992-02-03,5.375
1992-02-04,5.416
1992-02-05,5.473
1992-02-06,5.453
1992-02-07,5.452
1992-02-10,5.487
1992-02-12,5.537
1992-02-13,5.48
1992-02-14,5.519
1992-02-17,5.483
1992-02-18,5.48
1992-02-19,5.503
1992-02-20,5.463
1992-02-21,5.451
1992-02-24,5.468
1992-02-25,5.45
1992-02-26,5.42
1992-02-27,5.386
1992-02-28,5.377
1992-03-02,5.366
1992-03-03,5.389
1992-03-04,5.412
1992-03-05,5.39
1992-03-06,5.404
1992-03-09,5.394
1992-03-10,5.369
1992-03-11,5.355
1992-03-12,5.355
1992-03-13,5.344
1992-03-16,5.336
1992-03-17,5.299
1992-03-18,5.304
1992-03-19,5.297
1992-03-23,5.291
1992-03-24,5.3
1992-03-25,5.295
1992-03-26,5.281
1992-03-27,5.25
1992-03-30,5.243
1992-03-31,5.25
1992-04-01,5.266
1992-04-02,5.318
1992-04-03,5.383
1992-04-06,5.343
1992-04-07,5.36
1992-04-08,5.34
1992-04-09,5.351
1992-04-10,5.262
1992-04-13,5.283
1992-04-14,5.274
1992-04-15,5.242
1992-04-16,5.252
1992-04-17,5.267
1992-04-20,5.321
1992-04-21,5.3
1992-04-22,5.3
1992-04-23,5.289
1992-04-24,5.301
1992-04-27,5.332
1992-04-28,5.328
1992-04-30,5.328
1992-05-01,5.318
1992-05-06,5.284
1992-05-07,5.273
1992-05-08,5.272
1992-05-11,5.259
1992-05-12,5.269
1992-05-13,5.264
1992-05-14,5.264
1992-05-15,5.284
1992-05-18,5.274
1992-05-19,5.275
1992-05-20,5.259
1992-05-21,5.259
1992-05-22,5.278
1992-05-25,5.278
1992-05-26,5.293
1992-05-27,5.306
1992-05-28,5.301
1992-05-29,5.276
1992-06-01,5.26
1992-06-02,5.269
1992-06-03,5.251
1992-06-04,5.251
1992-06-05,5.237
1992-06-08,5.227
1992-06-09,5.214
1992-06-10,5.205
1992-06-11,5.192
1992-06-12,5.183
1992-06-15,5.165
1992-06-16,5.159
1992-06-17,5.105
1992-06-18,5.067
1992-06-19,5.066
1992-06-22,5.076
1992-06-23,5.075
1992-06-24,5.039
1992-06-25,4.992
1992-06-26,4.963
1992-06-29,4.97
1992-06-30,4.964
1992-07-01,4.953
1992-07-02,4.967
1992-07-03,4.964
1992-07-06,4.999
1992-07-07,4.975
1992-07-08,4.948
1992-07-09,4.943
1992-07-10,4.936
1992-07-13,4.923
1992-07-14,4.897
1992-07-15,4.897
1992-07-16,4.884
1992-07-17,4.868
1992-07-20,4.861
1992-07-21,4.834
1992-07-22,4.737
1992-07-23,4.694
1992-07-24,4.694
1992-07-27,4.696
1992-07-28,4.626
1992-07-29,4.558
1992-07-30,4.572
1992-07-31,4.604
1992-08-03,4.65
1992-08-04,4.609
1992-08-05,4.646
1992-08-06,4.688
1992-08-07,4.707
1992-08-10,4.634
1992-08-11,4.576
1992-08-12,4.516
1992-08-13,4.478
1992-08-14,4.374
1992-08-17,4.342
1992-08-18,4.289
1992-08-19,4.269
1992-08-20,4.282
1992-08-21,4.354
1992-08-24,4.352
1992-08-25,4.294
1992-08-26,4.278
1992-08-27,4.264
1992-08-28,4.321
1992-08-31,4.434
1992-09-01,4.491
1992-09-02,4.529
1992-09-03,4.509
1992-09-04,4.445
1992-09-07,4.323
1992-09-08,4.38
1992-09-09,4.381
1992-09-10,4.39
1992-09-11,4.439
1992-09-14,4.43
1992-09-16,4.478
1992-09-17,4.505
1992-09-18,4.488
1992-09-21,4.479
1992-09-22,4.461
1992-09-24,4.387
1992-09-25,4.368
1992-09-28,4.35
1992-09-29,4.34
1992-09-30,4.313
1992-10-01,4.298
1992-10-02,4.262
1992-10-05,4.257
1992-10-06,4.227
1992-10-07,4.25
1992-10-08,4.3
1992-10-09,4.29
1992-10-12,4.327
1992-10-13,4.308
1992-10-14,4.297
1992-10-15,4.336
1992-10-16,4.316
1992-10-19,4.307
1992-10-20,4.336
1992-10-21,4.362
1992-10-22,4.353
1992-10-23,4.321
1992-10-26,4.328
1992-10-27,4.323
1992-10-28,4.316
1992-10-29,4.293
1992-10-30,4.234
1992-11-02,4.225
1992-11-04,4.2
1992-11-05,4.207
1992-11-06,4.232
1992-11-09,4.195
1992-11-10,4.193
1992-11-11,4.18
1992-11-12,4.178
1992-11-13,4.181
1992-11-16,4.192
1992-11-17,4.202
1992-11-18,4.226
1992-11-19,4.237
1992-11-20,4.286
1992-11-24,4.261
1992-11-25,4.228
1992-11-26,4.239
1992-11-27,4.228
1992-11-30,4.258
1992-12-01,4.242
1992-12-02,4.216
1992-12-03,4.196
1992-12-04,4.197
1992-12-07,4.199
1992-12-08,4.212
1992-12-09,4.229
1992-12-10,4.24
1992-12-11,4.248
1992-12-14,4.316
1992-12-15,4.308
1992-12-16,4.291
1992-12-17,4.294
1992-12-18,4.291
1992-12-21,4.278
1992-12-22,4.264
1992-12-24,4.259
1992-12-25,4.247
1992-12-28,4.243
1992-12-29,4.246
1992-12-30,4.237
1993-01-04,4.239
1993-01-05,4.211
1993-01-06,4.184
1993-01-07,4.148
1993-01-08,4.167
1993-01-11,4.186
1993-01-12,4.14
1993-01-13,4.135
1993-01-14,4.114
1993-01-18,4.039
1993-01-19,4.031
1993-01-20,4.052
1993-01-21,4.07
1993-01-22,4.06
1993-01-25,4.058
1993-01-26,4.051
1993-01-27,4.044
1993-01-28,4.012
1993-01-29,3.994
1993-02-01,3.927
1993-02-02,3.918
1993-02-03,3.967
1993-02-04,3.981
1993-02-05,3.908
1993-02-08,3.878
1993-02-09,3.833
1993-02-10,3.823
1993-02-12,3.81
1993-02-15,3.821
1993-02-16,3.816
1993-02-17,3.777
1993-02-18,3.76
1993-02-19,3.73
1993-02-22,3.655
1993-02-23,3.636
1993-02-24,3.589
1993-02-25,3.589
1993-02-26,3.638
1993-03-01,3.66
1993-03-02,3.622
1993-03-03,3.613
1993-03-04,3.594
1993-03-05,3.574
1993-03-08,3.611
1993-03-09,3.698
1993-03-10,3.683
1993-03-11,3.71
1993-03-12,3.701
1993-03-15,3.77
1993-03-16,3.746
1993-03-17,3.767
1993-03-18,3.806
1993-03-19,3.787
1993-03-22,3.834
1993-03-23,3.858
1993-03-24,3.873
1993-03-25,3.986
1993-03-26,4.071
1993-03-29,4.172
1993-03-30,4.083
1993-03-31,4.068
1993-04-01,4.002
1993-04-02,4.012
1993-04-05,4.072
1993-04-06,4.073
1993-04-07,4.102
1993-04-08,4.122
1993-04-09,4.093
1993-04-12,4.051
1993-04-13,4.089
1993-04-14,4.047
1993-04-15,4.033
1993-04-16,4.039
1993-04-19,4.034
1993-04-20,4.009
1993-04-21,3.994
1993-04-22,3.985
1993-04-23,3.952
1993-04-26,3.971
1993-04-27,4.067
1993-04-28,4.186
1993-04-30,4.162
1993-05-06,4.103
1993-05-07,4.106
1993-05-10,4.134
1993-05-11,4.159
1993-05-12,4.187
1993-05-13,4.162
1993-05-14,4.179
1993-05-17,4.202
1993-05-18,4.324
1993-05-19,4.387
1993-05-20,4.378
1993-05-21,4.357
1993-05-24,4.396
1993-05-25,4.392
1993-05-26,4.322
1993-05-27,4.305
1993-05-28,4.304
1993-05-31,4.304
1993-06-01,4.292
1993-06-02,4.292
1993-06-03,4.276
1993-06-04,4.216
1993-06-07,4.213
1993-06-08,4.199
1993-06-10,4.166
1993-06-11,4.159
1993-06-14,4.121
1993-06-15,4.08
1993-06-16,4.094
1993-06-17,4.056
1993-06-18,4.019
1993-06-21,4.055
1993-06-22,4.108
1993-06-23,4.141
1993-06-24,4.092
1993-06-25,4.093
1993-06-28,4.032
1993-06-29,4.018
1993-06-30,3.999
1993-07-01,3.995
1993-07-02,4.005
1993-07-05,3.996
1993-07-06,3.968
1993-07-07,3.997
1993-07-08,3.984
1993-07-09,3.932
1993-07-12,3.886
1993-07-13,3.863
1993-07-14,3.865
1993-07-15,3.88
1993-07-16,3.89
1993-07-19,3.876
1993-07-20,3.878
1993-07-21,3.868
1993-07-22,3.874
1993-07-23,3.851
1993-07-26,3.832
1993-07-27,3.833
1993-07-28,3.809
1993-07-29,3.811
1993-07-30,3.793
1993-08-02,3.708
1993-08-03,3.695
1993-08-04,3.715
1993-08-05,3.744
1993-08-06,3.748
1993-08-09,3.722
1993-08-10,3.714
1993-08-11,3.691
1993-08-12,3.624
1993-08-13,3.664
1993-08-16,3.645
1993-08-17,3.626
1993-08-18,3.636
1993-08-19,3.695
1993-08-20,3.82
1993-08-23,3.772
1993-08-24,3.734
1993-08-25,3.658
1993-08-26,3.611
1993-08-27,3.582
1993-08-30,3.545
1993-08-31,3.5
1993-09-01,3.481
1993-09-02,3.502
1993-09-03,3.517
1993-09-06,3.46
1993-09-07,3.47
1993-09-08,3.451
1993-09-09,3.423
1993-09-10,3.428
1993-09-13,3.47
1993-09-14,3.508
1993-09-16,3.491
1993-09-17,3.476
1993-09-20,3.478
1993-09-21,3.361
1993-09-22,3.368
1993-09-24,3.351
1993-09-27,3.326
1993-09-28,3.278
1993-09-29,3.265
1993-09-30,3.191
1993-10-01,3.199
1993-10-04,3.201
1993-10-05,3.124
1993-10-06,3.193
1993-10-07,3.163
1993-10-08,3.145
1993-10-12,3.092
1993-10-13,3.094
1993-10-14,3.127
1993-10-15,3.133
1993-10-18,3.175
1993-10-19,3.151
1993-10-20,3.059
1993-10-21,3.035
1993-10-22,2.982
1993-10-25,2.97
1993-10-26,2.951
1993-10-27,2.892
1993-10-28,2.897
1993-10-29,2.891
1993-11-01,2.829
1993-11-02,2.806
1993-11-04,2.747
1993-11-05,2.791
1993-11-08,2.759
1993-11-09,2.713
1993-11-10,2.692
1993-11-11,2.733
1993-11-12,2.775
1993-11-15,2.822
1993-11-16,2.889
1993-11-17,2.922
1993-11-18,2.868
1993-11-19,2.832
1993-11-22,2.801
1993-11-24,2.762
1993-11-25,2.646
1993-11-26,2.592
1993-11-29,2.556
1993-11-30,2.422
1993-12-01,2.473
1993-12-02,2.455
1993-12-03,2.435
1993-12-06,2.429
1993-12-07,2.409
1993-12-08,2.411
1993-12-09,2.411
1993-12-10,2.371
1993-12-13,2.375
1993-12-14,2.384
1993-12-15,2.436
1993-12-16,2.448
1993-12-17,2.489
1993-12-20,2.42
1993-12-21,2.35
1993-12-22,2.351
1993-12-24,2.303
1993-12-27,2.27
1993-12-28,2.286
1993-12-29,2.286
1993-12-30,2.298
1994-01-04,2.345
1994-01-05,2.33
1994-01-06,2.325
1994-01-07,2.266
1994-01-10,2.278
1994-01-11,2.337
1994-01-12,2.426
1994-01-13,2.457
1994-01-14,2.59
1994-01-17,2.6
1994-01-18,2.672
1994-01-19,2.844
1994-01-20,2.783
1994-01-21,2.76
1994-01-24,2.634
1994-01-25,2.785
1994-01-26,2.883
1994-01-27,2.844
1994-01-28,2.871
1994-01-31,3.042
1994-02-01,2.983
1994-02-02,2.979
1994-02-03,2.999
1994-02-04,3.044
1994-02-07,3.047
1994-02-08,3.032
1994-02-09,2.974
1994-02-10,2.995
1994-02-14,2.932
1994-02-15,2.862
1994-02-16,2.899
1994-02-17,3.046
1994-02-18,3.092
1994-02-21,3.162
1994-02-22,3.18
1994-02-23,3.151
1994-02-24,3.245
1994-02-25,3.353
1994-02-28,3.427
1994-03-01,3.555
1994-03-02,3.728
1994-03-03,3.614
1994-03-04,3.556
1994-03-07,3.652
1994-03-08,3.594
1994-03-09,3.584
1994-03-10,3.53
1994-03-11,3.472
1994-03-14,3.434
1994-03-15,3.483
1994-03-16,3.507
1994-03-17,3.506
1994-03-18,3.483
1994-03-22,3.662
1994-03-23,3.565
1994-03-24,3.548
1994-03-25,3.524
1994-03-28,3.504
1994-03-29,3.408
1994-03-30,3.369
1994-03-31,3.264
1994-04-01,3.266
1994-04-04,3.259
1994-04-05,3.278
1994-04-06,3.359
1994-04-07,3.467
1994-04-08,3.507
1994-04-11,3.585
1994-04-12,3.546
1994-04-13,3.506
1994-04-14,3.491
1994-04-15,3.434
1994-04-18,3.421
1994-04-19,3.499
1994-04-20,3.51
1994-04-21,3.491
1994-04-22,3.438
1994-04-25,3.443
1994-04-26,3.527
1994-04-27,3.498
1994-04-28,3.464
1994-05-02,3.387
1994-05-06,3.428
1994-05-09,3.401
1994-05-10,3.349
1994-05-11,3.314
1994-05-12,3.286
1994-05-13,3.247
1994-05-16,3.226
1994-05-17,3.28
1994-05-18,3.248
1994-05-19,3.219
1994-05-20,3.18
1994-05-23,3.202
1994-05-24,3.173
1994-05-25,3.136
1994-05-26,3.108
1994-05-27,3.117
1994-05-30,3.149
1994-05-31,3.219
1994-06-01,3.363
1994-06-02,3.432
1994-06-03,3.492
1994-06-06,3.521
1994-06-07,3.657
1994-06-08,3.6
1994-06-09,3.572
1994-06-10,3.514
1994-06-13,3.594
1994-06-14,3.613
1994-06-15,3.605
1994-06-16,3.605
1994-06-17,3.798
1994-06-20,3.992
1994-06-21,3.965
1994-06-22,3.926
1994-06-23,3.821
1994-06-24,3.717
1994-06-27,3.651
1994-06-28,3.759
1994-06-29,3.675
1994-06-30,3.668
1994-07-01,3.572
1994-07-04,3.611
1994-07-05,3.719
1994-07-06,3.694
1994-07-07,3.702
1994-07-08,3.605
1994-07-11,3.718
1994-07-12,3.672
1994-07-13,3.723
1994-07-14,3.742
1994-07-15,3.687
1994-07-18,3.697
1994-07-19,3.683
1994-07-20,3.737
1994-07-21,3.78
1994-07-22,3.78
1994-07-25,3.77
1994-07-26,3.79
1994-07-27,3.774
1994-07-28,3.774
1994-07-29,3.776
1994-08-01,3.78
1994-08-02,3.825
1994-08-03,3.892
1994-08-04,3.977
1994-08-05,4.041
1994-08-08,4.052
1994-08-09,4.128
1994-08-10,4.138
1994-08-11,4.121
1994-08-12,4.137
1994-08-15,4.128
1994-08-16,4.147
1994-08-17,4.184
1994-08-18,4.104
1994-08-19,4.021
1994-08-22,4.069
1994-08-23,4.019
1994-08-24,4.05
1994-08-25,4.069
1994-08-26,4.092
1994-08-29,4.14
1994-08-30,4.225
1994-08-31,4.263
1994-09-01,4.208
1994-09-02,4.189
1994-09-05,4.175
1994-09-06,4.167
1994-09-07,4.081
1994-09-08,4.107
1994-09-09,4.058
1994-09-12,4.108
1994-09-13,4.08
1994-09-14,4.061
1994-09-16,4.068
1994-09-19,4.074
1994-09-20,4.076
1994-09-21,4.039
1994-09-22,4.011
1994-09-26,4.015
1994-09-27,3.999
1994-09-28,3.983
1994-09-29,4.007
1994-09-30,4.046
1994-10-03,4.086
1994-10-04,4.096
1994-10-05,4.141
1994-10-06,4.161
1994-10-07,4.237
1994-10-11,4.259
1994-10-12,4.284
1994-10-13,4.318
1994-10-14,4.253
1994-10-17,4.238
1994-10-18,4.242
1994-10-19,4.233
1994-10-20,4.258
1994-10-21,4.243
1994-10-24,4.303
1994-10-25,4.286
1994-10-26,4.288
1994-10-27,4.289
1994-10-28,4.273
1994-10-31,4.241
1994-11-01,4.228
1994-11-02,4.215
1994-11-04,4.247
1994-11-07,4.254
1994-11-08,4.26
1994-11-09,4.26
1994-11-10,4.257
1994-11-11,4.201
1994-11-14,4.219
1994-11-15,4.221
1994-11-16,4.251
1994-11-17,4.26
1994-11-18,4.25
1994-11-21,4.236
1994-11-22,4.193
1994-11-24,4.096
1994-11-25,4.118
1994-11-28,4.157
1994-11-29,4.157
1994-11-30,4.168
1994-12-01,4.145
1994-12-02,4.136
1994-12-05,4.166
1994-12-06,4.132
1994-12-07,4.095
1994-12-08,4.125
1994-12-09,4.08
1994-12-12,4.076
1994-12-13,4.039
1994-12-14,4.041
1994-12-15,4.076
1994-12-16,4.085
1994-12-19,4.12
1994-12-20,4.106
1994-12-21,4.068
1994-12-22,4.094
1994-12-26,4.096
1994-12-27,4.089
1994-12-28,4.058
1994-12-29,4.065
1994-12-30,4.077
1995-01-04,4.176
1995-01-05,4.194
1995-01-06,4.203
1995-01-09,4.197
1995-01-10,4.163
1995-01-11,4.11
1995-01-12,4.059
1995-01-13,4.1
1995-01-17,4.192
1995-01-18,4.126
1995-01-19,4.131
1995-01-20,4.144
1995-01-23,4.14
1995-01-24,4.13
1995-01-25,4.118
1995-01-26,4.089
1995-01-27,4.077
1995-01-30,4.072
1995-01-31,4.094
1995-02-01,4.113
1995-02-02,4.154
1995-02-03,4.13
1995-02-06,4.115
1995-02-07,4.087
1995-02-08,4.083
1995-02-09,4.059
1995-02-10,4.062
1995-02-13,4.051
1995-02-14,4.021
1995-02-15,3.979
1995-02-16,3.977
1995-02-17,3.967
1995-02-20,3.96
1995-02-21,3.947
1995-02-22,3.937
1995-02-23,3.836
1995-02-24,3.87
1995-02-27,3.825
1995-02-28,3.841
1995-03-01,3.851
1995-03-02,3.853
1995-03-03,3.789
1995-03-06,3.729
1995-03-07,3.591
1995-03-08,3.562
1995-03-09,3.634
1995-03-10,3.626
1995-03-13,3.525
1995-03-14,3.546
1995-03-15,3.518
1995-03-16,3.452
1995-03-17,3.384
1995-03-20,3.403
1995-03-22,3.362
1995-03-23,3.258
1995-03-24,3.28
1995-03-27,3.323
1995-03-28,3.153
1995-03-29,3.115
1995-03-30,3.106
1995-03-31,3.007
1995-04-03,2.819
1995-04-04,2.801
1995-04-05,2.901
1995-04-06,2.862
1995-04-07,2.849
1995-04-10,2.982
1995-04-11,3.015
1995-04-12,3.083
1995-04-13,2.93
1995-04-14,2.767
1995-04-17,2.74
1995-04-18,2.674
1995-04-19,2.773
1995-04-20,2.721
1995-04-21,2.804
1995-04-24,2.768
1995-04-25,2.8
1995-04-26,2.757
1995-04-27,2.815
1995-04-28,2.854
1995-05-01,2.929
1995-05-02,2.886
1995-05-08,2.835
1995-05-09,2.78
1995-05-10,2.769
1995-05-11,2.719
1995-05-12,2.817
1995-05-15,2.817
1995-05-16,2.789
1995-05-17,2.729
1995-05-18,2.705
1995-05-19,2.639
1995-05-22,2.579
1995-05-23,2.545
1995-05-24,2.52
1995-05-25,2.425
1995-05-26,2.335
1995-05-29,2.341
1995-05-30,2.227
1995-05-31,2.114
1995-06-01,2.131
1995-06-02,2.281
1995-06-05,2.218
1995-06-06,2.146
1995-06-07,2.207
1995-06-08,2.292
1995-06-09,2.273
1995-06-12,2.308
1995-06-13,2.268
1995-06-14,2.333
1995-06-15,2.387
1995-06-16,2.353
1995-06-19,2.296
1995-06-20,2.289
1995-06-21,2.185
1995-06-22,2.082
1995-06-23,2.04
1995-06-26,2.047
1995-06-27,2.042
1995-06-28,2.113
1995-06-29,2.047
1995-06-30,2.134
1995-07-03,2.101
1995-07-04,2.103
1995-07-05,2.057
1995-07-06,2.099
1995-07-07,1.91
1995-07-10,2.036
1995-07-11,2.068
1995-07-12,2.103
1995-07-13,2.111
1995-07-14,2.25
1995-07-17,2.251
1995-07-18,2.279
1995-07-19,2.229
1995-07-20,2.179
1995-07-21,2.232
1995-07-24,2.264
1995-07-25,2.231
1995-07-26,2.209
1995-07-27,2.155
1995-07-28,2.132
1995-07-31,2.16
1995-08-01,2.146
1995-08-02,2.276
1995-08-03,2.289
1995-08-04,2.327
1995-08-07,2.298
1995-08-08,2.364
1995-08-09,2.368
1995-08-10,2.401
1995-08-11,2.441
1995-08-14,2.432
1995-08-15,2.487
1995-08-16,2.8
1995-08-17,2.775
1995-08-18,2.756
1995-08-21,2.669
1995-08-22,2.638
1995-08-23,2.573
1995-08-24,2.554
1995-08-25,2.515
1995-08-28,2.466
1995-08-29,2.525
1995-08-30,2.496
1995-08-31,2.43
1995-09-01,2.368
1995-09-04,2.259
1995-09-05,2.325
1995-09-06,2.315
1995-09-07,2.244
1995-09-08,2.23
1995-09-11,2.162
1995-09-12,2.127
1995-09-13,2.054
1995-09-14,2.022
1995-09-18,2.005
1995-09-19,2.029
1995-09-20,1.903
1995-09-21,1.911
1995-09-22,1.902
1995-09-25,1.904
1995-09-26,1.885
1995-09-27,1.962
1995-09-28,1.943
1995-09-29,1.904
1995-10-02,1.854
1995-10-03,1.812
1995-10-04,1.782
1995-10-05,1.849
1995-10-06,1.901
1995-10-09,1.892
1995-10-11,1.941
1995-10-12,1.916
1995-10-13,1.87
1995-10-16,1.824
1995-10-17,1.806
1995-10-18,1.881
1995-10-19,1.873
1995-10-20,1.838
1995-10-23,1.868
1995-10-24,1.91
1995-10-25,1.974
1995-10-26,1.825
1995-10-27,1.887
1995-10-30,1.932
1995-10-31,1.941
1995-11-01,1.886
1995-11-02,1.921
1995-11-06,1.923
1995-11-07,1.925
1995-11-08,1.905
1995-11-09,1.831
1995-11-10,1.799
1995-11-13,1.811
1995-11-14,1.819
1995-11-15,1.789
1995-11-16,1.864
1995-11-17,1.792
1995-11-20,1.769
1995-11-21,1.739
1995-11-22,1.714
1995-11-24,1.661
1995-11-27,1.662
1995-11-28,1.713
1995-11-29,1.683
1995-11-30,1.697
1995-12-01,1.707
1995-12-04,1.714
1995-12-05,1.756
1995-12-06,1.774
1995-12-07,1.711
1995-12-08,1.72
1995-12-11,1.707
1995-12-12,1.694
1995-12-13,1.772
1995-12-14,1.748
1995-12-15,1.744
1995-12-18,1.769
1995-12-19,1.819
1995-12-20,1.822
1995-12-21,1.866
1995-12-22,1.909
1995-12-25,1.98
1995-12-26,1.978
1995-12-27,2.066
1995-12-28,2.039
1995-12-29,2.038
1996-01-04,2.222
1996-01-05,2.184
1996-01-08,2.22
1996-01-09,2.2
1996-01-10,2.137
1996-01-11,2.128
1996-01-12,2.163
1996-01-16,2.182
1996-01-17,2.135
1996-01-18,2.126
1996-01-19,2.176
1996-01-22,2.198
1996-01-23,2.19
1996-01-24,2.208
1996-01-25,2.189
1996-01-26,2.179
1996-01-29,2.173
1996-01-30,2.227
1996-01-31,2.258
1996-02-01,2.271
1996-02-02,2.268
1996-02-05,2.27
1996-02-06,2.276
1996-02-07,2.262
1996-02-08,2.242
1996-02-09,2.275
1996-02-13,2.288
1996-02-14,2.307
1996-02-15,2.417
1996-02-16,2.419
1996-02-19,2.434
1996-02-20,2.482
1996-02-21,2.53
1996-02-22,2.532
1996-02-23,2.523
1996-02-26,2.575
1996-02-27,2.596
1996-02-28,2.61
1996-02-29,2.571
1996-03-01,2.428
1996-03-04,2.354
1996-03-05,2.32
1996-03-06,2.276
1996-03-07,2.299
1996-03-08,2.307
1996-03-11,2.276
1996-03-12,2.305
1996-03-13,2.295
1996-03-14,2.251
1996-03-15,2.264
1996-03-18,2.295
1996-03-19,2.287
1996-03-21,2.314
1996-03-22,2.316
1996-03-25,2.359
1996-03-26,2.407
1996-03-27,2.321
1996-03-28,2.346
1996-03-29,2.274
1996-04-01,2.234
1996-04-02,2.194
1996-04-03,2.301
1996-04-04,2.276
1996-04-05,2.308
1996-04-08,2.397
1996-04-09,2.461
1996-04-10,2.414
1996-04-11,2.442
1996-04-12,2.465
1996-04-15,2.441
1996-04-16,2.489
1996-04-17,2.516
1996-04-18,2.513
1996-04-19,2.484
1996-04-22,2.489
1996-04-23,2.509
1996-04-24,2.514
1996-04-25,2.562
1996-04-26,2.627
1996-04-30,2.591
1996-05-01,2.608
1996-05-02,2.656
1996-05-07,2.635
1996-05-08,2.661
1996-05-09,2.631
1996-05-10,2.587
1996-05-13,2.588
1996-05-14,2.636
1996-05-15,2.572
1996-05-16,2.489
1996-05-17,2.485
1996-05-20,2.523
1996-05-21,2.488
1996-05-22,2.44
1996-05-23,2.404
1996-05-24,2.405
1996-05-27,2.444
1996-05-28,2.409
1996-05-29,2.411
1996-05-30,2.413
1996-05-31,2.382
1996-06-03,2.357
1996-06-04,2.359
1996-06-05,2.309
1996-06-06,2.315
1996-06-07,2.432
1996-06-10,2.48
1996-06-11,2.493
1996-06-12,2.427
1996-06-13,2.438
1996-06-14,2.447
1996-06-17,2.416
1996-06-18,2.43
1996-06-19,2.482
1996-06-20,2.523
1996-06-21,2.515
1996-06-24,2.5
1996-06-25,2.511
1996-06-26,2.503
1996-06-27,2.53
1996-06-28,2.398
1996-07-01,2.41
1996-07-02,2.452
1996-07-03,2.465
1996-07-04,2.462
1996-07-05,2.498
1996-07-08,2.545
1996-07-09,2.557
1996-07-10,2.534
1996-07-11,2.533
1996-07-12,2.529
1996-07-15,2.578
1996-07-16,2.621
1996-07-17,2.611
1996-07-18,2.613
1996-07-19,2.569
1996-07-22,2.543
1996-07-23,2.576
1996-07-24,2.5
1996-07-25,2.502
1996-07-26,2.491
1996-07-29,2.496
1996-07-30,2.523
1996-07-31,2.504
1996-08-01,2.535
1996-08-02,2.511
1996-08-05,2.501
1996-08-06,2.491
1996-08-07,2.41
1996-08-08,2.392
1996-08-09,2.388
1996-08-12,2.355
1996-08-13,2.352
1996-08-14,2.359
1996-08-15,2.345
1996-08-16,2.31
1996-08-19,2.284
1996-08-20,2.3
1996-08-21,2.281
1996-08-22,2.303
1996-08-23,2.272
1996-08-26,2.282
1996-08-27,2.314
1996-08-28,2.149
1996-08-29,2.078
1996-08-30,2.049
1996-09-02,2.054
1996-09-03,2.115
1996-09-04,2.105
1996-09-05,2.139
1996-09-06,2.136
1996-09-09,2.052
1996-09-10,2.066
1996-09-11,2.051
1996-09-12,2.079
1996-09-13,2.092
1996-09-17,1.999
1996-09-18,2.001
1996-09-19,1.965
1996-09-20,1.98
1996-09-24,1.977
1996-09-25,1.947
1996-09-26,1.987
1996-09-27,2.061
1996-09-30,1.987
1996-10-01,1.998
1996-10-02,2.006
1996-10-03,1.955
1996-10-04,1.904
1996-10-07,1.877
1996-10-08,1.863
1996-10-09,1.862
1996-10-11,1.862
1996-10-14,1.914
1996-10-15,1.899
1996-10-16,1.947
1996-10-17,1.936
1996-10-18,1.931
1996-10-21,1.858
1996-10-22,1.817
1996-10-23,1.802
1996-10-24,1.773
1996-10-25,1.774
1996-10-28,1.757
1996-10-29,1.791
1996-10-30,1.72
1996-10-31,1.688
1996-11-01,1.69
1996-11-05,1.589
1996-11-06,1.706
1996-11-07,1.816
1996-11-08,1.9
1996-11-11,1.942
1996-11-12,1.919
1996-11-13,1.814
1996-11-14,1.807
1996-11-15,1.787
1996-11-18,1.73
1996-11-19,1.722
1996-11-20,1.796
1996-11-21,1.837
1996-11-22,1.784
1996-11-25,1.804
1996-11-26,1.747
1996-11-27,1.653
1996-11-28,1.599
1996-11-29,1.605
1996-12-02,1.536
1996-12-03,1.567
1996-12-04,1.567
1996-12-05,1.551
1996-12-06,1.634
1996-12-09,1.593
1996-12-10,1.615
1996-12-11,1.645
1996-12-12,1.678
1996-12-13,1.649
1996-12-16,1.61
1996-12-17,1.579
1996-12-18,1.605
1996-12-19,1.544
1996-12-20,1.535
1996-12-24,1.584
1996-12-25,1.62
1996-12-26,1.685
1996-12-27,1.746
1996-12-30,1.783
1997-01-06,1.858
1997-01-07,1.807
1997-01-08,1.716
1997-01-09,1.696
1997-01-10,1.637
1997-01-13,1.59
1997-01-14,1.612
1997-01-16,1.591
1997-01-17,1.619
1997-01-20,1.571
1997-01-21,1.576
1997-01-22,1.567
1997-01-23,1.624
1997-01-24,1.561
1997-01-27,1.513
1997-01-28,1.556
1997-01-29,1.625
1997-01-30,1.582
1997-01-31,1.576
1997-02-03,1.581
1997-02-04,1.603
1997-02-05,1.601
1997-02-06,1.602
1997-02-07,1.577
1997-02-10,1.603
1997-02-12,1.616
1997-02-13,1.589
1997-02-14,1.605
1997-02-17,1.615
1997-02-18,1.599
1997-02-19,1.563
1997-02-20,1.641
1997-02-21,1.606
1997-02-24,1.605
1997-02-25,1.61
1997-02-26,1.585
1997-02-27,1.595
1997-02-28,1.601
1997-03-03,1.615
1997-03-04,1.605
1997-03-05,1.612
1997-03-06,1.555
1997-03-07,1.557
1997-03-10,1.557
1997-03-11,1.553
1997-03-12,1.536
1997-03-13,1.483
1997-03-14,1.443
1997-03-17,1.468
1997-03-18,1.542
1997-03-19,1.543
1997-03-21,1.641
1997-03-24,1.697
1997-03-25,1.65
1997-03-26,1.564
1997-03-27,1.66
1997-03-28,1.623
1997-03-31,1.594
1997-04-01,1.589
1997-04-02,1.526
1997-04-03,1.558
1997-04-04,1.523
1997-04-07,1.485
1997-04-08,1.513
1997-04-09,1.513
1997-04-10,1.505
1997-04-11,1.545
1997-04-14,1.561
1997-04-15,1.536
1997-04-16,1.498
1997-04-17,1.525
1997-04-18,1.522
1997-04-21,1.537
1997-04-22,1.543
1997-04-23,1.564
1997-04-24,1.564
1997-04-25,1.681
1997-04-28,1.701
1997-04-30,1.739
1997-05-01,1.707
1997-05-02,1.704
1997-05-06,1.841
1997-05-07,1.84
1997-05-08,1.885
1997-05-09,1.963
1997-05-12,1.971
1997-05-13,1.89
1997-05-14,1.935
1997-05-15,1.936
1997-05-16,1.916
1997-05-19,1.878
1997-05-20,1.869
1997-05-21,2.002
1997-05-22,1.951
1997-05-23,1.988
1997-05-26,2.009
1997-05-27,2.082
1997-05-28,2.142
1997-05-29,2.081
1997-05-30,1.997
1997-06-02,2.011
1997-06-03,2.027
1997-06-04,1.98
1997-06-05,1.99
1997-06-06,1.97
1997-06-09,1.911
1997-06-10,1.896
1997-06-11,1.802
1997-06-12,1.849
1997-06-13,1.815
1997-06-16,1.809
1997-06-17,1.764
1997-06-18,1.798
1997-06-19,1.784
1997-06-20,1.806
1997-06-23,1.81
1997-06-24,1.758
1997-06-25,1.934
1997-06-26,1.914
1997-06-27,1.805
1997-06-30,1.798
1997-07-01,1.763
1997-07-02,1.747
1997-07-03,1.721
1997-07-04,1.674
1997-07-07,1.699
1997-07-08,1.718
1997-07-09,1.706
1997-07-10,1.706
1997-07-11,1.702
1997-07-14,1.706
1997-07-15,1.728
1997-07-16,1.711
1997-07-17,1.696
1997-07-18,1.709
1997-07-22,1.706
1997-07-23,1.67
1997-07-24,1.64
1997-07-25,1.61
1997-07-28,1.614
1997-07-29,1.63
1997-07-30,1.577
1997-07-31,1.551
1997-08-01,1.528
1997-08-04,1.559
1997-08-05,1.56
1997-08-06,1.608
1997-08-07,1.563
1997-08-08,1.542
1997-08-11,1.536
1997-08-12,1.553
1997-08-13,1.546
1997-08-14,1.5
1997-08-15,1.522
1997-08-18,1.516
1997-08-19,1.506
1997-08-20,1.495
1997-08-21,1.485
1997-08-22,1.48
1997-08-25,1.469
1997-08-26,1.45
1997-08-27,1.485
1997-08-28,1.455
1997-08-29,1.44
1997-09-01,1.429
1997-09-02,1.399
1997-09-03,1.44
1997-09-04,1.475
1997-09-05,1.487
1997-09-08,1.465
1997-09-09,1.486
1997-09-10,1.469
1997-09-11,1.485
1997-09-12,1.44
1997-09-16,1.415
1997-09-17,1.406
1997-09-18,1.416
1997-09-19,1.417
1997-09-22,1.378
1997-09-24,1.379
1997-09-25,1.342
1997-09-26,1.348
1997-09-29,1.327
1997-09-30,1.369
1997-10-01,1.293
1997-10-02,1.282
1997-10-03,1.32
1997-10-06,1.297
1997-10-07,1.257
1997-10-08,1.288
1997-10-09,1.344
1997-10-13,1.311
1997-10-14,1.322
1997-10-15,1.303
1997-10-16,1.326
1997-10-17,1.289
1997-10-20,1.262
1997-10-21,1.262
1997-10-22,1.269
1997-10-23,1.264
1997-10-24,1.26
1997-10-27,1.241
1997-10-28,1.213
1997-10-29,1.242
1997-10-30,1.205
1997-10-31,1.216
1997-11-04,1.211
1997-11-05,1.191
1997-11-06,1.203
1997-11-07,1.193
1997-11-10,1.241
1997-11-11,1.267
1997-11-12,1.293
1997-11-13,1.188
1997-11-14,1.199
1997-11-17,1.206
1997-11-18,1.219
1997-11-19,1.242
1997-11-20,1.248
1997-11-21,1.249
1997-11-25,1.164
1997-11-26,1.203
1997-11-27,1.261
1997-11-28,1.262
1997-12-01,1.252
1997-12-02,1.264
1997-12-03,1.229
1997-12-04,1.186
1997-12-05,1.207
1997-12-08,1.207
1997-12-09,1.276
1997-12-10,1.252
1997-12-11,1.231
1997-12-12,1.259
1997-12-15,1.24
1997-12-16,1.248
1997-12-17,1.315
1997-12-18,1.264
1997-12-19,1.264
1997-12-22,1.259
1997-12-24,1.255
1997-12-25,1.271
1997-12-26,1.284
1997-12-29,1.291
1997-12-30,1.298
1998-01-05,1.261
1998-01-06,1.236
1998-01-07,1.242
1998-01-08,1.258
1998-01-09,1.249
1998-01-12,1.21
1998-01-13,1.229
1998-01-14,1.234
1998-01-16,1.269
1998-01-19,1.279
1998-01-20,1.293
1998-01-21,1.364
1998-01-22,1.336
1998-01-23,1.423
1998-01-26,1.454
1998-01-27,1.46
1998-01-28,1.487
1998-01-29,1.494
1998-01-30,1.448
1998-02-02,1.474
1998-02-03,1.479
1998-02-04,1.455
1998-02-05,1.46
1998-02-06,1.461
1998-02-09,1.436
1998-02-10,1.427
1998-02-12,1.422
1998-02-13,1.382
1998-02-16,1.362
1998-02-17,1.358
1998-02-18,1.351
1998-02-19,1.32
1998-02-20,1.325
1998-02-23,1.278
1998-02-24,1.279
1998-02-25,1.338
1998-02-26,1.292
1998-02-27,1.297
1998-03-02,1.296
1998-03-03,1.291
1998-03-04,1.282
1998-03-05,1.241
1998-03-06,1.267
1998-03-09,1.236
1998-03-10,1.226
1998-03-11,1.188
1998-03-12,1.196
1998-03-13,1.225
1998-03-16,1.2
1998-03-17,1.212
1998-03-18,1.203
1998-03-19,1.213
1998-03-20,1.231
1998-03-23,1.188
1998-03-24,1.2
1998-03-25,1.185
1998-03-26,1.243
1998-03-27,1.295
1998-03-30,1.275
1998-03-31,1.249
1998-04-01,1.246
1998-04-02,1.273
1998-04-03,1.345
1998-04-06,1.325
1998-04-07,1.31
1998-04-08,1.311
1998-04-09,1.317
1998-04-10,1.255
1998-04-13,1.23
1998-04-14,1.214
1998-04-15,1.195
1998-04-16,1.211
1998-04-17,1.206
1998-04-20,1.192
1998-04-21,1.202
1998-04-22,1.194
1998-04-23,1.178
1998-04-24,1.179
1998-04-27,1.159
1998-04-28,1.135
1998-04-30,1.136
1998-05-01,1.12
1998-05-06,1.084
1998-05-07,1.041
1998-05-08,1
1998-05-11,1.015
1998-05-12,0.985
1998-05-13,0.997
1998-05-14,1.018
1998-05-15,0.998
1998-05-18,0.972
1998-05-19,0.972
1998-05-20,0.974
1998-05-21,0.985
1998-05-22,0.949
1998-05-25,0.911
1998-05-26,0.928
1998-05-27,0.946
1998-05-28,0.93
1998-05-29,0.925
1998-06-01,0.895
1998-06-02,0.88
1998-06-03,0.914
1998-06-04,0.903
1998-06-05,0.92
1998-06-08,0.899
1998-06-09,0.941
1998-06-10,0.937
1998-06-11,0.985
1998-06-12,0.957
1998-06-15,0.922
1998-06-16,0.944
1998-06-17,0.981
1998-06-18,1.035
1998-06-19,1.01
1998-06-22,0.983
1998-06-23,0.977
1998-06-24,0.938
1998-06-25,0.964
1998-06-26,1.002
1998-06-29,1.043
1998-06-30,1.081
1998-07-01,1.141
1998-07-02,1.051
1998-07-03,1.078
1998-07-06,1.047
1998-07-07,1.047
1998-07-08,1.096
1998-07-09,1.102
1998-07-10,1.108
1998-07-13,1.144
1998-07-14,1.173
1998-07-15,1.133
1998-07-16,1.17
1998-07-17,1.157
1998-07-21,1.169
1998-07-22,1.142
1998-07-23,1.105
1998-07-24,1.132
1998-07-27,1.082
1998-07-28,1.083
1998-07-29,1.042
1998-07-30,0.99
1998-07-31,1.006
1998-08-03,1.006
1998-08-04,0.996
1998-08-05,0.996
1998-08-06,0.987
1998-08-07,0.961
1998-08-10,0.939
1998-08-11,0.961
1998-08-12,0.962
1998-08-13,0.978
1998-08-14,0.958
1998-08-17,0.936
1998-08-18,0.932
1998-08-19,0.973
1998-08-20,0.974
1998-08-21,0.958
1998-08-24,0.926
1998-08-25,0.926
1998-08-26,0.929
1998-08-27,0.935
1998-08-28,0.882
1998-08-31,0.851
1998-09-01,0.871
1998-09-02,0.867
1998-09-03,0.884
1998-09-04,0.879
1998-09-07,0.854
1998-09-08,0.844
1998-09-09,0.829
1998-09-10,0.665
1998-09-11,0.625
1998-09-14,0.627
1998-09-16,0.623
1998-09-17,0.568
1998-09-18,0.574
1998-09-21,0.649
1998-09-22,0.677
1998-09-24,0.66
1998-09-25,0.634
1998-09-28,0.671
1998-09-29,0.677
1998-09-30,0.661
1998-10-01,0.624
1998-10-02,0.602
1998-10-05,0.639
1998-10-06,0.65
1998-10-07,0.678
1998-10-08,0.674
1998-10-09,0.658
1998-10-12,0.733
1998-10-13,0.68
1998-10-14,0.743
1998-10-15,0.749
1998-10-16,0.744
1998-10-19,0.692
1998-10-20,0.675
1998-10-21,0.686
1998-10-22,0.671
1998-10-23,0.688
1998-10-26,0.711
1998-10-27,0.731
1998-10-28,0.688
1998-10-29,0.672
1998-10-30,0.64
1998-11-02,0.651
1998-11-04,0.688
1998-11-05,0.645
1998-11-06,0.625
1998-11-09,0.619
1998-11-10,0.579
1998-11-11,0.622
1998-11-12,0.591
1998-11-13,0.583
1998-11-16,0.599
1998-11-17,0.584
1998-11-18,0.573
1998-11-19,0.584
1998-11-20,0.621
1998-11-24,0.643
1998-11-25,0.681
1998-11-26,0.743
1998-11-27,0.753
1998-11-30,0.742
1998-12-01,0.808
1998-12-02,0.845
1998-12-03,0.787
1998-12-04,0.764
1998-12-07,0.791
1998-12-08,0.786
1998-12-09,0.872
1998-12-10,0.91
1998-12-11,0.888
1998-12-14,0.972
1998-12-15,0.938
1998-12-16,0.993
1998-12-17,0.985
1998-12-18,0.968
1998-12-21,1.095
1998-12-22,1.312
1998-12-24,1.399
1998-12-25,1.305
1998-12-28,1.283
1998-12-29,1.418
1998-12-30,1.523
1999-01-04,1.498
1999-01-05,1.448
1999-01-06,1.361
1999-01-07,1.193
1999-01-08,1.34
1999-01-11,1.283
1999-01-12,1.293
1999-01-13,1.254
1999-01-14,1.188
1999-01-18,1.236
1999-01-19,1.309
1999-01-20,1.252
1999-01-21,1.279
1999-01-22,1.262
1999-01-25,1.298
1999-01-26,1.257
1999-01-27,1.32
1999-01-28,1.354
1999-01-29,1.433
1999-02-01,1.471
1999-02-02,1.667
1999-02-03,1.659
1999-02-04,1.549
1999-02-05,1.633
1999-02-08,1.492
1999-02-09,1.362
1999-02-10,1.361
1999-02-12,1.431
1999-02-15,1.438
1999-02-16,1.343
1999-02-17,1.267
1999-02-18,1.186
1999-02-19,1.077
1999-02-22,1.045
1999-02-23,1.142
1999-02-24,1.143
1999-02-25,1.175
1999-02-26,1.176
1999-03-01,1.152
1999-03-02,1.123
1999-03-03,1
1999-03-04,0.933
1999-03-05,0.889
1999-03-08,0.938
1999-03-09,0.984
1999-03-10,0.967
1999-03-11,1.037
1999-03-12,1
1999-03-15,1.062
1999-03-16,1.068
1999-03-17,0.986
1999-03-18,0.968
1999-03-19,0.945
1999-03-23,0.945
1999-03-24,0.992
1999-03-25,0.928
1999-03-26,0.874
1999-03-29,0.907
1999-03-30,0.87
1999-03-31,0.9
1999-04-01,0.885
1999-04-02,0.911
1999-04-05,0.943
1999-04-06,0.963
1999-04-07,0.896
1999-04-08,0.847
1999-04-09,0.845
1999-04-12,0.809
1999-04-13,0.845
1999-04-14,0.858
1999-04-15,0.797
1999-04-16,0.811
1999-04-19,0.776
1999-04-20,0.734
1999-04-21,0.732
1999-04-22,0.699
1999-04-23,0.726
1999-04-26,0.699
1999-04-27,0.649
1999-04-28,0.708
1999-04-30,0.687
1999-05-06,0.629
1999-05-07,0.621
1999-05-10,0.651
1999-05-11,0.664
1999-05-12,0.634
1999-05-13,0.577
1999-05-14,0.514
1999-05-17,0.51
1999-05-18,0.532
1999-05-19,0.539
1999-05-20,0.516
1999-05-21,0.569
1999-05-24,0.583
1999-05-25,0.566
1999-05-26,0.608
1999-05-27,0.631
1999-05-28,0.61
1999-05-31,0.611
1999-06-01,0.706
1999-06-02,0.776
1999-06-03,0.711
1999-06-04,0.721
1999-06-07,0.719
1999-06-08,0.616
1999-06-09,0.604
1999-06-10,0.61
1999-06-11,0.85
1999-06-14,0.789
1999-06-15,0.719
1999-06-16,0.729
1999-06-17,0.824
1999-06-18,0.816
1999-06-21,0.814
1999-06-22,0.792
1999-06-23,0.877
1999-06-24,0.882
1999-06-25,0.94
1999-06-28,0.988
1999-06-29,1.014
1999-06-30,1.152
1999-07-01,1.027
1999-07-02,0.928
1999-07-05,0.851
1999-07-06,0.922
1999-07-07,0.904
1999-07-08,0.939
1999-07-09,0.97
1999-07-12,0.954
1999-07-13,0.903
1999-07-14,0.947
1999-07-15,0.971
1999-07-16,1.049
1999-07-19,1.077
1999-07-21,1.035
1999-07-22,0.961
1999-07-23,0.903
1999-07-26,0.933
1999-07-27,0.869
1999-07-28,0.915
1999-07-29,1.07
1999-07-30,1.038
1999-08-02,1.112
1999-08-03,1.151
1999-08-04,1.146
1999-08-05,1.073
1999-08-06,1.058
1999-08-09,1.111
1999-08-10,1.191
1999-08-11,1.152
1999-08-12,1.14
1999-08-13,1.139
1999-08-16,1.194
1999-08-17,1.174
1999-08-18,1.166
1999-08-19,1.121
1999-08-20,1.078
1999-08-23,1.119
1999-08-24,1.162
1999-08-25,1.196
1999-08-26,1.165
1999-08-27,1.165
1999-08-30,1.21
1999-08-31,1.14
1999-09-01,1.107
1999-09-02,1.105
1999-09-03,1.069
1999-09-06,1.021
1999-09-07,1.065
1999-09-08,1.075
1999-09-09,1.102
1999-09-10,1.084
1999-09-13,1.051
1999-09-14,0.983
1999-09-16,0.945
1999-09-17,0.932
1999-09-20,0.861
1999-09-21,0.88
1999-09-22,0.944
1999-09-24,0.882
1999-09-27,0.881
1999-09-28,0.889
1999-09-29,0.857
1999-09-30,0.905
1999-10-01,0.881
1999-10-04,0.82
1999-10-05,0.839
1999-10-06,0.904
1999-10-07,0.929
1999-10-08,0.971
1999-10-12,1.003
1999-10-13,0.938
1999-10-14,0.932
1999-10-15,0.931
1999-10-18,0.906
1999-10-19,0.92
1999-10-20,0.977
1999-10-21,1.014
1999-10-22,1.011
1999-10-25,0.994
1999-10-26,0.983
1999-10-27,0.958
1999-10-28,0.993
1999-10-29,0.944
1999-11-01,0.949
1999-11-02,0.917
1999-11-04,0.936
1999-11-05,0.918
1999-11-08,0.887
1999-11-09,0.915
1999-11-10,0.947
1999-11-11,0.944
1999-11-12,0.922
1999-11-15,0.897
1999-11-16,0.91
1999-11-17,0.961
1999-11-18,1.009
1999-11-19,0.989
1999-11-22,1.019
1999-11-24,1.055
1999-11-25,1.043
1999-11-26,1.103
1999-11-29,1.111
1999-11-30,1.062
1999-12-01,1.02
1999-12-02,1.029
1999-12-03,0.99
1999-12-06,0.972
1999-12-07,0.994
1999-12-08,0.965
1999-12-09,0.943
1999-12-10,0.981
1999-12-13,0.945
1999-12-14,0.986
1999-12-15,0.964
1999-12-16,0.987
1999-12-17,0.984
1999-12-20,0.98
1999-12-21,0.979
1999-12-22,0.974
1999-12-24,1.014
1999-12-27,1.003
1999-12-28,0.951
1999-12-29,0.948
1999-12-30,0.94
2000-01-04,1.013
2000-01-05,0.977
2000-01-06,0.974
2000-01-07,1.026
2000-01-11,1.035
2000-01-12,1.081
2000-01-13,1.065
2000-01-14,1.03
2000-01-17,1.044
2000-01-18,1.029
2000-01-19,1.03
2000-01-20,1.054
2000-01-21,1.032
2000-01-24,0.982
2000-01-25,0.951
2000-01-26,0.95
2000-01-27,0.951
2000-01-28,0.931
2000-01-31,0.989
2000-02-01,0.944
2000-02-02,1.02
2000-02-03,1.025
2000-02-04,0.983
2000-02-07,1.027
2000-02-08,1.083
2000-02-09,1.068
2000-02-10,1.069
2000-02-14,1.057
2000-02-15,1.037
2000-02-16,1.028
2000-02-17,1.066
2000-02-18,1.03
2000-02-21,1.018
2000-02-22,1.05
2000-02-23,1.053
2000-02-24,1.08
2000-02-25,1.091
2000-02-28,1.052
2000-02-29,1.075
2000-03-01,1.067
2000-03-02,1.048
2000-03-03,1.068
2000-03-06,1.062
2000-03-07,1.08
2000-03-08,1.054
2000-03-09,1.08
2000-03-10,1.106
2000-03-13,1.109
2000-03-14,1.113
2000-03-15,1.132
2000-03-16,1.16
2000-03-17,1.164
2000-03-21,1.191
2000-03-22,1.162
2000-03-23,1.155
2000-03-24,1.178
2000-03-27,1.213
2000-03-28,1.209
2000-03-29,1.198
2000-03-30,1.145
2000-03-31,1.128
2000-04-03,1.146
2000-04-04,1.126
2000-04-05,1.128
2000-04-06,1.118
2000-04-07,1.112
2000-04-10,1.145
2000-04-11,1.14
2000-04-12,1.149
2000-04-13,1.191
2000-04-14,1.178
2000-04-17,1.115
2000-04-18,1.121
2000-04-19,1.117
2000-04-20,1.137
2000-04-21,1.129
2000-04-24,1.117
2000-04-25,1.099
2000-04-26,1.085
2000-04-27,1.081
2000-04-28,1.096
2000-05-01,1.08
2000-05-02,1.075
2000-05-08,1.071
2000-05-09,1.046
2000-05-10,1.052
2000-05-11,1.038
2000-05-12,1.069
2000-05-15,1.078
2000-05-16,1.099
2000-05-17,1.112
2000-05-18,1.073
2000-05-19,1.077
2000-05-22,1.049
2000-05-23,1.06
2000-05-24,1.041
2000-05-25,1.059
2000-05-26,1.04
2000-05-29,1.036
2000-05-30,1.062
2000-05-31,1.044
2000-06-01,1.054
2000-06-02,1.08
2000-06-05,1.133
2000-06-06,1.144
2000-06-07,1.126
2000-06-08,1.123
2000-06-09,1.081
2000-06-12,1.092
2000-06-13,1.079
2000-06-14,1.09
2000-06-15,1.071
2000-06-16,1.039
2000-06-19,1.034
2000-06-20,1.053
2000-06-21,1.09
2000-06-22,1.097
2000-06-23,1.102
2000-06-26,1.145
2000-06-27,1.136
2000-06-28,1.116
2000-06-29,1.129
2000-06-30,1.131
2000-07-03,1.135
2000-07-04,1.106
2000-07-05,1.127
2000-07-06,1.103
2000-07-07,1.116
2000-07-10,1.118
2000-07-11,1.139
2000-07-12,1.15
2000-07-13,1.068
2000-07-14,1.072
2000-07-17,1.072
2000-07-18,1.058
2000-07-19,1.071
2000-07-21,1.074
2000-07-24,1.085
2000-07-25,1.101
2000-07-26,1.091
2000-07-27,1.07
2000-07-28,1.053
2000-07-31,1.047
2000-08-01,1.054
2000-08-02,1.057
2000-08-03,1.055
2000-08-04,1.046
2000-08-07,1.042
2000-08-08,1.058
2000-08-09,1.097
2000-08-10,1.115
2000-08-11,1.095
2000-08-14,1.099
2000-08-15,1.111
2000-08-16,1.121
2000-08-17,1.11
2000-08-18,1.128
2000-08-21,1.144
2000-08-22,1.176
2000-08-23,1.218
2000-08-24,1.202
2000-08-25,1.236
2000-08-28,1.257
2000-08-29,1.272
2000-08-30,1.255
2000-08-31,1.252
2000-09-01,1.296
2000-09-04,1.286
2000-09-05,1.31
2000-09-06,1.328
2000-09-07,1.304
2000-09-08,1.244
2000-09-11,1.235
2000-09-12,1.22
2000-09-13,1.234
2000-09-14,1.249
2000-09-18,1.238
2000-09-19,1.223
2000-09-20,1.23
2000-09-21,1.243
2000-09-22,1.204
2000-09-25,1.215
2000-09-26,1.243
2000-09-27,1.225
2000-09-28,1.225
2000-09-29,1.209
2000-10-02,1.2
2000-10-03,1.19
2000-10-04,1.186
2000-10-05,1.174
2000-10-06,1.177
2000-10-10,1.175
2000-10-11,1.163
2000-10-12,1.173
2000-10-13,1.151
2000-10-16,1.15
2000-10-17,1.153
2000-10-18,1.144
2000-10-19,1.134
2000-10-20,1.139
2000-10-23,1.161
2000-10-24,1.177
2000-10-25,1.17
2000-10-26,1.153
2000-10-27,1.146
2000-10-30,1.123
2000-10-31,1.12
2000-11-01,1.143
2000-11-02,1.123
2000-11-06,1.121
2000-11-07,1.132
2000-11-08,1.152
2000-11-09,1.144
2000-11-10,1.141
2000-11-13,1.11
2000-11-14,1.119
2000-11-15,1.113
2000-11-16,1.102
2000-11-17,1.102
2000-11-20,1.085
2000-11-21,1.081
2000-11-22,1.09
2000-11-24,1.071
2000-11-27,1.085
2000-11-28,1.074
2000-11-29,1.041
2000-11-30,0.998
2000-12-01,0.996
2000-12-04,1.007
2000-12-05,0.982
2000-12-06,0.995
2000-12-07,0.941
2000-12-08,0.974
2000-12-11,1.04
2000-12-12,1.047
2000-12-13,1.075
2000-12-14,1.041
2000-12-15,1.038
2000-12-18,1.059
2000-12-19,1.028
2000-12-20,0.977
2000-12-21,0.948
2000-12-22,0.955
2000-12-25,0.972
2000-12-26,0.962
2000-12-27,0.954
2000-12-28,1.006
2000-12-29,0.998
2001-01-04,0.96
2001-01-05,0.938
2001-01-09,0.905
2001-01-10,0.937
2001-01-11,0.897
2001-01-12,0.885
2001-01-15,0.898
2001-01-16,0.906
2001-01-17,0.915
2001-01-18,0.872
2001-01-19,0.862
2001-01-22,0.81
2001-01-23,0.816
2001-01-24,0.826
2001-01-25,0.787
2001-01-26,0.774
2001-01-29,0.79
2001-01-30,0.843
2001-01-31,0.84
2001-02-01,0.838
2001-02-02,0.877
2001-02-05,0.838
2001-02-06,0.844
2001-02-07,0.807
2001-02-08,0.795
2001-02-09,0.757
2001-02-13,0.739
2001-02-14,0.75
2001-02-15,0.742
2001-02-16,0.74
2001-02-19,0.708
2001-02-20,0.721
2001-02-21,0.711
2001-02-22,0.761
2001-02-23,0.731
2001-02-26,0.694
2001-02-27,0.687
2001-02-28,0.667
2001-03-01,0.581
2001-03-02,0.591
2001-03-05,0.593
2001-03-06,0.574
2001-03-07,0.558
2001-03-08,0.578
2001-03-09,0.601
2001-03-12,0.57
2001-03-13,0.57
2001-03-14,0.526
2001-03-15,0.502
2001-03-16,0.482
2001-03-19,0.483
2001-03-21,0.429
2001-03-22,0.457
2001-03-23,0.528
2001-03-26,0.529
2001-03-27,0.568
2001-03-28,0.643
2001-03-29,0.648
2001-03-30,0.589
2001-04-02,0.625
2001-04-03,0.615
2001-04-04,0.586
2001-04-05,0.574
2001-04-06,0.56
2001-04-09,0.563
2001-04-10,0.586
2001-04-11,0.576
2001-04-12,0.638
2001-04-13,0.635
2001-04-16,0.639
2001-04-17,0.647
2001-04-18,0.673
2001-04-19,0.652
2001-04-20,0.62
2001-04-23,0.571
2001-04-24,0.561
2001-04-25,0.561
2001-04-26,0.54
2001-04-27,0.534
2001-05-01,0.55
2001-05-02,0.559
2001-05-07,0.539
2001-05-08,0.525
2001-05-09,0.509
2001-05-10,0.491
2001-05-11,0.458
2001-05-14,0.451
2001-05-15,0.49
2001-05-16,0.488
2001-05-17,0.477
2001-05-18,0.434
2001-05-21,0.467
2001-05-22,0.476
2001-05-23,0.475
2001-05-24,0.464
2001-05-25,0.469
2001-05-28,0.465
2001-05-29,0.457
2001-05-30,0.447
2001-05-31,0.419
2001-06-01,0.423
2001-06-04,0.425
2001-06-05,0.412
2001-06-06,0.432
2001-06-07,0.428
2001-06-08,0.438
2001-06-11,0.427
2001-06-12,0.421
2001-06-13,0.41
2001-06-14,0.392
2001-06-15,0.4
2001-06-18,0.393
2001-06-19,0.389
2001-06-20,0.395
2001-06-21,0.395
2001-06-22,0.397
2001-06-25,0.384
2001-06-26,0.38
2001-06-27,0.372
2001-06-28,0.364
2001-06-29,0.403
2001-07-02,0.449
2001-07-03,0.449
2001-07-04,0.429
2001-07-05,0.413
2001-07-06,0.405
2001-07-09,0.452
2001-07-10,0.463
2001-07-11,0.441
2001-07-12,0.43
2001-07-13,0.441
2001-07-16,0.461
2001-07-17,0.479
2001-07-18,0.473
2001-07-19,0.478
2001-07-23,0.473
2001-07-24,0.493
2001-07-25,0.493
2001-07-26,0.468
2001-07-27,0.457
2001-07-30,0.458
2001-07-31,0.461
2001-08-01,0.459
2001-08-02,0.468
2001-08-03,0.492
2001-08-06,0.53
2001-08-07,0.575
2001-08-08,0.525
2001-08-09,0.506
2001-08-10,0.457
2001-08-13,0.439
2001-08-14,0.416
2001-08-15,0.391
2001-08-16,0.41
2001-08-17,0.438
2001-08-20,0.449
2001-08-21,0.474
2001-08-22,0.462
2001-08-23,0.481
2001-08-24,0.476
2001-08-27,0.502
2001-08-28,0.497
2001-08-29,0.5
2001-08-30,0.491
2001-08-31,0.497
2001-09-03,0.524
2001-09-04,0.511
2001-09-05,0.502
2001-09-06,0.504
2001-09-07,0.502
2001-09-10,0.503
2001-09-11,0.514
2001-09-12,0.502
2001-09-13,0.496
2001-09-14,0.461
2001-09-17,0.412
2001-09-18,0.426
2001-09-19,0.467
2001-09-20,0.5
2001-09-21,0.492
2001-09-25,0.486
2001-09-26,0.498
2001-09-27,0.485
2001-09-28,0.489
2001-10-01,0.466
2001-10-02,0.446
2001-10-03,0.456
2001-10-04,0.471
2001-10-05,0.473
2001-10-09,0.479
2001-10-10,0.483
2001-10-11,0.469
2001-10-12,0.476
2001-10-15,0.477
2001-10-16,0.458
2001-10-17,0.475
2001-10-18,0.463
2001-10-19,0.475
2001-10-22,0.48
2001-10-23,0.477
2001-10-24,0.467
2001-10-25,0.461
2001-10-26,0.463
2001-10-29,0.464
2001-10-30,0.475
2001-10-31,0.482
2001-11-01,0.473
2001-11-02,0.469
2001-11-05,0.464
2001-11-06,0.464
2001-11-07,0.45
2001-11-08,0.459
2001-11-09,0.478
2001-11-12,0.475
2001-11-13,0.478
2001-11-14,0.479
2001-11-15,0.491
2001-11-16,0.504
2001-11-19,0.499
2001-11-20,0.51
2001-11-21,0.508
2001-11-22,0.505
2001-11-26,0.525
2001-11-27,0.549
2001-11-28,0.529
2001-11-29,0.558
2001-11-30,0.524
2001-12-03,0.535
2001-12-04,0.531
2001-12-05,0.518
2001-12-06,0.533
2001-12-07,0.51
2001-12-10,0.495
2001-12-11,0.479
2001-12-12,0.481
2001-12-13,0.474
2001-12-14,0.496
2001-12-17,0.499
2001-12-18,0.5
2001-12-19,0.504
2001-12-20,0.497
2001-12-21,0.481
2001-12-25,0.482
2001-12-26,0.481
2001-12-27,0.491
2001-12-28,0.51
2002-01-04,0.548
2002-01-07,0.541
2002-01-08,0.551
2002-01-09,0.555
2002-01-10,0.552
2002-01-11,0.541
2002-01-15,0.553
2002-01-16,0.545
2002-01-17,0.573
2002-01-18,0.59
2002-01-21,0.616
2002-01-22,0.62
2002-01-23,0.61
2002-01-24,0.618
2002-01-25,0.647
2002-01-28,0.632
2002-01-29,0.641
2002-01-30,0.665
2002-01-31,0.678
2002-02-01,0.696
2002-02-04,0.657
2002-02-05,0.672
2002-02-06,0.652
2002-02-07,0.671
2002-02-08,0.632
2002-02-12,0.612
2002-02-13,0.643
2002-02-14,0.659
2002-02-15,0.642
2002-02-18,0.651
2002-02-19,0.677
2002-02-20,0.678
2002-02-21,0.647
2002-02-22,0.645
2002-02-25,0.64
2002-02-26,0.664
2002-02-27,0.666
2002-02-28,0.653
2002-03-01,0.641
2002-03-04,0.613
2002-03-05,0.604
2002-03-06,0.594
2002-03-07,0.576
2002-03-08,0.597
2002-03-11,0.618
2002-03-12,0.601
2002-03-13,0.587
2002-03-14,0.562
2002-03-15,0.568
2002-03-18,0.551
2002-03-19,0.548
2002-03-20,0.548
2002-03-22,0.551
2002-03-25,0.572
2002-03-26,0.57
2002-03-27,0.551
2002-03-28,0.525
2002-03-29,0.523
2002-04-01,0.54
2002-04-02,0.522
2002-04-03,0.523
2002-04-04,0.509
2002-04-05,0.513
2002-04-08,0.513
2002-04-09,0.527
2002-04-10,0.509
2002-04-11,0.495
2002-04-12,0.518
2002-04-15,0.505
2002-04-16,0.515
2002-04-17,0.522
2002-04-18,0.527
2002-04-19,0.521
2002-04-22,0.523
2002-04-23,0.533
2002-04-24,0.547
2002-04-25,0.554
2002-04-26,0.536
2002-04-30,0.502
2002-05-01,0.494
2002-05-02,0.5
2002-05-07,0.499
2002-05-08,0.512
2002-05-09,0.505
2002-05-10,0.502
2002-05-13,0.499
2002-05-14,0.489
2002-05-15,0.474
2002-05-16,0.48
2002-05-17,0.486
2002-05-20,0.51
2002-05-21,0.521
2002-05-22,0.523
2002-05-23,0.542
2002-05-24,0.529
2002-05-27,0.538
2002-05-28,0.516
2002-05-29,0.512
2002-05-30,0.492
2002-05-31,0.5
2002-06-03,0.499
2002-06-04,0.506
2002-06-05,0.51
2002-06-06,0.495
2002-06-07,0.476
2002-06-10,0.468
2002-06-11,0.472
2002-06-12,0.476
2002-06-13,0.467
2002-06-14,0.457
2002-06-17,0.46
2002-06-18,0.455
2002-06-19,0.469
2002-06-20,0.451
2002-06-21,0.428
2002-06-24,0.433
2002-06-25,0.434
2002-06-26,0.424
2002-06-27,0.433
2002-06-28,0.411
2002-07-01,0.441
2002-07-02,0.435
2002-07-03,0.44
2002-07-04,0.433
2002-07-05,0.434
2002-07-08,0.435
2002-07-09,0.43
2002-07-10,0.412
2002-07-11,0.402
2002-07-12,0.408
2002-07-15,0.397
2002-07-16,0.399
2002-07-17,0.398
2002-07-18,0.402
2002-07-19,0.405
2002-07-22,0.41
2002-07-23,0.424
2002-07-24,0.432
2002-07-25,0.423
2002-07-26,0.439
2002-07-29,0.457
2002-07-30,0.446
2002-07-31,0.423
2002-08-01,0.417
2002-08-02,0.398
2002-08-05,0.377
2002-08-06,0.399
2002-08-07,0.384
2002-08-08,0.386
2002-08-09,0.378
2002-08-12,0.369
2002-08-13,0.382
2002-08-14,0.366
2002-08-15,0.367
2002-08-16,0.379
2002-08-19,0.37
2002-08-20,0.371
2002-08-21,0.357
2002-08-22,0.343
2002-08-23,0.337
2002-08-26,0.334
2002-08-27,0.322
2002-08-28,0.329
2002-08-29,0.301
2002-08-30,0.309
2002-09-02,0.317
2002-09-03,0.312
2002-09-04,0.325
2002-09-05,0.326
2002-09-06,0.3
2002-09-09,0.299
2002-09-10,0.273
2002-09-11,0.287
2002-09-12,0.282
2002-09-13,0.284
2002-09-17,0.285
2002-09-18,0.39
2002-09-19,0.316
2002-09-20,0.35
2002-09-24,0.358
2002-09-25,0.338
2002-09-26,0.353
2002-09-27,0.357
2002-09-30,0.338
2002-10-01,0.32
2002-10-02,0.331
2002-10-03,0.311
2002-10-04,0.305
2002-10-07,0.314
2002-10-08,0.32
2002-10-09,0.301
2002-10-10,0.281
2002-10-11,0.285
2002-10-15,0.281
2002-10-16,0.286
2002-10-17,0.299
2002-10-18,0.299
2002-10-21,0.289
2002-10-22,0.305
2002-10-23,0.298
2002-10-24,0.3
2002-10-25,0.301
2002-10-28,0.291
2002-10-29,0.29
2002-10-30,0.292
2002-10-31,0.271
2002-11-01,0.275
2002-11-05,0.283
2002-11-06,0.294
2002-11-07,0.299
2002-11-08,0.297
2002-11-11,0.29
2002-11-12,0.291
2002-11-13,0.29
2002-11-14,0.307
2002-11-15,0.309
2002-11-18,0.313
2002-11-19,0.307
2002-11-20,0.316
2002-11-21,0.354
2002-11-22,0.323
2002-11-25,0.301
2002-11-26,0.291
2002-11-27,0.301
2002-11-28,0.296
2002-11-29,0.304
2002-12-02,0.309
2002-12-03,0.319
2002-12-04,0.319
2002-12-05,0.327
2002-12-06,0.328
2002-12-09,0.324
2002-12-10,0.312
2002-12-11,0.302
2002-12-12,0.307
2002-12-13,0.309
2002-12-16,0.295
2002-12-17,0.295
2002-12-18,0.3
2002-12-19,0.298
2002-12-20,0.296
2002-12-24,0.293
2002-12-25,0.287
2002-12-26,0.297
2002-12-27,0.297
2002-12-30,0.297
2003-01-06,0.303
2003-01-07,0.303
2003-01-08,0.303
2003-01-09,0.308
2003-01-10,0.31
2003-01-14,0.311
2003-01-15,0.294
2003-01-16,0.282
2003-01-17,0.278
2003-01-20,0.28
2003-01-21,0.28
2003-01-22,0.272
2003-01-23,0.266
2003-01-24,0.256
2003-01-27,0.25
2003-01-28,0.252
2003-01-29,0.25
2003-01-30,0.243
2003-01-31,0.257
2003-02-03,0.253
2003-02-04,0.272
2003-02-05,0.291
2003-02-06,0.293
2003-02-07,0.283
2003-02-10,0.283
2003-02-12,0.296
2003-02-13,0.295
2003-02-14,0.29
2003-02-17,0.301
2003-02-18,0.302
2003-02-19,0.301
2003-02-20,0.294
2003-02-21,0.285
2003-02-24,0.276
2003-02-25,0.266
2003-02-26,0.27
2003-02-27,0.27
2003-02-28,0.266
2003-03-03,0.267
2003-03-04,0.262
2003-03-05,0.262
2003-03-06,0.255
2003-03-07,0.253
2003-03-10,0.259
2003-03-11,0.251
2003-03-12,0.241
2003-03-13,0.241
2003-03-14,0.241
2003-03-17,0.236
2003-03-18,0.236
2003-03-19,0.236
2003-03-20,0.262
2003-03-24,0.262
2003-03-25,0.256
2003-03-26,0.256
2003-03-27,0.271
2003-03-28,0.267
2003-03-31,0.243
2003-04-01,0.253
2003-04-02,0.263
2003-04-03,0.253
2003-04-04,0.254
2003-04-07,0.268
2003-04-08,0.269
2003-04-09,0.258
2003-04-10,0.248
2003-04-11,0.246
2003-04-14,0.244
2003-04-15,0.249
2003-04-16,0.243
2003-04-17,0.241
2003-04-18,0.235
2003-04-21,0.235
2003-04-22,0.237
2003-04-23,0.237
2003-04-24,0.235
2003-04-25,0.231
2003-04-28,0.221
2003-04-30,0.217
2003-05-01,0.212
2003-05-02,0.21
2003-05-06,0.207
2003-05-07,0.207
2003-05-08,0.208
2003-05-09,0.197
2003-05-12,0.2
2003-05-13,0.199
2003-05-14,0.203
2003-05-15,0.198
2003-05-16,0.177
2003-05-19,0.194
2003-05-20,0.189
2003-05-21,0.179
2003-05-22,0.174
2003-05-23,0.175
2003-05-26,0.164
2003-05-27,0.163
2003-05-28,0.158
2003-05-29,0.158
2003-05-30,0.162
2003-06-02,0.163
2003-06-03,0.162
2003-06-04,0.164
2003-06-05,0.161
2003-06-06,0.154
2003-06-09,0.153
2003-06-10,0.161
2003-06-11,0.161
2003-06-12,0.162
2003-06-13,0.165
2003-06-16,0.166
2003-06-17,0.182
2003-06-18,0.216
2003-06-19,0.291
2003-06-20,0.22
2003-06-23,0.251
2003-06-24,0.257
2003-06-25,0.251
2003-06-26,0.249
2003-06-27,0.293
2003-06-30,0.347
2003-07-01,0.363
2003-07-02,0.382
2003-07-03,0.478
2003-07-04,0.461
2003-07-07,0.469
2003-07-08,0.507
2003-07-09,0.443
2003-07-10,0.392
2003-07-11,0.384
2003-07-14,0.405
2003-07-15,0.424
2003-07-16,0.445
2003-07-17,0.395
2003-07-18,0.385
2003-07-22,0.368
2003-07-23,0.36
2003-07-24,0.391
2003-07-25,0.339
2003-07-28,0.314
2003-07-29,0.335
2003-07-30,0.335
2003-07-31,0.321
2003-08-01,0.352
2003-08-04,0.348
2003-08-05,0.322
2003-08-06,0.343
2003-08-07,0.339
2003-08-08,0.328
2003-08-11,0.331
2003-08-12,0.335
2003-08-13,0.358
2003-08-14,0.403
2003-08-15,0.431
2003-08-18,0.501
2003-08-19,0.609
2003-08-20,0.675
2003-08-21,0.585
2003-08-22,0.609
2003-08-25,0.634
2003-08-26,0.691
2003-08-27,0.669
2003-08-28,0.692
2003-08-29,0.72
2003-09-01,0.841
2003-09-02,0.996
2003-09-03,0.951
2003-09-04,0.836
2003-09-05,0.749
2003-09-08,0.754
2003-09-09,0.852
2003-09-10,0.82
2003-09-11,0.732
2003-09-12,0.742
2003-09-16,0.681
2003-09-17,0.672
2003-09-18,0.632
2003-09-19,0.636
2003-09-22,0.533
2003-09-24,0.561
2003-09-25,0.631
2003-09-26,0.655
2003-09-29,0.685
2003-09-30,0.667
2003-10-01,0.647
2003-10-02,0.613
2003-10-03,0.599
2003-10-06,0.604
2003-10-07,0.592
2003-10-08,0.563
2003-10-09,0.554
2003-10-10,0.573
2003-10-14,0.632
2003-10-15,0.604
2003-10-16,0.595
2003-10-17,0.636
2003-10-20,0.715
2003-10-21,0.68
2003-10-22,0.63
2003-10-23,0.571
2003-10-24,0.6
2003-10-27,0.604
2003-10-28,0.616
2003-10-29,0.613
2003-10-30,0.637
2003-10-31,0.654
2003-11-04,0.692
2003-11-05,0.712
2003-11-06,0.735
2003-11-07,0.77
2003-11-10,0.755
2003-11-11,0.652
2003-11-12,0.633
2003-11-13,0.642
2003-11-14,0.623
2003-11-17,0.564
2003-11-18,0.604
2003-11-19,0.608
2003-11-20,0.641
2003-11-21,0.616
2003-11-25,0.617
2003-11-26,0.622
2003-11-27,0.613
2003-11-28,0.577
2003-12-01,0.618
2003-12-02,0.69
2003-12-03,0.667
2003-12-04,0.68
2003-12-05,0.649
2003-12-08,0.62
2003-12-09,0.601
2003-12-10,0.567
2003-12-11,0.581
2003-12-12,0.552
2003-12-15,0.601
2003-12-16,0.555
2003-12-17,0.546
2003-12-18,0.56
2003-12-19,0.561
2003-12-22,0.558
2003-12-24,0.565
2003-12-25,0.545
2003-12-26,0.57
2003-12-29,0.598
2003-12-30,0.6
2004-01-05,0.624
2004-01-06,0.589
2004-01-07,0.598
2004-01-08,0.609
2004-01-09,0.595
2004-01-13,0.546
2004-01-14,0.559
2004-01-15,0.543
2004-01-16,0.526
2004-01-19,0.54
2004-01-20,0.57
2004-01-21,0.558
2004-01-22,0.546
2004-01-23,0.546
2004-01-26,0.523
2004-01-27,0.523
2004-01-28,0.528
2004-01-29,0.545
2004-01-30,0.521
2004-02-02,0.521
2004-02-03,0.525
2004-02-04,0.5
2004-02-05,0.488
2004-02-06,0.496
2004-02-09,0.502
2004-02-10,0.501
2004-02-12,0.493
2004-02-13,0.506
2004-02-16,0.509
2004-02-17,0.521
2004-02-18,0.498
2004-02-19,0.499
2004-02-20,0.475
2004-02-23,0.488
2004-02-24,0.477
2004-02-25,0.453
2004-02-26,0.456
2004-02-27,0.467
2004-03-01,0.495
2004-03-02,0.558
2004-03-03,0.607
2004-03-04,0.597
2004-03-05,0.627
2004-03-08,0.598
2004-03-09,0.567
2004-03-10,0.538
2004-03-11,0.518
2004-03-12,0.502
2004-03-15,0.525
2004-03-16,0.514
2004-03-17,0.526
2004-03-18,0.545
2004-03-19,0.592
2004-03-22,0.583
2004-03-23,0.557
2004-03-24,0.533
2004-03-25,0.531
2004-03-26,0.603
2004-03-29,0.676
2004-03-30,0.646
2004-03-31,0.628
2004-04-01,0.606
2004-04-02,0.612
2004-04-05,0.678
2004-04-06,0.693
2004-04-07,0.669
2004-04-08,0.669
2004-04-09,0.651
2004-04-12,0.693
2004-04-13,0.669
2004-04-14,0.707
2004-04-15,0.67
2004-04-16,0.655
2004-04-19,0.643
2004-04-20,0.671
2004-04-21,0.706
2004-04-22,0.67
2004-04-23,0.648
2004-04-26,0.653
2004-04-27,0.656
2004-04-28,0.685
2004-04-30,0.686
2004-05-06,0.648
2004-05-07,0.616
2004-05-10,0.633
2004-05-11,0.671
2004-05-12,0.666
2004-05-13,0.64
2004-05-14,0.644
2004-05-17,0.607
2004-05-18,0.645
2004-05-19,0.649
2004-05-20,0.626
2004-05-21,0.624
2004-05-24,0.635
2004-05-25,0.624
2004-05-26,0.627
2004-05-27,0.631
2004-05-28,0.669
2004-05-31,0.676
2004-06-01,0.698
2004-06-02,0.695
2004-06-03,0.694
2004-06-04,0.714
2004-06-07,0.786
2004-06-08,0.828
2004-06-09,0.885
2004-06-10,0.917
2004-06-11,0.903
2004-06-14,0.975
2004-06-15,0.912
2004-06-16,0.951
2004-06-17,0.981
2004-06-18,0.946
2004-06-21,0.92
2004-06-22,0.932
2004-06-23,0.943
2004-06-24,0.946
2004-06-25,0.873
2004-06-28,0.899
2004-06-29,0.879
2004-06-30,0.83
2004-07-01,0.87
2004-07-02,0.803
2004-07-05,0.815
2004-07-06,0.797
2004-07-07,0.81
2004-07-08,0.806
2004-07-09,0.844
2004-07-12,0.827
2004-07-13,0.821
2004-07-14,0.857
2004-07-15,0.881
2004-07-16,0.842
2004-07-20,0.819
2004-07-21,0.85
2004-07-22,0.848
2004-07-23,0.884
2004-07-26,0.886
2004-07-27,0.91
2004-07-28,0.915
2004-07-29,0.882
2004-07-30,0.908
2004-08-02,0.939
2004-08-03,0.936
2004-08-04,0.88
2004-08-05,0.844
2004-08-06,0.805
2004-08-09,0.78
2004-08-10,0.786
2004-08-11,0.809
2004-08-12,0.787
2004-08-13,0.74
2004-08-16,0.722
2004-08-17,0.751
2004-08-18,0.728
2004-08-19,0.747
2004-08-20,0.732
2004-08-23,0.762
2004-08-24,0.759
2004-08-25,0.789
2004-08-26,0.773
2004-08-27,0.739
2004-08-30,0.739
2004-08-31,0.699
2004-09-01,0.683
2004-09-02,0.681
2004-09-03,0.698
2004-09-06,0.741
2004-09-07,0.764
2004-09-08,0.751
2004-09-09,0.697
2004-09-10,0.679
2004-09-13,0.685
2004-09-14,0.691
2004-09-15,0.669
2004-09-16,0.686
2004-09-17,0.662
2004-09-21,0.644
2004-09-22,0.634
2004-09-24,0.616
2004-09-27,0.617
2004-09-28,0.601
2004-09-29,0.61
2004-09-30,0.625
2004-10-01,0.643
2004-10-04,0.685
2004-10-05,0.715
2004-10-06,0.691
2004-10-07,0.687
2004-10-08,0.681
2004-10-12,0.627
2004-10-13,0.644
2004-10-14,0.621
2004-10-15,0.622
2004-10-18,0.638
2004-10-19,0.648
2004-10-20,0.623
2004-10-21,0.609
2004-10-22,0.645
2004-10-25,0.6
2004-10-26,0.607
2004-10-27,0.613
2004-10-28,0.642
2004-10-29,0.638
2004-11-01,0.639
2004-11-02,0.677
2004-11-04,0.656
2004-11-05,0.668
2004-11-08,0.687
2004-11-09,0.663
2004-11-10,0.644
2004-11-11,0.627
2004-11-12,0.645
2004-11-15,0.651
2004-11-16,0.642
2004-11-17,0.637
2004-11-18,0.607
2004-11-19,0.604
2004-11-22,0.583
2004-11-24,0.584
2004-11-25,0.595
2004-11-26,0.611
2004-11-29,0.628
2004-11-30,0.614
2004-12-01,0.61
2004-12-02,0.592
2004-12-03,0.593
2004-12-06,0.597
2004-12-07,0.597
2004-12-08,0.591
2004-12-09,0.561
2004-12-10,0.557
2004-12-13,0.548
2004-12-14,0.559
2004-12-15,0.569
2004-12-16,0.57
2004-12-17,0.588
2004-12-20,0.572
2004-12-21,0.548
2004-12-22,0.548
2004-12-24,0.557
2004-12-27,0.589
2004-12-28,0.609
2004-12-29,0.6
2004-12-30,0.604
2005-01-04,0.578
2005-01-05,0.582
2005-01-06,0.587
2005-01-07,0.583
2005-01-11,0.57
2005-01-12,0.551
2005-01-13,0.565
2005-01-14,0.574
2005-01-17,0.585
2005-01-18,0.565
2005-01-19,0.558
2005-01-20,0.554
2005-01-21,0.544
2005-01-24,0.545
2005-01-25,0.536
2005-01-26,0.541
2005-01-27,0.539
2005-01-28,0.528
2005-01-31,0.542
2005-02-01,0.526
2005-02-02,0.52
2005-02-03,0.538
2005-02-04,0.549
2005-02-07,0.551
2005-02-08,0.556
2005-02-09,0.596
2005-02-10,0.615
2005-02-14,0.639
2005-02-15,0.639
2005-02-16,0.619
2005-02-17,0.604
2005-02-18,0.61
2005-02-21,0.633
2005-02-22,0.623
2005-02-23,0.597
2005-02-24,0.593
2005-02-25,0.617
2005-02-28,0.65
2005-03-01,0.664
2005-03-02,0.669
2005-03-03,0.684
2005-03-04,0.673
2005-03-07,0.659
2005-03-08,0.66
2005-03-09,0.659
2005-03-10,0.653
2005-03-11,0.662
2005-03-14,0.673
2005-03-15,0.649
2005-03-16,0.65
2005-03-17,0.614
2005-03-18,0.622
2005-03-22,0.623
2005-03-23,0.612
2005-03-24,0.592
2005-03-25,0.574
2005-03-28,0.575
2005-03-29,0.554
2005-03-30,0.559
2005-03-31,0.541
2005-04-01,0.537
2005-04-04,0.532
2005-04-05,0.549
2005-04-06,0.566
2005-04-07,0.549
2005-04-08,0.555
2005-04-11,0.556
2005-04-12,0.545
2005-04-13,0.541
2005-04-14,0.531
2005-04-15,0.511
2005-04-18,0.487
2005-04-19,0.493
2005-04-20,0.473
2005-04-21,0.488
2005-04-22,0.499
2005-04-25,0.481
2005-04-26,0.471
2005-04-27,0.471
2005-04-28,0.458
2005-05-02,0.448
2005-05-06,0.441
2005-05-09,0.485
2005-05-10,0.49
2005-05-11,0.482
2005-05-12,0.483
2005-05-13,0.482
2005-05-16,0.509
2005-05-17,0.513
2005-05-18,0.499
2005-05-19,0.489
2005-05-20,0.485
2005-05-23,0.502
2005-05-24,0.473
2005-05-25,0.447
2005-05-26,0.451
2005-05-27,0.462
2005-05-30,0.462
2005-05-31,0.463
2005-06-01,0.442
2005-06-02,0.452
2005-06-03,0.456
2005-06-06,0.463
2005-06-07,0.445
2005-06-08,0.452
2005-06-09,0.442
2005-06-10,0.442
2005-06-13,0.453
2005-06-14,0.454
2005-06-15,0.454
2005-06-16,0.489
2005-06-17,0.503
2005-06-20,0.49
2005-06-21,0.496
2005-06-22,0.483
2005-06-23,0.448
2005-06-24,0.433
2005-06-27,0.423
2005-06-28,0.434
2005-06-29,0.416
2005-06-30,0.406
2005-07-01,0.415
2005-07-04,0.45
2005-07-05,0.457
2005-07-06,0.473
2005-07-07,0.457
2005-07-08,0.439
2005-07-11,0.465
2005-07-12,0.465
2005-07-13,0.48
2005-07-14,0.476
2005-07-15,0.493
2005-07-19,0.497
2005-07-20,0.497
2005-07-21,0.487
2005-07-22,0.467
2005-07-25,0.485
2005-07-26,0.493
2005-07-27,0.525
2005-07-28,0.526
2005-07-29,0.536
2005-08-01,0.567
2005-08-02,0.589
2005-08-03,0.579
2005-08-04,0.595
2005-08-05,0.585
2005-08-08,0.609
2005-08-09,0.615
2005-08-10,0.658
2005-08-11,0.711
2005-08-12,0.658
2005-08-15,0.663
2005-08-16,0.683
2005-08-17,0.645
2005-08-18,0.642
2005-08-19,0.634
2005-08-22,0.685
2005-08-23,0.682
2005-08-24,0.647
2005-08-25,0.662
2005-08-26,0.653
2005-08-29,0.611
2005-08-30,0.622
2005-08-31,0.583
2005-09-01,0.57
2005-09-02,0.535
2005-09-05,0.566
2005-09-06,0.559
2005-09-07,0.565
2005-09-08,0.57
2005-09-09,0.589
2005-09-12,0.617
2005-09-13,0.613
2005-09-14,0.628
2005-09-15,0.628
2005-09-16,0.624
2005-09-20,0.649
2005-09-21,0.672
2005-09-22,0.652
2005-09-26,0.693
2005-09-27,0.701
2005-09-28,0.772
2005-09-29,0.783
2005-09-30,0.773
2005-10-03,0.777
2005-10-04,0.838
2005-10-05,0.795
2005-10-06,0.773
2005-10-07,0.792
2005-10-11,0.828
2005-10-12,0.832
2005-10-13,0.851
2005-10-14,0.863
2005-10-17,0.889
2005-10-18,0.874
2005-10-19,0.82
2005-10-20,0.833
2005-10-21,0.84
2005-10-24,0.827
2005-10-25,0.827
2005-10-26,0.844
2005-10-27,0.828
2005-10-28,0.818
2005-10-31,0.859
2005-11-01,0.9
2005-11-02,0.905
2005-11-04,0.985
2005-11-07,0.982
2005-11-08,0.952
2005-11-09,0.923
2005-11-10,0.931
2005-11-11,0.91
2005-11-14,0.856
2005-11-15,0.82
2005-11-16,0.846
2005-11-17,0.817
2005-11-18,0.793
2005-11-21,0.807
2005-11-22,0.799
2005-11-24,0.762
2005-11-25,0.779
2005-11-28,0.788
2005-11-29,0.791
2005-11-30,0.771
2005-12-01,0.783
2005-12-02,0.825
2005-12-05,0.889
2005-12-06,0.874
2005-12-07,0.862
2005-12-08,0.835
2005-12-09,0.858
2005-12-12,0.904
2005-12-13,0.896
2005-12-14,0.854
2005-12-15,0.828
2005-12-16,0.857
2005-12-19,0.873
2005-12-20,0.874
2005-12-21,0.899
2005-12-22,0.906
2005-12-26,0.901
2005-12-27,0.869
2005-12-28,0.886
2005-12-29,0.884
2005-12-30,0.854
2006-01-04,0.827
2006-01-05,0.803
2006-01-06,0.809
2006-01-10,0.799
2006-01-11,0.834
2006-01-12,0.826
2006-01-13,0.831
2006-01-16,0.836
2006-01-17,0.803
2006-01-18,0.8
2006-01-19,0.83
2006-01-20,0.826
2006-01-23,0.8
2006-01-24,0.805
2006-01-25,0.827
2006-01-26,0.871
2006-01-27,0.897
2006-01-30,0.913
2006-01-31,0.923
2006-02-01,0.914
2006-02-02,0.934
2006-02-03,0.964
2006-02-06,0.948
2006-02-07,0.963
2006-02-08,0.982
2006-02-09,0.973
2006-02-10,1.041
2006-02-13,1.033
2006-02-14,1.054
2006-02-15,1.063
2006-02-16,1.038
2006-02-17,1.042
2006-02-20,1.031
2006-02-21,1.004
2006-02-22,1.003
2006-02-23,1.032
2006-02-24,1.122
2006-02-27,1.109
2006-02-28,1.104
2006-03-01,1.119
2006-03-02,1.11
2006-03-03,1.098
2006-03-06,1.118
2006-03-07,1.115
2006-03-08,1.072
2006-03-09,1.07
2006-03-10,1.106
2006-03-13,1.176
2006-03-14,1.178
2006-03-15,1.216
2006-03-16,1.192
2006-03-17,1.184
2006-03-20,1.207
2006-03-22,1.229
2006-03-23,1.219
2006-03-24,1.23
2006-03-27,1.197
2006-03-28,1.208
2006-03-29,1.294
2006-03-30,1.307
2006-03-31,1.303
2006-04-03,1.363
2006-04-04,1.324
2006-04-05,1.302
2006-04-06,1.351
2006-04-07,1.385
2006-04-10,1.378
2006-04-11,1.368
2006-04-12,1.365
2006-04-13,1.389
2006-04-14,1.409
2006-04-17,1.388
2006-04-18,1.405
2006-04-19,1.363
2006-04-20,1.372
2006-04-21,1.364
2006-04-24,1.347
2006-04-25,1.348
2006-04-26,1.393
2006-04-27,1.424
2006-04-28,1.375
2006-05-01,1.326
2006-05-02,1.354
2006-05-08,1.397
2006-05-09,1.432
2006-05-10,1.504
2006-05-11,1.501
2006-05-12,1.504
2006-05-15,1.499
2006-05-16,1.474
2006-05-17,1.43
2006-05-18,1.451
2006-05-19,1.414
2006-05-22,1.359
2006-05-23,1.309
2006-05-24,1.335
2006-05-25,1.377
2006-05-26,1.385
2006-05-29,1.387
2006-05-30,1.372
2006-05-31,1.345
2006-06-01,1.436
2006-06-02,1.416
2006-06-05,1.371
2006-06-06,1.434
2006-06-07,1.381
2006-06-08,1.333
2006-06-09,1.3
2006-06-12,1.306
2006-06-13,1.267
2006-06-14,1.243
2006-06-15,1.239
2006-06-16,1.285
2006-06-19,1.298
2006-06-20,1.342
2006-06-21,1.353
2006-06-22,1.353
2006-06-23,1.358
2006-06-26,1.377
2006-06-27,1.388
2006-06-28,1.393
2006-06-29,1.414
2006-06-30,1.411
2006-07-03,1.475
2006-07-04,1.478
2006-07-05,1.508
2006-07-06,1.517
2006-07-07,1.494
2006-07-10,1.502
2006-07-11,1.487
2006-07-12,1.443
2006-07-13,1.428
2006-07-14,1.353
2006-07-18,1.323
2006-07-19,1.353
2006-07-20,1.334
2006-07-21,1.328
2006-07-24,1.361
2006-07-25,1.381
2006-07-26,1.368
2006-07-27,1.37
2006-07-28,1.405
2006-07-31,1.412
2006-08-01,1.416
2006-08-02,1.39
2006-08-03,1.375
2006-08-04,1.384
2006-08-07,1.342
2006-08-08,1.371
2006-08-09,1.382
2006-08-10,1.43
2006-08-11,1.374
2006-08-14,1.408
2006-08-15,1.399
2006-08-16,1.369
2006-08-17,1.355
2006-08-18,1.379
2006-08-21,1.335
2006-08-22,1.312
2006-08-23,1.323
2006-08-24,1.319
2006-08-25,1.198
2006-08-28,1.16
2006-08-29,1.192
2006-08-30,1.153
2006-08-31,1.108
2006-09-01,1.122
2006-09-04,1.165
2006-09-05,1.187
2006-09-06,1.179
2006-09-07,1.174
2006-09-08,1.209
2006-09-11,1.14
2006-09-12,1.167
2006-09-13,1.141
2006-09-14,1.147
2006-09-15,1.135
2006-09-19,1.174
2006-09-20,1.136
2006-09-21,1.149
2006-09-22,1.094
2006-09-25,1.093
2006-09-26,1.06
2006-09-27,1.101
2006-09-28,1.112
2006-09-29,1.133
2006-10-02,1.19
2006-10-03,1.153
2006-10-04,1.151
2006-10-05,1.173
2006-10-06,1.158
2006-10-10,1.174
2006-10-11,1.208
2006-10-12,1.205
2006-10-13,1.235
2006-10-16,1.284
2006-10-17,1.276
2006-10-18,1.296
2006-10-19,1.314
2006-10-20,1.3
2006-10-23,1.33
2006-10-24,1.297
2006-10-25,1.274
2006-10-26,1.234
2006-10-27,1.234
2006-10-30,1.214
2006-10-31,1.195
2006-11-01,1.206
2006-11-02,1.206
2006-11-06,1.256
2006-11-07,1.261
2006-11-08,1.239
2006-11-09,1.215
2006-11-10,1.205
2006-11-13,1.174
2006-11-14,1.253
2006-11-15,1.251
2006-11-16,1.258
2006-11-17,1.259
2006-11-20,1.211
2006-11-21,1.215
2006-11-22,1.219
2006-11-24,1.219
2006-11-27,1.23
2006-11-28,1.209
2006-11-29,1.25
2006-11-30,1.212
2006-12-01,1.18
2006-12-04,1.195
2006-12-05,1.195
2006-12-06,1.224
2006-12-07,1.264
2006-12-08,1.273
2006-12-11,1.231
2006-12-12,1.214
2006-12-13,1.189
2006-12-14,1.198
2006-12-15,1.244
2006-12-18,1.267
2006-12-19,1.23
2006-12-20,1.198
2006-12-21,1.188
2006-12-22,1.172
2006-12-25,1.168
2006-12-26,1.158
2006-12-27,1.233
2006-12-28,1.238
2006-12-29,1.242
2007-01-04,1.288
2007-01-05,1.284
2007-01-09,1.3
2007-01-10,1.307
2007-01-11,1.291
2007-01-12,1.3
2007-01-15,1.301
2007-01-16,1.294
2007-01-17,1.223
2007-01-18,1.246
2007-01-19,1.195
2007-01-22,1.173
2007-01-23,1.177
2007-01-24,1.185
2007-01-25,1.192
2007-01-26,1.182
2007-01-29,1.208
2007-01-30,1.202
2007-01-31,1.194
2007-02-01,1.209
2007-02-02,1.238
2007-02-05,1.233
2007-02-06,1.253
2007-02-07,1.263
2007-02-08,1.245
2007-02-09,1.207
2007-02-13,1.257
2007-02-14,1.251
2007-02-15,1.277
2007-02-16,1.241
2007-02-19,1.246
2007-02-20,1.232
2007-02-21,1.231
2007-02-22,1.222
2007-02-23,1.245
2007-02-26,1.237
2007-02-27,1.209
2007-02-28,1.203
2007-03-01,1.226
2007-03-02,1.216
2007-03-05,1.173
2007-03-06,1.186
2007-03-07,1.175
2007-03-08,1.178
2007-03-09,1.169
2007-03-12,1.176
2007-03-13,1.166
2007-03-14,1.127
2007-03-15,1.14
2007-03-16,1.132
2007-03-19,1.143
2007-03-20,1.138
2007-03-22,1.128
2007-03-23,1.172
2007-03-26,1.198
2007-03-27,1.179
2007-03-28,1.207
2007-03-29,1.186
2007-03-30,1.189
2007-04-02,1.181
2007-04-03,1.186
2007-04-04,1.23
2007-04-05,1.216
2007-04-06,1.212
2007-04-09,1.226
2007-04-10,1.232
2007-04-11,1.195
2007-04-12,1.207
2007-04-13,1.204
2007-04-16,1.242
2007-04-17,1.245
2007-04-18,1.264
2007-04-19,1.236
2007-04-20,1.259
2007-04-23,1.26
2007-04-24,1.237
2007-04-25,1.227
2007-04-26,1.238
2007-04-27,1.215
2007-05-01,1.19
2007-05-02,1.2
2007-05-07,1.214
2007-05-08,1.229
2007-05-09,1.251
2007-05-10,1.26
2007-05-11,1.242
2007-05-14,1.258
2007-05-15,1.265
2007-05-16,1.244
2007-05-17,1.218
2007-05-18,1.234
2007-05-21,1.246
2007-05-22,1.235
2007-05-23,1.276
2007-05-24,1.289
2007-05-25,1.317
2007-05-28,1.323
2007-05-29,1.351
2007-05-30,1.352
2007-05-31,1.359
2007-06-01,1.387
2007-06-04,1.408
2007-06-05,1.448
2007-06-06,1.452
2007-06-07,1.477
2007-06-08,1.515
2007-06-11,1.528
2007-06-12,1.541
2007-06-13,1.571
2007-06-14,1.548
2007-06-15,1.515
2007-06-18,1.487
2007-06-19,1.521
2007-06-20,1.496
2007-06-21,1.515
2007-06-22,1.496
2007-06-25,1.497
2007-06-26,1.489
2007-06-27,1.477
2007-06-28,1.515
2007-06-29,1.474
2007-07-02,1.492
2007-07-03,1.492
2007-07-04,1.494
2007-07-05,1.52
2007-07-06,1.539
2007-07-09,1.555
2007-07-10,1.561
2007-07-11,1.48
2007-07-12,1.493
2007-07-13,1.533
2007-07-17,1.524
2007-07-18,1.501
2007-07-19,1.51
2007-07-20,1.491
2007-07-23,1.458
2007-07-24,1.465
2007-07-25,1.455
2007-07-26,1.455
2007-07-27,1.383
2007-07-30,1.402
2007-07-31,1.388
2007-08-01,1.355
2007-08-02,1.379
2007-08-03,1.359
2007-08-06,1.322
2007-08-07,1.326
2007-08-08,1.375
2007-08-09,1.406
2007-08-10,1.302
2007-08-13,1.281
2007-08-14,1.295
2007-08-15,1.222
2007-08-16,1.207
2007-08-17,1.112
2007-08-20,1.151
2007-08-21,1.125
2007-08-22,1.145
2007-08-23,1.205
2007-08-24,1.181
2007-08-27,1.191
2007-08-28,1.186
2007-08-29,1.166
2007-08-30,1.144
2007-08-31,1.183
2007-09-03,1.195
2007-09-04,1.191
2007-09-05,1.163
2007-09-06,1.158
2007-09-07,1.146
2007-09-10,1.076
2007-09-11,1.083
2007-09-12,1.065
2007-09-13,1.079
2007-09-14,1.102
2007-09-18,1.08
2007-09-19,1.124
2007-09-20,1.15
2007-09-21,1.208
2007-09-25,1.23
2007-09-26,1.216
2007-09-27,1.249
2007-09-28,1.195
2007-10-01,1.182
2007-10-02,1.207
2007-10-03,1.211
2007-10-04,1.251
2007-10-05,1.237
2007-10-09,1.261
2007-10-10,1.28
2007-10-11,1.281
2007-10-12,1.238
2007-10-15,1.264
2007-10-16,1.239
2007-10-17,1.177
2007-10-18,1.167
2007-10-19,1.134
2007-10-22,1.114
2007-10-23,1.12
2007-10-24,1.099
2007-10-25,1.087
2007-10-26,1.121
2007-10-29,1.102
2007-10-30,1.094
2007-10-31,1.102
2007-11-01,1.176
2007-11-02,1.102
2007-11-05,1.12
2007-11-06,1.102
2007-11-07,1.091
2007-11-08,1.075
2007-11-09,1.071
2007-11-12,1.068
2007-11-13,1.049
2007-11-14,1.088
2007-11-15,1.058
2007-11-16,1.044
2007-11-19,1.049
2007-11-20,1.054
2007-11-21,1.024
2007-11-22,1.017
2007-11-26,1.062
2007-11-27,1.053
2007-11-28,1.034
2007-11-29,1.049
2007-11-30,1.038
2007-12-03,1.01
2007-12-04,0.979
2007-12-05,1.017
2007-12-06,1.083
2007-12-07,1.091
2007-12-10,1.083
2007-12-11,1.098
2007-12-12,1.044
2007-12-13,1.045
2007-12-14,1.059
2007-12-17,1.056
2007-12-18,1.031
2007-12-19,1.003
2007-12-20,1.018
2007-12-21,1.047
2007-12-25,1.079
2007-12-26,1.058
2007-12-27,1.054
2007-12-28,1.009
2008-01-04,0.973
2008-01-07,0.968
2008-01-08,0.964
2008-01-09,0.955
2008-01-10,0.924
2008-01-11,0.895
2008-01-15,0.898
2008-01-16,0.869
2008-01-17,0.869
2008-01-18,0.863
2008-01-21,0.83
2008-01-22,0.79
2008-01-23,0.792
2008-01-24,0.825
2008-01-25,0.919
2008-01-28,0.853
2008-01-29,0.91
2008-01-30,0.891
2008-01-31,0.892
2008-02-01,0.89
2008-02-04,0.941
2008-02-05,0.962
2008-02-06,0.882
2008-02-07,0.904
2008-02-08,0.894
2008-02-12,0.885
2008-02-13,0.901
2008-02-14,0.943
2008-02-15,0.939
2008-02-18,0.942
2008-02-19,0.955
2008-02-20,0.92
2008-02-21,0.98
2008-02-22,0.944
2008-02-25,0.976
2008-02-26,0.971
2008-02-27,0.968
2008-02-28,0.92
2008-02-29,0.847
2008-03-03,0.822
2008-03-04,0.848
2008-03-05,0.816
2008-03-06,0.79
2008-03-07,0.761
2008-03-10,0.739
2008-03-11,0.766
2008-03-12,0.78
2008-03-13,0.739
2008-03-14,0.741
2008-03-17,0.727
2008-03-18,0.776
2008-03-19,0.755
2008-03-21,0.776
2008-03-24,0.772
2008-03-25,0.753
2008-03-26,0.757
2008-03-27,0.747
2008-03-28,0.747
2008-03-31,0.743
2008-04-01,0.805
2008-04-02,0.826
2008-04-03,0.824
2008-04-04,0.806
2008-04-07,0.82
2008-04-08,0.802
2008-04-09,0.819
2008-04-10,0.809
2008-04-11,0.853
2008-04-14,0.824
2008-04-15,0.844
2008-04-16,0.865
2008-04-17,0.909
2008-04-18,0.923
2008-04-21,0.968
2008-04-22,0.996
2008-04-23,0.977
2008-04-24,1.052
2008-04-25,1.215
2008-04-28,1.227
2008-04-30,1.149
2008-05-01,1.111
2008-05-02,1.161
2008-05-07,1.195
2008-05-08,1.179
2008-05-09,1.124
2008-05-12,1.153
2008-05-13,1.186
2008-05-14,1.283
2008-05-15,1.276
2008-05-16,1.297
2008-05-19,1.263
2008-05-20,1.225
2008-05-21,1.185
2008-05-22,1.223
2008-05-23,1.316
2008-05-26,1.319
2008-05-27,1.351
2008-05-28,1.312
2008-05-29,1.37
2008-05-30,1.34
2008-06-02,1.385
2008-06-03,1.271
2008-06-04,1.337
2008-06-05,1.296
2008-06-06,1.379
2008-06-09,1.322
2008-06-10,1.445
2008-06-11,1.501
2008-06-12,1.469
2008-06-13,1.531
2008-06-16,1.495
2008-06-17,1.426
2008-06-18,1.35
2008-06-19,1.398
2008-06-20,1.357
2008-06-23,1.301
2008-06-24,1.297
2008-06-25,1.263
2008-06-26,1.222
2008-06-27,1.191
2008-06-30,1.181
2008-07-01,1.263
2008-07-02,1.261
2008-07-03,1.262
2008-07-04,1.241
2008-07-07,1.295
2008-07-08,1.212
2008-07-09,1.194
2008-07-10,1.149
2008-07-11,1.151
2008-07-14,1.131
2008-07-15,1.111
2008-07-16,1.126
2008-07-17,1.141
2008-07-18,1.118
2008-07-22,1.176
2008-07-23,1.197
2008-07-24,1.231
2008-07-25,1.153
2008-07-28,1.16
2008-07-29,1.13
2008-07-30,1.115
2008-07-31,1.12
2008-08-01,1.091
2008-08-04,1.062
2008-08-05,1.101
2008-08-06,1.069
2008-08-07,1.071
2008-08-08,1.026
2008-08-11,1.036
2008-08-12,1.022
2008-08-13,1.018
2008-08-14,1.011
2008-08-15,1.037
2008-08-18,1.02
2008-08-19,1.021
2008-08-20,1.031
2008-08-21,1.001
2008-08-22,1.029
2008-08-25,1.009
2008-08-26,0.989
2008-08-27,1.019
2008-08-28,1.005
2008-08-29,0.986
2008-09-01,1.046
2008-09-02,1.026
2008-09-03,1.015
2008-09-04,1.094
2008-09-05,1.044
2008-09-08,1.124
2008-09-09,1.093
2008-09-10,1.091
2008-09-11,1.089
2008-09-12,1.102
2008-09-16,1.039
2008-09-17,1.07
2008-09-18,1.119
2008-09-19,1.114
2008-09-22,1.082
2008-09-24,1.078
2008-09-25,1.078
2008-09-26,1.094
2008-09-29,1.101
2008-09-30,1.047
2008-10-01,1.069
2008-10-02,1.05
2008-10-03,0.986
2008-10-06,0.908
2008-10-07,0.957
2008-10-08,0.971
2008-10-09,1.026
2008-10-10,1.104
2008-10-14,1.175
2008-10-15,1.176
2008-10-16,1.155
2008-10-17,1.151
2008-10-20,1.141
2008-10-21,1.151
2008-10-22,1.099
2008-10-23,1.056
2008-10-24,1.042
2008-10-27,0.999
2008-10-28,1.044
2008-10-29,0.936
2008-10-30,0.903
2008-10-31,0.879
2008-11-04,0.893
2008-11-05,0.944
2008-11-06,0.907
2008-11-07,0.939
2008-11-10,0.975
2008-11-11,0.936
2008-11-12,0.933
2008-11-13,0.919
2008-11-14,0.899
2008-11-17,0.887
2008-11-18,0.907
2008-11-19,0.901
2008-11-20,0.876
2008-11-21,0.875
2008-11-25,0.896
2008-11-26,0.887
2008-11-27,0.893
2008-11-28,0.88
2008-12-01,0.871
2008-12-02,0.842
2008-12-03,0.874
2008-12-04,0.879
2008-12-05,0.89
2008-12-08,0.906
2008-12-09,0.895
2008-12-10,0.909
2008-12-11,0.899
2008-12-12,0.846
2008-12-15,0.856
2008-12-16,0.832
2008-12-17,0.787
2008-12-18,0.783
2008-12-19,0.757
2008-12-22,0.739
2008-12-24,0.725
2008-12-25,0.739
2008-12-26,0.738
2008-12-29,0.72
2008-12-30,0.685
2009-01-05,0.678
2009-01-06,0.727
2009-01-07,0.725
2009-01-08,0.758
2009-01-09,0.744
2009-01-13,0.709
2009-01-14,0.705
2009-01-15,0.683
2009-01-16,0.698
2009-01-19,0.713
2009-01-20,0.697
2009-01-21,0.706
2009-01-22,0.688
2009-01-23,0.671
2009-01-26,0.683
2009-01-27,0.721
2009-01-28,0.731
2009-01-29,0.729
2009-01-30,0.746
2009-02-02,0.743
2009-02-03,0.761
2009-02-04,0.797
2009-02-05,0.792
2009-02-06,0.783
2009-02-09,0.756
2009-02-10,0.77
2009-02-12,0.731
2009-02-13,0.727
2009-02-16,0.753
2009-02-17,0.738
2009-02-18,0.723
2009-02-19,0.716
2009-02-20,0.723
2009-02-23,0.73
2009-02-24,0.733
2009-02-25,0.753
2009-02-26,0.714
2009-02-27,0.711
2009-03-02,0.733
2009-03-03,0.741
2009-03-04,0.747
2009-03-05,0.76
2009-03-06,0.752
2009-03-09,0.747
2009-03-10,0.764
2009-03-11,0.77
2009-03-12,0.751
2009-03-13,0.761
2009-03-16,0.751
2009-03-17,0.772
2009-03-18,0.758
2009-03-19,0.713
2009-03-23,0.713
2009-03-24,0.721
2009-03-25,0.744
2009-03-26,0.769
2009-03-27,0.781
2009-03-30,0.778
2009-03-31,0.782
2009-04-01,0.771
2009-04-02,0.796
2009-04-03,0.821
2009-04-06,0.855
2009-04-07,0.856
2009-04-08,0.874
2009-04-09,0.902
2009-04-10,0.873
2009-04-13,0.86
2009-04-14,0.871
2009-04-15,0.836
2009-04-16,0.852
2009-04-17,0.846
2009-04-20,0.862
2009-04-21,0.841
2009-04-22,0.822
2009-04-23,0.826
2009-04-24,0.842
2009-04-27,0.864
2009-04-28,0.819
2009-04-30,0.825
2009-05-01,0.807
2009-05-07,0.829
2009-05-08,0.855
2009-05-11,0.857
2009-05-12,0.858
2009-05-13,0.861
2009-05-14,0.838
2009-05-15,0.822
2009-05-18,0.809
2009-05-19,0.819
2009-05-20,0.812
2009-05-21,0.811
2009-05-22,0.808
2009-05-25,0.824
2009-05-26,0.824
2009-05-27,0.849
2009-05-28,0.837
2009-05-29,0.838
2009-06-01,0.837
2009-06-02,0.855
2009-06-03,0.844
2009-06-04,0.807
2009-06-05,0.813
2009-06-08,0.859
2009-06-09,0.869
2009-06-10,0.873
2009-06-11,0.878
2009-06-12,0.858
2009-06-15,0.849
2009-06-16,0.821
2009-06-17,0.822
2009-06-18,0.808
2009-06-19,0.783
2009-06-22,0.778
2009-06-23,0.754
2009-06-24,0.73
2009-06-25,0.726
2009-06-26,0.726
2009-06-29,0.713
2009-06-30,0.723
2009-07-01,0.707
2009-07-02,0.698
2009-07-03,0.679
2009-07-06,0.676
2009-07-07,0.692
2009-07-08,0.678
2009-07-09,0.674
2009-07-10,0.672
2009-07-13,0.675
2009-07-14,0.692
2009-07-15,0.684
2009-07-16,0.687
2009-07-17,0.677
2009-07-21,0.703
2009-07-22,0.718
2009-07-23,0.704
2009-07-24,0.69
2009-07-27,0.685
2009-07-28,0.686
2009-07-29,0.692
2009-07-30,0.698
2009-07-31,0.72
2009-08-03,0.736
2009-08-04,0.735
2009-08-05,0.725
2009-08-06,0.736
2009-08-07,0.737
2009-08-10,0.76
2009-08-11,0.763
2009-08-12,0.742
2009-08-13,0.739
2009-08-14,0.715
2009-08-17,0.693
2009-08-18,0.679
2009-08-19,0.671
2009-08-20,0.676
2009-08-21,0.651
2009-08-24,0.661
2009-08-25,0.651
2009-08-26,0.649
2009-08-27,0.641
2009-08-28,0.638
2009-08-31,0.631
2009-09-01,0.628
2009-09-02,0.61
2009-09-03,0.618
2009-09-04,0.632
2009-09-07,0.66
2009-09-08,0.626
2009-09-09,0.604
2009-09-10,0.593
2009-09-11,0.573
2009-09-14,0.56
2009-09-15,0.58
2009-09-16,0.58
2009-09-17,0.605
2009-09-18,0.621
2009-09-24,0.6
2009-09-25,0.584
2009-09-28,0.58
2009-09-29,0.581
2009-09-30,0.597
2009-10-01,0.59
2009-10-02,0.561
2009-10-05,0.572
2009-10-06,0.564
2009-10-07,0.583
2009-10-08,0.593
2009-10-09,0.614
2009-10-13,0.615
2009-10-14,0.605
2009-10-15,0.625
2009-10-16,0.625
2009-10-19,0.631
2009-10-20,0.642
2009-10-21,0.632
2009-10-22,0.652
2009-10-23,0.667
2009-10-26,0.704
2009-10-27,0.708
2009-10-28,0.713
2009-10-29,0.684
2009-10-30,0.684
2009-11-02,0.66
2009-11-04,0.691
2009-11-05,0.712
2009-11-06,0.718
2009-11-09,0.734
2009-11-10,0.726
2009-11-11,0.705
2009-11-12,0.667
2009-11-13,0.631
2009-11-16,0.628
2009-11-17,0.603
2009-11-18,0.599
2009-11-19,0.603
2009-11-20,0.608
2009-11-24,0.603
2009-11-25,0.601
2009-11-26,0.592
2009-11-27,0.558
2009-11-30,0.559
2009-12-01,0.479
2009-12-02,0.498
2009-12-03,0.5
2009-12-04,0.511
2009-12-07,0.521
2009-12-08,0.515
2009-12-09,0.495
2009-12-10,0.494
2009-12-11,0.502
2009-12-14,0.504
2009-12-15,0.495
2009-12-16,0.477
2009-12-17,0.491
2009-12-18,0.453
2009-12-21,0.431
2009-12-22,0.454
2009-12-24,0.463
2009-12-25,0.471
2009-12-28,0.488
2009-12-29,0.478
2009-12-30,0.469
2010-01-04,0.495
2010-01-05,0.491
2010-01-06,0.502
2010-01-07,0.506
2010-01-08,0.521
2010-01-12,0.519
2010-01-13,0.509
2010-01-14,0.526
2010-01-15,0.524
2010-01-18,0.524
2010-01-19,0.521
2010-01-20,0.521
2010-01-21,0.532
2010-01-22,0.522
2010-01-25,0.527
2010-01-26,0.509
2010-01-27,0.498
2010-01-28,0.505
2010-01-29,0.505
2010-02-01,0.514
2010-02-02,0.536
2010-02-03,0.541
2010-02-04,0.557
2010-02-05,0.546
2010-02-08,0.537
2010-02-09,0.53
2010-02-10,0.526
2010-02-12,0.537
2010-02-15,0.532
2010-02-16,0.522
2010-02-17,0.522
2010-02-18,0.521
2010-02-19,0.53
2010-02-22,0.546
2010-02-23,0.542
2010-02-24,0.531
2010-02-25,0.517
2010-02-26,0.522
2010-03-01,0.526
2010-03-02,0.523
2010-03-03,0.524
2010-03-04,0.508
2010-03-05,0.495
2010-03-08,0.5
2010-03-09,0.496
2010-03-10,0.5
2010-03-11,0.498
2010-03-12,0.514
2010-03-15,0.509
2010-03-16,0.499
2010-03-17,0.506
2010-03-18,0.526
2010-03-19,0.52
2010-03-23,0.507
2010-03-24,0.501
2010-03-25,0.528
2010-03-26,0.545
2010-03-29,0.558
2010-03-30,0.549
2010-03-31,0.553
2010-04-01,0.529
2010-04-02,0.531
2010-04-05,0.545
2010-04-06,0.552
2010-04-07,0.557
2010-04-08,0.551
2010-04-09,0.549
2010-04-12,0.561
2010-04-13,0.54
2010-04-14,0.538
2010-04-15,0.537
2010-04-16,0.52
2010-04-19,0.496
2010-04-20,0.503
2010-04-21,0.508
2010-04-22,0.494
2010-04-23,0.491
2010-04-26,0.506
2010-04-27,0.5
2010-04-28,0.471
2010-04-30,0.475
2010-05-06,0.473
2010-05-07,0.473
2010-05-10,0.498
2010-05-11,0.49
2010-05-12,0.476
2010-05-13,0.484
2010-05-14,0.477
2010-05-17,0.467
2010-05-18,0.478
2010-05-19,0.467
2010-05-20,0.448
2010-05-21,0.437
2010-05-24,0.453
2010-05-25,0.437
2010-05-26,0.439
2010-05-27,0.461
2010-05-28,0.458
2010-05-31,0.456
2010-06-01,0.453
2010-06-02,0.438
2010-06-03,0.434
2010-06-04,0.411
2010-06-07,0.395
2010-06-08,0.406
2010-06-09,0.394
2010-06-10,0.394
2010-06-11,0.418
2010-06-14,0.415
2010-06-15,0.409
2010-06-16,0.409
2010-06-17,0.404
2010-06-18,0.396
2010-06-21,0.4
2010-06-22,0.386
2010-06-23,0.387
2010-06-24,0.383
2010-06-25,0.383
2010-06-28,0.378
2010-06-29,0.358
2010-06-30,0.35
2010-07-01,0.33
2010-07-02,0.334
2010-07-05,0.341
2010-07-06,0.345
2010-07-07,0.352
2010-07-08,0.362
2010-07-09,0.377
2010-07-12,0.368
2010-07-13,0.374
2010-07-14,0.381
2010-07-15,0.352
2010-07-16,0.355
2010-07-20,0.356
2010-07-21,0.35
2010-07-22,0.341
2010-07-23,0.361
2010-07-26,0.361
2010-07-27,0.357
2010-07-28,0.372
2010-07-29,0.362
2010-07-30,0.361
2010-08-02,0.357
2010-08-03,0.369
2010-08-04,0.348
2010-08-05,0.354
2010-08-06,0.358
2010-08-09,0.348
2010-08-10,0.364
2010-08-11,0.339
2010-08-12,0.311
2010-08-13,0.298
2010-08-16,0.285
2010-08-17,0.286
2010-08-18,0.274
2010-08-19,0.276
2010-08-20,0.269
2010-08-23,0.271
2010-08-24,0.27
2010-08-25,0.265
2010-08-26,0.272
2010-08-27,0.296
2010-08-30,0.3
2010-08-31,0.265
2010-09-01,0.291
2010-09-02,0.319
2010-09-03,0.331
2010-09-06,0.392
2010-09-07,0.363
2010-09-08,0.328
2010-09-09,0.327
2010-09-10,0.376
2010-09-13,0.38
2010-09-14,0.37
2010-09-15,0.306
2010-09-16,0.296
2010-09-17,0.3
2010-09-21,0.291
2010-09-22,0.285
2010-09-24,0.286
2010-09-27,0.292
2010-09-28,0.274
2010-09-29,0.268
2010-09-30,0.262
2010-10-01,0.254
2010-10-04,0.251
2010-10-05,0.224
2010-10-06,0.203
2010-10-07,0.229
2010-10-08,0.228
2010-10-12,0.231
2010-10-13,0.244
2010-10-14,0.244
2010-10-15,0.26
2010-10-18,0.26
2010-10-19,0.279
2010-10-20,0.279
2010-10-21,0.279
2010-10-22,0.29
2010-10-25,0.297
2010-10-26,0.291
2010-10-27,0.302
2010-10-28,0.281
2010-10-29,0.301
2010-11-01,0.302
2010-11-02,0.307
2010-11-04,0.298
2010-11-05,0.311
2010-11-08,0.33
2010-11-09,0.344
2010-11-10,0.36
2010-11-11,0.357
2010-11-12,0.352
2010-11-15,0.387
2010-11-16,0.357
2010-11-17,0.387
2010-11-18,0.419
2010-11-19,0.39
2010-11-22,0.43
2010-11-24,0.412
2010-11-25,0.435
2010-11-26,0.478
2010-11-29,0.477
2010-11-30,0.458
2010-12-01,0.413
2010-12-02,0.436
2010-12-03,0.45
2010-12-06,0.412
2010-12-07,0.432
2010-12-08,0.536
2010-12-09,0.562
2010-12-10,0.518
2010-12-13,0.579
2010-12-14,0.539
2010-12-15,0.531
2010-12-16,0.535
2010-12-17,0.471
2010-12-20,0.47
2010-12-21,0.492
2010-12-22,0.476
2010-12-24,0.483
2010-12-27,0.468
2010-12-28,0.443
2010-12-29,0.45
2010-12-30,0.399
2011-01-04,0.426
2011-01-05,0.421
2011-01-06,0.48
2011-01-07,0.47
2011-01-11,0.451
2011-01-12,0.457
2011-01-13,0.482
2011-01-14,0.492
2011-01-17,0.518
2011-01-18,0.504
2011-01-19,0.54
2011-01-20,0.495
2011-01-21,0.494
2011-01-24,0.506
2011-01-25,0.531
2011-01-26,0.516
2011-01-27,0.499
2011-01-28,0.489
2011-01-31,0.496
2011-02-01,0.512
2011-02-02,0.512
2011-02-03,0.537
2011-02-04,0.563
2011-02-07,0.57
2011-02-08,0.593
2011-02-09,0.62
2011-02-10,0.604
2011-02-14,0.601
2011-02-15,0.591
2011-02-16,0.627
2011-02-17,0.617
2011-02-18,0.594
2011-02-21,0.609
2011-02-22,0.573
2011-02-23,0.549
2011-02-24,0.542
2011-02-25,0.564
2011-02-28,0.566
2011-03-01,0.572
2011-03-02,0.546
2011-03-03,0.555
2011-03-04,0.57
2011-03-07,0.548
2011-03-08,0.562
2011-03-09,0.582
2011-03-10,0.593
2011-03-11,0.539
2011-03-14,0.476
2011-03-15,0.496
2011-03-16,0.512
2011-03-17,0.503
2011-03-18,0.483
2011-03-22,0.503
2011-03-23,0.487
2011-03-24,0.479
2011-03-25,0.469
2011-03-28,0.48
2011-03-29,0.48
2011-03-30,0.491
2011-03-31,0.495
2011-04-01,0.51
2011-04-04,0.509
2011-04-05,0.513
2011-04-06,0.528
2011-04-07,0.547
2011-04-08,0.554
2011-04-11,0.55
2011-04-12,0.558
2011-04-13,0.555
2011-04-14,0.535
2011-04-15,0.535
2011-04-18,0.526
2011-04-19,0.505
2011-04-20,0.505
2011-04-21,0.506
2011-04-22,0.497
2011-04-25,0.508
2011-04-26,0.494
2011-04-27,0.489
2011-04-28,0.479
2011-05-02,0.47
2011-05-06,0.431
2011-05-09,0.443
2011-05-10,0.436
2011-05-11,0.432
2011-05-12,0.436
2011-05-13,0.434
2011-05-16,0.447
2011-05-17,0.454
2011-05-18,0.455
2011-05-19,0.464
2011-05-20,0.443
2011-05-23,0.441
2011-05-24,0.434
2011-05-25,0.43
2011-05-26,0.45
2011-05-27,0.426
2011-05-30,0.42
2011-05-31,0.443
2011-06-01,0.457
2011-06-02,0.421
2011-06-03,0.418
2011-06-06,0.434
2011-06-07,0.45
2011-06-08,0.447
2011-06-09,0.418
2011-06-10,0.414
2011-06-13,0.417
2011-06-14,0.429
2011-06-15,0.445
2011-06-16,0.419
2011-06-17,0.414
2011-06-20,0.406
2011-06-21,0.41
2011-06-22,0.407
2011-06-23,0.401
2011-06-24,0.397
2011-06-27,0.388
2011-06-28,0.388
2011-06-29,0.409
2011-06-30,0.429
2011-07-01,0.43
2011-07-04,0.435
2011-07-05,0.439
2011-07-06,0.445
2011-07-07,0.446
2011-07-08,0.45
2011-07-11,0.426
2011-07-12,0.402
2011-07-13,0.406
2011-07-14,0.378
2011-07-15,0.38
2011-07-19,0.372
2011-07-20,0.378
2011-07-21,0.397
2011-07-22,0.398
2011-07-25,0.39
2011-07-26,0.391
2011-07-27,0.381
2011-07-28,0.376
2011-07-29,0.381
2011-08-01,0.382
2011-08-02,0.367
2011-08-03,0.358
2011-08-04,0.365
2011-08-05,0.348
2011-08-08,0.343
2011-08-09,0.362
2011-08-10,0.355
2011-08-11,0.348
2011-08-12,0.355
2011-08-15,0.356
2011-08-16,0.356
2011-08-17,0.349
2011-08-18,0.338
2011-08-19,0.32
2011-08-22,0.306
2011-08-23,0.322
2011-08-24,0.315
2011-08-25,0.34
2011-08-26,0.348
2011-08-29,0.332
2011-08-30,0.347
2011-08-31,0.353
2011-09-01,0.373
2011-09-02,0.364
2011-09-05,0.334
2011-09-06,0.322
2011-09-07,0.341
2011-09-08,0.353
2011-09-09,0.35
2011-09-12,0.34
2011-09-13,0.35
2011-09-14,0.34
2011-09-15,0.34
2011-09-16,0.351
2011-09-20,0.337
2011-09-21,0.344
2011-09-22,0.346
2011-09-26,0.348
2011-09-27,0.357
2011-09-28,0.361
2011-09-29,0.361
2011-09-30,0.374
2011-10-03,0.364
2011-10-04,0.35
2011-10-05,0.344
2011-10-06,0.344
2011-10-07,0.351
2011-10-11,0.356
2011-10-12,0.362
2011-10-13,0.377
2011-10-14,0.381
2011-10-17,0.388
2011-10-18,0.388
2011-10-19,0.388
2011-10-20,0.378
2011-10-21,0.378
2011-10-24,0.383
2011-10-25,0.379
2011-10-26,0.358
2011-10-27,0.365
2011-10-28,0.385
2011-10-31,0.392
2011-11-01,0.381
2011-11-02,0.361
2011-11-04,0.357
2011-11-07,0.353
2011-11-08,0.346
2011-11-09,0.358
2011-11-10,0.348
2011-11-11,0.354
2011-11-14,0.358
2011-11-15,0.343
2011-11-16,0.33
2011-11-17,0.33
2011-11-18,0.32
2011-11-21,0.326
2011-11-22,0.332
2011-11-24,0.34
2011-11-25,0.371
2011-11-28,0.4
2011-11-29,0.406
2011-11-30,0.397
2011-12-01,0.393
2011-12-02,0.375
2011-12-05,0.371
2011-12-06,0.371
2011-12-07,0.376
2011-12-08,0.373
2011-12-09,0.363
2011-12-12,0.37
2011-12-13,0.35
2011-12-14,0.345
2011-12-15,0.345
2011-12-16,0.345
2011-12-19,0.345
2011-12-20,0.345
2011-12-21,0.346
2011-12-22,0.346
2011-12-26,0.349
2011-12-27,0.349
2011-12-28,0.353
2011-12-29,0.353
2011-12-30,0.343
2012-01-04,0.35
2012-01-05,0.34
2012-01-06,0.34
2012-01-10,0.341
2012-01-11,0.341
2012-01-12,0.342
2012-01-13,0.342
2012-01-16,0.339
2012-01-17,0.349
2012-01-18,0.347
2012-01-19,0.338
2012-01-20,0.346
2012-01-23,0.36
2012-01-24,0.364
2012-01-25,0.363
2012-01-26,0.349
2012-01-27,0.338
2012-01-30,0.339
2012-01-31,0.343
2012-02-01,0.34
2012-02-02,0.336
2012-02-03,0.333
2012-02-06,0.346
2012-02-07,0.346
2012-02-08,0.361
2012-02-09,0.357
2012-02-10,0.354
2012-02-13,0.355
2012-02-14,0.338
2012-02-15,0.331
2012-02-16,0.309
2012-02-17,0.309
2012-02-20,0.31
2012-02-21,0.319
2012-02-22,0.327
2012-02-23,0.326
2012-02-24,0.323
2012-02-27,0.316
2012-02-28,0.317
2012-02-29,0.312
2012-03-01,0.313
2012-03-02,0.318
2012-03-05,0.314
2012-03-06,0.314
2012-03-07,0.305
2012-03-08,0.299
2012-03-09,0.299
2012-03-12,0.295
2012-03-13,0.295
2012-03-14,0.315
2012-03-15,0.373
2012-03-16,0.364
2012-03-19,0.35
2012-03-21,0.345
2012-03-22,0.347
2012-03-23,0.341
2012-03-26,0.332
2012-03-27,0.332
2012-03-28,0.322
2012-03-29,0.323
2012-03-30,0.323
2012-04-02,0.344
2012-04-03,0.349
2012-04-04,0.349
2012-04-05,0.335
2012-04-06,0.318
2012-04-09,0.305
2012-04-10,0.301
2012-04-11,0.301
2012-04-12,0.302
2012-04-13,0.298
2012-04-16,0.293
2012-04-17,0.293
2012-04-18,0.3
2012-04-19,0.294
2012-04-20,0.29
2012-04-23,0.275
2012-04-24,0.28
2012-04-25,0.282
2012-04-26,0.285
2012-04-27,0.266
2012-05-01,0.267
2012-05-02,0.272
2012-05-07,0.258
2012-05-08,0.268
2012-05-09,0.258
2012-05-10,0.263
2012-05-11,0.254
2012-05-14,0.254
2012-05-15,0.259
2012-05-16,0.245
2012-05-17,0.246
2012-05-18,0.236
2012-05-21,0.249
2012-05-22,0.243
2012-05-23,0.244
2012-05-24,0.25
2012-05-25,0.249
2012-05-28,0.243
2012-05-29,0.234
2012-05-30,0.235
2012-05-31,0.225
2012-06-01,0.218
2012-06-04,0.226
2012-06-05,0.24
2012-06-06,0.232
2012-06-07,0.222
2012-06-08,0.22
2012-06-11,0.229
2012-06-12,0.218
2012-06-13,0.227
2012-06-14,0.229
2012-06-15,0.229
2012-06-18,0.226
2012-06-19,0.216
2012-06-20,0.22
2012-06-21,0.216
2012-06-22,0.217
2012-06-25,0.217
2012-06-26,0.211
2012-06-27,0.208
2012-06-28,0.212
2012-06-29,0.218
2012-07-02,0.213
2012-07-03,0.209
2012-07-04,0.209
2012-07-05,0.205
2012-07-06,0.199
2012-07-09,0.196
2012-07-10,0.196
2012-07-11,0.19
2012-07-12,0.18
2012-07-13,0.186
2012-07-17,0.187
2012-07-18,0.187
2012-07-19,0.187
2012-07-20,0.187
2012-07-23,0.178
2012-07-24,0.183
2012-07-25,0.179
2012-07-26,0.184
2012-07-27,0.189
2012-07-30,0.201
2012-07-31,0.197
2012-08-01,0.185
2012-08-02,0.185
2012-08-03,0.177
2012-08-06,0.181
2012-08-07,0.197
2012-08-08,0.203
2012-08-09,0.203
2012-08-10,0.204
2012-08-13,0.205
2012-08-14,0.205
2012-08-15,0.221
2012-08-16,0.257
2012-08-17,0.246
2012-08-20,0.251
2012-08-21,0.242
2012-08-22,0.236
2012-08-23,0.232
2012-08-24,0.222
2012-08-27,0.227
2012-08-28,0.227
2012-08-29,0.227
2012-08-30,0.226
2012-08-31,0.224
2012-09-03,0.218
2012-09-04,0.217
2012-09-05,0.212
2012-09-06,0.217
2012-09-07,0.224
2012-09-10,0.208
2012-09-11,0.204
2012-09-12,0.208
2012-09-13,0.214
2012-09-14,0.205
2012-09-18,0.216
2012-09-19,0.216
2012-09-20,0.204
2012-09-21,0.206
2012-09-24,0.201
2012-09-25,0.201
2012-09-26,0.201
2012-09-27,0.201
2012-09-28,0.198
2012-10-01,0.198
2012-10-02,0.194
2012-10-03,0.194
2012-10-04,0.198
2012-10-05,0.199
2012-10-09,0.196
2012-10-10,0.196
2012-10-11,0.196
2012-10-12,0.2
2012-10-15,0.2
2012-10-16,0.196
2012-10-17,0.197
2012-10-18,0.206
2012-10-19,0.206
2012-10-22,0.207
2012-10-23,0.207
2012-10-24,0.203
2012-10-25,0.203
2012-10-26,0.193
2012-10-29,0.193
2012-10-30,0.193
2012-10-31,0.2
2012-11-01,0.204
2012-11-02,0.208
2012-11-05,0.204
2012-11-06,0.204
2012-11-07,0.204
2012-11-08,0.2
2012-11-09,0.201
2012-11-12,0.205
2012-11-13,0.201
2012-11-14,0.202
2012-11-15,0.195
2012-11-16,0.186
2012-11-19,0.188
2012-11-20,0.188
2012-11-21,0.193
2012-11-22,0.194
2012-11-26,0.189
2012-11-27,0.189
2012-11-28,0.181
2012-11-29,0.181
2012-11-30,0.18
2012-12-03,0.18
2012-12-04,0.181
2012-12-05,0.175
2012-12-06,0.165
2012-12-07,0.165
2012-12-10,0.164
2012-12-11,0.17
2012-12-12,0.172
2012-12-13,0.171
2012-12-14,0.175
2012-12-17,0.176
2012-12-18,0.186
2012-12-19,0.184
2012-12-20,0.176
2012-12-21,0.172
2012-12-25,0.173
2012-12-26,0.183
2012-12-27,0.193
2012-12-28,0.187
2013-01-04,0.203
2013-01-07,0.204
2013-01-08,0.21
2013-01-09,0.204
2013-01-10,0.196
2013-01-11,0.173
2013-01-15,0.163
2013-01-16,0.165
2013-01-17,0.161
2013-01-18,0.155
2013-01-21,0.155
2013-01-22,0.151
2013-01-23,0.162
2013-01-24,0.155
2013-01-25,0.151
2013-01-28,0.163
2013-01-29,0.164
2013-01-30,0.163
2013-01-31,0.152
2013-02-01,0.153
2013-02-04,0.169
2013-02-05,0.164
2013-02-06,0.153
2013-02-07,0.143
2013-02-08,0.143
2013-02-12,0.145
2013-02-13,0.145
2013-02-14,0.155
2013-02-15,0.151
2013-02-18,0.151
2013-02-19,0.14
2013-02-20,0.139
2013-02-21,0.139
2013-02-22,0.138
2013-02-25,0.129
2013-02-26,0.123
2013-02-27,0.124
2013-02-28,0.123
2013-03-01,0.124
2013-03-04,0.101
2013-03-05,0.117
2013-03-06,0.112
2013-03-07,0.111
2013-03-08,0.111
2013-03-11,0.115
2013-03-12,0.12
2013-03-13,0.12
2013-03-14,0.12
2013-03-15,0.12
2013-03-18,0.11
2013-03-19,0.116
2013-03-21,0.12
2013-03-22,0.12
2013-03-25,0.12
2013-03-26,0.116
2013-03-27,0.11
2013-03-28,0.117
2013-03-29,0.131
2013-04-01,0.137
2013-04-02,0.141
2013-04-03,0.137
2013-04-04,0.131
2013-04-05,0.18
2013-04-08,0.184
2013-04-09,0.198
2013-04-10,0.27
2013-04-11,0.205
2013-04-12,0.256
2013-04-15,0.271
2013-04-16,0.263
2013-04-17,0.249
2013-04-18,0.239
2013-04-19,0.224
2013-04-22,0.23
2013-04-23,0.226
2013-04-24,0.229
2013-04-25,0.237
2013-04-26,0.248
2013-04-30,0.25
2013-05-01,0.235
2013-05-02,0.217
2013-05-07,0.233
2013-05-08,0.229
2013-05-09,0.23
2013-05-10,0.287
2013-05-13,0.339
2013-05-14,0.405
2013-05-15,0.431
2013-05-16,0.404
2013-05-17,0.377
2013-05-20,0.41
2013-05-21,0.421
2013-05-22,0.412
2013-05-23,0.366
2013-05-24,0.377
2013-05-27,0.367
2013-05-28,0.414
2013-05-29,0.44
2013-05-30,0.403
2013-05-31,0.369
2013-06-03,0.314
2013-06-04,0.339
2013-06-05,0.312
2013-06-06,0.314
2013-06-07,0.305
2013-06-10,0.3
2013-06-11,0.328
2013-06-12,0.35
2013-06-13,0.358
2013-06-14,0.33
2013-06-17,0.327
2013-06-18,0.317
2013-06-19,0.317
2013-06-20,0.337
2013-06-21,0.356
2013-06-24,0.349
2013-06-25,0.339
2013-06-26,0.339
2013-06-27,0.313
2013-06-28,0.309
2013-07-01,0.334
2013-07-02,0.33
2013-07-03,0.32
2013-07-04,0.324
2013-07-05,0.32
2013-07-08,0.331
2013-07-09,0.321
2013-07-10,0.311
2013-07-11,0.296
2013-07-12,0.3
2013-07-16,0.307
2013-07-17,0.297
2013-07-18,0.291
2013-07-19,0.29
2013-07-22,0.276
2013-07-23,0.276
2013-07-24,0.275
2013-07-25,0.296
2013-07-26,0.29
2013-07-29,0.297
2013-07-30,0.291
2013-07-31,0.292
2013-08-01,0.292
2013-08-02,0.308
2013-08-05,0.288
2013-08-06,0.292
2013-08-07,0.282
2013-08-08,0.288
2013-08-09,0.288
2013-08-12,0.293
2013-08-13,0.278
2013-08-14,0.289
2013-08-15,0.279
2013-08-16,0.286
2013-08-19,0.291
2013-08-20,0.286
2013-08-21,0.285
2013-08-22,0.301
2013-08-23,0.309
2013-08-26,0.307
2013-08-27,0.295
2013-08-28,0.28
2013-08-29,0.272
2013-08-30,0.267
2013-09-02,0.274
2013-09-03,0.279
2013-09-04,0.284
2013-09-05,0.284
2013-09-06,0.299
2013-09-09,0.28
2013-09-10,0.267
2013-09-11,0.273
2013-09-12,0.261
2013-09-13,0.265
2013-09-17,0.261
2013-09-18,0.261
2013-09-19,0.243
2013-09-20,0.256
2013-09-24,0.242
2013-09-25,0.236
2013-09-26,0.242
2013-09-27,0.236
2013-09-30,0.243
2013-10-01,0.242
2013-10-02,0.232
2013-10-03,0.218
2013-10-04,0.222
2013-10-07,0.219
2013-10-08,0.223
2013-10-09,0.229
2013-10-10,0.229
2013-10-11,0.233
2013-10-15,0.24
2013-10-16,0.223
2013-10-17,0.219
2013-10-18,0.213
2013-10-21,0.209
2013-10-22,0.209
2013-10-23,0.203
2013-10-24,0.203
2013-10-25,0.209
2013-10-28,0.21
2013-10-29,0.203
2013-10-30,0.199
2013-10-31,0.199
2013-11-01,0.195
2013-11-05,0.2
2013-11-06,0.205
2013-11-07,0.201
2013-11-08,0.201
2013-11-11,0.205
2013-11-12,0.205
2013-11-13,0.21
2013-11-14,0.201
2013-11-15,0.212
2013-11-18,0.213
2013-11-19,0.205
2013-11-20,0.201
2013-11-21,0.201
2013-11-22,0.201
2013-11-25,0.206
2013-11-26,0.198
2013-11-27,0.191
2013-11-28,0.185
2013-11-29,0.185
2013-12-02,0.186
2013-12-03,0.191
2013-12-04,0.191
2013-12-05,0.192
2013-12-06,0.21
2013-12-09,0.201
2013-12-10,0.206
2013-12-11,0.203
2013-12-12,0.199
2013-12-13,0.209
2013-12-16,0.21
2013-12-17,0.2
2013-12-18,0.2
2013-12-19,0.214
2013-12-20,0.21
2013-12-24,0.207
2013-12-25,0.211
2013-12-26,0.221
2013-12-27,0.221
2013-12-30,0.238
2014-01-06,0.229
2014-01-07,0.219
2014-01-08,0.22
2014-01-09,0.22
2014-01-10,0.214
2014-01-14,0.196
2014-01-15,0.199
2014-01-16,0.21
2014-01-17,0.21
2014-01-20,0.205
2014-01-21,0.214
2014-01-22,0.215
2014-01-23,0.21
2014-01-24,0.199
2014-01-27,0.199
2014-01-28,0.195
2014-01-29,0.203
2014-01-30,0.198
2014-01-31,0.198
2014-02-03,0.194
2014-02-04,0.194
2014-02-05,0.194
2014-02-06,0.199
2014-02-07,0.2
2014-02-10,0.195
2014-02-12,0.196
2014-02-13,0.19
2014-02-14,0.185
2014-02-17,0.189
2014-02-18,0.19
2014-02-19,0.186
2014-02-20,0.183
2014-02-21,0.187
2014-02-24,0.187
2014-02-25,0.187
2014-02-26,0.185
2014-02-27,0.185
2014-02-28,0.182
2014-03-03,0.177
2014-03-04,0.182
2014-03-05,0.186
2014-03-06,0.185
2014-03-07,0.189
2014-03-10,0.19
2014-03-11,0.194
2014-03-12,0.194
2014-03-13,0.206
2014-03-14,0.195
2014-03-17,0.196
2014-03-18,0.196
2014-03-19,0.192
2014-03-20,0.186
2014-03-24,0.192
2014-03-25,0.193
2014-03-26,0.197
2014-03-27,0.197
2014-03-28,0.197
2014-03-31,0.197
2014-04-01,0.193
2014-04-02,0.193
2014-04-03,0.198
2014-04-04,0.198
2014-04-07,0.188
2014-04-08,0.188
2014-04-09,0.188
2014-04-10,0.188
2014-04-11,0.188
2014-04-14,0.194
2014-04-15,0.188
2014-04-16,0.188
2014-04-17,0.189
2014-04-18,0.189
2014-04-21,0.189
2014-04-22,0.189
2014-04-23,0.196
2014-04-24,0.196
2014-04-25,0.196
2014-04-28,0.196
2014-04-30,0.196
2014-05-01,0.196
2014-05-02,0.19
2014-05-07,0.19
2014-05-08,0.191
2014-05-09,0.191
2014-05-12,0.192
2014-05-13,0.195
2014-05-14,0.193
2014-05-15,0.188
2014-05-16,0.188
2014-05-19,0.193
2014-05-20,0.193
2014-05-21,0.193
2014-05-22,0.194
2014-05-23,0.189
2014-05-26,0.191
2014-05-27,0.19
2014-05-28,0.185
2014-05-29,0.184
2014-05-30,0.179
2014-06-02,0.185
2014-06-03,0.185
2014-06-04,0.186
2014-06-05,0.186
2014-06-06,0.178
2014-06-09,0.186
2014-06-10,0.185
2014-06-11,0.19
2014-06-12,0.185
2014-06-13,0.185
2014-06-16,0.181
2014-06-17,0.182
2014-06-18,0.182
2014-06-19,0.176
2014-06-20,0.172
2014-06-23,0.176
2014-06-24,0.172
2014-06-25,0.172
2014-06-26,0.166
2014-06-27,0.162
2014-06-30,0.163
2014-07-01,0.163
2014-07-02,0.163
2014-07-03,0.163
2014-07-04,0.163
2014-07-07,0.157
2014-07-08,0.153
2014-07-09,0.147
2014-07-10,0.147
2014-07-11,0.15
2014-07-14,0.154
2014-07-15,0.154
2014-07-16,0.158
2014-07-17,0.154
2014-07-18,0.154
2014-07-22,0.155
2014-07-23,0.149
2014-07-24,0.149
2014-07-25,0.149
2014-07-28,0.149
2014-07-29,0.149
2014-07-30,0.149
2014-07-31,0.155
2014-08-01,0.149
2014-08-04,0.15
2014-08-05,0.15
2014-08-06,0.15
2014-08-07,0.157
2014-08-08,0.15
2014-08-11,0.156
2014-08-12,0.156
2014-08-13,0.156
2014-08-14,0.15
2014-08-15,0.15
2014-08-18,0.151
2014-08-19,0.156
2014-08-20,0.161
2014-08-21,0.167
2014-08-22,0.162
2014-08-25,0.162
2014-08-26,0.161
2014-08-27,0.161
2014-08-28,0.155
2014-08-29,0.162
2014-09-01,0.163
2014-09-02,0.163
2014-09-03,0.163
2014-09-04,0.164
2014-09-05,0.167
2014-09-08,0.162
2014-09-09,0.162
2014-09-10,0.165
2014-09-11,0.181
2014-09-12,0.181
2014-09-16,0.181
2014-09-17,0.175
2014-09-18,0.182
2014-09-19,0.176
2014-09-22,0.166
2014-09-24,0.162
2014-09-25,0.166
2014-09-26,0.166
2014-09-29,0.177
2014-09-30,0.167
2014-10-01,0.159
2014-10-02,0.153
2014-10-03,0.147
2014-10-06,0.147
2014-10-07,0.147
2014-10-08,0.139
2014-10-09,0.139
2014-10-10,0.149
2014-10-14,0.149
2014-10-15,0.143
2014-10-16,0.15
2014-10-17,0.129
2014-10-20,0.133
2014-10-21,0.133
2014-10-22,0.134
2014-10-23,0.129
2014-10-24,0.115
2014-10-27,0.113
2014-10-28,0.119
2014-10-29,0.123
2014-10-30,0.119
2014-10-31,0.13
2014-11-04,0.114
2014-11-05,0.125
2014-11-06,0.125
2014-11-07,0.131
2014-11-10,0.125
2014-11-11,0.139
2014-11-12,0.166
2014-11-13,0.158
2014-11-14,0.141
2014-11-17,0.137
2014-11-18,0.148
2014-11-19,0.123
2014-11-20,0.117
2014-11-21,0.118
2014-11-25,0.12
2014-11-26,0.111
2014-11-27,0.109
2014-11-28,0.105
2014-12-01,0.102
2014-12-02,0.092
2014-12-03,0.074
2014-12-04,0.077
2014-12-05,0.076
2014-12-08,0.092
2014-12-09,0.077
2014-12-10,0.082
2014-12-11,0.082
2014-12-12,0.081
2014-12-15,0.075
2014-12-16,0.052
2014-12-17,0.046
2014-12-18,0.036
2014-12-19,0.032
2014-12-22,0.036
2014-12-24,0.036
2014-12-25,0.036
2014-12-26,0.042
2014-12-29,0.032
2014-12-30,0.026
2015-01-05,0.022
2015-01-06,0.012
2015-01-07,0.016
2015-01-08,0.016
2015-01-09,0.012
2015-01-13,0.007
2015-01-14,0.008
2015-01-15,0.018
2015-01-16,0.018
2015-01-19,0.011
2015-01-20,0.001
2015-01-21,0.017
2015-01-22,0.057
2015-01-23,0.018
2015-01-26,0.011
2015-01-27,0.037
2015-01-28,0.058
2015-01-29,0.051
2015-01-30,0.046
2015-02-02,0.056
2015-02-03,0.096
2015-02-04,0.1
2015-02-05,0.105
2015-02-06,0.085
2015-02-09,0.1
2015-02-10,0.121
2015-02-12,0.121
2015-02-13,0.138
2015-02-16,0.144
2015-02-17,0.123
2015-02-18,0.129
2015-02-19,0.118
2015-02-20,0.112
2015-02-23,0.107
2015-02-24,0.102
2015-02-25,0.091
2015-02-26,0.091
2015-02-27,0.071
2015-03-02,0.07
2015-03-03,0.092
2015-03-04,0.092
2015-03-05,0.092
2015-03-06,0.089
2015-03-09,0.121
2015-03-10,0.147
2015-03-11,0.131
2015-03-12,0.115
2015-03-13,0.13
2015-03-16,0.126
2015-03-17,0.12
2015-03-18,0.096
2015-03-19,0.082
2015-03-20,0.076
2015-03-23,0.082
2015-03-24,0.082
2015-03-25,0.086
2015-03-26,0.092
2015-03-27,0.121
2015-03-30,0.121
2015-03-31,0.131
2015-04-01,0.107
2015-04-02,0.097
2015-04-03,0.097
2015-04-06,0.089
2015-04-07,0.093
2015-04-08,0.097
2015-04-09,0.097
2015-04-10,0.097
2015-04-13,0.093
2015-04-14,0.077
2015-04-15,0.077
2015-04-16,0.084
2015-04-17,0.073
2015-04-20,0.077
2015-04-21,0.077
2015-04-22,0.067
2015-04-23,0.073
2015-04-24,0.053
2015-04-27,0.064
2015-04-28,0.064
2015-04-30,0.079
2015-05-01,0.096
2015-05-07,0.127
2015-05-08,0.109
2015-05-11,0.098
2015-05-12,0.132
2015-05-13,0.132
2015-05-14,0.121
2015-05-15,0.102
2015-05-18,0.1
2015-05-19,0.101
2015-05-20,0.102
2015-05-21,0.106
2015-05-22,0.113
2015-05-25,0.113
2015-05-26,0.114
2015-05-27,0.1
2015-05-28,0.095
2015-05-29,0.095
2015-06-01,0.096
2015-06-02,0.097
2015-06-03,0.106
2015-06-04,0.123
2015-06-05,0.119
2015-06-08,0.119
2015-06-09,0.103
2015-06-10,0.128
2015-06-11,0.145
2015-06-12,0.128
2015-06-15,0.127
2015-06-16,0.119
2015-06-17,0.116
2015-06-18,0.106
2015-06-19,0.106
2015-06-22,0.11
2015-06-23,0.127
2015-06-24,0.117
2015-06-25,0.117
2015-06-26,0.121
2015-06-29,0.107
2015-06-30,0.111
2015-07-01,0.118
2015-07-02,0.134
2015-07-03,0.118
2015-07-06,0.108
2015-07-07,0.108
2015-07-08,0.098
2015-07-09,0.104
2015-07-10,0.101
2015-07-13,0.112
2015-07-14,0.118
2015-07-15,0.123
2015-07-16,0.113
2015-07-17,0.108
2015-07-21,0.103
2015-07-22,0.099
2015-07-23,0.103
2015-07-24,0.103
2015-07-27,0.103
2015-07-28,0.099
2015-07-29,0.099
2015-07-30,0.099
2015-07-31,0.096
2015-08-03,0.096
2015-08-04,0.086
2015-08-05,0.09
2015-08-06,0.101
2015-08-07,0.097
2015-08-10,0.092
2015-08-11,0.092
2015-08-12,0.085
2015-08-13,0.087
2015-08-14,0.081
2015-08-17,0.088
2015-08-18,0.079
2015-08-19,0.077
2015-08-20,0.073
2015-08-21,0.073
2015-08-24,0.074
2015-08-25,0.078
2015-08-26,0.078
2015-08-27,0.085
2015-08-28,0.078
2015-08-31,0.075
2015-09-01,0.074
2015-09-02,0.078
2015-09-03,0.084
2015-09-04,0.072
2015-09-07,0.073
2015-09-08,0.07
2015-09-09,0.07
2015-09-10,0.059
2015-09-11,0.056
2015-09-14,0.066
2015-09-15,0.082
2015-09-16,0.082
2015-09-17,0.076
2015-09-18,0.056
2015-09-24,0.056
2015-09-25,0.052
2015-09-28,0.056
2015-09-29,0.056
2015-09-30,0.062
2015-10-01,0.052
2015-10-02,0.046
2015-10-05,0.042
2015-10-06,0.046
2015-10-07,0.056
2015-10-08,0.066
2015-10-09,0.062
2015-10-13,0.062
2015-10-14,0.052
2015-10-15,0.057
2015-10-16,0.057
2015-10-19,0.063
2015-10-20,0.056
2015-10-21,0.056
2015-10-22,0.053
2015-10-23,0.049
2015-10-26,0.053
2015-10-27,0.049
2015-10-28,0.038
2015-10-29,0.039
2015-10-30,0.039
2015-11-02,0.043
2015-11-04,0.043
2015-11-05,0.043
2015-11-06,0.043
2015-11-09,0.05
2015-11-10,0.035
2015-11-11,0.043
2015-11-12,0.039
2015-11-13,0.039
2015-11-16,0.043
2015-11-17,0.035
2015-11-18,0.035
2015-11-19,0.035
2015-11-20,0.039
2015-11-24,0.046
2015-11-25,0.039
2015-11-26,0.039
2015-11-27,0.04
2015-11-30,0.04
2015-12-01,0.04
2015-12-02,0.036
2015-12-03,0.036
2015-12-04,0.045
2015-12-07,0.046
2015-12-08,0.039
2015-12-09,0.036
2015-12-10,0.035
2015-12-11,0.046
2015-12-14,0.043
2015-12-15,0.036
2015-12-16,0.042
2015-12-17,0.042
2015-12-18,0.036
2015-12-21,0.036
2015-12-22,0.036
2015-12-24,0.036
2015-12-25,0.042
2015-12-28,0.036
2015-12-29,0.032
2015-12-30,0.032
2016-01-04,0.026
2016-01-05,0.026
2016-01-06,0.022
2016-01-07,0.016
2016-01-08,0.016
2016-01-12,0.017
2016-01-13,0.011
2016-01-14,0.018
2016-01-15,0.017
2016-01-18,0.012
2016-01-19,0.018
2016-01-20,0.017
2016-01-21,0.021
2016-01-22,0.017
2016-01-25,0.011
2016-01-26,0.011
2016-01-27,0.006
2016-01-28,0.011
2016-01-29,-0.071
2016-02-01,-0.11
2016-02-02,-0.105
2016-02-03,-0.139
2016-02-04,-0.149
2016-02-05,-0.186
2016-02-08,-0.18
2016-02-09,-0.255
2016-02-10,-0.224
2016-02-12,-0.147
2016-02-15,-0.122
2016-02-16,-0.144
2016-02-17,-0.124
2016-02-18,-0.149
2016-02-19,-0.169
2016-02-22,-0.178
2016-02-23,-0.173
2016-02-24,-0.198
2016-02-25,-0.199
2016-02-26,-0.218
2016-02-29,-0.228
2016-03-01,-0.224
2016-03-02,-0.204
2016-03-03,-0.174
2016-03-04,-0.184
2016-03-07,-0.205
2016-03-08,-0.23
2016-03-09,-0.163
2016-03-10,-0.154
2016-03-11,-0.149
2016-03-14,-0.174
2016-03-15,-0.145
2016-03-16,-0.174
2016-03-17,-0.184
2016-03-18,-0.22
2016-03-22,-0.22
2016-03-23,-0.236
2016-03-24,-0.225
2016-03-25,-0.237
2016-03-28,-0.235
2016-03-29,-0.231
2016-03-30,-0.23
2016-03-31,-0.19
2016-04-01,-0.214
2016-04-04,-0.225
2016-04-05,-0.211
2016-04-06,-0.215
2016-04-07,-0.215
2016-04-08,-0.232
2016-04-11,-0.23
2016-04-12,-0.237
2016-04-13,-0.221
2016-04-14,-0.221
2016-04-15,-0.231
2016-04-18,-0.232
2016-04-19,-0.245
2016-04-20,-0.252
2016-04-21,-0.245
2016-04-22,-0.272
2016-04-25,-0.23
2016-04-26,-0.241
2016-04-27,-0.211
2016-04-28,-0.206
2016-05-02,-0.227
2016-05-06,-0.238
2016-05-09,-0.237
2016-05-10,-0.236
2016-05-11,-0.232
2016-05-12,-0.236
2016-05-13,-0.235
2016-05-16,-0.237
2016-05-17,-0.232
2016-05-18,-0.226
2016-05-19,-0.202
2016-05-20,-0.225
2016-05-23,-0.223
2016-05-24,-0.226
2016-05-25,-0.22
2016-05-26,-0.232
2016-05-27,-0.236
2016-05-30,-0.234
2016-05-31,-0.239
2016-06-01,-0.24
2016-06-02,-0.227
2016-06-03,-0.231
2016-06-06,-0.243
2016-06-07,-0.244
2016-06-08,-0.228
2016-06-09,-0.249
2016-06-10,-0.269
2016-06-13,-0.276
2016-06-14,-0.28
2016-06-15,-0.296
2016-06-16,-0.29
2016-06-17,-0.249
2016-06-20,-0.246
2016-06-21,-0.24
2016-06-22,-0.24
2016-06-23,-0.237
2016-06-24,-0.29
2016-06-27,-0.287
2016-06-28,-0.307
2016-06-29,-0.321
2016-06-30,-0.317
2016-07-01,-0.361
2016-07-04,-0.354
2016-07-05,-0.346
2016-07-06,-0.362
2016-07-07,-0.369
2016-07-08,-0.374
2016-07-11,-0.363
2016-07-12,-0.364
2016-07-13,-0.358
2016-07-14,-0.35
2016-07-15,-0.317
2016-07-19,-0.317
2016-07-20,-0.33
2016-07-21,-0.332
2016-07-22,-0.338
2016-07-25,-0.347
2016-07-26,-0.348
2016-07-27,-0.384
2016-07-28,-0.363
2016-07-29,-0.261
2016-08-01,-0.233
2016-08-02,-0.149
2016-08-03,-0.176
2016-08-04,-0.17
2016-08-05,-0.19
2016-08-08,-0.16
2016-08-09,-0.188
2016-08-10,-0.194
2016-08-12,-0.185
2016-08-15,-0.163
2016-08-16,-0.172
2016-08-17,-0.158
2016-08-18,-0.175
2016-08-19,-0.184
2016-08-22,-0.169
2016-08-23,-0.183
2016-08-24,-0.174
2016-08-25,-0.178
2016-08-26,-0.174
2016-08-29,-0.181
2016-08-30,-0.19
2016-08-31,-0.18
2016-09-01,-0.166
2016-09-02,-0.156
2016-09-05,-0.16
2016-09-06,-0.157
2016-09-07,-0.177
2016-09-08,-0.164
2016-09-09,-0.16
2016-09-12,-0.174
2016-09-13,-0.174
2016-09-14,-0.205
2016-09-15,-0.21
2016-09-16,-0.206
2016-09-20,-0.21
2016-09-21,-0.175
2016-09-23,-0.189
2016-09-26,-0.199
2016-09-27,-0.239
2016-09-28,-0.245
2016-09-29,-0.239
2016-09-30,-0.249
2016-10-03,-0.236
2016-10-04,-0.23
2016-10-05,-0.23
2016-10-06,-0.22
2016-10-07,-0.221
2016-10-11,-0.199
2016-10-12,-0.199
2016-10-13,-0.199
2016-10-14,-0.21
2016-10-17,-0.21
2016-10-18,-0.21
2016-10-19,-0.215
2016-10-20,-0.215
2016-10-21,-0.205
2016-10-24,-0.195
2016-10-25,-0.205
2016-10-26,-0.206
2016-10-27,-0.199
2016-10-28,-0.189
2016-10-31,-0.193
2016-11-01,-0.198
2016-11-02,-0.204
2016-11-04,-0.209
2016-11-07,-0.201
2016-11-08,-0.203
2016-11-09,-0.213
2016-11-10,-0.183
2016-11-11,-0.174
2016-11-14,-0.153
2016-11-15,-0.118
2016-11-16,-0.057
2016-11-17,-0.101
2016-11-18,-0.09
2016-11-21,-0.096
2016-11-22,-0.091
2016-11-24,-0.091
2016-11-25,-0.081
2016-11-28,-0.096
2016-11-29,-0.1
2016-11-30,-0.1
2016-12-01,-0.099
2016-12-02,-0.1
2016-12-05,-0.107
2016-12-06,-0.096
2016-12-07,-0.101
2016-12-08,-0.09
2016-12-09,-0.086
2016-12-12,-0.079
2016-12-13,-0.064
2016-12-14,-0.089
2016-12-15,-0.079
2016-12-16,-0.063
2016-12-19,-0.074
2016-12-20,-0.08
2016-12-21,-0.084
2016-12-22,-0.09
2016-12-26,-0.084
2016-12-27,-0.084
2016-12-28,-0.09
2016-12-29,-0.104
2016-12-30,-0.114
2017-01-04,-0.109
2017-01-05,-0.118
2017-01-06,-0.125
2017-01-10,-0.129
2017-01-11,-0.133
2017-01-12,-0.129
2017-01-13,-0.132
2017-01-16,-0.129
2017-01-17,-0.127
2017-01-18,-0.123
2017-01-19,-0.106
2017-01-20,-0.126
2017-01-23,-0.132
2017-01-24,-0.143
2017-01-25,-0.106
2017-01-26,-0.09
2017-01-27,-0.101
2017-01-30,-0.1
2017-01-31,-0.094
2017-02-01,-0.1
2017-02-02,-0.096
2017-02-03,-0.096
2017-02-06,-0.079
2017-02-07,-0.084
2017-02-08,-0.085
2017-02-09,-0.094
2017-02-10,-0.088
2017-02-13,-0.08
2017-02-14,-0.088
2017-02-15,-0.097
2017-02-16,-0.093
2017-02-17,-0.097
2017-02-20,-0.093
2017-02-21,-0.094
2017-02-22,-0.112
2017-02-23,-0.113
2017-02-24,-0.131
2017-02-27,-0.138
2017-02-28,-0.137
2017-03-01,-0.128
2017-03-02,-0.139
2017-03-03,-0.149
2017-03-06,-0.15
2017-03-07,-0.151
2017-03-08,-0.144
2017-03-09,-0.114
2017-03-10,-0.119
2017-03-13,-0.115
2017-03-14,-0.119
2017-03-15,-0.115
2017-03-16,-0.135
2017-03-17,-0.135
2017-03-21,-0.145
2017-03-22,-0.155
2017-03-23,-0.165
2017-03-24,-0.155
2017-03-27,-0.159
2017-03-28,-0.153
2017-03-29,-0.144
2017-03-30,-0.134
2017-03-31,-0.124
2017-04-03,-0.108
2017-04-04,-0.124
2017-04-05,-0.138
2017-04-06,-0.139
2017-04-07,-0.152
2017-04-10,-0.152
2017-04-11,-0.157
2017-04-12,-0.163
2017-04-13,-0.163
2017-04-14,-0.165
2017-04-17,-0.169
2017-04-18,-0.163
2017-04-19,-0.177
2017-04-20,-0.177
2017-04-21,-0.173
2017-04-24,-0.157
2017-04-25,-0.158
2017-04-26,-0.156
2017-04-27,-0.148
2017-04-28,-0.162
2017-05-01,-0.163
2017-05-02,-0.156
2017-05-08,-0.146
2017-05-09,-0.137
2017-05-10,-0.126
2017-05-11,-0.12
2017-05-12,-0.12
2017-05-15,-0.121
2017-05-16,-0.117
2017-05-17,-0.111
2017-05-18,-0.107
2017-05-19,-0.121
2017-05-22,-0.119
2017-05-23,-0.122
2017-05-24,-0.115
2017-05-25,-0.115
2017-05-26,-0.123
2017-05-29,-0.117
2017-05-30,-0.12
2017-05-31,-0.116
2017-06-01,-0.116
2017-06-02,-0.108
2017-06-05,-0.105
2017-06-06,-0.105
2017-06-07,-0.089
2017-06-08,-0.074
2017-06-09,-0.08
2017-06-12,-0.08
2017-06-13,-0.074
2017-06-14,-0.074
2017-06-15,-0.08
2017-06-16,-0.08
2017-06-19,-0.08
2017-06-20,-0.08
2017-06-21,-0.074
2017-06-22,-0.074
2017-06-23,-0.08
2017-06-26,-0.08
2017-06-27,-0.094
2017-06-28,-0.09
2017-06-29,-0.084
2017-06-30,-0.068
2017-07-03,-0.074
2017-07-04,-0.068
2017-07-05,-0.058
2017-07-06,-0.044
2017-07-07,-0.042
2017-07-10,-0.032
2017-07-11,-0.038
2017-07-12,-0.042
2017-07-13,-0.049
2017-07-14,-0.049
2017-07-18,-0.053
2017-07-19,-0.057
2017-07-20,-0.057
2017-07-21,-0.063
2017-07-24,-0.067
2017-07-25,-0.068
2017-07-26,-0.058
2017-07-27,-0.064
2017-07-28,-0.064
2017-07-31,-0.062
2017-08-01,-0.062
2017-08-02,-0.062
2017-08-03,-0.068
2017-08-04,-0.062
2017-08-07,-0.058
2017-08-08,-0.057
2017-08-09,-0.065
2017-08-10,-0.066
2017-08-14,-0.072
2017-08-15,-0.076
2017-08-16,-0.076
2017-08-17,-0.08
2017-08-18,-0.096
2017-08-21,-0.103
2017-08-22,-0.098
2017-08-23,-0.096
2017-08-24,-0.117
2017-08-25,-0.131
2017-08-28,-0.132
2017-08-29,-0.143
2017-08-30,-0.138
2017-08-31,-0.142
2017-09-01,-0.146
2017-09-04,-0.142
2017-09-05,-0.135
2017-09-06,-0.136
2017-09-07,-0.139
2017-09-08,-0.155
2017-09-11,-0.14
2017-09-12,-0.115
2017-09-13,-0.119
2017-09-14,-0.105
2017-09-15,-0.125
2017-09-19,-0.115
2017-09-20,-0.109
2017-09-21,-0.104
2017-09-22,-0.116
2017-09-25,-0.12
2017-09-26,-0.114
2017-09-27,-0.094
2017-09-28,-0.068
2017-09-29,-0.078
2017-10-02,-0.068
2017-10-03,-0.072
2017-10-04,-0.099
2017-10-05,-0.103
2017-10-06,-0.099
2017-10-10,-0.099
2017-10-11,-0.093
2017-10-12,-0.089
2017-10-13,-0.089
2017-10-16,-0.09
2017-10-17,-0.084
2017-10-18,-0.079
2017-10-19,-0.087
2017-10-20,-0.084
2017-10-23,-0.083
2017-10-24,-0.083
2017-10-25,-0.083
2017-10-26,-0.093
2017-10-27,-0.091
2017-10-30,-0.091
2017-10-31,-0.097
2017-11-01,-0.098
2017-11-02,-0.097
2017-11-06,-0.123
2017-11-07,-0.131
2017-11-08,-0.137
2017-11-09,-0.126
2017-11-10,-0.113
2017-11-13,-0.1
2017-11-14,-0.105
2017-11-15,-0.109
2017-11-16,-0.116
2017-11-17,-0.121
2017-11-20,-0.125
2017-11-21,-0.131
2017-11-22,-0.136
2017-11-24,-0.132
2017-11-27,-0.119
2017-11-28,-0.119
2017-11-29,-0.125
2017-11-30,-0.115
2017-12-01,-0.119
2017-12-04,-0.11
2017-12-05,-0.1
2017-12-06,-0.106
2017-12-07,-0.106
2017-12-08,-0.113
2017-12-11,-0.113
2017-12-12,-0.115
2017-12-13,-0.119
2017-12-14,-0.115
2017-12-15,-0.115
2017-12-18,-0.119
2017-12-19,-0.115
2017-12-20,-0.105
2017-12-21,-0.104
2017-12-22,-0.108
2017-12-25,-0.11
2017-12-26,-0.104
2017-12-27,-0.1
2017-12-28,-0.1
2017-12-29,-0.104
2018-01-04,-0.099
2018-01-05,-0.099
2018-01-09,-0.093
2018-01-10,-0.077
2018-01-11,-0.083
2018-01-12,-0.083
2018-01-15,-0.079
2018-01-16,-0.09
2018-01-17,-0.078
2018-01-18,-0.077
2018-01-19,-0.083
2018-01-22,-0.083
2018-01-23,-0.087
2018-01-24,-0.083
2018-01-25,-0.078
2018-01-26,-0.085
2018-01-29,-0.079
2018-01-30,-0.072
2018-01-31,-0.082
2018-02-01,-0.071
2018-02-02,-0.078
2018-02-05,-0.082
2018-02-06,-0.086
2018-02-07,-0.082
2018-02-08,-0.08
2018-02-09,-0.086
2018-02-13,-0.086
2018-02-14,-0.091
2018-02-15,-0.097
2018-02-16,-0.102
2018-02-19,-0.097
2018-02-20,-0.098
2018-02-21,-0.102
2018-02-22,-0.102
2018-02-23,-0.107
2018-02-26,-0.112
2018-02-27,-0.118
2018-02-28,-0.112
2018-03-01,-0.112
2018-03-02,-0.099
2018-03-05,-0.127
2018-03-06,-0.119
2018-03-07,-0.117
2018-03-08,-0.116
2018-03-09,-0.115
2018-03-12,-0.116
2018-03-13,-0.109
2018-03-14,-0.105
2018-03-15,-0.105
2018-03-16,-0.115
2018-03-19,-0.115
2018-03-20,-0.115
2018-03-22,-0.119
2018-03-23,-0.125
2018-03-26,-0.124
2018-03-27,-0.114
2018-03-28,-0.114
2018-03-29,-0.11
2018-03-30,-0.108
2018-04-02,-0.108
2018-04-03,-0.125
2018-04-04,-0.119
2018-04-05,-0.115
2018-04-06,-0.115
2018-04-09,-0.119
2018-04-10,-0.123
2018-04-11,-0.123
2018-04-12,-0.119
2018-04-13,-0.113
2018-04-16,-0.109
2018-04-17,-0.113
2018-04-18,-0.113
2018-04-19,-0.107
2018-04-20,-0.093
2018-04-23,-0.093
2018-04-24,-0.104
2018-04-25,-0.097
2018-04-26,-0.097
2018-04-27,-0.102
2018-05-01,-0.119
2018-05-02,-0.109
2018-05-07,-0.112
2018-05-08,-0.108
2018-05-09,-0.104
2018-05-10,-0.104
2018-05-11,-0.108
2018-05-14,-0.104
2018-05-15,-0.098
2018-05-16,-0.098
2018-05-17,-0.101
2018-05-18,-0.101
2018-05-21,-0.101
2018-05-22,-0.105
2018-05-23,-0.111
2018-05-24,-0.111
2018-05-25,-0.116
2018-05-28,-0.117
2018-05-29,-0.116
2018-05-30,-0.119
2018-05-31,-0.119
2018-06-01,-0.108
2018-06-04,-0.104
2018-06-05,-0.098
2018-06-06,-0.1
2018-06-07,-0.097
2018-06-08,-0.096
2018-06-11,-0.098
2018-06-12,-0.099
2018-06-13,-0.103
2018-06-14,-0.108
2018-06-15,-0.108
2018-06-18,-0.108
2018-06-19,-0.113
2018-06-20,-0.109
2018-06-21,-0.108
2018-06-22,-0.114
2018-06-25,-0.115
2018-06-26,-0.11
2018-06-27,-0.11
2018-06-28,-0.111
2018-06-29,-0.112
2018-07-02,-0.115
2018-07-03,-0.115
2018-07-04,-0.115
2018-07-05,-0.12
2018-07-06,-0.116
2018-07-09,-0.115
2018-07-10,-0.109
2018-07-11,-0.109
2018-07-12,-0.109
2018-07-13,-0.109
2018-07-17,-0.109
2018-07-18,-0.103
2018-07-19,-0.107
2018-07-20,-0.107
2018-07-23,-0.077
2018-07-24,-0.086
2018-07-25,-0.107
2018-07-26,-0.097
2018-07-27,-0.091
2018-07-30,-0.086
2018-07-31,-0.097
2018-08-01,-0.046
2018-08-02,-0.06
2018-08-03,-0.074
2018-08-06,-0.077
2018-08-07,-0.075
2018-08-08,-0.071
2018-08-09,-0.064
2018-08-10,-0.075
2018-08-13,-0.082
2018-08-14,-0.075
2018-08-15,-0.082
2018-08-16,-0.076
2018-08-17,-0.085
2018-08-20,-0.089
2018-08-21,-0.086
2018-08-22,-0.079
2018-08-23,-0.079
2018-08-24,-0.076
2018-08-27,-0.074
2018-08-28,-0.074
2018-08-29,-0.074
2018-08-30,-0.069
2018-08-31,-0.073
2018-09-03,-0.062
2018-09-04,-0.062
2018-09-05,-0.066
2018-09-06,-0.069
2018-09-07,-0.07
2018-09-10,-0.064
2018-09-11,-0.064
2018-09-12,-0.064
2018-09-13,-0.067
2018-09-14,-0.064
2018-09-18,-0.063
2018-09-19,-0.057
2018-09-20,-0.057
2018-09-21,-0.053
2018-09-25,-0.05
2018-09-26,-0.056
2018-09-27,-0.066
2018-09-28,-0.065
2018-10-01,-0.06
2018-10-02,-0.06
2018-10-03,-0.061
2018-10-04,-0.05
2018-10-05,-0.058
2018-10-09,-0.055
2018-10-10,-0.055
2018-10-11,-0.058
2018-10-12,-0.056
2018-10-15,-0.059
2018-10-16,-0.052
2018-10-17,-0.053
2018-10-18,-0.051
2018-10-19,-0.055
2018-10-22,-0.055
2018-10-23,-0.056
2018-10-24,-0.062
2018-10-25,-0.076
2018-10-26,-0.082
2018-10-29,-0.086
2018-10-30,-0.08
2018-10-31,-0.08
2018-11-01,-0.079
2018-11-02,-0.077
2018-11-05,-0.081
2018-11-06,-0.077
2018-11-07,-0.076
2018-11-08,-0.082
2018-11-09,-0.082
2018-11-12,-0.081
2018-11-13,-0.082
2018-11-14,-0.087
2018-11-15,-0.087
2018-11-16,-0.09
2018-11-19,-0.1
2018-11-20,-0.096
2018-11-21,-0.1
2018-11-22,-0.1
2018-11-26,-0.105
2018-11-27,-0.101
2018-11-28,-0.09
2018-11-29,-0.105
2018-11-30,-0.102
2018-12-03,-0.106
2018-12-04,-0.111
2018-12-05,-0.111
2018-12-06,-0.126
2018-12-07,-0.124
2018-12-10,-0.138
2018-12-11,-0.131
2018-12-12,-0.119
2018-12-13,-0.117
2018-12-14,-0.132
2018-12-17,-0.139
2018-12-18,-0.15
2018-12-19,-0.146
2018-12-20,-0.139
2018-12-21,-0.124
2018-12-25,-0.14
2018-12-26,-0.126
2018-12-27,-0.126
2018-12-28,-0.152
2019-01-04,-0.188
2019-01-07,-0.173
2019-01-08,-0.148
2019-01-09,-0.142
2019-01-10,-0.149
2019-01-11,-0.15
2019-01-15,-0.143
2019-01-16,-0.154
2019-01-17,-0.161
2019-01-18,-0.159
2019-01-21,-0.159
2019-01-22,-0.159
2019-01-23,-0.16
2019-01-24,-0.156
2019-01-25,-0.164
2019-01-28,-0.164
2019-01-29,-0.16
2019-01-30,-0.16
2019-01-31,-0.164
2019-02-01,-0.179
2019-02-04,-0.169
2019-02-05,-0.164
2019-02-06,-0.165
2019-02-07,-0.157
2019-02-08,-0.169
2019-02-12,-0.157
2019-02-13,-0.156
2019-02-14,-0.166
2019-02-15,-0.17
2019-02-18,-0.176
2019-02-19,-0.181
2019-02-20,-0.181
2019-02-21,-0.182
2019-02-22,-0.182
2019-02-25,-0.176
2019-02-26,-0.171
2019-02-27,-0.165
2019-02-28,-0.158
2019-03-01,-0.154
2019-03-04,-0.149
2019-03-05,-0.144
2019-03-06,-0.151
2019-03-07,-0.151
2019-03-08,-0.154
2019-03-11,-0.158
2019-03-12,-0.16
2019-03-13,-0.17
2019-03-14,-0.17
2019-03-15,-0.171
2019-03-18,-0.171
2019-03-19,-0.171
2019-03-20,-0.17
2019-03-22,-0.188
2019-03-25,-0.194
2019-03-26,-0.177
2019-03-27,-0.178
2019-03-28,-0.199
2019-03-29,-0.202
2019-04-01,-0.193
2019-04-02,-0.172
2019-04-03,-0.172
2019-04-04,-0.166
2019-04-05,-0.158
2019-04-08,-0.17
2019-04-09,-0.17
2019-04-10,-0.176
2019-04-11,-0.176
2019-04-12,-0.174
2019-04-15,-0.162
2019-04-16,-0.15
2019-04-17,-0.138
2019-04-18,-0.154
2019-04-19,-0.155
2019-04-22,-0.155
2019-04-23,-0.155
2019-04-24,-0.159
2019-04-25,-0.16
2019-04-26,-0.17
2019-05-07,-0.169
2019-05-08,-0.169
2019-05-09,-0.164
2019-05-10,-0.17
2019-05-13,-0.164
2019-05-14,-0.164
2019-05-15,-0.165
2019-05-16,-0.175
2019-05-17,-0.169
2019-05-20,-0.164
2019-05-21,-0.165
2019-05-22,-0.164
2019-05-23,-0.171
2019-05-24,-0.174
2019-05-27,-0.174
2019-05-28,-0.179
2019-05-29,-0.196
2019-05-30,-0.186
2019-05-31,-0.201
2019-06-03,-0.201
2019-06-04,-0.211
2019-06-05,-0.25
2019-06-06,-0.24
2019-06-07,-0.229
2019-06-10,-0.234
2019-06-11,-0.221
2019-06-12,-0.226
2019-06-13,-0.231
2019-06-14,-0.235
2019-06-17,-0.229
2019-06-18,-0.23
2019-06-19,-0.24
2019-06-20,-0.266
2019-06-21,-0.277
2019-06-24,-0.268
2019-06-25,-0.266
2019-06-26,-0.261
2019-06-27,-0.253
2019-06-28,-0.262
2019-07-01,-0.252
2019-07-02,-0.244
2019-07-03,-0.263
2019-07-04,-0.26
2019-07-05,-0.26
2019-07-08,-0.242
2019-07-09,-0.232
2019-07-10,-0.216
2019-07-11,-0.226
2019-07-12,-0.21
2019-07-16,-0.215
2019-07-17,-0.215
2019-07-18,-0.231
2019-07-19,-0.236
2019-07-22,-0.236
2019-07-23,-0.241
2019-07-24,-0.237
2019-07-25,-0.241
2019-07-26,-0.241
2019-07-29,-0.235
2019-07-30,-0.246
2019-07-31,-0.247
2019-08-01,-0.227
2019-08-02,-0.258
2019-08-05,-0.284
2019-08-06,-0.279
2019-08-07,-0.294
2019-08-08,-0.289
2019-08-09,-0.309
2019-08-13,-0.326
2019-08-14,-0.311
2019-08-15,-0.326
2019-08-16,-0.326
2019-08-19,-0.33
2019-08-20,-0.34
2019-08-21,-0.346
2019-08-22,-0.345
2019-08-23,-0.335
2019-08-26,-0.366
2019-08-27,-0.35
2019-08-28,-0.351
2019-08-29,-0.368
2019-08-30,-0.362
2019-09-02,-0.36
2019-09-03,-0.352
2019-09-04,-0.361
2019-09-05,-0.348
2019-09-06,-0.347
2019-09-09,-0.354
2019-09-10,-0.324
2019-09-11,-0.302
2019-09-12,-0.312
2019-09-13,-0.264
2019-09-17,-0.265
2019-09-18,-0.296
2019-09-19,-0.342
2019-09-20,-0.345
2019-09-24,-0.365
2019-09-25,-0.389
2019-09-26,-0.377
2019-09-27,-0.368
2019-09-30,-0.363
2019-10-01,-0.299
2019-10-02,-0.333
2019-10-03,-0.36
2019-10-04,-0.376
2019-10-07,-0.385
2019-10-08,-0.364
2019-10-09,-0.365
2019-10-10,-0.354
2019-10-11,-0.319
2019-10-15,-0.304
2019-10-16,-0.291
2019-10-17,-0.281
2019-10-18,-0.271
2019-10-21,-0.272
2019-10-23,-0.276
2019-10-24,-0.283
2019-10-25,-0.271
2019-10-28,-0.258
2019-10-29,-0.242
2019-10-30,-0.247
2019-10-31,-0.267
2019-11-01,-0.313
2019-11-05,-0.271
2019-11-06,-0.217
2019-11-07,-0.212
2019-11-08,-0.185
2019-11-11,-0.196
2019-11-12,-0.165
2019-11-13,-0.181
2019-11-14,-0.196
2019-11-15,-0.188
2019-11-18,-0.2
2019-11-19,-0.212
2019-11-20,-0.222
2019-11-21,-0.212
2019-11-22,-0.192
2019-11-25,-0.196
2019-11-26,-0.201
2019-11-27,-0.219
2019-11-28,-0.193
2019-11-29,-0.187
2019-12-02,-0.159
2019-12-03,-0.135
2019-12-04,-0.151
2019-12-05,-0.158
2019-12-06,-0.121
2019-12-09,-0.105
2019-12-10,-0.111
2019-12-11,-0.1
2019-12-12,-0.128
2019-12-13,-0.131
2019-12-16,-0.131
2019-12-17,-0.11
2019-12-18,-0.11
2019-12-19,-0.097
2019-12-20,-0.08
2019-12-23,-0.084
2019-12-24,-0.091
2019-12-25,-0.111
2019-12-26,-0.12
2019-12-27,-0.12
2019-12-30,-0.13
2020-01-06,-0.14
2020-01-07,-0.115
2020-01-08,-0.117
2020-01-09,-0.116
2020-01-10,-0.109
2020-01-14,-0.087
2020-01-15,-0.09
2020-01-16,-0.094
2020-01-17,-0.104
2020-01-20,-0.098
2020-01-21,-0.109
2020-01-22,-0.109
2020-01-23,-0.125
2020-01-24,-0.125
2020-01-27,-0.144
2020-01-28,-0.134
2020-01-29,-0.134
2020-01-30,-0.154
2020-01-31,-0.167
2020-02-03,-0.175
2020-02-04,-0.159
2020-02-05,-0.145
2020-02-06,-0.125
2020-02-07,-0.141
2020-02-10,-0.156
2020-02-12,-0.142
2020-02-13,-0.136
2020-02-14,-0.132
2020-02-17,-0.137
2020-02-18,-0.152
2020-02-19,-0.152
2020-02-20,-0.148
2020-02-21,-0.167
2020-02-25,-0.218
2020-02-26,-0.204
2020-02-27,-0.219
2020-02-28,-0.268
2020-03-02,-0.257
2020-03-03,-0.239
2020-03-04,-0.273
2020-03-05,-0.239
2020-03-06,-0.281
2020-03-09,-0.315
2020-03-10,-0.216
2020-03-11,-0.227
2020-03-12,-0.208
2020-03-13,-0.134
2020-03-16,-0.11
2020-03-17,-0.108
2020-03-18,-0.075
2020-03-19,-0.049
2020-03-23,-0.069
2020-03-24,-0.11
2020-03-25,-0.099
2020-03-26,-0.111
2020-03-27,-0.101
2020-03-30,-0.123
2020-03-31,-0.115
2020-04-01,-0.125
2020-04-02,-0.129
2020-04-03,-0.122
2020-04-06,-0.102
2020-04-07,-0.104
2020-04-08,-0.099
2020-04-09,-0.104
2020-04-10,-0.13
2020-04-13,-0.124
2020-04-14,-0.111
2020-04-15,-0.101
2020-04-16,-0.115
2020-04-17,-0.105
2020-04-20,-0.1
2020-04-21,-0.099
2020-04-22,-0.122
2020-04-23,-0.129
2020-04-24,-0.154
2020-04-27,-0.164
2020-04-28,-0.17
2020-04-30,-0.16
2020-05-01,-0.144
2020-05-07,-0.124
2020-05-08,-0.133
2020-05-11,-0.117
2020-05-12,-0.121
2020-05-13,-0.117
2020-05-14,-0.118
2020-05-15,-0.118
2020-05-18,-0.136
2020-05-19,-0.123
2020-05-20,-0.123
2020-05-21,-0.133
2020-05-22,-0.143
2020-05-25,-0.131
2020-05-26,-0.131
2020-05-27,-0.128
2020-05-28,-0.133
2020-05-29,-0.128
2020-06-01,-0.131
2020-06-02,-0.131
2020-06-03,-0.12
2020-06-04,-0.104
2020-06-05,-0.083
2020-06-08,-0.084
2020-06-09,-0.105
2020-06-10,-0.097
2020-06-11,-0.112
2020-06-12,-0.106
2020-06-15,-0.118
2020-06-16,-0.105
2020-06-17,-0.107
2020-06-18,-0.111
2020-06-19,-0.107
2020-06-22,-0.11
2020-06-23,-0.11
2020-06-24,-0.103
2020-06-25,-0.102
2020-06-26,-0.106
2020-06-29,-0.107
2020-06-30,-0.102
2020-07-01,-0.091
2020-07-02,-0.088
2020-07-03,-0.099
2020-07-06,-0.088
2020-07-07,-0.09
2020-07-08,-0.095
2020-07-09,-0.109
2020-07-10,-0.113
2020-07-13,-0.103
2020-07-14,-0.11
2020-07-15,-0.11
2020-07-16,-0.123
2020-07-17,-0.124
2020-07-20,-0.118
2020-07-21,-0.124
2020-07-22,-0.125
2020-07-27,-0.119
2020-07-28,-0.113
2020-07-29,-0.113
2020-07-30,-0.117
2020-07-31,-0.129
2020-08-03,-0.112
2020-08-04,-0.12
2020-08-05,-0.117
2020-08-06,-0.107
2020-08-07,-0.106
2020-08-11,-0.093
2020-08-12,-0.083
2020-08-13,-0.082
2020-08-14,-0.071
2020-08-17,-0.076
2020-08-18,-0.086
2020-08-19,-0.086
2020-08-20,-0.087
2020-08-21,-0.08
2020-08-24,-0.091
2020-08-25,-0.086
2020-08-26,-0.079
2020-08-27,-0.083
2020-08-28,-0.067
2020-08-31,-0.072
2020-09-01,-0.076
2020-09-02,-0.077
2020-09-03,-0.086
2020-09-04,-0.081
2020-09-07,-0.078
2020-09-08,-0.085
2020-09-09,-0.091
2020-09-10,-0.09
2020-09-11,-0.094
2020-09-14,-0.1
2020-09-15,-0.102
2020-09-16,-0.105
2020-09-17,-0.109
2020-09-18,-0.116
2020-09-23,-0.123
2020-09-24,-0.118
2020-09-25,-0.118
2020-09-28,-0.101
2020-09-29,-0.109
2020-09-30,-0.11
2020-10-01,-0.109
2020-10-02,-0.114
2020-10-05,-0.108
2020-10-06,-0.095
2020-10-07,-0.094
2020-10-08,-0.105
2020-10-09,-0.099
2020-10-12,-0.103
2020-10-13,-0.109
2020-10-14,-0.103
2020-10-15,-0.113
2020-10-16,-0.113
2020-10-19,-0.113
2020-10-20,-0.113
2020-10-21,-0.103
2020-10-22,-0.103
2020-10-23,-0.097
2020-10-26,-0.097
2020-10-27,-0.098
2020-10-28,-0.108
2020-10-29,-0.108
2020-10-30,-0.098
2020-11-02,-0.092
2020-11-04,-0.098
2020-11-05,-0.113
2020-11-06,-0.118
2020-11-09,-0.117
2020-11-10,-0.103
2020-11-11,-0.092
2020-11-12,-0.103
2020-11-13,-0.11
2020-11-16,-0.117
2020-11-17,-0.111
2020-11-18,-0.118
2020-11-19,-0.117
2020-11-20,-0.127
2020-11-24,-0.113
2020-11-25,-0.113
2020-11-26,-0.111
2020-11-27,-0.105
2020-11-30,-0.101
2020-12-01,-0.105
2020-12-02,-0.099
2020-12-03,-0.1
2020-12-04,-0.105
2020-12-07,-0.105
2020-12-08,-0.114
2020-12-09,-0.111
2020-12-10,-0.116
2020-12-11,-0.125
2020-12-14,-0.125
2020-12-15,-0.127
2020-12-16,-0.114
2020-12-17,-0.115
2020-12-18,-0.124
2020-12-21,-0.12
2020-12-22,-0.119
2020-12-23,-0.123
2020-12-24,-0.112
2020-12-25,-0.109
2020-12-28,-0.109
2020-12-29,-0.109
2020-12-30,-0.102
2021-01-04,-0.102
2021-01-05,-0.113
2021-01-06,-0.104
2021-01-07,-0.098
2021-01-08,-0.106
2021-01-12,-0.111
2021-01-13,-0.109
2021-01-14,-0.103
2021-01-15,-0.104
2021-01-18,-0.098
2021-01-19,-0.108
2021-01-20,-0.114
2021-01-21,-0.118
2021-01-22,-0.114
2021-01-25,-0.118
2021-01-26,-0.119
2021-01-27,-0.113
2021-01-28,-0.113
2021-01-29,-0.113
2021-02-01,-0.108
2021-02-02,-0.102
2021-02-03,-0.106
2021-02-04,-0.106
2021-02-05,-0.106
2021-02-08,-0.096
2021-02-09,-0.095
2021-02-10,-0.092
2021-02-12,-0.11
2021-02-15,-0.1
2021-02-16,-0.097
2021-02-17,-0.077
2021-02-18,-0.081
2021-02-19,-0.076
2021-02-22,-0.064
2021-02-24,-0.064
2021-02-25,-0.048
2021-02-26,-0.047
2021-03-01,-0.057
2021-03-02,-0.073
2021-03-03,-0.069
2021-03-04,-0.062
2021-03-05,-0.088
2021-03-08,-0.071
2021-03-09,-0.061
2021-03-10,-0.065
2021-03-11,-0.076
2021-03-12,-0.075
2021-03-15,-0.082
2021-03-16,-0.094
2021-03-17,-0.09
2021-03-18,-0.089
2021-03-19,-0.079
2021-03-22,-0.092
2021-03-23,-0.086
2021-03-24,-0.097
2021-03-25,-0.093
2021-03-26,-0.096
2021-03-29,-0.097
2021-03-30,-0.089
2021-03-31,-0.083
2021-04-01,-0.072
2021-04-02,-0.072
2021-04-05,-0.075
2021-04-06,-0.08
2021-04-07,-0.087
2021-04-08,-0.099
2021-04-09,-0.092
2021-04-12,-0.092
2021-04-13,-0.098
2021-04-14,-0.102
2021-04-15,-0.098
2021-04-16,-0.102
2021-04-19,-0.095
2021-04-20,-0.095
2021-04-21,-0.102
2021-04-22,-0.106
2021-04-23,-0.106
2021-04-26,-0.102
2021-04-27,-0.102
2021-04-28,-0.092
2021-04-30,-0.092
2021-05-06,-0.091
2021-05-07,-0.095
2021-05-10,-0.091
2021-05-11,-0.095
2021-05-12,-0.089
2021-05-13,-0.085
2021-05-14,-0.096
2021-05-17,-0.096
2021-05-18,-0.096
2021-05-19,-0.096
2021-05-20,-0.089
2021-05-21,-0.089
2021-05-24,-0.094
2021-05-25,-0.094
2021-05-26,-0.094
2021-05-27,-0.1
2021-05-28,-0.089
2021-05-31,-0.093
2021-06-01,-0.092
2021-06-02,-0.092
2021-06-03,-0.092
2021-06-04,-0.092
2021-06-07,-0.092
2021-06-08,-0.097
2021-06-09,-0.098
2021-06-10,-0.11
2021-06-11,-0.115
2021-06-14,-0.111
2021-06-15,-0.108
2021-06-16,-0.102
2021-06-17,-0.095
2021-06-18,-0.099
2021-06-21,-0.104
2021-06-22,-0.096
2021-06-23,-0.095
2021-06-24,-0.092
2021-06-25,-0.1
2021-06-28,-0.092
2021-06-29,-0.092
2021-06-30,-0.098
2021-07-01,-0.107
2021-07-02,-0.107
2021-07-05,-0.114
2021-07-06,-0.105
2021-07-07,-0.109
2021-07-08,-0.119
2021-07-09,-0.119
2021-07-12,-0.119
2021-07-13,-0.12
2021-07-14,-0.123
2021-07-15,-0.127
2021-07-16,-0.123
2021-07-19,-0.128
2021-07-20,-0.134
2021-07-21,-0.134
2021-07-26,-0.134
2021-07-27,-0.128
2021-07-28,-0.128
2021-07-29,-0.128
2021-07-30,-0.123
2021-08-02,-0.123
2021-08-03,-0.129
2021-08-04,-0.133
2021-08-05,-0.133
2021-08-06,-0.128
2021-08-10,-0.123
2021-08-11,-0.118
2021-08-12,-0.123
2021-08-13,-0.124
2021-08-16,-0.128
2021-08-17,-0.134
2021-08-18,-0.134
2021-08-19,-0.128
2021-08-20,-0.129
2021-08-23,-0.124
2021-08-24,-0.118
2021-08-25,-0.119
2021-08-26,-0.117
2021-08-27,-0.115
2021-08-30,-0.118
2021-08-31,-0.118
2021-09-01,-0.107
2021-09-02,-0.107
2021-09-03,-0.104
2021-09-06,-0.097
2021-09-07,-0.097
2021-09-08,-0.096
2021-09-09,-0.1
2021-09-10,-0.101
2021-09-13,-0.101
2021-09-14,-0.101
2021-09-15,-0.108
2021-09-16,-0.1
2021-09-17,-0.095
2021-09-21,-0.102
2021-09-22,-0.108
2021-09-24,-0.091
2021-09-27,-0.091
2021-09-28,-0.081
2021-09-29,-0.08
2021-09-30,-0.079
2021-10-01,-0.095
2021-10-04,-0.096
2021-10-05,-0.09
2021-10-06,-0.079
2021-10-07,-0.083
2021-10-08,-0.079
2021-10-11,-0.076
2021-10-12,-0.073
2021-10-13,-0.073
2021-10-14,-0.079
2021-10-15,-0.083
2021-10-18,-0.072
2021-10-19,-0.073
2021-10-20,-0.073
2021-10-21,-0.073
2021-10-22,-0.067
2021-10-25,-0.068
2021-10-26,-0.057
2021-10-27,-0.063
2021-10-28,-0.074
2021-10-29,-0.073
2021-11-01,-0.077
2021-11-02,-0.084
2021-11-04,-0.084
2021-11-05,-0.098
2021-11-08,-0.099
2021-11-09,-0.092
2021-11-10,-0.092
2021-11-11,-0.087
2021-11-12,-0.079
2021-11-15,-0.083
2021-11-16,-0.079
2021-11-17,-0.082
2021-11-18,-0.072
2021-11-19,-0.078
2021-11-22,-0.087
2021-11-24,-0.082
2021-11-25,-0.071
2021-11-26,-0.081
2021-11-29,-0.081
2021-11-30,-0.093
2021-12-01,-0.086
2021-12-02,-0.093
2021-12-03,-0.099
2021-12-06,-0.104
2021-12-07,-0.094
2021-12-08,-0.094
2021-12-09,-0.087
2021-12-10,-0.087
2021-12-13,-0.093
2021-12-14,-0.099
2021-12-15,-0.1
2021-12-16,-0.102
2021-12-17,-0.101
2021-12-20,-0.109
2021-12-21,-0.1
2021-12-22,-0.09
2021-12-23,-0.09
2021-12-24,-0.088
2021-12-27,-0.084
2021-12-28,-0.084
2021-12-29,-0.084
2021-12-30,-0.075
2022-01-04,-0.067
2022-01-05,-0.067
2022-01-06,-0.049
2022-01-07,-0.037
2022-01-11,-0.023
2022-01-12,-0.043
2022-01-13,-0.038
2022-01-14,-0.016
2022-01-17,-0.022
2022-01-18,-0.022
2022-01-19,-0.038
2022-01-20,-0.027
2022-01-21,-0.032
2022-01-24,-0.028
2022-01-25,-0.028
2022-01-26,-0.022
2022-01-27,-0.012
2022-01-28,-0.017
2022-01-31,-0.017
2022-02-01,0
2022-02-02,-0.006
2022-02-03,-0.006
2022-02-04,0.008
2022-02-07,0.008
2022-02-08,0.019
2022-02-09,0.019
2022-02-10,0.035
2022-02-14,0.039
2022-02-15,0.044
2022-02-16,0.055
2022-02-17,0.061
2022-02-18,0.054
2022-02-21,0.044
2022-02-22,0.025
2022-02-24,0.025
2022-02-25,0.035
2022-02-28,0.012
2022-03-01,0.01
2022-03-02,-0.022
2022-03-03,0.003
2022-03-04,0.003
2022-03-07,-0.012
2022-03-08,-0.008
2022-03-09,-0.001
2022-03-10,0.02
2022-03-11,0.019
2022-03-14,0.03
2022-03-15,0.04
2022-03-16,0.034
2022-03-17,0.033
2022-03-18,0.04
2022-03-22,0.049
2022-03-23,0.05
2022-03-24,0.055
2022-03-25,0.056
2022-03-28,0.067
2022-03-29,0.076
2022-03-30,0.05
2022-03-31,0.036
2022-04-01,0.026
2022-04-04,0.022
2022-04-05,0.027
2022-04-06,0.047
2022-04-07,0.041
2022-04-08,0.024
2022-04-11,0.036
2022-04-12,0.028
2022-04-13,0.034
2022-04-14,0.028
2022-04-15,0.029
2022-04-18,0.029
2022-04-19,0.03
2022-04-20,0.037
2022-04-21,0.021
2022-04-22,0.021
2022-04-25,0.017
2022-04-26,0.016
2022-04-27,0.017
2022-04-28,0.005
2022-05-02,0.017
2022-05-06,0.024
2022-05-09,0.023
2022-05-10,0.023
2022-05-11,0.023
2022-05-12,0.018
2022-05-13,0.012
2022-05-16,0.019
2022-05-17,0.019
2022-05-18,0.022
2022-05-19,0.022
2022-05-20,0.018
2022-05-23,0.019
2022-05-24,0.008
2022-05-25,-0.008
2022-05-26,0.008
2022-05-27,0.004
2022-05-30,0.008
2022-05-31,0.01
2022-06-01,-0.001
2022-06-02,0.006
2022-06-03,-0.001
2022-06-06,0.006
2022-06-07,0.009
2022-06-08,0.003
2022-06-09,0.003
2022-06-10,0.007
2022-06-13,0.047
2022-06-14,0.092
2022-06-15,0.087
2022-06-16,0.046
2022-06-17,0.062
2022-06-20,0.082
2022-06-21,0.096
2022-06-22,0.087
2022-06-23,0.066
2022-06-24,0.049
2022-06-27,0.061
2022-06-28,0.068
2022-06-29,0.056
2022-06-30,0.042
2022-07-01,0.026
2022-07-04,0.031
2022-07-05,0.031
2022-07-06,0.025
2022-07-07,0.024
2022-07-08,0.035
2022-07-11,0.045
2022-07-12,0.039
2022-07-13,0.025
2022-07-14,0.036
2022-07-15,0.032
2022-07-19,0.026
2022-07-20,0.03
2022-07-21,0.02
2022-07-22,0.01
2022-07-25,0.002
2022-07-26,0.002
2022-07-27,0.002
2022-07-28,-0.008
2022-07-29,-0.025
2022-08-01,-0.018
2022-08-02,-0.024
2022-08-03,-0.013
2022-08-04,-0.024
2022-08-05,-0.033
2022-08-08,-0.028
2022-08-09,-0.033
2022-08-10,-0.008
2022-08-12,-0.003
2022-08-15,0.003
2022-08-16,-0.007
2022-08-17,-0.003
2022-08-18,0.008
2022-08-19,0.005
2022-08-22,0.022
2022-08-23,0.016
2022-08-24,0.028
2022-08-25,0.035
2022-08-26,0.023
2022-08-29,0.041
2022-08-30,0.019
2022-08-31,0.019
2022-09-01,0.03
2022-09-02,0.038
2022-09-05,0.026
2022-09-06,0.037
2022-09-07,0.043
2022-09-08,0.046
2022-09-09,0.063
2022-09-12,0.067
2022-09-13,0.047
2022-09-14,0.059
2022-09-15,0.063
2022-09-16,0.069
2022-09-20,0.069
2022-09-21,0.085
2022-09-22,0.064
2022-09-26,0.092
2022-09-27,0.114
2022-09-28,0.1
2022-09-29,0.095
2022-09-30,0.088
2022-10-03,0.072
2022-10-04,0.056
2022-10-05,0.056
2022-10-06,0.056
2022-10-07,0.066
2022-10-11,0.082
2022-10-12,0.08
2022-10-13,0.09
2022-10-14,0.086
2022-10-17,0.097
2022-10-18,0.097
2022-10-19,0.112
2022-10-20,0.132
2022-10-21,0.142
2022-10-24,0.143
2022-10-25,0.123
2022-10-26,0.098
2022-10-27,0.07
2022-10-28,0.077
2022-10-31,0.082
2022-11-01,0.078
2022-11-02,0.082
2022-11-04,0.094
2022-11-07,0.094
2022-11-08,0.095
2022-11-09,0.08
2022-11-10,0.075
2022-11-11,0.054
2022-11-14,0.068
2022-11-15,0.074
2022-11-16,0.075
2022-11-17,0.077
2022-11-18,0.091
2022-11-21,0.091
2022-11-22,0.086
2022-11-24,0.08
2022-11-25,0.104
2022-11-28,0.104
2022-11-29,0.12
2022-11-30,0.12
2022-12-01,0.109
2022-12-02,0.116
2022-12-05,0.126
2022-12-06,0.14
2022-12-07,0.133
2022-12-08,0.134
2022-12-09,0.126
2022-12-12,0.135
2022-12-13,0.136
2022-12-14,0.131
2022-12-15,0.139
2022-12-16,0.139
2022-12-19,0.154
2022-12-20,0.195
2022-12-21,0.261
2022-12-22,0.235
2022-12-23,0.217
2022-12-26,0.257
2022-12-27,0.262
2022-12-28,0.262
2022-12-29,0.262
2022-12-30,0.253
2023-01-04,0.246
2023-01-05,0.234
2023-01-06,0.23
2023-01-10,0.258
2023-01-11,0.262
2023-01-12,0.302
2023-01-13,0.328
2023-01-16,0.319
2023-01-17,0.329
2023-01-18,0.238
2023-01-19,0.223
2023-01-20,0.198
2023-01-23,0.168
2023-01-24,0.185
2023-01-25,0.189
2023-01-26,0.189
2023-01-27,0.2
2023-01-30,0.187
2023-01-31,0.198
2023-02-01,0.192
2023-02-02,0.192
2023-02-03,0.167
2023-02-06,0.179
2023-02-07,0.19
2023-02-08,0.2
2023-02-09,0.214
2023-02-10,0.215
2023-02-13,0.202
2023-02-14,0.208
2023-02-15,0.208
2023-02-16,0.226
2023-02-17,0.227
2023-02-20,0.235
2023-02-21,0.255
2023-02-22,0.261
2023-02-24,0.238
2023-02-27,0.245
2023-02-28,0.229
2023-03-01,0.219
2023-03-02,0.216
2023-03-03,0.213
2023-03-06,0.229
2023-03-07,0.219
2023-03-08,0.224
2023-03-09,0.247
2023-03-10,0.212
2023-03-13,0.192
2023-03-14,0.135
2023-03-15,0.145
2023-03-16,0.121
2023-03-17,0.116
2023-03-20,0.071
2023-03-22,0.114
2023-03-23,0.092
2023-03-24,0.077
2023-03-27,0.084
2023-03-28,0.094
2023-03-29,0.091
2023-03-30,0.101
2023-03-31,0.104
2023-04-03,0.138
2023-04-04,0.17
2023-04-05,0.178
2023-04-06,0.168
2023-04-07,0.168
2023-04-10,0.174
2023-04-11,0.155
2023-04-12,0.159
2023-04-13,0.159
2023-04-14,0.156
2023-04-17,0.17
2023-04-18,0.17
2023-04-19,0.17
2023-04-20,0.17
2023-04-21,0.162
2023-04-24,0.163
2023-04-25,0.168
2023-04-26,0.153
2023-04-27,0.153
2023-04-28,0.109
2023-05-01,0.113
2023-05-02,0.13
2023-05-08,0.124
2023-05-09,0.135
2023-05-10,0.125
2023-05-11,0.115
2023-05-12,0.11
2023-05-15,0.127
2023-05-16,0.116
2023-05-17,0.1
2023-05-18,0.106
2023-05-19,0.112
2023-05-22,0.103
2023-05-23,0.107
2023-05-24,0.112
2023-05-25,0.13
2023-05-26,0.115
2023-05-29,0.112
2023-05-30,0.112
2023-05-31,0.097
2023-06-01,0.093
2023-06-02,0.088
2023-06-05,0.107
2023-06-06,0.098
2023-06-07,0.092
2023-06-08,0.102
2023-06-09,0.098
2023-06-12,0.094
2023-06-13,0.086
2023-06-14,0.097
2023-06-15,0.103
2023-06-16,0.093
2023-06-19,0.093
2023-06-20,0.092
2023-06-21,0.087
2023-06-22,0.085
2023-06-23,0.073
2023-06-26,0.066
2023-06-27,0.075
2023-06-28,0.089
2023-06-29,0.085
2023-06-30,0.08
2023-07-03,0.084
2023-07-04,0.078
2023-07-05,0.072
2023-07-06,0.089
2023-07-07,0.123
2023-07-10,0.157
2023-07-11,0.122
2023-07-12,0.143
2023-07-13,0.132
2023-07-14,0.133
2023-07-18,0.139
2023-07-19,0.118
2023-07-20,0.114
2023-07-21,0.128
2023-07-24,0.108
2023-07-25,0.109
2023-07-26,0.1
2023-07-27,0.1
2023-07-28,0.162
2023-07-31,0.19
2023-08-01,0.182
2023-08-02,0.2
2023-08-03,0.225
2023-08-04,0.226
2023-08-07,0.216
2023-08-08,0.205
2023-08-09,0.184
2023-08-10,0.199
2023-08-14,0.218
2023-08-15,0.223
2023-08-16,0.223
2023-08-17,0.239
2023-08-18,0.227
2023-08-21,0.242
2023-08-22,0.252
2023-08-23,0.259
2023-08-24,0.237
2023-08-25,0.248
2023-08-28,0.248
2023-08-29,0.241
2023-08-30,0.247
2023-08-31,0.238
2023-09-01,0.222
2023-09-04,0.235
2023-09-05,0.243
2023-09-06,0.243
2023-09-07,0.239
2023-09-08,0.234
2023-09-11,0.3
2023-09-12,0.297
2023-09-13,0.297
2023-09-14,0.296
2023-09-15,0.29
2023-09-19,0.301
2023-09-20,0.301
2023-09-21,0.332
2023-09-22,0.324
2023-09-25,0.318
2023-09-26,0.317
2023-09-27,0.313
2023-09-28,0.331
2023-09-29,0.341
2023-10-02,0.359
2023-10-03,0.351
2023-10-04,0.371
2023-10-05,0.355
2023-10-06,0.358
2023-10-10,0.333
2023-10-11,0.335
2023-10-12,0.315
2023-10-13,0.322
2023-10-16,0.316
2023-10-17,0.326
2023-10-18,0.351
2023-10-19,0.372
2023-10-20,0.366
2023-10-23,0.378
2023-10-24,0.364
2023-10-25,0.364
2023-10-26,0.394
2023-10-27,0.386
2023-10-30,0.41
2023-10-31,0.475
2023-11-01,0.489
2023-11-02,0.46
2023-11-06,0.432
2023-11-07,0.441
2023-11-08,0.423
2023-11-09,0.413
2023-11-10,0.427
2023-11-13,0.44
2023-11-14,0.414
2023-11-15,0.369
2023-11-16,0.37
2023-11-17,0.33
2023-11-20,0.32
2023-11-21,0.284
2023-11-22,0.324
2023-11-24,0.367
2023-11-27,0.361
2023-11-28,0.338
2023-11-29,0.276
2023-11-30,0.271
2023-12-01,0.281
2023-12-04,0.271
2023-12-05,0.271
2023-12-06,0.26
2023-12-07,0.356
2023-12-08,0.372
2023-12-11,0.373
2023-12-12,0.33
2023-12-13,0.284
2023-12-14,0.293
2023-12-15,0.327
2023-12-18,0.297
2023-12-19,0.283
2023-12-20,0.214
2023-12-21,0.241
2023-12-22,0.268
2023-12-25,0.252
2023-12-26,0.262
2023-12-27,0.226
2023-12-28,0.208
2023-12-29,0.233
2024-01-04,0.23
2024-01-05,0.217
2024-01-09,0.207
2024-01-10,0.214
2024-01-11,0.202
2024-01-12,0.196
2024-01-15,0.175
2024-01-16,0.203
2024-01-17,0.21
2024-01-18,0.249
2024-01-19,0.256
2024-01-22,0.245
2024-01-23,0.239
2024-01-24,0.316
2024-01-25,0.332
2024-01-26,0.3
2024-01-29,0.308
2024-01-30,0.291
2024-01-31,0.312
2024-02-01,0.286
2024-02-02,0.282
2024-02-05,0.323
2024-02-06,0.317
2024-02-07,0.317
2024-02-08,0.307
2024-02-09,0.332
2024-02-13,0.343
2024-02-14,0.369
2024-02-15,0.34
2024-02-16,0.354
2024-02-19,0.359
2024-02-20,0.366
2024-02-21,0.367
2024-02-22,0.366
2024-02-26,0.349
2024-02-27,0.355
2024-02-28,0.354
2024-02-29,0.372
2024-03-01,0.377
2024-03-04,0.371
2024-03-05,0.361
2024-03-06,0.376
2024-03-07,0.388
2024-03-08,0.388
2024-03-11,0.386
2024-03-12,0.385
2024-03-13,0.38
2024-03-14,0.384
2024-03-15,0.393
2024-03-18,0.381
2024-03-19,0.367
2024-03-21,0.401
2024-03-22,0.41
2024-03-25,0.401
2024-03-26,0.396
2024-03-27,0.384
2024-03-28,0.368
2024-03-29,0.372
2024-04-01,0.389
2024-04-02,0.395
2024-04-03,0.386
2024-04-04,0.399
2024-04-05,0.404
2024-04-08,0.41
2024-04-09,0.414
2024-04-10,0.431
2024-04-11,0.485
2024-04-12,0.496
2024-04-15,0.486
2024-04-16,0.49
2024-04-17,0.496
2024-04-18,0.476
2024-04-19,0.457
2024-04-22,0.497
2024-04-23,0.499
2024-04-24,0.499
2024-04-25,0.503
2024-04-26,0.514
2024-04-30,0.478
2024-05-01,0.493
2024-05-02,0.494
2024-05-07,0.479
2024-05-08,0.489
2024-05-09,0.523
2024-05-10,0.526
2024-05-13,0.55
2024-05-14,0.571
2024-05-15,0.56
2024-05-16,0.539
2024-05-17,0.555
2024-05-20,0.585
2024-05-21,0.585
2024-05-22,0.595
2024-05-23,0.591
2024-05-24,0.596
2024-05-27,0.606
2024-05-28,0.602
2024-05-29,0.642
2024-05-30,0.641
2024-05-31,0.647
2024-06-03,0.64
2024-06-04,0.61
2024-06-05,0.576
2024-06-06,0.548
2024-06-07,0.559
2024-06-10,0.608
2024-06-11,0.601
2024-06-12,0.568
2024-06-13,0.556
2024-06-14,0.527
2024-06-17,0.516
2024-06-18,0.523
2024-06-19,0.518
2024-06-20,0.527
2024-06-21,0.557
2024-06-24,0.558
2024-06-25,0.565
2024-06-26,0.573
2024-06-27,0.617
2024-06-28,0.602
2024-07-01,0.615
2024-07-02,0.63
2024-07-03,0.613
2024-07-04,0.599
2024-07-05,0.598
2024-07-08,0.616
2024-07-09,0.61
2024-07-10,0.605
2024-07-11,0.611
2024-07-12,0.586
2024-07-16,0.566
2024-07-17,0.577
2024-07-18,0.591
2024-07-19,0.598
2024-07-22,0.598
2024-07-23,0.607
2024-07-24,0.623
2024-07-25,0.637
2024-07-26,0.631
2024-07-29,0.607
2024-07-30,0.592
2024-07-31,0.671
2024-08-01,0.658
2024-08-02,0.583
2024-08-05,0.37
2024-08-06,0.436
2024-08-07,0.421
2024-08-08,0.411
2024-08-09,0.445
2024-08-13,0.444
2024-08-14,0.431
2024-08-15,0.451
2024-08-16,0.494
2024-08-19,0.509
2024-08-20,0.499
2024-08-21,0.481
2024-08-22,0.491
2024-08-23,0.507
2024-08-26,0.497
2024-08-27,0.504
2024-08-28,0.512
2024-08-29,0.503
2024-08-30,0.502
2024-09-02,0.518
2024-09-03,0.536
2024-09-04,0.512
2024-09-05,0.507
2024-09-06,0.499
2024-09-09,0.521
2024-09-10,0.528
2024-09-11,0.498
2024-09-12,0.513
2024-09-13,0.503
2024-09-17,0.494
2024-09-18,0.484
2024-09-19,0.498
2024-09-20,0.515
2024-09-24,0.469
2024-09-25,0.473
2024-09-26,0.474
2024-09-27,0.449
2024-09-30,0.508
2024-10-01,0.508
2024-10-02,0.489
2024-10-03,0.489
2024-10-04,0.506
2024-10-07,0.555
2024-10-08,0.554
2024-10-09,0.56
2024-10-10,0.588
2024-10-11,0.579
2024-10-15,0.595
2024-10-16,0.581
2024-10-17,0.59
2024-10-18,0.589
2024-10-21,0.581
2024-10-22,0.6
2024-10-23,0.596
2024-10-24,0.584
2024-10-25,0.58
2024-10-28,0.595
2024-10-29,0.599
2024-10-30,0.585
2024-10-31,0.571
2024-11-01,0.585
2024-11-05,0.575
2024-11-06,0.615
2024-11-07,0.644
2024-11-08,0.644
2024-11-11,0.644
2024-11-12,0.653
2024-11-13,0.689
2024-11-14,0.695
2024-11-15,0.712
2024-11-18,0.706
2024-11-19,0.71
2024-11-20,0.715
2024-11-21,0.75
2024-11-22,0.745
2024-11-25,0.74
2024-11-26,0.733
2024-11-27,0.741
2024-11-28,0.727
2024-11-29,0.728
2024-12-02,0.751
2024-12-03,0.747
2024-12-04,0.716
2024-12-05,0.736
2024-12-06,0.725
2024-12-09,0.714
2024-12-10,0.728
2024-12-11,0.736
2024-12-12,0.717
2024-12-13,0.697
2024-12-16,0.722
2024-12-17,0.736
2024-12-18,0.721
2024-12-19,0.747
2024-12-20,0.706
2024-12-23,0.725
2024-12-24,0.733
2024-12-25,0.726
2024-12-26,0.746
2024-12-27,0.76
2024-12-30,0.743
2025-01-06,0.791
2025-01-07,0.794
2025-01-08,0.821
2025-01-09,0.816
2025-01-10,0.832
2025-01-14,0.874
2025-01-15,0.894
2025-01-16,0.869
2025-01-17,0.865
2025-01-20,0.855
2025-01-21,0.851
2025-01-22,0.874
2025-01-23,0.88
2025-01-24,0.91
2025-01-27,0.888
2025-01-28,0.865
2025-01-29,0.868
2025-01-30,0.883
2025-01-31,0.909
2025-02-03,0.899
2025-02-04,0.93
2025-02-05,0.945
2025-02-06,0.94
2025-02-07,0.987
2025-02-10,0.988
2025-02-12,1.005
2025-02-13,1.006
2025-02-14,1.013
2025-02-17,1.057
2025-02-18,1.093
2025-02-19,1.083
2025-02-20,1.087
2025-02-21,1.063
2025-02-25,1.038
2025-02-26,1.022
2025-02-27,1.043
2025-02-28,1.007
2025-03-03,1.05
2025-03-04,1.069
2025-03-05,1.076
2025-03-06,1.132
2025-03-07,1.127
2025-03-10,1.174
2025-03-11,1.115
2025-03-12,1.14
2025-03-13,1.16
2025-03-14,1.131
2025-03-17,1.107
2025-03-18,1.106
2025-03-19,1.124
2025-03-21,1.134
2025-03-24,1.149
2025-03-25,1.186
2025-03-26,1.197
2025-03-27,1.194
2025-03-28,1.167
2025-03-31,1.113
2025-04-01,1.122
2025-04-02,1.092
2025-04-03,0.987
2025-04-04,0.797
2025-04-07,0.761
2025-04-08,0.869
2025-04-09,0.853
2025-04-10,0.931
2025-04-11,0.844
2025-04-14,0.817
2025-04-15,0.885
2025-04-16,0.842
2025-04-17,0.867
2025-04-18,0.844
2025-04-21,0.848
2025-04-22,0.878
2025-04-23,0.906
2025-04-24,0.884
2025-04-25,0.903
2025-04-28,0.898
2025-04-30,0.888
2025-05-01,0.844
2025-05-02,0.83
2025-05-07,0.85
2025-05-08,0.871
2025-05-09,0.891
2025-05-12,0.922
2025-05-13,0.989
2025-05-14,0.977
2025-05-15,1.01
2025-05-16,0.992
2025-05-19,1.007
2025-05-20,1.018
2025-05-21,1.008
2025-05-22,1.045
2025-05-23,1.044
2025-05-26,1.023
2025-05-27,1.012
2025-05-28,1.054
2025-05-29,1.043
2025-05-30,1.029
2025-06-02,1.043
2025-06-03,1.035
2025-06-04,1.055
2025-06-05,1.02
2025-06-06,1.023
2025-06-09,1.043
2025-06-10,1.045
2025-06-11,1.029
2025-06-12,1.024
2025-06-13,0.979
2025-06-16,1.025
2025-06-17,1.047
2025-06-18,1.022
2025-06-19,0.973
2025-06-20,0.965
2025-06-23,0.981
2025-06-24,0.981
2025-06-25,0.967
2025-06-26,0.986
2025-06-27,0.994
2025-06-30,0.999
2025-07-01,0.986
2025-07-02,0.992
2025-07-03,1.009
2025-07-04,0.992
2025-07-07,0.993
2025-07-08,1.009
2025-07-09,1.029
2025-07-10,1.025
2025-07-11,1.035
2025-07-14,1.074
2025-07-15,1.085
2025-07-16,1.085
2025-07-17,1.081
2025-07-18,1.046
2025-07-22,1.027
2025-07-23,1.125
2025-07-24,1.14
2025-07-25,1.155
2025-07-28,1.122
2025-07-29,1.108
2025-07-30,1.097
2025-07-31,1.097
2025-08-01,1.089
2025-08-04,1.035
2025-08-05,1.016
2025-08-06,1.034
2025-08-07,1.034
2025-08-08,1.045
2025-08-12,1.051
2025-08-13,1.074
2025-08-14,1.114
2025-08-15,1.12
2025-08-18,1.124
2025-08-19,1.144
2025-08-20,1.155
2025-08-21,1.159
2025-08-22,1.164
2025-08-25,1.165
2025-08-26,1.166
2025-08-27,1.17
2025-08-28,1.167
2025-08-29,1.162
2025-09-01,1.178
2025-09-02,1.157
2025-09-03,1.169
2025-09-04,1.15
2025-09-05,1.119
2025-09-08,1.111
2025-09-09,1.11
2025-09-10,1.125
2025-09-11,1.134
2025-09-12,1.156
2025-09-16,1.171
2025-09-17,1.161
2025-09-18,1.17
2025-09-19,1.214
2025-09-22,1.244
2025-09-24,1.239
2025-09-25,1.25
2025-09-26,1.245
2025-09-29,1.241
2025-09-30,1.244
2025-10-01,1.248
2025-10-02,1.257
2025-10-03,1.241
2025-10-06,1.217
2025-10-07,1.23
2025-10-08,1.252
2025-10-09,1.243
2025-10-10,1.231
2025-10-14,1.195
2025-10-15,1.199
2025-10-16,1.214
2025-10-17,1.199
2025-10-20,1.248
2025-10-21,1.233
2025-10-22,1.225
2025-10-23,1.229
2025-10-24,1.229
2025-10-27,1.242
2025-10-28,1.226
2025-10-29,1.237
2025-10-30,1.222
2025-10-31,1.235
2025-11-04,1.253
2025-11-05,1.234
2025-11-06,1.253
2025-11-07,1.257
2025-11-10,1.272
2025-11-11,1.258
2025-11-12,1.258
2025-11-13,1.254
2025-11-14,1.259
2025-11-17,1.27
2025-11-18,1.265
2025-11-19,1.275
2025-11-20,1.335
2025-11-21,1.324
2025-11-25,1.344
2025-11-26,1.349
2025-11-27,1.332
2025-11-28,1.326
2025-12-01,1.397
2025-12-02,1.382
2025-12-03,1.4
2025-12-04,1.425
2025-12-05,1.45
2025-12-08,1.462
2025-12-09,1.457
2025-12-10,1.462
2025-12-11,1.439
2025-12-12,1.456
2025-12-15,1.452
2025-12-16,1.452
2025-12-17,1.462
2025-12-18,1.454
2025-12-19,1.506
2025-12-22,1.558
2025-12-23,1.515
2025-12-24,1.515
2025-12-25,1.544
2025-12-26,1.539
2025-12-29,1.549
2025-12-30,1.567
2026-01-05,1.62
2026-01-06,1.615
2026-01-07,1.605
2026-01-08,1.554
2026-01-09,1.58
2026-01-13,1.626
2026-01-14,1.647
2026-01-15,1.636
2026-01-16,1.647
2026-01-19,1.691
2026-01-20,1.703
2026-01-21,1.687
2026-01-22,1.668
2026-01-23,1.696
2026-01-26,1.692
2026-01-27,1.717
2026-01-28,1.672
2026-01-29,1.684
2026-01-30,1.666
2026-02-02,1.659
2026-02-03,1.693
2026-02-04,1.687
2026-02-05,1.693
2026-02-06,1.697
2026-02-09,1.751
2026-02-10,1.712
2026-02-12,1.713
2026-02-13,1.692
2026-02-16,1.685
2026-02-17,1.63
2026-02-18,1.634
2026-02-19,1.646
2026-02-20,1.622
2026-02-24,1.612
2026-02-25,1.601
2026-02-26,1.625
2026-02-27,1.594
2026-03-02,1.552
2026-03-03,1.611
2026-03-04,1.597
2026-03-05,1.641
2026-03-06,1.637
2026-03-09,1.644
2026-03-10,1.648
2026-03-11,1.633
2026-03-12,1.646
2026-03-13,1.7
2026-03-16,1.709
2026-03-17,1.7
2026-03-18,1.663
2026-03-19,1.691
2026-03-23,1.746
2026-03-24,1.731
2026-03-25,1.74
2026-03-26,1.761
2026-03-27,1.836
2026-03-30,1.804
2026-03-31,1.804
2026-04-01,1.755
2026-04-02,1.823
2026-04-03,1.818
2026-04-06,1.85
2026-04-07,1.831
2026-04-08,1.812
2026-04-09,1.831
2026-04-10,1.866
2026-04-13,1.876
2026-04-14,1.842
2026-04-15,1.838
2026-04-16,1.83
2026-04-17,1.843
2026-04-20,1.825
2026-04-21,1.816
2026-04-22,1.832
2026-04-23,1.845
2026-04-24,1.842
2026-04-27,1.862
2026-04-28,1.868
2026-04-30,1.903
2026-05-01,1.888
2026-05-07,1.866
2026-05-08,1.875
2026-05-11,1.908
2026-05-12,1.932
2026-05-13,1.945
2026-05-14,1.962
2026-05-15,2
2026-05-18,2.015
2026-05-19,2.051
2026-05-20,2.058
2026-05-21,2.031
2026-05-22,2.026
2026-05-25,1.985
2026-05-26,1.995
2026-05-27,1.963
2026-05-28,1.94
2026-05-29,1.919
2026-06-01,1.948
2026-06-02,1.889
2026-06-03,1.943
2026-06-04,1.966
2026-06-05,1.955
2026-06-08,1.978
2026-06-09,1.962
2026-06-10,1.971
2026-06-11,1.963
2026-06-12,1.938
2026-06-15,1.901
2026-06-16,1.945
2026-06-17,1.897
2026-06-18,1.898
2026-06-19,1.928
2026-06-22,1.946
2026-06-23,1.957
2026-06-24,1.95
2026-06-25,1.923
2026-06-26,1.915
2026-06-29,1.916
2026-06-30,1.937
2026-07-01,1.959
2026-07-02,1.979
2026-07-03,1.971
2026-07-06,1.994
2026-07-07,2.007
2026-07-08,2.039
2026-07-09,2.039
2026-07-10,1.99
2026-07-13,2.006
2026-07-14,1.963
2026-07-15,1.948
2026-07-16,1.964
2026-07-17,1.945
2026-07-21,1.958
2026-07-22,1.978
2026-07-23,2.015
2026-07-24,2.06
2026-07-27,2.032
2026-07-28,2.024
2026-07-29,2
2026-07-30,2.033
2026-07-31,2.044
2026-08-03,2.1
2026-08-04,2.096
2026-08-05,2.068
2026-08-06,2.044
2026-08-07,2.091
2026-08-10,2.101
2026-08-12,2.12
2026-08-13,2.134
2026-08-14,2.151
2026-08-17,2.177
2026-08-18,2.177
2026-08-19,2.146
2026-08-20,2.127
2026-08-21,2.146
2026-08-24,2.155
2026-08-25,2.167
2026-08-26,2.172
2026-08-27,2.182
2026-08-28,2.212
2026-08-31,2.233
2026-09-01,2.28
2026-09-02,2.332
2026-09-03,2.303
2026-09-04,2.25
2026-09-07,2.272
2026-09-08,2.258
2026-09-09,2.243
2026-09-10,2.244
2026-09-11,2.296
2026-09-14,2.302
2026-09-15,2.338
2026-09-16,2.309
2026-09-17,2.322
2026-09-18,2.305
2026-09-24,2.4
2026-09-25,2.423
2026-09-28,2.441
2026-09-29,2.425
2026-09-30,2.399
2026-10-01,2.407
2026-10-02,2.397
2026-10-05,2.389
2026-10-06,2.418
2026-10-07,2.437
