date,value
1998-01-05,132.85
1998-01-06,133.59
1998-01-07,133.12
1998-01-08,133.01
1998-01-09,131.39
1998-01-12,132.29
1998-01-13,132.55
1998-01-14,130.89
1998-01-16,128.9
1998-01-19,129.07
1998-01-20,129.38
1998-01-21,128.41
1998-01-22,126.91
1998-01-23,126.02
1998-01-26,125.58
1998-01-27,126.27
1998-01-28,126.07
1998-01-29,125.85
1998-01-30,127.34
1998-02-02,126.68
1998-02-03,126.04
1998-02-04,125.35
1998-02-05,123.68
1998-02-06,124.07
1998-02-09,124.72
1998-02-10,123.54
1998-02-12,123
1998-02-13,124.73
1998-02-16,126.15
1998-02-17,125.68
1998-02-18,126.23
1998-02-19,125.88
1998-02-20,126.81
1998-02-23,128.64
1998-02-24,127.95
1998-02-25,127.03
1998-02-26,128.17
1998-02-27,126.72
1998-03-02,124.82
1998-03-03,125.96
1998-03-04,125.91
1998-03-05,127.12
1998-03-06,127.23
1998-03-09,128.18
1998-03-10,127.45
1998-03-11,128.24
1998-03-12,129.01
1998-03-13,128.51
1998-03-16,129.17
1998-03-17,129.15
1998-03-18,130.3
1998-03-19,129.87
1998-03-20,130.02
1998-03-23,130.58
1998-03-24,129.93
1998-03-25,129.68
1998-03-26,128.94
1998-03-27,129.09
1998-03-30,131.67
1998-03-31,133.39
1998-04-01,133.29
1998-04-02,133.87
1998-04-03,134.57
1998-04-06,134.78
1998-04-07,133.97
1998-04-08,133.24
1998-04-09,132.14
1998-04-10,129.03
1998-04-13,129.44
1998-04-14,129.82
1998-04-15,129.28
1998-04-16,131.43
1998-04-17,131.88
1998-04-20,132.19
1998-04-21,131.55
1998-04-22,130.73
1998-04-23,130.55
1998-04-24,129.78
1998-04-27,132.65
1998-04-28,131.87
1998-04-30,131.95
1998-05-01,133.02
1998-05-06,132.36
1998-05-07,133.16
1998-05-08,132.86
1998-05-11,132.54
1998-05-12,133.13
1998-05-13,134.12
1998-05-14,134.13
1998-05-15,134.14
1998-05-18,135.31
1998-05-19,135.93
1998-05-20,136.14
1998-05-21,135.17
1998-05-22,135.99
1998-05-25,137.14
1998-05-26,137.68
1998-05-27,137.81
1998-05-28,137.15
1998-05-29,138.72
1998-06-01,139.13
1998-06-02,139.25
1998-06-03,137.77
1998-06-04,138.17
1998-06-05,139.43
1998-06-08,140.56
1998-06-09,140.36
1998-06-10,140.85
1998-06-11,141.69
1998-06-12,144.03
1998-06-15,146.45
1998-06-16,145.15
1998-06-17,142
1998-06-18,136.89
1998-06-19,134.99
1998-06-22,138.55
1998-06-23,137.75
1998-06-24,140.36
1998-06-25,140.92
1998-06-26,141.29
1998-06-29,142.13
1998-06-30,139.95
1998-07-01,138.25
1998-07-02,139.19
1998-07-03,139.24
1998-07-06,140.53
1998-07-07,139.83
1998-07-08,139.04
1998-07-09,140.24
1998-07-10,141.33
1998-07-13,142.42
1998-07-14,141.37
1998-07-15,140.67
1998-07-16,139.72
1998-07-17,138.95
1998-07-21,139.48
1998-07-22,140.66
1998-07-23,141.68
1998-07-24,140.54
1998-07-27,142.35
1998-07-28,141.94
1998-07-29,141.09
1998-07-30,142.31
1998-07-31,143.79
1998-08-03,145.64
1998-08-04,144.62
1998-08-05,143.81
1998-08-06,144.67
1998-08-07,145.54
1998-08-10,146.65
1998-08-11,147.41
1998-08-12,145.92
1998-08-13,146.56
1998-08-14,144.89
1998-08-17,146.45
1998-08-18,145.78
1998-08-19,144.17
1998-08-20,142.55
1998-08-21,142.94
1998-08-24,144.41
1998-08-25,144.77
1998-08-26,144.67
1998-08-27,143.67
1998-08-28,143.32
1998-08-31,141.52
1998-09-01,138.23
1998-09-02,137.62
1998-09-03,135.59
1998-09-04,135.41
1998-09-07,131.99
1998-09-08,131.93
1998-09-09,133.41
1998-09-10,135.7
1998-09-11,130.78
1998-09-14,132.59
1998-09-16,134.92
1998-09-17,134.3
1998-09-18,132.1
1998-09-21,133
1998-09-22,135.15
1998-09-24,136.8
1998-09-25,134.65
1998-09-28,135.72
1998-09-29,134.43
1998-09-30,135.72
1998-10-01,136.28
1998-10-02,134.79
1998-10-05,135.76
1998-10-06,132.86
1998-10-07,128.19
1998-10-08,122.37
1998-10-09,117.2
1998-10-12,116.72
1998-10-13,118.38
1998-10-14,119.72
1998-10-15,118.73
1998-10-16,116.44
1998-10-19,114.72
1998-10-20,115.14
1998-10-21,116.37
1998-10-22,117.72
1998-10-23,119.14
1998-10-26,119.02
1998-10-27,119.37
1998-10-28,117.89
1998-10-29,116.37
1998-10-30,116.09
1998-11-02,115.7
1998-11-04,116.65
1998-11-05,117.64
1998-11-06,118.01
1998-11-09,119.37
1998-11-10,122.33
1998-11-11,121.13
1998-11-12,123.23
1998-11-13,121.69
1998-11-16,122.15
1998-11-17,120.62
1998-11-18,121.23
1998-11-19,120.64
1998-11-20,120.17
1998-11-24,121.63
1998-11-25,120.85
1998-11-26,121.93
1998-11-27,122.87
1998-11-30,123.83
1998-12-01,122.79
1998-12-02,121.88
1998-12-03,119.23
1998-12-04,118.32
1998-12-07,118.97
1998-12-08,119.87
1998-12-09,118.79
1998-12-10,117.06
1998-12-11,117.29
1998-12-14,115.62
1998-12-15,117.58
1998-12-16,115.62
1998-12-17,116.11
1998-12-18,115.2
1998-12-21,114.9
1998-12-22,117.09
1998-12-24,116.12
1998-12-25,116.18
1998-12-28,116.13
1998-12-29,115.36
1998-12-30,115.2
1999-01-04,113.87
1999-01-05,111.53
1999-01-06,112.52
1999-01-07,110.98
1999-01-08,111.42
1999-01-11,110.23
1999-01-12,112.51
1999-01-13,111.55
1999-01-14,113.46
1999-01-18,114.15
1999-01-19,114.04
1999-01-20,113.4
1999-01-21,113.13
1999-01-22,113.7
1999-01-25,114.34
1999-01-26,113.57
1999-01-27,113.82
1999-01-28,115.47
1999-01-29,115.98
1999-02-01,115.49
1999-02-02,113.19
1999-02-03,112.38
1999-02-04,113.79
1999-02-05,112.06
1999-02-08,113.51
1999-02-09,114.7
1999-02-10,115.3
1999-02-12,114.33
1999-02-15,114.09
1999-02-16,117.02
1999-02-17,118.62
1999-02-18,118.69
1999-02-19,120.07
1999-02-22,121.99
1999-02-23,120.34
1999-02-24,121.36
1999-02-25,120.62
1999-02-26,120.32
1999-03-01,119.12
1999-03-02,120.09
1999-03-03,121.19
1999-03-04,122.59
1999-03-05,122.94
1999-03-08,121.78
1999-03-09,121.76
1999-03-10,120.54
1999-03-11,119.74
1999-03-12,120.04
1999-03-15,118.42
1999-03-16,117.85
1999-03-17,118.64
1999-03-18,118.53
1999-03-19,117.52
1999-03-23,118.53
1999-03-24,117.72
1999-03-25,117.86
1999-03-26,118.77
1999-03-29,120.04
1999-03-30,120
1999-03-31,119.99
1999-04-01,118.52
1999-04-02,120.66
1999-04-05,121.37
1999-04-06,121.07
1999-04-07,120.78
1999-04-08,120.77
1999-04-09,120.97
1999-04-12,120.37
1999-04-13,120.36
1999-04-14,119.19
1999-04-15,118.8
1999-04-16,118.23
1999-04-19,118.16
1999-04-20,118.05
1999-04-21,118.99
1999-04-22,119.96
1999-04-23,119.58
1999-04-26,118.86
1999-04-27,119.46
1999-04-28,119.09
1999-04-30,119.59
1999-05-06,120.48
1999-05-07,120.54
1999-05-10,120.87
1999-05-11,120.88
1999-05-12,120.87
1999-05-13,121.58
1999-05-14,122.18
1999-05-17,123.14
1999-05-18,122.87
1999-05-19,123.7
1999-05-20,124.48
1999-05-21,123.77
1999-05-24,124.05
1999-05-25,122.73
1999-05-26,122.11
1999-05-27,122.43
1999-05-28,120.53
1999-05-31,121.37
1999-06-01,121.11
1999-06-02,120.55
1999-06-03,121.54
1999-06-04,121.62
1999-06-07,120.85
1999-06-08,121.32
1999-06-09,119.39
1999-06-10,119.13
1999-06-11,118.67
1999-06-14,120.67
1999-06-15,120.34
1999-06-16,120.24
1999-06-17,120.05
1999-06-18,119.32
1999-06-21,122.34
1999-06-22,121.91
1999-06-23,121.98
1999-06-24,121.91
1999-06-25,121.52
1999-06-28,121.28
1999-06-29,121.26
1999-06-30,120.87
1999-07-01,120.76
1999-07-02,121.09
1999-07-05,122.59
1999-07-06,122.08
1999-07-07,121.97
1999-07-08,122.39
1999-07-09,122.67
1999-07-12,122.14
1999-07-13,122.15
1999-07-14,121.12
1999-07-15,120.92
1999-07-16,120.93
1999-07-19,120.42
1999-07-21,119
1999-07-22,118.44
1999-07-23,116.74
1999-07-26,116.45
1999-07-27,116.59
1999-07-28,115.52
1999-07-29,115.68
1999-07-30,115.27
1999-08-02,114.04
1999-08-03,115.4
1999-08-04,115.11
1999-08-05,114.63
1999-08-06,114.29
1999-08-09,115.16
1999-08-10,114.88
1999-08-11,114.7
1999-08-12,115.68
1999-08-13,114.92
1999-08-16,114.85
1999-08-17,114.6
1999-08-18,113.08
1999-08-19,111.63
1999-08-20,111.48
1999-08-23,110.75
1999-08-24,112.23
1999-08-25,111.33
1999-08-26,111.06
1999-08-27,111.44
1999-08-30,111.05
1999-08-31,110.19
1999-09-01,109.23
1999-09-02,109.42
1999-09-03,109.75
1999-09-06,109.62
1999-09-07,110.81
1999-09-08,111.22
1999-09-09,108.84
1999-09-10,108.92
1999-09-13,107.79
1999-09-14,106.57
1999-09-16,104.99
1999-09-17,106.52
1999-09-20,107.92
1999-09-21,105.43
1999-09-22,104.29
1999-09-24,104.43
1999-09-27,104.14
1999-09-28,106.52
1999-09-29,106.91
1999-09-30,105.66
1999-10-01,105.94
1999-10-04,106.11
1999-10-05,106.6
1999-10-06,107.36
1999-10-07,107.92
1999-10-08,107.47
1999-10-12,106.29
1999-10-13,106.59
1999-10-14,107.27
1999-10-15,105.78
1999-10-18,105.03
1999-10-19,105.37
1999-10-20,106.36
1999-10-21,106.13
1999-10-22,105.45
1999-10-25,105.97
1999-10-26,105.14
1999-10-27,104.33
1999-10-28,104.07
1999-10-29,104.89
1999-11-01,104.21
1999-11-02,104.78
1999-11-04,104.73
1999-11-05,105.03
1999-11-08,106.07
1999-11-09,105.18
1999-11-10,104.77
1999-11-11,105.07
1999-11-12,104.73
1999-11-15,104.87
1999-11-16,105.03
1999-11-17,106.15
1999-11-18,105.57
1999-11-19,105.87
1999-11-22,105.97
1999-11-24,104.36
1999-11-25,104.47
1999-11-26,104.19
1999-11-29,103.21
1999-11-30,102.42
1999-12-01,102.13
1999-12-02,102.62
1999-12-03,102.38
1999-12-06,102.16
1999-12-07,102.85
1999-12-08,102.8
1999-12-09,103.07
1999-12-10,102.47
1999-12-13,102.5
1999-12-14,103.04
1999-12-15,103.63
1999-12-16,102.79
1999-12-17,102.99
1999-12-20,102.91
1999-12-21,102.52
1999-12-22,102.08
1999-12-24,102.6
1999-12-27,102.57
1999-12-28,102.32
1999-12-29,102.3
1999-12-30,102.08
2000-01-04,102.99
2000-01-05,103.19
2000-01-06,104.38
2000-01-07,105.32
2000-01-11,105.59
2000-01-12,105.77
2000-01-13,105.67
2000-01-14,105.74
2000-01-17,105.19
2000-01-18,105.18
2000-01-19,105.53
2000-01-20,105.35
2000-01-21,104.79
2000-01-24,104.92
2000-01-25,105.84
2000-01-26,106.06
2000-01-27,105.65
2000-01-28,104.87
2000-01-31,106.9
2000-02-01,107.37
2000-02-02,108.5
2000-02-03,107.94
2000-02-04,107.44
2000-02-07,107.82
2000-02-08,109.35
2000-02-09,108.79
2000-02-10,108.52
2000-02-14,108.32
2000-02-15,109.16
2000-02-16,109.02
2000-02-17,110.14
2000-02-18,110.75
2000-02-21,110.59
2000-02-22,111.2
2000-02-23,110.58
2000-02-24,111.07
2000-02-25,110.85
2000-02-28,109.2
2000-02-29,110.27
2000-03-01,109.12
2000-03-02,107.35
2000-03-03,107.66
2000-03-06,107.59
2000-03-07,107.47
2000-03-08,107.08
2000-03-09,106.67
2000-03-10,106.29
2000-03-13,105.75
2000-03-14,105.14
2000-03-15,106.06
2000-03-16,105.48
2000-03-17,105.95
2000-03-21,106.49
2000-03-22,106.65
2000-03-23,107.38
2000-03-24,107.34
2000-03-27,106.9
2000-03-28,106.44
2000-03-29,106.03
2000-03-30,105.55
2000-03-31,105.29
2000-04-03,104.87
2000-04-04,105.06
2000-04-05,105.1
2000-04-06,104.82
2000-04-07,104.99
2000-04-10,106.07
2000-04-11,106.96
2000-04-12,105.49
2000-04-13,105.77
2000-04-14,105.87
2000-04-17,103.37
2000-04-18,104.37
2000-04-19,104.48
2000-04-20,104.79
2000-04-21,105.68
2000-04-24,105.68
2000-04-25,105.36
2000-04-26,105.89
2000-04-27,106.03
2000-04-28,106.44
2000-05-01,107.99
2000-05-02,108.49
2000-05-08,108.82
2000-05-09,108.89
2000-05-10,109.37
2000-05-11,109.7
2000-05-12,108.31
2000-05-15,108.9
2000-05-16,108.94
2000-05-17,109.26
2000-05-18,109.14
2000-05-19,107.87
2000-05-22,107.02
2000-05-23,106.83
2000-05-24,106.68
2000-05-25,107.88
2000-05-26,107.34
2000-05-29,106.98
2000-05-30,106.87
2000-05-31,107.3
2000-06-01,108.72
2000-06-02,108.78
2000-06-05,107.84
2000-06-06,107.09
2000-06-07,105.24
2000-06-08,105.77
2000-06-09,106.47
2000-06-12,106.87
2000-06-13,106.42
2000-06-14,106.57
2000-06-15,106.64
2000-06-16,106.28
2000-06-19,105.76
2000-06-20,105.47
2000-06-21,105.34
2000-06-22,105.26
2000-06-23,104.49
2000-06-26,104.49
2000-06-27,105.68
2000-06-28,105.48
2000-06-29,104.87
2000-06-30,105.4
2000-07-03,106.34
2000-07-04,106.33
2000-07-05,106.3
2000-07-06,106.92
2000-07-07,107.64
2000-07-10,106.79
2000-07-11,106.93
2000-07-12,107.44
2000-07-13,108.22
2000-07-14,107.92
2000-07-17,108.17
2000-07-18,107.95
2000-07-19,108.02
2000-07-21,108.52
2000-07-24,108.83
2000-07-25,109.07
2000-07-26,109.29
2000-07-27,108.88
2000-07-28,108.92
2000-07-31,109.52
2000-08-01,109.55
2000-08-02,108.74
2000-08-03,108.72
2000-08-04,108.4
2000-08-07,108.72
2000-08-08,108.63
2000-08-09,108.25
2000-08-10,107.68
2000-08-11,108.82
2000-08-14,108.75
2000-08-15,109.54
2000-08-16,108.8
2000-08-17,108.41
2000-08-18,108.86
2000-08-21,107.94
2000-08-22,108.31
2000-08-23,107.04
2000-08-24,107.08
2000-08-25,107.03
2000-08-28,106.15
2000-08-29,106.59
2000-08-30,106.07
2000-08-31,106.43
2000-09-01,106.52
2000-09-04,105.88
2000-09-05,106.32
2000-09-06,105.73
2000-09-07,106.13
2000-09-08,105.37
2000-09-11,106.21
2000-09-12,106.24
2000-09-13,107.12
2000-09-14,107.07
2000-09-18,106.99
2000-09-19,106.94
2000-09-20,106.74
2000-09-21,106.7
2000-09-22,106.98
2000-09-25,107.8
2000-09-26,107.34
2000-09-27,107.75
2000-09-28,107.52
2000-09-29,107.75
2000-10-02,108.35
2000-10-03,108.88
2000-10-04,108.75
2000-10-05,109.16
2000-10-06,108.79
2000-10-10,108.32
2000-10-11,107.89
2000-10-12,107.63
2000-10-13,107.74
2000-10-16,107.9
2000-10-17,108.2
2000-10-18,108.04
2000-10-19,107.84
2000-10-20,108.57
2000-10-23,108.93
2000-10-24,108.14
2000-10-25,108.04
2000-10-26,108.12
2000-10-27,108.42
2000-10-30,108.64
2000-10-31,108.81
2000-11-01,108.57
2000-11-02,108.19
2000-11-06,107.27
2000-11-07,107.3
2000-11-08,107.32
2000-11-09,107.32
2000-11-10,107.67
2000-11-13,107.84
2000-11-14,107.74
2000-11-15,108.07
2000-11-16,108.75
2000-11-17,108.79
2000-11-20,109.14
2000-11-21,109.89
2000-11-22,110.02
2000-11-24,110.82
2000-11-27,111.03
2000-11-28,110.46
2000-11-29,110.19
2000-11-30,111.07
2000-12-01,110.69
2000-12-04,111.04
2000-12-05,110.83
2000-12-06,110.75
2000-12-07,110.39
2000-12-08,110.63
2000-12-11,110.95
2000-12-12,111.22
2000-12-13,112.57
2000-12-14,112.43
2000-12-15,112.39
2000-12-18,112.54
2000-12-19,112.07
2000-12-20,112.87
2000-12-21,112.78
2000-12-22,112.6
2000-12-25,112.91
2000-12-26,113.31
2000-12-27,114.07
2000-12-28,114.49
2000-12-29,114.9
2001-01-04,114.17
2001-01-05,116.31
2001-01-09,115.97
2001-01-10,116.53
2001-01-11,116.71
2001-01-12,118.16
2001-01-15,118.99
2001-01-16,118.16
2001-01-17,117.32
2001-01-18,119.13
2001-01-19,117.91
2001-01-22,116.85
2001-01-23,117.09
2001-01-24,117.14
2001-01-25,117.97
2001-01-26,116.73
2001-01-29,116.89
2001-01-30,116.55
2001-01-31,116.38
2001-02-01,116.27
2001-02-02,115.18
2001-02-05,115.79
2001-02-06,114.88
2001-02-07,115.25
2001-02-08,116.34
2001-02-09,116.58
2001-02-13,117.23
2001-02-14,116.68
2001-02-15,116.34
2001-02-16,115.56
2001-02-19,115.96
2001-02-20,115.65
2001-02-21,116.43
2001-02-22,116.16
2001-02-23,116.84
2001-02-26,116.11
2001-02-27,116.12
2001-02-28,116.44
2001-03-01,117.38
2001-03-02,118.33
2001-03-05,119.02
2001-03-06,118.67
2001-03-07,119.25
2001-03-08,119.97
2001-03-09,119.77
2001-03-12,120.52
2001-03-13,120.05
2001-03-14,119.89
2001-03-15,120.63
2001-03-16,122.56
2001-03-19,123.37
2001-03-21,122.95
2001-03-22,123.78
2001-03-23,122.82
2001-03-26,123.08
2001-03-27,122.51
2001-03-28,122.14
2001-03-29,123.4
2001-03-30,125.27
2001-04-02,126.41
2001-04-03,125.66
2001-04-04,126.03
2001-04-05,124.19
2001-04-06,124.78
2001-04-09,124.77
2001-04-10,124.42
2001-04-11,124.12
2001-04-12,123.27
2001-04-13,124.25
2001-04-16,124.62
2001-04-17,123.56
2001-04-18,122.88
2001-04-19,122.15
2001-04-20,121.94
2001-04-23,122.31
2001-04-24,121.25
2001-04-25,122.39
2001-04-26,122.44
2001-04-27,124.06
2001-05-01,122.96
2001-05-02,121.88
2001-05-07,121.27
2001-05-08,121.62
2001-05-09,121.61
2001-05-10,122.22
2001-05-11,122.62
2001-05-14,122.72
2001-05-15,123.27
2001-05-16,123.75
2001-05-17,123
2001-05-18,123.27
2001-05-21,123.27
2001-05-22,122.88
2001-05-23,121.15
2001-05-24,119.79
2001-05-25,120.39
2001-05-28,121.11
2001-05-29,120.41
2001-05-30,120.22
2001-05-31,119.06
2001-06-01,118.79
2001-06-04,119.34
2001-06-05,119.5
2001-06-06,120.52
2001-06-07,120.17
2001-06-08,120.46
2001-06-11,121.46
2001-06-12,121.87
2001-06-13,122.22
2001-06-14,121.95
2001-06-15,121.4
2001-06-18,123.42
2001-06-19,123.24
2001-06-20,122.76
2001-06-21,123.93
2001-06-22,124.34
2001-06-25,124.02
2001-06-26,123.47
2001-06-27,124.34
2001-06-28,124.54
2001-06-29,124.27
2001-07-02,124.64
2001-07-03,123.88
2001-07-04,124.79
2001-07-05,125.42
2001-07-06,125.74
2001-07-09,125.54
2001-07-10,125.63
2001-07-11,125.09
2001-07-12,124.21
2001-07-13,124.09
2001-07-16,124.88
2001-07-17,125.45
2001-07-18,125.29
2001-07-19,123.64
2001-07-23,123.64
2001-07-24,124.3
2001-07-25,124.3
2001-07-26,123.25
2001-07-27,123.92
2001-07-30,124.66
2001-07-31,124.79
2001-08-01,124.75
2001-08-02,124.27
2001-08-03,123.85
2001-08-06,124.08
2001-08-07,123.94
2001-08-08,123.49
2001-08-09,123.44
2001-08-10,121.94
2001-08-13,121.86
2001-08-14,122.62
2001-08-15,121.01
2001-08-16,119.35
2001-08-17,120.54
2001-08-20,120.26
2001-08-21,120.44
2001-08-22,119.8
2001-08-23,120.36
2001-08-24,119.89
2001-08-27,120.18
2001-08-28,120.44
2001-08-29,119.99
2001-08-30,119.74
2001-08-31,118.92
2001-09-03,118.83
2001-09-04,119.37
2001-09-05,119.75
2001-09-06,121.21
2001-09-07,121.21
2001-09-10,120.08
2001-09-11,121.72
2001-09-12,119.38
2001-09-13,119.13
2001-09-14,118.95
2001-09-17,117.79
2001-09-18,117.82
2001-09-19,117.64
2001-09-20,117.25
2001-09-21,116.78
2001-09-25,117.21
2001-09-26,117.31
2001-09-27,118.65
2001-09-28,119.29
2001-10-01,119.65
2001-10-02,120.82
2001-10-03,120.86
2001-10-04,120.36
2001-10-05,120.52
2001-10-09,120.12
2001-10-10,120.48
2001-10-11,120.4
2001-10-12,121.34
2001-10-15,120.98
2001-10-16,121.19
2001-10-17,121.62
2001-10-18,120.94
2001-10-19,121.19
2001-10-22,121.59
2001-10-23,122.63
2001-10-24,122.52
2001-10-25,123.1
2001-10-26,122.61
2001-10-29,122.43
2001-10-30,121.81
2001-10-31,121.84
2001-11-01,122.29
2001-11-02,121.51
2001-11-05,121.74
2001-11-06,121.55
2001-11-07,121.1
2001-11-08,120.73
2001-11-09,120.24
2001-11-12,120.58
2001-11-13,121.18
2001-11-14,121.71
2001-11-15,122.17
2001-11-16,122.23
2001-11-19,123.15
2001-11-20,123.06
2001-11-21,123.33
2001-11-22,123.22
2001-11-26,124.07
2001-11-27,124.33
2001-11-28,123.58
2001-11-29,123.15
2001-11-30,123.98
2001-12-03,123.65
2001-12-04,124.09
2001-12-05,124.12
2001-12-06,124.67
2001-12-07,124.92
2001-12-10,125.83
2001-12-11,125.96
2001-12-12,125.63
2001-12-13,126.36
2001-12-14,127.43
2001-12-17,127.88
2001-12-18,128.27
2001-12-19,128.14
2001-12-20,128.17
2001-12-21,129.39
2001-12-25,130.76
2001-12-26,130.72
2001-12-27,131.69
2001-12-28,131.47
2002-01-04,131.19
2002-01-07,130.75
2002-01-08,132.64
2002-01-09,132.52
2002-01-10,132.29
2002-01-11,132.37
2002-01-15,131.19
2002-01-16,131.44
2002-01-17,131.89
2002-01-18,132.82
2002-01-21,132.38
2002-01-22,133.62
2002-01-23,133.88
2002-01-24,134.42
2002-01-25,134.69
2002-01-28,133.7
2002-01-29,133.05
2002-01-30,132.77
2002-01-31,132.94
2002-02-01,133.94
2002-02-04,133.39
2002-02-05,132.54
2002-02-06,133.92
2002-02-07,134.09
2002-02-08,133.64
2002-02-12,133.62
2002-02-13,133.18
2002-02-14,132.46
2002-02-15,132.74
2002-02-18,132.66
2002-02-19,133.53
2002-02-20,133.11
2002-02-21,133.77
2002-02-22,134.3
2002-02-25,133.85
2002-02-26,134.05
2002-02-27,134.46
2002-02-28,133.89
2002-03-01,133.61
2002-03-04,132.8
2002-03-05,132.38
2002-03-06,131.87
2002-03-07,129.22
2002-03-08,127.82
2002-03-11,129.03
2002-03-12,128.56
2002-03-13,129.29
2002-03-14,128.88
2002-03-15,129.06
2002-03-18,130.44
2002-03-19,131.45
2002-03-20,132.21
2002-03-22,132.32
2002-03-25,133
2002-03-26,132.84
2002-03-27,132.82
2002-03-28,132.63
2002-03-29,132.71
2002-04-01,133.18
2002-04-02,133.28
2002-04-03,132.86
2002-04-04,132.43
2002-04-05,132.02
2002-04-08,131.3
2002-04-09,131.61
2002-04-10,130.42
2002-04-11,131.46
2002-04-12,131.99
2002-04-15,131.62
2002-04-16,131.61
2002-04-17,131.05
2002-04-18,130.41
2002-04-19,130.17
2002-04-22,130.15
2002-04-23,129.95
2002-04-24,130.15
2002-04-25,129.06
2002-04-26,128.54
2002-04-30,127.97
2002-05-01,128.47
2002-05-02,127.16
2002-05-07,127.39
2002-05-08,128.39
2002-05-09,128.88
2002-05-10,128.05
2002-05-13,127.42
2002-05-14,128.32
2002-05-15,128.05
2002-05-16,127.4
2002-05-17,127.34
2002-05-20,125.63
2002-05-21,125.64
2002-05-22,124.73
2002-05-23,124.27
2002-05-24,125.04
2002-05-27,124.82
2002-05-28,124.65
2002-05-29,124.56
2002-05-30,124.07
2002-05-31,123.96
2002-06-03,124.29
2002-06-04,123.41
2002-06-05,124.25
2002-06-06,124.87
2002-06-07,124.3
2002-06-10,124.76
2002-06-11,124.52
2002-06-12,125.48
2002-06-13,125.66
2002-06-14,124.88
2002-06-17,124.18
2002-06-18,124.54
2002-06-19,124.26
2002-06-20,123.81
2002-06-21,123.25
2002-06-24,121.45
2002-06-25,121.67
2002-06-26,120.32
2002-06-27,119.59
2002-06-28,119.22
2002-07-01,119.56
2002-07-02,120.35
2002-07-03,120.4
2002-07-04,120.23
2002-07-05,120.56
2002-07-08,118.86
2002-07-09,118.58
2002-07-10,117.84
2002-07-11,117.4
2002-07-12,116.72
2002-07-15,116.19
2002-07-16,116.34
2002-07-17,116.23
2002-07-18,116.99
2002-07-19,115.92
2002-07-22,116.39
2002-07-23,117.41
2002-07-24,117.41
2002-07-25,116.52
2002-07-26,117.37
2002-07-29,119.11
2002-07-30,119.74
2002-07-31,119.82
2002-08-01,119.82
2002-08-02,118.94
2002-08-05,119.19
2002-08-06,120.46
2002-08-07,120.77
2002-08-08,120.8
2002-08-09,120.82
2002-08-12,119.69
2002-08-13,119.24
2002-08-14,117.35
2002-08-15,116.91
2002-08-16,117.59
2002-08-19,118.21
2002-08-20,118.8
2002-08-21,118.04
2002-08-22,119.01
2002-08-23,119.88
2002-08-26,119.73
2002-08-27,119.06
2002-08-28,118.56
2002-08-29,117.72
2002-08-30,117.97
2002-09-02,118.45
2002-09-03,117.62
2002-09-04,117.62
2002-09-05,117.49
2002-09-06,118.29
2002-09-09,118.73
2002-09-10,119.12
2002-09-11,119.75
2002-09-12,120.04
2002-09-13,119.9
2002-09-17,122.91
2002-09-18,121.94
2002-09-19,121.68
2002-09-20,122.84
2002-09-24,123.44
2002-09-25,122.39
2002-09-26,122.91
2002-09-27,122.49
2002-09-30,121.79
2002-10-01,121.88
2002-10-02,123.03
2002-10-03,122.84
2002-10-04,122.82
2002-10-07,123.98
2002-10-08,124.26
2002-10-09,124.16
2002-10-10,123.53
2002-10-11,124.04
2002-10-15,124.49
2002-10-16,124.38
2002-10-17,124.29
2002-10-18,125.32
2002-10-21,124.89
2002-10-22,125.22
2002-10-23,124.28
2002-10-24,124.46
2002-10-25,123.87
2002-10-28,124.8
2002-10-29,123.57
2002-10-30,122.69
2002-10-31,122.48
2002-11-01,122.68
2002-11-05,121.87
2002-11-06,122.45
2002-11-07,121.79
2002-11-08,120.82
2002-11-11,119.91
2002-11-12,119.64
2002-11-13,119.69
2002-11-14,120.52
2002-11-15,120.67
2002-11-18,121.19
2002-11-19,120.99
2002-11-20,122.47
2002-11-21,122.07
2002-11-22,122.72
2002-11-25,122.72
2002-11-26,122.03
2002-11-27,121.84
2002-11-28,122.22
2002-11-29,122.44
2002-12-02,123.44
2002-12-03,124.67
2002-12-04,124.75
2002-12-05,125.2
2002-12-06,125.09
2002-12-09,122.59
2002-12-10,123.52
2002-12-11,123.27
2002-12-12,123.28
2002-12-13,122.54
2002-12-16,120.6
2002-12-17,120.74
2002-12-18,121.25
2002-12-19,121.18
2002-12-20,120.88
2002-12-24,120.44
2002-12-25,120.43
2002-12-26,120.12
2002-12-27,119.99
2002-12-30,119.37
2003-01-06,119.26
2003-01-07,119.56
2003-01-08,120.14
2003-01-09,118.84
2003-01-10,119.72
2003-01-14,118.9
2003-01-15,118.08
2003-01-16,118.04
2003-01-17,117.99
2003-01-20,118.15
2003-01-21,119.02
2003-01-22,118.17
2003-01-23,118.22
2003-01-24,117.85
2003-01-27,117.83
2003-01-28,118.84
2003-01-29,118.14
2003-01-30,118.77
2003-01-31,119.21
2003-02-03,120.49
2003-02-04,120.15
2003-02-05,119.32
2003-02-06,119.82
2003-02-07,120.16
2003-02-10,120.33
2003-02-12,120.81
2003-02-13,120.77
2003-02-14,120.41
2003-02-17,120.43
2003-02-18,119.37
2003-02-19,119.03
2003-02-20,118.92
2003-02-21,118.34
2003-02-24,118.58
2003-02-25,117.39
2003-02-26,117.46
2003-02-27,117.02
2003-02-28,117.75
2003-03-03,118.08
2003-03-04,117.54
2003-03-05,117.22
2003-03-06,117.4
2003-03-07,117.19
2003-03-10,116.69
2003-03-11,117.07
2003-03-12,117.35
2003-03-13,118.02
2003-03-14,118.28
2003-03-17,117.75
2003-03-18,118.58
2003-03-19,118.76
2003-03-20,119.89
2003-03-24,120.81
2003-03-25,119.68
2003-03-26,120.2
2003-03-27,119.99
2003-03-28,120.21
2003-03-31,119.02
2003-04-01,118.05
2003-04-02,118.83
2003-04-03,118.89
2003-04-04,119.95
2003-04-07,120.76
2003-04-08,119.69
2003-04-09,119.77
2003-04-10,119.81
2003-04-11,119.78
2003-04-14,120.64
2003-04-15,120.46
2003-04-16,120.23
2003-04-17,119.12
2003-04-18,119.72
2003-04-21,120.1
2003-04-22,120.21
2003-04-23,120.06
2003-04-24,119.92
2003-04-25,120.56
2003-04-28,120.22
2003-04-30,119.46
2003-05-01,118.53
2003-05-02,118.88
2003-05-06,118.37
2003-05-07,117.66
2003-05-08,116.34
2003-05-09,117.32
2003-05-12,116.38
2003-05-13,117.15
2003-05-14,116.55
2003-05-15,115.95
2003-05-16,116.36
2003-05-19,115.21
2003-05-20,117.34
2003-05-21,116.68
2003-05-22,117.62
2003-05-23,117.27
2003-05-26,116.89
2003-05-27,116.84
2003-05-28,117.5
2003-05-29,119.06
2003-05-30,118.63
2003-06-02,118.69
2003-06-03,118.67
2003-06-04,118.68
2003-06-05,118.24
2003-06-06,117.99
2003-06-09,118.5
2003-06-10,118.2
2003-06-11,117.86
2003-06-12,117.61
2003-06-13,117.7
2003-06-16,117.55
2003-06-17,117.64
2003-06-18,118.31
2003-06-19,118.68
2003-06-20,118.34
2003-06-23,118.06
2003-06-24,117.75
2003-06-25,117.47
2003-06-26,118.23
2003-06-27,119.77
2003-06-30,119.82
2003-07-01,119.72
2003-07-02,119.22
2003-07-03,118.24
2003-07-04,118.15
2003-07-07,118.09
2003-07-08,118.23
2003-07-09,118.24
2003-07-10,117.8
2003-07-11,117.77
2003-07-14,117.57
2003-07-15,117.59
2003-07-16,118.32
2003-07-17,118.22
2003-07-18,118.97
2003-07-22,119.21
2003-07-23,118.86
2003-07-24,118.59
2003-07-25,118.95
2003-07-28,119.14
2003-07-29,119.27
2003-07-30,120
2003-07-31,120.11
2003-08-01,120.39
2003-08-04,119.8
2003-08-05,120.52
2003-08-06,119.94
2003-08-07,120.11
2003-08-08,118.92
2003-08-11,118.62
2003-08-12,118.64
2003-08-13,119.08
2003-08-14,119.33
2003-08-15,118.98
2003-08-18,119.32
2003-08-19,119.51
2003-08-20,118.32
2003-08-21,118.02
2003-08-22,117.84
2003-08-25,117.56
2003-08-26,117.78
2003-08-27,117.68
2003-08-28,117.56
2003-08-29,117.13
2003-09-01,116.69
2003-09-02,116.87
2003-09-03,116.06
2003-09-04,116.86
2003-09-05,116.87
2003-09-08,117.12
2003-09-09,116.37
2003-09-10,116.73
2003-09-11,117.17
2003-09-12,117.07
2003-09-16,116.57
2003-09-17,116.23
2003-09-18,115.81
2003-09-19,115.24
2003-09-22,112.31
2003-09-24,111.81
2003-09-25,112.19
2003-09-26,112.04
2003-09-29,111.39
2003-09-30,110.48
2003-10-01,111.24
2003-10-02,111.05
2003-10-03,110.43
2003-10-06,110.96
2003-10-07,110.65
2003-10-08,109.77
2003-10-09,109.07
2003-10-10,108.74
2003-10-14,109.74
2003-10-15,109.09
2003-10-16,110.13
2003-10-17,109.81
2003-10-20,109.41
2003-10-21,109.87
2003-10-22,109.55
2003-10-23,109.5
2003-10-24,109.55
2003-10-27,108.7
2003-10-28,108.29
2003-10-29,108.04
2003-10-30,108.09
2003-10-31,108.99
2003-11-04,110.36
2003-11-05,109.76
2003-11-06,109.9
2003-11-07,110.09
2003-11-10,109.39
2003-11-11,108.82
2003-11-12,108.68
2003-11-13,108.36
2003-11-14,108.16
2003-11-17,109.46
2003-11-18,108.98
2003-11-19,108.08
2003-11-20,108.94
2003-11-21,108.9
2003-11-25,109.47
2003-11-26,109.43
2003-11-27,109.1
2003-11-28,109.34
2003-12-01,109.21
2003-12-02,109.59
2003-12-03,108.64
2003-12-04,108.18
2003-12-05,108.34
2003-12-08,107.59
2003-12-09,107.19
2003-12-10,108.63
2003-12-11,108.27
2003-12-12,107.93
2003-12-15,107.95
2003-12-16,107.77
2003-12-17,107.52
2003-12-18,107.55
2003-12-19,107.62
2003-12-22,107.63
2003-12-24,107.33
2003-12-25,107.19
2003-12-26,107.09
2003-12-29,107.04
2003-12-30,106.97
2004-01-05,106.92
2004-01-06,106.36
2004-01-07,106.28
2004-01-08,106.17
2004-01-09,107.04
2004-01-13,106.54
2004-01-14,106.21
2004-01-15,106.22
2004-01-16,105.97
2004-01-19,106.89
2004-01-20,107.12
2004-01-21,107.03
2004-01-22,106.78
2004-01-23,106.05
2004-01-26,106.24
2004-01-27,106.19
2004-01-28,105.79
2004-01-29,105.82
2004-01-30,105.88
2004-02-02,105.62
2004-02-03,105.42
2004-02-04,105.43
2004-02-05,105.47
2004-02-06,106.05
2004-02-09,105.55
2004-02-10,105.41
2004-02-12,105.36
2004-02-13,105.39
2004-02-16,105.51
2004-02-17,105.64
2004-02-18,105.59
2004-02-19,106.73
2004-02-20,107.91
2004-02-23,108.21
2004-02-24,108.43
2004-02-25,108.27
2004-02-26,109.18
2004-02-27,109.08
2004-03-01,109.23
2004-03-02,109.38
2004-03-03,110.19
2004-03-04,110.16
2004-03-05,111.17
2004-03-08,112.19
2004-03-09,111.21
2004-03-10,111.39
2004-03-11,110.74
2004-03-12,111.36
2004-03-15,110.83
2004-03-16,109.62
2004-03-17,108.27
2004-03-18,107.08
2004-03-19,106.81
2004-03-22,106.97
2004-03-23,106.76
2004-03-24,106.73
2004-03-25,105.96
2004-03-26,105.69
2004-03-29,105.65
2004-03-30,105.77
2004-03-31,103.95
2004-04-01,104.13
2004-04-02,104.18
2004-04-05,104.79
2004-04-06,106
2004-04-07,105.58
2004-04-08,105.84
2004-04-09,106.42
2004-04-12,106.27
2004-04-13,105.65
2004-04-14,107.22
2004-04-15,108.54
2004-04-16,108.38
2004-04-19,107.9
2004-04-20,107.97
2004-04-21,108.86
2004-04-22,109.47
2004-04-23,109.28
2004-04-26,109.02
2004-04-27,108.42
2004-04-28,109.06
2004-04-30,110.44
2004-05-06,108.98
2004-05-07,110.6
2004-05-10,113.18
2004-05-11,113.32
2004-05-12,112.57
2004-05-13,113.85
2004-05-14,114.66
2004-05-17,113.44
2004-05-18,113.76
2004-05-19,112.83
2004-05-20,113.47
2004-05-21,111.97
2004-05-24,112.53
2004-05-25,112.76
2004-05-26,111.5
2004-05-27,111.41
2004-05-28,110.44
2004-05-31,109.56
2004-06-01,109.35
2004-06-02,110.64
2004-06-03,110.75
2004-06-04,111.06
2004-06-07,110.1
2004-06-08,109.67
2004-06-09,108.73
2004-06-10,110.15
2004-06-11,110.22
2004-06-14,110.89
2004-06-15,110.94
2004-06-16,109.65
2004-06-17,109.64
2004-06-18,109.53
2004-06-21,108.72
2004-06-22,108.49
2004-06-23,108.71
2004-06-24,107.97
2004-06-25,107.7
2004-06-28,107.77
2004-06-29,108.61
2004-06-30,108.69
2004-07-01,108.07
2004-07-02,109.02
2004-07-05,108.7
2004-07-06,109.4
2004-07-07,108.65
2004-07-08,108.89
2004-07-09,108.27
2004-07-12,107.73
2004-07-13,108.53
2004-07-14,109.26
2004-07-15,109.58
2004-07-16,109.62
2004-07-20,108.44
2004-07-21,108.61
2004-07-22,109.67
2004-07-23,109.89
2004-07-26,109.64
2004-07-27,109.69
2004-07-28,111.03
2004-07-29,111.68
2004-07-30,111.67
2004-08-02,110.96
2004-08-03,110.92
2004-08-04,111.32
2004-08-05,111.04
2004-08-06,111.62
2004-08-09,110.38
2004-08-10,110.63
2004-08-11,111.25
2004-08-12,110.63
2004-08-13,111.94
2004-08-16,110.92
2004-08-17,110.36
2004-08-18,109.93
2004-08-19,109.51
2004-08-20,109.12
2004-08-23,109.36
2004-08-24,109.81
2004-08-25,109.72
2004-08-26,110.11
2004-08-27,109.44
2004-08-30,110.14
2004-08-31,109.86
2004-09-01,109.43
2004-09-02,109.43
2004-09-03,109.63
2004-09-06,110.11
2004-09-07,109.74
2004-09-08,109.49
2004-09-09,109.59
2004-09-10,110.09
2004-09-13,109.62
2004-09-14,109.76
2004-09-15,109.46
2004-09-16,109.72
2004-09-17,109.75
2004-09-21,109.95
2004-09-22,110.03
2004-09-24,110.66
2004-09-27,110.85
2004-09-28,111.65
2004-09-29,111.13
2004-09-30,110.92
2004-10-01,110.39
2004-10-04,110.59
2004-10-05,110.87
2004-10-06,111.27
2004-10-07,111.22
2004-10-08,110.39
2004-10-12,109.84
2004-10-13,109.88
2004-10-14,109.56
2004-10-15,109.64
2004-10-18,109.29
2004-10-19,109.31
2004-10-20,108.31
2004-10-21,107.69
2004-10-22,107.59
2004-10-25,106.61
2004-10-26,106.89
2004-10-27,106.81
2004-10-28,106.06
2004-10-29,105.87
2004-11-01,106.39
2004-11-02,106.69
2004-11-04,106.34
2004-11-05,106.1
2004-11-08,105.43
2004-11-09,105.71
2004-11-10,105.99
2004-11-11,106.93
2004-11-12,106.1
2004-11-15,105.32
2004-11-16,105.47
2004-11-17,105.06
2004-11-18,103.76
2004-11-19,104.18
2004-11-22,103.19
2004-11-24,103.29
2004-11-25,102.54
2004-11-26,102.52
2004-11-29,103
2004-11-30,103.17
2004-12-01,102.78
2004-12-02,102.03
2004-12-03,103.52
2004-12-06,102.37
2004-12-07,102.76
2004-12-08,103.73
2004-12-09,104.01
2004-12-10,105.22
2004-12-13,104.88
2004-12-14,104.83
2004-12-15,105.09
2004-12-16,104.29
2004-12-17,104.49
2004-12-20,104.44
2004-12-21,104.09
2004-12-22,104.21
2004-12-24,103.75
2004-12-27,103.75
2004-12-28,103.07
2004-12-29,103.22
2004-12-30,103.78
2005-01-04,102.57
2005-01-05,104.74
2005-01-06,104.59
2005-01-07,104.59
2005-01-11,104.03
2005-01-12,103.24
2005-01-13,102.35
2005-01-14,102.99
2005-01-17,102.06
2005-01-18,102.61
2005-01-19,102.35
2005-01-20,102.72
2005-01-21,103.62
2005-01-24,102.79
2005-01-25,103.14
2005-01-26,103.64
2005-01-27,103.25
2005-01-28,103.2
2005-01-31,103.58
2005-02-01,103.96
2005-02-02,103.71
2005-02-03,104.14
2005-02-04,104.5
2005-02-07,104.3
2005-02-08,105.25
2005-02-09,105.39
2005-02-10,105.64
2005-02-14,104.98
2005-02-15,105.04
2005-02-16,104.99
2005-02-17,105.26
2005-02-18,105.26
2005-02-21,105.69
2005-02-22,104.54
2005-02-23,104.72
2005-02-24,104.68
2005-02-25,105.26
2005-02-28,104.58
2005-03-01,104.64
2005-03-02,104.61
2005-03-03,105.13
2005-03-04,105.43
2005-03-07,104.89
2005-03-08,105.01
2005-03-09,104.62
2005-03-10,103.88
2005-03-11,104.11
2005-03-14,104.6
2005-03-15,104.98
2005-03-16,104.29
2005-03-17,104.17
2005-03-18,104.83
2005-03-22,104.93
2005-03-23,105.43
2005-03-24,106.41
2005-03-25,106.38
2005-03-28,106.95
2005-03-29,107.17
2005-03-30,107.27
2005-03-31,106.97
2005-04-01,107.27
2005-04-04,107.9
2005-04-05,108.85
2005-04-06,108.07
2005-04-07,108.25
2005-04-08,108.65
2005-04-11,108.11
2005-04-12,107.77
2005-04-13,107.27
2005-04-14,107.73
2005-04-15,108.31
2005-04-18,107.66
2005-04-19,107.08
2005-04-20,106.92
2005-04-21,106.97
2005-04-22,106.52
2005-04-25,105.64
2005-04-26,105.9
2005-04-27,106.19
2005-04-28,105.87
2005-05-02,105.38
2005-05-06,104.75
2005-05-09,105.34
2005-05-10,105.84
2005-05-11,105.59
2005-05-12,106.2
2005-05-13,106.91
2005-05-16,107.67
2005-05-17,107.18
2005-05-18,107.49
2005-05-19,107.13
2005-05-20,107.51
2005-05-23,107.98
2005-05-24,107.46
2005-05-25,107.45
2005-05-26,108.09
2005-05-27,107.84
2005-05-30,107.92
2005-05-31,108.17
2005-06-01,108.31
2005-06-02,108.29
2005-06-03,107.89
2005-06-06,107.29
2005-06-07,106.79
2005-06-08,106.74
2005-06-09,107.25
2005-06-10,107.44
2005-06-13,108.57
2005-06-14,109.32
2005-06-15,109.16
2005-06-16,109.34
2005-06-17,108.86
2005-06-20,108.7
2005-06-21,109.46
2005-06-22,108.49
2005-06-23,108.75
2005-06-24,109.23
2005-06-27,109.22
2005-06-28,109.78
2005-06-29,110.34
2005-06-30,110.37
2005-07-01,111.09
2005-07-04,111.5
2005-07-05,112.03
2005-07-06,111.64
2005-07-07,112.05
2005-07-08,112.29
2005-07-11,111.86
2005-07-12,111.16
2005-07-13,111.42
2005-07-14,111.83
2005-07-15,111.8
2005-07-19,112.6
2005-07-20,113.07
2005-07-21,112.38
2005-07-22,110.84
2005-07-25,111.9
2005-07-26,111.89
2005-07-27,112.7
2005-07-28,112.64
2005-07-29,112.18
2005-08-01,112.1
2005-08-02,111.39
2005-08-03,111.65
2005-08-04,111.16
2005-08-05,111.39
2005-08-08,112.21
2005-08-09,111.92
2005-08-10,111.1
2005-08-11,110.13
2005-08-12,109.57
2005-08-15,109.54
2005-08-16,109.06
2005-08-17,109.83
2005-08-18,110.15
2005-08-19,110.82
2005-08-22,109.88
2005-08-23,109.88
2005-08-24,110.69
2005-08-25,109.94
2005-08-26,109.79
2005-08-29,110.28
2005-08-30,111.07
2005-08-31,111.42
2005-09-01,110.8
2005-09-02,109.56
2005-09-05,109.22
2005-09-06,109.77
2005-09-07,109.67
2005-09-08,110.35
2005-09-09,110.5
2005-09-12,109.77
2005-09-13,110.5
2005-09-14,110.54
2005-09-15,110.46
2005-09-16,110.67
2005-09-20,111.3
2005-09-21,111.56
2005-09-22,111.13
2005-09-26,112.52
2005-09-27,112.92
2005-09-28,112.98
2005-09-29,113.08
2005-09-30,113.28
2005-10-03,113.92
2005-10-04,114.33
2005-10-05,113.79
2005-10-06,113.72
2005-10-07,113.34
2005-10-11,114.08
2005-10-12,114.65
2005-10-13,114.83
2005-10-14,114.51
2005-10-17,114.27
2005-10-18,115.67
2005-10-19,115.83
2005-10-20,115.64
2005-10-21,115.14
2005-10-24,115.7
2005-10-25,115.6
2005-10-26,115.45
2005-10-27,115.41
2005-10-28,115.18
2005-10-31,115.67
2005-11-01,116.55
2005-11-02,116.83
2005-11-04,117.64
2005-11-07,117.97
2005-11-08,117.88
2005-11-09,117.43
2005-11-10,117.65
2005-11-11,117.82
2005-11-14,118.06
2005-11-15,118.86
2005-11-16,119.27
2005-11-17,118.99
2005-11-18,119.23
2005-11-21,119.28
2005-11-22,119.05
2005-11-24,118.78
2005-11-25,119.27
2005-11-28,119.87
2005-11-29,119.08
2005-11-30,119.46
2005-12-01,119.89
2005-12-02,120.67
2005-12-05,121.29
2005-12-06,121.06
2005-12-07,120.98
2005-12-08,120.43
2005-12-09,120.67
2005-12-12,120.87
2005-12-13,119.82
2005-12-14,118.74
2005-12-15,116.47
2005-12-16,116.03
2005-12-19,116.43
2005-12-20,116.67
2005-12-21,117.11
2005-12-22,117.5
2005-12-26,116.43
2005-12-27,117.15
2005-12-28,117.17
2005-12-29,117.83
2005-12-30,117.48
2006-01-04,115.99
2006-01-05,115.84
2006-01-06,116.1
2006-01-10,114.49
2006-01-11,114.75
2006-01-12,113.97
2006-01-13,114.51
2006-01-16,114.33
2006-01-17,114.71
2006-01-18,115.24
2006-01-19,115.35
2006-01-20,115.34
2006-01-23,114.77
2006-01-24,114.51
2006-01-25,114.97
2006-01-26,115.58
2006-01-27,116.28
2006-01-30,117.39
2006-01-31,117.18
2006-02-01,117.35
2006-02-02,118.38
2006-02-03,118.51
2006-02-06,118.68
2006-02-07,118.47
2006-02-08,117.86
2006-02-09,118.69
2006-02-10,117.59
2006-02-13,117.89
2006-02-14,117.29
2006-02-15,117.6
2006-02-16,117.77
2006-02-17,117.92
2006-02-20,118.18
2006-02-21,118.59
2006-02-22,118.58
2006-02-23,117.66
2006-02-24,116.63
2006-02-27,116.19
2006-02-28,116.35
2006-03-01,115.84
2006-03-02,116.08
2006-03-03,116.26
2006-03-06,116.97
2006-03-07,117.79
2006-03-08,117.57
2006-03-09,117.85
2006-03-10,118.22
2006-03-13,118.82
2006-03-14,118.6
2006-03-15,117.52
2006-03-16,117.67
2006-03-17,116.68
2006-03-20,116.1
2006-03-22,117.23
2006-03-23,116.9
2006-03-24,118.06
2006-03-27,116.69
2006-03-28,116.8
2006-03-29,117.87
2006-03-30,117.73
2006-03-31,117.47
2006-04-03,118.53
2006-04-04,117.53
2006-04-05,116.96
2006-04-06,117.55
2006-04-07,117.63
2006-04-10,118.17
2006-04-11,118.44
2006-04-12,118.37
2006-04-13,118.41
2006-04-14,118.66
2006-04-17,118.23
2006-04-18,118.05
2006-04-19,117.09
2006-04-20,117.59
2006-04-21,117.61
2006-04-24,115.05
2006-04-25,114.5
2006-04-26,115.26
2006-04-27,114.75
2006-04-28,114.32
2006-05-01,113.2
2006-05-02,113.82
2006-05-08,111.3
2006-05-09,111.9
2006-05-10,110.72
2006-05-11,111.48
2006-05-12,109.81
2006-05-15,109.85
2006-05-16,110.22
2006-05-17,109.17
2006-05-18,110.82
2006-05-19,111.74
2006-05-22,112.63
2006-05-23,111.52
2006-05-24,111.89
2006-05-25,112.67
2006-05-26,111.96
2006-05-29,112.31
2006-05-30,111.67
2006-05-31,111.85
2006-06-01,112.79
2006-06-02,112.83
2006-06-05,111.76
2006-06-06,112.22
2006-06-07,113.26
2006-06-08,113.97
2006-06-09,113.91
2006-06-12,114.21
2006-06-13,114.49
2006-06-14,114.96
2006-06-15,114.9
2006-06-16,114.75
2006-06-19,115.62
2006-06-20,114.79
2006-06-21,114.74
2006-06-22,115.21
2006-06-23,116.13
2006-06-26,116.27
2006-06-27,116.23
2006-06-28,116.38
2006-06-29,116.41
2006-06-30,114.66
2006-07-03,114.57
2006-07-04,114.6
2006-07-05,115.04
2006-07-06,115.57
2006-07-07,114.94
2006-07-10,113.56
2006-07-11,114.27
2006-07-12,114.55
2006-07-13,115.12
2006-07-14,115.68
2006-07-18,116.89
2006-07-19,117.55
2006-07-20,116.78
2006-07-21,116.31
2006-07-24,116.73
2006-07-25,116.83
2006-07-26,116.89
2006-07-27,115.97
2006-07-28,115.57
2006-07-31,114.47
2006-08-01,114.76
2006-08-02,114.44
2006-08-03,114.81
2006-08-04,115.27
2006-08-07,114.6
2006-08-08,115.09
2006-08-09,115.36
2006-08-10,114.91
2006-08-11,115.69
2006-08-14,116.53
2006-08-15,116.36
2006-08-16,116.05
2006-08-17,115.32
2006-08-18,116.04
2006-08-21,115.52
2006-08-22,116.29
2006-08-23,116.22
2006-08-24,116.54
2006-08-25,117.17
2006-08-28,117.06
2006-08-29,116.61
2006-08-30,117.02
2006-08-31,117.23
2006-09-01,117.38
2006-09-04,116.24
2006-09-05,115.67
2006-09-06,116.32
2006-09-07,116.96
2006-09-08,116.28
2006-09-11,117.19
2006-09-12,117.59
2006-09-13,117.7
2006-09-14,117.59
2006-09-15,117.65
2006-09-19,117.67
2006-09-20,117.15
2006-09-21,117.17
2006-09-22,116.42
2006-09-25,116.24
2006-09-26,116.41
2006-09-27,117.16
2006-09-28,117.66
2006-09-29,118.05
2006-10-02,118.29
2006-10-03,117.49
2006-10-04,117.99
2006-10-05,117.67
2006-10-06,118
2006-10-10,119.2
2006-10-11,119.5
2006-10-12,119.44
2006-10-13,119.17
2006-10-16,119.37
2006-10-17,118.91
2006-10-18,118.56
2006-10-19,118.48
2006-10-20,118.37
2006-10-23,118.95
2006-10-24,119.51
2006-10-25,119.09
2006-10-26,118.76
2006-10-27,118.51
2006-10-30,117.42
2006-10-31,117.74
2006-11-01,117.1
2006-11-02,117.28
2006-11-06,118.18
2006-11-07,117.81
2006-11-08,117.67
2006-11-09,117.78
2006-11-10,117.63
2006-11-13,117.42
2006-11-14,117.53
2006-11-15,117.74
2006-11-16,118.12
2006-11-17,118.37
2006-11-20,117.93
2006-11-21,118.13
2006-11-22,117.48
2006-11-24,116.34
2006-11-27,116.05
2006-11-28,116.11
2006-11-29,115.9
2006-11-30,116.12
2006-12-01,115.87
2006-12-04,115.61
2006-12-05,114.98
2006-12-06,114.81
2006-12-07,114.82
2006-12-08,115.38
2006-12-11,116.65
2006-12-12,116.8
2006-12-13,116.96
2006-12-14,117.42
2006-12-15,117.88
2006-12-18,117.97
2006-12-19,118.27
2006-12-20,118.19
2006-12-21,118.37
2006-12-22,118.38
2006-12-25,118.84
2006-12-26,118.89
2006-12-27,118.7
2006-12-28,118.75
2006-12-29,118.92
2007-01-04,119.34
2007-01-05,118.44
2007-01-09,118.98
2007-01-10,119.28
2007-01-11,119.96
2007-01-12,120.48
2007-01-15,120.25
2007-01-16,120.34
2007-01-17,120.67
2007-01-18,121.22
2007-01-19,121.2
2007-01-22,121.37
2007-01-23,121.52
2007-01-24,120.94
2007-01-25,120.54
2007-01-26,121.54
2007-01-29,121.89
2007-01-30,121.92
2007-01-31,121.34
2007-02-01,120.69
2007-02-02,120.77
2007-02-05,120.61
2007-02-06,120.39
2007-02-07,120.45
2007-02-08,121.14
2007-02-09,121.32
2007-02-13,121.51
2007-02-14,121.21
2007-02-15,119.97
2007-02-16,119.44
2007-02-19,119.46
2007-02-20,119.95
2007-02-21,120.45
2007-02-22,121.25
2007-02-23,121.35
2007-02-26,120.88
2007-02-27,119.95
2007-02-28,118.59
2007-03-01,118.11
2007-03-02,117.65
2007-03-05,115.33
2007-03-06,116.39
2007-03-07,116.46
2007-03-08,116.62
2007-03-09,117.38
2007-03-12,118.4
2007-03-13,117.31
2007-03-14,116.05
2007-03-15,117.27
2007-03-16,116.85
2007-03-19,117.18
2007-03-20,117.75
2007-03-22,117.32
2007-03-23,117.96
2007-03-26,118.09
2007-03-27,118.06
2007-03-28,117.38
2007-03-29,117.42
2007-03-30,118.05
2007-04-02,117.79
2007-04-03,118.52
2007-04-04,118.82
2007-04-05,118.73
2007-04-06,118.8
2007-04-09,119.28
2007-04-10,119.16
2007-04-11,119.21
2007-04-12,119.27
2007-04-13,118.6
2007-04-16,119.5
2007-04-17,119.31
2007-04-18,118.66
2007-04-19,117.95
2007-04-20,118.72
2007-04-23,118.33
2007-04-24,118.64
2007-04-25,118.5
2007-04-26,118.94
2007-04-27,119.41
2007-05-01,119.55
2007-05-02,119.99
2007-05-07,119.94
2007-05-08,119.96
2007-05-09,119.84
2007-05-10,120.2
2007-05-11,119.88
2007-05-14,120.22
2007-05-15,120.23
2007-05-16,120.37
2007-05-17,120.95
2007-05-18,121.3
2007-05-21,121.29
2007-05-22,121.46
2007-05-23,121.83
2007-05-24,121.45
2007-05-25,121.36
2007-05-28,121.69
2007-05-29,121.31
2007-05-30,121.63
2007-05-31,121.63
2007-06-01,121.9
2007-06-04,122.03
2007-06-05,121.76
2007-06-06,121.29
2007-06-07,121.27
2007-06-08,120.93
2007-06-11,121.61
2007-06-12,121.66
2007-06-13,122.29
2007-06-14,122.94
2007-06-15,123.31
2007-06-18,123.47
2007-06-19,123.67
2007-06-20,123.37
2007-06-21,123.7
2007-06-22,124.07
2007-06-25,123.74
2007-06-26,123.21
2007-06-27,122.6
2007-06-28,123.09
2007-06-29,123.48
2007-07-02,122.65
2007-07-03,122.43
2007-07-04,122.37
2007-07-05,122.6
2007-07-06,123.21
2007-07-09,123.46
2007-07-10,123.33
2007-07-11,121.28
2007-07-12,122.04
2007-07-13,122.4
2007-07-17,121.83
2007-07-18,121.93
2007-07-19,121.87
2007-07-20,122.39
2007-07-23,120.92
2007-07-24,120.53
2007-07-25,120.14
2007-07-26,120.36
2007-07-27,119.07
2007-07-30,118.97
2007-07-31,118.99
2007-08-01,117.87
2007-08-02,118.79
2007-08-03,119.13
2007-08-06,117.73
2007-08-07,118.72
2007-08-08,119.21
2007-08-09,119.05
2007-08-10,118.08
2007-08-13,118.29
2007-08-14,117.94
2007-08-15,116.94
2007-08-16,116.07
2007-08-17,112.72
2007-08-20,115.3
2007-08-21,114.3
2007-08-22,114.87
2007-08-23,115.93
2007-08-24,116.11
2007-08-27,116.17
2007-08-28,115.51
2007-08-29,114.43
2007-08-30,115.65
2007-08-31,116.24
2007-09-03,116.02
2007-09-04,115.4
2007-09-05,115.79
2007-09-06,115.37
2007-09-07,115.19
2007-09-10,113.37
2007-09-11,113.59
2007-09-12,114.07
2007-09-13,114.47
2007-09-14,115
2007-09-18,114.97
2007-09-19,115.89
2007-09-20,115.61
2007-09-21,115.03
2007-09-25,114.72
2007-09-26,114.96
2007-09-27,115.52
2007-09-28,115.27
2007-10-01,115.55
2007-10-02,115.45
2007-10-03,115.99
2007-10-04,116.56
2007-10-05,116.51
2007-10-09,117.31
2007-10-10,117.33
2007-10-11,117.26
2007-10-12,117.32
2007-10-15,117.7
2007-10-16,116.77
2007-10-17,116.58
2007-10-18,116.31
2007-10-19,115.33
2007-10-22,114.05
2007-10-23,114.39
2007-10-24,114.36
2007-10-25,114.21
2007-10-26,114.43
2007-10-29,114.19
2007-10-30,114.52
2007-10-31,114.78
2007-11-01,115.56
2007-11-02,114.54
2007-11-05,114.36
2007-11-06,114.69
2007-11-07,113.91
2007-11-08,112.63
2007-11-09,112.67
2007-11-12,110.33
2007-11-13,110.11
2007-11-14,111.39
2007-11-15,111.4
2007-11-16,110.1
2007-11-19,110.67
2007-11-20,110.42
2007-11-21,109.13
2007-11-22,108.84
2007-11-26,108.45
2007-11-27,108.11
2007-11-28,108.72
2007-11-29,109.75
2007-11-30,110.29
2007-12-03,110.51
2007-12-04,110.25
2007-12-05,110.53
2007-12-06,110.9
2007-12-07,111.23
2007-12-10,111.62
2007-12-11,111.87
2007-12-12,111.25
2007-12-13,111.54
2007-12-14,112.38
2007-12-17,112.86
2007-12-18,113.06
2007-12-19,113.26
2007-12-20,113.22
2007-12-21,113.15
2007-12-25,114.17
2007-12-26,114.2
2007-12-27,114.26
2007-12-28,113.12
2008-01-04,109.27
2008-01-07,109.34
2008-01-08,109.44
2008-01-09,109.6
2008-01-10,109.86
2008-01-11,108.94
2008-01-15,107.6
2008-01-16,106.3
2008-01-17,107.44
2008-01-18,107.24
2008-01-21,106.34
2008-01-22,106.02
2008-01-23,106.53
2008-01-24,106.38
2008-01-25,107.64
2008-01-28,106.47
2008-01-29,106.75
2008-01-30,106.66
2008-01-31,106.63
2008-02-01,106.45
2008-02-04,106.73
2008-02-05,106.99
2008-02-06,106.29
2008-02-07,106.53
2008-02-08,107.52
2008-02-12,107.09
2008-02-13,107.28
2008-02-14,108.27
2008-02-15,108.28
2008-02-18,108.02
2008-02-19,107.77
2008-02-20,107.58
2008-02-21,108.12
2008-02-22,107.33
2008-02-25,107.45
2008-02-26,108.06
2008-02-27,107.07
2008-02-28,106.41
2008-02-29,104.34
2008-03-03,102.69
2008-03-04,103.18
2008-03-05,103.63
2008-03-06,103.58
2008-03-07,102.44
2008-03-10,102.06
2008-03-11,102.2
2008-03-12,103.08
2008-03-13,100.19
2008-03-14,100.29
2008-03-17,97.38
2008-03-18,97.61
2008-03-19,99.06
2008-03-21,99.68
2008-03-24,99.99
2008-03-25,100.55
2008-03-26,100.16
2008-03-27,99.39
2008-03-28,100.01
2008-03-31,99.37
2008-04-01,100.12
2008-04-02,101.94
2008-04-03,102.68
2008-04-04,102.32
2008-04-07,102.72
2008-04-08,101.97
2008-04-09,102.27
2008-04-10,101.04
2008-04-11,101.81
2008-04-14,100.55
2008-04-15,100.94
2008-04-16,101.51
2008-04-17,101.78
2008-04-18,102.48
2008-04-21,103.33
2008-04-22,103.18
2008-04-23,103.02
2008-04-24,103.71
2008-04-25,104.71
2008-04-28,104.57
2008-04-30,104.05
2008-05-01,104.13
2008-05-02,104.73
2008-05-07,105.05
2008-05-08,103.81
2008-05-09,103.1
2008-05-12,103.76
2008-05-13,103.62
2008-05-14,105.16
2008-05-15,104.82
2008-05-16,104.25
2008-05-19,103.89
2008-05-20,103.81
2008-05-21,103.32
2008-05-22,103.23
2008-05-23,103.89
2008-05-26,103.36
2008-05-27,103.87
2008-05-28,103.96
2008-05-29,105
2008-05-30,105.46
2008-06-02,105.09
2008-06-03,104.25
2008-06-04,104.9
2008-06-05,105.9
2008-06-06,106.04
2008-06-09,105.24
2008-06-10,106.66
2008-06-11,107.55
2008-06-12,107.51
2008-06-13,108.07
2008-06-16,108.49
2008-06-17,107.76
2008-06-18,108.19
2008-06-19,107.52
2008-06-20,107.7
2008-06-23,107.59
2008-06-24,107.94
2008-06-25,107.98
2008-06-26,108.09
2008-06-27,106.35
2008-06-30,105.33
2008-07-01,105.82
2008-07-02,106.16
2008-07-03,106.04
2008-07-04,106.74
2008-07-07,107.63
2008-07-08,106.41
2008-07-09,107.53
2008-07-10,107.17
2008-07-11,107.21
2008-07-14,106.6
2008-07-15,105.42
2008-07-16,104.03
2008-07-17,105.44
2008-07-18,106.35
2008-07-22,106.46
2008-07-23,107.69
2008-07-24,107.83
2008-07-25,106.79
2008-07-28,107.75
2008-07-29,107.57
2008-07-30,107.95
2008-07-31,108.13
2008-08-01,107.44
2008-08-04,107.8
2008-08-05,107.82
2008-08-06,108.33
2008-08-07,109.45
2008-08-08,109.85
2008-08-11,109.84
2008-08-12,109.9
2008-08-13,108.77
2008-08-14,109.5
2008-08-15,110.34
2008-08-18,110.26
2008-08-19,110.02
2008-08-20,110.13
2008-08-21,108.96
2008-08-22,109.11
2008-08-25,109.97
2008-08-26,109.83
2008-08-27,109.02
2008-08-28,108.91
2008-08-29,108.8
2008-09-01,107.72
2008-09-02,108.31
2008-09-03,108.91
2008-09-04,108.35
2008-09-05,106.49
2008-09-08,108.79
2008-09-09,107.8
2008-09-10,107.18
2008-09-11,107.22
2008-09-12,107.5
2008-09-16,103.73
2008-09-17,105.2
2008-09-18,105.32
2008-09-19,107.24
2008-09-22,106.21
2008-09-24,106.17
2008-09-25,105.77
2008-09-26,105.35
2008-09-29,106.15
2008-09-30,104.76
2008-10-01,106.29
2008-10-02,105.33
2008-10-03,105.02
2008-10-06,103.73
2008-10-07,102.71
2008-10-08,100.12
2008-10-09,101.17
2008-10-10,99.17
2008-10-14,102.47
2008-10-15,101.29
2008-10-16,100.41
2008-10-17,101.05
2008-10-20,102.24
2008-10-21,101.21
2008-10-22,99.3
2008-10-23,97.69
2008-10-24,95.16
2008-10-27,92.97
2008-10-28,94.55
2008-10-29,96.86
2008-10-30,98.75
2008-10-31,97.01
2008-11-04,99.11
2008-11-05,99.38
2008-11-06,97.92
2008-11-07,97.59
2008-11-10,99.13
2008-11-11,97.65
2008-11-12,97.96
2008-11-13,95.66
2008-11-14,96.89
2008-11-17,97.11
2008-11-18,96.61
2008-11-19,96.74
2008-11-20,95.25
2008-11-21,94.99
2008-11-25,96.58
2008-11-26,94.94
2008-11-27,95.12
2008-11-28,95.31
2008-12-01,95.07
2008-12-02,93.29
2008-12-03,93.31
2008-12-04,92.8
2008-12-05,92.24
2008-12-08,93.02
2008-12-09,92.56
2008-12-10,92.53
2008-12-11,92.52
2008-12-12,89.58
2008-12-15,90.97
2008-12-16,90.3
2008-12-17,88.7
2008-12-18,87.92
2008-12-19,88.93
2008-12-22,89.85
2008-12-24,90.38
2008-12-25,90.38
2008-12-26,90.52
2008-12-29,90.36
2008-12-30,90.28
2009-01-05,92.02
2009-01-06,93.54
2009-01-07,93.48
2009-01-08,91.77
2009-01-09,91.16
2009-01-13,89.27
2009-01-14,89.78
2009-01-15,89.08
2009-01-16,90.31
2009-01-19,90.63
2009-01-20,90.42
2009-01-21,89.91
2009-01-22,89.34
2009-01-23,88.34
2009-01-26,88.63
2009-01-27,90.03
2009-01-28,89.17
2009-01-29,90.23
2009-01-30,89.51
2009-02-02,89.37
2009-02-03,89.73
2009-02-04,88.88
2009-02-05,89.49
2009-02-06,90.93
2009-02-09,91.17
2009-02-10,91.34
2009-02-12,90.16
2009-02-13,91.19
2009-02-16,91.57
2009-02-17,92.26
2009-02-18,92.59
2009-02-19,93.57
2009-02-20,94.09
2009-02-23,93.37
2009-02-24,95.36
2009-02-25,97.17
2009-02-26,97.94
2009-02-27,97.87
2009-03-02,97.26
2009-03-03,97.76
2009-03-04,98.83
2009-03-05,99.61
2009-03-06,97.36
2009-03-09,98.67
2009-03-10,98.65
2009-03-11,98.57
2009-03-12,96.34
2009-03-13,97.99
2009-03-16,98.26
2009-03-17,98.67
2009-03-18,98.55
2009-03-19,95.48
2009-03-23,95.99
2009-03-24,98.3
2009-03-25,97.73
2009-03-26,98.11
2009-03-27,97.9
2009-03-30,96.18
2009-03-31,98.31
2009-04-01,98.62
2009-04-02,99.13
2009-04-03,99.79
2009-04-06,101.17
2009-04-07,100.55
2009-04-08,99.67
2009-04-09,100.15
2009-04-10,100.47
2009-04-13,100.66
2009-04-14,99.64
2009-04-15,98.76
2009-04-16,98.65
2009-04-17,99.4
2009-04-20,99.04
2009-04-21,98.02
2009-04-22,98.16
2009-04-23,98.16
2009-04-24,97.08
2009-04-27,96.73
2009-04-28,95.88
2009-04-30,97.67
2009-05-01,99.27
2009-05-07,98.92
2009-05-08,99.39
2009-05-11,98.28
2009-05-12,97.65
2009-05-13,96.41
2009-05-14,95.55
2009-05-15,95.29
2009-05-18,95.39
2009-05-19,96.68
2009-05-20,95.99
2009-05-21,94.77
2009-05-22,94.26
2009-05-25,94.99
2009-05-26,94.66
2009-05-27,95.22
2009-05-28,96.62
2009-05-29,96.45
2009-06-01,94.76
2009-06-02,96.51
2009-06-03,96.26
2009-06-04,96.21
2009-06-05,96.72
2009-06-08,98.56
2009-06-09,98.17
2009-06-10,97.61
2009-06-11,97.84
2009-06-12,98.04
2009-06-15,98.25
2009-06-16,96.61
2009-06-17,96.48
2009-06-18,95.84
2009-06-19,96.83
2009-06-22,96.13
2009-06-23,95.23
2009-06-24,95.35
2009-06-25,96.35
2009-06-26,95.93
2009-06-29,95.53
2009-06-30,95.56
2009-07-01,96.78
2009-07-02,96.66
2009-07-03,95.93
2009-07-06,95.19
2009-07-07,95.19
2009-07-08,94.27
2009-07-09,93.36
2009-07-10,92.75
2009-07-13,92.46
2009-07-14,93.08
2009-07-15,93.47
2009-07-16,93.78
2009-07-17,93.71
2009-07-21,94.09
2009-07-22,93.57
2009-07-23,94.36
2009-07-24,94.84
2009-07-27,95.02
2009-07-28,95.18
2009-07-29,94.42
2009-07-30,94.99
2009-07-31,95.61
2009-08-03,95.02
2009-08-04,94.95
2009-08-05,95.02
2009-08-06,95.19
2009-08-07,95.39
2009-08-10,97.39
2009-08-11,96.87
2009-08-12,95.26
2009-08-13,96.39
2009-08-14,95.21
2009-08-17,94.67
2009-08-18,95.1
2009-08-19,94.29
2009-08-20,94.31
2009-08-21,93.92
2009-08-24,94.97
2009-08-25,94.32
2009-08-26,94.18
2009-08-27,93.69
2009-08-28,93.93
2009-08-31,92.78
2009-09-01,93.27
2009-09-02,92.66
2009-09-03,92.43
2009-09-04,92.86
2009-09-07,93.24
2009-09-08,92.39
2009-09-09,92.5
2009-09-10,92.16
2009-09-11,90.94
2009-09-14,90.59
2009-09-15,91.12
2009-09-16,90.29
2009-09-17,90.57
2009-09-18,91.25
2009-09-24,90.63
2009-09-25,90.6
2009-09-28,89.57
2009-09-29,89.72
2009-09-30,89.76
2009-10-01,89.98
2009-10-02,89.37
2009-10-05,89.84
2009-10-06,89.27
2009-10-07,88.15
2009-10-08,88.28
2009-10-09,89.29
2009-10-13,90.12
2009-10-14,89.19
2009-10-15,89.54
2009-10-16,91.17
2009-10-19,90.6
2009-10-20,90.31
2009-10-21,90.71
2009-10-22,91.43
2009-10-23,91.82
2009-10-26,91.84
2009-10-27,92.04
2009-10-28,91.16
2009-10-29,90.66
2009-10-30,91.11
2009-11-02,90.13
2009-11-04,90.56
2009-11-05,90.42
2009-11-06,90.46
2009-11-09,90.12
2009-11-10,89.87
2009-11-11,90.03
2009-11-12,89.81
2009-11-13,90.29
2009-11-16,89.57
2009-11-17,88.86
2009-11-18,89.16
2009-11-19,88.91
2009-11-20,88.79
2009-11-24,88.66
2009-11-25,88.36
2009-11-26,86.79
2009-11-27,86.16
2009-11-30,86.15
2009-12-01,87.04
2009-12-02,87.21
2009-12-03,87.76
2009-12-04,88.09
2009-12-07,89.84
2009-12-08,88.95
2009-12-09,87.91
2009-12-10,87.96
2009-12-11,88.69
2009-12-14,88.55
2009-12-15,89.12
2009-12-16,89.7
2009-12-17,89.72
2009-12-18,89.84
2009-12-21,90.47
2009-12-22,91.19
2009-12-24,91.23
2009-12-25,91.3
2009-12-28,91.51
2009-12-29,91.72
2009-12-30,92.13
2010-01-04,93.04
2010-01-05,91.9
2010-01-06,92.12
2010-01-07,92.79
2010-01-08,93.28
2010-01-12,91.89
2010-01-13,91.27
2010-01-14,91.85
2010-01-15,90.96
2010-01-18,90.99
2010-01-19,90.62
2010-01-20,90.91
2010-01-21,91.52
2010-01-22,90.43
2010-01-25,90.23
2010-01-26,90.13
2010-01-27,89.37
2010-01-28,90.43
2010-01-29,90.19
2010-02-01,90.35
2010-02-02,90.73
2010-02-03,90.39
2010-02-04,91.03
2010-02-05,89.52
2010-02-08,89.4
2010-02-09,89.56
2010-02-10,89.75
2010-02-12,90.06
2010-02-15,90.15
2010-02-16,89.82
2010-02-17,90.24
2010-02-18,90.99
2010-02-19,91.96
2010-02-22,91.5
2010-02-23,91
2010-02-24,90.32
2010-02-25,89.29
2010-02-26,89.34
2010-03-01,89.24
2010-03-02,89.25
2010-03-03,88.79
2010-03-04,88.4
2010-03-05,89.38
2010-03-08,90.39
2010-03-09,89.95
2010-03-10,90
2010-03-11,90.37
2010-03-12,90.64
2010-03-15,90.73
2010-03-16,90.29
2010-03-17,90.46
2010-03-18,90.05
2010-03-19,90.51
2010-03-23,90.18
2010-03-24,90.65
2010-03-25,91.9
2010-03-26,92.66
2010-03-29,92.64
2010-03-30,92.54
2010-03-31,93.27
2010-04-01,93.62
2010-04-02,93.95
2010-04-05,94.56
2010-04-06,93.86
2010-04-07,93.86
2010-04-08,93.12
2010-04-09,93.5
2010-04-12,93.46
2010-04-13,93.25
2010-04-14,93.47
2010-04-15,93.17
2010-04-16,92.61
2010-04-19,91.79
2010-04-20,92.86
2010-04-21,93.24
2010-04-22,93.04
2010-04-23,93.37
2010-04-26,94.09
2010-04-27,93.8
2010-04-28,93.27
2010-04-30,94.18
2010-05-06,93.6
2010-05-07,92.13
2010-05-10,93.39
2010-05-11,92.74
2010-05-12,93.03
2010-05-13,93.41
2010-05-14,92.74
2010-05-17,92.01
2010-05-18,92.75
2010-05-19,91.92
2010-05-20,91.39
2010-05-21,89.89
2010-05-24,90.23
2010-05-25,89.74
2010-05-26,90.19
2010-05-27,90.29
2010-05-28,91.32
2010-05-31,91.49
2010-06-01,90.82
2010-06-02,91.61
2010-06-03,92.51
2010-06-04,92.72
2010-06-07,91.49
2010-06-08,91.72
2010-06-09,91.47
2010-06-10,90.93
2010-06-11,91.59
2010-06-14,91.9
2010-06-15,91.2
2010-06-16,91.69
2010-06-17,91.18
2010-06-18,90.7
2010-06-21,90.78
2010-06-22,90.79
2010-06-23,90.45
2010-06-24,89.68
2010-06-25,89.68
2010-06-28,89.39
2010-06-29,88.63
2010-06-30,88.66
2010-07-01,88.44
2010-07-02,87.93
2010-07-05,87.85
2010-07-06,87.87
2010-07-07,87.19
2010-07-08,88.31
2010-07-09,88.46
2010-07-12,88.86
2010-07-13,88.42
2010-07-14,88.86
2010-07-15,87.94
2010-07-16,87.24
2010-07-20,86.84
2010-07-21,87.16
2010-07-22,86.56
2010-07-23,86.95
2010-07-26,87.22
2010-07-27,87.25
2010-07-28,88.04
2010-07-29,87.34
2010-07-30,86.37
2010-08-02,86.74
2010-08-03,85.99
2010-08-04,85.53
2010-08-05,86.33
2010-08-06,86.1
2010-08-09,85.65
2010-08-10,85.66
2010-08-11,85.1
2010-08-12,85.71
2010-08-13,85.93
2010-08-16,85.86
2010-08-17,85.26
2010-08-18,85.48
2010-08-19,85.78
2010-08-20,85.35
2010-08-23,85.4
2010-08-24,84.56
2010-08-25,84.57
2010-08-26,84.72
2010-08-27,84.66
2010-08-30,85.12
2010-08-31,84.24
2010-09-01,84.18
2010-09-02,84.16
2010-09-03,84.3
2010-09-06,84.16
2010-09-07,83.9
2010-09-08,83.68
2010-09-09,83.65
2010-09-10,83.94
2010-09-13,83.93
2010-09-14,83.22
2010-09-15,85.46
2010-09-16,85.41
2010-09-17,85.82
2010-09-21,85.43
2010-09-22,84.84
2010-09-24,84.71
2010-09-27,84.17
2010-09-28,84.21
2010-09-29,83.62
2010-09-30,83.32
2010-10-01,83.34
2010-10-04,83.24
2010-10-05,83.51
2010-10-06,83.11
2010-10-07,82.44
2010-10-08,82.4
2010-10-12,81.93
2010-10-13,81.9
2010-10-14,81.11
2010-10-15,81.26
2010-10-18,81.25
2010-10-19,81.39
2010-10-20,81.21
2010-10-21,81.1
2010-10-22,81.17
2010-10-25,80.5
2010-10-26,81.2
2010-10-27,81.99
2010-10-28,81.35
2010-10-29,80.68
2010-11-01,80.47
2010-11-02,80.61
2010-11-04,81.05
2010-11-05,80.81
2010-11-08,81.2
2010-11-09,80.84
2010-11-10,81.83
2010-11-11,82.23
2010-11-12,81.86
2010-11-15,82.82
2010-11-16,83.05
2010-11-17,83.42
2010-11-18,83.26
2010-11-19,83.31
2010-11-22,83.42
2010-11-24,83.04
2010-11-25,83.51
2010-11-26,83.91
2010-11-29,83.87
2010-11-30,84.03
2010-12-01,83.58
2010-12-02,84.15
2010-12-03,83.65
2010-12-06,82.78
2010-12-07,82.62
2010-12-08,83.88
2010-12-09,83.82
2010-12-10,83.73
2010-12-13,84.21
2010-12-14,83.38
2010-12-15,83.95
2010-12-16,84.24
2010-12-17,83.93
2010-12-20,83.87
2010-12-21,83.74
2010-12-22,83.69
2010-12-24,82.97
2010-12-27,82.76
2010-12-28,82.42
2010-12-29,82.06
2010-12-30,81.51
2011-01-04,82.28
2011-01-05,81.96
2011-01-06,83.13
2011-01-07,83.48
2011-01-11,83.11
2011-01-12,83.01
2011-01-13,83.01
2011-01-14,82.51
2011-01-17,82.91
2011-01-18,82.54
2011-01-19,82.06
2011-01-20,82.2
2011-01-21,82.78
2011-01-24,82.84
2011-01-25,82.41
2011-01-26,82.15
2011-01-27,82.86
2011-01-28,82.65
2011-01-31,82.04
2011-02-01,81.8
2011-02-02,81.48
2011-02-03,81.55
2011-02-04,81.6
2011-02-07,82.47
2011-02-08,82.13
2011-02-09,82.42
2011-02-10,82.63
2011-02-14,83.19
2011-02-15,83.6
2011-02-16,83.73
2011-02-17,83.54
2011-02-18,83.29
2011-02-21,83.13
2011-02-22,83.25
2011-02-23,82.72
2011-02-24,81.87
2011-02-25,81.83
2011-02-28,81.68
2011-03-01,82.19
2011-03-02,82.05
2011-03-03,81.89
2011-03-04,82.41
2011-03-07,82.23
2011-03-08,82.45
2011-03-09,82.82
2011-03-10,82.77
2011-03-11,82.8
2011-03-14,82.1
2011-03-15,81.52
2011-03-16,80.93
2011-03-17,79.22
2011-03-18,81.7
2011-03-22,81.03
2011-03-23,80.74
2011-03-24,80.87
2011-03-25,80.99
2011-03-28,81.69
2011-03-29,81.73
2011-03-30,83.01
2011-03-31,82.84
2011-04-01,83.67
2011-04-04,84.05
2011-04-05,84.35
2011-04-06,85.04
2011-04-07,85.25
2011-04-08,85.24
2011-04-11,84.75
2011-04-12,84.33
2011-04-13,84.05
2011-04-14,83.48
2011-04-15,83.03
2011-04-18,82.98
2011-04-19,82.52
2011-04-20,82.78
2011-04-21,82.08
2011-04-22,81.99
2011-04-25,82.13
2011-04-26,81.72
2011-04-27,81.79
2011-04-28,81.6
2011-05-02,81.51
2011-05-06,80.41
2011-05-09,80.65
2011-05-10,80.81
2011-05-11,80.72
2011-05-12,81.1
2011-05-13,80.52
2011-05-16,80.95
2011-05-17,81.63
2011-05-18,81.02
2011-05-19,81.81
2011-05-20,81.62
2011-05-23,81.43
2011-05-24,81.84
2011-05-25,82.09
2011-05-26,81.93
2011-05-27,80.99
2011-05-30,80.83
2011-05-31,81.6
2011-06-01,81.39
2011-06-02,80.97
2011-06-03,80.65
2011-06-06,80.23
2011-06-07,80.23
2011-06-08,79.84
2011-06-09,80.1
2011-06-10,80.09
2011-06-13,80.33
2011-06-14,80.37
2011-06-15,80.6
2011-06-16,80.62
2011-06-17,80.49
2011-06-20,80.16
2011-06-21,80.19
2011-06-22,80.21
2011-06-23,80.56
2011-06-24,80.58
2011-06-27,80.79
2011-06-28,80.83
2011-06-29,81.08
2011-06-30,80.42
2011-07-01,80.78
2011-07-04,80.67
2011-07-05,81.15
2011-07-06,80.97
2011-07-07,80.97
2011-07-08,81.34
2011-07-11,80.75
2011-07-12,79.78
2011-07-13,79.4
2011-07-14,79.06
2011-07-15,79.2
2011-07-19,79.05
2011-07-20,78.94
2011-07-21,78.78
2011-07-22,78.68
2011-07-25,78.23
2011-07-26,78.07
2011-07-27,77.64
2011-07-28,77.68
2011-07-29,77.59
2011-08-01,77.55
2011-08-02,77.23
2011-08-03,77.18
2011-08-04,79.89
2011-08-05,78.54
2011-08-08,77.88
2011-08-09,77.31
2011-08-10,76.69
2011-08-11,76.6
2011-08-12,76.65
2011-08-15,76.87
2011-08-16,76.88
2011-08-17,76.6
2011-08-18,76.59
2011-08-19,76.48
2011-08-22,76.75
2011-08-23,76.65
2011-08-24,76.64
2011-08-25,77.02
2011-08-26,77.05
2011-08-29,76.65
2011-08-30,76.7
2011-08-31,76.58
2011-09-01,76.92
2011-09-02,76.82
2011-09-05,76.81
2011-09-06,76.75
2011-09-07,77.24
2011-09-08,77.41
2011-09-09,77.55
2011-09-12,76.86
2011-09-13,76.96
2011-09-14,76.91
2011-09-15,76.72
2011-09-16,76.77
2011-09-20,76.54
2011-09-21,76.35
2011-09-22,76.44
2011-09-26,76.51
2011-09-27,76.4
2011-09-28,76.43
2011-09-29,76.48
2011-09-30,76.7
2011-10-03,76.92
2011-10-04,76.68
2011-10-05,76.67
2011-10-06,76.74
2011-10-07,76.65
2011-10-11,76.7
2011-10-12,76.65
2011-10-13,77.14
2011-10-14,76.98
2011-10-17,77.43
2011-10-18,76.81
2011-10-19,76.76
2011-10-20,76.69
2011-10-21,76.71
2011-10-24,76.24
2011-10-25,76.12
2011-10-26,75.92
2011-10-27,75.93
2011-10-28,75.84
2011-10-31,78.81
2011-11-01,78.1
2011-11-02,78.14
2011-11-04,78.05
2011-11-07,78.18
2011-11-08,78.05
2011-11-09,77.6
2011-11-10,77.65
2011-11-11,77.46
2011-11-14,77.1
2011-11-15,76.98
2011-11-16,76.96
2011-11-17,76.98
2011-11-18,76.73
2011-11-21,76.8
2011-11-22,76.99
2011-11-24,77.15
2011-11-25,77.36
2011-11-28,77.72
2011-11-29,77.93
2011-11-30,78.01
2011-12-01,77.63
2011-12-02,77.77
2011-12-05,77.99
2011-12-06,77.76
2011-12-07,77.69
2011-12-08,77.6
2011-12-09,77.68
2011-12-12,77.62
2011-12-13,77.81
2011-12-14,77.99
2011-12-15,77.94
2011-12-16,77.89
2011-12-19,77.92
2011-12-20,77.96
2011-12-21,77.73
2011-12-22,78.12
2011-12-26,78
2011-12-27,77.92
2011-12-28,77.8
2011-12-29,77.71
2011-12-30,77.57
2012-01-04,76.69
2012-01-05,76.78
2012-01-06,77.18
2012-01-10,76.86
2012-01-11,76.93
2012-01-12,76.96
2012-01-13,76.69
2012-01-16,76.83
2012-01-17,76.6
2012-01-18,76.72
2012-01-19,76.76
2012-01-20,77.21
2012-01-23,77.05
2012-01-24,77.01
2012-01-25,77.93
2012-01-26,77.54
2012-01-27,77.05
2012-01-30,76.7
2012-01-31,76.3
2012-02-01,76.19
2012-02-02,76.13
2012-02-03,76.19
2012-02-06,76.61
2012-02-07,76.64
2012-02-08,77.07
2012-02-09,77.23
2012-02-10,77.69
2012-02-13,77.7
2012-02-14,77.98
2012-02-15,78.47
2012-02-16,78.63
2012-02-17,79.08
2012-02-20,79.44
2012-02-21,79.8
2012-02-22,80.04
2012-02-23,80.12
2012-02-24,80.57
2012-02-27,81.11
2012-02-28,80.65
2012-02-29,80.49
2012-03-01,81.07
2012-03-02,81.71
2012-03-05,81.19
2012-03-06,81.28
2012-03-07,80.77
2012-03-08,81.33
2012-03-09,81.64
2012-03-12,82.23
2012-03-13,82.39
2012-03-14,83.24
2012-03-15,83.74
2012-03-16,83.54
2012-03-19,83.14
2012-03-21,83.66
2012-03-22,83.27
2012-03-23,82.79
2012-03-26,82.72
2012-03-27,82.77
2012-03-28,82.8
2012-03-29,82.42
2012-03-30,82.17
2012-04-02,82.91
2012-04-03,82.08
2012-04-04,82.71
2012-04-05,82.26
2012-04-06,82.42
2012-04-09,81.32
2012-04-10,81.18
2012-04-11,80.61
2012-04-12,80.99
2012-04-13,80.93
2012-04-16,80.55
2012-04-17,80.58
2012-04-18,81.32
2012-04-19,81.47
2012-04-20,81.61
2012-04-23,81.06
2012-04-24,81.17
2012-04-25,81.3
2012-04-26,81.12
2012-04-27,80.74
2012-05-01,79.74
2012-05-02,80.33
2012-05-07,79.86
2012-05-08,79.93
2012-05-09,79.81
2012-05-10,79.75
2012-05-11,79.81
2012-05-14,80.16
2012-05-15,79.92
2012-05-16,80.39
2012-05-17,80.32
2012-05-18,79.29
2012-05-21,79.31
2012-05-22,79.56
2012-05-23,79.52
2012-05-24,79.42
2012-05-25,79.63
2012-05-28,79.4
2012-05-29,79.48
2012-05-30,79.36
2012-05-31,78.81
2012-06-01,78.5
2012-06-04,78
2012-06-05,78.23
2012-06-06,79.16
2012-06-07,79.28
2012-06-08,79.25
2012-06-11,79.55
2012-06-12,79.57
2012-06-13,79.57
2012-06-14,79.35
2012-06-15,79
2012-06-18,79.26
2012-06-19,78.9
2012-06-20,78.85
2012-06-21,79.62
2012-06-22,80.36
2012-06-25,80.07
2012-06-26,79.52
2012-06-27,79.65
2012-06-28,79.42
2012-06-29,79.61
2012-07-02,79.64
2012-07-03,79.8
2012-07-04,79.78
2012-07-05,79.67
2012-07-06,79.88
2012-07-09,79.69
2012-07-10,79.25
2012-07-11,79.32
2012-07-12,79.27
2012-07-13,79.29
2012-07-17,79.03
2012-07-18,79.05
2012-07-19,78.6
2012-07-20,78.6
2012-07-23,78.01
2012-07-24,78.14
2012-07-25,78.21
2012-07-26,78.16
2012-07-27,78.27
2012-07-30,78.27
2012-07-31,78.28
2012-08-01,78.18
2012-08-02,78.47
2012-08-03,78.26
2012-08-06,78.36
2012-08-07,78.37
2012-08-08,78.36
2012-08-09,78.53
2012-08-10,78.46
2012-08-13,78.24
2012-08-14,78.57
2012-08-15,78.94
2012-08-16,79.24
2012-08-17,79.38
2012-08-20,79.51
2012-08-21,79.39
2012-08-22,79.3
2012-08-23,78.6
2012-08-24,78.69
2012-08-27,78.67
2012-08-28,78.59
2012-08-29,78.5
2012-08-30,78.65
2012-08-31,78.46
2012-09-03,78.35
2012-09-04,78.44
2012-09-05,78.38
2012-09-06,78.43
2012-09-07,78.93
2012-09-10,78.28
2012-09-11,78.21
2012-09-12,77.85
2012-09-13,77.66
2012-09-14,77.65
2012-09-18,78.73
2012-09-19,79.05
2012-09-20,78.21
2012-09-21,78.21
2012-09-24,78.08
2012-09-25,77.77
2012-09-26,77.7
2012-09-27,77.71
2012-09-28,77.58
2012-10-01,77.93
2012-10-02,78.07
2012-10-03,78.2
2012-10-04,78.61
2012-10-05,78.4
2012-10-09,78.3
2012-10-10,78.33
2012-10-11,78.09
2012-10-12,78.49
2012-10-15,78.58
2012-10-16,78.92
2012-10-17,78.81
2012-10-18,79.1
2012-10-19,79.36
2012-10-22,79.7
2012-10-23,79.79
2012-10-24,79.78
2012-10-25,80.15
2012-10-26,79.97
2012-10-29,79.66
2012-10-30,79.47
2012-10-31,79.73
2012-11-01,79.98
2012-11-02,80.34
2012-11-05,80.34
2012-11-06,80.07
2012-11-07,80.28
2012-11-08,79.88
2012-11-09,79.48
2012-11-12,79.46
2012-11-13,79.3
2012-11-14,79.91
2012-11-15,80.85
2012-11-16,81.12
2012-11-19,81.29
2012-11-20,81.18
2012-11-21,82.07
2012-11-22,82.54
2012-11-26,82.18
2012-11-27,82.29
2012-11-28,81.87
2012-11-29,82.2
2012-11-30,82.63
2012-12-03,82.31
2012-12-04,81.95
2012-12-05,82.25
2012-12-06,82.43
2012-12-07,82.36
2012-12-10,82.38
2012-12-11,82.39
2012-12-12,82.79
2012-12-13,83.52
2012-12-14,83.67
2012-12-17,84.02
2012-12-18,83.96
2012-12-19,84.38
2012-12-20,83.93
2012-12-21,83.99
2012-12-25,84.8
2012-12-26,85.36
2012-12-27,85.65
2012-12-28,86.32
2013-01-04,88.09
2013-01-07,87.77
2013-01-08,87.38
2013-01-09,87.49
2013-01-10,88.29
2013-01-11,89.04
2013-01-15,88.83
2013-01-16,88.11
2013-01-17,88.61
2013-01-18,90.03
2013-01-21,89.6
2013-01-22,89.1
2013-01-23,88.29
2013-01-24,89.28
2013-01-25,90.55
2013-01-28,90.71
2013-01-29,90.66
2013-01-30,91.05
2013-01-31,90.92
2013-02-01,92.09
2013-02-04,92.75
2013-02-05,92.2
2013-02-06,93.83
2013-02-07,93.52
2013-02-08,92.79
2013-02-12,94.23
2013-02-13,93.21
2013-02-14,93.46
2013-02-15,92.5
2013-02-18,94.06
2013-02-19,93.47
2013-02-20,93.36
2013-02-21,93.47
2013-02-22,93.28
2013-02-25,94.14
2013-02-26,91.81
2013-02-27,91.84
2013-02-28,92.36
2013-03-01,92.59
2013-03-04,93.44
2013-03-05,93.18
2013-03-06,93.29
2013-03-07,93.97
2013-03-08,95.41
2013-03-11,96.06
2013-03-12,96.4
2013-03-13,95.49
2013-03-14,96.2
2013-03-15,96.05
2013-03-18,94.76
2013-03-19,95.48
2013-03-21,95.9
2013-03-22,94.59
2013-03-25,94.61
2013-03-26,94.24
2013-03-27,94.72
2013-03-28,94.2
2013-03-29,94.04
2013-04-01,93.46
2013-04-02,92.86
2013-04-03,93.43
2013-04-04,95.61
2013-04-05,96.31
2013-04-08,98.84
2013-04-09,98.96
2013-04-10,99.36
2013-04-11,99.64
2013-04-12,99.29
2013-04-15,98.16
2013-04-16,97.77
2013-04-17,98.1
2013-04-18,97.99
2013-04-19,99.32
2013-04-22,99.71
2013-04-23,98.65
2013-04-24,99.51
2013-04-25,99.22
2013-04-26,98.59
2013-04-30,97.83
2013-05-01,97.45
2013-05-02,97.24
2013-05-07,99.11
2013-05-08,98.85
2013-05-09,98.84
2013-05-10,101.37
2013-05-13,101.63
2013-05-14,101.39
2013-05-15,102.38
2013-05-16,102.44
2013-05-17,102.52
2013-05-20,102.53
2013-05-21,102.73
2013-05-22,102.79
2013-05-23,101.94
2013-05-24,101.61
2013-05-27,101.01
2013-05-28,102.24
2013-05-29,101.7
2013-05-30,100.84
2013-05-31,100.63
2013-06-03,100.23
2013-06-04,100.29
2013-06-05,99.73
2013-06-06,99.27
2013-06-07,96.59
2013-06-10,98.39
2013-06-11,98.18
2013-06-12,96.81
2013-06-13,94.22
2013-06-14,95.11
2013-06-17,95
2013-06-18,95.1
2013-06-19,95.04
2013-06-20,98.1
2013-06-21,97.98
2013-06-24,98.33
2013-06-25,97.41
2013-06-26,97.58
2013-06-27,98.19
2013-06-28,98.83
2013-07-01,99.6
2013-07-02,99.71
2013-07-03,100.11
2013-07-04,99.72
2013-07-05,100.28
2013-07-08,101.15
2013-07-09,101.16
2013-07-10,100.46
2013-07-11,99.3
2013-07-12,99.11
2013-07-16,99.6
2013-07-17,99.69
2013-07-18,100.26
2013-07-19,100.35
2013-07-22,100.01
2013-07-23,99.48
2013-07-24,99.94
2013-07-25,99.99
2013-07-26,98.71
2013-07-29,97.98
2013-07-30,98.16
2013-07-31,97.85
2013-08-01,98.6
2013-08-02,99.59
2013-08-05,98.41
2013-08-06,98.37
2013-08-07,96.89
2013-08-08,96.21
2013-08-09,96.66
2013-08-12,96.76
2013-08-13,97.74
2013-08-14,98.2
2013-08-15,97.91
2013-08-16,97.35
2013-08-19,97.63
2013-08-20,97.06
2013-08-21,97.58
2013-08-22,98.22
2013-08-23,99.01
2013-08-26,98.53
2013-08-27,97.85
2013-08-28,97.49
2013-08-29,98.15
2013-08-30,98.06
2013-09-02,99.32
2013-09-03,99.64
2013-09-04,99.59
2013-09-05,99.97
2013-09-06,99.57
2013-09-09,99.57
2013-09-10,100.07
2013-09-11,100.3
2013-09-12,99.57
2013-09-13,99.69
2013-09-17,99.24
2013-09-18,99.09
2013-09-19,98.84
2013-09-20,99.24
2013-09-24,99.08
2013-09-25,98.54
2013-09-26,98.93
2013-09-27,98.6
2013-09-30,97.89
2013-10-01,97.93
2013-10-02,97.37
2013-10-03,97.85
2013-10-04,97.09
2013-10-07,96.92
2013-10-08,97.1
2013-10-09,97.33
2013-10-10,97.71
2013-10-11,98.29
2013-10-15,98.41
2013-10-16,98.38
2013-10-17,97.93
2013-10-18,97.9
2013-10-21,98.07
2013-10-22,98.32
2013-10-23,97.39
2013-10-24,97.41
2013-10-25,97.02
2013-10-28,97.58
2013-10-29,97.49
2013-10-30,98.27
2013-10-31,98.34
2013-11-01,98.13
2013-11-05,98.23
2013-11-06,98.58
2013-11-07,98.66
2013-11-08,98.17
2013-11-11,98.97
2013-11-12,99.69
2013-11-13,99.58
2013-11-14,99.75
2013-11-15,100.17
2013-11-18,99.94
2013-11-19,99.83
2013-11-20,99.99
2013-11-21,100.73
2013-11-22,101
2013-11-25,101.76
2013-11-26,101.49
2013-11-27,101.68
2013-11-28,102.18
2013-11-29,102.24
2013-12-02,102.53
2013-12-03,103.07
2013-12-04,102.77
2013-12-05,101.96
2013-12-06,102.14
2013-12-09,103.08
2013-12-10,103.25
2013-12-11,102.49
2013-12-12,102.82
2013-12-13,103.61
2013-12-16,102.88
2013-12-17,102.96
2013-12-18,103
2013-12-19,103.97
2013-12-20,104.43
2013-12-24,104.19
2013-12-25,104.41
2013-12-26,104.77
2013-12-27,104.7
2013-12-30,105.37
2014-01-06,104.38
2014-01-07,104.36
2014-01-08,105.06
2014-01-09,104.89
2014-01-10,104.97
2014-01-14,103.46
2014-01-15,104.3
2014-01-16,104.75
2014-01-17,104.34
2014-01-20,104.22
2014-01-21,104.68
2014-01-22,104.37
2014-01-23,104.35
2014-01-24,103.37
2014-01-27,102.69
2014-01-28,102.79
2014-01-29,103.13
2014-01-30,102.35
2014-01-31,102.49
2014-02-03,102.13
2014-02-04,101.1
2014-02-05,101.24
2014-02-06,101.5
2014-02-07,102.12
2014-02-10,102.2
2014-02-12,102.51
2014-02-13,102.12
2014-02-14,101.83
2014-02-17,101.76
2014-02-18,102.53
2014-02-19,102.06
2014-02-20,101.82
2014-02-21,102.51
2014-02-24,102.29
2014-02-25,102.33
2014-02-26,102.34
2014-02-27,102.37
2014-02-28,101.66
2014-03-03,101.36
2014-03-04,101.81
2014-03-05,102.24
2014-03-06,102.76
2014-03-07,102.89
2014-03-10,103.11
2014-03-11,103.2
2014-03-12,102.88
2014-03-13,102.6
2014-03-14,101.77
2014-03-17,101.57
2014-03-18,101.65
2014-03-19,101.58
2014-03-20,102.37
2014-03-24,102.55
2014-03-25,102.14
2014-03-26,102.29
2014-03-27,102.11
2014-03-28,102.17
2014-03-31,102.98
2014-04-01,103.32
2014-04-02,103.81
2014-04-03,103.91
2014-04-04,103.91
2014-04-07,103.13
2014-04-08,102.8
2014-04-09,101.99
2014-04-10,101.73
2014-04-11,101.74
2014-04-14,101.61
2014-04-15,101.8
2014-04-16,102.22
2014-04-17,102.03
2014-04-18,102.41
2014-04-21,102.54
2014-04-22,102.5
2014-04-23,102.51
2014-04-24,102.4
2014-04-25,102.28
2014-04-28,102.23
2014-04-30,102.51
2014-05-01,102.2
2014-05-02,102.49
2014-05-07,101.54
2014-05-08,101.82
2014-05-09,101.71
2014-05-12,101.9
2014-05-13,102.33
2014-05-14,102.11
2014-05-15,102.03
2014-05-16,101.58
2014-05-19,101.43
2014-05-20,101.39
2014-05-21,100.95
2014-05-22,101.55
2014-05-23,101.73
2014-05-26,101.93
2014-05-27,101.77
2014-05-28,101.82
2014-05-29,101.58
2014-05-30,101.64
2014-06-02,101.99
2014-06-03,102.35
2014-06-04,102.64
2014-06-05,102.54
2014-06-06,102.27
2014-06-09,102.46
2014-06-10,102.25
2014-06-11,102.28
2014-06-12,102.08
2014-06-13,101.83
2014-06-16,101.93
2014-06-17,102.04
2014-06-18,102.23
2014-06-19,101.79
2014-06-20,101.92
2014-06-23,101.88
2014-06-24,101.97
2014-06-25,101.91
2014-06-26,101.79
2014-06-27,101.43
2014-06-30,101.39
2014-07-01,101.52
2014-07-02,101.5
2014-07-03,101.93
2014-07-04,102.01
2014-07-07,102.05
2014-07-08,101.81
2014-07-09,101.66
2014-07-10,101.52
2014-07-11,101.37
2014-07-14,101.48
2014-07-15,101.57
2014-07-16,101.7
2014-07-17,101.5
2014-07-18,101.41
2014-07-22,101.5
2014-07-23,101.38
2014-07-24,101.46
2014-07-25,101.9
2014-07-28,101.88
2014-07-29,101.91
2014-07-30,102.17
2014-07-31,102.87
2014-08-01,102.95
2014-08-04,102.59
2014-08-05,102.58
2014-08-06,102.52
2014-08-07,102.29
2014-08-08,101.7
2014-08-11,102.1
2014-08-12,102.29
2014-08-13,102.46
2014-08-14,102.47
2014-08-15,102.53
2014-08-18,102.48
2014-08-19,102.6
2014-08-20,103.3
2014-08-21,103.83
2014-08-22,103.77
2014-08-25,104.13
2014-08-26,103.89
2014-08-27,103.91
2014-08-28,103.76
2014-08-29,103.83
2014-09-01,104.15
2014-09-02,104.84
2014-09-03,104.96
2014-09-04,104.95
2014-09-05,105.25
2014-09-08,105.13
2014-09-09,106.32
2014-09-10,106.64
2014-09-11,106.87
2014-09-12,107.2
2014-09-16,107.11
2014-09-17,107.27
2014-09-18,108.55
2014-09-19,109.11
2014-09-22,108.9
2014-09-24,108.55
2014-09-25,109.34
2014-09-26,108.97
2014-09-29,109.61
2014-09-30,109.42
2014-10-01,109.85
2014-10-02,108.83
2014-10-03,108.76
2014-10-06,109.43
2014-10-07,108.51
2014-10-08,108.13
2014-10-09,107.64
2014-10-10,108.09
2014-10-14,107.25
2014-10-15,107.23
2014-10-16,105.92
2014-10-17,106.43
2014-10-20,107.08
2014-10-21,106.57
2014-10-22,106.96
2014-10-23,107.26
2014-10-24,108.24
2014-10-27,108.04
2014-10-28,107.84
2014-10-29,108.08
2014-10-30,109.18
2014-10-31,111.23
2014-11-04,113.58
2014-11-05,114.42
2014-11-06,114.46
2014-11-07,115.28
2014-11-10,114.02
2014-11-11,115.8
2014-11-12,115.27
2014-11-13,115.79
2014-11-14,116.3
2014-11-17,115.95
2014-11-18,116.7
2014-11-19,117.37
2014-11-20,118.58
2014-11-21,117.57
2014-11-25,117.95
2014-11-26,117.75
2014-11-27,117.35
2014-11-28,118.22
2014-12-01,118.74
2014-12-02,118.82
2014-12-03,119.23
2014-12-04,119.89
2014-12-05,120.18
2014-12-08,121.35
2014-12-09,119.67
2014-12-10,119.09
2014-12-11,117.94
2014-12-12,118.77
2014-12-15,118.23
2014-12-16,117.34
2014-12-17,117.41
2014-12-18,118.69
2014-12-19,119.18
2014-12-22,119.6
2014-12-24,120.42
2014-12-25,120.11
2014-12-26,120.3
2014-12-29,120.34
2014-12-30,119.8
2015-01-05,120.39
2015-01-06,119.19
2015-01-07,119.05
2015-01-08,119.81
2015-01-09,119.44
2015-01-13,118.25
2015-01-14,117.09
2015-01-15,117.67
2015-01-16,116.55
2015-01-19,117.17
2015-01-20,118.25
2015-01-21,117.66
2015-01-22,118
2015-01-23,118.22
2015-01-26,118.18
2015-01-27,118.04
2015-01-28,118.14
2015-01-29,117.71
2015-01-30,117.9
2015-02-02,117.59
2015-02-03,117.23
2015-02-04,117.54
2015-02-05,117.32
2015-02-06,117.37
2015-02-09,118.98
2015-02-10,118.73
2015-02-12,120.28
2015-02-13,118.88
2015-02-16,118.61
2015-02-17,118.54
2015-02-18,119.18
2015-02-19,118.71
2015-02-20,118.83
2015-02-23,119.22
2015-02-24,119.25
2015-02-25,118.83
2015-02-26,118.82
2015-02-27,119.29
2015-03-02,119.85
2015-03-03,119.79
2015-03-04,119.67
2015-03-05,119.81
2015-03-06,120.11
2015-03-09,120.88
2015-03-10,121.79
2015-03-11,121.27
2015-03-12,121.02
2015-03-13,121.34
2015-03-16,121.24
2015-03-17,121.4
2015-03-18,121.33
2015-03-19,120.62
2015-03-20,120.81
2015-03-23,120.08
2015-03-24,119.61
2015-03-25,119.62
2015-03-26,118.63
2015-03-27,119.45
2015-03-30,119.68
2015-03-31,120.21
2015-04-01,119.9
2015-04-02,119.53
2015-04-03,119.64
2015-04-06,118.99
2015-04-07,119.83
2015-04-08,119.86
2015-04-09,120.28
2015-04-10,120.52
2015-04-13,120.64
2015-04-14,119.87
2015-04-15,119.51
2015-04-16,119.3
2015-04-17,118.82
2015-04-20,118.71
2015-04-21,119.65
2015-04-22,119.58
2015-04-23,119.88
2015-04-24,119.29
2015-04-27,119.22
2015-04-28,119.03
2015-04-30,118.91
2015-05-01,119.79
2015-05-07,119.39
2015-05-08,120.01
2015-05-11,119.99
2015-05-12,120.03
2015-05-13,119.83
2015-05-14,119.17
2015-05-15,119.46
2015-05-18,119.76
2015-05-19,119.99
2015-05-20,120.96
2015-05-21,121.02
2015-05-22,120.74
2015-05-25,121.64
2015-05-26,122.53
2015-05-27,123
2015-05-28,123.64
2015-05-29,123.75
2015-06-01,124.17
2015-06-02,124.63
2015-06-03,124.16
2015-06-04,124.29
2015-06-05,124.71
2015-06-08,125.22
2015-06-09,124.54
2015-06-10,122.71
2015-06-11,123.54
2015-06-12,123.72
2015-06-15,123.52
2015-06-16,123.49
2015-06-17,123.65
2015-06-18,122.86
2015-06-19,123.12
2015-06-22,123.12
2015-06-23,123.69
2015-06-24,123.94
2015-06-25,123.77
2015-06-26,123.37
2015-06-29,122.92
2015-06-30,122.25
2015-07-01,122.62
2015-07-02,123.49
2015-07-03,123.16
2015-07-06,122.64
2015-07-07,122.73
2015-07-08,121.67
2015-07-09,121.31
2015-07-10,122.2
2015-07-13,123.33
2015-07-14,123.46
2015-07-15,123.53
2015-07-16,123.93
2015-07-17,124.01
2015-07-21,124.39
2015-07-22,123.75
2015-07-23,123.79
2015-07-24,123.92
2015-07-27,123.29
2015-07-28,123.65
2015-07-29,123.67
2015-07-30,124.15
2015-07-31,124.22
2015-08-03,124.18
2015-08-04,123.86
2015-08-05,124.41
2015-08-06,124.89
2015-08-07,124.79
2015-08-10,124.51
2015-08-11,124.84
2015-08-12,124.48
2015-08-13,124.59
2015-08-14,124.34
2015-08-17,124.51
2015-08-18,124.25
2015-08-19,124.26
2015-08-20,124.04
2015-08-21,122.9
2015-08-24,120.41
2015-08-25,119.74
2015-08-26,119.28
2015-08-27,120.44
2015-08-28,120.76
2015-08-31,121.19
2015-09-01,120.07
2015-09-02,120.07
2015-09-03,120.38
2015-09-04,119.23
2015-09-07,119.3
2015-09-08,120.16
2015-09-09,120.68
2015-09-10,120.88
2015-09-11,120.57
2015-09-14,120.16
2015-09-15,119.59
2015-09-16,120.25
2015-09-17,120.94
2015-09-18,119.43
2015-09-24,119.94
2015-09-25,120.71
2015-09-28,120.28
2015-09-29,119.85
2015-09-30,120.03
2015-10-01,120.21
2015-10-02,120.07
2015-10-05,120.17
2015-10-06,120.17
2015-10-07,120.02
2015-10-08,119.81
2015-10-09,120.12
2015-10-13,119.72
2015-10-14,119.61
2015-10-15,118.38
2015-10-16,119.13
2015-10-19,119.34
2015-10-20,119.65
2015-10-21,119.87
2015-10-22,119.69
2015-10-23,120.35
2015-10-26,120.96
2015-10-27,120.48
2015-10-28,120.45
2015-10-29,120.78
2015-10-30,120.74
2015-11-02,120.46
2015-11-04,121.11
2015-11-05,121.81
2015-11-06,121.88
2015-11-09,123.39
2015-11-10,123.36
2015-11-11,122.94
2015-11-12,122.94
2015-11-13,122.68
2015-11-16,122.64
2015-11-17,123.28
2015-11-18,123.3
2015-11-19,123.37
2015-11-20,123.01
2015-11-24,122.66
2015-11-25,122.32
2015-11-26,122.64
2015-11-27,122.4
2015-11-30,122.83
2015-12-01,122.87
2015-12-02,123.06
2015-12-03,123.38
2015-12-04,122.78
2015-12-07,123.28
2015-12-08,123.11
2015-12-09,122.72
2015-12-10,121.76
2015-12-11,121.93
2015-12-14,121.24
2015-12-15,120.62
2015-12-16,121.92
2015-12-17,122.43
2015-12-18,121.8
2015-12-21,121.29
2015-12-22,121.12
2015-12-24,120.46
2015-12-25,120.34
2015-12-28,120.58
2015-12-29,120.37
2015-12-30,120.42
2016-01-04,118.98
2016-01-05,119.43
2016-01-06,118.74
2016-01-07,118.02
2016-01-08,118.24
2016-01-12,117.4
2016-01-13,118.22
2016-01-14,118.1
2016-01-15,117.64
2016-01-18,117.04
2016-01-19,117.91
2016-01-20,116.78
2016-01-21,116.75
2016-01-22,118.09
2016-01-25,118.57
2016-01-26,117.78
2016-01-27,118.25
2016-01-28,118.79
2016-01-29,120.63
2016-02-01,121.22
2016-02-02,120.64
2016-02-03,119.98
2016-02-04,117.96
2016-02-05,116.82
2016-02-08,117.33
2016-02-09,115.31
2016-02-10,114.89
2016-02-12,112.17
2016-02-15,113.77
2016-02-16,114.5
2016-02-17,113.47
2016-02-18,113.94
2016-02-19,112.96
2016-02-22,112.88
2016-02-23,112.14
2016-02-24,112.12
2016-02-25,112.17
2016-02-26,112.88
2016-02-29,112.99
2016-03-01,112.96
2016-03-02,114.25
2016-03-03,114.14
2016-03-04,113.88
2016-03-07,113.72
2016-03-08,112.95
2016-03-09,112.48
2016-03-10,113.59
2016-03-11,113.72
2016-03-14,113.77
2016-03-15,113.07
2016-03-16,113.65
2016-03-17,111.76
2016-03-18,111.34
2016-03-22,111.74
2016-03-23,112.39
2016-03-24,112.86
2016-03-25,113.07
2016-03-28,113.54
2016-03-29,113.7
2016-03-30,112.08
2016-03-31,112.43
2016-04-01,112.28
2016-04-04,111.59
2016-04-05,110.47
2016-04-06,110.41
2016-04-07,108.57
2016-04-08,109.07
2016-04-11,108.06
2016-04-12,108.21
2016-04-13,108.93
2016-04-14,109.32
2016-04-15,109.3
2016-04-18,108.22
2016-04-19,109.13
2016-04-20,108.91
2016-04-21,109.66
2016-04-22,110.59
2016-04-25,111.22
2016-04-26,110.85
2016-04-27,111.21
2016-04-28,108.4
2016-05-02,106.4
2016-05-06,106.95
2016-05-09,107.66
2016-05-10,108.89
2016-05-11,108.61
2016-05-12,108.93
2016-05-13,108.79
2016-05-16,108.77
2016-05-17,109.41
2016-05-18,109.43
2016-05-19,110.08
2016-05-20,110.28
2016-05-23,109.55
2016-05-24,109.54
2016-05-25,110.03
2016-05-26,110.03
2016-05-27,109.78
2016-05-30,111.37
2016-05-31,111.14
2016-06-01,110.06
2016-06-02,108.96
2016-06-03,108.75
2016-06-06,107.19
2016-06-07,107.74
2016-06-08,106.98
2016-06-09,106.36
2016-06-10,106.85
2016-06-13,106.1
2016-06-14,105.86
2016-06-15,106.25
2016-06-16,103.94
2016-06-17,104.25
2016-06-20,104.54
2016-06-21,104.47
2016-06-22,104.39
2016-06-23,104.44
2016-06-24,103.08
2016-06-27,102.02
2016-06-28,102.24
2016-06-29,102.43
2016-06-30,102.7
2016-07-01,102.55
2016-07-04,102.71
2016-07-05,101.74
2016-07-06,100.98
2016-07-07,101.03
2016-07-08,100.61
2016-07-11,101.9
2016-07-12,103.01
2016-07-13,104.22
2016-07-14,105.44
2016-07-15,105.87
2016-07-19,105.96
2016-07-20,106.34
2016-07-21,106.83
2016-07-22,106.11
2016-07-25,106.29
2016-07-26,104.11
2016-07-27,105.4
2016-07-28,104.69
2016-07-29,103.63
2016-08-01,102.4
2016-08-02,101.67
2016-08-03,101.05
2016-08-04,101.41
2016-08-05,101.09
2016-08-08,102.29
2016-08-09,102.43
2016-08-10,101.49
2016-08-12,102.06
2016-08-15,101.08
2016-08-16,100.32
2016-08-17,100.71
2016-08-18,100.03
2016-08-19,100.15
2016-08-22,100.78
2016-08-23,100.1
2016-08-24,100.29
2016-08-25,100.41
2016-08-26,100.43
2016-08-29,102.3
2016-08-30,102.37
2016-08-31,103.28
2016-09-01,103.57
2016-09-02,103.58
2016-09-05,103.37
2016-09-06,103.36
2016-09-07,101.55
2016-09-08,101.6
2016-09-09,102.21
2016-09-12,102.32
2016-09-13,101.82
2016-09-14,103.13
2016-09-15,102.45
2016-09-16,101.91
2016-09-20,101.69
2016-09-21,101.82
2016-09-23,101
2016-09-26,100.62
2016-09-27,100.54
2016-09-28,100.76
2016-09-29,101.53
2016-09-30,100.9
2016-10-03,101.4
2016-10-04,102.4
2016-10-05,102.79
2016-10-06,103.69
2016-10-07,103.85
2016-10-11,103.93
2016-10-12,103.53
2016-10-13,103.87
2016-10-14,104.2
2016-10-17,104.16
2016-10-18,103.99
2016-10-19,103.53
2016-10-20,103.73
2016-10-21,103.84
2016-10-24,103.92
2016-10-25,104.46
2016-10-26,104.18
2016-10-27,104.62
2016-10-28,105.27
2016-10-31,104.92
2016-11-01,104.94
2016-11-02,103.66
2016-11-04,103.24
2016-11-07,104.44
2016-11-08,104.42
2016-11-09,103.34
2016-11-10,105.64
2016-11-11,106.7
2016-11-14,107.65
2016-11-15,108.13
2016-11-16,109.43
2016-11-17,109.02
2016-11-18,110.71
2016-11-21,110.92
2016-11-22,110.92
2016-11-24,113.32
2016-11-25,113.14
2016-11-28,111.94
2016-11-29,112.32
2016-11-30,112.73
2016-12-01,114.17
2016-12-02,113.95
2016-12-05,113.91
2016-12-06,113.84
2016-12-07,114.34
2016-12-08,113.65
2016-12-09,114.44
2016-12-12,115.83
2016-12-13,115.29
2016-12-14,114.99
2016-12-15,117.64
2016-12-16,118.21
2016-12-19,117.35
2016-12-20,117.89
2016-12-21,117.59
2016-12-22,117.67
2016-12-26,117.17
2016-12-27,117.32
2016-12-28,117.51
2016-12-29,116.37
2016-12-30,117.11
2017-01-04,117.99
2017-01-05,115.95
2017-01-06,116.26
2017-01-10,115.84
2017-01-11,116.05
2017-01-12,114.31
2017-01-13,114.7
2017-01-16,114.08
2017-01-17,113.29
2017-01-18,113.33
2017-01-19,114.83
2017-01-20,114.8
2017-01-23,113.46
2017-01-24,113.37
2017-01-25,113.55
2017-01-26,113.77
2017-01-27,115.22
2017-01-30,114.7
2017-01-31,113.53
2017-02-01,113.57
2017-02-02,112.85
2017-02-03,113.12
2017-02-06,112.74
2017-02-07,112.12
2017-02-08,112.36
2017-02-09,112.35
2017-02-10,113.84
2017-02-13,113.55
2017-02-14,113.56
2017-02-15,114.48
2017-02-16,113.95
2017-02-17,113.43
2017-02-20,113.13
2017-02-21,113.54
2017-02-22,113.41
2017-02-23,113.25
2017-02-24,112.73
2017-02-27,112.21
2017-02-28,112.31
2017-03-01,113.49
2017-03-02,114.19
2017-03-03,114.27
2017-03-06,113.8
2017-03-07,113.85
2017-03-08,113.89
2017-03-09,114.53
2017-03-10,115.41
2017-03-13,114.68
2017-03-14,115.17
2017-03-15,114.7
2017-03-16,113.23
2017-03-17,113.44
2017-03-21,112.83
2017-03-22,111.51
2017-03-23,111.24
2017-03-24,111.34
2017-03-27,110.19
2017-03-28,110.69
2017-03-29,111.1
2017-03-30,111.07
2017-03-31,111.8
2017-04-03,111.43
2017-04-04,110.48
2017-04-05,110.61
2017-04-06,110.52
2017-04-07,110.61
2017-04-10,111.33
2017-04-11,110.55
2017-04-12,109.67
2017-04-13,109.02
2017-04-14,108.93
2017-04-17,108.33
2017-04-18,108.87
2017-04-19,108.82
2017-04-20,109
2017-04-21,109.21
2017-04-24,110.08
2017-04-25,110.31
2017-04-26,111.24
2017-04-27,111.27
2017-04-28,111.29
2017-05-01,111.84
2017-05-02,112.17
2017-05-08,112.56
2017-05-09,113.64
2017-05-10,113.91
2017-05-11,114.21
2017-05-12,113.61
2017-05-15,113.65
2017-05-16,113.46
2017-05-17,112.45
2017-05-18,110.92
2017-05-19,111.48
2017-05-22,111.31
2017-05-23,111.21
2017-05-24,111.94
2017-05-25,111.83
2017-05-26,111.25
2017-05-29,111.3
2017-05-30,111.08
2017-05-31,110.96
2017-06-01,111.01
2017-06-02,111.57
2017-06-05,110.53
2017-06-06,109.63
2017-06-07,109.3
2017-06-08,109.77
2017-06-09,110.32
2017-06-12,110.21
2017-06-13,110.24
2017-06-14,110.19
2017-06-15,109.52
2017-06-16,111.19
2017-06-19,111.12
2017-06-20,111.67
2017-06-21,111.14
2017-06-22,111.01
2017-06-23,111.29
2017-06-26,111.46
2017-06-27,111.64
2017-06-28,112.15
2017-06-29,112.51
2017-06-30,112.06
2017-07-03,112.8
2017-07-04,113.11
2017-07-05,113.49
2017-07-06,113.34
2017-07-07,113.7
2017-07-10,114.18
2017-07-11,114.32
2017-07-12,113.45
2017-07-13,113.13
2017-07-14,113.29
2017-07-18,112.24
2017-07-19,112.15
2017-07-20,112.28
2017-07-21,111.75
2017-07-24,110.82
2017-07-25,111.21
2017-07-26,111.84
2017-07-27,111.21
2017-07-28,111.11
2017-07-31,110.63
2017-08-01,110.21
2017-08-02,110.8
2017-08-03,110.64
2017-08-04,110.09
2017-08-07,110.79
2017-08-08,110.59
2017-08-09,109.83
2017-08-10,110.01
2017-08-14,109.75
2017-08-15,110.34
2017-08-16,110.87
2017-08-17,109.93
2017-08-18,109.06
2017-08-21,108.94
2017-08-22,109.36
2017-08-23,109.43
2017-08-24,109.27
2017-08-25,109.68
2017-08-28,109.16
2017-08-29,108.51
2017-08-30,110.02
2017-08-31,110.49
2017-09-01,110.18
2017-09-04,109.48
2017-09-05,109.46
2017-09-06,108.79
2017-09-07,109
2017-09-08,107.75
2017-09-11,108.43
2017-09-12,109.55
2017-09-13,109.95
2017-09-14,110.41
2017-09-15,110.71
2017-09-19,111.71
2017-09-20,111.4
2017-09-21,112.55
2017-09-22,112.01
2017-09-25,112.24
2017-09-26,111.76
2017-09-27,112.69
2017-09-28,112.83
2017-09-29,112.46
2017-10-02,112.99
2017-10-03,113.1
2017-10-04,112.52
2017-10-05,112.7
2017-10-06,113
2017-10-10,112.56
2017-10-11,112.29
2017-10-12,112.23
2017-10-13,112.01
2017-10-16,111.73
2017-10-17,112.13
2017-10-18,112.51
2017-10-19,112.68
2017-10-20,113.33
2017-10-23,113.78
2017-10-24,113.67
2017-10-25,113.9
2017-10-26,113.78
2017-10-27,114.11
2017-10-30,113.72
2017-10-31,113.09
2017-11-01,113.9
2017-11-02,114.02
2017-11-06,114.32
2017-11-07,114.17
2017-11-08,113.83
2017-11-09,113.52
2017-11-10,113.56
2017-11-13,113.46
2017-11-14,113.74
2017-11-15,113
2017-11-16,113.25
2017-11-17,112.58
2017-11-20,112.05
2017-11-21,112.57
2017-11-22,112.06
2017-11-24,111.42
2017-11-27,111.37
2017-11-28,111.31
2017-11-29,111.46
2017-11-30,112.29
2017-12-01,112.63
2017-12-04,113
2017-12-05,112.63
2017-12-06,112.11
2017-12-07,112.55
2017-12-08,113.47
2017-12-11,113.44
2017-12-12,113.47
2017-12-13,113.44
2017-12-14,112.77
2017-12-15,112.16
2017-12-18,112.68
2017-12-19,112.52
2017-12-20,113.14
2017-12-21,113.58
2017-12-22,113.41
2017-12-25,113.25
2017-12-26,113.29
2017-12-27,113.19
2017-12-28,112.73
2017-12-29,112.65
2018-01-04,112.58
2018-01-05,113.15
2018-01-09,112.75
2018-01-10,111.94
2018-01-11,111.79
2018-01-12,111.37
2018-01-15,110.82
2018-01-16,110.72
2018-01-17,110.77
2018-01-18,111.24
2018-01-19,110.7
2018-01-22,110.79
2018-01-23,110.98
2018-01-24,109.96
2018-01-25,109.03
2018-01-26,109.04
2018-01-29,108.94
2018-01-30,108.76
2018-01-31,108.7
2018-02-01,109.59
2018-02-02,109.78
2018-02-05,109.91
2018-02-06,109.03
2018-02-07,109.04
2018-02-08,109.54
2018-02-09,109.16
2018-02-13,107.76
2018-02-14,107.41
2018-02-15,106.37
2018-02-16,106.02
2018-02-19,106.57
2018-02-20,106.98
2018-02-21,107.78
2018-02-22,107.47
2018-02-23,107.03
2018-02-26,106.55
2018-02-27,107.02
2018-02-28,107.08
2018-03-01,106.81
2018-03-02,105.74
2018-03-05,105.4
2018-03-06,106.15
2018-03-07,105.72
2018-03-08,105.95
2018-03-09,106.7
2018-03-12,106.58
2018-03-13,106.98
2018-03-14,106.61
2018-03-15,106.09
2018-03-16,105.66
2018-03-19,105.91
2018-03-20,106.45
2018-03-22,105.69
2018-03-23,105.02
2018-03-26,105.07
2018-03-27,105.5
2018-03-28,105.47
2018-03-29,106.58
2018-03-30,106.19
2018-04-02,106.29
2018-04-03,106.05
2018-04-04,106.21
2018-04-05,107.06
2018-04-06,107.41
2018-04-09,107.1
2018-04-10,106.91
2018-04-11,107.01
2018-04-12,106.91
2018-04-13,107.65
2018-04-16,107.21
2018-04-17,107
2018-04-18,107.31
2018-04-19,107.29
2018-04-20,107.56
2018-04-23,107.91
2018-04-24,108.89
2018-04-25,109.26
2018-04-26,109.33
2018-04-27,109.4
2018-05-01,109.48
2018-05-02,109.79
2018-05-07,109.2
2018-05-08,108.93
2018-05-09,109.72
2018-05-10,109.94
2018-05-11,109.34
2018-05-14,109.51
2018-05-15,109.89
2018-05-16,110.17
2018-05-17,110.55
2018-05-18,110.9
2018-05-21,111.36
2018-05-22,111.08
2018-05-23,110
2018-05-24,109.62
2018-05-25,109.37
2018-05-28,109.46
2018-05-29,108.75
2018-05-30,108.73
2018-05-31,108.77
2018-06-01,109.2
2018-06-04,109.58
2018-06-05,109.83
2018-06-06,110.07
2018-06-07,109.9
2018-06-08,109.42
2018-06-11,109.97
2018-06-12,110.32
2018-06-13,110.64
2018-06-14,109.93
2018-06-15,110.52
2018-06-18,110.48
2018-06-19,109.75
2018-06-20,110.22
2018-06-21,110.54
2018-06-22,110.16
2018-06-25,109.47
2018-06-26,109.64
2018-06-27,109.73
2018-06-28,110.35
2018-06-29,110.64
2018-07-02,110.74
2018-07-03,110.99
2018-07-04,110.48
2018-07-05,110.66
2018-07-06,110.58
2018-07-09,110.41
2018-07-10,111.08
2018-07-11,111.01
2018-07-12,112.34
2018-07-13,112.79
2018-07-17,112.35
2018-07-18,113.06
2018-07-19,112.97
2018-07-20,112.45
2018-07-23,110.97
2018-07-24,111.21
2018-07-25,111.26
2018-07-26,110.7
2018-07-27,111.03
2018-07-30,111.03
2018-07-31,111.4
2018-08-01,112.12
2018-08-02,111.61
2018-08-03,111.87
2018-08-06,111.27
2018-08-07,111.36
2018-08-08,110.95
2018-08-09,111.05
2018-08-10,110.67
2018-08-13,110.19
2018-08-14,111.11
2018-08-15,111.34
2018-08-16,110.78
2018-08-17,110.71
2018-08-20,110.62
2018-08-21,110.17
2018-08-22,110.42
2018-08-23,110.8
2018-08-24,111.4
2018-08-27,111.16
2018-08-28,111.15
2018-08-29,111.19
2018-08-30,111.62
2018-08-31,110.81
2018-09-03,110.97
2018-09-04,111.46
2018-09-05,111.46
2018-09-06,111.32
2018-09-07,110.75
2018-09-10,110.99
2018-09-11,111.54
2018-09-12,111.49
2018-09-13,111.48
2018-09-14,111.83
2018-09-18,111.97
2018-09-19,112.33
2018-09-20,112.21
2018-09-21,112.71
2018-09-25,112.93
2018-09-26,112.86
2018-09-27,112.61
2018-09-28,113.44
2018-10-01,114.04
2018-10-02,113.82
2018-10-03,113.88
2018-10-04,114.3
2018-10-05,113.84
2018-10-09,113.31
2018-10-10,113.08
2018-10-11,112.23
2018-10-12,112.33
2018-10-15,111.8
2018-10-16,112.1
2018-10-17,112.24
2018-10-18,112.62
2018-10-19,112.44
2018-10-22,112.76
2018-10-23,112.33
2018-10-24,112.51
2018-10-25,112.31
2018-10-26,112.02
2018-10-29,111.93
2018-10-30,112.81
2018-10-31,113.2
2018-11-01,112.9
2018-11-02,112.97
2018-11-05,113.19
2018-11-06,113.34
2018-11-07,113.07
2018-11-08,113.7
2018-11-09,113.85
2018-11-12,114.17
2018-11-13,114.07
2018-11-14,113.9
2018-11-15,113.53
2018-11-16,113.3
2018-11-19,112.75
2018-11-20,112.52
2018-11-21,112.87
2018-11-22,113.02
2018-11-26,113.24
2018-11-27,113.6
2018-11-28,113.87
2018-11-29,113.25
2018-11-30,113.47
2018-12-03,113.47
2018-12-04,113.13
2018-12-05,113.09
2018-12-06,113.09
2018-12-07,112.78
2018-12-10,112.64
2018-12-11,113.12
2018-12-12,113.41
2018-12-13,113.4
2018-12-14,113.56
2018-12-17,113.41
2018-12-18,112.52
2018-12-19,112.41
2018-12-20,111.86
2018-12-21,111.27
2018-12-25,110.27
2018-12-26,110.43
2018-12-27,110.94
2018-12-28,110.4
2019-01-04,107.85
2019-01-07,108.19
2019-01-08,108.97
2019-01-09,108.92
2019-01-10,107.93
2019-01-11,108.34
2019-01-15,108.65
2019-01-16,108.62
2019-01-17,108.79
2019-01-18,109.37
2019-01-21,109.58
2019-01-22,109.43
2019-01-23,109.62
2019-01-24,109.72
2019-01-25,109.77
2019-01-28,109.41
2019-01-29,109.24
2019-01-30,109.32
2019-01-31,108.73
2019-02-01,108.94
2019-02-04,109.84
2019-02-05,109.86
2019-02-06,109.67
2019-02-07,109.92
2019-02-08,109.75
2019-02-12,110.62
2019-02-13,110.69
2019-02-14,111.07
2019-02-15,110.32
2019-02-18,110.55
2019-02-19,110.67
2019-02-20,110.9
2019-02-21,110.77
2019-02-22,110.75
2019-02-25,110.63
2019-02-26,110.83
2019-02-27,110.38
2019-02-28,110.76
2019-03-01,111.82
2019-03-04,111.91
2019-03-05,111.89
2019-03-06,111.79
2019-03-07,111.79
2019-03-08,110.99
2019-03-11,111.28
2019-03-12,111.37
2019-03-13,111.34
2019-03-14,111.6
2019-03-15,111.66
2019-03-18,111.49
2019-03-19,111.27
2019-03-20,111.6
2019-03-22,110.77
2019-03-25,110.06
2019-03-26,110.2
2019-03-27,110.69
2019-03-28,110.08
2019-03-29,110.75
2019-04-01,111.05
2019-04-02,111.38
2019-04-03,111.52
2019-04-04,111.37
2019-04-05,111.68
2019-04-08,111.45
2019-04-09,111.31
2019-04-10,111.19
2019-04-11,111.1
2019-04-12,111.86
2019-04-15,111.92
2019-04-16,111.9
2019-04-17,112.02
2019-04-18,111.85
2019-04-19,111.93
2019-04-22,111.9
2019-04-23,111.85
2019-04-24,111.82
2019-04-25,111.84
2019-04-26,111.68
2019-05-07,110.66
2019-05-08,110.14
2019-05-09,109.63
2019-05-10,109.77
2019-05-13,109.65
2019-05-14,109.68
2019-05-15,109.51
2019-05-16,109.46
2019-05-17,109.73
2019-05-20,110.12
2019-05-21,110.13
2019-05-22,110.37
2019-05-23,110.3
2019-05-24,109.54
2019-05-27,109.58
2019-05-28,109.42
2019-05-29,109.21
2019-05-30,109.75
2019-05-31,108.78
2019-06-03,108.25
2019-06-04,108.05
2019-06-05,108.25
2019-06-06,108.24
2019-06-07,108.47
2019-06-10,108.67
2019-06-11,108.61
2019-06-12,108.32
2019-06-13,108.35
2019-06-14,108.21
2019-06-17,108.57
2019-06-18,108.26
2019-06-19,108.39
2019-06-20,107.68
2019-06-21,107.46
2019-06-24,107.42
2019-06-25,107.05
2019-06-26,107.46
2019-06-27,108.05
2019-06-28,107.64
2019-07-01,108.33
2019-07-02,108.27
2019-07-03,107.75
2019-07-04,107.81
2019-07-05,108.06
2019-07-08,108.35
2019-07-09,108.82
2019-07-10,108.96
2019-07-11,108.06
2019-07-12,108.37
2019-07-16,108.07
2019-07-17,108.27
2019-07-18,107.77
2019-07-19,107.65
2019-07-22,107.87
2019-07-23,108.11
2019-07-24,108.04
2019-07-25,108.06
2019-07-26,108.63
2019-07-29,108.65
2019-07-30,108.65
2019-07-31,108.56
2019-08-01,109.15
2019-08-02,106.92
2019-08-05,105.95
2019-08-06,106.38
2019-08-07,106.3
2019-08-08,106.11
2019-08-09,105.95
2019-08-13,105.2
2019-08-14,106.45
2019-08-15,106.25
2019-08-16,106.17
2019-08-19,106.41
2019-08-20,106.47
2019-08-21,106.55
2019-08-22,106.45
2019-08-23,106.65
2019-08-26,105.74
2019-08-27,105.74
2019-08-28,105.74
2019-08-29,106.11
2019-08-30,106.52
2019-09-02,106.26
2019-09-03,105.99
2019-09-04,106.24
2019-09-05,106.52
2019-09-06,106.98
2019-09-09,106.97
2019-09-10,107.33
2019-09-11,107.81
2019-09-12,107.91
2019-09-13,107.96
2019-09-17,108.13
2019-09-18,108.2
2019-09-19,108.05
2019-09-20,107.93
2019-09-24,107.6
2019-09-25,107.29
2019-09-26,107.69
2019-09-27,107.85
2019-09-30,107.86
2019-10-01,108.35
2019-10-02,107.68
2019-10-03,107.23
2019-10-04,106.77
2019-10-07,106.85
2019-10-08,107.16
2019-10-09,107.22
2019-10-10,107.41
2019-10-11,107.92
2019-10-15,108.36
2019-10-16,108.65
2019-10-17,108.84
2019-10-18,108.65
2019-10-21,108.57
2019-10-23,108.38
2019-10-24,108.7
2019-10-25,108.62
2019-10-28,108.74
2019-10-29,108.86
2019-10-30,108.86
2019-10-31,108.61
2019-11-01,107.96
2019-11-05,108.79
2019-11-06,108.98
2019-11-07,108.96
2019-11-08,109.29
2019-11-11,108.96
2019-11-12,109.24
2019-11-13,109.07
2019-11-14,108.75
2019-11-15,108.56
2019-11-18,108.92
2019-11-19,108.67
2019-11-20,108.44
2019-11-21,108.58
2019-11-22,108.61
2019-11-25,108.84
2019-11-26,108.96
2019-11-27,109.19
2019-11-28,109.42
2019-11-29,109.5
2019-12-02,109.6
2019-12-03,109.1
2019-12-04,108.48
2019-12-05,108.89
2019-12-06,108.67
2019-12-09,108.57
2019-12-10,108.63
2019-12-11,108.73
2019-12-12,108.65
2019-12-13,109.63
2019-12-16,109.41
2019-12-17,109.6
2019-12-18,109.44
2019-12-19,109.58
2019-12-20,109.37
2019-12-23,109.4
2019-12-24,109.4
2019-12-25,109.35
2019-12-26,109.56
2019-12-27,109.51
2019-12-30,109.15
2020-01-06,108.11
2020-01-07,108.33
2020-01-08,108.42
2020-01-09,109.35
2020-01-10,109.57
2020-01-14,109.99
2020-01-15,109.91
2020-01-16,109.98
2020-01-17,110.21
2020-01-20,110.13
2020-01-21,109.98
2020-01-22,110.01
2020-01-23,109.61
2020-01-24,109.55
2020-01-27,109.06
2020-01-28,109.08
2020-01-29,109.1
2020-01-30,108.87
2020-01-31,109.04
2020-02-03,108.63
2020-02-04,108.94
2020-02-05,109.34
2020-02-06,109.91
2020-02-07,109.93
2020-02-10,109.81
2020-02-12,109.88
2020-02-13,109.73
2020-02-14,109.79
2020-02-17,109.87
2020-02-18,109.71
2020-02-19,110.12
2020-02-20,111.69
2020-02-21,111.74
2020-02-25,110.72
2020-02-26,110.48
2020-02-27,110.11
2020-02-28,108.84
2020-03-02,108.45
2020-03-03,108.04
2020-03-04,107.53
2020-03-05,107.37
2020-03-06,105.8
2020-03-09,102.24
2020-03-10,103.85
2020-03-11,105.03
2020-03-12,103.67
2020-03-13,105.84
2020-03-16,106.6
2020-03-17,106.87
2020-03-18,107.42
2020-03-19,109.16
2020-03-23,110.24
2020-03-24,110.54
2020-03-25,111.47
2020-03-26,110.48
2020-03-27,108.91
2020-03-30,107.99
2020-03-31,108.42
2020-04-01,107.66
2020-04-02,107.29
2020-04-03,108.23
2020-04-06,109.18
2020-04-07,108.88
2020-04-08,108.84
2020-04-09,108.94
2020-04-10,108.4
2020-04-13,107.89
2020-04-14,107.67
2020-04-15,107.36
2020-04-16,107.83
2020-04-17,107.8
2020-04-20,107.7
2020-04-21,107.39
2020-04-22,107.6
2020-04-23,107.64
2020-04-24,107.7
2020-04-27,107.23
2020-04-28,107.08
2020-04-30,106.6
2020-05-01,106.95
2020-05-07,106.36
2020-05-08,106.38
2020-05-11,107.18
2020-05-12,107.56
2020-05-13,107.06
2020-05-14,106.87
2020-05-15,107.1
2020-05-18,107.18
2020-05-19,107.42
2020-05-20,107.66
2020-05-21,107.78
2020-05-22,107.46
2020-05-25,107.75
2020-05-26,107.83
2020-05-27,107.53
2020-05-28,107.83
2020-05-29,107.21
2020-06-01,107.53
2020-06-02,107.79
2020-06-03,108.75
2020-06-04,109.07
2020-06-05,109.38
2020-06-08,109.49
2020-06-09,107.93
2020-06-10,107.34
2020-06-11,106.94
2020-06-12,107.21
2020-06-15,107.36
2020-06-16,107.33
2020-06-17,107.35
2020-06-18,106.97
2020-06-19,106.97
2020-06-22,106.97
2020-06-23,107.1
2020-06-24,106.6
2020-06-25,107.11
2020-06-26,106.99
2020-06-29,107.2
2020-06-30,107.73
2020-07-01,107.57
2020-07-02,107.48
2020-07-03,107.49
2020-07-06,107.6
2020-07-07,107.64
2020-07-08,107.48
2020-07-09,107.25
2020-07-10,106.85
2020-07-13,106.99
2020-07-14,107.27
2020-07-15,107.02
2020-07-16,106.96
2020-07-17,107.12
2020-07-20,107.17
2020-07-21,107.33
2020-07-22,106.92
2020-07-27,105.57
2020-07-28,105.63
2020-07-29,104.82
2020-07-30,105.07
2020-07-31,104.45
2020-08-03,105.9
2020-08-04,105.92
2020-08-05,105.68
2020-08-06,105.63
2020-08-07,105.6
2020-08-11,106.13
2020-08-12,106.79
2020-08-13,106.64
2020-08-14,106.76
2020-08-17,106.49
2020-08-18,105.53
2020-08-19,105.43
2020-08-20,106.03
2020-08-21,105.52
2020-08-24,105.86
2020-08-25,106.19
2020-08-26,106.31
2020-08-27,106.01
2020-08-28,106.07
2020-08-31,105.83
2020-09-01,105.66
2020-09-02,106.07
2020-09-03,106.22
2020-09-04,106.17
2020-09-07,106.2
2020-09-08,106.27
2020-09-09,105.94
2020-09-10,106.06
2020-09-11,106.24
2020-09-14,105.98
2020-09-15,105.75
2020-09-16,105.25
2020-09-17,104.77
2020-09-18,104.58
2020-09-23,104.98
2020-09-24,105.31
2020-09-25,105.39
2020-09-28,105.35
2020-09-29,105.56
2020-09-30,105.62
2020-10-01,105.54
2020-10-02,105.18
2020-10-05,105.61
2020-10-06,105.65
2020-10-07,105.87
2020-10-08,105.99
2020-10-09,105.94
2020-10-12,105.56
2020-10-13,105.48
2020-10-14,105.44
2020-10-15,105.22
2020-10-16,105.31
2020-10-19,105.4
2020-10-20,105.55
2020-10-21,105.02
2020-10-22,104.55
2020-10-23,104.69
2020-10-26,104.88
2020-10-27,104.84
2020-10-28,104.22
2020-10-29,104.29
2020-10-30,104.36
2020-11-02,104.85
2020-11-04,104.88
2020-11-05,104.31
2020-11-06,103.43
2020-11-09,103.51
2020-11-10,105.05
2020-11-11,105.4
2020-11-12,105.28
2020-11-13,105.07
2020-11-16,104.45
2020-11-17,104.48
2020-11-18,103.89
2020-11-19,103.83
2020-11-20,103.87
2020-11-24,104.47
2020-11-25,104.48
2020-11-26,104.33
2020-11-27,104.08
2020-11-30,104.03
2020-12-01,104.34
2020-12-02,104.57
2020-12-03,104.32
2020-12-04,103.9
2020-12-07,104.13
2020-12-08,104.08
2020-12-09,104.23
2020-12-10,104.49
2020-12-11,104.07
2020-12-14,103.92
2020-12-15,104.07
2020-12-16,103.45
2020-12-17,103.19
2020-12-18,103.47
2020-12-21,103.6
2020-12-22,103.42
2020-12-23,103.36
2020-12-24,103.57
2020-12-25,103.53
2020-12-28,103.47
2020-12-29,103.69
2020-12-30,103.33
2021-01-04,102.92
2021-01-05,102.94
2021-01-06,102.75
2021-01-07,103.37
2021-01-08,103.98
2021-01-12,104.16
2021-01-13,103.69
2021-01-14,104.04
2021-01-15,103.7
2021-01-18,103.76
2021-01-19,104
2021-01-20,103.75
2021-01-21,103.53
2021-01-22,103.68
2021-01-25,103.71
2021-01-26,103.81
2021-01-27,103.68
2021-01-28,104.31
2021-01-29,104.55
2021-02-01,104.75
2021-02-02,104.99
2021-02-03,105.06
2021-02-04,105.2
2021-02-05,105.5
2021-02-08,105.49
2021-02-09,104.78
2021-02-10,104.52
2021-02-12,104.93
2021-02-15,105.18
2021-02-16,105.49
2021-02-17,106.03
2021-02-18,105.82
2021-02-19,105.6
2021-02-22,105.82
2021-02-24,105.57
2021-02-25,106.01
2021-02-26,106.09
2021-03-01,106.6
2021-03-02,106.85
2021-03-03,106.82
2021-03-04,107.16
2021-03-05,108.27
2021-03-08,108.51
2021-03-09,108.81
2021-03-10,108.73
2021-03-11,108.67
2021-03-12,109.04
2021-03-15,109.19
2021-03-16,109.26
2021-03-17,109.16
2021-03-18,109.21
2021-03-19,108.75
2021-03-22,108.69
2021-03-23,108.77
2021-03-24,108.61
2021-03-25,109.09
2021-03-26,109.33
2021-03-29,109.66
2021-03-30,110.23
2021-03-31,110.74
2021-04-01,110.69
2021-04-02,110.55
2021-04-05,110.64
2021-04-06,110.31
2021-04-07,109.8
2021-04-08,109.51
2021-04-09,109.51
2021-04-12,109.46
2021-04-13,109.32
2021-04-14,109
2021-04-15,108.82
2021-04-16,108.9
2021-04-19,108.22
2021-04-20,108.41
2021-04-21,108.23
2021-04-22,107.91
2021-04-23,107.92
2021-04-26,107.72
2021-04-27,108.34
2021-04-28,109.02
2021-04-30,108.89
2021-05-06,109.34
2021-05-07,109.15
2021-05-10,108.92
2021-05-11,108.95
2021-05-12,108.8
2021-05-13,109.67
2021-05-14,109.39
2021-05-17,109.25
2021-05-18,108.98
2021-05-19,109.08
2021-05-20,108.98
2021-05-21,108.7
2021-05-24,108.77
2021-05-25,108.72
2021-05-26,108.84
2021-05-27,109.1
2021-05-28,109.89
2021-05-31,109.72
2021-06-01,109.49
2021-06-02,109.78
2021-06-03,109.84
2021-06-04,110.19
2021-06-07,109.43
2021-06-08,109.53
2021-06-09,109.45
2021-06-10,109.55
2021-06-11,109.44
2021-06-14,109.7
2021-06-15,110.05
2021-06-16,109.94
2021-06-17,110.6
2021-06-18,110.01
2021-06-21,110.03
2021-06-22,110.49
2021-06-23,110.88
2021-06-24,110.88
2021-06-25,110.76
2021-06-28,110.65
2021-06-29,110.7
2021-06-30,110.55
2021-07-01,111.28
2021-07-02,111.57
2021-07-05,110.91
2021-07-06,110.78
2021-07-07,110.64
2021-07-08,109.79
2021-07-09,110.02
2021-07-12,110.05
2021-07-13,110.37
2021-07-14,110.51
2021-07-15,109.78
2021-07-16,110.17
2021-07-19,109.85
2021-07-20,109.63
2021-07-21,110.09
2021-07-26,110.21
2021-07-27,110.09
2021-07-28,109.98
2021-07-29,109.87
2021-07-30,109.53
2021-08-02,109.67
2021-08-03,109.22
2021-08-04,109.11
2021-08-05,109.57
2021-08-06,109.72
2021-08-10,110.45
2021-08-11,110.75
2021-08-12,110.38
2021-08-13,110.3
2021-08-16,109.41
2021-08-17,109.33
2021-08-18,109.61
2021-08-19,109.78
2021-08-20,109.62
2021-08-23,109.91
2021-08-24,109.77
2021-08-25,109.75
2021-08-26,110.17
2021-08-27,110.11
2021-08-30,109.81
2021-08-31,109.82
2021-09-01,110.4
2021-09-02,110.01
2021-09-03,110.04
2021-09-06,109.9
2021-09-07,109.9
2021-09-08,110.25
2021-09-09,109.96
2021-09-10,109.95
2021-09-13,110.09
2021-09-14,110.01
2021-09-15,109.44
2021-09-16,109.36
2021-09-17,109.95
2021-09-21,109.64
2021-09-22,109.45
2021-09-24,110.47
2021-09-27,110.78
2021-09-28,111.25
2021-09-29,111.3
2021-09-30,111.88
2021-10-01,111.27
2021-10-04,111.17
2021-10-05,111.1
2021-10-06,111.68
2021-10-07,111.3
2021-10-08,111.96
2021-10-11,112.79
2021-10-12,113.3
2021-10-13,113.58
2021-10-14,113.38
2021-10-15,114.1
2021-10-18,114.3
2021-10-19,114.02
2021-10-20,114.35
2021-10-21,114.12
2021-10-22,113.89
2021-10-25,113.64
2021-10-26,114.05
2021-10-27,113.74
2021-10-28,113.61
2021-10-29,113.61
2021-11-01,114.43
2021-11-02,113.66
2021-11-04,114.22
2021-11-05,113.77
2021-11-08,113.57
2021-11-09,112.85
2021-11-10,113.1
2021-11-11,114.08
2021-11-12,114.05
2021-11-15,113.95
2021-11-16,114.27
2021-11-17,114.89
2021-11-18,114.02
2021-11-19,114.37
2021-11-22,114.22
2021-11-24,114.9
2021-11-25,115.39
2021-11-26,114.17
2021-11-29,113.57
2021-11-30,113.19
2021-12-01,113.42
2021-12-02,113.27
2021-12-03,113.38
2021-12-06,113.15
2021-12-07,113.64
2021-12-08,113.41
2021-12-09,113.49
2021-12-10,113.59
2021-12-13,113.55
2021-12-14,113.72
2021-12-15,113.74
2021-12-16,114.12
2021-12-17,113.66
2021-12-20,113.46
2021-12-21,113.66
2021-12-22,114.15
2021-12-23,114.26
2021-12-24,114.36
2021-12-27,114.47
2021-12-28,114.85
2021-12-29,114.89
2021-12-30,115.12
2022-01-04,115.74
2022-01-05,116.04
2022-01-06,115.88
2022-01-07,115.9
2022-01-11,115.26
2022-01-12,115.4
2022-01-13,114.41
2022-01-14,113.8
2022-01-17,114.41
2022-01-18,114.87
2022-01-19,114.43
2022-01-20,114.4
2022-01-21,113.87
2022-01-24,113.76
2022-01-25,113.89
2022-01-26,113.98
2022-01-27,114.78
2022-01-28,115.65
2022-01-31,115.43
2022-02-01,114.94
2022-02-02,114.63
2022-02-03,114.59
2022-02-04,115.11
2022-02-07,115.26
2022-02-08,115.49
2022-02-09,115.41
2022-02-10,115.6
2022-02-14,115.41
2022-02-15,115.35
2022-02-16,115.65
2022-02-17,115.3
2022-02-18,115.12
2022-02-21,114.93
2022-02-22,114.74
2022-02-24,114.62
2022-02-25,115.28
2022-02-28,115.5
2022-03-01,115.04
2022-03-02,115.16
2022-03-03,115.73
2022-03-04,115.46
2022-03-07,115.02
2022-03-08,115.45
2022-03-09,115.89
2022-03-10,115.93
2022-03-11,116.72
2022-03-14,117.73
2022-03-15,117.98
2022-03-16,118.38
2022-03-17,118.67
2022-03-18,118.86
2022-03-22,120.48
2022-03-23,121.07
2022-03-24,121.63
2022-03-25,121.74
2022-03-28,123.93
2022-03-29,123.58
2022-03-30,121.87
2022-03-31,121.64
2022-04-01,122.64
2022-04-04,122.66
2022-04-05,122.9
2022-04-06,123.89
2022-04-07,123.76
2022-04-08,124.05
2022-04-11,125.25
2022-04-12,125.53
2022-04-13,126.06
2022-04-14,125.34
2022-04-15,126.47
2022-04-18,126.64
2022-04-19,128.07
2022-04-20,128.66
2022-04-21,128.03
2022-04-22,128.07
2022-04-25,128.2
2022-04-26,127.88
2022-04-27,127.99
2022-04-28,130.6
2022-05-02,130.11
2022-05-06,130.52
2022-05-09,131.21
2022-05-10,130.36
2022-05-11,129.97
2022-05-12,128.84
2022-05-13,128.81
2022-05-16,129.36
2022-05-17,129.4
2022-05-18,129.33
2022-05-19,128.23
2022-05-20,127.93
2022-05-23,127.59
2022-05-24,127.28
2022-05-25,127.12
2022-05-26,126.6
2022-05-27,127.14
2022-05-30,127.36
2022-05-31,127.76
2022-06-01,129.4
2022-06-02,129.89
2022-06-03,129.89
2022-06-06,130.77
2022-06-07,132.77
2022-06-08,133.58
2022-06-09,133.48
2022-06-10,133.61
2022-06-13,134.6
2022-06-14,134.43
2022-06-15,134.71
2022-06-16,134.23
2022-06-17,134.29
2022-06-20,134.67
2022-06-21,135.23
2022-06-22,136.24
2022-06-23,135.38
2022-06-24,134.54
2022-06-27,135.08
2022-06-28,135.76
2022-06-29,136.03
2022-06-30,136.2
2022-07-01,135.31
2022-07-04,135.45
2022-07-05,136.09
2022-07-06,135.43
2022-07-07,136.13
2022-07-08,135.84
2022-07-11,136.81
2022-07-12,137.35
2022-07-13,137.05
2022-07-14,139.1
2022-07-15,138.92
2022-07-19,137.74
2022-07-20,138.13
2022-07-21,138.59
2022-07-22,137.59
2022-07-25,136.41
2022-07-26,136.66
2022-07-27,136.98
2022-07-28,135.58
2022-07-29,132.78
2022-08-01,132.56
2022-08-02,130.83
2022-08-03,133.22
2022-08-04,134.16
2022-08-05,133.31
2022-08-08,134.99
2022-08-09,134.89
2022-08-10,134.95
2022-08-12,133.26
2022-08-15,133.52
2022-08-16,133.66
2022-08-17,134.8
2022-08-18,135.29
2022-08-19,136.67
2022-08-22,136.85
2022-08-23,137.28
2022-08-24,136.55
2022-08-25,136.49
2022-08-26,137.03
2022-08-29,138.7
2022-08-30,138.46
2022-08-31,138.6
2022-09-01,139.29
2022-09-02,140.25
2022-09-05,140.58
2022-09-06,141.54
2022-09-07,143.9
2022-09-08,143.82
2022-09-09,142.36
2022-09-12,142.77
2022-09-13,142.26
2022-09-14,143.32
2022-09-15,143.57
2022-09-16,143.46
2022-09-20,143.47
2022-09-21,143.75
2022-09-22,145.78
2022-09-26,143.83
2022-09-27,144.27
2022-09-28,144.57
2022-09-29,144.68
2022-09-30,144.32
2022-10-03,145.03
2022-10-04,144.66
2022-10-05,144.45
2022-10-06,144.59
2022-10-07,144.91
2022-10-11,145.64
2022-10-12,146.18
2022-10-13,146.84
2022-10-14,147.48
2022-10-17,148.65
2022-10-18,148.96
2022-10-19,149.35
2022-10-20,149.87
2022-10-21,150.48
2022-10-24,149.26
2022-10-25,148.93
2022-10-26,147.1
2022-10-27,145.73
2022-10-28,147.08
2022-10-31,148.01
2022-11-01,147.93
2022-11-02,147.34
2022-11-04,147.89
2022-11-07,147.53
2022-11-08,146.73
2022-11-09,145.52
2022-11-10,146.31
2022-11-11,141.19
2022-11-14,139.51
2022-11-15,139.34
2022-11-16,139.38
2022-11-17,139.33
2022-11-18,139.83
2022-11-21,140.85
2022-11-22,141.81
2022-11-24,138.98
2022-11-25,138.8
2022-11-28,138.31
2022-11-29,138.28
2022-11-30,138.53
2022-12-01,136.54
2022-12-02,134.65
2022-12-05,135.13
2022-12-06,136.95
2022-12-07,137.43
2022-12-08,136.71
2022-12-09,136.35
2022-12-12,136.69
2022-12-13,137.42
2022-12-14,135.47
2022-12-15,135.86
2022-12-16,137.23
2022-12-19,135.84
2022-12-20,132.6
2022-12-21,131.77
2022-12-22,131.96
2022-12-23,132.53
2022-12-26,132.73
2022-12-27,132.88
2022-12-28,133.92
2022-12-29,133.79
2022-12-30,132.14
2023-01-04,130.25
2023-01-05,132.49
2023-01-06,134.25
2023-01-10,132.23
2023-01-11,132.42
2023-01-12,131.61
2023-01-13,128.38
2023-01-16,127.99
2023-01-17,128.72
2023-01-18,130.26
2023-01-19,128.18
2023-01-20,128.89
2023-01-23,130.13
2023-01-24,129.86
2023-01-25,130.44
2023-01-26,129.48
2023-01-27,129.95
2023-01-30,129.6
2023-01-31,130.15
2023-02-01,130.18
2023-02-02,128.66
2023-02-03,128.61
2023-02-06,131.79
2023-02-07,132.16
2023-02-08,130.89
2023-02-09,131.15
2023-02-10,130.45
2023-02-13,132.13
2023-02-14,132.08
2023-02-15,133.33
2023-02-16,133.78
2023-02-17,134.8
2023-02-20,134.05
2023-02-21,134.58
2023-02-22,134.73
2023-02-24,134.84
2023-02-27,136.18
2023-02-28,136.76
2023-03-01,135.93
2023-03-02,136.79
2023-03-03,136.42
2023-03-06,135.69
2023-03-07,135.75
2023-03-08,137.48
2023-03-09,136.84
2023-03-10,136.42
2023-03-13,134.51
2023-03-14,133.55
2023-03-15,134.88
2023-03-16,133.12
2023-03-17,133.02
2023-03-20,131.06
2023-03-22,132.6
2023-03-23,130.91
2023-03-24,130.26
2023-03-27,130.93
2023-03-28,131.16
2023-03-29,131.98
2023-03-30,132.41
2023-03-31,133.13
2023-04-03,133.54
2023-04-04,132.61
2023-04-05,131.41
2023-04-06,131.37
2023-04-07,131.89
2023-04-10,132.07
2023-04-11,133.15
2023-04-12,133.85
2023-04-13,133.03
2023-04-14,132.22
2023-04-17,134.05
2023-04-18,134.23
2023-04-19,134.74
2023-04-20,134.61
2023-04-21,133.93
2023-04-24,134.23
2023-04-25,134.16
2023-04-26,133.46
2023-04-27,133.79
2023-04-28,135.73
2023-05-01,136.73
2023-05-02,137.6
2023-05-08,135.03
2023-05-09,134.81
2023-05-10,135.24
2023-05-11,134.55
2023-05-12,134.86
2023-05-15,135.96
2023-05-16,135.8
2023-05-17,136.99
2023-05-18,137.82
2023-05-19,138.12
2023-05-22,137.84
2023-05-23,138.37
2023-05-24,138.65
2023-05-25,139.4
2023-05-26,139.54
2023-05-29,140.45
2023-05-30,140.26
2023-05-31,139.75
2023-06-01,139.92
2023-06-02,139.01
2023-06-05,140.41
2023-06-06,139.31
2023-06-07,139.44
2023-06-08,139.73
2023-06-09,139.56
2023-06-12,139.51
2023-06-13,139.49
2023-06-14,139.99
2023-06-15,141.29
2023-06-16,141.15
2023-06-19,141.85
2023-06-20,141.78
2023-06-21,142.09
2023-06-22,141.79
2023-06-23,142.89
2023-06-26,143.19
2023-06-27,143.52
2023-06-28,144.08
2023-06-29,144.32
2023-06-30,144.85
2023-07-03,144.84
2023-07-04,144.5
2023-07-05,144.45
2023-07-06,143.92
2023-07-07,143.23
2023-07-10,142.3
2023-07-11,140.54
2023-07-12,139.56
2023-07-13,138.37
2023-07-14,138.23
2023-07-18,138.23
2023-07-19,139.51
2023-07-20,139.63
2023-07-21,141.37
2023-07-24,141.43
2023-07-25,141.39
2023-07-26,140.65
2023-07-27,139.99
2023-07-28,139.77
2023-07-31,142.18
2023-08-01,142.72
2023-08-02,142.64
2023-08-03,142.9
2023-08-04,142.64
2023-08-07,142.13
2023-08-08,143.08
2023-08-09,143.25
2023-08-10,143.81
2023-08-14,144.8
2023-08-15,145.81
2023-08-16,145.37
2023-08-17,146.23
2023-08-18,145.3
2023-08-21,145.46
2023-08-22,145.76
2023-08-23,145.39
2023-08-24,145.32
2023-08-25,146.06
2023-08-28,146.54
2023-08-29,146.46
2023-08-30,146.38
2023-08-31,145.91
2023-09-01,145.42
2023-09-04,146.41
2023-09-05,146.92
2023-09-06,147.38
2023-09-07,147.44
2023-09-08,147.4
2023-09-11,146.2
2023-09-12,146.81
2023-09-13,147.27
2023-09-14,147.28
2023-09-15,147.76
2023-09-19,147.65
2023-09-20,148.14
2023-09-21,148.25
2023-09-22,148.27
2023-09-25,148.44
2023-09-26,148.87
2023-09-27,149.03
2023-09-28,149.32
2023-09-29,148.77
2023-10-02,149.75
2023-10-03,149.78
2023-10-04,148.85
2023-10-05,149.06
2023-10-06,148.89
2023-10-10,148.96
2023-10-11,148.77
2023-10-12,149.18
2023-10-13,149.66
2023-10-16,149.57
2023-10-17,149.6
2023-10-18,149.75
2023-10-19,149.81
2023-10-20,149.98
2023-10-23,149.91
2023-10-24,149.48
2023-10-25,149.91
2023-10-26,150.47
2023-10-27,150.16
2023-10-30,149.51
2023-10-31,150.29
2023-11-01,151.38
2023-11-02,150.39
2023-11-06,149.74
2023-11-07,150.48
2023-11-08,150.68
2023-11-09,150.91
2023-11-10,151.39
2023-11-13,151.74
2023-11-14,151.64
2023-11-15,150.69
2023-11-16,151.38
2023-11-17,150.44
2023-11-20,148.92
2023-11-21,147.52
2023-11-22,148.96
2023-11-24,149.43
2023-11-27,149.03
2023-11-28,148.52
2023-11-29,147.3
2023-11-30,147.06
2023-12-01,148.29
2023-12-04,146.96
2023-12-05,146.84
2023-12-06,146.97
2023-12-07,145.68
2023-12-08,144.09
2023-12-11,146.38
2023-12-12,145.44
2023-12-13,145.82
2023-12-14,142.01
2023-12-15,141.98
2023-12-18,142.39
2023-12-19,144.17
2023-12-20,143.55
2023-12-21,143.26
2023-12-22,142.24
2023-12-25,142.45
2023-12-26,142.33
2023-12-27,142.78
2023-12-28,140.81
2023-12-29,141.4
2024-01-04,143.38
2024-01-05,145.07
2024-01-09,144.07
2024-01-10,144.94
2024-01-11,145.4
2024-01-12,145.15
2024-01-15,145.45
2024-01-16,146.16
2024-01-17,147.88
2024-01-18,147.77
2024-01-19,148.27
2024-01-22,148.05
2024-01-23,147.58
2024-01-24,147.79
2024-01-25,147.68
2024-01-26,147.78
2024-01-29,147.8
2024-01-30,147.24
2024-01-31,147.66
2024-02-01,146.81
2024-02-02,146.63
2024-02-05,148.48
2024-02-06,148.52
2024-02-07,147.83
2024-02-08,148.72
2024-02-09,149.4
2024-02-13,149.59
2024-02-14,150.45
2024-02-15,150.21
2024-02-16,150.24
2024-02-19,149.98
2024-02-20,150.36
2024-02-21,150.15
2024-02-22,150.13
2024-02-26,150.47
2024-02-27,150.36
2024-02-28,150.75
2024-02-29,149.68
2024-03-01,150.5
2024-03-04,150.31
2024-03-05,150.42
2024-03-06,149.54
2024-03-07,147.94
2024-03-08,147.88
2024-03-11,146.74
2024-03-12,147.34
2024-03-13,147.68
2024-03-14,147.87
2024-03-15,148.58
2024-03-18,149.13
2024-03-19,150.26
2024-03-21,151.23
2024-03-22,151.4
2024-03-25,151.33
2024-03-26,151.33
2024-03-27,151.71
2024-03-28,151.44
2024-03-29,151.34
2024-04-01,151.35
2024-04-02,151.68
2024-04-03,151.68
2024-04-04,151.69
2024-04-05,151.34
2024-04-08,151.88
2024-04-09,151.91
2024-04-10,151.85
2024-04-11,153.13
2024-04-12,153.25
2024-04-15,153.91
2024-04-16,154.4
2024-04-17,154.62
2024-04-18,154.28
2024-04-19,154.48
2024-04-22,154.66
2024-04-23,154.82
2024-04-24,154.9
2024-04-25,155.63
2024-04-26,156.71
2024-04-30,156.86
2024-05-01,157.89
2024-05-02,155.5
2024-05-07,154.12
2024-05-08,155.33
2024-05-09,155.83
2024-05-10,155.69
2024-05-13,155.89
2024-05-14,156.46
2024-05-15,156.1
2024-05-16,154.42
2024-05-17,155.82
2024-05-20,155.74
2024-05-21,156.23
2024-05-22,156.41
2024-05-23,156.77
2024-05-24,157.05
2024-05-27,156.92
2024-05-28,156.89
2024-05-29,157.13
2024-05-30,156.97
2024-05-31,157.15
2024-06-03,157.12
2024-06-04,155.39
2024-06-05,156.15
2024-06-06,156.28
2024-06-07,155.42
2024-06-10,157
2024-06-11,157.35
2024-06-12,157.27
2024-06-13,157.27
2024-06-14,157.67
2024-06-17,157.56
2024-06-18,158.14
2024-06-19,157.75
2024-06-20,158.28
2024-06-21,158.78
2024-06-24,159.69
2024-06-25,159.49
2024-06-26,159.9
2024-06-27,160.55
2024-06-28,160.93
2024-07-01,161.02
2024-07-02,161.65
2024-07-03,161.77
2024-07-04,161.28
2024-07-05,160.77
2024-07-08,160.91
2024-07-09,160.92
2024-07-10,161.5
2024-07-11,161.63
2024-07-12,159.22
2024-07-16,158.5
2024-07-17,157.08
2024-07-18,156.25
2024-07-19,157.32
2024-07-22,156.82
2024-07-23,156.04
2024-07-24,154.59
2024-07-25,152.2
2024-07-26,153.92
2024-07-29,153.62
2024-07-30,154.9
2024-07-31,150.91
2024-08-01,149.86
2024-08-02,149.22
2024-08-05,143.5
2024-08-06,145.3
2024-08-07,146.7
2024-08-08,145.86
2024-08-09,147.21
2024-08-13,147.84
2024-08-14,147.41
2024-08-15,147.22
2024-08-16,149.04
2024-08-19,146.09
2024-08-20,146.56
2024-08-21,146.15
2024-08-22,145.27
2024-08-23,145.82
2024-08-26,143.91
2024-08-27,144.99
2024-08-28,144.57
2024-08-29,144.72
2024-08-30,144.94
2024-09-02,146.48
2024-09-03,145.95
2024-09-04,145
2024-09-05,143.61
2024-09-06,142.53
2024-09-09,143.16
2024-09-10,143.61
2024-09-11,141.38
2024-09-12,142.75
2024-09-13,140.91
2024-09-17,140.6
2024-09-18,141.88
2024-09-19,142.51
2024-09-20,143.63
2024-09-24,144.46
2024-09-25,143.9
2024-09-26,145.02
2024-09-27,143.2
2024-09-30,142.38
2024-10-01,144.18
2024-10-02,144.07
2024-10-03,146.46
2024-10-04,146.31
2024-10-07,148.28
2024-10-08,147.6
2024-10-09,148.56
2024-10-10,149.01
2024-10-11,148.78
2024-10-15,149.24
2024-10-16,149.45
2024-10-17,149.77
2024-10-18,150.1
2024-10-21,149.84
2024-10-22,151.01
2024-10-23,152.36
2024-10-24,152.13
2024-10-25,151.95
2024-10-28,153.34
2024-10-29,153.17
2024-10-30,153.33
2024-10-31,152.25
2024-11-01,152.55
2024-11-05,152.28
2024-11-06,153.94
2024-11-07,154
2024-11-08,152.64
2024-11-11,153.64
2024-11-12,153.82
2024-11-13,155.11
2024-11-14,155.84
2024-11-15,155.78
2024-11-18,154.57
2024-11-19,154.54
2024-11-20,155.66
2024-11-21,154.91
2024-11-22,154.73
2024-11-25,154.54
2024-11-26,154.04
2024-11-27,151.96
2024-11-28,151.77
2024-11-29,149.99
2024-12-02,150.25
2024-12-03,150.02
2024-12-04,150.41
2024-12-05,149.78
2024-12-06,150.1
2024-12-09,150.34
2024-12-10,151.56
2024-12-11,151.67
2024-12-12,152.58
2024-12-13,152.8
2024-12-16,153.51
2024-12-17,154.07
2024-12-18,153.58
2024-12-19,156.48
2024-12-20,156.83
2024-12-23,156.8
2024-12-24,157.15
2024-12-25,157.15
2024-12-26,157.36
2024-12-27,157.82
2024-12-30,157.89
2025-01-06,157.67
2025-01-07,157.5
2025-01-08,158.12
2025-01-09,158.19
2025-01-10,158.39
2025-01-14,157.53
2025-01-15,156.88
2025-01-16,156.19
2025-01-17,155.61
2025-01-20,155.99
2025-01-21,155.69
2025-01-22,156.05
2025-01-23,156.61
2025-01-24,155.38
2025-01-27,155.88
2025-01-28,155.86
2025-01-29,155.3
2025-01-30,154.54
2025-01-31,154.66
2025-02-03,155.63
2025-02-04,155.33
2025-02-05,153.34
2025-02-06,152.58
2025-02-07,151.84
2025-02-10,152.18
2025-02-12,153.7
2025-02-13,154.28
2025-02-14,152.74
2025-02-17,151.88
2025-02-18,152.06
2025-02-19,151.66
2025-02-20,150.17
2025-02-21,150.57
2025-02-25,149.28
2025-02-26,149.54
2025-02-27,149.27
2025-02-28,150.44
2025-03-03,150.18
2025-03-04,149.35
2025-03-05,149.46
2025-03-06,148.37
2025-03-07,147.68
2025-03-10,147.59
2025-03-11,146.92
2025-03-12,148.6
2025-03-13,147.82
2025-03-14,148.74
2025-03-17,148.87
2025-03-18,149.84
2025-03-19,149.28
2025-03-21,149.32
2025-03-24,149.64
2025-03-25,150.73
2025-03-26,150.41
2025-03-27,150.55
2025-03-28,150.39
2025-03-31,149.14
2025-04-01,149.63
2025-04-02,149.66
2025-04-03,147.26
2025-04-04,146.28
2025-04-07,145.8
2025-04-08,147.4
2025-04-09,145.54
2025-04-10,146.27
2025-04-11,142.84
2025-04-14,143.07
2025-04-15,143.31
2025-04-16,142.11
2025-04-17,142.9
2025-04-18,142.4
2025-04-21,140.56
2025-04-22,140.29
2025-04-23,141.87
2025-04-24,142.58
2025-04-25,143.4
2025-04-28,143.62
2025-04-30,142.81
2025-05-01,144.37
2025-05-02,145.14
2025-05-07,143.19
2025-05-08,144.32
2025-05-09,145.16
2025-05-12,147.92
2025-05-13,147.86
2025-05-14,146.99
2025-05-15,145.89
2025-05-16,145.25
2025-05-19,144.85
2025-05-20,144.13
2025-05-21,143.89
2025-05-22,143.05
2025-05-23,143.32
2025-05-26,142.9
2025-05-27,143.74
2025-05-28,144.15
2025-05-29,145.27
2025-05-30,144.04
2025-06-02,142.91
2025-06-03,142.83
2025-06-04,144.09
2025-06-05,143.35
2025-06-06,143.91
2025-06-09,144.13
2025-06-10,144.75
2025-06-11,145.13
2025-06-12,143.88
2025-06-13,143.8
2025-06-16,144.19
2025-06-17,144.54
2025-06-18,144.95
2025-06-19,145.4
2025-06-20,145.41
2025-06-23,147.33
2025-06-24,145.31
2025-06-25,145.32
2025-06-26,144.06
2025-06-27,144.48
2025-06-30,144.13
2025-07-01,143.08
2025-07-02,143.9
2025-07-03,143.87
2025-07-04,144.41
2025-07-07,145.2
2025-07-08,146.04
2025-07-09,146.85
2025-07-10,146.27
2025-07-11,146.86
2025-07-14,147.38
2025-07-15,147.74
2025-07-16,148.89
2025-07-17,148.73
2025-07-18,148.78
2025-07-22,147.72
2025-07-23,146.74
2025-07-24,146.42
2025-07-25,147.38
2025-07-28,148.29
2025-07-29,148.58
2025-07-30,148.09
2025-07-31,149.39
2025-08-01,150.54
2025-08-04,147.88
2025-08-05,147.37
2025-08-06,147.56
2025-08-07,146.81
2025-08-08,147.32
2025-08-12,148.27
2025-08-13,147.53
2025-08-14,146.56
2025-08-15,147.01
2025-08-18,147.46
2025-08-19,147.71
2025-08-20,147.63
2025-08-21,147.59
2025-08-22,148.61
2025-08-25,147.34
2025-08-26,147.69
2025-08-27,147.76
2025-08-28,147.17
2025-08-29,147.01
2025-09-01,147.07
2025-09-02,148.65
2025-09-03,148.74
2025-09-04,148.38
2025-09-05,148.22
2025-09-08,147.53
2025-09-09,147.23
2025-09-10,147.51
2025-09-11,147.78
2025-09-12,147.46
2025-09-16,146.89
2025-09-17,146.67
2025-09-18,147.12
2025-09-19,147.94
2025-09-22,148.12
2025-09-24,148.05
2025-09-25,148.82
2025-09-26,149.84
2025-09-29,148.57
2025-09-30,148.07
2025-10-01,147.12
2025-10-02,147.08
2025-10-03,147.41
2025-10-06,150.02
2025-10-07,150.63
2025-10-08,152.57
2025-10-09,153.07
2025-10-10,152.85
2025-10-14,151.97
2025-10-15,151.25
2025-10-16,151.24
2025-10-17,149.71
2025-10-20,150.75
2025-10-21,151.16
2025-10-22,151.83
2025-10-23,152.5
2025-10-24,152.83
2025-10-27,153.03
2025-10-28,152.16
2025-10-29,152.06
2025-10-30,153.44
2025-10-31,154.31
2025-11-04,153.59
2025-11-05,153.55
2025-11-06,153.87
2025-11-07,153.39
2025-11-10,154.05
2025-11-11,154.19
2025-11-12,154.62
2025-11-13,154.72
2025-11-14,154.68
2025-11-17,154.68
2025-11-18,155
2025-11-19,155.52
2025-11-20,157.46
2025-11-21,156.74
2025-11-25,156.63
2025-11-26,156.38
2025-11-27,156.11
2025-11-28,156.32
2025-12-01,155.38
2025-12-02,155.77
2025-12-03,155.69
2025-12-04,155.25
2025-12-05,154.63
2025-12-08,155.36
2025-12-09,156.2
2025-12-10,156.66
2025-12-11,156.05
2025-12-12,155.65
2025-12-15,155.26
2025-12-16,154.89
2025-12-17,155.5
2025-12-18,155.93
2025-12-19,156.74
2025-12-22,157.49
2025-12-23,156.08
2025-12-24,155.83
2025-12-25,156
2025-12-26,156.37
2025-12-29,156.08
2025-12-30,155.98
2026-01-05,156.98
2026-01-06,156.33
2026-01-07,156.49
2026-01-08,156.47
2026-01-09,157.49
2026-01-13,158.95
2026-01-14,159.18
2026-01-15,158.59
2026-01-16,158.17
2026-01-19,158.07
2026-01-20,158.37
2026-01-21,157.92
2026-01-22,158.78
2026-01-23,158.39
2026-01-26,154.26
2026-01-27,154.72
2026-01-28,152.64
2026-01-29,153.33
2026-01-30,153.8
2026-02-02,154.89
2026-02-03,155.41
2026-02-04,156.43
2026-02-05,157.12
2026-02-06,156.89
2026-02-09,156.6
2026-02-10,155.57
2026-02-12,153.01
2026-02-13,153.4
2026-02-16,153.35
2026-02-17,153.09
2026-02-18,153.68
2026-02-19,154.97
2026-02-20,155.5
2026-02-24,156.11
2026-02-25,155.92
2026-02-26,156.04
2026-02-27,156.09
2026-03-02,156.99
2026-03-03,157.42
2026-03-04,157.46
2026-03-05,157.26
2026-03-06,157.54
2026-03-09,158.46
2026-03-10,157.32
2026-03-11,158.23
2026-03-12,158.8
2026-03-13,159.43
2026-03-16,159.29
2026-03-17,159.23
2026-03-18,158.77
2026-03-19,159.22
2026-03-23,159.59
2026-03-24,158.5
2026-03-25,159.14
2026-03-26,159.5
2026-03-27,159.95
2026-03-30,159.78
2026-03-31,159.63
2026-04-01,158.8
2026-04-02,159.57
2026-04-03,159.6
2026-04-06,159.38
2026-04-07,159.87
2026-04-08,158.21
2026-04-09,158.97
2026-04-10,159.35
2026-04-13,159.61
2026-04-14,159.07
2026-04-15,158.94
2026-04-16,158.87
2026-04-17,159.27
2026-04-20,158.97
2026-04-21,159.02
2026-04-22,159.22
2026-04-23,159.6
2026-04-24,159.68
2026-04-27,159.24
2026-04-28,159.53
2026-04-30,160.14
2026-05-01,156.62
2026-05-07,156.27
2026-05-08,156.84
2026-05-11,157.12
2026-05-12,157.51
2026-05-13,157.85
2026-05-14,157.93
2026-05-15,158.45
2026-05-18,158.93
2026-05-19,159.04
2026-05-20,159.07
2026-05-21,159.03
2026-05-22,159.13
2026-05-25,158.97
2026-05-26,159.2
2026-05-27,159.36
2026-05-28,159.47
2026-05-29,159.27
2026-06-01,159.47
2026-06-02,159.69
2026-06-03,159.71
2026-06-04,159.9
2026-06-05,159.95
2026-06-08,160.23
2026-06-09,160.2
2026-06-10,160.39
2026-06-11,160.51
2026-06-12,160.28
2026-06-15,160.13
2026-06-16,160.23
2026-06-17,160.19
2026-06-18,160.6
2026-06-19,161.32
2026-06-22,161.74
2026-06-23,161.48
2026-06-24,161.72
2026-06-25,161.82
2026-06-26,161.63
2026-06-29,161.83
2026-06-30,162.26
2026-07-01,162.68
2026-07-02,161.44
2026-07-03,160.78
2026-07-06,162.17
2026-07-07,161.97
2026-07-08,162.22
2026-07-09,162.35
2026-07-10,161.7
2026-07-13,162.1
2026-07-14,162.34
2026-07-15,162.28
2026-07-16,162.09
2026-07-17,162.29
2026-07-21,162.6
2026-07-22,162.94
2026-07-23,163.32
2026-07-24,163.77
2026-07-27,163.53
2026-07-28,163.79
2026-07-29,163.69
2026-07-30,163.74
2026-07-31,160.21
2026-08-03,156.77
2026-08-04,157.81
2026-08-05,157.73
2026-08-06,157.87
2026-08-07,158.41
2026-08-10,158.49
2026-08-12,159.38
2026-08-13,159.37
2026-08-14,159.22
2026-08-17,158.96
2026-08-18,159.72
2026-08-19,159.18
2026-08-20,158.45
2026-08-21,158.83
2026-08-24,159.16
2026-08-25,159.45
2026-08-26,159.01
2026-08-27,159.36
2026-08-28,159.51
2026-08-31,159.57
2026-09-01,159.99
2026-09-02,159.7
2026-09-03,157.05
2026-09-04,156.3
2026-09-07,155.56
2026-09-08,153.81
2026-09-09,153.12
2026-09-10,153.41
2026-09-11,154.22
2026-09-14,154.4
2026-09-15,154.89
2026-09-16,154.98
2026-09-17,155.69
2026-09-18,157.49
2026-09-24,158.22
2026-09-25,158.1
2026-09-28,157.23
2026-09-29,157.38
2026-09-30,156.91
2026-10-01,158.39
2026-10-02,157.58
2026-10-05,157.66
2026-10-06,158.12
