date,value
1993-01-05,25.405
1993-01-06,25.427
1993-01-07,25.411
1993-01-08,25.423
1993-01-11,25.45
1993-01-12,25.445
1993-01-13,25.441
1993-01-14,25.45
1993-01-15,25.436
1993-01-18,25.42
1993-01-19,25.499
1993-01-20,25.491
1993-01-21,25.503
1993-01-27,25.51
1993-01-28,25.49
1993-01-29,25.49
1993-01-30,25.475
1993-02-01,25.487
1993-02-02,25.547
1993-02-03,25.56
1993-02-04,25.615
1993-02-05,25.735
1993-02-08,26.01
1993-02-09,25.963
1993-02-10,25.948
1993-02-11,25.935
1993-02-12,25.935
1993-02-15,25.94
1993-02-16,25.978
1993-02-17,25.96
1993-02-18,25.955
1993-02-19,25.943
1993-02-22,25.946
1993-02-23,25.946
1993-02-24,25.895
1993-02-25,25.796
1993-02-26,25.753
1993-02-27,25.815
1993-03-01,25.851
1993-03-02,25.89
1993-03-03,25.892
1993-03-04,25.84
1993-03-05,25.857
1993-03-08,25.962
1993-03-09,25.939
1993-03-10,25.98
1993-03-11,25.996
1993-03-12,25.982
1993-03-15,26.075
1993-03-16,26.1
1993-03-17,26.115
1993-03-18,26.108
1993-03-19,26.115
1993-03-22,26.125
1993-03-23,26.12
1993-03-24,26.135
1993-03-25,26.13
1993-03-26,26.13
1993-03-30,26.148
1993-03-31,26.11
1993-04-01,26.069
1993-04-02,26.054
1993-04-07,26.09
1993-04-08,26.103
1993-04-09,26.1
1993-04-12,26.03
1993-04-13,26.065
1993-04-14,26.1
1993-04-15,26.06
1993-04-16,26.04
1993-04-19,25.951
1993-04-20,25.935
1993-04-21,25.88
1993-04-22,25.9
1993-04-23,25.93
1993-04-26,25.942
1993-04-27,25.918
1993-04-28,25.9
1993-04-29,25.871
1993-04-30,25.905
1993-05-03,25.923
1993-05-04,25.899
1993-05-05,25.91
1993-05-06,25.9
1993-05-07,25.904
1993-05-10,25.948
1993-05-11,25.963
1993-05-12,25.97
1993-05-13,25.95
1993-05-14,25.96
1993-05-17,25.955
1993-05-18,25.975
1993-05-19,25.955
1993-05-20,25.96
1993-05-21,25.974
1993-05-24,26.045
1993-05-25,26.14
1993-05-26,26.158
1993-05-27,26.149
1993-05-28,26.101
1993-05-31,26.085
1993-06-01,26.136
1993-06-02,26.111
1993-06-03,26.114
1993-06-04,26.143
1993-06-07,26.154
1993-06-08,26.155
1993-06-09,26.169
1993-06-10,26.166
1993-06-11,26.175
1993-06-14,26.18
1993-06-15,26.179
1993-06-16,26.19
1993-06-17,26.231
1993-06-18,26.29
1993-06-21,26.388
1993-06-22,26.398
1993-06-23,26.432
1993-06-25,26.405
1993-06-28,26.431
1993-06-29,26.42
1993-06-30,26.39
1993-07-02,26.414
1993-07-05,26.434
1993-07-06,26.47
1993-07-07,26.53
1993-07-08,26.52
1993-07-09,26.529
1993-07-12,26.581
1993-07-13,26.568
1993-07-14,26.555
1993-07-15,26.533
1993-07-16,26.539
1993-07-19,26.545
1993-07-20,26.553
1993-07-21,26.565
1993-07-22,26.7
1993-07-23,26.925
1993-07-26,26.959
1993-07-27,26.956
1993-07-28,26.955
1993-07-29,26.946
1993-07-30,26.941
1993-08-02,26.94
1993-08-03,26.939
1993-08-04,26.949
1993-08-05,26.948
1993-08-06,26.939
1993-08-09,26.949
1993-08-10,26.955
1993-08-11,26.95
1993-08-12,26.951
1993-08-13,26.95
1993-08-16,26.959
1993-08-17,26.954
1993-08-18,26.955
1993-08-19,26.954
1993-08-20,26.955
1993-08-23,26.951
1993-08-24,26.959
1993-08-25,26.96
1993-08-26,26.956
1993-08-27,26.956
1993-08-30,26.933
1993-08-31,26.936
1993-09-01,26.959
1993-09-02,26.956
1993-09-03,26.958
1993-09-06,26.943
1993-09-07,26.948
1993-09-08,26.946
1993-09-09,26.947
1993-09-10,26.944
1993-09-13,26.94
1993-09-14,26.94
1993-09-15,26.941
1993-09-16,26.938
1993-09-17,26.943
1993-09-20,26.837
1993-09-21,26.865
1993-09-22,26.905
1993-09-23,26.946
1993-09-24,26.93
1993-09-27,26.938
1993-09-29,26.918
1993-10-01,26.841
1993-10-04,26.847
1993-10-05,26.85
1993-10-06,26.838
1993-10-07,26.838
1993-10-08,26.85
1993-10-12,26.851
1993-10-13,26.845
1993-10-14,26.845
1993-10-15,26.87
1993-10-18,26.877
1993-10-19,26.877
1993-10-20,26.876
1993-10-21,26.882
1993-10-22,26.912
1993-10-26,26.89
1993-10-27,26.895
1993-10-28,26.892
1993-10-29,26.855
1993-10-30,26.861
1993-11-02,26.842
1993-11-03,26.853
1993-11-04,26.856
1993-11-05,26.875
1993-11-08,26.871
1993-11-09,26.865
1993-11-10,26.873
1993-11-11,26.873
1993-11-15,26.853
1993-11-16,26.861
1993-11-17,26.903
1993-11-18,26.88
1993-11-19,26.881
1993-11-22,26.9
1993-11-23,26.899
1993-11-24,26.922
1993-11-25,26.913
1993-11-26,26.915
1993-11-29,26.94
1993-11-30,26.934
1993-12-01,26.927
1993-12-02,26.916
1993-12-03,26.908
1993-12-06,26.883
1993-12-07,26.89
1993-12-08,26.879
1993-12-09,26.862
1993-12-10,26.846
1993-12-13,26.835
1993-12-14,26.828
1993-12-15,26.771
1993-12-16,26.706
1993-12-17,26.62
1993-12-20,26.69
1993-12-21,26.75
1993-12-22,26.75
1993-12-23,26.698
1993-12-24,26.659
1993-12-27,26.66
1993-12-28,26.65
1993-12-29,26.644
1993-12-30,26.677
1993-12-31,26.626
1994-01-05,26.57
1994-01-06,26.569
1994-01-07,26.599
1994-01-10,26.471
1994-01-11,26.529
1994-01-12,26.559
1994-01-13,26.51
1994-01-14,26.495
1994-01-17,26.365
1994-01-18,26.425
1994-01-19,26.449
1994-01-20,26.456
1994-01-21,26.434
1994-01-24,26.47
1994-01-25,26.465
1994-01-26,26.468
1994-01-27,26.436
1994-01-28,26.455
1994-01-31,26.42
1994-02-01,26.435
1994-02-02,26.435
1994-02-03,26.395
1994-02-04,26.398
1994-02-07,26.434
1994-02-08,26.453
1994-02-14,26.408
1994-02-15,26.359
1994-02-16,26.393
1994-02-17,26.398
1994-02-18,26.41
1994-02-21,26.475
1994-02-22,26.47
1994-02-23,26.543
1994-02-24,26.495
1994-02-25,26.5
1994-02-28,26.483
1994-03-01,26.496
1994-03-02,26.478
1994-03-03,26.452
1994-03-04,26.428
1994-03-07,26.395
1994-03-08,26.44
1994-03-09,26.39
1994-03-10,26.419
1994-03-11,26.375
1994-03-14,26.39
1994-03-15,26.402
1994-03-16,26.424
1994-03-17,26.419
1994-03-18,26.385
1994-03-21,26.405
1994-03-22,26.423
1994-03-23,26.41
1994-03-24,26.425
1994-03-25,26.413
1994-03-28,26.408
1994-03-30,26.375
1994-03-31,26.33
1994-04-01,26.365
1994-04-06,26.339
1994-04-07,26.37
1994-04-08,26.384
1994-04-11,26.385
1994-04-12,26.399
1994-04-13,26.382
1994-04-14,26.376
1994-04-15,26.38
1994-04-18,26.384
1994-04-19,26.395
1994-04-20,26.386
1994-04-21,26.388
1994-04-22,26.435
1994-04-25,26.41
1994-04-26,26.391
1994-04-27,26.396
1994-04-28,26.45
1994-04-29,26.415
1994-04-30,26.417
1994-05-02,26.419
1994-05-03,26.465
1994-05-04,26.468
1994-05-05,26.535
1994-05-06,26.544
1994-05-09,26.648
1994-05-10,26.75
1994-05-11,26.765
1994-05-12,26.835
1994-05-13,26.823
1994-05-16,26.803
1994-05-17,26.85
1994-05-18,26.86
1994-05-19,26.84
1994-05-20,26.828
1994-05-23,26.86
1994-05-24,26.959
1994-05-25,27.105
1994-05-26,27.055
1994-05-27,27.054
1994-05-30,27.05
1994-05-31,27.05
1994-06-01,27.077
1994-06-02,27.078
1994-06-03,27.075
1994-06-06,27.075
1994-06-07,27.086
1994-06-08,27.078
1994-06-09,27.071
1994-06-10,27.061
1994-06-14,27.046
1994-06-15,27.05
1994-06-16,27.052
1994-06-17,27.055
1994-06-20,27.051
1994-06-21,27.035
1994-06-22,26.961
1994-06-23,26.975
1994-06-24,26.946
1994-06-27,26.919
1994-06-28,26.927
1994-06-29,26.866
1994-06-30,26.825
1994-07-04,26.644
1994-07-05,26.75
1994-07-06,26.729
1994-07-07,26.765
1994-07-08,26.72
1994-07-11,26.743
1994-07-12,26.7
1994-07-13,26.632
1994-07-14,26.625
1994-07-15,26.577
1994-07-18,26.593
1994-07-19,26.586
1994-07-20,26.664
1994-07-21,26.636
1994-07-22,26.668
1994-07-25,26.585
1994-07-26,26.62
1994-07-27,26.597
1994-07-28,26.54
1994-07-29,26.582
1994-07-30,26.561
1994-08-01,26.541
1994-08-02,26.541
1994-08-03,26.56
1994-08-04,26.506
1994-08-05,26.506
1994-08-09,26.46
1994-08-10,26.465
1994-08-11,26.466
1994-08-12,26.46
1994-08-15,26.482
1994-08-16,26.477
1994-08-17,26.484
1994-08-18,26.47
1994-08-19,26.435
1994-08-22,26.34
1994-08-23,26.341
1994-08-24,26.325
1994-08-25,26.203
1994-08-26,26.265
1994-08-29,26.25
1994-08-30,26.176
1994-08-31,26.2
1994-09-01,26.243
1994-09-02,26.246
1994-09-05,26.19
1994-09-06,26.205
1994-09-07,26.205
1994-09-08,26.185
1994-09-09,26.197
1994-09-12,26.208
1994-09-13,26.209
1994-09-14,26.2
1994-09-15,26.207
1994-09-16,26.219
1994-09-21,26.235
1994-09-22,26.19
1994-09-23,26.182
1994-09-26,26.215
1994-09-27,26.218
1994-09-29,26.17
1994-09-30,26.144
1994-10-03,26.21
1994-10-04,26.175
1994-10-05,26.168
1994-10-06,26.184
1994-10-07,26.156
1994-10-11,26.19
1994-10-12,26.206
1994-10-13,26.172
1994-10-14,26.159
1994-10-17,26.115
1994-10-18,26.124
1994-10-19,26.113
1994-10-20,26.1
1994-10-21,26.021
1994-10-24,26.054
1994-10-26,26.07
1994-10-27,26.063
1994-10-28,26.04
1994-10-29,26.05
1994-11-01,26.02
1994-11-02,26.03
1994-11-03,26.036
1994-11-04,26.043
1994-11-07,26.056
1994-11-08,26.069
1994-11-09,26.066
1994-11-10,26.09
1994-11-11,26.125
1994-11-14,26.198
1994-11-15,26.214
1994-11-16,26.274
1994-11-17,26.232
1994-11-18,26.301
1994-11-21,26.382
1994-11-22,26.38
1994-11-23,26.298
1994-11-24,26.234
1994-11-25,26.239
1994-11-28,26.29
1994-11-29,26.258
1994-11-30,26.269
1994-12-01,26.292
1994-12-02,26.342
1994-12-05,26.307
1994-12-06,26.295
1994-12-07,26.295
1994-12-08,26.307
1994-12-09,26.37
1994-12-12,26.418
1994-12-13,26.403
1994-12-14,26.405
1994-12-15,26.385
1994-12-16,26.412
1994-12-19,26.425
1994-12-20,26.413
1994-12-21,26.381
1994-12-22,26.399
1994-12-23,26.406
1994-12-27,26.449
1994-12-28,26.449
1994-12-29,26.383
1994-12-30,26.298
1994-12-31,26.24
1995-01-05,26.339
1995-01-06,26.318
1995-01-09,26.368
1995-01-10,26.317
1995-01-11,26.328
1995-01-12,26.302
1995-01-13,26.32
1995-01-16,26.328
1995-01-17,26.309
1995-01-18,26.276
1995-01-19,26.283
1995-01-20,26.273
1995-01-23,26.307
1995-01-24,26.277
1995-01-25,26.268
1995-01-26,26.261
1995-01-27,26.3
1995-01-28,26.285
1995-02-03,26.291
1995-02-06,26.288
1995-02-07,26.286
1995-02-08,26.294
1995-02-09,26.29
1995-02-10,26.315
1995-02-13,26.35
1995-02-14,26.357
1995-02-15,26.355
1995-02-16,26.354
1995-02-17,26.356
1995-02-20,26.363
1995-02-21,26.355
1995-02-22,26.36
1995-02-23,26.359
1995-02-24,26.362
1995-02-27,26.324
1995-02-28,26.349
1995-03-01,26.361
1995-03-02,26.352
1995-03-03,26.318
1995-03-06,26.242
1995-03-07,26.226
1995-03-08,25.991
1995-03-09,26.075
1995-03-10,26.109
1995-03-13,26.095
1995-03-14,26.094
1995-03-15,26.08
1995-03-16,26.041
1995-03-17,26.02
1995-03-20,25.969
1995-03-21,25.995
1995-03-22,26.02
1995-03-23,26
1995-03-24,25.997
1995-03-27,26.036
1995-03-28,26.035
1995-03-30,25.975
1995-03-31,26
1995-04-06,25.881
1995-04-07,25.68
1995-04-10,25.141
1995-04-11,25.299
1995-04-12,25.399
1995-04-13,25.34
1995-04-14,25.355
1995-04-17,25.348
1995-04-18,25.347
1995-04-19,25.297
1995-04-20,25.357
1995-04-21,25.396
1995-04-24,25.386
1995-04-25,25.4
1995-04-26,25.399
1995-04-27,25.406
1995-04-28,25.399
1995-04-29,25.398
1995-05-01,25.395
1995-05-02,25.394
1995-05-03,25.399
1995-05-04,25.399
1995-05-05,25.397
1995-05-08,25.397
1995-05-09,25.399
1995-05-10,25.399
1995-05-11,25.399
1995-05-12,25.392
1995-05-15,25.5
1995-05-16,25.582
1995-05-17,25.58
1995-05-18,25.632
1995-05-19,25.642
1995-05-22,25.777
1995-05-23,25.835
1995-05-24,25.832
1995-05-25,25.756
1995-05-26,25.572
1995-05-29,25.625
1995-05-30,25.565
1995-05-31,25.575
1995-06-01,25.7
1995-06-05,25.663
1995-06-06,25.694
1995-06-07,25.69
1995-06-08,25.686
1995-06-09,25.685
1995-06-12,25.722
1995-06-13,25.74
1995-06-14,25.79
1995-06-15,25.78
1995-06-16,25.783
1995-06-19,25.882
1995-06-20,25.898
1995-06-21,25.871
1995-06-22,25.83
1995-06-23,25.775
1995-06-26,25.83
1995-06-27,25.832
1995-06-28,25.848
1995-06-29,25.812
1995-06-30,25.829
1995-07-03,25.895
1995-07-04,25.873
1995-07-05,25.866
1995-07-06,25.875
1995-07-07,25.924
1995-07-10,26.194
1995-07-11,26.15
1995-07-12,26.162
1995-07-13,26.2
1995-07-14,26.173
1995-07-17,26.3
1995-07-18,26.387
1995-07-19,26.378
1995-07-20,26.374
1995-07-21,26.397
1995-07-24,26.493
1995-07-25,26.576
1995-07-26,26.656
1995-07-27,26.435
1995-07-28,26.405
1995-07-31,26.47
1995-08-01,26.619
1995-08-02,26.668
1995-08-03,26.798
1995-08-04,26.796
1995-08-07,26.935
1995-08-08,26.919
1995-08-09,26.939
1995-08-10,26.967
1995-08-11,27.36
1995-08-14,27.286
1995-08-15,27.285
1995-08-16,27.456
1995-08-17,27.45
1995-08-18,27.44
1995-08-21,27.452
1995-08-22,27.449
1995-08-23,27.445
1995-08-24,27.421
1995-08-25,27.443
1995-08-28,27.485
1995-08-29,27.49
1995-08-30,27.5
1995-08-31,27.5
1995-09-01,27.498
1995-09-04,27.476
1995-09-05,27.488
1995-09-06,27.5
1995-09-07,27.498
1995-09-08,27.5
1995-09-11,27.48
1995-09-12,27.5
1995-09-13,27.5
1995-09-14,27.489
1995-09-15,27.494
1995-09-18,27.5
1995-09-19,27.5
1995-09-20,27.471
1995-09-21,27.45
1995-09-25,27.35
1995-09-26,27.283
1995-09-27,27.238
1995-09-29,27.07
1995-09-30,27.01
1995-10-02,26.9
1995-10-03,26.742
1995-10-04,26.86
1995-10-05,26.805
1995-10-06,26.908
1995-10-09,26.885
1995-10-11,26.896
1995-10-12,26.894
1995-10-13,26.89
1995-10-16,26.925
1995-10-17,26.955
1995-10-18,26.951
1995-10-19,26.99
1995-10-20,26.975
1995-10-23,26.937
1995-10-24,26.922
1995-10-26,26.953
1995-10-27,26.96
1995-10-30,26.988
1995-11-01,27.078
1995-11-02,27.172
1995-11-03,27.225
1995-11-06,27.205
1995-11-07,27.215
1995-11-08,27.215
1995-11-09,27.213
1995-11-10,27.182
1995-11-14,27.257
1995-11-15,27.239
1995-11-16,27.246
1995-11-17,27.264
1995-11-20,27.335
1995-11-21,27.314
1995-11-22,27.315
1995-11-23,27.301
1995-11-24,27.3
1995-11-27,27.308
1995-11-28,27.308
1995-11-29,27.308
1995-11-30,27.312
1995-12-01,27.335
1995-12-04,27.3
1995-12-05,27.292
1995-12-06,27.286
1995-12-07,27.297
1995-12-08,27.294
1995-12-11,27.295
1995-12-12,27.306
1995-12-13,27.318
1995-12-14,27.318
1995-12-15,27.315
1995-12-18,27.335
1995-12-19,27.329
1995-12-20,27.338
1995-12-21,27.333
1995-12-22,27.285
1995-12-26,27.292
1995-12-27,27.291
1995-12-28,27.29
1995-12-29,27.288
1995-12-30,27.265
1996-01-04,27.33
1996-01-05,27.321
1996-01-08,27.368
1996-01-09,27.383
1996-01-10,27.38
1996-01-11,27.398
1996-01-12,27.372
1996-01-15,27.378
1996-01-16,27.396
1996-01-17,27.427
1996-01-18,27.419
1996-01-19,27.421
1996-01-22,27.431
1996-01-23,27.431
1996-01-24,27.45
1996-01-25,27.447
1996-01-26,27.451
1996-01-29,27.485
1996-01-30,27.473
1996-01-31,27.468
1996-02-01,27.485
1996-02-02,27.47
1996-02-05,27.468
1996-02-06,27.475
1996-02-07,27.475
1996-02-08,27.478
1996-02-09,27.475
1996-02-12,27.463
1996-02-13,27.47
1996-02-14,27.454
1996-02-15,27.455
1996-02-16,27.48
1996-02-23,27.483
1996-02-26,27.495
1996-02-27,27.493
1996-02-28,27.495
1996-02-29,27.497
1996-03-01,27.497
1996-03-04,27.497
1996-03-05,27.497
1996-03-06,27.5
1996-03-07,27.5
1996-03-08,27.499
1996-03-11,27.5
1996-03-12,27.5
1996-03-13,27.5
1996-03-14,27.499
1996-03-15,27.453
1996-03-18,27.449
1996-03-19,27.311
1996-03-20,27.195
1996-03-21,27.268
1996-03-22,27.298
1996-03-25,27.258
1996-03-26,27.241
1996-03-27,27.229
1996-03-28,27.246
1996-04-01,27.237
1996-04-02,27.227
1996-04-05,27.192
1996-04-08,27.154
1996-04-09,27.177
1996-04-10,27.169
1996-04-11,27.167
1996-04-12,27.166
1996-04-15,27.16
1996-04-16,27.157
1996-04-17,27.154
1996-04-18,27.148
1996-04-19,27.145
1996-04-22,27.155
1996-04-23,27.17
1996-04-24,27.19
1996-04-25,27.197
1996-04-26,27.187
1996-04-29,27.167
1996-04-30,27.17
1996-05-01,27.169
1996-05-02,27.169
1996-05-03,27.161
1996-05-06,27.169
1996-05-07,27.173
1996-05-08,27.17
1996-05-09,27.168
1996-05-10,27.165
1996-05-13,27.174
1996-05-14,27.188
1996-05-15,27.202
1996-05-16,27.209
1996-05-17,27.228
1996-05-20,27.31
1996-05-21,27.312
1996-05-22,27.342
1996-05-23,27.387
1996-05-24,27.418
1996-05-27,27.641
1996-05-28,27.892
1996-05-29,27.771
1996-05-30,27.67
1996-05-31,27.672
1996-06-03,27.679
1996-06-04,27.746
1996-06-05,27.762
1996-06-06,27.69
1996-06-07,27.732
1996-06-10,27.727
1996-06-11,27.746
1996-06-12,27.731
1996-06-13,27.65
1996-06-14,27.625
1996-06-17,27.665
1996-06-18,27.65
1996-06-19,27.636
1996-06-21,27.646
1996-06-24,27.655
1996-06-25,27.647
1996-06-26,27.638
1996-06-27,27.55
1996-06-28,27.51
1996-06-29,27.486
1996-07-02,27.463
1996-07-03,27.527
1996-07-04,27.53
1996-07-05,27.563
1996-07-08,27.637
1996-07-09,27.571
1996-07-10,27.55
1996-07-11,27.604
1996-07-12,27.551
1996-07-15,27.62
1996-07-16,27.568
1996-07-17,27.565
1996-07-18,27.565
1996-07-19,27.551
1996-07-22,27.562
1996-07-23,27.553
1996-07-24,27.555
1996-07-25,27.5
1996-07-26,27.543
1996-07-29,27.542
1996-07-30,27.516
1996-08-02,27.506
1996-08-05,27.495
1996-08-06,27.472
1996-08-07,27.498
1996-08-08,27.509
1996-08-09,27.496
1996-08-12,27.499
1996-08-13,27.503
1996-08-14,27.484
1996-08-15,27.485
1996-08-16,27.481
1996-08-19,27.485
1996-08-20,27.519
1996-08-21,27.515
1996-08-22,27.505
1996-08-23,27.488
1996-08-26,27.473
1996-08-27,27.475
1996-08-28,27.495
1996-08-29,27.482
1996-08-30,27.468
1996-08-31,27.472
1996-09-02,27.505
1996-09-03,27.516
1996-09-04,27.494
1996-09-05,27.492
1996-09-06,27.491
1996-09-09,27.487
1996-09-10,27.495
1996-09-11,27.491
1996-09-12,27.492
1996-09-13,27.497
1996-09-16,27.498
1996-09-17,27.5
1996-09-18,27.501
1996-09-19,27.495
1996-09-20,27.495
1996-09-23,27.491
1996-09-24,27.482
1996-09-25,27.47
1996-09-26,27.48
1996-09-30,27.483
1996-10-01,27.481
1996-10-02,27.49
1996-10-03,27.49
1996-10-04,27.486
1996-10-07,27.487
1996-10-08,27.495
1996-10-09,27.493
1996-10-11,27.486
1996-10-14,27.484
1996-10-15,27.489
1996-10-16,27.494
1996-10-17,27.489
1996-10-18,27.492
1996-10-21,27.5
1996-10-22,27.55
1996-10-23,27.586
1996-10-24,27.559
1996-10-28,27.573
1996-10-29,27.545
1996-10-30,27.538
1996-11-01,27.509
1996-11-04,27.501
1996-11-05,27.501
1996-11-06,27.523
1996-11-07,27.49
1996-11-08,27.492
1996-11-11,27.495
1996-11-13,27.495
1996-11-14,27.497
1996-11-15,27.491
1996-11-18,27.499
1996-11-19,27.5
1996-11-20,27.494
1996-11-21,27.496
1996-11-22,27.495
1996-11-25,27.495
1996-11-26,27.49
1996-11-27,27.489
1996-11-28,27.49
1996-11-29,27.489
1996-11-30,27.487
1996-12-02,27.49
1996-12-03,27.495
1996-12-04,27.498
1996-12-05,27.493
1996-12-06,27.491
1996-12-09,27.495
1996-12-10,27.497
1996-12-11,27.495
1996-12-12,27.498
1996-12-13,27.494
1996-12-16,27.493
1996-12-17,27.493
1996-12-18,27.501
1996-12-19,27.503
1996-12-20,27.505
1996-12-23,27.5
1996-12-24,27.499
1996-12-26,27.498
1996-12-27,27.501
1996-12-30,27.497
1996-12-31,27.491
1997-01-06,27.489
1997-01-07,27.493
1997-01-08,27.489
1997-01-09,27.492
1997-01-10,27.487
1997-01-13,27.471
1997-01-14,27.443
1997-01-15,27.382
1997-01-16,27.338
1997-01-17,27.391
1997-01-20,27.42
1997-01-21,27.485
1997-01-22,27.515
1997-01-23,27.444
1997-01-24,27.462
1997-01-27,27.445
1997-01-28,27.45
1997-01-29,27.45
1997-01-30,27.443
1997-01-31,27.435
1997-02-03,27.442
1997-02-04,27.438
1997-02-05,27.508
1997-02-11,27.54
1997-02-12,27.557
1997-02-13,27.543
1997-02-14,27.534
1997-02-17,27.585
1997-02-18,27.648
1997-02-19,27.583
1997-02-20,27.625
1997-02-21,27.605
1997-02-24,27.55
1997-02-25,27.523
1997-02-26,27.507
1997-02-27,27.515
1997-02-28,27.525
1997-03-03,27.538
1997-03-04,27.525
1997-03-05,27.52
1997-03-06,27.522
1997-03-07,27.507
1997-03-10,27.53
1997-03-11,27.521
1997-03-12,27.54
1997-03-13,27.526
1997-03-14,27.511
1997-03-17,27.521
1997-03-18,27.522
1997-03-19,27.527
1997-03-20,27.524
1997-03-21,27.537
1997-03-24,27.625
1997-03-25,27.565
1997-03-26,27.57
1997-03-27,27.54
1997-03-28,27.549
1997-03-31,27.538
1997-04-01,27.543
1997-04-02,27.547
1997-04-03,27.546
1997-04-07,27.555
1997-04-08,27.582
1997-04-09,27.594
1997-04-10,27.57
1997-04-11,27.572
1997-04-14,27.622
1997-04-15,27.6
1997-04-16,27.609
1997-04-17,27.648
1997-04-18,27.625
1997-04-21,27.625
1997-04-22,27.645
1997-04-23,27.632
1997-04-24,27.64
1997-04-25,27.637
1997-04-28,27.67
1997-04-29,27.667
1997-04-30,27.662
1997-05-02,27.662
1997-05-05,27.72
1997-05-06,27.736
1997-05-07,27.734
1997-05-08,27.68
1997-05-09,27.685
1997-05-12,27.759
1997-05-13,27.778
1997-05-14,27.771
1997-05-15,27.787
1997-05-16,27.735
1997-05-19,27.753
1997-05-20,27.775
1997-05-21,27.801
1997-05-22,27.81
1997-05-23,27.824
1997-05-26,27.819
1997-05-27,27.836
1997-05-28,27.88
1997-05-29,27.869
1997-05-30,27.867
1997-05-31,27.842
1997-06-02,27.862
1997-06-03,27.88
1997-06-04,27.891
1997-06-05,27.89
1997-06-06,27.896
1997-06-10,27.865
1997-06-11,27.868
1997-06-12,27.88
1997-06-13,27.888
1997-06-16,27.908
1997-06-17,27.917
1997-06-18,27.909
1997-06-19,27.92
1997-06-20,27.913
1997-06-23,27.892
1997-06-24,27.885
1997-06-25,27.858
1997-06-26,27.84
1997-06-27,27.82
1997-06-30,27.812
1997-07-02,27.846
1997-07-03,27.863
1997-07-04,27.85
1997-07-07,27.909
1997-07-08,27.921
1997-07-09,27.926
1997-07-10,27.855
1997-07-11,27.894
1997-07-14,27.925
1997-07-15,27.925
1997-07-16,27.939
1997-07-17,27.939
1997-07-18,27.926
1997-07-21,27.918
1997-07-22,27.934
1997-07-23,27.948
1997-07-24,27.942
1997-07-25,27.955
1997-07-28,27.972
1997-07-29,28.17
1997-07-30,28.48
1997-07-31,28.7
1997-08-01,28.752
1997-08-04,28.654
1997-08-05,28.625
1997-08-06,28.656
1997-08-07,28.639
1997-08-08,28.739
1997-08-11,28.728
1997-08-12,28.718
1997-08-13,28.727
1997-08-14,28.725
1997-08-15,28.724
1997-08-19,28.727
1997-08-20,28.727
1997-08-21,28.724
1997-08-22,28.725
1997-08-25,28.727
1997-08-26,28.727
1997-08-27,28.726
1997-08-28,28.688
1997-08-30,28.63
1997-09-01,28.618
1997-09-02,28.615
1997-09-03,28.617
1997-09-04,28.618
1997-09-05,28.617
1997-09-08,28.614
1997-09-09,28.612
1997-09-10,28.612
1997-09-11,28.613
1997-09-12,28.612
1997-09-15,28.611
1997-09-17,28.611
1997-09-18,28.612
1997-09-19,28.602
1997-09-22,28.6
1997-09-23,28.602
1997-09-24,28.602
1997-09-25,28.602
1997-09-26,28.601
1997-09-30,28.597
1997-10-01,28.602
1997-10-02,28.601
1997-10-03,28.601
1997-10-06,28.586
1997-10-07,28.495
1997-10-08,28.485
1997-10-09,28.48
1997-10-13,28.477
1997-10-14,28.478
1997-10-15,28.48
1997-10-16,28.518
1997-10-17,29.5
1997-10-20,30.451
1997-10-21,30.615
1997-10-22,30.211
1997-10-23,30.23
1997-10-24,30.365
1997-10-27,30.51
1997-10-28,30.8
1997-10-29,30.835
1997-10-30,30.944
1997-11-03,31.245
1997-11-04,30.73
1997-11-05,30.451
1997-11-06,30.7
1997-11-07,30.952
1997-11-10,30.985
1997-11-11,30.992
1997-11-13,31.105
1997-11-14,31.24
1997-11-17,31.366
1997-11-18,31.77
1997-11-19,32.753
1997-11-20,32.725
1997-11-21,32.425
1997-11-24,32.416
1997-11-25,32.5
1997-11-26,32.387
1997-11-27,32.05
1997-11-28,32.273
1997-11-29,32.052
1997-12-01,32.11
1997-12-02,32.2
1997-12-03,32.221
1997-12-04,31.9
1997-12-05,31.75
1997-12-08,31.9
1997-12-09,31.963
1997-12-10,32.229
1997-12-11,31.9
1997-12-12,32.321
1997-12-15,32.746
1997-12-16,32.82
1997-12-17,32.52
1997-12-18,32.2
1997-12-19,32.311
1997-12-22,32.603
1997-12-23,32.52
1997-12-24,32.637
1997-12-26,32.661
1997-12-29,32.686
1997-12-30,32.6
1997-12-31,32.638
1998-01-05,33.226
1998-01-06,33.755
1998-01-07,34.4
1998-01-08,34.325
1998-01-09,34.1
1998-01-12,34.481
1998-01-13,34.365
1998-01-14,34.094
1998-01-15,33.98
1998-01-16,33.792
1998-01-19,33.586
1998-01-20,33.551
1998-01-21,33.478
1998-01-22,33.706
1998-01-23,33.925
1998-01-26,33.996
1998-02-02,33.37
1998-02-03,33.088
1998-02-04,32.907
1998-02-05,32.821
1998-02-06,32.855
1998-02-09,32.968
1998-02-10,32.841
1998-02-11,32.71
1998-02-12,32.855
1998-02-13,32.82
1998-02-16,32.858
1998-02-17,32.926
1998-02-18,32.887
1998-02-19,32.746
1998-02-20,32.806
1998-02-23,32.852
1998-02-24,32.752
1998-02-25,32.551
1998-02-26,32.2
1998-02-27,32.1
1998-03-02,32.05
1998-03-03,32.036
1998-03-04,31.992
1998-03-05,32.112
1998-03-06,32.19
1998-03-09,32.342
1998-03-10,32.328
1998-03-11,32.316
1998-03-12,32.372
1998-03-13,32.408
1998-03-16,32.438
1998-03-17,32.536
1998-03-18,32.805
1998-03-19,32.772
1998-03-20,32.778
1998-03-23,32.763
1998-03-24,32.653
1998-03-25,32.67
1998-03-26,32.59
1998-03-27,32.603
1998-03-30,32.805
1998-03-31,32.86
1998-04-01,32.829
1998-04-02,32.887
1998-04-03,32.961
1998-04-07,33.034
1998-04-08,33.024
1998-04-09,32.947
1998-04-10,32.845
1998-04-13,32.995
1998-04-14,32.952
1998-04-15,32.928
1998-04-16,32.988
1998-04-17,33.018
1998-04-20,33.043
1998-04-21,32.967
1998-04-22,32.999
1998-04-23,32.991
1998-04-24,32.986
1998-04-27,33.037
1998-04-28,33.01
1998-04-29,32.991
1998-04-30,32.97
1998-05-04,33.008
1998-05-05,33.007
1998-05-06,33.032
1998-05-07,33.136
1998-05-08,33.225
1998-05-11,33.196
1998-05-12,33.324
1998-05-13,33.437
1998-05-14,33.415
1998-05-15,33.436
1998-05-18,33.765
1998-05-19,33.765
1998-05-20,33.672
1998-05-21,33.553
1998-05-22,33.604
1998-05-25,33.671
1998-05-26,33.856
1998-05-27,33.85
1998-05-28,33.851
1998-05-29,33.989
1998-06-01,34.23
1998-06-02,34.339
1998-06-03,34.186
1998-06-04,34.238
1998-06-05,34.291
1998-06-08,34.697
1998-06-09,34.715
1998-06-10,34.896
1998-06-11,34.867
1998-06-12,34.892
1998-06-15,34.872
1998-06-16,34.819
1998-06-17,34.681
1998-06-18,34.101
1998-06-19,34.073
1998-06-22,33.867
1998-06-23,34.202
1998-06-24,34.352
1998-06-25,34.457
1998-06-26,34.552
1998-06-29,34.551
1998-06-30,34.351
1998-07-02,34.342
1998-07-03,34.382
1998-07-06,34.426
1998-07-07,34.343
1998-07-08,34.351
1998-07-09,34.388
1998-07-10,34.402
1998-07-13,34.481
1998-07-14,34.409
1998-07-15,34.392
1998-07-16,34.357
1998-07-17,34.265
1998-07-20,34.31
1998-07-21,34.31
1998-07-22,34.356
1998-07-23,34.388
1998-07-24,34.361
1998-07-27,34.409
1998-07-28,34.376
1998-07-29,34.332
1998-07-30,34.33
1998-07-31,34.369
1998-08-03,34.419
1998-08-04,34.427
1998-08-05,34.428
1998-08-06,34.5
1998-08-07,34.6
1998-08-10,34.781
1998-08-11,34.81
1998-08-12,34.794
1998-08-13,34.771
1998-08-14,34.702
1998-08-17,34.761
1998-08-18,34.734
1998-08-19,34.699
1998-08-20,34.557
1998-08-21,34.69
1998-08-24,34.809
1998-08-25,34.808
1998-08-26,34.802
1998-08-27,34.792
1998-08-28,34.826
1998-08-31,34.843
1998-09-01,34.809
1998-09-02,34.768
1998-09-03,34.746
1998-09-04,34.686
1998-09-07,34.496
1998-09-08,34.55
1998-09-09,34.51
1998-09-10,34.546
1998-09-11,34.495
1998-09-14,34.542
1998-09-15,34.521
1998-09-16,34.555
1998-09-17,34.541
1998-09-18,34.521
1998-09-21,34.526
1998-09-22,34.572
1998-09-23,34.638
1998-09-24,34.578
1998-09-25,34.545
1998-09-28,34.557
1998-09-29,34.482
1998-09-30,34.372
1998-10-01,34.293
1998-10-02,33.998
1998-10-06,33.457
1998-10-07,33.346
1998-10-08,32.967
1998-10-09,32.823
1998-10-12,32.88
1998-10-13,33.119
1998-10-14,33.277
1998-10-15,32.996
1998-10-19,32.91
1998-10-20,32.897
1998-10-21,32.843
1998-10-22,32.878
1998-10-23,32.898
1998-10-26,32.777
1998-10-27,32.657
1998-10-28,32.515
1998-10-29,32.525
1998-10-30,32.47
1998-10-31,32.45
1998-11-02,32.44
1998-11-03,32.454
1998-11-04,32.468
1998-11-05,32.566
1998-11-06,32.507
1998-11-09,32.647
1998-11-10,32.766
1998-11-11,32.681
1998-11-13,32.671
1998-11-16,32.583
1998-11-17,32.53
1998-11-18,32.533
1998-11-19,32.438
1998-11-20,32.414
1998-11-23,32.426
1998-11-24,32.49
1998-11-25,32.484
1998-11-26,32.482
1998-11-27,32.422
1998-11-30,32.429
1998-12-01,32.428
1998-12-02,32.42
1998-12-03,32.404
1998-12-04,32.36
1998-12-07,32.35
1998-12-08,32.343
1998-12-09,32.32
1998-12-10,32.295
1998-12-11,32.284
1998-12-14,32.258
1998-12-15,32.251
1998-12-16,32.248
1998-12-17,32.277
1998-12-18,32.274
1998-12-21,32.247
1998-12-22,32.253
1998-12-23,32.247
1998-12-24,32.243
1998-12-28,32.259
1998-12-29,32.246
1998-12-30,32.234
1998-12-31,32.216
1999-01-05,32.195
1999-01-06,32.186
1999-01-07,32.17
1999-01-08,32.158
1999-01-11,32.149
1999-01-12,32.189
1999-01-13,32.212
1999-01-14,32.255
1999-01-15,32.218
1999-01-18,32.263
1999-01-19,32.291
1999-01-20,32.263
1999-01-21,32.261
1999-01-22,32.297
1999-01-25,32.349
1999-01-26,32.295
1999-01-27,32.291
1999-01-28,32.31
1999-01-29,32.3
1999-02-01,32.279
1999-02-02,32.271
1999-02-03,32.251
1999-02-04,32.261
1999-02-05,32.239
1999-02-08,32.265
1999-02-09,32.288
1999-02-10,32.28
1999-02-11,32.285
1999-02-12,32.278
1999-02-19,32.507
1999-02-22,33.102
1999-02-23,33.028
1999-02-24,33.083
1999-02-25,33.063
1999-02-26,33.055
1999-03-01,32.991
1999-03-02,33.072
1999-03-03,33.05
1999-03-04,33.17
1999-03-05,33.16
1999-03-08,33.142
1999-03-09,33.136
1999-03-10,33.12
1999-03-11,33.114
1999-03-12,33.112
1999-03-15,33.097
1999-03-16,33.094
1999-03-17,33.115
1999-03-18,33.107
1999-03-19,33.096
1999-03-22,33.106
1999-03-23,33.127
1999-03-24,33.113
1999-03-25,33.111
1999-03-26,33.124
1999-03-29,33.15
1999-03-30,33.145
1999-03-31,33.143
1999-04-01,33.123
1999-04-02,33.123
1999-04-06,33.135
1999-04-07,33.13
1999-04-08,33.118
1999-04-09,33.095
1999-04-12,33.01
1999-04-13,33
1999-04-14,32.952
1999-04-15,32.9
1999-04-16,32.852
1999-04-19,32.75
1999-04-20,32.728
1999-04-21,32.775
1999-04-22,32.795
1999-04-23,32.721
1999-04-26,32.695
1999-04-27,32.682
1999-04-28,32.681
1999-04-29,32.689
1999-04-30,32.688
1999-05-03,32.686
1999-05-04,32.723
1999-05-05,32.749
1999-05-06,32.742
1999-05-07,32.762
1999-05-10,32.761
1999-05-11,32.735
1999-05-12,32.726
1999-05-13,32.734
1999-05-14,32.749
1999-05-17,32.781
1999-05-18,32.777
1999-05-19,32.796
1999-05-20,32.825
1999-05-21,32.79
1999-05-24,32.787
1999-05-25,32.753
1999-05-26,32.777
1999-05-27,32.772
1999-05-28,32.743
1999-05-31,32.729
1999-06-01,32.737
1999-06-02,32.735
1999-06-03,32.733
1999-06-04,32.737
1999-06-07,32.629
1999-06-08,32.579
1999-06-09,32.528
1999-06-10,32.49
1999-06-11,32.459
1999-06-14,32.427
1999-06-15,32.384
1999-06-16,32.374
1999-06-17,32.352
1999-06-21,32.349
1999-06-22,32.348
1999-06-23,32.348
1999-06-24,32.353
1999-06-25,32.352
1999-06-28,32.351
1999-06-29,32.318
1999-06-30,32.304
1999-07-02,32.291
1999-07-05,32.296
1999-07-06,32.282
1999-07-07,32.285
1999-07-08,32.285
1999-07-09,32.283
1999-07-12,32.255
1999-07-13,32.275
1999-07-14,32.272
1999-07-15,32.27
1999-07-16,32.365
1999-07-19,32.332
1999-07-20,32.257
1999-07-21,32.281
1999-07-22,32.285
1999-07-23,32.272
1999-07-26,32.268
1999-07-27,32.265
1999-07-28,32.242
1999-07-29,32.21
1999-07-30,32.192
1999-07-31,32.145
1999-08-02,32.143
1999-08-03,32.169
1999-08-04,32.099
1999-08-05,32.086
1999-08-06,32.109
1999-08-09,32.112
1999-08-10,32.109
1999-08-11,32.118
1999-08-12,32.131
1999-08-13,32.084
1999-08-16,31.999
1999-08-17,31.969
1999-08-18,31.95
1999-08-19,31.929
1999-08-20,31.923
1999-08-23,31.883
1999-08-24,31.882
1999-08-25,31.867
1999-08-26,31.864
1999-08-27,31.858
1999-08-30,31.85
1999-08-31,31.843
1999-09-01,31.83
1999-09-02,31.825
1999-09-03,31.823
1999-09-06,31.821
1999-09-07,31.838
1999-09-08,31.846
1999-09-09,31.819
1999-09-10,31.8
1999-09-13,31.78
1999-09-14,31.765
1999-09-15,31.755
1999-09-16,31.75
1999-09-17,31.78
1999-09-20,31.796
1999-09-22,31.796
1999-09-23,31.795
1999-09-27,31.795
1999-09-28,31.8
1999-09-29,31.799
1999-09-30,31.787
1999-10-01,31.786
1999-10-04,31.782
1999-10-05,31.785
1999-10-06,31.787
1999-10-07,31.784
1999-10-08,31.778
1999-10-11,31.772
1999-10-12,31.768
1999-10-13,31.772
1999-10-14,31.771
1999-10-15,31.769
1999-10-18,31.765
1999-10-19,31.769
1999-10-20,31.769
1999-10-21,31.766
1999-10-22,31.761
1999-10-25,31.757
1999-10-26,31.753
1999-10-27,31.747
1999-10-28,31.743
1999-10-29,31.74
1999-10-30,31.736
1999-11-01,31.731
1999-11-02,31.728
1999-11-03,31.722
1999-11-04,31.732
1999-11-05,31.745
1999-11-08,31.763
1999-11-09,31.758
1999-11-10,31.754
1999-11-11,31.745
1999-11-15,31.733
1999-11-16,31.743
1999-11-17,31.758
1999-11-18,31.749
1999-11-19,31.748
1999-11-22,31.732
1999-11-23,31.727
1999-11-24,31.727
1999-11-25,31.724
1999-11-26,31.724
1999-11-29,31.7
1999-11-30,31.672
1999-12-01,31.669
1999-12-02,31.667
1999-12-03,31.647
1999-12-06,31.614
1999-12-07,31.6
1999-12-08,31.605
1999-12-09,31.616
1999-12-10,31.618
1999-12-13,31.62
1999-12-14,31.637
1999-12-15,31.64
1999-12-16,31.647
1999-12-17,31.657
1999-12-20,31.661
1999-12-21,31.663
1999-12-22,31.662
1999-12-23,31.626
1999-12-24,31.608
1999-12-27,31.55
1999-12-28,31.502
1999-12-29,31.485
1999-12-30,31.395
2000-01-03,31.395
2000-01-04,30.602
2000-01-05,30.8
2000-01-06,30.854
2000-01-07,30.86
2000-01-10,30.835
2000-01-11,30.821
2000-01-12,30.828
2000-01-13,30.838
2000-01-14,30.85
2000-01-17,30.835
2000-01-18,30.837
2000-01-19,30.838
2000-01-20,30.832
2000-01-21,30.821
2000-01-24,30.812
2000-01-25,30.813
2000-01-26,30.794
2000-01-27,30.78
2000-01-28,30.709
2000-01-31,30.699
2000-02-01,30.685
2000-02-02,30.784
2000-02-03,30.788
2000-02-08,30.734
2000-02-09,30.637
2000-02-10,30.62
2000-02-11,30.625
2000-02-14,30.72
2000-02-15,30.712
2000-02-16,30.702
2000-02-17,30.715
2000-02-18,30.715
2000-02-21,30.707
2000-02-22,30.791
2000-02-23,30.785
2000-02-24,30.785
2000-02-25,30.764
2000-02-29,30.754
2000-03-01,30.736
2000-03-02,30.712
2000-03-03,30.745
2000-03-06,30.764
2000-03-07,30.762
2000-03-08,30.766
2000-03-09,30.758
2000-03-10,30.736
2000-03-13,30.741
2000-03-14,30.738
2000-03-15,30.742
2000-03-16,30.756
2000-03-17,30.766
2000-03-20,30.791
2000-03-21,30.738
2000-03-22,30.711
2000-03-23,30.674
2000-03-24,30.664
2000-03-27,30.627
2000-03-28,30.605
2000-03-29,30.531
2000-03-30,30.482
2000-03-31,30.49
2000-04-05,30.465
2000-04-06,30.469
2000-04-07,30.438
2000-04-10,30.302
2000-04-11,30.318
2000-04-12,30.309
2000-04-13,30.388
2000-04-14,30.46
2000-04-17,30.539
2000-04-18,30.535
2000-04-19,30.55
2000-04-20,30.552
2000-04-21,30.53
2000-04-24,30.566
2000-04-25,30.572
2000-04-26,30.631
2000-04-27,30.612
2000-04-28,30.618
2000-05-02,30.669
2000-05-03,30.693
2000-05-04,30.689
2000-05-05,30.648
2000-05-08,30.681
2000-05-09,30.69
2000-05-10,30.697
2000-05-11,30.752
2000-05-12,30.735
2000-05-15,30.767
2000-05-16,30.782
2000-05-17,30.686
2000-05-18,30.737
2000-05-19,30.713
2000-05-22,30.709
2000-05-23,30.749
2000-05-24,30.824
2000-05-25,30.813
2000-05-26,30.808
2000-05-29,30.846
2000-05-30,30.884
2000-05-31,30.813
2000-06-01,30.831
2000-06-02,30.831
2000-06-05,30.792
2000-06-07,30.791
2000-06-08,30.796
2000-06-09,30.786
2000-06-12,30.8
2000-06-13,30.801
2000-06-14,30.815
2000-06-15,30.828
2000-06-16,30.845
2000-06-19,30.843
2000-06-20,30.833
2000-06-21,30.817
2000-06-22,30.778
2000-06-23,30.767
2000-06-26,30.797
2000-06-27,30.79
2000-06-28,30.81
2000-06-29,30.808
2000-06-30,30.794
2000-07-03,30.812
2000-07-04,30.822
2000-07-05,30.814
2000-07-06,30.839
2000-07-07,30.839
2000-07-10,30.842
2000-07-11,30.842
2000-07-12,30.862
2000-07-13,30.887
2000-07-14,30.875
2000-07-17,30.912
2000-07-18,30.96
2000-07-19,31.014
2000-07-20,31.086
2000-07-21,31.019
2000-07-24,31.046
2000-07-25,31.063
2000-07-26,31.061
2000-07-27,31.052
2000-07-28,31.048
2000-07-31,31.067
2000-08-01,31.097
2000-08-02,31.086
2000-08-03,31.076
2000-08-04,31.071
2000-08-07,31.092
2000-08-08,31.088
2000-08-09,31.088
2000-08-10,31.069
2000-08-11,31.085
2000-08-14,31.085
2000-08-15,31.096
2000-08-16,31.095
2000-08-17,31.089
2000-08-18,31.086
2000-08-21,31.069
2000-08-22,31.08
2000-08-24,31.069
2000-08-25,31.072
2000-08-28,31.072
2000-08-29,31.07
2000-08-30,31.067
2000-08-31,31.07
2000-09-01,31.083
2000-09-04,31.063
2000-09-05,31.075
2000-09-06,31.075
2000-09-07,31.082
2000-09-08,31.089
2000-09-11,31.095
2000-09-13,31.112
2000-09-14,31.125
2000-09-15,31.151
2000-09-18,31.255
2000-09-19,31.275
2000-09-20,31.274
2000-09-21,31.263
2000-09-22,31.295
2000-09-25,31.272
2000-09-26,31.288
2000-09-27,31.291
2000-09-28,31.318
2000-09-29,31.318
2000-09-30,31.316
2000-10-02,31.314
2000-10-03,31.313
2000-10-04,31.322
2000-10-05,31.32
2000-10-06,31.296
2000-10-09,31.301
2000-10-11,31.298
2000-10-12,31.3
2000-10-13,31.92
2000-10-16,31.99
2000-10-17,32.26
2000-10-18,32.383
2000-10-19,32.325
2000-10-20,32.143
2000-10-23,32.076
2000-10-24,32.048
2000-10-25,32.072
2000-10-26,32.093
2000-10-27,32.267
2000-10-30,32.358
2000-10-31,32.357
2000-11-01,32.363
2000-11-02,32.271
2000-11-03,32.197
2000-11-06,32.159
2000-11-07,32.149
2000-11-08,32.119
2000-11-09,32.065
2000-11-10,32.062
2000-11-13,32.16
2000-11-14,32.168
2000-11-15,32.176
2000-11-16,32.196
2000-11-17,32.237
2000-11-20,32.442
2000-11-21,32.493
2000-11-22,32.87
2000-11-23,32.931
2000-11-24,32.875
2000-11-27,32.878
2000-11-28,32.928
2000-11-29,32.96
2000-11-30,33.046
2000-12-01,33.036
2000-12-04,33.071
2000-12-05,33.068
2000-12-06,33.065
2000-12-07,33.038
2000-12-08,33.02
2000-12-11,33.035
2000-12-12,33.088
2000-12-13,33.081
2000-12-14,33.077
2000-12-15,33.075
2000-12-18,33.076
2000-12-19,33.081
2000-12-20,33.129
2000-12-21,33.172
2000-12-22,33.18
2000-12-26,33.179
2000-12-27,33.165
2000-12-28,33.159
2000-12-29,33.079
2000-12-30,32.992
2001-01-02,32.943
2001-01-03,33.033
2001-01-04,32.948
2001-01-05,32.86
2001-01-08,32.789
2001-01-09,32.695
2001-01-10,32.673
2001-01-11,32.635
2001-01-12,32.699
2001-01-15,32.699
2001-01-16,32.686
2001-01-17,32.631
2001-01-18,32.616
2001-01-19,32.577
2001-01-20,32.564
2001-01-29,32.525
2001-01-30,32.435
2001-01-31,32.397
2001-02-01,32.365
2001-02-02,32.33
2001-02-05,32.309
2001-02-06,32.288
2001-02-07,32.288
2001-02-08,32.285
2001-02-09,32.282
2001-02-12,32.318
2001-02-13,32.334
2001-02-14,32.387
2001-02-15,32.344
2001-02-16,32.299
2001-02-19,32.29
2001-02-20,32.271
2001-02-21,32.287
2001-02-22,32.355
2001-02-23,32.351
2001-02-26,32.345
2001-02-27,32.343
2001-03-01,32.346
2001-03-02,32.359
2001-03-05,32.368
2001-03-06,32.362
2001-03-07,32.37
2001-03-08,32.381
2001-03-09,32.402
2001-03-12,32.473
2001-03-13,32.508
2001-03-14,32.52
2001-03-15,32.555
2001-03-16,32.683
2001-03-19,32.778
2001-03-20,32.775
2001-03-21,32.771
2001-03-22,32.864
2001-03-23,32.771
2001-03-26,32.699
2001-03-27,32.679
2001-03-28,32.669
2001-03-29,32.757
2001-03-30,32.837
2001-04-02,32.938
2001-04-03,32.9
2001-04-04,32.979
2001-04-06,32.94
2001-04-09,32.936
2001-04-10,32.927
2001-04-11,32.92
2001-04-12,32.909
2001-04-13,32.908
2001-04-16,32.931
2001-04-17,32.926
2001-04-18,32.92
2001-04-19,32.899
2001-04-20,32.89
2001-04-23,32.89
2001-04-24,32.885
2001-04-25,32.908
2001-04-26,32.918
2001-04-27,32.928
2001-04-30,32.918
2001-05-02,32.9
2001-05-03,32.89
2001-05-04,32.884
2001-05-07,32.879
2001-05-08,32.875
2001-05-09,32.879
2001-05-10,32.884
2001-05-11,32.882
2001-05-14,32.882
2001-05-15,32.93
2001-05-16,32.957
2001-05-17,32.952
2001-05-18,32.948
2001-05-21,33.456
2001-05-22,33.456
2001-05-23,33.437
2001-05-24,33.458
2001-05-25,33.495
2001-05-28,34.5
2001-05-29,34.072
2001-05-30,34.013
2001-05-31,33.965
2001-06-01,34.042
2001-06-04,34.065
2001-06-05,34.043
2001-06-06,34.065
2001-06-07,34.065
2001-06-08,34.053
2001-06-11,34.053
2001-06-12,34.065
2001-06-13,34.377
2001-06-14,34.395
2001-06-15,34.37
2001-06-18,34.379
2001-06-19,34.403
2001-06-20,34.4
2001-06-21,34.456
2001-06-22,34.434
2001-06-26,34.413
2001-06-27,34.456
2001-06-28,34.465
2001-06-29,34.435
2001-07-02,34.428
2001-07-03,34.394
2001-07-04,34.426
2001-07-05,34.465
2001-07-06,34.473
2001-07-09,34.545
2001-07-10,34.656
2001-07-11,35.05
2001-07-12,34.976
2001-07-13,34.975
2001-07-16,35.006
2001-07-17,35.047
2001-07-18,35.027
2001-07-19,35.015
2001-07-20,34.961
2001-07-23,34.893
2001-07-24,34.878
2001-07-25,34.85
2001-07-26,34.786
2001-07-27,34.767
2001-07-31,34.759
2001-08-01,34.73
2001-08-02,34.699
2001-08-03,34.669
2001-08-06,34.65
2001-08-07,34.668
2001-08-08,34.648
2001-08-09,34.662
2001-08-10,34.625
2001-08-13,34.599
2001-08-14,34.582
2001-08-15,34.57
2001-08-16,34.52
2001-08-17,34.541
2001-08-20,34.606
2001-08-21,34.586
2001-08-22,34.603
2001-08-23,34.629
2001-08-24,34.625
2001-08-27,34.609
2001-08-28,34.602
2001-08-29,34.593
2001-08-30,34.582
2001-08-31,34.554
2001-09-03,34.538
2001-09-04,34.548
2001-09-05,34.578
2001-09-06,34.616
2001-09-07,34.656
2001-09-10,34.651
2001-09-11,34.684
2001-09-12,34.599
2001-09-13,34.579
2001-09-14,34.575
2001-09-19,34.572
2001-09-20,34.575
2001-09-21,34.573
2001-09-24,34.578
2001-09-25,34.574
2001-09-26,34.568
2001-09-27,34.548
2001-09-28,34.549
2001-10-02,34.574
2001-10-03,34.569
2001-10-04,34.568
2001-10-05,34.559
2001-10-08,34.557
2001-10-09,34.555
2001-10-11,34.553
2001-10-12,34.55
2001-10-15,34.549
2001-10-16,34.549
2001-10-17,34.548
2001-10-18,34.545
2001-10-19,34.543
2001-10-22,34.543
2001-10-23,34.55
2001-10-24,34.545
2001-10-25,34.545
2001-10-26,34.539
2001-10-29,34.528
2001-10-30,34.526
2001-10-31,34.525
2001-11-01,34.529
2001-11-02,34.528
2001-11-05,34.526
2001-11-06,34.526
2001-11-07,34.52
2001-11-08,34.51
2001-11-09,34.5
2001-11-12,34.501
2001-11-13,34.505
2001-11-14,34.499
2001-11-15,34.501
2001-11-16,34.5
2001-11-19,34.495
2001-11-20,34.489
2001-11-21,34.483
2001-11-22,34.481
2001-11-23,34.481
2001-11-26,34.48
2001-11-27,34.468
2001-11-28,34.467
2001-11-29,34.465
2001-11-30,34.466
2001-12-03,34.465
2001-12-04,34.461
2001-12-05,34.46
2001-12-06,34.462
2001-12-07,34.455
2001-12-10,34.457
2001-12-11,34.456
2001-12-12,34.455
2001-12-13,34.464
2001-12-14,34.495
2001-12-17,34.58
2001-12-18,34.707
2001-12-19,34.727
2001-12-20,34.756
2001-12-21,34.916
2001-12-24,34.97
2001-12-25,35.021
2001-12-26,35.096
2001-12-27,35.127
2001-12-28,35.084
2001-12-31,34.999
2002-01-02,35.036
2002-01-03,35.03
2002-01-04,34.995
2002-01-07,34.943
2002-01-08,35.038
2002-01-09,35.05
2002-01-10,35.025
2002-01-11,35.045
2002-01-14,35.027
2002-01-15,34.999
2002-01-16,35
2002-01-17,35.006
2002-01-18,35.025
2002-01-21,35.01
2002-01-22,35.061
2002-01-23,35.082
2002-01-24,35.076
2002-01-25,35.057
2002-01-28,35.015
2002-01-29,35.001
2002-01-30,34.985
2002-01-31,34.98
2002-02-01,35.004
2002-02-04,34.998
2002-02-05,34.993
2002-02-06,35.016
2002-02-07,35.029
2002-02-08,35.08
2002-02-15,35.101
2002-02-18,35.085
2002-02-19,35.095
2002-02-20,35.098
2002-02-21,35.097
2002-02-22,35.102
2002-02-25,35.09
2002-02-26,35.088
2002-02-27,35.112
2002-03-01,35.103
2002-03-04,35.09
2002-03-05,35.069
2002-03-06,35.03
2002-03-07,34.989
2002-03-08,34.947
2002-03-11,34.949
2002-03-12,34.947
2002-03-13,34.98
2002-03-14,34.975
2002-03-15,34.985
2002-03-18,35.028
2002-03-19,35.049
2002-03-20,35.05
2002-03-21,35.035
2002-03-22,35.036
2002-03-25,35.046
2002-03-26,35.037
2002-03-27,35.024
2002-03-28,35.009
2002-03-29,35
2002-04-01,35.002
2002-04-02,35.005
2002-04-03,35.002
2002-04-04,34.999
2002-04-08,34.978
2002-04-09,34.982
2002-04-10,34.98
2002-04-11,34.99
2002-04-12,34.998
2002-04-15,34.992
2002-04-16,34.984
2002-04-17,34.963
2002-04-18,34.94
2002-04-19,34.898
2002-04-22,34.845
2002-04-23,34.81
2002-04-24,34.808
2002-04-25,34.783
2002-04-26,34.769
2002-04-29,34.73
2002-04-30,34.717
2002-05-02,34.645
2002-05-03,34.592
2002-05-06,34.565
2002-05-07,34.565
2002-05-08,34.588
2002-05-09,34.605
2002-05-10,34.573
2002-05-13,34.55
2002-05-14,34.579
2002-05-15,34.568
2002-05-16,34.538
2002-05-17,34.458
2002-05-20,34.412
2002-05-21,34.415
2002-05-22,34.393
2002-05-23,34.383
2002-05-24,34.414
2002-05-27,34.375
2002-05-28,34.309
2002-05-29,34.239
2002-05-30,34.19
2002-05-31,34.145
2002-06-03,34.139
2002-06-04,34.093
2002-06-05,34.097
2002-06-06,34.169
2002-06-07,34.159
2002-06-10,34.164
2002-06-11,34.117
2002-06-12,34.116
2002-06-13,34.121
2002-06-14,34.112
2002-06-17,34.101
2002-06-18,34.117
2002-06-19,34.099
2002-06-20,34.023
2002-06-21,33.855
2002-06-24,33.772
2002-06-25,33.738
2002-06-26,33.622
2002-06-27,33.6
2002-06-28,33.558
2002-07-01,33.568
2002-07-02,33.585
2002-07-03,33.595
2002-07-04,33.574
2002-07-05,33.58
2002-07-08,33.513
2002-07-09,33.38
2002-07-10,33.282
2002-07-11,33.284
2002-07-12,33.284
2002-07-15,33.206
2002-07-16,33.1
2002-07-17,32.999
2002-07-18,33.04
2002-07-19,33.023
2002-07-22,33.028
2002-07-23,33.289
2002-07-24,33.437
2002-07-25,33.409
2002-07-26,33.689
2002-07-29,33.894
2002-07-30,33.807
2002-07-31,33.758
2002-08-01,33.667
2002-08-02,33.723
2002-08-05,33.825
2002-08-06,34.03
2002-08-07,33.895
2002-08-08,33.998
2002-08-09,33.919
2002-08-12,33.87
2002-08-13,33.845
2002-08-14,33.735
2002-08-15,33.825
2002-08-16,33.89
2002-08-19,33.985
2002-08-20,34
2002-08-21,33.995
2002-08-22,34.057
2002-08-23,34.139
2002-08-26,34.245
2002-08-27,34.236
2002-08-28,34.23
2002-08-29,34.193
2002-08-30,34.247
2002-09-02,34.325
2002-09-03,34.325
2002-09-04,34.236
2002-09-05,34.122
2002-09-09,34.254
2002-09-10,34.303
2002-09-11,34.395
2002-09-12,34.41
2002-09-13,34.41
2002-09-16,34.776
2002-09-17,34.781
2002-09-18,34.685
2002-09-19,34.62
2002-09-20,34.772
2002-09-23,34.82
2002-09-24,34.835
2002-09-25,34.9
2002-09-26,34.993
2002-09-27,34.921
2002-09-30,34.918
2002-10-01,34.915
2002-10-02,34.979
2002-10-03,34.993
2002-10-04,34.994
2002-10-07,35.069
2002-10-08,35.118
2002-10-09,35.111
2002-10-11,35.157
2002-10-14,35.168
2002-10-15,35.168
2002-10-16,34.97
2002-10-17,34.85
2002-10-18,34.928
2002-10-21,34.895
2002-10-22,34.926
2002-10-23,34.79
2002-10-24,34.805
2002-10-25,34.805
2002-10-28,34.899
2002-10-29,34.815
2002-10-30,34.81
2002-10-31,34.761
2002-11-01,34.795
2002-11-04,34.698
2002-11-05,34.625
2002-11-06,34.685
2002-11-07,34.596
2002-11-08,34.505
2002-11-11,34.415
2002-11-12,34.565
2002-11-13,34.619
2002-11-14,34.736
2002-11-15,34.71
2002-11-18,34.757
2002-11-19,34.781
2002-11-20,34.865
2002-11-21,34.798
2002-11-22,34.757
2002-11-25,34.804
2002-11-26,34.773
2002-11-27,34.82
2002-11-28,34.805
2002-11-29,34.812
2002-12-02,34.838
2002-12-03,34.888
2002-12-04,34.881
2002-12-05,34.944
2002-12-06,34.902
2002-12-09,34.805
2002-12-10,34.854
2002-12-11,34.86
2002-12-12,34.838
2002-12-13,34.835
2002-12-16,34.796
2002-12-17,34.785
2002-12-18,34.848
2002-12-19,34.885
2002-12-20,34.853
2002-12-23,34.818
2002-12-24,34.848
2002-12-25,34.85
2002-12-26,34.868
2002-12-27,34.878
2002-12-30,34.835
2002-12-31,34.753
2003-01-02,34.791
2003-01-03,34.806
2003-01-06,34.645
2003-01-07,34.599
2003-01-08,34.642
2003-01-09,34.559
2003-01-10,34.594
2003-01-13,34.558
2003-01-14,34.528
2003-01-15,34.49
2003-01-16,34.45
2003-01-17,34.467
2003-01-20,34.485
2003-01-21,34.68
2003-01-22,34.644
2003-01-23,34.658
2003-01-24,34.575
2003-01-27,34.56
2003-01-28,34.66
2003-01-29,34.655
2003-01-30,34.703
2003-02-06,34.734
2003-02-07,34.757
2003-02-10,34.779
2003-02-11,34.855
2003-02-12,34.815
2003-02-13,34.817
2003-02-14,34.819
2003-02-17,34.832
2003-02-18,34.788
2003-02-19,34.804
2003-02-20,34.792
2003-02-21,34.751
2003-02-24,34.778
2003-02-25,34.74
2003-02-26,34.784
2003-02-27,34.746
2003-03-03,34.759
2003-03-04,34.662
2003-03-05,34.615
2003-03-06,34.668
2003-03-07,34.64
2003-03-10,34.597
2003-03-11,34.62
2003-03-12,34.721
2003-03-13,34.739
2003-03-14,34.707
2003-03-17,34.703
2003-03-18,34.73
2003-03-19,34.78
2003-03-20,34.775
2003-03-21,34.791
2003-03-24,34.788
2003-03-25,34.753
2003-03-26,34.794
2003-03-27,34.79
2003-03-28,34.792
2003-03-31,34.75
2003-04-01,34.768
2003-04-02,34.798
2003-04-03,34.812
2003-04-04,34.825
2003-04-07,34.844
2003-04-08,34.818
2003-04-09,34.812
2003-04-10,34.767
2003-04-11,34.796
2003-04-14,34.806
2003-04-15,34.813
2003-04-16,34.797
2003-04-17,34.778
2003-04-18,34.785
2003-04-21,34.796
2003-04-22,34.816
2003-04-23,34.812
2003-04-24,34.856
2003-04-25,34.944
2003-04-28,34.938
2003-04-29,34.898
2003-04-30,34.849
2003-05-02,34.792
2003-05-05,34.801
2003-05-06,34.745
2003-05-07,34.712
2003-05-08,34.719
2003-05-09,34.775
2003-05-12,34.715
2003-05-13,34.721
2003-05-14,34.691
2003-05-15,34.647
2003-05-16,34.708
2003-05-19,34.628
2003-05-20,34.695
2003-05-21,34.657
2003-05-22,34.69
2003-05-23,34.707
2003-05-26,34.709
2003-05-27,34.712
2003-05-28,34.73
2003-05-29,34.772
2003-05-30,34.712
2003-06-02,34.699
2003-06-03,34.687
2003-06-05,34.665
2003-06-06,34.665
2003-06-09,34.662
2003-06-10,34.677
2003-06-11,34.682
2003-06-12,34.667
2003-06-13,34.645
2003-06-16,34.599
2003-06-17,34.522
2003-06-18,34.545
2003-06-19,34.614
2003-06-20,34.593
2003-06-23,34.591
2003-06-24,34.58
2003-06-25,34.556
2003-06-26,34.576
2003-06-27,34.615
2003-06-30,34.612
2003-07-01,34.584
2003-07-02,34.536
2003-07-03,34.465
2003-07-04,34.39
2003-07-07,34.405
2003-07-08,34.38
2003-07-09,34.35
2003-07-10,34.341
2003-07-11,34.4
2003-07-14,34.376
2003-07-15,34.364
2003-07-16,34.41
2003-07-17,34.42
2003-07-18,34.468
2003-07-21,34.425
2003-07-22,34.441
2003-07-23,34.417
2003-07-24,34.398
2003-07-25,34.405
2003-07-28,34.388
2003-07-29,34.38
2003-07-30,34.4
2003-07-31,34.417
2003-08-01,34.51
2003-08-04,34.43
2003-08-05,34.466
2003-08-06,34.446
2003-08-07,34.446
2003-08-08,34.415
2003-08-11,34.389
2003-08-12,34.382
2003-08-13,34.385
2003-08-14,34.387
2003-08-15,34.358
2003-08-18,34.358
2003-08-19,34.353
2003-08-20,34.298
2003-08-21,34.238
2003-08-22,34.217
2003-08-25,34.18
2003-08-26,34.194
2003-08-27,34.209
2003-08-28,34.21
2003-08-29,34.17
2003-09-01,34.112
2003-09-02,34.115
2003-09-03,34.095
2003-09-04,34.12
2003-09-05,34.117
2003-09-08,34.129
2003-09-09,34.097
2003-09-10,34.09
2003-09-12,34.1
2003-09-15,34.147
2003-09-16,34.103
2003-09-17,34.09
2003-09-18,34.091
2003-09-19,34.058
2003-09-22,33.805
2003-09-23,33.735
2003-09-24,33.76
2003-09-25,33.795
2003-09-26,33.791
2003-09-29,33.79
2003-09-30,33.78
2003-10-01,33.81
2003-10-02,33.768
2003-10-03,33.767
2003-10-06,33.81
2003-10-07,33.793
2003-10-08,33.768
2003-10-09,33.743
2003-10-13,33.71
2003-10-14,34.051
2003-10-15,33.9
2003-10-16,33.95
2003-10-17,33.92
2003-10-20,33.915
2003-10-21,34
2003-10-22,34.005
2003-10-23,33.975
2003-10-24,34.02
2003-10-27,33.992
2003-10-28,33.988
2003-10-29,33.945
2003-10-30,33.91
2003-10-31,33.98
2003-11-03,34.025
2003-11-04,34.025
2003-11-05,34.018
2003-11-06,34.02
2003-11-07,34.012
2003-11-10,33.975
2003-11-11,34.029
2003-11-12,34.009
2003-11-13,33.995
2003-11-14,33.984
2003-11-17,34.024
2003-11-18,34.024
2003-11-19,34.004
2003-11-20,34.027
2003-11-21,34.045
2003-11-24,34.07
2003-11-25,34.11
2003-11-26,34.18
2003-11-27,34.22
2003-11-28,34.208
2003-12-01,34.167
2003-12-02,34.148
2003-12-03,34.115
2003-12-04,34.098
2003-12-05,34.104
2003-12-08,34.06
2003-12-09,34.015
2003-12-10,34.04
2003-12-11,34.048
2003-12-12,34.028
2003-12-15,34.015
2003-12-16,34.016
2003-12-17,34.042
2003-12-18,34.054
2003-12-19,34.052
2003-12-22,34.058
2003-12-23,34.05
2003-12-24,34.056
2003-12-25,34.045
2003-12-26,34.052
2003-12-29,34.061
2003-12-30,34.033
2003-12-31,33.978
2004-01-02,33.976
2004-01-05,33.9
2004-01-06,33.83
2004-01-07,33.809
2004-01-08,33.797
2004-01-09,33.788
2004-01-12,33.717
2004-01-13,33.718
2004-01-14,33.69
2004-01-15,33.7
2004-01-16,33.685
2004-01-19,33.68
2004-01-20,33.719
2004-01-27,33.525
2004-01-28,33.368
2004-01-29,33.388
2004-01-30,33.39
2004-02-02,33.333
2004-02-03,33.273
2004-02-04,33.288
2004-02-05,33.285
2004-02-06,33.295
2004-02-09,33.227
2004-02-10,33.195
2004-02-11,33.149
2004-02-12,33.129
2004-02-13,33.13
2004-02-16,33.105
2004-02-17,33.107
2004-02-18,33.1
2004-02-19,33.179
2004-02-20,33.22
2004-02-23,33.299
2004-02-24,33.301
2004-02-25,33.252
2004-02-26,33.311
2004-02-27,33.365
2004-03-01,33.32
2004-03-02,33.323
2004-03-03,33.377
2004-03-04,33.342
2004-03-05,33.401
2004-03-08,33.403
2004-03-09,33.327
2004-03-10,33.384
2004-03-11,33.387
2004-03-12,33.472
2004-03-15,33.427
2004-03-16,33.36
2004-03-17,33.293
2004-03-18,33.228
2004-03-19,33.253
2004-03-22,33.285
2004-03-23,33.285
2004-03-24,33.251
2004-03-25,33.278
2004-03-26,33.274
2004-03-29,33.194
2004-03-30,33.16
2004-03-31,33.02
2004-04-01,32.95
2004-04-02,32.929
2004-04-05,32.949
2004-04-06,32.99
2004-04-07,32.924
2004-04-08,32.91
2004-04-09,32.94
2004-04-12,32.884
2004-04-13,32.798
2004-04-14,32.92
2004-04-15,33.015
2004-04-16,32.975
2004-04-19,32.925
2004-04-20,32.945
2004-04-21,33.021
2004-04-22,33.11
2004-04-23,33.093
2004-04-26,33.062
2004-04-27,33.044
2004-04-28,33.081
2004-04-29,33.295
2004-04-30,33.369
2004-05-03,33.328
2004-05-04,33.277
2004-05-05,33.252
2004-05-06,33.195
2004-05-07,33.314
2004-05-10,33.6
2004-05-11,33.647
2004-05-12,33.505
2004-05-13,33.621
2004-05-14,33.663
2004-05-17,33.686
2004-05-18,33.683
2004-05-19,33.516
2004-05-20,33.617
2004-05-21,33.549
2004-05-24,33.588
2004-05-25,33.619
2004-05-26,33.561
2004-05-27,33.537
2004-05-28,33.449
2004-05-31,33.389
2004-06-01,33.445
2004-06-02,33.559
2004-06-03,33.591
2004-06-04,33.582
2004-06-07,33.487
2004-06-08,33.47
2004-06-09,33.425
2004-06-10,33.53
2004-06-11,33.605
2004-06-14,33.7
2004-06-15,33.696
2004-06-16,33.694
2004-06-17,33.711
2004-06-18,33.785
2004-06-21,33.775
2004-06-23,33.78
2004-06-24,33.707
2004-06-25,33.68
2004-06-28,33.751
2004-06-29,33.767
2004-06-30,33.775
2004-07-01,33.699
2004-07-02,33.724
2004-07-05,33.71
2004-07-06,33.733
2004-07-07,33.712
2004-07-08,33.746
2004-07-09,33.719
2004-07-12,33.7
2004-07-13,33.732
2004-07-14,33.787
2004-07-15,33.911
2004-07-16,33.877
2004-07-19,33.876
2004-07-20,33.935
2004-07-21,33.946
2004-07-22,33.994
2004-07-23,34.065
2004-07-26,34.098
2004-07-27,34.135
2004-07-28,34.199
2004-07-29,34.185
2004-07-30,34.136
2004-08-02,34.103
2004-08-03,34.1
2004-08-04,34.173
2004-08-05,34.155
2004-08-06,34.156
2004-08-09,34.106
2004-08-10,34.098
2004-08-11,34.14
2004-08-12,34.14
2004-08-13,34.192
2004-08-16,34.195
2004-08-17,34.188
2004-08-18,34.179
2004-08-19,34.07
2004-08-20,34.046
2004-08-23,34.068
2004-08-26,34.075
2004-08-27,34.065
2004-08-30,34.079
2004-08-31,34.053
2004-09-01,33.963
2004-09-02,33.92
2004-09-03,33.907
2004-09-06,33.933
2004-09-07,33.929
2004-09-08,33.914
2004-09-09,33.902
2004-09-10,33.925
2004-09-13,33.907
2004-09-14,33.87
2004-09-15,33.811
2004-09-16,33.834
2004-09-17,33.868
2004-09-20,33.893
2004-09-21,33.92
2004-09-22,33.902
2004-09-23,33.96
2004-09-24,33.981
2004-09-27,33.998
2004-09-29,34.01
2004-09-30,33.984
2004-10-01,33.94
2004-10-04,33.876
2004-10-05,33.918
2004-10-06,33.919
2004-10-07,33.907
2004-10-08,33.88
2004-10-11,33.827
2004-10-12,33.878
2004-10-13,33.89
2004-10-14,33.87
2004-10-15,33.866
2004-10-18,33.862
2004-10-19,33.856
2004-10-20,33.814
2004-10-21,33.796
2004-10-22,33.796
2004-10-26,33.693
2004-10-27,33.615
2004-10-28,33.52
2004-10-29,33.435
2004-11-01,33.46
2004-11-02,33.482
2004-11-03,33.427
2004-11-04,33.285
2004-11-05,33.075
2004-11-08,32.89
2004-11-09,32.974
2004-11-10,33.117
2004-11-11,33.091
2004-11-12,32.99
2004-11-15,32.802
2004-11-16,32.819
2004-11-17,32.659
2004-11-18,32.42
2004-11-19,32.554
2004-11-22,32.479
2004-11-23,32.487
2004-11-24,32.387
2004-11-25,32.239
2004-11-26,32.095
2004-11-29,32.155
2004-11-30,32.205
2004-12-01,32.199
2004-12-02,31.99
2004-12-03,32.2
2004-12-06,32.07
2004-12-07,32.1
2004-12-08,32.26
2004-12-09,32.335
2004-12-10,32.475
2004-12-13,32.45
2004-12-14,32.444
2004-12-15,32.447
2004-12-16,32.34
2004-12-17,32.36
2004-12-20,32.408
2004-12-21,32.338
2004-12-22,32.302
2004-12-23,32.228
2004-12-24,32.19
2004-12-27,32.18
2004-12-28,32.03
2004-12-29,31.976
2004-12-30,31.978
2004-12-31,31.917
2005-01-03,31.845
2005-01-04,31.846
2005-01-05,32.06
2005-01-06,32.179
2005-01-07,32.138
2005-01-10,32.263
2005-01-11,32.122
2005-01-12,32.028
2005-01-13,31.868
2005-01-14,32.019
2005-01-17,31.804
2005-01-18,31.893
2005-01-19,31.802
2005-01-20,31.875
2005-01-21,31.913
2005-01-24,31.83
2005-01-25,31.881
2005-01-26,31.894
2005-01-27,31.863
2005-01-28,31.802
2005-01-31,31.79
2005-02-01,31.798
2005-02-02,31.699
2005-02-03,31.639
2005-02-04,31.623
2005-02-05,31.68
2005-02-14,31.651
2005-02-15,31.59
2005-02-16,31.569
2005-02-17,31.563
2005-02-18,31.542
2005-02-21,31.516
2005-02-22,31.332
2005-02-23,31.199
2005-02-24,31.175
2005-02-25,31.175
2005-03-01,31.045
2005-03-02,30.878
2005-03-03,30.863
2005-03-04,30.95
2005-03-07,30.879
2005-03-08,30.875
2005-03-09,30.819
2005-03-10,30.79
2005-03-11,30.82
2005-03-14,30.832
2005-03-15,31
2005-03-16,31.027
2005-03-17,31.092
2005-03-18,31.152
2005-03-21,31.294
2005-03-22,31.39
2005-03-23,31.369
2005-03-24,31.464
2005-03-25,31.5
2005-03-28,31.673
2005-03-29,31.776
2005-03-30,31.784
2005-03-31,31.53
2005-04-01,31.393
2005-04-04,31.585
2005-04-06,31.571
2005-04-07,31.555
2005-04-08,31.609
2005-04-11,31.56
2005-04-12,31.568
2005-04-13,31.54
2005-04-14,31.617
2005-04-15,31.699
2005-04-18,31.699
2005-04-19,31.573
2005-04-20,31.513
2005-04-21,31.541
2005-04-22,31.503
2005-04-25,31.374
2005-04-26,31.413
2005-04-27,31.441
2005-04-28,31.427
2005-04-29,31.279
2005-05-03,31.28
2005-05-04,31.189
2005-05-05,31.14
2005-05-06,31.16
2005-05-09,31.229
2005-05-10,31.218
2005-05-11,31.21
2005-05-12,31.263
2005-05-13,31.315
2005-05-16,31.411
2005-05-17,31.372
2005-05-18,31.383
2005-05-19,31.3
2005-05-20,31.319
2005-05-23,31.407
2005-05-24,31.356
2005-05-25,31.365
2005-05-26,31.403
2005-05-27,31.361
2005-05-30,31.33
2005-05-31,31.363
2005-06-01,31.39
2005-06-02,31.398
2005-06-03,31.303
2005-06-06,31.225
2005-06-07,31.226
2005-06-08,31.269
2005-06-09,31.308
2005-06-10,31.308
2005-06-13,31.379
2005-06-14,31.425
2005-06-15,31.385
2005-06-16,31.415
2005-06-17,31.323
2005-06-20,31.319
2005-06-21,31.39
2005-06-22,31.355
2005-06-23,31.359
2005-06-24,31.361
2005-06-27,31.365
2005-06-28,31.434
2005-06-29,31.61
2005-06-30,31.618
2005-07-01,31.687
2005-07-04,31.797
2005-07-05,32.04
2005-07-06,31.935
2005-07-07,32.07
2005-07-08,32.115
2005-07-11,31.984
2005-07-12,31.893
2005-07-13,31.979
2005-07-14,31.917
2005-07-15,31.942
2005-07-19,31.936
2005-07-20,32.001
2005-07-21,31.953
2005-07-22,31.648
2005-07-25,31.754
2005-07-26,31.866
2005-07-27,31.966
2005-07-28,31.953
2005-07-29,31.996
2005-08-01,31.92
2005-08-02,31.844
2005-08-03,31.893
2005-08-04,31.82
2005-08-08,31.949
2005-08-09,31.963
2005-08-10,31.929
2005-08-11,31.905
2005-08-12,31.892
2005-08-15,31.966
2005-08-16,31.992
2005-08-17,32.066
2005-08-18,32.114
2005-08-19,32.189
2005-08-22,32.118
2005-08-23,32.129
2005-08-24,32.28
2005-08-25,32.293
2005-08-26,32.31
2005-08-29,32.487
2005-08-30,32.657
2005-08-31,32.751
2005-09-02,32.529
2005-09-05,32.422
2005-09-06,32.586
2005-09-07,32.643
2005-09-08,32.746
2005-09-09,32.75
2005-09-12,32.684
2005-09-13,32.741
2005-09-14,32.774
2005-09-15,32.833
2005-09-16,32.931
2005-09-19,33.096
2005-09-20,33.048
2005-09-21,33.088
2005-09-22,33.135
2005-09-23,33.173
2005-09-26,33.274
2005-09-27,33.282
2005-09-28,33.282
2005-09-29,33.217
2005-09-30,33.188
2005-10-03,33.246
2005-10-04,33.298
2005-10-05,33.238
2005-10-06,33.26
2005-10-07,33.232
2005-10-11,33.262
2005-10-12,33.369
2005-10-13,33.469
2005-10-14,33.45
2005-10-17,33.45
2005-10-18,33.579
2005-10-19,33.678
2005-10-20,33.681
2005-10-21,33.633
2005-10-24,33.77
2005-10-25,33.741
2005-10-26,33.66
2005-10-27,33.666
2005-10-28,33.606
2005-10-31,33.551
2005-11-01,33.583
2005-11-02,33.587
2005-11-03,33.622
2005-11-04,33.657
2005-11-07,33.69
2005-11-08,33.716
2005-11-09,33.648
2005-11-10,33.605
2005-11-11,33.473
2005-11-14,33.395
2005-11-15,33.512
2005-11-16,33.622
2005-11-17,33.629
2005-11-18,33.631
2005-11-21,33.617
2005-11-22,33.626
2005-11-23,33.487
2005-11-24,33.486
2005-11-25,33.55
2005-11-28,33.598
2005-11-29,33.52
2005-11-30,33.516
2005-12-01,33.563
2005-12-02,33.53
2005-12-05,33.493
2005-12-06,33.461
2005-12-07,33.485
2005-12-08,33.501
2005-12-09,33.517
2005-12-12,33.554
2005-12-13,33.498
2005-12-14,33.362
2005-12-15,33.225
2005-12-16,33.174
2005-12-19,33.187
2005-12-20,33.25
2005-12-21,33.256
2005-12-22,33.261
2005-12-23,33.178
2005-12-26,33.098
2005-12-27,33.132
2005-12-28,33.107
2005-12-29,32.908
2005-12-30,32.85
2006-01-02,32.818
2006-01-03,32.645
2006-01-04,32.34
2006-01-05,32.016
2006-01-06,32.198
2006-01-09,31.952
2006-01-10,32.021
2006-01-11,32.07
2006-01-12,31.88
2006-01-13,31.995
2006-01-16,31.927
2006-01-17,31.999
2006-01-18,32.125
2006-01-19,32.14
2006-01-20,32.125
2006-01-23,31.983
2006-01-24,31.98
2006-01-25,31.97
2006-01-26,31.985
2006-01-27,31.985
2006-02-03,32.094
2006-02-06,32.095
2006-02-07,32.231
2006-02-08,32.35
2006-02-09,32.42
2006-02-10,32.267
2006-02-13,32.374
2006-02-14,32.3
2006-02-15,32.352
2006-02-16,32.401
2006-02-17,32.39
2006-02-20,32.4
2006-02-21,32.483
2006-02-22,32.646
2006-02-23,32.57
2006-02-24,32.492
2006-02-27,32.455
2006-03-01,32.283
2006-03-02,32.31
2006-03-03,32.401
2006-03-06,32.473
2006-03-07,32.529
2006-03-08,32.53
2006-03-09,32.523
2006-03-10,32.513
2006-03-13,32.5
2006-03-14,32.434
2006-03-15,32.4
2006-03-16,32.445
2006-03-17,32.43
2006-03-20,32.421
2006-03-21,32.501
2006-03-22,32.557
2006-03-23,32.578
2006-03-24,32.669
2006-03-27,32.57
2006-03-28,32.577
2006-03-29,32.598
2006-03-30,32.537
2006-03-31,32.46
2006-04-03,32.586
2006-04-04,32.472
2006-04-06,32.329
2006-04-07,32.328
2006-04-10,32.405
2006-04-11,32.446
2006-04-12,32.532
2006-04-13,32.498
2006-04-14,32.481
2006-04-17,32.46
2006-04-18,32.486
2006-04-19,32.408
2006-04-20,32.311
2006-04-21,32.309
2006-04-24,31.992
2006-04-25,31.993
2006-04-26,32.052
2006-04-27,31.923
2006-04-28,31.913
2006-05-02,31.786
2006-05-03,31.627
2006-05-04,31.689
2006-05-05,31.646
2006-05-08,31.38
2006-05-09,31.497
2006-05-10,31.338
2006-05-11,31.46
2006-05-12,31.398
2006-05-15,31.648
2006-05-16,31.82
2006-05-17,31.574
2006-05-18,31.853
2006-05-19,31.948
2006-05-22,32.146
2006-05-23,31.992
2006-05-24,32.012
2006-05-25,32.112
2006-05-26,32.038
2006-05-29,32.038
2006-05-30,32.019
2006-06-01,32.11
2006-06-02,32.08
2006-06-05,32.049
2006-06-06,32.062
2006-06-07,32.22
2006-06-08,32.513
2006-06-09,32.45
2006-06-12,32.543
2006-06-13,32.66
2006-06-14,32.62
2006-06-15,32.541
2006-06-16,32.48
2006-06-19,32.598
2006-06-20,32.596
2006-06-21,32.625
2006-06-22,32.638
2006-06-23,32.716
2006-06-26,32.729
2006-06-27,32.664
2006-06-28,32.655
2006-06-29,32.62
2006-06-30,32.399
2006-07-03,32.31
2006-07-04,32.248
2006-07-05,32.39
2006-07-06,32.459
2006-07-07,32.397
2006-07-10,32.347
2006-07-11,32.455
2006-07-12,32.487
2006-07-13,32.576
2006-07-14,32.687
2006-07-17,32.86
2006-07-18,32.866
2006-07-19,32.897
2006-07-20,32.74
2006-07-21,32.75
2006-07-24,32.855
2006-07-25,32.8
2006-07-26,32.849
2006-07-27,32.756
2006-07-28,32.795
2006-07-31,32.756
2006-08-01,32.818
2006-08-02,32.864
2006-08-03,32.865
2006-08-04,32.869
2006-08-07,32.803
2006-08-08,32.816
2006-08-09,32.777
2006-08-10,32.586
2006-08-11,32.644
2006-08-14,32.745
2006-08-15,32.756
2006-08-16,32.749
2006-08-17,32.627
2006-08-18,32.667
2006-08-21,32.69
2006-08-22,32.76
2006-08-23,32.779
2006-08-24,32.845
2006-08-25,32.888
2006-08-28,32.918
2006-08-29,32.88
2006-08-30,32.91
2006-08-31,32.906
2006-09-01,32.884
2006-09-04,32.749
2006-09-05,32.77
2006-09-06,32.812
2006-09-07,32.86
2006-09-08,32.88
2006-09-11,32.92
2006-09-12,32.914
2006-09-13,32.897
2006-09-14,32.915
2006-09-15,32.936
2006-09-18,32.93
2006-09-19,32.906
2006-09-20,32.909
2006-09-21,32.895
2006-09-22,32.94
2006-09-25,32.939
2006-09-26,32.94
2006-09-27,32.958
2006-09-28,32.992
2006-09-29,33.098
2006-10-02,33.127
2006-10-03,33.055
2006-10-04,33.12
2006-10-05,33.093
2006-10-11,33.29
2006-10-12,33.239
2006-10-13,33.13
2006-10-14,33.174
2006-10-16,33.234
2006-10-17,33.158
2006-10-18,33.18
2006-10-19,33.199
2006-10-20,33.202
2006-10-23,33.276
2006-10-24,33.308
2006-10-25,33.316
2006-10-26,33.265
2006-10-27,33.28
2006-10-30,33.221
2006-10-31,33.26
2006-11-01,33.167
2006-11-02,33.045
2006-11-03,32.92
2006-11-06,32.95
2006-11-07,32.84
2006-11-08,32.869
2006-11-09,32.87
2006-11-10,32.819
2006-11-13,32.736
2006-11-14,32.765
2006-11-15,32.813
2006-11-16,32.843
2006-11-17,32.934
2006-11-20,32.936
2006-11-21,32.873
2006-11-22,32.812
2006-11-23,32.79
2006-11-24,32.833
2006-11-27,32.704
2006-11-28,32.675
2006-11-29,32.5
2006-11-30,32.432
2006-12-01,32.37
2006-12-04,32.398
2006-12-05,32.304
2006-12-06,32.297
2006-12-07,32.3
2006-12-08,32.39
2006-12-11,32.49
2006-12-12,32.489
2006-12-13,32.522
2006-12-14,32.557
2006-12-15,32.587
2006-12-18,32.6
2006-12-19,32.744
2006-12-20,32.617
2006-12-21,32.553
2006-12-22,32.565
2006-12-25,32.61
2006-12-26,32.65
2006-12-27,32.699
2006-12-28,32.66
2006-12-29,32.596
2007-01-02,32.403
2007-01-03,32.407
2007-01-04,32.55
2007-01-05,32.609
2007-01-08,32.676
2007-01-09,32.69
2007-01-10,32.759
2007-01-11,32.774
2007-01-12,32.76
2007-01-15,32.757
2007-01-16,32.775
2007-01-17,32.792
2007-01-18,32.792
2007-01-19,32.81
2007-01-22,32.92
2007-01-23,32.947
2007-01-24,32.807
2007-01-25,32.849
2007-01-26,32.938
2007-01-29,32.97
2007-01-30,32.973
2007-01-31,32.949
2007-02-01,32.864
2007-02-02,32.916
2007-02-05,32.917
2007-02-06,32.968
2007-02-07,32.995
2007-02-08,33.01
2007-02-09,32.971
2007-02-12,33.024
2007-02-13,33.081
2007-02-14,32.99
2007-02-15,32.908
2007-02-16,32.993
2007-02-26,32.974
2007-02-27,32.95
2007-03-01,32.91
2007-03-02,32.918
2007-03-03,32.863
2007-03-05,32.899
2007-03-06,32.97
2007-03-07,32.976
2007-03-08,32.913
2007-03-09,32.968
2007-03-12,33.029
2007-03-13,32.978
2007-03-14,32.996
2007-03-15,33.029
2007-03-16,33.102
2007-03-19,33.108
2007-03-20,33.125
2007-03-21,33.106
2007-03-22,32.993
2007-03-23,33.04
2007-03-26,33.056
2007-03-27,33.076
2007-03-28,33.076
2007-03-29,33.064
2007-03-30,33.089
2007-04-02,33.098
2007-04-03,33.116
2007-04-04,33.081
2007-04-09,33.072
2007-04-10,33.088
2007-04-11,33.095
2007-04-12,33.105
2007-04-13,33.101
2007-04-14,33.106
2007-04-16,33.154
2007-04-17,33.161
2007-04-18,33.159
2007-04-19,33.136
2007-04-20,33.137
2007-04-23,33.166
2007-04-24,33.183
2007-04-25,33.192
2007-04-26,33.216
2007-04-27,33.265
2007-04-30,33.276
2007-05-02,33.286
2007-05-03,33.281
2007-05-04,33.28
2007-05-07,33.22
2007-05-08,33.254
2007-05-09,33.275
2007-05-10,33.288
2007-05-11,33.3
2007-05-14,33.313
2007-05-15,33.335
2007-05-16,33.331
2007-05-17,33.346
2007-05-18,33.371
2007-05-21,33.37
2007-05-22,33.385
2007-05-23,33.398
2007-05-24,33.298
2007-05-25,33.239
2007-05-28,33.148
2007-05-29,33.019
2007-05-30,32.979
2007-05-31,33.019
2007-06-01,33.009
2007-06-04,33.005
2007-06-05,33.012
2007-06-06,33.021
2007-06-07,33.032
2007-06-08,32.99
2007-06-11,33.009
2007-06-12,33.02
2007-06-13,33.039
2007-06-14,33.085
2007-06-15,33.142
2007-06-20,32.981
2007-06-21,32.928
2007-06-22,32.754
2007-06-23,32.736
2007-06-25,32.765
2007-06-26,32.764
2007-06-27,32.785
2007-06-28,32.836
2007-06-29,32.735
2007-07-02,32.765
2007-07-03,32.788
2007-07-04,32.768
2007-07-05,32.789
2007-07-06,32.809
2007-07-09,32.666
2007-07-10,32.752
2007-07-11,32.734
2007-07-12,32.793
2007-07-13,32.762
2007-07-16,32.808
2007-07-17,32.825
2007-07-18,32.821
2007-07-19,32.825
2007-07-20,32.79
2007-07-23,32.79
2007-07-24,32.758
2007-07-25,32.792
2007-07-26,32.84
2007-07-27,32.861
2007-07-30,32.827
2007-07-31,32.805
2007-08-01,32.866
2007-08-02,32.864
2007-08-03,32.871
2007-08-06,32.888
2007-08-07,32.896
2007-08-08,32.895
2007-08-09,32.885
2007-08-10,32.965
2007-08-13,32.965
2007-08-14,32.968
2007-08-15,33.01
2007-08-16,33.128
2007-08-17,32.931
2007-08-20,32.89
2007-08-21,32.921
2007-08-22,32.939
2007-08-23,32.945
2007-08-24,32.98
2007-08-27,32.994
2007-08-28,33.002
2007-08-29,33.06
2007-08-30,33.05
2007-08-31,32.996
2007-09-03,33.007
2007-09-04,33.025
2007-09-05,33.042
2007-09-06,33.041
2007-09-07,33.05
2007-09-10,33.06
2007-09-11,33.071
2007-09-12,33.069
2007-09-13,33.066
2007-09-14,33.071
2007-09-17,33.11
2007-09-19,33.09
2007-09-20,33.066
2007-09-21,32.953
2007-09-26,32.927
2007-09-27,32.825
2007-09-28,32.667
2007-09-29,32.58
2007-10-01,32.578
2007-10-02,32.573
2007-10-03,32.573
2007-10-04,32.599
2007-10-05,32.597
2007-10-08,32.588
2007-10-09,32.591
2007-10-11,32.582
2007-10-12,32.581
2007-10-15,32.598
2007-10-16,32.597
2007-10-17,32.605
2007-10-18,32.595
2007-10-19,32.572
2007-10-22,32.57
2007-10-23,32.58
2007-10-24,32.565
2007-10-25,32.499
2007-10-26,32.465
2007-10-29,32.415
2007-10-30,32.41
2007-10-31,32.41
2007-11-01,32.39
2007-11-02,32.39
2007-11-05,32.405
2007-11-06,32.4
2007-11-07,32.375
2007-11-08,32.308
2007-11-09,32.288
2007-11-12,32.29
2007-11-13,32.299
2007-11-14,32.288
2007-11-15,32.298
2007-11-16,32.336
2007-11-19,32.351
2007-11-20,32.35
2007-11-21,32.348
2007-11-22,32.34
2007-11-23,32.324
2007-11-26,32.32
2007-11-27,32.32
2007-11-28,32.326
2007-11-29,32.3
2007-11-30,32.268
2007-12-03,32.304
2007-12-04,32.305
2007-12-05,32.303
2007-12-06,32.309
2007-12-07,32.309
2007-12-10,32.322
2007-12-11,32.338
2007-12-12,32.363
2007-12-13,32.36
2007-12-14,32.376
2007-12-17,32.481
2007-12-18,32.517
2007-12-19,32.507
2007-12-20,32.496
2007-12-21,32.485
2007-12-24,32.498
2007-12-25,32.499
2007-12-26,32.529
2007-12-27,32.526
2007-12-28,32.499
2007-12-31,32.443
2008-01-02,32.443
2008-01-03,32.431
2008-01-04,32.439
2008-01-07,32.466
2008-01-08,32.457
2008-01-09,32.466
2008-01-10,32.487
2008-01-11,32.466
2008-01-14,32.37
2008-01-15,32.26
2008-01-16,32.272
2008-01-17,32.278
2008-01-18,32.315
2008-01-21,32.348
2008-01-22,32.439
2008-01-23,32.405
2008-01-24,32.352
2008-01-25,32.3
2008-01-28,32.345
2008-01-29,32.314
2008-01-30,32.248
2008-01-31,32.198
2008-02-01,32.178
2008-02-04,32.07
2008-02-05,32.01
2008-02-12,31.884
2008-02-13,31.688
2008-02-14,31.7
2008-02-15,31.74
2008-02-18,31.746
2008-02-19,31.698
2008-02-20,31.648
2008-02-21,31.521
2008-02-22,31.495
2008-02-25,31.388
2008-02-26,31.21
2008-02-27,30.929
2008-02-29,30.95
2008-03-03,31.102
2008-03-04,30.95
2008-03-05,30.879
2008-03-06,30.748
2008-03-07,30.75
2008-03-10,30.658
2008-03-11,30.624
2008-03-12,30.69
2008-03-13,30.686
2008-03-14,30.744
2008-03-17,30.85
2008-03-18,30.747
2008-03-19,30.72
2008-03-20,30.692
2008-03-21,30.55
2008-03-24,30.229
2008-03-25,30.1
2008-03-26,30.01
2008-03-27,30.18
2008-03-28,30.402
2008-03-31,30.405
2008-04-01,30.318
2008-04-02,30.38
2008-04-03,30.43
2008-04-07,30.418
2008-04-08,30.524
2008-04-09,30.465
2008-04-10,30.308
2008-04-11,30.319
2008-04-14,30.325
2008-04-15,30.266
2008-04-16,30.255
2008-04-17,30.275
2008-04-18,30.284
2008-04-21,30.288
2008-04-22,30.288
2008-04-23,30.293
2008-04-24,30.297
2008-04-25,30.34
2008-04-28,30.412
2008-04-29,30.408
2008-04-30,30.449
2008-05-02,30.455
2008-05-05,30.498
2008-05-06,30.49
2008-05-07,30.521
2008-05-08,30.824
2008-05-09,30.653
2008-05-12,30.85
2008-05-13,30.873
2008-05-14,31.002
2008-05-15,30.88
2008-05-16,30.66
2008-05-19,30.548
2008-05-20,30.584
2008-05-21,30.499
2008-05-22,30.38
2008-05-23,30.5
2008-05-26,30.507
2008-05-27,30.54
2008-05-28,30.512
2008-05-29,30.456
2008-05-30,30.413
2008-06-02,30.219
2008-06-03,30.29
2008-06-04,30.35
2008-06-05,30.392
2008-06-06,30.335
2008-06-09,30.299
2008-06-10,30.36
2008-06-11,30.375
2008-06-12,30.451
2008-06-13,30.451
2008-06-16,30.389
2008-06-17,30.317
2008-06-18,30.353
2008-06-19,30.38
2008-06-20,30.382
2008-06-23,30.401
2008-06-24,30.437
2008-06-25,30.38
2008-06-26,30.383
2008-06-27,30.388
2008-06-30,30.354
2008-07-01,30.36
2008-07-02,30.372
2008-07-03,30.39
2008-07-04,30.401
2008-07-07,30.399
2008-07-08,30.397
2008-07-09,30.399
2008-07-10,30.418
2008-07-11,30.392
2008-07-14,30.404
2008-07-15,30.39
2008-07-16,30.382
2008-07-17,30.359
2008-07-18,30.36
2008-07-21,30.363
2008-07-22,30.381
2008-07-23,30.394
2008-07-24,30.418
2008-07-25,30.407
2008-07-29,30.465
2008-07-30,30.51
2008-07-31,30.59
2008-08-01,30.645
2008-08-04,30.666
2008-08-05,30.721
2008-08-06,30.738
2008-08-07,30.87
2008-08-08,31.09
2008-08-11,31.166
2008-08-12,31.189
2008-08-13,31.15
2008-08-14,31.24
2008-08-15,31.33
2008-08-18,31.307
2008-08-19,31.389
2008-08-20,31.39
2008-08-21,31.389
2008-08-22,31.37
2008-08-25,31.43
2008-08-26,31.489
2008-08-27,31.481
2008-08-28,31.479
2008-08-29,31.52
2008-09-01,31.593
2008-09-02,31.75
2008-09-03,31.835
2008-09-04,31.761
2008-09-05,31.875
2008-09-08,31.799
2008-09-09,31.872
2008-09-10,31.863
2008-09-11,32.04
2008-09-12,32.041
2008-09-15,32.039
2008-09-16,32.07
2008-09-17,32.082
2008-09-18,32.218
2008-09-19,32.158
2008-09-22,32.03
2008-09-23,31.937
2008-09-24,31.961
2008-09-25,31.998
2008-09-26,32.045
2008-09-30,32.13
2008-10-01,32.029
2008-10-02,32.16
2008-10-03,32.187
2008-10-06,32.343
2008-10-07,32.35
2008-10-08,32.448
2008-10-09,32.437
2008-10-13,32.388
2008-10-14,32.388
2008-10-15,32.4
2008-10-16,32.537
2008-10-17,32.55
2008-10-20,32.58
2008-10-21,32.697
2008-10-22,32.99
2008-10-23,33.296
2008-10-24,33.412
2008-10-27,33.497
2008-10-28,33.438
2008-10-29,33.295
2008-10-30,32.799
2008-10-31,33
2008-11-03,32.898
2008-11-04,32.869
2008-11-05,32.83
2008-11-06,32.819
2008-11-07,32.824
2008-11-10,32.823
2008-11-11,32.874
2008-11-12,32.994
2008-11-13,33.177
2008-11-14,33.079
2008-11-17,33.17
2008-11-18,33.234
2008-11-19,33.265
2008-11-20,33.405
2008-11-21,33.388
2008-11-24,33.421
2008-11-25,33.352
2008-11-26,33.306
2008-11-27,33.302
2008-11-28,33.295
2008-12-01,33.35
2008-12-02,33.489
2008-12-03,33.528
2008-12-04,33.55
2008-12-05,33.549
2008-12-08,33.517
2008-12-09,33.546
2008-12-10,33.449
2008-12-11,33.309
2008-12-12,33.315
2008-12-15,33.199
2008-12-16,33.03
2008-12-17,32.72
2008-12-18,32.471
2008-12-19,32.53
2008-12-22,32.93
2008-12-23,33.085
2008-12-24,33.045
2008-12-25,33.03
2008-12-26,33.025
2008-12-29,33
2008-12-30,32.865
2008-12-31,32.86
2009-01-05,33.005
2009-01-06,33.054
2009-01-07,32.98
2009-01-08,33.115
2009-01-09,33.155
2009-01-10,33.16
2009-01-12,33.235
2009-01-13,33.265
2009-01-14,33.258
2009-01-15,33.379
2009-01-16,33.36
2009-01-17,33.501
2009-01-19,33.535
2009-01-20,33.639
2009-01-21,33.634
2009-01-22,33.55
2009-01-23,33.801
2009-02-02,33.749
2009-02-03,33.72
2009-02-04,33.67
2009-02-05,33.705
2009-02-06,33.75
2009-02-09,33.961
2009-02-10,33.967
2009-02-11,34.001
2009-02-12,34.025
2009-02-13,34.05
2009-02-16,34.28
2009-02-17,34.62
2009-02-18,34.65
2009-02-19,34.675
2009-02-20,34.808
2009-02-23,34.628
2009-02-24,34.797
2009-02-25,34.747
2009-02-26,34.85
2009-02-27,34.95
2009-03-02,35.174
2009-03-03,35.095
2009-03-04,35.067
2009-03-05,34.945
2009-03-06,34.78
2009-03-09,34.815
2009-03-10,34.6
2009-03-11,34.515
2009-03-12,34.494
2009-03-13,34.495
2009-03-16,34.416
2009-03-17,34.278
2009-03-18,34.156
2009-03-19,33.924
2009-03-20,33.8
2009-03-23,33.785
2009-03-24,33.788
2009-03-25,33.888
2009-03-26,33.82
2009-03-27,33.779
2009-03-30,34.015
2009-03-31,33.917
2009-04-01,33.835
2009-04-02,33.58
2009-04-03,33.38
2009-04-06,33.25
2009-04-07,33.569
2009-04-08,33.9
2009-04-09,33.777
2009-04-10,33.795
2009-04-13,33.697
2009-04-14,33.62
2009-04-15,33.79
2009-04-16,33.8
2009-04-17,33.816
2009-04-20,33.83
2009-04-21,33.86
2009-04-22,33.86
2009-04-23,33.82
2009-04-24,33.711
2009-04-27,33.73
2009-04-28,33.795
2009-04-29,33.658
2009-04-30,33.233
2009-05-04,33.192
2009-05-05,33.133
2009-05-06,33.18
2009-05-07,33.132
2009-05-08,33.04
2009-05-11,32.889
2009-05-12,32.893
2009-05-13,32.89
2009-05-14,32.955
2009-05-15,32.95
2009-05-18,32.994
2009-05-19,32.882
2009-05-20,32.855
2009-05-21,32.738
2009-05-22,32.679
2009-05-25,32.626
2009-05-26,32.66
2009-05-27,32.65
2009-06-01,32.375
2009-06-02,32.534
2009-06-03,32.505
2009-06-04,32.597
2009-06-05,32.607
2009-06-06,32.72
2009-06-08,32.875
2009-06-09,32.853
2009-06-10,32.715
2009-06-11,32.798
2009-06-12,32.8
2009-06-15,32.94
2009-06-16,32.885
2009-06-17,32.889
2009-06-18,32.904
2009-06-19,32.878
2009-06-22,32.898
2009-06-23,32.925
2009-06-24,32.862
2009-06-25,32.97
2009-06-26,32.925
2009-06-29,32.943
2009-06-30,32.818
2009-07-01,32.785
2009-07-02,32.947
2009-07-03,32.89
2009-07-06,32.988
2009-07-07,32.989
2009-07-08,33.036
2009-07-09,32.97
2009-07-10,33.05
2009-07-13,33.193
2009-07-14,33.09
2009-07-15,32.975
2009-07-16,32.959
2009-07-17,32.955
2009-07-20,32.794
2009-07-21,32.799
2009-07-22,32.875
2009-07-23,32.802
2009-07-24,32.955
2009-07-27,32.82
2009-07-28,32.743
2009-07-29,32.871
2009-07-30,32.857
2009-07-31,32.818
2009-08-03,32.768
2009-08-04,32.674
2009-08-05,32.72
2009-08-06,32.792
2009-08-10,32.818
2009-08-11,32.855
2009-08-12,32.95
2009-08-13,32.898
2009-08-14,32.895
2009-08-17,32.985
2009-08-18,32.964
2009-08-19,33.01
2009-08-20,32.966
2009-08-21,32.906
2009-08-24,32.863
2009-08-25,32.92
2009-08-26,32.924
2009-08-27,32.916
2009-08-28,32.925
2009-08-31,32.923
2009-09-01,32.857
2009-09-02,32.918
2009-09-03,32.907
2009-09-04,32.905
2009-09-07,32.865
2009-09-08,32.76
2009-09-09,32.745
2009-09-10,32.649
2009-09-11,32.628
2009-09-14,32.668
2009-09-15,32.637
2009-09-16,32.492
2009-09-17,32.41
2009-09-18,32.458
2009-09-21,32.419
2009-09-22,32.386
2009-09-23,32.369
2009-09-24,32.395
2009-09-25,32.428
2009-09-28,32.475
2009-09-29,32.376
2009-09-30,32.2
2009-10-01,32.319
2009-10-02,32.35
2009-10-05,32.255
2009-10-06,32.18
2009-10-07,32.18
2009-10-08,32.143
2009-10-09,32.24
2009-10-12,32.29
2009-10-13,32.302
2009-10-14,32.242
2009-10-15,32.218
2009-10-16,32.3
2009-10-19,32.325
2009-10-20,32.275
2009-10-21,32.359
2009-10-22,32.403
2009-10-23,32.398
2009-10-26,32.394
2009-10-27,32.48
2009-10-28,32.496
2009-10-29,32.58
2009-10-30,32.535
2009-11-02,32.553
2009-11-03,32.575
2009-11-04,32.558
2009-11-05,32.536
2009-11-06,32.509
2009-11-09,32.365
2009-11-10,32.349
2009-11-11,32.31
2009-11-12,32.33
2009-11-13,32.339
2009-11-16,32.198
2009-11-17,32.12
2009-11-18,32.128
2009-11-19,32.29
2009-11-20,32.35
2009-11-23,32.267
2009-11-24,32.288
2009-11-25,32.236
2009-11-26,32.244
2009-11-27,32.345
2009-11-30,32.185
2009-12-01,32.199
2009-12-02,32.17
2009-12-03,32.15
2009-12-04,32.17
2009-12-07,32.28
2009-12-08,32.35
2009-12-09,32.349
2009-12-10,32.308
2009-12-11,32.278
2009-12-14,32.31
2009-12-15,32.281
2009-12-16,32.328
2009-12-17,32.348
2009-12-18,32.38
2009-12-21,32.384
2009-12-22,32.355
2009-12-23,32.36
2009-12-24,32.3
2009-12-25,32.274
2009-12-28,32.294
2009-12-29,32.29
2009-12-30,32.238
2009-12-31,32.03
2010-01-04,31.898
2010-01-05,31.86
2010-01-06,31.875
2010-01-07,31.877
2010-01-08,31.88
2010-01-11,31.78
2010-01-12,31.79
2010-01-13,31.809
2010-01-14,31.755
2010-01-15,31.828
2010-01-18,31.79
2010-01-19,31.8
2010-01-20,31.99
2010-01-21,31.919
2010-01-22,31.98
2010-01-25,31.97
2010-01-26,32.055
2010-01-27,32.08
2010-01-28,31.999
2010-01-29,31.99
2010-02-01,32.101
2010-02-02,32.06
2010-02-03,32
2010-02-04,32.02
2010-02-05,32.187
2010-02-06,32.184
2010-02-08,32.195
2010-02-09,32.1
2010-02-10,32.066
2010-02-11,32.045
2010-02-12,32.1
2010-02-22,32.099
2010-02-23,32.05
2010-02-24,32.09
2010-02-25,32.12
2010-02-26,32.085
2010-03-01,32.048
2010-03-02,32.039
2010-03-03,32.004
2010-03-04,31.988
2010-03-05,32.02
2010-03-08,31.89
2010-03-09,31.85
2010-03-10,31.847
2010-03-11,31.847
2010-03-12,31.84
2010-03-15,31.82
2010-03-16,31.82
2010-03-17,31.747
2010-03-18,31.825
2010-03-19,31.799
2010-03-22,31.886
2010-03-23,31.85
2010-03-24,31.845
2010-03-25,31.88
2010-03-26,31.88
2010-03-29,31.815
2010-03-30,31.81
2010-03-31,31.819
2010-04-01,31.788
2010-04-02,31.759
2010-04-06,31.695
2010-04-07,31.628
2010-04-08,31.701
2010-04-09,31.615
2010-04-12,31.56
2010-04-13,31.58
2010-04-14,31.46
2010-04-15,31.375
2010-04-16,31.39
2010-04-19,31.492
2010-04-20,31.447
2010-04-21,31.388
2010-04-22,31.398
2010-04-23,31.46
2010-04-26,31.359
2010-04-27,31.412
2010-04-28,31.539
2010-04-29,31.45
2010-04-30,31.418
2010-05-03,31.519
2010-05-04,31.46
2010-05-05,31.6
2010-05-06,31.749
2010-05-07,31.85
2010-05-10,31.6
2010-05-11,31.829
2010-05-12,31.893
2010-05-13,31.778
2010-05-14,31.848
2010-05-17,32.1
2010-05-18,31.978
2010-05-19,32.098
2010-05-20,32.175
2010-05-21,32.25
2010-05-24,32.175
2010-05-25,32.385
2010-05-26,32.345
2010-05-27,32.187
2010-05-28,32.175
2010-05-31,32.225
2010-06-01,32.418
2010-06-02,32.315
2010-06-03,32.275
2010-06-04,32.35
2010-06-07,32.528
2010-06-08,32.51
2010-06-09,32.52
2010-06-10,32.49
2010-06-11,32.439
2010-06-14,32.351
2010-06-15,32.338
2010-06-17,32.31
2010-06-18,32.19
2010-06-21,31.999
2010-06-22,32.094
2010-06-23,32.189
2010-06-24,32.216
2010-06-25,32.18
2010-06-28,32.175
2010-06-29,32.279
2010-06-30,32.278
2010-07-01,32.297
2010-07-02,32.278
2010-07-05,32.22
2010-07-06,32.2
2010-07-07,32.22
2010-07-08,32.185
2010-07-09,32.125
2010-07-12,32.25
2010-07-13,32.3
2010-07-14,32.192
2010-07-15,32.187
2010-07-16,32.143
2010-07-19,32.155
2010-07-20,32.155
2010-07-21,32.15
2010-07-22,32.19
2010-07-23,32.152
2010-07-26,32.12
2010-07-27,32.09
2010-07-28,32.07
2010-07-29,32.068
2010-07-30,32.05
2010-08-02,31.868
2010-08-03,31.85
2010-08-04,31.87
2010-08-05,31.85
2010-08-06,31.819
2010-08-09,31.782
2010-08-10,31.855
2010-08-11,31.88
2010-08-12,31.99
2010-08-13,31.96
2010-08-16,32.01
2010-08-17,31.97
2010-08-18,31.966
2010-08-19,31.93
2010-08-20,31.935
2010-08-23,31.968
2010-08-24,32.08
2010-08-25,32.055
2010-08-26,32.037
2010-08-27,32.03
2010-08-30,32.06
2010-08-31,32.102
2010-09-01,32.075
2010-09-02,32.04
2010-09-03,32.018
2010-09-06,31.948
2010-09-07,32.016
2010-09-08,31.979
2010-09-09,31.939
2010-09-10,31.91
2010-09-13,31.85
2010-09-14,31.815
2010-09-15,31.798
2010-09-16,31.8
2010-09-17,31.739
2010-09-20,31.752
2010-09-21,31.765
2010-09-23,31.6
2010-09-24,31.62
2010-09-27,31.47
2010-09-28,31.5
2010-09-29,31.38
2010-09-30,31.33
2010-10-01,31.31
2010-10-04,31.25
2010-10-05,31.252
2010-10-06,31.132
2010-10-07,31.042
2010-10-08,31.095
2010-10-11,30.998
2010-10-12,31.07
2010-10-13,30.96
2010-10-14,30.77
2010-10-15,30.793
2010-10-18,30.885
2010-10-19,30.9
2010-10-20,30.93
2010-10-21,30.869
2010-10-22,30.91
2010-10-25,30.73
2010-10-26,30.76
2010-10-27,30.9
2010-10-28,30.824
2010-10-29,30.782
2010-11-01,30.695
2010-11-02,30.709
2010-11-03,30.65
2010-11-04,30.59
2010-11-05,30.56
2010-11-08,30.636
2010-11-09,30.63
2010-11-10,30.6
2010-11-11,30.532
2010-11-12,30.762
2010-11-15,30.732
2010-11-16,30.732
2010-11-17,30.793
2010-11-18,30.733
2010-11-19,30.673
2010-11-22,30.628
2010-11-23,30.799
2010-11-24,30.8
2010-11-25,30.8
2010-11-26,30.83
2010-11-29,30.8
2010-11-30,30.85
2010-12-01,30.852
2010-12-02,30.788
2010-12-03,30.745
2010-12-06,30.625
2010-12-07,30.63
2010-12-08,30.706
2010-12-09,30.555
2010-12-10,30.585
2010-12-13,30.6
2010-12-14,30.45
2010-12-15,30.5
2010-12-16,30.545
2010-12-17,30.51
2010-12-20,30.601
2010-12-21,30.6
2010-12-22,30.605
2010-12-23,30.485
2010-12-24,30.485
2010-12-27,30.425
2010-12-28,30.396
2010-12-29,30.367
2010-12-30,30.217
2010-12-31,30.368
2011-01-03,30.2
2011-01-04,30.201
2011-01-05,30.211
2011-01-06,30.101
2011-01-07,29.8
2011-01-10,29.8
2011-01-11,29.7
2011-01-12,29.6
2011-01-13,29.605
2011-01-14,29.6
2011-01-17,29.5
2011-01-18,29.45
2011-01-19,29.45
2011-01-20,29.46
2011-01-21,29.42
2011-01-24,29.32
2011-01-25,29.29
2011-01-26,29.3
2011-01-27,29.31
2011-01-28,29.28
2011-01-31,29.3
2011-02-01,29.2
2011-02-08,29.16
2011-02-09,29.1
2011-02-10,29.12
2011-02-11,29.23
2011-02-14,29.329
2011-02-15,29.469
2011-02-16,29.47
2011-02-17,29.432
2011-02-18,29.408
2011-02-21,29.366
2011-02-22,29.557
2011-02-23,29.572
2011-02-24,29.76
2011-02-25,29.754
2011-03-01,29.66
2011-03-02,29.665
2011-03-03,29.542
2011-03-04,29.462
2011-03-07,29.426
2011-03-08,29.437
2011-03-09,29.395
2011-03-10,29.506
2011-03-11,29.599
2011-03-14,29.509
2011-03-15,29.559
2011-03-16,29.556
2011-03-17,29.574
2011-03-18,29.6
2011-03-21,29.572
2011-03-22,29.542
2011-03-23,29.585
2011-03-24,29.583
2011-03-25,29.488
2011-03-28,29.499
2011-03-29,29.477
2011-03-30,29.51
2011-03-31,29.418
2011-04-01,29.32
2011-04-06,29.15
2011-04-07,29.05
2011-04-08,28.991
2011-04-11,28.992
2011-04-12,29.112
2011-04-13,29.089
2011-04-14,29.041
2011-04-15,29.05
2011-04-18,29.089
2011-04-19,29.125
2011-04-20,29.025
2011-04-21,28.926
2011-04-22,28.93
2011-04-25,28.93
2011-04-26,28.939
2011-04-27,28.9
2011-04-28,28.76
2011-04-29,28.762
2011-05-03,28.702
2011-05-04,28.67
2011-05-05,28.632
2011-05-06,28.778
2011-05-09,28.75
2011-05-10,28.725
2011-05-11,28.65
2011-05-12,28.793
2011-05-13,28.788
2011-05-16,28.888
2011-05-17,28.865
2011-05-18,28.85
2011-05-19,28.852
2011-05-20,28.78
2011-05-23,29.009
2011-05-24,28.93
2011-05-25,29.009
2011-05-26,28.945
2011-05-27,28.888
2011-05-30,28.83
2011-05-31,28.772
2011-06-01,28.7
2011-06-02,28.785
2011-06-03,28.75
2011-06-07,28.735
2011-06-08,28.72
2011-06-09,28.78
2011-06-10,28.835
2011-06-13,28.892
2011-06-14,28.85
2011-06-15,28.86
2011-06-16,29.005
2011-06-17,29
2011-06-20,29
2011-06-21,28.949
2011-06-22,28.879
2011-06-23,28.936
2011-06-24,28.962
2011-06-27,29.01
2011-06-28,28.962
2011-06-29,28.92
2011-06-30,28.802
2011-07-01,28.78
2011-07-04,28.752
2011-07-05,28.801
2011-07-06,28.851
2011-07-07,28.86
2011-07-08,28.795
2011-07-11,28.866
2011-07-12,28.998
2011-07-13,28.9
2011-07-14,28.839
2011-07-15,28.897
2011-07-18,28.96
2011-07-19,28.92
2011-07-20,28.87
2011-07-21,28.89
2011-07-22,28.83
2011-07-25,28.859
2011-07-26,28.829
2011-07-27,28.802
2011-07-28,28.845
2011-07-29,28.89
2011-08-01,28.838
2011-08-02,28.88
2011-08-03,28.938
2011-08-04,28.952
2011-08-05,29.025
2011-08-08,29.025
2011-08-09,29.05
2011-08-10,29.01
2011-08-11,29.06
2011-08-12,29.009
2011-08-15,28.952
2011-08-16,28.948
2011-08-17,28.962
2011-08-18,28.99
2011-08-19,29.076
2011-08-22,29.02
2011-08-23,28.99
2011-08-24,29.025
2011-08-25,29.041
2011-08-26,29.06
2011-08-29,29.039
2011-08-30,29.035
2011-08-31,29.02
2011-09-01,28.96
2011-09-02,29.025
2011-09-05,29.071
2011-09-06,29.112
2011-09-07,29.115
2011-09-08,29.15
2011-09-09,29.221
2011-09-13,29.487
2011-09-14,29.625
2011-09-15,29.635
2011-09-16,29.584
2011-09-19,29.78
2011-09-20,29.888
2011-09-21,29.95
2011-09-22,30.372
2011-09-23,30.388
2011-09-26,30.572
2011-09-27,30.456
2011-09-28,30.41
2011-09-29,30.44
2011-09-30,30.506
2011-10-03,30.587
2011-10-04,30.68
2011-10-05,30.632
2011-10-06,30.612
2011-10-07,30.493
2011-10-11,30.348
2011-10-12,30.4
2011-10-13,30.329
2011-10-14,30.3
2011-10-17,30.1
2011-10-18,30.201
2011-10-19,30.1
2011-10-20,30.269
2011-10-21,30.299
2011-10-24,30.133
2011-10-25,30.125
2011-10-26,30.125
2011-10-27,30.063
2011-10-28,29.869
2011-10-31,29.93
2011-11-01,30.086
2011-11-02,30.118
2011-11-03,30.22
2011-11-04,30.025
2011-11-07,30.108
2011-11-08,30.106
2011-11-09,30.066
2011-11-10,30.262
2011-11-11,30.188
2011-11-14,30.165
2011-11-15,30.21
2011-11-16,30.23
2011-11-17,30.21
2011-11-18,30.257
2011-11-21,30.26
2011-11-22,30.309
2011-11-23,30.395
2011-11-24,30.442
2011-11-25,30.46
2011-11-28,30.452
2011-11-29,30.412
2011-11-30,30.345
2011-12-01,30.146
2011-12-02,30.16
2011-12-05,30.182
2011-12-06,30.225
2011-12-07,30.168
2011-12-08,30.179
2011-12-09,30.239
2011-12-12,30.23
2011-12-13,30.26
2011-12-14,30.29
2011-12-15,30.37
2011-12-16,30.369
2011-12-19,30.398
2011-12-20,30.353
2011-12-21,30.285
2011-12-22,30.325
2011-12-23,30.296
2011-12-26,30.308
2011-12-27,30.312
2011-12-28,30.31
2011-12-29,30.29
2011-12-30,30.29
2012-01-02,30.315
2012-01-03,30.294
2012-01-04,30.29
2012-01-05,30.266
2012-01-06,30.245
2012-01-09,30.205
2012-01-10,30.051
2012-01-11,29.999
2012-01-12,30.002
2012-01-13,30
2012-01-16,30.07
2012-01-17,29.995
2012-01-18,29.978
2012-01-19,29.941
2012-01-20,29.99
2012-01-30,29.786
2012-01-31,29.62
2012-02-01,29.695
2012-02-02,29.55
2012-02-03,29.545
2012-02-04,29.525
2012-02-06,29.6
2012-02-07,29.57
2012-02-08,29.53
2012-02-09,29.495
2012-02-10,29.56
2012-02-13,29.535
2012-02-14,29.595
2012-02-15,29.535
2012-02-16,29.635
2012-02-17,29.583
2012-02-20,29.554
2012-02-21,29.568
2012-02-22,29.582
2012-02-23,29.596
2012-02-24,29.582
2012-02-29,29.42
2012-03-01,29.487
2012-03-02,29.461
2012-03-03,29.464
2012-03-05,29.518
2012-03-06,29.538
2012-03-07,29.565
2012-03-08,29.527
2012-03-09,29.504
2012-03-12,29.562
2012-03-13,29.528
2012-03-14,29.56
2012-03-15,29.57
2012-03-16,29.562
2012-03-19,29.532
2012-03-20,29.558
2012-03-21,29.576
2012-03-22,29.574
2012-03-23,29.585
2012-03-26,29.622
2012-03-27,29.584
2012-03-28,29.57
2012-03-29,29.582
2012-03-30,29.53
2012-04-02,29.506
2012-04-03,29.48
2012-04-05,29.519
2012-04-06,29.562
2012-04-09,29.568
2012-04-10,29.57
2012-04-11,29.562
2012-04-12,29.55
2012-04-13,29.528
2012-04-16,29.564
2012-04-17,29.542
2012-04-18,29.546
2012-04-19,29.532
2012-04-20,29.521
2012-04-23,29.524
2012-04-24,29.526
2012-04-25,29.514
2012-04-26,29.412
2012-04-27,29.332
2012-04-30,29.232
2012-05-02,29.24
2012-05-03,29.266
2012-05-04,29.28
2012-05-07,29.382
2012-05-08,29.37
2012-05-09,29.4
2012-05-10,29.395
2012-05-11,29.41
2012-05-14,29.502
2012-05-15,29.514
2012-05-16,29.635
2012-05-17,29.56
2012-05-18,29.63
2012-05-21,29.578
2012-05-22,29.546
2012-05-23,29.586
2012-05-24,29.645
2012-05-25,29.65
2012-05-28,29.65
2012-05-29,29.645
2012-05-30,29.762
2012-05-31,29.86
2012-06-01,29.931
2012-06-04,30.05
2012-06-05,30
2012-06-06,29.935
2012-06-07,29.906
2012-06-08,29.976
2012-06-11,29.92
2012-06-12,29.991
2012-06-13,29.98
2012-06-14,29.954
2012-06-15,29.931
2012-06-18,29.886
2012-06-19,29.89
2012-06-20,29.878
2012-06-21,29.902
2012-06-22,29.968
2012-06-25,29.995
2012-06-26,29.99
2012-06-27,29.96
2012-06-28,29.956
2012-06-29,29.9
2012-07-02,29.905
2012-07-03,29.886
2012-07-04,29.866
2012-07-05,29.89
2012-07-06,29.922
2012-07-09,29.975
2012-07-10,29.985
2012-07-11,29.974
2012-07-12,30.013
2012-07-13,30.015
2012-07-16,30.01
2012-07-17,29.988
2012-07-18,30.002
2012-07-19,29.984
2012-07-20,29.995
2012-07-23,30.095
2012-07-24,30.116
2012-07-25,30.206
2012-07-26,30.15
2012-07-27,30.1
2012-07-30,30.08
2012-07-31,30.01
2012-08-01,29.988
2012-08-03,30.002
2012-08-06,29.96
2012-08-07,29.955
2012-08-08,29.987
2012-08-09,29.94
2012-08-10,29.99
2012-08-13,30.005
2012-08-14,29.965
2012-08-15,30.002
2012-08-16,30.02
2012-08-17,30.025
2012-08-20,30.03
2012-08-21,29.975
2012-08-22,30.01
2012-08-23,29.96
2012-08-24,30.002
2012-08-27,29.98
2012-08-28,30.007
2012-08-29,29.981
2012-08-30,29.986
2012-08-31,29.966
2012-09-03,29.92
2012-09-04,29.902
2012-09-05,29.905
2012-09-06,29.902
2012-09-07,29.842
2012-09-10,29.74
2012-09-11,29.715
2012-09-12,29.669
2012-09-13,29.699
2012-09-14,29.469
2012-09-17,29.399
2012-09-18,29.46
2012-09-19,29.405
2012-09-20,29.508
2012-09-21,29.45
2012-09-24,29.479
2012-09-25,29.451
2012-09-26,29.497
2012-09-27,29.42
2012-09-28,29.342
2012-10-01,29.402
2012-10-02,29.385
2012-10-03,29.405
2012-10-04,29.388
2012-10-05,29.368
2012-10-08,29.402
2012-10-09,29.399
2012-10-11,29.432
2012-10-12,29.36
2012-10-15,29.345
2012-10-16,29.289
2012-10-17,29.246
2012-10-18,29.269
2012-10-19,29.286
2012-10-22,29.32
2012-10-23,29.328
2012-10-24,29.342
2012-10-25,29.28
2012-10-26,29.3
2012-10-29,29.292
2012-10-30,29.278
2012-10-31,29.26
2012-11-01,29.29
2012-11-02,29.3
2012-11-05,29.305
2012-11-06,29.275
2012-11-07,29.2
2012-11-08,29.202
2012-11-09,29.15
2012-11-12,29.09
2012-11-13,29.129
2012-11-14,29.125
2012-11-15,29.142
2012-11-16,29.272
2012-11-19,29.202
2012-11-20,29.145
2012-11-21,29.179
2012-11-22,29.185
2012-11-23,29.171
2012-11-26,29.143
2012-11-27,29.129
2012-11-28,29.175
2012-11-29,29.147
2012-11-30,29.116
2012-12-03,29.121
2012-12-04,29.116
2012-12-05,29.102
2012-12-06,29.136
2012-12-07,29.125
2012-12-10,29.15
2012-12-11,29.122
2012-12-12,29.108
2012-12-13,29.101
2012-12-14,29.102
2012-12-17,29.1
2012-12-18,29.1
2012-12-19,29.102
2012-12-20,29.12
2012-12-21,29.122
2012-12-22,29.12
2012-12-24,29.128
2012-12-25,29.13
2012-12-26,29.128
2012-12-27,29.126
2012-12-28,29.136
2013-01-02,29.09
2013-01-03,29.091
2013-01-04,29.125
2013-01-07,29.125
2013-01-08,29.127
2013-01-09,29.11
2013-01-10,29.088
2013-01-11,29.039
2013-01-14,29.058
2013-01-15,29.056
2013-01-16,29.099
2013-01-17,29.085
2013-01-18,29.06
2013-01-21,29.07
2013-01-22,29.095
2013-01-23,29.092
2013-01-24,29.138
2013-01-25,29.25
2013-01-28,29.56
2013-01-29,29.559
2013-01-30,29.57
2013-01-31,29.582
2013-02-01,29.668
2013-02-04,29.58
2013-02-05,29.585
2013-02-06,29.622
2013-02-07,29.63
2013-02-08,29.75
2013-02-18,29.709
2013-02-19,29.686
2013-02-20,29.6
2013-02-21,29.68
2013-02-22,29.658
2013-02-23,29.658
2013-02-25,29.702
2013-02-26,29.74
2013-02-27,29.705
2013-03-01,29.666
2013-03-04,29.77
2013-03-05,29.72
2013-03-06,29.67
2013-03-07,29.695
2013-03-08,29.718
2013-03-11,29.74
2013-03-12,29.73
2013-03-13,29.735
2013-03-14,29.8
2013-03-15,29.762
2013-03-18,29.815
2013-03-19,29.801
2013-03-20,29.845
2013-03-21,29.853
2013-03-22,29.909
2013-03-25,29.889
2013-03-26,29.891
2013-03-27,29.941
2013-03-28,29.94
2013-03-29,29.875
2013-04-01,29.928
2013-04-02,29.92
2013-04-03,29.925
2013-04-08,30.06
2013-04-09,30.05
2013-04-10,29.998
2013-04-11,29.98
2013-04-12,29.995
2013-04-15,29.927
2013-04-16,29.928
2013-04-17,29.9
2013-04-18,29.91
2013-04-19,29.84
2013-04-22,29.87
2013-04-23,29.872
2013-04-24,29.832
2013-04-25,29.75
2013-04-26,29.705
2013-04-29,29.606
2013-04-30,29.616
2013-05-02,29.636
2013-05-03,29.61
2013-05-06,29.626
2013-05-07,29.59
2013-05-08,29.5
2013-05-09,29.51
2013-05-10,29.8
2013-05-13,29.92
2013-05-14,29.906
2013-05-15,30.028
2013-05-16,30.05
2013-05-17,30.06
2013-05-20,30.03
2013-05-21,29.942
2013-05-22,29.96
2013-05-23,30.025
2013-05-24,30.03
2013-05-27,29.971
2013-05-28,30.057
2013-05-29,30.12
2013-05-30,30.125
2013-05-31,30.06
2013-06-03,30.07
2013-06-04,30.02
2013-06-05,29.91
2013-06-06,29.915
2013-06-07,29.871
2013-06-10,30.066
2013-06-11,30.16
2013-06-13,30.162
2013-06-14,29.97
2013-06-17,29.972
2013-06-18,30.002
2013-06-19,29.96
2013-06-20,30.16
2013-06-21,30.28
2013-06-24,30.35
2013-06-25,30.26
2013-06-26,30.25
2013-06-27,30.191
2013-06-28,30.12
2013-07-01,30.115
2013-07-02,30.12
2013-07-03,30.302
2013-07-04,30.199
2013-07-05,30.218
2013-07-08,30.342
2013-07-09,30.12
2013-07-10,30.085
2013-07-11,29.952
2013-07-12,29.932
2013-07-15,29.952
2013-07-16,29.878
2013-07-17,29.925
2013-07-18,30.025
2013-07-19,29.978
2013-07-22,29.935
2013-07-23,29.92
2013-07-24,29.942
2013-07-25,29.978
2013-07-26,29.95
2013-07-29,29.96
2013-07-30,30.005
2013-07-31,30.12
2013-08-01,30.125
2013-08-02,30.129
2013-08-05,29.95
2013-08-06,29.995
2013-08-07,30.025
2013-08-08,29.96
2013-08-09,29.955
2013-08-12,29.98
2013-08-13,30.002
2013-08-14,30.032
2013-08-15,30.035
2013-08-16,30.002
2013-08-19,30.032
2013-08-20,30.092
2013-08-22,30.127
2013-08-23,30.053
2013-08-26,30.015
2013-08-27,30.06
2013-08-28,30.05
2013-08-29,30.012
2013-08-30,29.983
2013-09-02,29.9
2013-09-03,29.92
2013-09-04,29.885
2013-09-05,29.985
2013-09-06,29.9
2013-09-09,29.825
2013-09-10,29.76
2013-09-11,29.828
2013-09-12,29.783
2013-09-13,29.842
2013-09-14,29.842
2013-09-16,29.721
2013-09-17,29.76
2013-09-18,29.752
2013-09-23,29.629
2013-09-24,29.632
2013-09-25,29.69
2013-09-26,29.673
2013-09-27,29.656
2013-09-30,29.67
2013-10-01,29.615
2013-10-02,29.61
2013-10-03,29.532
2013-10-04,29.502
2013-10-07,29.536
2013-10-08,29.542
2013-10-09,29.548
2013-10-11,29.49
2013-10-14,29.495
2013-10-15,29.445
2013-10-16,29.46
2013-10-17,29.452
2013-10-18,29.446
2013-10-21,29.482
2013-10-22,29.466
2013-10-23,29.425
2013-10-24,29.452
2013-10-25,29.455
2013-10-28,29.46
2013-10-29,29.472
2013-10-30,29.475
2013-10-31,29.455
2013-11-01,29.47
2013-11-04,29.506
2013-11-05,29.466
2013-11-06,29.48
2013-11-07,29.485
2013-11-08,29.505
2013-11-11,29.625
2013-11-12,29.636
2013-11-13,29.65
2013-11-14,29.606
2013-11-15,29.62
2013-11-18,29.58
2013-11-19,29.532
2013-11-20,29.572
2013-11-21,29.636
2013-11-22,29.645
2013-11-25,29.675
2013-11-26,29.652
2013-11-27,29.672
2013-11-28,29.68
2013-11-29,29.679
2013-12-02,29.636
2013-12-03,29.702
2013-12-04,29.692
2013-12-05,29.69
2013-12-06,29.665
2013-12-09,29.63
2013-12-10,29.635
2013-12-11,29.64
2013-12-12,29.66
2013-12-13,29.689
2013-12-16,29.706
2013-12-17,29.716
2013-12-18,29.745
2013-12-19,29.945
2013-12-20,29.98
2013-12-23,30.009
2013-12-24,30.039
2013-12-25,30.047
2013-12-26,30.06
2013-12-27,30.025
2013-12-30,30.03
2013-12-31,29.95
2014-01-02,29.979
2014-01-03,30.039
2014-01-06,30.235
2014-01-07,30.315
2014-01-08,30.24
2014-01-09,30.252
2014-01-10,30.212
2014-01-13,30.112
2014-01-14,30.159
2014-01-15,30.236
2014-01-16,30.256
2014-01-17,30.221
2014-01-20,30.256
2014-01-21,30.29
2014-01-22,30.32
2014-01-23,30.41
2014-01-24,30.42
2014-01-27,30.511
2014-01-28,30.451
2014-01-29,30.376
2014-02-05,30.42
2014-02-06,30.429
2014-02-07,30.406
2014-02-10,30.38
2014-02-11,30.406
2014-02-12,30.346
2014-02-13,30.408
2014-02-14,30.347
2014-02-17,30.285
2014-02-18,30.339
2014-02-19,30.332
2014-02-20,30.392
2014-02-21,30.395
2014-02-24,30.425
2014-02-25,30.402
2014-02-26,30.35
2014-02-27,30.355
2014-03-03,30.369
2014-03-04,30.38
2014-03-05,30.352
2014-03-06,30.323
2014-03-07,30.302
2014-03-10,30.325
2014-03-11,30.305
2014-03-12,30.375
2014-03-13,30.352
2014-03-14,30.381
2014-03-17,30.352
2014-03-18,30.386
2014-03-19,30.437
2014-03-20,30.589
2014-03-21,30.652
2014-03-24,30.622
2014-03-25,30.619
2014-03-26,30.605
2014-03-27,30.582
2014-03-28,30.552
2014-03-31,30.51
2014-04-01,30.435
2014-04-02,30.375
2014-04-03,30.38
2014-04-07,30.32
2014-04-08,30.27
2014-04-09,30.162
2014-04-10,30.13
2014-04-11,30.132
2014-04-14,30.233
2014-04-15,30.235
2014-04-16,30.201
2014-04-17,30.221
2014-04-18,30.23
2014-04-21,30.268
2014-04-22,30.303
2014-04-23,30.326
2014-04-24,30.306
2014-04-25,30.32
2014-04-28,30.285
2014-04-29,30.25
2014-04-30,30.258
2014-05-02,30.212
2014-05-05,30.171
2014-05-06,30.176
2014-05-07,30.165
2014-05-08,30.167
2014-05-09,30.175
2014-05-12,30.192
2014-05-13,30.212
2014-05-14,30.22
2014-05-15,30.203
2014-05-16,30.208
2014-05-19,30.185
2014-05-20,30.202
2014-05-21,30.216
2014-05-22,30.178
2014-05-23,30.18
2014-05-26,30.16
2014-05-27,30.171
2014-05-28,30.151
2014-05-29,30.128
2014-05-30,30.05
2014-06-03,30.064
2014-06-04,30.102
2014-06-05,30.088
2014-06-06,30.08
2014-06-09,30.048
2014-06-10,30.05
2014-06-11,30.039
2014-06-12,30.045
2014-06-13,30.053
2014-06-16,30.061
2014-06-17,30.066
2014-06-18,30.071
2014-06-19,30.036
2014-06-20,30.065
2014-06-23,30.039
2014-06-24,30.031
2014-06-25,30.051
2014-06-26,29.992
2014-06-27,29.962
2014-06-30,29.915
2014-07-01,29.935
2014-07-02,29.905
2014-07-03,29.935
2014-07-04,29.937
2014-07-07,29.96
2014-07-08,29.97
2014-07-09,29.962
2014-07-10,29.945
2014-07-11,29.99
2014-07-14,30.001
2014-07-15,30.042
2014-07-16,30.072
2014-07-17,30.046
2014-07-18,30.051
2014-07-21,30.037
2014-07-22,30.035
2014-07-24,30.052
2014-07-25,30.035
2014-07-28,30.037
2014-07-29,30.005
2014-07-30,30.01
2014-07-31,30.04
2014-08-01,30.069
2014-08-04,30.04
2014-08-05,30.045
2014-08-06,30.056
2014-08-07,30.061
2014-08-08,30.066
2014-08-11,30.052
2014-08-12,30.06
2014-08-13,30.065
2014-08-14,30.045
2014-08-15,30.035
2014-08-18,30.04
2014-08-19,30.042
2014-08-20,30.047
2014-08-21,30.052
2014-08-22,30.02
2014-08-25,30.028
2014-08-26,30.026
2014-08-27,29.985
2014-08-28,29.965
2014-08-29,29.97
2014-09-01,29.968
2014-09-02,29.978
2014-09-03,29.986
2014-09-04,29.972
2014-09-05,30.002
2014-09-09,30.005
2014-09-10,30.025
2014-09-11,30.06
2014-09-12,30.068
2014-09-15,30.106
2014-09-16,30.16
2014-09-17,30.134
2014-09-18,30.256
2014-09-19,30.258
2014-09-22,30.229
2014-09-23,30.24
2014-09-24,30.248
2014-09-25,30.31
2014-09-26,30.312
2014-09-29,30.502
2014-09-30,30.436
2014-10-01,30.492
2014-10-02,30.46
2014-10-03,30.437
2014-10-06,30.503
2014-10-07,30.453
2014-10-08,30.505
2014-10-09,30.43
2014-10-13,30.45
2014-10-14,30.43
2014-10-15,30.42
2014-10-16,30.41
2014-10-17,30.421
2014-10-20,30.415
2014-10-21,30.401
2014-10-22,30.393
2014-10-23,30.405
2014-10-24,30.413
2014-10-27,30.403
2014-10-28,30.398
2014-10-29,30.376
2014-10-30,30.402
2014-10-31,30.478
2014-11-03,30.488
2014-11-04,30.538
2014-11-05,30.602
2014-11-06,30.605
2014-11-07,30.716
2014-11-10,30.606
2014-11-11,30.717
2014-11-12,30.75
2014-11-13,30.752
2014-11-14,30.766
2014-11-17,30.739
2014-11-18,30.775
2014-11-19,30.876
2014-11-20,31.015
2014-11-21,31.005
2014-11-24,31.01
2014-11-25,30.966
2014-11-26,30.952
2014-11-27,30.951
2014-11-28,31.039
2014-12-01,31.139
2014-12-02,31.106
2014-12-03,31.167
2014-12-04,31.197
2014-12-05,31.192
2014-12-08,31.285
2014-12-09,31.29
2014-12-10,31.26
2014-12-11,31.262
2014-12-12,31.326
2014-12-15,31.342
2014-12-16,31.327
2014-12-17,31.357
2014-12-18,31.45
2014-12-19,31.472
2014-12-22,31.586
2014-12-23,31.765
2014-12-24,31.815
2014-12-25,31.753
2014-12-26,31.75
2014-12-27,31.75
2014-12-29,31.761
2014-12-30,31.766
2014-12-31,31.718
2015-01-05,32.005
2015-01-06,31.996
2015-01-07,32.001
2015-01-08,32.006
2015-01-09,31.936
2015-01-12,31.856
2015-01-13,31.862
2015-01-14,31.832
2015-01-15,31.786
2015-01-16,31.645
2015-01-19,31.552
2015-01-20,31.696
2015-01-21,31.553
2015-01-22,31.51
2015-01-23,31.432
2015-01-26,31.339
2015-01-27,31.325
2015-01-28,31.328
2015-01-29,31.512
2015-01-30,31.555
2015-02-02,31.685
2015-02-03,31.623
2015-02-04,31.473
2015-02-05,31.535
2015-02-06,31.49
2015-02-09,31.56
2015-02-10,31.502
2015-02-11,31.564
2015-02-12,31.63
2015-02-13,31.475
2015-02-16,31.6
2015-02-17,31.638
2015-02-24,31.688
2015-02-25,31.532
2015-02-26,31.503
2015-03-02,31.568
2015-03-03,31.508
2015-03-04,31.48
2015-03-05,31.507
2015-03-06,31.45
2015-03-09,31.52
2015-03-10,31.566
2015-03-11,31.666
2015-03-12,31.67
2015-03-13,31.71
2015-03-16,31.712
2015-03-17,31.667
2015-03-18,31.65
2015-03-19,31.502
2015-03-20,31.548
2015-03-23,31.503
2015-03-24,31.383
2015-03-25,31.401
2015-03-26,31.405
2015-03-27,31.375
2015-03-30,31.38
2015-03-31,31.401
2015-04-01,31.362
2015-04-02,31.303
2015-04-07,31.152
2015-04-08,31.226
2015-04-09,31.231
2015-04-10,31.24
2015-04-13,31.342
2015-04-14,31.312
2015-04-15,31.33
2015-04-16,31.253
2015-04-17,31.162
2015-04-20,31.102
2015-04-21,31.173
2015-04-22,31.113
2015-04-23,31.131
2015-04-24,31.051
2015-04-27,30.861
2015-04-28,30.831
2015-04-29,30.695
2015-04-30,30.752
2015-05-04,30.776
2015-05-05,30.781
2015-05-06,30.753
2015-05-07,30.803
2015-05-08,30.765
2015-05-11,30.78
2015-05-12,30.81
2015-05-13,30.78
2015-05-14,30.681
2015-05-15,30.612
2015-05-18,30.61
2015-05-19,30.64
2015-05-20,30.682
2015-05-21,30.65
2015-05-22,30.541
2015-05-25,30.571
2015-05-26,30.708
2015-05-27,30.725
2015-05-28,30.801
2015-05-29,30.871
2015-06-01,30.932
2015-06-02,31.002
2015-06-03,30.922
2015-06-04,31.062
2015-06-05,31.032
2015-06-08,31.275
2015-06-09,31.302
2015-06-10,31.156
2015-06-11,31.162
2015-06-12,31.226
2015-06-15,31.256
2015-06-16,31.266
2015-06-17,31.261
2015-06-18,31.062
2015-06-22,30.97
2015-06-23,31.002
2015-06-24,31.052
2015-06-25,31.052
2015-06-26,31.132
2015-06-29,31.178
2015-06-30,31.07
2015-07-01,31.1
2015-07-02,31.15
2015-07-03,31.12
2015-07-06,31.15
2015-07-07,31.162
2015-07-08,31.225
2015-07-09,31.23
2015-07-13,31.2
2015-07-14,31.302
2015-07-15,31.272
2015-07-16,31.31
2015-07-17,31.312
2015-07-20,31.342
2015-07-21,31.407
2015-07-22,31.352
2015-07-23,31.452
2015-07-24,31.53
2015-07-27,31.56
2015-07-28,31.575
2015-07-29,31.523
2015-07-30,31.601
2015-07-31,31.682
2015-08-03,31.705
2015-08-04,31.726
2015-08-05,31.75
2015-08-06,31.755
2015-08-07,31.77
2015-08-10,31.76
2015-08-11,32.08
2015-08-12,32.465
2015-08-13,32.366
2015-08-14,32.368
2015-08-17,32.621
2015-08-18,32.653
2015-08-19,32.668
2015-08-20,32.678
2015-08-21,32.876
2015-08-24,32.96
2015-08-25,32.879
2015-08-26,32.765
2015-08-27,32.77
2015-08-28,32.772
2015-08-31,32.81
2015-09-01,32.68
2015-09-02,32.762
2015-09-03,32.801
2015-09-04,32.833
2015-09-07,32.935
2015-09-08,33.003
2015-09-09,32.775
2015-09-10,32.856
2015-09-11,32.71
2015-09-14,32.72
2015-09-15,32.786
2015-09-16,32.762
2015-09-17,32.662
2015-09-18,32.663
2015-09-21,32.939
2015-09-22,32.971
2015-09-23,33.25
2015-09-24,33.26
2015-09-25,33.292
2015-09-30,33.128
2015-10-01,33.08
2015-10-02,33.156
2015-10-05,33.002
2015-10-06,32.937
2015-10-07,32.872
2015-10-08,32.85
2015-10-12,32.56
2015-10-13,32.739
2015-10-14,32.742
2015-10-15,32.457
2015-10-16,32.505
2015-10-19,32.418
2015-10-20,32.51
2015-10-21,32.558
2015-10-22,32.658
2015-10-23,32.513
2015-10-26,32.708
2015-10-27,32.676
2015-10-28,32.686
2015-10-29,32.856
2015-10-30,32.802
2015-11-02,32.721
2015-11-03,32.625
2015-11-04,32.595
2015-11-05,32.718
2015-11-06,32.73
2015-11-09,32.832
2015-11-10,32.85
2015-11-11,32.852
2015-11-12,32.9
2015-11-13,32.908
2015-11-16,33.022
2015-11-17,32.975
2015-11-18,33.007
2015-11-19,32.86
2015-11-20,32.73
2015-11-23,32.778
2015-11-24,32.746
2015-11-25,32.647
2015-11-26,32.701
2015-11-27,32.815
2015-11-30,32.83
2015-12-01,32.832
2015-12-02,32.903
2015-12-03,32.935
2015-12-04,32.822
2015-12-07,32.936
2015-12-08,33.037
2015-12-09,33.047
2015-12-10,33.015
2015-12-11,32.965
2015-12-14,33.066
2015-12-15,33.026
2015-12-16,32.95
2015-12-17,33.035
2015-12-18,33.117
2015-12-21,33.085
2015-12-22,33.09
2015-12-23,33.1
2015-12-24,33.002
2015-12-25,33.005
2015-12-28,33.02
2015-12-29,33.035
2015-12-30,33.05
2015-12-31,33.066
2016-01-04,33.236
2016-01-05,33.27
2016-01-06,33.453
2016-01-07,33.53
2016-01-08,33.501
2016-01-11,33.651
2016-01-12,33.667
2016-01-13,33.625
2016-01-14,33.742
2016-01-15,33.802
2016-01-18,33.818
2016-01-19,33.82
2016-01-20,33.826
2016-01-21,33.838
2016-01-22,33.705
2016-01-25,33.622
2016-01-26,33.725
2016-01-27,33.71
2016-01-28,33.743
2016-01-29,33.6
2016-01-30,33.65
2016-02-01,33.67
2016-02-02,33.68
2016-02-03,33.808
2016-02-04,33.608
2016-02-05,33.52
2016-02-15,33.421
2016-02-16,33.453
2016-02-17,33.505
2016-02-18,33.525
2016-02-19,33.561
2016-02-22,33.567
2016-02-23,33.485
2016-02-24,33.49
2016-02-25,33.496
2016-02-26,33.492
2016-03-01,33.436
2016-03-02,33.37
2016-03-03,33.179
2016-03-04,33.101
2016-03-07,33.01
2016-03-08,33.062
2016-03-09,33.225
2016-03-10,33.08
2016-03-11,32.95
2016-03-14,32.87
2016-03-15,32.918
2016-03-16,32.95
2016-03-17,32.706
2016-03-18,32.52
2016-03-21,32.545
2016-03-22,32.525
2016-03-23,32.625
2016-03-24,32.726
2016-03-25,32.766
2016-03-28,32.72
2016-03-29,32.695
2016-03-30,32.425
2016-03-31,32.282
2016-04-01,32.378
2016-04-06,32.442
2016-04-07,32.402
2016-04-08,32.45
2016-04-11,32.388
2016-04-12,32.382
2016-04-13,32.35
2016-04-14,32.436
2016-04-15,32.348
2016-04-18,32.402
2016-04-19,32.265
2016-04-20,32.248
2016-04-21,32.296
2016-04-22,32.33
2016-04-25,32.361
2016-04-26,32.363
2016-04-27,32.345
2016-04-28,32.279
2016-04-29,32.281
2016-05-01,32.205
2016-05-02,32.356
2016-05-03,32.377
2016-05-04,32.412
2016-05-09,32.417
2016-05-10,32.533
2016-05-11,32.528
2016-05-12,32.542
2016-05-13,32.626
2016-05-16,32.705
2016-05-17,32.63
2016-05-18,32.705
2016-05-19,32.802
2016-05-20,32.752
2016-05-23,32.656
2016-05-24,32.72
2016-05-25,32.652
2016-05-26,32.576
2016-05-27,32.528
2016-05-30,32.68
2016-05-31,32.63
2016-06-01,32.622
2016-06-02,32.612
2016-06-03,32.605
2016-06-04,32.506
2016-06-06,32.402
2016-06-07,32.339
2016-06-08,32.225
2016-06-13,32.435
2016-06-14,32.423
2016-06-15,32.441
2016-06-16,32.391
2016-06-17,32.385
2016-06-20,32.256
2016-06-21,32.258
2016-06-22,32.221
2016-06-23,32.19
2016-06-24,32.502
2016-06-27,32.533
2016-06-28,32.435
2016-06-29,32.343
2016-06-30,32.286
2016-07-01,32.218
2016-07-04,32.208
2016-07-05,32.282
2016-07-06,32.407
2016-07-07,32.306
2016-07-11,32.215
2016-07-12,32.22
2016-07-13,32.183
2016-07-14,32.073
2016-07-15,31.99
2016-07-18,32.024
2016-07-19,31.991
2016-07-20,32.051
2016-07-21,32.06
2016-07-22,32.07
2016-07-25,32.14
2016-07-26,32.106
2016-07-27,32.068
2016-07-28,31.955
2016-07-29,31.926
2016-08-01,31.64
2016-08-02,31.68
2016-08-03,31.75
2016-08-04,31.71
2016-08-05,31.57
2016-08-08,31.512
2016-08-09,31.455
2016-08-10,31.225
2016-08-11,31.326
2016-08-12,31.403
2016-08-15,31.37
2016-08-16,31.28
2016-08-17,31.452
2016-08-18,31.41
2016-08-19,31.618
2016-08-22,31.82
2016-08-23,31.706
2016-08-24,31.772
2016-08-25,31.67
2016-08-26,31.672
2016-08-29,31.801
2016-08-30,31.72
2016-08-31,31.726
2016-09-01,31.736
2016-09-02,31.703
2016-09-05,31.506
2016-09-06,31.412
2016-09-07,31.24
2016-09-08,31.286
2016-09-09,31.51
2016-09-10,31.552
2016-09-12,31.716
2016-09-13,31.706
2016-09-14,31.689
2016-09-19,31.45
2016-09-20,31.367
2016-09-21,31.43
2016-09-22,31.4
2016-09-23,31.33
2016-09-26,31.432
2016-09-29,31.356
2016-09-30,31.366
2016-10-03,31.33
2016-10-04,31.347
2016-10-05,31.371
2016-10-06,31.403
2016-10-07,31.48
2016-10-11,31.613
2016-10-12,31.629
2016-10-13,31.76
2016-10-14,31.672
2016-10-17,31.77
2016-10-18,31.669
2016-10-19,31.518
2016-10-20,31.53
2016-10-21,31.63
2016-10-24,31.683
2016-10-25,31.616
2016-10-26,31.558
2016-10-27,31.637
2016-10-28,31.639
2016-10-31,31.58
2016-11-01,31.568
2016-11-02,31.564
2016-11-03,31.468
2016-11-04,31.473
2016-11-07,31.519
2016-11-08,31.507
2016-11-09,31.459
2016-11-10,31.589
2016-11-11,31.801
2016-11-14,31.949
2016-11-15,31.87
2016-11-16,31.848
2016-11-17,31.868
2016-11-18,32.01
2016-11-21,32
2016-11-22,31.945
2016-11-23,31.88
2016-11-24,31.927
2016-11-25,31.942
2016-11-28,31.802
2016-11-29,31.818
2016-11-30,31.89
2016-12-01,31.892
2016-12-02,31.923
2016-12-05,31.995
2016-12-06,31.952
2016-12-07,31.902
2016-12-08,31.752
2016-12-09,31.86
2016-12-12,31.864
2016-12-13,31.822
2016-12-14,31.803
2016-12-15,31.923
2016-12-16,31.967
2016-12-19,31.97
2016-12-20,32.005
2016-12-21,32.02
2016-12-22,32.03
2016-12-23,32.17
2016-12-26,32.25
2016-12-27,32.281
2016-12-28,32.309
2016-12-29,32.312
2016-12-30,32.279
2017-01-03,32.245
2017-01-04,32.26
2017-01-05,31.962
2017-01-06,31.993
2017-01-09,32.106
2017-01-10,31.948
2017-01-11,31.935
2017-01-12,31.78
2017-01-13,31.602
2017-01-16,31.702
2017-01-17,31.603
2017-01-18,31.586
2017-01-19,31.623
2017-01-20,31.533
2017-01-23,31.431
2017-01-24,31.382
2017-01-25,31.332
2017-01-26,31.36
2017-02-02,31.101
2017-02-03,31.05
2017-02-06,30.943
2017-02-07,31.048
2017-02-08,31.128
2017-02-09,31.046
2017-02-10,31.051
2017-02-13,31.03
2017-02-14,30.868
2017-02-15,30.765
2017-02-16,30.792
2017-02-17,30.776
2017-02-18,30.796
2017-02-20,30.804
2017-02-21,30.793
2017-02-22,30.779
2017-02-23,30.745
2017-02-24,30.65
2017-03-01,30.76
2017-03-02,30.795
2017-03-03,31.02
2017-03-06,30.982
2017-03-07,30.85
2017-03-08,30.865
2017-03-09,31.02
2017-03-10,31.036
2017-03-13,30.916
2017-03-14,30.966
2017-03-15,30.84
2017-03-16,30.657
2017-03-17,30.626
2017-03-20,30.527
2017-03-21,30.458
2017-03-22,30.503
2017-03-23,30.488
2017-03-24,30.488
2017-03-27,30.25
2017-03-28,30.17
2017-03-29,30.285
2017-03-30,30.315
2017-03-31,30.336
2017-04-05,30.381
2017-04-06,30.56
2017-04-07,30.601
2017-04-10,30.652
2017-04-11,30.65
2017-04-12,30.556
2017-04-13,30.325
2017-04-14,30.4
2017-04-17,30.35
2017-04-18,30.406
2017-04-19,30.418
2017-04-20,30.408
2017-04-21,30.363
2017-04-24,30.272
2017-04-25,30.152
2017-04-26,30.151
2017-04-27,30.156
2017-04-28,30.218
2017-05-02,30.062
2017-05-03,30.072
2017-05-04,30.14
2017-05-05,30.182
2017-05-08,30.166
2017-05-09,30.258
2017-05-10,30.266
2017-05-11,30.215
2017-05-12,30.201
2017-05-15,30.158
2017-05-16,30.115
2017-05-17,30.14
2017-05-18,30.225
2017-05-19,30.21
2017-05-22,30.052
2017-05-23,30.166
2017-05-24,30.183
2017-05-25,30.084
2017-05-26,30.122
2017-05-31,30.102
2017-06-01,30.117
2017-06-02,30.117
2017-06-03,30.127
2017-06-05,30.09
2017-06-06,30.093
2017-06-07,30.095
2017-06-08,30.105
2017-06-09,30.108
2017-06-12,30.176
2017-06-13,30.227
2017-06-14,30.23
2017-06-15,30.247
2017-06-16,30.381
2017-06-19,30.361
2017-06-20,30.401
2017-06-21,30.471
2017-06-22,30.442
2017-06-23,30.4
2017-06-26,30.335
2017-06-27,30.341
2017-06-28,30.438
2017-06-29,30.37
2017-06-30,30.436
2017-07-03,30.428
2017-07-04,30.528
2017-07-05,30.509
2017-07-06,30.601
2017-07-07,30.61
2017-07-10,30.585
2017-07-11,30.593
2017-07-12,30.49
2017-07-13,30.385
2017-07-14,30.417
2017-07-17,30.419
2017-07-18,30.37
2017-07-19,30.397
2017-07-20,30.457
2017-07-21,30.451
2017-07-24,30.359
2017-07-25,30.36
2017-07-26,30.402
2017-07-27,30.252
2017-07-28,30.302
2017-07-31,30.227
2017-08-01,30.256
2017-08-02,30.252
2017-08-03,30.227
2017-08-04,30.22
2017-08-07,30.234
2017-08-08,30.201
2017-08-09,30.218
2017-08-10,30.309
2017-08-11,30.358
2017-08-14,30.302
2017-08-15,30.317
2017-08-16,30.365
2017-08-17,30.312
2017-08-18,30.332
2017-08-21,30.328
2017-08-22,30.3
2017-08-23,30.29
2017-08-24,30.265
2017-08-25,30.25
2017-08-28,30.162
2017-08-29,30.2
2017-08-30,30.156
2017-08-31,30.203
2017-09-01,30.156
2017-09-04,30.101
2017-09-05,30.07
2017-09-06,30.105
2017-09-07,30.062
2017-09-08,30.006
2017-09-11,30.026
2017-09-12,30.03
2017-09-13,30.056
2017-09-14,30.106
2017-09-15,30.075
2017-09-18,30.108
2017-09-19,30.137
2017-09-20,30.132
2017-09-21,30.208
2017-09-22,30.191
2017-09-25,30.172
2017-09-26,30.216
2017-09-27,30.303
2017-09-28,30.405
2017-09-29,30.336
2017-09-30,30.305
2017-10-02,30.413
2017-10-03,30.45
2017-10-05,30.35
2017-10-06,30.376
2017-10-11,30.232
2017-10-12,30.213
2017-10-13,30.185
2017-10-16,30.158
2017-10-17,30.205
2017-10-18,30.2
2017-10-19,30.23
2017-10-20,30.241
2017-10-23,30.262
2017-10-24,30.27
2017-10-25,30.266
2017-10-26,30.229
2017-10-27,30.277
2017-10-30,30.205
2017-10-31,30.17
2017-11-01,30.175
2017-11-02,30.186
2017-11-03,30.172
2017-11-06,30.204
2017-11-07,30.17
2017-11-08,30.187
2017-11-09,30.18
2017-11-10,30.172
2017-11-13,30.19
2017-11-14,30.18
2017-11-15,30.15
2017-11-16,30.158
2017-11-17,30.101
2017-11-20,30.102
2017-11-21,30.06
2017-11-22,30.02
2017-11-23,30.007
2017-11-24,30.01
2017-11-27,30.006
2017-11-28,30.001
2017-11-29,29.99
2017-11-30,30.01
2017-12-01,30.028
2017-12-04,30.036
2017-12-05,29.993
2017-12-06,30.01
2017-12-07,30.025
2017-12-08,30.015
2017-12-11,30.018
2017-12-12,30.018
2017-12-13,30.026
2017-12-14,30.006
2017-12-15,29.992
2017-12-18,30.006
2017-12-19,29.99
2017-12-20,29.99
2017-12-21,29.988
2017-12-22,29.968
2017-12-25,29.968
2017-12-26,29.945
2017-12-27,29.94
2017-12-28,29.84
2017-12-29,29.848
2018-01-02,29.628
2018-01-03,29.6
2018-01-04,29.59
2018-01-05,29.523
2018-01-08,29.523
2018-01-09,29.536
2018-01-10,29.601
2018-01-11,29.605
2018-01-12,29.6
2018-01-15,29.542
2018-01-16,29.555
2018-01-17,29.56
2018-01-18,29.562
2018-01-19,29.43
2018-01-22,29.432
2018-01-23,29.402
2018-01-24,29.302
2018-01-25,29.069
2018-01-26,29.101
2018-01-29,29.15
2018-01-30,29.24
2018-01-31,29.15
2018-02-01,29.207
2018-02-02,29.235
2018-02-05,29.307
2018-02-06,29.386
2018-02-07,29.27
2018-02-08,29.39
2018-02-09,29.407
2018-02-12,29.4
2018-02-13,29.358
2018-02-14,29.342
2018-02-21,29.245
2018-02-22,29.301
2018-02-23,29.306
2018-02-26,29.235
2018-02-27,29.23
2018-03-01,29.318
2018-03-02,29.29
2018-03-05,29.292
2018-03-06,29.287
2018-03-07,29.254
2018-03-08,29.261
2018-03-09,29.3
2018-03-12,29.28
2018-03-13,29.252
2018-03-14,29.257
2018-03-15,29.2
2018-03-16,29.231
2018-03-19,29.201
2018-03-20,29.175
2018-03-21,29.189
2018-03-22,29.153
2018-03-23,29.17
2018-03-26,29.153
2018-03-27,29.135
2018-03-28,29.163
2018-03-29,29.165
2018-03-30,29.12
2018-03-31,29.12
2018-04-02,29.142
2018-04-03,29.148
2018-04-09,29.209
2018-04-10,29.19
2018-04-11,29.201
2018-04-12,29.26
2018-04-13,29.302
2018-04-16,29.425
2018-04-17,29.362
2018-04-18,29.366
2018-04-19,29.34
2018-04-20,29.407
2018-04-23,29.528
2018-04-24,29.616
2018-04-25,29.66
2018-04-26,29.705
2018-04-27,29.636
2018-04-30,29.605
2018-05-02,29.758
2018-05-03,29.742
2018-05-04,29.716
2018-05-07,29.763
2018-05-08,29.783
2018-05-09,29.928
2018-05-10,29.872
2018-05-11,29.773
2018-05-14,29.742
2018-05-15,29.848
2018-05-16,29.892
2018-05-17,29.906
2018-05-18,29.912
2018-05-21,29.992
2018-05-22,29.922
2018-05-23,29.96
2018-05-24,29.93
2018-05-25,29.945
2018-05-28,29.928
2018-05-29,29.988
2018-05-30,30.05
2018-05-31,29.98
2018-06-01,29.864
2018-06-04,29.82
2018-06-05,29.815
2018-06-06,29.738
2018-06-07,29.74
2018-06-08,29.816
2018-06-11,29.821
2018-06-12,29.86
2018-06-13,29.89
2018-06-14,29.938
2018-06-15,30.002
2018-06-19,30.186
2018-06-20,30.17
2018-06-21,30.302
2018-06-22,30.307
2018-06-25,30.403
2018-06-26,30.412
2018-06-27,30.454
2018-06-28,30.586
2018-06-29,30.5
2018-07-02,30.523
2018-07-03,30.586
2018-07-04,30.501
2018-07-05,30.54
2018-07-06,30.5
2018-07-09,30.386
2018-07-10,30.403
2018-07-11,30.481
2018-07-12,30.542
2018-07-13,30.556
2018-07-16,30.575
2018-07-17,30.516
2018-07-18,30.582
2018-07-19,30.632
2018-07-20,30.716
2018-07-23,30.645
2018-07-24,30.72
2018-07-25,30.632
2018-07-26,30.573
2018-07-27,30.592
2018-07-30,30.609
2018-07-31,30.614
2018-08-01,30.616
2018-08-02,30.682
2018-08-03,30.706
2018-08-06,30.63
2018-08-07,30.621
2018-08-08,30.616
2018-08-09,30.626
2018-08-10,30.708
2018-08-13,30.812
2018-08-14,30.807
2018-08-15,30.858
2018-08-16,30.845
2018-08-17,30.802
2018-08-20,30.76
2018-08-21,30.73
2018-08-22,30.73
2018-08-23,30.79
2018-08-24,30.783
2018-08-27,30.772
2018-08-28,30.724
2018-08-29,30.706
2018-08-30,30.711
2018-08-31,30.731
2018-09-03,30.712
2018-09-04,30.766
2018-09-05,30.806
2018-09-06,30.802
2018-09-07,30.776
2018-09-10,30.83
2018-09-11,30.814
2018-09-12,30.825
2018-09-13,30.805
2018-09-14,30.76
2018-09-17,30.805
2018-09-18,30.813
2018-09-19,30.793
2018-09-20,30.795
2018-09-21,30.716
2018-09-25,30.675
2018-09-26,30.697
2018-09-27,30.602
2018-09-28,30.551
2018-10-01,30.556
2018-10-02,30.668
2018-10-03,30.67
2018-10-04,30.792
2018-10-05,30.84
2018-10-08,30.926
2018-10-09,30.968
2018-10-11,31.105
2018-10-12,30.91
2018-10-15,30.94
2018-10-16,30.92
2018-10-17,30.85
2018-10-18,30.975
2018-10-19,30.976
2018-10-22,30.92
2018-10-23,30.985
2018-10-24,30.947
2018-10-25,30.996
2018-10-26,31.006
2018-10-29,30.996
2018-10-30,30.985
2018-10-31,30.968
2018-11-01,30.926
2018-11-02,30.738
2018-11-05,30.771
2018-11-06,30.782
2018-11-07,30.76
2018-11-08,30.702
2018-11-09,30.812
2018-11-12,30.888
2018-11-13,30.902
2018-11-14,30.932
2018-11-15,30.845
2018-11-16,30.888
2018-11-19,30.906
2018-11-20,30.908
2018-11-21,30.908
2018-11-22,30.894
2018-11-23,30.902
2018-11-26,30.886
2018-11-27,30.9
2018-11-28,30.91
2018-11-29,30.84
2018-11-30,30.85
2018-12-03,30.752
2018-12-04,30.705
2018-12-05,30.806
2018-12-06,30.857
2018-12-07,30.841
2018-12-10,30.877
2018-12-11,30.894
2018-12-12,30.881
2018-12-13,30.85
2018-12-14,30.867
2018-12-17,30.87
2018-12-18,30.87
2018-12-19,30.813
2018-12-20,30.843
2018-12-21,30.8
2018-12-22,30.824
2018-12-24,30.838
2018-12-25,30.81
2018-12-26,30.815
2018-12-27,30.802
2018-12-28,30.733
2019-01-02,30.794
2019-01-03,30.886
2019-01-04,30.863
2019-01-07,30.812
2019-01-08,30.836
2019-01-09,30.801
2019-01-10,30.782
2019-01-11,30.802
2019-01-14,30.851
2019-01-15,30.82
2019-01-16,30.831
2019-01-17,30.852
2019-01-18,30.842
2019-01-19,30.842
2019-01-21,30.851
2019-01-22,30.896
2019-01-23,30.892
2019-01-24,30.885
2019-01-25,30.825
2019-01-28,30.79
2019-01-29,30.811
2019-01-30,30.776
2019-01-31,30.74
2019-02-01,30.745
2019-02-11,30.809
2019-02-12,30.831
2019-02-13,30.831
2019-02-14,30.833
2019-02-15,30.85
2019-02-18,30.843
2019-02-19,30.846
2019-02-20,30.824
2019-02-21,30.83
2019-02-22,30.822
2019-02-23,30.823
2019-02-25,30.793
2019-02-26,30.783
2019-02-27,30.775
2019-03-04,30.83
2019-03-05,30.847
2019-03-06,30.852
2019-03-07,30.869
2019-03-08,30.902
2019-03-11,30.91
2019-03-12,30.905
2019-03-13,30.91
2019-03-14,30.901
2019-03-15,30.888
2019-03-18,30.832
2019-03-19,30.838
2019-03-20,30.833
2019-03-21,30.816
2019-03-22,30.806
2019-03-25,30.83
2019-03-26,30.835
2019-03-27,30.856
2019-03-28,30.856
2019-03-29,30.825
2019-04-01,30.801
2019-04-02,30.843
2019-04-03,30.817
2019-04-08,30.845
2019-04-09,30.841
2019-04-10,30.845
2019-04-11,30.866
2019-04-12,30.88
2019-04-15,30.866
2019-04-16,30.874
2019-04-17,30.848
2019-04-18,30.841
2019-04-19,30.842
2019-04-22,30.856
2019-04-23,30.858
2019-04-24,30.875
2019-04-25,30.905
2019-04-26,30.907
2019-04-29,30.897
2019-04-30,30.905
2019-05-02,30.905
2019-05-03,30.907
2019-05-06,30.925
2019-05-07,30.911
2019-05-08,30.92
2019-05-09,30.956
2019-05-10,30.958
2019-05-13,31.082
2019-05-14,31.128
2019-05-15,31.11
2019-05-16,31.165
2019-05-17,31.297
2019-05-20,31.385
2019-05-21,31.46
2019-05-22,31.53
2019-05-23,31.547
2019-05-24,31.52
2019-05-27,31.45
2019-05-28,31.484
2019-05-29,31.581
2019-05-30,31.61
2019-05-31,31.612
2019-06-03,31.503
2019-06-04,31.48
2019-06-05,31.39
2019-06-06,31.402
2019-06-10,31.436
2019-06-11,31.436
2019-06-12,31.43
2019-06-13,31.512
2019-06-14,31.53
2019-06-17,31.52
2019-06-18,31.528
2019-06-19,31.35
2019-06-20,31.175
2019-06-21,31.15
2019-06-24,31.11
2019-06-25,31.115
2019-06-26,31.14
2019-06-27,31.101
2019-06-28,31.072
2019-07-01,31.002
2019-07-02,31.052
2019-07-03,31.13
2019-07-04,31.102
2019-07-05,31.107
2019-07-08,31.196
2019-07-09,31.181
2019-07-10,31.16
2019-07-11,31.026
2019-07-12,31.081
2019-07-15,31.052
2019-07-16,31.042
2019-07-17,31.075
2019-07-18,31.077
2019-07-19,31.05
2019-07-22,31.083
2019-07-23,31.091
2019-07-24,31.084
2019-07-25,31.085
2019-07-26,31.09
2019-07-29,31.102
2019-07-30,31.075
2019-07-31,31.096
2019-08-01,31.182
2019-08-02,31.376
2019-08-05,31.628
2019-08-06,31.51
2019-08-07,31.487
2019-08-08,31.363
2019-08-12,31.4
2019-08-13,31.506
2019-08-14,31.402
2019-08-15,31.405
2019-08-16,31.366
2019-08-19,31.352
2019-08-20,31.405
2019-08-21,31.366
2019-08-22,31.384
2019-08-23,31.402
2019-08-26,31.451
2019-08-27,31.415
2019-08-28,31.42
2019-08-29,31.442
2019-08-30,31.41
2019-09-02,31.402
2019-09-03,31.432
2019-09-04,31.365
2019-09-05,31.28
2019-09-06,31.257
2019-09-09,31.25
2019-09-10,31.23
2019-09-11,31.22
2019-09-12,31.055
2019-09-16,31.002
2019-09-17,31.035
2019-09-18,31
2019-09-19,31.006
2019-09-20,30.98
2019-09-23,31.057
2019-09-24,31.013
2019-09-25,31.034
2019-09-26,31.04
2019-09-27,31.042
2019-10-01,31.045
2019-10-02,31.063
2019-10-03,31.064
2019-10-04,30.973
2019-10-05,30.973
2019-10-07,30.902
2019-10-08,30.842
2019-10-09,30.85
2019-10-14,30.62
2019-10-15,30.686
2019-10-16,30.722
2019-10-17,30.681
2019-10-18,30.611
2019-10-21,30.592
2019-10-22,30.594
2019-10-23,30.611
2019-10-24,30.586
2019-10-25,30.594
2019-10-28,30.572
2019-10-29,30.522
2019-10-30,30.533
2019-10-31,30.462
2019-11-01,30.479
2019-11-04,30.405
2019-11-05,30.371
2019-11-06,30.4
2019-11-07,30.406
2019-11-08,30.412
2019-11-11,30.435
2019-11-12,30.422
2019-11-13,30.503
2019-11-14,30.582
2019-11-15,30.538
2019-11-18,30.501
2019-11-19,30.509
2019-11-20,30.5
2019-11-21,30.524
2019-11-22,30.517
2019-11-25,30.507
2019-11-26,30.512
2019-11-27,30.515
2019-11-28,30.505
2019-11-29,30.513
2019-12-02,30.509
2019-12-03,30.507
2019-12-04,30.508
2019-12-05,30.5
2019-12-06,30.5
2019-12-09,30.502
2019-12-10,30.503
2019-12-11,30.505
2019-12-12,30.406
2019-12-13,30.317
2019-12-16,30.263
2019-12-17,30.21
2019-12-18,30.233
2019-12-19,30.208
2019-12-20,30.21
2019-12-23,30.215
2019-12-24,30.205
2019-12-25,30.203
2019-12-26,30.201
2019-12-27,30.203
2019-12-30,30.135
2019-12-31,30.106
2020-01-02,30.114
2020-01-03,30.105
2020-01-06,30.11
2020-01-07,30.082
2020-01-08,30.087
2020-01-09,30.008
2020-01-10,30.019
2020-01-13,29.952
2020-01-14,29.942
2020-01-15,29.95
2020-01-16,29.955
2020-01-17,29.96
2020-01-20,29.96
2020-01-21,29.998
2020-01-22,30.006
2020-01-30,30.277
2020-01-31,30.25
2020-02-03,30.332
2020-02-04,30.207
2020-02-05,30.152
2020-02-06,30.082
2020-02-07,30.126
2020-02-10,30.102
2020-02-11,30.068
2020-02-12,30.032
2020-02-13,30.037
2020-02-14,30.051
2020-02-15,30.051
2020-02-17,30.056
2020-02-18,30.125
2020-02-19,30.152
2020-02-20,30.254
2020-02-21,30.403
2020-02-24,30.472
2020-02-25,30.402
2020-02-26,30.383
2020-02-27,30.33
2020-03-02,30.124
2020-03-03,30.087
2020-03-04,30.038
2020-03-05,29.96
2020-03-06,30.04
2020-03-09,30.13
2020-03-10,30.036
2020-03-11,30.095
2020-03-12,30.15
2020-03-13,30.21
2020-03-16,30.22
2020-03-17,30.25
2020-03-18,30.276
2020-03-19,30.506
2020-03-20,30.302
2020-03-23,30.405
2020-03-24,30.316
2020-03-25,30.325
2020-03-26,30.306
2020-03-27,30.236
2020-03-30,30.25
2020-03-31,30.254
2020-04-01,30.308
2020-04-06,30.231
2020-04-07,30.152
2020-04-08,30.16
2020-04-09,30.152
2020-04-10,30.103
2020-04-13,30.12
2020-04-14,30.071
2020-04-15,30.031
2020-04-16,30.12
2020-04-17,30.102
2020-04-20,30.072
2020-04-21,30.102
2020-04-22,30.1
2020-04-23,30.072
2020-04-24,30.08
2020-04-27,30.025
2020-04-28,30.036
2020-04-29,29.951
2020-04-30,29.802
2020-05-04,29.9
2020-05-05,29.88
2020-05-06,29.91
2020-05-07,29.95
2020-05-08,29.902
2020-05-11,29.861
2020-05-12,29.92
2020-05-13,29.906
2020-05-14,29.948
2020-05-15,29.95
2020-05-18,29.98
2020-05-19,29.95
2020-05-20,29.96
2020-05-21,29.95
2020-05-22,30.009
2020-05-25,30.076
2020-05-26,29.988
2020-05-27,30.03
2020-05-28,30.045
2020-05-29,30.032
2020-06-01,29.952
2020-06-02,29.988
2020-06-03,29.905
2020-06-04,29.926
2020-06-05,29.839
2020-06-08,29.811
2020-06-09,29.803
2020-06-10,29.716
2020-06-11,29.733
2020-06-12,29.762
2020-06-15,29.77
2020-06-16,29.704
2020-06-17,29.682
2020-06-18,29.655
2020-06-19,29.66
2020-06-20,29.66
2020-06-22,29.66
2020-06-23,29.635
2020-06-24,29.64
2020-06-29,29.625
2020-06-30,29.66
2020-07-01,29.612
2020-07-02,29.586
2020-07-03,29.609
2020-07-06,29.551
2020-07-07,29.58
2020-07-08,29.606
2020-07-09,29.581
2020-07-10,29.613
2020-07-13,29.584
2020-07-14,29.595
2020-07-15,29.582
2020-07-16,29.596
2020-07-17,29.593
2020-07-20,29.565
2020-07-21,29.553
2020-07-22,29.527
2020-07-23,29.536
2020-07-24,29.556
2020-07-27,29.507
2020-07-28,29.502
2020-07-29,29.501
2020-07-30,29.521
2020-07-31,29.502
2020-08-03,29.531
2020-08-04,29.539
2020-08-05,29.506
2020-08-06,29.503
2020-08-07,29.514
2020-08-10,29.52
2020-08-11,29.531
2020-08-12,29.54
2020-08-13,29.536
2020-08-14,29.542
2020-08-17,29.526
2020-08-18,29.518
2020-08-19,29.508
2020-08-20,29.522
2020-08-21,29.512
2020-08-24,29.517
2020-08-25,29.507
2020-08-26,29.515
2020-08-27,29.51
2020-08-28,29.521
2020-08-31,29.526
2020-09-01,29.521
2020-09-02,29.526
2020-09-03,29.531
2020-09-04,29.537
2020-09-07,29.524
2020-09-08,29.505
2020-09-09,29.53
2020-09-10,29.519
2020-09-11,29.506
2020-09-14,29.486
2020-09-15,29.38
2020-09-16,29.308
2020-09-17,29.31
2020-09-18,29.152
2020-09-21,29.158
2020-09-22,29.202
2020-09-23,29.216
2020-09-24,29.318
2020-09-25,29.275
2020-09-26,29.276
2020-09-28,29.22
2020-09-29,29.151
2020-09-30,29.126
2020-10-05,29.02
2020-10-06,28.96
2020-10-07,28.965
2020-10-08,28.966
2020-10-12,28.909
2020-10-13,28.92
2020-10-14,28.952
2020-10-15,28.96
2020-10-16,28.979
2020-10-19,28.95
2020-10-20,28.932
2020-10-21,28.892
2020-10-22,28.903
2020-10-23,28.917
2020-10-26,28.902
2020-10-27,28.872
2020-10-28,28.906
2020-10-29,28.914
2020-10-30,28.925
2020-11-02,28.909
2020-11-03,28.92
2020-11-04,29.006
2020-11-05,28.874
2020-11-06,28.876
2020-11-09,28.825
2020-11-10,28.856
2020-11-11,28.83
2020-11-12,28.86
2020-11-13,28.847
2020-11-16,28.81
2020-11-17,28.815
2020-11-18,28.758
2020-11-19,28.818
2020-11-20,28.82
2020-11-23,28.803
2020-11-24,28.831
2020-11-25,28.816
2020-11-26,28.811
2020-11-27,28.811
2020-11-30,28.824
2020-12-01,28.837
2020-12-02,28.766
2020-12-03,28.668
2020-12-04,28.521
2020-12-07,28.534
2020-12-08,28.516
2020-12-09,28.51
2020-12-10,28.506
2020-12-11,28.44
2020-12-14,28.45
2020-12-15,28.46
2020-12-16,28.476
2020-12-17,28.481
2020-12-18,28.489
2020-12-21,28.517
2020-12-22,28.545
2020-12-23,28.555
2020-12-24,28.533
2020-12-25,28.541
2020-12-28,28.525
2020-12-29,28.515
2020-12-30,28.507
2020-12-31,28.508
2021-01-04,28.424
2021-01-05,28.402
2021-01-06,28.407
2021-01-07,28.429
2021-01-08,28.457
2021-01-11,28.485
2021-01-12,28.481
2021-01-13,28.445
2021-01-14,28.467
2021-01-15,28.48
2021-01-18,28.49
2021-01-19,28.471
2021-01-20,28.415
2021-01-21,28.373
2021-01-22,28.381
2021-01-25,28.391
2021-01-26,28.41
2021-01-27,28.38
2021-01-28,28.422
2021-01-29,28.412
2021-02-01,28.385
2021-02-02,28.387
2021-02-03,28.377
2021-02-04,28.382
2021-02-05,28.39
2021-02-08,28.39
2021-02-09,28.39
2021-02-17,28.38
2021-02-18,28.33
2021-02-19,28.338
2021-02-20,28.338
2021-02-22,28.336
2021-02-23,28.302
2021-02-24,28.306
2021-02-25,28.256
2021-02-26,28.306
2021-03-02,28.319
2021-03-03,28.258
2021-03-04,28.266
2021-03-05,28.276
2021-03-08,28.303
2021-03-09,28.39
2021-03-10,28.326
2021-03-11,28.241
2021-03-12,28.187
2021-03-15,28.243
2021-03-16,28.263
2021-03-17,28.302
2021-03-18,28.306
2021-03-19,28.463
2021-03-22,28.492
2021-03-23,28.482
2021-03-24,28.538
2021-03-25,28.61
2021-03-26,28.602
2021-03-29,28.552
2021-03-30,28.519
2021-03-31,28.531
2021-04-01,28.533
2021-04-06,28.486
2021-04-07,28.427
2021-04-08,28.43
2021-04-09,28.436
2021-04-12,28.459
2021-04-13,28.465
2021-04-14,28.435
2021-04-15,28.382
2021-04-16,28.341
2021-04-19,28.205
2021-04-20,28.138
2021-04-21,28.151
2021-04-22,28.141
2021-04-23,28.111
2021-04-26,27.959
2021-04-27,27.905
2021-04-28,27.938
2021-04-29,27.95
2021-05-03,27.979
2021-05-04,27.952
2021-05-05,27.96
2021-05-06,27.99
2021-05-07,27.908
2021-05-10,27.816
2021-05-11,27.952
2021-05-12,27.955
2021-05-13,27.996
2021-05-14,28.012
2021-05-17,28.042
2021-05-18,27.952
2021-05-19,27.982
2021-05-20,28.012
2021-05-21,27.94
2021-05-24,27.95
2021-05-25,27.876
2021-05-26,27.821
2021-05-27,27.822
2021-05-28,27.767
2021-05-31,27.657
2021-06-01,27.637
2021-06-02,27.72
2021-06-03,27.704
2021-06-04,27.721
2021-06-07,27.712
2021-06-08,27.703
2021-06-09,27.767
2021-06-10,27.704
2021-06-11,27.631
2021-06-15,27.652
2021-06-16,27.691
2021-06-17,27.765
2021-06-18,27.81
2021-06-21,27.952
2021-06-22,27.962
2021-06-23,28.006
2021-06-24,28.002
2021-06-25,27.907
2021-06-28,27.91
2021-06-29,27.908
2021-06-30,27.87
2021-07-01,27.904
2021-07-02,27.99
2021-07-05,27.915
2021-07-06,27.916
2021-07-07,27.993
2021-07-08,28.034
2021-07-09,28.086
2021-07-12,28.015
2021-07-13,27.997
2021-07-14,28.007
2021-07-15,27.892
2021-07-16,28.005
2021-07-19,28.052
2021-07-20,28.06
2021-07-21,28.073
2021-07-22,28.018
2021-07-23,28.028
2021-07-26,28.072
2021-07-27,28.055
2021-07-28,28.005
2021-07-29,27.945
2021-07-30,27.966
2021-08-02,27.932
2021-08-03,27.93
2021-08-04,27.833
2021-08-05,27.781
2021-08-06,27.813
2021-08-09,27.826
2021-08-10,27.831
2021-08-11,27.847
2021-08-12,27.819
2021-08-13,27.86
2021-08-16,27.848
2021-08-17,27.869
2021-08-18,27.843
2021-08-19,27.969
2021-08-20,28.008
2021-08-23,27.985
2021-08-24,27.942
2021-08-25,27.927
2021-08-26,27.937
2021-08-27,27.928
2021-08-30,27.813
2021-08-31,27.772
2021-09-01,27.742
2021-09-02,27.732
2021-09-03,27.703
2021-09-06,27.663
2021-09-07,27.673
2021-09-08,27.746
2021-09-09,27.752
2021-09-10,27.69
2021-09-11,27.71
2021-09-13,27.72
2021-09-14,27.713
2021-09-15,27.708
2021-09-16,27.715
2021-09-17,27.736
2021-09-22,27.782
2021-09-23,27.773
2021-09-24,27.731
2021-09-27,27.722
2021-09-28,27.785
2021-09-29,27.82
2021-09-30,27.866
2021-10-01,27.882
2021-10-04,27.866
2021-10-05,27.907
2021-10-06,27.97
2021-10-07,27.952
2021-10-08,28.046
2021-10-12,28.152
2021-10-13,28.145
2021-10-14,28.103
2021-10-15,28.027
2021-10-18,28.015
2021-10-19,27.935
2021-10-20,27.911
2021-10-21,27.912
2021-10-22,27.902
2021-10-25,27.876
2021-10-26,27.842
2021-10-27,27.827
2021-10-28,27.834
2021-10-29,27.82
2021-11-01,27.85
2021-11-02,27.85
2021-11-03,27.853
2021-11-04,27.866
2021-11-05,27.882
2021-11-08,27.842
2021-11-09,27.772
2021-11-10,27.785
2021-11-11,27.84
2021-11-12,27.836
2021-11-15,27.782
2021-11-16,27.79
2021-11-17,27.815
2021-11-18,27.803
2021-11-19,27.795
2021-11-22,27.783
2021-11-23,27.809
2021-11-24,27.793
2021-11-25,27.801
2021-11-26,27.836
2021-11-29,27.807
2021-11-30,27.81
2021-12-01,27.76
2021-12-02,27.766
2021-12-03,27.723
2021-12-06,27.741
2021-12-07,27.771
2021-12-08,27.742
2021-12-09,27.71
2021-12-10,27.737
2021-12-13,27.796
2021-12-14,27.816
2021-12-15,27.804
2021-12-16,27.817
2021-12-17,27.78
2021-12-20,27.84
2021-12-21,27.825
2021-12-22,27.82
2021-12-23,27.788
2021-12-24,27.738
2021-12-27,27.715
2021-12-28,27.685
2021-12-29,27.688
2021-12-30,27.69
2022-01-03,27.632
2022-01-04,27.642
2022-01-05,27.621
2022-01-06,27.651
2022-01-07,27.69
2022-01-10,27.668
2022-01-11,27.684
2022-01-12,27.668
2022-01-13,27.648
2022-01-14,27.624
2022-01-17,27.607
2022-01-18,27.624
2022-01-19,27.651
2022-01-20,27.636
2022-01-21,27.702
2022-01-22,27.7
2022-01-24,27.696
2022-01-25,27.717
2022-01-26,27.745
2022-01-27,27.806
2022-01-28,27.828
2022-02-07,27.841
2022-02-08,27.838
2022-02-09,27.822
2022-02-10,27.825
2022-02-11,27.846
2022-02-14,27.873
2022-02-15,27.892
2022-02-16,27.892
2022-02-17,27.872
2022-02-18,27.87
2022-02-21,27.83
2022-02-22,27.88
2022-02-23,27.884
2022-02-24,28.023
2022-02-25,28.021
2022-03-01,28.02
2022-03-02,28.07
2022-03-03,28.061
2022-03-04,28.115
2022-03-07,28.25
2022-03-08,28.362
2022-03-09,28.435
2022-03-10,28.345
2022-03-11,28.403
2022-03-14,28.53
2022-03-15,28.612
2022-03-16,28.625
2022-03-17,28.456
2022-03-18,28.36
2022-03-21,28.487
2022-03-22,28.543
2022-03-23,28.551
2022-03-24,28.602
2022-03-25,28.613
2022-03-28,28.755
2022-03-29,28.765
2022-03-30,28.58
2022-03-31,28.622
2022-04-01,28.705
2022-04-06,28.77
2022-04-07,28.828
2022-04-08,28.906
2022-04-11,29.05
2022-04-12,29.145
2022-04-13,29.086
2022-04-14,29.004
2022-04-15,29.118
2022-04-18,29.186
2022-04-19,29.23
2022-04-20,29.249
2022-04-21,29.209
2022-04-22,29.26
2022-04-25,29.37
2022-04-26,29.31
2022-04-27,29.396
2022-04-28,29.525
2022-04-29,29.48
2022-05-03,29.53
2022-05-04,29.525
2022-05-05,29.509
2022-05-06,29.66
2022-05-09,29.733
2022-05-10,29.712
2022-05-11,29.705
2022-05-12,29.823
2022-05-13,29.807
2022-05-16,29.814
2022-05-17,29.732
2022-05-18,29.71
2022-05-19,29.769
2022-05-20,29.655
2022-05-23,29.62
2022-05-24,29.622
2022-05-25,29.556
2022-05-26,29.505
2022-05-27,29.35
2022-05-30,29.144
2022-05-31,29.065
2022-06-01,29.27
2022-06-02,29.388
2022-06-06,29.415
2022-06-07,29.514
2022-06-08,29.52
2022-06-09,29.526
2022-06-10,29.584
2022-06-13,29.742
2022-06-14,29.708
2022-06-15,29.74
2022-06-16,29.735
2022-06-17,29.72
2022-06-20,29.74
2022-06-21,29.715
2022-06-22,29.79
2022-06-23,29.782
2022-06-24,29.732
2022-06-27,29.612
2022-06-28,29.64
2022-06-29,29.682
2022-06-30,29.726
2022-07-01,29.755
2022-07-04,29.745
2022-07-05,29.765
2022-07-06,29.81
2022-07-07,29.79
2022-07-08,29.782
2022-07-11,29.818
2022-07-12,29.895
2022-07-13,29.855
2022-07-14,29.889
2022-07-15,29.946
2022-07-18,29.914
2022-07-19,29.902
2022-07-20,29.896
2022-07-21,29.89
2022-07-22,29.916
2022-07-25,29.908
2022-07-26,29.914
2022-07-27,29.933
2022-07-28,29.928
2022-07-29,29.938
2022-08-01,29.98
2022-08-02,29.996
2022-08-03,29.99
2022-08-04,29.994
2022-08-05,29.95
2022-08-08,29.996
2022-08-09,29.99
2022-08-10,29.997
2022-08-11,29.942
2022-08-12,29.97
2022-08-15,29.99
2022-08-16,29.994
2022-08-17,29.981
2022-08-18,29.991
2022-08-19,30.02
2022-08-22,30.095
2022-08-23,30.204
2022-08-24,30.271
2022-08-25,30.194
2022-08-26,30.218
2022-08-29,30.396
2022-08-30,30.468
2022-08-31,30.435
2022-09-01,30.531
2022-09-02,30.588
2022-09-05,30.71
2022-09-06,30.746
2022-09-07,30.928
2022-09-08,30.895
2022-09-12,30.87
2022-09-13,30.89
2022-09-14,31.088
2022-09-15,31.13
2022-09-16,31.293
2022-09-19,31.35
2022-09-20,31.345
2022-09-21,31.44
2022-09-22,31.616
2022-09-23,31.665
2022-09-26,31.818
2022-09-27,31.78
2022-09-28,31.871
2022-09-29,31.847
2022-09-30,31.743
2022-10-03,31.868
2022-10-04,31.748
2022-10-05,31.568
2022-10-06,31.53
2022-10-07,31.668
2022-10-11,31.867
2022-10-12,31.839
2022-10-13,31.889
2022-10-14,31.884
2022-10-17,31.997
2022-10-18,31.994
2022-10-19,32.022
2022-10-20,32.107
2022-10-21,32.188
2022-10-24,32.226
2022-10-25,32.319
2022-10-26,32.215
2022-10-27,32.108
2022-10-28,32.148
2022-10-31,32.21
2022-11-01,32.179
2022-11-02,32.17
2022-11-03,32.245
2022-11-04,32.185
2022-11-07,32.082
2022-11-08,32.062
2022-11-09,31.903
2022-11-10,31.905
2022-11-11,31.41
2022-11-14,31.116
2022-11-15,31.105
2022-11-16,31.115
2022-11-17,31.158
2022-11-18,31.17
2022-11-21,31.21
2022-11-22,31.213
2022-11-23,31.218
2022-11-24,31.027
2022-11-25,30.905
2022-11-28,31.012
2022-11-29,30.952
2022-11-30,30.902
2022-12-01,30.633
2022-12-02,30.605
2022-12-05,30.455
2022-12-06,30.638
2022-12-07,30.662
2022-12-08,30.685
2022-12-09,30.622
2022-12-12,30.714
2022-12-13,30.724
2022-12-14,30.582
2022-12-15,30.625
2022-12-16,30.71
2022-12-19,30.74
2022-12-20,30.72
2022-12-21,30.709
2022-12-22,30.68
2022-12-23,30.712
2022-12-26,30.708
2022-12-27,30.691
2022-12-28,30.715
2022-12-29,30.732
2022-12-30,30.708
2023-01-03,30.698
2023-01-04,30.714
2023-01-05,30.71
2023-01-06,30.712
2023-01-07,30.695
2023-01-09,30.52
2023-01-10,30.463
2023-01-11,30.435
2023-01-12,30.458
2023-01-13,30.387
2023-01-16,30.268
2023-01-17,30.315
2023-01-18,30.333
2023-01-19,30.368
2023-01-30,30.137
2023-01-31,30.052
2023-02-01,29.965
2023-02-02,29.7
2023-02-03,29.72
2023-02-04,29.9
2023-02-06,29.984
2023-02-07,30.043
2023-02-08,30.06
2023-02-09,30.068
2023-02-10,30.136
2023-02-13,30.238
2023-02-14,30.215
2023-02-15,30.308
2023-02-16,30.28
2023-02-17,30.404
2023-02-18,30.41
2023-02-20,30.371
2023-02-21,30.415
2023-02-22,30.504
2023-02-23,30.405
2023-02-24,30.48
2023-03-01,30.588
2023-03-02,30.63
2023-03-03,30.627
2023-03-06,30.576
2023-03-07,30.594
2023-03-08,30.79
2023-03-09,30.81
2023-03-10,30.848
2023-03-13,30.651
2023-03-14,30.62
2023-03-15,30.592
2023-03-16,30.631
2023-03-17,30.554
2023-03-20,30.593
2023-03-21,30.563
2023-03-22,30.526
2023-03-23,30.372
2023-03-24,30.353
2023-03-25,30.388
2023-03-27,30.372
2023-03-28,30.385
2023-03-29,30.455
2023-03-30,30.461
2023-03-31,30.454
2023-04-06,30.528
2023-04-07,30.446
2023-04-10,30.452
2023-04-11,30.475
2023-04-12,30.505
2023-04-13,30.496
2023-04-14,30.465
2023-04-17,30.494
2023-04-18,30.527
2023-04-19,30.562
2023-04-20,30.612
2023-04-21,30.622
2023-04-24,30.645
2023-04-25,30.68
2023-04-26,30.725
2023-04-27,30.71
2023-04-28,30.74
2023-05-02,30.782
2023-05-03,30.746
2023-05-04,30.666
2023-05-05,30.641
2023-05-08,30.673
2023-05-09,30.702
2023-05-10,30.729
2023-05-11,30.738
2023-05-12,30.758
2023-05-15,30.813
2023-05-16,30.805
2023-05-17,30.817
2023-05-18,30.766
2023-05-19,30.682
2023-05-22,30.677
2023-05-23,30.748
2023-05-24,30.794
2023-05-25,30.79
2023-05-26,30.748
2023-05-29,30.652
2023-05-30,30.66
2023-05-31,30.766
2023-06-01,30.74
2023-06-02,30.655
2023-06-05,30.695
2023-06-06,30.728
2023-06-07,30.712
2023-06-08,30.76
2023-06-09,30.725
2023-06-12,30.754
2023-06-13,30.716
2023-06-14,30.72
2023-06-15,30.724
2023-06-16,30.708
2023-06-17,30.738
2023-06-19,30.796
2023-06-20,30.89
2023-06-21,30.92
2023-06-26,31.017
2023-06-27,31.03
2023-06-28,31.072
2023-06-29,31.078
2023-06-30,31.135
2023-07-03,31.131
2023-07-04,31.116
2023-07-05,31.152
2023-07-06,31.22
2023-07-07,31.33
2023-07-10,31.385
2023-07-11,31.32
2023-07-12,31.238
2023-07-13,31.086
2023-07-14,30.893
2023-07-17,31.052
2023-07-18,30.996
2023-07-19,31.063
2023-07-20,31.077
2023-07-21,31.24
2023-07-24,31.352
2023-07-25,31.306
2023-07-26,31.252
2023-07-27,31.238
2023-07-28,31.39
2023-07-31,31.43
2023-08-01,31.518
2023-08-02,31.625
2023-08-04,31.691
2023-08-07,31.67
2023-08-08,31.81
2023-08-09,31.75
2023-08-10,31.762
2023-08-11,31.798
2023-08-14,31.924
2023-08-15,31.935
2023-08-16,31.895
2023-08-17,31.974
2023-08-18,31.942
2023-08-21,31.965
2023-08-22,31.938
2023-08-23,31.926
2023-08-24,31.795
2023-08-25,31.85
2023-08-28,31.874
2023-08-29,31.884
2023-08-30,31.856
2023-08-31,31.854
2023-09-01,31.861
2023-09-04,31.88
2023-09-05,31.895
2023-09-06,31.967
2023-09-07,31.995
2023-09-08,32.008
2023-09-11,31.98
2023-09-12,32.032
2023-09-13,31.968
2023-09-14,31.91
2023-09-15,31.928
2023-09-18,31.978
2023-09-19,32.002
2023-09-20,32.022
2023-09-21,32.112
2023-09-22,32.126
2023-09-23,32.122
2023-09-25,32.148
2023-09-26,32.228
2023-09-27,32.245
2023-09-28,32.268
2023-10-02,32.237
2023-10-03,32.328
2023-10-04,32.325
2023-10-05,32.261
2023-10-06,32.207
2023-10-11,32.122
2023-10-12,32.125
2023-10-13,32.219
2023-10-16,32.279
2023-10-17,32.295
2023-10-18,32.29
2023-10-19,32.323
2023-10-20,32.32
2023-10-23,32.348
2023-10-24,32.316
2023-10-25,32.341
2023-10-26,32.43
2023-10-27,32.425
2023-10-30,32.425
2023-10-31,32.419
2023-11-01,32.484
2023-11-02,32.361
2023-11-03,32.303
2023-11-06,32.143
2023-11-07,32.197
2023-11-08,32.248
2023-11-09,32.258
2023-11-10,32.352
2023-11-13,32.332
2023-11-14,32.33
2023-11-15,32.108
2023-11-16,32.01
2023-11-17,31.856
2023-11-20,31.658
2023-11-21,31.448
2023-11-22,31.595
2023-11-23,31.545
2023-11-24,31.628
2023-11-27,31.57
2023-11-28,31.468
2023-11-29,31.25
2023-11-30,31.26
2023-12-01,31.475
2023-12-04,31.415
2023-12-05,31.493
2023-12-06,31.505
2023-12-07,31.529
2023-12-08,31.374
2023-12-11,31.512
2023-12-12,31.509
2023-12-13,31.526
2023-12-14,31.33
2023-12-15,31.268
2023-12-18,31.314
2023-12-19,31.361
2023-12-20,31.31
2023-12-21,31.282
2023-12-22,31.203
2023-12-25,31.14
2023-12-26,31.065
2023-12-27,30.88
2023-12-28,30.718
2023-12-29,30.735
2024-01-02,30.866
2024-01-03,31.01
2024-01-04,31.016
2024-01-05,31.025
2024-01-08,31.001
2024-01-09,31.023
2024-01-10,31.14
2024-01-11,31.103
2024-01-12,31.129
2024-01-15,31.215
2024-01-16,31.392
2024-01-17,31.589
2024-01-18,31.571
2024-01-19,31.44
2024-01-22,31.352
2024-01-23,31.328
2024-01-24,31.345
2024-01-25,31.315
2024-01-26,31.305
2024-01-29,31.253
2024-01-30,31.162
2024-01-31,31.301
2024-02-01,31.338
2024-02-02,31.243
2024-02-05,31.375
2024-02-06,31.338
2024-02-07,31.358
2024-02-15,31.425
2024-02-16,31.364
2024-02-17,31.37
2024-02-19,31.395
2024-02-20,31.492
2024-02-21,31.525
2024-02-22,31.519
2024-02-23,31.555
2024-02-26,31.55
2024-02-27,31.57
2024-02-29,31.577
2024-03-01,31.606
2024-03-04,31.53
2024-03-05,31.565
2024-03-06,31.575
2024-03-07,31.536
2024-03-08,31.438
2024-03-11,31.414
2024-03-12,31.412
2024-03-13,31.46
2024-03-14,31.497
2024-03-15,31.593
2024-03-18,31.659
2024-03-19,31.772
2024-03-20,31.868
2024-03-21,31.832
2024-03-22,31.958
2024-03-25,31.865
2024-03-26,31.896
2024-03-27,31.998
2024-03-28,31.988
2024-03-29,31.99
2024-04-01,31.979
2024-04-02,32.076
2024-04-03,32.057
2024-04-08,32.095
2024-04-09,32.098
2024-04-10,32.02
2024-04-11,32.211
2024-04-12,32.293
2024-04-15,32.378
2024-04-16,32.49
2024-04-17,32.478
2024-04-18,32.376
2024-04-19,32.512
2024-04-22,32.636
2024-04-23,32.593
2024-04-24,32.528
2024-04-25,32.578
2024-04-26,32.56
2024-04-29,32.558
2024-04-30,32.542
2024-05-02,32.496
2024-05-03,32.376
2024-05-06,32.347
2024-05-07,32.37
2024-05-08,32.408
2024-05-09,32.46
2024-05-10,32.413
2024-05-13,32.411
2024-05-14,32.415
2024-05-15,32.312
2024-05-16,32.12
2024-05-17,32.206
2024-05-20,32.236
2024-05-21,32.294
2024-05-22,32.275
2024-05-23,32.246
2024-05-24,32.258
2024-05-27,32.187
2024-05-28,32.168
2024-05-29,32.298
2024-05-30,32.441
2024-05-31,32.42
2024-06-03,32.396
2024-06-04,32.394
2024-06-05,32.348
2024-06-06,32.28
2024-06-07,32.25
2024-06-11,32.395
2024-06-12,32.386
2024-06-13,32.33
2024-06-14,32.35
2024-06-17,32.385
2024-06-18,32.397
2024-06-19,32.358
2024-06-20,32.328
2024-06-21,32.369
2024-06-24,32.395
2024-06-25,32.443
2024-06-26,32.554
2024-06-27,32.53
2024-06-28,32.45
2024-07-01,32.546
2024-07-02,32.627
2024-07-03,32.632
2024-07-04,32.48
2024-07-05,32.475
2024-07-08,32.493
2024-07-09,32.54
2024-07-10,32.586
2024-07-11,32.506
2024-07-12,32.561
2024-07-15,32.572
2024-07-16,32.625
2024-07-17,32.616
2024-07-18,32.605
2024-07-19,32.73
2024-07-22,32.848
2024-07-23,32.838
2024-07-26,32.831
2024-07-29,32.87
2024-07-30,32.846
2024-07-31,32.836
2024-08-01,32.762
2024-08-02,32.817
2024-08-05,32.639
2024-08-06,32.688
2024-08-07,32.681
2024-08-08,32.593
2024-08-09,32.44
2024-08-12,32.46
2024-08-13,32.47
2024-08-14,32.304
2024-08-15,32.301
2024-08-16,32.288
2024-08-19,32.03
2024-08-20,31.993
2024-08-21,31.938
2024-08-22,31.966
2024-08-23,31.976
2024-08-26,31.817
2024-08-27,31.93
2024-08-28,31.95
2024-08-29,31.903
2024-08-30,31.94
2024-09-02,32.021
2024-09-03,32.062
2024-09-04,32.188
2024-09-05,32.071
2024-09-06,31.926
2024-09-09,32.09
2024-09-10,32.173
2024-09-11,32.105
2024-09-12,32.128
2024-09-13,31.992
2024-09-16,31.91
2024-09-18,31.94
2024-09-19,31.932
2024-09-20,31.962
2024-09-23,32.033
2024-09-24,31.966
2024-09-25,31.84
2024-09-26,31.845
2024-09-27,31.688
2024-09-30,31.651
2024-10-01,31.837
2024-10-04,31.963
2024-10-07,32.131
2024-10-08,32.22
2024-10-09,32.16
2024-10-11,32.182
2024-10-14,32.168
2024-10-15,32.18
2024-10-16,32.175
2024-10-17,32.168
2024-10-18,32.083
2024-10-21,31.985
2024-10-22,32.058
2024-10-23,32.088
2024-10-24,32.085
2024-10-25,32.071
2024-10-28,32.09
2024-10-29,32.101
2024-10-30,32.031
2024-11-01,31.968
2024-11-04,31.961
2024-11-05,31.968
2024-11-06,32.175
2024-11-07,32.24
2024-11-08,32.115
2024-11-11,32.251
2024-11-12,32.425
2024-11-13,32.45
2024-11-14,32.546
2024-11-15,32.466
2024-11-18,32.531
2024-11-19,32.42
2024-11-20,32.494
2024-11-21,32.545
2024-11-22,32.593
2024-11-25,32.485
2024-11-26,32.51
2024-11-27,32.534
2024-11-28,32.521
2024-11-29,32.457
2024-12-02,32.598
2024-12-03,32.536
2024-12-04,32.448
2024-12-05,32.438
2024-12-06,32.408
2024-12-09,32.47
2024-12-10,32.44
2024-12-11,32.51
2024-12-12,32.488
2024-12-13,32.508
2024-12-16,32.485
2024-12-17,32.515
2024-12-18,32.481
2024-12-19,32.668
2024-12-20,32.691
2024-12-23,32.688
2024-12-24,32.67
2024-12-25,32.668
2024-12-26,32.696
2024-12-27,32.72
2024-12-30,32.717
2024-12-31,32.781
2025-01-02,32.868
2025-01-03,32.917
2025-01-06,32.862
2025-01-07,32.739
2025-01-08,32.883
2025-01-09,32.94
2025-01-10,32.964
2025-01-13,33.119
2025-01-14,32.971
2025-01-15,33.065
2025-01-16,32.928
2025-01-17,32.926
2025-01-20,32.808
2025-01-21,32.765
2025-01-22,32.774
2025-01-23,32.77
2025-01-24,32.682
2025-02-03,32.968
2025-02-04,32.985
2025-02-05,32.838
2025-02-06,32.826
2025-02-07,32.754
2025-02-08,32.786
2025-02-10,32.839
2025-02-11,32.835
2025-02-12,32.861
2025-02-13,32.802
2025-02-14,32.77
2025-02-17,32.695
2025-02-18,32.765
2025-02-19,32.748
2025-02-20,32.791
2025-02-21,32.745
2025-02-24,32.71
2025-02-25,32.795
2025-02-26,32.79
2025-02-27,32.82
2025-03-03,32.917
2025-03-04,32.913
2025-03-05,32.816
2025-03-06,32.854
2025-03-07,32.834
2025-03-10,32.92
2025-03-11,32.884
2025-03-12,32.962
2025-03-13,32.961
2025-03-14,32.954
2025-03-17,33.005
2025-03-18,32.997
2025-03-19,33.043
2025-03-20,33.007
2025-03-21,32.988
2025-03-24,33.038
2025-03-25,33.085
2025-03-26,33.097
2025-03-27,33.103
2025-03-28,33.097
2025-03-31,33.182
2025-04-01,33.196
2025-04-02,33.088
2025-04-07,33.055
2025-04-08,33.007
2025-04-09,33.002
2025-04-10,32.868
2025-04-11,32.705
2025-04-14,32.51
2025-04-15,32.516
2025-04-16,32.52
2025-04-17,32.531
2025-04-18,32.608
2025-04-21,32.46
2025-04-22,32.498
2025-04-23,32.492
2025-04-24,32.529
2025-04-25,32.526
2025-04-28,32.465
2025-04-29,32.229
2025-04-30,32.017
2025-05-02,31.064
2025-05-05,30.145
2025-05-06,30.28
2025-05-07,30.295
2025-05-08,30.303
2025-05-09,30.308
2025-05-12,30.316
2025-05-13,30.455
2025-05-14,30.284
2025-05-15,30.189
2025-05-16,30.172
2025-05-19,30.205
2025-05-20,30.179
2025-05-21,30.158
2025-05-22,30.07
2025-05-23,30.023
2025-05-26,29.935
2025-05-27,29.953
2025-05-28,29.91
2025-05-29,29.929
2025-06-02,29.988
2025-06-03,30.005
2025-06-04,29.952
2025-06-05,29.922
2025-06-06,29.931
2025-06-09,29.948
2025-06-10,29.955
2025-06-11,29.92
2025-06-12,29.66
2025-06-13,29.668
2025-06-16,29.52
2025-06-17,29.535
2025-06-18,29.542
2025-06-19,29.621
2025-06-20,29.529
2025-06-23,29.734
2025-06-24,29.536
2025-06-25,29.391
2025-06-26,29.165
2025-06-27,29.18
2025-06-30,29.902
2025-07-01,29.185
2025-07-02,29.019
2025-07-03,28.828
2025-07-04,28.931
2025-07-07,29.048
2025-07-08,29.068
2025-07-09,29.15
2025-07-10,29.24
2025-07-11,29.205
2025-07-14,29.296
2025-07-15,29.302
2025-07-16,29.416
2025-07-17,29.412
2025-07-18,29.406
2025-07-21,29.415
2025-07-22,29.452
2025-07-23,29.362
2025-07-24,29.402
2025-07-25,29.46
2025-07-28,29.523
2025-07-29,29.706
2025-07-30,29.719
2025-07-31,29.916
2025-08-01,30.025
2025-08-04,29.918
2025-08-05,29.927
2025-08-06,29.99
2025-08-07,29.82
2025-08-08,29.855
2025-08-11,29.916
2025-08-12,30.026
2025-08-13,29.96
2025-08-14,29.988
2025-08-15,30.01
2025-08-18,30.056
2025-08-19,30.12
2025-08-20,30.308
2025-08-21,30.505
2025-08-22,30.585
2025-08-25,30.45
2025-08-26,30.555
2025-08-27,30.582
2025-08-28,30.588
2025-08-29,30.605
2025-09-01,30.63
2025-09-02,30.678
2025-09-03,30.728
2025-09-04,30.704
2025-09-05,30.615
2025-09-08,30.522
2025-09-09,30.38
2025-09-10,30.31
2025-09-11,30.344
2025-09-12,30.246
2025-09-15,30.228
2025-09-16,30.101
2025-09-17,30.065
2025-09-18,30.107
2025-09-19,30.22
2025-09-22,30.251
2025-09-23,30.294
2025-09-24,30.321
2025-09-25,30.438
2025-09-26,30.545
2025-09-30,30.469
2025-10-01,30.45
2025-10-02,30.415
2025-10-03,30.418
2025-10-07,30.52
2025-10-08,30.535
2025-10-09,30.545
2025-10-13,30.696
2025-10-14,30.761
2025-10-15,30.656
2025-10-16,30.665
2025-10-17,30.686
2025-10-20,30.65
2025-10-21,30.691
2025-10-22,30.731
2025-10-23,30.815
2025-10-27,30.719
2025-10-28,30.626
2025-10-29,30.63
2025-10-30,30.715
2025-10-31,30.749
2025-11-03,30.838
2025-11-04,30.906
2025-11-05,30.954
2025-11-06,30.95
2025-11-07,31.045
2025-11-10,31.008
2025-11-11,31.052
2025-11-12,31.069
2025-11-13,31.081
2025-11-14,31.15
2025-11-17,31.18
2025-11-18,31.217
2025-11-19,31.254
2025-11-20,31.295
2025-11-21,31.43
2025-11-24,31.447
2025-11-25,31.44
2025-11-26,31.35
2025-11-27,31.34
2025-11-28,31.408
2025-12-01,31.431
2025-12-02,31.435
2025-12-03,31.344
2025-12-04,31.338
2025-12-05,31.258
2025-12-08,31.202
2025-12-09,31.215
2025-12-10,31.208
2025-12-11,31.268
2025-12-12,31.202
2025-12-15,31.38
2025-12-16,31.475
2025-12-17,31.526
2025-12-18,31.516
2025-12-19,31.526
2025-12-22,31.523
2025-12-23,31.508
2025-12-24,31.48
2025-12-26,31.455
2025-12-29,31.45
2025-12-30,31.428
2025-12-31,31.438
2026-01-02,31.419
2026-01-05,31.538
2026-01-06,31.516
2026-01-07,31.521
2026-01-08,31.57
2026-01-09,31.595
2026-01-12,31.63
2026-01-13,31.656
2026-01-14,31.63
2026-01-15,31.593
2026-01-16,31.572
2026-01-19,31.59
2026-01-20,31.608
2026-01-21,31.628
2026-01-22,31.61
2026-01-23,31.578
2026-01-26,31.508
2026-01-27,31.47
2026-01-28,31.32
2026-01-29,31.327
2026-01-30,31.468
2026-02-02,31.59
2026-02-03,31.57
2026-02-04,31.577
2026-02-05,31.648
2026-02-06,31.678
2026-02-09,31.56
2026-02-10,31.55
2026-02-11,31.478
2026-02-12,31.46
2026-02-13,31.518
2026-02-23,31.462
2026-02-24,31.461
2026-02-25,31.34
2026-02-26,31.251
2026-03-02,31.431
2026-03-03,31.609
2026-03-04,31.695
2026-03-05,31.683
2026-03-06,31.678
2026-03-09,31.92
2026-03-10,31.828
2026-03-11,31.755
2026-03-12,31.845
2026-03-13,31.918
2026-03-16,31.948
2026-03-17,31.885
2026-03-18,31.832
2026-03-19,31.953
2026-03-20,31.97
2026-03-23,32.092
2026-03-24,32.028
2026-03-25,31.952
2026-03-26,31.905
2026-03-27,31.88
2026-03-30,31.996
2026-03-31,31.98
2026-04-01,31.949
2026-04-02,31.972
2026-04-07,31.967
2026-04-08,31.785
2026-04-09,31.748
2026-04-10,31.726
2026-04-13,31.785
2026-04-14,31.69
2026-04-15,31.65
2026-04-16,31.556
2026-04-17,31.596
2026-04-20,31.531
2026-04-21,31.489
2026-04-22,31.54
2026-04-23,31.575
2026-04-24,31.516
2026-04-27,31.467
2026-04-28,31.518
2026-04-29,31.557
2026-04-30,31.648
2026-05-04,31.61
2026-05-05,31.605
2026-05-06,31.488
2026-05-07,31.409
2026-05-08,31.429
2026-05-11,31.415
2026-05-12,31.48
2026-05-13,31.506
2026-05-14,31.51
2026-05-15,31.551
2026-05-18,31.545
2026-05-19,31.65
2026-05-20,31.643
2026-05-21,31.595
2026-05-22,31.568
2026-05-25,31.47
2026-05-26,31.451
2026-05-27,31.42
2026-05-28,31.428
2026-05-29,31.384
2026-06-01,31.379
2026-06-02,31.445
2026-06-03,31.44
2026-06-04,31.46
2026-06-05,31.475
2026-06-08,31.58
2026-06-09,31.618
2026-06-10,31.668
2026-06-11,31.631
2026-06-12,31.618
2026-06-15,31.564
2026-06-16,31.559
2026-06-17,31.575
2026-06-18,31.588
2026-06-22,31.631
2026-06-23,31.625
2026-06-24,31.751
2026-06-25,31.835
2026-06-26,31.86
2026-06-29,31.845
2026-06-30,31.837
2026-07-01,31.874
2026-07-02,31.91
2026-07-03,31.93
2026-07-06,32.025
2026-07-07,32.143
2026-07-08,32.032
2026-07-09,32.178
2026-07-13,32.17
2026-07-14,32.172
2026-07-15,32.189
2026-07-16,32.249
2026-07-17,32.288
2026-07-20,32.248
2026-07-21,32.345
2026-07-22,32.375
2026-07-23,32.266
2026-07-24,32.358
2026-07-27,32.305
2026-07-28,32.384
2026-07-29,32.366
2026-07-30,32.454
2026-07-31,32.292
2026-08-03,32.438
2026-08-04,32.447
2026-08-05,32.315
2026-08-06,32.261
2026-08-07,32.288
2026-08-10,32.231
2026-08-11,32.278
2026-08-12,32.246
2026-08-13,32.168
2026-08-14,32.046
2026-08-17,31.852
2026-08-18,31.945
2026-08-19,31.937
2026-08-20,31.925
2026-08-21,31.848
2026-08-24,31.854
2026-08-25,31.868
2026-08-26,31.818
2026-08-27,31.708
2026-08-28,31.628
2026-08-31,31.666
2026-09-01,31.633
2026-09-02,31.728
2026-09-03,31.755
2026-09-04,31.63
2026-09-07,31.552
2026-09-08,31.535
2026-09-09,31.505
2026-09-10,31.548
2026-09-11,31.638
2026-09-14,31.688
2026-09-15,31.848
2026-09-16,31.888
2026-09-17,31.881
2026-09-18,31.808
2026-09-21,31.758
2026-09-22,31.708
2026-09-23,31.716
2026-09-24,31.78
2026-09-29,31.876
2026-09-30,31.852
