date,value
1961-06-14,0.055885
1961-06-15,0.090602
1961-06-16,0.088102
1961-06-19,0.11431
1961-06-20,0.079602
1961-06-21,0.079202
1961-06-22,0.062186
1961-06-23,0.036527
1961-06-26,0.04481
1961-06-27,0.052536
1961-06-28,0.067839
1961-06-29,0.04468
1961-06-30,-0.021058
1961-07-03,0.008714
1961-07-05,0.069687
1961-07-06,0.075956
1961-07-07,0.087507
1961-07-10,0.099574
1961-07-11,0.087984
1961-07-12,0.114026
1961-07-13,0.110172
1961-07-14,0.14265
1961-07-17,0.136759
1961-07-18,0.134915
1961-07-19,0.13106
1961-07-20,0.119566
1961-07-21,0.088123
1961-07-24,0.103605
1961-07-25,0.124596
1961-07-26,0.121315
1961-07-27,0.14167
1961-07-28,0.138373
1961-07-31,0.12084
1961-08-01,0.142034
1961-08-02,0.138839
1961-08-03,0.152167
1961-08-04,0.143315
1961-08-07,0.14314
1961-08-08,0.124681
1961-08-09,0.133343
1961-08-10,0.119295
1961-08-11,0.082889
1961-08-14,0.089411
1961-08-15,0.090109
1961-08-16,0.085887
1961-08-17,0.068887
1961-08-18,0.039173
1961-08-21,0.027841
1961-08-22,0.018455
1961-08-23,0.028996
1961-08-24,0.043556
1961-08-25,0.050827
1961-08-28,0.045543
1961-08-29,0.044314
1961-08-30,0.053714
1961-08-31,0.03896
1961-09-01,0.073597
1961-09-05,0.080986
1961-09-06,0.101605
1961-09-07,0.093036
1961-09-08,0.108255
1961-09-11,0.084908
1961-09-12,0.085095
1961-09-13,0.075356
1961-09-14,0.077545
1961-09-15,0.082499
1961-09-18,0.074253
1961-09-19,0.075796
1961-09-20,0.080879
1961-09-21,0.078305
1961-09-22,0.079094
1961-09-25,0.075042
1961-09-26,0.062306
1961-09-27,0.071463
1961-09-28,0.079735
1961-09-29,0.044953
1961-10-02,0.099078
1961-10-03,0.109538
1961-10-04,0.091109
1961-10-05,0.078199
1961-10-06,0.09515
1961-10-09,0.061618
1961-10-10,-0.010741
1961-10-11,-0.000672
1961-10-13,-0.024098
1961-10-16,-0.028667
1961-10-17,-0.052027
1961-10-18,-0.059253
1961-10-19,-0.065845
1961-10-20,-0.093896
1961-10-23,-0.090646
1961-10-24,-0.09798
1961-10-25,-0.132917
1961-10-26,-0.093379
1961-10-27,-0.03342
1961-10-30,-0.030441
1961-10-31,0.026164
1961-11-01,0.010963
1961-11-02,-0.020534
1961-11-03,-0.025722
1961-11-06,-0.005286
1961-11-08,0.034066
1961-11-09,-0.102294
1961-11-10,-0.171749
1961-11-13,-0.14437
1961-11-14,-0.283834
1961-11-15,-0.192268
1961-11-16,-0.198092
1961-11-17,-0.176915
1961-11-20,-0.267071
1961-11-21,-0.284422
1961-11-22,-0.338293
1961-11-24,-0.337633
1961-11-27,-0.380377
1961-11-28,-0.369234
1961-11-29,-0.388318
1961-11-30,-0.178354
1961-12-01,-0.294238
1961-12-04,-0.402109
1961-12-05,-0.402394
1961-12-06,-0.383841
1961-12-07,-0.392193
1961-12-08,-0.377763
1961-12-11,-0.388773
1961-12-12,-0.435287
1961-12-13,-0.395488
1961-12-14,-0.365983
1961-12-15,-0.343452
1961-12-18,-0.348856
1961-12-19,-0.336441
1961-12-20,-0.373136
1961-12-21,-0.375889
1961-12-22,-0.313563
1961-12-26,-0.297341
1961-12-27,-0.295505
1961-12-28,-0.388451
1961-12-29,-0.297033
1962-01-02,-0.442503
1962-01-03,-0.462024
1962-01-04,-0.480871
1962-01-05,-0.44369
1962-01-08,-0.291668
1962-01-09,-0.366421
1962-01-10,-0.331824
1962-01-11,-0.332519
1962-01-12,-0.209675
1962-01-15,-0.158064
1962-01-16,-0.098604
1962-01-17,-0.099262
1962-01-18,-0.096773
1962-01-19,-0.060098
1962-01-22,-0.048876
1962-01-23,-0.046702
1962-01-24,-0.052086
1962-01-25,-0.024722
1962-01-26,0.0129
1962-01-29,0.02915
1962-01-30,0.036355
1962-01-31,0.050167
1962-02-01,0.065871
1962-02-02,0.123214
1962-02-05,0.131835
1962-02-06,0.125063
1962-02-07,0.112538
1962-02-08,0.098574
1962-02-09,0.043191
1962-02-13,0.045025
1962-02-14,0.043011
1962-02-15,0.017036
1962-02-16,-0.006371
1962-02-19,0.003558
1962-02-20,0.020308
1962-02-21,0.010144
1962-02-23,0.011708
1962-02-26,-0.007898
1962-02-27,-0.03336
1962-02-28,-0.049651
1962-03-01,-0.002862
1962-03-02,-0.022136
1962-03-05,-0.029689
1962-03-06,-0.028769
1962-03-07,-0.011005
1962-03-08,-0.008717
1962-03-09,-0.01714
1962-03-12,-0.018189
1962-03-13,-0.020183
1962-03-14,-0.016251
1962-03-15,-0.010078
1962-03-16,-0.005691
1962-03-19,-0.007848
1962-03-20,-0.02003
1962-03-21,-0.046637
1962-03-22,-0.020997
1962-03-23,-0.014823
1962-03-26,-0.015108
1962-03-27,-0.014104
1962-03-28,-0.016722
1962-03-29,-0.014231
1962-03-30,-0.027588
1962-04-02,-0.038145
1962-04-03,-0.043489
1962-04-04,-0.037806
1962-04-05,-0.024853
1962-04-06,-0.027138
1962-04-09,-0.024977
1962-04-10,-0.040059
1962-04-11,-0.051235
1962-04-12,-0.047853
1962-04-13,-0.043594
1962-04-16,-0.04954
1962-04-17,-0.055653
1962-04-18,-0.04726
1962-04-19,-0.049711
1962-04-23,-0.044477
1962-04-24,-0.051003
1962-04-25,-0.045998
1962-04-26,-0.036956
1962-04-27,-0.057008
1962-04-30,-0.043221
1962-05-01,-0.049046
1962-05-02,-0.060097
1962-05-03,-0.060962
1962-05-04,-0.057309
1962-05-07,-0.060198
1962-05-08,-0.055627
1962-05-09,-0.060568
1962-05-10,-0.056912
1962-05-11,-0.059146
1962-05-14,-0.049773
1962-05-15,-0.018987
1962-05-16,-0.023993
1962-05-17,-0.022951
1962-05-18,-0.003471
1962-05-21,0.002793
1962-05-22,-0.005766
1962-05-23,-0.01123
1962-05-24,-0.01364
1962-05-25,-0.018572
1962-05-28,-0.017557
1962-05-29,-0.006142
1962-05-31,-0.00356
1962-06-01,-0.004149
1962-06-04,-0.004981
1962-06-05,0.002533
1962-06-06,0.000153
1962-06-07,-0.005183
1962-06-08,-0.004959
1962-06-11,-0.007516
1962-06-12,0.000251
1962-06-13,-0.000584
1962-06-14,0.038925
1962-06-15,0.027454
1962-06-18,0.03116
1962-06-19,0.022205
1962-06-20,0.019326
1962-06-21,0.023494
1962-06-22,-0.060809
1962-06-25,-0.071727
1962-06-26,-0.134602
1962-06-27,-0.092284
1962-06-28,-0.096553
1962-06-29,-0.117254
1962-07-02,-0.141781
1962-07-03,-0.134651
1962-07-05,-0.128993
1962-07-06,-0.121038
1962-07-09,-0.104095
1962-07-10,-0.114512
1962-07-11,-0.107508
1962-07-12,-0.102993
1962-07-13,-0.101635
1962-07-16,-0.080595
1962-07-17,-0.092894
1962-07-18,-0.08005
1962-07-19,-0.054747
1962-07-20,-0.044005
1962-07-23,-0.028607
1962-07-24,-0.024135
1962-07-25,-0.021084
1962-07-26,-0.023424
1962-07-27,-0.032117
1962-07-30,-0.019849
1962-07-31,-0.012037
1962-08-01,-0.011584
1962-08-02,-0.004618
1962-08-03,0.000106
1962-08-06,0.006386
1962-08-07,0.001266
1962-08-08,0.002574
1962-08-09,-0.008454
1962-08-10,-0.008197
1962-08-13,-0.003999
1962-08-14,0.000355
1962-08-15,0.009977
1962-08-16,0.013452
1962-08-17,0.021329
1962-08-20,-0.098815
1962-08-21,-0.098318
1962-08-22,-0.102237
1962-08-23,-0.102259
1962-08-24,-0.090681
1962-08-27,-0.070362
1962-08-28,-0.073512
1962-08-29,-0.085455
1962-08-30,-0.07485
1962-08-31,-0.133411
1962-09-04,-0.127541
1962-09-05,-0.09482
1962-09-06,-0.02763
1962-09-07,-0.08569
1962-09-10,-0.101469
1962-09-11,-0.126622
1962-09-12,-0.082552
1962-09-13,-0.080104
1962-09-14,-0.106097
1962-09-17,-0.099236
1962-09-18,-0.112637
1962-09-19,-0.103993
1962-09-20,-0.102191
1962-09-21,-0.070642
1962-09-24,-0.084039
1962-09-25,-0.039789
1962-09-26,-0.056161
1962-09-27,-0.069982
1962-09-28,-0.08943
1962-10-01,-0.094931
1962-10-02,-0.088455
1962-10-03,-0.081591
1962-10-04,-0.055428
1962-10-05,-0.047325
1962-10-08,-0.031318
1962-10-09,-0.016738
1962-10-10,-0.001183
1962-10-11,-0.008839
1962-10-15,-0.01174
1962-10-16,-0.007174
1962-10-17,-0.006354
1962-10-18,-0.017477
1962-10-19,-0.02942
1962-10-22,-0.046298
1962-10-23,-0.032013
1962-10-24,-0.016126
1962-10-25,-0.013868
1962-10-26,-0.037284
1962-10-29,-0.008402
1962-10-30,-0.00141
1962-10-31,0.004748
1962-11-01,-0.027566
1962-11-02,-0.06417
1962-11-05,-0.067799
1962-11-07,-0.064334
1962-11-08,-0.040331
1962-11-09,-0.045227
1962-11-13,-0.039731
1962-11-14,-0.055866
1962-11-15,0.025622
1962-11-16,0.023736
1962-11-19,0.015993
1962-11-20,0.012836
1962-11-21,0.015095
1962-11-23,0.021062
1962-11-26,0.02125
1962-11-27,0.021968
1962-11-28,-0.101961
1962-11-29,-0.103145
1962-11-30,-0.063142
1962-12-03,-0.123608
1962-12-04,-0.139671
1962-12-05,-0.034585
1962-12-06,-0.055215
1962-12-07,-0.103789
1962-12-10,-0.134069
1962-12-11,-0.134293
1962-12-12,-0.161924
1962-12-13,-0.168299
1962-12-14,-0.110426
1962-12-17,-0.145497
1962-12-18,-0.164747
1962-12-19,-0.153264
1962-12-20,-0.138747
1962-12-21,-0.025792
1962-12-24,-0.048041
1962-12-26,-0.052646
1962-12-27,-0.054306
1962-12-28,-0.05189
1962-12-31,-0.01651
1963-01-02,-0.066247
1963-01-03,-0.067516
1963-01-04,-0.066749
1963-01-07,-0.073896
1963-01-08,-0.080502
1963-01-09,-0.066561
1963-01-10,-0.058165
1963-01-11,-0.063899
1963-01-14,-0.055232
1963-01-15,-0.054051
1963-01-16,-0.058514
1963-01-17,-0.05332
1963-01-18,-0.126817
1963-01-21,-0.11431
1963-01-22,-0.153502
1963-01-23,-0.167816
1963-01-24,-0.171886
1963-01-25,-0.173786
1963-01-28,-0.15292
1963-01-29,-0.158006
1963-01-30,-0.171203
1963-01-31,-0.136183
1963-02-01,-0.123868
1963-02-04,-0.120417
1963-02-05,-0.107109
1963-02-06,-0.09795
1963-02-07,-0.065917
1963-02-08,-0.05387
1963-02-11,-0.037022
1963-02-13,-0.067189
1963-02-14,-0.106515
1963-02-15,0.028099
1963-02-18,0.035658
1963-02-19,0.038881
1963-02-20,0.04344
1963-02-21,0.050907
1963-02-25,0.043898
1963-02-26,0.042541
1963-02-27,0.044126
1963-02-28,0.045741
1963-03-01,0.038429
1963-03-04,0.036302
1963-03-05,0.034702
1963-03-06,0.031225
1963-03-07,0.030313
1963-03-08,0.027649
1963-03-11,0.027204
1963-03-12,0.027409
1963-03-13,0.02646
1963-03-14,0.024663
1963-03-15,0.022909
1963-03-18,-0.013478
1963-03-19,-0.000648
1963-03-20,0.008991
1963-03-21,0.006504
1963-03-22,0.007697
1963-03-25,0.00867
1963-03-26,0.010486
1963-03-27,0.00744
1963-03-28,0.011832
1963-03-29,-0.027342
1963-04-01,-0.010692
1963-04-02,0.003033
1963-04-03,0.021366
1963-04-04,0.021544
1963-04-05,0.024605
1963-04-08,0.028356
1963-04-09,0.033441
1963-04-10,0.035252
1963-04-11,0.032336
1963-04-15,0.030566
1963-04-16,0.026544
1963-04-17,0.020537
1963-04-18,0.016541
1963-04-19,0.006384
1963-04-22,0.006518
1963-04-23,0.006341
1963-04-24,0.003157
1963-04-25,-0.002167
1963-04-26,-0.080578
1963-04-29,-0.086965
1963-04-30,-0.093836
1963-05-01,-0.103921
1963-05-02,-0.095716
1963-05-03,-0.070076
1963-05-06,-0.076047
1963-05-07,-0.039599
1963-05-08,-0.04643
1963-05-09,-0.104032
1963-05-10,-0.048099
1963-05-13,-0.0523
1963-05-14,-0.062018
1963-05-15,-0.055253
1963-05-16,-0.067879
1963-05-17,-0.057239
1963-05-20,-0.121145
1963-05-21,-0.124358
1963-05-22,-0.13053
1963-05-23,-0.140894
1963-05-24,-0.127776
1963-05-27,-0.103525
1963-05-28,-0.106367
1963-05-29,-0.107068
1963-05-31,-0.127263
1963-06-03,-0.104448
1963-06-04,-0.122448
1963-06-05,-0.128856
1963-06-06,-0.103851
1963-06-07,-0.106539
1963-06-10,-0.082447
1963-06-11,-0.084883
1963-06-12,-0.083411
1963-06-13,-0.082387
1963-06-14,-0.099409
1963-06-17,-0.096257
1963-06-18,-0.095111
1963-06-19,-0.09912
1963-06-20,-0.100965
1963-06-21,-0.107891
1963-06-24,-0.108771
1963-06-25,-0.121968
1963-06-26,-0.089401
1963-06-27,-0.089879
1963-06-28,-0.104045
1963-07-01,-0.103793
1963-07-02,-0.109992
1963-07-03,-0.134705
1963-07-05,-0.109982
1963-07-08,-0.145279
1963-07-09,-0.164813
1963-07-10,-0.138365
1963-07-11,-0.129455
1963-07-12,-0.121128
1963-07-15,-0.107546
1963-07-16,-0.095272
1963-07-17,-0.109209
1963-07-18,-0.115229
1963-07-19,-0.106679
1963-07-22,-0.093053
1963-07-23,-0.053057
1963-07-24,-0.081604
1963-07-25,-0.091965
1963-07-26,-0.087396
1963-07-29,-0.091101
1963-07-30,-0.113279
1963-07-31,-0.125009
1963-08-01,-0.130377
1963-08-02,-0.120125
1963-08-05,-0.115856
1963-08-06,-0.10882
1963-08-07,-0.105208
1963-08-08,-0.099246
1963-08-09,-0.119146
1963-08-12,-0.113949
1963-08-13,-0.113128
1963-08-14,-0.126302
1963-08-15,-0.130515
1963-08-16,-0.119437
1963-08-19,-0.09204
1963-08-20,-0.090238
1963-08-21,-0.092738
1963-08-22,-0.098881
1963-08-23,-0.100836
1963-08-26,-0.101527
1963-08-27,-0.100435
1963-08-28,-0.09905
1963-08-29,-0.093243
1963-08-30,-0.091509
1963-09-03,-0.085865
1963-09-04,-0.078688
1963-09-05,-0.056532
1963-09-06,-0.05683
1963-09-09,-0.060371
1963-09-10,-0.057838
1963-09-11,-0.054255
1963-09-12,-0.0575
1963-09-13,-0.102091
1963-09-16,-0.095979
1963-09-17,-0.061533
1963-09-18,-0.065688
1963-09-19,-0.070066
1963-09-20,-0.038797
1963-09-23,-0.073849
1963-09-24,-0.067729
1963-09-25,-0.067255
1963-09-26,-0.068269
1963-09-27,-0.070645
1963-09-30,-0.123897
1963-10-01,-0.151143
1963-10-02,-0.161983
1963-10-03,-0.164157
1963-10-04,-0.159053
1963-10-07,-0.150777
1963-10-08,-0.137912
1963-10-09,-0.100648
1963-10-10,-0.106611
1963-10-11,-0.124418
1963-10-14,-0.119277
1963-10-15,-0.119969
1963-10-16,-0.125986
1963-10-17,-0.098957
1963-10-18,-0.129369
1963-10-21,-0.077487
1963-10-22,-0.073822
1963-10-23,-0.075723
1963-10-24,-0.078029
1963-10-25,-0.076689
1963-10-28,-0.078193
1963-10-29,-0.076205
1963-10-30,-0.075028
1963-10-31,-0.075212
1963-11-01,-0.076114
1963-11-04,-0.077906
1963-11-06,-0.077752
1963-11-07,-0.145446
1963-11-08,-0.155667
1963-11-12,-0.118087
1963-11-13,-0.130507
1963-11-14,-0.153492
1963-11-15,-0.117059
1963-11-18,-0.112605
1963-11-19,-0.172688
1963-11-20,-0.174827
1963-11-21,-0.18512
1963-11-22,-0.189264
1963-11-26,-0.200874
1963-11-27,-0.214736
1963-11-29,-0.217013
1963-12-02,-0.229465
1963-12-03,-0.23083
1963-12-04,-0.229881
1963-12-05,-0.233312
1963-12-06,-0.227994
1963-12-09,-0.226142
1963-12-10,-0.23016
1963-12-11,-0.225772
1963-12-12,-0.215562
1963-12-13,-0.206857
1963-12-16,-0.203339
1963-12-17,-0.207017
1963-12-18,-0.212614
1963-12-19,-0.218637
1963-12-20,-0.198164
1963-12-23,-0.19127
1963-12-24,-0.180699
1963-12-26,-0.169944
1963-12-27,-0.159296
1963-12-30,-0.146978
1963-12-31,-0.14858
1964-01-02,-0.130817
1964-01-03,-0.117065
1964-01-06,-0.101842
1964-01-07,-0.087145
1964-01-08,-0.073006
1964-01-09,-0.039584
1964-01-10,-0.033349
1964-01-13,-0.042014
1964-01-14,-0.029693
1964-01-15,0.017014
1964-01-16,0.012658
1964-01-17,-0.062457
1964-01-20,-0.098746
1964-01-21,-0.088923
1964-01-22,-0.102868
1964-01-23,-0.094578
1964-01-24,-0.094819
1964-01-27,-0.082325
1964-01-28,-0.084325
1964-01-29,-0.085002
1964-01-30,-0.098617
1964-01-31,-0.092964
1964-02-03,-0.084268
1964-02-04,-0.095279
1964-02-05,-0.096432
1964-02-06,-0.107907
1964-02-07,-0.099433
1964-02-10,-0.100245
1964-02-11,-0.086935
1964-02-13,-0.08497
1964-02-14,-0.090026
1964-02-17,0.05588
1964-02-18,0.062601
1964-02-19,0.058051
1964-02-20,0.071571
1964-02-24,0.070457
1964-02-25,0.063441
1964-02-26,0.06565
1964-02-27,0.053812
1964-02-28,0.055405
1964-03-02,0.057681
1964-03-03,0.063173
1964-03-04,0.08641
1964-03-05,0.086692
1964-03-06,0.093302
1964-03-09,0.094365
1964-03-10,0.10321
1964-03-11,0.113417
1964-03-12,0.115193
1964-03-13,0.124374
1964-03-16,0.125142
1964-03-17,0.136001
1964-03-18,0.149963
1964-03-19,0.156215
1964-03-20,0.171237
1964-03-23,0.165416
1964-03-24,0.181692
1964-03-25,0.176584
1964-03-26,0.166696
1964-03-30,0.155792
1964-03-31,0.145031
1964-04-01,0.142781
1964-04-02,0.148837
1964-04-03,0.157613
1964-04-06,0.130953
1964-04-07,0.135082
1964-04-08,0.111148
1964-04-09,0.109866
1964-04-10,-0.012109
1964-04-13,0.001939
1964-04-14,-0.008439
1964-04-15,-0.001586
1964-04-16,0.004412
1964-04-17,0.014749
1964-04-20,0.018127
1964-04-21,-0.003882
1964-04-22,-0.006416
1964-04-23,-0.003195
1964-04-24,0.020673
1964-04-27,0.022665
1964-04-28,0.012702
1964-04-29,-0.004982
1964-04-30,-0.026029
1964-05-01,-0.024143
1964-05-04,-0.030472
1964-05-05,-0.020868
1964-05-06,-0.014196
1964-05-07,-0.003495
1964-05-08,-0.012938
1964-05-11,-0.01537
1964-05-12,-0.02149
1964-05-13,-0.028559
1964-05-14,-0.017006
1964-05-15,-0.0109
1964-05-18,0.006427
1964-05-19,0.025253
1964-05-20,0.033057
1964-05-21,0.01238
1964-05-22,0.002283
1964-05-25,-0.005695
1964-05-26,-0.007969
1964-05-27,-0.022844
1964-05-28,-0.029966
1964-06-01,-0.042659
1964-06-02,-0.052981
1964-06-03,-0.058045
1964-06-04,-0.06318
1964-06-05,-0.076705
1964-06-08,-0.059376
1964-06-09,-0.067477
1964-06-10,-0.062728
1964-06-11,-0.058238
1964-06-12,-0.062977
1964-06-15,-0.073347
1964-06-16,-0.0872
1964-06-17,-0.091834
1964-06-18,-0.07342
1964-06-19,-0.081937
1964-06-22,-0.084929
1964-06-23,-0.071304
1964-06-24,-0.067801
1964-06-25,-0.028422
1964-06-26,-0.05893
1964-06-29,-0.048831
1964-06-30,-0.039326
1964-07-01,-0.046673
1964-07-02,-0.059414
1964-07-06,-0.071237
1964-07-07,-0.074733
1964-07-08,-0.0742
1964-07-09,-0.00411
1964-07-10,-0.031444
1964-07-13,-0.035369
1964-07-14,-0.032949
1964-07-15,-0.036373
1964-07-16,-0.034216
1964-07-17,-0.037275
1964-07-20,-0.039883
1964-07-21,-0.032508
1964-07-22,-0.117999
1964-07-23,-0.116139
1964-07-24,-0.112415
1964-07-27,-0.108981
1964-07-28,-0.102497
1964-07-29,-0.031948
1964-07-30,-0.029635
1964-07-31,-0.027678
1964-08-03,-0.030109
1964-08-04,-0.088908
1964-08-05,-0.06844
1964-08-06,-0.035703
1964-08-07,-0.026906
1964-08-10,-0.035597
1964-08-11,-0.140329
1964-08-12,-0.130181
1964-08-13,-0.122873
1964-08-14,-0.060776
1964-08-17,-0.034448
1964-08-18,-0.047798
1964-08-19,-0.057462
1964-08-20,-0.054101
1964-08-21,-0.058893
1964-08-24,-0.064926
1964-08-25,-0.063712
1964-08-26,-0.06662
1964-08-27,-0.071148
1964-08-28,-0.072546
1964-08-31,-0.072813
1964-09-01,-0.081123
1964-09-02,-0.087909
1964-09-03,-0.082558
1964-09-04,-0.087326
1964-09-08,-0.092508
1964-09-09,-0.096716
1964-09-10,-0.092626
1964-09-11,-0.096231
1964-09-14,-0.096357
1964-09-15,-0.089731
1964-09-16,-0.095519
1964-09-17,-0.100991
1964-09-18,-0.097549
1964-09-21,-0.102168
1964-09-22,-0.102692
1964-09-23,-0.102153
1964-09-24,-0.103634
1964-09-25,-0.109513
1964-09-28,-0.121743
1964-09-29,-0.118873
1964-09-30,-0.107324
1964-10-01,-0.112498
1964-10-02,-0.108558
1964-10-05,-0.10541
1964-10-06,-0.111
1964-10-07,-0.111758
1964-10-08,-0.110434
1964-10-09,-0.10494
1964-10-13,-0.105346
1964-10-14,-0.105801
1964-10-15,-0.103713
1964-10-16,-0.103749
1964-10-19,-0.102819
1964-10-20,-0.099218
1964-10-21,-0.106347
1964-10-22,-0.108982
1964-10-23,-0.112602
1964-10-26,-0.114949
1964-10-27,-0.112973
1964-10-28,-0.11856
1964-10-29,-0.122971
1964-10-30,-0.124396
1964-11-02,-0.131263
1964-11-04,-0.130349
1964-11-05,-0.127162
1964-11-06,-0.13172
1964-11-09,-0.137341
1964-11-10,-0.140015
1964-11-12,-0.147828
1964-11-13,-0.149776
1964-11-16,-0.145943
1964-11-17,-0.136869
1964-11-18,-0.148332
1964-11-19,-0.139163
1964-11-20,-0.159524
1964-11-23,-0.175832
1964-11-24,-0.181425
1964-11-25,-0.226985
1964-11-27,-0.224485
1964-11-30,-0.218923
1964-12-01,-0.248708
1964-12-02,-0.253309
1964-12-03,-0.2638
1964-12-04,-0.254078
1964-12-07,-0.253923
1964-12-08,-0.208711
1964-12-09,-0.207071
1964-12-10,-0.224049
1964-12-11,-0.216907
1964-12-14,-0.170476
1964-12-15,-0.227697
1964-12-16,-0.256379
1964-12-17,-0.235722
1964-12-18,-0.211059
1964-12-21,-0.131382
1964-12-22,-0.151864
1964-12-23,-0.179491
1964-12-24,-0.221355
1964-12-28,-0.228523
1964-12-29,-0.224273
1964-12-30,-0.250196
1964-12-31,-0.222857
1965-01-04,-0.219261
1965-01-05,-0.218806
1965-01-06,-0.218115
1965-01-07,-0.233803
1965-01-08,-0.231029
1965-01-11,-0.225154
1965-01-12,-0.214958
1965-01-13,-0.223081
1965-01-14,-0.215233
1965-01-15,-0.203483
1965-01-18,-0.198359
1965-01-19,-0.172976
1965-01-20,-0.144941
1965-01-21,-0.097734
1965-01-22,-0.051543
1965-01-25,-0.060901
1965-01-26,-0.080977
1965-01-27,-0.10795
1965-01-28,-0.086001
1965-01-29,-0.065975
1965-02-01,-0.06601
1965-02-02,-0.228472
1965-02-03,-0.228239
1965-02-04,-0.224244
1965-02-05,-0.188305
1965-02-08,-0.180337
1965-02-09,-0.172322
1965-02-10,-0.236636
1965-02-11,-0.219304
1965-02-15,-0.10089
1965-02-16,-0.096025
1965-02-17,-0.084282
1965-02-18,-0.10406
1965-02-19,-0.086012
1965-02-23,-0.083724
1965-02-24,-0.085293
1965-02-25,-0.105676
1965-02-26,-0.11007
1965-03-01,-0.147451
1965-03-02,-0.155826
1965-03-03,-0.14988
1965-03-04,-0.147786
1965-03-05,-0.173203
1965-03-08,-0.171451
1965-03-09,-0.169523
1965-03-10,-0.173568
1965-03-11,-0.167832
1965-03-12,-0.167389
1965-03-15,-0.16538
1965-03-16,-0.160704
1965-03-17,-0.167032
1965-03-18,-0.161853
1965-03-19,-0.164507
1965-03-22,-0.171879
1965-03-23,-0.172125
1965-03-24,-0.170185
1965-03-25,-0.16809
1965-03-26,-0.159629
1965-03-29,-0.153658
1965-03-30,-0.151396
1965-03-31,-0.164327
1965-04-01,-0.153726
1965-04-02,-0.153932
1965-04-05,-0.159663
1965-04-06,-0.156092
1965-04-07,-0.146439
1965-04-08,-0.155963
1965-04-09,-0.151003
1965-04-12,-0.14718
1965-04-13,-0.145875
1965-04-14,-0.136871
1965-04-15,-0.121411
1965-04-19,-0.209623
1965-04-20,-0.21393
1965-04-21,-0.196699
1965-04-22,-0.196742
1965-04-23,-0.202936
1965-04-26,-0.193841
1965-04-27,-0.187897
1965-04-28,-0.168504
1965-04-29,-0.196681
1965-04-30,-0.199931
1965-05-03,-0.200489
1965-05-04,-0.210603
1965-05-05,-0.217737
1965-05-06,-0.225327
1965-05-07,-0.216818
1965-05-10,-0.215138
1965-05-11,-0.221378
1965-05-12,-0.228457
1965-05-13,-0.234214
1965-05-14,-0.23964
1965-05-17,-0.241282
1965-05-18,-0.241599
1965-05-19,-0.245486
1965-05-20,-0.246928
1965-05-21,-0.251259
1965-05-24,-0.253313
1965-05-25,-0.24819
1965-05-26,-0.252553
1965-05-27,-0.255998
1965-05-28,-0.260419
1965-06-01,-0.267561
1965-06-02,-0.267648
1965-06-03,-0.263504
1965-06-04,-0.258016
1965-06-07,-0.259388
1965-06-08,-0.24775
1965-06-09,-0.247916
1965-06-10,-0.253435
1965-06-11,-0.243013
1965-06-14,-0.248022
1965-06-15,-0.250943
1965-06-16,-0.226755
1965-06-17,-0.229632
1965-06-18,-0.227448
1965-06-21,-0.220751
1965-06-22,-0.223669
1965-06-23,-0.235131
1965-06-24,-0.226637
1965-06-25,-0.228383
1965-06-28,-0.231812
1965-06-29,-0.228207
1965-06-30,-0.243557
1965-07-01,-0.221279
1965-07-02,-0.230913
1965-07-06,-0.2297
1965-07-07,-0.234595
1965-07-08,-0.241385
1965-07-09,-0.233782
1965-07-12,-0.234411
1965-07-13,-0.230268
1965-07-14,-0.230137
1965-07-15,-0.2227
1965-07-16,-0.223095
1965-07-19,-0.225825
1965-07-20,-0.209997
1965-07-21,-0.211742
1965-07-22,-0.20832
1965-07-23,-0.209155
1965-07-26,-0.210492
1965-07-27,-0.207504
1965-07-28,-0.207117
1965-07-29,-0.19957
1965-07-30,-0.193603
1965-08-02,-0.196766
1965-08-03,-0.197098
1965-08-04,-0.203749
1965-08-05,-0.210405
1965-08-06,-0.204954
1965-08-09,-0.206063
1965-08-10,-0.204041
1965-08-11,-0.198333
1965-08-12,-0.204616
1965-08-13,-0.198621
1965-08-16,-0.192272
1965-08-17,-0.182022
1965-08-18,-0.194464
1965-08-19,-0.199953
1965-08-20,-0.216611
1965-08-23,-0.199874
1965-08-24,-0.194623
1965-08-25,-0.200733
1965-08-26,-0.192371
1965-08-27,-0.177874
1965-08-30,-0.184202
1965-08-31,-0.205023
1965-09-01,-0.198542
1965-09-02,-0.193202
1965-09-03,-0.199452
1965-09-07,-0.190229
1965-09-08,-0.17358
1965-09-09,-0.169829
1965-09-10,-0.180462
1965-09-13,-0.17827
1965-09-14,-0.180978
1965-09-15,-0.18069
1965-09-16,-0.191347
1965-09-17,-0.061822
1965-09-20,-0.148013
1965-09-21,-0.149443
1965-09-22,-0.146362
1965-09-23,-0.146219
1965-09-24,-0.099798
1965-09-27,-0.092057
1965-09-28,-0.09245
1965-09-29,-0.112566
1965-09-30,-0.099408
1965-10-01,-0.241846
1965-10-04,-0.232043
1965-10-05,-0.240461
1965-10-06,-0.228461
1965-10-07,-0.253701
1965-10-08,-0.239288
1965-10-11,-0.245145
1965-10-13,-0.235861
1965-10-14,-0.230378
1965-10-15,-0.223134
1965-10-18,-0.220904
1965-10-19,-0.239488
1965-10-20,-0.231204
1965-10-21,-0.225868
1965-10-22,-0.23411
1965-10-25,-0.230242
1965-10-26,-0.230477
1965-10-27,-0.237071
1965-10-28,-0.223606
1965-10-29,-0.22263
1965-11-01,-0.200812
1965-11-03,-0.192186
1965-11-04,-0.200505
1965-11-05,-0.201539
1965-11-08,-0.191122
1965-11-09,-0.163381
1965-11-10,-0.180708
1965-11-12,-0.191365
1965-11-15,-0.190674
1965-11-16,-0.196583
1965-11-17,-0.200466
1965-11-18,-0.241464
1965-11-19,-0.249656
1965-11-22,-0.249793
1965-11-23,-0.24654
1965-11-24,-0.259875
1965-11-26,-0.259149
1965-11-29,-0.251599
1965-11-30,-0.242962
1965-12-01,-0.2065
1965-12-02,-0.204981
1965-12-03,-0.2094
1965-12-06,-0.211503
1965-12-07,-0.208119
1965-12-08,-0.179585
1965-12-09,-0.1666
1965-12-10,-0.176047
1965-12-13,-0.13489
1965-12-14,-0.101978
1965-12-15,-0.100983
1965-12-16,-0.107987
1965-12-17,-0.10406
1965-12-20,-0.106268
1965-12-21,-0.081252
1965-12-22,-0.065016
1965-12-23,-0.110112
1965-12-27,-0.112648
1965-12-28,-0.095023
1965-12-29,-0.103002
1965-12-30,-0.108294
1965-12-31,-0.104713
1966-01-03,-0.083535
1966-01-04,-0.057036
1966-01-05,-0.056322
1966-01-06,-0.040228
1966-01-07,-0.039974
1966-01-10,-0.051895
1966-01-11,-0.064388
1966-01-12,-0.095051
1966-01-13,-0.069135
1966-01-14,-0.071156
1966-01-17,-0.072019
1966-01-18,-0.071361
1966-01-19,-0.063189
1966-01-20,-0.064584
1966-01-21,-0.067619
1966-01-24,-0.03519
1966-01-25,-0.026288
1966-01-26,-0.028015
1966-01-27,-0.013791
1966-01-28,-0.016596
1966-01-31,-0.030059
1966-02-01,-0.044591
1966-02-02,-0.042288
1966-02-03,-0.017263
1966-02-04,-0.048474
1966-02-07,-0.03497
1966-02-08,-0.04666
1966-02-09,-0.041967
1966-02-10,-0.029362
1966-02-11,-0.012706
1966-02-14,-0.015511
1966-02-15,0.072395
1966-02-16,0.079998
1966-02-17,0.059515
1966-02-18,0.07949
1966-02-21,0.082267
1966-02-23,0.083277
1966-02-24,0.082502
1966-02-25,0.100603
1966-02-28,0.122603
1966-03-01,0.110953
1966-03-02,0.108724
1966-03-03,0.112059
1966-03-04,0.096253
1966-03-07,0.112221
1966-03-08,0.100035
1966-03-09,0.114007
1966-03-10,0.133452
1966-03-11,0.109253
1966-03-14,0.078342
1966-03-15,0.058996
1966-03-16,0.070949
1966-03-17,0.052664
1966-03-18,0.057125
1966-03-21,0.057762
1966-03-22,0.055507
1966-03-23,0.047767
1966-03-24,0.075612
1966-03-25,0.107056
1966-03-28,0.098618
1966-03-29,0.100462
1966-03-30,0.032719
1966-03-31,0.035504
1966-04-01,-0.00565
1966-04-04,-0.008595
1966-04-05,-0.050175
1966-04-06,-0.016632
1966-04-07,-0.005105
1966-04-11,-0.02776
1966-04-12,-0.018439
1966-04-13,-0.000913
1966-04-14,-0.001721
1966-04-15,-0.002069
1966-04-18,-0.008107
1966-04-19,-0.023889
1966-04-20,-0.001783
1966-04-21,-0.018484
1966-04-22,-0.034936
1966-04-25,-0.023019
1966-04-26,-0.019332
1966-04-27,-0.004487
1966-04-28,-0.013154
1966-04-29,-0.012302
1966-05-02,0.003631
1966-05-03,0.000505
1966-05-04,-0.006855
1966-05-05,-0.004473
1966-05-06,-0.031138
1966-05-09,-0.064499
1966-05-10,-0.053731
1966-05-11,-0.046057
1966-05-12,-0.043975
1966-05-13,-0.049969
1966-05-16,-0.047231
1966-05-17,-0.042955
1966-05-18,-0.137938
1966-05-19,-0.123192
1966-05-20,-0.126577
1966-05-23,-0.121115
1966-05-24,-0.103503
1966-05-25,-0.136589
1966-05-26,-0.125265
1966-05-27,-0.126057
1966-05-31,-0.126066
1966-06-01,-0.130729
1966-06-02,-0.14147
1966-06-03,-0.12457
1966-06-06,-0.129783
1966-06-07,-0.112334
1966-06-08,-0.104079
1966-06-09,-0.100758
1966-06-10,-0.116142
1966-06-13,-0.128156
1966-06-14,-0.109805
1966-06-15,-0.134464
1966-06-16,-0.100353
1966-06-17,-0.104641
1966-06-20,-0.11573
1966-06-21,-0.089676
1966-06-22,-0.059009
1966-06-23,0.004476
1966-06-24,0.005039
1966-06-27,0.047843
1966-06-28,0.051208
1966-06-29,0.053803
1966-06-30,0.032444
1966-07-01,-0.018541
1966-07-05,-0.005927
1966-07-06,-0.013705
1966-07-07,-0.032314
1966-07-08,-0.041654
1966-07-11,-0.033763
1966-07-12,-0.029548
1966-07-13,-0.029001
1966-07-14,-0.027202
1966-07-15,-0.049234
1966-07-18,-0.055696
1966-07-19,-0.05307
1966-07-20,-0.016964
1966-07-21,-0.004048
1966-07-22,-0.012483
1966-07-25,-0.01552
1966-07-26,0.002615
1966-07-27,0.018916
1966-07-28,0.03413
1966-07-29,0.037655
1966-08-01,0.044316
1966-08-02,0.023076
1966-08-03,0.025757
1966-08-04,0.018514
1966-08-05,0.039196
1966-08-08,0.044051
1966-08-09,0.050368
1966-08-10,0.06474
1966-08-11,0.061393
1966-08-12,0.049207
1966-08-15,0.049836
1966-08-16,0.069773
1966-08-17,0.077811
1966-08-18,0.196334
1966-08-19,0.187918
1966-08-22,0.169189
1966-08-23,0.192733
1966-08-24,0.224506
1966-08-25,0.211442
1966-08-26,0.242374
1966-08-29,0.247346
1966-08-30,0.214237
1966-08-31,0.127619
1966-09-01,0.090306
1966-09-02,0.004011
1966-09-06,-0.024899
1966-09-07,0.006012
1966-09-08,-0.016084
1966-09-09,-0.058159
1966-09-12,-0.088286
1966-09-13,-0.103005
1966-09-14,-0.051724
1966-09-15,-0.013579
1966-09-16,-0.008981
1966-09-19,0.049712
1966-09-20,0.038699
1966-09-21,-0.010761
1966-09-22,-0.072672
1966-09-23,-0.064103
1966-09-26,-0.061602
1966-09-27,-0.020135
1966-09-28,-0.026635
1966-09-29,-0.078837
1966-09-30,-0.044088
1966-10-03,-0.050486
1966-10-04,-0.051433
1966-10-05,-0.080728
1966-10-06,-0.088071
1966-10-07,-0.096561
1966-10-10,-0.070354
1966-10-11,-0.041282
1966-10-13,-0.042351
1966-10-14,-0.081144
1966-10-17,-0.106539
1966-10-18,-0.107321
1966-10-19,-0.086782
1966-10-20,-0.07941
1966-10-21,-0.141967
1966-10-24,-0.11906
1966-10-25,-0.106198
1966-10-26,-0.130439
1966-10-27,-0.071771
1966-10-28,-0.116555
1966-10-31,-0.121852
1966-11-01,-0.097227
1966-11-02,-0.073515
1966-11-03,-0.0648
1966-11-04,-0.088255
1966-11-07,-0.102058
1966-11-09,-0.094406
1966-11-10,-0.082312
1966-11-14,-0.086318
1966-11-15,-0.086949
1966-11-16,-0.056201
1966-11-17,-0.055529
1966-11-18,-0.07878
1966-11-21,-0.094959
1966-11-22,-0.065315
1966-11-23,-0.054455
1966-11-25,-0.081213
1966-11-28,-0.073377
1966-11-29,-0.068827
1966-11-30,-0.080654
1966-12-01,-0.093852
1966-12-02,-0.095109
1966-12-05,-0.077901
1966-12-06,-0.068122
1966-12-07,-0.065962
1966-12-08,-0.063842
1966-12-09,-0.087743
1966-12-12,-0.088377
1966-12-13,-0.082044
1966-12-14,-0.091777
1966-12-15,-0.166133
1966-12-16,-0.133405
1966-12-19,-0.160286
1966-12-20,-0.159351
1966-12-21,-0.187477
1966-12-22,-0.18746
1966-12-23,-0.159606
1966-12-27,-0.162851
1966-12-28,-0.186908
1966-12-29,-0.170968
1966-12-30,-0.165589
1967-01-03,-0.137067
1967-01-04,-0.160869
1967-01-05,-0.153601
1967-01-06,-0.225074
1967-01-09,-0.186247
1967-01-10,-0.184266
1967-01-11,-0.196531
1967-01-12,-0.21862
1967-01-13,-0.215659
1967-01-16,-0.226829
1967-01-17,-0.179552
1967-01-18,-0.170685
1967-01-19,-0.147355
1967-01-20,-0.135651
1967-01-23,-0.164955
1967-01-24,-0.160419
1967-01-25,-0.101367
1967-01-26,-0.202039
1967-01-27,-0.204379
1967-01-30,-0.197176
1967-01-31,-0.161558
1967-02-01,-0.175018
1967-02-02,-0.208054
1967-02-03,-0.203418
1967-02-06,-0.185143
1967-02-07,-0.187271
1967-02-08,-0.181586
1967-02-09,-0.185023
1967-02-10,-0.171841
1967-02-14,-0.181324
1967-02-15,-0.037626
1967-02-16,-0.055629
1967-02-17,-0.055312
1967-02-20,-0.047152
1967-02-21,-0.043678
1967-02-23,-0.027661
1967-02-24,-0.025317
1967-02-27,-0.023878
1967-02-28,-0.012224
1967-03-01,-0.034711
1967-03-02,-0.032504
1967-03-03,-0.00822
1967-03-06,-0.006349
1967-03-07,-0.007735
1967-03-08,0.01469
1967-03-09,0.017837
1967-03-10,0.037119
1967-03-13,0.053903
1967-03-14,0.055363
1967-03-15,0.05517
1967-03-16,0.025426
1967-03-17,0.034277
1967-03-20,-0.20211
1967-03-21,-0.173686
1967-03-22,-0.169396
1967-03-23,-0.18677
1967-03-27,-0.175061
1967-03-28,-0.17307
1967-03-29,-0.169767
1967-03-30,-0.184432
1967-03-31,-0.183566
1967-04-03,-0.204643
1967-04-04,-0.197107
1967-04-05,-0.200467
1967-04-06,-0.178482
1967-04-07,-0.177838
1967-04-10,-0.143484
1967-04-11,-0.130252
1967-04-12,-0.099858
1967-04-13,-0.080257
1967-04-14,-0.069104
1967-04-17,-0.072428
1967-04-18,-0.06958
1967-04-19,-0.082591
1967-04-20,-0.088608
1967-04-21,-0.060153
1967-04-24,-0.019462
1967-04-25,-0.00539
1967-04-26,-0.012731
1967-04-27,-0.012247
1967-04-28,0.003174
1967-05-01,-0.016049
1967-05-02,0.003136
1967-05-03,0.007108
1967-05-04,-0.006732
1967-05-05,0.034725
1967-05-08,0.05338
1967-05-09,0.068414
1967-05-10,0.05318
1967-05-11,0.026638
1967-05-12,0.020631
1967-05-15,0.193626
1967-05-16,0.097727
1967-05-17,0.111232
1967-05-18,0.117602
1967-05-19,0.127139
1967-05-22,0.151806
1967-05-23,0.192302
1967-05-24,0.185142
1967-05-25,0.163342
1967-05-26,0.193809
1967-05-29,0.116877
1967-05-31,0.111817
1967-06-01,0.102745
1967-06-02,0.107319
1967-06-05,0.120089
1967-06-06,0.140728
1967-06-07,0.154754
1967-06-08,0.169334
1967-06-09,0.170855
1967-06-12,0.17706
1967-06-13,0.182681
1967-06-14,0.218832
1967-06-15,0.243464
1967-06-16,0.319033
1967-06-19,0.391524
1967-06-20,0.390952
1967-06-21,0.390975
1967-06-22,0.40791
1967-06-23,0.425428
1967-06-26,0.448098
1967-06-27,0.441409
1967-06-28,0.404191
1967-06-29,0.377105
1967-06-30,0.366137
1967-07-03,0.32092
1967-07-05,0.250783
1967-07-06,0.234716
1967-07-07,0.25537
1967-07-10,0.216477
1967-07-11,0.197711
1967-07-12,0.190046
1967-07-13,0.203611
1967-07-14,0.19649
1967-07-17,0.18349
1967-07-18,0.207707
1967-07-19,0.215274
1967-07-20,0.192703
1967-07-21,0.177989
1967-07-24,0.156277
1967-07-25,0.149617
1967-07-26,0.154185
1967-07-27,0.099738
1967-07-28,0.08703
1967-07-31,0.076463
1967-08-01,0.07772
1967-08-02,0.117599
1967-08-03,0.099097
1967-08-04,0.125107
1967-08-07,0.173021
1967-08-08,0.119196
1967-08-09,0.116336
1967-08-10,0.149936
1967-08-11,0.168136
1967-08-14,0.179875
1967-08-15,0.185399
1967-08-16,0.174378
1967-08-17,0.411431
1967-08-18,0.46775
1967-08-21,0.274465
1967-08-22,0.280476
1967-08-23,0.276641
1967-08-24,0.259631
1967-08-25,0.257311
1967-08-28,0.221035
1967-08-29,0.221727
1967-08-30,0.239419
1967-08-31,0.233951
1967-09-01,0.215273
1967-09-05,0.219481
1967-09-06,0.20563
1967-09-07,0.210696
1967-09-08,0.235709
1967-09-11,0.229687
1967-09-12,0.244035
1967-09-13,0.239646
1967-09-14,0.239263
1967-09-15,0.233564
1967-09-18,0.230628
1967-09-19,0.2344
1967-09-20,0.205151
1967-09-21,0.204297
1967-09-22,0.223554
1967-09-25,0.21263
1967-09-26,0.230307
1967-09-27,0.224332
1967-09-28,0.220081
1967-09-29,0.146629
1967-10-02,0.15096
1967-10-03,0.198631
1967-10-04,0.058594
1967-10-05,0.105346
1967-10-06,0.10934
1967-10-09,0.112031
1967-10-10,0.124007
1967-10-11,0.112776
1967-10-13,0.118981
1967-10-16,0.135243
1967-10-17,0.142625
1967-10-18,0.139359
1967-10-19,0.158515
1967-10-20,0.137047
1967-10-23,0.151317
1967-10-24,0.148546
1967-10-25,0.163946
1967-10-26,0.158613
1967-10-27,0.158938
1967-10-30,0.198729
1967-10-31,0.21178
1967-11-01,0.227178
1967-11-02,0.206536
1967-11-03,0.220037
1967-11-06,0.233769
1967-11-08,0.254029
1967-11-09,0.24896
1967-11-10,0.263884
1967-11-13,0.273435
1967-11-14,0.235215
1967-11-15,0.21094
1967-11-16,0.159476
1967-11-17,0.180763
1967-11-20,0.111769
1967-11-21,0.081586
1967-11-22,0.054376
1967-11-24,0.055832
1967-11-27,0.044984
1967-11-28,-0.017519
1967-11-29,-0.017106
1967-11-30,0.006525
1967-12-01,0.000468
1967-12-04,0.010658
1967-12-05,-0.003303
1967-12-06,-0.022702
1967-12-07,-0.006843
1967-12-08,-0.02825
1967-12-11,-0.024872
1967-12-12,-0.016637
1967-12-13,-0.031455
1967-12-14,-0.002476
1967-12-15,0.001944
1967-12-18,0.01311
1967-12-19,-0.016356
1967-12-20,0.000386
1967-12-21,0.048913
1967-12-22,-0.016975
1967-12-26,0.00871
1967-12-27,0.010774
1967-12-28,0.050368
1967-12-29,0.079215
1968-01-02,0.07594
1968-01-03,0.068192
1968-01-04,0.050227
1968-01-05,0.032169
1968-01-08,0.040756
1968-01-09,0.048637
1968-01-10,0.077149
1968-01-11,0.090513
1968-01-12,0.084877
1968-01-15,0.121971
1968-01-16,0.174535
1968-01-17,0.16597
1968-01-18,0.16596
1968-01-19,0.157073
1968-01-22,0.164029
1968-01-23,0.133986
1968-01-24,0.133363
1968-01-25,0.132765
1968-01-26,0.170574
1968-01-29,0.169389
1968-01-30,0.167115
1968-01-31,0.182958
1968-02-01,0.19996
1968-02-02,0.18367
1968-02-05,0.168505
1968-02-06,0.151793
1968-02-07,0.124061
1968-02-08,0.13699
1968-02-09,0.1238
1968-02-13,0.114212
1968-02-14,0.10478
1968-02-15,0.102331
1968-02-16,0.025088
1968-02-19,0.042184
1968-02-20,0.053896
1968-02-21,0.225334
1968-02-23,0.236452
1968-02-26,0.257649
1968-02-27,0.241444
1968-02-28,0.252287
1968-02-29,0.246035
1968-03-01,0.240761
1968-03-04,0.258324
1968-03-05,0.287737
1968-03-06,0.307671
1968-03-07,0.328486
1968-03-08,0.120107
1968-03-11,0.352314
1968-03-12,0.377285
1968-03-13,0.407649
1968-03-14,0.423765
1968-03-15,0.370687
1968-03-18,0.322395
1968-03-19,0.329334
1968-03-20,0.255974
1968-03-21,0.348366
1968-03-22,0.330954
1968-03-25,0.338769
1968-03-26,0.378156
1968-03-27,0.386292
1968-03-28,0.406621
1968-03-29,0.385447
1968-04-01,0.362745
1968-04-02,0.320661
1968-04-03,0.240431
1968-04-04,0.177072
1968-04-05,0.230306
1968-04-08,0.22673
1968-04-10,0.188659
1968-04-11,0.178962
1968-04-15,0.21395
1968-04-16,0.23571
1968-04-17,0.253996
1968-04-18,0.285955
1968-04-19,0.298208
1968-04-22,0.097341
1968-04-23,0.067002
1968-04-24,0.071404
1968-04-25,0.073293
1968-04-26,0.061062
1968-04-29,0.063201
1968-04-30,0.059856
1968-05-01,0.03421
1968-05-02,0.046735
1968-05-03,0.052453
1968-05-06,0.038721
1968-05-07,0.056705
1968-05-08,0.065852
1968-05-09,0.056736
1968-05-10,0.040071
1968-05-13,0.032681
1968-05-14,0.047509
1968-05-15,0.065405
1968-05-16,0.059392
1968-05-17,0.056122
1968-05-20,0.07558
1968-05-21,0.086778
1968-05-22,0.084918
1968-05-23,0.078033
1968-05-24,0.110548
1968-05-27,0.1546
1968-05-28,0.170436
1968-05-29,0.167351
1968-05-31,0.13504
1968-06-03,0.101956
1968-06-04,0.107024
1968-06-05,0.137681
1968-06-06,0.036695
1968-06-07,0.079202
1968-06-10,0.005126
1968-06-11,0.028195
1968-06-12,0.056853
1968-06-13,0.040029
1968-06-14,-0.020948
1968-06-17,-0.044504
1968-06-18,-0.055931
1968-06-19,-0.038651
1968-06-20,0.481742
1968-06-21,0.494169
1968-06-24,0.39391
1968-06-25,0.289905
1968-06-26,0.284066
1968-06-27,0.30212
1968-06-28,0.414652
1968-07-01,0.45158
1968-07-02,0.500831
1968-07-03,0.579166
1968-07-05,0.471146
1968-07-08,0.423713
1968-07-09,0.374376
1968-07-10,0.308408
1968-07-11,0.313968
1968-07-12,0.341694
1968-07-15,0.328358
1968-07-16,0.325584
1968-07-17,0.391991
1968-07-18,0.429372
1968-07-19,0.433125
1968-07-22,0.516953
1968-07-23,0.618179
1968-07-24,0.56489
1968-07-25,0.662286
1968-07-26,0.620439
1968-07-29,0.609547
1968-07-30,0.60253
1968-07-31,0.577937
1968-08-01,0.713318
1968-08-02,0.665866
1968-08-05,0.580008
1968-08-06,0.560418
1968-08-07,0.717362
1968-08-08,0.696559
1968-08-09,0.607171
1968-08-12,-0.033046
1968-08-13,-0.026979
1968-08-14,-0.047161
1968-08-15,-0.043213
1968-08-16,-0.03948
1968-08-19,-0.072909
1968-08-20,-0.076255
1968-08-21,-0.043762
1968-08-22,-0.059314
1968-08-23,-0.050012
1968-08-26,-0.068212
1968-08-27,-0.067003
1968-08-28,-0.064673
1968-08-29,-0.069653
1968-08-30,-0.06352
1968-09-03,-0.065176
1968-09-04,-0.071823
1968-09-05,-0.057248
1968-09-06,-0.039253
1968-09-09,-0.056418
1968-09-10,-0.055583
1968-09-11,-0.090815
1968-09-12,-0.092933
1968-09-13,-0.113607
1968-09-16,-0.113105
1968-09-17,-0.086433
1968-09-18,-0.100996
1968-09-19,-0.101915
1968-09-20,-0.092901
1968-09-23,-0.08652
1968-09-24,-0.058347
1968-09-25,-0.044137
1968-09-26,-0.033186
1968-09-27,-0.01479
1968-09-30,-0.005919
1968-10-01,-0.046983
1968-10-02,-0.041499
1968-10-03,-0.044715
1968-10-04,-0.037934
1968-10-07,-0.034087
1968-10-08,-0.049081
1968-10-09,-0.044801
1968-10-10,-0.05186
1968-10-11,-0.040789
1968-10-14,-0.013245
1968-10-15,-0.02022
1968-10-16,-0.030009
1968-10-17,-0.041127
1968-10-18,-0.035699
1968-10-21,-0.064332
1968-10-22,-0.022191
1968-10-23,-0.031639
1968-10-24,-0.009936
1968-10-25,-0.041519
1968-10-28,-0.037788
1968-10-29,-0.072754
1968-10-30,-0.080465
1968-10-31,-0.082992
1968-11-01,-0.086472
1968-11-04,-0.105792
1968-11-06,-0.10248
1968-11-07,-0.096903
1968-11-08,-0.091655
1968-11-12,-0.086497
1968-11-13,-0.0865
1968-11-14,-0.079379
1968-11-15,-0.06366
1968-11-18,-0.162051
1968-11-19,-0.143158
1968-11-20,-0.159322
1968-11-21,-0.16102
1968-11-22,-0.172696
1968-11-25,-0.143616
1968-11-26,-0.145945
1968-11-27,-0.14465
1968-11-29,-0.186389
1968-12-02,-0.095545
1968-12-03,-0.019806
1968-12-04,0.026293
1968-12-05,0.00259
1968-12-06,-0.003833
1968-12-09,0.021992
1968-12-10,0.055027
1968-12-11,0.058575
1968-12-12,0.055797
1968-12-13,0.044921
1968-12-16,0.062545
1968-12-17,0.052173
1968-12-18,0.080194
1968-12-19,0.087242
1968-12-20,0.002535
1968-12-23,0.01686
1968-12-24,0.006639
1968-12-26,-0.053628
1968-12-27,-0.027509
1968-12-30,-0.034112
1968-12-31,0.000914
1969-01-02,-0.025578
1969-01-03,-0.034864
1969-01-06,-0.001384
1969-01-07,0.039976
1969-01-08,0.060381
1969-01-09,0.083291
1969-01-10,0.08453
1969-01-13,0.090348
1969-01-14,0.105739
1969-01-15,0.076411
1969-01-16,-0.030649
1969-01-17,-0.024423
1969-01-20,-0.012434
1969-01-21,0.036507
1969-01-22,0.061036
1969-01-23,0.038033
1969-01-24,0.035259
1969-01-27,0.043496
1969-01-28,0.058888
1969-01-29,0.10892
1969-01-30,0.093059
1969-01-31,0.101177
1969-02-03,0.081525
1969-02-04,0.074941
1969-02-05,0.092526
1969-02-06,0.108166
1969-02-07,0.073761
1969-02-10,0.073755
1969-02-11,0.085773
1969-02-13,0.110438
1969-02-14,0.123155
1969-02-17,0.020139
1969-02-18,0.05422
1969-02-19,0.099112
1969-02-20,0.096396
1969-02-21,0.125933
1969-02-24,0.105948
1969-02-25,0.130293
1969-02-26,0.142944
1969-02-27,0.148406
1969-02-28,0.104695
1969-03-03,0.099929
1969-03-04,0.087727
1969-03-05,0.106263
1969-03-06,0.110181
1969-03-07,0.093072
1969-03-10,0.086976
1969-03-11,0.133355
1969-03-12,0.173687
1969-03-13,0.174327
1969-03-14,0.195228
1969-03-17,0.197749
1969-03-18,0.190024
1969-03-19,0.236283
1969-03-20,0.250457
1969-03-21,0.127737
1969-03-24,0.214856
1969-03-25,0.23539
1969-03-26,0.215167
1969-03-27,0.243504
1969-03-28,0.238012
1969-04-01,0.112513
1969-04-02,0.188586
1969-04-03,0.207038
1969-04-07,0.196279
1969-04-08,0.207578
1969-04-09,0.174717
1969-04-10,0.173479
1969-04-11,0.179582
1969-04-14,0.132557
1969-04-15,0.160179
1969-04-16,0.149518
1969-04-17,0.156124
1969-04-18,0.143837
1969-04-21,0.146747
1969-04-22,0.131528
1969-04-23,0.138046
1969-04-24,0.181404
1969-04-25,0.194621
1969-04-28,0.249774
1969-04-29,0.282541
1969-04-30,0.285536
1969-05-01,0.322899
1969-05-02,0.294567
1969-05-05,0.284028
1969-05-06,0.28283
1969-05-07,0.287387
1969-05-08,0.271421
1969-05-09,0.221366
1969-05-12,0.235574
1969-05-13,0.227327
1969-05-14,0.2455
1969-05-15,0.24745
1969-05-16,0.259469
1969-05-19,0.417363
1969-05-20,0.388348
1969-05-21,0.370204
1969-05-22,0.441977
1969-05-23,0.345248
1969-05-26,0.399323
1969-05-27,0.422708
1969-05-28,0.451996
1969-05-29,0.435391
1969-06-02,0.368299
1969-06-03,0.332286
1969-06-04,0.302958
1969-06-05,0.256779
1969-06-06,0.244844
1969-06-09,0.398532
1969-06-10,0.302911
1969-06-11,0.299857
1969-06-12,0.1448
1969-06-13,0.064088
1969-06-16,0.081731
1969-06-17,0.048176
1969-06-18,0.06339
1969-06-19,0.032653
1969-06-20,0.112786
1969-06-23,0.131646
1969-06-24,0.270913
1969-06-25,0.311211
1969-06-26,0.264603
1969-06-27,0.262003
1969-06-30,0.344535
1969-07-01,0.298577
1969-07-02,0.341434
1969-07-03,0.355194
1969-07-07,0.305226
1969-07-08,0.286757
1969-07-09,0.301176
1969-07-10,0.207141
1969-07-11,0.093414
1969-07-14,0.120511
1969-07-15,0.127636
1969-07-16,0.124006
1969-07-17,0.046948
1969-07-18,0.006668
1969-07-22,0.048087
1969-07-23,0.110397
1969-07-24,0.185691
1969-07-25,0.203066
1969-07-28,0.185278
1969-07-29,0.201696
1969-07-30,0.189239
1969-07-31,0.238678
1969-08-01,0.190261
1969-08-04,0.135361
1969-08-05,0.143134
1969-08-06,0.103423
1969-08-07,0.062751
1969-08-08,0.009108
1969-08-11,0.050674
1969-08-12,0.009961
1969-08-13,0.033831
1969-08-14,-0.097864
1969-08-15,-0.121813
1969-08-18,-0.031088
1969-08-19,-0.025072
1969-08-20,-0.022544
1969-08-21,-0.08434
1969-08-22,-0.082285
1969-08-25,-0.036069
1969-08-26,0.089638
1969-08-27,0.095242
1969-08-28,0.105489
1969-08-29,0.196857
1969-09-02,0.185076
1969-09-03,0.225111
1969-09-04,0.16341
1969-09-05,0.125615
1969-09-08,0.182037
1969-09-09,0.288044
1969-09-10,0.303838
1969-09-11,0.266238
1969-09-12,0.294124
1969-09-15,0.292784
1969-09-16,0.28914
1969-09-17,0.261546
1969-09-18,0.404231
1969-09-19,0.361103
1969-09-22,0.33392
1969-09-23,0.33488
1969-09-24,0.272015
1969-09-25,0.25558
1969-09-26,0.21522
1969-09-29,0.144328
1969-09-30,0.250381
1969-10-01,-0.245865
1969-10-02,0.161234
1969-10-03,0.216759
1969-10-06,0.397298
1969-10-07,0.357044
1969-10-08,0.442621
1969-10-09,0.463754
1969-10-10,0.453323
1969-10-14,0.367642
1969-10-15,0.378588
1969-10-16,-0.034163
1969-10-17,0.025114
1969-10-20,-0.025939
1969-10-21,-0.033746
1969-10-22,-0.03171
1969-10-23,-0.109975
1969-10-24,-0.08143
1969-10-27,-0.081397
1969-10-28,-0.155883
1969-10-29,-0.207355
1969-10-30,-0.218238
1969-10-31,-0.193916
1969-11-03,-0.178764
1969-11-05,-0.283153
1969-11-06,-0.330932
1969-11-07,-0.268028
1969-11-10,-0.295141
1969-11-12,-0.300728
1969-11-13,-0.35218
1969-11-14,-0.34912
1969-11-17,-0.356897
1969-11-18,-0.240467
1969-11-19,-0.278264
1969-11-20,-0.350939
1969-11-21,-0.339299
1969-11-24,0.009251
1969-11-25,0.069719
1969-11-26,0.115331
1969-11-28,0.090332
1969-12-01,0.061157
1969-12-02,0.097267
1969-12-03,0.13358
1969-12-04,0.124991
1969-12-05,0.124373
1969-12-08,0.127206
1969-12-09,-0.065172
1969-12-10,-0.286359
1969-12-11,-0.1837
1969-12-12,0.14872
1969-12-15,-0.141187
1969-12-16,-0.159151
1969-12-17,-0.125211
1969-12-18,-0.082153
1969-12-19,-0.015555
1969-12-22,0.245398
1969-12-23,-0.01796
1969-12-24,-0.018133
1969-12-26,-0.040469
1969-12-29,-0.294997
1969-12-30,-0.233758
1969-12-31,-0.218073
1970-01-02,-0.160722
1970-01-05,-0.093055
1970-01-06,-0.085371
1970-01-07,-0.058671
1970-01-08,0.027949
1970-01-09,-0.067486
1970-01-12,-0.150249
1970-01-13,-0.167256
1970-01-14,-0.320619
1970-01-15,-0.29035
1970-01-16,-0.266931
1970-01-19,-0.260859
1970-01-20,-0.251564
1970-01-21,-0.252284
1970-01-22,-0.198553
1970-01-23,-0.172019
1970-01-26,-0.17176
1970-01-27,-0.186337
1970-01-28,-0.157497
1970-01-29,0.022975
1970-01-30,0.157225
1970-02-02,0.312325
1970-02-03,0.33504
1970-02-04,0.284479
1970-02-05,0.281863
1970-02-06,0.198504
1970-02-09,0.141546
1970-02-10,-0.101131
1970-02-11,-0.085463
1970-02-13,-0.088172
1970-02-16,-0.111546
1970-02-17,-0.068106
1970-02-18,-0.176032
1970-02-19,-0.210698
1970-02-20,-0.104314
1970-02-24,-0.167146
1970-02-25,-0.212988
1970-02-26,-0.227781
1970-02-27,-0.017829
1970-03-02,0.06663
1970-03-03,0.161078
1970-03-04,0.198416
1970-03-05,0.203583
1970-03-06,0.085799
1970-03-09,0.128642
1970-03-10,0.240581
1970-03-11,0.212768
1970-03-12,0.199413
1970-03-13,0.07633
1970-03-16,0.046777
1970-03-17,0.034189
1970-03-18,0.142625
1970-03-19,0.13789
1970-03-20,-0.008983
1970-03-23,-0.095847
1970-03-24,0.323921
1970-03-25,0.412947
1970-03-26,0.266255
1970-03-30,0.419007
1970-03-31,0.338382
1970-04-01,0.330208
1970-04-02,0.411208
1970-04-03,0.321459
1970-04-06,0.260199
1970-04-07,0.408361
1970-04-08,0.533922
1970-04-09,0.559035
1970-04-10,0.547878
1970-04-13,0.416405
1970-04-14,0.351588
1970-04-15,0.408227
1970-04-16,0.001349
1970-04-17,-0.095463
1970-04-20,-0.057344
1970-04-21,-0.048607
1970-04-22,0.032115
1970-04-23,0.219336
1970-04-24,0.347178
1970-04-27,0.372015
1970-04-28,0.308269
1970-04-29,0.673078
1970-04-30,0.646164
1970-05-01,0.5755
1970-05-04,0.279598
1970-05-05,0.255561
1970-05-06,0.158909
1970-05-07,0.736484
1970-05-08,0.725769
1970-05-11,0.76619
1970-05-12,0.753358
1970-05-13,0.774461
1970-05-14,0.808859
1970-05-15,0.799696
1970-05-18,0.754528
1970-05-19,0.743901
1970-05-20,0.820049
1970-05-21,0.810489
1970-05-22,0.764232
1970-05-25,0.663111
1970-05-26,0.57256
1970-05-27,0.659049
1970-05-28,0.617786
1970-05-29,0.640236
1970-06-01,0.676687
1970-06-02,0.694755
1970-06-03,0.728175
1970-06-04,0.730908
1970-06-05,0.760941
1970-06-08,0.785666
1970-06-09,0.749777
1970-06-10,0.752107
1970-06-11,0.761562
1970-06-12,0.646282
1970-06-15,0.662771
1970-06-16,0.673348
1970-06-17,0.644952
1970-06-18,0.625319
1970-06-19,0.547053
1970-06-22,0.599084
1970-06-23,0.689978
1970-06-24,0.670389
1970-06-25,0.640009
1970-06-26,0.663877
1970-06-29,0.653543
1970-06-30,0.734643
1970-07-01,0.820551
1970-07-02,0.791949
1970-07-06,0.780674
1970-07-07,0.755284
1970-07-08,0.757758
1970-07-09,0.72305
1970-07-10,0.717592
1970-07-13,0.745617
1970-07-14,0.735392
1970-07-15,0.698317
1970-07-16,0.721426
1970-07-17,0.712916
1970-07-20,0.724296
1970-07-21,0.766497
1970-07-22,0.795717
1970-07-23,0.781406
1970-07-24,0.800389
1970-07-27,0.811263
1970-07-28,0.831894
1970-07-29,0.827339
1970-07-30,0.771001
1970-07-31,0.726385
1970-08-03,0.628041
1970-08-04,0.593069
1970-08-05,0.633489
1970-08-06,0.651038
1970-08-07,0.645354
1970-08-10,0.650443
1970-08-11,0.634899
1970-08-12,0.629014
1970-08-13,0.729149
1970-08-14,0.709632
1970-08-17,0.715277
1970-08-18,0.621955
1970-08-19,0.546842
1970-08-20,0.547344
1970-08-21,0.483253
1970-08-24,0.574386
1970-08-25,0.614726
1970-08-26,0.625909
1970-08-27,0.670104
1970-08-28,0.704145
1970-08-31,0.669262
1970-09-01,0.647722
1970-09-02,0.63109
1970-09-03,0.62455
1970-09-04,0.675344
1970-09-08,0.654228
1970-09-09,0.679363
1970-09-10,0.638938
1970-09-11,0.636411
1970-09-14,0.634259
1970-09-15,0.626986
1970-09-16,0.621525
1970-09-17,0.608114
1970-09-18,0.599107
1970-09-21,0.60647
1970-09-22,0.606234
1970-09-23,0.622521
1970-09-24,0.612341
1970-09-25,0.604314
1970-09-28,0.605099
1970-09-29,0.608281
1970-09-30,0.615196
1970-10-01,0.628037
1970-10-02,0.611958
1970-10-05,0.619786
1970-10-06,0.598967
1970-10-07,0.585498
1970-10-08,0.641384
1970-10-09,0.661768
1970-10-13,0.674718
1970-10-14,0.674948
1970-10-15,0.702202
1970-10-16,0.72345
1970-10-19,0.720805
1970-10-20,0.733108
1970-10-21,0.748612
1970-10-22,0.793521
1970-10-23,0.812063
1970-10-26,0.806851
1970-10-27,0.788404
1970-10-28,0.811626
1970-10-29,0.779034
1970-10-30,0.802942
1970-11-02,0.793361
1970-11-04,0.814625
1970-11-05,0.789505
1970-11-06,0.785983
1970-11-09,0.753468
1970-11-10,0.807966
1970-11-12,0.808708
1970-11-13,0.794912
1970-11-16,0.80632
1970-11-17,0.774549
1970-11-18,0.727712
1970-11-19,0.670606
1970-11-20,0.593276
1970-11-23,0.647388
1970-11-24,0.675849
1970-11-25,0.646204
1970-11-27,0.648873
1970-11-30,0.686438
1970-12-01,0.661548
1970-12-02,0.608058
1970-12-03,0.602958
1970-12-04,0.537621
1970-12-07,0.548757
1970-12-08,0.54254
1970-12-09,0.563821
1970-12-10,0.546912
1970-12-11,0.519381
1970-12-14,0.523861
1970-12-15,0.548352
1970-12-16,0.539663
1970-12-17,0.560258
1970-12-18,0.579823
1970-12-21,0.611006
1970-12-22,0.614325
1970-12-23,0.615123
1970-12-24,0.594199
1970-12-28,0.609226
1970-12-29,0.617512
1970-12-30,0.609404
1970-12-31,0.632431
1971-01-04,0.666848
1971-01-05,0.711332
1971-01-06,0.720812
1971-01-07,0.740357
1971-01-08,0.765306
1971-01-11,0.80409
1971-01-12,0.79796
1971-01-13,0.745611
1971-01-14,0.741388
1971-01-15,0.740113
1971-01-18,0.749572
1971-01-19,0.78599
1971-01-20,0.78161
1971-01-21,0.571181
1971-01-22,0.678222
1971-01-25,0.776638
1971-01-26,0.883011
1971-01-27,0.80385
1971-01-28,0.738903
1971-01-29,0.760406
1971-02-01,0.716827
1971-02-02,0.687504
1971-02-03,0.691009
1971-02-04,0.708841
1971-02-05,0.857574
1971-02-08,0.869425
1971-02-09,0.952294
1971-02-10,0.95702
1971-02-11,0.960675
1971-02-16,0.534949
1971-02-17,0.510315
1971-02-18,0.476702
1971-02-19,0.490393
1971-02-22,0.50649
1971-02-23,0.539128
1971-02-24,0.525792
1971-02-25,0.604923
1971-02-26,0.72665
1971-03-01,0.90139
1971-03-02,0.918377
1971-03-03,0.907869
1971-03-04,0.902673
1971-03-05,0.8775
1971-03-08,0.884642
1971-03-09,0.899417
1971-03-10,0.87516
1971-03-11,0.909687
1971-03-12,0.897761
1971-03-15,0.851824
1971-03-16,0.870073
1971-03-17,0.897793
1971-03-18,0.882908
1971-03-19,0.846848
1971-03-22,0.76557
1971-03-23,0.775472
1971-03-24,0.686662
1971-03-25,0.648718
1971-03-26,0.631877
1971-03-29,0.667037
1971-03-30,0.674939
1971-03-31,0.669053
1971-04-01,0.850003
1971-04-02,0.828268
1971-04-05,0.782242
1971-04-06,0.724513
1971-04-07,0.689401
1971-04-08,0.734282
1971-04-12,0.70863
1971-04-13,0.671031
1971-04-14,0.717149
1971-04-15,0.720399
1971-04-16,0.753776
1971-04-19,0.774387
1971-04-20,0.807146
1971-04-21,0.808538
1971-04-22,0.776147
1971-04-23,0.731454
1971-04-26,0.672357
1971-04-27,0.67063
1971-04-28,0.684877
1971-04-29,0.751818
1971-04-30,0.756567
1971-05-03,0.770481
1971-05-04,0.769214
1971-05-05,0.804377
1971-05-06,0.8274
1971-05-07,0.828985
1971-05-10,0.829805
1971-05-11,0.856559
1971-05-12,0.885113
1971-05-13,0.915401
1971-05-14,0.873315
1971-05-17,0.921048
1971-05-18,0.932408
1971-05-19,0.821348
1971-05-20,0.750228
1971-05-21,0.788254
1971-05-24,0.747624
1971-05-25,0.717417
1971-05-26,0.685514
1971-05-27,0.671631
1971-05-28,0.695287
1971-06-01,0.701484
1971-06-02,0.658667
1971-06-03,0.666133
1971-06-04,0.692663
1971-06-07,0.71744
1971-06-08,0.71591
1971-06-09,0.723179
1971-06-10,0.723418
1971-06-11,0.728395
1971-06-14,0.748922
1971-06-15,0.809424
1971-06-16,0.78554
1971-06-17,0.800665
1971-06-18,0.745292
1971-06-21,0.706945
1971-06-22,0.758418
1971-06-23,0.76633
1971-06-24,0.739858
1971-06-25,0.773596
1971-06-28,0.821722
1971-06-29,0.797049
1971-06-30,0.839249
1971-07-01,0.823867
1971-07-02,0.823624
1971-07-06,0.800851
1971-07-07,0.779356
1971-07-08,0.782808
1971-07-09,0.779519
1971-07-12,0.784003
1971-07-13,0.826688
1971-07-14,0.81704
1971-07-15,0.850734
1971-07-16,0.874488
1971-07-19,0.895564
1971-07-20,0.88327
1971-07-21,0.887732
1971-07-22,0.912016
1971-07-23,0.858752
1971-07-26,0.842382
1971-07-27,0.839217
1971-07-28,0.817062
1971-07-29,0.786342
1971-07-30,0.747922
1971-08-02,0.753204
1971-08-03,0.779237
1971-08-04,0.785188
1971-08-05,0.781353
1971-08-06,0.803119
1971-08-09,0.808274
1971-08-10,0.817954
1971-08-11,0.817582
1971-08-12,0.776565
1971-08-13,0.707496
1971-08-16,0.588512
1971-08-17,0.540589
1971-08-18,0.516105
1971-08-19,0.524554
1971-08-20,0.521735
1971-08-23,0.569278
1971-08-24,0.508466
1971-08-25,0.544229
1971-08-26,0.532327
1971-08-27,0.499398
1971-08-30,0.504511
1971-08-31,0.514088
1971-09-01,0.496573
1971-09-02,0.486853
1971-09-03,0.475092
1971-09-07,0.451704
1971-09-08,0.48272
1971-09-09,0.534773
1971-09-10,0.546579
1971-09-13,0.556146
1971-09-14,0.531557
1971-09-15,0.489351
1971-09-16,0.484813
1971-09-17,0.471569
1971-09-20,0.500121
1971-09-21,0.496351
1971-09-22,0.497057
1971-09-23,0.488556
1971-09-24,0.478695
1971-09-27,0.472527
1971-09-28,0.460887
1971-09-29,0.466237
1971-09-30,0.468611
1971-10-01,0.470628
1971-10-04,0.241342
1971-10-05,0.24698
1971-10-06,0.252053
1971-10-07,0.251135
1971-10-08,0.265308
1971-10-12,0.307209
1971-10-13,0.429574
1971-10-14,0.563178
1971-10-15,0.630202
1971-10-18,0.546874
1971-10-19,0.585961
1971-10-20,0.561891
1971-10-21,0.547334
1971-10-22,0.559117
1971-10-26,0.53458
1971-10-27,0.531259
1971-10-28,0.455643
1971-10-29,0.416849
1971-11-01,0.521131
1971-11-03,0.390154
1971-11-04,0.421999
1971-11-05,0.427296
1971-11-08,0.45472
1971-11-09,0.467242
1971-11-10,0.499505
1971-11-11,0.45724
1971-11-12,0.450574
1971-11-15,0.514306
1971-11-16,0.510309
1971-11-17,0.518314
1971-11-18,0.508753
1971-11-19,0.501696
1971-11-22,0.549106
1971-11-23,0.547903
1971-11-24,0.586694
1971-11-26,0.487347
1971-11-29,0.478335
1971-11-30,0.498679
1971-12-01,0.468976
1971-12-02,0.510673
1971-12-03,0.50791
1971-12-06,0.455802
1971-12-07,0.499448
1971-12-08,0.512524
1971-12-09,0.536059
1971-12-10,0.541013
1971-12-13,0.538811
1971-12-14,0.554458
1971-12-15,0.547313
1971-12-16,0.557704
1971-12-17,0.549009
1971-12-20,0.550079
1971-12-21,0.570441
1971-12-22,0.579271
1971-12-23,0.59541
1971-12-27,0.595459
1971-12-28,0.580116
1971-12-29,0.57896
1971-12-30,0.579422
1971-12-31,0.5796
1972-01-03,0.598615
1972-01-04,0.610559
1972-01-05,0.629873
1972-01-06,0.643547
1972-01-07,0.654527
1972-01-10,0.672515
1972-01-11,0.684877
1972-01-12,0.684098
1972-01-13,0.689792
1972-01-14,0.706113
1972-01-17,0.706285
1972-01-18,0.712329
1972-01-19,0.712921
1972-01-20,0.683427
1972-01-21,0.703034
1972-01-24,0.698781
1972-01-25,0.691373
1972-01-26,0.696679
1972-01-27,0.706426
1972-01-28,0.770839
1972-01-31,0.77759
1972-02-01,0.789405
1972-02-02,0.771132
1972-02-03,0.79804
1972-02-04,0.794728
1972-02-07,0.831732
1972-02-08,0.838705
1972-02-09,0.836334
1972-02-10,0.818883
1972-02-11,0.841959
1972-02-14,0.850393
1972-02-15,0.858825
1972-02-16,0.792822
1972-02-17,0.781649
1972-02-18,0.786334
1972-02-22,0.777978
1972-02-23,0.770473
1972-02-24,0.774526
1972-02-25,0.753869
1972-02-28,0.755815
1972-02-29,0.750439
1972-03-01,0.754765
1972-03-02,0.748256
1972-03-03,0.745462
1972-03-06,0.743825
1972-03-07,0.745175
1972-03-08,0.749566
1972-03-09,0.727244
1972-03-10,0.706485
1972-03-13,0.719461
1972-03-14,0.720764
1972-03-15,0.7508
1972-03-16,0.705019
1972-03-17,0.721234
1972-03-20,0.70101
1972-03-21,0.660199
1972-03-22,0.669815
1972-03-23,0.728247
1972-03-24,0.72216
1972-03-27,0.693398
1972-03-28,0.728832
1972-03-29,0.747653
1972-03-30,0.74374
1972-04-03,0.763687
1972-04-04,0.790488
1972-04-05,0.761055
1972-04-06,0.770735
1972-04-07,0.769553
1972-04-10,0.741202
1972-04-11,0.779694
1972-04-12,0.821393
1972-04-13,0.834592
1972-04-14,0.80086
1972-04-17,0.816702
1972-04-18,0.808304
1972-04-19,0.828525
1972-04-20,0.811018
1972-04-21,0.835505
1972-04-24,0.816684
1972-04-25,0.86567
1972-04-26,0.860024
1972-04-27,0.754957
1972-04-28,0.742669
1972-05-01,0.714835
1972-05-02,0.723752
1972-05-03,0.735544
1972-05-04,0.749361
1972-05-05,0.752697
1972-05-08,0.759585
1972-05-09,0.740712
1972-05-10,0.729236
1972-05-11,0.731723
1972-05-12,0.709339
1972-05-15,0.703991
1972-05-16,0.679534
1972-05-17,0.681827
1972-05-18,0.631745
1972-05-19,0.621755
1972-05-22,0.616234
1972-05-23,0.625952
1972-05-24,0.616752
1972-05-25,0.624029
1972-05-26,0.630753
1972-05-30,0.618751
1972-05-31,0.618174
1972-06-01,0.596152
1972-06-02,0.586648
1972-06-05,0.582054
1972-06-06,0.587111
1972-06-07,0.576042
1972-06-08,0.585755
1972-06-09,0.581615
1972-06-12,0.581025
1972-06-13,0.589921
1972-06-14,0.587403
1972-06-15,0.584918
1972-06-16,0.584907
1972-06-19,0.584484
1972-06-20,0.577361
1972-06-21,0.591112
1972-06-22,0.597545
1972-06-23,0.584806
1972-06-26,0.570089
1972-06-27,0.549888
1972-06-28,0.550005
1972-06-29,0.571619
1972-06-30,0.560453
1972-07-03,0.57279
1972-07-05,0.56194
1972-07-06,0.564727
1972-07-07,0.588011
1972-07-10,0.59304
1972-07-11,0.592139
1972-07-12,0.596628
1972-07-13,0.62542
1972-07-14,0.669294
1972-07-17,0.698146
1972-07-18,0.700063
1972-07-19,0.752845
1972-07-20,0.770188
1972-07-21,0.746098
1972-07-24,0.718544
1972-07-25,0.743353
1972-07-26,0.728487
1972-07-27,0.743515
1972-07-28,0.767151
1972-07-31,0.784534
1972-08-01,0.783882
1972-08-02,0.721965
1972-08-03,0.71933
1972-08-04,0.737248
1972-08-07,0.737665
1972-08-08,0.736526
1972-08-09,0.727726
1972-08-10,0.700694
1972-08-11,0.71741
1972-08-14,0.697843
1972-08-15,0.681478
1972-08-16,0.681316
1972-08-17,0.689843
1972-08-18,0.601284
1972-08-21,0.519298
1972-08-22,0.498711
1972-08-23,0.47211
1972-08-24,0.469489
1972-08-25,0.520127
1972-08-28,0.544845
1972-08-29,0.55122
1972-08-30,0.559207
1972-08-31,0.564873
1972-09-01,0.557765
1972-09-05,0.58061
1972-09-06,0.589834
1972-09-07,0.581372
1972-09-08,0.578745
1972-09-11,0.58247
1972-09-12,0.585254
1972-09-13,0.588455
1972-09-14,0.575856
1972-09-15,0.556072
1972-09-18,0.558257
1972-09-19,0.557406
1972-09-20,0.576341
1972-09-21,0.567204
1972-09-22,0.568705
1972-09-25,0.560427
1972-09-26,0.538213
1972-09-27,0.530422
1972-09-28,0.549774
1972-09-29,0.553143
1972-10-02,0.549794
1972-10-03,0.584639
1972-10-04,0.563978
1972-10-05,0.56679
1972-10-06,0.584396
1972-10-10,0.567455
1972-10-11,0.600388
1972-10-12,0.633407
1972-10-13,0.632651
1972-10-16,0.609871
1972-10-17,0.609792
1972-10-18,0.620078
1972-10-19,0.620289
1972-10-20,0.617849
1972-10-24,0.600004
1972-10-25,0.586179
1972-10-26,0.582144
1972-10-27,0.592217
1972-10-30,0.606999
1972-10-31,0.600622
1972-11-01,0.597043
1972-11-02,0.578384
1972-11-03,0.599534
1972-11-06,0.594796
1972-11-08,0.593363
1972-11-09,0.567558
1972-11-10,0.56213
1972-11-13,0.55329
1972-11-14,0.570496
1972-11-15,0.547253
1972-11-16,0.557626
1972-11-17,0.57504
1972-11-20,0.477928
1972-11-21,0.510133
1972-11-22,0.499564
1972-11-24,0.509631
1972-11-27,0.538286
1972-11-28,0.536077
1972-11-29,0.494949
1972-11-30,0.526671
1972-12-01,0.512933
1972-12-04,0.503365
1972-12-05,0.49346
1972-12-06,0.486841
1972-12-07,0.492758
1972-12-08,0.494869
1972-12-11,0.487468
1972-12-12,0.482932
1972-12-13,0.481017
1972-12-14,0.479748
1972-12-15,0.472981
1972-12-18,0.479723
1972-12-19,0.474498
1972-12-20,0.447672
1972-12-21,0.44747
1972-12-22,0.434845
1972-12-26,0.435354
1972-12-27,0.430782
1972-12-28,0.450524
1972-12-29,0.435234
1973-01-02,0.451057
1973-01-03,0.427588
1973-01-04,0.430265
1973-01-05,0.447401
1973-01-08,0.451823
1973-01-09,0.458645
1973-01-10,0.454551
1973-01-11,0.458842
1973-01-12,0.446155
1973-01-15,0.426194
1973-01-16,0.414363
1973-01-17,0.405535
1973-01-18,0.39759
1973-01-19,0.407235
1973-01-22,0.417936
1973-01-23,0.407587
1973-01-24,0.405378
1973-01-25,0.39002
1973-01-26,0.358858
1973-01-29,0.372472
1973-01-30,0.379467
1973-01-31,0.368609
1973-02-01,0.418279
1973-02-02,0.423624
1973-02-05,0.417494
1973-02-06,0.418055
1973-02-07,0.422449
1973-02-08,0.450301
1973-02-09,0.441014
1973-02-13,0.44222
1973-02-14,0.437515
1973-02-15,0.404639
1973-02-16,0.388
1973-02-20,0.347533
1973-02-21,0.365894
1973-02-22,0.372869
1973-02-23,0.364089
1973-02-26,0.392584
1973-02-27,0.380775
1973-02-28,0.334213
1973-03-01,0.322716
1973-03-02,0.250287
1973-03-05,0.253675
1973-03-06,0.204694
1973-03-07,0.197905
1973-03-08,0.194239
1973-03-09,0.201457
1973-03-12,0.219551
1973-03-13,0.266229
1973-03-14,0.33681
1973-03-15,0.375227
1973-03-16,0.3406
1973-03-19,0.258726
1973-03-20,0.31734
1973-03-21,0.248075
1973-03-22,0.245493
1973-03-23,0.221897
1973-03-26,0.195339
1973-03-27,0.178367
1973-03-28,0.143925
1973-03-29,0.128222
1973-03-30,0.193827
1973-04-02,0.211321
1973-04-03,0.190341
1973-04-04,0.144669
1973-04-05,0.137345
1973-04-06,0.084698
1973-04-09,0.124702
1973-04-10,0.126684
1973-04-11,0.199763
1973-04-12,0.226741
1973-04-13,0.195411
1973-04-16,0.230659
1973-04-17,0.283498
1973-04-18,0.301854
1973-04-19,0.313379
1973-04-23,0.278787
1973-04-24,0.292694
1973-04-25,0.298405
1973-04-26,0.283767
1973-04-27,0.271048
1973-04-30,0.288752
1973-05-01,0.29845
1973-05-02,0.277756
1973-05-03,0.2863
1973-05-04,0.30594
1973-05-07,0.30649
1973-05-08,0.27597
1973-05-09,0.294443
1973-05-10,0.323485
1973-05-11,0.324046
1973-05-14,0.342811
1973-05-15,0.358148
1973-05-16,0.333832
1973-05-17,0.29027
1973-05-18,0.639642
1973-05-21,0.309714
1973-05-22,0.278138
1973-05-23,0.191702
1973-05-24,0.15332
1973-05-25,0.165585
1973-05-29,0.174026
1973-05-30,0.142642
1973-05-31,0.116866
1973-06-01,0.049623
1973-06-04,0.049194
1973-06-05,-0.020516
1973-06-06,-0.096933
1973-06-07,-0.103047
1973-06-08,-0.082542
1973-06-11,-0.101582
1973-06-12,-0.142279
1973-06-13,-0.144714
1973-06-14,-0.138529
1973-06-15,-0.129438
1973-06-18,-0.122765
1973-06-19,-0.141927
1973-06-20,-0.132149
1973-06-21,-0.12874
1973-06-22,-0.108117
1973-06-25,-0.078676
1973-06-26,-0.04961
1973-06-27,-0.159726
1973-06-28,-0.141971
1973-06-29,-0.143609
1973-07-02,-0.173424
1973-07-03,-0.20327
1973-07-05,-0.221934
1973-07-06,-0.228528
1973-07-09,-0.200307
1973-07-10,-0.229854
1973-07-11,-0.213699
1973-07-12,-0.19747
1973-07-13,-0.170976
1973-07-16,-0.151967
1973-07-17,-0.154286
1973-07-18,-0.09171
1973-07-19,-0.041924
1973-07-20,0.004261
1973-07-23,-0.05108
1973-07-24,-0.093625
1973-07-25,-0.098866
1973-07-26,0.002604
1973-07-27,-0.035953
1973-07-30,-0.002436
1973-07-31,-0.00188
1973-08-01,-0.026301
1973-08-02,-0.023108
1973-08-03,-0.018962
1973-08-06,-0.047027
1973-08-07,-0.078496
1973-08-08,-0.08884
1973-08-09,-0.076434
1973-08-10,-0.103329
1973-08-13,-0.11462
1973-08-14,-0.09833
1973-08-15,-0.128361
1973-08-16,-0.14348
1973-08-17,-0.093588
1973-08-20,-0.057778
1973-08-21,-0.071642
1973-08-22,-0.107068
1973-08-23,-0.053115
1973-08-24,-0.060857
1973-08-27,-0.18274
1973-08-28,-0.185669
1973-08-29,-0.153557
1973-08-30,-0.170936
1973-08-31,-0.187743
1973-09-04,-0.170621
1973-09-05,-0.170986
1973-09-06,-0.21335
1973-09-07,-0.173485
1973-09-10,-0.319302
1973-09-11,-0.389515
1973-09-12,-0.365317
1973-09-13,-0.345322
1973-09-14,-0.365792
1973-09-17,-0.275759
1973-09-18,-0.279184
1973-09-19,-0.232721
1973-09-20,-0.163635
1973-09-21,-0.275226
1973-09-24,-0.067441
1973-09-25,0.0504
1973-09-26,0.123749
1973-09-27,0.190772
1973-09-28,0.152954
1973-10-01,0.161457
1973-10-02,0.054173
1973-10-03,0.069566
1973-10-04,0.055977
1973-10-05,0.113697
1973-10-09,0.127975
1973-10-10,0.050029
1973-10-11,-0.03279
1973-10-12,-0.022528
1973-10-15,-0.007534
1973-10-16,0.014762
1973-10-17,0.025021
1973-10-18,0.029301
1973-10-19,0.00185
1973-10-23,0.025124
1973-10-24,0.021281
1973-10-25,0.02583
1973-10-26,-0.0211
1973-10-29,-0.01916
1973-10-30,-0.041105
1973-10-31,-0.084747
1973-11-01,-0.123881
1973-11-02,-0.109363
1973-11-05,-0.165525
1973-11-07,-0.255755
1973-11-08,-0.305412
1973-11-09,-0.361022
1973-11-12,-0.339049
1973-11-13,-0.290313
1973-11-14,-0.294614
1973-11-15,-0.255469
1973-11-16,-0.280993
1973-11-19,-0.335696
1973-11-20,-0.35842
1973-11-21,-0.367661
1973-11-23,-0.381357
1973-11-26,-0.291367
1973-11-27,-0.304307
1973-11-28,-0.333342
1973-11-29,-0.331231
1973-11-30,-0.343429
1973-12-03,-0.34297
1973-12-04,-0.359868
1973-12-05,-0.403376
1973-12-06,-0.433324
1973-12-07,-0.424637
1973-12-10,-0.397838
1973-12-11,-0.362661
1973-12-12,-0.309377
1973-12-13,-0.321013
1973-12-14,-0.249196
1973-12-17,-0.335006
1973-12-18,-0.325972
1973-12-19,-0.296255
1973-12-20,-0.267291
1973-12-21,-0.228494
1973-12-26,-0.184179
1973-12-27,-0.187743
1973-12-28,-0.169618
1973-12-31,-0.157811
1974-01-02,-0.096587
1974-01-03,-0.14597
1974-01-04,-0.143904
1974-01-07,-0.148507
1974-01-08,-0.140651
1974-01-09,-0.15902
1974-01-10,-0.172906
1974-01-11,-0.230486
1974-01-14,-0.178361
1974-01-15,-0.151033
1974-01-16,-0.145864
1974-01-17,-0.171972
1974-01-18,-0.17437
1974-01-21,-0.198355
1974-01-22,-0.175866
1974-01-23,-0.161075
1974-01-24,-0.170289
1974-01-25,-0.134615
1974-01-28,-0.123447
1974-01-29,-0.084235
1974-01-30,-0.054938
1974-01-31,-0.012617
1974-02-01,-0.063481
1974-02-04,-0.039079
1974-02-05,-0.023764
1974-02-06,-0.040642
1974-02-07,-0.076034
1974-02-08,-0.048321
1974-02-11,0.00816
1974-02-13,0.013998
1974-02-14,0.065613
1974-02-15,-0.033359
1974-02-19,-0.023585
1974-02-20,0.006975
1974-02-21,0.000414
1974-02-22,-0.021386
1974-02-25,-0.044207
1974-02-26,-0.055271
1974-02-27,-0.106757
1974-02-28,-0.095997
1974-03-01,-0.117582
1974-03-04,-0.107686
1974-03-05,-0.132001
1974-03-06,-0.154178
1974-03-07,-0.168851
1974-03-08,-0.138013
1974-03-11,-0.123475
1974-03-12,-0.132131
1974-03-13,-0.145354
1974-03-14,-0.155879
1974-03-15,-0.141422
1974-03-18,-0.0745
1974-03-19,-0.105927
1974-03-20,-0.122671
1974-03-21,-0.11536
1974-03-22,-0.096463
1974-03-25,-0.104041
1974-03-26,-0.146479
1974-03-27,-0.098949
1974-03-28,-0.137815
1974-03-29,-0.135855
1974-04-01,-0.098752
1974-04-02,-0.072397
1974-04-03,-0.037408
1974-04-04,0.052338
1974-04-05,0.058465
1974-04-08,0.054189
1974-04-09,0.011199
1974-04-10,0.017804
1974-04-11,-0.043113
1974-04-15,-0.002239
1974-04-16,0.01844
1974-04-17,-0.010774
1974-04-18,0.002537
1974-04-19,0.01386
1974-04-22,0.027491
1974-04-23,0.01452
1974-04-24,0.01325
1974-04-25,-0.018641
1974-04-26,-0.021862
1974-04-29,0.000586
1974-04-30,0.011208
1974-05-01,0.029844
1974-05-02,0.059869
1974-05-03,0.058555
1974-05-06,0.075439
1974-05-07,0.097013
1974-05-08,0.111385
1974-05-09,0.111889
1974-05-10,0.117532
1974-05-13,0.139986
1974-05-14,0.136753
1974-05-15,0.106202
1974-05-16,0.082989
1974-05-17,0.125408
1974-05-20,0.109255
1974-05-21,0.241137
1974-05-22,0.202879
1974-05-23,0.161884
1974-05-24,0.116838
1974-05-28,0.116568
1974-05-29,0.077496
1974-05-30,0.049811
1974-05-31,0.05662
1974-06-03,0.113704
1974-06-04,0.142692
1974-06-05,0.139413
1974-06-06,0.147242
1974-06-07,0.127922
1974-06-10,0.097132
1974-06-11,0.084603
1974-06-12,0.059084
1974-06-13,0.039961
1974-06-14,0.010789
1974-06-17,0.049252
1974-06-18,0.046755
1974-06-19,0.061953
1974-06-20,0.099472
1974-06-21,0.193007
1974-06-24,0.197209
1974-06-25,0.216639
1974-06-26,0.24058
1974-06-27,0.164125
1974-06-28,0.229241
1974-07-01,0.159452
1974-07-02,0.234693
1974-07-03,0.020405
1974-07-05,-0.03268
1974-07-08,-0.036663
1974-07-09,-0.013376
1974-07-10,0.024741
1974-07-11,0.075708
1974-07-12,0.1604
1974-07-15,0.13373
1974-07-16,0.151639
1974-07-17,0.164975
1974-07-18,0.163866
1974-07-19,0.189066
1974-07-22,0.171784
1974-07-23,0.30135
1974-07-24,0.267734
1974-07-25,0.253685
1974-07-26,0.293668
1974-07-29,0.294946
1974-07-30,0.052685
1974-07-31,0.084163
1974-08-01,0.049572
1974-08-02,0.04693
1974-08-05,0.3131
1974-08-06,0.276538
1974-08-07,0.285477
1974-08-08,0.265118
1974-08-09,0.219274
1974-08-12,0.168332
1974-08-13,0.137522
1974-08-14,0.119206
1974-08-15,0.123677
1974-08-16,0.084051
1974-08-19,0.053569
1974-08-20,-0.007451
1974-08-21,-0.048052
1974-08-22,-0.015285
1974-08-23,0.023676
1974-08-26,0.006435
1974-08-27,0.014313
1974-08-28,0.018618
1974-08-29,0.016927
1974-08-30,0.013063
1974-09-03,0.066487
1974-09-04,0.065518
1974-09-05,0.078517
1974-09-06,0.04981
1974-09-09,0.102952
1974-09-10,0.098341
1974-09-11,0.090907
1974-09-12,0.069737
1974-09-13,0.085672
1974-09-16,0.256231
1974-09-17,0.250515
1974-09-18,0.185647
1974-09-19,0.232735
1974-09-20,0.250992
1974-09-23,0.245843
1974-09-24,0.240261
1974-09-25,0.300875
1974-09-26,0.411242
1974-09-27,0.502389
1974-09-30,0.496834
1974-10-01,0.53963
1974-10-02,0.548802
1974-10-03,0.183072
1974-10-04,0.253595
1974-10-07,0.306522
1974-10-08,0.248999
1974-10-09,0.229622
1974-10-10,0.23859
1974-10-11,0.226342
1974-10-15,0.217854
1974-10-16,0.229396
1974-10-17,0.215742
1974-10-18,0.258616
1974-10-21,0.258615
1974-10-22,0.251102
1974-10-23,0.271225
1974-10-24,0.283078
1974-10-25,0.265987
1974-10-28,0.251066
1974-10-29,0.285456
1974-10-30,0.302104
1974-10-31,0.234943
1974-11-01,0.24884
1974-11-04,0.281044
1974-11-06,0.285917
1974-11-07,0.325758
1974-11-08,0.344386
1974-11-12,0.33806
1974-11-13,0.319295
1974-11-14,0.31434
1974-11-15,0.360569
1974-11-18,0.34628
1974-11-19,0.343672
1974-11-20,0.379899
1974-11-21,0.383211
1974-11-22,0.392112
1974-11-25,0.379145
1974-11-26,0.353442
1974-11-27,0.323311
1974-11-29,0.342702
1974-12-02,0.08594
1974-12-03,0.14275
1974-12-04,0.255874
1974-12-05,0.190151
1974-12-06,0.203948
1974-12-09,0.231518
1974-12-10,0.223377
1974-12-11,0.248488
1974-12-12,0.209925
1974-12-13,0.160996
1974-12-16,0.163201
1974-12-17,0.171851
1974-12-18,0.161028
1974-12-19,0.123636
1974-12-20,0.134852
1974-12-23,0.203856
1974-12-24,0.247745
1974-12-26,0.220477
1974-12-27,0.24941
1974-12-30,0.273955
1974-12-31,0.371255
1975-01-02,0.421185
1975-01-03,0.438103
1975-01-06,0.506345
1975-01-07,0.486882
1975-01-08,0.509331
1975-01-09,0.481637
1975-01-10,0.479592
1975-01-13,0.467251
1975-01-14,0.511716
1975-01-15,0.498053
1975-01-16,0.480215
1975-01-17,0.523774
1975-01-20,0.57132
1975-01-21,0.593567
1975-01-22,0.640763
1975-01-23,0.716295
1975-01-24,0.747984
1975-01-27,0.73423
1975-01-28,0.74133
1975-01-29,0.711573
1975-01-30,0.684531
1975-01-31,0.664796
1975-02-03,0.664699
1975-02-04,0.626086
1975-02-05,0.576549
1975-02-06,0.561108
1975-02-07,0.531716
1975-02-10,0.554598
1975-02-11,0.542354
1975-02-13,0.585504
1975-02-14,0.583041
1975-02-18,0.541252
1975-02-19,0.528548
1975-02-20,0.540271
1975-02-21,0.537354
1975-02-24,0.524978
1975-02-25,0.556124
1975-02-26,0.572401
1975-02-27,0.568466
1975-02-28,0.506543
1975-03-03,0.504232
1975-03-04,0.502122
1975-03-05,0.509625
1975-03-06,0.506104
1975-03-07,0.527158
1975-03-10,0.549657
1975-03-11,0.534386
1975-03-12,0.57017
1975-03-13,0.564582
1975-03-14,0.579152
1975-03-17,0.644964
1975-03-18,0.669563
1975-03-19,0.747598
1975-03-20,0.719954
1975-03-21,0.732101
1975-03-24,0.789313
1975-03-25,0.748403
1975-03-26,0.770779
1975-03-27,0.777305
1975-03-31,0.800149
1975-04-01,0.966715
1975-04-02,1.121837
1975-04-03,1.103062
1975-04-04,1.043078
1975-04-07,1.096741
1975-04-08,1.025833
1975-04-09,0.993925
1975-04-10,1.053122
1975-04-11,1.057603
1975-04-14,1.092106
1975-04-15,1.098329
1975-04-16,1.133396
1975-04-17,1.173968
1975-04-18,1.220047
1975-04-21,1.258654
1975-04-22,1.223001
1975-04-23,1.203542
1975-04-24,1.182611
1975-04-25,1.182136
1975-04-28,1.233769
1975-04-29,1.178388
1975-04-30,1.202691
1975-05-01,1.221659
1975-05-02,1.16492
1975-05-05,1.15474
1975-05-06,1.153257
1975-05-07,1.147562
1975-05-08,1.09875
1975-05-09,1.118359
1975-05-12,1.102681
1975-05-13,1.125965
1975-05-14,1.072159
1975-05-15,1.037841
1975-05-16,1.018712
1975-05-19,0.977387
1975-05-20,0.990627
1975-05-21,1.020166
1975-05-22,1.045979
1975-05-23,1.05225
1975-05-27,1.069782
1975-05-28,1.070669
1975-05-29,1.074668
1975-05-30,1.055408
1975-06-02,1.060918
1975-06-03,1.017564
1975-06-04,1.00604
1975-06-05,0.98016
1975-06-06,0.957465
1975-06-09,0.904892
1975-06-10,0.888221
1975-06-11,0.820518
1975-06-12,0.852505
1975-06-13,0.856305
1975-06-16,0.872516
1975-06-17,0.923131
1975-06-18,0.917735
1975-06-19,0.893745
1975-06-20,0.863212
1975-06-23,0.797329
1975-06-24,0.815175
1975-06-25,0.801829
1975-06-26,0.761391
1975-06-27,0.732452
1975-06-30,0.727152
1975-07-01,0.759245
1975-07-02,0.788541
1975-07-03,0.896097
1975-07-07,0.853691
1975-07-08,0.811534
1975-07-09,0.845172
1975-07-10,0.802981
1975-07-11,0.793798
1975-07-14,0.785976
1975-07-15,0.750113
1975-07-16,0.761789
1975-07-17,0.766364
1975-07-18,0.755044
1975-07-21,0.728574
1975-07-22,0.711281
1975-07-23,0.712461
1975-07-24,0.713785
1975-07-25,0.730775
1975-07-28,0.73879
1975-07-29,0.746851
1975-07-30,0.745297
1975-07-31,0.770699
1975-08-01,0.809173
1975-08-04,0.820063
1975-08-05,0.820586
1975-08-06,0.875624
1975-08-07,0.948644
1975-08-08,0.92712
1975-08-11,0.905842
1975-08-12,0.906326
1975-08-13,0.930991
1975-08-14,0.981639
1975-08-15,1.003069
1975-08-18,0.927607
1975-08-19,0.964247
1975-08-20,0.977336
1975-08-21,0.931872
1975-08-22,0.92059
1975-08-25,0.922059
1975-08-26,0.897074
1975-08-27,0.828681
1975-08-28,0.804646
1975-08-29,0.802208
1975-09-02,0.777013
1975-09-03,0.814437
1975-09-04,0.803445
1975-09-05,0.783248
1975-09-08,0.806076
1975-09-09,0.822957
1975-09-10,0.824152
1975-09-11,0.919262
1975-09-12,0.971416
1975-09-15,0.982068
1975-09-16,0.993837
1975-09-17,0.968158
1975-09-18,0.940573
1975-09-19,0.92088
1975-09-22,0.932316
1975-09-23,0.879543
1975-09-24,0.849041
1975-09-25,0.88437
1975-09-26,0.908879
1975-09-29,0.92786
1975-09-30,0.902216
1975-10-01,0.905319
1975-10-02,0.862089
1975-10-03,0.849201
1975-10-06,0.806612
1975-10-07,0.875913
1975-10-08,0.88174
1975-10-09,0.90888
1975-10-10,0.945657
1975-10-14,0.931539
1975-10-15,0.963096
1975-10-16,0.960523
1975-10-17,0.94976
1975-10-20,0.986714
1975-10-21,0.997459
1975-10-22,0.992699
1975-10-23,0.971279
1975-10-24,0.978518
1975-10-27,0.976036
1975-10-28,0.973803
1975-10-29,0.975276
1975-10-30,0.924351
1975-10-31,0.937195
1975-11-03,0.954216
1975-11-05,0.912263
1975-11-06,0.936525
1975-11-07,0.918511
1975-11-10,0.980636
1975-11-12,0.991137
1975-11-13,0.980602
1975-11-14,1.007494
1975-11-17,1.042915
1975-11-18,1.095411
1975-11-19,1.093041
1975-11-20,1.082079
1975-11-21,1.079988
1975-11-24,1.020473
1975-11-25,1.030616
1975-11-26,1.022639
1975-11-28,1.02885
1975-12-01,1.031171
1975-12-02,0.989705
1975-12-03,0.982327
1975-12-04,1.006973
1975-12-05,0.971308
1975-12-08,0.978141
1975-12-09,1.007315
1975-12-10,1.009134
1975-12-11,1.025509
1975-12-12,1.04049
1975-12-15,1.02825
1975-12-16,0.997848
1975-12-17,0.973899
1975-12-18,0.97766
1975-12-19,0.965733
1975-12-22,0.973726
1975-12-23,0.997806
1975-12-24,0.99388
1975-12-26,0.979188
1975-12-29,0.958937
1975-12-30,0.942628
1975-12-31,0.960271
1976-01-02,0.967496
1976-01-05,0.931461
1976-01-06,0.904762
1976-01-07,0.933722
1976-01-08,1.000963
1976-01-09,1.001245
1976-01-12,0.993486
1976-01-13,0.970262
1976-01-14,0.991371
1976-01-15,1.017275
1976-01-16,1.08009
1976-01-19,1.04388
1976-01-20,1.06336
1976-01-21,1.054538
1976-01-22,1.07882
1976-01-23,1.06177
1976-01-26,1.091348
1976-01-27,1.0914
1976-01-28,1.100953
1976-01-29,1.083073
1976-01-30,1.096672
1976-02-02,1.060775
1976-02-03,1.030982
1976-02-04,1.001111
1976-02-05,0.996295
1976-02-06,1.016731
1976-02-09,1.024215
1976-02-10,1.047121
1976-02-11,1.048487
1976-02-13,1.062854
1976-02-17,1.054938
1976-02-18,1.051472
1976-02-19,1.042409
1976-02-20,1.036659
1976-02-23,1.027738
1976-02-24,1.016127
1976-02-25,0.981612
1976-02-26,0.991244
1976-02-27,1.029764
1976-03-01,1.019415
1976-03-02,1.00095
1976-03-03,0.989843
1976-03-04,1.028287
1976-03-05,0.980039
1976-03-08,0.986251
1976-03-09,1.011664
1976-03-10,1.017142
1976-03-11,1.003706
1976-03-12,0.991662
1976-03-15,0.98708
1976-03-16,0.984167
1976-03-17,0.98825
1976-03-18,0.959295
1976-03-19,0.970079
1976-03-22,0.948671
1976-03-23,0.958015
1976-03-24,0.974867
1976-03-25,0.98307
1976-03-26,0.999616
1976-03-29,0.987595
1976-03-30,1.011568
1976-03-31,0.998712
1976-04-01,1.008001
1976-04-02,0.989728
1976-04-05,0.974488
1976-04-06,0.958977
1976-04-07,0.936289
1976-04-08,0.936323
1976-04-09,0.944264
1976-04-12,0.929129
1976-04-13,0.917351
1976-04-14,0.907509
1976-04-15,0.93335
1976-04-19,0.953934
1976-04-20,0.95848
1976-04-21,0.946546
1976-04-22,0.945552
1976-04-23,0.982814
1976-04-26,0.962639
1976-04-27,0.960329
1976-04-28,0.959518
1976-04-29,0.956758
1976-04-30,0.976477
1976-05-03,0.980678
1976-05-04,0.977434
1976-05-05,0.978108
1976-05-06,0.992357
1976-05-07,0.99463
1976-05-10,0.993702
1976-05-11,0.994041
1976-05-12,0.995864
1976-05-13,0.9892
1976-05-14,1.008531
1976-05-17,1.007604
1976-05-18,0.974782
1976-05-19,0.977303
1976-05-20,1.006019
1976-05-21,1.019908
1976-05-24,0.975745
1976-05-25,0.963856
1976-05-26,0.985899
1976-05-27,0.985641
1976-05-28,0.973232
1976-06-01,0.943122
1976-06-02,0.958807
1976-06-03,0.986454
1976-06-04,0.936706
1976-06-07,0.932553
1976-06-08,0.940934
1976-06-09,0.932383
1976-06-10,0.927802
1976-06-11,0.923068
1976-06-14,0.91455
1976-06-15,0.903755
1976-06-16,0.897789
1976-06-17,0.898351
1976-06-18,0.902038
1976-06-21,0.893642
1976-06-22,0.901574
1976-06-23,0.891509
1976-06-24,0.897783
1976-06-25,0.892219
1976-06-28,0.91087
1976-06-29,0.925382
1976-06-30,0.910834
1976-07-01,0.915486
1976-07-02,0.902053
1976-07-06,0.8946
1976-07-07,0.905584
1976-07-08,0.900743
1976-07-09,0.912787
1976-07-12,0.917614
1976-07-13,0.921963
1976-07-14,0.922317
1976-07-15,0.935622
1976-07-16,0.969347
1976-07-19,0.965295
1976-07-20,0.980454
1976-07-21,0.9863
1976-07-22,0.984679
1976-07-23,0.97457
1976-07-26,0.980543
1976-07-27,0.962552
1976-07-28,0.968754
1976-07-29,0.951712
1976-07-30,0.963307
1976-08-02,0.949552
1976-08-03,0.930446
1976-08-04,0.922735
1976-08-05,0.920048
1976-08-06,0.915896
1976-08-09,0.928796
1976-08-10,0.927558
1976-08-11,0.91687
1976-08-12,0.917618
1976-08-13,0.911379
1976-08-16,0.920284
1976-08-17,0.926605
1976-08-18,0.929522
1976-08-19,0.932591
1976-08-20,0.92552
1976-08-23,0.91445
1976-08-24,0.909668
1976-08-25,0.911116
1976-08-26,0.909077
1976-08-27,0.925893
1976-08-30,0.916349
1976-08-31,0.917714
1976-09-01,0.894346
1976-09-02,0.893337
1976-09-03,0.897588
1976-09-07,0.902251
1976-09-08,0.906803
1976-09-09,0.906848
1976-09-10,0.903279
1976-09-13,0.905499
1976-09-14,0.896647
1976-09-15,0.892917
1976-09-16,0.885083
1976-09-17,0.893354
1976-09-20,0.890483
1976-09-21,0.887788
1976-09-22,0.896917
1976-09-23,0.899269
1976-09-24,0.909951
1976-09-27,0.907569
1976-09-28,0.900267
1976-09-29,0.90275
1976-09-30,0.891063
1976-10-01,0.886531
1976-10-04,0.894475
1976-10-05,0.907078
1976-10-06,0.891803
1976-10-07,0.888123
1976-10-08,0.904422
1976-10-12,0.917673
1976-10-13,0.928415
1976-10-14,0.96578
1976-10-15,1.000811
1976-10-18,0.999407
1976-10-19,0.981889
1976-10-20,0.955458
1976-10-21,0.932181
1976-10-22,0.909515
1976-10-25,0.917145
1976-10-26,0.920227
1976-10-27,0.919105
1976-10-28,0.909379
1976-10-29,0.898448
1976-11-01,0.885005
1976-11-03,0.909701
1976-11-04,0.904496
1976-11-05,0.905015
1976-11-08,0.914803
1976-11-09,0.910155
1976-11-10,0.909152
1976-11-12,0.902783
1976-11-15,0.895311
1976-11-16,0.93343
1976-11-17,0.932626
1976-11-18,0.952118
1976-11-19,0.970492
1976-11-22,0.971794
1976-11-23,0.992509
1976-11-24,0.990464
1976-11-26,0.983304
1976-11-29,0.98792
1976-11-30,0.988696
1976-12-01,0.963505
1976-12-02,0.945675
1976-12-03,0.904493
1976-12-06,0.886893
1976-12-07,0.864197
1976-12-08,0.868841
1976-12-09,0.869102
1976-12-10,0.869949
1976-12-13,0.864249
1976-12-14,0.855158
1976-12-15,0.85827
1976-12-16,0.852091
1976-12-17,0.845642
1976-12-20,0.846235
1976-12-21,0.851514
1976-12-22,0.844132
1976-12-23,0.836601
1976-12-27,0.845118
1976-12-28,0.836329
1976-12-29,0.769927
1976-12-30,0.725938
1976-12-31,0.737808
1977-01-03,0.696244
1977-01-04,0.672199
1977-01-05,0.694876
1977-01-06,0.719105
1977-01-07,0.728501
1977-01-10,0.687545
1977-01-11,0.76259
1977-01-12,0.776084
1977-01-13,0.725598
1977-01-14,0.828737
1977-01-17,0.830277
1977-01-18,0.832672
1977-01-19,0.834987
1977-01-20,0.815819
1977-01-21,0.836666
1977-01-24,0.826802
1977-01-25,0.844273
1977-01-26,0.813438
1977-01-27,0.822278
1977-01-28,0.835157
1977-01-31,0.850248
1977-02-01,0.846772
1977-02-02,0.868951
1977-02-03,0.876082
1977-02-04,0.833556
1977-02-07,0.872314
1977-02-08,0.851399
1977-02-09,0.879462
1977-02-10,0.854569
1977-02-11,0.861348
1977-02-14,0.898698
1977-02-15,0.898505
1977-02-16,0.881642
1977-02-17,0.873107
1977-02-18,0.916942
1977-02-22,0.909721
1977-02-23,0.904875
1977-02-24,0.905409
1977-02-25,0.926613
1977-02-28,0.923482
1977-03-01,0.918506
1977-03-02,0.915731
1977-03-03,0.890917
1977-03-04,0.928721
1977-03-07,0.943215
1977-03-08,0.895994
1977-03-09,0.909762
1977-03-10,0.911562
1977-03-11,0.924691
1977-03-14,0.936084
1977-03-15,0.924885
1977-03-16,0.924115
1977-03-17,0.921821
1977-03-18,0.927833
1977-03-21,0.919411
1977-03-22,0.922875
1977-03-23,0.928663
1977-03-24,0.935287
1977-03-25,0.934967
1977-03-28,0.939005
1977-03-29,0.940749
1977-03-30,0.926602
1977-03-31,0.917675
1977-04-01,0.958613
1977-04-04,0.959166
1977-04-05,0.963916
1977-04-06,0.962603
1977-04-07,0.965812
1977-04-11,0.94849
1977-04-12,0.947584
1977-04-13,0.938752
1977-04-14,0.938012
1977-04-15,0.935292
1977-04-18,0.927948
1977-04-19,0.916705
1977-04-20,0.910261
1977-04-21,0.916022
1977-04-22,0.925538
1977-04-25,0.913514
1977-04-26,0.905631
1977-04-27,0.904224
1977-04-28,0.926465
1977-04-29,0.928662
1977-05-02,0.914949
1977-05-03,0.917814
1977-05-04,0.91268
1977-05-05,0.925519
1977-05-06,0.910383
1977-05-09,0.894421
1977-05-10,0.889373
1977-05-11,0.864963
1977-05-12,0.865716
1977-05-13,0.860404
1977-05-16,0.85968
1977-05-17,0.849183
1977-05-18,0.850711
1977-05-19,0.851039
1977-05-20,0.827601
1977-05-23,0.818519
1977-05-24,0.821014
1977-05-25,0.827726
1977-05-26,0.84023
1977-05-27,0.844504
1977-05-31,0.849722
1977-06-01,0.833583
1977-06-02,0.850368
1977-06-03,0.845649
1977-06-06,0.847441
1977-06-07,0.846887
1977-06-08,0.854573
1977-06-09,0.849486
1977-06-10,0.820791
1977-06-13,0.819535
1977-06-14,0.806502
1977-06-15,0.809306
1977-06-16,0.809196
1977-06-17,0.81628
1977-06-20,0.834759
1977-06-21,0.827934
1977-06-22,0.823421
1977-06-23,0.832233
1977-06-24,0.806607
1977-06-27,0.813224
1977-06-28,0.808534
1977-06-29,0.811755
1977-06-30,0.814395
1977-07-01,0.819685
1977-07-05,0.824895
1977-07-06,0.832028
1977-07-07,0.831229
1977-07-08,0.823185
1977-07-11,0.805826
1977-07-12,0.798749
1977-07-13,0.794575
1977-07-15,0.785645
1977-07-18,0.783223
1977-07-19,0.779194
1977-07-20,0.76891
1977-07-21,0.750201
1977-07-22,0.74613
1977-07-25,0.758249
1977-07-26,0.758921
1977-07-27,0.766103
1977-07-28,0.749672
1977-07-29,0.731693
1977-08-01,0.7315
1977-08-02,0.723368
1977-08-03,0.714806
1977-08-04,0.723166
1977-08-05,0.710202
1977-08-08,0.712036
1977-08-09,0.711909
1977-08-10,0.703756
1977-08-11,0.698872
1977-08-12,0.671888
1977-08-15,0.667565
1977-08-16,0.645722
1977-08-17,0.635943
1977-08-18,0.638207
1977-08-19,0.641675
1977-08-22,0.646808
1977-08-23,0.637237
1977-08-24,0.641748
1977-08-25,0.644855
1977-08-26,0.628871
1977-08-29,0.633732
1977-08-30,0.63076
1977-08-31,0.64194
1977-09-01,0.640985
1977-09-02,0.634585
1977-09-06,0.648941
1977-09-07,0.650917
1977-09-08,0.653712
1977-09-09,0.63587
1977-09-12,0.61213
1977-09-13,0.60396
1977-09-14,0.61199
1977-09-15,0.612911
1977-09-16,0.623662
1977-09-19,0.627499
1977-09-20,0.626853
1977-09-21,0.625618
1977-09-22,0.612353
1977-09-23,0.594542
1977-09-26,0.596404
1977-09-27,0.613971
1977-09-28,0.601389
1977-09-29,0.595727
1977-09-30,0.596799
1977-10-03,0.603787
1977-10-04,0.598747
1977-10-05,0.587096
1977-10-06,0.549606
1977-10-07,0.576829
1977-10-11,0.60107
1977-10-12,0.585965
1977-10-13,0.565756
1977-10-14,0.554429
1977-10-17,0.519897
1977-10-18,0.529209
1977-10-19,0.530836
1977-10-20,0.537353
1977-10-21,0.542088
1977-10-24,0.569198
1977-10-25,0.586262
1977-10-26,0.593573
1977-10-27,0.598276
1977-10-28,0.597581
1977-10-31,0.598139
1977-11-01,0.593098
1977-11-02,0.596365
1977-11-03,0.597683
1977-11-04,0.591638
1977-11-07,0.589456
1977-11-09,0.594196
1977-11-10,0.589347
1977-11-14,0.603311
1977-11-15,0.607109
1977-11-16,0.605735
1977-11-17,0.59936
1977-11-18,0.593661
1977-11-21,0.59371
1977-11-22,0.586948
1977-11-23,0.58561
1977-11-25,0.588355
1977-11-28,0.592009
1977-11-29,0.600526
1977-11-30,0.590777
1977-12-01,0.610706
1977-12-02,0.624668
1977-12-05,0.62705
1977-12-06,0.636303
1977-12-07,0.636368
1977-12-08,0.634517
1977-12-09,0.634083
1977-12-12,0.632606
1977-12-13,0.641234
1977-12-14,0.649103
1977-12-15,0.651986
1977-12-16,0.652608
1977-12-19,0.665279
1977-12-20,0.688243
1977-12-21,0.68078
1977-12-22,0.680625
1977-12-23,0.68606
1977-12-27,0.692133
1977-12-28,0.69595
1977-12-29,0.702856
1977-12-30,0.690096
1978-01-03,0.649484
1978-01-04,0.667665
1978-01-05,0.670313
1978-01-06,0.713831
1978-01-09,0.693778
1978-01-10,0.679664
1978-01-11,0.676464
1978-01-12,0.660433
1978-01-13,0.665905
1978-01-16,0.678407
1978-01-17,0.682159
1978-01-18,0.682075
1978-01-19,0.683575
1978-01-23,0.69987
1978-01-24,0.710026
1978-01-25,0.728103
1978-01-26,0.714659
1978-01-27,0.706699
1978-01-30,0.701944
1978-01-31,0.696436
1978-02-01,0.703851
1978-02-02,0.70618
1978-02-03,0.708008
1978-02-06,0.713311
1978-02-07,0.711687
1978-02-08,0.71244
1978-02-09,0.714486
1978-02-10,0.717141
1978-02-14,0.727682
1978-02-15,0.736599
1978-02-16,0.736596
1978-02-17,0.734795
1978-02-21,0.736982
1978-02-22,0.738033
1978-02-23,0.745386
1978-02-24,0.72907
1978-02-27,0.734321
1978-02-28,0.735648
1978-03-01,0.746374
1978-03-02,0.741296
1978-03-03,0.739762
1978-03-06,0.740827
1978-03-07,0.747451
1978-03-08,0.752623
1978-03-09,0.753052
1978-03-10,0.746811
1978-03-13,0.741246
1978-03-14,0.740903
1978-03-15,0.739898
1978-03-16,0.738877
1978-03-17,0.736798
1978-03-20,0.725311
1978-03-21,0.730038
1978-03-22,0.741517
1978-03-23,0.754884
1978-03-27,0.760821
1978-03-28,0.768624
1978-03-29,0.767947
1978-03-30,0.77148
1978-03-31,0.764867
1978-04-03,0.763046
1978-04-04,0.766834
1978-04-05,0.771575
1978-04-06,0.764355
1978-04-07,0.762013
1978-04-10,0.750519
1978-04-11,0.750051
1978-04-12,0.762485
1978-04-13,0.773413
1978-04-14,0.782712
1978-04-17,0.781614
1978-04-18,0.78746
1978-04-19,0.830671
1978-04-20,0.81514
1978-04-21,0.824291
1978-04-24,0.818976
1978-04-25,0.823817
1978-04-26,0.82249
1978-04-27,0.823538
1978-04-28,0.824867
1978-05-01,0.828577
1978-05-02,0.82061
1978-05-03,0.826108
1978-05-04,0.821364
1978-05-05,0.828767
1978-05-08,0.835635
1978-05-09,0.834433
1978-05-10,0.832367
1978-05-11,0.819748
1978-05-12,0.812652
1978-05-15,0.821114
1978-05-16,0.811044
1978-05-17,0.824117
1978-05-18,0.85484
1978-05-19,0.848491
1978-05-22,0.849974
1978-05-23,0.838331
1978-05-24,0.847204
1978-05-25,0.833084
1978-05-26,0.824423
1978-05-31,0.815519
1978-06-01,0.813811
1978-06-02,0.809504
1978-06-05,0.79322
1978-06-06,0.796839
1978-06-07,0.77274
1978-06-08,0.772568
1978-06-09,0.766792
1978-06-12,0.770143
1978-06-13,0.766925
1978-06-14,0.767787
1978-06-15,0.76621
1978-06-16,0.772216
1978-06-19,0.779923
1978-06-20,0.793603
1978-06-21,0.821174
1978-06-22,0.808676
1978-06-23,0.823482
1978-06-26,0.82266
1978-06-27,0.830903
1978-06-28,0.815096
1978-06-29,0.803428
1978-06-30,0.802734
1978-07-03,0.788827
1978-07-05,0.795946
1978-07-06,0.807906
1978-07-07,0.798381
1978-07-10,0.81978
1978-07-11,0.801921
1978-07-12,0.810128
1978-07-13,0.80865
1978-07-14,0.79528
1978-07-17,0.780029
1978-07-18,0.767914
1978-07-19,0.780755
1978-07-20,0.787203
1978-07-21,0.790008
1978-07-24,0.79734
1978-07-25,0.794889
1978-07-26,0.805126
1978-07-27,0.792172
1978-07-28,0.764748
1978-07-31,0.791348
1978-08-01,0.790415
1978-08-02,0.777916
1978-08-03,0.759677
1978-08-04,0.731757
1978-08-07,0.714636
1978-08-08,0.696062
1978-08-09,0.690915
1978-08-10,0.739428
1978-08-11,0.711446
1978-08-14,0.704603
1978-08-15,0.698992
1978-08-16,0.758346
1978-08-17,0.729514
1978-08-18,0.708882
1978-08-21,0.691888
1978-08-22,0.68518
1978-08-23,0.666906
1978-08-24,0.679081
1978-08-25,0.665538
1978-08-28,0.658831
1978-08-29,0.65383
1978-08-30,0.649227
1978-08-31,0.63198
1978-09-01,0.611583
1978-09-05,0.616924
1978-09-06,0.591945
1978-09-07,0.586594
1978-09-08,0.555733
1978-09-11,0.508625
1978-09-12,0.510408
1978-09-13,0.496025
1978-09-14,0.487135
1978-09-15,0.450125
1978-09-18,0.43738
1978-09-19,0.449532
1978-09-20,0.462457
1978-09-21,0.468741
1978-09-22,0.466139
1978-09-25,0.453365
1978-09-26,0.449685
1978-09-27,0.415032
1978-09-28,0.418234
1978-09-29,0.404114
1978-10-02,0.416523
1978-10-03,0.39349
1978-10-04,0.387655
1978-10-05,0.378175
1978-10-06,0.36017
1978-10-10,0.338164
1978-10-11,0.339598
1978-10-12,0.341594
1978-10-13,0.335265
1978-10-16,0.315478
1978-10-17,0.336234
1978-10-18,0.35099
1978-10-19,0.351823
1978-10-20,0.351762
1978-10-23,0.334282
1978-10-24,0.334094
1978-10-25,0.350306
1978-10-26,0.35778
1978-10-27,0.377982
1978-10-30,0.533966
1978-10-31,0.571256
1978-11-01,0.448575
1978-11-02,0.422697
1978-11-03,0.307729
1978-11-06,0.250222
1978-11-08,0.239725
1978-11-09,0.257386
1978-11-10,0.229773
1978-11-13,0.225556
1978-11-14,0.240325
1978-11-15,0.236736
1978-11-16,0.292336
1978-11-17,0.274618
1978-11-20,0.290392
1978-11-21,0.289519
1978-11-22,0.287282
1978-11-24,0.271195
1978-11-27,0.309553
1978-11-28,0.32818
1978-11-29,0.336958
1978-11-30,0.334975
1978-12-01,0.336255
1978-12-04,0.370231
1978-12-05,0.370163
1978-12-06,0.379404
1978-12-07,0.382624
1978-12-08,0.365479
1978-12-11,0.377639
1978-12-12,0.400473
1978-12-13,0.460606
1978-12-14,0.465688
1978-12-15,0.452725
1978-12-18,0.499225
1978-12-19,0.505397
1978-12-20,0.49356
1978-12-21,0.492633
1978-12-22,0.448131
1978-12-26,0.43726
1978-12-27,0.450307
1978-12-28,0.451556
1978-12-29,0.413062
1979-01-02,0.458713
1979-01-03,0.477684
1979-01-04,0.477386
1979-01-05,0.483429
1979-01-08,0.502337
1979-01-09,0.566925
1979-01-10,0.555087
1979-01-11,0.562897
1979-01-12,0.551439
1979-01-15,0.530748
1979-01-16,0.513569
1979-01-17,0.502671
1979-01-18,0.488688
1979-01-19,0.465047
1979-01-22,0.456475
1979-01-23,0.454829
1979-01-24,0.436405
1979-01-25,0.417183
1979-01-26,0.376488
1979-01-29,0.380615
1979-01-30,0.376642
1979-01-31,0.366662
1979-02-01,0.339985
1979-02-02,0.245538
1979-02-05,0.296337
1979-02-06,0.293729
1979-02-07,0.319208
1979-02-08,0.341365
1979-02-09,0.338748
1979-02-13,0.365024
1979-02-14,0.36426
1979-02-15,0.354048
1979-02-16,0.335491
1979-02-20,0.347435
1979-02-21,0.37442
1979-02-22,0.4603
1979-02-23,0.440519
1979-02-26,0.443985
1979-02-27,0.442281
1979-02-28,0.432459
1979-03-01,0.438395
1979-03-02,0.415681
1979-03-05,0.425265
1979-03-06,0.419807
1979-03-07,0.454751
1979-03-08,0.425239
1979-03-09,0.426786
1979-03-12,0.423689
1979-03-13,0.415509
1979-03-14,0.409784
1979-03-15,0.405775
1979-03-16,0.397311
1979-03-19,0.393022
1979-03-20,0.402552
1979-03-21,0.413524
1979-03-22,0.411
1979-03-23,0.41137
1979-03-26,0.427069
1979-03-27,0.43643
1979-03-28,0.448279
1979-03-29,0.46137
1979-03-30,0.460446
1979-04-02,0.491613
1979-04-03,0.464836
1979-04-04,0.464273
1979-04-05,0.463019
1979-04-06,0.449182
1979-04-09,0.449044
1979-04-10,0.435604
1979-04-11,0.433637
1979-04-12,0.40191
1979-04-16,0.399028
1979-04-17,0.414201
1979-04-18,0.4687
1979-04-19,0.52278
1979-04-20,0.534219
1979-04-23,0.57033
1979-04-24,0.592699
1979-04-25,0.596078
1979-04-26,0.583101
1979-04-27,0.522161
1979-04-30,0.507608
1979-05-01,0.51204
1979-05-02,0.503732
1979-05-03,0.494876
1979-05-04,0.461776
1979-05-07,0.454338
1979-05-08,0.469171
1979-05-09,0.45477
1979-05-10,0.450931
1979-05-11,0.45052
1979-05-14,0.456647
1979-05-15,0.483124
1979-05-16,0.483825
1979-05-17,0.480687
1979-05-18,0.463174
1979-05-21,0.451961
1979-05-22,0.403447
1979-05-23,0.388919
1979-05-24,0.369287
1979-05-25,0.321317
1979-05-29,0.309688
1979-05-31,0.339905
1979-06-01,0.317727
1979-06-04,0.32714
1979-06-05,0.314912
1979-06-06,0.31341
1979-06-07,0.288212
1979-06-08,0.238968
1979-06-11,0.259981
1979-06-12,0.271099
1979-06-13,0.314385
1979-06-14,0.315141
1979-06-15,0.336994
1979-06-18,0.319342
1979-06-19,0.343038
1979-06-20,0.353484
1979-06-21,0.347185
1979-06-22,0.344807
1979-06-25,0.315192
1979-06-26,0.297435
1979-06-27,0.304675
1979-06-28,0.295214
1979-06-29,0.266158
1979-07-02,0.270927
1979-07-03,0.241105
1979-07-05,0.239544
1979-07-06,0.219823
1979-07-09,0.231601
1979-07-10,0.22271
1979-07-11,0.229373
1979-07-12,0.201819
1979-07-13,0.19095
1979-07-16,0.211642
1979-07-17,0.199163
1979-07-18,0.201006
1979-07-19,0.186199
1979-07-20,0.156618
1979-07-23,0.188653
1979-07-24,0.196717
1979-07-25,0.170424
1979-07-26,0.189881
1979-07-27,0.213111
1979-07-30,0.203616
1979-07-31,0.213571
1979-08-01,0.215712
1979-08-02,0.211284
1979-08-03,0.198436
1979-08-06,0.191936
1979-08-07,0.186188
1979-08-08,0.175653
1979-08-09,0.175613
1979-08-10,0.175927
1979-08-13,0.173114
1979-08-14,0.163128
1979-08-15,0.169911
1979-08-16,0.158566
1979-08-17,0.159522
1979-08-20,0.160511
1979-08-21,0.188724
1979-08-22,0.218127
1979-08-23,0.209238
1979-08-24,0.256989
1979-08-27,0.241664
1979-08-28,0.251016
1979-08-29,0.202391
1979-08-30,0.201468
1979-08-31,0.189569
1979-09-04,0.199601
1979-09-05,0.181417
1979-09-06,0.126295
1979-09-07,0.062908
1979-09-10,0.056865
1979-09-11,0.022994
1979-09-12,0.01149
1979-09-13,0.045932
1979-09-14,0.010132
1979-09-17,0.045136
1979-09-18,0.044943
1979-09-19,0.00131
1979-09-20,0.019523
1979-09-21,-0.007386
1979-09-24,0.030027
1979-09-25,0.053426
1979-09-26,0.080109
1979-09-27,0.104092
1979-09-28,0.062625
1979-10-01,0.119851
1979-10-02,0.12733
1979-10-03,0.13637
1979-10-04,0.14428
1979-10-05,0.112776
1979-10-09,0.052086
1979-10-10,0.026026
1979-10-11,0.025812
1979-10-12,-0.022662
1979-10-15,0.081907
1979-10-16,0.117598
1979-10-17,0.110027
1979-10-18,0.299068
1979-10-19,0.376772
1979-10-22,0.353997
1979-10-23,0.301752
1979-10-24,0.247023
1979-10-25,0.287248
1979-10-26,0.254517
1979-10-29,0.295728
1979-10-30,0.31169
1979-10-31,0.333195
1979-11-01,0.396226
1979-11-02,0.443213
1979-11-05,0.423084
1979-11-07,0.471458
1979-11-08,0.50689
1979-11-09,0.371861
1979-11-13,0.372809
1979-11-14,0.393684
1979-11-15,0.309874
1979-11-16,0.386543
1979-11-19,0.425385
1979-11-20,0.443259
1979-11-21,0.443582
1979-11-23,0.44429
1979-11-26,0.53808
1979-11-27,0.532771
1979-11-28,0.560723
1979-11-29,0.496466
1979-11-30,0.504551
1979-12-03,0.493002
1979-12-04,0.418534
1979-12-05,0.417462
1979-12-06,0.361762
1979-12-07,0.384899
1979-12-10,0.326384
1979-12-11,0.320208
1979-12-12,0.37395
1979-12-13,0.256647
1979-12-14,0.094741
1979-12-17,0.161941
1979-12-18,0.267276
1979-12-19,0.271543
1979-12-20,0.347606
1979-12-21,0.316794
1979-12-24,0.390638
1979-12-26,0.351252
1979-12-27,0.377702
1979-12-28,0.380563
1979-12-31,0.53695
1980-01-02,0.464404
1980-01-03,0.560429
1980-01-04,0.530351
1980-01-07,0.603582
1980-01-08,0.591393
1980-01-09,0.588457
1980-01-10,0.556957
1980-01-11,0.60596
1980-01-14,0.669491
1980-01-15,0.623409
1980-01-16,0.609652
1980-01-17,0.667036
1980-01-18,0.694518
1980-01-21,0.783353
1980-01-22,0.748881
1980-01-23,0.728642
1980-01-24,0.829053
1980-01-25,0.779098
1980-01-28,0.823204
1980-01-29,0.876962
1980-01-30,0.924542
1980-01-31,0.918035
1980-02-01,0.990224
1980-02-04,0.964248
1980-02-05,1.068471
1980-02-06,1.182459
1980-02-07,1.249715
1980-02-08,1.145968
1980-02-11,1.315321
1980-02-13,1.297782
1980-02-14,1.388105
1980-02-15,1.499341
1980-02-19,1.628194
1980-02-20,1.585259
1980-02-21,1.832043
1980-02-22,1.492977
1980-02-25,1.648519
1980-02-26,1.536207
1980-02-27,1.488783
1980-02-28,1.533806
1980-02-29,1.476238
1980-03-03,1.404696
1980-03-04,1.18298
1980-03-05,0.981957
1980-03-06,0.745737
1980-03-07,0.670343
1980-03-10,0.633564
1980-03-11,0.849785
1980-03-12,0.950464
1980-03-13,0.885153
1980-03-14,0.739076
1980-03-17,0.850092
1980-03-18,0.907863
1980-03-19,0.85733
1980-03-20,0.954156
1980-03-21,0.667707
1980-03-24,0.758742
1980-03-25,0.778118
1980-03-26,0.75466
1980-03-27,0.775323
1980-03-28,0.686603
1980-03-31,1.079009
1980-04-01,1.13593
1980-04-02,0.956784
1980-04-03,0.889165
1980-04-07,0.727599
1980-04-08,0.787458
1980-04-09,0.598505
1980-04-10,0.642135
1980-04-11,0.455804
1980-04-14,0.49018
1980-04-15,0.463219
1980-04-16,0.236429
1980-04-17,-0.242449
1980-04-18,-0.338274
1980-04-21,-0.343494
1980-04-22,-0.141694
1980-04-23,0.113755
1980-04-24,0.499418
1980-04-25,0.732149
1980-04-28,0.681177
1980-04-29,0.746666
1980-04-30,0.860473
1980-05-01,0.973749
1980-05-02,1.031873
1980-05-05,1.060859
1980-05-06,1.049113
1980-05-07,1.022491
1980-05-08,1.110952
1980-05-09,1.146346
1980-05-12,1.203239
1980-05-13,1.442781
1980-05-14,1.338778
1980-05-15,1.431944
1980-05-16,1.355227
1980-05-19,1.523517
1980-05-20,1.620172
1980-05-21,1.531725
1980-05-22,1.536784
1980-05-23,1.527966
1980-05-27,1.580367
1980-05-28,1.590081
1980-05-29,1.65765
1980-05-30,1.698928
1980-06-02,1.666094
1980-06-03,1.693518
1980-06-04,1.695138
1980-06-05,1.628339
1980-06-06,1.514234
1980-06-09,1.444082
1980-06-10,1.483162
1980-06-11,1.521186
1980-06-12,1.517358
1980-06-13,1.376286
1980-06-16,1.385981
1980-06-17,1.447339
1980-06-18,1.529184
1980-06-19,1.48083
1980-06-20,1.471654
1980-06-23,1.465817
1980-06-24,1.433364
1980-06-25,1.459237
1980-06-26,1.327646
1980-06-27,1.346749
1980-06-30,1.377144
1980-07-01,1.388019
1980-07-02,1.444195
1980-07-03,1.417658
1980-07-07,1.437556
1980-07-08,1.40457
1980-07-09,1.403661
1980-07-10,1.427988
1980-07-11,1.456972
1980-07-14,1.477158
1980-07-15,1.428732
1980-07-16,1.408151
1980-07-17,1.450711
1980-07-18,1.44247
1980-07-21,1.417151
1980-07-22,1.424259
1980-07-23,1.414872
1980-07-24,1.448795
1980-07-25,1.479595
1980-07-28,1.465259
1980-07-29,1.45109
1980-07-30,1.531771
1980-07-31,1.664929
1980-08-01,1.544533
1980-08-04,1.567434
1980-08-05,1.56208
1980-08-06,1.627727
1980-08-07,1.679038
1980-08-08,1.680257
1980-08-11,1.709409
1980-08-12,1.783382
1980-08-13,1.827775
1980-08-14,1.799553
1980-08-15,1.822291
1980-08-18,1.732236
1980-08-19,1.835095
1980-08-20,1.75262
1980-08-21,1.780172
1980-08-22,1.666925
1980-08-25,1.660271
1980-08-26,1.62707
1980-08-27,1.591533
1980-08-28,1.30596
1980-08-29,1.179242
1980-09-02,1.317068
1980-09-03,1.392808
1980-09-04,1.292372
1980-09-05,1.335641
1980-09-08,1.458562
1980-09-09,1.43282
1980-09-10,1.506889
1980-09-11,1.471417
1980-09-12,1.474757
1980-09-15,1.613438
1980-09-16,1.663334
1980-09-17,1.523122
1980-09-18,1.561157
1980-09-19,1.641172
1980-09-22,1.739743
1980-09-23,1.642813
1980-09-24,1.65478
1980-09-25,1.729349
1980-09-26,1.707536
1980-09-29,1.699851
1980-09-30,1.502456
1980-10-01,1.484508
1980-10-02,1.43105
1980-10-03,1.181861
1980-10-06,1.15684
1980-10-07,1.171747
1980-10-08,1.212254
1980-10-09,1.125985
1980-10-10,1.126979
1980-10-14,1.121199
1980-10-15,1.143649
1980-10-16,1.195132
1980-10-17,1.259887
1980-10-20,1.32323
1980-10-21,1.461816
1980-10-22,1.301163
1980-10-23,1.407829
1980-10-24,1.330105
1980-10-27,1.407812
1980-10-28,1.271906
1980-10-29,1.093606
1980-10-30,1.043333
1980-10-31,1.00204
1980-11-03,1.002368
1980-11-05,0.973864
1980-11-06,1.000835
1980-11-07,0.843578
1980-11-10,0.855271
1980-11-12,0.748493
1980-11-13,0.801894
1980-11-14,0.787994
1980-11-17,0.817907
1980-11-18,0.780725
1980-11-19,0.694947
1980-11-20,0.773649
1980-11-21,0.818685
1980-11-24,0.736036
1980-11-25,0.618527
1980-11-26,0.513276
1980-11-28,0.441441
1980-12-01,0.46755
1980-12-02,0.510049
1980-12-03,0.451687
1980-12-04,0.492041
1980-12-05,0.318059
1980-12-08,0.186527
1980-12-09,0.098844
1980-12-10,-0.016439
1980-12-11,0.229418
1980-12-12,0.04101
1980-12-15,0.059368
1980-12-16,0.117998
1980-12-17,-0.040154
1980-12-18,-0.038825
1980-12-19,-0.132031
1980-12-22,-0.17829
1980-12-23,0.072047
1980-12-24,0.112223
1980-12-26,-0.002801
1980-12-29,-0.004571
1980-12-30,0.072421
1980-12-31,0.130181
1981-01-02,0.170552
1981-01-05,0.009859
1981-01-06,0.14593
1981-01-07,0.161177
1981-01-08,0.145684
1981-01-09,0.061938
1981-01-12,0.073188
1981-01-13,0.003084
1981-01-14,-0.013516
1981-01-15,0.045787
1981-01-16,-0.007264
1981-01-19,0.145746
1981-01-20,0.150533
1981-01-21,0.15101
1981-01-22,0.140458
1981-01-23,0.06481
1981-01-26,-0.033628
1981-01-27,0.007591
1981-01-28,0.041885
1981-01-29,0.083416
1981-01-30,0.120642
1981-02-02,0.278746
1981-02-03,0.338091
1981-02-04,0.321658
1981-02-05,0.377701
1981-02-06,0.437614
1981-02-09,0.418105
1981-02-10,0.338325
1981-02-11,0.356869
1981-02-13,0.423805
1981-02-17,0.140639
1981-02-18,0.220324
1981-02-19,0.199374
1981-02-20,0.287289
1981-02-23,0.524968
1981-02-24,0.603819
1981-02-25,0.598818
1981-02-26,0.655033
1981-02-27,0.663095
1981-03-02,0.777404
1981-03-03,0.695628
1981-03-04,0.816362
1981-03-05,0.775765
1981-03-06,0.763995
1981-03-09,0.742114
1981-03-10,0.723285
1981-03-11,0.800628
1981-03-12,0.846545
1981-03-13,0.891847
1981-03-16,1.047816
1981-03-17,1.055051
1981-03-18,1.111357
1981-03-19,1.328958
1981-03-20,1.386374
1981-03-23,1.461861
1981-03-24,1.46981
1981-03-25,1.431007
1981-03-26,1.442771
1981-03-27,1.405203
1981-03-30,1.536791
1981-03-31,1.628227
1981-04-01,1.487188
1981-04-02,1.566649
1981-04-03,1.495224
1981-04-06,1.37703
1981-04-07,1.153262
1981-04-08,1.178794
1981-04-09,1.249418
1981-04-10,1.213618
1981-04-13,1.200554
1981-04-14,0.959503
1981-04-15,1.018775
1981-04-16,1.02314
1981-04-20,0.857381
1981-04-21,0.887676
1981-04-22,1.005927
1981-04-23,1.054949
1981-04-24,1.041381
1981-04-27,1.118524
1981-04-28,1.109671
1981-04-29,1.059679
1981-04-30,1.122519
1981-05-01,1.108291
1981-05-04,1.31315
1981-05-05,1.138701
1981-05-06,1.058913
1981-05-07,0.865906
1981-05-08,0.778743
1981-05-11,0.847315
1981-05-12,0.8423
1981-05-13,0.884639
1981-05-14,0.818801
1981-05-15,0.680841
1981-05-18,0.722385
1981-05-19,0.835505
1981-05-20,0.768098
1981-05-21,0.736613
1981-05-22,0.654731
1981-05-26,0.380911
1981-05-27,0.627233
1981-05-28,0.569707
1981-05-29,0.67369
1981-06-01,0.646593
1981-06-02,0.720722
1981-06-03,0.690512
1981-06-04,0.711231
1981-06-05,0.642342
1981-06-08,0.591763
1981-06-09,0.706884
1981-06-10,0.822399
1981-06-11,0.86266
1981-06-12,0.873672
1981-06-15,0.961829
1981-06-16,1.066349
1981-06-17,1.132207
1981-06-18,1.041527
1981-06-19,1.190538
1981-06-22,0.955231
1981-06-23,0.970468
1981-06-24,1.052403
1981-06-25,1.024434
1981-06-26,1.009486
1981-06-29,0.999042
1981-06-30,1.148614
1981-07-01,1.254462
1981-07-02,1.101353
1981-07-06,1.080014
1981-07-07,1.157069
1981-07-08,1.058673
1981-07-09,0.924254
1981-07-10,0.699646
1981-07-13,0.612494
1981-07-14,0.671615
1981-07-15,0.684904
1981-07-16,0.877878
1981-07-17,0.827005
1981-07-20,1.092704
1981-07-21,1.089446
1981-07-22,1.027105
1981-07-23,0.948246
1981-07-24,0.864244
1981-07-27,0.931985
1981-07-28,0.906045
1981-07-29,0.944675
1981-07-30,0.997244
1981-07-31,0.983466
1981-08-03,1.065959
1981-08-04,1.060438
1981-08-05,1.181348
1981-08-06,1.12445
1981-08-07,1.079314
1981-08-10,1.220136
1981-08-11,0.913461
1981-08-12,0.984323
1981-08-13,1.019624
1981-08-14,1.11256
1981-08-17,1.109571
1981-08-18,1.036626
1981-08-19,1.05197
1981-08-20,1.000724
1981-08-21,0.97095
1981-08-24,1.260326
1981-08-25,1.362844
1981-08-26,1.322894
1981-08-27,1.393481
1981-08-28,1.328385
1981-08-31,1.583278
1981-09-01,1.591829
1981-09-02,1.621194
1981-09-03,1.66993
1981-09-04,1.60089
1981-09-08,1.617911
1981-09-09,1.580832
1981-09-10,1.603802
1981-09-11,1.575805
1981-09-14,1.783231
1981-09-15,1.521075
1981-09-16,1.549536
1981-09-17,1.613683
1981-09-18,1.617553
1981-09-21,1.690031
1981-09-22,1.699044
1981-09-23,1.833707
1981-09-24,1.803849
1981-09-25,2.115962
1981-09-28,2.198743
1981-09-29,2.263401
1981-09-30,2.248026
1981-10-01,2.124571
1981-10-02,1.975199
1981-10-05,1.612234
1981-10-06,1.862106
1981-10-07,1.770734
1981-10-08,1.895979
1981-10-09,1.530182
1981-10-13,2.121536
1981-10-14,2.137214
1981-10-15,2.07736
1981-10-16,2.105101
1981-10-19,2.011072
1981-10-20,2.05715
1981-10-21,2.171281
1981-10-22,2.263216
1981-10-23,2.173261
1981-10-26,2.291082
1981-10-27,2.219003
1981-10-28,2.241214
1981-10-29,2.12089
1981-10-30,1.709902
1981-11-02,1.976342
1981-11-04,1.680492
1981-11-05,1.749352
1981-11-06,1.645449
1981-11-09,1.853398
1981-11-10,1.869923
1981-11-12,2.003224
1981-11-13,1.812078
1981-11-16,1.68856
1981-11-17,1.777268
1981-11-18,1.652721
1981-11-19,1.788855
1981-11-20,1.798317
1981-11-23,2.040927
1981-11-24,2.032537
1981-11-25,1.896456
1981-11-27,1.877924
1981-11-30,1.985168
1981-12-01,2.204127
1981-12-02,2.065275
1981-12-03,2.062264
1981-12-04,1.792624
1981-12-07,1.993296
1981-12-08,2.028483
1981-12-09,2.203872
1981-12-10,2.193174
1981-12-11,2.176783
1981-12-14,2.198329
1981-12-15,2.061683
1981-12-16,2.039735
1981-12-17,2.226134
1981-12-18,2.145828
1981-12-21,2.087864
1981-12-22,2.172383
1981-12-23,2.261492
1981-12-24,2.121164
1981-12-28,2.160258
1981-12-29,2.165319
1981-12-30,2.178613
1981-12-31,2.057372
1982-01-04,2.100862
1982-01-05,2.129839
1982-01-06,2.391833
1982-01-07,2.40742
1982-01-08,2.360691
1982-01-11,2.601161
1982-01-12,2.516805
1982-01-13,2.586797
1982-01-14,2.437099
1982-01-15,2.397475
1982-01-18,2.244646
1982-01-19,2.362545
1982-01-20,2.311505
1982-01-21,2.166716
1982-01-22,2.166365
1982-01-25,2.019129
1982-01-26,2.01021
1982-01-27,1.890597
1982-01-28,1.956027
1982-01-29,1.808675
1982-02-01,2.04242
1982-02-02,1.895914
1982-02-03,1.835274
1982-02-04,1.850693
1982-02-05,1.740689
1982-02-08,1.78287
1982-02-09,1.811651
1982-02-10,1.749222
1982-02-11,1.698969
1982-02-16,1.438671
1982-02-17,1.543273
1982-02-18,1.504653
1982-02-19,1.477625
1982-02-22,1.500426
1982-02-23,1.729683
1982-02-24,1.764749
1982-02-25,1.862569
1982-02-26,1.92147
1982-03-01,1.748526
1982-03-02,1.640618
1982-03-03,1.580116
1982-03-04,1.560214
1982-03-05,1.569873
1982-03-08,1.757876
1982-03-09,1.70123
1982-03-10,1.679321
1982-03-11,1.723357
1982-03-12,1.562474
1982-03-15,1.463564
1982-03-16,1.516711
1982-03-17,1.582688
1982-03-18,1.647183
1982-03-19,1.509358
1982-03-22,1.385318
1982-03-23,1.389568
1982-03-24,1.444507
1982-03-25,1.464469
1982-03-26,1.599323
1982-03-29,1.699011
1982-03-30,1.524333
1982-03-31,1.4048
1982-04-01,1.407491
1982-04-02,1.486811
1982-04-05,1.472601
1982-04-06,1.485233
1982-04-07,1.508082
1982-04-08,1.316468
1982-04-12,1.467633
1982-04-13,1.401603
1982-04-14,1.396888
1982-04-15,1.349484
1982-04-16,1.283822
1982-04-19,1.324668
1982-04-20,1.533005
1982-04-21,1.633341
1982-04-22,1.556353
1982-04-23,1.613728
1982-04-26,1.568101
1982-04-27,1.552421
1982-04-28,1.584613
1982-04-29,1.63948
1982-04-30,1.580879
1982-05-03,1.609649
1982-05-04,1.59874
1982-05-05,1.625953
1982-05-06,1.537677
1982-05-07,1.433244
1982-05-10,1.454029
1982-05-11,1.390184
1982-05-12,1.474248
1982-05-13,1.497628
1982-05-14,1.405886
1982-05-17,1.709105
1982-05-18,1.649106
1982-05-19,1.643402
1982-05-20,1.711272
1982-05-21,1.830793
1982-05-24,1.846029
1982-05-25,1.894898
1982-05-26,1.942736
1982-05-27,1.9757
1982-05-28,1.939124
1982-06-01,2.036805
1982-06-02,1.937951
1982-06-03,1.91657
1982-06-04,1.841477
1982-06-07,1.801828
1982-06-08,1.840617
1982-06-09,1.865137
1982-06-10,1.891759
1982-06-11,1.856056
1982-06-14,1.926462
1982-06-15,1.8348
1982-06-16,1.900985
1982-06-17,1.916999
1982-06-18,1.889888
1982-06-21,1.785223
1982-06-22,1.942655
1982-06-23,1.825319
1982-06-24,1.88596
1982-06-25,1.810365
1982-06-28,1.75009
1982-06-29,1.674019
1982-06-30,1.716035
1982-07-01,1.694963
1982-07-02,1.752731
1982-07-06,1.693893
1982-07-07,1.687492
1982-07-08,1.598645
1982-07-09,1.615366
1982-07-12,1.8259
1982-07-13,1.842912
1982-07-14,1.858931
1982-07-15,1.857419
1982-07-16,1.814307
1982-07-19,1.936554
1982-07-20,1.866393
1982-07-21,1.937482
1982-07-22,2.01521
1982-07-23,2.110292
1982-07-26,2.215435
1982-07-27,2.100165
1982-07-28,2.044864
1982-07-29,2.054916
1982-07-30,2.028949
1982-08-02,2.134883
1982-08-03,2.318877
1982-08-04,2.301036
1982-08-05,2.339373
1982-08-06,2.229448
1982-08-09,2.193321
1982-08-10,2.278294
1982-08-11,2.260392
1982-08-12,2.213614
1982-08-13,2.369959
1982-08-16,2.418358
1982-08-17,2.243669
1982-08-18,2.433727
1982-08-19,2.38509
1982-08-20,2.441403
1982-08-23,2.514152
1982-08-24,2.419077
1982-08-25,2.431977
1982-08-26,2.430029
1982-08-27,2.344026
1982-08-30,2.314794
1982-08-31,2.335706
1982-09-01,2.362224
1982-09-02,2.342439
1982-09-03,2.273129
1982-09-07,2.195684
1982-09-08,2.278953
1982-09-09,2.332698
1982-09-10,2.175591
1982-09-13,2.36682
1982-09-14,2.318682
1982-09-15,2.421735
1982-09-16,2.42583
1982-09-17,2.387354
1982-09-20,2.398883
1982-09-21,2.309214
1982-09-22,2.37218
1982-09-23,2.368059
1982-09-24,2.36279
1982-09-27,2.302054
1982-09-28,2.293623
1982-09-29,2.242703
1982-09-30,2.146292
1982-10-01,2.094112
1982-10-04,2.226911
1982-10-05,2.124214
1982-10-06,2.025576
1982-10-07,1.615545
1982-10-08,1.596894
1982-10-12,1.639598
1982-10-13,1.63975
1982-10-14,1.877361
1982-10-15,1.939008
1982-10-18,1.906892
1982-10-19,1.863097
1982-10-20,1.903016
1982-10-21,1.868033
1982-10-22,1.795553
1982-10-25,1.752868
1982-10-26,1.664509
1982-10-27,1.739001
1982-10-28,1.6717
1982-10-29,1.709171
1982-11-01,1.644827
1982-11-03,1.645017
1982-11-04,1.627476
1982-11-05,1.659105
1982-11-08,1.620549
1982-11-09,1.585616
1982-11-10,1.593901
1982-11-12,1.593478
1982-11-15,1.59084
1982-11-16,1.514975
1982-11-17,1.488753
1982-11-18,1.479131
1982-11-19,1.474868
1982-11-22,1.540402
1982-11-23,1.544772
1982-11-24,1.589195
1982-11-26,1.498102
1982-11-29,1.531747
1982-11-30,1.520551
1982-12-01,1.527505
1982-12-02,1.499423
1982-12-03,1.517969
1982-12-06,1.262742
1982-12-07,1.262474
1982-12-08,1.300234
1982-12-09,1.309345
1982-12-10,1.329196
1982-12-13,1.313624
1982-12-14,1.370059
1982-12-15,1.395073
1982-12-16,1.412235
1982-12-17,1.418949
1982-12-20,1.416798
1982-12-21,1.335094
1982-12-22,1.353523
1982-12-23,1.330066
1982-12-27,1.318699
1982-12-28,1.318104
1982-12-29,1.346895
1982-12-30,1.349591
1982-12-31,1.346183
1983-01-03,1.333321
1983-01-04,1.348826
1983-01-05,1.349611
1983-01-06,1.370234
1983-01-07,1.394419
1983-01-10,1.433122
1983-01-11,1.439104
1983-01-12,1.437763
1983-01-13,1.45253
1983-01-14,1.484743
1983-01-17,1.487525
1983-01-18,1.495389
1983-01-19,1.52126
1983-01-20,1.512121
1983-01-21,1.526163
1983-01-24,1.529547
1983-01-25,1.517541
1983-01-26,1.565665
1983-01-27,1.546949
1983-01-28,1.561698
1983-01-31,1.565154
1983-02-01,1.558801
1983-02-02,1.535804
1983-02-03,1.565058
1983-02-04,1.556203
1983-02-07,1.553743
1983-02-08,1.552779
1983-02-09,1.552591
1983-02-10,1.520306
1983-02-11,1.523005
1983-02-14,1.505949
1983-02-15,1.513593
1983-02-16,1.530693
1983-02-17,1.512028
1983-02-18,1.468475
1983-02-22,1.414007
1983-02-23,1.400394
1983-02-24,1.413764
1983-02-25,1.407552
1983-02-28,1.408005
1983-03-01,1.39286
1983-03-02,1.389661
1983-03-03,1.393922
1983-03-04,1.414092
1983-03-07,1.388726
1983-03-08,1.422931
1983-03-09,1.438589
1983-03-10,1.431817
1983-03-11,1.465371
1983-03-14,1.451752
1983-03-15,1.431179
1983-03-16,1.445317
1983-03-17,1.432473
1983-03-18,1.421401
1983-03-21,1.386177
1983-03-22,1.386732
1983-03-23,1.351484
1983-03-24,1.358227
1983-03-25,1.373958
1983-03-28,1.363415
1983-03-29,1.364869
1983-03-30,1.355396
1983-03-31,1.365259
1983-04-04,1.360894
1983-04-05,1.354936
1983-04-06,1.346772
1983-04-07,1.360254
1983-04-08,1.365482
1983-04-11,1.357209
1983-04-12,1.342583
1983-04-13,1.330626
1983-04-14,1.316005
1983-04-15,1.307403
1983-04-18,1.305274
1983-04-19,1.333461
1983-04-20,1.339821
1983-04-21,1.337075
1983-04-22,1.350375
1983-04-25,1.358734
1983-04-26,1.352267
1983-04-27,1.328075
1983-04-28,1.34175
1983-04-29,1.334297
1983-05-02,1.329228
1983-05-03,1.333097
1983-05-04,1.32781
1983-05-05,1.328214
1983-05-06,1.327648
1983-05-09,1.343504
1983-05-10,1.335017
1983-05-11,1.350352
1983-05-12,1.352399
1983-05-13,1.34101
1983-05-16,1.39948
1983-05-17,1.409243
1983-05-18,1.42526
1983-05-19,1.430725
1983-05-20,1.433657
1983-05-23,1.418341
1983-05-24,1.404694
1983-05-25,1.406481
1983-05-26,1.408571
1983-05-27,1.387462
1983-05-31,1.414543
1983-06-01,1.387445
1983-06-02,1.393795
1983-06-03,1.413066
1983-06-06,1.391379
1983-06-07,1.393821
1983-06-08,1.413019
1983-06-09,1.399944
1983-06-10,1.406337
1983-06-13,1.386715
1983-06-14,1.388968
1983-06-15,1.348484
1983-06-16,1.302206
1983-06-17,1.32002
1983-06-20,1.307315
1983-06-21,1.285159
1983-06-22,1.294795
1983-06-23,1.320446
1983-06-24,1.355243
1983-06-27,1.384883
1983-06-28,1.390507
1983-06-29,1.367366
1983-06-30,1.387169
1983-07-01,1.383514
1983-07-05,1.431803
1983-07-06,1.423554
1983-07-07,1.484736
1983-07-08,1.569955
1983-07-11,1.542833
1983-07-12,1.658089
1983-07-13,1.679824
1983-07-14,1.686795
1983-07-15,1.708484
1983-07-18,1.624492
1983-07-19,1.604385
1983-07-20,1.614584
1983-07-21,1.654966
1983-07-22,1.678798
1983-07-25,1.723166
1983-07-26,1.709956
1983-07-27,1.727291
1983-07-28,1.732126
1983-07-29,1.711346
1983-08-01,1.795562
1983-08-02,1.804462
1983-08-03,1.77934
1983-08-04,1.864987
1983-08-05,1.8797
1983-08-08,1.844753
1983-08-09,1.856326
1983-08-10,1.85793
1983-08-11,1.867346
1983-08-12,1.809627
1983-08-15,1.748821
1983-08-16,1.719736
1983-08-17,1.675505
1983-08-18,1.660384
1983-08-19,1.697847
1983-08-22,1.588326
1983-08-23,1.607923
1983-08-24,1.612228
1983-08-25,1.665581
1983-08-26,1.690859
1983-08-29,1.778701
1983-08-30,1.773579
1983-08-31,1.797993
1983-09-01,1.811056
1983-09-02,1.850252
1983-09-06,1.847678
1983-09-07,1.779839
1983-09-08,1.65123
1983-09-09,1.70408
1983-09-12,1.623658
1983-09-13,1.654552
1983-09-14,1.701425
1983-09-15,1.725456
1983-09-16,1.702321
1983-09-19,1.704724
1983-09-20,1.630398
1983-09-21,1.623543
1983-09-22,1.625784
1983-09-23,1.612656
1983-09-26,1.595647
1983-09-27,1.625083
1983-09-28,1.626886
1983-09-29,1.645775
1983-09-30,1.648475
1983-10-03,1.683462
1983-10-04,1.685173
1983-10-05,1.642635
1983-10-06,1.66191
1983-10-07,1.678429
1983-10-11,1.750898
1983-10-12,1.745609
1983-10-13,1.769856
1983-10-14,1.777912
1983-10-17,1.716288
1983-10-18,1.743886
1983-10-19,1.741208
1983-10-20,1.748556
1983-10-21,1.780156
1983-10-24,1.794844
1983-10-25,1.786356
1983-10-26,1.777061
1983-10-27,1.811152
1983-10-28,1.846759
1983-10-31,1.799407
1983-11-01,1.814432
1983-11-02,1.79381
1983-11-03,1.804194
1983-11-04,1.762978
1983-11-07,1.732229
1983-11-09,1.735069
1983-11-10,1.738861
1983-11-14,1.702504
1983-11-15,1.712612
1983-11-16,1.718671
1983-11-17,1.676109
1983-11-18,1.692944
1983-11-21,1.707612
1983-11-22,1.67847
1983-11-23,1.702609
1983-11-25,1.680624
1983-11-28,1.654871
1983-11-29,1.633125
1983-11-30,1.614787
1983-12-01,1.618499
1983-12-02,1.668854
1983-12-05,1.649672
1983-12-06,1.632392
1983-12-07,1.646838
1983-12-08,1.692908
1983-12-09,1.696296
1983-12-12,1.679098
1983-12-13,1.679382
1983-12-14,1.667329
1983-12-15,1.659991
1983-12-16,1.635199
1983-12-19,1.662792
1983-12-20,1.646753
1983-12-21,1.636538
1983-12-22,1.688762
1983-12-23,1.716764
1983-12-27,1.664905
1983-12-28,1.676601
1983-12-29,1.683292
1983-12-30,1.719073
1984-01-03,1.749968
1984-01-04,1.728223
1984-01-05,1.706016
1984-01-06,1.730783
1984-01-09,1.696131
1984-01-10,1.672815
1984-01-11,1.673617
1984-01-12,1.654191
1984-01-13,1.680464
1984-01-16,1.590546
1984-01-17,1.626318
1984-01-18,1.589956
1984-01-19,1.589451
1984-01-20,1.607433
1984-01-23,1.587908
1984-01-24,1.56868
1984-01-25,1.586981
1984-01-26,1.563763
1984-01-27,1.596382
1984-01-30,1.603105
1984-01-31,1.597819
1984-02-01,1.600408
1984-02-02,1.585595
1984-02-03,1.576108
1984-02-06,1.58508
1984-02-07,1.580589
1984-02-08,1.608612
1984-02-09,1.633193
1984-02-10,1.632107
1984-02-14,1.646139
1984-02-15,1.625312
1984-02-16,1.679735
1984-02-17,1.668947
1984-02-21,1.635286
1984-02-22,1.64928
1984-02-23,1.678332
1984-02-24,1.667762
1984-02-27,1.654843
1984-02-28,1.698362
1984-02-29,1.728694
1984-03-01,1.672593
1984-03-02,1.709429
1984-03-05,1.717575
1984-03-06,1.704989
1984-03-07,1.713891
1984-03-08,1.716233
1984-03-09,1.705972
1984-03-12,1.685812
1984-03-13,1.689377
1984-03-14,1.697487
1984-03-15,1.680157
1984-03-16,1.726751
1984-03-19,1.758616
1984-03-20,1.738053
1984-03-21,1.727197
1984-03-22,1.721069
1984-03-23,1.732487
1984-03-26,1.692142
1984-03-27,1.714666
1984-03-28,1.71331
1984-03-29,1.691073
1984-03-30,1.722245
1984-04-02,1.728967
1984-04-03,1.730853
1984-04-04,1.734959
1984-04-05,1.752067
1984-04-06,1.741184
1984-04-09,1.731511
1984-04-10,1.750908
1984-04-11,1.75144
1984-04-12,1.725335
1984-04-13,1.7869
1984-04-16,1.768008
1984-04-17,1.790619
1984-04-18,1.766529
1984-04-19,1.813523
1984-04-23,1.830089
1984-04-24,1.837351
1984-04-25,1.81209
1984-04-26,1.81011
1984-04-27,1.835834
1984-04-30,1.836035
1984-05-01,1.841422
1984-05-02,1.838349
1984-05-03,1.851822
1984-05-04,1.896996
1984-05-07,1.916915
1984-05-08,1.89987
1984-05-09,1.901651
1984-05-10,1.924238
1984-05-11,2.045504
1984-05-14,2.059672
1984-05-15,2.05361
1984-05-16,2.013856
1984-05-17,2.030597
1984-05-18,1.996312
1984-05-21,2.019102
1984-05-22,2.104671
1984-05-23,2.11027
1984-05-24,2.131176
1984-05-25,2.191958
1984-05-29,2.279233
1984-05-30,2.355451
1984-05-31,2.335378
1984-06-01,2.282578
1984-06-04,2.213079
1984-06-05,2.198594
1984-06-06,2.284279
1984-06-07,2.24668
1984-06-08,2.240883
1984-06-11,2.279196
1984-06-12,2.256078
1984-06-13,2.244733
1984-06-14,2.209112
1984-06-15,2.194514
1984-06-18,2.117956
1984-06-19,2.140432
1984-06-20,2.23109
1984-06-21,2.228812
1984-06-22,2.293756
1984-06-25,2.314805
1984-06-26,2.336597
1984-06-27,2.35421
1984-06-28,2.441335
1984-06-29,2.459936
1984-07-02,2.463446
1984-07-03,2.47788
1984-07-05,2.447817
1984-07-06,2.483367
1984-07-09,2.389201
1984-07-10,2.35382
1984-07-11,2.344168
1984-07-12,2.280548
1984-07-13,2.19802
1984-07-16,2.193589
1984-07-17,2.202027
1984-07-18,2.180632
1984-07-19,2.138813
1984-07-20,2.190368
1984-07-23,2.152017
1984-07-24,2.155073
1984-07-25,2.066995
1984-07-26,2.121914
1984-07-27,2.046129
1984-07-30,2.061071
1984-07-31,2.068639
1984-08-01,2.031071
1984-08-02,1.924959
1984-08-03,2.020576
1984-08-06,1.834309
1984-08-07,1.8479
1984-08-08,1.838056
1984-08-09,1.81892
1984-08-10,1.796682
1984-08-13,1.81335
1984-08-14,1.822205
1984-08-15,1.838096
1984-08-16,1.825616
1984-08-17,1.813832
1984-08-20,1.859907
1984-08-21,1.834773
1984-08-22,1.807923
1984-08-23,1.837069
1984-08-24,1.804871
1984-08-27,1.842338
1984-08-28,1.827576
1984-08-29,1.808437
1984-08-30,1.800838
1984-08-31,1.763392
1984-09-04,1.760232
1984-09-05,1.725799
1984-09-06,1.719577
1984-09-07,1.675379
1984-09-10,1.609941
1984-09-11,1.587769
1984-09-12,1.590868
1984-09-13,1.571423
1984-09-14,1.525464
1984-09-17,1.547343
1984-09-18,1.528886
1984-09-19,1.526936
1984-09-20,1.538905
1984-09-21,1.574178
1984-09-24,1.606017
1984-09-25,1.623138
1984-09-26,1.60683
1984-09-27,1.641274
1984-09-28,1.641432
1984-10-01,1.655671
1984-10-02,1.672239
1984-10-03,1.646909
1984-10-04,1.645282
1984-10-05,1.622555
1984-10-09,1.595241
1984-10-10,1.604791
1984-10-11,1.630829
1984-10-12,1.671018
1984-10-15,1.679978
1984-10-16,1.718112
1984-10-17,1.651545
1984-10-18,1.64151
1984-10-19,1.62072
1984-10-22,1.576479
1984-10-23,1.623662
1984-10-24,1.627942
1984-10-25,1.665911
1984-10-26,1.669096
1984-10-29,1.713389
1984-10-30,1.641384
1984-10-31,1.661769
1984-11-01,1.662158
1984-11-02,1.673043
1984-11-05,1.633273
1984-11-07,1.712187
1984-11-08,1.84957
1984-11-09,1.827268
1984-11-13,1.853085
1984-11-14,1.846134
1984-11-15,1.865705
1984-11-16,1.852151
1984-11-19,1.791253
1984-11-20,1.806812
1984-11-21,1.722622
1984-11-23,1.678845
1984-11-26,1.671031
1984-11-27,1.667598
1984-11-28,1.724136
1984-11-29,1.715078
1984-11-30,1.736985
1984-12-03,1.730832
1984-12-04,1.743376
1984-12-05,1.769645
1984-12-06,1.800729
1984-12-07,1.783793
1984-12-10,1.76395
1984-12-11,1.771459
1984-12-12,1.757927
1984-12-13,1.799109
1984-12-14,1.779034
1984-12-17,1.807923
1984-12-18,1.758999
1984-12-19,1.784044
1984-12-20,1.828686
1984-12-21,1.849537
1984-12-24,1.845019
1984-12-26,1.852285
1984-12-27,1.880247
1984-12-28,1.904881
1984-12-31,1.901604
1985-01-02,1.935655
1985-01-03,1.949247
1985-01-04,1.991095
1985-01-07,1.959163
1985-01-08,1.93001
1985-01-09,1.922018
1985-01-10,1.937667
1985-01-11,2.011364
1985-01-14,2.019865
1985-01-15,2.019572
1985-01-16,2.052765
1985-01-17,1.96727
1985-01-18,1.994367
1985-01-22,1.938853
1985-01-23,1.925733
1985-01-24,1.82358
1985-01-25,1.822488
1985-01-28,1.799471
1985-01-29,1.694583
1985-01-30,1.65437
1985-01-31,1.619026
1985-02-01,1.625278
1985-02-04,1.607633
1985-02-05,1.587069
1985-02-06,1.614085
1985-02-07,1.630978
1985-02-08,1.635218
1985-02-11,1.652713
1985-02-13,1.648303
1985-02-14,1.620752
1985-02-15,1.674454
1985-02-19,1.660335
1985-02-20,1.700218
1985-02-21,1.70034
1985-02-22,1.705699
1985-02-25,1.718067
1985-02-26,1.690587
1985-02-27,1.855073
1985-02-28,1.798618
1985-03-01,1.841461
1985-03-04,1.804032
1985-03-05,1.729794
1985-03-06,1.74268
1985-03-07,1.742496
1985-03-08,1.698315
1985-03-11,1.709971
1985-03-12,1.722109
1985-03-13,1.729986
1985-03-14,1.729627
1985-03-15,1.751186
1985-03-18,1.776296
1985-03-19,1.760078
1985-03-20,1.738367
1985-03-21,1.779913
1985-03-22,1.843878
1985-03-25,1.838218
1985-03-26,1.80828
1985-03-27,1.835787
1985-03-28,1.882338
1985-03-29,1.903938
1985-04-01,1.90743
1985-04-02,1.875196
1985-04-03,1.87256
1985-04-04,1.904382
1985-04-08,1.911186
1985-04-09,1.919794
1985-04-10,1.897312
1985-04-11,1.885331
1985-04-12,1.835165
1985-04-15,1.845804
1985-04-16,1.805383
1985-04-17,1.794825
1985-04-18,1.859769
1985-04-19,1.87755
1985-04-22,1.864315
1985-04-23,1.930734
1985-04-24,1.922387
1985-04-25,1.934223
1985-04-26,1.9317
1985-04-29,1.957777
1985-04-30,1.963345
1985-05-01,1.896685
1985-05-02,1.897667
1985-05-03,1.902245
1985-05-06,1.921125
1985-05-07,1.910762
1985-05-08,1.949792
1985-05-09,1.912956
1985-05-10,1.886573
1985-05-13,1.890799
1985-05-14,1.859612
1985-05-15,1.88305
1985-05-16,1.874913
1985-05-17,1.912339
1985-05-20,1.853363
1985-05-21,1.903442
1985-05-22,1.950547
1985-05-23,1.923993
1985-05-24,1.923304
1985-05-28,1.825734
1985-05-29,1.802497
1985-05-30,1.741311
1985-05-31,1.680976
1985-06-03,1.58385
1985-06-04,1.588119
1985-06-05,1.510347
1985-06-06,1.514266
1985-06-07,1.540628
1985-06-10,1.506937
1985-06-11,1.478718
1985-06-12,1.516105
1985-06-13,1.552159
1985-06-14,1.569019
1985-06-17,1.515087
1985-06-18,1.515814
1985-06-19,1.559867
1985-06-20,1.590423
1985-06-21,1.597677
1985-06-24,1.632753
1985-06-25,1.611671
1985-06-26,1.619393
1985-06-27,1.586278
1985-06-28,1.583845
1985-07-01,1.577926
1985-07-02,1.57285
1985-07-03,1.609723
1985-07-05,1.584022
1985-07-08,1.566373
1985-07-09,1.576466
1985-07-10,1.574548
1985-07-11,1.581662
1985-07-12,1.574782
1985-07-15,1.580816
1985-07-16,1.568667
1985-07-17,1.564042
1985-07-18,1.606935
1985-07-19,1.604667
1985-07-22,1.611125
1985-07-23,1.607901
1985-07-24,1.616871
1985-07-25,1.643963
1985-07-26,1.674684
1985-07-29,1.689119
1985-07-30,1.681923
1985-07-31,1.648444
1985-08-01,1.608176
1985-08-02,1.631945
1985-08-05,1.628704
1985-08-06,1.63381
1985-08-07,1.632117
1985-08-08,1.617785
1985-08-09,1.650222
1985-08-12,1.680729
1985-08-13,1.711083
1985-08-14,1.699559
1985-08-15,1.70043
1985-08-16,1.723536
1985-08-19,1.714581
1985-08-20,1.69824
1985-08-21,1.66989
1985-08-22,1.637281
1985-08-23,1.676272
1985-08-26,1.68668
1985-08-27,1.668945
1985-08-28,1.687466
1985-08-29,1.668875
1985-08-30,1.680084
1985-09-03,1.662679
1985-09-04,1.649253
1985-09-05,1.696186
1985-09-06,1.83713
1985-09-09,1.754505
1985-09-10,1.747524
1985-09-11,1.773585
1985-09-12,1.769016
1985-09-13,1.744584
1985-09-16,1.72921
1985-09-17,1.754458
1985-09-18,1.773034
1985-09-19,1.763269
1985-09-20,1.756376
1985-09-23,1.779846
1985-09-24,1.756601
1985-09-25,1.762398
1985-09-26,1.757839
1985-09-30,1.770762
1985-10-01,1.759949
1985-10-02,1.740235
1985-10-03,1.740469
1985-10-04,1.748141
1985-10-07,1.743936
1985-10-08,1.707031
1985-10-09,1.683845
1985-10-10,1.673943
1985-10-11,1.673768
1985-10-15,1.647038
1985-10-16,1.645243
1985-10-17,1.628855
1985-10-18,1.626211
1985-10-21,1.623835
1985-10-22,1.603341
1985-10-23,1.603877
1985-10-24,1.600358
1985-10-25,1.627762
1985-10-28,1.621583
1985-10-29,1.576081
1985-10-30,1.552981
1985-10-31,1.60275
1985-11-01,1.597488
1985-11-04,1.632141
1985-11-05,1.612661
1985-11-06,1.601378
1985-11-07,1.583145
1985-11-08,1.566681
1985-11-12,1.509186
1985-11-13,1.488416
1985-11-14,1.493287
1985-11-15,1.509186
1985-11-18,1.470782
1985-11-19,1.468182
1985-11-20,1.439025
1985-11-21,1.401716
1985-11-22,1.432856
1985-11-25,1.496052
1985-11-26,1.49665
1985-11-27,1.477624
1985-11-29,1.472373
1985-12-02,1.520826
1985-12-03,1.503489
1985-12-04,1.486559
1985-12-05,1.484735
1985-12-06,1.485799
1985-12-09,1.439418
1985-12-10,1.420366
1985-12-11,1.375483
1985-12-12,1.404983
1985-12-13,1.400295
1985-12-16,1.37551
1985-12-17,1.327461
1985-12-18,1.338006
1985-12-19,1.320375
1985-12-20,1.311269
1985-12-23,1.312591
1985-12-24,1.308297
1985-12-26,1.290963
1985-12-27,1.284807
1985-12-30,1.281285
1985-12-31,1.287095
1986-01-02,1.290399
1986-01-03,1.296072
1986-01-06,1.292308
1986-01-07,1.243852
1986-01-08,1.303968
1986-01-09,1.300279
1986-01-10,1.333797
1986-01-13,1.366148
1986-01-14,1.339093
1986-01-15,1.313894
1986-01-16,1.325956
1986-01-17,1.316384
1986-01-21,1.320059
1986-01-22,1.355931
1986-01-23,1.351868
1986-01-24,1.367672
1986-01-27,1.353571
1986-01-28,1.327092
1986-01-29,1.331827
1986-01-30,1.329652
1986-01-31,1.338528
1986-02-03,1.319887
1986-02-04,1.298629
1986-02-05,1.305353
1986-02-06,1.319641
1986-02-07,1.326684
1986-02-10,1.288075
1986-02-11,1.268421
1986-02-12,1.259128
1986-02-13,1.229358
1986-02-14,1.191784
1986-02-18,1.150844
1986-02-19,1.166696
1986-02-20,1.151491
1986-02-21,1.096716
1986-02-24,1.032375
1986-02-25,1.017792
1986-02-26,0.958478
1986-02-27,0.871961
1986-02-28,0.859621
1986-03-03,0.831044
1986-03-04,0.81013
1986-03-05,0.896776
1986-03-06,0.917903
1986-03-07,0.94711
1986-03-10,0.916454
1986-03-11,0.877821
1986-03-12,0.873939
1986-03-13,0.889297
1986-03-14,0.888224
1986-03-17,0.907357
1986-03-18,0.902228
1986-03-19,0.891228
1986-03-20,0.866062
1986-03-21,0.896311
1986-03-24,0.858796
1986-03-25,0.85586
1986-03-26,0.820438
1986-03-27,0.725196
1986-03-31,0.641919
1986-04-01,0.635823
1986-04-02,0.643144
1986-04-03,0.658512
1986-04-04,0.722784
1986-04-07,0.757474
1986-04-08,0.697609
1986-04-09,0.6843
1986-04-10,0.690871
1986-04-11,0.717213
1986-04-14,0.691022
1986-04-15,0.710483
1986-04-16,0.664755
1986-04-17,0.662633
1986-04-18,0.682411
1986-04-21,0.679384
1986-04-22,0.738028
1986-04-23,0.766075
1986-04-24,0.775684
1986-04-25,0.788958
1986-04-28,0.788744
1986-04-29,0.779109
1986-04-30,0.764435
1986-05-01,0.799493
1986-05-02,0.855404
1986-05-05,0.833169
1986-05-06,0.80208
1986-05-07,0.831737
1986-05-08,0.815672
1986-05-09,0.834031
1986-05-12,0.911277
1986-05-13,0.923632
1986-05-14,0.87955
1986-05-15,0.878037
1986-05-16,0.938664
1986-05-19,0.957251
1986-05-20,0.95356
1986-05-21,0.954023
1986-05-22,0.958044
1986-05-23,0.950962
1986-05-27,0.923323
1986-05-28,0.901096
1986-05-29,0.962892
1986-05-30,1.037782
1986-06-02,1.049151
1986-06-03,1.082462
1986-06-04,1.095993
1986-06-05,1.082787
1986-06-06,1.009272
1986-06-09,1.061081
1986-06-10,1.090406
1986-06-11,1.074141
1986-06-12,1.049412
1986-06-13,1.028421
1986-06-16,0.950792
1986-06-17,0.938311
1986-06-18,0.940723
1986-06-19,0.971625
1986-06-20,0.977076
1986-06-23,0.930332
1986-06-24,0.893495
1986-06-25,0.885241
1986-06-26,0.883831
1986-06-27,0.872659
1986-06-30,0.845334
1986-07-01,0.833758
1986-07-02,0.833884
1986-07-03,0.838249
1986-07-07,0.819314
1986-07-08,0.878342
1986-07-09,0.845357
1986-07-10,0.857348
1986-07-11,0.911888
1986-07-14,0.882174
1986-07-15,0.865572
1986-07-16,0.86296
1986-07-17,0.917377
1986-07-18,0.932872
1986-07-21,0.911908
1986-07-22,0.957636
1986-07-23,0.989063
1986-07-24,1.010939
1986-07-25,1.036134
1986-07-28,1.066672
1986-07-29,1.041838
1986-07-30,1.022281
1986-07-31,0.982271
1986-08-01,1.000893
1986-08-04,1.012301
1986-08-05,1.046747
1986-08-06,1.051139
1986-08-07,1.039553
1986-08-08,0.972813
1986-08-11,0.942269
1986-08-12,0.934545
1986-08-13,0.907027
1986-08-14,0.904809
1986-08-15,0.927959
1986-08-18,0.912128
1986-08-19,0.890601
1986-08-20,0.882139
1986-08-21,0.918323
1986-08-22,0.965805
1986-08-25,0.966646
1986-08-26,0.969721
1986-08-27,0.958659
1986-08-28,0.984258
1986-08-29,0.988203
1986-09-02,0.980194
1986-09-03,1.09774
1986-09-04,1.101975
1986-09-05,1.178065
1986-09-08,1.171295
1986-09-09,1.156297
1986-09-10,1.155035
1986-09-11,1.222335
1986-09-12,1.252739
1986-09-15,1.249958
1986-09-16,1.230127
1986-09-17,1.220341
1986-09-18,1.271968
1986-09-19,1.307747
1986-09-22,1.27659
1986-09-23,1.246028
1986-09-24,1.212416
1986-09-25,1.209495
1986-09-26,1.231803
1986-09-29,1.194996
1986-09-30,1.154285
1986-10-01,1.123586
1986-10-02,1.12861
1986-10-03,1.145598
1986-10-06,1.147574
1986-10-07,1.142878
1986-10-08,1.160939
1986-10-09,1.171744
1986-10-10,1.190448
1986-10-14,1.219863
1986-10-15,1.203791
1986-10-16,1.193253
1986-10-17,1.217339
1986-10-20,1.194685
1986-10-21,1.191432
1986-10-22,1.174115
1986-10-23,1.165365
1986-10-24,1.156888
1986-10-27,1.150111
1986-10-28,1.152972
1986-10-29,1.111957
1986-10-30,1.095473
1986-10-31,1.10052
1986-11-03,1.108084
1986-11-04,1.114304
1986-11-05,1.092574
1986-11-06,1.121617
1986-11-07,1.139891
1986-11-10,1.099857
1986-11-12,1.09207
1986-11-13,1.069488
1986-11-14,1.07854
1986-11-17,0.999427
1986-11-18,0.997566
1986-11-19,0.997588
1986-11-20,1.006422
1986-11-21,1.031727
1986-11-24,0.986598
1986-11-25,1.018348
1986-11-26,1.002756
1986-11-28,1.014936
1986-12-01,1.031583
1986-12-02,1.000253
1986-12-03,0.978036
1986-12-04,0.974543
1986-12-05,1.021623
1986-12-08,1.008944
1986-12-09,0.986802
1986-12-10,0.991986
1986-12-11,1.015221
1986-12-12,1.037435
1986-12-15,1.027198
1986-12-16,1.00327
1986-12-17,1.010984
1986-12-18,0.981965
1986-12-19,0.991767
1986-12-22,0.953235
1986-12-23,0.956756
1986-12-24,0.937847
1986-12-26,0.971917
1986-12-29,0.981384
1986-12-30,0.985161
1986-12-31,0.983653
1987-01-02,1.009026
1987-01-05,0.980326
1987-01-06,0.955571
1987-01-07,0.936661
1987-01-08,0.924056
1987-01-09,0.903604
1987-01-12,0.904321
1987-01-13,0.922326
1987-01-14,0.94549
1987-01-15,0.954061
1987-01-16,0.957111
1987-01-20,0.930107
1987-01-21,0.945182
1987-01-22,0.957986
1987-01-23,0.973989
1987-01-26,0.962229
1987-01-27,0.952685
1987-01-28,0.930493
1987-01-29,0.921197
1987-01-30,0.936582
1987-02-02,0.933596
1987-02-03,0.936097
1987-02-04,0.925801
1987-02-05,0.892721
1987-02-06,0.904018
1987-02-09,0.924922
1987-02-10,0.921295
1987-02-11,0.908395
1987-02-12,0.90638
1987-02-13,0.937392
1987-02-17,0.948182
1987-02-18,0.933381
1987-02-19,0.904457
1987-02-20,0.949505
1987-02-23,0.938377
1987-02-24,0.921846
1987-02-25,0.926965
1987-02-26,0.936992
1987-02-27,0.933665
1987-03-02,0.927588
1987-03-03,0.933458
1987-03-04,0.891562
1987-03-05,0.90517
1987-03-06,0.9263
1987-03-09,0.911998
1987-03-10,0.896593
1987-03-11,0.896679
1987-03-12,0.868378
1987-03-13,0.863736
1987-03-16,0.876218
1987-03-17,0.876835
1987-03-18,0.884638
1987-03-19,0.887444
1987-03-20,0.901835
1987-03-23,0.907993
1987-03-24,0.898379
1987-03-25,0.916973
1987-03-26,0.881006
1987-03-27,0.915508
1987-03-30,0.992396
1987-03-31,0.97833
1987-04-01,1.00268
1987-04-02,1.037619
1987-04-03,1.057244
1987-04-06,1.036653
1987-04-07,1.04979
1987-04-08,1.049682
1987-04-09,1.105828
1987-04-10,1.110733
1987-04-13,1.093217
1987-04-14,1.082148
1987-04-15,1.060375
1987-04-16,1.091272
1987-04-20,1.162476
1987-04-21,1.200915
1987-04-22,1.25343
1987-04-23,1.326017
1987-04-24,1.43287
1987-04-27,1.453329
1987-04-28,1.374114
1987-04-29,1.368136
1987-04-30,1.331978
1987-05-01,1.315617
1987-05-04,1.358735
1987-05-05,1.30934
1987-05-06,1.322361
1987-05-07,1.305492
1987-05-08,1.327885
1987-05-11,1.331682
1987-05-12,1.401844
1987-05-13,1.399634
1987-05-14,1.411353
1987-05-15,1.465866
1987-05-18,1.389544
1987-05-19,1.456474
1987-05-20,1.448607
1987-05-21,1.43209
1987-05-22,1.448415
1987-05-26,1.334088
1987-05-27,1.333086
1987-05-28,1.362487
1987-05-29,1.353417
1987-06-01,1.339505
1987-06-02,1.412837
1987-06-03,1.375718
1987-06-04,1.38412
1987-06-05,1.359824
1987-06-08,1.358316
1987-06-09,1.342796
1987-06-10,1.334087
1987-06-11,1.351709
1987-06-12,1.301592
1987-06-15,1.260103
1987-06-16,1.260398
1987-06-17,1.25562
1987-06-18,1.260526
1987-06-19,1.262596
1987-06-22,1.233829
1987-06-23,1.214886
1987-06-24,1.188844
1987-06-25,1.171577
1987-06-26,1.207362
1987-06-29,1.172776
1987-06-30,1.183602
1987-07-01,1.2159
1987-07-02,1.249172
1987-07-06,1.225512
1987-07-07,1.199839
1987-07-08,1.215535
1987-07-09,1.268264
1987-07-10,1.268255
1987-07-13,1.28166
1987-07-14,1.259288
1987-07-15,1.276665
1987-07-16,1.257457
1987-07-17,1.23532
1987-07-20,1.240736
1987-07-21,1.26452
1987-07-22,1.318248
1987-07-23,1.320056
1987-07-24,1.349591
1987-07-27,1.304224
1987-07-28,1.29521
1987-07-29,1.276046
1987-07-30,1.266141
1987-07-31,1.319558
1987-08-03,1.328681
1987-08-04,1.369743
1987-08-05,1.324458
1987-08-06,1.319556
1987-08-07,1.327094
1987-08-10,1.331683
1987-08-11,1.331098
1987-08-12,1.330078
1987-08-13,1.29856
1987-08-14,1.279037
1987-08-17,1.265348
1987-08-18,1.355869
1987-08-19,1.362667
1987-08-20,1.310167
1987-08-21,1.332603
1987-08-24,1.33414
1987-08-25,1.324906
1987-08-26,1.363335
1987-08-27,1.392467
1987-08-28,1.399021
1987-08-31,1.376135
1987-09-01,1.415316
1987-09-02,1.519355
1987-09-03,1.564267
1987-09-04,1.558014
1987-09-08,1.569282
1987-09-09,1.562195
1987-09-10,1.556706
1987-09-11,1.546778
1987-09-14,1.533807
1987-09-15,1.583734
1987-09-16,1.591117
1987-09-17,1.581124
1987-09-18,1.548906
1987-09-21,1.559979
1987-09-22,1.516429
1987-09-23,1.488153
1987-09-24,1.532941
1987-09-25,1.56062
1987-09-28,1.536813
1987-09-29,1.556674
1987-09-30,1.586443
1987-10-01,1.557781
1987-10-02,1.492903
1987-10-05,1.500999
1987-10-06,1.511884
1987-10-07,1.526143
1987-10-08,1.505374
1987-10-09,1.48217
1987-10-13,1.490225
1987-10-14,1.526576
1987-10-15,1.525304
1987-10-16,1.55147
1987-10-19,1.458513
1987-10-20,1.318611
1987-10-21,1.32136
1987-10-22,1.344182
1987-10-23,1.291684
1987-10-26,1.279685
1987-10-27,1.291954
1987-10-28,1.369952
1987-10-29,1.436417
1987-10-30,1.379196
1987-11-02,1.343588
1987-11-03,1.284865
1987-11-04,1.251811
1987-11-05,1.238429
1987-11-06,1.253663
1987-11-09,1.234443
1987-11-10,1.261053
1987-11-12,1.296258
1987-11-13,1.349535
1987-11-16,1.301426
1987-11-17,1.313875
1987-11-18,1.325506
1987-11-19,1.385045
1987-11-20,1.374274
1987-11-23,1.342472
1987-11-24,1.355108
1987-11-25,1.402363
1987-11-27,1.43765
1987-11-30,1.440277
1987-12-01,1.512963
1987-12-02,1.519159
1987-12-03,1.48699
1987-12-04,1.494664
1987-12-07,1.515279
1987-12-08,1.490414
1987-12-09,1.462039
1987-12-10,1.508611
1987-12-11,1.537786
1987-12-14,1.511579
1987-12-15,1.418363
1987-12-16,1.428639
1987-12-17,1.440723
1987-12-18,1.381718
1987-12-21,1.398041
1987-12-22,1.403832
1987-12-23,1.325754
1987-12-24,1.320838
1987-12-28,1.413026
1987-12-29,1.359272
1987-12-30,1.445927
1987-12-31,1.509956
1988-01-04,1.4856
1988-01-05,1.473105
1988-01-06,1.463361
1988-01-07,1.491515
1988-01-08,1.524263
1988-01-11,1.533229
1988-01-12,1.523438
1988-01-13,1.491553
1988-01-14,1.507439
1988-01-15,1.441105
1988-01-19,1.445093
1988-01-20,1.440754
1988-01-21,1.366715
1988-01-22,1.365126
1988-01-25,1.314721
1988-01-26,1.381652
1988-01-27,1.327192
1988-01-28,1.31751
1988-01-29,1.350674
1988-02-01,1.374743
1988-02-02,1.300528
1988-02-03,1.359025
1988-02-04,1.393568
1988-02-05,1.363305
1988-02-08,1.327613
1988-02-09,1.338116
1988-02-10,1.332832
1988-02-11,1.354079
1988-02-12,1.412605
1988-02-16,1.457295
1988-02-17,1.461543
1988-02-18,1.437532
1988-02-19,1.454582
1988-02-22,1.424962
1988-02-23,1.411539
1988-02-24,1.412373
1988-02-25,1.459713
1988-02-26,1.438448
1988-02-29,1.383088
1988-03-01,1.41592
1988-03-02,1.383332
1988-03-03,1.388878
1988-03-04,1.460835
1988-03-07,1.420949
1988-03-08,1.4301
1988-03-09,1.466419
1988-03-10,1.476665
1988-03-11,1.410624
1988-03-14,1.410022
1988-03-15,1.417129
1988-03-16,1.437735
1988-03-17,1.425802
1988-03-18,1.507205
1988-03-21,1.508176
1988-03-22,1.495331
1988-03-23,1.468317
1988-03-24,1.467864
1988-03-25,1.420124
1988-03-28,1.445863
1988-03-29,1.489054
1988-03-30,1.503864
1988-03-31,1.484045
1988-04-04,1.519418
1988-04-05,1.487378
1988-04-06,1.448904
1988-04-07,1.460593
1988-04-08,1.409272
1988-04-11,1.466782
1988-04-12,1.462616
1988-04-13,1.467746
1988-04-14,1.554393
1988-04-15,1.595461
1988-04-18,1.625529
1988-04-19,1.613643
1988-04-20,1.635603
1988-04-21,1.626396
1988-04-22,1.585778
1988-04-25,1.586092
1988-04-26,1.585933
1988-04-27,1.598188
1988-04-28,1.63764
1988-04-29,1.652515
1988-05-02,1.699349
1988-05-03,1.66079
1988-05-04,1.649088
1988-05-05,1.633995
1988-05-06,1.640439
1988-05-09,1.629178
1988-05-10,1.661072
1988-05-11,1.696334
1988-05-12,1.662903
1988-05-13,1.616228
1988-05-16,1.618582
1988-05-17,1.642502
1988-05-18,1.65019
1988-05-19,1.647029
1988-05-20,1.69247
1988-05-23,1.718296
1988-05-24,1.761907
1988-05-25,1.74971
1988-05-26,1.699284
1988-05-27,1.698843
1988-05-31,1.626692
1988-06-01,1.478959
1988-06-02,1.573286
1988-06-03,1.440509
1988-06-06,1.470595
1988-06-07,1.464188
1988-06-08,1.442989
1988-06-09,1.42312
1988-06-10,1.437132
1988-06-13,1.454964
1988-06-14,1.359668
1988-06-15,1.377869
1988-06-16,1.418569
1988-06-17,1.50234
1988-06-20,1.518163
1988-06-21,1.524074
1988-06-22,1.444029
1988-06-23,1.464194
1988-06-24,1.467882
1988-06-27,1.507352
1988-06-28,1.487104
1988-06-29,1.473576
1988-06-30,1.473557
1988-07-01,1.46427
1988-07-05,1.239423
1988-07-06,1.265183
1988-07-07,1.270418
1988-07-08,1.546882
1988-07-11,1.531523
1988-07-12,1.547405
1988-07-13,1.556718
1988-07-14,1.562558
1988-07-15,1.540279
1988-07-18,1.578721
1988-07-19,1.5427
1988-07-20,1.527569
1988-07-21,1.59172
1988-07-22,1.602416
1988-07-25,1.576387
1988-07-26,1.556216
1988-07-27,1.572075
1988-07-28,1.603446
1988-07-29,1.589583
1988-08-01,1.584929
1988-08-02,1.525695
1988-08-03,1.534934
1988-08-04,1.535626
1988-08-05,1.50854
1988-08-08,1.473117
1988-08-09,1.444209
1988-08-10,1.500889
1988-08-11,1.529696
1988-08-12,1.508893
1988-08-15,1.388421
1988-08-16,1.363116
1988-08-17,1.446048
1988-08-18,1.45251
1988-08-19,1.447718
1988-08-22,1.416224
1988-08-23,1.381681
1988-08-24,1.396058
1988-08-25,1.426853
1988-08-26,1.412904
1988-08-29,1.366064
1988-08-30,1.333064
1988-08-31,1.349317
1988-09-01,1.347732
1988-09-02,1.205877
1988-09-06,1.241309
1988-09-07,1.270343
1988-09-08,1.210419
1988-09-09,1.259707
1988-09-12,1.265864
1988-09-13,1.232609
1988-09-14,1.214054
1988-09-15,1.192608
1988-09-16,1.216541
1988-09-19,1.225299
1988-09-20,1.193777
1988-09-21,1.195706
1988-09-22,1.229834
1988-09-23,1.227639
1988-09-26,1.229197
1988-09-27,1.240454
1988-09-28,1.225982
1988-09-29,1.155391
1988-09-30,1.172054
1988-10-03,1.188394
1988-10-04,1.189628
1988-10-05,1.137775
1988-10-06,1.121079
1988-10-07,1.109698
1988-10-11,1.112333
1988-10-12,1.135579
1988-10-13,1.182818
1988-10-14,1.129835
1988-10-17,1.143717
1988-10-18,1.150428
1988-10-19,1.169793
1988-10-20,1.189163
1988-10-21,1.180965
1988-10-24,1.201424
1988-10-25,1.230349
1988-10-26,1.221371
1988-10-27,1.189719
1988-10-28,1.185318
1988-10-31,1.165433
1988-11-01,1.129124
1988-11-02,1.115456
1988-11-03,1.100808
1988-11-04,1.076207
1988-11-07,1.12062
1988-11-08,1.115404
1988-11-09,1.093298
1988-11-10,1.072135
1988-11-14,0.996129
1988-11-15,1.000627
1988-11-16,0.997232
1988-11-17,1.023829
1988-11-18,0.995128
1988-11-21,0.965532
1988-11-22,0.967786
1988-11-23,0.985861
1988-11-25,0.928165
1988-11-28,0.992359
1988-11-29,1.02541
1988-11-30,1.049895
1988-12-01,1.018765
1988-12-02,1.074848
1988-12-05,1.029443
1988-12-06,0.992002
1988-12-07,0.903907
1988-12-08,0.879391
1988-12-09,0.892688
1988-12-12,0.87734
1988-12-13,0.877133
1988-12-14,0.880486
1988-12-15,0.873683
1988-12-16,0.894219
1988-12-19,0.874049
1988-12-20,0.862232
1988-12-21,0.833953
1988-12-22,0.812235
1988-12-23,0.782646
1988-12-27,0.835873
1988-12-28,0.829826
1988-12-29,0.827231
1988-12-30,0.840318
1989-01-03,0.87995
1989-01-04,0.940755
1989-01-05,0.921286
1989-01-06,0.878784
1989-01-09,0.86558
1989-01-10,0.873301
1989-01-11,0.914412
1989-01-12,0.829171
1989-01-13,0.772472
1989-01-17,0.785621
1989-01-18,0.757784
1989-01-19,0.749524
1989-01-20,0.744257
1989-01-23,0.765525
1989-01-24,0.753902
1989-01-25,0.715764
1989-01-26,0.706891
1989-01-27,0.71184
1989-01-30,0.707866
1989-01-31,0.708917
1989-02-01,0.717439
1989-02-02,0.739861
1989-02-03,0.720127
1989-02-06,0.675484
1989-02-07,0.660644
1989-02-08,0.681811
1989-02-09,0.751943
1989-02-10,0.8522
1989-02-13,0.860078
1989-02-14,0.83175
1989-02-15,0.811179
1989-02-16,0.805769
1989-02-17,0.835101
1989-02-21,0.836992
1989-02-22,0.857005
1989-02-23,0.85252
1989-02-24,0.865189
1989-02-27,0.829622
1989-02-28,0.768413
1989-03-01,0.827131
1989-03-02,0.800044
1989-03-03,0.772011
1989-03-06,0.751762
1989-03-07,0.727235
1989-03-08,0.73031
1989-03-09,0.717135
1989-03-10,0.747915
1989-03-13,0.727262
1989-03-14,0.711374
1989-03-15,0.700514
1989-03-16,0.690679
1989-03-17,0.797688
1989-03-20,0.705854
1989-03-21,0.657441
1989-03-22,0.656018
1989-03-23,0.66378
1989-03-27,0.689598
1989-03-28,0.674328
1989-03-29,0.676551
1989-03-30,0.675333
1989-03-31,0.675519
1989-04-03,0.64751
1989-04-04,0.681305
1989-04-05,0.666512
1989-04-06,0.679676
1989-04-07,0.698562
1989-04-10,0.682628
1989-04-11,0.698212
1989-04-12,0.691083
1989-04-13,0.687065
1989-04-14,0.684325
1989-04-17,0.685089
1989-04-18,0.667814
1989-04-19,0.665901
1989-04-20,0.671654
1989-04-21,0.673802
1989-04-24,0.670923
1989-04-25,0.691367
1989-04-26,0.700425
1989-04-27,0.7474
1989-04-28,0.749571
1989-05-01,0.792462
1989-05-02,0.744909
1989-05-03,0.717847
1989-05-04,0.751181
1989-05-05,0.721532
1989-05-08,0.747757
1989-05-09,0.758413
1989-05-10,0.779834
1989-05-11,0.788991
1989-05-12,0.709527
1989-05-15,0.692809
1989-05-16,0.691544
1989-05-17,0.661851
1989-05-18,0.593403
1989-05-19,0.57137
1989-05-22,0.528633
1989-05-23,0.542755
1989-05-24,0.5538
1989-05-25,0.543592
1989-05-26,0.506988
1989-05-30,0.512128
1989-05-31,0.502984
1989-06-01,0.508741
1989-06-02,0.504946
1989-06-05,0.504895
1989-06-06,0.47747
1989-06-07,0.470588
1989-06-08,0.467221
1989-06-09,0.404971
1989-06-12,0.385302
1989-06-13,0.396887
1989-06-14,0.397823
1989-06-15,0.411872
1989-06-16,0.422507
1989-06-19,0.423718
1989-06-20,0.395256
1989-06-21,0.408789
1989-06-22,0.42849
1989-06-23,0.375602
1989-06-26,0.357643
1989-06-27,0.351969
1989-06-28,0.405328
1989-06-29,0.395795
1989-06-30,0.439241
1989-07-03,0.483374
1989-07-05,0.494881
1989-07-06,0.492697
1989-07-07,0.479058
1989-07-10,0.469336
1989-07-11,0.491141
1989-07-12,0.477542
1989-07-13,0.458126
1989-07-14,0.464096
1989-07-17,0.439788
1989-07-18,0.449955
1989-07-19,0.437543
1989-07-20,0.430726
1989-07-21,0.42319
1989-07-24,0.423725
1989-07-25,0.422087
1989-07-26,0.419675
1989-07-27,0.43101
1989-07-28,0.457665
1989-07-31,0.442907
1989-08-01,0.433521
1989-08-02,0.425324
1989-08-03,0.437428
1989-08-04,0.448135
1989-08-07,0.419375
1989-08-08,0.440774
1989-08-09,0.449517
1989-08-10,0.459762
1989-08-11,0.501146
1989-08-14,0.524382
1989-08-15,0.556858
1989-08-16,0.514743
1989-08-17,0.498768
1989-08-18,0.488881
1989-08-21,0.525099
1989-08-22,0.532501
1989-08-23,0.498877
1989-08-24,0.497944
1989-08-25,0.493961
1989-08-28,0.526455
1989-08-29,0.512765
1989-08-30,0.524354
1989-08-31,0.559694
1989-09-01,0.523419
1989-09-05,0.506669
1989-09-06,0.488742
1989-09-07,0.477368
1989-09-08,0.446984
1989-09-11,0.460293
1989-09-12,0.505903
1989-09-13,0.538796
1989-09-14,0.505669
1989-09-15,0.484844
1989-09-18,0.503456
1989-09-19,0.491133
1989-09-20,0.497791
1989-09-21,0.516781
1989-09-22,0.501333
1989-09-25,0.528931
1989-09-26,0.491582
1989-09-27,0.502882
1989-09-28,0.48304
1989-09-29,0.470787
1989-10-02,0.465038
1989-10-03,0.461514
1989-10-04,0.451844
1989-10-05,0.390975
1989-10-06,0.389556
1989-10-10,0.400172
1989-10-11,0.425998
1989-10-12,0.404308
1989-10-13,0.362104
1989-10-16,0.430288
1989-10-17,0.414275
1989-10-18,0.40509
1989-10-19,0.386899
1989-10-20,0.400807
1989-10-23,0.382132
1989-10-24,0.364528
1989-10-25,0.375113
1989-10-26,0.391279
1989-10-27,0.398085
1989-10-30,0.380051
1989-10-31,0.3871
1989-11-01,0.378281
1989-11-02,0.368344
1989-11-03,0.385156
1989-11-06,0.391511
1989-11-07,0.367795
1989-11-08,0.378062
1989-11-09,0.395132
1989-11-10,0.38322
1989-11-13,0.37785
1989-11-14,0.403858
1989-11-15,0.417674
1989-11-16,0.41809
1989-11-17,0.447714
1989-11-20,0.444323
1989-11-21,0.437667
1989-11-22,0.41723
1989-11-24,0.439016
1989-11-27,0.399445
1989-11-28,0.392707
1989-11-29,0.378602
1989-11-30,0.374883
1989-12-01,0.370944
1989-12-04,0.368219
1989-12-05,0.374661
1989-12-06,0.367755
1989-12-07,0.354408
1989-12-08,0.371884
1989-12-11,0.362062
1989-12-12,0.366298
1989-12-13,0.364081
1989-12-14,0.371804
1989-12-15,0.360978
1989-12-18,0.339016
1989-12-19,0.387635
1989-12-20,0.367952
1989-12-21,0.371139
1989-12-22,0.390068
1989-12-26,0.453234
1989-12-27,0.443795
1989-12-28,0.432004
1989-12-29,0.466066
1990-01-02,0.48245
1990-01-03,0.503959
1990-01-04,0.50052
1990-01-05,0.530896
1990-01-08,0.551247
1990-01-09,0.544976
1990-01-10,0.536071
1990-01-11,0.549557
1990-01-12,0.555124
1990-01-16,0.593661
1990-01-17,0.565688
1990-01-18,0.572208
1990-01-19,0.551135
1990-01-22,0.617157
1990-01-23,0.561313
1990-01-24,0.602954
1990-01-25,0.605989
1990-01-26,0.65434
1990-01-29,0.653116
1990-01-30,0.634317
1990-01-31,0.615943
1990-02-01,0.615679
1990-02-02,0.646902
1990-02-05,0.661527
1990-02-06,0.671854
1990-02-07,0.675019
1990-02-08,0.648583
1990-02-09,0.571746
1990-02-12,0.616132
1990-02-13,0.600407
1990-02-14,0.644917
1990-02-15,0.661728
1990-02-16,0.694999
1990-02-20,0.782291
1990-02-21,0.748879
1990-02-22,0.729413
1990-02-23,0.746926
1990-02-26,0.705289
1990-02-27,0.676577
1990-02-28,0.723403
1990-03-01,0.748838
1990-03-02,0.69419
1990-03-05,0.710998
1990-03-06,0.703264
1990-03-07,0.695842
1990-03-08,0.660889
1990-03-09,0.743857
1990-03-12,0.715488
1990-03-13,0.738748
1990-03-14,0.723438
1990-03-15,0.703658
1990-03-16,0.682793
1990-03-19,0.69016
1990-03-20,0.627713
1990-03-21,0.621196
1990-03-22,0.684253
1990-03-23,0.699771
1990-03-26,0.667693
1990-03-27,0.686473
1990-03-28,0.697871
1990-03-29,0.722231
1990-03-30,0.746073
1990-04-02,0.751201
1990-04-03,0.779613
1990-04-04,0.729786
1990-04-05,0.738164
1990-04-06,0.726875
1990-04-09,0.721824
1990-04-10,0.733373
1990-04-11,0.734975
1990-04-12,0.754684
1990-04-16,0.765831
1990-04-17,0.855526
1990-04-18,0.898477
1990-04-19,0.910695
1990-04-20,0.918917
1990-04-23,0.920827
1990-04-24,0.950769
1990-04-25,0.959545
1990-04-26,0.960706
1990-04-27,0.967477
1990-04-30,0.900806
1990-05-01,0.902736
1990-05-02,0.877395
1990-05-03,0.885328
1990-05-04,0.871754
1990-05-07,0.871327
1990-05-08,0.894247
1990-05-09,0.865218
1990-05-10,0.914347
1990-05-11,0.880067
1990-05-14,0.834637
1990-05-15,0.829523
1990-05-16,0.794294
1990-05-17,0.805871
1990-05-18,0.788784
1990-05-21,0.840711
1990-05-22,0.802593
1990-05-23,0.811168
1990-05-24,0.800462
1990-05-25,0.833741
1990-05-29,0.750037
1990-05-30,0.756491
1990-05-31,0.70535
1990-06-01,0.690243
1990-06-04,0.737343
1990-06-05,0.735369
1990-06-06,0.731782
1990-06-07,0.736973
1990-06-08,0.745787
1990-06-11,0.739639
1990-06-12,0.730534
1990-06-13,0.784718
1990-06-14,0.730445
1990-06-15,0.718791
1990-06-18,0.741877
1990-06-19,0.762472
1990-06-20,0.768494
1990-06-21,0.780585
1990-06-22,0.777641
1990-06-25,0.785584
1990-06-26,0.78193
1990-06-27,0.786251
1990-06-28,0.776433
1990-06-29,0.720258
1990-07-02,0.717823
1990-07-03,0.783325
1990-07-05,0.731543
1990-07-06,0.771491
1990-07-09,0.786109
1990-07-10,0.78347
1990-07-11,0.784131
1990-07-12,0.732093
1990-07-13,0.75996
1990-07-16,0.759541
1990-07-17,0.755034
1990-07-18,0.798041
1990-07-19,0.80843
1990-07-20,0.784843
1990-07-23,0.77586
1990-07-24,0.800555
1990-07-25,0.804738
1990-07-26,0.799913
1990-07-27,0.808548
1990-07-30,0.753904
1990-07-31,0.793869
1990-08-01,0.770376
1990-08-02,0.798198
1990-08-03,0.831717
1990-08-06,0.968216
1990-08-07,0.990448
1990-08-08,0.981256
1990-08-09,0.932135
1990-08-10,0.932856
1990-08-13,0.946146
1990-08-14,0.913744
1990-08-15,0.905204
1990-08-16,0.961094
1990-08-17,0.98092
1990-08-20,1.007421
1990-08-21,0.985346
1990-08-22,1.022508
1990-08-23,1.053257
1990-08-24,1.080689
1990-08-27,1.034977
1990-08-28,1.064124
1990-08-29,1.011895
1990-08-30,1.016595
1990-08-31,1.032777
1990-09-04,1.069916
1990-09-05,1.047131
1990-09-06,1.054609
1990-09-07,1.054973
1990-09-10,1.052633
1990-09-11,1.048539
1990-09-12,1.026528
1990-09-13,1.029205
1990-09-14,1.055355
1990-09-17,1.081225
1990-09-18,1.056078
1990-09-19,1.061418
1990-09-20,1.086759
1990-09-21,1.128085
1990-09-24,1.131923
1990-09-25,1.146243
1990-09-26,1.094071
1990-09-27,1.08978
1990-09-28,1.05766
1990-10-01,1.01382
1990-10-02,1.018055
1990-10-03,1.042342
1990-10-04,1.021585
1990-10-05,1.020826
1990-10-09,1.086043
1990-10-10,1.109244
1990-10-11,1.146316
1990-10-12,1.107304
1990-10-15,1.085403
1990-10-16,1.077603
1990-10-17,1.053986
1990-10-18,1.028023
1990-10-19,0.990663
1990-10-22,0.988387
1990-10-23,1.003039
1990-10-24,1.010238
1990-10-25,0.995848
1990-10-26,1.019255
1990-10-29,1.059128
1990-10-30,1.056626
1990-10-31,1.04455
1990-11-01,1.028794
1990-11-02,1.030033
1990-11-05,1.002072
1990-11-06,1.006835
1990-11-07,1.044919
1990-11-08,1.051913
1990-11-09,1.008795
1990-11-13,0.955676
1990-11-14,0.945947
1990-11-15,0.959088
1990-11-16,0.930626
1990-11-19,0.945887
1990-11-20,0.925482
1990-11-21,0.910054
1990-11-23,0.927755
1990-11-26,0.916615
1990-11-27,0.923947
1990-11-28,0.921799
1990-11-29,0.916371
1990-11-30,0.900511
1990-12-03,0.874177
1990-12-04,0.878911
1990-12-05,0.862926
1990-12-06,0.871201
1990-12-07,0.821587
1990-12-10,0.810109
1990-12-11,0.799594
1990-12-12,0.788565
1990-12-13,0.833591
1990-12-14,0.870524
1990-12-17,0.859772
1990-12-18,0.847763
1990-12-19,0.890461
1990-12-20,0.92092
1990-12-21,0.958998
1990-12-24,0.999498
1990-12-26,0.961884
1990-12-27,0.944197
1990-12-28,0.982617
1990-12-31,0.97558
1991-01-02,0.946523
1991-01-03,0.929619
1991-01-04,0.93813
1991-01-07,1.004797
1991-01-08,1.027481
1991-01-09,1.089803
1991-01-10,1.037109
1991-01-11,1.043343
1991-01-14,1.044723
1991-01-15,1.089311
1991-01-16,1.14221
1991-01-17,0.985601
1991-01-18,1.002826
1991-01-22,1.029845
1991-01-23,1.022744
1991-01-24,1.009534
1991-01-25,1.041688
1991-01-28,1.02023
1991-01-29,1.034898
1991-01-30,0.996089
1991-01-31,1.030733
1991-02-01,1.034422
1991-02-04,0.990267
1991-02-05,1.001488
1991-02-06,1.011366
1991-02-07,1.044693
1991-02-08,1.022024
1991-02-11,1.009561
1991-02-12,0.97132
1991-02-13,0.965997
1991-02-14,0.992797
1991-02-15,1.054994
1991-02-19,1.04946
1991-02-20,1.008776
1991-02-21,0.995934
1991-02-22,1.014751
1991-02-25,0.973802
1991-02-26,1.021815
1991-02-27,1.021135
1991-02-28,1.037106
1991-03-01,1.063353
1991-03-04,1.045016
1991-03-05,1.043469
1991-03-06,1.056911
1991-03-07,1.034479
1991-03-08,1.075723
1991-03-11,1.050257
1991-03-12,1.057734
1991-03-13,1.052012
1991-03-14,1.0546
1991-03-15,1.06258
1991-03-18,1.145
1991-03-19,1.106748
1991-03-20,1.101184
1991-03-21,1.080163
1991-03-22,1.074746
1991-03-25,1.058556
1991-03-26,1.057537
1991-03-27,1.042847
1991-03-28,1.084232
1991-04-01,1.088483
1991-04-02,1.073475
1991-04-03,1.079492
1991-04-04,1.094802
1991-04-05,1.095248
1991-04-08,1.09205
1991-04-09,1.110394
1991-04-10,1.187236
1991-04-11,1.179235
1991-04-12,1.193377
1991-04-15,1.158196
1991-04-16,1.130143
1991-04-17,1.11502
1991-04-18,1.132785
1991-04-19,1.19531
1991-04-22,1.19927
1991-04-23,1.154929
1991-04-24,1.136892
1991-04-25,1.13103
1991-04-26,1.171961
1991-04-29,1.174502
1991-04-30,1.167709
1991-05-01,1.158542
1991-05-02,1.110335
1991-05-03,1.14916
1991-05-06,1.17957
1991-05-07,1.234385
1991-05-08,1.189337
1991-05-09,1.18696
1991-05-10,1.263048
1991-05-13,1.294588
1991-05-14,1.229718
1991-05-15,1.236541
1991-05-16,1.244563
1991-05-17,1.223942
1991-05-20,1.270322
1991-05-21,1.273824
1991-05-22,1.317538
1991-05-23,1.289497
1991-05-24,1.31951
1991-05-28,1.273384
1991-05-29,1.285252
1991-05-30,1.237187
1991-05-31,1.208143
1991-06-03,1.187881
1991-06-04,1.193984
1991-06-05,1.194473
1991-06-06,1.203936
1991-06-07,1.312991
1991-06-10,1.325985
1991-06-11,1.302038
1991-06-12,1.320285
1991-06-13,1.318626
1991-06-14,1.316884
1991-06-17,1.313083
1991-06-18,1.309857
1991-06-19,1.314845
1991-06-20,1.337584
1991-06-21,1.269032
1991-06-24,1.249858
1991-06-25,1.26845
1991-06-26,1.276595
1991-06-27,1.248098
1991-06-28,1.261115
1991-07-01,1.145209
1991-07-02,1.208371
1991-07-03,1.233894
1991-07-05,1.245271
1991-07-08,1.244973
1991-07-09,1.231653
1991-07-10,1.221621
1991-07-11,1.138279
1991-07-12,1.143119
1991-07-15,1.135881
1991-07-16,1.144306
1991-07-17,1.19734
1991-07-18,1.178408
1991-07-19,1.184339
1991-07-22,1.183859
1991-07-23,1.17913
1991-07-24,1.156551
1991-07-25,1.171932
1991-07-26,1.169771
1991-07-29,1.136648
1991-07-30,1.151025
1991-07-31,1.135424
1991-08-01,1.169839
1991-08-02,1.183384
1991-08-05,1.123774
1991-08-06,1.104064
1991-08-07,1.104471
1991-08-08,1.157567
1991-08-09,1.162991
1991-08-12,1.154785
1991-08-13,1.139194
1991-08-14,1.131384
1991-08-15,1.170482
1991-08-16,1.172119
1991-08-19,1.209589
1991-08-20,1.221664
1991-08-21,1.179743
1991-08-22,1.165603
1991-08-23,1.141264
1991-08-26,1.160053
1991-08-27,1.17317
1991-08-28,1.178904
1991-08-29,1.159262
1991-08-30,1.15324
1991-09-03,1.150194
1991-09-04,1.1648
1991-09-05,1.179221
1991-09-06,1.158774
1991-09-09,1.144224
1991-09-10,1.147441
1991-09-11,1.140815
1991-09-12,1.116599
1991-09-13,1.114829
1991-09-16,1.094458
1991-09-17,1.083206
1991-09-18,1.084421
1991-09-19,1.081606
1991-09-20,1.089748
1991-09-23,1.065768
1991-09-24,1.078758
1991-09-25,1.098712
1991-09-26,1.121585
1991-09-27,1.08421
1991-09-30,1.083919
1991-10-01,1.077092
1991-10-02,1.081515
1991-10-03,1.092476
1991-10-04,1.095842
1991-10-07,1.085392
1991-10-08,1.107798
1991-10-09,1.170374
1991-10-10,1.179028
1991-10-11,1.171252
1991-10-15,1.137959
1991-10-16,1.127378
1991-10-17,1.174803
1991-10-18,1.151801
1991-10-21,1.207112
1991-10-22,1.224056
1991-10-24,1.244306
1991-10-25,1.266646
1991-10-28,1.265435
1991-10-29,1.222398
1991-10-30,1.226643
1991-10-31,1.251699
1991-11-01,1.293259
1991-11-04,1.324801
1991-11-05,1.309725
1991-11-06,1.32184
1991-11-07,1.272108
1991-11-08,1.253292
1991-11-12,1.185554
1991-11-13,1.20089
1991-11-14,1.201841
1991-11-15,1.228844
1991-11-18,1.239475
1991-11-19,1.283696
1991-11-20,1.293459
1991-11-21,1.322045
1991-11-22,1.342312
1991-11-25,1.3495
1991-11-26,1.35265
1991-11-27,1.359311
1991-11-29,1.350999
1991-12-02,1.343566
1991-12-03,1.347667
1991-12-04,1.324381
1991-12-05,1.340764
1991-12-06,1.35533
1991-12-09,1.387954
1991-12-10,1.402573
1991-12-11,1.419348
1991-12-12,1.401361
1991-12-13,1.413158
1991-12-16,1.421387
1991-12-17,1.422485
1991-12-18,1.399539
1991-12-19,1.36896
1991-12-20,1.392706
1991-12-23,1.32717
1991-12-24,1.306608
1991-12-26,1.293561
1991-12-27,1.26784
1991-12-30,1.238381
1991-12-31,1.187311
1992-01-02,1.2721
1992-01-03,1.286611
1992-01-06,1.304566
1992-01-07,1.309201
1992-01-08,1.337152
1992-01-09,1.313564
1992-01-10,1.327417
1992-01-13,1.305452
1992-01-14,1.276753
1992-01-15,1.260151
1992-01-16,1.276886
1992-01-17,1.286233
1992-01-21,1.291434
1992-01-22,1.303928
1992-01-23,1.333463
1992-01-24,1.268679
1992-01-27,1.275177
1992-01-28,1.249935
1992-01-29,1.298505
1992-01-30,1.299278
1992-01-31,1.321932
1992-02-03,1.329618
1992-02-04,1.299273
1992-02-05,1.292868
1992-02-06,1.312414
1992-02-07,1.360162
1992-02-10,1.393165
1992-02-11,1.364744
1992-02-12,1.354386
1992-02-13,1.345552
1992-02-14,1.302152
1992-02-18,1.350501
1992-02-19,1.314856
1992-02-20,1.286994
1992-02-21,1.265038
1992-02-24,1.268976
1992-02-25,1.26532
1992-02-26,1.234402
1992-02-27,1.245364
1992-02-28,1.24925
1992-03-02,1.240396
1992-03-03,1.236293
1992-03-04,1.226297
1992-03-05,1.218132
1992-03-06,1.2322
1992-03-09,1.223168
1992-03-10,1.218052
1992-03-11,1.245433
1992-03-12,1.256723
1992-03-13,1.228425
1992-03-16,1.249034
1992-03-17,1.250719
1992-03-18,1.234966
1992-03-19,1.218489
1992-03-20,1.23852
1992-03-23,1.221329
1992-03-24,1.181533
1992-03-25,1.174137
1992-03-26,1.197763
1992-03-27,1.177942
1992-03-30,1.191644
1992-03-31,1.20509
1992-04-01,1.206329
1992-04-02,1.209898
1992-04-03,1.247369
1992-04-06,1.255898
1992-04-07,1.278204
1992-04-08,1.307978
1992-04-09,1.36246
1992-04-10,1.325968
1992-04-13,1.31274
1992-04-14,1.302619
1992-04-15,1.289358
1992-04-16,1.280188
1992-04-20,1.310109
1992-04-21,1.31652
1992-04-22,1.313337
1992-04-23,1.315604
1992-04-24,1.327254
1992-04-27,1.32596
1992-04-28,1.316535
1992-04-29,1.336192
1992-04-30,1.323753
1992-05-01,1.344156
1992-05-04,1.36276
1992-05-05,1.359502
1992-05-06,1.352966
1992-05-07,1.335252
1992-05-08,1.306966
1992-05-11,1.321833
1992-05-12,1.317537
1992-05-13,1.339043
1992-05-14,1.336585
1992-05-15,1.303716
1992-05-18,1.303828
1992-05-19,1.316953
1992-05-20,1.290814
1992-05-21,1.260902
1992-05-22,1.276416
1992-05-26,1.300058
1992-05-27,1.325588
1992-05-28,1.311286
1992-05-29,1.30021
1992-06-01,1.289539
1992-06-02,1.305492
1992-06-03,1.314496
1992-06-04,1.30995
1992-06-05,1.313558
1992-06-08,1.32072
1992-06-09,1.346483
1992-06-10,1.353086
1992-06-11,1.353961
1992-06-12,1.346292
1992-06-15,1.348875
1992-06-16,1.354926
1992-06-17,1.344637
1992-06-18,1.356102
1992-06-19,1.339106
1992-06-22,1.348776
1992-06-23,1.333296
1992-06-24,1.393727
1992-06-25,1.380412
1992-06-26,1.373206
1992-06-29,1.413506
1992-06-30,1.421389
1992-07-01,1.412301
1992-07-02,1.419
1992-07-06,1.442978
1992-07-07,1.485591
1992-07-08,1.506082
1992-07-09,1.496084
1992-07-10,1.517107
1992-07-13,1.544405
1992-07-14,1.590753
1992-07-15,1.608069
1992-07-16,1.583273
1992-07-17,1.612958
1992-07-20,1.586431
1992-07-21,1.560891
1992-07-22,1.537573
1992-07-23,1.506339
1992-07-24,1.50061
1992-07-27,1.444256
1992-07-28,1.409961
1992-07-29,1.390483
1992-07-30,1.392832
1992-07-31,1.340377
1992-08-03,1.341176
1992-08-04,1.357901
1992-08-05,1.375065
1992-08-06,1.398045
1992-08-07,1.407449
1992-08-10,1.420873
1992-08-11,1.388866
1992-08-12,1.356937
1992-08-13,1.416843
1992-08-14,1.415761
1992-08-17,1.460654
1992-08-18,1.455053
1992-08-19,1.455958
1992-08-20,1.457704
1992-08-21,1.458311
1992-08-24,1.473218
1992-08-25,1.469726
1992-08-26,1.459755
1992-08-27,1.464478
1992-08-28,1.49488
1992-08-31,1.497846
1992-09-01,1.486956
1992-09-02,1.476374
1992-09-03,1.471641
1992-09-04,1.487416
1992-09-08,1.461219
1992-09-09,1.469914
1992-09-10,1.468349
1992-09-11,1.492697
1992-09-14,1.5048
1992-09-15,1.512271
1992-09-16,1.525353
1992-09-17,1.532175
1992-09-18,1.526297
1992-09-21,1.50862
1992-09-22,1.546439
1992-09-23,1.570133
1992-09-24,1.556696
1992-09-25,1.558323
1992-09-28,1.545208
1992-09-29,1.55414
1992-09-30,1.542913
1992-10-01,1.534761
1992-10-02,1.532767
1992-10-05,1.544866
1992-10-06,1.566177
1992-10-07,1.569021
1992-10-08,1.5769
1992-10-09,1.533681
1992-10-13,1.539196
1992-10-14,1.50704
1992-10-15,1.5132
1992-10-16,1.535243
1992-10-19,1.473015
1992-10-20,1.439894
1992-10-21,1.4354
1992-10-22,1.423005
1992-10-23,1.266761
1992-10-26,1.295991
1992-10-27,1.318078
1992-10-28,1.320441
1992-10-29,1.318972
1992-10-30,1.286748
1992-11-02,1.288412
1992-11-03,1.3019
1992-11-04,1.309551
1992-11-05,1.287448
1992-11-06,1.334365
1992-11-09,1.292577
1992-11-10,1.282363
1992-11-12,1.277903
1992-11-13,1.245497
1992-11-16,1.226598
1992-11-17,1.230397
1992-11-18,1.242913
1992-11-19,1.238017
1992-11-20,1.241242
1992-11-23,1.227392
1992-11-24,1.200838
1992-11-25,1.209941
1992-11-27,1.20223
1992-11-30,1.228243
1992-12-01,1.244624
1992-12-02,1.215261
1992-12-03,1.213875
1992-12-04,1.224145
1992-12-07,1.17523
1992-12-08,1.181497
1992-12-09,1.176814
1992-12-10,1.166522
1992-12-11,1.239371
1992-12-14,1.221214
1992-12-15,1.214876
1992-12-16,1.193706
1992-12-21,1.153027
1992-12-22,1.133874
1992-12-23,1.130603
1992-12-24,1.135919
1992-12-28,1.076859
1992-12-29,1.055057
1992-12-30,1.0815
1993-01-04,1.086689
1993-01-05,1.083617
1993-01-06,1.10474
1993-01-07,1.178912
1993-01-08,1.174694
1993-01-11,1.205881
1993-01-12,1.216077
1993-01-13,1.222929
1993-01-14,1.180986
1993-01-15,1.131523
1993-01-19,1.159849
1993-01-21,1.12947
1993-01-22,1.140282
1993-01-25,1.081146
1993-01-26,1.137043
1993-01-27,1.127698
1993-01-28,1.136741
1993-01-29,1.156417
1993-02-01,1.173006
1993-02-02,1.177108
1993-02-03,1.172866
1993-02-04,1.149959
1993-02-05,1.147077
1993-02-08,1.136965
1993-02-09,1.148323
1993-02-10,1.182492
1993-02-11,1.138678
1993-02-12,1.115632
1993-02-16,1.13315
1993-02-17,1.114188
1993-02-18,1.109926
1993-02-19,1.105635
1993-02-22,1.084236
1993-02-23,1.064061
1993-02-24,1.060794
1993-02-25,1.055001
1993-02-26,1.057283
1993-03-01,1.004307
1993-03-02,1.0086
1993-03-03,0.99472
1993-03-04,0.96896
1993-03-05,0.994346
1993-03-08,0.993432
1993-03-09,0.981651
1993-03-10,1.001702
1993-03-11,0.991127
1993-03-12,1.027082
1993-03-15,1.026438
1993-03-16,1.001047
1993-03-17,1.014022
1993-03-18,1.008469
1993-03-19,1.007143
1993-03-22,0.984356
1993-03-23,0.989363
1993-03-24,1.014117
1993-03-25,1.030031
1993-03-26,1.050108
1993-03-29,1.032501
1993-03-30,1.056636
1993-03-31,1.085452
1993-04-01,1.113106
1993-04-02,1.134724
1993-04-05,1.119753
1993-04-06,1.090149
1993-04-07,1.089544
1993-04-08,1.034319
1993-04-12,1.021737
1993-04-13,0.995786
1993-04-14,0.970495
1993-04-15,0.978882
1993-04-16,1.000746
1993-04-20,1.021076
1993-04-21,1.009753
1993-04-22,0.990822
1993-04-23,1.041549
1993-04-26,1.031434
1993-04-27,1.040468
1993-04-28,1.051673
1993-04-29,1.027352
1993-05-03,1.050498
1993-05-04,1.032056
1993-05-05,1.038983
1993-05-06,1.030829
1993-05-07,1.073532
1993-05-10,1.036588
1993-05-11,1.053729
1993-05-12,1.063315
1993-05-13,1.097987
1993-05-14,1.127624
1993-05-17,1.103778
1993-05-18,1.119632
1993-05-19,1.119349
1993-05-20,1.124791
1993-05-21,1.152155
1993-05-24,1.119757
1993-05-25,1.113648
1993-05-26,1.085805
1993-05-27,1.076683
1993-05-28,1.094898
1993-06-01,1.050493
1993-06-02,1.045015
1993-06-03,1.041537
1993-06-04,1.037347
1993-06-07,1.067633
1993-06-08,1.083237
1993-06-09,1.071129
1993-06-10,1.075271
1993-06-11,1.01236
1993-06-14,1.010327
1993-06-15,1.022174
1993-06-16,1.023767
1993-06-17,1.019391
1993-06-18,1.007849
1993-06-21,0.985313
1993-06-22,0.988609
1993-06-23,0.98023
1993-06-24,0.970387
1993-06-25,0.971743
1993-06-28,0.946467
1993-06-29,0.952704
1993-06-30,0.953905
1993-07-01,0.967823
1993-07-02,0.972365
1993-07-06,0.965427
1993-07-07,0.967033
1993-07-08,0.95738
1993-07-09,0.94964
1993-07-12,0.940214
1993-07-13,0.922546
1993-07-14,0.9087
1993-07-15,0.898325
1993-07-16,0.892423
1993-07-19,0.887778
1993-07-20,0.872372
1993-07-21,0.894585
1993-07-22,0.907226
1993-07-23,0.92121
1993-07-26,0.922755
1993-07-27,0.919295
1993-07-28,0.911832
1993-07-29,0.895337
1993-07-30,0.893246
1993-08-02,0.880666
1993-08-03,0.875248
1993-08-04,0.889762
1993-08-05,0.902793
1993-08-06,0.879524
1993-08-09,0.854038
1993-08-10,0.845714
1993-08-11,0.844419
1993-08-12,0.847051
1993-08-13,0.825922
1993-08-16,0.833609
1993-08-17,0.841385
1993-08-18,0.835329
1993-08-19,0.835307
1993-08-20,0.862525
1993-08-23,0.510855
1993-08-24,0.845338
1993-08-25,0.837334
1993-08-26,0.7976
1993-08-30,0.787669
1993-08-31,0.780189
1993-09-01,0.781145
1993-09-02,0.774105
1993-09-03,0.753831
1993-09-07,0.726135
1993-09-08,0.719595
1993-09-09,0.757394
1993-09-10,0.733501
1993-09-13,0.72622
1993-09-14,0.761602
1993-09-15,0.776507
1993-09-16,0.782536
1993-09-17,0.787779
1993-09-20,0.808831
1993-09-21,0.835097
1993-09-22,0.82076
1993-09-23,0.801537
1993-09-24,0.80594
1993-09-27,0.769125
1993-09-28,0.754849
1993-09-29,0.770538
1993-09-30,0.785237
1993-10-01,0.766001
1993-10-04,0.769053
1993-10-05,0.769961
1993-10-06,0.774398
1993-10-07,0.778058
1993-10-08,0.738597
1993-10-12,0.73604
1993-10-13,0.734301
1993-10-14,0.716877
1993-10-15,0.688773
1993-10-18,0.717335
1993-10-19,0.712393
1993-10-20,0.705044
1993-10-21,0.742565
1993-10-22,0.772842
1993-10-25,0.780467
1993-10-26,0.770369
1993-10-27,0.7759
1993-10-29,0.7678
1993-11-01,0.785511
1993-11-02,0.828015
1993-11-03,0.833267
1993-11-04,0.855567
1993-11-05,0.86857
1993-11-08,0.873729
1993-11-09,0.836599
1993-11-10,0.84373
1993-11-12,0.830686
1993-11-15,0.843184
1993-11-16,0.842094
1993-11-17,0.843433
1993-11-18,0.86269
1993-11-19,0.901608
1993-11-22,0.916718
1993-11-23,0.892122
1993-11-24,0.888794
1993-11-26,0.870916
1993-11-29,0.856958
1993-11-30,0.879909
1993-12-01,0.871121
1993-12-02,0.859834
1993-12-03,0.844516
1993-12-06,0.816256
1993-12-07,0.810331
1993-12-08,0.810473
1993-12-09,0.805136
1993-12-10,0.840115
1993-12-13,0.857232
1993-12-14,0.880404
1993-12-15,0.881663
1993-12-16,0.895259
1993-12-17,0.890369
1993-12-20,0.888532
1993-12-21,0.901894
1993-12-22,0.860067
1993-12-23,0.852733
1993-12-27,0.849192
1993-12-28,0.858901
1993-12-29,0.862197
1993-12-30,0.873137
1993-12-31,0.912232
1994-01-03,0.907307
1994-01-04,0.895989
1994-01-05,0.918449
1994-01-06,0.898796
1994-01-07,0.863382
1994-01-10,0.85947
1994-01-11,0.858561
1994-01-12,0.83877
1994-01-13,0.871871
1994-01-14,0.892937
1994-01-18,0.881295
1994-01-20,0.869386
1994-01-21,0.868922
1994-01-24,0.878557
1994-01-25,0.885934
1994-01-26,0.882973
1994-01-27,0.860938
1994-01-28,0.84451
1994-01-31,0.845022
1994-02-01,0.8838
1994-02-02,0.874296
1994-02-03,0.871837
1994-02-04,0.909721
1994-02-07,0.839977
1994-02-08,0.855791
1994-02-09,0.846764
1994-02-10,0.85177
1994-02-11,0.847952
1994-02-14,0.849358
1994-02-15,0.854092
1994-02-16,0.863145
1994-02-17,0.893137
1994-02-18,0.927594
1994-02-22,0.912712
1994-02-23,0.927779
1994-02-24,0.980605
1994-02-25,0.987979
1994-02-28,1.00007
1994-03-01,1.025708
1994-03-02,1.009259
1994-03-03,0.998893
1994-03-04,1.009949
1994-03-07,1.007621
1994-03-08,0.994488
1994-03-09,1.013109
1994-03-10,1.074291
1994-03-11,1.018382
1994-03-14,1.041759
1994-03-15,1.015945
1994-03-16,1.007755
1994-03-17,1.006324
1994-03-18,1.027186
1994-03-21,1.00441
1994-03-22,0.97206
1994-03-23,0.997284
1994-03-24,1.043993
1994-03-25,1.054394
1994-03-28,1.051624
1994-03-29,1.10744
1994-03-30,1.099752
1994-03-31,1.112466
1994-04-04,1.257122
1994-04-05,1.180598
1994-04-06,1.177595
1994-04-07,1.187188
1994-04-08,1.177012
1994-04-11,1.15818
1994-04-12,1.178703
1994-04-13,1.219823
1994-04-14,1.252114
1994-04-15,1.231273
1994-04-18,1.252192
1994-04-19,1.2285
1994-04-20,1.231011
1994-04-21,1.154755
1994-04-22,1.160519
1994-04-25,1.099377
1994-04-26,1.113218
1994-04-28,1.139213
1994-04-29,1.193588
1994-05-02,1.200249
1994-05-03,1.154178
1994-05-04,1.14024
1994-05-05,1.157549
1994-05-06,1.20136
1994-05-09,1.235615
1994-05-10,1.16402
1994-05-11,1.220567
1994-05-12,1.240442
1994-05-13,1.259651
1994-05-16,1.23068
1994-05-17,1.154727
1994-05-18,1.124401
1994-05-19,1.092038
1994-05-20,1.091867
1994-05-23,1.153795
1994-05-24,1.130766
1994-05-25,1.143096
1994-05-26,1.192795
1994-05-27,1.183266
1994-05-31,1.22271
1994-06-01,1.214683
1994-06-02,1.1949
1994-06-03,1.143107
1994-06-06,1.075839
1994-06-07,1.088414
1994-06-08,1.094169
1994-06-09,1.115358
1994-06-10,1.14916
1994-06-13,1.103246
1994-06-14,1.110757
1994-06-15,1.158707
1994-06-16,1.129426
1994-06-17,1.167594
1994-06-20,1.155383
1994-06-21,1.20384
1994-06-22,1.127559
1994-06-23,1.159575
1994-06-24,1.204147
1994-06-27,1.183981
1994-06-28,1.2352
1994-06-29,1.243816
1994-06-30,1.29796
1994-07-01,1.265457
1994-07-05,1.213774
1994-07-06,1.239078
1994-07-07,1.23426
1994-07-11,1.252195
1994-07-12,1.231053
1994-07-13,1.226435
1994-07-14,1.168379
1994-07-15,1.186311
1994-07-18,1.143291
1994-07-19,1.151821
1994-07-20,1.170692
1994-07-21,1.165078
1994-07-22,1.185418
1994-07-25,1.142992
1994-07-26,1.167386
1994-07-27,1.175864
1994-07-28,1.185411
1994-07-29,1.134873
1994-08-01,1.139497
1994-08-02,1.10426
1994-08-03,1.107979
1994-08-04,1.127758
1994-08-05,1.158403
1994-08-08,1.143852
1994-08-09,1.163812
1994-08-10,1.165357
1994-08-11,1.194375
1994-08-12,1.238938
1994-08-15,1.165352
1994-08-16,1.125873
1994-08-17,1.10636
1994-08-18,1.126187
1994-08-19,1.123793
1994-08-22,1.148998
1994-08-23,1.145028
1994-08-24,1.121189
1994-08-25,1.145963
1994-08-26,1.137848
1994-08-29,1.129876
1994-08-30,1.105177
1994-08-31,1.10262
1994-09-01,1.07933
1994-09-02,1.097207
1994-09-06,1.129327
1994-09-07,1.149561
1994-09-08,1.148426
1994-09-09,1.20296
1994-09-12,1.190051
1994-09-13,1.193962
1994-09-14,1.175385
1994-09-15,1.183062
1994-09-16,1.23933
1994-09-19,1.214834
1994-09-20,1.213265
1994-09-21,1.233565
1994-09-22,1.214252
1994-09-23,1.202385
1994-09-26,1.178717
1994-09-27,1.172969
1994-09-28,1.19155
1994-09-29,1.19401
1994-09-30,1.186717
1994-10-03,1.157261
1994-10-04,1.178692
1994-10-05,1.193088
1994-10-06,1.178909
1994-10-11,1.149494
1994-10-12,1.172891
1994-10-13,1.164499
1994-10-14,1.175052
1994-10-17,1.184322
1994-10-18,1.186567
1994-10-19,1.23306
1994-10-20,1.228944
1994-10-21,1.229936
1994-10-24,1.204821
1994-10-25,1.202615
1994-10-26,1.243564
1994-10-27,1.236084
1994-10-28,1.23569
1994-10-31,1.208931
1994-11-01,1.235853
1994-11-02,1.25168
1994-11-03,1.241826
1994-11-04,1.257134
1994-11-07,1.234146
1994-11-08,1.241966
1994-11-09,1.219359
1994-11-10,1.200576
1994-11-14,1.208956
1994-11-15,1.165634
1994-11-16,1.200341
1994-11-17,1.200825
1994-11-18,1.160959
1994-11-21,1.167537
1994-11-22,1.170652
1994-11-23,1.089972
1994-11-25,1.096686
1994-11-28,1.123009
1994-11-29,1.177958
1994-11-30,1.139191
1994-12-01,1.139457
1994-12-02,1.085434
1994-12-05,1.021573
1994-12-06,0.979307
1994-12-07,1.012404
1994-12-08,1.000196
1994-12-09,1.045498
1994-12-12,1.078303
1994-12-13,1.074489
1994-12-14,1.029669
1994-12-15,0.954782
1994-12-16,0.957982
1994-12-19,0.966497
1994-12-20,0.990274
1994-12-21,0.960079
1994-12-22,1.059972
1994-12-23,1.028469
1994-12-27,0.99298
1994-12-28,0.999807
1994-12-29,0.987657
1994-12-30,0.983603
1995-01-03,0.983387
1995-01-04,0.95217
1995-01-05,0.985421
1995-01-06,0.951771
1995-01-09,0.999016
1995-01-10,0.984371
1995-01-11,0.999309
1995-01-12,1.016494
1995-01-13,1.02791
1995-01-17,0.953563
1995-01-18,0.953105
1995-01-19,1.004033
1995-01-20,1.01273
1995-01-23,0.980555
1995-01-24,1.000928
1995-01-25,0.996321
1995-01-26,0.971371
1995-01-27,0.923673
1995-01-30,0.907145
1995-01-31,0.886002
1995-02-01,0.941933
1995-02-02,0.953461
1995-02-03,0.919851
1995-02-06,0.886538
1995-02-07,0.92276
1995-02-08,0.913986
1995-02-09,0.918698
1995-02-10,0.962098
1995-02-13,0.957651
1995-02-14,0.944249
1995-02-16,0.92216
1995-02-17,0.894354
1995-02-21,0.912729
1995-02-22,0.860351
1995-02-23,0.899267
1995-02-24,0.905224
1995-02-27,0.874948
1995-02-28,0.839757
1995-03-01,0.818334
1995-03-02,0.840108
1995-03-03,0.865772
1995-03-06,0.910569
1995-03-07,0.917866
1995-03-08,0.851279
1995-03-09,0.834936
1995-03-10,0.820843
1995-03-13,0.801187
1995-03-14,0.712062
1995-03-15,0.750806
1995-03-16,0.733146
1995-03-17,0.739069
1995-03-21,0.786865
1995-03-22,0.814632
1995-03-23,0.81427
1995-03-24,0.785729
1995-03-27,0.739731
1995-03-28,0.769185
1995-03-29,0.776115
1995-03-30,0.809648
1995-03-31,0.817244
1995-04-03,0.805073
1995-04-04,0.76326
1995-04-05,0.773299
1995-04-06,0.791257
1995-04-07,0.786298
1995-04-10,0.769869
1995-04-11,0.768054
1995-04-12,0.745158
1995-04-13,0.746491
1995-04-17,0.745973
1995-04-18,0.774124
1995-04-19,0.763224
1995-04-20,0.740051
1995-04-21,0.737397
1995-04-24,0.716394
1995-04-25,0.723161
1995-04-26,0.712291
1995-04-27,0.724068
1995-04-28,0.727474
1995-05-01,0.727634
1995-05-02,0.745241
1995-05-03,0.702041
1995-05-04,0.672463
1995-05-05,0.621795
1995-05-08,0.609471
1995-05-09,0.578189
1995-05-10,0.580607
1995-05-11,0.571644
1995-05-12,0.566363
1995-05-15,0.552861
1995-05-16,0.520825
1995-05-17,0.51306
1995-05-18,0.530927
1995-05-19,0.532103
1995-05-22,0.534854
1995-05-23,0.523059
1995-05-24,0.496108
1995-05-25,0.490053
1995-05-26,0.501206
1995-05-30,0.482007
1995-05-31,0.489349
1995-06-01,0.401295
1995-06-02,0.369979
1995-06-05,0.356489
1995-06-06,0.384981
1995-06-07,0.355079
1995-06-08,0.352567
1995-06-09,0.476596
1995-06-12,0.484143
1995-06-13,0.407451
1995-06-14,0.415246
1995-06-15,0.400933
1995-06-16,0.419233
1995-06-19,0.389651
1995-06-20,0.39879
1995-06-21,0.458931
1995-06-22,0.3782
1995-06-23,0.381626
1995-06-26,0.446092
1995-06-27,0.448345
1995-06-28,0.435357
1995-06-29,0.498054
1995-06-30,0.500028
1995-07-03,0.503824
1995-07-05,0.489695
1995-07-06,0.467883
1995-07-07,0.394792
1995-07-10,0.449938
1995-07-11,0.46301
1995-07-12,0.462501
1995-07-13,0.463593
1995-07-14,0.456709
1995-07-17,0.476289
1995-07-18,0.512564
1995-07-19,0.572184
1995-07-20,0.566243
1995-07-21,0.598242
1995-07-24,0.561355
1995-07-25,0.550154
1995-07-26,0.562424
1995-07-27,0.550424
1995-07-28,0.575935
1995-07-31,0.56235
1995-08-01,0.579579
1995-08-02,0.565217
1995-08-03,0.578249
1995-08-04,0.572308
1995-08-07,0.571485
1995-08-08,0.566382
1995-08-09,0.581972
1995-08-10,0.594405
1995-08-11,0.618892
1995-08-14,0.64836
1995-08-15,0.613496
1995-08-16,0.601282
1995-08-17,0.617802
1995-08-18,0.601865
1995-08-21,0.588573
1995-08-22,0.59653
1995-08-23,0.608473
1995-08-24,0.584367
1995-08-25,0.549042
1995-08-28,0.524627
1995-08-29,0.517801
1995-08-30,0.531237
1995-08-31,0.51328
1995-09-01,0.502156
1995-09-05,0.476375
1995-09-06,0.480001
1995-09-07,0.482604
1995-09-08,0.473181
1995-09-11,0.480745
1995-09-12,0.459597
1995-09-13,0.470421
1995-09-14,0.455945
1995-09-15,0.454119
1995-09-18,0.474382
1995-09-19,0.476848
1995-09-20,0.459058
1995-09-21,0.482839
1995-09-22,0.513612
1995-09-25,0.506339
1995-09-26,0.495532
1995-09-27,0.524205
1995-09-28,0.504387
1995-09-29,0.469992
1995-10-02,0.462501
1995-10-03,0.446191
1995-10-04,0.433165
1995-10-05,0.425604
1995-10-06,0.418885
1995-10-10,0.41169
1995-10-11,0.39762
1995-10-12,0.391143
1995-10-13,0.347613
1995-10-16,0.354922
1995-10-17,0.353678
1995-10-18,0.360606
1995-10-19,0.356058
1995-10-20,0.362076
1995-10-23,0.376692
1995-10-24,0.354183
1995-10-25,0.354663
1995-10-26,0.400349
1995-10-27,0.379999
1995-10-30,0.391252
1995-10-31,0.37451
1995-11-01,0.324586
1995-11-02,0.296772
1995-11-03,0.293945
1995-11-06,0.294796
1995-11-07,0.298451
1995-11-08,0.280003
1995-11-09,0.303518
1995-11-10,0.309745
1995-11-13,0.286479
1995-11-14,0.287
1995-11-15,0.304843
1995-11-16,0.274153
1995-11-17,0.315358
1995-11-20,0.28996
1995-11-21,0.309593
1995-11-22,0.32009
1995-11-24,0.323679
1995-11-27,0.294907
1995-11-28,0.27953
1995-11-29,0.270015
1995-11-30,0.268928
1995-12-01,0.256186
1995-12-04,0.239508
1995-12-05,0.200811
1995-12-06,0.195221
1995-12-07,0.223368
1995-12-08,0.26363
1995-12-11,0.215655
1995-12-12,0.217097
1995-12-13,0.226121
1995-12-14,0.242437
1995-12-15,0.248662
1995-12-18,0.277676
1995-12-19,0.263792
1995-12-20,0.261475
1995-12-21,0.273626
1995-12-22,0.266513
1995-12-26,0.265346
1995-12-27,0.260119
1995-12-28,0.246577
1995-12-29,0.242711
1996-01-02,0.240958
1996-01-03,0.306358
1996-01-04,0.28463
1996-01-05,0.296126
1996-01-08,0.259948
1996-01-09,0.271283
1996-01-10,0.321358
1996-01-11,0.321191
1996-01-12,0.311939
1996-01-16,0.28513
1996-01-17,0.248094
1996-01-18,0.243392
1996-01-19,0.242984
1996-01-22,0.258986
1996-01-23,0.267122
1996-01-24,0.264525
1996-01-25,0.26471
1996-01-26,0.253595
1996-01-29,0.27059
1996-01-30,0.262389
1996-01-31,0.271827
1996-02-01,0.29027
1996-02-02,0.329101
1996-02-05,0.306839
1996-02-06,0.320812
1996-02-07,0.332706
1996-02-08,0.349894
1996-02-09,0.363992
1996-02-12,0.345675
1996-02-13,0.342376
1996-02-14,0.349527
1996-02-15,0.375726
1996-02-16,0.433117
1996-02-20,0.57147
1996-02-21,0.539707
1996-02-22,0.524843
1996-02-23,0.569136
1996-02-26,0.562481
1996-02-27,0.589068
1996-02-28,0.587717
1996-02-29,0.579207
1996-03-01,0.557995
1996-03-04,0.54865
1996-03-05,0.544308
1996-03-06,0.591998
1996-03-07,0.572272
1996-03-08,0.694164
1996-03-11,0.689965
1996-03-12,0.693309
1996-03-13,0.716558
1996-03-14,0.741024
1996-03-15,0.745585
1996-03-18,0.682278
1996-03-19,0.715215
1996-03-20,0.705643
1996-03-21,0.707425
1996-03-22,0.683831
1996-03-25,0.639905
1996-03-26,0.623106
1996-03-27,0.686573
1996-03-28,0.702218
1996-03-29,0.713224
1996-04-01,0.664839
1996-04-02,0.650855
1996-04-03,0.658279
1996-04-04,0.719014
1996-04-05,0.789978
1996-04-08,0.805517
1996-04-09,0.819787
1996-04-10,0.823844
1996-04-11,0.838982
1996-04-12,1.023348
1996-04-15,0.796046
1996-04-16,0.778358
1996-04-17,0.798323
1996-04-18,0.793453
1996-04-19,0.810326
1996-04-22,0.733205
1996-04-23,0.754101
1996-04-24,0.75329
1996-04-25,0.777838
1996-04-26,0.729158
1996-04-29,0.787904
1996-04-30,0.803782
1996-05-01,0.845
1996-05-02,0.893233
1996-05-03,0.931418
1996-05-06,0.915031
1996-05-07,0.91432
1996-05-08,0.896961
1996-05-09,0.881508
1996-05-10,0.826774
1996-05-13,0.784887
1996-05-14,0.790348
1996-05-15,0.81203
1996-05-16,0.816882
1996-05-17,0.800293
1996-05-20,0.772182
1996-05-21,0.776875
1996-05-22,0.784624
1996-05-23,0.762908
1996-05-24,0.757064
1996-05-28,0.750446
1996-05-29,0.777902
1996-05-30,0.809694
1996-05-31,0.841794
1996-06-03,0.879455
1996-06-04,0.859663
1996-06-05,0.841983
1996-06-06,0.807043
1996-06-07,0.893097
1996-06-10,0.888783
1996-06-11,0.91207
1996-06-12,0.931695
1996-06-13,0.904597
1996-06-14,0.890156
1996-06-17,0.864509
1996-06-18,0.854664
1996-06-19,0.878864
1996-06-20,0.887758
1996-06-21,0.89594
1996-06-24,0.87073
1996-06-25,0.840278
1996-06-26,0.834767
1996-06-27,0.811243
1996-06-28,0.784446
1996-07-01,0.763511
1996-07-02,0.748777
1996-07-03,0.792733
1996-07-05,0.894142
1996-07-08,0.897008
1996-07-09,0.868355
1996-07-10,0.818487
1996-07-11,0.831804
1996-07-12,0.805979
1996-07-15,0.817686
1996-07-16,0.816243
1996-07-17,0.760815
1996-07-18,0.719654
1996-07-19,0.770832
1996-07-22,0.758516
1996-07-23,0.802347
1996-07-24,0.790177
1996-07-25,0.800452
1996-07-26,0.793374
1996-07-29,0.797596
1996-07-30,0.777503
1996-07-31,0.718344
1996-08-01,0.688051
1996-08-02,0.653865
1996-08-05,0.618027
1996-08-06,0.622249
1996-08-07,0.638893
1996-08-08,0.654992
1996-08-09,0.668226
1996-08-12,0.651125
1996-08-13,0.667278
1996-08-14,0.684147
1996-08-15,0.705059
1996-08-16,0.700435
1996-08-19,0.698305
1996-08-20,0.691451
1996-08-21,0.717227
1996-08-22,0.720782
1996-08-23,0.750607
1996-08-27,0.819717
1996-08-28,0.835859
1996-08-29,0.854309
1996-08-30,0.934991
1996-09-03,0.83729
1996-09-04,0.841554
1996-09-05,0.90409
1996-09-06,0.883279
1996-09-09,0.828297
1996-09-10,0.847584
1996-09-11,0.837934
1996-09-12,0.822042
1996-09-13,0.785581
1996-09-16,0.776371
1996-09-17,0.789906
1996-09-18,0.778937
1996-09-19,0.781079
1996-09-20,0.782884
1996-09-23,0.765871
1996-09-24,0.804625
1996-09-25,0.799598
1996-09-26,0.768092
1996-09-27,0.795266
1996-09-30,0.766464
1996-10-01,0.737875
1996-10-02,0.727463
1996-10-03,0.72031
1996-10-04,0.660279
1996-10-07,0.665286
1996-10-08,0.65558
1996-10-09,0.671415
1996-10-10,0.720418
1996-10-11,0.692267
1996-10-15,0.702057
1996-10-16,0.665695
1996-10-17,0.642749
1996-10-18,0.619745
1996-10-21,0.624753
1996-10-22,0.65279
1996-10-23,0.62779
1996-10-24,0.643622
1996-10-25,0.613543
1996-10-28,0.618023
1996-10-29,0.566778
1996-10-30,0.558428
1996-10-31,0.54511
1996-11-01,0.557774
1996-11-04,0.544894
1996-11-05,0.52238
1996-11-06,0.533117
1996-11-07,0.50288
1996-11-08,0.50334
1996-11-12,0.476328
1996-11-13,0.484018
1996-11-14,0.595178
1996-11-15,0.478021
1996-11-18,0.484133
1996-11-19,0.4666
1996-11-20,0.459468
1996-11-21,0.467143
1996-11-22,0.481295
1996-11-25,0.477502
1996-11-26,0.481812
1996-11-27,0.486363
1996-11-29,0.464111
1996-12-02,0.462356
1996-12-03,0.465881
1996-12-04,0.492222
1996-12-05,0.573036
1996-12-06,0.562969
1996-12-09,0.581842
1996-12-10,0.535861
1996-12-11,0.586457
1996-12-12,0.630599
1996-12-13,0.610632
1996-12-16,0.633083
1996-12-17,0.590311
1996-12-18,0.59317
1996-12-19,0.558132
1996-12-20,0.533928
1996-12-23,0.518745
1996-12-24,0.523471
1996-12-26,0.523847
1996-12-27,0.497388
1996-12-30,0.489607
1996-12-31,0.545147
1997-01-02,0.618112
1997-01-03,0.599848
1997-01-06,0.615424
1997-01-07,0.636235
1997-01-08,0.64415
1997-01-09,0.606805
1997-01-10,0.668261
1997-01-13,0.67009
1997-01-14,0.611365
1997-01-15,0.635533
1997-01-16,0.651755
1997-01-17,0.62718
1997-01-21,0.600708
1997-01-22,0.619581
1997-01-23,0.641745
1997-01-24,0.67963
1997-01-27,0.696534
1997-01-28,0.657181
1997-01-29,0.644662
1997-01-30,0.620846
1997-01-31,0.597723
1997-02-03,0.580603
1997-02-04,0.567631
1997-02-05,0.590848
1997-02-06,0.601077
1997-02-07,0.578717
1997-02-10,0.575891
1997-02-11,0.582699
1997-02-13,0.563582
1997-02-14,0.549038
1997-02-18,0.547461
1997-02-19,0.556178
1997-02-20,0.593478
1997-02-21,0.593857
1997-02-24,0.593815
1997-02-25,0.606455
1997-02-26,0.661215
1997-02-27,0.640457
1997-02-28,0.615298
1997-03-03,0.642498
1997-03-04,0.654642
1997-03-05,0.660454
1997-03-06,0.668435
1997-03-07,0.644844
1997-03-10,0.646743
1997-03-11,0.644629
1997-03-12,0.659024
1997-03-13,0.682491
1997-03-14,0.670007
1997-03-17,0.677919
1997-03-18,0.65965
1997-03-19,0.666751
1997-03-20,0.660159
1997-03-21,0.649295
1997-03-24,0.646817
1997-03-25,0.638942
1997-03-26,0.665619
1997-03-27,0.750096
1997-03-31,0.740803
1997-04-01,0.772179
1997-04-02,0.752188
1997-04-03,0.765707
1997-04-04,0.764038
1997-04-07,0.726864
1997-04-08,0.761424
1997-04-09,0.766076
1997-04-10,0.760585
1997-04-11,0.80459
1997-04-14,0.802373
1997-04-15,0.730708
1997-04-16,0.746901
1997-04-17,0.728284
1997-04-18,0.730761
1997-04-21,0.771053
1997-04-22,0.787715
1997-04-23,0.782421
1997-04-24,0.793591
1997-04-25,0.769061
1997-04-28,0.742776
1997-04-29,0.703552
1997-04-30,0.682872
1997-05-01,0.718464
1997-05-02,0.687778
1997-05-05,0.656027
1997-05-06,0.663312
1997-05-07,0.701018
1997-05-08,0.684779
1997-05-09,0.665397
1997-05-12,0.662402
1997-05-13,0.665652
1997-05-14,0.69462
1997-05-15,0.707584
1997-05-16,0.70027
1997-05-19,0.647067
1997-05-20,0.666379
1997-05-21,0.721006
1997-05-22,0.731307
1997-05-23,0.734516
1997-05-27,0.714749
1997-05-28,0.761035
1997-05-29,0.741396
1997-05-30,0.726471
1997-06-02,0.757896
1997-06-03,0.735029
1997-06-04,0.705353
1997-06-05,0.676417
1997-06-06,0.618142
1997-06-09,0.636329
1997-06-10,0.63894
1997-06-11,0.662186
1997-06-12,0.620166
1997-06-13,0.609184
1997-06-16,0.590783
1997-06-17,0.618214
1997-06-18,0.601594
1997-06-19,0.588409
1997-06-20,0.587887
1997-06-23,0.583061
1997-06-24,0.582658
1997-06-25,0.591365
1997-06-26,0.609057
1997-06-27,0.623791
1997-06-30,0.616028
1997-07-01,0.591093
1997-07-02,0.577819
1997-07-03,0.531782
1997-07-07,0.517519
1997-07-08,0.504637
1997-07-09,0.49852
1997-07-10,0.493174
1997-07-11,0.492454
1997-07-14,0.507501
1997-07-15,0.501092
1997-07-16,0.456561
1997-07-17,0.452472
1997-07-18,0.459847
1997-07-21,0.478992
1997-07-22,0.431042
1997-07-23,0.428624
1997-07-24,0.433404
1997-07-25,0.436396
1997-07-28,0.430257
1997-07-29,0.411352
1997-07-30,0.381413
1997-07-31,0.375099
1997-08-01,0.441905
1997-08-04,0.438776
1997-08-05,0.447212
1997-08-06,0.433386
1997-08-07,0.450748
1997-08-08,0.545995
1997-08-11,0.553425
1997-08-12,0.540358
1997-08-13,0.506994
1997-08-14,0.47675
1997-08-15,0.482115
1997-08-18,0.469826
1997-08-19,0.461816
1997-08-20,0.478316
1997-08-21,0.5197
1997-08-22,0.548023
1997-08-25,0.551441
1997-08-26,0.591259
1997-08-27,0.564711
1997-08-28,0.512322
1997-08-29,0.550359
1997-09-02,0.536312
1997-09-03,0.553693
1997-09-04,0.567151
1997-09-05,0.58037
1997-09-08,0.578233
1997-09-09,0.595892
1997-09-10,0.619786
1997-09-11,0.636425
1997-09-12,0.604265
1997-09-15,0.584621
1997-09-16,0.502641
1997-09-17,0.503078
1997-09-18,0.495406
1997-09-19,0.492001
1997-09-22,0.476468
1997-09-23,0.496111
1997-09-24,0.485332
1997-09-25,0.526916
1997-09-26,0.45078
1997-09-29,0.468375
1997-09-30,0.452735
1997-10-01,0.435276
1997-10-02,0.42033
1997-10-03,0.429009
1997-10-06,0.439477
1997-10-07,0.447079
1997-10-08,0.500445
1997-10-09,0.50985
1997-10-10,0.533034
1997-10-14,0.497347
1997-10-15,0.522471
1997-10-16,0.521011
1997-10-17,0.546987
1997-10-20,0.520935
1997-10-21,0.509839
1997-10-22,0.505971
1997-10-23,0.447111
1997-10-24,0.439463
1997-10-27,0.392009
1997-10-28,0.397837
1997-10-29,0.380334
1997-10-30,0.358421
1997-10-31,0.341383
1997-11-03,0.361593
1997-11-04,0.377132
1997-11-05,0.351788
1997-11-06,0.337512
1997-11-07,0.316805
1997-11-10,0.313537
1997-11-12,0.300467
1997-11-13,0.303908
1997-11-14,0.297151
1997-11-17,0.297174
1997-11-18,0.287106
1997-11-19,0.266331
1997-11-20,0.270462
1997-11-21,0.27262
1997-11-24,0.274087
1997-11-25,0.266881
1997-11-26,0.273641
1997-11-28,0.269282
1997-12-01,0.310696
1997-12-02,0.308337
1997-12-03,0.276798
1997-12-04,0.24683
1997-12-05,0.257598
1997-12-08,0.268664
1997-12-09,0.275916
1997-12-10,0.260745
1997-12-11,0.246681
1997-12-12,0.21917
1997-12-15,0.213157
1997-12-16,0.211235
1997-12-17,0.216313
1997-12-18,0.19591
1997-12-19,0.179735
1997-12-22,0.162717
1997-12-23,0.1685
1997-12-24,0.17744
1997-12-26,0.176719
1997-12-29,0.190163
1997-12-30,0.223297
1997-12-31,0.217299
1998-01-02,0.193852
1998-01-05,0.170974
1998-01-06,0.159586
1998-01-07,0.191536
1998-01-08,0.195093
1998-01-09,0.182717
1998-01-12,0.133652
1998-01-13,0.137053
1998-01-14,0.153299
1998-01-15,0.161977
1998-01-16,0.199499
1998-01-20,0.214787
1998-01-21,0.211712
1998-01-22,0.237974
1998-01-23,0.273455
1998-01-26,0.246502
1998-01-27,0.248608
1998-01-28,0.254921
1998-01-29,0.228077
1998-01-30,0.218338
1998-02-02,0.233168
1998-02-03,0.232636
1998-02-04,0.237823
1998-02-05,0.249985
1998-02-06,0.250902
1998-02-09,0.258178
1998-02-10,0.249665
1998-02-11,0.215763
1998-02-12,0.223163
1998-02-13,0.217179
1998-02-17,0.196896
1998-02-18,0.20911
1998-02-19,0.213865
1998-02-20,0.219191
1998-02-23,0.22011
1998-02-24,0.236364
1998-02-25,0.243388
1998-02-26,0.23484
1998-02-27,0.224486
1998-03-02,0.261786
1998-03-03,0.274161
1998-03-04,0.277409
1998-03-05,0.28701
1998-03-06,0.271837
1998-03-09,0.250808
1998-03-10,0.255262
1998-03-11,0.245406
1998-03-12,0.213411
1998-03-13,0.22138
1998-03-16,0.199309
1998-03-17,0.214814
1998-03-18,0.225301
1998-03-19,0.227313
1998-03-20,0.220043
1998-03-23,0.216446
1998-03-24,0.208223
1998-03-25,0.233736
1998-03-26,0.240366
1998-03-27,0.239812
1998-03-30,0.251791
1998-03-31,0.248562
1998-04-01,0.243593
1998-04-02,0.233224
1998-04-03,0.187541
1998-04-06,0.19279
1998-04-07,0.209146
1998-04-08,0.237072
1998-04-09,0.223278
1998-04-13,0.24783
1998-04-14,0.253721
1998-04-15,0.299659
1998-04-16,0.29335
1998-04-17,0.290695
1998-04-20,0.315649
1998-04-21,0.347285
1998-04-22,0.354805
1998-04-23,0.345047
1998-04-24,0.32251
1998-04-27,0.373074
1998-04-28,0.390074
1998-04-29,0.401075
1998-04-30,0.362721
1998-05-01,0.33979
1998-05-04,0.330467
1998-05-05,0.335581
1998-05-06,0.314176
1998-05-07,0.321092
1998-05-08,0.333519
1998-05-11,0.36112
1998-05-12,0.308482
1998-05-13,0.301634
1998-05-14,0.318145
1998-05-15,0.289712
1998-05-18,0.234257
1998-05-19,0.295841
1998-05-20,0.254145
1998-05-21,0.240307
1998-05-22,0.219574
1998-05-26,0.256089
1998-05-27,0.259994
1998-05-28,0.246014
1998-05-29,0.24356
1998-06-01,0.227855
1998-06-02,0.234304
1998-06-03,0.207527
1998-06-04,0.252499
1998-06-05,0.216283
1998-06-08,0.212053
1998-06-09,0.221148
1998-06-10,0.175551
1998-06-11,0.145169
1998-06-12,0.173854
1998-06-15,0.150184
1998-06-16,0.175405
1998-06-17,0.201157
1998-06-18,0.193894
1998-06-19,0.205212
1998-06-22,0.172529
1998-06-23,0.212415
1998-06-24,0.20639
1998-06-25,0.224229
1998-06-26,0.208295
1998-06-29,0.207234
1998-06-30,0.210508
1998-07-01,0.216036
1998-07-02,0.183033
1998-07-06,0.184606
1998-07-07,0.168513
1998-07-08,0.169413
1998-07-09,0.163894
1998-07-10,0.167168
1998-07-13,0.172109
1998-07-14,0.189944
1998-07-15,0.187223
1998-07-16,0.192159
1998-07-17,0.197111
1998-07-20,0.196603
1998-07-21,0.176887
1998-07-22,0.204219
1998-07-23,0.179062
1998-07-24,0.174743
1998-07-27,0.188813
1998-07-28,0.201253
1998-07-29,0.211358
1998-07-30,0.218514
1998-07-31,0.217269
1998-08-03,0.189838
1998-08-04,0.156726
1998-08-05,0.156212
1998-08-06,0.175715
1998-08-07,0.165488
1998-08-10,0.147171
1998-08-11,0.139547
1998-08-12,0.147625
1998-08-13,0.162261
1998-08-14,0.1378
1998-08-17,0.153448
1998-08-18,0.163234
1998-08-19,0.160708
1998-08-20,0.137047
1998-08-21,0.134112
1998-08-24,0.142577
1998-08-25,0.145852
1998-08-26,0.192087
1998-08-27,0.11312
1998-08-28,0.115264
1998-08-31,0.090646
1998-09-01,0.114384
1998-09-02,0.101627
1998-09-03,0.08485
1998-09-04,0.075541
1998-09-08,0.11167
1998-09-09,0.104444
1998-09-10,0.089593
1998-09-11,0.09343
1998-09-14,0.104789
1998-09-15,0.117048
1998-09-16,0.099023
1998-09-17,0.092388
1998-09-18,0.090938
1998-09-21,0.077301
1998-09-22,0.079179
1998-09-23,0.096028
1998-09-24,0.112792
1998-09-25,0.113773
1998-09-28,0.124541
1998-09-29,0.099921
1998-09-30,0.088403
1998-10-01,0.08732
1998-10-02,0.06266
1998-10-05,0.040106
1998-10-06,0.050455
1998-10-07,0.100718
1998-10-08,0.208262
1998-10-09,0.29508
1998-10-13,0.29888
1998-10-14,0.238852
1998-10-15,0.239317
1998-10-16,0.269831
1998-10-19,0.279031
1998-10-20,0.30856
1998-10-21,0.29155
1998-10-22,0.299729
1998-10-23,0.303784
1998-10-26,0.243902
1998-10-27,0.240343
1998-10-28,0.251696
1998-10-29,0.238598
1998-10-30,0.24289
1998-11-02,0.255689
1998-11-03,0.249775
1998-11-04,0.243216
1998-11-05,0.230747
1998-11-06,0.245406
1998-11-09,0.1932
1998-11-10,0.188197
1998-11-12,0.187467
1998-11-13,0.181514
1998-11-16,0.189763
1998-11-17,0.209385
1998-11-18,0.165143
1998-11-19,0.159732
1998-11-20,0.145384
1998-11-23,0.18185
1998-11-24,0.159218
1998-11-25,0.148034
1998-11-27,0.141931
1998-11-30,0.116437
1998-12-01,0.142367
1998-12-02,0.144715
1998-12-03,0.147276
1998-12-04,0.143355
1998-12-07,0.135551
1998-12-08,0.118122
1998-12-09,0.101795
1998-12-10,0.103617
1998-12-11,0.131236
1998-12-14,0.131524
1998-12-15,0.142322
1998-12-16,0.143623
1998-12-17,0.140988
1998-12-18,0.134226
1998-12-21,0.150455
1998-12-22,0.181086
1998-12-23,0.180916
1998-12-24,0.181538
1998-12-28,0.156561
1998-12-29,0.138932
1998-12-30,0.151702
1998-12-31,0.156157
1999-01-04,0.268825
1999-01-05,0.287953
1999-01-06,0.253042
1999-01-07,0.301743
1999-01-08,0.333144
1999-01-11,0.352663
1999-01-12,0.331205
1999-01-13,0.313736
1999-01-14,0.255286
1999-01-15,0.285663
1999-01-19,0.304614
1999-01-20,0.327582
1999-01-21,0.313928
1999-01-22,0.286402
1999-01-25,0.278486
1999-01-26,0.263042
1999-01-27,0.279722
1999-01-28,0.26311
1999-01-29,0.256167
1999-02-01,0.28748
1999-02-02,0.32853
1999-02-03,0.29273
1999-02-04,0.321132
1999-02-05,0.328945
1999-02-08,0.346009
1999-02-09,0.335988
1999-02-10,0.34378
1999-02-11,0.327088
1999-02-12,0.41439
1999-02-16,0.389713
1999-02-17,0.379167
1999-02-18,0.372934
1999-02-19,0.379246
1999-02-22,0.343136
1999-02-23,0.370677
1999-02-24,0.412696
1999-02-25,0.433219
1999-02-26,0.403305
1999-03-01,0.457486
1999-03-02,0.436824
1999-03-03,0.474388
1999-03-04,0.464415
1999-03-05,0.428401
1999-03-08,0.436126
1999-03-09,0.425068
1999-03-10,0.423094
1999-03-11,0.425922
1999-03-12,0.407638
1999-03-15,0.394786
1999-03-16,0.389152
1999-03-17,0.412229
1999-03-18,0.418382
1999-03-19,0.449067
1999-03-22,0.451045
1999-03-23,0.436272
1999-03-24,0.425786
1999-03-25,0.479572
1999-03-26,0.467119
1999-03-29,0.470764
1999-03-30,0.449598
1999-03-31,0.469426
1999-04-01,0.512512
1999-04-05,0.488842
1999-04-06,0.462002
1999-04-07,0.456663
1999-04-08,0.431372
1999-04-09,0.438169
1999-04-12,0.472049
1999-04-13,0.505157
1999-04-14,0.490774
1999-04-15,0.486265
1999-04-16,0.500811
1999-04-19,0.506204
1999-04-20,0.479426
1999-04-21,0.480687
1999-04-22,0.495066
1999-04-23,0.492484
1999-04-26,0.472011
1999-04-27,0.458752
1999-04-28,0.452598
1999-04-29,0.433937
1999-04-30,0.496164
1999-05-03,0.460429
1999-05-04,0.48621
1999-05-05,0.483516
1999-05-06,0.518081
1999-05-07,0.510046
1999-05-10,0.503796
1999-05-11,0.518171
1999-05-12,0.525879
1999-05-13,0.493299
1999-05-14,0.567726
1999-05-17,0.54116
1999-05-18,0.519387
1999-05-19,0.496343
1999-05-20,0.519259
1999-05-21,0.504044
1999-05-24,0.505251
1999-05-25,0.489326
1999-05-26,0.501235
1999-05-27,0.526972
1999-06-01,0.546698
1999-06-02,0.553564
1999-06-03,0.564334
1999-06-04,0.573147
1999-06-07,0.543445
1999-06-08,0.571599
1999-06-09,0.577002
1999-06-10,0.62222
1999-06-11,0.616942
1999-06-14,0.604611
1999-06-15,0.602201
1999-06-16,0.594266
1999-06-17,0.566531
1999-06-18,0.554595
1999-06-21,0.597173
1999-06-22,0.649596
1999-06-23,0.668843
1999-06-24,0.666205
1999-06-25,0.641674
1999-06-28,0.61119
1999-06-29,0.63598
1999-06-30,0.664852
1999-07-01,0.678847
1999-07-02,0.658575
1999-07-06,0.664649
1999-07-07,0.664904
1999-07-08,0.63138
1999-07-09,0.612764
1999-07-13,0.555296
1999-07-14,0.570347
1999-07-15,0.584883
1999-07-16,0.582367
1999-07-19,0.583497
1999-07-20,0.574005
1999-07-22,0.639991
1999-07-23,0.651189
1999-07-26,0.619424
1999-07-27,0.60576
1999-07-28,0.585385
1999-07-29,0.58279
1999-07-30,0.616777
1999-08-02,0.627079
1999-08-03,0.570497
1999-08-04,0.588191
1999-08-05,0.599859
1999-08-06,0.615424
1999-08-09,0.629014
1999-08-10,0.642034
1999-08-11,0.644422
1999-08-12,0.696394
1999-08-13,0.678582
1999-08-16,0.699712
1999-08-17,0.687413
1999-08-18,0.66729
1999-08-19,0.675107
1999-08-20,0.626116
1999-08-23,0.600267
1999-08-24,0.606469
1999-08-25,0.578199
1999-08-26,0.575633
1999-08-27,0.612449
1999-08-30,0.66633
1999-08-31,0.672457
1999-09-01,0.659901
1999-09-02,0.682561
1999-09-03,0.643875
1999-09-07,0.686168
1999-09-08,0.677219
1999-09-09,0.683997
1999-09-10,0.666509
1999-09-13,0.693996
1999-09-14,0.738449
1999-09-15,0.743868
1999-09-16,0.718357
1999-09-17,0.698661
1999-09-20,0.718423
1999-09-21,0.733436
1999-09-22,0.734118
1999-09-23,0.686877
1999-09-24,0.655453
1999-09-27,0.689547
1999-09-28,0.714632
1999-09-29,0.740582
1999-09-30,0.694288
1999-10-01,0.784167
1999-10-04,0.764243
1999-10-05,0.789754
1999-10-06,0.751732
1999-10-07,0.728842
1999-10-08,0.748151
1999-10-12,0.73942
1999-10-13,0.773132
1999-10-14,0.80587
1999-10-15,0.780447
1999-10-18,0.786546
1999-10-19,0.819452
1999-10-20,0.823443
1999-10-21,0.840232
1999-10-22,0.830072
1999-10-25,0.810613
1999-10-26,0.816248
1999-10-27,0.773195
1999-10-28,0.741437
1999-10-29,0.698518
1999-11-01,0.710808
1999-11-02,0.674831
1999-11-03,0.685238
1999-11-04,0.659532
1999-11-05,0.626825
1999-11-08,0.593807
1999-11-09,0.586078
1999-11-10,0.593085
1999-11-12,0.592646
1999-11-15,0.549436
1999-11-16,0.527731
1999-11-17,0.585174
1999-11-18,0.638569
1999-11-19,0.622862
1999-11-22,0.64697
1999-11-23,0.665448
1999-11-24,0.679946
1999-11-26,0.689693
1999-11-29,0.715083
1999-11-30,0.702459
1999-12-01,0.753806
1999-12-02,0.749502
1999-12-03,0.708412
1999-12-06,0.712628
1999-12-07,0.702695
1999-12-08,0.714204
1999-12-09,0.680387
1999-12-10,0.645524
1999-12-13,0.648551
1999-12-14,0.701178
1999-12-15,0.731969
1999-12-16,0.790771
1999-12-17,0.738599
1999-12-20,0.770011
1999-12-21,0.795761
1999-12-22,0.787334
1999-12-23,0.789366
1999-12-27,0.758095
1999-12-28,0.773351
1999-12-29,0.783809
1999-12-30,0.769616
1999-12-31,0.767045
2000-01-03,0.79694
2000-01-04,0.788313
2000-01-05,0.830469
2000-01-06,0.780343
2000-01-07,0.782848
2000-01-10,0.778994
2000-01-11,0.807294
2000-01-12,0.815183
2000-01-13,0.756437
2000-01-14,0.746638
2000-01-18,0.735591
2000-01-19,0.727672
2000-01-20,0.723342
2000-01-21,0.70257
2000-01-24,0.716662
2000-01-25,0.700506
2000-01-26,0.656347
2000-01-27,0.617843
2000-01-28,0.581421
2000-01-31,0.626459
2000-02-01,0.614563
2000-02-02,0.600489
2000-02-03,0.592636
2000-02-04,0.579714
2000-02-07,0.567479
2000-02-08,0.510679
2000-02-09,0.56935
2000-02-10,0.573941
2000-02-11,0.56649
2000-02-14,0.540919
2000-02-15,0.565738
2000-02-16,0.54682
2000-02-17,0.502722
2000-02-18,0.460518
2000-02-22,0.417112
2000-02-23,0.44145
2000-02-24,0.407215
2000-02-25,0.440129
2000-02-28,0.416819
2000-02-29,0.417214
2000-03-01,0.460498
2000-03-02,0.428571
2000-03-03,0.382892
2000-03-06,0.426114
2000-03-07,0.422871
2000-03-08,0.438836
2000-03-09,0.446117
2000-03-10,0.453327
2000-03-13,0.440166
2000-03-14,0.413626
2000-03-15,0.398643
2000-03-16,0.389612
2000-03-17,0.377999
2000-03-20,0.368318
2000-03-21,0.352034
2000-03-22,0.356206
2000-03-23,0.362908
2000-03-24,0.387126
2000-03-27,0.390222
2000-03-28,0.397086
2000-03-29,0.406143
2000-03-30,0.376644
2000-03-31,0.341867
2000-04-03,0.335703
2000-04-04,0.329801
2000-04-05,0.314503
2000-04-06,0.305126
2000-04-07,0.277689
2000-04-10,0.291645
2000-04-11,0.316212
2000-04-12,0.324178
2000-04-13,0.326131
2000-04-14,0.286272
2000-04-17,0.325011
2000-04-18,0.325904
2000-04-19,0.291577
2000-04-20,0.312519
2000-04-24,0.350833
2000-04-25,0.339817
2000-04-26,0.36891
2000-04-27,0.386875
2000-04-28,0.358623
2000-05-01,0.347687
2000-05-02,0.37716
2000-05-03,0.399266
2000-05-04,0.458243
2000-05-05,0.44178
2000-05-08,0.454093
2000-05-09,0.434516
2000-05-10,0.418306
2000-05-11,0.423547
2000-05-12,0.411199
2000-05-15,0.395525
2000-05-16,0.374202
2000-05-17,0.41257
2000-05-18,0.451685
2000-05-19,0.427025
2000-05-22,0.416196
2000-05-23,0.41587
2000-05-24,0.430299
2000-05-25,0.363704
2000-05-26,0.378716
2000-05-30,0.411294
2000-05-31,0.403507
2000-06-01,0.346675
2000-06-02,0.341069
2000-06-05,0.30445
2000-06-06,0.281362
2000-06-07,0.282671
2000-06-08,0.291215
2000-06-09,0.288736
2000-06-12,0.292908
2000-06-13,0.212212
2000-06-14,0.305734
2000-06-15,0.341999
2000-06-16,0.325897
2000-06-19,0.34134
2000-06-20,0.347077
2000-06-21,0.379747
2000-06-22,0.361774
2000-06-23,0.377217
2000-06-26,0.365146
2000-06-27,0.343547
2000-06-28,0.344055
2000-06-29,0.294464
2000-06-30,0.322059
2000-07-03,0.262062
2000-07-05,0.264676
2000-07-06,0.263292
2000-07-07,0.288579
2000-07-10,0.2898
2000-07-11,0.262233
2000-07-12,0.223028
2000-07-13,0.180566
2000-07-14,0.212907
2000-07-17,0.257718
2000-07-18,0.260824
2000-07-19,0.266369
2000-07-20,0.210485
2000-07-21,0.182227
2000-07-24,0.171191
2000-07-25,0.178342
2000-07-26,0.185405
2000-07-27,0.141619
2000-07-28,0.170589
2000-07-31,0.154903
2000-08-01,0.123349
2000-08-02,0.133929
2000-08-03,0.122026
2000-08-04,0.080448
2000-08-07,0.077537
2000-08-08,0.094683
2000-08-09,0.079604
2000-08-10,0.095045
2000-08-11,0.111058
2000-08-14,0.084525
2000-08-15,0.094264
2000-08-16,0.133644
2000-08-17,0.114321
2000-08-18,0.085313
2000-08-21,0.097594
2000-08-22,0.091911
2000-08-23,0.085947
2000-08-24,0.06904
2000-08-25,0.066465
2000-08-28,0.068976
2000-08-29,0.116348
2000-08-30,0.100291
2000-08-31,0.077068
2000-09-01,0.059835
2000-09-05,0.080394
2000-09-06,0.096854
2000-09-07,0.103164
2000-09-08,0.08613
2000-09-11,0.115952
2000-09-12,0.119266
2000-09-13,0.13323
2000-09-14,0.161944
2000-09-15,0.199295
2000-09-18,0.204614
2000-09-19,0.227422
2000-09-20,0.22584
2000-09-21,0.19615
2000-09-22,0.183348
2000-09-25,0.183986
2000-09-26,0.14406
2000-09-27,0.172861
2000-09-28,0.160279
2000-09-29,0.147807
2000-10-02,0.194918
2000-10-03,0.200982
2000-10-04,0.204652
2000-10-05,0.167535
2000-10-06,0.098798
2000-10-10,0.073331
2000-10-11,0.093384
2000-10-12,0.116933
2000-10-13,0.101281
2000-10-16,0.123441
2000-10-17,0.063936
2000-10-18,0.075476
2000-10-19,0.061241
2000-10-20,0.032176
2000-10-23,-0.008195
2000-10-24,-0.003693
2000-10-25,-0.007178
2000-10-26,0.011534
2000-10-27,0.013147
2000-10-30,0.024828
2000-10-31,0.006328
2000-11-01,0.003868
2000-11-02,0.007677
2000-11-03,0.046683
2000-11-06,0.05398
2000-11-07,0.049456
2000-11-08,0.025563
2000-11-09,0.028326
2000-11-10,0.035162
2000-11-13,0.023892
2000-11-14,0.017452
2000-11-15,-0.007005
2000-11-16,-0.013698
2000-11-17,0.011902
2000-11-20,0.002121
2000-11-21,0.01458
2000-11-22,-0.019964
2000-11-24,-0.027578
2000-11-27,-0.005273
2000-11-28,-0.005499
2000-11-29,0.005592
2000-11-30,-0.029359
2000-12-01,-0.023169
2000-12-04,-0.006922
2000-12-05,-0.044726
2000-12-06,-0.079668
2000-12-07,-0.08596
2000-12-08,-0.055608
2000-12-11,-0.05531
2000-12-12,-0.055774
2000-12-13,-0.066598
2000-12-14,-0.067604
2000-12-15,-0.064343
2000-12-18,-0.03417
2000-12-19,-0.016521
2000-12-20,-0.027399
2000-12-21,0.004884
2000-12-22,0.030365
2000-12-26,-0.043
2000-12-27,-0.018942
2000-12-28,-0.041504
2000-12-29,-0.036627
2001-01-02,-0.078636
2001-01-03,-0.051508
2001-01-04,-0.011148
2001-01-05,0.019336
2001-01-08,0.001937
2001-01-09,-0.0072
2001-01-10,0.011502
2001-01-11,0.059168
2001-01-12,0.072852
2001-01-16,0.076999
2001-01-17,0.05364
2001-01-18,0.037248
2001-01-19,0.073149
2001-01-22,0.08687
2001-01-23,0.098802
2001-01-24,0.091184
2001-01-25,0.096496
2001-01-26,0.115327
2001-01-29,0.153919
2001-01-30,0.159135
2001-01-31,0.127198
2001-02-01,0.055573
2001-02-02,0.080241
2001-02-05,0.054528
2001-02-06,0.066641
2001-02-07,0.081354
2001-02-08,0.077665
2001-02-09,0.067121
2001-02-12,0.074186
2001-02-13,0.10854
2001-02-14,0.203749
2001-02-15,0.138881
2001-02-16,0.124292
2001-02-20,0.102375
2001-02-21,0.113112
2001-02-22,0.130949
2001-02-23,0.139984
2001-02-26,0.134864
2001-02-27,0.091506
2001-02-28,0.096584
2001-03-01,0.073048
2001-03-02,0.122679
2001-03-05,0.106573
2001-03-06,0.116096
2001-03-07,0.121693
2001-03-08,0.118527
2001-03-09,0.108268
2001-03-12,0.143565
2001-03-13,0.128028
2001-03-14,0.113883
2001-03-15,0.129968
2001-03-16,0.115894
2001-03-19,0.131907
2001-03-20,0.133698
2001-03-21,0.178514
2001-03-22,0.17329
2001-03-23,0.188484
2001-03-26,0.217403
2001-03-27,0.270034
2001-03-28,0.271935
2001-03-29,0.250178
2001-03-30,0.264254
2001-04-02,0.343499
2001-04-03,0.352512
2001-04-04,0.320544
2001-04-05,0.34541
2001-04-06,0.318357
2001-04-09,0.353208
2001-04-10,0.446128
2001-04-11,0.358978
2001-04-12,0.399434
2001-04-16,0.445952
2001-04-17,0.394307
2001-04-18,0.395887
2001-04-19,0.471129
2001-04-20,0.520071
2001-04-23,0.505368
2001-04-24,0.518018
2001-04-25,0.527163
2001-04-26,0.458771
2001-04-27,0.505258
2001-04-30,0.500453
2001-05-01,0.482508
2001-05-02,0.457809
2001-05-03,0.452418
2001-05-04,0.484282
2001-05-07,0.511959
2001-05-08,0.533906
2001-05-09,0.5099
2001-05-10,0.544195
2001-05-11,0.613287
2001-05-14,0.610644
2001-05-15,0.647334
2001-05-16,0.657091
2001-05-17,0.65055
2001-05-18,0.62553
2001-05-21,0.616343
2001-05-22,0.633338
2001-05-23,0.634913
2001-05-24,0.654218
2001-05-25,0.669515
2001-05-29,0.684341
2001-05-30,0.688076
2001-05-31,0.650948
2001-06-01,0.622016
2001-06-04,0.567149
2001-06-05,0.574241
2001-06-06,0.555649
2001-06-07,0.573616
2001-06-08,0.589669
2001-06-11,0.564336
2001-06-12,0.552505
2001-06-13,0.569383
2001-06-14,0.571374
2001-06-15,0.606926
2001-06-18,0.617947
2001-06-19,0.603859
2001-06-20,0.581519
2001-06-21,0.571291
2001-06-22,0.531029
2001-06-25,0.535593
2001-06-26,0.586047
2001-06-27,0.564363
2001-06-28,0.580789
2001-06-29,0.627387
2001-07-02,0.646303
2001-07-03,0.644103
2001-07-05,0.656075
2001-07-06,0.624522
2001-07-09,0.60665
2001-07-10,0.585462
2001-07-11,0.600585
2001-07-12,0.578886
2001-07-13,0.58236
2001-07-16,0.537236
2001-07-17,0.54776
2001-07-18,0.494021
2001-07-19,0.498862
2001-07-20,0.514797
2001-07-23,0.485042
2001-07-24,0.487496
2001-07-25,0.509362
2001-07-26,0.503001
2001-07-27,0.478394
2001-07-30,0.458975
2001-07-31,0.433924
2001-08-01,0.440876
2001-08-02,0.483945
2001-08-03,0.494352
2001-08-06,0.501092
2001-08-07,0.513735
2001-08-08,0.456566
2001-08-09,0.450793
2001-08-10,0.448402
2001-08-13,0.424473
2001-08-14,0.450047
2001-08-15,0.480086
2001-08-16,0.458764
2001-08-17,0.426807
2001-08-20,0.460159
2001-08-21,0.454398
2001-08-22,0.45221
2001-08-23,0.448067
2001-08-24,0.466361
2001-08-27,0.476125
2001-08-28,0.435914
2001-08-29,0.41974
2001-08-30,0.39534
2001-08-31,0.418834
2001-09-04,0.452768
2001-09-05,0.437776
2001-09-06,0.417035
2001-09-07,0.387295
2001-09-10,0.412209
2001-09-13,0.497402
2001-09-14,0.462848
2001-09-17,0.570249
2001-09-18,0.676484
2001-09-19,0.715104
2001-09-20,0.786088
2001-09-21,0.744351
2001-09-24,0.706091
2001-09-25,0.688258
2001-09-26,0.636952
2001-09-27,0.586122
2001-09-28,0.584311
2001-10-01,0.534793
2001-10-02,0.526638
2001-10-03,0.56264
2001-10-04,0.558253
2001-10-05,0.573125
2001-10-09,0.622583
2001-10-10,0.618552
2001-10-11,0.662015
2001-10-12,0.644351
2001-10-15,0.642272
2001-10-16,0.657864
2001-10-17,0.647521
2001-10-18,0.6236
2001-10-19,0.652145
2001-10-22,0.644231
2001-10-23,0.66243
2001-10-24,0.589604
2001-10-25,0.539833
2001-10-26,0.545351
2001-10-29,0.524898
2001-10-30,0.518765
2001-10-31,0.478786
2001-11-01,0.483702
2001-11-02,0.531582
2001-11-05,0.501367
2001-11-06,0.525771
2001-11-07,0.506453
2001-11-08,0.542199
2001-11-09,0.553966
2001-11-13,0.583642
2001-11-14,0.661533
2001-11-15,0.791116
2001-11-16,0.837643
2001-11-19,0.742529
2001-11-20,0.786118
2001-11-21,0.863469
2001-11-23,0.932399
2001-11-26,0.950794
2001-11-27,0.857525
2001-11-28,0.910753
2001-11-29,0.845978
2001-11-30,0.855708
2001-12-03,0.817467
2001-12-04,0.826151
2001-12-05,0.934736
2001-12-06,0.995866
2001-12-07,1.092899
2001-12-10,1.025693
2001-12-11,1.040108
2001-12-12,0.973389
2001-12-13,1.028875
2001-12-14,1.057214
2001-12-17,1.029612
2001-12-18,0.989791
2001-12-19,0.970164
2001-12-20,0.972867
2001-12-21,0.988153
2001-12-24,1.024048
2001-12-26,1.016741
2001-12-27,0.990222
2001-12-28,0.987571
2001-12-31,0.95379
2002-01-02,1.008087
2002-01-03,1.016984
2002-01-04,1.032262
2002-01-07,0.968729
2002-01-08,0.957484
2002-01-09,0.931338
2002-01-10,0.871273
2002-01-11,0.836429
2002-01-14,0.86923
2002-01-15,0.83666
2002-01-16,0.870408
2002-01-17,0.883052
2002-01-18,0.841556
2002-01-22,0.878111
2002-01-23,0.939771
2002-01-24,0.954815
2002-01-25,0.943604
2002-01-28,0.911305
2002-01-29,0.868658
2002-01-30,0.881949
2002-01-31,0.901185
2002-02-01,0.864854
2002-02-04,0.817813
2002-02-05,0.812107
2002-02-06,0.847588
2002-02-07,0.863278
2002-02-08,0.85324
2002-02-11,0.877423
2002-02-12,0.937967
2002-02-13,0.96511
2002-02-14,0.925826
2002-02-15,0.877063
2002-02-19,0.88052
2002-02-20,0.870469
2002-02-21,0.858119
2002-02-22,0.857062
2002-02-25,0.859443
2002-02-26,0.888603
2002-02-27,0.867488
2002-02-28,0.939138
2002-03-01,0.942691
2002-03-04,0.938602
2002-03-05,0.940293
2002-03-06,0.982143
2002-03-07,1.056465
2002-03-08,1.119793
2002-03-11,1.087934
2002-03-12,1.092415
2002-03-13,1.08083
2002-03-14,1.140354
2002-03-15,1.093763
2002-03-18,1.088062
2002-03-19,1.099734
2002-03-20,1.13508
2002-03-21,1.125987
2002-03-22,1.129314
2002-03-25,1.118669
2002-03-26,1.073995
2002-03-27,1.06839
2002-03-28,1.109863
2002-04-01,1.106773
2002-04-02,1.065452
2002-04-03,1.003768
2002-04-04,1.028649
2002-04-05,1.018125
2002-04-08,1.042057
2002-04-09,1.021
2002-04-10,1.046191
2002-04-11,1.036384
2002-04-12,1.037863
2002-04-15,1.017906
2002-04-16,1.030186
2002-04-17,1.079385
2002-04-18,1.056936
2002-04-19,1.069636
2002-04-22,1.075191
2002-04-23,1.063034
2002-04-24,1.009015
2002-04-25,0.983767
2002-04-26,0.959366
2002-04-29,0.962944
2002-04-30,0.954399
2002-05-01,0.951875
2002-05-02,0.969361
2002-05-03,0.937605
2002-05-06,0.929082
2002-05-07,0.940863
2002-05-08,1.042847
2002-05-09,1.025794
2002-05-10,0.9985
2002-05-13,1.071816
2002-05-14,1.141768
2002-05-15,1.118505
2002-05-16,1.089655
2002-05-17,1.135125
2002-05-20,1.095995
2002-05-21,1.067675
2002-05-22,1.035687
2002-05-23,1.069704
2002-05-24,1.074355
2002-05-28,1.083486
2002-05-29,1.054202
2002-05-30,1.01508
2002-05-31,1.063166
2002-06-03,1.055117
2002-06-04,1.034667
2002-06-05,1.070987
2002-06-06,1.03553
2002-06-07,1.059474
2002-06-10,1.04304
2002-06-11,1.006698
2002-06-12,0.990689
2002-06-13,0.967127
2002-06-14,0.903341
2002-06-17,0.942519
2002-06-18,0.926667
2002-06-19,0.87119
2002-06-20,0.911019
2002-06-21,0.867876
2002-06-24,0.910956
2002-06-25,0.902441
2002-06-26,0.832051
2002-06-27,0.907047
2002-06-28,0.924246
2002-07-01,0.906855
2002-07-02,0.840189
2002-07-03,0.840333
2002-07-05,0.900118
2002-07-08,0.865046
2002-07-09,0.834721
2002-07-10,0.750348
2002-07-11,0.739283
2002-07-12,0.717368
2002-07-15,0.728968
2002-07-16,0.818959
2002-07-17,0.777826
2002-07-18,0.767508
2002-07-19,0.727011
2002-07-22,0.693359
2002-07-23,0.676454
2002-07-24,0.712539
2002-07-25,0.690299
2002-07-26,0.682421
2002-07-29,0.763513
2002-07-30,0.757156
2002-07-31,0.666614
2002-08-01,0.671152
2002-08-02,0.608678
2002-08-05,0.597033
2002-08-06,0.681761
2002-08-07,0.679934
2002-08-08,0.709684
2002-08-09,0.671544
2002-08-12,0.651973
2002-08-13,0.621194
2002-08-14,0.595543
2002-08-15,0.665059
2002-08-16,0.711573
2002-08-19,0.660537
2002-08-20,0.620699
2002-08-21,0.635505
2002-08-22,0.680039
2002-08-23,0.642239
2002-08-26,0.635849
2002-08-27,0.676366
2002-08-28,0.641745
2002-08-29,0.638664
2002-08-30,0.621398
2002-09-03,0.566204
2002-09-04,0.559338
2002-09-05,0.556117
2002-09-06,0.599851
2002-09-09,0.604678
2002-09-10,0.583987
2002-09-11,0.623213
2002-09-12,0.57552
2002-09-13,0.544987
2002-09-16,0.536499
2002-09-17,0.549975
2002-09-18,0.551711
2002-09-19,0.526758
2002-09-20,0.527122
2002-09-23,0.545129
2002-09-24,0.553689
2002-09-25,0.595451
2002-09-26,0.555115
2002-09-27,0.511169
2002-09-30,0.525653
2002-10-01,0.574986
2002-10-02,0.558165
2002-10-03,0.577445
2002-10-04,0.575258
2002-10-07,0.56259
2002-10-08,0.56761
2002-10-09,0.542304
2002-10-10,0.559761
2002-10-11,0.604564
2002-10-15,0.696926
2002-10-16,0.67209
2002-10-17,0.719744
2002-10-18,0.708675
2002-10-21,0.729002
2002-10-22,0.758196
2002-10-23,0.73608
2002-10-24,0.717081
2002-10-25,0.682914
2002-10-28,0.696044
2002-10-29,0.674113
2002-10-30,0.67881
2002-10-31,0.669075
2002-11-01,0.693988
2002-11-04,0.719178
2002-11-05,0.733579
2002-11-06,0.759383
2002-11-07,0.708627
2002-11-08,0.689429
2002-11-12,0.695049
2002-11-13,0.690164
2002-11-14,0.754217
2002-11-15,0.764841
2002-11-18,0.745584
2002-11-19,0.724998
2002-11-20,0.769174
2002-11-21,0.802152
2002-11-22,0.832809
2002-11-25,0.839373
2002-11-26,0.782282
2002-11-27,0.923994
2002-11-29,0.842039
2002-12-02,0.791399
2002-12-03,0.784387
2002-12-04,0.769634
2002-12-05,0.738344
2002-12-06,0.749267
2002-12-09,0.733801
2002-12-10,0.721803
2002-12-11,0.698692
2002-12-12,0.693721
2002-12-13,0.727206
2002-12-16,0.773216
2002-12-17,0.769292
2002-12-18,0.735931
2002-12-19,0.697753
2002-12-20,0.698037
2002-12-23,0.696008
2002-12-24,0.656912
2002-12-26,0.629633
2002-12-27,0.590873
2002-12-30,0.605261
2002-12-31,0.614642
2003-01-02,0.710945
2003-01-03,0.694813
2003-01-06,0.701507
2003-01-07,0.677247
2003-01-08,0.63577
2003-01-09,0.704093
2003-01-10,0.662188
2003-01-13,0.683853
2003-01-14,0.673888
2003-01-15,0.653122
2003-01-16,0.654115
2003-01-17,0.60999
2003-01-21,0.631106
2003-01-22,0.623185
2003-01-23,0.646285
2003-01-24,0.624017
2003-01-27,0.643545
2003-01-28,0.62826
2003-01-29,0.669586
2003-01-30,0.626547
2003-01-31,0.602243
2003-02-03,0.588234
2003-02-04,0.547876
2003-02-05,0.584376
2003-02-06,0.550434
2003-02-07,0.52542
2003-02-10,0.55939
2003-02-11,0.551187
2003-02-12,0.549728
2003-02-13,0.52837
2003-02-14,0.607632
2003-02-18,0.59323
2003-02-19,0.559405
2003-02-20,0.561573
2003-02-21,0.591715
2003-02-24,0.572459
2003-02-25,0.54354
2003-02-26,0.533937
2003-02-27,0.529152
2003-02-28,0.510636
2003-03-03,0.513211
2003-03-04,0.51187
2003-03-05,0.49191
2003-03-06,0.514914
2003-03-07,0.489952
2003-03-10,0.496859
2003-03-11,0.503051
2003-03-12,0.505034
2003-03-13,0.572996
2003-03-14,0.550806
2003-03-17,0.609231
2003-03-18,0.636214
2003-03-19,0.636206
2003-03-20,0.648058
2003-03-21,0.682984
2003-03-24,0.603145
2003-03-25,0.618444
2003-03-26,0.596862
2003-03-27,0.593893
2003-03-28,0.589233
2003-03-31,0.571994
2003-04-01,0.573554
2003-04-02,0.602596
2003-04-03,0.59786
2003-04-04,0.606674
2003-04-07,0.620596
2003-04-08,0.575205
2003-04-09,0.564164
2003-04-10,0.607721
2003-04-11,0.618951
2003-04-14,0.630944
2003-04-15,0.601703
2003-04-16,0.587666
2003-04-17,0.59508
2003-04-21,0.581312
2003-04-22,0.584362
2003-04-23,0.575028
2003-04-24,0.516438
2003-04-25,0.530332
2003-04-28,0.538542
2003-04-29,0.54243
2003-04-30,0.499347
2003-05-01,0.499076
2003-05-02,0.544291
2003-05-05,0.505643
2003-05-06,0.491963
2003-05-07,0.481769
2003-05-08,0.52035
2003-05-09,0.500134
2003-05-12,0.45636
2003-05-13,0.489784
2003-05-14,0.450118
2003-05-15,0.467985
2003-05-16,0.444258
2003-05-19,0.459439
2003-05-20,0.408907
2003-05-21,0.396753
2003-05-22,0.388882
2003-05-23,0.38837
2003-05-27,0.441341
2003-05-28,0.462054
2003-05-29,0.422736
2003-05-30,0.456684
2003-06-02,0.463013
2003-06-03,0.42554
2003-06-04,0.417564
2003-06-05,0.439786
2003-06-06,0.447805
2003-06-09,0.413881
2003-06-10,0.39103
2003-06-11,0.408949
2003-06-12,0.400082
2003-06-13,0.396206
2003-06-16,0.434223
2003-06-17,0.423429
2003-06-18,0.454582
2003-06-19,0.482607
2003-06-20,0.496192
2003-06-23,0.472176
2003-06-24,0.444265
2003-06-25,0.479912
2003-06-26,0.521375
2003-06-27,0.568787
2003-06-30,0.51223
2003-07-01,0.530185
2003-07-02,0.536684
2003-07-03,0.561778
2003-07-07,0.575148
2003-07-08,0.583485
2003-07-09,0.58108
2003-07-10,0.576261
2003-07-11,0.566398
2003-07-14,0.614906
2003-07-15,0.64819
2003-07-16,0.635274
2003-07-17,0.63359
2003-07-18,0.636064
2003-07-21,0.661269
2003-07-22,0.671962
2003-07-23,0.6581
2003-07-24,0.704836
2003-07-25,0.696573
2003-07-28,0.713651
2003-07-29,0.743551
2003-07-30,0.734735
2003-07-31,0.888448
2003-08-01,0.890843
2003-08-04,0.844535
2003-08-05,0.937488
2003-08-06,0.817336
2003-08-07,0.799938
2003-08-08,0.80155
2003-08-11,0.864583
2003-08-12,0.823876
2003-08-13,0.934078
2003-08-14,0.951423
2003-08-15,0.941442
2003-08-18,0.92789
2003-08-19,0.842023
2003-08-20,0.875129
2003-08-21,0.910752
2003-08-22,0.900665
2003-08-25,0.924772
2003-08-26,0.859017
2003-08-27,0.889087
2003-08-28,0.815837
2003-08-29,0.811668
2003-09-02,0.854663
2003-09-03,0.851436
2003-09-04,0.812997
2003-09-05,0.726138
2003-09-08,0.748599
2003-09-09,0.736809
2003-09-10,0.708927
2003-09-11,0.757292
2003-09-12,0.725006
2003-09-15,0.734311
2003-09-16,0.758086
2003-09-17,0.715283
2003-09-18,0.733024
2003-09-19,0.724993
2003-09-22,0.740555
2003-09-23,0.711562
2003-09-24,0.679359
2003-09-25,0.669699
2003-09-26,0.640317
2003-09-29,0.668887
2003-09-30,0.604006
2003-10-01,0.604804
2003-10-02,0.62279
2003-10-03,0.722556
2003-10-06,0.683915
2003-10-07,0.731284
2003-10-08,0.741342
2003-10-09,0.784647
2003-10-10,0.737045
2003-10-14,0.809417
2003-10-15,0.854903
2003-10-16,0.922489
2003-10-17,0.858962
2003-10-20,0.844843
2003-10-21,0.841877
2003-10-22,0.793072
2003-10-23,0.837385
2003-10-24,0.764309
2003-10-27,0.784382
2003-10-28,0.753258
2003-10-29,0.788131
2003-10-30,0.805932
2003-10-31,0.792049
2003-11-03,0.816218
2003-11-04,0.779101
2003-11-05,0.822279
2003-11-06,0.859295
2003-11-07,0.872261
2003-11-10,0.884843
2003-11-12,0.877479
2003-11-13,0.80745
2003-11-14,0.762764
2003-11-17,0.755058
2003-11-18,0.761827
2003-11-19,0.800827
2003-11-20,0.7683
2003-11-21,0.752487
2003-11-24,0.795866
2003-11-25,0.758483
2003-11-26,0.808411
2003-11-28,0.846763
2003-12-01,0.847576
2003-12-02,0.839477
2003-12-03,0.855524
2003-12-04,0.837137
2003-12-05,0.743796
2003-12-08,0.775803
2003-12-09,0.798355
2003-12-10,0.785933
2003-12-11,0.767362
2003-12-12,0.757799
2003-12-15,0.77289
2003-12-16,0.757129
2003-12-17,0.728963
2003-12-18,0.714985
2003-12-19,0.716539
2003-12-22,0.726904
2003-12-23,0.765379
2003-12-24,0.714591
2003-12-26,0.702924
2003-12-29,0.734269
2003-12-30,0.740936
2003-12-31,0.748422
2004-01-02,0.800808
2004-01-05,0.811746
2004-01-06,0.736182
2004-01-07,0.72208
2004-01-08,0.751478
2004-01-09,0.666383
2004-01-12,0.669759
2004-01-13,0.654735
2004-01-14,0.661459
2004-01-15,0.641113
2004-01-16,0.637033
2004-01-20,0.648837
2004-01-21,0.655735
2004-01-22,0.634878
2004-01-23,0.672294
2004-01-26,0.689647
2004-01-27,0.667242
2004-01-28,0.721878
2004-01-29,0.73952
2004-01-30,0.71046
2004-02-02,0.71215
2004-02-03,0.682815
2004-02-04,0.676813
2004-02-05,0.702007
2004-02-06,0.664188
2004-02-09,0.668935
2004-02-10,0.688111
2004-02-11,0.652645
2004-02-12,0.687695
2004-02-13,0.66684
2004-02-17,0.665851
2004-02-18,0.673614
2004-02-19,0.660806
2004-02-20,0.685454
2004-02-23,0.658039
2004-02-24,0.639442
2004-02-25,0.635503
2004-02-26,0.645488
2004-02-27,0.557263
2004-03-01,0.62358
2004-03-02,0.643159
2004-03-03,0.663615
2004-03-04,0.647914
2004-03-05,0.56262
2004-03-08,0.544978
2004-03-09,0.544907
2004-03-10,0.564244
2004-03-11,0.567035
2004-03-12,0.559682
2004-03-15,0.565116
2004-03-16,0.545766
2004-03-17,0.544703
2004-03-18,0.554294
2004-03-19,0.564798
2004-03-22,0.541753
2004-03-23,0.534586
2004-03-24,0.531442
2004-03-25,0.536166
2004-03-26,0.596951
2004-03-29,0.610182
2004-03-30,0.624153
2004-03-31,0.60865
2004-04-01,0.639854
2004-04-02,0.749625
2004-04-05,0.783412
2004-04-06,0.766816
2004-04-07,0.785916
2004-04-08,0.781022
2004-04-12,0.787377
2004-04-13,0.834809
2004-04-14,0.872145
2004-04-15,0.85886
2004-04-16,0.849524
2004-04-19,0.857142
2004-04-20,0.878286
2004-04-21,0.892145
2004-04-22,0.860357
2004-04-23,0.909193
2004-04-26,0.903501
2004-04-27,0.884837
2004-04-28,0.914365
2004-04-29,0.953433
2004-04-30,0.923789
2004-05-03,0.923868
2004-05-04,0.937453
2004-05-05,0.945865
2004-05-06,0.968027
2004-05-07,1.025029
2004-05-10,1.026494
2004-05-11,1.023499
2004-05-12,1.049701
2004-05-13,1.086339
2004-05-14,1.039916
2004-05-17,0.99063
2004-05-18,1.004968
2004-05-19,1.044002
2004-05-20,1.003672
2004-05-21,0.997522
2004-05-24,0.995408
2004-05-25,0.968054
2004-05-26,0.944504
2004-05-27,0.916397
2004-05-28,0.943511
2004-06-01,0.983167
2004-06-02,0.978093
2004-06-03,0.966288
2004-06-04,0.992351
2004-06-07,0.97165
2004-06-08,0.985273
2004-06-09,1.016535
2004-06-10,1.006829
2004-06-14,1.028469
2004-06-15,0.926897
2004-06-16,0.94445
2004-06-17,0.929376
2004-06-18,0.937401
2004-06-21,0.936554
2004-06-22,0.931371
2004-06-23,0.925452
2004-06-24,0.908379
2004-06-25,0.906034
2004-06-28,0.940179
2004-06-29,0.91867
2004-06-30,0.878459
2004-07-01,0.869161
2004-07-02,0.821631
2004-07-06,0.81755
2004-07-07,0.824811
2004-07-08,0.823273
2004-07-09,0.825615
2004-07-12,0.819116
2004-07-13,0.829132
2004-07-14,0.844419
2004-07-15,0.871815
2004-07-16,0.81459
2004-07-19,0.7929
2004-07-20,0.836423
2004-07-21,0.86701
2004-07-22,0.855986
2004-07-23,0.832682
2004-07-26,0.84436
2004-07-27,0.894937
2004-07-28,0.898709
2004-07-29,0.865184
2004-07-30,0.824549
2004-08-02,0.807009
2004-08-03,0.798238
2004-08-04,0.799291
2004-08-05,0.796197
2004-08-06,0.712341
2004-08-09,0.702162
2004-08-10,0.721704
2004-08-11,0.724741
2004-08-12,0.71807
2004-08-13,0.706177
2004-08-16,0.718395
2004-08-17,0.69234
2004-08-18,0.676972
2004-08-19,0.693748
2004-08-20,0.690268
2004-08-23,0.710579
2004-08-24,0.695059
2004-08-25,0.688269
2004-08-26,0.671114
2004-08-27,0.661932
2004-08-30,0.657199
2004-08-31,0.653294
2004-09-01,0.65225
2004-09-02,0.667641
2004-09-03,0.685203
2004-09-07,0.679753
2004-09-08,0.649376
2004-09-09,0.651771
2004-09-10,0.640715
2004-09-13,0.62697
2004-09-14,0.61783
2004-09-15,0.629527
2004-09-16,0.591609
2004-09-17,0.602852
2004-09-20,0.581566
2004-09-21,0.559558
2004-09-22,0.531206
2004-09-23,0.537718
2004-09-24,0.564505
2004-09-27,0.556333
2004-09-28,0.567044
2004-09-29,0.610444
2004-09-30,0.623805
2004-10-01,0.638816
2004-10-04,0.627142
2004-10-05,0.632055
2004-10-06,0.648938
2004-10-07,0.659356
2004-10-08,0.622548
2004-10-12,0.596733
2004-10-13,0.584672
2004-10-14,0.564426
2004-10-15,0.576368
2004-10-18,0.571039
2004-10-19,0.55606
2004-10-20,0.52189
2004-10-21,0.508262
2004-10-22,0.509954
2004-10-25,0.505802
2004-10-26,0.510295
2004-10-27,0.552871
2004-10-28,0.540283
2004-10-29,0.51653
2004-11-01,0.531198
2004-11-02,0.529047
2004-11-03,0.523367
2004-11-04,0.510678
2004-11-05,0.602765
2004-11-08,0.610853
2004-11-09,0.622052
2004-11-10,0.643337
2004-11-12,0.613708
2004-11-15,0.615717
2004-11-16,0.455275
2004-11-17,0.421091
2004-11-18,0.561459
2004-11-19,0.585501
2004-11-22,0.559077
2004-11-23,0.55689
2004-11-24,0.567266
2004-11-26,0.579512
2004-11-29,0.609364
2004-11-30,0.635781
2004-12-01,0.616019
2004-12-02,0.634613
2004-12-03,0.584816
2004-12-06,0.541149
2004-12-07,0.550198
2004-12-08,0.503211
2004-12-09,0.538289
2004-12-10,0.528169
2004-12-13,0.54107
2004-12-14,0.52361
2004-12-15,0.497189
2004-12-16,0.549772
2004-12-17,0.572832
2004-12-20,0.563238
2004-12-21,0.554387
2004-12-22,0.569452
2004-12-23,0.577878
2004-12-27,0.577
2004-12-28,0.575693
2004-12-29,0.608233
2004-12-30,0.588044
2004-12-31,0.534179
2005-01-03,0.517887
2005-01-04,0.557668
2005-01-05,0.544638
2005-01-06,0.543224
2005-01-07,0.522236
2005-01-10,0.509531
2005-01-11,0.487932
2005-01-12,0.479237
2005-01-13,0.468985
2005-01-14,0.45982
2005-01-18,0.434255
2005-01-19,0.43834
2005-01-20,0.445677
2005-01-21,0.432266
2005-01-24,0.454748
2005-01-25,0.47178
2005-01-26,0.474025
2005-01-27,0.448839
2005-01-28,0.420103
2005-01-31,0.411613
2005-02-01,0.400604
2005-02-02,0.385563
2005-02-03,0.398912
2005-02-04,0.357309
2005-02-07,0.33873
2005-02-08,0.343121
2005-02-09,0.337647
2005-02-10,0.384095
2005-02-11,0.422547
2005-02-14,0.410311
2005-02-15,0.400368
2005-02-16,0.397823
2005-02-17,0.42401
2005-02-18,0.427606
2005-02-22,0.410233
2005-02-23,0.421911
2005-02-24,0.406779
2005-02-25,0.41786
2005-02-28,0.44255
2005-03-01,0.434553
2005-03-02,0.444604
2005-03-03,0.438383
2005-03-04,0.394859
2005-03-07,0.37376
2005-03-08,0.410537
2005-03-09,0.453546
2005-03-10,0.45078
2005-03-11,0.464793
2005-03-14,0.455519
2005-03-15,0.479781
2005-03-16,0.477993
2005-03-17,0.461727
2005-03-18,0.475033
2005-03-21,0.469938
2005-03-22,0.493246
2005-03-23,0.52374
2005-03-24,0.509106
2005-03-28,0.510917
2005-03-29,0.511394
2005-03-30,0.492835
2005-03-31,0.495165
2005-04-01,0.478388
2005-04-04,0.437261
2005-04-05,0.473536
2005-04-06,0.475244
2005-04-07,0.479777
2005-04-08,0.470337
2005-04-11,0.460275
2005-04-12,0.413954
2005-04-13,0.420595
2005-04-14,0.428045
2005-04-15,0.400179
2005-04-18,0.378664
2005-04-19,0.313658
2005-04-20,0.336756
2005-04-21,0.383686
2005-04-22,0.362978
2005-04-25,0.350453
2005-04-26,0.378052
2005-04-27,0.350668
2005-04-28,0.338273
2005-04-29,0.340874
2005-05-02,0.336665
2005-05-03,0.347404
2005-05-04,0.36555
2005-05-05,0.354668
2005-05-06,0.377813
2005-05-09,0.379181
2005-05-10,0.363886
2005-05-11,0.359448
2005-05-12,0.355289
2005-05-13,0.345366
2005-05-16,0.340443
2005-05-17,0.338139
2005-05-18,0.317663
2005-05-19,0.331053
2005-05-20,0.33323
2005-05-23,0.308041
2005-05-24,0.299302
2005-05-25,0.300374
2005-05-26,0.305623
2005-05-27,0.323738
2005-05-31,0.245303
2005-06-01,0.224902
2005-06-02,0.215669
2005-06-03,0.236906
2005-06-06,0.208218
2005-06-07,0.188121
2005-06-08,0.209885
2005-06-09,0.219065
2005-06-10,0.243686
2005-06-13,0.252227
2005-06-14,0.280089
2005-06-15,0.283339
2005-06-16,0.263881
2005-06-17,0.229431
2005-06-20,0.252809
2005-06-21,0.227773
2005-06-22,0.152527
2005-06-23,0.157631
2005-06-24,0.144397
2005-06-27,0.134735
2005-06-28,0.146457
2005-06-29,0.163484
2005-06-30,0.139457
2005-07-01,0.170007
2005-07-05,0.190209
2005-07-06,0.186981
2005-07-07,0.164379
2005-07-08,0.205862
2005-07-11,0.211884
2005-07-12,0.220532
2005-07-13,0.231124
2005-07-14,0.23581
2005-07-15,0.209976
2005-07-18,0.232274
2005-07-19,0.22293
2005-07-20,0.218848
2005-07-21,0.22937
2005-07-22,0.183443
2005-07-25,0.191004
2005-07-26,0.184672
2005-07-27,0.189123
2005-07-28,0.165983
2005-07-29,0.184176
2005-08-01,0.209213
2005-08-02,0.229934
2005-08-03,0.217105
2005-08-04,0.23721
2005-08-05,0.245181
2005-08-08,0.215018
2005-08-09,0.22069
2005-08-10,0.213227
2005-08-11,0.199756
2005-08-12,0.146747
2005-08-15,0.151557
2005-08-16,0.149975
2005-08-17,0.179008
2005-08-18,0.144974
2005-08-19,0.162288
2005-08-22,0.151723
2005-08-23,0.126926
2005-08-24,0.124448
2005-08-25,0.115016
2005-08-26,0.103677
2005-08-29,0.08956
2005-08-30,0.066676
2005-08-31,0.049123
2005-09-01,0.044883
2005-09-02,0.05426
2005-09-06,0.080907
2005-09-07,0.106068
2005-09-08,0.122592
2005-09-09,0.108686
2005-09-12,0.110912
2005-09-13,0.097363
2005-09-14,0.113485
2005-09-15,0.1233
2005-09-16,0.146282
2005-09-19,0.118917
2005-09-20,0.120217
2005-09-21,0.099733
2005-09-22,0.118129
2005-09-23,0.14028
2005-09-26,0.187511
2005-09-27,0.205566
2005-09-28,0.182638
2005-09-29,0.191389
2005-09-30,0.093409
2005-10-03,0.182765
2005-10-04,0.163451
2005-10-05,0.158468
2005-10-06,0.142284
2005-10-07,0.139057
2005-10-11,0.1308
2005-10-12,0.143859
2005-10-13,0.160064
2005-10-14,0.143186
2005-10-17,0.138884
2005-10-18,0.137935
2005-10-19,0.132763
2005-10-20,0.112879
2005-10-21,0.089175
2005-10-24,0.098488
2005-10-25,0.133827
2005-10-26,0.171773
2005-10-27,0.152621
2005-10-28,0.183076
2005-10-31,0.182971
2005-11-01,0.193382
2005-11-02,0.196045
2005-11-03,0.222714
2005-11-04,0.217975
2005-11-07,0.054689
2005-11-08,0.030712
2005-11-09,0.056534
2005-11-10,0.049659
2005-11-14,0.03407
2005-11-15,0.016221
2005-11-16,0.036486
2005-11-17,-0.028981
2005-11-18,0.100478
2005-11-21,0.094282
2005-11-22,0.129008
2005-11-23,0.131174
2005-11-25,0.119248
2005-11-28,0.10896
2005-11-29,0.142387
2005-11-30,0.149614
2005-12-01,0.119563
2005-12-02,0.127978
2005-12-05,0.122595
2005-12-06,0.097322
2005-12-07,0.11499
2005-12-08,0.102172
2005-12-09,0.123227
2005-12-12,0.133446
2005-12-13,0.120051
2005-12-14,0.091253
2005-12-15,0.091499
2005-12-16,0.074946
2005-12-19,0.071566
2005-12-20,0.071922
2005-12-21,0.099966
2005-12-22,0.08127
2005-12-23,0.050069
2005-12-27,0.013642
2005-12-28,0.00698
2005-12-29,0.014501
2005-12-30,-0.00602
2006-01-03,-0.041935
2006-01-04,-0.051473
2006-01-05,-0.068669
2006-01-06,-0.055423
2006-01-09,-0.052255
2006-01-10,-0.0307
2006-01-11,-0.02296
2006-01-12,-0.060216
2006-01-13,-0.098482
2006-01-17,-0.102458
2006-01-18,-0.092903
2006-01-19,-0.087699
2006-01-20,-0.092387
2006-01-23,-0.102033
2006-01-24,-0.087809
2006-01-25,-0.045892
2006-01-26,-0.027883
2006-01-27,-0.032745
2006-01-30,-0.036793
2006-01-31,-0.050044
2006-02-01,-0.043183
2006-02-02,-0.049084
2006-02-03,-0.076427
2006-02-06,-0.081074
2006-02-07,-0.060923
2006-02-08,-0.062633
2006-02-09,-0.069806
2006-02-10,-0.061218
2006-02-13,-0.055809
2006-02-14,-0.035167
2006-02-15,-0.042911
2006-02-16,-0.046054
2006-02-17,-0.074113
2006-02-21,-0.081822
2006-02-22,-0.096298
2006-02-23,-0.074713
2006-02-24,-0.08011
2006-02-27,-0.075007
2006-02-28,-0.083636
2006-03-01,-0.081553
2006-03-02,-0.070049
2006-03-03,-0.048653
2006-03-06,-0.019098
2006-03-07,-0.020203
2006-03-08,-0.002164
2006-03-09,-0.001996
2006-03-10,0.005632
2006-03-13,0.015426
2006-03-14,-0.009809
2006-03-15,-0.014878
2006-03-16,-0.044457
2006-03-17,-0.035309
2006-03-20,-0.045747
2006-03-21,-0.024608
2006-03-22,-0.02697
2006-03-23,-0.004888
2006-03-24,-0.036547
2006-03-27,-0.000645
2006-03-28,0.006771
2006-03-29,0.045394
2006-03-30,0.067725
2006-03-31,0.07378
2006-04-03,0.069262
2006-04-04,0.060866
2006-04-05,0.052986
2006-04-06,0.076316
2006-04-07,0.087621
2006-04-10,0.104392
2006-04-11,0.106069
2006-04-12,0.110514
2006-04-13,0.123083
2006-04-17,0.119793
2006-04-18,0.10013
2006-04-19,0.130293
2006-04-20,0.128582
2006-04-21,0.113476
2006-04-24,0.077795
2006-04-25,0.117572
2006-04-26,0.131916
2006-04-27,0.121905
2006-04-28,0.124829
2006-05-01,0.158604
2006-05-02,0.148804
2006-05-03,0.148259
2006-05-04,0.146351
2006-05-05,0.136393
2006-05-08,0.1332
2006-05-09,0.131167
2006-05-10,0.123146
2006-05-11,0.1728
2006-05-12,0.191071
2006-05-15,0.174225
2006-05-16,0.171354
2006-05-17,0.184325
2006-05-18,0.147907
2006-05-19,0.12195
2006-05-22,0.123768
2006-05-23,0.144865
2006-05-24,0.141506
2006-05-25,0.139826
2006-05-26,0.131916
2006-05-30,0.133776
2006-05-31,0.152146
2006-06-01,0.136449
2006-06-02,0.120201
2006-06-05,0.093841
2006-06-06,0.08976
2006-06-07,0.091174
2006-06-08,0.077511
2006-06-09,0.066791
2006-06-12,0.062719
2006-06-13,0.0441
2006-06-14,0.062047
2006-06-15,0.107557
2006-06-16,0.120401
2006-06-19,0.123222
2006-06-20,0.125235
2006-06-21,0.123563
2006-06-22,0.138875
2006-06-23,0.144258
2006-06-26,0.147249
2006-06-27,0.115443
2006-06-28,0.146438
2006-06-29,0.148113
2006-06-30,0.110608
2006-07-03,0.097563
2006-07-05,0.11432
2006-07-06,0.108454
2006-07-07,0.079488
2006-07-10,0.070834
2006-07-11,0.069671
2006-07-12,-0.003156
2006-07-13,-0.000188
2006-07-14,0.01183
2006-07-17,0.006975
2006-07-18,0.032665
2006-07-19,0.021895
2006-07-20,0.019053
2006-07-21,0.00594
2006-07-24,0.006048
2006-07-25,0.014675
2006-07-26,0.015799
2006-07-27,0.02193
2006-07-28,0.016186
2006-07-31,0.016272
2006-08-01,0.008389
2006-08-02,-0.008956
2006-08-03,-0.02113
2006-08-04,-0.029418
2006-08-07,-0.034289
2006-08-08,-0.014919
2006-08-09,-0.008017
2006-08-10,-0.007762
2006-08-11,-0.003801
2006-08-14,-0.003075
2006-08-15,-0.017509
2006-08-16,-0.027806
2006-08-17,-0.033795
2006-08-18,-0.043574
2006-08-21,-0.05747
2006-08-22,-0.064501
2006-08-23,-0.060158
2006-08-24,-0.066707
2006-08-25,-0.071505
2006-08-28,-0.076546
2006-08-29,-0.089292
2006-08-30,-0.102017
2006-08-31,-0.123597
2006-09-01,-0.144885
2006-09-05,-0.094478
2006-09-06,-0.085674
2006-09-07,-0.08816
2006-09-08,-0.079203
2006-09-11,-0.060595
2006-09-12,-0.073306
2006-09-13,-0.076057
2006-09-14,-0.062429
2006-09-15,-0.067642
2006-09-18,-0.050564
2006-09-19,-0.079263
2006-09-20,-0.09014
2006-09-21,-0.105628
2006-09-22,-0.151049
2006-09-25,-0.156492
2006-09-26,-0.1453
2006-09-27,-0.133927
2006-09-28,-0.12516
2006-09-29,-0.144793
2006-10-02,-0.163717
2006-10-03,-0.170305
2006-10-04,-0.183357
2006-10-05,-0.157636
2006-10-06,-0.129334
2006-10-10,-0.082361
2006-10-11,-0.077198
2006-10-12,-0.070282
2006-10-13,-0.056875
2006-10-16,-0.059648
2006-10-17,-0.063136
2006-10-18,-0.06958
2006-10-19,-0.063355
2006-10-20,-0.066452
2006-10-23,-0.055282
2006-10-24,-0.058967
2006-10-25,-0.070921
2006-10-26,-0.086375
2006-10-27,-0.111204
2006-10-30,-0.15467
2006-10-31,-0.159061
2006-11-01,-0.196548
2006-11-02,-0.220297
2006-11-03,-0.122023
2006-11-06,-0.123173
2006-11-07,-0.140843
2006-11-08,-0.148321
2006-11-09,-0.143983
2006-11-10,-0.174807
2006-11-13,-0.154032
2006-11-14,-0.166226
2006-11-15,-0.149049
2006-11-16,-0.133057
2006-11-17,-0.133969
2006-11-20,-0.137583
2006-11-21,-0.143498
2006-11-22,-0.147338
2006-11-24,-0.150424
2006-11-27,-0.1621
2006-11-28,-0.178268
2006-11-29,-0.161615
2006-11-30,-0.200055
2006-12-01,-0.272769
2006-12-04,-0.286056
2006-12-05,-0.273106
2006-12-06,-0.284197
2006-12-07,-0.283547
2006-12-08,-0.222246
2006-12-11,-0.207072
2006-12-12,-0.215622
2006-12-13,-0.173294
2006-12-14,-0.143711
2006-12-15,-0.14264
2006-12-18,-0.135944
2006-12-19,-0.128851
2006-12-20,-0.12789
2006-12-21,-0.133331
2006-12-22,-0.114206
2006-12-26,-0.131926
2006-12-27,-0.105458
2006-12-28,-0.094827
2006-12-29,-0.093075
2007-01-02,-0.102182
2007-01-03,-0.103923
2007-01-04,-0.133344
2007-01-05,-0.122683
2007-01-08,-0.127076
2007-01-09,-0.122345
2007-01-10,-0.110309
2007-01-11,-0.096444
2007-01-12,-0.081409
2007-01-16,-0.085796
2007-01-17,-0.080098
2007-01-18,-0.091633
2007-01-19,-0.089766
2007-01-22,-0.095931
2007-01-23,-0.079208
2007-01-24,-0.073688
2007-01-25,-0.058902
2007-01-26,-0.052476
2007-01-29,-0.049852
2007-01-30,-0.051954
2007-01-31,-0.065738
2007-02-01,-0.069026
2007-02-02,-0.06557
2007-02-05,-0.068306
2007-02-06,-0.085007
2007-02-07,-0.086953
2007-02-08,-0.093303
2007-02-09,-0.0734
2007-02-12,-0.069493
2007-02-13,-0.064414
2007-02-14,-0.083554
2007-02-15,-0.089816
2007-02-16,-0.097471
2007-02-20,-0.105441
2007-02-21,-0.103284
2007-02-22,-0.090252
2007-02-23,-0.099336
2007-02-26,-0.124018
2007-02-27,-0.147928
2007-02-28,-0.155785
2007-03-01,-0.15585
2007-03-02,-0.176101
2007-03-05,-0.205074
2007-03-06,-0.16841
2007-03-07,-0.191904
2007-03-08,-0.170383
2007-03-09,-0.134767
2007-03-12,-0.144833
2007-03-13,-0.18418
2007-03-14,-0.156866
2007-03-15,-0.13771
2007-03-16,-0.140966
2007-03-19,-0.120798
2007-03-20,-0.126697
2007-03-21,-0.143098
2007-03-22,-0.110696
2007-03-23,-0.112378
2007-03-26,-0.138723
2007-03-27,-0.130332
2007-03-28,-0.115768
2007-03-29,-0.117293
2007-03-30,-0.102362
2007-04-02,-0.128003
2007-04-03,-0.103864
2007-04-04,-0.121271
2007-04-05,-0.111665
2007-04-06,-0.054713
2007-04-09,-0.05532
2007-04-10,-0.061687
2007-04-11,-0.070099
2007-04-12,-0.067133
2007-04-13,-0.054485
2007-04-16,-0.056905
2007-04-17,-0.088469
2007-04-18,-0.117612
2007-04-19,-0.111655
2007-04-20,-0.112938
2007-04-23,-0.126846
2007-04-24,-0.15212
2007-04-25,-0.136742
2007-04-26,-0.111858
2007-04-27,-0.095606
2007-04-30,-0.141586
2007-05-01,-0.110134
2007-05-02,-0.116134
2007-05-03,-0.100618
2007-05-04,-0.111279
2007-05-07,-0.118328
2007-05-08,-0.098558
2007-05-09,-0.091771
2007-05-10,-0.081303
2007-05-11,-0.072926
2007-05-14,-0.068947
2007-05-15,-0.059051
2007-05-16,-0.058083
2007-05-17,-0.046252
2007-05-18,-0.023707
2007-05-21,-0.02733
2007-05-22,-0.010393
2007-05-23,0.004914
2007-05-24,0.002387
2007-05-25,0.006235
2007-05-29,0.011836
2007-05-30,0.045701
2007-05-31,0.035893
2007-06-01,0.058862
2007-06-04,0.042823
2007-06-05,0.058153
2007-06-06,0.055909
2007-06-07,0.108353
2007-06-08,0.115576
2007-06-11,0.132758
2007-06-12,0.164038
2007-06-13,0.131762
2007-06-14,0.162004
2007-06-15,0.148905
2007-06-18,0.140882
2007-06-19,0.121325
2007-06-20,0.131747
2007-06-21,0.136881
2007-06-22,0.121141
2007-06-25,0.099468
2007-06-26,0.10116
2007-06-27,0.089007
2007-06-28,0.087084
2007-06-29,0.063145
2007-07-02,0.05059
2007-07-03,0.063009
2007-07-05,0.083524
2007-07-06,0.104224
2007-07-09,0.094859
2007-07-10,0.046845
2007-07-11,0.066418
2007-07-12,0.078948
2007-07-13,0.062358
2007-07-16,0.040751
2007-07-17,0.023588
2007-07-18,0.007467
2007-07-19,-0.006004
2007-07-20,-0.054193
2007-07-23,-0.01991
2007-07-24,-0.026887
2007-07-25,-0.013504
2007-07-26,-0.094711
2007-07-27,-0.091356
2007-07-30,-0.063411
2007-07-31,-0.080223
2007-08-01,-0.060416
2007-08-02,-0.039123
2007-08-03,-0.090852
2007-08-06,-0.072062
2007-08-07,-0.084052
2007-08-08,-0.031058
2007-08-09,-0.035929
2007-08-10,-0.038643
2007-08-13,-0.06026
2007-08-14,-0.057664
2007-08-15,0.072668
2007-08-16,0.133053
2007-08-17,0.176733
2007-08-20,0.190788
2007-08-21,0.191964
2007-08-22,0.174258
2007-08-23,0.14922
2007-08-24,0.106873
2007-08-27,0.093862
2007-08-28,0.110839
2007-08-29,0.106952
2007-08-30,0.084372
2007-08-31,0.078123
2007-09-04,0.042784
2007-09-05,0.043182
2007-09-06,0.038423
2007-09-07,0.053344
2007-09-10,0.038237
2007-09-11,0.018639
2007-09-12,0.034342
2007-09-13,0.058456
2007-09-14,0.054442
2007-09-17,0.044399
2007-09-18,0.080374
2007-09-19,0.125137
2007-09-20,0.172105
2007-09-21,0.170517
2007-09-24,0.161002
2007-09-25,0.182115
2007-09-26,0.190824
2007-09-27,0.16203
2007-09-28,0.141959
2007-10-01,0.103485
2007-10-02,0.086102
2007-10-03,0.10473
2007-10-04,0.096626
2007-10-05,0.112667
2007-10-09,0.084142
2007-10-10,0.077591
2007-10-11,0.082342
2007-10-12,0.093665
2007-10-15,0.096615
2007-10-16,0.080673
2007-10-17,0.08174
2007-10-18,0.100433
2007-10-19,0.056352
2007-10-22,0.026196
2007-10-23,0.0312
2007-10-24,0.03726
2007-10-25,0.031129
2007-10-26,0.029249
2007-10-29,0.033633
2007-10-30,0.056741
2007-10-31,0.072538
2007-11-01,0.074492
2007-11-02,0.078038
2007-11-05,0.087515
2007-11-06,0.107651
2007-11-07,0.128301
2007-11-08,0.138369
2007-11-09,0.136654
2007-11-13,0.145138
2007-11-14,0.141686
2007-11-15,0.127732
2007-11-16,0.118548
2007-11-19,0.118405
2007-11-20,0.133833
2007-11-21,0.127293
2007-11-23,0.10184
2007-11-26,0.044991
2007-11-27,0.100837
2007-11-28,0.091274
2007-11-29,0.070354
2007-11-30,0.050619
2007-12-03,0.023637
2007-12-04,0.023473
2007-12-05,0.056602
2007-12-06,0.099627
2007-12-07,0.163221
2007-12-10,0.204834
2007-12-11,0.208359
2007-12-12,0.188181
2007-12-13,0.237261
2007-12-14,0.265857
2007-12-17,0.255634
2007-12-18,0.219162
2007-12-19,0.192967
2007-12-20,0.158446
2007-12-21,0.158794
2007-12-24,0.151065
2007-12-26,0.188707
2007-12-27,0.166645
2007-12-28,0.130816
2007-12-31,0.09181
2008-01-02,0.039156
2008-01-03,-0.13511
2008-01-04,-0.107923
2008-01-07,-0.065907
2008-01-08,-0.084213
2008-01-09,-0.115893
2008-01-10,-0.055576
2008-01-11,-0.020467
2008-01-14,-0.025266
2008-01-15,-0.075683
2008-01-16,-0.063173
2008-01-17,-0.091171
2008-01-18,-0.068171
2008-01-22,0.046633
2008-01-23,0.177776
2008-01-24,0.180775
2008-01-25,0.171308
2008-01-28,0.215887
2008-01-29,0.263573
2008-01-30,0.310901
2008-01-31,0.307864
2008-02-01,0.271812
2008-02-04,0.211377
2008-02-05,0.211902
2008-02-06,0.250701
2008-02-07,0.280057
2008-02-08,0.217658
2008-02-11,0.217017
2008-02-12,0.242458
2008-02-13,0.250014
2008-02-14,0.240818
2008-02-15,0.240919
2008-02-19,0.289597
2008-02-20,0.310106
2008-02-21,0.302727
2008-02-22,0.313477
2008-02-25,0.359669
2008-02-26,0.362172
2008-02-27,0.336214
2008-02-28,0.322828
2008-02-29,0.255646
2008-03-03,0.255844
2008-03-04,0.322866
2008-03-05,0.378294
2008-03-06,0.38321
2008-03-07,0.424603
2008-03-10,0.452362
2008-03-11,0.466307
2008-03-12,0.423318
2008-03-13,0.496218
2008-03-14,0.544107
2008-03-17,0.584371
2008-03-18,0.573764
2008-03-19,0.573645
2008-03-20,0.537459
2008-03-21,0.537561
2008-03-24,0.553879
2008-03-25,0.546643
2008-03-26,0.577179
2008-03-27,0.598384
2008-03-28,0.597413
2008-03-31,0.591757
2008-04-01,0.597257
2008-04-02,0.565011
2008-04-03,0.552222
2008-04-04,0.531367
2008-04-07,0.519846
2008-04-08,0.541968
2008-04-09,0.532608
2008-04-10,0.539085
2008-04-11,0.53483
2008-04-14,0.549222
2008-04-15,0.556172
2008-04-16,0.572676
2008-04-17,0.545501
2008-04-18,0.540928
2008-04-21,0.517949
2008-04-22,0.501281
2008-04-23,0.512877
2008-04-24,0.505781
2008-04-25,0.514832
2008-04-28,0.508013
2008-04-29,0.509248
2008-04-30,0.497295
2008-05-01,0.4704
2008-05-02,0.492785
2008-05-05,0.505607
2008-05-06,0.545501
2008-05-07,0.540984
2008-05-08,0.53826
2008-05-09,0.518113
2008-05-12,0.501982
2008-05-13,0.496929
2008-05-14,0.482204
2008-05-15,0.464932
2008-05-16,0.470455
2008-05-19,0.474296
2008-05-20,0.478228
2008-05-21,0.458729
2008-05-22,0.462467
2008-05-23,0.460883
2008-05-27,0.478255
2008-05-28,0.486379
2008-05-29,0.509529
2008-05-30,0.500992
2008-06-02,0.503987
2008-06-03,0.505345
2008-06-04,0.533171
2008-06-05,0.556365
2008-06-06,0.537729
2008-06-09,0.453687
2008-06-10,0.435227
2008-06-11,0.456995
2008-06-12,0.437668
2008-06-13,0.449347
2008-06-16,0.449299
2008-06-17,0.473364
2008-06-18,0.447692
2008-06-19,0.448411
2008-06-20,0.449418
2008-06-23,0.426335
2008-06-24,0.42172
2008-06-25,0.445631
2008-06-26,0.458015
2008-06-27,0.426424
2008-06-30,0.439382
2008-07-01,0.458108
2008-07-02,0.451131
2008-07-03,0.475974
2008-07-07,0.478278
2008-07-08,0.45383
2008-07-09,0.447449
2008-07-10,0.441335
2008-07-11,0.447286
2008-07-14,0.451234
2008-07-15,0.472436
2008-07-16,0.522272
2008-07-17,0.513953
2008-07-18,0.498379
2008-07-21,0.484236
2008-07-22,0.484011
2008-07-23,0.481898
2008-07-24,0.478056
2008-07-25,0.511871
2008-07-28,0.510411
2008-07-29,0.502223
2008-07-30,0.49807
2008-07-31,0.497651
2008-08-01,0.495903
2008-08-04,0.494822
2008-08-05,0.512468
2008-08-06,0.526866
2008-08-07,0.5031
2008-08-08,0.47963
2008-08-11,0.496148
2008-08-12,0.49453
2008-08-13,0.496656
2008-08-14,0.481496
2008-08-15,0.467407
2008-08-18,0.464587
2008-08-19,0.481547
2008-08-20,0.47813
2008-08-21,0.472521
2008-08-22,0.455097
2008-08-25,0.440648
2008-08-26,0.4349
2008-08-27,0.438174
2008-08-28,0.426256
2008-08-29,0.457311
2008-09-02,0.441569
2008-09-03,0.430654
2008-09-04,0.420643
2008-09-05,0.410268
2008-09-08,0.387302
2008-09-09,0.37438
2008-09-10,0.387861
2008-09-11,0.380476
2008-09-12,0.417339
2008-09-15,0.419237
2008-09-16,0.396042
2008-09-17,0.467452
2008-09-18,0.478863
2008-09-19,0.46657
2008-09-22,0.488879
2008-09-23,0.515115
2008-09-24,0.546783
2008-09-25,0.509958
2008-09-26,0.505961
2008-09-29,0.486847
2008-09-30,0.528947
2008-10-01,0.468201
2008-10-02,0.49519
2008-10-03,0.563996
2008-10-06,0.547155
2008-10-07,0.562696
2008-10-08,0.602645
2008-10-09,0.65587
2008-10-10,0.686543
2008-10-14,0.73589
2008-10-15,0.765768
2008-10-16,0.746406
2008-10-17,0.798899
2008-10-20,0.7281
2008-10-21,0.646665
2008-10-22,0.618589
2008-10-23,0.532966
2008-10-24,0.588074
2008-10-27,0.607324
2008-10-28,0.652702
2008-10-29,0.735832
2008-10-30,0.802186
2008-10-31,0.861773
2008-11-03,0.885075
2008-11-04,0.83168
2008-11-05,0.780352
2008-11-06,0.793358
2008-11-07,0.782762
2008-11-10,0.709824
2008-11-12,0.726291
2008-11-13,0.777874
2008-11-14,0.719236
2008-11-17,0.713661
2008-11-18,0.691402
2008-11-19,0.651584
2008-11-20,0.520954
2008-11-21,0.553108
2008-11-24,0.567475
2008-11-25,0.521459
2008-11-26,0.495715
2008-11-28,0.493806
2008-12-01,0.447441
2008-12-02,0.441369
2008-12-03,0.450367
2008-12-04,0.417288
2008-12-05,0.441213
2008-12-08,0.455625
2008-12-09,0.443937
2008-12-10,0.470745
2008-12-11,0.453556
2008-12-12,0.46423
2008-12-15,0.433143
2008-12-16,0.390522
2008-12-17,0.287431
2008-12-18,0.222297
2008-12-19,0.231857
2008-12-22,0.224194
2008-12-23,0.22515
2008-12-24,0.230036
2008-12-26,0.217196
2008-12-29,0.2561
2008-12-30,0.240601
2008-12-31,0.308845
2009-01-02,0.37916
2009-01-05,0.460345
2009-01-06,0.470238
2009-01-07,0.471228
2009-01-08,0.457396
2009-01-09,0.465662
2009-01-12,0.422259
2009-01-13,0.41664
2009-01-14,0.359716
2009-01-15,0.349779
2009-01-16,0.389236
2009-01-20,0.432247
2009-01-21,0.525584
2009-01-22,0.581395
2009-01-23,0.583758
2009-01-26,0.609727
2009-01-27,0.543643
2009-01-28,0.612569
2009-01-29,0.659747
2009-01-30,0.663665
2009-02-02,0.603638
2009-02-03,0.636597
2009-02-04,0.621215
2009-02-05,0.618185
2009-02-06,0.654161
2009-02-09,0.628981
2009-02-10,0.587218
2009-02-11,0.554118
2009-02-12,0.556786
2009-02-13,0.633721
2009-02-17,0.541076
2009-02-18,0.548146
2009-02-19,0.610727
2009-02-20,0.57896
2009-02-23,0.562367
2009-02-24,0.538984
2009-02-25,0.575465
2009-02-26,0.59912
2009-02-27,0.642238
2009-03-02,0.628006
2009-03-03,0.627708
2009-03-04,0.647264
2009-03-05,0.557741
2009-03-06,0.544141
2009-03-09,0.57812
2009-03-10,0.613228
2009-03-11,0.580174
2009-03-12,0.542971
2009-03-13,0.561649
2009-03-16,0.601724
2009-03-17,0.62036
2009-03-18,0.494993
2009-03-19,0.45014
2009-03-20,0.47242
2009-03-23,0.47858
2009-03-24,0.475712
2009-03-25,0.503353
2009-03-26,0.486618
2009-03-27,0.478377
2009-03-30,0.47597
2009-03-31,0.470627
2009-04-01,0.431712
2009-04-02,0.467492
2009-04-03,0.52441
2009-04-06,0.562803
2009-04-07,0.556557
2009-04-08,0.531116
2009-04-09,0.588278
2009-04-13,0.570148
2009-04-14,0.555174
2009-04-15,0.559756
2009-04-16,0.580815
2009-04-17,0.615078
2009-04-20,0.581122
2009-04-21,0.601399
2009-04-22,0.622609
2009-04-23,0.617072
2009-04-24,0.646349
2009-04-27,0.631147
2009-04-28,0.669874
2009-04-29,0.698694
2009-04-30,0.719691
2009-05-01,0.741145
2009-05-04,0.715648
2009-05-05,0.713776
2009-05-06,0.716948
2009-05-07,0.77466
2009-05-08,0.77385
2009-05-11,0.738654
2009-05-12,0.730052
2009-05-13,0.702751
2009-05-14,0.697021
2009-05-15,0.7073
2009-05-18,0.735385
2009-05-19,0.742985
2009-05-20,0.712481
2009-05-21,0.787104
2009-05-22,0.812758
2009-05-26,0.840044
2009-05-27,0.898767
2009-05-28,0.872393
2009-05-29,0.80385
2009-06-01,0.893363
2009-06-02,0.881502
2009-06-03,0.847047
2009-06-04,0.899813
2009-06-05,0.905701
2009-06-08,0.911592
2009-06-09,0.917681
2009-06-10,0.957571
2009-06-11,0.926173
2009-06-12,0.904882
2009-06-15,0.88989
2009-06-16,0.845666
2009-06-17,0.838328
2009-06-18,0.894435
2009-06-19,0.870217
2009-06-22,0.819461
2009-06-23,0.755594
2009-06-24,0.791063
2009-06-25,0.753039
2009-06-26,0.743962
2009-06-29,0.730656
2009-06-30,0.726573
2009-07-01,0.709822
2009-07-02,0.708698
2009-07-06,0.708884
2009-07-07,0.713572
2009-07-08,0.67873
2009-07-09,0.729428
2009-07-10,0.699856
2009-07-13,0.72038
2009-07-14,0.778549
2009-07-15,0.834111
2009-07-16,0.82859
2009-07-17,0.854641
2009-07-20,0.83266
2009-07-21,0.791395
2009-07-22,0.822398
2009-07-23,0.868236
2009-07-24,0.855785
2009-07-27,0.879599
2009-07-28,0.865622
2009-07-29,0.836365
2009-07-30,0.81669
2009-07-31,0.745402
2009-08-03,0.790018
2009-08-04,0.810425
2009-08-05,0.849986
2009-08-06,0.842025
2009-08-07,0.87734
2009-08-10,0.838374
2009-08-11,0.79533
2009-08-12,0.834682
2009-08-13,0.786115
2009-08-14,0.764413
2009-08-17,0.717588
2009-08-18,0.736354
2009-08-19,0.719973
2009-08-20,0.706839
2009-08-21,0.761421
2009-08-24,0.710626
2009-08-25,0.693389
2009-08-26,0.670497
2009-08-27,0.697884
2009-08-28,0.703425
2009-08-31,0.684531
2009-09-01,0.666952
2009-09-02,0.621164
2009-09-03,0.632449
2009-09-04,0.693877
2009-09-08,0.714527
2009-09-09,0.727788
2009-09-10,0.652033
2009-09-11,0.646187
2009-09-14,0.665632
2009-09-15,0.690302
2009-09-16,0.704603
2009-09-17,0.659756
2009-09-18,0.683707
2009-09-21,0.691117
2009-09-22,0.69178
2009-09-23,0.683064
2009-09-24,0.668484
2009-09-25,0.637945
2009-09-28,0.621474
2009-09-29,0.624204
2009-09-30,0.624034
2009-10-01,0.600358
2009-10-02,0.614204
2009-10-05,0.614561
2009-10-06,0.631621
2009-10-07,0.607673
2009-10-08,0.64503
2009-10-09,0.703633
2009-10-13,0.682267
2009-10-14,0.734457
2009-10-15,0.756577
2009-10-16,0.732839
2009-10-19,0.71474
2009-10-20,0.684803
2009-10-21,0.708435
2009-10-22,0.719075
2009-10-23,0.740596
2009-10-26,0.77189
2009-10-27,0.744334
2009-10-28,0.708105
2009-10-29,0.74989
2009-10-30,0.697046
2009-11-02,0.717018
2009-11-03,0.748234
2009-11-04,0.778016
2009-11-05,0.791592
2009-11-06,0.797136
2009-11-09,0.784563
2009-11-10,0.787261
2009-11-12,0.784522
2009-11-13,0.74386
2009-11-16,0.697131
2009-11-17,0.685136
2009-11-18,0.70271
2009-11-19,0.68635
2009-11-20,0.680328
2009-11-23,0.691835
2009-11-24,0.665411
2009-11-25,0.660651
2009-11-27,0.619265
2009-11-30,0.604765
2009-12-01,0.634576
2009-12-02,0.645408
2009-12-03,0.694057
2009-12-04,0.73549
2009-12-07,0.728521
2009-12-08,0.726798
2009-12-09,0.742792
2009-12-10,0.763476
2009-12-11,0.775261
2009-12-14,0.758472
2009-12-15,0.747156
2009-12-16,0.741414
2009-12-17,0.698151
2009-12-18,0.726288
2009-12-21,0.767695
2009-12-22,0.811013
2009-12-23,0.824293
2009-12-24,0.843077
2009-12-28,0.847392
2009-12-29,0.843593
2009-12-30,0.838071
2009-12-31,0.854586
2010-01-04,0.867784
2010-01-05,0.850341
2010-01-06,0.884949
2010-01-07,0.879593
2010-01-08,0.874235
2010-01-11,0.876385
2010-01-12,0.806542
2010-01-13,0.846407
2010-01-14,0.805519
2010-01-15,0.780925
2010-01-19,0.788578
2010-01-20,0.76153
2010-01-21,0.730743
2010-01-22,0.70351
2010-01-25,0.720339
2010-01-26,0.735307
2010-01-27,0.737625
2010-01-28,0.759164
2010-01-29,0.735239
2010-02-01,0.759964
2010-02-02,0.766822
2010-02-03,0.804756
2010-02-04,0.742505
2010-02-05,0.724031
2010-02-08,0.73501
2010-02-09,0.777049
2010-02-10,0.805242
2010-02-11,0.811787
2010-02-12,0.808774
2010-02-16,0.800396
2010-02-17,0.836716
2010-02-18,0.850492
2010-02-19,0.833593
2010-02-22,0.848019
2010-02-23,0.793116
2010-02-24,0.799193
2010-02-25,0.785801
2010-02-26,0.745472
2010-03-01,0.757802
2010-03-02,0.765286
2010-03-03,0.780924
2010-03-04,0.77387
2010-03-05,0.817521
2010-03-08,0.825242
2010-03-09,0.815335
2010-03-10,0.821974
2010-03-11,0.808557
2010-03-12,0.788955
2010-03-15,0.78065
2010-03-16,0.760717
2010-03-17,0.748366
2010-03-18,0.756095
2010-03-19,0.744695
2010-03-22,0.734257
2010-03-23,0.772245
2010-03-24,0.761877
2010-03-25,0.809302
2010-03-26,0.788078
2010-03-29,0.75922
2010-03-30,0.776666
2010-03-31,0.760364
2010-04-01,0.772517
2010-04-02,0.818052
2010-04-05,0.865794
2010-04-06,0.823
2010-04-07,0.750158
2010-04-08,0.761363
2010-04-09,0.758027
2010-04-12,0.732673
2010-04-13,0.757726
2010-04-14,0.766153
2010-04-15,0.759857
2010-04-16,0.707469
2010-04-19,0.723485
2010-04-20,0.712496
2010-04-21,0.691398
2010-04-22,0.69092
2010-04-23,0.7108
2010-04-26,0.71343
2010-04-27,0.695577
2010-04-28,0.684669
2010-04-29,0.685198
2010-04-30,0.634713
2010-05-03,0.663516
2010-05-04,0.619233
2010-05-05,0.639618
2010-05-06,0.568309
2010-05-07,0.594494
2010-05-10,0.610088
2010-05-11,0.609164
2010-05-12,0.625559
2010-05-13,0.596378
2010-05-14,0.572452
2010-05-17,0.588695
2010-05-18,0.530369
2010-05-19,0.520221
2010-05-20,0.495101
2010-05-21,0.492904
2010-05-24,0.484049
2010-05-25,0.514427
2010-05-26,0.497087
2010-05-27,0.537113
2010-05-28,0.470862
2010-06-01,0.482652
2010-06-02,0.519077
2010-06-03,0.538311
2010-06-04,0.470099
2010-06-07,0.493898
2010-06-08,0.501066
2010-06-09,0.494067
2010-06-10,0.519223
2010-06-11,0.468413
2010-06-14,0.494094
2010-06-15,0.520876
2010-06-16,0.479905
2010-06-17,0.458868
2010-06-18,0.475703
2010-06-21,0.481494
2010-06-22,0.43628
2010-06-23,0.392586
2010-06-24,0.424759
2010-06-25,0.430156
2010-06-28,0.41837
2010-06-29,0.367188
2010-06-30,0.363719
2010-07-01,0.353598
2010-07-02,0.380019
2010-07-06,0.379028
2010-07-07,0.434286
2010-07-08,0.455523
2010-07-09,0.44004
2010-07-12,0.470307
2010-07-13,0.475812
2010-07-14,0.444791
2010-07-15,0.445039
2010-07-16,0.450495
2010-07-19,0.46895
2010-07-20,0.479945
2010-07-21,0.421027
2010-07-22,0.453689
2010-07-23,0.467975
2010-07-26,0.461914
2010-07-27,0.499329
2010-07-28,0.482385
2010-07-29,0.514145
2010-07-30,0.442944
2010-08-02,0.479123
2010-08-03,0.472835
2010-08-04,0.481997
2010-08-05,0.462799
2010-08-06,0.436945
2010-08-09,0.456062
2010-08-10,0.448252
2010-08-11,0.414063
2010-08-12,0.412836
2010-08-13,0.387197
2010-08-16,0.318558
2010-08-17,0.339992
2010-08-18,0.312091
2010-08-19,0.283201
2010-08-20,0.279247
2010-08-23,0.283382
2010-08-24,0.250686
2010-08-25,0.270663
2010-08-26,0.245894
2010-08-27,0.308176
2010-08-30,0.239025
2010-08-31,0.2176
2010-09-01,0.313198
2010-09-02,0.337718
2010-09-03,0.385483
2010-09-07,0.278253
2010-09-08,0.302629
2010-09-09,0.348011
2010-09-10,0.360634
2010-09-13,0.346575
2010-09-14,0.32583
2010-09-15,0.355307
2010-09-16,0.368626
2010-09-17,0.370333
2010-09-20,0.371536
2010-09-21,0.341897
2010-09-22,0.319922
2010-09-23,0.315308
2010-09-24,0.346645
2010-09-27,0.308441
2010-09-28,0.297542
2010-09-29,0.305863
2010-09-30,0.29816
2010-10-01,0.310971
2010-10-04,0.308654
2010-10-05,0.326728
2010-10-06,0.295971
2010-10-07,0.308432
2010-10-08,0.318015
2010-10-12,0.343793
2010-10-13,0.365064
2010-10-14,0.386475
2010-10-15,0.430294
2010-10-18,0.409936
2010-10-19,0.391605
2010-10-20,0.391173
2010-10-21,0.415401
2010-10-22,0.409732
2010-10-25,0.385878
2010-10-26,0.427171
2010-10-27,0.44253
2010-10-28,0.450788
2010-10-29,0.426177
2010-11-01,0.447083
2010-11-02,0.413742
2010-11-03,0.495974
2010-11-04,0.456592
2010-11-05,0.488194
2010-11-08,0.494916
2010-11-09,0.541238
2010-11-10,0.54286
2010-11-12,0.562711
2010-11-15,0.623781
2010-11-16,0.558187
2010-11-17,0.587558
2010-11-18,0.585916
2010-11-19,0.538298
2010-11-22,0.525971
2010-11-23,0.502806
2010-11-24,0.566445
2010-11-26,0.532699
2010-11-29,0.499488
2010-11-30,0.466784
2010-12-01,0.521364
2010-12-02,0.50199
2010-12-03,0.508279
2010-12-06,0.491734
2010-12-07,0.569692
2010-12-08,0.62158
2010-12-09,0.550632
2010-12-10,0.55488
2010-12-13,0.578533
2010-12-14,0.617812
2010-12-15,0.659341
2010-12-16,0.622596
2010-12-17,0.560432
2010-12-20,0.564203
2010-12-21,0.552752
2010-12-22,0.562602
2010-12-23,0.579423
2010-12-27,0.551935
2010-12-28,0.599771
2010-12-29,0.4922
2010-12-30,0.507093
2010-12-31,0.440387
2011-01-03,0.479349
2011-01-04,0.526533
2011-01-05,0.617528
2011-01-06,0.569656
2011-01-07,0.544249
2011-01-10,0.538227
2011-01-11,0.559828
2011-01-12,0.572863
2011-01-13,0.597279
2011-01-14,0.588913
2011-01-18,0.588714
2011-01-19,0.585327
2011-01-20,0.63477
2011-01-21,0.612681
2011-01-24,0.621266
2011-01-25,0.544306
2011-01-26,0.629175
2011-01-27,0.613244
2011-01-28,0.558665
2011-01-31,0.60017
2011-02-01,0.639879
2011-02-02,0.623678
2011-02-03,0.645533
2011-02-04,0.677811
2011-02-07,0.669592
2011-02-08,0.689839
2011-02-09,0.613953
2011-02-10,0.642404
2011-02-11,0.622214
2011-02-14,0.620932
2011-02-15,0.582397
2011-02-16,0.603026
2011-02-17,0.574807
2011-02-18,0.585343
2011-02-22,0.533692
2011-02-23,0.54272
2011-02-24,0.506679
2011-02-25,0.486434
2011-02-28,0.480131
2011-03-01,0.468955
2011-03-02,0.493717
2011-03-03,0.56214
2011-03-04,0.503743
2011-03-07,0.526931
2011-03-08,0.578535
2011-03-09,0.560666
2011-03-10,0.552203
2011-03-11,0.565424
2011-03-14,0.550553
2011-03-15,0.557115
2011-03-16,0.527484
2011-03-17,0.561914
2011-03-18,0.51828
2011-03-21,0.511034
2011-03-22,0.530273
2011-03-23,0.535735
2011-03-24,0.544785
2011-03-25,0.56998
2011-03-28,0.554725
2011-03-29,0.576302
2011-03-30,0.582911
2011-03-31,0.533047
2011-04-01,0.533489
2011-04-04,0.548299
2011-04-05,0.553377
2011-04-06,0.581092
2011-04-07,0.601941
2011-04-08,0.607663
2011-04-11,0.632429
2011-04-12,0.610977
2011-04-13,0.587086
2011-04-14,0.602706
2011-04-15,0.531801
2011-04-18,0.548176
2011-04-19,0.53899
2011-04-20,0.548303
2011-04-21,0.536479
2011-04-25,0.512671
2011-04-26,0.527167
2011-04-27,0.551901
2011-04-28,0.554167
2011-04-29,0.567266
2011-05-02,0.574621
2011-05-03,0.585233
2011-05-04,0.54426
2011-05-05,0.548299
2011-05-06,0.55244
2011-05-09,0.54426
2011-05-10,0.580489
2011-05-11,0.556089
2011-05-12,0.561804
2011-05-13,0.541059
2011-05-16,0.524665
2011-05-17,0.530362
2011-05-18,0.530219
2011-05-19,0.526395
2011-05-20,0.534668
2011-05-23,0.527952
2011-05-24,0.529606
2011-05-25,0.535109
2011-05-26,0.51248
2011-05-27,0.532207
2011-05-31,0.530447
2011-06-01,0.513712
2011-06-02,0.553277
2011-06-03,0.555287
2011-06-06,0.564881
2011-06-07,0.560949
2011-06-08,0.55029
2011-06-09,0.561372
2011-06-10,0.54435
2011-06-13,0.547176
2011-06-14,0.591729
2011-06-15,0.550418
2011-06-16,0.530351
2011-06-17,0.537613
2011-06-20,0.54357
2011-06-21,0.561777
2011-06-22,0.569077
2011-06-23,0.55166
2011-06-24,0.55768
2011-06-27,0.60686
2011-06-28,0.633889
2011-06-29,0.656646
2011-06-30,0.63832
2011-07-01,0.645481
2011-07-05,0.645141
2011-07-06,0.645188
2011-07-07,0.65637
2011-07-08,0.608524
2011-07-11,0.589784
2011-07-12,0.574941
2011-07-13,0.564308
2011-07-14,0.604871
2011-07-15,0.606214
2011-07-18,0.624612
2011-07-19,0.578672
2011-07-20,0.582582
2011-07-21,0.613518
2011-07-22,0.599504
2011-07-25,0.623119
2011-07-26,0.589379
2011-07-27,0.618848
2011-07-28,0.579344
2011-07-29,0.516393
2011-08-01,0.498176
2011-08-02,0.45312
2011-08-03,0.434613
2011-08-04,0.388792
2011-08-05,0.41611
2011-08-08,0.319747
2011-08-09,0.276423
2011-08-10,0.230889
2011-08-11,0.31592
2011-08-12,0.267116
2011-08-15,0.298031
2011-08-16,0.292229
2011-08-17,0.263359
2011-08-18,0.211386
2011-08-19,0.184303
2011-08-22,0.190704
2011-08-23,0.223255
2011-08-24,0.293853
2011-08-25,0.278723
2011-08-26,0.259509
2011-08-29,0.300623
2011-08-30,0.251661
2011-08-31,0.277532
2011-09-01,0.23606
2011-09-02,0.149606
2011-09-06,0.112905
2011-09-07,0.162383
2011-09-08,0.146528
2011-09-09,0.122708
2011-09-12,0.108333
2011-09-13,0.138979
2011-09-14,0.137846
2011-09-15,0.155916
2011-09-16,0.13957
2011-09-19,0.106293
2011-09-20,0.09452
2011-09-21,0.051879
2011-09-22,-0.019631
2011-09-23,0.020748
2011-09-26,0.051403
2011-09-27,0.105616
2011-09-28,0.12564
2011-09-29,0.092064
2011-09-30,0.058664
2011-10-03,-0.008062
2011-10-04,-0.004645
2011-10-05,0.03218
2011-10-06,0.070748
2011-10-07,0.099366
2011-10-11,0.13382
2011-10-12,0.166248
2011-10-13,0.149347
2011-10-14,0.18515
2011-10-17,0.140457
2011-10-18,0.157645
2011-10-19,0.157629
2011-10-20,0.165984
2011-10-21,0.20236
2011-10-24,0.196809
2011-10-25,0.151671
2011-10-26,0.174258
2011-10-27,0.272324
2011-10-28,0.252217
2011-10-31,0.169817
2011-11-01,0.106124
2011-11-02,0.11435
2011-11-03,0.152679
2011-11-04,0.146352
2011-11-07,0.129056
2011-11-08,0.16155
2011-11-09,0.105203
2011-11-10,0.135562
2011-11-14,0.128488
2011-11-15,0.140662
2011-11-16,0.112144
2011-11-17,0.080623
2011-11-18,0.094665
2011-11-21,0.06647
2011-11-22,0.046025
2011-11-23,0.011935
2011-11-25,0.052784
2011-11-28,0.052839
2011-11-29,0.064066
2011-11-30,0.121458
2011-12-01,0.147742
2011-12-02,0.115948
2011-12-05,0.122506
2011-12-06,0.138587
2011-12-07,0.12117
2011-12-08,0.107098
2011-12-09,0.148778
2011-12-12,0.125491
2011-12-13,0.081088
2011-12-14,0.044363
2011-12-15,0.048069
2011-12-16,0.021642
2011-12-19,-0.006321
2011-12-20,0.056835
2011-12-21,0.07392
2011-12-22,0.077522
2011-12-23,0.10511
2011-12-27,0.096313
2011-12-28,0.040046
2011-12-29,0.037119
2011-12-30,0.039855
2012-01-03,0.075846
2012-01-04,0.107356
2012-01-05,0.121495
2012-01-06,0.103051
2012-01-09,0.104244
2012-01-10,0.109155
2012-01-11,0.070571
2012-01-12,0.080478
2012-01-13,0.04893
2012-01-17,0.046796
2012-01-18,0.070816
2012-01-19,0.112395
2012-01-20,0.130929
2012-01-23,0.152309
2012-01-24,0.153469
2012-01-25,0.143593
2012-01-26,0.127981
2012-01-27,0.115177
2012-01-30,0.076433
2012-01-31,0.050853
2012-02-01,0.072709
2012-02-02,0.067417
2012-02-03,0.126143
2012-02-06,0.105798
2012-02-07,0.134639
2012-02-08,0.136061
2012-02-09,0.145201
2012-02-10,0.116518
2012-02-13,0.118086
2012-02-14,0.080307
2012-02-15,0.098859
2012-02-16,0.116588
2012-02-17,0.134458
2012-02-21,0.147731
2012-02-22,0.129782
2012-02-23,0.108163
2012-02-24,0.102993
2012-02-27,0.073178
2012-02-28,0.08356
2012-02-29,0.099544
2012-03-01,0.136564
2012-03-02,0.120422
2012-03-05,0.120819
2012-03-06,0.101532
2012-03-07,0.108268
2012-03-08,0.135227
2012-03-09,0.142643
2012-03-12,0.132228
2012-03-13,0.174123
2012-03-14,0.243908
2012-03-15,0.247137
2012-03-16,0.244896
2012-03-19,0.26613
2012-03-20,0.262354
2012-03-21,0.235683
2012-03-22,0.226021
2012-03-23,0.206385
2012-03-26,0.213325
2012-03-27,0.198238
2012-03-28,0.201849
2012-03-29,0.189032
2012-03-30,0.220193
2012-04-02,0.217759
2012-04-03,0.234754
2012-04-04,0.231671
2012-04-05,0.207358
2012-04-06,0.161603
2012-04-09,0.143332
2012-04-10,0.124369
2012-04-11,0.142963
2012-04-12,0.15497
2012-04-13,0.12226
2012-04-16,0.111562
2012-04-17,0.130064
2012-04-18,0.111036
2012-04-19,0.110498
2012-04-20,0.110287
2012-04-23,0.091442
2012-04-24,0.102026
2012-04-25,0.116146
2012-04-26,0.099544
2012-04-27,0.099322
2012-04-30,0.095185
2012-05-01,0.105084
2012-05-02,0.085752
2012-05-03,0.090391
2012-05-04,0.066081
2012-05-07,0.069765
2012-05-08,0.048789
2012-05-09,0.041803
2012-05-10,0.050884
2012-05-11,0.019658
2012-05-14,-0.009348
2012-05-15,-0.0267
2012-05-16,-0.03461
2012-05-17,-0.082175
2012-05-18,-0.07688
2012-05-21,-0.061124
2012-05-22,-0.037034
2012-05-23,-0.068058
2012-05-24,-0.0503
2012-05-25,-0.058546
2012-05-29,-0.062425
2012-05-30,-0.110794
2012-05-31,-0.138653
2012-06-01,-0.206165
2012-06-04,-0.185262
2012-06-05,-0.157011
2012-06-06,-0.109111
2012-06-07,-0.097238
2012-06-08,-0.106661
2012-06-11,-0.125439
2012-06-12,-0.101416
2012-06-13,-0.133096
2012-06-14,-0.117059
2012-06-15,-0.131155
2012-06-18,-0.138588
2012-06-19,-0.114135
2012-06-20,-0.114337
2012-06-21,-0.12965
2012-06-22,-0.091956
2012-06-25,-0.122186
2012-06-26,-0.111564
2012-06-27,-0.116774
2012-06-28,-0.140068
2012-06-29,-0.090001
2012-07-02,-0.130468
2012-07-03,-0.100867
2012-07-05,-0.110202
2012-07-06,-0.132243
2012-07-09,-0.153861
2012-07-10,-0.158877
2012-07-11,-0.165051
2012-07-12,-0.181153
2012-07-13,-0.16687
2012-07-16,-0.172511
2012-07-17,-0.154365
2012-07-18,-0.15495
2012-07-19,-0.139733
2012-07-20,-0.170764
2012-07-23,-0.17765
2012-07-24,-0.201316
2012-07-25,-0.201054
2012-07-26,-0.189181
2012-07-27,-0.12529
2012-07-30,-0.144829
2012-07-31,-0.149489
2012-08-01,-0.126784
2012-08-02,-0.158419
2012-08-03,-0.107423
2012-08-06,-0.112201
2012-08-07,-0.081262
2012-08-08,-0.073595
2012-08-09,-0.068115
2012-08-10,-0.082186
2012-08-13,-0.08543
2012-08-14,-0.049307
2012-08-15,-0.016421
2012-08-16,0.003368
2012-08-17,-0.003441
2012-08-20,-0.004203
2012-08-21,-0.016866
2012-08-22,-0.048557
2012-08-23,-0.064875
2012-08-24,-0.065129
2012-08-27,-0.079676
2012-08-28,-0.08647
2012-08-29,-0.079218
2012-08-30,-0.092361
2012-08-31,-0.112676
2012-09-04,-0.108232
2012-09-05,-0.097884
2012-09-06,-0.060571
2012-09-07,-0.055667
2012-09-10,-0.049423
2012-09-11,-0.046033
2012-09-12,-0.007125
2012-09-13,0.003748
2012-09-14,0.072867
2012-09-17,0.052847
2012-09-18,0.039225
2012-09-19,0.022901
2012-09-20,0.02023
2012-09-21,0.016899
2012-09-24,-0.006699
2012-09-25,-0.032095
2012-09-26,-0.069784
2012-09-27,-0.057777
2012-09-28,-0.055809
2012-10-01,-0.061455
2012-10-02,-0.06407
2012-10-03,-0.057738
2012-10-04,-0.028208
2012-10-05,0.000804
2012-10-09,-0.01526
2012-10-10,-0.036365
2012-10-11,-0.048249
2012-10-12,-0.056403
2012-10-15,-0.050767
2012-10-16,-0.019562
2012-10-17,0.017621
2012-10-18,0.031637
2012-10-19,-0.007653
2012-10-22,0.006389
2012-10-23,-0.015081
2012-10-24,-0.003185
2012-10-25,0.019701
2012-10-26,-0.017395
2012-10-29,-0.043382
2012-10-31,-0.04892
2012-11-01,-0.03254
2012-11-02,-0.029676
2012-11-05,-0.042868
2012-11-06,-0.020636
2012-11-07,-0.069309
2012-11-08,-0.099371
2012-11-09,-0.107937
2012-11-13,-0.120407
2012-11-14,-0.11623
2012-11-15,-0.120435
2012-11-16,-0.116626
2012-11-19,-0.099965
2012-11-20,-0.074295
2012-11-21,-0.064328
2012-11-23,-0.061986
2012-11-26,-0.080296
2012-11-27,-0.086472
2012-11-28,-0.094299
2012-11-29,-0.092738
2012-11-30,-0.087732
2012-12-03,-0.085187
2012-12-04,-0.093719
2012-12-05,-0.097636
2012-12-06,-0.104561
2012-12-07,-0.077804
2012-12-10,-0.080408
2012-12-11,-0.063166
2012-12-12,-0.030628
2012-12-13,-0.027124
2012-12-14,-0.038614
2012-12-17,-0.007391
2012-12-18,0.022142
2012-12-19,0.013606
2012-12-20,0.008776
2012-12-21,-0.013467
2012-12-24,-0.009633
2012-12-26,-0.016854
2012-12-27,-0.032962
2012-12-28,-0.034423
2012-12-31,-0.001342
2013-01-02,0.040218
2013-01-03,0.073423
2013-01-04,0.071535
2013-01-07,0.071591
2013-01-08,0.058731
2013-01-09,0.056536
2013-01-10,0.074139
2013-01-11,0.060428
2013-01-14,0.057412
2013-01-15,0.041304
2013-01-16,0.036866
2013-01-17,0.061384
2013-01-18,0.046732
2013-01-22,0.042774
2013-01-23,0.043135
2013-01-24,0.055643
2013-01-25,0.095629
2013-01-28,0.103958
2013-01-29,0.116784
2013-01-30,0.125528
2013-01-31,0.115768
2013-02-01,0.135006
2013-02-04,0.119951
2013-02-05,0.139968
2013-02-06,0.121964
2013-02-07,0.119443
2013-02-08,0.12209
2013-02-11,0.114362
2013-02-12,0.127048
2013-02-13,0.14242
2013-02-14,0.119245
2013-02-15,0.120706
2013-02-19,0.128676
2013-02-20,0.130397
2013-02-21,0.113991
2013-02-22,0.109302
2013-02-25,0.071929
2013-02-26,0.066633
2013-02-27,0.082309
2013-02-28,0.081289
2013-03-01,0.065686
2013-03-04,0.073998
2013-03-05,0.087302
2013-03-06,0.110753
2013-03-07,0.129326
2013-03-08,0.158164
2013-03-11,0.16263
2013-03-12,0.142741
2013-03-13,0.147159
2013-03-14,0.156523
2013-03-15,0.143839
2013-03-18,0.117023
2013-03-19,0.092839
2013-03-20,0.116534
2013-03-21,0.104562
2013-03-22,0.096109
2013-03-25,0.100122
2013-03-26,0.097169
2013-03-27,0.072867
2013-03-28,0.072055
2013-04-01,0.068916
2013-04-02,0.076945
2013-04-03,0.054787
2013-04-04,0.029455
2013-04-05,-0.021458
2013-04-08,-0.002462
2013-04-09,0.009911
2013-04-10,0.036839
2013-04-11,0.033839
2013-04-12,-0.004413
2013-04-15,-0.021972
2013-04-16,-0.006936
2013-04-17,-0.021496
2013-04-18,-0.030762
2013-04-19,-0.023948
2013-04-22,-0.024513
2013-04-23,-0.015895
2013-04-24,-0.023383
2013-04-25,-0.012539
2013-04-26,-0.036945
2013-04-29,-0.02893
2013-04-30,-0.022994
2013-05-01,-0.049156
2013-05-02,-0.046035
2013-05-03,0.015057
2013-05-06,0.029172
2013-05-07,0.037348
2013-05-08,0.028549
2013-05-09,0.026781
2013-05-10,0.072973
2013-05-13,0.085611
2013-05-14,0.102884
2013-05-15,0.099626
2013-05-16,0.067433
2013-05-17,0.106644
2013-05-20,0.113638
2013-05-21,0.097869
2013-05-22,0.133911
2013-05-23,0.128277
2013-05-24,0.122136
2013-05-28,0.178363
2013-05-29,0.166376
2013-05-30,0.1706
2013-05-31,0.177046
2013-06-03,0.164348
2013-06-04,0.173428
2013-06-05,0.148225
2013-06-06,0.143452
2013-06-07,0.16369
2013-06-10,0.192612
2013-06-11,0.192359
2013-06-12,0.195815
2013-06-13,0.178585
2013-06-14,0.17428
2013-06-17,0.172884
2013-06-18,0.174979
2013-06-19,0.119877
2013-06-20,0.162224
2013-06-21,0.153892
2013-06-24,0.161572
2013-06-25,0.197927
2013-06-26,0.161805
2013-06-27,0.143836
2013-06-28,0.123329
2013-07-01,0.167365
2013-07-02,0.136276
2013-07-03,0.146176
2013-07-05,0.188925
2013-07-08,0.18842
2013-07-09,0.202089
2013-07-10,0.205503
2013-07-11,0.229008
2013-07-12,0.221103
2013-07-15,0.213321
2013-07-16,0.217539
2013-07-17,0.211903
2013-07-18,0.222375
2013-07-19,0.21221
2013-07-22,0.217363
2013-07-23,0.24682
2013-07-24,0.289891
2013-07-25,0.27573
2013-07-26,0.236198
2013-07-29,0.257333
2013-07-30,0.257247
2013-07-31,0.242523
2013-08-01,0.267581
2013-08-02,0.280167
2013-08-05,0.299427
2013-08-06,0.304639
2013-08-07,0.291132
2013-08-08,0.28279
2013-08-09,0.277789
2013-08-12,0.257922
2013-08-13,0.273522
2013-08-14,0.263908
2013-08-15,0.273473
2013-08-16,0.293906
2013-08-19,0.314141
2013-08-20,0.295296
2013-08-21,0.290271
2013-08-22,0.267835
2013-08-23,0.238179
2013-08-26,0.23498
2013-08-27,0.207986
2013-08-28,0.237314
2013-08-29,0.218959
2013-08-30,0.216387
2013-09-03,0.259415
2013-09-04,0.263187
2013-09-05,0.274099
2013-09-06,0.268116
2013-09-09,0.274844
2013-09-10,0.275166
2013-09-11,0.278587
2013-09-12,0.282459
2013-09-13,0.256074
2013-09-16,0.284133
2013-09-17,0.280658
2013-09-18,0.329704
2013-09-19,0.308955
2013-09-20,0.293702
2013-09-23,0.304664
2013-09-24,0.279715
2013-09-25,0.26418
2013-09-26,0.285638
2013-09-27,0.291051
2013-09-30,0.280824
2013-10-01,0.270432
2013-10-02,0.282219
2013-10-03,0.278929
2013-10-04,0.276552
2013-10-07,0.264658
2013-10-08,0.275977
2013-10-09,0.272274
2013-10-10,0.260773
2013-10-11,0.279696
2013-10-15,0.305398
2013-10-16,0.289234
2013-10-17,0.272401
2013-10-18,0.294029
2013-10-21,0.294206
2013-10-22,0.271536
2013-10-23,0.272148
2013-10-24,0.251293
2013-10-25,0.248378
2013-10-28,0.274851
2013-10-29,0.273012
2013-10-30,0.269289
2013-10-31,0.276506
2013-11-01,0.276155
2013-11-04,0.286173
2013-11-05,0.303953
2013-11-06,0.316372
2013-11-07,0.306548
2013-11-08,0.350098
2013-11-12,0.343093
2013-11-13,0.347441
2013-11-14,0.349731
2013-11-15,0.332636
2013-11-18,0.321403
2013-11-19,0.328617
2013-11-20,0.373724
2013-11-21,0.365619
2013-11-22,0.360187
2013-11-25,0.357429
2013-11-26,0.343301
2013-11-27,0.348393
2013-11-29,0.359815
2013-12-02,0.351791
2013-12-03,0.35932
2013-12-04,0.367937
2013-12-05,0.369819
2013-12-06,0.362613
2013-12-09,0.346773
2013-12-10,0.338546
2013-12-11,0.347494
2013-12-12,0.351844
2013-12-13,0.324562
2013-12-16,0.338112
2013-12-17,0.327336
2013-12-18,0.311441
2013-12-19,0.297565
2013-12-20,0.230001
2013-12-23,0.241351
2013-12-24,0.279747
2013-12-26,0.277985
2013-12-27,0.273919
2013-12-30,0.268989
2013-12-31,0.280086
2014-01-02,0.298671
2014-01-03,0.259463
2014-01-06,0.298418
2014-01-07,0.294097
2014-01-08,0.264523
2014-01-09,0.25112
2014-01-10,0.261868
2014-01-13,0.258827
2014-01-14,0.227405
2014-01-15,0.227112
2014-01-16,0.214721
2014-01-17,0.2323
2014-01-21,0.185068
2014-01-22,0.181219
2014-01-23,0.188063
2014-01-24,0.163793
2014-01-27,0.18741
2014-01-28,0.204762
2014-01-29,0.183774
2014-01-30,0.150911
2014-01-31,0.146537
2014-02-03,0.123978
2014-02-04,0.153604
2014-02-05,0.179561
2014-02-06,0.167336
2014-02-07,0.171991
2014-02-10,0.182436
2014-02-11,0.170915
2014-02-12,0.187136
2014-02-13,0.177983
2014-02-14,0.185181
2014-02-18,0.18751
2014-02-19,0.163786
2014-02-20,0.167003
2014-02-21,0.161332
2014-02-24,0.151835
2014-02-25,0.130652
2014-02-26,0.148573
2014-02-27,0.117239
2014-02-28,0.091458
2014-03-03,0.071333
2014-03-04,0.121035
2014-03-05,0.110187
2014-03-06,0.118181
2014-03-07,0.134972
2014-03-10,0.140978
2014-03-11,0.124048
2014-03-12,0.125644
2014-03-13,0.105768
2014-03-14,0.071884
2014-03-17,0.092424
2014-03-18,0.102249
2014-03-19,0.065032
2014-03-20,0.080537
2014-03-21,0.035289
2014-03-24,0.002365
2014-03-25,-0.011129
2014-03-26,-0.007606
2014-03-27,-0.038716
2014-03-28,-0.036605
2014-03-31,-0.03773
2014-04-01,0.01492
2014-04-02,0.011568
2014-04-03,0.018698
2014-04-04,0.021053
2014-04-07,-0.009872
2014-04-08,-0.010232
2014-04-09,0.019357
2014-04-10,0.003147
2014-04-11,0.008285
2014-04-14,-0.007264
2014-04-15,-0.033622
2014-04-16,-0.07785
2014-04-17,-0.043702
2014-04-21,-0.040232
2014-04-22,-0.050733
2014-04-23,-0.05298
2014-04-24,-0.068801
2014-04-25,-0.07954
2014-04-28,-0.069757
2014-04-29,-0.050628
2014-04-30,-0.043755
2014-05-01,-0.065027
2014-05-02,-0.083701
2014-05-05,-0.085526
2014-05-06,-0.086893
2014-05-07,-0.086205
2014-05-08,-0.062255
2014-05-09,-0.07393
2014-05-12,-0.055527
2014-05-13,-0.058905
2014-05-14,-0.083448
2014-05-15,-0.108795
2014-05-16,-0.101506
2014-05-19,-0.070983
2014-05-20,-0.078317
2014-05-21,-0.046178
2014-05-22,-0.053086
2014-05-23,-0.050515
2014-05-27,-0.065587
2014-05-28,-0.10288
2014-05-29,-0.104549
2014-05-30,-0.099914
2014-06-02,-0.101692
2014-06-03,-0.082098
2014-06-04,-0.074615
2014-06-05,-0.09618
2014-06-06,-0.094076
2014-06-09,-0.085952
2014-06-10,-0.064952
2014-06-11,-0.05958
2014-06-12,-0.084754
2014-06-13,-0.066421
2014-06-16,-0.073302
2014-06-17,-0.055754
2014-06-18,-0.056268
2014-06-19,-0.029643
2014-06-20,-0.030073
2014-06-23,-0.048325
2014-06-24,-0.060799
2014-06-25,-0.076053
2014-06-26,-0.090275
2014-06-27,-0.071398
2014-06-30,-0.082007
2014-07-01,-0.055599
2014-07-02,-0.017356
2014-07-03,-0.019637
2014-07-07,-0.047822
2014-07-08,-0.056078
2014-07-09,-0.067872
2014-07-10,-0.098434
2014-07-11,-0.110068
2014-07-14,-0.1081
2014-07-15,-0.110764
2014-07-16,-0.117998
2014-07-17,-0.134769
2014-07-18,-0.142805
2014-07-21,-0.161134
2014-07-22,-0.15801
2014-07-23,-0.160416
2014-07-24,-0.149266
2014-07-25,-0.16528
2014-07-28,-0.160195
2014-07-29,-0.168242
2014-07-30,-0.162433
2014-07-31,-0.149416
2014-08-01,-0.172814
2014-08-04,-0.156613
2014-08-05,-0.15656
2014-08-06,-0.161284
2014-08-07,-0.179154
2014-08-08,-0.182774
2014-08-11,-0.160341
2014-08-12,-0.159906
2014-08-13,-0.132962
2014-08-14,-0.17028
2014-08-15,-0.189625
2014-08-18,-0.170524
2014-08-19,-0.153648
2014-08-20,-0.157487
2014-08-21,-0.167281
2014-08-22,-0.189432
2014-08-25,-0.200106
2014-08-26,-0.186163
2014-08-27,-0.205853
2014-08-28,-0.210308
2014-08-29,-0.222266
2014-09-02,-0.185605
2014-09-03,-0.192744
2014-09-04,-0.167368
2014-09-05,-0.166242
2014-09-08,-0.167225
2014-09-09,-0.165833
2014-09-10,-0.135722
2014-09-11,-0.150108
2014-09-12,-0.11014
2014-09-15,-0.104265
2014-09-16,-0.088842
2014-09-17,-0.091553
2014-09-18,-0.10649
2014-09-19,-0.128859
2014-09-22,-0.140052
2014-09-23,-0.14666
2014-09-24,-0.13943
2014-09-25,-0.150757
2014-09-26,-0.163422
2014-09-29,-0.168377
2014-09-30,-0.152544
2014-10-01,-0.202197
2014-10-02,-0.159644
2014-10-03,-0.188091
2014-10-06,-0.184067
2014-10-07,-0.218581
2014-10-08,-0.193332
2014-10-09,-0.212449
2014-10-10,-0.222256
2014-10-14,-0.277029
2014-10-15,-0.296945
2014-10-16,-0.275682
2014-10-17,-0.219864
2014-10-20,-0.254272
2014-10-21,-0.23524
2014-10-22,-0.234828
2014-10-23,-0.229631
2014-10-24,-0.22596
2014-10-27,-0.229835
2014-10-28,-0.211657
2014-10-29,-0.224683
2014-10-30,-0.228609
2014-10-31,-0.203442
2014-11-03,-0.217752
2014-11-04,-0.202868
2014-11-05,-0.194044
2014-11-06,-0.187919
2014-11-07,-0.222794
2014-11-10,-0.181962
2014-11-12,-0.191743
2014-11-13,-0.185122
2014-11-14,-0.190158
2014-11-17,-0.219508
2014-11-18,-0.208142
2014-11-19,-0.20212
2014-11-20,-0.240116
2014-11-21,-0.239133
2014-11-24,-0.231342
2014-11-25,-0.260969
2014-11-26,-0.266448
2014-11-28,-0.304672
2014-12-01,-0.258974
2014-12-02,-0.248957
2014-12-03,-0.23639
2014-12-04,-0.281379
2014-12-05,-0.227905
2014-12-08,-0.293723
2014-12-09,-0.316366
2014-12-10,-0.325333
2014-12-11,-0.325616
2014-12-12,-0.356355
2014-12-15,-0.344917
2014-12-16,-0.411282
2014-12-17,-0.368277
2014-12-18,-0.331626
2014-12-19,-0.362853
2014-12-22,-0.35036
2014-12-23,-0.318803
2014-12-24,-0.344143
2014-12-26,-0.346117
2014-12-29,-0.344091
2014-12-30,-0.341748
2014-12-31,-0.318013
2015-01-02,-0.300152
2015-01-05,-0.350507
2015-01-06,-0.333482
2015-01-07,-0.343957
2015-01-08,-0.318079
2015-01-09,-0.293906
2015-01-12,-0.322714
2015-01-13,-0.345761
2015-01-14,-0.374765
2015-01-15,-0.374867
2015-01-16,-0.40676
2015-01-20,-0.405262
2015-01-21,-0.364069
2015-01-22,-0.374368
2015-01-23,-0.421943
2015-01-26,-0.385271
2015-01-27,-0.405181
2015-01-28,-0.416873
2015-01-29,-0.365816
2015-01-30,-0.397811
2015-02-02,-0.378246
2015-02-03,-0.360441
2015-02-04,-0.35313
2015-02-05,-0.328718
2015-02-06,-0.323448
2015-02-09,-0.323634
2015-02-10,-0.301617
2015-02-11,-0.280981
2015-02-12,-0.29874
2015-02-13,-0.267214
2015-02-17,-0.234744
2015-02-18,-0.249565
2015-02-19,-0.248295
2015-02-20,-0.264657
2015-02-23,-0.239957
2015-02-24,-0.28207
2015-02-25,-0.294905
2015-02-26,-0.292304
2015-02-27,-0.305538
2015-03-02,-0.256439
2015-03-03,-0.256757
2015-03-04,-0.254093
2015-03-05,-0.257939
2015-03-06,-0.193028
2015-03-09,-0.219788
2015-03-10,-0.241307
2015-03-11,-0.264438
2015-03-12,-0.265474
2015-03-13,-0.289477
2015-03-16,-0.283207
2015-03-17,-0.314869
2015-03-18,-0.358533
2015-03-19,-0.343779
2015-03-20,-0.336758
2015-03-23,-0.317258
2015-03-24,-0.33832
2015-03-25,-0.343741
2015-03-26,-0.315348
2015-03-27,-0.342889
2015-03-30,-0.297919
2015-03-31,-0.34189
2015-04-01,-0.355735
2015-04-02,-0.330563
2015-04-03,-0.345614
2015-04-06,-0.314373
2015-04-07,-0.326973
2015-04-08,-0.289564
2015-04-09,-0.301324
2015-04-10,-0.315848
2015-04-13,-0.298076
2015-04-14,-0.304463
2015-04-15,-0.292472
2015-04-16,-0.294964
2015-04-17,-0.303592
2015-04-20,-0.290018
2015-04-21,-0.256078
2015-04-22,-0.245825
2015-04-23,-0.250183
2015-04-24,-0.26468
2015-04-27,-0.29648
2015-04-28,-0.265439
2015-04-29,-0.221939
2015-04-30,-0.215326
2015-05-01,-0.201316
2015-05-04,-0.161557
2015-05-05,-0.150478
2015-05-06,-0.137013
2015-05-07,-0.165371
2015-05-08,-0.177378
2015-05-11,-0.16347
2015-05-12,-0.125131
2015-05-13,-0.114309
2015-05-14,-0.145657
2015-05-15,-0.156223
2015-05-18,-0.117453
2015-05-19,-0.124729
2015-05-20,-0.114679
2015-05-21,-0.147588
2015-05-22,-0.1336
2015-05-26,-0.162363
2015-05-27,-0.168084
2015-05-28,-0.174154
2015-05-29,-0.176528
2015-06-01,-0.135567
2015-06-02,-0.127247
2015-06-03,-0.118048
2015-06-04,-0.135861
2015-06-05,-0.12565
2015-06-08,-0.142259
2015-06-09,-0.107059
2015-06-10,-0.079177
2015-06-11,-0.127414
2015-06-12,-0.154028
2015-06-15,-0.144104
2015-06-16,-0.135513
2015-06-17,-0.149641
2015-06-18,-0.130274
2015-06-19,-0.157315
2015-06-22,-0.101797
2015-06-23,-0.091194
2015-06-24,-0.103507
2015-06-25,-0.112524
2015-06-26,-0.06644
2015-06-29,-0.149974
2015-06-30,-0.137541
2015-07-01,-0.059893
2015-07-02,-0.084178
2015-07-06,-0.147713
2015-07-07,-0.187689
2015-07-08,-0.209196
2015-07-09,-0.150151
2015-07-10,-0.11157
2015-07-13,-0.077879
2015-07-14,-0.100766
2015-07-15,-0.125755
2015-07-16,-0.141884
2015-07-17,-0.15486
2015-07-20,-0.144362
2015-07-21,-0.158456
2015-07-22,-0.15898
2015-07-23,-0.185103
2015-07-24,-0.17986
2015-07-27,-0.188754
2015-07-28,-0.16207
2015-07-29,-0.145681
2015-07-30,-0.178926
2015-07-31,-0.202175
2015-08-03,-0.230305
2015-08-04,-0.223978
2015-08-05,-0.250843
2015-08-06,-0.234076
2015-08-07,-0.274367
2015-08-10,-0.249562
2015-08-11,-0.26653
2015-08-12,-0.262514
2015-08-13,-0.224853
2015-08-14,-0.224948
2015-08-17,-0.245392
2015-08-18,-0.213255
2015-08-19,-0.24057
2015-08-20,-0.255499
2015-08-21,-0.221422
2015-08-24,-0.233716
2015-08-25,-0.183269
2015-08-26,-0.115776
2015-08-27,-0.133376
2015-08-28,-0.129566
2015-08-31,-0.140487
2015-09-01,-0.152125
2015-09-02,-0.144652
2015-09-03,-0.180841
2015-09-04,-0.200967
2015-09-08,-0.165165
2015-09-09,-0.167504
2015-09-10,-0.156792
2015-09-11,-0.194888
2015-09-14,-0.175872
2015-09-15,-0.108414
2015-09-16,-0.09339
2015-09-17,-0.148312
2015-09-18,-0.11991
2015-09-21,-0.05366
2015-09-22,-0.076766
2015-09-23,-0.068768
2015-09-24,-0.093834
2015-09-25,-0.084421
2015-09-28,-0.142494
2015-09-29,-0.159491
2015-09-30,-0.130195
2015-10-01,-0.144709
2015-10-02,-0.153464
2015-10-05,-0.144143
2015-10-06,-0.145355
2015-10-07,-0.108826
2015-10-08,-0.107654
2015-10-09,-0.131466
2015-10-13,-0.122671
2015-10-14,-0.176345
2015-10-15,-0.151462
2015-10-16,-0.165136
2015-10-19,-0.165004
2015-10-20,-0.142505
2015-10-21,-0.154024
2015-10-22,-0.219008
2015-10-23,-0.16324
2015-10-26,-0.18655
2015-10-27,-0.194965
2015-10-28,-0.175443
2015-10-29,-0.158357
2015-10-30,-0.192615
2015-11-02,-0.197735
2015-11-03,-0.184949
2015-11-04,-0.191988
2015-11-05,-0.164408
2015-11-06,-0.177578
2015-11-09,-0.177405
2015-11-10,-0.194538
2015-11-12,-0.176615
2015-11-13,-0.169452
2015-11-16,-0.156171
2015-11-17,-0.188464
2015-11-18,-0.162232
2015-11-19,-0.150748
2015-11-20,-0.139209
2015-11-23,-0.121053
2015-11-24,-0.142442
2015-11-25,-0.166078
2015-11-27,-0.160977
2015-11-30,-0.191211
2015-12-01,-0.210805
2015-12-02,-0.201683
2015-12-03,-0.18979
2015-12-04,-0.232903
2015-12-07,-0.28045
2015-12-08,-0.259838
2015-12-09,-0.256413
2015-12-10,-0.233502
2015-12-11,-0.26234
2015-12-14,-0.22299
2015-12-15,-0.193809
2015-12-16,-0.177204
2015-12-17,-0.21443
2015-12-18,-0.236556
2015-12-21,-0.225891
2015-12-22,-0.181288
2015-12-23,-0.168949
2015-12-24,-0.185584
2015-12-28,-0.194738
2015-12-29,-0.164938
2015-12-30,-0.15552
2015-12-31,-0.197576
2016-01-04,-0.209909
2016-01-05,-0.169795
2016-01-06,-0.179801
2016-01-07,-0.17717
2016-01-08,-0.192223
2016-01-11,-0.16782
2016-01-12,-0.200514
2016-01-13,-0.207481
2016-01-14,-0.183994
2016-01-15,-0.208124
2016-01-19,-0.19438
2016-01-20,-0.200676
2016-01-21,-0.200472
2016-01-22,-0.186942
2016-01-25,-0.202006
2016-01-26,-0.21667
2016-01-27,-0.208366
2016-01-28,-0.210163
2016-01-29,-0.241987
2016-02-01,-0.247038
2016-02-02,-0.288102
2016-02-03,-0.26493
2016-02-04,-0.2692
2016-02-05,-0.268071
2016-02-08,-0.329451
2016-02-09,-0.293016
2016-02-10,-0.329768
2016-02-11,-0.354018
2016-02-12,-0.306542
2016-02-16,-0.286363
2016-02-17,-0.273668
2016-02-18,-0.322185
2016-02-19,-0.321404
2016-02-22,-0.319974
2016-02-23,-0.338475
2016-02-24,-0.324839
2016-02-25,-0.334239
2016-02-26,-0.314061
2016-02-29,-0.340909
2016-03-01,-0.310554
2016-03-02,-0.323994
2016-03-03,-0.318863
2016-03-04,-0.302636
2016-03-07,-0.27787
2016-03-08,-0.306631
2016-03-09,-0.289131
2016-03-10,-0.279495
2016-03-11,-0.273882
2016-03-14,-0.268706
2016-03-15,-0.281449
2016-03-16,-0.303795
2016-03-17,-0.295791
2016-03-18,-0.295138
2016-03-21,-0.257038
2016-03-22,-0.262565
2016-03-23,-0.29492
2016-03-24,-0.286088
2016-03-28,-0.283785
2016-03-29,-0.305093
2016-03-30,-0.301006
2016-03-31,-0.314492
2016-04-01,-0.303124
2016-04-04,-0.300463
2016-04-05,-0.325006
2016-04-06,-0.304102
2016-04-07,-0.325126
2016-04-08,-0.31107
2016-04-11,-0.304649
2016-04-12,-0.297462
2016-04-13,-0.301326
2016-04-14,-0.289614
2016-04-15,-0.31167
2016-04-18,-0.296362
2016-04-19,-0.296189
2016-04-20,-0.26288
2016-04-21,-0.251281
2016-04-22,-0.256875
2016-04-25,-0.252079
2016-04-26,-0.23237
2016-04-27,-0.272643
2016-04-28,-0.291271
2016-04-29,-0.311633
2016-05-02,-0.289877
2016-05-03,-0.301269
2016-05-04,-0.310325
2016-05-05,-0.312732
2016-05-06,-0.30962
2016-05-09,-0.313374
2016-05-10,-0.313535
2016-05-11,-0.323599
2016-05-12,-0.316066
2016-05-13,-0.332722
2016-05-16,-0.316678
2016-05-17,-0.320721
2016-05-18,-0.285642
2016-05-19,-0.302374
2016-05-20,-0.306621
2016-05-23,-0.316124
2016-05-24,-0.320929
2016-05-25,-0.319607
2016-05-26,-0.340978
2016-05-27,-0.340657
2016-05-31,-0.373959
2016-06-01,-0.355953
2016-06-02,-0.383649
2016-06-03,-0.411582
2016-06-06,-0.389954
2016-06-07,-0.383889
2016-06-08,-0.399232
2016-06-09,-0.408352
2016-06-10,-0.43417
2016-06-13,-0.426046
2016-06-14,-0.413331
2016-06-15,-0.407766
2016-06-16,-0.424797
2016-06-17,-0.408386
2016-06-20,-0.3932
2016-06-21,-0.36758
2016-06-22,-0.374912
2016-06-23,-0.373086
2016-06-24,-0.445933
2016-06-27,-0.492069
2016-06-28,-0.476788
2016-06-29,-0.471965
2016-06-30,-0.485063
2016-07-01,-0.497119
2016-07-05,-0.550265
2016-07-06,-0.531718
2016-07-07,-0.540469
2016-07-08,-0.540718
2016-07-11,-0.517607
2016-07-12,-0.480615
2016-07-13,-0.503519
2016-07-14,-0.485648
2016-07-15,-0.460394
2016-07-18,-0.462127
2016-07-19,-0.465765
2016-07-20,-0.447257
2016-07-21,-0.453561
2016-07-22,-0.456091
2016-07-25,-0.441899
2016-07-26,-0.471648
2016-07-27,-0.472717
2016-07-28,-0.476354
2016-07-29,-0.510262
2016-08-01,-0.472931
2016-08-02,-0.455224
2016-08-03,-0.450544
2016-08-04,-0.467548
2016-08-05,-0.442103
2016-08-08,-0.45392
2016-08-09,-0.47379
2016-08-10,-0.480809
2016-08-11,-0.458562
2016-08-12,-0.489131
2016-08-15,-0.458508
2016-08-16,-0.454169
2016-08-17,-0.456359
2016-08-18,-0.471866
2016-08-19,-0.45381
2016-08-22,-0.480024
2016-08-23,-0.458873
2016-08-24,-0.462619
2016-08-25,-0.440122
2016-08-26,-0.429378
2016-08-29,-0.458345
2016-08-30,-0.464553
2016-08-31,-0.490113
2016-09-01,-0.504168
2016-09-02,-0.461866
2016-09-06,-0.502562
2016-09-07,-0.506383
2016-09-08,-0.477521
2016-09-09,-0.483326
2016-09-12,-0.458486
2016-09-13,-0.426553
2016-09-14,-0.443646
2016-09-15,-0.420698
2016-09-16,-0.415543
2016-09-19,-0.4031
2016-09-20,-0.415233
2016-09-21,-0.400298
2016-09-22,-0.395935
2016-09-23,-0.403057
2016-09-26,-0.418888
2016-09-27,-0.428145
2016-09-28,-0.442452
2016-09-29,-0.465643
2016-09-30,-0.447614
2016-10-03,-0.449318
2016-10-04,-0.406221
2016-10-05,-0.385257
2016-10-06,-0.388012
2016-10-07,-0.373163
2016-10-11,-0.364762
2016-10-12,-0.342552
2016-10-13,-0.364382
2016-10-14,-0.322244
2016-10-17,-0.333088
2016-10-18,-0.338022
2016-10-19,-0.360543
2016-10-20,-0.339544
2016-10-21,-0.352059
2016-10-24,-0.333691
2016-10-25,-0.340129
2016-10-26,-0.334516
2016-10-27,-0.307626
2016-10-28,-0.3097
2016-10-31,-0.339871
2016-11-01,-0.335917
2016-11-02,-0.329964
2016-11-03,-0.32095
2016-11-04,-0.339892
2016-11-07,-0.324933
2016-11-08,-0.330398
2016-11-09,-0.263255
2016-11-10,-0.267876
2016-11-14,-0.256636
2016-11-15,-0.270264
2016-11-16,-0.272879
2016-11-17,-0.234578
2016-11-18,-0.225578
2016-11-21,-0.225918
2016-11-22,-0.211393
2016-11-23,-0.207478
2016-11-25,-0.218659
2016-11-28,-0.240322
2016-11-29,-0.255388
2016-11-30,-0.22572
2016-12-01,-0.176295
2016-12-02,-0.199351
2016-12-05,-0.205913
2016-12-06,-0.201376
2016-12-07,-0.208504
2016-12-08,-0.181281
2016-12-09,-0.166138
2016-12-12,-0.169858
2016-12-13,-0.150166
2016-12-14,-0.131497
2016-12-15,-0.131235
2016-12-16,-0.120484
2016-12-19,-0.140188
2016-12-20,-0.114631
2016-12-21,-0.145714
2016-12-22,-0.150555
2016-12-23,-0.150008
2016-12-27,-0.145376
2016-12-28,-0.160092
2016-12-29,-0.163228
2016-12-30,-0.195493
2017-01-03,-0.193366
2017-01-04,-0.146538
2017-01-05,-0.179943
2017-01-06,-0.160462
2017-01-09,-0.183645
2017-01-10,-0.153455
2017-01-11,-0.193867
2017-01-12,-0.177636
2017-01-13,-0.182062
2017-01-17,-0.194016
2017-01-18,-0.169077
2017-01-19,-0.14618
2017-01-20,-0.16948
2017-01-23,-0.167238
2017-01-24,-0.15043
2017-01-25,-0.125703
2017-01-26,-0.133385
2017-01-27,-0.160876
2017-01-30,-0.156035
2017-01-31,-0.160598
2017-02-01,-0.145026
2017-02-02,-0.136382
2017-02-03,-0.125027
2017-02-06,-0.153168
2017-02-07,-0.159111
2017-02-08,-0.202006
2017-02-09,-0.16344
2017-02-10,-0.146387
2017-02-13,-0.163266
2017-02-14,-0.160982
2017-02-15,-0.146159
2017-02-16,-0.155392
2017-02-17,-0.177953
2017-02-21,-0.183001
2017-02-22,-0.177754
2017-02-23,-0.209515
2017-02-24,-0.219252
2017-02-27,-0.191267
2017-02-28,-0.21516
2017-03-01,-0.215536
2017-03-02,-0.234612
2017-03-03,-0.229046
2017-03-06,-0.233914
2017-03-07,-0.253487
2017-03-08,-0.255747
2017-03-09,-0.243461
2017-03-10,-0.247241
2017-03-13,-0.267943
2017-03-14,-0.280702
2017-03-15,-0.292132
2017-03-16,-0.256618
2017-03-17,-0.247841
2017-03-20,-0.278158
2017-03-21,-0.300345
2017-03-22,-0.290185
2017-03-23,-0.295501
2017-03-24,-0.325203
2017-03-27,-0.319922
2017-03-28,-0.319815
2017-03-29,-0.345922
2017-03-30,-0.30558
2017-03-31,-0.321842
2017-04-03,-0.318951
2017-04-04,-0.283901
2017-04-05,-0.296674
2017-04-06,-0.291906
2017-04-07,-0.292253
2017-04-10,-0.305408
2017-04-11,-0.315142
2017-04-12,-0.327832
2017-04-13,-0.339751
2017-04-17,-0.349407
2017-04-18,-0.364355
2017-04-19,-0.354826
2017-04-20,-0.343743
2017-04-21,-0.353537
2017-04-24,-0.324298
2017-04-25,-0.289793
2017-04-26,-0.301983
2017-04-27,-0.30903
2017-04-28,-0.334182
2017-05-01,-0.297842
2017-05-02,-0.30578
2017-05-03,-0.306976
2017-05-04,-0.311234
2017-05-05,-0.31148
2017-05-08,-0.271186
2017-05-09,-0.291179
2017-05-10,-0.279658
2017-05-11,-0.30762
2017-05-12,-0.312975
2017-05-15,-0.305426
2017-05-16,-0.304848
2017-05-17,-0.326946
2017-05-18,-0.325886
2017-05-19,-0.327837
2017-05-22,-0.356856
2017-05-23,-0.354982
2017-05-24,-0.334585
2017-05-25,-0.362843
2017-05-26,-0.377089
2017-05-30,-0.377182
2017-05-31,-0.416857
2017-06-01,-0.403142
2017-06-02,-0.390647
2017-06-05,-0.357972
2017-06-06,-0.379425
2017-06-07,-0.38095
2017-06-08,-0.391357
2017-06-09,-0.367165
2017-06-12,-0.333493
2017-06-13,-0.355826
2017-06-14,-0.378598
2017-06-15,-0.377215
2017-06-16,-0.40078
2017-06-19,-0.387929
2017-06-20,-0.403708
2017-06-21,-0.399021
2017-06-22,-0.409959
2017-06-23,-0.398437
2017-06-26,-0.405485
2017-06-27,-0.386036
2017-06-28,-0.383161
2017-06-29,-0.358174
2017-06-30,-0.364396
2017-07-03,-0.350325
2017-07-05,-0.362365
2017-07-06,-0.337053
2017-07-07,-0.331224
2017-07-10,-0.334158
2017-07-11,-0.351862
2017-07-12,-0.351284
2017-07-13,-0.332904
2017-07-14,-0.322792
2017-07-17,-0.317841
2017-07-18,-0.322209
2017-07-19,-0.321695
2017-07-20,-0.319973
2017-07-21,-0.340595
2017-07-24,-0.333476
2017-07-25,-0.315951
2017-07-26,-0.319462
2017-07-27,-0.315596
2017-07-28,-0.326081
2017-07-31,-0.342976
2017-08-01,-0.346379
2017-08-02,-0.348032
2017-08-03,-0.363015
2017-08-04,-0.338629
2017-08-07,-0.352226
2017-08-08,-0.33755
2017-08-09,-0.366508
2017-08-10,-0.365295
2017-08-11,-0.390821
2017-08-14,-0.363017
2017-08-15,-0.344218
2017-08-16,-0.349611
2017-08-17,-0.380945
2017-08-18,-0.366645
2017-08-21,-0.39404
2017-08-22,-0.369584
2017-08-23,-0.381261
2017-08-24,-0.370869
2017-08-25,-0.376124
2017-08-28,-0.375567
2017-08-29,-0.397809
2017-08-30,-0.394237
2017-08-31,-0.405192
2017-09-01,-0.372228
2017-09-05,-0.424595
2017-09-06,-0.419575
2017-09-07,-0.446229
2017-09-08,-0.438462
2017-09-11,-0.404211
2017-09-12,-0.399544
2017-09-13,-0.374912
2017-09-14,-0.39732
2017-09-15,-0.389035
2017-09-18,-0.391617
2017-09-19,-0.386513
2017-09-20,-0.358023
2017-09-21,-0.368816
2017-09-22,-0.366524
2017-09-25,-0.38268
2017-09-26,-0.374021
2017-09-27,-0.345411
2017-09-28,-0.344232
2017-09-29,-0.338715
2017-10-02,-0.334183
2017-10-03,-0.346354
2017-10-04,-0.351083
2017-10-05,-0.337969
2017-10-06,-0.341454
2017-10-10,-0.348057
2017-10-11,-0.343506
2017-10-12,-0.350989
2017-10-13,-0.370294
2017-10-16,-0.354603
2017-10-17,-0.358652
2017-10-18,-0.333511
2017-10-19,-0.348875
2017-10-20,-0.329363
2017-10-23,-0.330343
2017-10-24,-0.317332
2017-10-25,-0.30164
2017-10-26,-0.296762
2017-10-27,-0.322935
2017-10-30,-0.33698
2017-10-31,-0.339713
2017-11-01,-0.337184
2017-11-02,-0.348938
2017-11-03,-0.356461
2017-11-06,-0.367751
2017-11-07,-0.375943
2017-11-08,-0.36537
2017-11-09,-0.36121
2017-11-10,-0.33579
2017-11-13,-0.337358
2017-11-14,-0.350019
2017-11-15,-0.372459
2017-11-16,-0.361549
2017-11-17,-0.36901
2017-11-20,-0.366036
2017-11-21,-0.367207
2017-11-22,-0.374123
2017-11-24,-0.372547
2017-11-27,-0.376786
2017-11-28,-0.373438
2017-11-29,-0.354568
2017-11-30,-0.345583
2017-12-01,-0.380756
2017-12-04,-0.377331
2017-12-05,-0.396434
2017-12-06,-0.402164
2017-12-07,-0.379538
2017-12-08,-0.38058
2017-12-11,-0.375115
2017-12-12,-0.379671
2017-12-13,-0.39719
2017-12-14,-0.406504
2017-12-15,-0.413443
2017-12-18,-0.389407
2017-12-19,-0.357903
2017-12-20,-0.343015
2017-12-21,-0.354804
2017-12-22,-0.358452
2017-12-26,-0.364124
2017-12-27,-0.391643
2017-12-28,-0.397486
2017-12-29,-0.413675
2018-01-02,-0.390926
2018-01-03,-0.388618
2018-01-04,-0.389341
2018-01-05,-0.383516
2018-01-08,-0.382321
2018-01-09,-0.347079
2018-01-10,-0.34547
2018-01-11,-0.347683
2018-01-12,-0.357203
2018-01-16,-0.362314
2018-01-17,-0.355595
2018-01-18,-0.33113
2018-01-19,-0.326682
2018-01-22,-0.319813
2018-01-23,-0.331987
2018-01-24,-0.3183
2018-01-25,-0.332429
2018-01-26,-0.327047
2018-01-29,-0.315058
2018-01-30,-0.296898
2018-01-31,-0.312653
2018-02-01,-0.279274
2018-02-02,-0.251585
2018-02-05,-0.273431
2018-02-06,-0.266453
2018-02-07,-0.244066
2018-02-08,-0.23372
2018-02-09,-0.240984
2018-02-12,-0.266426
2018-02-13,-0.26642
2018-02-14,-0.234404
2018-02-15,-0.248336
2018-02-16,-0.257215
2018-02-20,-0.252403
2018-02-21,-0.22503
2018-02-22,-0.232328
2018-02-23,-0.255297
2018-02-26,-0.25567
2018-02-27,-0.245964
2018-02-28,-0.269009
2018-03-01,-0.289447
2018-03-02,-0.263649
2018-03-05,-0.257267
2018-03-06,-0.268981
2018-03-07,-0.259201
2018-03-08,-0.27322
2018-03-09,-0.260049
2018-03-12,-0.280699
2018-03-13,-0.292982
2018-03-14,-0.308066
2018-03-15,-0.309409
2018-03-16,-0.300576
2018-03-19,-0.301753
2018-03-20,-0.284659
2018-03-21,-0.285449
2018-03-22,-0.309359
2018-03-23,-0.306531
2018-03-26,-0.300411
2018-03-27,-0.326996
2018-03-28,-0.335375
2018-03-29,-0.350743
2018-04-02,-0.349333
2018-04-03,-0.3246
2018-04-04,-0.317873
2018-04-05,-0.291146
2018-04-06,-0.326993
2018-04-09,-0.325067
2018-04-10,-0.316043
2018-04-11,-0.328625
2018-04-12,-0.305074
2018-04-13,-0.309882
2018-04-16,-0.312411
2018-04-17,-0.327435
2018-04-18,-0.267625
2018-04-19,-0.283901
2018-04-20,-0.27487
2018-04-23,-0.276368
2018-04-24,-0.269429
2018-04-25,-0.245173
2018-04-26,-0.258416
2018-04-27,-0.276492
2018-04-30,-0.279403
2018-05-01,-0.243426
2018-05-02,-0.252453
2018-05-03,-0.254631
2018-05-04,-0.196705
2018-05-07,-0.190508
2018-05-08,-0.180619
2018-05-09,-0.169446
2018-05-10,-0.183612
2018-05-11,-0.20122
2018-05-14,-0.19666
2018-05-15,-0.177282
2018-05-16,-0.199129
2018-05-17,-0.201059
2018-05-18,-0.200219
2018-05-21,-0.183174
2018-05-22,-0.19035
2018-05-23,-0.207632
2018-05-24,-0.25893
2018-05-25,-0.293539
2018-05-29,-0.34917
2018-05-30,-0.326961
2018-05-31,-0.347276
2018-06-01,-0.326003
2018-06-04,-0.306902
2018-06-05,-0.318342
2018-06-06,-0.297152
2018-06-07,-0.317397
2018-06-08,-0.312277
2018-06-11,-0.293333
2018-06-12,-0.213525
2018-06-13,-0.201747
2018-06-14,-0.217477
2018-06-15,-0.220144
2018-06-18,-0.212762
2018-06-19,-0.219945
2018-06-20,-0.199916
2018-06-21,-0.215905
2018-06-22,-0.214091
2018-06-25,-0.23087
2018-06-26,-0.213862
2018-06-27,-0.251137
2018-06-28,-0.25279
2018-06-29,-0.236811
2018-07-02,-0.248651
2018-07-03,-0.259956
2018-07-05,-0.238299
2018-07-06,-0.231486
2018-07-09,-0.249271
2018-07-10,-0.230443
2018-07-11,-0.221907
2018-07-12,-0.222346
2018-07-13,-0.239029
2018-07-16,-0.223543
2018-07-17,-0.222449
2018-07-18,-0.234122
2018-07-19,-0.239736
2018-07-20,-0.207956
2018-07-23,-0.176927
2018-07-24,-0.187457
2018-07-25,-0.168376
2018-07-26,-0.167904
2018-07-27,-0.186921
2018-07-30,-0.179949
2018-07-31,-0.188039
2018-08-01,-0.18235
2018-08-02,-0.176218
2018-08-03,-0.178565
2018-08-06,-0.179718
2018-08-07,-0.171343
2018-08-08,-0.16845
2018-08-09,-0.187201
2018-08-10,-0.227999
2018-08-13,-0.214379
2018-08-14,-0.2001
2018-08-15,-0.209046
2018-08-16,-0.214215
2018-08-17,-0.233221
2018-08-20,-0.242059
2018-08-21,-0.226695
2018-08-22,-0.232544
2018-08-23,-0.238714
2018-08-24,-0.236037
2018-08-27,-0.228744
2018-08-28,-0.20158
2018-08-29,-0.225411
2018-08-30,-0.237587
2018-08-31,-0.247432
2018-09-04,-0.212766
2018-09-05,-0.222138
2018-09-06,-0.223223
2018-09-07,-0.196403
2018-09-10,-0.206133
2018-09-11,-0.176886
2018-09-12,-0.192369
2018-09-13,-0.19602
2018-09-14,-0.188294
2018-09-17,-0.185154
2018-09-18,-0.156913
2018-09-19,-0.152667
2018-09-20,-0.171505
2018-09-21,-0.183026
2018-09-24,-0.182833
2018-09-25,-0.17892
2018-09-26,-0.192671
2018-09-27,-0.182712
2018-09-28,-0.183874
2018-10-01,-0.165756
2018-10-02,-0.182327
2018-10-03,-0.137123
2018-10-04,-0.10514
2018-10-05,-0.092018
2018-10-09,-0.115859
2018-10-10,-0.105262
2018-10-11,-0.139544
2018-10-12,-0.141078
2018-10-15,-0.137805
2018-10-16,-0.146322
2018-10-17,-0.124705
2018-10-18,-0.128305
2018-10-19,-0.104725
2018-10-22,-0.105134
2018-10-23,-0.121275
2018-10-24,-0.156469
2018-10-25,-0.145616
2018-10-26,-0.166864
2018-10-29,-0.16922
2018-10-30,-0.129488
2018-10-31,-0.118778
2018-11-01,-0.131127
2018-11-02,-0.093762
2018-11-05,-0.103049
2018-11-06,-0.095094
2018-11-07,-0.085938
2018-11-08,-0.084944
2018-11-09,-0.10469
2018-11-13,-0.138003
2018-11-14,-0.150471
2018-11-15,-0.13762
2018-11-16,-0.160063
2018-11-19,-0.16537
2018-11-20,-0.166098
2018-11-21,-0.171406
2018-11-23,-0.152839
2018-11-26,-0.17542
2018-11-27,-0.172964
2018-11-28,-0.272015
2018-11-29,-0.206506
2018-11-30,-0.244176
2018-12-03,-0.20981
2018-12-04,-0.252921
2018-12-06,-0.282824
2018-12-07,-0.317484
2018-12-10,-0.325597
2018-12-11,-0.289233
2018-12-12,-0.314993
2018-12-13,-0.366089
2018-12-14,-0.415572
2018-12-17,-0.418408
2018-12-18,-0.421876
2018-12-19,-0.450672
2018-12-20,-0.447623
2018-12-21,-0.43795
2018-12-24,-0.441881
2018-12-26,-0.424195
2018-12-27,-0.44064
2018-12-28,-0.458839
2018-12-31,-0.476767
2019-01-02,-0.476275
2019-01-03,-0.501083
2019-01-04,-0.457894
2019-01-07,-0.448164
2019-01-08,-0.451459
2019-01-09,-0.436061
2019-01-10,-0.431814
2019-01-11,-0.439236
2019-01-14,-0.433377
2019-01-15,-0.430408
2019-01-16,-0.431153
2019-01-17,-0.428572
2019-01-18,-0.426468
2019-01-22,-0.437957
2019-01-23,-0.432669
2019-01-24,-0.442742
2019-01-25,-0.436035
2019-01-28,-0.437158
2019-01-29,-0.446227
2019-01-30,-0.433938
2019-01-31,-0.458415
2019-02-01,-0.441612
2019-02-04,-0.425156
2019-02-05,-0.432811
2019-02-06,-0.434023
2019-02-07,-0.446878
2019-02-08,-0.453753
2019-02-11,-0.448516
2019-02-12,-0.438367
2019-02-13,-0.437261
2019-02-14,-0.448998
2019-02-15,-0.456004
2019-02-19,-0.456179
2019-02-20,-0.455776
2019-02-21,-0.440383
2019-02-22,-0.449711
2019-02-25,-0.445091
2019-02-26,-0.456847
2019-02-27,-0.430164
2019-02-28,-0.418556
2019-03-01,-0.41069
2019-03-04,-0.42736
2019-03-05,-0.430873
2019-03-06,-0.439144
2019-03-07,-0.451873
2019-03-08,-0.460909
2019-03-11,-0.452832
2019-03-12,-0.468373
2019-03-13,-0.466008
2019-03-14,-0.450505
2019-03-15,-0.465672
2019-03-18,-0.46121
2019-03-19,-0.455207
2019-03-20,-0.472682
2019-03-21,-0.474864
2019-03-22,-0.514216
2019-03-25,-0.529274
2019-03-26,-0.524112
2019-03-27,-0.548635
2019-03-28,-0.550162
2019-03-29,-0.536806
2019-04-01,-0.489291
2019-04-02,-0.495885
2019-04-03,-0.476824
2019-04-04,-0.478109
2019-04-05,-0.486225
2019-04-08,-0.47856
2019-04-09,-0.484298
2019-04-10,-0.497346
2019-04-11,-0.485017
2019-04-12,-0.469532
2019-04-15,-0.472936
2019-04-16,-0.456756
2019-04-17,-0.454804
2019-04-18,-0.470569
2019-04-22,-0.4536
2019-04-23,-0.456988
2019-04-24,-0.476966
2019-04-25,-0.476111
2019-04-26,-0.495774
2019-04-29,-0.482036
2019-04-30,-0.493934
2019-05-01,-0.476552
2019-05-02,-0.465889
2019-05-03,-0.474215
2019-05-06,-0.486271
2019-05-07,-0.51006
2019-05-08,-0.499472
2019-05-09,-0.516239
2019-05-10,-0.519928
2019-05-13,-0.556241
2019-05-14,-0.538205
2019-05-15,-0.557149
2019-05-16,-0.536551
2019-05-17,-0.543466
2019-05-20,-0.531333
2019-05-21,-0.515785
2019-05-22,-0.531675
2019-05-23,-0.587919
2019-05-24,-0.583752
2019-05-28,-0.612007
2019-05-29,-0.62401
2019-05-30,-0.655388
2019-05-31,-0.725599
2019-06-03,-0.759138
2019-06-04,-0.692439
2019-06-05,-0.68593
2019-06-06,-0.641143
2019-06-07,-0.650472
2019-06-10,-0.610564
2019-06-11,-0.60891
2019-06-12,-0.631185
2019-06-13,-0.639403
2019-06-14,-0.626615
2019-06-17,-0.623565
2019-06-18,-0.633265
2019-06-19,-0.689333
2019-06-20,-0.664111
2019-06-21,-0.639495
2019-06-24,-0.671614
2019-06-25,-0.675474
2019-06-26,-0.645397
2019-06-27,-0.672469
2019-06-28,-0.659788
2019-07-01,-0.629642
2019-07-02,-0.640506
2019-07-03,-0.653862
2019-07-05,-0.597303
2019-07-08,-0.604075
2019-07-09,-0.601706
2019-07-10,-0.602496
2019-07-11,-0.58384
2019-07-12,-0.588855
2019-07-15,-0.592655
2019-07-16,-0.579241
2019-07-17,-0.597232
2019-07-18,-0.611756
2019-07-19,-0.597406
2019-07-22,-0.602827
2019-07-23,-0.59379
2019-07-24,-0.614379
2019-07-25,-0.602748
2019-07-26,-0.623264
2019-07-29,-0.630202
2019-07-30,-0.640762
2019-07-31,-0.653536
2019-08-01,-0.712559
2019-08-02,-0.710717
2019-08-05,-0.772724
2019-08-06,-0.778148
2019-08-07,-0.768055
2019-08-08,-0.751292
2019-08-09,-0.739291
2019-08-12,-0.796829
2019-08-13,-0.794163
2019-08-14,-0.858812
2019-08-15,-0.887354
2019-08-16,-0.866656
2019-08-19,-0.822913
2019-08-20,-0.848658
2019-08-21,-0.808315
2019-08-22,-0.769936
2019-08-23,-0.823813
2019-08-26,-0.808584
2019-08-27,-0.839467
2019-08-28,-0.851819
2019-08-29,-0.835521
2019-08-30,-0.859881
2019-09-03,-0.8647
2019-09-04,-0.846162
2019-09-05,-0.779802
2019-09-06,-0.789864
2019-09-09,-0.743575
2019-09-10,-0.701871
2019-09-11,-0.692801
2019-09-12,-0.673497
2019-09-13,-0.630685
2019-09-16,-0.66868
2019-09-17,-0.687816
2019-09-18,-0.682119
2019-09-19,-0.697694
2019-09-20,-0.733113
2019-09-23,-0.732649
2019-09-24,-0.782362
2019-09-25,-0.726619
2019-09-26,-0.734537
2019-09-27,-0.740887
2019-09-30,-0.73735
2019-10-01,-0.746875
2019-10-02,-0.754098
2019-10-03,-0.768289
2019-10-04,-0.761947
2019-10-07,-0.729987
2019-10-08,-0.743793
2019-10-09,-0.707569
2019-10-10,-0.663987
2019-10-11,-0.63084
2019-10-15,-0.621876
2019-10-16,-0.618055
2019-10-17,-0.616292
2019-10-18,-0.610815
2019-10-21,-0.599087
2019-10-22,-0.609797
2019-10-23,-0.612015
2019-10-24,-0.60889
2019-10-25,-0.605313
2019-10-28,-0.584769
2019-10-29,-0.589587
2019-10-30,-0.609174
2019-10-31,-0.627304
2019-11-01,-0.619843
2019-11-04,-0.597928
2019-11-05,-0.569801
2019-11-06,-0.585335
2019-11-07,-0.548576
2019-11-08,-0.534644
2019-11-12,-0.543969
2019-11-13,-0.55348
2019-11-14,-0.566524
2019-11-15,-0.568921
2019-11-18,-0.57406
2019-11-19,-0.590816
2019-11-20,-0.608835
2019-11-21,-0.600286
2019-11-22,-0.609101
2019-11-25,-0.612098
2019-11-26,-0.618566
2019-11-27,-0.616394
2019-11-29,-0.610024
2019-12-02,-0.574125
2019-12-03,-0.620293
2019-12-04,-0.598138
2019-12-05,-0.58761
2019-12-06,-0.577232
2019-12-09,-0.585256
2019-12-10,-0.591885
2019-12-11,-0.604505
2019-12-12,-0.565721
2019-12-13,-0.585517
2019-12-16,-0.563433
2019-12-17,-0.559343
2019-12-18,-0.5383
2019-12-19,-0.550259
2019-12-20,-0.544389
2019-12-23,-0.540982
2019-12-24,-0.558548
2019-12-26,-0.55091
2019-12-27,-0.567647
2019-12-30,-0.572492
2019-12-31,-0.56718
2020-01-02,-0.563171
2020-01-03,-0.589542
2020-01-06,-0.579022
2020-01-07,-0.56738
2020-01-08,-0.537732
2020-01-09,-0.554035
2020-01-10,-0.570053
2020-01-13,-0.559842
2020-01-14,-0.572399
2020-01-15,-0.59029
2020-01-16,-0.577737
2020-01-17,-0.550939
2020-01-21,-0.584744
2020-01-22,-0.601739
2020-01-23,-0.617149
2020-01-24,-0.631393
2020-01-27,-0.67961
2020-01-28,-0.663785
2020-01-29,-0.703021
2020-01-30,-0.704304
2020-01-31,-0.742055
2020-02-03,-0.734684
2020-02-04,-0.682628
2020-02-05,-0.646619
2020-02-06,-0.661504
2020-02-07,-0.686654
2020-02-10,-0.694915
2020-02-11,-0.679738
2020-02-12,-0.659749
2020-02-13,-0.661068
2020-02-14,-0.670339
2020-02-18,-0.688488
2020-02-19,-0.680395
2020-02-20,-0.706425
2020-02-21,-0.737349
2020-02-24,-0.776981
2020-02-25,-0.797136
2020-02-26,-0.812028
2020-02-27,-0.797952
2020-02-28,-0.895144
2020-03-02,-0.819203
2020-03-03,-0.777765
2020-03-04,-0.711501
2020-03-05,-0.703121
2020-03-06,-0.785861
2020-03-09,-0.928087
2020-03-10,-0.770447
2020-03-11,-0.872046
2020-03-12,-0.749043
2020-03-13,-0.818197
2020-03-16,-0.922305
2020-03-17,-0.663631
2020-03-18,-0.557699
2020-03-19,-0.561565
2020-03-20,-0.637716
2020-03-23,-0.726042
2020-03-24,-0.695534
2020-03-25,-0.663255
2020-03-26,-0.665176
2020-03-27,-0.712202
2020-03-30,-0.717312
2020-03-31,-0.698002
2020-04-01,-0.764027
2020-04-02,-0.780599
2020-04-03,-0.728259
2020-04-06,-0.716803
2020-04-07,-0.692314
2020-04-08,-0.686756
2020-04-09,-0.692418
2020-04-13,-0.724275
2020-04-14,-0.703303
2020-04-15,-0.725067
2020-04-16,-0.747851
2020-04-17,-0.724392
2020-04-20,-0.717533
2020-04-21,-0.747802
2020-04-22,-0.724016
2020-04-23,-0.741578
2020-04-24,-0.74159
2020-04-27,-0.712323
2020-04-28,-0.73634
2020-04-29,-0.760086
2020-04-30,-0.741312
2020-05-01,-0.760177
2020-05-04,-0.749611
2020-05-05,-0.748295
2020-05-06,-0.709972
2020-05-07,-0.759835
2020-05-08,-0.722215
2020-05-11,-0.701196
2020-05-12,-0.721393
2020-05-13,-0.749457
2020-05-14,-0.759782
2020-05-15,-0.753796
2020-05-18,-0.706687
2020-05-19,-0.705571
2020-05-20,-0.722937
2020-05-21,-0.725564
2020-05-22,-0.736451
2020-05-26,-0.710135
2020-05-27,-0.718167
2020-05-28,-0.719787
2020-05-29,-0.747415
2020-06-01,-0.730977
2020-06-02,-0.728339
2020-06-03,-0.691458
2020-06-04,-0.665101
2020-06-05,-0.643296
2020-06-08,-0.635654
2020-06-09,-0.660815
2020-06-10,-0.690347
2020-06-11,-0.730889
2020-06-12,-0.710354
2020-06-15,-0.711531
2020-06-16,-0.677704
2020-06-17,-0.690256
2020-06-18,-0.706817
2020-06-19,-0.714064
2020-06-22,-0.707511
2020-06-23,-0.701566
2020-06-24,-0.717137
2020-06-25,-0.72577
2020-06-26,-0.744631
2020-06-29,-0.747633
2020-06-30,-0.733657
2020-07-01,-0.731986
2020-07-02,-0.737877
2020-07-06,-0.719308
2020-07-07,-0.740544
2020-07-08,-0.741892
2020-07-09,-0.769234
2020-07-10,-0.75952
2020-07-13,-0.756614
2020-07-14,-0.76046
2020-07-15,-0.747843
2020-07-16,-0.75518
2020-07-17,-0.746894
2020-07-20,-0.753584
2020-07-21,-0.760117
2020-07-22,-0.762064
2020-07-23,-0.774352
2020-07-24,-0.774296
2020-07-27,-0.756897
2020-07-28,-0.774254
2020-07-29,-0.772456
2020-07-30,-0.792557
2020-07-31,-0.795566
2020-08-03,-0.778749
2020-08-04,-0.80089
2020-08-05,-0.788973
2020-08-06,-0.788405
2020-08-07,-0.768425
2020-08-10,-0.763178
2020-08-11,-0.736891
2020-08-12,-0.716514
2020-08-13,-0.700836
2020-08-14,-0.698309
2020-08-17,-0.69901
2020-08-18,-0.715706
2020-08-19,-0.705863
2020-08-20,-0.729491
2020-08-21,-0.732456
2020-08-24,-0.72373
2020-08-25,-0.707806
2020-08-26,-0.697316
2020-08-27,-0.657553
2020-08-28,-0.653429
2020-08-31,-0.666855
2020-09-01,-0.689364
2020-09-02,-0.709747
2020-09-03,-0.725208
2020-09-04,-0.67843
2020-09-08,-0.688845
2020-09-09,-0.681256
2020-09-10,-0.695437
2020-09-11,-0.70017
2020-09-14,-0.698282
2020-09-15,-0.69547
2020-09-16,-0.69402
2020-09-17,-0.6986
2020-09-18,-0.684613
2020-09-21,-0.693159
2020-09-22,-0.694747
2020-09-23,-0.694884
2020-09-24,-0.709383
2020-09-25,-0.710784
2020-09-28,-0.705638
2020-09-29,-0.708902
2020-09-30,-0.690705
2020-10-01,-0.694513
2020-10-02,-0.685568
2020-10-05,-0.649051
2020-10-06,-0.651691
2020-10-07,-0.632447
2020-10-08,-0.652675
2020-10-09,-0.649987
2020-10-13,-0.665496
2020-10-14,-0.672631
2020-10-15,-0.671529
2020-10-16,-0.668926
2020-10-19,-0.663106
2020-10-20,-0.637232
2020-10-21,-0.629425
2020-10-22,-0.613905
2020-10-23,-0.621666
2020-10-26,-0.639637
2020-10-27,-0.644377
2020-10-28,-0.649105
2020-10-29,-0.629512
2020-10-30,-0.610081
2020-11-02,-0.613574
2020-11-03,-0.600594
2020-11-04,-0.650283
2020-11-05,-0.651434
2020-11-06,-0.622724
2020-11-09,-0.562629
2020-11-10,-0.557464
2020-11-12,-0.604157
2020-11-13,-0.596686
2020-11-16,-0.587795
2020-11-17,-0.604036
2020-11-18,-0.600736
2020-11-19,-0.615753
2020-11-20,-0.63402
2020-11-23,-0.619541
2020-11-24,-0.604711
2020-11-25,-0.601874
2020-11-27,-0.633302
2020-11-30,-0.624575
2020-12-01,-0.585538
2020-12-02,-0.565633
2020-12-03,-0.581952
2020-12-04,-0.552764
2020-12-07,-0.565258
2020-12-08,-0.575566
2020-12-09,-0.566957
2020-12-10,-0.585141
2020-12-11,-0.591002
2020-12-14,-0.58735
2020-12-15,-0.580697
2020-12-16,-0.574411
2020-12-17,-0.563617
2020-12-18,-0.557279
2020-12-21,-0.558874
2020-12-22,-0.571247
2020-12-23,-0.552215
2020-12-24,-0.56289
2020-12-28,-0.56338
2020-12-29,-0.557089
2020-12-30,-0.565349
2020-12-31,-0.56828
2021-01-04,-0.559771
2021-01-05,-0.543141
2021-01-06,-0.497832
2021-01-07,-0.488086
2021-01-08,-0.476572
2021-01-11,-0.471561
2021-01-12,-0.47074
2021-01-13,-0.493965
2021-01-14,-0.46048
2021-01-15,-0.470462
2021-01-19,-0.474555
2021-01-20,-0.475256
2021-01-21,-0.461504
2021-01-22,-0.470818
2021-01-25,-0.48859
2021-01-26,-0.48983
2021-01-27,-0.497137
2021-01-28,-0.483921
2021-01-29,-0.465934
2021-02-01,-0.469574
2021-02-02,-0.457384
2021-02-03,-0.44252
2021-02-04,-0.429901
2021-02-05,-0.404212
2021-02-08,-0.417163
2021-02-09,-0.416033
2021-02-10,-0.4239
2021-02-11,-0.422234
2021-02-12,-0.3999
2021-02-16,-0.370784
2021-02-17,-0.380261
2021-02-18,-0.377813
2021-02-19,-0.346638
2021-02-22,-0.325837
2021-02-23,-0.317006
2021-02-24,-0.311281
2021-02-25,-0.308675
2021-02-26,-0.377099
2021-03-01,-0.345234
2021-03-02,-0.335933
2021-03-03,-0.318328
2021-03-04,-0.292439
2021-03-05,-0.307711
2021-03-08,-0.315927
2021-03-09,-0.327999
2021-03-10,-0.332369
2021-03-11,-0.321607
2021-03-12,-0.274482
2021-03-15,-0.281821
2021-03-16,-0.271587
2021-03-17,-0.244551
2021-03-18,-0.221918
2021-03-19,-0.233336
2021-03-22,-0.250991
2021-03-23,-0.267533
2021-03-24,-0.27841
2021-03-25,-0.266156
2021-03-26,-0.258056
2021-03-29,-0.254907
2021-03-30,-0.267962
2021-03-31,-0.263206
2021-04-01,-0.295642
2021-04-02,-0.31255
2021-04-05,-0.281837
2021-04-06,-0.276577
2021-04-07,-0.265047
2021-04-08,-0.284799
2021-04-09,-0.281856
2021-04-12,-0.281271
2021-04-13,-0.293129
2021-04-14,-0.282482
2021-04-15,-0.317181
2021-04-16,-0.305284
2021-04-19,-0.29458
2021-04-20,-0.304468
2021-04-21,-0.309035
2021-04-22,-0.316647
2021-04-23,-0.307358
2021-04-26,-0.318669
2021-04-27,-0.301924
2021-04-28,-0.304652
2021-04-29,-0.283592
2021-04-30,-0.284544
2021-05-03,-0.283352
2021-05-04,-0.293067
2021-05-05,-0.300283
2021-05-06,-0.303727
2021-05-07,-0.254942
2021-05-10,-0.239528
2021-05-11,-0.232483
2021-05-12,-0.215432
2021-05-13,-0.227739
2021-05-14,-0.242815
2021-05-17,-0.246568
2021-05-18,-0.238959
2021-05-19,-0.229507
2021-05-20,-0.24057
2021-05-21,-0.252522
2021-05-24,-0.248402
2021-05-25,-0.273154
2021-05-26,-0.272789
2021-05-27,-0.266242
2021-05-28,-0.278842
2021-06-01,-0.263181
2021-06-02,-0.263424
2021-06-03,-0.272339
2021-06-04,-0.290635
2021-06-07,-0.288737
2021-06-08,-0.297929
2021-06-09,-0.306542
2021-06-10,-0.326159
2021-06-11,-0.341247
2021-06-14,-0.330432
2021-06-15,-0.31911
2021-06-16,-0.341997
2021-06-17,-0.391413
2021-06-18,-0.418223
2021-06-21,-0.379803
2021-06-22,-0.377678
2021-06-23,-0.374892
2021-06-24,-0.379472
2021-06-25,-0.35781
2021-06-28,-0.399285
2021-06-29,-0.400864
2021-06-30,-0.411057
2021-07-01,-0.413657
2021-07-02,-0.434087
2021-07-06,-0.443913
2021-07-07,-0.469819
2021-07-08,-0.464993
2021-07-09,-0.435483
2021-07-12,-0.423909
2021-07-13,-0.396578
2021-07-14,-0.438402
2021-07-15,-0.475242
2021-07-16,-0.462371
2021-07-19,-0.499049
2021-07-20,-0.476751
2021-07-21,-0.451553
2021-07-22,-0.460119
2021-07-23,-0.440544
2021-07-26,-0.460078
2021-07-27,-0.470851
2021-07-28,-0.479538
2021-07-29,-0.468558
2021-07-30,-0.484779
2021-08-02,-0.491292
2021-08-03,-0.499592
2021-08-04,-0.513076
2021-08-05,-0.51269
2021-08-06,-0.47695
2021-08-09,-0.465903
2021-08-10,-0.470455
2021-08-11,-0.468147
2021-08-12,-0.478592
2021-08-13,-0.522856
2021-08-16,-0.504832
2021-08-17,-0.506838
2021-08-18,-0.516448
2021-08-19,-0.531233
2021-08-20,-0.530269
2021-08-23,-0.522087
2021-08-24,-0.518159
2021-08-25,-0.491692
2021-08-26,-0.506844
2021-08-27,-0.516577
2021-08-30,-0.513095
2021-08-31,-0.506607
2021-09-01,-0.498286
2021-09-02,-0.51251
2021-09-03,-0.502726
2021-09-07,-0.48775
2021-09-08,-0.513663
2021-09-09,-0.521627
2021-09-10,-0.508983
2021-09-13,-0.526161
2021-09-14,-0.549052
2021-09-15,-0.554227
2021-09-16,-0.545329
2021-09-17,-0.539199
2021-09-20,-0.555692
2021-09-21,-0.543827
2021-09-22,-0.565042
2021-09-23,-0.534577
2021-09-24,-0.498361
2021-09-27,-0.505045
2021-09-28,-0.475902
2021-09-29,-0.458549
2021-09-30,-0.479484
2021-10-01,-0.479864
2021-10-04,-0.470256
2021-10-05,-0.452534
2021-10-06,-0.461641
2021-10-07,-0.445461
2021-10-08,-0.42862
2021-10-12,-0.452436
2021-10-13,-0.475956
2021-10-14,-0.467031
2021-10-15,-0.455431
2021-10-18,-0.4667
2021-10-19,-0.435407
2021-10-20,-0.43896
2021-10-21,-0.410814
2021-10-22,-0.419762
2021-10-25,-0.422083
2021-10-26,-0.432289
2021-10-27,-0.460625
2021-10-28,-0.456785
2021-10-29,-0.464233
2021-11-01,-0.431881
2021-11-02,-0.468033
2021-11-03,-0.459259
2021-11-04,-0.481314
2021-11-05,-0.515109
2021-11-08,-0.490547
2021-11-09,-0.524074
2021-11-10,-0.488589
2021-11-12,-0.471904
2021-11-15,-0.448205
2021-11-16,-0.451646
2021-11-17,-0.460317
2021-11-18,-0.461377
2021-11-19,-0.48201
2021-11-22,-0.429905
2021-11-23,-0.426433
2021-11-24,-0.434193
2021-11-26,-0.537066
2021-11-29,-0.525004
2021-11-30,-0.541394
2021-12-01,-0.414269
2021-12-02,-0.49056
2021-12-03,-0.524881
2021-12-06,-0.486239
2021-12-07,-0.467605
2021-12-08,-0.468997
2021-12-09,-0.470844
2021-12-10,-0.489106
2021-12-13,-0.51396
2021-12-14,-0.500004
2021-12-15,-0.482496
2021-12-16,-0.411918
2021-12-17,-0.425875
2021-12-20,-0.407457
2021-12-21,-0.401004
2021-12-22,-0.409627
2021-12-23,-0.397376
2021-12-27,-0.395764
2021-12-28,-0.394143
2021-12-29,-0.362839
2021-12-30,-0.381222
2021-12-31,-0.398727
2022-01-03,-0.357012
2022-01-04,-0.334251
2022-01-05,-0.324798
2022-01-06,-0.325618
2022-01-07,-0.31328
2022-01-10,-0.316442
2022-01-11,-0.325292
2022-01-12,-0.318602
2022-01-13,-0.336495
2022-01-14,-0.30167
2022-01-18,-0.285699
2022-01-19,-0.298708
2022-01-20,-0.29095
2022-01-21,-0.328856
2022-01-24,-0.329829
2022-01-25,-0.322447
2022-01-26,-0.290879
2022-01-27,-0.303599
2022-01-28,-0.324941
2022-01-31,-0.314776
2022-02-01,-0.314013
2022-02-02,-0.320022
2022-02-03,-0.309419
2022-02-04,-0.296889
2022-02-07,-0.279432
2022-02-08,-0.258319
2022-02-09,-0.252007
2022-02-10,-0.217244
2022-02-11,-0.251961
2022-02-14,-0.210185
2022-02-15,-0.165736
2022-02-16,-0.184109
2022-02-17,-0.1996
2022-02-18,-0.20617
2022-02-22,-0.201672
2022-02-23,-0.159006
2022-02-24,-0.139311
2022-02-25,-0.164508
2022-02-28,-0.254641
2022-03-01,-0.268622
2022-03-02,-0.160748
2022-03-03,-0.144064
2022-03-04,-0.189667
2022-03-07,-0.179989
2022-03-08,-0.135755
2022-03-09,-0.129483
2022-03-10,-0.124339
2022-03-11,-0.145301
2022-03-14,-0.066944
2022-03-15,-0.091321
2022-03-16,-0.055056
2022-03-17,-0.001143
2022-03-18,-0.005444
2022-03-21,0.08353
2022-03-22,0.08213
2022-03-23,0.064232
2022-03-24,0.056919
2022-03-25,0.085539
2022-03-28,0.083792
2022-03-29,0.066821
2022-03-30,0.035113
2022-03-31,-0.004581
2022-04-01,0.021385
2022-04-04,0.024158
2022-04-05,0.056317
2022-04-06,0.096114
2022-04-07,0.134514
2022-04-08,0.166358
2022-04-11,0.129621
2022-04-12,0.115477
2022-04-13,0.097286
2022-04-14,0.154468
2022-04-18,0.174867
2022-04-19,0.239178
2022-04-20,0.186978
2022-04-21,0.204512
2022-04-22,0.206654
2022-04-25,0.127782
2022-04-26,0.066664
2022-04-27,0.116429
2022-04-28,0.124254
2022-04-29,0.1558
2022-05-02,0.170368
2022-05-03,0.171771
2022-05-04,0.183265
2022-05-05,0.26148
2022-05-06,0.306616
2022-05-09,0.225152
2022-05-10,0.219432
2022-05-11,0.211943
2022-05-12,0.139056
2022-05-13,0.169064
2022-05-16,0.13681
2022-05-17,0.192658
2022-05-18,0.132639
2022-05-19,0.119335
2022-05-20,0.104003
2022-05-23,0.09759
2022-05-24,-0.031585
2022-05-25,0.011499
2022-05-26,-0.002411
2022-05-27,-0.073268
2022-05-31,-0.052258
2022-06-01,-0.018789
2022-06-02,-0.054767
2022-06-03,-0.035363
2022-06-06,0.009677
2022-06-07,0.021642
2022-06-08,0.010941
2022-06-09,-0.000053
2022-06-10,0.079227
2022-06-13,0.220593
2022-06-14,0.147824
2022-06-15,0.119327
2022-06-16,-0.141542
2022-06-17,-0.007269
2022-06-21,0.025405
2022-06-22,-0.072114
2022-06-23,-0.093357
2022-06-24,-0.097724
2022-06-27,-0.083532
2022-06-28,-0.045931
2022-06-29,-0.085316
2022-06-30,-0.104486
2022-07-01,-0.303246
2022-07-05,-0.155263
2022-07-06,-0.092418
2022-07-07,-0.073316
2022-07-08,-0.047001
2022-07-11,-0.121282
2022-07-12,-0.15818
2022-07-13,-0.239771
2022-07-14,-0.21035
2022-07-15,-0.222084
2022-07-18,-0.213577
2022-07-19,-0.211943
2022-07-20,-0.230802
2022-07-21,-0.386649
2022-07-22,-0.435041
2022-07-25,-0.409152
2022-07-26,-0.404054
2022-07-27,-0.414864
2022-07-28,-0.441602
2022-07-29,-0.461939
2022-08-01,-0.479986
2022-08-02,-0.420854
2022-08-03,-0.442123
2022-08-04,-0.460039
2022-08-05,-0.38508
2022-08-08,-0.409675
2022-08-09,-0.419932
2022-08-10,-0.383187
2022-08-11,-0.354451
2022-08-12,-0.347925
2022-08-15,-0.384931
2022-08-16,-0.362873
2022-08-17,-0.366184
2022-08-18,-0.398751
2022-08-19,-0.353088
2022-08-22,-0.346469
2022-08-23,-0.342867
2022-08-24,-0.298473
2022-08-25,-0.336994
2022-08-26,-0.357769
2022-08-29,-0.347804
2022-08-30,-0.344315
2022-08-31,-0.363389
2022-09-01,-0.316814
2022-09-02,-0.355149
2022-09-06,-0.31009
2022-09-07,-0.341006
2022-09-08,-0.329276
2022-09-09,-0.328514
2022-09-12,-0.322191
2022-09-13,-0.36172
2022-09-14,-0.378674
2022-09-15,-0.355379
2022-09-16,-0.31369
2022-09-19,-0.320654
2022-09-20,-0.318162
2022-09-21,-0.252617
2022-09-22,-0.163741
2022-09-23,-0.264268
2022-09-26,-0.211909
2022-09-27,-0.180925
2022-09-28,-0.262083
2022-09-29,-0.220634
2022-09-30,-0.205608
2022-10-03,-0.286507
2022-10-04,-0.28014
2022-10-05,-0.171172
2022-10-06,-0.115905
2022-10-07,-0.211495
2022-10-11,-0.113908
2022-10-12,-0.120877
2022-10-13,-0.063767
2022-10-14,-0.067327
2022-10-17,-0.095026
2022-10-18,-0.121434
2022-10-19,-0.119548
2022-10-20,-0.111522
2022-10-21,-0.097658
2022-10-24,-0.069762
2022-10-25,-0.278235
2022-10-26,-0.161198
2022-10-27,-0.321749
2022-10-28,-0.109709
2022-10-31,-0.137445
2022-11-01,-0.339339
2022-11-02,-0.102801
2022-11-03,-0.001518
2022-11-04,0.033849
2022-11-07,0.086667
2022-11-08,0.066141
2022-11-09,0.038825
2022-11-10,-0.380385
2022-11-14,-0.38343
2022-11-15,-0.404139
2022-11-16,-0.470484
2022-11-17,-0.462505
2022-11-18,-0.465157
2022-11-21,-0.087345
2022-11-22,-0.507842
2022-11-23,-0.535217
2022-11-25,-0.535693
2022-11-28,-0.534667
2022-11-29,-0.508675
2022-11-30,-0.50079
2022-12-01,-0.532753
2022-12-02,-0.553587
2022-12-05,-0.559829
2022-12-06,-0.590085
2022-12-07,-0.609887
2022-12-08,-0.594824
2022-12-09,-0.555409
2022-12-12,-0.563216
2022-12-13,-0.572462
2022-12-14,-0.576017
2022-12-15,-0.606267
2022-12-16,-0.558648
2022-12-19,-0.534771
2022-12-20,-0.476881
2022-12-21,-0.467154
2022-12-22,-0.486981
2022-12-23,-0.463478
2022-12-27,-0.431969
2022-12-28,-0.410469
2022-12-29,-0.43638
2022-12-30,-0.431449
2023-01-03,-0.470156
2023-01-04,-0.507018
2023-01-05,-0.529508
2023-01-06,-0.542394
2023-01-09,-0.552994
2023-01-10,-0.523801
2023-01-11,-0.547961
2023-01-12,-0.580816
2023-01-13,-0.556804
2023-01-17,-0.5522
2023-01-18,-0.614886
2023-01-19,-0.618374
2023-01-20,-0.583211
2023-01-23,-0.57071
2023-01-24,-0.602646
2023-01-25,-0.602839
2023-01-26,-0.599689
2023-01-27,-0.598688
2023-01-30,-0.588902
2023-01-31,-0.595187
2023-02-01,-0.652904
2023-02-02,-0.640527
2023-02-03,-0.601252
2023-02-06,-0.589956
2023-02-07,-0.571652
2023-02-08,-0.57468
2023-02-09,-0.568266
2023-02-10,-0.542747
2023-02-13,-0.564342
2023-02-14,-0.576708
2023-02-15,-0.298036
2023-02-16,-0.523865
2023-02-17,-0.533842
2023-02-21,-0.498754
2023-02-22,-0.266642
2023-02-23,-0.267122
2023-02-24,-0.218157
2023-02-27,-0.215618
2023-02-28,-0.204527
2023-03-01,-0.143253
2023-03-02,-0.138642
2023-03-03,-0.206531
2023-03-06,-0.541695
2023-03-07,-0.206128
2023-03-08,-0.202755
2023-03-09,-0.28361
2023-03-10,-0.463847
2023-03-13,-0.596069
2023-03-14,-0.564006
2023-03-15,-0.60116
2023-03-16,-0.526185
2023-03-17,-0.663647
2023-03-20,-0.627706
2023-03-21,-0.558425
2023-03-22,-0.631771
2023-03-23,-0.711085
2023-03-24,-0.700823
2023-03-27,-0.603829
2023-03-28,-0.569886
2023-03-29,-0.560744
2023-03-30,-0.587151
2023-03-31,-0.653928
2023-04-03,-0.693623
2023-04-04,-0.729205
2023-04-05,-0.758894
2023-04-06,-0.758827
2023-04-07,-0.693987
2023-04-10,-0.71516
2023-04-11,-0.672256
2023-04-12,-0.694438
2023-04-13,-0.683513
2023-04-14,-0.655163
2023-04-17,-0.621345
2023-04-18,-0.613221
2023-04-19,-0.591865
2023-04-20,-0.620189
2023-04-21,-0.622732
2023-04-24,-0.65894
2023-04-25,-0.759538
2023-04-26,-0.741137
2023-04-27,-0.67773
2023-04-28,-0.727061
2023-05-01,-0.657872
2023-05-02,-0.71122
2023-05-03,-0.733244
2023-05-04,-0.767374
2023-05-05,-0.706915
2023-05-08,-0.679095
2023-05-09,-0.656523
2023-05-10,-0.709993
2023-05-11,-0.754471
2023-05-12,-0.724739
2023-05-15,-0.700608
2023-05-16,-0.679042
2023-05-17,-0.660019
2023-05-18,-0.635279
2023-05-19,-0.625763
2023-05-22,-0.626638
2023-05-23,-0.612238
2023-05-24,-0.611353
2023-05-25,-0.562747
2023-05-26,-0.572553
2023-05-30,-0.643622
2023-05-31,-0.681257
2023-06-01,-0.697285
2023-06-02,-0.652189
2023-06-05,-0.647033
2023-06-06,-0.62966
2023-06-07,-0.589367
2023-06-08,-0.597292
2023-06-09,-0.597964
2023-06-12,-0.606675
2023-06-13,-0.556126
2023-06-14,-0.568692
2023-06-15,-0.591797
2023-06-16,-0.576348
2023-06-20,-0.592042
2023-06-21,-0.601012
2023-06-22,-0.581266
2023-06-23,-0.607072
2023-06-26,-0.615836
2023-06-27,-0.607677
2023-06-28,-0.619633
2023-06-29,-0.408714
2023-06-30,-0.425737
2023-07-03,-0.390983
2023-07-05,-0.350609
2023-07-06,-0.34011
2023-07-07,-0.385121
2023-07-10,-0.515878
2023-07-11,-0.564593
2023-07-12,-0.556926
2023-07-13,-0.588193
2023-07-14,-0.560713
2023-07-17,-0.5623
2023-07-18,-0.57061
2023-07-19,-0.597849
2023-07-20,-0.568869
2023-07-21,-0.577819
2023-07-24,-0.586125
2023-07-25,-0.59808
2023-07-26,-0.40427
2023-07-27,-0.548665
2023-07-28,-0.571252
2023-07-31,-0.417162
2023-08-01,-0.290245
2023-08-02,-0.464124
2023-08-03,-0.402184
2023-08-04,-0.446801
2023-08-07,-0.435414
2023-08-08,-0.464086
2023-08-09,-0.474808
2023-08-10,-0.445338
2023-08-11,-0.424282
2023-08-14,-0.428609
2023-08-15,-0.405826
2023-08-16,-0.384825
2023-08-17,-0.365721
2023-08-18,-0.371956
2023-08-21,-0.341004
2023-08-22,-0.209342
2023-08-23,-0.41386
2023-08-24,-0.40689
2023-08-25,-0.41816
2023-08-28,-0.423382
2023-08-29,-0.434933
2023-08-30,-0.436891
2023-08-31,-0.462073
2023-09-01,-0.413734
2023-09-05,-0.377702
2023-09-06,-0.240749
2023-09-07,-0.383356
2023-09-08,-0.398025
2023-09-11,-0.386472
2023-09-12,-0.396156
2023-09-13,-0.401588
2023-09-14,-0.383195
2023-09-15,-0.216203
2023-09-18,-0.216904
2023-09-19,-0.237847
2023-09-20,-0.268696
2023-09-21,-0.157561
2023-09-22,-0.178136
2023-09-25,-0.13347
2023-09-26,-0.116063
2023-09-27,-0.083749
2023-09-28,-0.130958
2023-09-29,-0.119362
2023-10-02,-0.085217
2023-10-03,-0.039351
2023-10-04,-0.112537
2023-10-05,-0.088578
2023-10-06,-0.124067
2023-10-10,-0.170046
2023-10-11,-0.210922
2023-10-12,-0.100612
2023-10-13,-0.117933
2023-10-16,-0.081663
2023-10-17,-0.05255
2023-10-18,-0.096204
2023-10-19,-0.039199
2023-10-20,-0.069576
2023-10-23,-0.12753
2023-10-24,-0.131103
2023-10-25,-0.076335
2023-10-26,-0.127627
2023-10-27,-0.135935
2023-10-30,-0.122873
2023-10-31,-0.12067
2023-11-01,-0.182898
2023-11-02,-0.200642
2023-11-03,-0.238491
2023-11-06,-0.185878
2023-11-07,-0.23631
2023-11-08,-0.215412
2023-11-09,-0.127918
2023-11-10,-0.130797
2023-11-13,-0.15176
2023-11-14,-0.284231
2023-11-15,-0.223457
2023-11-16,-0.249093
2023-11-17,-0.246628
2023-11-20,-0.261201
2023-11-21,-0.254795
2023-11-22,-0.268795
2023-11-24,-0.154854
2023-11-27,-0.270046
2023-11-28,-0.289269
2023-11-29,-0.351483
2023-11-30,-0.28344
2023-12-01,-0.380215
2023-12-04,-0.341839
2023-12-05,-0.404463
2023-12-06,-0.414655
2023-12-07,-0.402921
2023-12-08,-0.350497
2023-12-11,-0.350334
2023-12-12,-0.351141
2023-12-13,-0.440894
2023-12-14,-0.531576
2023-12-15,-0.503547
2023-12-18,-0.495754
2023-12-19,-0.50717
2023-12-20,-0.56468
2023-12-21,-0.54855
2023-12-22,-0.579068
2023-12-26,-0.55266
2023-12-27,-0.631943
2023-12-28,-0.629068
2023-12-29,-0.582466
2024-01-02,-0.533389
2024-01-03,-0.549889
2024-01-04,-0.486317
2024-01-05,-0.457617
2024-01-08,-0.490593
2024-01-09,-0.49964
2024-01-10,-0.482254
2024-01-11,-0.551117
2024-01-12,-0.600872
2024-01-16,-0.527255
2024-01-17,-0.490338
2024-01-18,-0.458405
2024-01-19,-0.428468
2024-01-22,-0.443013
2024-01-23,-0.4386
2024-01-24,-0.400277
2024-01-25,-0.448006
2024-01-26,-0.426847
2024-01-29,-0.465283
2024-01-30,-0.457265
2024-01-31,-0.513001
2024-02-01,-0.600181
2024-02-02,-0.51806
2024-02-05,-0.444976
2024-02-06,-0.483139
2024-02-07,-0.467274
2024-02-08,-0.432031
2024-02-09,-0.431123
2024-02-12,-0.428847
2024-02-13,-0.356006
2024-02-14,-0.376555
2024-02-15,-0.385724
2024-02-16,-0.33632
2024-02-20,-0.350138
2024-02-21,-0.330084
2024-02-22,-0.323961
2024-02-23,-0.334571
2024-02-26,-0.333423
2024-02-27,-0.312724
2024-02-28,-0.342694
2024-02-29,-0.354715
2024-03-01,-0.39896
2024-03-04,-0.367937
2024-03-05,-0.420311
2024-03-06,-0.426447
2024-03-07,-0.445637
2024-03-08,-0.438164
2024-03-11,-0.440637
2024-03-12,-0.40966
2024-03-13,-0.390991
2024-03-14,-0.348754
2024-03-15,-0.329107
2024-03-18,-0.32349
2024-03-19,-0.365115
2024-03-20,-0.39936
2024-03-21,-0.387028
2024-03-22,-0.421015
2024-03-25,-0.400598
2024-03-26,-0.402508
2024-03-27,-0.403956
2024-03-28,-0.384194
2024-04-01,-0.326027
2024-04-02,-0.300294
2024-04-03,-0.312455
2024-04-04,-0.328528
2024-04-05,-0.287232
2024-04-08,-0.277355
2024-04-09,-0.305214
2024-04-10,-0.254292
2024-04-11,-0.241321
2024-04-12,-0.254863
2024-04-15,-0.199589
2024-04-16,-0.199283
2024-04-17,-0.218145
2024-04-18,-0.206835
2024-04-19,-0.218853
2024-04-22,-0.216509
2024-04-23,-0.209265
2024-04-24,-0.188963
2024-04-25,-0.181463
2024-04-26,-0.20275
2024-04-29,-0.212382
2024-04-30,-0.198421
2024-05-01,-0.219927
2024-05-02,-0.227483
2024-05-03,-0.257974
2024-05-06,-0.255584
2024-05-07,-0.270419
2024-05-08,-0.258424
2024-05-09,-0.281375
2024-05-10,-0.255223
2024-05-13,-0.263747
2024-05-14,-0.290324
2024-05-15,-0.332829
2024-05-16,-0.284589
2024-05-17,-0.290939
2024-05-20,-0.285312
2024-05-21,-0.291379
2024-05-22,-0.293475
2024-05-23,-0.217147
2024-05-24,-0.189635
2024-05-28,-0.253624
2024-05-29,-0.144114
2024-05-30,-0.172119
2024-05-31,-0.201575
2024-06-03,-0.293439
2024-06-04,-0.318503
2024-06-05,-0.343261
2024-06-06,-0.345082
2024-06-07,-0.292657
2024-06-10,-0.203118
2024-06-11,-0.30128
2024-06-12,-0.331976
2024-06-13,-0.354998
2024-06-14,-0.363526
2024-06-17,-0.340444
2024-06-18,-0.379926
2024-06-20,-0.367044
2024-06-21,-0.365668
2024-06-24,-0.371963
2024-06-25,-0.379646
2024-06-26,-0.340364
2024-06-27,-0.352538
2024-06-28,-0.325887
2024-07-01,-0.256104
2024-07-02,-0.2722
2024-07-03,-0.30996
2024-07-05,-0.333863
2024-07-08,-0.332627
2024-07-09,-0.327218
2024-07-10,-0.339511
2024-07-11,-0.37429
2024-07-12,-0.404078
2024-07-15,-0.373775
2024-07-16,-0.400778
2024-07-17,-0.406517
2024-07-18,-0.368909
2024-07-19,-0.340923
2024-07-22,-0.331372
2024-07-23,-0.348423
2024-07-24,-0.333043
2024-07-25,-0.334051
2024-07-26,-0.366007
2024-07-29,-0.370474
2024-07-30,-0.375388
2024-07-31,-0.421308
2024-08-01,-0.484981
2024-08-02,-0.579588
2024-08-05,-0.600408
2024-08-06,-0.559366
2024-08-07,-0.538713
2024-08-08,-0.534752
2024-08-09,-0.511475
2024-08-12,-0.522919
2024-08-13,-0.576436
2024-08-14,-0.598104
2024-08-15,-0.499689
2024-08-16,-0.536922
2024-08-19,-0.535961
2024-08-20,-0.573832
2024-08-21,-0.585079
2024-08-22,-0.552208
2024-08-23,-0.58289
2024-08-26,-0.587034
2024-08-27,-0.573223
2024-08-28,-0.573083
2024-08-29,-0.561496
2024-08-30,-0.536714
2024-09-03,-0.57715
2024-09-04,-0.620099
2024-09-05,-0.639468
2024-09-06,-0.67825
2024-09-09,-0.683466
2024-09-10,-0.711124
2024-09-11,-0.727224
2024-09-12,-0.685023
2024-09-13,-0.690604
2024-09-16,-0.68577
2024-09-17,-0.667783
2024-09-18,-0.615048
2024-09-19,-0.611053
2024-09-20,-0.615042
2024-09-23,-0.59739
2024-09-24,-0.590797
2024-09-25,-0.543167
2024-09-26,-0.526963
2024-09-27,-0.554814
2024-09-30,-0.52024
2024-10-01,-0.535894
2024-10-02,-0.515109
2024-10-03,-0.469249
2024-10-04,-0.40183
2024-10-07,-0.327914
2024-10-08,-0.376185
2024-10-09,-0.33208
2024-10-10,-0.361034
2024-10-11,-0.323428
2024-10-15,-0.390243
2024-10-16,-0.379936
2024-10-17,-0.326569
2024-10-18,-0.334241
2024-10-21,-0.276885
2024-10-22,-0.264811
2024-10-23,-0.238463
2024-10-24,-0.257115
2024-10-25,-0.235758
2024-10-28,-0.228337
2024-10-29,-0.226104
2024-10-30,-0.201858
2024-10-31,-0.243555
2024-11-01,-0.15017
2024-11-04,-0.177641
2024-11-05,-0.194485
2024-11-06,-0.12884
2024-11-07,-0.157495
2024-11-08,-0.130383
2024-11-12,-0.091691
2024-11-13,-0.072756
2024-11-14,-0.100267
2024-11-15,-0.106025
2024-11-18,-0.104091
2024-11-19,-0.115658
2024-11-20,-0.092594
2024-11-21,-0.095636
2024-11-22,-0.106856
2024-11-25,-0.153703
2024-11-26,-0.140275
2024-11-27,-0.14923
2024-11-29,-0.187393
2024-12-02,-0.174902
2024-12-03,-0.152092
2024-12-04,-0.182493
2024-12-05,-0.171866
2024-12-06,-0.167518
2024-12-09,-0.146576
2024-12-10,-0.141227
2024-12-11,-0.114894
2024-12-12,-0.089057
2024-12-13,-0.065469
2024-12-16,-0.071893
2024-12-17,-0.067878
2024-12-18,-0.055051
2024-12-19,-0.003873
2024-12-20,-0.023628
2024-12-23,0.00014
2024-12-24,-0.00695
2024-12-26,-0.00516
2024-12-27,0.022203
2024-12-30,0.010272
2024-12-31,0.019282
2025-01-02,0.019448
2025-01-03,0.02526
2025-01-06,0.040053
2025-01-07,0.068089
2025-01-08,0.073102
2025-01-09,0.08033
2025-01-10,0.082354
2025-01-13,0.08653
2025-01-14,0.096752
2025-01-15,0.061042
2025-01-16,0.040229
2025-01-17,0.036742
2025-01-21,0.010678
2025-01-22,0.018342
2025-01-23,0.043194
2025-01-24,0.039465
2025-01-27,-0.098811
2025-01-28,-0.038018
2025-01-29,-0.04711
2025-01-30,-0.048357
2025-01-31,-0.03833
2025-02-03,-0.008682
2025-02-04,-0.064734
2025-02-05,-0.095929
2025-02-06,-0.100159
2025-02-07,-0.05444
2025-02-10,-0.046928
2025-02-11,-0.028954
2025-02-12,0.0014
2025-02-13,-0.040105
2025-02-14,-0.047268
2025-02-18,-0.020707
2025-02-19,-0.017305
2025-02-20,-0.027194
2025-02-21,-0.097001
2025-02-24,-0.101373
2025-02-25,-0.12311
2025-02-26,-0.158373
2025-02-27,-0.147906
2025-02-28,-0.181739
2025-03-03,-0.21324
2025-03-04,-0.1889
2025-03-05,-0.16258
2025-03-06,-0.146694
2025-03-07,-0.14261
2025-03-10,-0.193799
2025-03-11,-0.157224
2025-03-12,-0.128349
2025-03-13,-0.154357
2025-03-14,-0.11963
2025-03-17,-0.102315
2025-03-18,-0.116236
2025-03-19,-0.184353
2025-03-20,-0.176555
2025-03-21,-0.151521
2025-03-24,-0.094568
2025-03-25,-0.112539
2025-03-26,-0.082822
2025-03-27,-0.084491
2025-03-28,-0.128945
2025-03-31,-0.135233
2025-04-01,-0.155192
2025-04-02,-0.152726
2025-04-03,-0.233768
2025-04-04,-0.278781
2025-04-07,-0.191227
2025-04-08,-0.142313
2025-04-09,-0.11585
2025-04-10,-0.058346
2025-04-11,-0.028499
2025-04-14,-0.092869
2025-04-15,-0.062693
2025-04-16,-0.106543
2025-04-17,-0.101114
2025-04-21,-0.049916
2025-04-22,-0.047062
2025-04-23,-0.060555
2025-04-24,-0.084431
2025-04-25,-0.108047
2025-04-28,-0.162221
2025-04-29,-0.171537
2025-04-30,-0.166379
2025-05-01,-0.092663
2025-05-02,-0.036854
2025-05-05,-0.026964
2025-05-06,-0.043105
2025-05-07,-0.075809
2025-05-08,-0.01432
2025-05-09,-0.025484
2025-05-12,0.016061
2025-05-13,0.065706
2025-05-14,0.08196
2025-05-15,0.037592
2025-05-16,0.044416
2025-05-19,0.048183
2025-05-20,0.067213
2025-05-21,0.11098
2025-05-22,0.106475
2025-05-23,0.089413
2025-05-27,0.062216
2025-05-28,0.069761
2025-05-29,0.034557
2025-05-30,0.010911
2025-06-02,0.058637
2025-06-03,0.064358
2025-06-04,-0.001675
2025-06-05,0.019508
2025-06-06,0.063076
2025-06-09,0.044079
2025-06-10,0.035938
2025-06-11,0.005077
2025-06-12,-0.028851
2025-06-13,0.026062
2025-06-16,0.042087
2025-06-17,0.010474
2025-06-18,-0.000457
2025-06-20,-0.002563
2025-06-23,-0.035708
2025-06-24,-0.053023
2025-06-25,-0.049003
2025-06-26,-0.075065
2025-06-27,-0.055689
2025-06-30,-0.1055
2025-07-01,-0.080675
2025-07-02,-0.055114
2025-07-03,-0.057823
2025-07-07,-0.005259
2025-07-08,-0.016792
2025-07-09,-0.050633
2025-07-10,-0.043731
2025-07-11,0.003016
2025-07-14,0.001371
2025-07-15,0.038838
2025-07-16,0.019407
2025-07-17,0.033447
2025-07-18,0.011908
2025-07-21,-0.020731
2025-07-22,-0.021002
2025-07-23,-0.004287
2025-07-24,0.014095
2025-07-25,0.007876
2025-07-28,0.01258
2025-07-29,-0.029512
2025-07-30,-0.012054
2025-07-31,-0.026956
2025-08-01,-0.098064
2025-08-04,-0.084885
2025-08-05,-0.065856
2025-08-06,-0.057073
2025-08-07,-0.050765
2025-08-08,-0.035075
2025-08-11,-0.036319
2025-08-12,-0.021593
2025-08-13,-0.046482
2025-08-14,0.000583
2025-08-15,0.026548
2025-08-18,0.043974
2025-08-19,0.037523
2025-08-20,0.033927
2025-08-21,0.042549
2025-08-22,0.00087
2025-08-25,0.03569
2025-08-26,0.025553
2025-08-27,0.028717
2025-08-28,0.025712
2025-08-29,0.036005
2025-09-02,0.076853
2025-09-03,0.054382
2025-09-04,0.045837
2025-09-05,0.02112
2025-09-08,-0.023737
2025-09-09,0.004732
2025-09-10,-0.001622
2025-09-11,-0.008821
2025-09-12,-0.004665
2025-09-15,-0.029328
2025-09-16,-0.03486
2025-09-17,-0.041588
2025-09-18,0.011859
2025-09-19,0.023088
2025-09-22,0.049302
2025-09-23,0.033307
2025-09-24,0.039731
2025-09-25,0.043301
2025-09-26,0.049486
2025-09-29,0.018539
2025-09-30,0.012549
2025-10-01,-0.000796
2025-10-02,-0.007529
2025-10-03,0.001041
2025-10-06,0.026715
2025-10-07,0.0151
2025-10-08,0.010501
2025-10-09,0.009077
2025-10-10,-0.049887
2025-10-14,-0.062894
2025-10-15,-0.037293
2025-10-16,-0.08353
2025-10-17,-0.068264
2025-10-20,-0.065702
2025-10-21,-0.079499
2025-10-22,-0.099952
2025-10-23,-0.068423
2025-10-24,-0.045922
2025-10-27,-0.046525
2025-10-28,-0.051228
2025-10-29,-0.025012
2025-10-30,-0.011121
2025-10-31,-0.003366
2025-11-03,0.01116
2025-11-04,0.009034
2025-11-05,0.045378
2025-11-06,0.024256
2025-11-07,0.032746
2025-11-10,0.044371
2025-11-12,0.020641
2025-11-13,0.026438
2025-11-14,0.049168
2025-11-17,0.0437
2025-11-18,0.045236
2025-11-19,0.039023
2025-11-20,0.026179
2025-11-21,0.030904
2025-11-24,0.012677
2025-11-25,0.006278
2025-11-26,-0.003487
2025-11-28,0.009639
2025-12-01,0.056734
2025-12-02,0.048946
2025-12-03,0.045343
2025-12-04,0.059313
2025-12-05,0.094856
2025-12-08,0.107468
2025-12-09,0.106941
2025-12-10,0.047078
2025-12-11,0.104433
2025-12-12,0.130571
2025-12-15,0.11584
2025-12-16,0.0886
2025-12-17,0.10309
2025-12-18,0.097333
2025-12-19,0.12022
2025-12-22,0.129315
2025-12-23,0.127371
2025-12-24,0.112487
2025-12-26,0.111667
2025-12-29,0.099187
2025-12-30,0.08318
2025-12-31,0.076218
2026-01-02,0.106649
2026-01-05,0.09631
2026-01-06,0.102561
2026-01-07,0.093095
2026-01-08,0.080292
2026-01-09,0.098354
2026-01-12,0.095096
2026-01-13,0.072611
2026-01-14,0.072105
2026-01-15,0.080075
2026-01-16,0.104379
2026-01-20,0.128803
2026-01-21,0.113408
2026-01-22,0.09033
2026-01-23,0.073018
2026-01-26,0.046533
2026-01-27,0.042385
2026-01-28,0.052229
2026-01-29,0.064383
2026-01-30,0.037035
2026-02-02,0.083249
2026-02-03,0.079731
2026-02-04,0.048098
2026-02-05,0.056397
2026-02-06,0.074833
2026-02-09,0.077651
2026-02-10,0.050347
2026-02-11,0.077761
2026-02-12,0.039867
2026-02-13,0.00897
2026-02-17,0.021646
2026-02-18,0.036882
2026-02-19,0.037621
2026-02-20,0.05544
2026-02-23,0.032262
2026-02-24,0.036406
2026-02-25,0.043741
2026-02-26,0.027081
2026-02-27,0.000839
2026-03-02,0.051538
2026-03-03,0.053182
2026-03-04,0.061932
2026-03-05,0.084809
2026-03-06,0.103716
2026-03-09,0.084926
2026-03-10,0.099857
2026-03-11,0.125277
2026-03-12,0.116506
2026-03-13,0.135639
2026-03-16,0.120015
2026-03-17,0.111728
2026-03-18,0.112487
2026-03-19,0.087289
2026-03-20,0.138639
2026-03-23,0.129353
2026-03-24,0.120484
2026-03-25,0.101362
2026-03-26,0.108755
2026-03-27,0.147133
2026-03-30,0.124849
2026-03-31,0.112156
2026-04-01,0.125148
2026-04-02,0.11328
2026-04-03,0.1177
2026-04-06,0.106683
2026-04-07,0.117239
2026-04-08,0.109144
2026-04-09,0.115531
2026-04-10,0.120802
2026-04-13,0.116746
2026-04-14,0.103557
2026-04-15,0.112863
2026-04-16,0.128991
2026-04-17,0.120178
2026-04-20,0.11451
2026-04-21,0.113384
2026-04-22,0.113494
2026-04-23,0.119576
2026-04-24,0.121042
2026-04-27,0.131746
2026-04-28,0.126077
2026-04-29,0.130869
2026-04-30,0.13963
2026-05-01,0.131451
2026-05-04,0.142531
2026-05-05,0.13271
2026-05-06,0.117272
2026-05-07,0.124599
2026-05-08,0.114491
2026-05-11,0.122904
2026-05-12,0.137221
2026-05-13,0.14304
2026-05-14,0.131187
2026-05-15,0.176563
2026-05-18,0.180422
2026-05-19,0.199205
2026-05-20,0.173157
2026-05-21,0.159079
2026-05-22,0.135222
2026-05-26,0.127441
2026-05-27,0.12213
2026-05-28,0.109984
2026-05-29,0.111707
2026-06-01,0.108672
2026-06-02,0.097995
2026-06-03,0.106631
2026-06-04,0.106842
2026-06-05,0.106574
2026-06-08,0.11507
2026-06-09,0.109126
2026-06-10,0.118102
2026-06-11,0.090509
2026-06-12,0.096866
2026-06-15,0.095393
2026-06-16,0.075663
2026-06-17,0.052047
2026-06-18,0.039801
2026-06-22,0.049056
2026-06-23,0.054612
2026-06-24,0.022929
2026-06-25,0.025832
2026-06-26,0.030315
2026-06-29,0.023366
2026-06-30,0.044503
2026-07-01,0.05954
2026-07-02,0.077985
2026-07-06,0.080477
2026-07-07,0.095155
2026-07-08,0.102081
2026-07-09,0.104592
2026-07-10,0.102662
2026-07-13,0.10738
2026-07-14,0.1157
2026-07-15,0.119396
2026-07-16,0.121902
2026-07-17,0.105243
2026-07-20,0.119049
2026-07-21,0.120535
2026-07-22,0.124832
2026-07-23,0.129709
2026-07-24,0.124963
2026-07-27,0.107576
2026-07-28,0.101924
2026-07-29,0.157077
2026-07-30,0.161493
2026-07-31,0.183493
2026-08-03,0.163499
2026-08-04,0.149799
2026-08-05,0.150799
2026-08-06,0.15732
2026-08-07,0.16109
2026-08-10,0.177202
2026-08-11,0.176827
2026-08-12,0.180862
2026-08-13,0.172605
2026-08-14,0.192257
2026-08-17,0.21144
2026-08-18,0.200417
2026-08-19,0.155934
2026-08-20,0.173742
2026-08-21,0.183582
2026-08-24,0.160915
2026-08-25,0.141014
2026-08-26,0.144786
2026-08-27,0.147727
2026-08-28,0.132214
2026-08-31,0.148229
2026-09-01,0.154031
2026-09-02,0.145156
2026-09-03,0.297525
2026-09-04,0.163294
2026-09-08,0.325198
2026-09-09,0.298396
2026-09-10,0.35418
2026-09-11,0.347634
2026-09-14,0.336173
2026-09-15,0.356173
2026-09-16,0.345687
2026-09-17,0.301685
2026-09-18,0.34167
2026-09-21,0.320094
2026-09-22,0.302075
2026-09-23,0.34985
2026-09-24,0.38294
2026-09-25,0.369501
2026-09-28,0.386388
2026-09-29,0.406125
2026-09-30,0.42004
2026-10-01,0.40539
2026-10-02,0.434246
2026-10-05,0.44514
2026-10-06,0.426355
