date,value
1960-03-01,-0.579475
1960-03-02,-0.628861
1960-03-03,-0.675088
1960-03-04,-0.718175
1960-03-05,-0.758139
1960-03-06,-0.794998
1960-03-07,-0.828765
1960-03-08,-0.859455
1960-03-09,-0.887082
1960-03-10,-0.911655
1960-03-11,-0.933186
1960-03-12,-0.951683
1960-03-13,-0.967154
1960-03-14,-0.979606
1960-03-15,-0.989043
1960-03-16,-0.99547
1960-03-17,-0.998888
1960-03-18,-0.9993
1960-03-19,-0.996706
1960-03-20,-0.991104
1960-03-21,-0.982493
1960-03-22,-0.970868
1960-03-23,-0.956226
1960-03-24,-0.938559
1960-03-25,-0.91786
1960-03-26,-0.894122
1960-03-27,-0.867334
1960-03-28,-0.837484
1960-03-29,-0.804562
1960-03-30,-0.768553
1960-03-31,-0.729442
1960-04-01,-0.687213
1960-04-02,-0.64846
1960-04-03,-0.613168
1960-04-04,-0.581321
1960-04-05,-0.552907
1960-04-06,-0.527914
1960-04-07,-0.506332
1960-04-08,-0.488151
1960-04-09,-0.473364
1960-04-10,-0.461965
1960-04-11,-0.453949
1960-04-12,-0.449313
1960-04-13,-0.448055
1960-04-14,-0.450175
1960-04-15,-0.455673
1960-04-16,-0.464552
1960-04-17,-0.476815
1960-04-18,-0.492467
1960-04-19,-0.511515
1960-04-20,-0.533967
1960-04-21,-0.559832
1960-04-22,-0.58912
1960-04-23,-0.621845
1960-04-24,-0.658018
1960-04-25,-0.697656
1960-04-26,-0.740775
1960-04-27,-0.787392
1960-04-28,-0.837527
1960-04-29,-0.891201
1960-04-30,-0.948435
1960-05-01,-1.009254
1960-05-02,-1.067664
1960-05-03,-1.123689
1960-05-04,-1.177352
1960-05-05,-1.228676
1960-05-06,-1.277682
1960-05-07,-1.32439
1960-05-08,-1.368819
1960-05-09,-1.410988
1960-05-10,-1.450915
1960-05-11,-1.488615
1960-05-12,-1.524104
1960-05-13,-1.557397
1960-05-14,-1.588509
1960-05-15,-1.61745
1960-05-16,-1.644234
1960-05-17,-1.668872
1960-05-18,-1.691374
1960-05-19,-1.711749
1960-05-20,-1.730006
1960-05-21,-1.746151
1960-05-22,-1.760193
1960-05-23,-1.772136
1960-05-24,-1.781985
1960-05-25,-1.789746
1960-05-26,-1.79542
1960-05-27,-1.79901
1960-05-28,-1.800518
1960-05-29,-1.799944
1960-05-30,-1.797288
1960-05-31,-1.79255
1960-06-01,-1.785726
1960-06-02,-1.7782
1960-06-03,-1.76997
1960-06-04,-1.761031
1960-06-05,-1.75138
1960-06-06,-1.741013
1960-06-07,-1.729926
1960-06-08,-1.718114
1960-06-09,-1.705572
1960-06-10,-1.692295
1960-06-11,-1.678277
1960-06-12,-1.663514
1960-06-13,-1.647998
1960-06-14,-1.631723
1960-06-15,-1.614683
1960-06-16,-1.59687
1960-06-17,-1.578277
1960-06-18,-1.558897
1960-06-19,-1.538721
1960-06-20,-1.517741
1960-06-21,-1.495948
1960-06-22,-1.473334
1960-06-23,-1.449888
1960-06-24,-1.425602
1960-06-25,-1.400466
1960-06-26,-1.374468
1960-06-27,-1.347598
1960-06-28,-1.319845
1960-06-29,-1.291198
1960-06-30,-1.261644
1960-07-01,-1.231172
1960-07-02,-1.201646
1960-07-03,-1.173054
1960-07-04,-1.145383
1960-07-05,-1.118624
1960-07-06,-1.092763
1960-07-07,-1.067792
1960-07-08,-1.043699
1960-07-09,-1.020474
1960-07-10,-0.998109
1960-07-11,-0.976593
1960-07-12,-0.955917
1960-07-13,-0.936074
1960-07-14,-0.917055
1960-07-15,-0.898853
1960-07-16,-0.881458
1960-07-17,-0.864865
1960-07-18,-0.849067
1960-07-19,-0.834057
1960-07-20,-0.819828
1960-07-21,-0.806376
1960-07-22,-0.793693
1960-07-23,-0.781776
1960-07-24,-0.770619
1960-07-25,-0.760218
1960-07-26,-0.750568
1960-07-27,-0.741665
1960-07-28,-0.733506
1960-07-29,-0.726087
1960-07-30,-0.719405
1960-07-31,-0.713457
1960-08-01,-0.708242
1960-08-02,-0.703895
1960-08-03,-0.700415
1960-08-04,-0.6978
1960-08-05,-0.696049
1960-08-06,-0.695161
1960-08-07,-0.695137
1960-08-08,-0.695976
1960-08-09,-0.697678
1960-08-10,-0.700244
1960-08-11,-0.703675
1960-08-12,-0.707973
1960-08-13,-0.71314
1960-08-14,-0.719177
1960-08-15,-0.726087
1960-08-16,-0.733872
1960-08-17,-0.742537
1960-08-18,-0.752085
1960-08-19,-0.762519
1960-08-20,-0.773844
1960-08-21,-0.786065
1960-08-22,-0.799186
1960-08-23,-0.813214
1960-08-24,-0.828153
1960-08-25,-0.84401
1960-08-26,-0.860792
1960-08-27,-0.878506
1960-08-28,-0.897159
1960-08-29,-0.916758
1960-08-30,-0.937312
1960-08-31,-0.958829
1960-09-01,-0.981318
1960-09-02,-1.002617
1960-09-03,-1.022734
1960-09-04,-1.041677
1960-09-05,-1.059456
1960-09-06,-1.076076
1960-09-07,-1.091544
1960-09-08,-1.105868
1960-09-09,-1.119053
1960-09-10,-1.131104
1960-09-11,-1.142027
1960-09-12,-1.151826
1960-09-13,-1.160505
1960-09-14,-1.168067
1960-09-15,-1.174517
1960-09-16,-1.179855
1960-09-17,-1.184085
1960-09-18,-1.187209
1960-09-19,-1.189227
1960-09-20,-1.190141
1960-09-21,-1.189951
1960-09-22,-1.188656
1960-09-23,-1.186257
1960-09-24,-1.182752
1960-09-25,-1.17814
1960-09-26,-1.172419
1960-09-27,-1.165586
1960-09-28,-1.157639
1960-09-29,-1.148574
1960-09-30,-1.138389
1960-10-01,-1.127077
1960-10-02,-1.117596
1960-10-03,-1.109942
1960-10-04,-1.10411
1960-10-05,-1.1001
1960-10-06,-1.097909
1960-10-07,-1.097536
1960-10-08,-1.098981
1960-10-09,-1.102245
1960-10-10,-1.107329
1960-10-11,-1.114236
1960-10-12,-1.122967
1960-10-13,-1.133527
1960-10-14,-1.14592
1960-10-15,-1.160151
1960-10-16,-1.176227
1960-10-17,-1.194153
1960-10-18,-1.213937
1960-10-19,-1.235587
1960-10-20,-1.259113
1960-10-21,-1.284523
1960-10-22,-1.311829
1960-10-23,-1.341042
1960-10-24,-1.372174
1960-10-25,-1.405237
1960-10-26,-1.440246
1960-10-27,-1.477215
1960-10-28,-1.516159
1960-10-29,-1.557094
1960-10-30,-1.600037
1960-10-31,-1.645006
1960-11-01,-1.69202
1960-11-02,-1.737878
1960-11-03,-1.782599
1960-11-04,-1.826201
1960-11-05,-1.868702
1960-11-06,-1.910121
1960-11-07,-1.950474
1960-11-08,-1.989778
1960-11-09,-2.028049
1960-11-10,-2.065303
1960-11-11,-2.101555
1960-11-12,-2.13682
1960-11-13,-2.171114
1960-11-14,-2.20445
1960-11-15,-2.236841
1960-11-16,-2.268302
1960-11-17,-2.298845
1960-11-18,-2.328483
1960-11-19,-2.357228
1960-11-20,-2.385092
1960-11-21,-2.412087
1960-11-22,-2.438224
1960-11-23,-2.463513
1960-11-24,-2.487965
1960-11-25,-2.511591
1960-11-26,-2.534399
1960-11-27,-2.5564
1960-11-28,-2.577602
1960-11-29,-2.598014
1960-11-30,-2.617645
1960-12-01,-2.636503
1960-12-02,-2.652205
1960-12-03,-2.66476
1960-12-04,-2.67417
1960-12-05,-2.680442
1960-12-06,-2.683576
1960-12-07,-2.683575
1960-12-08,-2.680438
1960-12-09,-2.674164
1960-12-10,-2.664751
1960-12-11,-2.652195
1960-12-12,-2.63649
1960-12-13,-2.61763
1960-12-14,-2.595607
1960-12-15,-2.570412
1960-12-16,-2.542035
1960-12-17,-2.510464
1960-12-18,-2.475685
1960-12-19,-2.437685
1960-12-20,-2.396448
1960-12-21,-2.351956
1960-12-22,-2.304192
1960-12-23,-2.253135
1960-12-24,-2.198765
1960-12-25,-2.141059
1960-12-26,-2.079992
1960-12-27,-2.015541
1960-12-28,-1.947678
1960-12-29,-1.876374
1960-12-30,-1.801602
1960-12-31,-1.723329
1961-01-01,-1.641523
1961-01-02,-1.563006
1961-01-03,-1.487744
1961-01-04,-1.415706
1961-01-05,-1.346863
1961-01-06,-1.281185
1961-01-07,-1.218647
1961-01-08,-1.159222
1961-01-09,-1.102885
1961-01-10,-1.049614
1961-01-11,-0.999385
1961-01-12,-0.952179
1961-01-13,-0.907976
1961-01-14,-0.866757
1961-01-15,-0.828506
1961-01-16,-0.793207
1961-01-17,-0.760845
1961-01-18,-0.731406
1961-01-19,-0.70488
1961-01-20,-0.681253
1961-01-21,-0.660518
1961-01-22,-0.642665
1961-01-23,-0.627686
1961-01-24,-0.615577
1961-01-25,-0.606331
1961-01-26,-0.599945
1961-01-27,-0.596416
1961-01-28,-0.595742
1961-01-29,-0.597925
1961-01-30,-0.602963
1961-01-31,-0.610861
1961-02-01,-0.621619
1961-02-02,-0.630377
1961-02-03,-0.637137
1961-02-04,-0.641902
1961-02-05,-0.644675
1961-02-06,-0.645456
1961-02-07,-0.644246
1961-02-08,-0.641043
1961-02-09,-0.635848
1961-02-10,-0.628658
1961-02-11,-0.619469
1961-02-12,-0.608278
1961-02-13,-0.59508
1961-02-14,-0.579871
1961-02-15,-0.562642
1961-02-16,-0.543389
1961-02-17,-0.522102
1961-02-18,-0.498772
1961-02-19,-0.473391
1961-02-20,-0.445947
1961-02-21,-0.416429
1961-02-22,-0.384825
1961-02-23,-0.351122
1961-02-24,-0.315306
1961-02-25,-0.277363
1961-02-26,-0.237275
1961-02-27,-0.195028
1961-02-28,-0.150603
1961-03-01,-0.103982
1961-03-02,-0.058474
1961-03-03,-0.01406
1961-03-04,0.029278
1961-03-05,0.071558
1961-03-06,0.112797
1961-03-07,0.153014
1961-03-08,0.192224
1961-03-09,0.230443
1961-03-10,0.267688
1961-03-11,0.303973
1961-03-12,0.339315
1961-03-13,0.373726
1961-03-14,0.407222
1961-03-15,0.439817
1961-03-16,0.471523
1961-03-17,0.502355
1961-03-18,0.532324
1961-03-19,0.561444
1961-03-20,0.589725
1961-03-21,0.617181
1961-03-22,0.643822
1961-03-23,0.669659
1961-03-24,0.694703
1961-03-25,0.718965
1961-03-26,0.742454
1961-03-27,0.76518
1961-03-28,0.787152
1961-03-29,0.80838
1961-03-30,0.828872
1961-03-31,0.848637
1961-04-01,0.867683
1961-04-02,0.88658
1961-04-03,0.905334
1961-04-04,0.923955
1961-04-05,0.942449
1961-04-06,0.960825
1961-04-07,0.979089
1961-04-08,0.99725
1961-04-09,1.015314
1961-04-10,1.03329
1961-04-11,1.051185
1961-04-12,1.069006
1961-04-13,1.086761
1961-04-14,1.104457
1961-04-15,1.122101
1961-04-16,1.1397
1961-04-17,1.157262
1961-04-18,1.174795
1961-04-19,1.192305
1961-04-20,1.209799
1961-04-21,1.227285
1961-04-22,1.244771
1961-04-23,1.262262
1961-04-24,1.279767
1961-04-25,1.297293
1961-04-26,1.314847
1961-04-27,1.332436
1961-04-28,1.350068
1961-04-29,1.367749
1961-04-30,1.385488
1961-05-01,1.403291
1961-05-02,1.42035
1961-05-03,1.436671
1961-05-04,1.452262
1961-05-05,1.467128
1961-05-06,1.481276
1961-05-07,1.494712
1961-05-08,1.507441
1961-05-09,1.519469
1961-05-10,1.530801
1961-05-11,1.54144
1961-05-12,1.551392
1961-05-13,1.560661
1961-05-14,1.569251
1961-05-15,1.577165
1961-05-16,1.584406
1961-05-17,1.590978
1961-05-18,1.596882
1961-05-19,1.602122
1961-05-20,1.6067
1961-05-21,1.610618
1961-05-22,1.613877
1961-05-23,1.616478
1961-05-24,1.618423
1961-05-25,1.619713
1961-05-26,1.620348
1961-05-27,1.620327
1961-05-28,1.619652
1961-05-29,1.618323
1961-05-30,1.616337
1961-05-31,1.613695
1961-06-01,1.610396
1961-06-02,1.606786
1961-06-03,1.602865
1961-06-04,1.598631
1961-06-05,1.594082
1961-06-06,1.589215
1961-06-07,1.58403
1961-06-08,1.578524
1961-06-09,1.572695
1961-06-10,1.56654
1961-06-11,1.560056
1961-06-12,1.553242
1961-06-13,1.546094
1961-06-14,1.538609
1961-06-15,1.530785
1961-06-16,1.522617
1961-06-17,1.514103
1961-06-18,1.505239
1961-06-19,1.496022
1961-06-20,1.486447
1961-06-21,1.47651
1961-06-22,1.466208
1961-06-23,1.455537
1961-06-24,1.444491
1961-06-25,1.433066
1961-06-26,1.421259
1961-06-27,1.409062
1961-06-28,1.396473
1961-06-29,1.383484
1961-06-30,1.370092
1961-07-01,1.35629
1961-07-02,1.342888
1961-07-03,1.329878
1961-07-04,1.317257
1961-07-05,1.305018
1961-07-06,1.293157
1961-07-07,1.281668
1961-07-08,1.270548
1961-07-09,1.259791
1961-07-10,1.249393
1961-07-11,1.23935
1961-07-12,1.229657
1961-07-13,1.220311
1961-07-14,1.211308
1961-07-15,1.202643
1961-07-16,1.194314
1961-07-17,1.186316
1961-07-18,1.178647
1961-07-19,1.171304
1961-07-20,1.164283
1961-07-21,1.157581
1961-07-22,1.151196
1961-07-23,1.145126
1961-07-24,1.139367
1961-07-25,1.133916
1961-07-26,1.128773
1961-07-27,1.123935
1961-07-28,1.119399
1961-07-29,1.115165
1961-07-30,1.111229
1961-07-31,1.107591
1961-08-01,1.10425
1961-08-02,1.099966
1961-08-03,1.09474
1961-08-04,1.088568
1961-08-05,1.081448
1961-08-06,1.073378
1961-08-07,1.064353
1961-08-08,1.05437
1961-08-09,1.043426
1961-08-10,1.031514
1961-08-11,1.018632
1961-08-12,1.004772
1961-08-13,0.98993
1961-08-14,0.974099
1961-08-15,0.957273
1961-08-16,0.939445
1961-08-17,0.920607
1961-08-18,0.900752
1961-08-19,0.879871
1961-08-20,0.857956
1961-08-21,0.834998
1961-08-22,0.810987
1961-08-23,0.785914
1961-08-24,0.759767
1961-08-25,0.732537
1961-08-26,0.704211
1961-08-27,0.674778
1961-08-28,0.644227
1961-08-29,0.612544
1961-08-30,0.579716
1961-08-31,0.54573
1961-09-01,0.510571
1961-09-02,0.47846
1961-09-03,0.449382
1961-09-04,0.423325
1961-09-05,0.40028
1961-09-06,0.380235
1961-09-07,0.363184
1961-09-08,0.349119
1961-09-09,0.338034
1961-09-10,0.329924
1961-09-11,0.324787
1961-09-12,0.32262
1961-09-13,0.323422
1961-09-14,0.327193
1961-09-15,0.333936
1961-09-16,0.343652
1961-09-17,0.356347
1961-09-18,0.372024
1961-09-19,0.390691
1961-09-20,0.412356
1961-09-21,0.437026
1961-09-22,0.464714
1961-09-23,0.495429
1961-09-24,0.529185
1961-09-25,0.565995
1961-09-26,0.605876
1961-09-27,0.648842
1961-09-28,0.694913
1961-09-29,0.744107
1961-09-30,0.796445
1961-10-01,0.851947
1961-10-02,0.905705
1961-10-03,0.957741
1961-10-04,1.008076
1961-10-05,1.056731
1961-10-06,1.103727
1961-10-07,1.149082
1961-10-08,1.192815
1961-10-09,1.234945
1961-10-10,1.275489
1961-10-11,1.314463
1961-10-12,1.351884
1961-10-13,1.387768
1961-10-14,1.422128
1961-10-15,1.45498
1961-10-16,1.486337
1961-10-17,1.516211
1961-10-18,1.544616
1961-10-19,1.571563
1961-10-20,1.597063
1961-10-21,1.621126
1961-10-22,1.643763
1961-10-23,1.664983
1961-10-24,1.684795
1961-10-25,1.703207
1961-10-26,1.720226
1961-10-27,1.735859
1961-10-28,1.750114
1961-10-29,1.762996
1961-10-30,1.77451
1961-10-31,1.784661
1961-11-01,1.793453
1961-11-02,1.800828
1961-11-03,1.80679
1961-11-04,1.81134
1961-11-05,1.814481
1961-11-06,1.816213
1961-11-07,1.816538
1961-11-08,1.815456
1961-11-09,1.812965
1961-11-10,1.809066
1961-11-11,1.803757
1961-11-12,1.797035
1961-11-13,1.788897
1961-11-14,1.779341
1961-11-15,1.768362
1961-11-16,1.755956
1961-11-17,1.742117
1961-11-18,1.72684
1961-11-19,1.710119
1961-11-20,1.691946
1961-11-21,1.672315
1961-11-22,1.651216
1961-11-23,1.628642
1961-11-24,1.604583
1961-11-25,1.579029
1961-11-26,1.551969
1961-11-27,1.523392
1961-11-28,1.493287
1961-11-29,1.461641
1961-11-30,1.428441
1961-12-01,1.393673
1961-12-02,1.358421
1961-12-03,1.322671
1961-12-04,1.286407
1961-12-05,1.249616
1961-12-06,1.212281
1961-12-07,1.174387
1961-12-08,1.135919
1961-12-09,1.096861
1961-12-10,1.057196
1961-12-11,1.016908
1961-12-12,0.97598
1961-12-13,0.934396
1961-12-14,0.892138
1961-12-15,0.849189
1961-12-16,0.805531
1961-12-17,0.761146
1961-12-18,0.716016
1961-12-19,0.670122
1961-12-20,0.623444
1961-12-21,0.575965
1961-12-22,0.527663
1961-12-23,0.47852
1961-12-24,0.428514
1961-12-25,0.377625
1961-12-26,0.325833
1961-12-27,0.273115
1961-12-28,0.21945
1961-12-29,0.164815
1961-12-30,0.109189
1961-12-31,0.052547
1962-01-01,-0.005132
1962-01-02,-0.058011
1962-01-03,-0.106111
1962-01-04,-0.149453
1962-01-05,-0.188052
1962-01-06,-0.221927
1962-01-07,-0.251091
1962-01-08,-0.275555
1962-01-09,-0.295331
1962-01-10,-0.310426
1962-01-11,-0.320846
1962-01-12,-0.326596
1962-01-13,-0.327678
1962-01-14,-0.324093
1962-01-15,-0.315839
1962-01-16,-0.302912
1962-01-17,-0.285308
1962-01-18,-0.263019
1962-01-19,-0.236036
1962-01-20,-0.204347
1962-01-21,-0.167941
1962-01-22,-0.1268
1962-01-23,-0.080909
1962-01-24,-0.030249
1962-01-25,0.025202
1962-01-26,0.085466
1962-01-27,0.150568
1962-01-28,0.220535
1962-01-29,0.295397
1962-01-30,0.375184
1962-01-31,0.459928
1962-02-01,0.549666
1962-02-02,0.634532
1962-02-03,0.71456
1962-02-04,0.789784
1962-02-05,0.860235
1962-02-06,0.925943
1962-02-07,0.986933
1962-02-08,1.043233
1962-02-09,1.094864
1962-02-10,1.141848
1962-02-11,1.184205
1962-02-12,1.221951
1962-02-13,1.255104
1962-02-14,1.283676
1962-02-15,1.307679
1962-02-16,1.327124
1962-02-17,1.342017
1962-02-18,1.352366
1962-02-19,1.358175
1962-02-20,1.359446
1962-02-21,1.356179
1962-02-22,1.348374
1962-02-23,1.336026
1962-02-24,1.319131
1962-02-25,1.297683
1962-02-26,1.271671
1962-02-27,1.241086
1962-02-28,1.205914
1962-03-01,1.166141
1962-03-02,1.128148
1962-03-03,1.09192
1962-03-04,1.05744
1962-03-05,1.024695
1962-03-06,0.993672
1962-03-07,0.964357
1962-03-08,0.936738
1962-03-09,0.910804
1962-03-10,0.886545
1962-03-11,0.863949
1962-03-12,0.843009
1962-03-13,0.823714
1962-03-14,0.806058
1962-03-15,0.790033
1962-03-16,0.775632
1962-03-17,0.762849
1962-03-18,0.75168
1962-03-19,0.742118
1962-03-20,0.734162
1962-03-21,0.727806
1962-03-22,0.723049
1962-03-23,0.719888
1962-03-24,0.718323
1962-03-25,0.718353
1962-03-26,0.719977
1962-03-27,0.723196
1962-03-28,0.728012
1962-03-29,0.734426
1962-03-30,0.742442
1962-03-31,0.752063
1962-04-01,0.763291
1962-04-02,0.772575
1962-04-03,0.779916
1962-04-04,0.785318
1962-04-05,0.788784
1962-04-06,0.790314
1962-04-07,0.78991
1962-04-08,0.787571
1962-04-09,0.783297
1962-04-10,0.777085
1962-04-11,0.768933
1962-04-12,0.758837
1962-04-13,0.746794
1962-04-14,0.732798
1962-04-15,0.716844
1962-04-16,0.698924
1962-04-17,0.679033
1962-04-18,0.657161
1962-04-19,0.633299
1962-04-20,0.607437
1962-04-21,0.579566
1962-04-22,0.549672
1962-04-23,0.517745
1962-04-24,0.48377
1962-04-25,0.447734
1962-04-26,0.409621
1962-04-27,0.369417
1962-04-28,0.327104
1962-04-29,0.282665
1962-04-30,0.236081
1962-05-01,0.187333
1962-05-02,0.140375
1962-05-03,0.095188
1962-05-04,0.051752
1962-05-05,0.01005
1962-05-06,-0.029936
1962-05-07,-0.068222
1962-05-08,-0.104824
1962-05-09,-0.139757
1962-05-10,-0.173036
1962-05-11,-0.204674
1962-05-12,-0.234684
1962-05-13,-0.263079
1962-05-14,-0.289871
1962-05-15,-0.31507
1962-05-16,-0.338687
1962-05-17,-0.360733
1962-05-18,-0.381215
1962-05-19,-0.400142
1962-05-20,-0.417523
1962-05-21,-0.433364
1962-05-22,-0.447672
1962-05-23,-0.460453
1962-05-24,-0.471712
1962-05-25,-0.481454
1962-05-26,-0.489683
1962-05-27,-0.496402
1962-05-28,-0.501614
1962-05-29,-0.505321
1962-05-30,-0.507525
1962-05-31,-0.508226
1962-06-01,-0.507426
1962-06-02,-0.50538
1962-06-03,-0.50209
1962-06-04,-0.497552
1962-06-05,-0.491765
1962-06-06,-0.484728
1962-06-07,-0.476436
1962-06-08,-0.466886
1962-06-09,-0.456075
1962-06-10,-0.443999
1962-06-11,-0.430651
1962-06-12,-0.416026
1962-06-13,-0.40012
1962-06-14,-0.382924
1962-06-15,-0.364432
1962-06-16,-0.344636
1962-06-17,-0.323528
1962-06-18,-0.301099
1962-06-19,-0.27734
1962-06-20,-0.252241
1962-06-21,-0.225792
1962-06-22,-0.197982
1962-06-23,-0.168799
1962-06-24,-0.138232
1962-06-25,-0.106267
1962-06-26,-0.072891
1962-06-27,-0.038091
1962-06-28,-0.001853
1962-06-29,0.03584
1962-06-30,0.075002
1962-07-01,0.11565
1962-07-02,0.154205
1962-07-03,0.190685
1962-07-04,0.225105
1962-07-05,0.257478
1962-07-06,0.287818
1962-07-07,0.316137
1962-07-08,0.342448
1962-07-09,0.36676
1962-07-10,0.389085
1962-07-11,0.409431
1962-07-12,0.427807
1962-07-13,0.444221
1962-07-14,0.458678
1962-07-15,0.471186
1962-07-16,0.481749
1962-07-17,0.490372
1962-07-18,0.497058
1962-07-19,0.501809
1962-07-20,0.504629
1962-07-21,0.505518
1962-07-22,0.504477
1962-07-23,0.501505
1962-07-24,0.4966
1962-07-25,0.489762
1962-07-26,0.480986
1962-07-27,0.47027
1962-07-28,0.457608
1962-07-29,0.442997
1962-07-30,0.426429
1962-07-31,0.407898
1962-08-01,0.387396
1962-08-02,0.368047
1962-08-03,0.349843
1962-08-04,0.332778
1962-08-05,0.316842
1962-08-06,0.302031
1962-08-07,0.288338
1962-08-08,0.275757
1962-08-09,0.264283
1962-08-10,0.253912
1962-08-11,0.244638
1962-08-12,0.236459
1962-08-13,0.22937
1962-08-14,0.22337
1962-08-15,0.218454
1962-08-16,0.214622
1962-08-17,0.211872
1962-08-18,0.210203
1962-08-19,0.209613
1962-08-20,0.210103
1962-08-21,0.211674
1962-08-22,0.214324
1962-08-23,0.218056
1962-08-24,0.222872
1962-08-25,0.228773
1962-08-26,0.235761
1962-08-27,0.24384
1962-08-28,0.253013
1962-08-29,0.263283
1962-08-30,0.274655
1962-08-31,0.287134
1962-09-01,0.300725
1962-09-02,0.313136
1962-09-03,0.324372
1962-09-04,0.334439
1962-09-05,0.34334
1962-09-06,0.351079
1962-09-07,0.357659
1962-09-08,0.363083
1962-09-09,0.367353
1962-09-10,0.370471
1962-09-11,0.372438
1962-09-12,0.373256
1962-09-13,0.372923
1962-09-14,0.371441
1962-09-15,0.368808
1962-09-16,0.365024
1962-09-17,0.360087
1962-09-18,0.353995
1962-09-19,0.346745
1962-09-20,0.338335
1962-09-21,0.32876
1962-09-22,0.318017
1962-09-23,0.306102
1962-09-24,0.29301
1962-09-25,0.278734
1962-09-26,0.26327
1962-09-27,0.246611
1962-09-28,0.22875
1962-09-29,0.209679
1962-09-30,0.189391
1962-10-01,0.167877
1962-10-02,0.147235
1962-10-03,0.127456
1962-10-04,0.108531
1962-10-05,0.090452
1962-10-06,0.073213
1962-10-07,0.056807
1962-10-08,0.041225
1962-10-09,0.026463
1962-10-10,0.012514
1962-10-11,-0.000629
1962-10-12,-0.01297
1962-10-13,-0.024514
1962-10-14,-0.035267
1962-10-15,-0.045232
1962-10-16,-0.054414
1962-10-17,-0.062816
1962-10-18,-0.070443
1962-10-19,-0.077297
1962-10-20,-0.083381
1962-10-21,-0.088698
1962-10-22,-0.093249
1962-10-23,-0.097037
1962-10-24,-0.100063
1962-10-25,-0.102329
1962-10-26,-0.103835
1962-10-27,-0.104583
1962-10-28,-0.104571
1962-10-29,-0.103801
1962-10-30,-0.102272
1962-10-31,-0.099983
1962-11-01,-0.096934
1962-11-02,-0.094348
1962-11-03,-0.092223
1962-11-04,-0.090559
1962-11-05,-0.089354
1962-11-06,-0.08861
1962-11-07,-0.088324
1962-11-08,-0.088498
1962-11-09,-0.089131
1962-11-10,-0.090223
1962-11-11,-0.091775
1962-11-12,-0.093788
1962-11-13,-0.096262
1962-11-14,-0.099198
1962-11-15,-0.102598
1962-11-16,-0.106463
1962-11-17,-0.110794
1962-11-18,-0.115594
1962-11-19,-0.120865
1962-11-20,-0.126608
1962-11-21,-0.132825
1962-11-22,-0.139521
1962-11-23,-0.146696
1962-11-24,-0.154355
1962-11-25,-0.1625
1962-11-26,-0.171135
1962-11-27,-0.180264
1962-11-28,-0.189889
1962-11-29,-0.200016
1962-11-30,-0.210648
1962-12-01,-0.221789
1962-12-02,-0.231794
1962-12-03,-0.240667
1962-12-04,-0.248411
1962-12-05,-0.25503
1962-12-06,-0.260525
1962-12-07,-0.264901
1962-12-08,-0.268158
1962-12-09,-0.270297
1962-12-10,-0.27132
1962-12-11,-0.271227
1962-12-12,-0.270018
1962-12-13,-0.267693
1962-12-14,-0.26425
1962-12-15,-0.259688
1962-12-16,-0.254005
1962-12-17,-0.247199
1962-12-18,-0.239267
1962-12-19,-0.230206
1962-12-20,-0.220012
1962-12-21,-0.208681
1962-12-22,-0.196207
1962-12-23,-0.182587
1962-12-24,-0.167814
1962-12-25,-0.151882
1962-12-26,-0.134785
1962-12-27,-0.116516
1962-12-28,-0.097066
1962-12-29,-0.076428
1962-12-30,-0.054594
1962-12-31,-0.031554
1963-01-01,-0.007299
1963-01-02,0.016637
1963-01-03,0.040264
1963-01-04,0.063593
1963-01-05,0.086631
1963-01-06,0.10939
1963-01-07,0.131879
1963-01-08,0.154106
1963-01-09,0.176082
1963-01-10,0.197814
1963-01-11,0.219312
1963-01-12,0.240586
1963-01-13,0.261643
1963-01-14,0.282493
1963-01-15,0.303143
1963-01-16,0.323604
1963-01-17,0.343882
1963-01-18,0.363987
1963-01-19,0.383927
1963-01-20,0.40371
1963-01-21,0.423344
1963-01-22,0.442837
1963-01-23,0.462198
1963-01-24,0.481434
1963-01-25,0.500553
1963-01-26,0.519564
1963-01-27,0.538474
1963-01-28,0.55729
1963-01-29,0.576022
1963-01-30,0.594676
1963-01-31,0.61326
1963-02-01,0.631782
1963-02-02,0.649139
1963-02-03,0.665337
1963-02-04,0.680384
1963-02-05,0.694286
1963-02-06,0.707048
1963-02-07,0.718676
1963-02-08,0.729174
1963-02-09,0.738547
1963-02-10,0.746799
1963-02-11,0.753933
1963-02-12,0.759953
1963-02-13,0.764859
1963-02-14,0.768656
1963-02-15,0.771344
1963-02-16,0.772924
1963-02-17,0.773397
1963-02-18,0.772763
1963-02-19,0.771022
1963-02-20,0.768173
1963-02-21,0.764215
1963-02-22,0.759147
1963-02-23,0.752966
1963-02-24,0.745669
1963-02-25,0.737255
1963-02-26,0.727718
1963-02-27,0.717056
1963-02-28,0.705264
1963-03-01,0.692336
1963-03-02,0.680523
1963-03-03,0.669819
1963-03-04,0.660219
1963-03-05,0.651721
1963-03-06,0.644319
1963-03-07,0.638012
1963-03-08,0.632796
1963-03-09,0.62867
1963-03-10,0.625631
1963-03-11,0.623679
1963-03-12,0.622812
1963-03-13,0.623031
1963-03-14,0.624335
1963-03-15,0.626724
1963-03-16,0.630201
1963-03-17,0.634766
1963-03-18,0.640422
1963-03-19,0.647169
1963-03-20,0.655013
1963-03-21,0.663954
1963-03-22,0.673998
1963-03-23,0.685149
1963-03-24,0.697411
1963-03-25,0.710788
1963-03-26,0.725288
1963-03-27,0.740915
1963-03-28,0.757676
1963-03-29,0.775578
1963-03-30,0.794628
1963-03-31,0.814835
1963-04-01,0.836207
1963-04-02,0.856258
1963-04-03,0.874998
1963-04-04,0.892434
1963-04-05,0.908574
1963-04-06,0.923423
1963-04-07,0.936988
1963-04-08,0.949275
1963-04-09,0.960289
1963-04-10,0.970035
1963-04-11,0.978515
1963-04-12,0.985735
1963-04-13,0.991696
1963-04-14,0.996402
1963-04-15,0.999854
1963-04-16,1.002054
1963-04-17,1.003002
1963-04-18,1.002699
1963-04-19,1.001146
1963-04-20,0.99834
1963-04-21,0.994282
1963-04-22,0.988969
1963-04-23,0.982399
1963-04-24,0.97457
1963-04-25,0.965478
1963-04-26,0.955119
1963-04-27,0.94349
1963-04-28,0.930585
1963-04-29,0.916399
1963-04-30,0.900927
1963-05-01,0.884161
1963-05-02,0.867546
1963-05-03,0.851077
1963-05-04,0.834745
1963-05-05,0.818544
1963-05-06,0.802468
1963-05-07,0.786509
1963-05-08,0.770662
1963-05-09,0.754919
1963-05-10,0.739274
1963-05-11,0.723721
1963-05-12,0.708252
1963-05-13,0.692863
1963-05-14,0.677546
1963-05-15,0.662295
1963-05-16,0.647104
1963-05-17,0.631967
1963-05-18,0.616876
1963-05-19,0.601827
1963-05-20,0.586812
1963-05-21,0.571826
1963-05-22,0.556862
1963-05-23,0.541915
1963-05-24,0.526977
1963-05-25,0.512043
1963-05-26,0.497107
1963-05-27,0.482162
1963-05-28,0.467203
1963-05-29,0.452222
1963-05-30,0.437215
1963-05-31,0.422174
1963-06-01,0.407094
1963-06-02,0.392303
1963-06-03,0.377795
1963-06-04,0.363565
1963-06-05,0.349607
1963-06-06,0.335914
1963-06-07,0.322481
1963-06-08,0.309302
1963-06-09,0.296372
1963-06-10,0.283687
1963-06-11,0.271239
1963-06-12,0.259025
1963-06-13,0.247039
1963-06-14,0.235276
1963-06-15,0.223732
1963-06-16,0.212401
1963-06-17,0.20128
1963-06-18,0.190362
1963-06-19,0.179645
1963-06-20,0.169123
1963-06-21,0.158792
1963-06-22,0.148647
1963-06-23,0.138686
1963-06-24,0.128902
1963-06-25,0.119293
1963-06-26,0.109855
1963-06-27,0.100583
1963-06-28,0.091474
1963-06-29,0.082524
1963-06-30,0.073729
1963-07-01,0.065085
1963-07-02,0.057063
1963-07-03,0.049657
1963-07-04,0.042866
1963-07-05,0.036686
1963-07-06,0.031115
1963-07-07,0.02615
1963-07-08,0.02179
1963-07-09,0.018032
1963-07-10,0.014876
1963-07-11,0.01232
1963-07-12,0.010362
1963-07-13,0.009002
1963-07-14,0.00824
1963-07-15,0.008074
1963-07-16,0.008506
1963-07-17,0.009535
1963-07-18,0.011161
1963-07-19,0.013386
1963-07-20,0.01621
1963-07-21,0.019634
1963-07-22,0.02366
1963-07-23,0.02829
1963-07-24,0.033525
1963-07-25,0.039367
1963-07-26,0.045819
1963-07-27,0.052884
1963-07-28,0.060565
1963-07-29,0.068864
1963-07-30,0.077785
1963-07-31,0.087333
1963-08-01,0.097509
1963-08-02,0.108279
1963-08-03,0.119645
1963-08-04,0.131613
1963-08-05,0.144187
1963-08-06,0.157372
1963-08-07,0.171175
1963-08-08,0.185601
1963-08-09,0.200655
1963-08-10,0.216345
1963-08-11,0.232676
1963-08-12,0.249655
1963-08-13,0.267289
1963-08-14,0.285586
1963-08-15,0.304553
1963-08-16,0.324198
1963-08-17,0.344529
1963-08-18,0.365555
1963-08-19,0.387284
1963-08-20,0.409725
1963-08-21,0.432888
1963-08-22,0.456781
1963-08-23,0.481416
1963-08-24,0.506801
1963-08-25,0.532948
1963-08-26,0.559868
1963-08-27,0.587571
1963-08-28,0.616069
1963-08-29,0.645374
1963-08-30,0.675498
1963-08-31,0.706453
1963-09-01,0.738252
1963-09-02,0.768479
1963-09-03,0.797145
1963-09-04,0.824262
1963-09-05,0.849842
1963-09-06,0.873895
1963-09-07,0.896431
1963-09-08,0.91746
1963-09-09,0.93699
1963-09-10,0.955029
1963-09-11,0.971584
1963-09-12,0.986663
1963-09-13,1.000272
1963-09-14,1.012417
1963-09-15,1.023101
1963-09-16,1.032331
1963-09-17,1.040109
1963-09-18,1.046439
1963-09-19,1.051324
1963-09-20,1.054765
1963-09-21,1.056764
1963-09-22,1.057321
1963-09-23,1.056438
1963-09-24,1.054113
1963-09-25,1.050346
1963-09-26,1.045135
1963-09-27,1.038478
1963-09-28,1.030372
1963-09-29,1.020814
1963-09-30,1.0098
1963-10-01,0.997325
1963-10-02,0.984319
1963-10-03,0.970776
1963-10-04,0.956692
1963-10-05,0.94206
1963-10-06,0.926874
1963-10-07,0.911128
1963-10-08,0.894816
1963-10-09,0.87793
1963-10-10,0.860463
1963-10-11,0.842409
1963-10-12,0.82376
1963-10-13,0.804509
1963-10-14,0.784646
1963-10-15,0.764165
1963-10-16,0.743056
1963-10-17,0.721311
1963-10-18,0.698921
1963-10-19,0.675877
1963-10-20,0.652168
1963-10-21,0.627786
1963-10-22,0.60272
1963-10-23,0.57696
1963-10-24,0.550495
1963-10-25,0.523314
1963-10-26,0.495407
1963-10-27,0.466761
1963-10-28,0.437364
1963-10-29,0.407205
1963-10-30,0.376271
1963-10-31,0.344549
1963-11-01,0.312026
1963-11-02,0.280809
1963-11-03,0.250885
1963-11-04,0.222241
1963-11-05,0.194867
1963-11-06,0.168749
1963-11-07,0.143879
1963-11-08,0.120245
1963-11-09,0.097837
1963-11-10,0.076647
1963-11-11,0.056665
1963-11-12,0.037883
1963-11-13,0.020294
1963-11-14,0.003891
1963-11-15,-0.011334
1963-11-16,-0.025388
1963-11-17,-0.038274
1963-11-18,-0.05
1963-11-19,-0.060569
1963-11-20,-0.069987
1963-11-21,-0.078257
1963-11-22,-0.085382
1963-11-23,-0.091366
1963-11-24,-0.09621
1963-11-25,-0.099918
1963-11-26,-0.10249
1963-11-27,-0.103927
1963-11-28,-0.104231
1963-11-29,-0.103401
1963-11-30,-0.101437
1963-12-01,-0.098337
1963-12-02,-0.094593
1963-12-03,-0.090203
1963-12-04,-0.085164
1963-12-05,-0.079475
1963-12-06,-0.073133
1963-12-07,-0.066136
1963-12-08,-0.058481
1963-12-09,-0.050165
1963-12-10,-0.041183
1963-12-11,-0.031533
1963-12-12,-0.021211
1963-12-13,-0.010212
1963-12-14,0.001469
1963-12-15,0.013836
1963-12-16,0.026894
1963-12-17,0.040648
1963-12-18,0.055105
1963-12-19,0.070271
1963-12-20,0.086151
1963-12-21,0.102752
1963-12-22,0.120081
1963-12-23,0.138145
1963-12-24,0.156952
1963-12-25,0.17651
1963-12-26,0.196826
1963-12-27,0.217909
1963-12-28,0.239768
1963-12-29,0.262411
1963-12-30,0.285848
1963-12-31,0.31009
1964-01-01,0.335145
1964-01-02,0.359897
1964-01-03,0.384356
1964-01-04,0.408533
1964-01-05,0.432438
1964-01-06,0.456079
1964-01-07,0.479468
1964-01-08,0.502614
1964-01-09,0.525526
1964-01-10,0.548214
1964-01-11,0.570687
1964-01-12,0.592955
1964-01-13,0.615027
1964-01-14,0.636911
1964-01-15,0.658618
1964-01-16,0.680155
1964-01-17,0.701532
1964-01-18,0.722757
1964-01-19,0.74384
1964-01-20,0.76479
1964-01-21,0.785614
1964-01-22,0.806321
1964-01-23,0.826921
1964-01-24,0.84742
1964-01-25,0.867829
1964-01-26,0.888156
1964-01-27,0.908408
1964-01-28,0.928594
1964-01-29,0.948723
1964-01-30,0.968803
1964-01-31,0.988842
1964-02-01,1.008848
1964-02-02,1.02694
1964-02-03,1.043126
1964-02-04,1.057412
1964-02-05,1.069804
1964-02-06,1.080307
1964-02-07,1.088926
1964-02-08,1.095664
1964-02-09,1.100523
1964-02-10,1.103507
1964-02-11,1.104616
1964-02-12,1.10385
1964-02-13,1.10121
1964-02-14,1.096694
1964-02-15,1.0903
1964-02-16,1.082025
1964-02-17,1.071867
1964-02-18,1.059821
1964-02-19,1.045883
1964-02-20,1.030045
1964-02-21,1.012302
1964-02-22,0.992647
1964-02-23,0.971071
1964-02-24,0.947565
1964-02-25,0.92212
1964-02-26,0.894725
1964-02-27,0.865369
1964-02-28,0.834039
1964-02-29,0.800723
1964-03-01,0.765407
1964-03-02,0.732065
1964-03-03,0.700684
1964-03-04,0.671249
1964-03-05,0.643749
1964-03-06,0.618174
1964-03-07,0.594511
1964-03-08,0.572751
1964-03-09,0.552886
1964-03-10,0.534907
1964-03-11,0.518807
1964-03-12,0.504579
1964-03-13,0.492217
1964-03-14,0.481715
1964-03-15,0.473071
1964-03-16,0.466279
1964-03-17,0.461338
1964-03-18,0.458245
1964-03-19,0.456999
1964-03-20,0.4576
1964-03-21,0.460047
1964-03-22,0.464342
1964-03-23,0.470486
1964-03-24,0.478483
1964-03-25,0.488334
1964-03-26,0.500046
1964-03-27,0.513621
1964-03-28,0.529066
1964-03-29,0.546388
1964-03-30,0.565593
1964-03-31,0.586689
1964-04-01,0.609685
1964-04-02,0.631715
1964-04-03,0.652789
1964-04-04,0.672914
1964-04-05,0.692099
1964-04-06,0.710352
1964-04-07,0.72768
1964-04-08,0.744092
1964-04-09,0.759592
1964-04-10,0.774189
1964-04-11,0.787888
1964-04-12,0.800694
1964-04-13,0.812613
1964-04-14,0.82365
1964-04-15,0.833809
1964-04-16,0.843095
1964-04-17,0.851511
1964-04-18,0.859061
1964-04-19,0.865748
1964-04-20,0.871575
1964-04-21,0.876545
1964-04-22,0.880658
1964-04-23,0.883918
1964-04-24,0.886324
1964-04-25,0.887879
1964-04-26,0.888583
1964-04-27,0.888437
1964-04-28,0.887439
1964-04-29,0.88559
1964-04-30,0.882889
1964-05-01,0.879335
1964-05-02,0.875322
1964-05-03,0.870847
1964-05-04,0.86591
1964-05-05,0.860507
1964-05-06,0.854637
1964-05-07,0.848297
1964-05-08,0.841485
1964-05-09,0.834198
1964-05-10,0.826432
1964-05-11,0.818186
1964-05-12,0.809454
1964-05-13,0.800234
1964-05-14,0.790522
1964-05-15,0.780313
1964-05-16,0.769604
1964-05-17,0.758391
1964-05-18,0.746667
1964-05-19,0.73443
1964-05-20,0.721673
1964-05-21,0.708391
1964-05-22,0.694579
1964-05-23,0.680231
1964-05-24,0.665341
1964-05-25,0.649903
1964-05-26,0.633911
1964-05-27,0.617358
1964-05-28,0.600237
1964-05-29,0.582541
1964-05-30,0.564263
1964-05-31,0.545395
1964-06-01,0.52593
1964-06-02,0.507758
1964-06-03,0.490873
1964-06-04,0.475268
1964-06-05,0.460936
1964-06-06,0.447871
1964-06-07,0.436069
1964-06-08,0.425523
1964-06-09,0.416229
1964-06-10,0.408185
1964-06-11,0.401386
1964-06-12,0.395829
1964-06-13,0.391513
1964-06-14,0.388435
1964-06-15,0.386595
1964-06-16,0.385991
1964-06-17,0.386624
1964-06-18,0.388493
1964-06-19,0.391599
1964-06-20,0.395944
1964-06-21,0.401529
1964-06-22,0.408357
1964-06-23,0.41643
1964-06-24,0.425752
1964-06-25,0.436327
1964-06-26,0.448159
1964-06-27,0.461253
1964-06-28,0.475615
1964-06-29,0.49125
1964-06-30,0.508164
1964-07-01,0.526365
1964-07-02,0.543987
1964-07-03,0.561037
1964-07-04,0.577521
1964-07-05,0.593447
1964-07-06,0.608822
1964-07-07,0.62365
1964-07-08,0.63794
1964-07-09,0.651696
1964-07-10,0.664925
1964-07-11,0.677632
1964-07-12,0.689821
1964-07-13,0.701499
1964-07-14,0.712669
1964-07-15,0.723337
1964-07-16,0.733507
1964-07-17,0.743184
1964-07-18,0.75237
1964-07-19,0.76107
1964-07-20,0.769288
1964-07-21,0.777027
1964-07-22,0.78429
1964-07-23,0.791081
1964-07-24,0.797401
1964-07-25,0.803254
1964-07-26,0.808641
1964-07-27,0.813566
1964-07-28,0.818031
1964-07-29,0.822036
1964-07-30,0.825584
1964-07-31,0.828677
1964-08-01,0.831315
1964-08-02,0.833729
1964-08-03,0.835921
1964-08-04,0.837892
1964-08-05,0.839642
1964-08-06,0.841171
1964-08-07,0.842482
1964-08-08,0.843573
1964-08-09,0.844446
1964-08-10,0.845102
1964-08-11,0.845539
1964-08-12,0.845759
1964-08-13,0.845761
1964-08-14,0.845546
1964-08-15,0.845113
1964-08-16,0.844463
1964-08-17,0.843594
1964-08-18,0.842507
1964-08-19,0.841202
1964-08-20,0.839677
1964-08-21,0.837931
1964-08-22,0.835966
1964-08-23,0.833778
1964-08-24,0.831369
1964-08-25,0.828735
1964-08-26,0.825878
1964-08-27,0.822794
1964-08-28,0.819484
1964-08-29,0.815945
1964-08-30,0.812177
1964-08-31,0.808177
1964-09-01,0.803944
1964-09-02,0.796934
1964-09-03,0.787145
1964-09-04,0.774573
1964-09-05,0.759212
1964-09-06,0.741056
1964-09-07,0.720097
1964-09-08,0.696327
1964-09-09,0.669736
1964-09-10,0.640313
1964-09-11,0.608046
1964-09-12,0.572922
1964-09-13,0.534925
1964-09-14,0.494041
1964-09-15,0.450251
1964-09-16,0.403539
1964-09-17,0.353885
1964-09-18,0.301269
1964-09-19,0.245668
1964-09-20,0.187059
1964-09-21,0.125419
1964-09-22,0.060722
1964-09-23,-0.007059
1964-09-24,-0.077952
1964-09-25,-0.151987
1964-09-26,-0.229193
1964-09-27,-0.309603
1964-09-28,-0.393249
1964-09-29,-0.480168
1964-09-30,-0.570394
1964-10-01,-0.663965
1964-10-02,-0.749171
1964-10-03,-0.826049
1964-10-04,-0.89463
1964-10-05,-0.954942
1964-10-06,-1.00701
1964-10-07,-1.050856
1964-10-08,-1.086498
1964-10-09,-1.113951
1964-10-10,-1.133225
1964-10-11,-1.14433
1964-10-12,-1.147269
1964-10-13,-1.142043
1964-10-14,-1.128652
1964-10-15,-1.107088
1964-10-16,-1.077344
1964-10-17,-1.039406
1964-10-18,-0.993259
1964-10-19,-0.938885
1964-10-20,-0.87626
1964-10-21,-0.805359
1964-10-22,-0.726152
1964-10-23,-0.638607
1964-10-24,-0.542687
1964-10-25,-0.438353
1964-10-26,-0.325562
1964-10-27,-0.204266
1964-10-28,-0.074416
1964-10-29,0.064041
1964-10-30,0.211164
1964-10-31,0.367013
1964-11-01,0.531652
1964-11-02,0.688484
1964-11-03,0.837572
1964-11-04,0.97898
1964-11-05,1.112764
1964-11-06,1.238982
1964-11-07,1.357684
1964-11-08,1.46892
1964-11-09,1.572735
1964-11-10,1.669174
1964-11-11,1.758275
1964-11-12,1.840076
1964-11-13,1.914609
1964-11-14,1.981908
1964-11-15,2.041998
1964-11-16,2.094905
1964-11-17,2.14065
1964-11-18,2.179254
1964-11-19,2.210731
1964-11-20,2.235094
1964-11-21,2.252354
1964-11-22,2.262518
1964-11-23,2.26559
1964-11-24,2.261572
1964-11-25,2.250461
1964-11-26,2.232253
1964-11-27,2.20694
1964-11-28,2.174513
1964-11-29,2.134957
1964-11-30,2.088256
1964-12-01,2.034392
1964-12-02,1.982339
1964-12-03,1.932077
1964-12-04,1.883583
1964-12-05,1.83684
1964-12-06,1.791826
1964-12-07,1.748524
1964-12-08,1.706915
1964-12-09,1.666983
1964-12-10,1.628711
1964-12-11,1.592082
1964-12-12,1.557083
1964-12-13,1.523697
1964-12-14,1.491913
1964-12-15,1.461716
1964-12-16,1.433093
1964-12-17,1.406034
1964-12-18,1.380527
1964-12-19,1.356561
1964-12-20,1.334127
1964-12-21,1.313215
1964-12-22,1.293816
1964-12-23,1.275923
1964-12-24,1.259528
1964-12-25,1.244624
1964-12-26,1.231206
1964-12-27,1.219267
1964-12-28,1.208803
1964-12-29,1.199809
1964-12-30,1.192282
1964-12-31,1.186218
1965-01-01,1.181616
1965-01-02,1.17718
1965-01-03,1.17291
1965-01-04,1.168802
1965-01-05,1.164857
1965-01-06,1.161072
1965-01-07,1.157445
1965-01-08,1.153975
1965-01-09,1.150661
1965-01-10,1.147501
1965-01-11,1.144494
1965-01-12,1.141639
1965-01-13,1.138934
1965-01-14,1.136379
1965-01-15,1.133971
1965-01-16,1.131711
1965-01-17,1.129598
1965-01-18,1.12763
1965-01-19,1.125806
1965-01-20,1.124127
1965-01-21,1.122591
1965-01-22,1.121197
1965-01-23,1.119946
1965-01-24,1.118836
1965-01-25,1.117867
1965-01-26,1.117038
1965-01-27,1.11635
1965-01-28,1.115802
1965-01-29,1.115394
1965-01-30,1.115125
1965-01-31,1.114996
1965-02-01,1.115006
1965-02-02,1.115335
1965-02-03,1.115982
1965-02-04,1.116949
1965-02-05,1.118234
1965-02-06,1.11984
1965-02-07,1.121765
1965-02-08,1.124012
1965-02-09,1.126582
1965-02-10,1.129474
1965-02-11,1.132691
1965-02-12,1.136234
1965-02-13,1.140103
1965-02-14,1.144302
1965-02-15,1.148831
1965-02-16,1.153693
1965-02-17,1.158889
1965-02-18,1.164422
1965-02-19,1.170294
1965-02-20,1.176507
1965-02-21,1.183064
1965-02-22,1.189967
1965-02-23,1.19722
1965-02-24,1.204826
1965-02-25,1.212787
1965-02-26,1.221107
1965-02-27,1.229789
1965-02-28,1.238837
1965-03-01,1.248255
1965-03-02,1.25673
1965-03-03,1.264266
1965-03-04,1.270866
1965-03-05,1.276533
1965-03-06,1.281269
1965-03-07,1.285076
1965-03-08,1.287955
1965-03-09,1.289908
1965-03-10,1.290936
1965-03-11,1.291038
1965-03-12,1.290216
1965-03-13,1.288468
1965-03-14,1.285794
1965-03-15,1.282194
1965-03-16,1.277664
1965-03-17,1.272204
1965-03-18,1.265812
1965-03-19,1.258484
1965-03-20,1.250217
1965-03-21,1.241009
1965-03-22,1.230855
1965-03-23,1.219751
1965-03-24,1.207692
1965-03-25,1.194675
1965-03-26,1.180692
1965-03-27,1.165739
1965-03-28,1.149809
1965-03-29,1.132896
1965-03-30,1.114992
1965-03-31,1.096091
1965-04-01,1.076184
1965-04-02,1.057075
1965-04-03,1.038755
1965-04-04,1.021219
1965-04-05,1.004457
1965-04-06,0.988463
1965-04-07,0.973231
1965-04-08,0.958755
1965-04-09,0.945028
1965-04-10,0.932044
1965-04-11,0.919798
1965-04-12,0.908286
1965-04-13,0.897502
1965-04-14,0.887442
1965-04-15,0.878102
1965-04-16,0.869478
1965-04-17,0.861567
1965-04-18,0.854364
1965-04-19,0.847867
1965-04-20,0.842074
1965-04-21,0.836982
1965-04-22,0.832589
1965-04-23,0.828893
1965-04-24,0.825893
1965-04-25,0.823587
1965-04-26,0.821974
1965-04-27,0.821055
1965-04-28,0.820827
1965-04-29,0.821292
1965-04-30,0.822449
1965-05-01,0.824299
1965-05-02,0.826014
1965-05-03,0.827593
1965-05-04,0.829038
1965-05-05,0.83035
1965-05-06,0.831528
1965-05-07,0.832574
1965-05-08,0.833487
1965-05-09,0.834269
1965-05-10,0.834919
1965-05-11,0.835437
1965-05-12,0.835825
1965-05-13,0.836082
1965-05-14,0.836207
1965-05-15,0.836203
1965-05-16,0.836067
1965-05-17,0.8358
1965-05-18,0.835403
1965-05-19,0.834875
1965-05-20,0.834215
1965-05-21,0.833424
1965-05-22,0.8325
1965-05-23,0.831445
1965-05-24,0.830257
1965-05-25,0.828935
1965-05-26,0.82748
1965-05-27,0.82589
1965-05-28,0.824166
1965-05-29,0.822305
1965-05-30,0.820309
1965-05-31,0.818174
1965-06-01,0.815902
1965-06-02,0.814302
1965-06-03,0.813373
1965-06-04,0.813115
1965-06-05,0.813529
1965-06-06,0.814613
1965-06-07,0.816369
1965-06-08,0.818798
1965-06-09,0.8219
1965-06-10,0.825676
1965-06-11,0.830129
1965-06-12,0.835259
1965-06-13,0.84107
1965-06-14,0.847563
1965-06-15,0.854742
1965-06-16,0.862608
1965-06-17,0.871167
1965-06-18,0.88042
1965-06-19,0.890372
1965-06-20,0.901027
1965-06-21,0.912389
1965-06-22,0.924463
1965-06-23,0.937255
1965-06-24,0.950768
1965-06-25,0.96501
1965-06-26,0.979985
1965-06-27,0.995701
1965-06-28,1.012162
1965-06-29,1.029378
1965-06-30,1.047353
1965-07-01,1.066096
1965-07-02,1.083699
1965-07-03,1.100168
1965-07-04,1.11551
1965-07-05,1.129731
1965-07-06,1.142838
1965-07-07,1.154835
1965-07-08,1.165729
1965-07-09,1.175522
1965-07-10,1.18422
1965-07-11,1.191826
1965-07-12,1.198342
1965-07-13,1.203773
1965-07-14,1.208119
1965-07-15,1.211384
1965-07-16,1.213567
1965-07-17,1.21467
1965-07-18,1.214694
1965-07-19,1.213639
1965-07-20,1.211503
1965-07-21,1.208287
1965-07-22,1.203988
1965-07-23,1.198606
1965-07-24,1.192137
1965-07-25,1.184579
1965-07-26,1.17593
1965-07-27,1.166185
1965-07-28,1.15534
1965-07-29,1.143392
1965-07-30,1.130334
1965-07-31,1.116162
1965-08-01,1.10087
1965-08-02,1.086
1965-08-03,1.071545
1965-08-04,1.0575
1965-08-05,1.043858
1965-08-06,1.030615
1965-08-07,1.017765
1965-08-08,1.005302
1965-08-09,0.993221
1965-08-10,0.981517
1965-08-11,0.970186
1965-08-12,0.959223
1965-08-13,0.948623
1965-08-14,0.938382
1965-08-15,0.928495
1965-08-16,0.918959
1965-08-17,0.909769
1965-08-18,0.900922
1965-08-19,0.892414
1965-08-20,0.884242
1965-08-21,0.876402
1965-08-22,0.868891
1965-08-23,0.861705
1965-08-24,0.854843
1965-08-25,0.848301
1965-08-26,0.842076
1965-08-27,0.836165
1965-08-28,0.830567
1965-08-29,0.825279
1965-08-30,0.820299
1965-08-31,0.815625
1965-09-01,0.811254
1965-09-02,0.807584
1965-09-03,0.804612
1965-09-04,0.802338
1965-09-05,0.80076
1965-09-06,0.799879
1965-09-07,0.799692
1965-09-08,0.800202
1965-09-09,0.801406
1965-09-10,0.803307
1965-09-11,0.805905
1965-09-12,0.809201
1965-09-13,0.813197
1965-09-14,0.817893
1965-09-15,0.823293
1965-09-16,0.829397
1965-09-17,0.83621
1965-09-18,0.843733
1965-09-19,0.851969
1965-09-20,0.860923
1965-09-21,0.870597
1965-09-22,0.880996
1965-09-23,0.892124
1965-09-24,0.903986
1965-09-25,0.916587
1965-09-26,0.929931
1965-09-27,0.944025
1965-09-28,0.958873
1965-09-29,0.974483
1965-09-30,0.990861
1965-10-01,1.008013
1965-10-02,1.024313
1965-10-03,1.039766
1965-10-04,1.05438
1965-10-05,1.068161
1965-10-06,1.081113
1965-10-07,1.093244
1965-10-08,1.104556
1965-10-09,1.115056
1965-10-10,1.124748
1965-10-11,1.133635
1965-10-12,1.141721
1965-10-13,1.14901
1965-10-14,1.155505
1965-10-15,1.161208
1965-10-16,1.166121
1965-10-17,1.170247
1965-10-18,1.173588
1965-10-19,1.176144
1965-10-20,1.177918
1965-10-21,1.178908
1965-10-22,1.179117
1965-10-23,1.178544
1965-10-24,1.177189
1965-10-25,1.175051
1965-10-26,1.172129
1965-10-27,1.168422
1965-10-28,1.16393
1965-10-29,1.158648
1965-10-30,1.152577
1965-10-31,1.145712
1965-11-01,1.138052
1965-11-02,1.131237
1965-11-03,1.125263
1965-11-04,1.120128
1965-11-05,1.11583
1965-11-06,1.112368
1965-11-07,1.109739
1965-11-08,1.107943
1965-11-09,1.106979
1965-11-10,1.106847
1965-11-11,1.107547
1965-11-12,1.109078
1965-11-13,1.111442
1965-11-14,1.114639
1965-11-15,1.118671
1965-11-16,1.12354
1965-11-17,1.129247
1965-11-18,1.135794
1965-11-19,1.143186
1965-11-20,1.151424
1965-11-21,1.160512
1965-11-22,1.170454
1965-11-23,1.181253
1965-11-24,1.192915
1965-11-25,1.205445
1965-11-26,1.218846
1965-11-27,1.233126
1965-11-28,1.248289
1965-11-29,1.264342
1965-11-30,1.281292
1965-12-01,1.299146
1965-12-02,1.315864
1965-12-03,1.331453
1965-12-04,1.345919
1965-12-05,1.359268
1965-12-06,1.371507
1965-12-07,1.382639
1965-12-08,1.39267
1965-12-09,1.401604
1965-12-10,1.409444
1965-12-11,1.416193
1965-12-12,1.421856
1965-12-13,1.426433
1965-12-14,1.429926
1965-12-15,1.432338
1965-12-16,1.433669
1965-12-17,1.433919
1965-12-18,1.43309
1965-12-19,1.431179
1965-12-20,1.428188
1965-12-21,1.424113
1965-12-22,1.418955
1965-12-23,1.41271
1965-12-24,1.405376
1965-12-25,1.39695
1965-12-26,1.387428
1965-12-27,1.376807
1965-12-28,1.365083
1965-12-29,1.352249
1965-12-30,1.338302
1965-12-31,1.323234
1966-01-01,1.307041
1966-01-02,1.291576
1966-01-03,1.276834
1966-01-04,1.262808
1966-01-05,1.249492
1966-01-06,1.236881
1966-01-07,1.224969
1966-01-08,1.213752
1966-01-09,1.203225
1966-01-10,1.193384
1966-01-11,1.184224
1966-01-12,1.175743
1966-01-13,1.167935
1966-01-14,1.160799
1966-01-15,1.15433
1966-01-16,1.148528
1966-01-17,1.143388
1966-01-18,1.138909
1966-01-19,1.135089
1966-01-20,1.131927
1966-01-21,1.129421
1966-01-22,1.12757
1966-01-23,1.126374
1966-01-24,1.125831
1966-01-25,1.125942
1966-01-26,1.126707
1966-01-27,1.128126
1966-01-28,1.1302
1966-01-29,1.132929
1966-01-30,1.136314
1966-01-31,1.140358
1966-02-01,1.145061
1966-02-02,1.150354
1966-02-03,1.156239
1966-02-04,1.162718
1966-02-05,1.169795
1966-02-06,1.177471
1966-02-07,1.185751
1966-02-08,1.194637
1966-02-09,1.204134
1966-02-10,1.214245
1966-02-11,1.224974
1966-02-12,1.236326
1966-02-13,1.248305
1966-02-14,1.260917
1966-02-15,1.274167
1966-02-16,1.28806
1966-02-17,1.302602
1966-02-18,1.317798
1966-02-19,1.333656
1966-02-20,1.350182
1966-02-21,1.367382
1966-02-22,1.385264
1966-02-23,1.403835
1966-02-24,1.423103
1966-02-25,1.443076
1966-02-26,1.463761
1966-02-27,1.485168
1966-02-28,1.507306
1966-03-01,1.530183
1966-03-02,1.550523
1966-03-03,1.568332
1966-03-04,1.58362
1966-03-05,1.596392
1966-03-06,1.606654
1966-03-07,1.614409
1966-03-08,1.619661
1966-03-09,1.622413
1966-03-10,1.622664
1966-03-11,1.620416
1966-03-12,1.615668
1966-03-13,1.608416
1966-03-14,1.59866
1966-03-15,1.586394
1966-03-16,1.571613
1966-03-17,1.554311
1966-03-18,1.534482
1966-03-19,1.512116
1966-03-20,1.487205
1966-03-21,1.459739
1966-03-22,1.429705
1966-03-23,1.397092
1966-03-24,1.361886
1966-03-25,1.324073
1966-03-26,1.283637
1966-03-27,1.24056
1966-03-28,1.194827
1966-03-29,1.146416
1966-03-30,1.095309
1966-03-31,1.041484
1966-04-01,0.98492
1966-04-02,0.931086
1966-04-03,0.87996
1966-04-04,0.831521
1966-04-05,0.78575
1966-04-06,0.742627
1966-04-07,0.702134
1966-04-08,0.664255
1966-04-09,0.628974
1966-04-10,0.596277
1966-04-11,0.566149
1966-04-12,0.538579
1966-04-13,0.513554
1966-04-14,0.491066
1966-04-15,0.471104
1966-04-16,0.45366
1966-04-17,0.438727
1966-04-18,0.426299
1966-04-19,0.41637
1966-04-20,0.408937
1966-04-21,0.403996
1966-04-22,0.401545
1966-04-23,0.401584
1966-04-24,0.404113
1966-04-25,0.409132
1966-04-26,0.416643
1966-04-27,0.42665
1966-04-28,0.439157
1966-04-29,0.454168
1966-04-30,0.471691
1966-05-01,0.491732
1966-05-02,0.511184
1966-05-03,0.530056
1966-05-04,0.548355
1966-05-05,0.566088
1966-05-06,0.583263
1966-05-07,0.599887
1966-05-08,0.615968
1966-05-09,0.631511
1966-05-10,0.646522
1966-05-11,0.66101
1966-05-12,0.674978
1966-05-13,0.688433
1966-05-14,0.701381
1966-05-15,0.713827
1966-05-16,0.725776
1966-05-17,0.737232
1966-05-18,0.748202
1966-05-19,0.758689
1966-05-20,0.768697
1966-05-21,0.778231
1966-05-22,0.787295
1966-05-23,0.795893
1966-05-24,0.804027
1966-05-25,0.811702
1966-05-26,0.81892
1966-05-27,0.825684
1966-05-28,0.831998
1966-05-29,0.837864
1966-05-30,0.843285
1966-05-31,0.848262
1966-06-01,0.852797
1966-06-02,0.856625
1966-06-03,0.859746
1966-06-04,0.862162
1966-06-05,0.863873
1966-06-06,0.864882
1966-06-07,0.865187
1966-06-08,0.864789
1966-06-09,0.863688
1966-06-10,0.861884
1966-06-11,0.859375
1966-06-12,0.856161
1966-06-13,0.852241
1966-06-14,0.847612
1966-06-15,0.842273
1966-06-16,0.836221
1966-06-17,0.829455
1966-06-18,0.821971
1966-06-19,0.813766
1966-06-20,0.804837
1966-06-21,0.79518
1966-06-22,0.784792
1966-06-23,0.773667
1966-06-24,0.761801
1966-06-25,0.74919
1966-06-26,0.735827
1966-06-27,0.721709
1966-06-28,0.706828
1966-06-29,0.691179
1966-06-30,0.674754
1966-07-01,0.657549
1966-07-02,0.640731
1966-07-03,0.624295
1966-07-04,0.608234
1966-07-05,0.592541
1966-07-06,0.577209
1966-07-07,0.562233
1966-07-08,0.547605
1966-07-09,0.533321
1966-07-10,0.519374
1966-07-11,0.505758
1966-07-12,0.492467
1966-07-13,0.479497
1966-07-14,0.466842
1966-07-15,0.454496
1966-07-16,0.442455
1966-07-17,0.430713
1966-07-18,0.419266
1966-07-19,0.408108
1966-07-20,0.397236
1966-07-21,0.386645
1966-07-22,0.37633
1966-07-23,0.366288
1966-07-24,0.356513
1966-07-25,0.347002
1966-07-26,0.337752
1966-07-27,0.328757
1966-07-28,0.320015
1966-07-29,0.311522
1966-07-30,0.303274
1966-07-31,0.295268
1966-08-01,0.287501
1966-08-02,0.280417
1966-08-03,0.274014
1966-08-04,0.268288
1966-08-05,0.263238
1966-08-06,0.25886
1966-08-07,0.255155
1966-08-08,0.252119
1966-08-09,0.249752
1966-08-10,0.248052
1966-08-11,0.24702
1966-08-12,0.246654
1966-08-13,0.246954
1966-08-14,0.247922
1966-08-15,0.249556
1966-08-16,0.251857
1966-08-17,0.254827
1966-08-18,0.258467
1966-08-19,0.262779
1966-08-20,0.267763
1966-08-21,0.273422
1966-08-22,0.279759
1966-08-23,0.286777
1966-08-24,0.294477
1966-08-25,0.302863
1966-08-26,0.311939
1966-08-27,0.321708
1966-08-28,0.332175
1966-08-29,0.343344
1966-08-30,0.355218
1966-08-31,0.367805
1966-09-01,0.381108
1966-09-02,0.394137
1966-09-03,0.406897
1966-09-04,0.419395
1966-09-05,0.431634
1966-09-06,0.443621
1966-09-07,0.45536
1966-09-08,0.466856
1966-09-09,0.478113
1966-09-10,0.489137
1966-09-11,0.499932
1966-09-12,0.510502
1966-09-13,0.520852
1966-09-14,0.530986
1966-09-15,0.540908
1966-09-16,0.550623
1966-09-17,0.560134
1966-09-18,0.569445
1966-09-19,0.57856
1966-09-20,0.587483
1966-09-21,0.596218
1966-09-22,0.604768
1966-09-23,0.613136
1966-09-24,0.621327
1966-09-25,0.629344
1966-09-26,0.637189
1966-09-27,0.644866
1966-09-28,0.652379
1966-09-29,0.65973
1966-09-30,0.666923
1966-10-01,0.67396
1966-10-02,0.679523
1966-10-03,0.683614
1966-10-04,0.686234
1966-10-05,0.687385
1966-10-06,0.687068
1966-10-07,0.685281
1966-10-08,0.682025
1966-10-09,0.677298
1966-10-10,0.671098
1966-10-11,0.663423
1966-10-12,0.654269
1966-10-13,0.643632
1966-10-14,0.631509
1966-10-15,0.617894
1966-10-16,0.602781
1966-10-17,0.586165
1966-10-18,0.568037
1966-10-19,0.548392
1966-10-20,0.527221
1966-10-21,0.504515
1966-10-22,0.480264
1966-10-23,0.454459
1966-10-24,0.427088
1966-10-25,0.398142
1966-10-26,0.367607
1966-10-27,0.335471
1966-10-28,0.301721
1966-10-29,0.266342
1966-10-30,0.229321
1966-10-31,0.190641
1966-11-01,0.150287
1966-11-02,0.111875
1966-11-03,0.075389
1966-11-04,0.040813
1966-11-05,0.008134
1966-11-06,-0.022663
1966-11-07,-0.05159
1966-11-08,-0.078658
1966-11-09,-0.10388
1966-11-10,-0.127265
1966-11-11,-0.148824
1966-11-12,-0.168564
1966-11-13,-0.186495
1966-11-14,-0.202624
1966-11-15,-0.216956
1966-11-16,-0.2295
1966-11-17,-0.240258
1966-11-18,-0.249237
1966-11-19,-0.256439
1966-11-20,-0.261868
1966-11-21,-0.265525
1966-11-22,-0.267413
1966-11-23,-0.267533
1966-11-24,-0.265883
1966-11-25,-0.262464
1966-11-26,-0.257274
1966-11-27,-0.250311
1966-11-28,-0.241572
1966-11-29,-0.231053
1966-11-30,-0.218751
1966-12-01,-0.20466
1966-12-02,-0.190432
1966-12-03,-0.176063
1966-12-04,-0.161547
1966-12-05,-0.146876
1966-12-06,-0.132046
1966-12-07,-0.11705
1966-12-08,-0.101881
1966-12-09,-0.086535
1966-12-10,-0.071003
1966-12-11,-0.05528
1966-12-12,-0.03936
1966-12-13,-0.023236
1966-12-14,-0.0069
1966-12-15,0.009653
1966-12-16,0.026431
1966-12-17,0.04344
1966-12-18,0.060688
1966-12-19,0.078181
1966-12-20,0.095927
1966-12-21,0.113934
1966-12-22,0.132208
1966-12-23,0.150757
1966-12-24,0.169589
1966-12-25,0.188712
1966-12-26,0.208134
1966-12-27,0.227862
1966-12-28,0.247904
1966-12-29,0.26827
1966-12-30,0.288968
1966-12-31,0.310005
1967-01-01,0.331391
1967-01-02,0.350126
1967-01-03,0.366217
1967-01-04,0.379672
1967-01-05,0.390495
1967-01-06,0.398692
1967-01-07,0.404265
1967-01-08,0.407218
1967-01-09,0.407415
1967-01-10,0.404859
1967-01-11,0.399546
1967-01-12,0.391477
1967-01-13,0.380646
1967-01-14,0.36705
1967-01-15,0.350682
1967-01-16,0.332018
1967-01-17,0.311049
1967-01-18,0.287767
1967-01-19,0.262161
1967-01-20,0.234223
1967-01-21,0.203939
1967-01-22,0.171298
1967-01-23,0.135237
1967-01-24,0.095741
1967-01-25,0.052794
1967-01-26,0.006379
1967-01-27,-0.043524
1967-01-28,-0.096936
1967-01-29,-0.153878
1967-01-30,-0.213308
1967-01-31,-0.275248
1967-02-01,-0.339726
1967-02-02,-0.400693
1967-02-03,-0.458174
1967-02-04,-0.512193
1967-02-05,-0.562773
1967-02-06,-0.609914
1967-02-07,-0.653636
1967-02-08,-0.693958
1967-02-09,-0.730896
1967-02-10,-0.764465
1967-02-11,-0.794679
1967-02-12,-0.821551
1967-02-13,-0.845683
1967-02-14,-0.867086
1967-02-15,-0.885767
1967-02-16,-0.901734
1967-02-17,-0.914995
1967-02-18,-0.925554
1967-02-19,-0.933417
1967-02-20,-0.938007
1967-02-21,-0.939327
1967-02-22,-0.937377
1967-02-23,-0.932157
1967-02-24,-0.923663
1967-02-25,-0.911894
1967-02-26,-0.896843
1967-02-27,-0.876007
1967-02-28,-0.849376
1967-03-01,-0.816939
1967-03-02,-0.782268
1967-03-03,-0.745348
1967-03-04,-0.706163
1967-03-05,-0.664698
1967-03-06,-0.62699
1967-03-07,-0.593024
1967-03-08,-0.562786
1967-03-09,-0.536263
1967-03-10,-0.513445
1967-03-11,-0.494322
1967-03-12,-0.478886
1967-03-13,-0.463911
1967-03-14,-0.44939
1967-03-15,-0.435318
1967-03-16,-0.421689
1967-03-17,-0.408497
1967-03-18,-0.395737
1967-03-19,-0.383404
1967-03-20,-0.371568
1967-03-21,-0.360224
1967-03-22,-0.349368
1967-03-23,-0.338996
1967-03-24,-0.329103
1967-03-25,-0.319685
1967-03-26,-0.310738
1967-03-27,-0.301799
1967-03-28,-0.292866
1967-03-29,-0.283934
1967-03-30,-0.274999
1967-03-31,-0.266059
1967-04-01,-0.257108
1967-04-02,-0.248485
1967-04-03,-0.240797
1967-04-04,-0.234039
1967-04-05,-0.22821
1967-04-06,-0.223306
1967-04-07,-0.219326
1967-04-08,-0.216268
1967-04-09,-0.214131
1967-04-10,-0.210936
1967-04-11,-0.206682
1967-04-12,-0.201366
1967-04-13,-0.194986
1967-04-14,-0.187541
1967-04-15,-0.179027
1967-04-16,-0.169439
1967-04-17,-0.16304
1967-04-18,-0.159825
1967-04-19,-0.159794
1967-04-20,-0.162946
1967-04-21,-0.169283
1967-04-22,-0.178807
1967-04-23,-0.191523
1967-04-24,-0.204626
1967-04-25,-0.218121
1967-04-26,-0.232014
1967-04-27,-0.246311
1967-04-28,-0.261017
1967-04-29,-0.276139
1967-04-30,-0.291683
1967-05-01,-0.308149
1967-05-02,-0.323331
1967-05-03,-0.337233
1967-05-04,-0.349863
1967-05-05,-0.361224
1967-05-06,-0.371322
1967-05-07,-0.38016
1967-05-08,-0.388741
1967-05-09,-0.397066
1967-05-10,-0.405141
1967-05-11,-0.412967
1967-05-12,-0.420549
1967-05-13,-0.427889
1967-05-14,-0.43499
1967-05-15,-0.440897
1967-05-16,-0.445612
1967-05-17,-0.449137
1967-05-18,-0.451473
1967-05-19,-0.452621
1967-05-20,-0.452583
1967-05-21,-0.451356
1967-05-22,-0.448988
1967-05-23,-0.445475
1967-05-24,-0.440818
1967-05-25,-0.435013
1967-05-26,-0.428059
1967-05-27,-0.419953
1967-05-28,-0.410691
1967-05-29,-0.399275
1967-05-30,-0.385701
1967-05-31,-0.369963
1967-06-01,-0.352055
1967-06-02,-0.334112
1967-06-03,-0.316128
1967-06-04,-0.298094
1967-06-05,-0.281318
1967-06-06,-0.265792
1967-06-07,-0.25151
1967-06-08,-0.238466
1967-06-09,-0.226654
1967-06-10,-0.216071
1967-06-11,-0.20671
1967-06-12,-0.198753
1967-06-13,-0.192195
1967-06-14,-0.187034
1967-06-15,-0.183268
1967-06-16,-0.180895
1967-06-17,-0.179914
1967-06-18,-0.180325
1967-06-19,-0.181784
1967-06-20,-0.184292
1967-06-21,-0.187849
1967-06-22,-0.192456
1967-06-23,-0.198117
1967-06-24,-0.204833
1967-06-25,-0.212606
1967-06-26,-0.221588
1967-06-27,-0.231783
1967-06-28,-0.243194
1967-06-29,-0.255826
1967-06-30,-0.269684
1967-07-01,-0.284775
1967-07-02,-0.297862
1967-07-03,-0.307172
1967-07-04,-0.312707
1967-07-05,-0.31447
1967-07-06,-0.312461
1967-07-07,-0.306681
1967-07-08,-0.297126
1967-07-09,-0.283793
1967-07-10,-0.26798
1967-07-11,-0.249683
1967-07-12,-0.228892
1967-07-13,-0.2056
1967-07-14,-0.179797
1967-07-15,-0.151472
1967-07-16,-0.120613
1967-07-17,-0.087273
1967-07-18,-0.051438
1967-07-19,-0.013094
1967-07-20,0.027776
1967-07-21,0.071189
1967-07-22,0.117163
1967-07-23,0.165716
1967-07-24,0.215555
1967-07-25,0.266703
1967-07-26,0.319179
1967-07-27,0.373005
1967-07-28,0.428204
1967-07-29,0.484798
1967-07-30,0.542811
1967-07-31,0.604209
1967-08-01,0.669018
1967-08-02,0.730143
1967-08-03,0.787609
1967-08-04,0.841439
1967-08-05,0.891657
1967-08-06,0.938282
1967-08-07,0.979988
1967-08-08,1.016794
1967-08-09,1.048714
1967-08-10,1.075762
1967-08-11,1.097948
1967-08-12,1.115282
1967-08-13,1.127771
1967-08-14,1.136848
1967-08-15,1.142517
1967-08-16,1.14478
1967-08-17,1.143638
1967-08-18,1.139091
1967-08-19,1.131137
1967-08-20,1.119773
1967-08-21,1.104324
1967-08-22,1.084785
1967-08-23,1.061146
1967-08-24,1.033399
1967-08-25,1.001532
1967-08-26,0.965532
1967-08-27,0.925384
1967-08-28,0.881353
1967-08-29,0.83342
1967-08-30,0.781567
1967-08-31,0.725771
1967-09-01,0.66601
1967-09-02,0.608737
1967-09-03,0.553929
1967-09-04,0.501888
1967-09-05,0.452592
1967-09-06,0.406022
1967-09-07,0.362157
1967-09-08,0.32098
1967-09-09,0.282474
1967-09-10,0.246623
1967-09-11,0.212319
1967-09-12,0.179548
1967-09-13,0.148296
1967-09-14,0.118551
1967-09-15,0.0903
1967-09-16,0.063531
1967-09-17,0.038234
1967-09-18,0.014367
1967-09-19,-0.008081
1967-09-20,-0.029118
1967-09-21,-0.048754
1967-09-22,-0.066996
1967-09-23,-0.083852
1967-09-24,-0.099328
1967-09-25,-0.113187
1967-09-26,-0.125432
1967-09-27,-0.136069
1967-09-28,-0.145103
1967-09-29,-0.152537
1967-09-30,-0.158375
1967-10-01,-0.162618
1967-10-02,-0.163246
1967-10-03,-0.16026
1967-10-04,-0.153657
1967-10-05,-0.143436
1967-10-06,-0.129592
1967-10-07,-0.112119
1967-10-08,-0.091011
1967-10-09,-0.06855
1967-10-10,-0.044729
1967-10-11,-0.019537
1967-10-12,0.007037
1967-10-13,0.035002
1967-10-14,0.064372
1967-10-15,0.095158
1967-10-16,0.129257
1967-10-17,0.166685
1967-10-18,0.207456
1967-10-19,0.251588
1967-10-20,0.299099
1967-10-21,0.350008
1967-10-22,0.404337
1967-10-23,0.460683
1967-10-24,0.519071
1967-10-25,0.579525
1967-10-26,0.64207
1967-10-27,0.706731
1967-10-28,0.773535
1967-10-29,0.84251
1967-10-30,0.915113
1967-10-31,0.991375
1967-11-01,1.071326
1967-11-02,1.148178
1967-11-03,1.221962
1967-11-04,1.292708
1967-11-05,1.360447
1967-11-06,1.424239
1967-11-07,1.484111
1967-11-08,1.540089
1967-11-09,1.592194
1967-11-10,1.640449
1967-11-11,1.684873
1967-11-12,1.725485
1967-11-13,1.761965
1967-11-14,1.794327
1967-11-15,1.822585
1967-11-16,1.846751
1967-11-17,1.866835
1967-11-18,1.882845
1967-11-19,1.894787
1967-11-20,1.903064
1967-11-21,1.907678
1967-11-22,1.908631
1967-11-23,1.905924
1967-11-24,1.899556
1967-11-25,1.889524
1967-11-26,1.875824
1967-11-27,1.858972
1967-11-28,1.838961
1967-11-29,1.815782
1967-11-30,1.789427
1967-12-01,1.759883
1967-12-02,1.729514
1967-12-03,1.698307
1967-12-04,1.66713
1967-12-05,1.635971
1967-12-06,1.604817
1967-12-07,1.573654
1967-12-08,1.542471
1967-12-09,1.511254
1967-12-10,1.479989
1967-12-11,1.44678
1967-12-12,1.411611
1967-12-13,1.374468
1967-12-14,1.335337
1967-12-15,1.2942
1967-12-16,1.251041
1967-12-17,1.205841
1967-12-18,1.159969
1967-12-19,1.113404
1967-12-20,1.066129
1967-12-21,1.018122
1967-12-22,0.969365
1967-12-23,0.919837
1967-12-24,0.869517
1967-12-25,0.817554
1967-12-26,0.763924
1967-12-27,0.708607
1967-12-28,0.65158
1967-12-29,0.592818
1967-12-30,0.532298
1967-12-31,0.469994
1968-01-01,0.406237
1968-01-02,0.346464
1968-01-03,0.29065
1968-01-04,0.238772
1968-01-05,0.190809
1968-01-06,0.146741
1968-01-07,0.106549
1968-01-08,0.069922
1968-01-09,0.036846
1968-01-10,0.007307
1968-01-11,-0.018708
1968-01-12,-0.041209
1968-01-13,-0.060205
1968-01-14,-0.075705
1968-01-15,-0.087771
1968-01-16,-0.096409
1968-01-17,-0.101622
1968-01-18,-0.103413
1968-01-19,-0.101782
1968-01-20,-0.096728
1968-01-21,-0.08825
1968-01-22,-0.077327
1968-01-23,-0.063956
1968-01-24,-0.04813
1968-01-25,-0.029844
1968-01-26,-0.009089
1968-01-27,0.014143
1968-01-28,0.039862
1968-01-29,0.071175
1968-01-30,0.108096
1968-01-31,0.150639
1968-02-01,0.198823
1968-02-02,0.246801
1968-02-03,0.294593
1968-02-04,0.342218
1968-02-05,0.386184
1968-02-06,0.42651
1968-02-07,0.463213
1968-02-08,0.496306
1968-02-09,0.525804
1968-02-10,0.55172
1968-02-11,0.574064
1968-02-12,0.593724
1968-02-13,0.61071
1968-02-14,0.625028
1968-02-15,0.636683
1968-02-16,0.645682
1968-02-17,0.652027
1968-02-18,0.655721
1968-02-19,0.657248
1968-02-20,0.656609
1968-02-21,0.653803
1968-02-22,0.64883
1968-02-23,0.641686
1968-02-24,0.63237
1968-02-25,0.620877
1968-02-26,0.607191
1968-02-27,0.591306
1968-02-28,0.573215
1968-02-29,0.552911
1968-03-01,0.530385
1968-03-02,0.508673
1968-03-03,0.487764
1968-03-04,0.468398
1968-03-05,0.450565
1968-03-06,0.434258
1968-03-07,0.419471
1968-03-08,0.406198
1968-03-09,0.394432
1968-03-10,0.384169
1968-03-11,0.374154
1968-03-12,0.364381
1968-03-13,0.354847
1968-03-14,0.345547
1968-03-15,0.336479
1968-03-16,0.327638
1968-03-17,0.319021
1968-03-18,0.311681
1968-03-19,0.305615
1968-03-20,0.300821
1968-03-21,0.297298
1968-03-22,0.295042
1968-03-23,0.294055
1968-03-24,0.294334
1968-03-25,0.295082
1968-03-26,0.2963
1968-03-27,0.297987
1968-03-28,0.300144
1968-03-29,0.302773
1968-03-30,0.305874
1968-03-31,0.309449
1968-04-01,0.313807
1968-04-02,0.318212
1968-04-03,0.322664
1968-04-04,0.327165
1968-04-05,0.331718
1968-04-06,0.336325
1968-04-07,0.340986
1968-04-08,0.344853
1968-04-09,0.347927
1968-04-10,0.350209
1968-04-11,0.3517
1968-04-12,0.352401
1968-04-13,0.352312
1968-04-14,0.351433
1968-04-15,0.351179
1968-04-16,0.351553
1968-04-17,0.352552
1968-04-18,0.354178
1968-04-19,0.356432
1968-04-20,0.359314
1968-04-21,0.362825
1968-04-22,0.369501
1968-04-23,0.379345
1968-04-24,0.392361
1968-04-25,0.408554
1968-04-26,0.427931
1968-04-27,0.4505
1968-04-28,0.47627
1968-04-29,0.500398
1968-04-30,0.522896
1968-05-01,0.543771
1968-05-02,0.562586
1968-05-03,0.57935
1968-05-04,0.594068
1968-05-05,0.606747
1968-05-06,0.61857
1968-05-07,0.629543
1968-05-08,0.639669
1968-05-09,0.648954
1968-05-10,0.6574
1968-05-11,0.665012
1968-05-12,0.671793
1968-05-13,0.678633
1968-05-14,0.685536
1968-05-15,0.692504
1968-05-16,0.699541
1968-05-17,0.706649
1968-05-18,0.713831
1968-05-19,0.72109
1968-05-20,0.72799
1968-05-21,0.734535
1968-05-22,0.740727
1968-05-23,0.746568
1968-05-24,0.752061
1968-05-25,0.757209
1968-05-26,0.762012
1968-05-27,0.766923
1968-05-28,0.771941
1968-05-29,0.77707
1968-05-30,0.782312
1968-05-31,0.787668
1968-06-01,0.793141
1968-06-02,0.7981
1968-06-03,0.802017
1968-06-04,0.804892
1968-06-05,0.806727
1968-06-06,0.807524
1968-06-07,0.807281
1968-06-08,0.806
1968-06-09,0.803679
1968-06-10,0.800713
1968-06-11,0.797101
1968-06-12,0.792841
1968-06-13,0.787931
1968-06-14,0.78237
1968-06-15,0.776155
1968-06-16,0.769284
1968-06-17,0.761435
1968-06-18,0.752606
1968-06-19,0.742793
1968-06-20,0.731991
1968-06-21,0.720197
1968-06-22,0.707406
1968-06-23,0.693612
1968-06-24,0.679243
1968-06-25,0.664293
1968-06-26,0.648756
1968-06-27,0.632626
1968-06-28,0.615896
1968-06-29,0.598559
1968-06-30,0.580607
1968-07-01,0.562701
1968-07-02,0.545714
1968-07-03,0.52964
1968-07-04,0.514472
1968-07-05,0.500204
1968-07-06,0.48683
1968-07-07,0.474344
1968-07-08,0.460595
1968-07-09,0.445577
1968-07-10,0.429283
1968-07-11,0.411708
1968-07-12,0.392843
1968-07-13,0.372682
1968-07-14,0.351215
1968-07-15,0.329376
1968-07-16,0.307157
1968-07-17,0.284547
1968-07-18,0.261539
1968-07-19,0.238121
1968-07-20,0.214285
1968-07-21,0.19002
1968-07-22,0.166686
1968-07-23,0.144273
1968-07-24,0.122771
1968-07-25,0.102171
1968-07-26,0.082466
1968-07-27,0.063647
1968-07-28,0.045706
1968-07-29,0.027569
1968-07-30,0.00923
1968-07-31,-0.009319
1968-08-01,-0.028086
1968-08-02,-0.045316
1968-08-03,-0.061017
1968-08-04,-0.075194
1968-08-05,-0.087369
1968-08-06,-0.097546
1968-08-07,-0.10573
1968-08-08,-0.111924
1968-08-09,-0.116131
1968-08-10,-0.118353
1968-08-11,-0.11859
1968-08-12,-0.118538
1968-08-13,-0.118197
1968-08-14,-0.117568
1968-08-15,-0.11665
1968-08-16,-0.115443
1968-08-17,-0.113946
1968-08-18,-0.112158
1968-08-19,-0.108892
1968-08-20,-0.104146
1968-08-21,-0.097918
1968-08-22,-0.090206
1968-08-23,-0.081006
1968-08-24,-0.070315
1968-08-25,-0.058127
1968-08-26,-0.044699
1968-08-27,-0.030023
1968-08-28,-0.014094
1968-08-29,0.003095
1968-08-30,0.021551
1968-08-31,0.041281
1968-09-01,0.062294
1968-09-02,0.082742
1968-09-03,0.102632
1968-09-04,0.121973
1968-09-05,0.140774
1968-09-06,0.159041
1968-09-07,0.176783
1968-09-08,0.194007
1968-09-09,0.210959
1968-09-10,0.227646
1968-09-11,0.244074
1968-09-12,0.260252
1968-09-13,0.276185
1968-09-14,0.291881
1968-09-15,0.307345
1968-09-16,0.322152
1968-09-17,0.33631
1968-09-18,0.349823
1968-09-19,0.362697
1968-09-20,0.374939
1968-09-21,0.386551
1968-09-22,0.39754
1968-09-23,0.408005
1968-09-24,0.417948
1968-09-25,0.427375
1968-09-26,0.43629
1968-09-27,0.444696
1968-09-28,0.452596
1968-09-29,0.459994
1968-09-30,0.466807
1968-10-01,0.473037
1968-10-02,0.479501
1968-10-03,0.486202
1968-10-04,0.493141
1968-10-05,0.500323
1968-10-06,0.507749
1968-10-07,0.51565
1968-10-08,0.524029
1968-10-09,0.532888
1968-10-10,0.542232
1968-10-11,0.552065
1968-10-12,0.56239
1968-10-13,0.573212
1968-10-14,0.584724
1968-10-15,0.596932
1968-10-16,0.609841
1968-10-17,0.623455
1968-10-18,0.637781
1968-10-19,0.652824
1968-10-20,0.668591
1968-10-21,0.684476
1968-10-22,0.700485
1968-10-23,0.716626
1968-10-24,0.732905
1968-10-25,0.749328
1968-10-26,0.765903
1968-10-27,0.782636
1968-10-28,0.799897
1968-10-29,0.817694
1968-10-30,0.836033
1968-10-31,0.854922
1968-11-01,0.874369
1968-11-02,0.891807
1968-11-03,0.907243
1968-11-04,0.920828
1968-11-05,0.932568
1968-11-06,0.942467
1968-11-07,0.95053
1968-11-08,0.95676
1968-11-09,0.96116
1968-11-10,0.963731
1968-11-11,0.964794
1968-11-12,0.964348
1968-11-13,0.962395
1968-11-14,0.958932
1968-11-15,0.953958
1968-11-16,0.947472
1968-11-17,0.939471
1968-11-18,0.929865
1968-11-19,0.91865
1968-11-20,0.905821
1968-11-21,0.891373
1968-11-22,0.875301
1968-11-23,0.857597
1968-11-24,0.838255
1968-11-25,0.815279
1968-11-26,0.788662
1968-11-27,0.758391
1968-11-28,0.724454
1968-11-29,0.686837
1968-11-30,0.645526
1968-12-01,0.600501
1968-12-02,0.558039
1968-12-03,0.518121
1968-12-04,0.48073
1968-12-05,0.445852
1968-12-06,0.413472
1968-12-07,0.383576
1968-12-08,0.356152
1968-12-09,0.330342
1968-12-10,0.306134
1968-12-11,0.283519
1968-12-12,0.262488
1968-12-13,0.243031
1968-12-14,0.225141
1968-12-15,0.20881
1968-12-16,0.193577
1968-12-17,0.179435
1968-12-18,0.166379
1968-12-19,0.154403
1968-12-20,0.143502
1968-12-21,0.133673
1968-12-22,0.12491
1968-12-23,0.118729
1968-12-24,0.115127
1968-12-25,0.114104
1968-12-26,0.115658
1968-12-27,0.11979
1968-12-28,0.126502
1968-12-29,0.135797
1968-12-30,0.144841
1968-12-31,0.153638
1969-01-01,0.162192
1969-01-02,0.169628
1969-01-03,0.175951
1969-01-04,0.181163
1969-01-05,0.185266
1969-01-06,0.189758
1969-01-07,0.19464
1969-01-08,0.199916
1969-01-09,0.205587
1969-01-10,0.211655
1969-01-11,0.218123
1969-01-12,0.224993
1969-01-13,0.232276
1969-01-14,0.239973
1969-01-15,0.248088
1969-01-16,0.256625
1969-01-17,0.265586
1969-01-18,0.274977
1969-01-19,0.284799
1969-01-20,0.295067
1969-01-21,0.305784
1969-01-22,0.316956
1969-01-23,0.328585
1969-01-24,0.340678
1969-01-25,0.35324
1969-01-26,0.366275
1969-01-27,0.380204
1969-01-28,0.395034
1969-01-29,0.410771
1969-01-30,0.427421
1969-01-31,0.444991
1969-02-01,0.463488
1969-02-02,0.481811
1969-02-03,0.49927
1969-02-04,0.515875
1969-02-05,0.531631
1969-02-06,0.546546
1969-02-07,0.560624
1969-02-08,0.573873
1969-02-09,0.586297
1969-02-10,0.597951
1969-02-11,0.608837
1969-02-12,0.618962
1969-02-13,0.628329
1969-02-14,0.636943
1969-02-15,0.644805
1969-02-16,0.651921
1969-02-17,0.658518
1969-02-18,0.664598
1969-02-19,0.670165
1969-02-20,0.67522
1969-02-21,0.679765
1969-02-22,0.683802
1969-02-23,0.687334
1969-02-24,0.690768
1969-02-25,0.694107
1969-02-26,0.697351
1969-02-27,0.700503
1969-02-28,0.703563
1969-03-01,0.706532
1969-03-02,0.709039
1969-03-03,0.710242
1969-03-04,0.710141
1969-03-05,0.708735
1969-03-06,0.706026
1969-03-07,0.70201
1969-03-08,0.696687
1969-03-09,0.690055
1969-03-10,0.682454
1969-03-11,0.673882
1969-03-12,0.664335
1969-03-13,0.653808
1969-03-14,0.642298
1969-03-15,0.6298
1969-03-16,0.616309
1969-03-17,0.601536
1969-03-18,0.585476
1969-03-19,0.568122
1969-03-20,0.549466
1969-03-21,0.529502
1969-03-22,0.50822
1969-03-23,0.485612
1969-03-24,0.462093
1969-03-25,0.437652
1969-03-26,0.41228
1969-03-27,0.385965
1969-03-28,0.358697
1969-03-29,0.330466
1969-03-30,0.301258
1969-03-31,0.270908
1969-04-01,0.239402
1969-04-02,0.208996
1969-04-03,0.179677
1969-04-04,0.151432
1969-04-05,0.12425
1969-04-06,0.098119
1969-04-07,0.073413
1969-04-08,0.050121
1969-04-09,0.028234
1969-04-10,0.007742
1969-04-11,-0.011363
1969-04-12,-0.029089
1969-04-13,-0.045444
1969-04-14,-0.060931
1969-04-15,-0.075559
1969-04-16,-0.089333
1969-04-17,-0.102259
1969-04-18,-0.114341
1969-04-19,-0.125586
1969-04-20,-0.135998
1969-04-21,-0.145907
1969-04-22,-0.155316
1969-04-23,-0.164231
1969-04-24,-0.172655
1969-04-25,-0.180591
1969-04-26,-0.188043
1969-04-27,-0.195013
1969-04-28,-0.201072
1969-04-29,-0.20622
1969-04-30,-0.210462
1969-05-01,-0.213798
1969-05-02,-0.216222
1969-05-03,-0.217736
1969-05-04,-0.21834
1969-05-05,-0.217765
1969-05-06,-0.216011
1969-05-07,-0.213077
1969-05-08,-0.208961
1969-05-09,-0.203663
1969-05-10,-0.19718
1969-05-11,-0.189509
1969-05-12,-0.181084
1969-05-13,-0.171902
1969-05-14,-0.161959
1969-05-15,-0.151252
1969-05-16,-0.139774
1969-05-17,-0.127523
1969-05-18,-0.114492
1969-05-19,-0.100446
1969-05-20,-0.085379
1969-05-21,-0.069285
1969-05-22,-0.052157
1969-05-23,-0.033988
1969-05-24,-0.014771
1969-05-25,0.005504
1969-05-26,0.027129
1969-05-27,0.050115
1969-05-28,0.07447
1969-05-29,0.100205
1969-05-30,0.127331
1969-05-31,0.155859
1969-06-01,0.1858
1969-06-02,0.214128
1969-06-03,0.240855
1969-06-04,0.265991
1969-06-05,0.289547
1969-06-06,0.311533
1969-06-07,0.331957
1969-06-08,0.350829
1969-06-09,0.367501
1969-06-10,0.381981
1969-06-11,0.394274
1969-06-12,0.404386
1969-06-13,0.41232
1969-06-14,0.41808
1969-06-15,0.421669
1969-06-16,0.423933
1969-06-17,0.424875
1969-06-18,0.424494
1969-06-19,0.42279
1969-06-20,0.419763
1969-06-21,0.415411
1969-06-22,0.409733
1969-06-23,0.402866
1969-06-24,0.394808
1969-06-25,0.385555
1969-06-26,0.375104
1969-06-27,0.36345
1969-06-28,0.350588
1969-06-29,0.336513
1969-06-30,0.321762
1969-07-01,0.306329
1969-07-02,0.293208
1969-07-03,0.282392
1969-07-04,0.273878
1969-07-05,0.267663
1969-07-06,0.263742
1969-07-07,0.260295
1969-07-08,0.25732
1969-07-09,0.254816
1969-07-10,0.25278
1969-07-11,0.251214
1969-07-12,0.250115
1969-07-13,0.249485
1969-07-14,0.249887
1969-07-15,0.251322
1969-07-16,0.253791
1969-07-17,0.257295
1969-07-18,0.261835
1969-07-19,0.267413
1969-07-20,0.274032
1969-07-21,0.281245
1969-07-22,0.289055
1969-07-23,0.297465
1969-07-24,0.306479
1969-07-25,0.316101
1969-07-26,0.326335
1969-07-27,0.337184
1969-07-28,0.349457
1969-07-29,0.363157
1969-07-30,0.378291
1969-07-31,0.394865
1969-08-01,0.412886
1969-08-02,0.429241
1969-08-03,0.443936
1969-08-04,0.457127
1969-08-05,0.46882
1969-08-06,0.479019
1969-08-07,0.487729
1969-08-08,0.494953
1969-08-09,0.500695
1969-08-10,0.504956
1969-08-11,0.507255
1969-08-12,0.507592
1969-08-13,0.505968
1969-08-14,0.502382
1969-08-15,0.496833
1969-08-16,0.489318
1969-08-17,0.479834
1969-08-18,0.468545
1969-08-19,0.455447
1969-08-20,0.440535
1969-08-21,0.423802
1969-08-22,0.405241
1969-08-23,0.384845
1969-08-24,0.362605
1969-08-25,0.338315
1969-08-26,0.311965
1969-08-27,0.283544
1969-08-28,0.25304
1969-08-29,0.220441
1969-08-30,0.185733
1969-08-31,0.148901
1969-09-01,0.109497
1969-09-02,0.071837
1969-09-03,0.035906
1969-09-04,0.001688
1969-09-05,-0.030829
1969-09-06,-0.061659
1969-09-07,-0.090816
1969-09-08,-0.116549
1969-09-09,-0.138869
1969-09-10,-0.157785
1969-09-11,-0.173305
1969-09-12,-0.185435
1969-09-13,-0.19418
1969-09-14,-0.199544
1969-09-15,-0.203347
1969-09-16,-0.205592
1969-09-17,-0.206279
1969-09-18,-0.205409
1969-09-19,-0.20298
1969-09-20,-0.198993
1969-09-21,-0.193445
1969-09-22,-0.185806
1969-09-23,-0.176072
1969-09-24,-0.164239
1969-09-25,-0.150303
1969-09-26,-0.134257
1969-09-27,-0.116095
1969-09-28,-0.095809
1969-09-29,-0.073289
1969-09-30,-0.048526
1969-10-01,-0.021508
1969-10-02,0.002453
1969-10-03,0.023368
1969-10-04,0.041245
1969-10-05,0.05609
1969-10-06,0.068238
1969-10-07,0.077691
1969-10-08,0.084455
1969-10-09,0.088532
1969-10-10,0.089924
1969-10-11,0.088631
1969-10-12,0.084653
1969-10-13,0.077633
1969-10-14,0.067568
1969-10-15,0.054454
1969-10-16,0.038286
1969-10-17,0.019056
1969-10-18,-0.003243
1969-10-19,-0.028621
1969-10-20,-0.056793
1969-10-21,-0.087771
1969-10-22,-0.121569
1969-10-23,-0.1582
1969-10-24,-0.197679
1969-10-25,-0.240023
1969-10-26,-0.285249
1969-10-27,-0.333989
1969-10-28,-0.386263
1969-10-29,-0.442092
1969-10-30,-0.5015
1969-10-31,-0.564512
1969-11-01,-0.631152
1969-11-02,-0.694655
1969-11-03,-0.754199
1969-11-04,-0.80981
1969-11-05,-0.86151
1969-11-06,-0.90932
1969-11-07,-0.953261
1969-11-08,-0.99335
1969-11-09,-1.029605
1969-11-10,-1.063268
1969-11-11,-1.094353
1969-11-12,-1.122873
1969-11-13,-1.148839
1969-11-14,-1.172263
1969-11-15,-1.193154
1969-11-16,-1.211521
1969-11-17,-1.225872
1969-11-18,-1.236213
1969-11-19,-1.242547
1969-11-20,-1.244878
1969-11-21,-1.243207
1969-11-22,-1.237533
1969-11-23,-1.227853
1969-11-24,-1.215708
1969-11-25,-1.201094
1969-11-26,-1.184004
1969-11-27,-1.164431
1969-11-28,-1.142367
1969-11-29,-1.117803
1969-11-30,-1.090729
1969-12-01,-1.060458
1969-12-02,-1.033213
1969-12-03,-1.008982
1969-12-04,-0.987755
1969-12-05,-0.969524
1969-12-06,-0.954282
1969-12-07,-0.942021
1969-12-08,-0.931828
1969-12-09,-0.923699
1969-12-10,-0.91763
1969-12-11,-0.913619
1969-12-12,-0.911664
1969-12-13,-0.911764
1969-12-14,-0.91392
1969-12-15,-0.918562
1969-12-16,-0.925692
1969-12-17,-0.935312
1969-12-18,-0.947428
1969-12-19,-0.962043
1969-12-20,-0.979164
1969-12-21,-0.998798
1969-12-22,-1.021812
1969-12-23,-1.048216
1969-12-24,-1.078019
1969-12-25,-1.111235
1969-12-26,-1.147877
1969-12-27,-1.187961
1969-12-28,-1.231502
1969-12-29,-1.277844
1969-12-30,-1.327003
1969-12-31,-1.379002
1970-01-01,-1.433861
1970-01-02,-1.485006
1970-01-03,-1.532458
1970-01-04,-1.576237
1970-01-05,-1.616162
1970-01-06,-1.652248
1970-01-07,-1.684511
1970-01-08,-1.712964
1970-01-09,-1.737619
1970-01-10,-1.758485
1970-01-11,-1.775573
1970-01-12,-1.788259
1970-01-13,-1.796548
1970-01-14,-1.800444
1970-01-15,-1.799949
1970-01-16,-1.795062
1970-01-17,-1.785782
1970-01-18,-1.772104
1970-01-19,-1.755693
1970-01-20,-1.736542
1970-01-21,-1.714643
1970-01-22,-1.689988
1970-01-23,-1.662566
1970-01-24,-1.632365
1970-01-25,-1.599373
1970-01-26,-1.56379
1970-01-27,-1.5256
1970-01-28,-1.484787
1970-01-29,-1.441335
1970-01-30,-1.395225
1970-01-31,-1.346439
1970-02-01,-1.294956
1970-02-02,-1.245
1970-02-03,-1.196549
1970-02-04,-1.149583
1970-02-05,-1.104083
1970-02-06,-1.060031
1970-02-07,-1.017407
1970-02-08,-0.976195
1970-02-09,-0.936687
1970-02-10,-0.898866
1970-02-11,-0.862718
1970-02-12,-0.828226
1970-02-13,-0.795377
1970-02-14,-0.764157
1970-02-15,-0.734553
1970-02-16,-0.706655
1970-02-17,-0.680452
1970-02-18,-0.655934
1970-02-19,-0.633089
1970-02-20,-0.611908
1970-02-21,-0.592383
1970-02-22,-0.574505
1970-02-23,-0.559821
1970-02-24,-0.548325
1970-02-25,-0.540012
1970-02-26,-0.534878
1970-02-27,-0.532922
1970-02-28,-0.534142
1970-03-01,-0.538539
1970-03-02,-0.543122
1970-03-03,-0.547893
1970-03-04,-0.552854
1970-03-05,-0.558006
1970-03-06,-0.563353
1970-03-07,-0.568895
1970-03-08,-0.574636
1970-03-09,-0.581055
1970-03-10,-0.588155
1970-03-11,-0.595939
1970-03-12,-0.60441
1970-03-13,-0.613571
1970-03-14,-0.623427
1970-03-15,-0.633981
1970-03-16,-0.645956
1970-03-17,-0.659356
1970-03-18,-0.674188
1970-03-19,-0.690456
1970-03-20,-0.708169
1970-03-21,-0.727333
1970-03-22,-0.747956
1970-03-23,-0.769216
1970-03-24,-0.791122
1970-03-25,-0.813682
1970-03-26,-0.836907
1970-03-27,-0.860805
1970-03-28,-0.885386
1970-03-29,-0.910662
1970-03-30,-0.937321
1970-03-31,-0.965377
1970-04-01,-0.99484
1970-04-02,-1.023291
1970-04-03,-1.05074
1970-04-04,-1.0772
1970-04-05,-1.102681
1970-04-06,-1.125642
1970-04-07,-1.146094
1970-04-08,-1.164045
1970-04-09,-1.179501
1970-04-10,-1.19247
1970-04-11,-1.202957
1970-04-12,-1.210966
1970-04-13,-1.214807
1970-04-14,-1.214484
1970-04-15,-1.209995
1970-04-16,-1.201339
1970-04-17,-1.188512
1970-04-18,-1.171508
1970-04-19,-1.150322
1970-04-20,-1.129079
1970-04-21,-1.107772
1970-04-22,-1.086391
1970-04-23,-1.064927
1970-04-24,-1.043372
1970-04-25,-1.021717
1970-04-26,-0.999953
1970-04-27,-0.977631
1970-04-28,-0.954743
1970-04-29,-0.931278
1970-04-30,-0.907227
1970-05-01,-0.882581
1970-05-02,-0.858921
1970-05-03,-0.836239
1970-05-04,-0.814569
1970-05-05,-0.793902
1970-05-06,-0.77423
1970-05-07,-0.755545
1970-05-08,-0.737839
1970-05-09,-0.721103
1970-05-10,-0.705333
1970-05-11,-0.690481
1970-05-12,-0.676541
1970-05-13,-0.663507
1970-05-14,-0.651375
1970-05-15,-0.640138
1970-05-16,-0.629793
1970-05-17,-0.620334
1970-05-18,-0.611408
1970-05-19,-0.603011
1970-05-20,-0.595139
1970-05-21,-0.587789
1970-05-22,-0.580958
1970-05-23,-0.574643
1970-05-24,-0.568841
1970-05-25,-0.563014
1970-05-26,-0.557159
1970-05-27,-0.551274
1970-05-28,-0.545356
1970-05-29,-0.539403
1970-05-30,-0.533412
1970-05-31,-0.527381
1970-06-01,-0.521522
1970-06-02,-0.515208
1970-06-03,-0.508436
1970-06-04,-0.501203
1970-06-05,-0.493506
1970-06-06,-0.485342
1970-06-07,-0.476709
1970-06-08,-0.467729
1970-06-09,-0.458401
1970-06-10,-0.448719
1970-06-11,-0.43868
1970-06-12,-0.428279
1970-06-13,-0.417514
1970-06-14,-0.406378
1970-06-15,-0.394817
1970-06-16,-0.382826
1970-06-17,-0.370401
1970-06-18,-0.357535
1970-06-19,-0.344225
1970-06-20,-0.330464
1970-06-21,-0.316247
1970-06-22,-0.301693
1970-06-23,-0.286797
1970-06-24,-0.271554
1970-06-25,-0.255955
1970-06-26,-0.239995
1970-06-27,-0.223668
1970-06-28,-0.206967
1970-06-29,-0.190281
1970-06-30,-0.173605
1970-07-01,-0.156932
1970-07-02,-0.142126
1970-07-03,-0.129183
1970-07-04,-0.118097
1970-07-05,-0.108863
1970-07-06,-0.100361
1970-07-07,-0.092588
1970-07-08,-0.08554
1970-07-09,-0.079216
1970-07-10,-0.073611
1970-07-11,-0.068724
1970-07-12,-0.064553
1970-07-13,-0.061306
1970-07-14,-0.05898
1970-07-15,-0.057577
1970-07-16,-0.057094
1970-07-17,-0.057532
1970-07-18,-0.05889
1970-07-19,-0.06117
1970-07-20,-0.064952
1970-07-21,-0.070238
1970-07-22,-0.07703
1970-07-23,-0.085331
1970-07-24,-0.095143
1970-07-25,-0.106472
1970-07-26,-0.119322
1970-07-27,-0.13457
1970-07-28,-0.152222
1970-07-29,-0.172286
1970-07-30,-0.19477
1970-07-31,-0.219684
1970-08-01,-0.247037
1970-08-02,-0.275146
1970-08-03,-0.302679
1970-08-04,-0.329645
1970-08-05,-0.356057
1970-08-06,-0.381925
1970-08-07,-0.40726
1970-08-08,-0.432072
1970-08-09,-0.456372
1970-08-10,-0.478879
1970-08-11,-0.499603
1970-08-12,-0.518551
1970-08-13,-0.535732
1970-08-14,-0.551152
1970-08-15,-0.564819
1970-08-16,-0.576738
1970-08-17,-0.58828
1970-08-18,-0.599449
1970-08-19,-0.610251
1970-08-20,-0.62069
1970-08-21,-0.630771
1970-08-22,-0.640496
1970-08-23,-0.649872
1970-08-24,-0.659309
1970-08-25,-0.668812
1970-08-26,-0.678385
1970-08-27,-0.688032
1970-08-28,-0.697757
1970-08-29,-0.707564
1970-08-30,-0.717456
1970-08-31,-0.72597
1970-09-01,-0.733108
1970-09-02,-0.74155
1970-09-03,-0.7513
1970-09-04,-0.762362
1970-09-05,-0.77474
1970-09-06,-0.78844
1970-09-07,-0.806101
1970-09-08,-0.827732
1970-09-09,-0.85334
1970-09-10,-0.882937
1970-09-11,-0.916534
1970-09-12,-0.954146
1970-09-13,-0.995789
1970-09-14,-1.038622
1970-09-15,-1.082664
1970-09-16,-1.127934
1970-09-17,-1.174449
1970-09-18,-1.222229
1970-09-19,-1.271295
1970-09-20,-1.321665
1970-09-21,-1.374488
1970-09-22,-1.429787
1970-09-23,-1.487583
1970-09-24,-1.547902
1970-09-25,-1.610767
1970-09-26,-1.676204
1970-09-27,-1.744242
1970-09-28,-1.814546
1970-09-29,-1.887146
1970-09-30,-1.962071
1970-10-01,-2.039353
1970-10-02,-2.111546
1970-10-03,-2.178681
1970-10-04,-2.240784
1970-10-05,-2.299709
1970-10-06,-2.35548
1970-10-07,-2.408119
1970-10-08,-2.45765
1970-10-09,-2.504092
1970-10-10,-2.547464
1970-10-11,-2.587785
1970-10-12,-2.623778
1970-10-13,-2.655457
1970-10-14,-2.682837
1970-10-15,-2.705928
1970-10-16,-2.72474
1970-10-17,-2.73928
1970-10-18,-2.749555
1970-10-19,-2.756064
1970-10-20,-2.75881
1970-10-21,-2.757793
1970-10-22,-2.753014
1970-10-23,-2.744469
1970-10-24,-2.732157
1970-10-25,-2.716072
1970-10-26,-2.696153
1970-10-27,-2.672393
1970-10-28,-2.644782
1970-10-29,-2.613309
1970-10-30,-2.57796
1970-10-31,-2.538721
1970-11-01,-2.495576
1970-11-02,-2.449151
1970-11-03,-2.399425
1970-11-04,-2.34638
1970-11-05,-2.289992
1970-11-06,-2.230239
1970-11-07,-2.167096
1970-11-08,-2.100536
1970-11-09,-2.031866
1970-11-10,-1.961057
1970-11-11,-1.888079
1970-11-12,-1.812902
1970-11-13,-1.735496
1970-11-14,-1.655828
1970-11-15,-1.573865
1970-11-16,-1.488545
1970-11-17,-1.399833
1970-11-18,-1.307691
1970-11-19,-1.212082
1970-11-20,-1.112966
1970-11-21,-1.010303
1970-11-22,-0.904049
1970-11-23,-0.793045
1970-11-24,-0.677244
1970-11-25,-0.5566
1970-11-26,-0.431061
1970-11-27,-0.300577
1970-11-28,-0.165092
1970-11-29,-0.024551
1970-11-30,0.118895
1970-12-01,0.265306
1970-12-02,0.404303
1970-12-03,0.535943
1970-12-04,0.660281
1970-12-05,0.777369
1970-12-06,0.887254
1970-12-07,0.991249
1970-12-08,1.089398
1970-12-09,1.181741
1970-12-10,1.268316
1970-12-11,1.349158
1970-12-12,1.424303
1970-12-13,1.493779
1970-12-14,1.556994
1970-12-15,1.613973
1970-12-16,1.664739
1970-12-17,1.709314
1970-12-18,1.747716
1970-12-19,1.779962
1970-12-20,1.806063
1970-12-21,1.828237
1970-12-22,1.846493
1970-12-23,1.860837
1970-12-24,1.871277
1970-12-25,1.877815
1970-12-26,1.880456
1970-12-27,1.8792
1970-12-28,1.871831
1970-12-29,1.858348
1970-12-30,1.838744
1970-12-31,1.813011
1971-01-01,1.781138
1971-01-02,1.748473
1971-01-03,1.715
1971-01-04,1.680799
1971-01-05,1.645854
1971-01-06,1.610152
1971-01-07,1.573676
1971-01-08,1.536414
1971-01-09,1.498348
1971-01-10,1.459463
1971-01-11,1.420867
1971-01-12,1.382543
1971-01-13,1.344475
1971-01-14,1.306647
1971-01-15,1.269045
1971-01-16,1.231652
1971-01-17,1.194453
1971-01-18,1.157505
1971-01-19,1.120794
1971-01-20,1.084305
1971-01-21,1.048021
1971-01-22,1.011929
1971-01-23,0.976013
1971-01-24,0.940258
1971-01-25,0.903152
1971-01-26,0.864681
1971-01-27,0.824827
1971-01-28,0.783575
1971-01-29,0.740907
1971-01-30,0.696805
1971-01-31,0.651253
1971-02-01,0.605254
1971-02-02,0.561465
1971-02-03,0.519869
1971-02-04,0.480449
1971-02-05,0.443188
1971-02-06,0.40807
1971-02-07,0.375082
1971-02-08,0.343379
1971-02-09,0.312947
1971-02-10,0.283775
1971-02-11,0.255851
1971-02-12,0.229162
1971-02-13,0.203697
1971-02-14,0.179447
1971-02-15,0.156367
1971-02-16,0.134448
1971-02-17,0.11368
1971-02-18,0.094056
1971-02-19,0.075566
1971-02-20,0.058204
1971-02-21,0.041962
1971-02-22,0.028424
1971-02-23,0.017586
1971-02-24,0.009442
1971-02-25,0.003989
1971-02-26,0.001225
1971-02-27,0.001149
1971-02-28,0.003761
1971-03-01,0.008412
1971-03-02,0.013512
1971-03-03,0.019065
1971-03-04,0.025072
1971-03-05,0.031536
1971-03-06,0.038459
1971-03-07,0.045845
1971-03-08,0.052945
1971-03-09,0.059762
1971-03-10,0.066298
1971-03-11,0.072558
1971-03-12,0.078542
1971-03-13,0.084255
1971-03-14,0.089697
1971-03-15,0.095495
1971-03-16,0.10165
1971-03-17,0.108165
1971-03-18,0.115043
1971-03-19,0.122287
1971-03-20,0.1299
1971-03-21,0.137884
1971-03-22,0.146479
1971-03-23,0.155688
1971-03-24,0.165515
1971-03-25,0.175964
1971-03-26,0.187039
1971-03-27,0.198745
1971-03-28,0.211086
1971-03-29,0.223638
1971-03-30,0.236405
1971-03-31,0.249393
1971-04-01,0.262607
1971-04-02,0.275488
1971-04-03,0.28804
1971-04-04,0.300269
1971-04-05,0.311333
1971-04-06,0.321238
1971-04-07,0.329987
1971-04-08,0.337585
1971-04-09,0.344033
1971-04-10,0.349335
1971-04-11,0.353494
1971-04-12,0.357615
1971-04-13,0.361702
1971-04-14,0.365756
1971-04-15,0.369778
1971-04-16,0.373771
1971-04-17,0.377735
1971-04-18,0.381673
1971-04-19,0.38555
1971-04-20,0.389367
1971-04-21,0.393125
1971-04-22,0.396827
1971-04-23,0.400474
1971-04-24,0.404068
1971-04-25,0.407609
1971-04-26,0.411016
1971-04-27,0.414292
1971-04-28,0.417437
1971-04-29,0.420452
1971-04-30,0.423339
1971-05-01,0.426099
1971-05-02,0.428501
1971-05-03,0.430596
1971-05-04,0.432384
1971-05-05,0.433866
1971-05-06,0.435043
1971-05-07,0.435914
1971-05-08,0.436481
1971-05-09,0.436744
1971-05-10,0.436166
1971-05-11,0.434747
1971-05-12,0.432487
1971-05-13,0.429385
1971-05-14,0.425439
1971-05-15,0.420648
1971-05-16,0.415011
1971-05-17,0.409409
1971-05-18,0.40384
1971-05-19,0.398303
1971-05-20,0.392794
1971-05-21,0.387313
1971-05-22,0.381855
1971-05-23,0.37642
1971-05-24,0.370698
1971-05-25,0.364686
1971-05-26,0.358382
1971-05-27,0.351784
1971-05-28,0.344888
1971-05-29,0.337692
1971-05-30,0.330193
1971-05-31,0.322296
1971-06-01,0.313998
1971-06-02,0.305385
1971-06-03,0.296454
1971-06-04,0.2872
1971-06-05,0.27762
1971-06-06,0.26771
1971-06-07,0.2571
1971-06-08,0.245787
1971-06-09,0.233765
1971-06-10,0.22103
1971-06-11,0.207575
1971-06-12,0.193397
1971-06-13,0.178488
1971-06-14,0.163275
1971-06-15,0.14775
1971-06-16,0.131909
1971-06-17,0.115743
1971-06-18,0.099247
1971-06-19,0.082414
1971-06-20,0.065236
1971-06-21,0.047158
1971-06-22,0.028172
1971-06-23,0.008271
1971-06-24,-0.012553
1971-06-25,-0.034309
1971-06-26,-0.057007
1971-06-27,-0.080655
1971-06-28,-0.105561
1971-06-29,-0.131733
1971-06-30,-0.159184
1971-07-01,-0.187924
1971-07-02,-0.216535
1971-07-03,-0.245028
1971-07-04,-0.273415
1971-07-05,-0.301701
1971-07-06,-0.329896
1971-07-07,-0.358013
1971-07-08,-0.386062
1971-07-09,-0.414056
1971-07-10,-0.442006
1971-07-11,-0.469924
1971-07-12,-0.495068
1971-07-13,-0.517449
1971-07-14,-0.537077
1971-07-15,-0.553959
1971-07-16,-0.568103
1971-07-17,-0.579514
1971-07-18,-0.588197
1971-07-19,-0.596718
1971-07-20,-0.605079
1971-07-21,-0.613285
1971-07-22,-0.621338
1971-07-23,-0.629243
1971-07-24,-0.637002
1971-07-25,-0.644619
1971-07-26,-0.651527
1971-07-27,-0.65773
1971-07-28,-0.66323
1971-07-29,-0.66803
1971-07-30,-0.672131
1971-07-31,-0.675536
1971-08-01,-0.678244
1971-08-02,-0.677208
1971-08-03,-0.672425
1971-08-04,-0.663895
1971-08-05,-0.651613
1971-08-06,-0.635575
1971-08-07,-0.615774
1971-08-08,-0.592201
1971-08-09,-0.567708
1971-08-10,-0.542284
1971-08-11,-0.515919
1971-08-12,-0.488601
1971-08-13,-0.46032
1971-08-14,-0.431064
1971-08-15,-0.400821
1971-08-16,-0.368726
1971-08-17,-0.334767
1971-08-18,-0.298928
1971-08-19,-0.261196
1971-08-20,-0.221555
1971-08-21,-0.179989
1971-08-22,-0.136479
1971-08-23,-0.09134
1971-08-24,-0.044554
1971-08-25,0.0039
1971-08-26,0.054041
1971-08-27,0.10589
1971-08-28,0.159468
1971-08-29,0.214797
1971-08-30,0.274852
1971-08-31,0.339657
1971-09-01,0.409238
1971-09-02,0.477406
1971-09-03,0.54419
1971-09-04,0.609618
1971-09-05,0.673716
1971-09-06,0.732164
1971-09-07,0.784986
1971-09-08,0.832205
1971-09-09,0.87384
1971-09-10,0.909907
1971-09-11,0.940423
1971-09-12,0.965399
1971-09-13,0.986478
1971-09-14,1.003669
1971-09-15,1.016978
1971-09-16,1.026413
1971-09-17,1.031975
1971-09-18,1.033668
1971-09-19,1.031492
1971-09-20,1.026153
1971-09-21,1.01765
1971-09-22,1.005978
1971-09-23,0.991134
1971-09-24,0.973109
1971-09-25,0.951898
1971-09-26,0.927492
1971-09-27,0.899193
1971-09-28,0.86699
1971-09-29,0.83087
1971-09-30,0.790817
1971-10-01,0.746815
1971-10-02,0.704697
1971-10-03,0.664446
1971-10-04,0.627039
1971-10-05,0.592463
1971-10-06,0.560701
1971-10-07,0.531742
1971-10-08,0.505573
1971-10-09,0.482184
1971-10-10,0.461564
1971-10-11,0.442446
1971-10-12,0.424821
1971-10-13,0.408683
1971-10-14,0.394024
1971-10-15,0.380838
1971-10-16,0.36912
1971-10-17,0.358866
1971-10-18,0.350452
1971-10-19,0.343875
1971-10-20,0.339132
1971-10-21,0.336222
1971-10-22,0.335143
1971-10-23,0.335895
1971-10-24,0.338478
1971-10-25,0.34262
1971-10-26,0.348322
1971-10-27,0.355587
1971-10-28,0.364419
1971-10-29,0.37482
1971-10-30,0.386794
1971-10-31,0.400348
1971-11-01,0.416787
1971-11-02,0.433831
1971-11-03,0.451485
1971-11-04,0.469758
1971-11-05,0.488656
1971-11-06,0.508188
1971-11-07,0.528361
1971-11-08,0.54814
1971-11-09,0.567534
1971-11-10,0.586549
1971-11-11,0.605194
1971-11-12,0.623476
1971-11-13,0.641404
1971-11-14,0.658984
1971-11-15,0.675557
1971-11-16,0.691129
1971-11-17,0.705706
1971-11-18,0.719295
1971-11-19,0.731901
1971-11-20,0.74353
1971-11-21,0.754186
1971-11-22,0.764983
1971-11-23,0.775927
1971-11-24,0.78702
1971-11-25,0.798269
1971-11-26,0.809677
1971-11-27,0.821249
1971-11-28,0.832991
1971-11-29,0.845684
1971-11-30,0.859334
1971-12-01,0.873948
1971-12-02,0.890251
1971-12-03,0.908252
1971-12-04,0.927957
1971-12-05,0.949375
1971-12-06,0.970754
1971-12-07,0.992104
1971-12-08,1.013434
1971-12-09,1.034753
1971-12-10,1.056069
1971-12-11,1.07739
1971-12-12,1.098727
1971-12-13,1.120443
1971-12-14,1.142547
1971-12-15,1.165049
1971-12-16,1.187957
1971-12-17,1.211282
1971-12-18,1.235033
1971-12-19,1.259219
1971-12-20,1.283228
1971-12-21,1.30707
1971-12-22,1.330755
1971-12-23,1.354291
1971-12-24,1.377691
1971-12-25,1.400961
1971-12-26,1.424114
1971-12-27,1.449846
1971-12-28,1.478169
1971-12-29,1.509094
1971-12-30,1.542634
1971-12-31,1.578803
1972-01-01,1.617616
1972-01-02,1.655007
1972-01-03,1.690201
1972-01-04,1.723213
1972-01-05,1.754056
1972-01-06,1.782743
1972-01-07,1.809287
1972-01-08,1.833697
1972-01-09,1.855985
1972-01-10,1.87345
1972-01-11,1.8861
1972-01-12,1.89394
1972-01-13,1.896974
1972-01-14,1.895203
1972-01-15,1.888625
1972-01-16,1.877239
1972-01-17,1.863589
1972-01-18,1.847672
1972-01-19,1.829479
1972-01-20,1.809004
1972-01-21,1.786238
1972-01-22,1.761171
1972-01-23,1.733793
1972-01-24,1.703772
1972-01-25,1.671094
1972-01-26,1.635746
1972-01-27,1.597714
1972-01-28,1.556982
1972-01-29,1.513533
1972-01-30,1.467348
1972-01-31,1.418427
1972-02-01,1.36675
1972-02-02,1.318019
1972-02-03,1.272214
1972-02-04,1.229317
1972-02-05,1.189309
1972-02-06,1.152174
1972-02-07,1.117112
1972-02-08,1.084108
1972-02-09,1.053147
1972-02-10,1.024218
1972-02-11,0.997308
1972-02-12,0.972407
1972-02-13,0.949503
1972-02-14,0.92865
1972-02-15,0.909838
1972-02-16,0.893059
1972-02-17,0.878307
1972-02-18,0.865575
1972-02-19,0.854859
1972-02-20,0.846153
1972-02-21,0.83962
1972-02-22,0.835255
1972-02-23,0.833057
1972-02-24,0.833026
1972-02-25,0.835161
1972-02-26,0.839463
1972-02-27,0.845934
1972-02-28,0.854891
1972-02-29,0.866339
1972-03-01,0.880282
1972-03-02,0.893804
1972-03-03,0.906911
1972-03-04,0.919609
1972-03-05,0.931902
1972-03-06,0.943988
1972-03-07,0.955873
1972-03-08,0.96756
1972-03-09,0.979055
1972-03-10,0.990363
1972-03-11,1.001488
1972-03-12,1.012436
1972-03-13,1.023
1972-03-14,1.033187
1972-03-15,1.043
1972-03-16,1.052442
1972-03-17,1.06152
1972-03-18,1.070235
1972-03-19,1.078591
1972-03-20,1.086421
1972-03-21,1.093728
1972-03-22,1.100515
1972-03-23,1.106785
1972-03-24,1.11254
1972-03-25,1.117783
1972-03-26,1.122516
1972-03-27,1.126562
1972-03-28,1.129923
1972-03-29,1.132601
1972-03-30,1.134597
1972-03-31,1.13591
1972-04-01,1.136543
1972-04-02,1.136237
1972-04-03,1.135974
1972-04-04,1.135755
1972-04-05,1.135578
1972-04-06,1.135445
1972-04-07,1.135354
1972-04-08,1.135306
1972-04-09,1.135302
1972-04-10,1.133963
1972-04-11,1.131291
1972-04-12,1.127283
1972-04-13,1.121937
1972-04-14,1.115253
1972-04-15,1.107226
1972-04-16,1.097854
1972-04-17,1.087784
1972-04-18,1.077011
1972-04-19,1.065532
1972-04-20,1.053341
1972-04-21,1.040433
1972-04-22,1.026804
1972-04-23,1.012447
1972-04-24,0.997615
1972-04-25,0.982302
1972-04-26,0.966502
1972-04-27,0.950208
1972-04-28,0.933414
1972-04-29,0.916112
1972-04-30,0.898296
1972-05-01,0.879951
1972-05-02,0.862468
1972-05-03,0.84584
1972-05-04,0.83006
1972-05-05,0.815121
1972-05-06,0.801017
1972-05-07,0.787742
1972-05-08,0.774793
1972-05-09,0.762164
1972-05-10,0.74985
1972-05-11,0.737846
1972-05-12,0.726146
1972-05-13,0.714747
1972-05-14,0.703642
1972-05-15,0.693084
1972-05-16,0.683069
1972-05-17,0.673591
1972-05-18,0.664647
1972-05-19,0.656234
1972-05-20,0.648347
1972-05-21,0.640984
1972-05-22,0.634093
1972-05-23,0.627669
1972-05-24,0.621711
1972-05-25,0.616216
1972-05-26,0.611182
1972-05-27,0.606606
1972-05-28,0.602487
1972-05-29,0.598685
1972-05-30,0.595199
1972-05-31,0.592026
1972-06-01,0.589166
1972-06-02,0.584434
1972-06-03,0.577827
1972-06-04,0.569344
1972-06-05,0.559285
1972-06-06,0.547645
1972-06-07,0.534422
1972-06-08,0.519607
1972-06-09,0.503197
1972-06-10,0.485184
1972-06-11,0.465559
1972-06-12,0.444441
1972-06-13,0.421819
1972-06-14,0.397684
1972-06-15,0.372027
1972-06-16,0.344836
1972-06-17,0.316101
1972-06-18,0.28581
1972-06-19,0.254114
1972-06-20,0.221
1972-06-21,0.186455
1972-06-22,0.150463
1972-06-23,0.113011
1972-06-24,0.074083
1972-06-25,0.033662
1972-06-26,-0.005904
1972-06-27,-0.044631
1972-06-28,-0.082535
1972-06-29,-0.119632
1972-06-30,-0.155937
1972-07-01,-0.191466
1972-07-02,-0.219217
1972-07-03,-0.244411
1972-07-04,-0.267058
1972-07-05,-0.287169
1972-07-06,-0.304751
1972-07-07,-0.319811
1972-07-08,-0.332357
1972-07-09,-0.342392
1972-07-10,-0.346659
1972-07-11,-0.34516
1972-07-12,-0.337893
1972-07-13,-0.324856
1972-07-14,-0.306043
1972-07-15,-0.281447
1972-07-16,-0.251057
1972-07-17,-0.217648
1972-07-18,-0.181206
1972-07-19,-0.141715
1972-07-20,-0.099161
1972-07-21,-0.053524
1972-07-22,-0.004786
1972-07-23,0.047073
1972-07-24,0.102654
1972-07-25,0.161979
1972-07-26,0.225073
1972-07-27,0.291963
1972-07-28,0.362675
1972-07-29,0.43724
1972-07-30,0.515687
1972-07-31,0.599515
1972-08-01,0.688758
1972-08-02,0.773749
1972-08-03,0.854524
1972-08-04,0.931115
1972-08-05,1.003555
1972-08-06,1.071874
1972-08-07,1.13584
1972-08-08,1.19548
1972-08-09,1.250819
1972-08-10,1.301879
1972-08-11,1.348683
1972-08-12,1.391248
1972-08-13,1.429593
1972-08-14,1.464389
1972-08-15,1.495649
1972-08-16,1.523387
1972-08-17,1.547614
1972-08-18,1.568341
1972-08-19,1.585575
1972-08-20,1.599324
1972-08-21,1.609435
1972-08-22,1.615912
1972-08-23,1.618759
1972-08-24,1.617975
1972-08-25,1.613561
1972-08-26,1.605516
1972-08-27,1.593835
1972-08-28,1.578062
1972-08-29,1.558189
1972-08-30,1.53421
1972-08-31,1.506115
1972-09-01,1.47389
1972-09-02,1.443746
1972-09-03,1.415669
1972-09-04,1.389849
1972-09-05,1.366275
1972-09-06,1.344937
1972-09-07,1.325827
1972-09-08,1.308937
1972-09-09,1.294259
1972-09-10,1.281788
1972-09-11,1.27142
1972-09-12,1.26315
1972-09-13,1.256976
1972-09-14,1.252895
1972-09-15,1.250904
1972-09-16,1.251004
1972-09-17,1.253194
1972-09-18,1.257385
1972-09-19,1.263581
1972-09-20,1.271782
1972-09-21,1.281993
1972-09-22,1.294217
1972-09-23,1.308461
1972-09-24,1.324729
1972-09-25,1.342992
1972-09-26,1.363259
1972-09-27,1.385538
1972-09-28,1.409837
1972-09-29,1.436168
1972-09-30,1.46454
1972-10-01,1.494965
1972-10-02,1.524477
1972-10-03,1.553086
1972-10-04,1.580805
1972-10-05,1.607645
1972-10-06,1.633617
1972-10-07,1.658733
1972-10-08,1.683002
1972-10-09,1.705341
1972-10-10,1.725761
1972-10-11,1.74427
1972-10-12,1.760875
1972-10-13,1.775583
1972-10-14,1.7884
1972-10-15,1.799332
1972-10-16,1.809276
1972-10-17,1.818237
1972-10-18,1.826219
1972-10-19,1.833225
1972-10-20,1.839257
1972-10-21,1.844319
1972-10-22,1.848412
1972-10-23,1.8502
1972-10-24,1.849683
1972-10-25,1.846862
1972-10-26,1.841735
1972-10-27,1.834299
1972-10-28,1.824553
1972-10-29,1.812491
1972-10-30,1.800054
1972-10-31,1.787236
1972-11-01,1.774032
1972-11-02,1.761982
1972-11-03,1.75108
1972-11-04,1.741322
1972-11-05,1.732704
1972-11-06,1.723709
1972-11-07,1.714334
1972-11-08,1.704575
1972-11-09,1.694429
1972-11-10,1.683889
1972-11-11,1.672954
1972-11-12,1.661617
1972-11-13,1.65174
1972-11-14,1.643319
1972-11-15,1.636351
1972-11-16,1.630832
1972-11-17,1.62676
1972-11-18,1.624134
1972-11-19,1.622953
1972-11-20,1.620324
1972-11-21,1.616244
1972-11-22,1.610714
1972-11-23,1.60373
1972-11-24,1.59529
1972-11-25,1.58539
1972-11-26,1.574026
1972-11-27,1.562359
1972-11-28,1.550386
1972-11-29,1.5381
1972-11-30,1.525498
1972-12-01,1.512573
1972-12-02,1.499357
1972-12-03,1.485845
1972-12-04,1.473585
1972-12-05,1.462572
1972-12-06,1.452801
1972-12-07,1.444268
1972-12-08,1.436969
1972-12-09,1.430903
1972-12-10,1.426065
1972-12-11,1.421805
1972-12-12,1.418119
1972-12-13,1.415008
1972-12-14,1.412469
1972-12-15,1.410502
1972-12-16,1.409105
1972-12-17,1.408278
1972-12-18,1.406773
1972-12-19,1.404589
1972-12-20,1.401726
1972-12-21,1.398181
1972-12-22,1.393955
1972-12-23,1.389044
1972-12-24,1.383447
1972-12-25,1.376959
1972-12-26,1.369577
1972-12-27,1.361299
1972-12-28,1.35212
1972-12-29,1.342038
1972-12-30,1.331047
1972-12-31,1.319143
1973-01-01,1.30728
1973-01-02,1.296285
1973-01-03,1.286155
1973-01-04,1.276885
1973-01-05,1.26847
1973-01-06,1.260909
1973-01-07,1.254197
1973-01-08,1.249137
1973-01-09,1.245727
1973-01-10,1.243965
1973-01-11,1.243852
1973-01-12,1.245386
1973-01-13,1.248569
1973-01-14,1.253402
1973-01-15,1.258336
1973-01-16,1.263375
1973-01-17,1.268521
1973-01-18,1.273775
1973-01-19,1.279139
1973-01-20,1.284616
1973-01-21,1.290208
1973-01-22,1.29595
1973-01-23,1.301843
1973-01-24,1.307891
1973-01-25,1.314095
1973-01-26,1.320458
1973-01-27,1.326983
1973-01-28,1.333673
1973-01-29,1.341823
1973-01-30,1.351436
1973-01-31,1.362517
1973-02-01,1.37507
1973-02-02,1.386062
1973-02-03,1.395498
1973-02-04,1.403382
1973-02-05,1.409018
1973-02-06,1.412409
1973-02-07,1.413556
1973-02-08,1.412459
1973-02-09,1.409118
1973-02-10,1.403532
1973-02-11,1.395699
1973-02-12,1.385246
1973-02-13,1.37217
1973-02-14,1.356466
1973-02-15,1.338127
1973-02-16,1.317145
1973-02-17,1.293511
1973-02-18,1.267217
1973-02-19,1.238759
1973-02-20,1.208126
1973-02-21,1.175305
1973-02-22,1.140282
1973-02-23,1.103044
1973-02-24,1.063574
1973-02-25,1.021857
1973-02-26,0.978069
1973-02-27,0.932194
1973-02-28,0.884212
1973-03-01,0.834103
1973-03-02,0.785549
1973-03-03,0.738527
1973-03-04,0.693021
1973-03-05,0.648848
1973-03-06,0.60599
1973-03-07,0.564431
1973-03-08,0.524151
1973-03-09,0.485136
1973-03-10,0.447369
1973-03-11,0.410833
1973-03-12,0.375267
1973-03-13,0.340653
1973-03-14,0.306979
1973-03-15,0.274231
1973-03-16,0.242394
1973-03-17,0.211457
1973-03-18,0.181405
1973-03-19,0.152427
1973-03-20,0.124511
1973-03-21,0.097646
1973-03-22,0.071821
1973-03-23,0.047024
1973-03-24,0.023246
1973-03-25,0.000476
1973-03-26,-0.021937
1973-03-27,-0.044002
1973-03-28,-0.06573
1973-03-29,-0.087128
1973-03-30,-0.108206
1973-03-31,-0.128973
1973-04-01,-0.149436
1973-04-02,-0.167566
1973-04-03,-0.183369
1973-04-04,-0.196852
1973-04-05,-0.20802
1973-04-06,-0.216879
1973-04-07,-0.223431
1973-04-08,-0.22768
1973-04-09,-0.231492
1973-04-10,-0.234868
1973-04-11,-0.237811
1973-04-12,-0.240321
1973-04-13,-0.2424
1973-04-14,-0.244048
1973-04-15,-0.245266
1973-04-16,-0.244724
1973-04-17,-0.242423
1973-04-18,-0.238362
1973-04-19,-0.232538
1973-04-20,-0.22495
1973-04-21,-0.215594
1973-04-22,-0.204467
1973-04-23,-0.19244
1973-04-24,-0.179508
1973-04-25,-0.165667
1973-04-26,-0.150911
1973-04-27,-0.135233
1973-04-28,-0.118627
1973-04-29,-0.101086
1973-04-30,-0.081743
1973-05-01,-0.06059
1973-05-02,-0.039815
1973-05-03,-0.01941
1973-05-04,0.000634
1973-05-05,0.020326
1973-05-06,0.039673
1973-05-07,0.057722
1973-05-08,0.074481
1973-05-09,0.089956
1973-05-10,0.104154
1973-05-11,0.117081
1973-05-12,0.128741
1973-05-13,0.139141
1973-05-14,0.148685
1973-05-15,0.157379
1973-05-16,0.165225
1973-05-17,0.172227
1973-05-18,0.178387
1973-05-19,0.183709
1973-05-20,0.188195
1973-05-21,0.191938
1973-05-22,0.19494
1973-05-23,0.197203
1973-05-24,0.198727
1973-05-25,0.199513
1973-05-26,0.199561
1973-05-27,0.198872
1973-05-28,0.197131
1973-05-29,0.194337
1973-05-30,0.190488
1973-05-31,0.185584
1973-06-01,0.179623
1973-06-02,0.173456
1973-06-03,0.167082
1973-06-04,0.161385
1973-06-05,0.156364
1973-06-06,0.152017
1973-06-07,0.148341
1973-06-08,0.145335
1973-06-09,0.142998
1973-06-10,0.14133
1973-06-11,0.139308
1973-06-12,0.136932
1973-06-13,0.134201
1973-06-14,0.131114
1973-06-15,0.127669
1973-06-16,0.123866
1973-06-17,0.119702
1973-06-18,0.115793
1973-06-19,0.112137
1973-06-20,0.108732
1973-06-21,0.105577
1973-06-22,0.102671
1973-06-23,0.100012
1973-06-24,0.0976
1973-06-25,0.094987
1973-06-26,0.092172
1973-06-27,0.089154
1973-06-28,0.085931
1973-06-29,0.082504
1973-06-30,0.078869
1973-07-01,0.075025
1973-07-02,0.070877
1973-07-03,0.066421
1973-07-04,0.061657
1973-07-05,0.056582
1973-07-06,0.051194
1973-07-07,0.045491
1973-07-08,0.039471
1973-07-09,0.031924
1973-07-10,0.022847
1973-07-11,0.012236
1973-07-12,0.000088
1973-07-13,-0.013604
1973-07-14,-0.028845
1973-07-15,-0.04564
1973-07-16,-0.062904
1973-07-17,-0.080643
1973-07-18,-0.098864
1973-07-19,-0.117576
1973-07-20,-0.136785
1973-07-21,-0.1565
1973-07-22,-0.176729
1973-07-23,-0.197486
1973-07-24,-0.218779
1973-07-25,-0.240618
1973-07-26,-0.263012
1973-07-27,-0.285969
1973-07-28,-0.3095
1973-07-29,-0.333613
1973-07-30,-0.358463
1973-07-31,-0.38406
1973-08-01,-0.410413
1973-08-02,-0.43473
1973-08-03,-0.457019
1973-08-04,-0.477291
1973-08-05,-0.495554
1973-08-06,-0.511687
1973-08-07,-0.525698
1973-08-08,-0.537592
1973-08-09,-0.547375
1973-08-10,-0.555049
1973-08-11,-0.560619
1973-08-12,-0.564086
1973-08-13,-0.566165
1973-08-14,-0.566857
1973-08-15,-0.566161
1973-08-16,-0.564077
1973-08-17,-0.560605
1973-08-18,-0.555743
1973-08-19,-0.549489
1973-08-20,-0.541708
1973-08-21,-0.532398
1973-08-22,-0.521553
1973-08-23,-0.509171
1973-08-24,-0.495245
1973-08-25,-0.47977
1973-08-26,-0.46274
1973-08-27,-0.444498
1973-08-28,-0.425037
1973-08-29,-0.404349
1973-08-30,-0.382425
1973-08-31,-0.359256
1973-09-01,-0.334833
1973-09-02,-0.310165
1973-09-03,-0.284247
1973-09-04,-0.257068
1973-09-05,-0.228616
1973-09-06,-0.198882
1973-09-07,-0.167851
1973-09-08,-0.135511
1973-09-09,-0.101848
1973-09-10,-0.067578
1973-09-11,-0.032684
1973-09-12,0.002847
1973-09-13,0.039029
1973-09-14,0.075878
1973-09-15,0.113409
1973-09-16,0.151638
1973-09-17,0.190962
1973-09-18,0.231397
1973-09-19,0.27296
1973-09-20,0.315668
1973-09-21,0.359539
1973-09-22,0.404591
1973-09-23,0.450842
1973-09-24,0.498439
1973-09-25,0.547401
1973-09-26,0.597748
1973-09-27,0.649501
1973-09-28,0.702682
1973-09-29,0.757312
1973-09-30,0.813414
1973-10-01,0.870337
1973-10-02,0.924016
1973-10-03,0.974474
1973-10-04,1.021733
1973-10-05,1.06581
1973-10-06,1.106726
1973-10-07,1.144496
1973-10-08,1.180186
1973-10-09,1.21381
1973-10-10,1.245382
1973-10-11,1.274915
1973-10-12,1.302422
1973-10-13,1.327914
1973-10-14,1.351401
1973-10-15,1.372608
1973-10-16,1.391542
1973-10-17,1.408213
1973-10-18,1.422626
1973-10-19,1.434788
1973-10-20,1.444703
1973-10-21,1.452377
1973-10-22,1.457056
1973-10-23,1.458743
1973-10-24,1.457438
1973-10-25,1.453141
1973-10-26,1.44585
1973-10-27,1.435562
1973-10-28,1.422273
1973-10-29,1.407076
1973-10-30,1.389965
1973-10-31,1.370933
1973-11-01,1.349971
1973-11-02,1.328044
1973-11-03,1.305141
1973-11-04,1.281253
1973-11-05,1.257489
1973-11-06,1.233839
1973-11-07,1.210292
1973-11-08,1.186839
1973-11-09,1.163471
1973-11-10,1.140177
1973-11-11,1.116948
1973-11-12,1.090918
1973-11-13,1.062076
1973-11-14,1.030409
1973-11-15,0.995905
1973-11-16,0.95855
1973-11-17,0.918327
1973-11-18,0.875221
1973-11-19,0.829465
1973-11-20,0.78104
1973-11-21,0.729925
1973-11-22,0.6761
1973-11-23,0.619543
1973-11-24,0.560229
1973-11-25,0.498135
1973-11-26,0.435143
1973-11-27,0.371227
1973-11-28,0.30636
1973-11-29,0.240516
1973-11-30,0.173667
1973-12-01,0.105786
1973-12-02,0.040453
1973-12-03,-0.022968
1973-12-04,-0.084502
1973-12-05,-0.144174
1973-12-06,-0.202011
1973-12-07,-0.258034
1973-12-08,-0.312268
1973-12-09,-0.364736
1973-12-10,-0.415667
1973-12-11,-0.465083
1973-12-12,-0.513006
1973-12-13,-0.559454
1973-12-14,-0.604446
1973-12-15,-0.648002
1973-12-16,-0.690139
1973-12-17,-0.728742
1973-12-18,-0.763827
1973-12-19,-0.79541
1973-12-20,-0.823501
1973-12-21,-0.848114
1973-12-22,-0.869259
1973-12-23,-0.886944
1973-12-24,-0.904729
1973-12-25,-0.922622
1973-12-26,-0.940629
1973-12-27,-0.958759
1973-12-28,-0.977019
1973-12-29,-0.995416
1973-12-30,-1.013959
1973-12-31,-1.032921
1974-01-01,-1.052312
1974-01-02,-1.072307
1974-01-03,-1.092915
1974-01-04,-1.114145
1974-01-05,-1.136005
1974-01-06,-1.158504
1974-01-07,-1.177116
1974-01-08,-1.191848
1974-01-09,-1.202707
1974-01-10,-1.209696
1974-01-11,-1.21282
1974-01-12,-1.212078
1974-01-13,-1.207472
1974-01-14,-1.202965
1974-01-15,-1.198556
1974-01-16,-1.194243
1974-01-17,-1.190024
1974-01-18,-1.185898
1974-01-19,-1.181862
1974-01-20,-1.177915
1974-01-21,-1.174568
1974-01-22,-1.17182
1974-01-23,-1.169668
1974-01-24,-1.168113
1974-01-25,-1.167153
1974-01-26,-1.166789
1974-01-27,-1.167019
1974-01-28,-1.166034
1974-01-29,-1.163832
1974-01-30,-1.160413
1974-01-31,-1.155776
1974-02-01,-1.149918
1974-02-02,-1.143671
1974-02-03,-1.137032
1974-02-04,-1.127463
1974-02-05,-1.114961
1974-02-06,-1.099521
1974-02-07,-1.081135
1974-02-08,-1.059797
1974-02-09,-1.035497
1974-02-10,-1.008226
1974-02-11,-0.983499
1974-02-12,-0.961307
1974-02-13,-0.941641
1974-02-14,-0.924491
1974-02-15,-0.909852
1974-02-16,-0.897716
1974-02-17,-0.88808
1974-02-18,-0.87924
1974-02-19,-0.871193
1974-02-20,-0.863936
1974-02-21,-0.857466
1974-02-22,-0.85178
1974-02-23,-0.846875
1974-02-24,-0.84275
1974-02-25,-0.838162
1974-02-26,-0.833107
1974-02-27,-0.827585
1974-02-28,-0.821593
1974-03-01,-0.815128
1974-03-02,-0.808773
1974-03-03,-0.802526
1974-03-04,-0.796594
1974-03-05,-0.790974
1974-03-06,-0.785666
1974-03-07,-0.780665
1974-03-08,-0.775971
1974-03-09,-0.771581
1974-03-10,-0.767493
1974-03-11,-0.763429
1974-03-12,-0.759387
1974-03-13,-0.755365
1974-03-14,-0.751361
1974-03-15,-0.747375
1974-03-16,-0.743403
1974-03-17,-0.739445
1974-03-18,-0.735979
1974-03-19,-0.733005
1974-03-20,-0.730521
1974-03-21,-0.728526
1974-03-22,-0.727018
1974-03-23,-0.725999
1974-03-24,-0.725466
1974-03-25,-0.724972
1974-03-26,-0.724515
1974-03-27,-0.724095
1974-03-28,-0.723713
1974-03-29,-0.723368
1974-03-30,-0.72306
1974-03-31,-0.722788
1974-04-01,-0.724162
1974-04-02,-0.725167
1974-04-03,-0.725803
1974-04-04,-0.726073
1974-04-05,-0.725974
1974-04-06,-0.725509
1974-04-07,-0.724675
1974-04-08,-0.722242
1974-04-09,-0.71821
1974-04-10,-0.712577
1974-04-11,-0.70534
1974-04-12,-0.696496
1974-04-13,-0.686042
1974-04-14,-0.673973
1974-04-15,-0.660364
1974-04-16,-0.64521
1974-04-17,-0.628503
1974-04-18,-0.610238
1974-04-19,-0.590406
1974-04-20,-0.568999
1974-04-21,-0.546009
1974-04-22,-0.521949
1974-04-23,-0.496809
1974-04-24,-0.470579
1974-04-25,-0.443247
1974-04-26,-0.414803
1974-04-27,-0.385235
1974-04-28,-0.35453
1974-04-29,-0.321903
1974-04-30,-0.287339
1974-05-01,-0.250826
1974-05-02,-0.216522
1974-05-03,-0.184415
1974-05-04,-0.154491
1974-05-05,-0.126737
1974-05-06,-0.100893
1974-05-07,-0.076946
1974-05-08,-0.054888
1974-05-09,-0.034709
1974-05-10,-0.0164
1974-05-11,0.000045
1974-05-12,0.014634
1974-05-13,0.027079
1974-05-14,0.037384
1974-05-15,0.045555
1974-05-16,0.051595
1974-05-17,0.055506
1974-05-18,0.057289
1974-05-19,0.056946
1974-05-20,0.054883
1974-05-21,0.051099
1974-05-22,0.045593
1974-05-23,0.038362
1974-05-24,0.029403
1974-05-25,0.018713
1974-05-26,0.006287
1974-05-27,-0.009767
1974-05-28,-0.029454
1974-05-29,-0.052784
1974-05-30,-0.079765
1974-05-31,-0.110409
1974-06-01,-0.144729
1974-06-02,-0.179374
1974-06-03,-0.211405
1974-06-04,-0.240834
1974-06-05,-0.267673
1974-06-06,-0.291935
1974-06-07,-0.313628
1974-06-08,-0.332763
1974-06-09,-0.349346
1974-06-10,-0.365471
1974-06-11,-0.381147
1974-06-12,-0.396378
1974-06-13,-0.411172
1974-06-14,-0.425534
1974-06-15,-0.439471
1974-06-16,-0.452988
1974-06-17,-0.465393
1974-06-18,-0.476692
1974-06-19,-0.48689
1974-06-20,-0.49599
1974-06-21,-0.503996
1974-06-22,-0.510913
1974-06-23,-0.516741
1974-06-24,-0.520944
1974-06-25,-0.523524
1974-06-26,-0.52448
1974-06-27,-0.523814
1974-06-28,-0.521525
1974-06-29,-0.517613
1974-06-30,-0.512075
1974-07-01,-0.506283
1974-07-02,-0.5024
1974-07-03,-0.500424
1974-07-04,-0.500356
1974-07-05,-0.502194
1974-07-06,-0.50594
1974-07-07,-0.511595
1974-07-08,-0.518867
1974-07-09,-0.527758
1974-07-10,-0.538272
1974-07-11,-0.550413
1974-07-12,-0.564187
1974-07-13,-0.579599
1974-07-14,-0.596655
1974-07-15,-0.615113
1974-07-16,-0.634982
1974-07-17,-0.656269
1974-07-18,-0.678982
1974-07-19,-0.703133
1974-07-20,-0.728729
1974-07-21,-0.755783
1974-07-22,-0.783518
1974-07-23,-0.811944
1974-07-24,-0.841075
1974-07-25,-0.870921
1974-07-26,-0.901496
1974-07-27,-0.932811
1974-07-28,-0.964881
1974-07-29,-0.997814
1974-07-30,-1.031623
1974-07-31,-1.066324
1974-08-01,-1.101929
1974-08-02,-1.135266
1974-08-03,-1.166347
1974-08-04,-1.195187
1974-08-05,-1.221937
1974-08-06,-1.246608
1974-08-07,-1.269211
1974-08-08,-1.289754
1974-08-09,-1.308247
1974-08-10,-1.324697
1974-08-11,-1.339111
1974-08-12,-1.352706
1974-08-13,-1.365489
1974-08-14,-1.377465
1974-08-15,-1.388639
1974-08-16,-1.399016
1974-08-17,-1.408599
1974-08-18,-1.417393
1974-08-19,-1.424255
1974-08-20,-1.429188
1974-08-21,-1.432194
1974-08-22,-1.433275
1974-08-23,-1.43243
1974-08-24,-1.42966
1974-08-25,-1.424963
1974-08-26,-1.418502
1974-08-27,-1.410274
1974-08-28,-1.400275
1974-08-29,-1.388502
1974-08-30,-1.374949
1974-08-31,-1.359612
1974-09-01,-1.342483
1974-09-02,-1.325993
1974-09-03,-1.310136
1974-09-04,-1.294904
1974-09-05,-1.280292
1974-09-06,-1.266294
1974-09-07,-1.252903
1974-09-08,-1.240115
1974-09-09,-1.227599
1974-09-10,-1.215349
1974-09-11,-1.203362
1974-09-12,-1.191632
1974-09-13,-1.180154
1974-09-14,-1.168924
1974-09-15,-1.157936
1974-09-16,-1.146901
1974-09-17,-1.135814
1974-09-18,-1.12467
1974-09-19,-1.113464
1974-09-20,-1.102193
1974-09-21,-1.090851
1974-09-22,-1.079433
1974-09-23,-1.068677
1974-09-24,-1.058579
1974-09-25,-1.049133
1974-09-26,-1.040336
1974-09-27,-1.032184
1974-09-28,-1.024675
1974-09-29,-1.017804
1974-09-30,-1.011165
1974-10-01,-1.004754
1974-10-02,-1.001763
1974-10-03,-1.00219
1974-10-04,-1.006036
1974-10-05,-1.013302
1974-10-06,-1.02399
1974-10-07,-1.036446
1974-10-08,-1.050673
1974-10-09,-1.066677
1974-10-10,-1.084466
1974-10-11,-1.104046
1974-10-12,-1.125426
1974-10-13,-1.148614
1974-10-14,-1.176561
1974-10-15,-1.209277
1974-10-16,-1.246777
1974-10-17,-1.289076
1974-10-18,-1.336191
1974-10-19,-1.388143
1974-10-20,-1.444951
1974-10-21,-1.504507
1974-10-22,-1.566835
1974-10-23,-1.63196
1974-10-24,-1.69991
1974-10-25,-1.770712
1974-10-26,-1.844397
1974-10-27,-1.920993
1974-10-28,-2.00205
1974-10-29,-2.0876
1974-10-30,-2.177679
1974-10-31,-2.272323
1974-11-01,-2.371573
1974-11-02,-2.469537
1974-11-03,-2.566256
1974-11-04,-2.659916
1974-11-05,-2.750558
1974-11-06,-2.838218
1974-11-07,-2.922933
1974-11-08,-3.004737
1974-11-09,-3.083665
1974-11-10,-3.159749
1974-11-11,-3.234255
1974-11-12,-3.307215
1974-11-13,-3.378658
1974-11-14,-3.448615
1974-11-15,-3.517113
1974-11-16,-3.584181
1974-11-17,-3.649848
1974-11-18,-3.711438
1974-11-19,-3.768978
1974-11-20,-3.822491
1974-11-21,-3.872
1974-11-22,-3.917524
1974-11-23,-3.959083
1974-11-24,-3.996694
1974-11-25,-4.035407
1974-11-26,-4.07524
1974-11-27,-4.116209
1974-11-28,-4.15833
1974-11-29,-4.201621
1974-11-30,-4.2461
1974-12-01,-4.291785
1974-12-02,-4.331556
1974-12-03,-4.365429
1974-12-04,-4.393419
1974-12-05,-4.415537
1974-12-06,-4.431791
1974-12-07,-4.44219
1974-12-08,-4.446736
1974-12-09,-4.448616
1974-12-10,-4.447828
1974-12-11,-4.444374
1974-12-12,-4.438252
1974-12-13,-4.429459
1974-12-14,-4.417991
1974-12-15,-4.403845
1974-12-16,-4.385717
1974-12-17,-4.363602
1974-12-18,-4.33749
1974-12-19,-4.307369
1974-12-20,-4.273229
1974-12-21,-4.235054
1974-12-22,-4.192828
1974-12-23,-4.146265
1974-12-24,-4.095346
1974-12-25,-4.04005
1974-12-26,-3.980353
1974-12-27,-3.916232
1974-12-28,-3.847659
1974-12-29,-3.774606
1974-12-30,-3.701333
1974-12-31,-3.627809
1975-01-01,-3.554004
1975-01-02,-3.487715
1975-01-03,-3.428915
1975-01-04,-3.37758
1975-01-05,-3.333687
1975-01-06,-3.289225
1975-01-07,-3.244175
1975-01-08,-3.198518
1975-01-09,-3.152235
1975-01-10,-3.105307
1975-01-11,-3.057714
1975-01-12,-3.009438
1975-01-13,-2.963777
1975-01-14,-2.920712
1975-01-15,-2.880226
1975-01-16,-2.842302
1975-01-17,-2.806923
1975-01-18,-2.774077
1975-01-19,-2.743748
1975-01-20,-2.717722
1975-01-21,-2.695988
1975-01-22,-2.678538
1975-01-23,-2.665363
1975-01-24,-2.656459
1975-01-25,-2.651822
1975-01-26,-2.65145
1975-01-27,-2.654285
1975-01-28,-2.660328
1975-01-29,-2.669582
1975-01-30,-2.68205
1975-01-31,-2.697738
1975-02-01,-2.716651
1975-02-02,-2.733966
1975-02-03,-2.750504
1975-02-04,-2.766274
1975-02-05,-2.78128
1975-02-06,-2.79553
1975-02-07,-2.809029
1975-02-08,-2.821783
1975-02-09,-2.833798
1975-02-10,-2.845147
1975-02-11,-2.855835
1975-02-12,-2.865867
1975-02-13,-2.875246
1975-02-14,-2.883977
1975-02-15,-2.892064
1975-02-16,-2.899509
1975-02-17,-2.905034
1975-02-18,-2.908641
1975-02-19,-2.910331
1975-02-20,-2.910105
1975-02-21,-2.907963
1975-02-22,-2.903905
1975-02-23,-2.897928
1975-02-24,-2.890549
1975-02-25,-2.881766
1975-02-26,-2.871576
1975-02-27,-2.859973
1975-02-28,-2.846954
1975-03-01,-2.832512
1975-03-02,-2.816518
1975-03-03,-2.798816
1975-03-04,-2.779399
1975-03-05,-2.758258
1975-03-06,-2.735386
1975-03-07,-2.710771
1975-03-08,-2.684405
1975-03-09,-2.656276
1975-03-10,-2.627469
1975-03-11,-2.597974
1975-03-12,-2.567777
1975-03-13,-2.536867
1975-03-14,-2.50523
1975-03-15,-2.472853
1975-03-16,-2.439723
1975-03-17,-2.404069
1975-03-18,-2.365875
1975-03-19,-2.325127
1975-03-20,-2.281807
1975-03-21,-2.235897
1975-03-22,-2.187379
1975-03-23,-2.136231
1975-03-24,-2.083003
1975-03-25,-2.027673
1975-03-26,-1.970218
1975-03-27,-1.910614
1975-03-28,-1.848836
1975-03-29,-1.784859
1975-03-30,-1.718656
1975-03-31,-1.651179
1975-04-01,-1.5824
1975-04-02,-1.515925
1975-04-03,-1.451726
1975-04-04,-1.389777
1975-04-05,-1.330052
1975-04-06,-1.272525
1975-04-07,-1.217105
1975-04-08,-1.163768
1975-04-09,-1.112491
1975-04-10,-1.063254
1975-04-11,-1.016036
1975-04-12,-0.970818
1975-04-13,-0.927581
1975-04-14,-0.885033
1975-04-15,-0.843156
1975-04-16,-0.801934
1975-04-17,-0.761348
1975-04-18,-0.721383
1975-04-19,-0.682022
1975-04-20,-0.643249
1975-04-21,-0.606309
1975-04-22,-0.571188
1975-04-23,-0.537871
1975-04-24,-0.506344
1975-04-25,-0.476594
1975-04-26,-0.44861
1975-04-27,-0.422378
1975-04-28,-0.397439
1975-04-29,-0.373781
1975-04-30,-0.351396
1975-05-01,-0.330273
1975-05-02,-0.3102
1975-05-03,-0.29117
1975-05-04,-0.273174
1975-05-05,-0.25575
1975-05-06,-0.238891
1975-05-07,-0.22259
1975-05-08,-0.206839
1975-05-09,-0.191634
1975-05-10,-0.176966
1975-05-11,-0.162831
1975-05-12,-0.148984
1975-05-13,-0.135419
1975-05-14,-0.122132
1975-05-15,-0.109117
1975-05-16,-0.096367
1975-05-17,-0.083879
1975-05-18,-0.071646
1975-05-19,-0.060906
1975-05-20,-0.051655
1975-05-21,-0.043888
1975-05-22,-0.037603
1975-05-23,-0.032796
1975-05-24,-0.029466
1975-05-25,-0.027612
1975-05-26,-0.027118
1975-05-27,-0.027986
1975-05-28,-0.030214
1975-05-29,-0.033805
1975-05-30,-0.038759
1975-05-31,-0.045079
1975-06-01,-0.052768
1975-06-02,-0.056646
1975-06-03,-0.056715
1975-06-04,-0.052976
1975-06-05,-0.045427
1975-06-06,-0.034065
1975-06-07,-0.018885
1975-06-08,0.00012
1975-06-09,0.019162
1975-06-10,0.03825
1975-06-11,0.057392
1975-06-12,0.076595
1975-06-13,0.095868
1975-06-14,0.115218
1975-06-15,0.134654
1975-06-16,0.155602
1975-06-17,0.178072
1975-06-18,0.202073
1975-06-19,0.227614
1975-06-20,0.254707
1975-06-21,0.283362
1975-06-22,0.313591
1975-06-23,0.343722
1975-06-24,0.373766
1975-06-25,0.403737
1975-06-26,0.433646
1975-06-27,0.463506
1975-06-28,0.493329
1975-06-29,0.523128
1975-06-30,0.552986
1975-07-01,0.582915
1975-07-02,0.610552
1975-07-03,0.63591
1975-07-04,0.658997
1975-07-05,0.679825
1975-07-06,0.6984
1975-07-07,0.717361
1975-07-08,0.736714
1975-07-09,0.756467
1975-07-10,0.776629
1975-07-11,0.797208
1975-07-12,0.818213
1975-07-13,0.839651
1975-07-14,0.860495
1975-07-15,0.880752
1975-07-16,0.900432
1975-07-17,0.919542
1975-07-18,0.938091
1975-07-19,0.956085
1975-07-20,0.973533
1975-07-21,0.990903
1975-07-22,1.008203
1975-07-23,1.02544
1975-07-24,1.042621
1975-07-25,1.059753
1975-07-26,1.076844
1975-07-27,1.093899
1975-07-28,1.110546
1975-07-29,1.12679
1975-07-30,1.142638
1975-07-31,1.158096
1975-08-01,1.173172
1975-08-02,1.187043
1975-08-03,1.199716
1975-08-04,1.21143
1975-08-05,1.22219
1975-08-06,1.232
1975-08-07,1.240864
1975-08-08,1.248787
1975-08-09,1.255771
1975-08-10,1.261819
1975-08-11,1.266044
1975-08-12,1.268448
1975-08-13,1.269033
1975-08-14,1.267798
1975-08-15,1.264743
1975-08-16,1.259866
1975-08-17,1.253166
1975-08-18,1.245877
1975-08-19,1.237997
1975-08-20,1.229523
1975-08-21,1.22045
1975-08-22,1.210775
1975-08-23,1.200494
1975-08-24,1.189602
1975-08-25,1.177023
1975-08-26,1.16275
1975-08-27,1.146777
1975-08-28,1.129098
1975-08-29,1.109706
1975-08-30,1.088593
1975-08-31,1.06575
1975-09-01,1.041678
1975-09-02,1.018597
1975-09-03,0.996498
1975-09-04,0.975371
1975-09-05,0.955207
1975-09-06,0.935999
1975-09-07,0.917737
1975-09-08,0.900763
1975-09-09,0.885067
1975-09-10,0.870644
1975-09-11,0.857489
1975-09-12,0.845594
1975-09-13,0.834957
1975-09-14,0.825571
1975-09-15,0.815998
1975-09-16,0.806232
1975-09-17,0.79627
1975-09-18,0.786108
1975-09-19,0.775741
1975-09-20,0.765165
1975-09-21,0.754376
1975-09-22,0.744911
1975-09-23,0.736764
1975-09-24,0.729933
1975-09-25,0.724415
1975-09-26,0.720208
1975-09-27,0.71731
1975-09-28,0.715719
1975-09-29,0.714053
1975-09-30,0.712311
1975-10-01,0.710492
1975-10-02,0.70736
1975-10-03,0.702915
1975-10-04,0.697153
1975-10-05,0.690073
1975-10-06,0.682635
1975-10-07,0.674836
1975-10-08,0.666672
1975-10-09,0.658141
1975-10-10,0.649239
1975-10-11,0.639961
1975-10-12,0.630305
1975-10-13,0.619003
1975-10-14,0.60605
1975-10-15,0.591441
1975-10-16,0.57517
1975-10-17,0.55723
1975-10-18,0.537614
1975-10-19,0.516313
1975-10-20,0.495389
1975-10-21,0.474833
1975-10-22,0.454637
1975-10-23,0.434793
1975-10-24,0.415291
1975-10-25,0.396125
1975-10-26,0.377285
1975-10-27,0.357246
1975-10-28,0.335997
1975-10-29,0.313532
1975-10-30,0.28984
1975-10-31,0.264911
1975-11-01,0.238735
1975-11-02,0.214816
1975-11-03,0.193698
1975-11-04,0.175373
1975-11-05,0.159833
1975-11-06,0.147072
1975-11-07,0.137084
1975-11-08,0.129865
1975-11-09,0.125413
1975-11-10,0.122373
1975-11-11,0.120745
1975-11-12,0.120529
1975-11-13,0.121723
1975-11-14,0.124329
1975-11-15,0.128347
1975-11-16,0.13378
1975-11-17,0.142581
1975-11-18,0.154753
1975-11-19,0.170301
1975-11-20,0.189233
1975-11-21,0.211555
1975-11-22,0.237277
1975-11-23,0.26641
1975-11-24,0.297701
1975-11-25,0.331161
1975-11-26,0.366806
1975-11-27,0.40465
1975-11-28,0.444708
1975-11-29,0.486997
1975-11-30,0.531534
1975-12-01,0.578356
1975-12-02,0.623919
1975-12-03,0.668243
1975-12-04,0.711345
1975-12-05,0.753244
1975-12-06,0.793956
1975-12-07,0.833499
1975-12-08,0.872309
1975-12-09,0.910402
1975-12-10,0.947794
1975-12-11,0.984501
1975-12-12,1.020536
1975-12-13,1.055916
1975-12-14,1.090655
1975-12-15,1.124879
1975-12-16,1.158601
1975-12-17,1.191836
1975-12-18,1.224598
1975-12-19,1.2569
1975-12-20,1.288755
1975-12-21,1.320176
1975-12-22,1.352502
1975-12-23,1.385747
1975-12-24,1.419922
1975-12-25,1.455044
1975-12-26,1.491126
1975-12-27,1.528184
1975-12-28,1.566232
1975-12-29,1.60287
1975-12-30,1.638115
1975-12-31,1.671979
1976-01-01,1.704477
1976-01-02,1.733686
1976-01-03,1.759618
1976-01-04,1.782284
1976-01-05,1.80478
1976-01-06,1.827118
1976-01-07,1.849306
1976-01-08,1.871352
1976-01-09,1.893267
1976-01-10,1.91506
1976-01-11,1.936739
1976-01-12,1.955135
1976-01-13,1.970257
1976-01-14,1.98211
1976-01-15,1.990699
1976-01-16,1.996029
1976-01-17,1.9981
1976-01-18,1.996915
1976-01-19,1.993561
1976-01-20,1.988036
1976-01-21,1.980339
1976-01-22,1.970466
1976-01-23,1.958413
1976-01-24,1.944176
1976-01-25,1.927748
1976-01-26,1.909237
1976-01-27,1.888635
1976-01-28,1.865935
1976-01-29,1.841126
1976-01-30,1.814199
1976-01-31,1.785142
1976-02-01,1.753943
1976-02-02,1.722875
1976-02-03,1.691925
1976-02-04,1.66108
1976-02-05,1.630328
1976-02-06,1.599656
1976-02-07,1.569051
1976-02-08,1.538501
1976-02-09,1.507828
1976-02-10,1.477019
1976-02-11,1.446061
1976-02-12,1.414942
1976-02-13,1.383649
1976-02-14,1.352169
1976-02-15,1.320488
1976-02-16,1.2891
1976-02-17,1.257992
1976-02-18,1.227149
1976-02-19,1.196561
1976-02-20,1.166213
1976-02-21,1.136094
1976-02-22,1.10619
1976-02-23,1.076426
1976-02-24,1.046788
1976-02-25,1.017265
1976-02-26,0.987843
1976-02-27,0.958512
1976-02-28,0.929258
1976-02-29,0.90007
1976-03-01,0.870781
1976-03-02,0.84237
1976-03-03,0.814825
1976-03-04,0.788136
1976-03-05,0.76229
1976-03-06,0.737278
1976-03-07,0.713088
1976-03-08,0.690277
1976-03-09,0.668833
1976-03-10,0.648749
1976-03-11,0.630017
1976-03-12,0.612627
1976-03-13,0.596574
1976-03-14,0.581851
1976-03-15,0.568273
1976-03-16,0.555834
1976-03-17,0.54453
1976-03-18,0.534356
1976-03-19,0.525308
1976-03-20,0.517381
1976-03-21,0.510573
1976-03-22,0.504435
1976-03-23,0.498964
1976-03-24,0.494157
1976-03-25,0.490013
1976-03-26,0.48653
1976-03-27,0.483707
1976-03-28,0.481542
1976-03-29,0.480751
1976-03-30,0.481332
1976-03-31,0.483286
1976-04-01,0.486614
1976-04-02,0.48969
1976-04-03,0.492514
1976-04-04,0.495089
1976-04-05,0.496488
1976-04-06,0.496711
1976-04-07,0.495759
1976-04-08,0.49363
1976-04-09,0.490325
1976-04-10,0.485841
1976-04-11,0.480178
1976-04-12,0.473095
1976-04-13,0.46459
1976-04-14,0.45466
1976-04-15,0.4433
1976-04-16,0.430505
1976-04-17,0.416271
1976-04-18,0.400591
1976-04-19,0.384243
1976-04-20,0.367221
1976-04-21,0.349517
1976-04-22,0.331124
1976-04-23,0.312035
1976-04-24,0.292242
1976-04-25,0.271736
1976-04-26,0.251039
1976-04-27,0.230143
1976-04-28,0.20904
1976-04-29,0.187719
1976-04-30,0.166173
1976-05-01,0.144393
1976-05-02,0.124327
1976-05-03,0.105613
1976-05-04,0.088242
1976-05-05,0.072207
1976-05-06,0.057503
1976-05-07,0.044122
1976-05-08,0.032059
1976-05-09,0.02131
1976-05-10,0.010838
1976-05-11,0.000638
1976-05-12,-0.009293
1976-05-13,-0.01896
1976-05-14,-0.028366
1976-05-15,-0.037516
1976-05-16,-0.046413
1976-05-17,-0.053958
1976-05-18,-0.060154
1976-05-19,-0.065003
1976-05-20,-0.068507
1976-05-21,-0.070668
1976-05-22,-0.071487
1976-05-23,-0.070964
1976-05-24,-0.069265
1976-05-25,-0.06639
1976-05-26,-0.062337
1976-05-27,-0.057105
1976-05-28,-0.050691
1976-05-29,-0.043094
1976-05-30,-0.034309
1976-05-31,-0.025577
1976-06-01,-0.016895
1976-06-02,-0.009144
1976-06-03,-0.00232
1976-06-04,0.003579
1976-06-05,0.008555
1976-06-06,0.012612
1976-06-07,0.017754
1976-06-08,0.023985
1976-06-09,0.031308
1976-06-10,0.039724
1976-06-11,0.049238
1976-06-12,0.059854
1976-06-13,0.071576
1976-06-14,0.08296
1976-06-15,0.094013
1976-06-16,0.104737
1976-06-17,0.115138
1976-06-18,0.12522
1976-06-19,0.134987
1976-06-20,0.144444
1976-06-21,0.153412
1976-06-22,0.161896
1976-06-23,0.169898
1976-06-24,0.177424
1976-06-25,0.184474
1976-06-26,0.191053
1976-06-27,0.197163
1976-06-28,0.203653
1976-06-29,0.210525
1976-06-30,0.217782
1976-07-01,0.225428
1976-07-02,0.233157
1976-07-03,0.240973
1976-07-04,0.248879
1976-07-05,0.255587
1976-07-06,0.261102
1976-07-07,0.265424
1976-07-08,0.268555
1976-07-09,0.270498
1976-07-10,0.271252
1976-07-11,0.270818
1976-07-12,0.27169
1976-07-13,0.273868
1976-07-14,0.277354
1976-07-15,0.282148
1976-07-16,0.288253
1976-07-17,0.295671
1976-07-18,0.304405
1976-07-19,0.312434
1976-07-20,0.319761
1976-07-21,0.326389
1976-07-22,0.332321
1976-07-23,0.33756
1976-07-24,0.342107
1976-07-25,0.345964
1976-07-26,0.349394
1976-07-27,0.352396
1976-07-28,0.354973
1976-07-29,0.357125
1976-07-30,0.358854
1976-07-31,0.36016
1976-08-01,0.361043
1976-08-02,0.361194
1976-08-03,0.360611
1976-08-04,0.359294
1976-08-05,0.357244
1976-08-06,0.354459
1976-08-07,0.350937
1976-08-08,0.346679
1976-08-09,0.342296
1976-08-10,0.337788
1976-08-11,0.333153
1976-08-12,0.328388
1976-08-13,0.323492
1976-08-14,0.318462
1976-08-15,0.313297
1976-08-16,0.308625
1976-08-17,0.304443
1976-08-18,0.300749
1976-08-19,0.297543
1976-08-20,0.294823
1976-08-21,0.292587
1976-08-22,0.290835
1976-08-23,0.288505
1976-08-24,0.285596
1976-08-25,0.282107
1976-08-26,0.278036
1976-08-27,0.273382
1976-08-28,0.268143
1976-08-29,0.262316
1976-08-30,0.257372
1976-08-31,0.25331
1976-09-01,0.250126
1976-09-02,0.247078
1976-09-03,0.244164
1976-09-04,0.241382
1976-09-05,0.238733
1976-09-06,0.233317
1976-09-07,0.225135
1976-09-08,0.214181
1976-09-09,0.200452
1976-09-10,0.183941
1976-09-11,0.164643
1976-09-12,0.142549
1976-09-13,0.1202
1976-09-14,0.097586
1976-09-15,0.074699
1976-09-16,0.051528
1976-09-17,0.028065
1976-09-18,0.004299
1976-09-19,-0.019779
1976-09-20,-0.044176
1976-09-21,-0.068902
1976-09-22,-0.093968
1976-09-23,-0.119383
1976-09-24,-0.145159
1976-09-25,-0.171305
1976-09-26,-0.197834
1976-09-27,-0.226327
1976-09-28,-0.256798
1976-09-29,-0.289259
1976-09-30,-0.323722
1976-10-01,-0.360204
1976-10-02,-0.393482
1976-10-03,-0.423573
1976-10-04,-0.449716
1976-10-05,-0.471923
1976-10-06,-0.490202
1976-10-07,-0.504561
1976-10-08,-0.515005
1976-10-09,-0.521541
1976-10-10,-0.524169
1976-10-11,-0.523385
1976-10-12,-0.519187
1976-10-13,-0.511576
1976-10-14,-0.500546
1976-10-15,-0.486095
1976-10-16,-0.468215
1976-10-17,-0.446899
1976-10-18,-0.421502
1976-10-19,-0.392013
1976-10-20,-0.358419
1976-10-21,-0.320706
1976-10-22,-0.27886
1976-10-23,-0.232863
1976-10-24,-0.182695
1976-10-25,-0.128336
1976-10-26,-0.069763
1976-10-27,-0.006953
1976-10-28,0.060122
1976-10-29,0.131488
1976-10-30,0.207175
1976-10-31,0.287215
1976-11-01,0.370399
1976-11-02,0.449673
1976-11-03,0.525069
1976-11-04,0.596619
1976-11-05,0.664352
1976-11-06,0.728296
1976-11-07,0.788477
1976-11-08,0.845706
1976-11-09,0.900006
1976-11-10,0.951399
1976-11-11,0.999907
1976-11-12,1.045549
1976-11-13,1.088345
1976-11-14,1.128313
1976-11-15,1.16693
1976-11-16,1.204213
1976-11-17,1.240178
1976-11-18,1.274839
1976-11-19,1.308211
1976-11-20,1.340307
1976-11-21,1.371141
1976-11-22,1.398258
1976-11-23,1.42167
1976-11-24,1.441385
1976-11-25,1.457412
1976-11-26,1.469758
1976-11-27,1.478428
1976-11-28,1.483425
1976-11-29,1.48724
1976-11-30,1.489875
1976-12-01,1.49133
1976-12-02,1.49193
1976-12-03,1.491675
1976-12-04,1.490565
1976-12-05,1.488599
1976-12-06,1.484363
1976-12-07,1.477855
1976-12-08,1.469073
1976-12-09,1.458013
1976-12-10,1.444671
1976-12-11,1.42904
1976-12-12,1.411114
1976-12-13,1.389831
1976-12-14,1.365182
1976-12-15,1.337156
1976-12-16,1.305741
1976-12-17,1.270925
1976-12-18,1.232694
1976-12-19,1.191031
1976-12-20,1.145765
1976-12-21,1.096877
1976-12-22,1.044346
1976-12-23,0.988152
1976-12-24,0.928271
1976-12-25,0.864677
1976-12-26,0.797346
1976-12-27,0.729714
1976-12-28,0.661755
1976-12-29,0.593439
1976-12-30,0.524739
1976-12-31,0.455626
1977-01-01,0.386072
1977-01-02,0.322234
1977-01-03,0.263597
1977-01-04,0.210136
1977-01-05,0.16183
1977-01-06,0.118657
1977-01-07,0.080601
1977-01-08,0.047646
1977-01-09,0.019777
1977-01-10,-0.006776
1977-01-11,-0.032024
1977-01-12,-0.055978
1977-01-13,-0.078648
1977-01-14,-0.100043
1977-01-15,-0.120172
1977-01-16,-0.139043
1977-01-17,-0.152099
1977-01-18,-0.159345
1977-01-19,-0.160785
1977-01-20,-0.156418
1977-01-21,-0.146243
1977-01-22,-0.130256
1977-01-23,-0.108451
1977-01-24,-0.083259
1977-01-25,-0.054671
1977-01-26,-0.022674
1977-01-27,0.012744
1977-01-28,0.051597
1977-01-29,0.093903
1977-01-30,0.139679
1977-01-31,0.195452
1977-02-01,0.261244
1977-02-02,0.331925
1977-02-03,0.407524
1977-02-04,0.488073
1977-02-05,0.573604
1977-02-06,0.664153
1977-02-07,0.749595
1977-02-08,0.829964
1977-02-09,0.905294
1977-02-10,0.975617
1977-02-11,1.04096
1977-02-12,1.101351
1977-02-13,1.156816
1977-02-14,1.207773
1977-02-15,1.254245
1977-02-16,1.29625
1977-02-17,1.333805
1977-02-18,1.366927
1977-02-19,1.395629
1977-02-20,1.419923
1977-02-21,1.441597
1977-02-22,1.460659
1977-02-23,1.477118
1977-02-24,1.490981
1977-02-25,1.502252
1977-02-26,1.510938
1977-02-27,1.517041
1977-02-28,1.522147
1977-03-01,1.526259
1977-03-02,1.529555
1977-03-03,1.532037
1977-03-04,1.533704
1977-03-05,1.534559
1977-03-06,1.534602
1977-03-07,1.533606
1977-03-08,1.531571
1977-03-09,1.528496
1977-03-10,1.524381
1977-03-11,1.519223
1977-03-12,1.51302
1977-03-13,1.505769
1977-03-14,1.498356
1977-03-15,1.490777
1977-03-16,1.483028
1977-03-17,1.475107
1977-03-18,1.46701
1977-03-19,1.458734
1977-03-20,1.450276
1977-03-21,1.440426
1977-03-22,1.42918
1977-03-23,1.416534
1977-03-24,1.402483
1977-03-25,1.38702
1977-03-26,1.37014
1977-03-27,1.351835
1977-03-28,1.332385
1977-03-29,1.311781
1977-03-30,1.290015
1977-03-31,1.267077
1977-04-01,1.242959
1977-04-02,1.219023
1977-04-03,1.195259
1977-04-04,1.173072
1977-04-05,1.152453
1977-04-06,1.133393
1977-04-07,1.115885
1977-04-08,1.099921
1977-04-09,1.085494
1977-04-10,1.072599
1977-04-11,1.059405
1977-04-12,1.045906
1977-04-13,1.032097
1977-04-14,1.017972
1977-04-15,1.003525
1977-04-16,0.98875
1977-04-17,0.973642
1977-04-18,0.959469
1977-04-19,0.946227
1977-04-20,0.933909
1977-04-21,0.922511
1977-04-22,0.912028
1977-04-23,0.902456
1977-04-24,0.89379
1977-04-25,0.885406
1977-04-26,0.8773
1977-04-27,0.86947
1977-04-28,0.861912
1977-04-29,0.854622
1977-04-30,0.847598
1977-05-01,0.840837
1977-05-02,0.835052
1977-05-03,0.830239
1977-05-04,0.826397
1977-05-05,0.823525
1977-05-06,0.821621
1977-05-07,0.820684
1977-05-08,0.820714
1977-05-09,0.821181
1977-05-10,0.822085
1977-05-11,0.823427
1977-05-12,0.825208
1977-05-13,0.827427
1977-05-14,0.830087
1977-05-15,0.833187
1977-05-16,0.836594
1977-05-17,0.840308
1977-05-18,0.844333
1977-05-19,0.848668
1977-05-20,0.853316
1977-05-21,0.858279
1977-05-22,0.863559
1977-05-23,0.869696
1977-05-24,0.876691
1977-05-25,0.884547
1977-05-26,0.893269
1977-05-27,0.90286
1977-05-28,0.913322
1977-05-29,0.924662
1977-05-30,0.935819
1977-05-31,0.946798
1977-06-01,0.957603
1977-06-02,0.966758
1977-06-03,0.974267
1977-06-04,0.980132
1977-06-05,0.984356
1977-06-06,0.987509
1977-06-07,0.989593
1977-06-08,0.990608
1977-06-09,0.990554
1977-06-10,0.989432
1977-06-11,0.987241
1977-06-12,0.983981
1977-06-13,0.979911
1977-06-14,0.97503
1977-06-15,0.969337
1977-06-16,0.962828
1977-06-17,0.955501
1977-06-18,0.947353
1977-06-19,0.938381
1977-06-20,0.928799
1977-06-21,0.918605
1977-06-22,0.907793
1977-06-23,0.89636
1977-06-24,0.8843
1977-06-25,0.871609
1977-06-26,0.858281
1977-06-27,0.843363
1977-06-28,0.826848
1977-06-29,0.808731
1977-06-30,0.789002
1977-07-01,0.767654
1977-07-02,0.745945
1977-07-03,0.723864
1977-07-04,0.702539
1977-07-05,0.681962
1977-07-06,0.662124
1977-07-07,0.643016
1977-07-08,0.624632
1977-07-09,0.606962
1977-07-10,0.59
1977-07-11,0.573468
1977-07-12,0.557359
1977-07-13,0.541667
1977-07-14,0.526384
1977-07-15,0.511505
1977-07-16,0.497023
1977-07-17,0.482933
1977-07-18,0.468953
1977-07-19,0.455078
1977-07-20,0.441301
1977-07-21,0.427618
1977-07-22,0.414022
1977-07-23,0.400508
1977-07-24,0.38707
1977-07-25,0.373736
1977-07-26,0.360501
1977-07-27,0.347359
1977-07-28,0.334306
1977-07-29,0.321334
1977-07-30,0.30844
1977-07-31,0.295617
1977-08-01,0.283436
1977-08-02,0.273058
1977-08-03,0.26448
1977-08-04,0.257697
1977-08-05,0.252706
1977-08-06,0.249507
1977-08-07,0.248096
1977-08-08,0.247048
1977-08-09,0.246363
1977-08-10,0.246039
1977-08-11,0.246077
1977-08-12,0.246478
1977-08-13,0.24724
1977-08-14,0.248364
1977-08-15,0.251046
1977-08-16,0.255286
1977-08-17,0.261086
1977-08-18,0.268449
1977-08-19,0.277377
1977-08-20,0.287875
1977-08-21,0.299946
1977-08-22,0.313164
1977-08-23,0.327534
1977-08-24,0.343063
1977-08-25,0.359756
1977-08-26,0.377621
1977-08-27,0.396665
1977-08-28,0.416896
1977-08-29,0.43883
1977-08-30,0.462476
1977-08-31,0.487844
1977-09-01,0.514944
1977-09-02,0.540853
1977-09-03,0.565582
1977-09-04,0.58914
1977-09-05,0.610486
1977-09-06,0.629628
1977-09-07,0.646575
1977-09-08,0.661333
1977-09-09,0.673908
1977-09-10,0.684306
1977-09-11,0.692532
1977-09-12,0.699386
1977-09-13,0.704874
1977-09-14,0.708997
1977-09-15,0.711756
1977-09-16,0.713153
1977-09-17,0.713189
1977-09-18,0.711863
1977-09-19,0.709851
1977-09-20,0.707154
1977-09-21,0.703769
1977-09-22,0.699695
1977-09-23,0.694931
1977-09-24,0.689475
1977-09-25,0.683324
1977-09-26,0.674242
1977-09-27,0.662226
1977-09-28,0.64727
1977-09-29,0.629368
1977-09-30,0.608513
1977-10-01,0.584696
1977-10-02,0.560421
1977-10-03,0.537827
1977-10-04,0.516906
1977-10-05,0.497649
1977-10-06,0.480049
1977-10-07,0.464097
1977-10-08,0.449788
1977-10-09,0.437115
1977-10-10,0.425003
1977-10-11,0.413447
1977-10-12,0.402441
1977-10-13,0.391982
1977-10-14,0.382065
1977-10-15,0.372685
1977-10-16,0.36384
1977-10-17,0.356589
1977-10-18,0.350931
1977-10-19,0.346862
1977-10-20,0.344382
1977-10-21,0.343489
1977-10-22,0.344183
1977-10-23,0.346463
1977-10-24,0.348418
1977-10-25,0.350049
1977-10-26,0.351355
1977-10-27,0.352338
1977-10-28,0.352998
1977-10-29,0.353335
1977-10-30,0.353349
1977-10-31,0.354946
1977-11-01,0.358126
1977-11-02,0.361872
1977-11-03,0.366185
1977-11-04,0.371067
1977-11-05,0.37652
1977-11-06,0.382546
1977-11-07,0.386968
1977-11-08,0.389786
1977-11-09,0.391003
1977-11-10,0.390619
1977-11-11,0.388634
1977-11-12,0.385046
1977-11-13,0.379855
1977-11-14,0.375627
1977-11-15,0.372361
1977-11-16,0.370056
1977-11-17,0.368711
1977-11-18,0.368325
1977-11-19,0.368898
1977-11-20,0.37043
1977-11-21,0.371512
1977-11-22,0.372145
1977-11-23,0.372329
1977-11-24,0.372064
1977-11-25,0.37135
1977-11-26,0.370186
1977-11-27,0.368572
1977-11-28,0.367354
1977-11-29,0.366532
1977-11-30,0.366105
1977-12-01,0.366073
1977-12-02,0.364237
1977-12-03,0.360596
1977-12-04,0.355148
1977-12-05,0.347183
1977-12-06,0.336695
1977-12-07,0.323682
1977-12-08,0.308137
1977-12-09,0.290054
1977-12-10,0.269426
1977-12-11,0.246244
1977-12-12,0.220387
1977-12-13,0.191846
1977-12-14,0.160607
1977-12-15,0.126658
1977-12-16,0.089985
1977-12-17,0.050573
1977-12-18,0.008406
1977-12-19,-0.037022
1977-12-20,-0.08573
1977-12-21,-0.137736
1977-12-22,-0.193064
1977-12-23,-0.251735
1977-12-24,-0.313774
1977-12-25,-0.379208
1977-12-26,-0.446554
1977-12-27,-0.515842
1977-12-28,-0.587101
1977-12-29,-0.660358
1977-12-30,-0.735646
1977-12-31,-0.812994
1978-01-01,-0.892435
1978-01-02,-0.966977
1978-01-03,-1.036651
1978-01-04,-1.101485
1978-01-05,-1.161507
1978-01-06,-1.216741
1978-01-07,-1.267209
1978-01-08,-1.312934
1978-01-09,-1.353313
1978-01-10,-1.388364
1978-01-11,-1.418101
1978-01-12,-1.442537
1978-01-13,-1.461681
1978-01-14,-1.475542
1978-01-15,-1.484125
1978-01-16,-1.486903
1978-01-17,-1.483879
1978-01-18,-1.475051
1978-01-19,-1.460415
1978-01-20,-1.439965
1978-01-21,-1.413693
1978-01-22,-1.381588
1978-01-23,-1.343511
1978-01-24,-1.299448
1978-01-25,-1.249381
1978-01-26,-1.193288
1978-01-27,-1.131146
1978-01-28,-1.062929
1978-01-29,-0.98861
1978-01-30,-0.90872
1978-01-31,-0.823224
1978-02-01,-0.732088
1978-02-02,-0.643219
1978-02-03,-0.556578
1978-02-04,-0.472131
1978-02-05,-0.389843
1978-02-06,-0.3089
1978-02-07,-0.229269
1978-02-08,-0.150917
1978-02-09,-0.073811
1978-02-10,0.002079
1978-02-11,0.076787
1978-02-12,0.150342
1978-02-13,0.22478
1978-02-14,0.300131
1978-02-15,0.376426
1978-02-16,0.453698
1978-02-17,0.531977
1978-02-18,0.611296
1978-02-19,0.691689
1978-02-20,0.768184
1978-02-21,0.840813
1978-02-22,0.909607
1978-02-23,0.974592
1978-02-24,1.035798
1978-02-25,1.093248
1978-02-26,1.146967
1978-02-27,1.198843
1978-02-28,1.2489
1978-03-01,1.297157
1978-03-02,1.344645
1978-03-03,1.391386
1978-03-04,1.437397
1978-03-05,1.482698
1978-03-06,1.528225
1978-03-07,1.573996
1978-03-08,1.620031
1978-03-09,1.666348
1978-03-10,1.712967
1978-03-11,1.759907
1978-03-12,1.807187
1978-03-13,1.854148
1978-03-14,1.90081
1978-03-15,1.947192
1978-03-16,1.993313
1978-03-17,2.039191
1978-03-18,2.084847
1978-03-19,2.130299
1978-03-20,2.175588
1978-03-21,2.220732
1978-03-22,2.26575
1978-03-23,2.310661
1978-03-24,2.355484
1978-03-25,2.400236
1978-03-26,2.444937
1978-03-27,2.490076
1978-03-28,2.535671
1978-03-29,2.581742
1978-03-30,2.628308
1978-03-31,2.675387
1978-04-01,2.723
1978-04-02,2.766165
1978-04-03,2.805558
1978-04-04,2.841196
1978-04-05,2.873093
1978-04-06,2.901262
1978-04-07,2.925716
1978-04-08,2.946463
1978-04-09,2.963514
1978-04-10,2.974742
1978-04-11,2.980152
1978-04-12,2.979746
1978-04-13,2.973524
1978-04-14,2.961484
1978-04-15,2.943621
1978-04-16,2.919926
1978-04-17,2.892403
1978-04-18,2.861039
1978-04-19,2.825821
1978-04-20,2.786735
1978-04-21,2.743764
1978-04-22,2.696891
1978-04-23,2.646097
1978-04-24,2.591108
1978-04-25,2.531899
1978-04-26,2.468448
1978-04-27,2.400728
1978-04-28,2.328711
1978-04-29,2.252366
1978-04-30,2.171664
1978-05-01,2.086741
1978-05-02,2.005694
1978-05-03,1.928488
1978-05-04,1.855091
1978-05-05,1.785473
1978-05-06,1.719605
1978-05-07,1.65746
1978-05-08,1.597986
1978-05-09,1.541158
1978-05-10,1.486953
1978-05-11,1.435348
1978-05-12,1.386322
1978-05-13,1.339854
1978-05-14,1.295927
1978-05-15,1.255553
1978-05-16,1.218715
1978-05-17,1.1854
1978-05-18,1.155593
1978-05-19,1.129281
1978-05-20,1.106455
1978-05-21,1.087103
1978-05-22,1.069958
1978-05-23,1.055012
1978-05-24,1.04226
1978-05-25,1.031695
1978-05-26,1.023313
1978-05-27,1.017111
1978-05-28,1.013087
1978-05-29,1.011578
1978-05-30,1.012582
1978-05-31,1.016101
1978-06-01,1.022136
1978-06-02,1.025735
1978-06-03,1.0269
1978-06-04,1.025631
1978-06-05,1.023221
1978-06-06,1.019669
1978-06-07,1.014974
1978-06-08,1.009134
1978-06-09,1.002146
1978-06-10,0.994008
1978-06-11,0.984715
1978-06-12,0.973112
1978-06-13,0.959192
1978-06-14,0.942951
1978-06-15,0.924381
1978-06-16,0.903475
1978-06-17,0.880224
1978-06-18,0.854618
1978-06-19,0.827027
1978-06-20,0.797439
1978-06-21,0.765842
1978-06-22,0.732223
1978-06-23,0.696567
1978-06-24,0.658861
1978-06-25,0.619088
1978-06-26,0.577835
1978-06-27,0.535086
1978-06-28,0.490822
1978-06-29,0.445026
1978-06-30,0.397678
1978-07-01,0.348759
1978-07-02,0.303259
1978-07-03,0.260697
1978-07-04,0.221056
1978-07-05,0.184319
1978-07-06,0.150471
1978-07-07,0.119497
1978-07-08,0.091386
1978-07-09,0.066125
1978-07-10,0.043154
1978-07-11,0.022463
1978-07-12,0.004043
1978-07-13,-0.012112
1978-07-14,-0.02601
1978-07-15,-0.037657
1978-07-16,-0.047057
1978-07-17,-0.054181
1978-07-18,-0.059032
1978-07-19,-0.061612
1978-07-20,-0.061921
1978-07-21,-0.05996
1978-07-22,-0.055729
1978-07-23,-0.049224
1978-07-24,-0.040443
1978-07-25,-0.029381
1978-07-26,-0.016034
1978-07-27,-0.000396
1978-07-28,0.017539
1978-07-29,0.037779
1978-07-30,0.060332
1978-07-31,0.086209
1978-08-01,0.115422
1978-08-02,0.144042
1978-08-03,0.17208
1978-08-04,0.19955
1978-08-05,0.226461
1978-08-06,0.252825
1978-08-07,0.277344
1978-08-08,0.300029
1978-08-09,0.32089
1978-08-10,0.339934
1978-08-11,0.35717
1978-08-12,0.372605
1978-08-13,0.386245
1978-08-14,0.398094
1978-08-15,0.408158
1978-08-16,0.41644
1978-08-17,0.422944
1978-08-18,0.427672
1978-08-19,0.430627
1978-08-20,0.43181
1978-08-21,0.431255
1978-08-22,0.428962
1978-08-23,0.42493
1978-08-24,0.419157
1978-08-25,0.411641
1978-08-26,0.402379
1978-08-27,0.391367
1978-08-28,0.378132
1978-08-29,0.362668
1978-08-30,0.344968
1978-08-31,0.325026
1978-09-01,0.302832
1978-09-02,0.281377
1978-09-03,0.260651
1978-09-04,0.242587
1978-09-05,0.227179
1978-09-06,0.214419
1978-09-07,0.204303
1978-09-08,0.196826
1978-09-09,0.191985
1978-09-10,0.189778
1978-09-11,0.188475
1978-09-12,0.188076
1978-09-13,0.188579
1978-09-14,0.189986
1978-09-15,0.192296
1978-09-16,0.195511
1978-09-17,0.199633
1978-09-18,0.205369
1978-09-19,0.212721
1978-09-20,0.221693
1978-09-21,0.232288
1978-09-22,0.244511
1978-09-23,0.258367
1978-09-24,0.273862
1978-09-25,0.290744
1978-09-26,0.309022
1978-09-27,0.328703
1978-09-28,0.349794
1978-09-29,0.372305
1978-09-30,0.396245
1978-10-01,0.421623
1978-10-02,0.447202
1978-10-03,0.472993
1978-10-04,0.499005
1978-10-05,0.52525
1978-10-06,0.551738
1978-10-07,0.578481
1978-10-08,0.605489
1978-10-09,0.630484
1978-10-10,0.653475
1978-10-11,0.674472
1978-10-12,0.693483
1978-10-13,0.710517
1978-10-14,0.725581
1978-10-15,0.738681
1978-10-16,0.752006
1978-10-17,0.765562
1978-10-18,0.779355
1978-10-19,0.79339
1978-10-20,0.807674
1978-10-21,0.822211
1978-10-22,0.837009
1978-10-23,0.850129
1978-10-24,0.861578
1978-10-25,0.87136
1978-10-26,0.879479
1978-10-27,0.885938
1978-10-28,0.89074
1978-10-29,0.893887
1978-10-30,0.896394
1978-10-31,0.89826
1978-11-01,0.899488
1978-11-02,0.899982
1978-11-03,0.899743
1978-11-04,0.898771
1978-11-05,0.897065
1978-11-06,0.893995
1978-11-07,0.88956
1978-11-08,0.883757
1978-11-09,0.876585
1978-11-10,0.868039
1978-11-11,0.858118
1978-11-12,0.846816
1978-11-13,0.8364
1978-11-14,0.826866
1978-11-15,0.818209
1978-11-16,0.810425
1978-11-17,0.803512
1978-11-18,0.797467
1978-11-19,0.792287
1978-11-20,0.787064
1978-11-21,0.781793
1978-11-22,0.776475
1978-11-23,0.771106
1978-11-24,0.765684
1978-11-25,0.760207
1978-11-26,0.754673
1978-11-27,0.749138
1978-11-28,0.743601
1978-11-29,0.738058
1978-11-30,0.732508
1978-12-01,0.726949
1978-12-02,0.721094
1978-12-03,0.714941
1978-12-04,0.706209
1978-12-05,0.694894
1978-12-06,0.680991
1978-12-07,0.664495
1978-12-08,0.645399
1978-12-09,0.623696
1978-12-10,0.599375
1978-12-11,0.573991
1978-12-12,0.547535
1978-12-13,0.519994
1978-12-14,0.491358
1978-12-15,0.461615
1978-12-16,0.430752
1978-12-17,0.398757
1978-12-18,0.365685
1978-12-19,0.331521
1978-12-20,0.296254
1978-12-21,0.259866
1978-12-22,0.222345
1978-12-23,0.183673
1978-12-24,0.143835
1978-12-25,0.102834
1978-12-26,0.060654
1978-12-27,0.017277
1978-12-28,-0.027316
1978-12-29,-0.073142
1978-12-30,-0.120221
1978-12-31,-0.168571
1979-01-01,-0.218467
1979-01-02,-0.265589
1979-01-03,-0.309956
1979-01-04,-0.351587
1979-01-05,-0.390499
1979-01-06,-0.426708
1979-01-07,-0.460229
1979-01-08,-0.489662
1979-01-09,-0.515019
1979-01-10,-0.53631
1979-01-11,-0.553544
1979-01-12,-0.566728
1979-01-13,-0.575868
1979-01-14,-0.580968
1979-01-15,-0.585954
1979-01-16,-0.59083
1979-01-17,-0.595597
1979-01-18,-0.600257
1979-01-19,-0.604812
1979-01-20,-0.609264
1979-01-21,-0.613615
1979-01-22,-0.615231
1979-01-23,-0.614113
1979-01-24,-0.610261
1979-01-25,-0.603672
1979-01-26,-0.594345
1979-01-27,-0.582276
1979-01-28,-0.567458
1979-01-29,-0.549826
1979-01-30,-0.52937
1979-01-31,-0.506084
1979-02-01,-0.479957
1979-02-02,-0.45328
1979-02-03,-0.426044
1979-02-04,-0.398237
1979-02-05,-0.369594
1979-02-06,-0.340105
1979-02-07,-0.309756
1979-02-08,-0.278536
1979-02-09,-0.246431
1979-02-10,-0.213428
1979-02-11,-0.179513
1979-02-12,-0.14477
1979-02-13,-0.109183
1979-02-14,-0.072739
1979-02-15,-0.035422
1979-02-16,0.002783
1979-02-17,0.041893
1979-02-18,0.081923
1979-02-19,0.122255
1979-02-20,0.162905
1979-02-21,0.20389
1979-02-22,0.245228
1979-02-23,0.286935
1979-02-24,0.329029
1979-02-25,0.371527
1979-02-26,0.414561
1979-02-27,0.458149
1979-02-28,0.502309
1979-03-01,0.54706
1979-03-02,0.58619
1979-03-03,0.619716
1979-03-04,0.647652
1979-03-05,0.670609
1979-03-06,0.688596
1979-03-07,0.701621
1979-03-08,0.70969
1979-03-09,0.712805
1979-03-10,0.710968
1979-03-11,0.704178
1979-03-12,0.691897
1979-03-13,0.674118
1979-03-14,0.650835
1979-03-15,0.622038
1979-03-16,0.587716
1979-03-17,0.547853
1979-03-18,0.502434
1979-03-19,0.451311
1979-03-20,0.394462
1979-03-21,0.331863
1979-03-22,0.26349
1979-03-23,0.189313
1979-03-24,0.109302
1979-03-25,0.023424
1979-03-26,-0.067845
1979-03-27,-0.164542
1979-03-28,-0.266707
1979-03-29,-0.374384
1979-03-30,-0.487615
1979-03-31,-0.606448
1979-04-01,-0.730933
1979-04-02,-0.843193
1979-04-03,-0.943274
1979-04-04,-1.031219
1979-04-05,-1.107063
1979-04-06,-1.170838
1979-04-07,-1.22257
1979-04-08,-1.262281
1979-04-09,-1.294985
1979-04-10,-1.320696
1979-04-11,-1.339424
1979-04-12,-1.351177
1979-04-13,-1.355961
1979-04-14,-1.353777
1979-04-15,-1.344623
1979-04-16,-1.331467
1979-04-17,-1.314302
1979-04-18,-1.293122
1979-04-19,-1.267917
1979-04-20,-1.238678
1979-04-21,-1.205392
1979-04-22,-1.168045
1979-04-23,-1.124515
1979-04-24,-1.074783
1979-04-25,-1.01883
1979-04-26,-0.956633
1979-04-27,-0.888164
1979-04-28,-0.813397
1979-04-29,-0.7323
1979-04-30,-0.643819
1979-05-01,-0.547919
1979-05-02,-0.456577
1979-05-03,-0.369755
1979-05-04,-0.287418
1979-05-05,-0.20953
1979-05-06,-0.136061
1979-05-07,-0.067153
1979-05-08,-0.002776
1979-05-09,0.057096
1979-05-10,0.112487
1979-05-11,0.16342
1979-05-12,0.209916
1979-05-13,0.251996
1979-05-14,0.290192
1979-05-15,0.324522
1979-05-16,0.354999
1979-05-17,0.381636
1979-05-18,0.404444
1979-05-19,0.423432
1979-05-20,0.438609
1979-05-21,0.450039
1979-05-22,0.457727
1979-05-23,0.461676
1979-05-24,0.461888
1979-05-25,0.458364
1979-05-26,0.4511
1979-05-27,0.440096
1979-05-28,0.42462
1979-05-29,0.404667
1979-05-30,0.380229
1979-05-31,0.351296
1979-06-01,0.317855
1979-06-02,0.284314
1979-06-03,0.250658
1979-06-04,0.218724
1979-06-05,0.188498
1979-06-06,0.159969
1979-06-07,0.133123
1979-06-08,0.107951
1979-06-09,0.084442
1979-06-10,0.062585
1979-06-11,0.040454
1979-06-12,0.018038
1979-06-13,-0.004672
1979-06-14,-0.027684
1979-06-15,-0.051009
1979-06-16,-0.074656
1979-06-17,-0.098635
1979-06-18,-0.121101
1979-06-19,-0.142062
1979-06-20,-0.161529
1979-06-21,-0.179508
1979-06-22,-0.196007
1979-06-23,-0.211034
1979-06-24,-0.224593
1979-06-25,-0.238381
1979-06-26,-0.252401
1979-06-27,-0.266661
1979-06-28,-0.281167
1979-06-29,-0.295923
1979-06-30,-0.310937
1979-07-01,-0.326214
1979-07-02,-0.341281
1979-07-03,-0.356144
1979-07-04,-0.37081
1979-07-05,-0.385284
1979-07-06,-0.399572
1979-07-07,-0.41368
1979-07-08,-0.427615
1979-07-09,-0.441348
1979-07-10,-0.454885
1979-07-11,-0.468233
1979-07-12,-0.481396
1979-07-13,-0.49438
1979-07-14,-0.50719
1979-07-15,-0.519832
1979-07-16,-0.531106
1979-07-17,-0.541017
1979-07-18,-0.54957
1979-07-19,-0.556767
1979-07-20,-0.562612
1979-07-21,-0.567107
1979-07-22,-0.570254
1979-07-23,-0.573646
1979-07-24,-0.577285
1979-07-25,-0.581172
1979-07-26,-0.585309
1979-07-27,-0.589697
1979-07-28,-0.594339
1979-07-29,-0.599236
1979-07-30,-0.60283
1979-07-31,-0.605122
1979-08-01,-0.606113
1979-08-02,-0.605759
1979-08-03,-0.604058
1979-08-04,-0.60101
1979-08-05,-0.596614
1979-08-06,-0.593175
1979-08-07,-0.590691
1979-08-08,-0.589162
1979-08-09,-0.588586
1979-08-10,-0.588964
1979-08-11,-0.590295
1979-08-12,-0.592581
1979-08-13,-0.594637
1979-08-14,-0.596465
1979-08-15,-0.598066
1979-08-16,-0.59944
1979-08-17,-0.600588
1979-08-18,-0.601509
1979-08-19,-0.602206
1979-08-20,-0.602586
1979-08-21,-0.602652
1979-08-22,-0.602402
1979-08-23,-0.601836
1979-08-24,-0.600954
1979-08-25,-0.599757
1979-08-26,-0.598243
1979-08-27,-0.596587
1979-08-28,-0.594788
1979-08-29,-0.592847
1979-08-30,-0.590761
1979-08-31,-0.58853
1979-09-01,-0.586154
1979-09-02,-0.583301
1979-09-03,-0.580418
1979-09-04,-0.577505
1979-09-05,-0.574559
1979-09-06,-0.57158
1979-09-07,-0.568567
1979-09-08,-0.565519
1979-09-09,-0.562433
1979-09-10,-0.558554
1979-09-11,-0.55388
1979-09-12,-0.54841
1979-09-13,-0.542141
1979-09-14,-0.53507
1979-09-15,-0.527195
1979-09-16,-0.518512
1979-09-17,-0.509094
1979-09-18,-0.498938
1979-09-19,-0.48804
1979-09-20,-0.476394
1979-09-21,-0.463996
1979-09-22,-0.450842
1979-09-23,-0.436924
1979-09-24,-0.422313
1979-09-25,-0.407003
1979-09-26,-0.390987
1979-09-27,-0.374259
1979-09-28,-0.356811
1979-09-29,-0.338637
1979-09-30,-0.319728
1979-10-01,-0.299163
1979-10-02,-0.27895
1979-10-03,-0.25908
1979-10-04,-0.239546
1979-10-05,-0.220339
1979-10-06,-0.201451
1979-10-07,-0.182876
1979-10-08,-0.166409
1979-10-09,-0.152045
1979-10-10,-0.139779
1979-10-11,-0.129603
1979-10-12,-0.121515
1979-10-13,-0.115512
1979-10-14,-0.11159
1979-10-15,-0.108326
1979-10-16,-0.10572
1979-10-17,-0.10377
1979-10-18,-0.102475
1979-10-19,-0.101835
1979-10-20,-0.10185
1979-10-21,-0.102519
1979-10-22,-0.104774
1979-10-23,-0.108615
1979-10-24,-0.114044
1979-10-25,-0.121064
1979-10-26,-0.129677
1979-10-27,-0.139887
1979-10-28,-0.151698
1979-10-29,-0.164907
1979-10-30,-0.179521
1979-10-31,-0.195545
1979-11-01,-0.212986
1979-11-02,-0.230155
1979-11-03,-0.24706
1979-11-04,-0.263706
1979-11-05,-0.279128
1979-11-06,-0.293331
1979-11-07,-0.306322
1979-11-08,-0.318107
1979-11-09,-0.328689
1979-11-10,-0.338074
1979-11-11,-0.346265
1979-11-12,-0.353386
1979-11-13,-0.359441
1979-11-14,-0.364431
1979-11-15,-0.368359
1979-11-16,-0.371226
1979-11-17,-0.373034
1979-11-18,-0.373783
1979-11-19,-0.374896
1979-11-20,-0.376373
1979-11-21,-0.378216
1979-11-22,-0.380424
1979-11-23,-0.382999
1979-11-24,-0.385941
1979-11-25,-0.389252
1979-11-26,-0.392144
1979-11-27,-0.394618
1979-11-28,-0.396675
1979-11-29,-0.398316
1979-11-30,-0.399541
1979-12-01,-0.400351
1979-12-02,-0.400479
1979-12-03,-0.400059
1979-12-04,-0.399089
1979-12-05,-0.397571
1979-12-06,-0.395502
1979-12-07,-0.392882
1979-12-08,-0.38971
1979-12-09,-0.385985
1979-12-10,-0.381838
1979-12-11,-0.377267
1979-12-12,-0.372272
1979-12-13,-0.366849
1979-12-14,-0.360996
1979-12-15,-0.354711
1979-12-16,-0.347992
1979-12-17,-0.337956
1979-12-18,-0.324599
1979-12-19,-0.307917
1979-12-20,-0.287902
1979-12-21,-0.264546
1979-12-22,-0.237839
1979-12-23,-0.207769
1979-12-24,-0.17887
1979-12-25,-0.151127
1979-12-26,-0.124531
1979-12-27,-0.099069
1979-12-28,-0.074732
1979-12-29,-0.051509
1979-12-30,-0.029391
1979-12-31,-0.007994
1980-01-01,0.01269
1980-01-02,0.030264
1980-01-03,0.044734
1980-01-04,0.056106
1980-01-05,0.064384
1980-01-06,0.069573
1980-01-07,0.073665
1980-01-08,0.076662
1980-01-09,0.078565
1980-01-10,0.079375
1980-01-11,0.079092
1980-01-12,0.077716
1980-01-13,0.075247
1980-01-14,0.073042
1980-01-15,0.071101
1980-01-16,0.069423
1980-01-17,0.068007
1980-01-18,0.066852
1980-01-19,0.065959
1980-01-20,0.065326
1980-01-21,0.061625
1980-01-22,0.054854
1980-01-23,0.045011
1980-01-24,0.032091
1980-01-25,0.016089
1980-01-26,-0.003001
1980-01-27,-0.025189
1980-01-28,-0.049366
1980-01-29,-0.075544
1980-01-30,-0.103733
1980-01-31,-0.133945
1980-02-01,-0.166193
1980-02-02,-0.198546
1980-02-03,-0.231017
1980-02-04,-0.262349
1980-02-05,-0.292555
1980-02-06,-0.321648
1980-02-07,-0.349639
1980-02-08,-0.37654
1980-02-09,-0.402362
1980-02-10,-0.427116
1980-02-11,-0.452203
1980-02-12,-0.477632
1980-02-13,-0.503415
1980-02-14,-0.529561
1980-02-15,-0.556083
1980-02-16,-0.58299
1980-02-17,-0.610294
1980-02-18,-0.637004
1980-02-19,-0.663131
1980-02-20,-0.688685
1980-02-21,-0.713677
1980-02-22,-0.738118
1980-02-23,-0.762018
1980-02-24,-0.785386
1980-02-25,-0.809675
1980-02-26,-0.834896
1980-02-27,-0.861058
1980-02-28,-0.888172
1980-02-29,-0.91625
1980-03-01,-0.945303
1980-03-02,-0.976458
1980-03-03,-1.008514
1980-03-04,-1.041484
1980-03-05,-1.075381
1980-03-06,-1.110221
1980-03-07,-1.146016
1980-03-08,-1.182782
1980-03-09,-1.220534
1980-03-10,-1.259083
1980-03-11,-1.298444
1980-03-12,-1.338633
1980-03-13,-1.379667
1980-03-14,-1.421563
1980-03-15,-1.464339
1980-03-16,-1.508012
1980-03-17,-1.553112
1980-03-18,-1.59966
1980-03-19,-1.647674
1980-03-20,-1.697174
1980-03-21,-1.74818
1980-03-22,-1.800714
1980-03-23,-1.854797
1980-03-24,-1.908826
1980-03-25,-1.962824
1980-03-26,-2.016813
1980-03-27,-2.070815
1980-03-28,-2.124852
1980-03-29,-2.178948
1980-03-30,-2.233123
1980-03-31,-2.289693
1980-04-01,-2.348679
1980-04-02,-2.407577
1980-04-03,-2.466412
1980-04-04,-2.525208
1980-04-05,-2.583989
1980-04-06,-2.642779
1980-04-07,-2.697568
1980-04-08,-2.748378
1980-04-09,-2.795231
1980-04-10,-2.838145
1980-04-11,-2.877139
1980-04-12,-2.912228
1980-04-13,-2.943428
1980-04-14,-2.974106
1980-04-15,-3.004274
1980-04-16,-3.033945
1980-04-17,-3.063132
1980-04-18,-3.091847
1980-04-19,-3.120101
1980-04-20,-3.147906
1980-04-21,-3.174796
1980-04-22,-3.200782
1980-04-23,-3.225875
1980-04-24,-3.250086
1980-04-25,-3.273423
1980-04-26,-3.295898
1980-04-27,-3.317518
1980-04-28,-3.338564
1980-04-29,-3.359044
1980-04-30,-3.378967
1980-05-01,-3.39834
1980-05-02,-3.415819
1980-05-03,-3.431412
1980-05-04,-3.445124
1980-05-05,-3.456063
1980-05-06,-3.464233
1980-05-07,-3.469637
1980-05-08,-3.472279
1980-05-09,-3.472158
1980-05-10,-3.469275
1980-05-11,-3.463628
1980-05-12,-3.454641
1980-05-13,-3.442308
1980-05-14,-3.426626
1980-05-15,-3.407587
1980-05-16,-3.385184
1980-05-17,-3.359407
1980-05-18,-3.330246
1980-05-19,-3.300141
1980-05-20,-3.269077
1980-05-21,-3.237044
1980-05-22,-3.204027
1980-05-23,-3.170013
1980-05-24,-3.134988
1980-05-25,-3.098937
1980-05-26,-3.06071
1980-05-27,-3.020291
1980-05-28,-2.977663
1980-05-29,-2.932808
1980-05-30,-2.885708
1980-05-31,-2.836344
1980-06-01,-2.784695
1980-06-02,-2.734635
1980-06-03,-2.686142
1980-06-04,-2.639197
1980-06-05,-2.593781
1980-06-06,-2.549874
1980-06-07,-2.507459
1980-06-08,-2.466517
1980-06-09,-2.426626
1980-06-10,-2.387767
1980-06-11,-2.349927
1980-06-12,-2.313088
1980-06-13,-2.277235
1980-06-14,-2.242355
1980-06-15,-2.208431
1980-06-16,-2.17432
1980-06-17,-2.140007
1980-06-18,-2.105479
1980-06-19,-2.07072
1980-06-20,-2.035716
1980-06-21,-2.000454
1980-06-22,-1.964918
1980-06-23,-1.928114
1980-06-24,-1.890027
1980-06-25,-1.850642
1980-06-26,-1.809942
1980-06-27,-1.76791
1980-06-28,-1.724529
1980-06-29,-1.679781
1980-06-30,-1.637
1980-07-01,-1.596168
1980-07-02,-1.556683
1980-07-03,-1.518529
1980-07-04,-1.481689
1980-07-05,-1.446148
1980-07-06,-1.411891
1980-07-07,-1.378841
1980-07-08,-1.346984
1980-07-09,-1.316305
1980-07-10,-1.286793
1980-07-11,-1.258435
1980-07-12,-1.231221
1980-07-13,-1.205137
1980-07-14,-1.176606
1980-07-15,-1.145617
1980-07-16,-1.112155
1980-07-17,-1.076208
1980-07-18,-1.03776
1980-07-19,-0.996796
1980-07-20,-0.953299
1980-07-21,-0.909113
1980-07-22,-0.864221
1980-07-23,-0.818605
1980-07-24,-0.772245
1980-07-25,-0.725121
1980-07-26,-0.677216
1980-07-27,-0.628508
1980-07-28,-0.578051
1980-07-29,-0.525823
1980-07-30,-0.471804
1980-07-31,-0.41597
1980-08-01,-0.358299
1980-08-02,-0.300758
1980-08-03,-0.243322
1980-08-04,-0.188027
1980-08-05,-0.134848
1980-08-06,-0.083766
1980-08-07,-0.034757
1980-08-08,0.012198
1980-08-09,0.057118
1980-08-10,0.100023
1980-08-11,0.142183
1980-08-12,0.183615
1980-08-13,0.224336
1980-08-14,0.264364
1980-08-15,0.303715
1980-08-16,0.342406
1980-08-17,0.380451
1980-08-18,0.417664
1980-08-19,0.454058
1980-08-20,0.48965
1980-08-21,0.524454
1980-08-22,0.558484
1980-08-23,0.591755
1980-08-24,0.62428
1980-08-25,0.656218
1980-08-26,0.687583
1980-08-27,0.718388
1980-08-28,0.748645
1980-08-29,0.778367
1980-08-30,0.807567
1980-08-31,0.836255
1980-09-01,0.865311
1980-09-02,0.894813
1980-09-03,0.924775
1980-09-04,0.955209
1980-09-05,0.986127
1980-09-06,1.017542
1980-09-07,1.049466
1980-09-08,1.08069
1980-09-09,1.111224
1980-09-10,1.141083
1980-09-11,1.170278
1980-09-12,1.198821
1980-09-13,1.226725
1980-09-14,1.254
1980-09-15,1.280299
1980-09-16,1.305633
1980-09-17,1.330012
1980-09-18,1.353445
1980-09-19,1.375944
1980-09-20,1.397517
1980-09-21,1.418172
1980-09-22,1.439031
1980-09-23,1.4601
1980-09-24,1.481389
1980-09-25,1.502907
1980-09-26,1.524662
1980-09-27,1.546664
1980-09-28,1.568921
1980-09-29,1.591503
1980-09-30,1.614419
1980-10-01,1.637678
1980-10-02,1.659949
1980-10-03,1.681241
1980-10-04,1.701563
1980-10-05,1.720923
1980-10-06,1.738714
1980-10-07,1.754942
1980-10-08,1.769615
1980-10-09,1.782739
1980-10-10,1.794319
1980-10-11,1.80436
1980-10-12,1.812865
1980-10-13,1.819515
1980-10-14,1.824311
1980-10-15,1.827257
1980-10-16,1.828352
1980-10-17,1.827597
1980-10-18,1.824993
1980-10-19,1.820538
1980-10-20,1.814877
1980-10-21,1.808008
1980-10-22,1.799928
1980-10-23,1.790635
1980-10-24,1.780123
1980-10-25,1.76839
1980-10-26,1.755429
1980-10-27,1.741578
1980-10-28,1.72683
1980-10-29,1.711181
1980-10-30,1.694623
1980-10-31,1.67715
1980-11-01,1.658754
1980-11-02,1.640285
1980-11-03,1.621137
1980-11-04,1.601303
1980-11-05,1.580775
1980-11-06,1.559544
1980-11-07,1.537601
1980-11-08,1.514938
1980-11-09,1.491544
1980-11-10,1.468819
1980-11-11,1.446753
1980-11-12,1.425336
1980-11-13,1.40456
1980-11-14,1.384416
1980-11-15,1.364897
1980-11-16,1.345993
1980-11-17,1.325501
1980-11-18,1.303411
1980-11-19,1.279716
1980-11-20,1.254406
1980-11-21,1.227469
1980-11-22,1.198894
1980-11-23,1.168671
1980-11-24,1.138664
1980-11-25,1.108863
1980-11-26,1.079254
1980-11-27,1.049825
1980-11-28,1.020565
1980-11-29,0.99146
1980-11-30,0.9625
1980-12-01,0.933215
1980-12-02,0.90439
1980-12-03,0.876011
1980-12-04,0.848069
1980-12-05,0.820551
1980-12-06,0.793445
1980-12-07,0.766741
1980-12-08,0.740096
1980-12-09,0.7135
1980-12-10,0.686941
1980-12-11,0.660408
1980-12-12,0.633891
1980-12-13,0.607379
1980-12-14,0.58086
1980-12-15,0.55439
1980-12-16,0.527958
1980-12-17,0.501552
1980-12-18,0.475163
1980-12-19,0.448779
1980-12-20,0.422389
1980-12-21,0.395982
1980-12-22,0.368987
1980-12-23,0.341392
1980-12-24,0.313186
1980-12-25,0.284356
1980-12-26,0.254892
1980-12-27,0.224781
1980-12-28,0.19401
1980-12-29,0.163609
1980-12-30,0.133564
1980-12-31,0.103864
1981-01-01,0.074495
1981-01-02,0.046268
1981-01-03,0.019171
1981-01-04,-0.006808
1981-01-05,-0.031778
1981-01-06,-0.055747
1981-01-07,-0.078728
1981-01-08,-0.100728
1981-01-09,-0.121757
1981-01-10,-0.141824
1981-01-11,-0.160937
1981-01-12,-0.179424
1981-01-13,-0.197292
1981-01-14,-0.214549
1981-01-15,-0.231202
1981-01-16,-0.247258
1981-01-17,-0.262723
1981-01-18,-0.277604
1981-01-19,-0.29313
1981-01-20,-0.309308
1981-01-21,-0.326145
1981-01-22,-0.343647
1981-01-23,-0.361822
1981-01-24,-0.380677
1981-01-25,-0.400221
1981-01-26,-0.418344
1981-01-27,-0.435054
1981-01-28,-0.450359
1981-01-29,-0.464264
1981-01-30,-0.476775
1981-01-31,-0.487898
1981-02-01,-0.497636
1981-02-02,-0.506361
1981-02-03,-0.514074
1981-02-04,-0.52078
1981-02-05,-0.526482
1981-02-06,-0.53118
1981-02-07,-0.534879
1981-02-08,-0.537578
1981-02-09,-0.53919
1981-02-10,-0.539717
1981-02-11,-0.539157
1981-02-12,-0.537511
1981-02-13,-0.534779
1981-02-14,-0.530958
1981-02-15,-0.526048
1981-02-16,-0.5195
1981-02-17,-0.511311
1981-02-18,-0.501477
1981-02-19,-0.489996
1981-02-20,-0.47686
1981-02-21,-0.462067
1981-02-22,-0.445609
1981-02-23,-0.428304
1981-02-24,-0.410147
1981-02-25,-0.391128
1981-02-26,-0.371242
1981-02-27,-0.350478
1981-02-28,-0.328829
1981-03-01,-0.306286
1981-03-02,-0.286217
1981-03-03,-0.268614
1981-03-04,-0.253469
1981-03-05,-0.240777
1981-03-06,-0.230531
1981-03-07,-0.222729
1981-03-08,-0.217366
1981-03-09,-0.213384
1981-03-10,-0.210781
1981-03-11,-0.209557
1981-03-12,-0.209711
1981-03-13,-0.211242
1981-03-14,-0.214152
1981-03-15,-0.218442
1981-03-16,-0.224388
1981-03-17,-0.231991
1981-03-18,-0.241256
1981-03-19,-0.252186
1981-03-20,-0.264786
1981-03-21,-0.279061
1981-03-22,-0.295016
1981-03-23,-0.311869
1981-03-24,-0.329627
1981-03-25,-0.348298
1981-03-26,-0.367888
1981-03-27,-0.388405
1981-03-28,-0.40986
1981-03-29,-0.432259
1981-03-30,-0.455888
1981-03-31,-0.480756
1981-04-01,-0.506873
1981-04-02,-0.531308
1981-04-03,-0.554069
1981-04-04,-0.575166
1981-04-05,-0.594609
1981-04-06,-0.613583
1981-04-07,-0.632097
1981-04-08,-0.650159
1981-04-09,-0.667775
1981-04-10,-0.684953
1981-04-11,-0.7017
1981-04-12,-0.718023
1981-04-13,-0.7332
1981-04-14,-0.747237
1981-04-15,-0.76014
1981-04-16,-0.771913
1981-04-17,-0.782563
1981-04-18,-0.792093
1981-04-19,-0.800507
1981-04-20,-0.805662
1981-04-21,-0.807558
1981-04-22,-0.806198
1981-04-23,-0.80158
1981-04-24,-0.793702
1981-04-25,-0.782562
1981-04-26,-0.768154
1981-04-27,-0.753427
1981-04-28,-0.738375
1981-04-29,-0.722991
1981-04-30,-0.70727
1981-05-01,-0.691204
1981-05-02,-0.676303
1981-05-03,-0.662561
1981-05-04,-0.648501
1981-05-05,-0.63412
1981-05-06,-0.61941
1981-05-07,-0.604367
1981-05-08,-0.588982
1981-05-09,-0.573251
1981-05-10,-0.557166
1981-05-11,-0.541553
1981-05-12,-0.526404
1981-05-13,-0.511714
1981-05-14,-0.497476
1981-05-15,-0.483684
1981-05-16,-0.470333
1981-05-17,-0.457418
1981-05-18,-0.444482
1981-05-19,-0.431521
1981-05-20,-0.41853
1981-05-21,-0.405502
1981-05-22,-0.392433
1981-05-23,-0.379317
1981-05-24,-0.366149
1981-05-25,-0.352867
1981-05-26,-0.339466
1981-05-27,-0.325939
1981-05-28,-0.312282
1981-05-29,-0.298489
1981-05-30,-0.284554
1981-05-31,-0.270471
1981-06-01,-0.255817
1981-06-02,-0.240903
1981-06-03,-0.225723
1981-06-04,-0.21027
1981-06-05,-0.194538
1981-06-06,-0.178521
1981-06-07,-0.162211
1981-06-08,-0.146208
1981-06-09,-0.130505
1981-06-10,-0.115094
1981-06-11,-0.099971
1981-06-12,-0.085128
1981-06-13,-0.070559
1981-06-14,-0.056259
1981-06-15,-0.041628
1981-06-16,-0.026662
1981-06-17,-0.011354
1981-06-18,0.004303
1981-06-19,0.020315
1981-06-20,0.036689
1981-06-21,0.053431
1981-06-22,0.070527
1981-06-23,0.087984
1981-06-24,0.105809
1981-06-25,0.12401
1981-06-26,0.142595
1981-06-27,0.16157
1981-06-28,0.180944
1981-06-29,0.201065
1981-06-30,0.221939
1981-07-01,0.243576
1981-07-02,0.264368
1981-07-03,0.284322
1981-07-04,0.303446
1981-07-05,0.321749
1981-07-06,0.337022
1981-07-07,0.349269
1981-07-08,0.358497
1981-07-09,0.36471
1981-07-10,0.367909
1981-07-11,0.368097
1981-07-12,0.365272
1981-07-13,0.361105
1981-07-14,0.355593
1981-07-15,0.348733
1981-07-16,0.340524
1981-07-17,0.330962
1981-07-18,0.320042
1981-07-19,0.30776
1981-07-20,0.292892
1981-07-21,0.275432
1981-07-22,0.255372
1981-07-23,0.232705
1981-07-24,0.20742
1981-07-25,0.179507
1981-07-26,0.148956
1981-07-27,0.119841
1981-07-28,0.092151
1981-07-29,0.065874
1981-07-30,0.041
1981-07-31,0.017518
1981-08-01,-0.004582
1981-08-02,-0.023292
1981-08-03,-0.042921
1981-08-04,-0.063478
1981-08-05,-0.08497
1981-08-06,-0.107406
1981-08-07,-0.130797
1981-08-08,-0.155151
1981-08-09,-0.180479
1981-08-10,-0.205851
1981-08-11,-0.231278
1981-08-12,-0.256771
1981-08-13,-0.28234
1981-08-14,-0.307995
1981-08-15,-0.333748
1981-08-16,-0.359609
1981-08-17,-0.385705
1981-08-18,-0.412047
1981-08-19,-0.438645
1981-08-20,-0.465511
1981-08-21,-0.492656
1981-08-22,-0.520091
1981-08-23,-0.547828
1981-08-24,-0.574783
1981-08-25,-0.600968
1981-08-26,-0.626393
1981-08-27,-0.65107
1981-08-28,-0.675008
1981-08-29,-0.698217
1981-08-30,-0.720707
1981-08-31,-0.742262
1981-09-01,-0.762889
1981-09-02,-0.782724
1981-09-03,-0.801773
1981-09-04,-0.820045
1981-09-05,-0.837547
1981-09-06,-0.854288
1981-09-07,-0.872105
1981-09-08,-0.891007
1981-09-09,-0.911001
1981-09-10,-0.932097
1981-09-11,-0.954302
1981-09-12,-0.977625
1981-09-13,-1.002077
1981-09-14,-1.025908
1981-09-15,-1.049128
1981-09-16,-1.071746
1981-09-17,-1.093773
1981-09-18,-1.115216
1981-09-19,-1.136085
1981-09-20,-1.156389
1981-09-21,-1.176353
1981-09-22,-1.195987
1981-09-23,-1.215297
1981-09-24,-1.234292
1981-09-25,-1.252981
1981-09-26,-1.271369
1981-09-27,-1.289466
1981-09-28,-1.308085
1981-09-29,-1.327233
1981-09-30,-1.346918
1981-10-01,-1.367149
1981-10-02,-1.387119
1981-10-03,-1.406837
1981-10-04,-1.42631
1981-10-05,-1.445385
1981-10-06,-1.464068
1981-10-07,-1.482368
1981-10-08,-1.500292
1981-10-09,-1.517848
1981-10-10,-1.535043
1981-10-11,-1.551883
1981-10-12,-1.568657
1981-10-13,-1.585372
1981-10-14,-1.602034
1981-10-15,-1.61865
1981-10-16,-1.635228
1981-10-17,-1.651773
1981-10-18,-1.668293
1981-10-19,-1.684812
1981-10-20,-1.701337
1981-10-21,-1.717874
1981-10-22,-1.73443
1981-10-23,-1.751012
1981-10-24,-1.767628
1981-10-25,-1.784283
1981-10-26,-1.799428
1981-10-27,-1.813069
1981-10-28,-1.825212
1981-10-29,-1.835862
1981-10-30,-1.845023
1981-10-31,-1.8527
1981-11-01,-1.858895
1981-11-02,-1.865081
1981-11-03,-1.871261
1981-11-04,-1.877439
1981-11-05,-1.883615
1981-11-06,-1.889793
1981-11-07,-1.895976
1981-11-08,-1.902166
1981-11-09,-1.908235
1981-11-10,-1.914186
1981-11-11,-1.920022
1981-11-12,-1.925744
1981-11-13,-1.931356
1981-11-14,-1.936859
1981-11-15,-1.942255
1981-11-16,-1.950067
1981-11-17,-1.960297
1981-11-18,-1.97295
1981-11-19,-1.988031
1981-11-20,-2.005545
1981-11-21,-2.025502
1981-11-22,-2.047907
1981-11-23,-2.066506
1981-11-24,-2.081305
1981-11-25,-2.092311
1981-11-26,-2.099528
1981-11-27,-2.102959
1981-11-28,-2.102606
1981-11-29,-2.098469
1981-11-30,-2.094134
1981-12-01,-2.089601
1981-12-02,-2.085583
1981-12-03,-2.082079
1981-12-04,-2.079087
1981-12-05,-2.076607
1981-12-06,-2.074636
1981-12-07,-2.073752
1981-12-08,-2.073952
1981-12-09,-2.075239
1981-12-10,-2.077611
1981-12-11,-2.081071
1981-12-12,-2.085619
1981-12-13,-2.091258
1981-12-14,-2.098226
1981-12-15,-2.106526
1981-12-16,-2.116163
1981-12-17,-2.127139
1981-12-18,-2.139459
1981-12-19,-2.153129
1981-12-20,-2.168154
1981-12-21,-2.183261
1981-12-22,-2.198456
1981-12-23,-2.213745
1981-12-24,-2.229135
1981-12-25,-2.244632
1981-12-26,-2.260242
1981-12-27,-2.275972
1981-12-28,-2.29533
1981-12-29,-2.318324
1981-12-30,-2.344962
1981-12-31,-2.375257
1982-01-01,-2.40922
1982-01-02,-2.441157
1982-01-03,-2.471081
1982-01-04,-2.4941
1982-01-05,-2.510223
1982-01-06,-2.519458
1982-01-07,-2.521808
1982-01-08,-2.517274
1982-01-09,-2.505854
1982-01-10,-2.487544
1982-01-11,-2.467034
1982-01-12,-2.444316
1982-01-13,-2.419381
1982-01-14,-2.392218
1982-01-15,-2.362815
1982-01-16,-2.331162
1982-01-17,-2.297244
1982-01-18,-2.255191
1982-01-19,-2.204986
1982-01-20,-2.146608
1982-01-21,-2.080034
1982-01-22,-2.005234
1982-01-23,-1.92218
1982-01-24,-1.830835
1982-01-25,-1.733529
1982-01-26,-1.630222
1982-01-27,-1.520871
1982-01-28,-1.405431
1982-01-29,-1.283854
1982-01-30,-1.15609
1982-01-31,-1.022085
1982-02-01,-0.883737
1982-02-02,-0.753625
1982-02-03,-0.631695
1982-02-04,-0.517896
1982-02-05,-0.412181
1982-02-06,-0.314508
1982-02-07,-0.224834
1982-02-08,-0.144074
1982-02-09,-0.072193
1982-02-10,-0.009161
1982-02-11,0.045046
1982-02-12,0.090453
1982-02-13,0.127077
1982-02-14,0.154935
1982-02-15,0.177872
1982-02-16,0.195898
1982-02-17,0.209022
1982-02-18,0.217247
1982-02-19,0.220579
1982-02-20,0.219018
1982-02-21,0.212563
1982-02-22,0.198864
1982-02-23,0.177914
1982-02-24,0.149706
1982-02-25,0.114228
1982-02-26,0.071464
1982-02-27,0.021398
1982-02-28,-0.035992
1982-03-01,-0.098808
1982-03-02,-0.158816
1982-03-03,-0.216042
1982-03-04,-0.27051
1982-03-05,-0.322241
1982-03-06,-0.371258
1982-03-07,-0.417581
1982-03-08,-0.463257
1982-03-09,-0.508306
1982-03-10,-0.552746
1982-03-11,-0.596596
1982-03-12,-0.639873
1982-03-13,-0.682596
1982-03-14,-0.724783
1982-03-15,-0.764927
1982-03-16,-0.803046
1982-03-17,-0.839155
1982-03-18,-0.873269
1982-03-19,-0.905402
1982-03-20,-0.935567
1982-03-21,-0.963778
1982-03-22,-0.990092
1982-03-23,-1.014521
1982-03-24,-1.037075
1982-03-25,-1.057763
1982-03-26,-1.076593
1982-03-27,-1.093574
1982-03-28,-1.108713
1982-03-29,-1.122593
1982-03-30,-1.135221
1982-03-31,-1.146601
1982-04-01,-1.156738
1982-04-02,-1.165757
1982-04-03,-1.173662
1982-04-04,-1.180456
1982-04-05,-1.186008
1982-04-06,-1.19032
1982-04-07,-1.193394
1982-04-08,-1.19523
1982-04-09,-1.195831
1982-04-10,-1.195196
1982-04-11,-1.193325
1982-04-12,-1.189983
1982-04-13,-1.185169
1982-04-14,-1.178881
1982-04-15,-1.171116
1982-04-16,-1.161872
1982-04-17,-1.151143
1982-04-18,-1.138926
1982-04-19,-1.126139
1982-04-20,-1.112774
1982-04-21,-1.098827
1982-04-22,-1.084293
1982-04-23,-1.069164
1982-04-24,-1.053435
1982-04-25,-1.0371
1982-04-26,-1.020284
1982-04-27,-1.002979
1982-04-28,-0.985178
1982-04-29,-0.966875
1982-04-30,-0.948061
1982-05-01,-0.92873
1982-05-02,-0.911625
1982-05-03,-0.895841
1982-05-04,-0.881373
1982-05-05,-0.868214
1982-05-06,-0.856359
1982-05-07,-0.845802
1982-05-08,-0.83654
1982-05-09,-0.828569
1982-05-10,-0.822185
1982-05-11,-0.817385
1982-05-12,-0.814168
1982-05-13,-0.812533
1982-05-14,-0.812478
1982-05-15,-0.814003
1982-05-16,-0.81711
1982-05-17,-0.821801
1982-05-18,-0.828078
1982-05-19,-0.835943
1982-05-20,-0.8454
1982-05-21,-0.856452
1982-05-22,-0.869104
1982-05-23,-0.883362
1982-05-24,-0.899196
1982-05-25,-0.916612
1982-05-26,-0.935619
1982-05-27,-0.956223
1982-05-28,-0.978434
1982-05-29,-1.00226
1982-05-30,-1.027712
1982-05-31,-1.053871
1982-06-01,-1.08075
1982-06-02,-1.105571
1982-06-03,-1.128346
1982-06-04,-1.149083
1982-06-05,-1.167791
1982-06-06,-1.184478
1982-06-07,-1.200038
1982-06-08,-1.214478
1982-06-09,-1.227803
1982-06-10,-1.240019
1982-06-11,-1.251131
1982-06-12,-1.261143
1982-06-13,-1.27006
1982-06-14,-1.279059
1982-06-15,-1.288143
1982-06-16,-1.297315
1982-06-17,-1.30658
1982-06-18,-1.315941
1982-06-19,-1.325402
1982-06-20,-1.334967
1982-06-21,-1.344044
1982-06-22,-1.352635
1982-06-23,-1.360744
1982-06-24,-1.368374
1982-06-25,-1.375529
1982-06-26,-1.382212
1982-06-27,-1.388425
1982-06-28,-1.392971
1982-06-29,-1.395853
1982-06-30,-1.397071
1982-07-01,-1.396626
1982-07-02,-1.395327
1982-07-03,-1.393173
1982-07-04,-1.390164
1982-07-05,-1.388346
1982-07-06,-1.387717
1982-07-07,-1.388277
1982-07-08,-1.390026
1982-07-09,-1.392966
1982-07-10,-1.397097
1982-07-11,-1.402422
1982-07-12,-1.407942
1982-07-13,-1.413659
1982-07-14,-1.419577
1982-07-15,-1.425697
1982-07-16,-1.432023
1982-07-17,-1.438556
1982-07-18,-1.445299
1982-07-19,-1.453436
1982-07-20,-1.462969
1982-07-21,-1.473902
1982-07-22,-1.486241
1982-07-23,-1.499989
1982-07-24,-1.515153
1982-07-25,-1.531738
1982-07-26,-1.545302
1982-07-27,-1.55585
1982-07-28,-1.563386
1982-07-29,-1.567913
1982-07-30,-1.569434
1982-07-31,-1.567948
1982-08-01,-1.563456
1982-08-02,-1.559089
1982-08-03,-1.554846
1982-08-04,-1.550725
1982-08-05,-1.546725
1982-08-06,-1.542844
1982-08-07,-1.539079
1982-08-08,-1.535431
1982-08-09,-1.530543
1982-08-10,-1.524415
1982-08-11,-1.517043
1982-08-12,-1.508425
1982-08-13,-1.498556
1982-08-14,-1.487434
1982-08-15,-1.475053
1982-08-16,-1.463163
1982-08-17,-1.451761
1982-08-18,-1.440841
1982-08-19,-1.430398
1982-08-20,-1.420429
1982-08-21,-1.410929
1982-08-22,-1.401894
1982-08-23,-1.392065
1982-08-24,-1.381436
1982-08-25,-1.370005
1982-08-26,-1.357765
1982-08-27,-1.344712
1982-08-28,-1.330841
1982-08-29,-1.316146
1982-08-30,-1.301263
1982-08-31,-1.286187
1982-09-01,-1.270911
1982-09-02,-1.257019
1982-09-03,-1.244505
1982-09-04,-1.233363
1982-09-05,-1.223589
1982-09-06,-1.215797
1982-09-07,-1.209983
1982-09-08,-1.206146
1982-09-09,-1.204283
1982-09-10,-1.204394
1982-09-11,-1.206479
1982-09-12,-1.210539
1982-09-13,-1.214386
1982-09-14,-1.218021
1982-09-15,-1.221446
1982-09-16,-1.224662
1982-09-17,-1.227671
1982-09-18,-1.230474
1982-09-19,-1.233073
1982-09-20,-1.237585
1982-09-21,-1.244014
1982-09-22,-1.252362
1982-09-23,-1.262633
1982-09-24,-1.27483
1982-09-25,-1.288959
1982-09-26,-1.305025
1982-09-27,-1.321574
1982-09-28,-1.338611
1982-09-29,-1.356145
1982-09-30,-1.374183
1982-10-01,-1.392731
1982-10-02,-1.407899
1982-10-03,-1.419694
1982-10-04,-1.43116
1982-10-05,-1.442301
1982-10-06,-1.453123
1982-10-07,-1.46363
1982-10-08,-1.473825
1982-10-09,-1.483714
1982-10-10,-1.493301
1982-10-11,-1.500441
1982-10-12,-1.505136
1982-10-13,-1.507389
1982-10-14,-1.507202
1982-10-15,-1.504573
1982-10-16,-1.499501
1982-10-17,-1.491986
1982-10-18,-1.48372
1982-10-19,-1.474701
1982-10-20,-1.464925
1982-10-21,-1.454387
1982-10-22,-1.443085
1982-10-23,-1.431012
1982-10-24,-1.418164
1982-10-25,-1.402448
1982-10-26,-1.383857
1982-10-27,-1.362384
1982-10-28,-1.33802
1982-10-29,-1.310754
1982-10-30,-1.280576
1982-10-31,-1.247473
1982-11-01,-1.21418
1982-11-02,-1.183587
1982-11-03,-1.155682
1982-11-04,-1.130452
1982-11-05,-1.107888
1982-11-06,-1.08798
1982-11-07,-1.07072
1982-11-08,-1.053531
1982-11-09,-1.036407
1982-11-10,-1.019339
1982-11-11,-1.002322
1982-11-12,-0.985347
1982-11-13,-0.968409
1982-11-14,-0.951499
1982-11-15,-0.936027
1982-11-16,-0.921985
1982-11-17,-0.909368
1982-11-18,-0.898171
1982-11-19,-0.888388
1982-11-20,-0.880017
1982-11-21,-0.873054
1982-11-22,-0.86495
1982-11-23,-0.855703
1982-11-24,-0.845308
1982-11-25,-0.833762
1982-11-26,-0.82106
1982-11-27,-0.807196
1982-11-28,-0.792164
1982-11-29,-0.779957
1982-11-30,-0.770568
1982-12-01,-0.763993
1982-12-02,-0.756761
1982-12-03,-0.748868
1982-12-04,-0.740311
1982-12-05,-0.731087
1982-12-06,-0.719849
1982-12-07,-0.706594
1982-12-08,-0.691315
1982-12-09,-0.674007
1982-12-10,-0.654662
1982-12-11,-0.633273
1982-12-12,-0.60983
1982-12-13,-0.584017
1982-12-14,-0.555823
1982-12-15,-0.525236
1982-12-16,-0.492245
1982-12-17,-0.456835
1982-12-18,-0.418991
1982-12-19,-0.378699
1982-12-20,-0.336378
1982-12-21,-0.292011
1982-12-22,-0.245579
1982-12-23,-0.197064
1982-12-24,-0.146445
1982-12-25,-0.093701
1982-12-26,-0.038811
1982-12-27,0.021499
1982-12-28,0.087254
1982-12-29,0.158481
1982-12-30,0.23521
1982-12-31,0.317472
1983-01-01,0.405301
1983-01-02,0.48988
1983-01-03,0.568251
1983-01-04,0.640446
1983-01-05,0.706495
1983-01-06,0.766424
1983-01-07,0.82026
1983-01-08,0.868024
1983-01-09,0.909735
1983-01-10,0.945103
1983-01-11,0.974142
1983-01-12,0.996864
1983-01-13,1.013278
1983-01-14,1.023392
1983-01-15,1.027209
1983-01-16,1.024732
1983-01-17,1.017316
1983-01-18,1.004961
1983-01-19,0.987659
1983-01-20,0.965405
1983-01-21,0.938189
1983-01-22,0.905999
1983-01-23,0.868824
1983-01-24,0.827696
1983-01-25,0.782601
1983-01-26,0.733518
1983-01-27,0.680428
1983-01-28,0.623309
1983-01-29,0.562137
1983-01-30,0.496887
1983-01-31,0.426342
1983-02-01,0.350472
1983-02-02,0.279525
1983-02-03,0.213473
1983-02-04,0.152287
1983-02-05,0.095944
1983-02-06,0.044418
1983-02-07,-0.002937
1983-02-08,-0.046141
1983-02-09,-0.085211
1983-02-10,-0.120165
1983-02-11,-0.151016
1983-02-12,-0.177777
1983-02-13,-0.200459
1983-02-14,-0.218387
1983-02-15,-0.231566
1983-02-16,-0.240003
1983-02-17,-0.243702
1983-02-18,-0.242663
1983-02-19,-0.236886
1983-02-20,-0.226369
1983-02-21,-0.211414
1983-02-22,-0.192013
1983-02-23,-0.16816
1983-02-24,-0.139843
1983-02-25,-0.107052
1983-02-26,-0.069772
1983-02-27,-0.027989
1983-02-28,0.019237
1983-03-01,0.071928
1983-03-02,0.123519
1983-03-03,0.174034
1983-03-04,0.223492
1983-03-05,0.271913
1983-03-06,0.319319
1983-03-07,0.364251
1983-03-08,0.406728
1983-03-09,0.446767
1983-03-10,0.484385
1983-03-11,0.519598
1983-03-12,0.55242
1983-03-13,0.582864
1983-03-14,0.61162
1983-03-15,0.638699
1983-03-16,0.664113
1983-03-17,0.687873
1983-03-18,0.709987
1983-03-19,0.730465
1983-03-20,0.749316
1983-03-21,0.767276
1983-03-22,0.784352
1983-03-23,0.800552
1983-03-24,0.815882
1983-03-25,0.830348
1983-03-26,0.843957
1983-03-27,0.856714
1983-03-28,0.868601
1983-03-29,0.879624
1983-03-30,0.889786
1983-03-31,0.899092
1983-04-01,0.907546
1983-04-02,0.915966
1983-04-03,0.924358
1983-04-04,0.932515
1983-04-05,0.940443
1983-04-06,0.948145
1983-04-07,0.955622
1983-04-08,0.96288
1983-04-09,0.96992
1983-04-10,0.976745
1983-04-11,0.983999
1983-04-12,0.991685
1983-04-13,0.999806
1983-04-14,1.008364
1983-04-15,1.017364
1983-04-16,1.02681
1983-04-17,1.036705
1983-04-18,1.045013
1983-04-19,1.051737
1983-04-20,1.056881
1983-04-21,1.060446
1983-04-22,1.062434
1983-04-23,1.062845
1983-04-24,1.06168
1983-04-25,1.060213
1983-04-26,1.058442
1983-04-27,1.056367
1983-04-28,1.053988
1983-04-29,1.051302
1983-04-30,1.04831
1983-05-01,1.045009
1983-05-02,1.042943
1983-05-03,1.042113
1983-05-04,1.042516
1983-05-05,1.044154
1983-05-06,1.047027
1983-05-07,1.051137
1983-05-08,1.056484
1983-05-09,1.061551
1983-05-10,1.06634
1983-05-11,1.070853
1983-05-12,1.075091
1983-05-13,1.079057
1983-05-14,1.082752
1983-05-15,1.086178
1983-05-16,1.090475
1983-05-17,1.095644
1983-05-18,1.10169
1983-05-19,1.108613
1983-05-20,1.116416
1983-05-21,1.125103
1983-05-22,1.134678
1983-05-23,1.145057
1983-05-24,1.156245
1983-05-25,1.168247
1983-05-26,1.181067
1983-05-27,1.19471
1983-05-28,1.209183
1983-05-29,1.224491
1983-05-30,1.24114
1983-05-31,1.259138
1983-06-01,1.278491
1983-06-02,1.297577
1983-06-03,1.316402
1983-06-04,1.334976
1983-06-05,1.353305
1983-06-06,1.370427
1983-06-07,1.38635
1983-06-08,1.401079
1983-06-09,1.414622
1983-06-10,1.426983
1983-06-11,1.438168
1983-06-12,1.448181
1983-06-13,1.457421
1983-06-14,1.465891
1983-06-15,1.473595
1983-06-16,1.480536
1983-06-17,1.486716
1983-06-18,1.49214
1983-06-19,1.496808
1983-06-20,1.501437
1983-06-21,1.506029
1983-06-22,1.510585
1983-06-23,1.515109
1983-06-24,1.519601
1983-06-25,1.524064
1983-06-26,1.528499
1983-06-27,1.531661
1983-06-28,1.533551
1983-06-29,1.534171
1983-06-30,1.53352
1983-07-01,1.531598
1983-07-02,1.527298
1983-07-03,1.520616
1983-07-04,1.511974
1983-07-05,1.501368
1983-07-06,1.488793
1983-07-07,1.474243
1983-07-08,1.457714
1983-07-09,1.439198
1983-07-10,1.418687
1983-07-11,1.395877
1983-07-12,1.370758
1983-07-13,1.34332
1983-07-14,1.313551
1983-07-15,1.281439
1983-07-16,1.246971
1983-07-17,1.210132
1983-07-18,1.171536
1983-07-19,1.131168
1983-07-20,1.08901
1983-07-21,1.045045
1983-07-22,0.999255
1983-07-23,0.951621
1983-07-24,0.902123
1983-07-25,0.851646
1983-07-26,0.800169
1983-07-27,0.747671
1983-07-28,0.69413
1983-07-29,0.639523
1983-07-30,0.583829
1983-07-31,0.527024
1983-08-01,0.468168
1983-08-02,0.414703
1983-08-03,0.366608
1983-08-04,0.323864
1983-08-05,0.286451
1983-08-06,0.254356
1983-08-07,0.227564
1983-08-08,0.207933
1983-08-09,0.195454
1983-08-10,0.190122
1983-08-11,0.191936
1983-08-12,0.200895
1983-08-13,0.217004
1983-08-14,0.240269
1983-08-15,0.268335
1983-08-16,0.301214
1983-08-17,0.338918
1983-08-18,0.381465
1983-08-19,0.428871
1983-08-20,0.481155
1983-08-21,0.538341
1983-08-22,0.600166
1983-08-23,0.666658
1983-08-24,0.737843
1983-08-25,0.813751
1983-08-26,0.894414
1983-08-27,0.979864
1983-08-28,1.070138
1983-08-29,1.165499
1983-08-30,1.265989
1983-08-31,1.371648
1983-09-01,1.48252
1983-09-02,1.586438
1983-09-03,1.683445
1983-09-04,1.773581
1983-09-05,1.857248
1983-09-06,1.934483
1983-09-07,2.005316
1983-09-08,2.069777
1983-09-09,2.127893
1983-09-10,2.179687
1983-09-11,2.225182
1983-09-12,2.264872
1983-09-13,2.298773
1983-09-14,2.326899
1983-09-15,2.349263
1983-09-16,2.365873
1983-09-17,2.376736
1983-09-18,2.381856
1983-09-19,2.381648
1983-09-20,2.37611
1983-09-21,2.36524
1983-09-22,2.349033
1983-09-23,2.327484
1983-09-24,2.300583
1983-09-25,2.268319
1983-09-26,2.230037
1983-09-27,2.185719
1983-09-28,2.135349
1983-09-29,2.078905
1983-09-30,2.016363
1983-10-01,1.947699
1983-10-02,1.881721
1983-10-03,1.818174
1983-10-04,1.757031
1983-10-05,1.698268
1983-10-06,1.641858
1983-10-07,1.587781
1983-10-08,1.536012
1983-10-09,1.48653
1983-10-10,1.439046
1983-10-11,1.393538
1983-10-12,1.349988
1983-10-13,1.308379
1983-10-14,1.268692
1983-10-15,1.230912
1983-10-16,1.195022
1983-10-17,1.161508
1983-10-18,1.130354
1983-10-19,1.101549
1983-10-20,1.07508
1983-10-21,1.050937
1983-10-22,1.029109
1983-10-23,1.009587
1983-10-24,0.992798
1983-10-25,0.978735
1983-10-26,0.967393
1983-10-27,0.958766
1983-10-28,0.95285
1983-10-29,0.949645
1983-10-30,0.949147
1983-10-31,0.950513
1983-11-01,0.953743
1983-11-02,0.956895
1983-11-03,0.95997
1983-11-04,0.96297
1983-11-05,0.965897
1983-11-06,0.96875
1983-11-07,0.971705
1983-11-08,0.974761
1983-11-09,0.97792
1983-11-10,0.981185
1983-11-11,0.984554
1983-11-12,0.988032
1983-11-13,0.991617
1983-11-14,0.995401
1983-11-15,0.999383
1983-11-16,1.003566
1983-11-17,1.007952
1983-11-18,1.012541
1983-11-19,1.017337
1983-11-20,1.022341
1983-11-21,1.028185
1983-11-22,1.034872
1983-11-23,1.042405
1983-11-24,1.050786
1983-11-25,1.06002
1983-11-26,1.070109
1983-11-27,1.081058
1983-11-28,1.090914
1983-11-29,1.09968
1983-11-30,1.10736
1983-12-01,1.113958
1983-12-02,1.119747
1983-12-03,1.12473
1983-12-04,1.128909
1983-12-05,1.133872
1983-12-06,1.139621
1983-12-07,1.146159
1983-12-08,1.153489
1983-12-09,1.161612
1983-12-10,1.170534
1983-12-11,1.180256
1983-12-12,1.19039
1983-12-13,1.20094
1983-12-14,1.21191
1983-12-15,1.223304
1983-12-16,1.235127
1983-12-17,1.247385
1983-12-18,1.260081
1983-12-19,1.27417
1983-12-20,1.289657
1983-12-21,1.306548
1983-12-22,1.32485
1983-12-23,1.344571
1983-12-24,1.365719
1983-12-25,1.388303
1983-12-26,1.411466
1983-12-27,1.435218
1983-12-28,1.459568
1983-12-29,1.484528
1983-12-30,1.510107
1983-12-31,1.536315
1984-01-01,1.563164
1984-01-02,1.5876
1984-01-03,1.609632
1984-01-04,1.62927
1984-01-05,1.646523
1984-01-06,1.661396
1984-01-07,1.673896
1984-01-08,1.684029
1984-01-09,1.692284
1984-01-10,1.698664
1984-01-11,1.703171
1984-01-12,1.705808
1984-01-13,1.706576
1984-01-14,1.705475
1984-01-15,1.702505
1984-01-16,1.697071
1984-01-17,1.689173
1984-01-18,1.678806
1984-01-19,1.665966
1984-01-20,1.650648
1984-01-21,1.632846
1984-01-22,1.612552
1984-01-23,1.591927
1984-01-24,1.57096
1984-01-25,1.549645
1984-01-26,1.527973
1984-01-27,1.505933
1984-01-28,1.483518
1984-01-29,1.460717
1984-01-30,1.435155
1984-01-31,1.406821
1984-02-01,1.375703
1984-02-02,1.344359
1984-02-03,1.312776
1984-02-04,1.280942
1984-02-05,1.248843
1984-02-06,1.217227
1984-02-07,1.186081
1984-02-08,1.155391
1984-02-09,1.125146
1984-02-10,1.095333
1984-02-11,1.065939
1984-02-12,1.036952
1984-02-13,1.008334
1984-02-14,0.980072
1984-02-15,0.952156
1984-02-16,0.924573
1984-02-17,0.897312
1984-02-18,0.870362
1984-02-19,0.843711
1984-02-20,0.817909
1984-02-21,0.792945
1984-02-22,0.768808
1984-02-23,0.745489
1984-02-24,0.722977
1984-02-25,0.701264
1984-02-26,0.680341
1984-02-27,0.659967
1984-02-28,0.640134
1984-02-29,0.620834
1984-03-01,0.60206
1984-03-02,0.584539
1984-03-03,0.568264
1984-03-04,0.55323
1984-03-05,0.539197
1984-03-06,0.52616
1984-03-07,0.514113
1984-03-08,0.503052
1984-03-09,0.492971
1984-03-10,0.483867
1984-03-11,0.475736
1984-03-12,0.468747
1984-03-13,0.462898
1984-03-14,0.458185
1984-03-15,0.454607
1984-03-16,0.452162
1984-03-17,0.45085
1984-03-18,0.450669
1984-03-19,0.451353
1984-03-20,0.452903
1984-03-21,0.455319
1984-03-22,0.458601
1984-03-23,0.462752
1984-03-24,0.467773
1984-03-25,0.473666
1984-03-26,0.480344
1984-03-27,0.487812
1984-03-28,0.496071
1984-03-29,0.505125
1984-03-30,0.514978
1984-03-31,0.525634
1984-04-01,0.537097
1984-04-02,0.54947
1984-04-03,0.562756
1984-04-04,0.576962
1984-04-05,0.592094
1984-04-06,0.608157
1984-04-07,0.625159
1984-04-08,0.643106
1984-04-09,0.659185
1984-04-10,0.673402
1984-04-11,0.685764
1984-04-12,0.696276
1984-04-13,0.704942
1984-04-14,0.711765
1984-04-15,0.716749
1984-04-16,0.721266
1984-04-17,0.72532
1984-04-18,0.728912
1984-04-19,0.732043
1984-04-20,0.734715
1984-04-21,0.736929
1984-04-22,0.738685
1984-04-23,0.740173
1984-04-24,0.741394
1984-04-25,0.742349
1984-04-26,0.743037
1984-04-27,0.743459
1984-04-28,0.743615
1984-04-29,0.743506
1984-04-30,0.742198
1984-05-01,0.739693
1984-05-02,0.737186
1984-05-03,0.734679
1984-05-04,0.73217
1984-05-05,0.729657
1984-05-06,0.727141
1984-05-07,0.72519
1984-05-08,0.723806
1984-05-09,0.722987
1984-05-10,0.722732
1984-05-11,0.723043
1984-05-12,0.723918
1984-05-13,0.725358
1984-05-14,0.726604
1984-05-15,0.727657
1984-05-16,0.728516
1984-05-17,0.729182
1984-05-18,0.729655
1984-05-19,0.729936
1984-05-20,0.730024
1984-05-21,0.730535
1984-05-22,0.731467
1984-05-23,0.732823
1984-05-24,0.734602
1984-05-25,0.736805
1984-05-26,0.739432
1984-05-27,0.742486
1984-05-28,0.746014
1984-05-29,0.750018
1984-05-30,0.7545
1984-05-31,0.759462
1984-06-01,0.764905
1984-06-02,0.7693
1984-06-03,0.77265
1984-06-04,0.775544
1984-06-05,0.777982
1984-06-06,0.779966
1984-06-07,0.781497
1984-06-08,0.782575
1984-06-09,0.783201
1984-06-10,0.783374
1984-06-11,0.782122
1984-06-12,0.779443
1984-06-13,0.775336
1984-06-14,0.769801
1984-06-15,0.762833
1984-06-16,0.754431
1984-06-17,0.744591
1984-06-18,0.733698
1984-06-19,0.721746
1984-06-20,0.708731
1984-06-21,0.694648
1984-06-22,0.679491
1984-06-23,0.663253
1984-06-24,0.645929
1984-06-25,0.627362
1984-06-26,0.607546
1984-06-27,0.586473
1984-06-28,0.564134
1984-06-29,0.540519
1984-06-30,0.51562
1984-07-01,0.489425
1984-07-02,0.464231
1984-07-03,0.44003
1984-07-04,0.416809
1984-07-05,0.394561
1984-07-06,0.373275
1984-07-07,0.352943
1984-07-08,0.333557
1984-07-09,0.31456
1984-07-10,0.295944
1984-07-11,0.277703
1984-07-12,0.259827
1984-07-13,0.242311
1984-07-14,0.225146
1984-07-15,0.208325
1984-07-16,0.191958
1984-07-17,0.176037
1984-07-18,0.160556
1984-07-19,0.145508
1984-07-20,0.130887
1984-07-21,0.116687
1984-07-22,0.102902
1984-07-23,0.089738
1984-07-24,0.077188
1984-07-25,0.065248
1984-07-26,0.053914
1984-07-27,0.043179
1984-07-28,0.03304
1984-07-29,0.023493
1984-07-30,0.015472
1984-07-31,0.008974
1984-08-01,0.003997
1984-08-02,-0.000111
1984-08-03,-0.003354
1984-08-04,-0.005732
1984-08-05,-0.007246
1984-08-06,-0.008997
1984-08-07,-0.010986
1984-08-08,-0.013214
1984-08-09,-0.015682
1984-08-10,-0.01839
1984-08-11,-0.02134
1984-08-12,-0.024534
1984-08-13,-0.026942
1984-08-14,-0.028565
1984-08-15,-0.029405
1984-08-16,-0.029462
1984-08-17,-0.028736
1984-08-18,-0.027226
1984-08-19,-0.024932
1984-08-20,-0.023042
1984-08-21,-0.021557
1984-08-22,-0.020474
1984-08-23,-0.019794
1984-08-24,-0.019516
1984-08-25,-0.019641
1984-08-26,-0.020168
1984-08-27,-0.021285
1984-08-28,-0.022991
1984-08-29,-0.025288
1984-08-30,-0.028176
1984-08-31,-0.031657
1984-09-01,-0.035732
1984-09-02,-0.040392
1984-09-03,-0.044438
1984-09-04,-0.047873
1984-09-05,-0.050697
1984-09-06,-0.052913
1984-09-07,-0.054521
1984-09-08,-0.055521
1984-09-09,-0.055914
1984-09-10,-0.056852
1984-09-11,-0.058334
1984-09-12,-0.060362
1984-09-13,-0.062935
1984-09-14,-0.066056
1984-09-15,-0.069725
1984-09-16,-0.073945
1984-09-17,-0.078234
1984-09-18,-0.082595
1984-09-19,-0.08703
1984-09-20,-0.09154
1984-09-21,-0.096128
1984-09-22,-0.100795
1984-09-23,-0.105543
1984-09-24,-0.110151
1984-09-25,-0.11462
1984-09-26,-0.118953
1984-09-27,-0.123152
1984-09-28,-0.127217
1984-09-29,-0.131151
1984-09-30,-0.134956
1984-10-01,-0.138897
1984-10-02,-0.14208
1984-10-03,-0.144508
1984-10-04,-0.14618
1984-10-05,-0.147097
1984-10-06,-0.14726
1984-10-07,-0.146669
1984-10-08,-0.145052
1984-10-09,-0.142409
1984-10-10,-0.138738
1984-10-11,-0.134038
1984-10-12,-0.128307
1984-10-13,-0.121542
1984-10-14,-0.113742
1984-10-15,-0.103899
1984-10-16,-0.09201
1984-10-17,-0.07807
1984-10-18,-0.062072
1984-10-19,-0.044011
1984-10-20,-0.023879
1984-10-21,-0.001667
1984-10-22,0.020749
1984-10-23,0.043377
1984-10-24,0.066227
1984-10-25,0.089309
1984-10-26,0.112632
1984-10-27,0.136206
1984-10-28,0.16004
1984-10-29,0.184687
1984-10-30,0.210158
1984-10-31,0.236463
1984-11-01,0.263612
1984-11-02,0.289246
1984-11-03,0.313376
1984-11-04,0.336012
1984-11-05,0.355919
1984-11-06,0.373105
1984-11-07,0.387578
1984-11-08,0.399343
1984-11-09,0.408404
1984-11-10,0.414767
1984-11-11,0.418433
1984-11-12,0.420274
1984-11-13,0.420291
1984-11-14,0.418483
1984-11-15,0.414849
1984-11-16,0.409389
1984-11-17,0.4021
1984-11-18,0.392979
1984-11-19,0.384522
1984-11-20,0.376727
1984-11-21,0.369589
1984-11-22,0.363106
1984-11-23,0.357276
1984-11-24,0.352095
1984-11-25,0.347563
1984-11-26,0.340394
1984-11-27,0.330587
1984-11-28,0.318138
1984-11-29,0.303041
1984-11-30,0.285289
1984-12-01,0.264877
1984-12-02,0.244265
1984-12-03,0.223848
1984-12-04,0.20362
1984-12-05,0.183571
1984-12-06,0.163693
1984-12-07,0.143978
1984-12-08,0.124418
1984-12-09,0.105004
1984-12-10,0.086639
1984-12-11,0.069315
1984-12-12,0.053025
1984-12-13,0.037762
1984-12-14,0.023519
1984-12-15,0.010291
1984-12-16,-0.001927
1984-12-17,-0.013597
1984-12-18,-0.024723
1984-12-19,-0.03531
1984-12-20,-0.045363
1984-12-21,-0.054885
1984-12-22,-0.06388
1984-12-23,-0.072353
1984-12-24,-0.080005
1984-12-25,-0.086841
1984-12-26,-0.092863
1984-12-27,-0.098073
1984-12-28,-0.102474
1984-12-29,-0.106067
1984-12-30,-0.108855
1984-12-31,-0.111289
1985-01-01,-0.113372
1985-01-02,-0.115761
1985-01-03,-0.118457
1985-01-04,-0.121462
1985-01-05,-0.124777
1985-01-06,-0.128404
1985-01-07,-0.131097
1985-01-08,-0.132859
1985-01-09,-0.133689
1985-01-10,-0.13359
1985-01-11,-0.132559
1985-01-12,-0.130598
1985-01-13,-0.127704
1985-01-14,-0.125924
1985-01-15,-0.125258
1985-01-16,-0.125704
1985-01-17,-0.127263
1985-01-18,-0.129936
1985-01-19,-0.133723
1985-01-20,-0.138627
1985-01-21,-0.143019
1985-01-22,-0.146902
1985-01-23,-0.150276
1985-01-24,-0.153144
1985-01-25,-0.155506
1985-01-26,-0.157364
1985-01-27,-0.158719
1985-01-28,-0.159156
1985-01-29,-0.158678
1985-01-30,-0.157282
1985-01-31,-0.15497
1985-02-01,-0.151739
1985-02-02,-0.147217
1985-02-03,-0.141401
1985-02-04,-0.134401
1985-02-05,-0.126212
1985-02-06,-0.116832
1985-02-07,-0.106257
1985-02-08,-0.094482
1985-02-09,-0.081502
1985-02-10,-0.067313
1985-02-11,-0.05305
1985-02-12,-0.038708
1985-02-13,-0.02428
1985-02-14,-0.00976
1985-02-15,0.004857
1985-02-16,0.019578
1985-02-17,0.034408
1985-02-18,0.049848
1985-02-19,0.065905
1985-02-20,0.082584
1985-02-21,0.099893
1985-02-22,0.11784
1985-02-23,0.13643
1985-02-24,0.155673
1985-02-25,0.174871
1985-02-26,0.194033
1985-02-27,0.213166
1985-02-28,0.232278
1985-03-01,0.251376
1985-03-02,0.268051
1985-03-03,0.282309
1985-03-04,0.295363
1985-03-05,0.307218
1985-03-06,0.317879
1985-03-07,0.327351
1985-03-08,0.335638
1985-03-09,0.342742
1985-03-10,0.348667
1985-03-11,0.352982
1985-03-12,0.355689
1985-03-13,0.35679
1985-03-14,0.356283
1985-03-15,0.35417
1985-03-16,0.350449
1985-03-17,0.34512
1985-03-18,0.337546
1985-03-19,0.327725
1985-03-20,0.315653
1985-03-21,0.301325
1985-03-22,0.284735
1985-03-23,0.265876
1985-03-24,0.24474
1985-03-25,0.222457
1985-03-26,0.199019
1985-03-27,0.174415
1985-03-28,0.148636
1985-03-29,0.12167
1985-03-30,0.093507
1985-03-31,0.064134
1985-04-01,0.033803
1985-04-02,0.006138
1985-04-03,-0.018874
1985-04-04,-0.041243
1985-04-05,-0.060979
1985-04-06,-0.078088
1985-04-07,-0.092579
1985-04-08,-0.105032
1985-04-09,-0.115453
1985-04-10,-0.123845
1985-04-11,-0.130214
1985-04-12,-0.13456
1985-04-13,-0.136886
1985-04-14,-0.137193
1985-04-15,-0.136644
1985-04-16,-0.135238
1985-04-17,-0.132976
1985-04-18,-0.129856
1985-04-19,-0.125876
1985-04-20,-0.121036
1985-04-21,-0.115333
1985-04-22,-0.108107
1985-04-23,-0.099356
1985-04-24,-0.089076
1985-04-25,-0.077263
1985-04-26,-0.063912
1985-04-27,-0.049017
1985-04-28,-0.032572
1985-04-29,-0.014159
1985-04-30,0.006229
1985-05-01,0.028602
1985-05-02,0.049289
1985-05-03,0.0683
1985-05-04,0.085643
1985-05-05,0.101324
1985-05-06,0.115366
1985-05-07,0.127775
1985-05-08,0.138556
1985-05-09,0.147713
1985-05-10,0.155251
1985-05-11,0.161173
1985-05-12,0.16548
1985-05-13,0.167868
1985-05-14,0.168338
1985-05-15,0.166889
1985-05-16,0.163521
1985-05-17,0.158234
1985-05-18,0.151023
1985-05-19,0.141888
1985-05-20,0.131172
1985-05-21,0.118873
1985-05-22,0.104984
1985-05-23,0.0895
1985-05-24,0.072415
1985-05-25,0.053722
1985-05-26,0.033412
1985-05-27,0.011107
1985-05-28,-0.013201
1985-05-29,-0.039523
1985-05-30,-0.067869
1985-05-31,-0.098252
1985-06-01,-0.130685
1985-06-02,-0.161918
1985-06-03,-0.191406
1985-06-04,-0.219162
1985-06-05,-0.245197
1985-06-06,-0.26952
1985-06-07,-0.292144
1985-06-08,-0.313076
1985-06-09,-0.332326
1985-06-10,-0.35094
1985-06-11,-0.368925
1985-06-12,-0.38629
1985-06-13,-0.40304
1985-06-14,-0.419184
1985-06-15,-0.434727
1985-06-16,-0.449676
1985-06-17,-0.463659
1985-06-18,-0.476681
1985-06-19,-0.488747
1985-06-20,-0.499862
1985-06-21,-0.510032
1985-06-22,-0.519259
1985-06-23,-0.527549
1985-06-24,-0.534555
1985-06-25,-0.54028
1985-06-26,-0.544727
1985-06-27,-0.547898
1985-06-28,-0.549793
1985-06-29,-0.550414
1985-06-30,-0.549761
1985-07-01,-0.547783
1985-07-02,-0.54449
1985-07-03,-0.539879
1985-07-04,-0.533948
1985-07-05,-0.526696
1985-07-06,-0.518119
1985-07-07,-0.508214
1985-07-08,-0.497592
1985-07-09,-0.48625
1985-07-10,-0.474183
1985-07-11,-0.461386
1985-07-12,-0.447854
1985-07-13,-0.433581
1985-07-14,-0.418561
1985-07-15,-0.403101
1985-07-16,-0.387194
1985-07-17,-0.370834
1985-07-18,-0.354015
1985-07-19,-0.336728
1985-07-20,-0.318968
1985-07-21,-0.300727
1985-07-22,-0.28164
1985-07-23,-0.2617
1985-07-24,-0.240899
1985-07-25,-0.219227
1985-07-26,-0.196677
1985-07-27,-0.173238
1985-07-28,-0.148902
1985-07-29,-0.121264
1985-07-30,-0.090313
1985-07-31,-0.056037
1985-08-01,-0.018421
1985-08-02,0.019452
1985-08-03,0.057598
1985-08-04,0.096031
1985-08-05,0.132599
1985-08-06,0.167315
1985-08-07,0.200195
1985-08-08,0.231251
1985-08-09,0.260497
1985-08-10,0.287944
1985-08-11,0.313605
1985-08-12,0.337594
1985-08-13,0.35992
1985-08-14,0.380593
1985-08-15,0.399623
1985-08-16,0.417015
1985-08-17,0.432779
1985-08-18,0.446919
1985-08-19,0.459855
1985-08-20,0.471592
1985-08-21,0.482135
1985-08-22,0.491487
1985-08-23,0.499653
1985-08-24,0.506637
1985-08-25,0.512441
1985-08-26,0.516988
1985-08-27,0.520281
1985-08-28,0.522321
1985-08-29,0.523108
1985-08-30,0.522643
1985-08-31,0.520926
1985-09-01,0.517956
1985-09-02,0.514788
1985-09-03,0.511421
1985-09-04,0.507852
1985-09-05,0.504082
1985-09-06,0.500107
1985-09-07,0.495926
1985-09-08,0.491539
1985-09-09,0.485383
1985-09-10,0.477457
1985-09-11,0.467757
1985-09-12,0.456279
1985-09-13,0.443019
1985-09-14,0.427971
1985-09-15,0.411128
1985-09-16,0.392946
1985-09-17,0.373418
1985-09-18,0.352535
1985-09-19,0.330289
1985-09-20,0.30667
1985-09-21,0.281669
1985-09-22,0.255275
1985-09-23,0.227675
1985-09-24,0.198857
1985-09-25,0.168808
1985-09-26,0.137518
1985-09-27,0.104972
1985-09-28,0.071158
1985-09-29,0.03606
1985-09-30,-0.000003
1985-10-01,-0.037046
1985-10-02,-0.071781
1985-10-03,-0.104221
1985-10-04,-0.134381
1985-10-05,-0.162271
1985-10-06,-0.187905
1985-10-07,-0.2118
1985-10-08,-0.233966
1985-10-09,-0.254413
1985-10-10,-0.273149
1985-10-11,-0.290181
1985-10-12,-0.305518
1985-10-13,-0.319164
1985-10-14,-0.330917
1985-10-15,-0.340781
1985-10-16,-0.348762
1985-10-17,-0.354861
1985-10-18,-0.359082
1985-10-19,-0.361426
1985-10-20,-0.361895
1985-10-21,-0.359679
1985-10-22,-0.354777
1985-10-23,-0.347188
1985-10-24,-0.336908
1985-10-25,-0.323933
1985-10-26,-0.308258
1985-10-27,-0.289876
1985-10-28,-0.270455
1985-10-29,-0.249986
1985-10-30,-0.228462
1985-10-31,-0.205874
1985-11-01,-0.182211
1985-11-02,-0.159894
1985-11-03,-0.138915
1985-11-04,-0.118415
1985-11-05,-0.098387
1985-11-06,-0.078823
1985-11-07,-0.059714
1985-11-08,-0.041052
1985-11-09,-0.02283
1985-11-10,-0.005039
1985-11-11,0.012383
1985-11-12,0.029446
1985-11-13,0.046156
1985-11-14,0.062521
1985-11-15,0.078545
1985-11-16,0.094238
1985-11-17,0.109604
1985-11-18,0.123987
1985-11-19,0.137395
1985-11-20,0.149831
1985-11-21,0.161301
1985-11-22,0.17181
1985-11-23,0.181363
1985-11-24,0.189963
1985-11-25,0.198773
1985-11-26,0.207797
1985-11-27,0.217039
1985-11-28,0.226502
1985-11-29,0.236191
1985-11-30,0.246109
1985-12-01,0.256261
1985-12-02,0.266584
1985-12-03,0.277081
1985-12-04,0.287758
1985-12-05,0.298618
1985-12-06,0.309666
1985-12-07,0.320907
1985-12-08,0.332345
1985-12-09,0.342966
1985-12-10,0.352775
1985-12-11,0.361775
1985-12-12,0.36997
1985-12-13,0.377364
1985-12-14,0.38396
1985-12-15,0.38976
1985-12-16,0.394978
1985-12-17,0.399616
1985-12-18,0.403675
1985-12-19,0.407158
1985-12-20,0.410066
1985-12-21,0.4124
1985-12-22,0.414161
1985-12-23,0.416777
1985-12-24,0.420249
1985-12-25,0.424579
1985-12-26,0.429768
1985-12-27,0.435819
1985-12-28,0.442735
1985-12-29,0.450517
1985-12-30,0.457038
1985-12-31,0.462301
1986-01-01,0.466308
1986-01-02,0.467955
1986-01-03,0.467241
1986-01-04,0.464166
1986-01-05,0.45873
1986-01-06,0.453728
1986-01-07,0.449158
1986-01-08,0.445019
1986-01-09,0.441309
1986-01-10,0.438026
1986-01-11,0.435168
1986-01-12,0.432735
1986-01-13,0.427705
1986-01-14,0.420073
1986-01-15,0.409839
1986-01-16,0.396996
1986-01-17,0.381541
1986-01-18,0.363466
1986-01-19,0.342765
1986-01-20,0.319961
1986-01-21,0.295045
1986-01-22,0.268006
1986-01-23,0.238835
1986-01-24,0.207517
1986-01-25,0.174042
1986-01-26,0.138394
1986-01-27,0.102308
1986-01-28,0.065771
1986-01-29,0.028765
1986-01-30,-0.008722
1986-01-31,-0.046709
1986-02-01,-0.085209
1986-02-02,-0.12154
1986-02-03,-0.156532
1986-02-04,-0.190199
1986-02-05,-0.222554
1986-02-06,-0.253612
1986-02-07,-0.283385
1986-02-08,-0.311886
1986-02-09,-0.339125
1986-02-10,-0.365584
1986-02-11,-0.391273
1986-02-12,-0.416202
1986-02-13,-0.440382
1986-02-14,-0.463823
1986-02-15,-0.486534
1986-02-16,-0.508526
1986-02-17,-0.528033
1986-02-18,-0.545064
1986-02-19,-0.559626
1986-02-20,-0.571726
1986-02-21,-0.581367
1986-02-22,-0.588554
1986-02-23,-0.59329
1986-02-24,-0.59766
1986-02-25,-0.601665
1986-02-26,-0.605307
1986-02-27,-0.608587
1986-02-28,-0.611507
1986-03-01,-0.614069
1986-03-02,-0.616149
1986-03-03,-0.617497
1986-03-04,-0.618115
1986-03-05,-0.618001
1986-03-06,-0.617156
1986-03-07,-0.615579
1986-03-08,-0.61327
1986-03-09,-0.610229
1986-03-10,-0.605336
1986-03-11,-0.59859
1986-03-12,-0.589988
1986-03-13,-0.579526
1986-03-14,-0.567201
1986-03-15,-0.553006
1986-03-16,-0.536937
1986-03-17,-0.519451
1986-03-18,-0.500542
1986-03-19,-0.480201
1986-03-20,-0.458419
1986-03-21,-0.435189
1986-03-22,-0.410501
1986-03-23,-0.384343
1986-03-24,-0.3565
1986-03-25,-0.326961
1986-03-26,-0.295713
1986-03-27,-0.262743
1986-03-28,-0.228038
1986-03-29,-0.191583
1986-03-30,-0.153364
1986-03-31,-0.114405
1986-04-01,-0.07469
1986-04-02,-0.037893
1986-04-03,-0.003997
1986-04-04,0.027012
1986-04-05,0.055145
1986-04-06,0.080416
1986-04-07,0.103826
1986-04-08,0.125385
1986-04-09,0.145103
1986-04-10,0.162988
1986-04-11,0.179046
1986-04-12,0.193285
1986-04-13,0.20571
1986-04-14,0.215804
1986-04-15,0.223572
1986-04-16,0.229016
1986-04-17,0.232139
1986-04-18,0.232941
1986-04-19,0.231425
1986-04-20,0.227587
1986-04-21,0.222005
1986-04-22,0.214674
1986-04-23,0.205592
1986-04-24,0.194756
1986-04-25,0.18216
1986-04-26,0.1678
1986-04-27,0.15167
1986-04-28,0.133444
1986-04-29,0.113115
1986-04-30,0.090675
1986-05-01,0.066114
1986-05-02,0.042129
1986-05-03,0.018708
1986-05-04,-0.004156
1986-05-05,-0.026401
1986-05-06,-0.048035
1986-05-07,-0.069067
1986-05-08,-0.089506
1986-05-09,-0.10936
1986-05-10,-0.128637
1986-05-11,-0.147346
1986-05-12,-0.166135
1986-05-13,-0.185012
1986-05-14,-0.203984
1986-05-15,-0.22306
1986-05-16,-0.242247
1986-05-17,-0.261553
1986-05-18,-0.280986
1986-05-19,-0.299997
1986-05-20,-0.318593
1986-05-21,-0.336783
1986-05-22,-0.354572
1986-05-23,-0.37197
1986-05-24,-0.388983
1986-05-25,-0.405618
1986-05-26,-0.422567
1986-05-27,-0.439838
1986-05-28,-0.457437
1986-05-29,-0.475372
1986-05-30,-0.493649
1986-05-31,-0.512278
1986-06-01,-0.531264
1986-06-02,-0.547792
1986-06-03,-0.561868
1986-06-04,-0.573497
1986-06-05,-0.582685
1986-06-06,-0.589435
1986-06-07,-0.59375
1986-06-08,-0.595632
1986-06-09,-0.595441
1986-06-10,-0.593177
1986-06-11,-0.588838
1986-06-12,-0.582423
1986-06-13,-0.573929
1986-06-14,-0.563353
1986-06-15,-0.550691
1986-06-16,-0.535753
1986-06-17,-0.518534
1986-06-18,-0.499027
1986-06-19,-0.477224
1986-06-20,-0.453115
1986-06-21,-0.426691
1986-06-22,-0.39794
1986-06-23,-0.366562
1986-06-24,-0.332542
1986-06-25,-0.295868
1986-06-26,-0.256523
1986-06-27,-0.214492
1986-06-28,-0.169757
1986-06-29,-0.1223
1986-06-30,-0.072242
1986-07-01,-0.019562
1986-07-02,0.03003
1986-07-03,0.076552
1986-07-04,0.120025
1986-07-05,0.160467
1986-07-06,0.197894
1986-07-07,0.231901
1986-07-08,0.262502
1986-07-09,0.28971
1986-07-10,0.313535
1986-07-11,0.333988
1986-07-12,0.351077
1986-07-13,0.36481
1986-07-14,0.375326
1986-07-15,0.38263
1986-07-16,0.386724
1986-07-17,0.387612
1986-07-18,0.385292
1986-07-19,0.379764
1986-07-20,0.371026
1986-07-21,0.359735
1986-07-22,0.345885
1986-07-23,0.329471
1986-07-24,0.310486
1986-07-25,0.288922
1986-07-26,0.264771
1986-07-27,0.238022
1986-07-28,0.210721
1986-07-29,0.182857
1986-07-30,0.154418
1986-07-31,0.125393
1986-08-01,0.095769
1986-08-02,0.070755
1986-08-03,0.050338
1986-08-04,0.032129
1986-08-05,0.016118
1986-08-06,0.002299
1986-08-07,-0.009333
1986-08-08,-0.018784
1986-08-09,-0.026057
1986-08-10,-0.031155
1986-08-11,-0.03449
1986-08-12,-0.036061
1986-08-13,-0.035871
1986-08-14,-0.033919
1986-08-15,-0.030203
1986-08-16,-0.024724
1986-08-17,-0.017478
1986-08-18,-0.008511
1986-08-19,0.00218
1986-08-20,0.014599
1986-08-21,0.028753
1986-08-22,0.044645
1986-08-23,0.062284
1986-08-24,0.081677
1986-08-25,0.103465
1986-08-26,0.127656
1986-08-27,0.154263
1986-08-28,0.183294
1986-08-29,0.214762
1986-08-30,0.248681
1986-08-31,0.285064
1986-09-01,0.323731
1986-09-02,0.35985
1986-09-03,0.393437
1986-09-04,0.424506
1986-09-05,0.453069
1986-09-06,0.479137
1986-09-07,0.502723
1986-09-08,0.523627
1986-09-09,0.541859
1986-09-10,0.557426
1986-09-11,0.570335
1986-09-12,0.58059
1986-09-13,0.588196
1986-09-14,0.593157
1986-09-15,0.595965
1986-09-16,0.596623
1986-09-17,0.595131
1986-09-18,0.591488
1986-09-19,0.585692
1986-09-20,0.577742
1986-09-21,0.567633
1986-09-22,0.554685
1986-09-23,0.538892
1986-09-24,0.520248
1986-09-25,0.498746
1986-09-26,0.474375
1986-09-27,0.447127
1986-09-28,0.41699
1986-09-29,0.384458
1986-09-30,0.349516
1986-10-01,0.312152
1986-10-02,0.276493
1986-10-03,0.242525
1986-10-04,0.210235
1986-10-05,0.179608
1986-10-06,0.150341
1986-10-07,0.122422
1986-10-08,0.095839
1986-10-09,0.070582
1986-10-10,0.04664
1986-10-11,0.024003
1986-10-12,0.002661
1986-10-13,-0.017324
1986-10-14,-0.035962
1986-10-15,-0.05326
1986-10-16,-0.069225
1986-10-17,-0.083863
1986-10-18,-0.097181
1986-10-19,-0.109185
1986-10-20,-0.120475
1986-10-21,-0.131056
1986-10-22,-0.140932
1986-10-23,-0.150107
1986-10-24,-0.158586
1986-10-25,-0.166371
1986-10-26,-0.173466
1986-10-27,-0.179491
1986-10-28,-0.184449
1986-10-29,-0.18834
1986-10-30,-0.191168
1986-10-31,-0.192933
1986-11-01,-0.193636
1986-11-02,-0.193256
1986-11-03,-0.192206
1986-11-04,-0.190483
1986-11-05,-0.188088
1986-11-06,-0.185019
1986-11-07,-0.181276
1986-11-08,-0.176856
1986-11-09,-0.171758
1986-11-10,-0.164463
1986-11-11,-0.154968
1986-11-12,-0.143269
1986-11-13,-0.129362
1986-11-14,-0.11324
1986-11-15,-0.094897
1986-11-16,-0.074325
1986-11-17,-0.052289
1986-11-18,-0.02878
1986-11-19,-0.003788
1986-11-20,0.022698
1986-11-21,0.050688
1986-11-22,0.080194
1986-11-23,0.111228
1986-11-24,0.143648
1986-11-25,0.177467
1986-11-26,0.2127
1986-11-27,0.249361
1986-11-28,0.287465
1986-11-29,0.327028
1986-11-30,0.368067
1986-12-01,0.410623
1986-12-02,0.44944
1986-12-03,0.484534
1986-12-04,0.51592
1986-12-05,0.543611
1986-12-06,0.567617
1986-12-07,0.58795
1986-12-08,0.605303
1986-12-09,0.619686
1986-12-10,0.631102
1986-12-11,0.639558
1986-12-12,0.645057
1986-12-13,0.6476
1986-12-14,0.64719
1986-12-15,0.642174
1986-12-16,0.632551
1986-12-17,0.618316
1986-12-18,0.599464
1986-12-19,0.575987
1986-12-20,0.547875
1986-12-21,0.515117
1986-12-22,0.478546
1986-12-23,0.438147
1986-12-24,0.393903
1986-12-25,0.345796
1986-12-26,0.293806
1986-12-27,0.237912
1986-12-28,0.17809
1986-12-29,0.1135
1986-12-30,0.044116
1986-12-31,-0.030091
1987-01-01,-0.109152
1987-01-02,-0.183836
1987-01-03,-0.254176
1987-01-04,-0.320198
1987-01-05,-0.379892
1987-01-06,-0.433281
1987-01-07,-0.480387
1987-01-08,-0.521231
1987-01-09,-0.555828
1987-01-10,-0.584193
1987-01-11,-0.606338
1987-01-12,-0.623701
1987-01-13,-0.636289
1987-01-14,-0.644108
1987-01-15,-0.64716
1987-01-16,-0.645448
1987-01-17,-0.638969
1987-01-18,-0.627722
1987-01-19,-0.611161
1987-01-20,-0.589279
1987-01-21,-0.562068
1987-01-22,-0.529515
1987-01-23,-0.491608
1987-01-24,-0.448331
1987-01-25,-0.399666
1987-01-26,-0.344695
1987-01-27,-0.283396
1987-01-28,-0.215744
1987-01-29,-0.14171
1987-01-30,-0.061263
1987-01-31,0.025628
1987-02-01,0.119001
1987-02-02,0.207904
1987-02-03,0.292374
1987-02-04,0.372445
1987-02-05,0.44815
1987-02-06,0.519522
1987-02-07,0.586589
1987-02-08,0.649379
1987-02-09,0.706705
1987-02-10,0.758591
1987-02-11,0.805059
1987-02-12,0.846127
1987-02-13,0.881812
1987-02-14,0.91213
1987-02-15,0.937093
1987-02-16,0.958182
1987-02-17,0.975405
1987-02-18,0.988771
1987-02-19,0.998283
1987-02-20,1.003946
1987-02-21,1.005764
1987-02-22,1.003735
1987-02-23,0.998041
1987-02-24,0.98868
1987-02-25,0.975648
1987-02-26,0.958939
1987-02-27,0.938547
1987-02-28,0.914463
1987-03-01,0.886677
1987-03-02,0.859418
1987-03-03,0.832675
1987-03-04,0.806437
1987-03-05,0.780693
1987-03-06,0.755432
1987-03-07,0.730644
1987-03-08,0.706319
1987-03-09,0.68282
1987-03-10,0.660139
1987-03-11,0.638265
1987-03-12,0.617189
1987-03-13,0.596904
1987-03-14,0.5774
1987-03-15,0.558669
1987-03-16,0.540777
1987-03-17,0.523717
1987-03-18,0.507481
1987-03-19,0.492063
1987-03-20,0.477456
1987-03-21,0.463655
1987-03-22,0.450654
1987-03-23,0.438032
1987-03-24,0.425784
1987-03-25,0.413906
1987-03-26,0.402392
1987-03-27,0.391237
1987-03-28,0.380438
1987-03-29,0.369989
1987-03-30,0.360453
1987-03-31,0.351826
1987-04-01,0.344104
1987-04-02,0.33676
1987-04-03,0.329789
1987-04-04,0.323191
1987-04-05,0.316961
1987-04-06,0.311276
1987-04-07,0.306135
1987-04-08,0.301535
1987-04-09,0.297473
1987-04-10,0.29395
1987-04-11,0.290962
1987-04-12,0.288509
1987-04-13,0.286731
1987-04-14,0.285628
1987-04-15,0.2852
1987-04-16,0.285445
1987-04-17,0.286364
1987-04-18,0.287958
1987-04-19,0.290228
1987-04-20,0.291747
1987-04-21,0.292519
1987-04-22,0.292542
1987-04-23,0.291817
1987-04-24,0.290343
1987-04-25,0.28812
1987-04-26,0.285147
1987-04-27,0.282432
1987-04-28,0.279974
1987-04-29,0.277771
1987-04-30,0.275824
1987-05-01,0.27413
1987-05-02,0.272616
1987-05-03,0.271281
1987-05-04,0.26936
1987-05-05,0.266854
1987-05-06,0.263761
1987-05-07,0.26008
1987-05-08,0.255809
1987-05-09,0.250947
1987-05-10,0.245491
1987-05-11,0.241263
1987-05-12,0.23826
1987-05-13,0.236482
1987-05-14,0.235928
1987-05-15,0.236598
1987-05-16,0.238491
1987-05-17,0.241609
1987-05-18,0.244904
1987-05-19,0.248378
1987-05-20,0.252032
1987-05-21,0.255868
1987-05-22,0.259886
1987-05-23,0.26409
1987-05-24,0.26848
1987-05-25,0.27221
1987-05-26,0.27528
1987-05-27,0.277693
1987-05-28,0.27945
1987-05-29,0.28055
1987-05-30,0.280995
1987-05-31,0.280784
1987-06-01,0.280755
1987-06-02,0.281404
1987-06-03,0.282734
1987-06-04,0.284744
1987-06-05,0.287436
1987-06-06,0.29081
1987-06-07,0.294867
1987-06-08,0.298986
1987-06-09,0.303167
1987-06-10,0.307414
1987-06-11,0.311726
1987-06-12,0.316107
1987-06-13,0.320557
1987-06-14,0.32508
1987-06-15,0.330341
1987-06-16,0.336343
1987-06-17,0.343088
1987-06-18,0.35058
1987-06-19,0.35882
1987-06-20,0.367814
1987-06-21,0.377563
1987-06-22,0.388264
1987-06-23,0.39992
1987-06-24,0.412536
1987-06-25,0.426118
1987-06-26,0.440671
1987-06-27,0.456201
1987-06-28,0.472715
1987-06-29,0.489924
1987-06-30,0.507836
1987-07-01,0.526458
1987-07-02,0.543889
1987-07-03,0.560136
1987-07-04,0.575207
1987-07-05,0.589106
1987-07-06,0.601446
1987-07-07,0.612232
1987-07-08,0.621469
1987-07-09,0.62916
1987-07-10,0.635308
1987-07-11,0.639915
1987-07-12,0.642985
1987-07-13,0.6446
1987-07-14,0.644762
1987-07-15,0.64347
1987-07-16,0.640724
1987-07-17,0.636522
1987-07-18,0.630863
1987-07-19,0.623745
1987-07-20,0.616096
1987-07-21,0.607913
1987-07-22,0.599192
1987-07-23,0.58993
1987-07-24,0.580123
1987-07-25,0.569767
1987-07-26,0.558857
1987-07-27,0.547846
1987-07-28,0.536729
1987-07-29,0.525501
1987-07-30,0.514159
1987-07-31,0.502696
1987-08-01,0.491109
1987-08-02,0.481484
1987-08-03,0.471814
1987-08-04,0.462095
1987-08-05,0.452323
1987-08-06,0.442493
1987-08-07,0.432602
1987-08-08,0.422646
1987-08-09,0.41262
1987-08-10,0.403075
1987-08-11,0.394006
1987-08-12,0.38541
1987-08-13,0.377283
1987-08-14,0.369622
1987-08-15,0.362424
1987-08-16,0.355685
1987-08-17,0.349434
1987-08-18,0.343669
1987-08-19,0.338387
1987-08-20,0.333585
1987-08-21,0.329263
1987-08-22,0.325417
1987-08-23,0.322048
1987-08-24,0.319906
1987-08-25,0.318992
1987-08-26,0.319305
1987-08-27,0.320846
1987-08-28,0.323614
1987-08-29,0.327611
1987-08-30,0.332839
1987-08-31,0.338596
1987-09-01,0.344882
1987-09-02,0.351785
1987-09-03,0.359307
1987-09-04,0.36745
1987-09-05,0.376218
1987-09-06,0.385615
1987-09-07,0.395061
1987-09-08,0.40456
1987-09-09,0.414116
1987-09-10,0.423732
1987-09-11,0.433412
1987-09-12,0.443161
1987-09-13,0.452983
1987-09-14,0.464263
1987-09-15,0.477005
1987-09-16,0.491214
1987-09-17,0.506897
1987-09-18,0.52406
1987-09-19,0.54271
1987-09-20,0.562855
1987-09-21,0.584352
1987-09-22,0.607209
1987-09-23,0.631437
1987-09-24,0.657045
1987-09-25,0.684043
1987-09-26,0.712443
1987-09-27,0.742257
1987-09-28,0.77245
1987-09-29,0.803032
1987-09-30,0.834018
1987-10-01,0.865421
1987-10-02,0.893989
1987-10-03,0.919734
1987-10-04,0.942668
1987-10-05,0.963834
1987-10-06,0.98324
1987-10-07,1.000895
1987-10-08,1.016806
1987-10-09,1.03098
1987-10-10,1.043422
1987-10-11,1.054138
1987-10-12,1.062517
1987-10-13,1.068565
1987-10-14,1.072282
1987-10-15,1.073672
1987-10-16,1.072734
1987-10-17,1.069467
1987-10-18,1.063872
1987-10-19,1.056247
1987-10-20,1.046591
1987-10-21,1.034898
1987-10-22,1.021165
1987-10-23,1.005385
1987-10-24,0.987552
1987-10-25,0.967659
1987-10-26,0.945142
1987-10-27,0.919992
1987-10-28,0.892199
1987-10-29,0.861751
1987-10-30,0.828636
1987-10-31,0.79284
1987-11-01,0.754347
1987-11-02,0.717989
1987-11-03,0.683748
1987-11-04,0.651612
1987-11-05,0.621567
1987-11-06,0.593601
1987-11-07,0.567701
1987-11-08,0.543858
1987-11-09,0.522142
1987-11-10,0.502543
1987-11-11,0.485054
1987-11-12,0.469667
1987-11-13,0.456376
1987-11-14,0.445176
1987-11-15,0.436061
1987-11-16,0.429032
1987-11-17,0.424087
1987-11-18,0.421222
1987-11-19,0.420437
1987-11-20,0.421732
1987-11-21,0.425106
1987-11-22,0.430562
1987-11-23,0.437172
1987-11-24,0.444939
1987-11-25,0.453867
1987-11-26,0.463958
1987-11-27,0.475218
1987-11-28,0.48765
1987-11-29,0.501261
1987-11-30,0.517131
1987-12-01,0.535268
1987-12-02,0.551817
1987-12-03,0.566786
1987-12-04,0.580179
1987-12-05,0.592003
1987-12-06,0.602262
1987-12-07,0.610308
1987-12-08,0.616145
1987-12-09,0.619775
1987-12-10,0.621199
1987-12-11,0.620419
1987-12-12,0.617432
1987-12-13,0.61224
1987-12-14,0.605192
1987-12-15,0.596286
1987-12-16,0.585518
1987-12-17,0.572884
1987-12-18,0.558379
1987-12-19,0.541996
1987-12-20,0.523729
1987-12-21,0.502978
1987-12-22,0.479735
1987-12-23,0.45399
1987-12-24,0.425731
1987-12-25,0.394949
1987-12-26,0.361629
1987-12-27,0.325758
1987-12-28,0.287556
1987-12-29,0.247007
1987-12-30,0.204095
1987-12-31,0.158801
1988-01-01,0.111107
1988-01-02,0.066242
1988-01-03,0.024188
1988-01-04,-0.014609
1988-01-05,-0.050166
1988-01-06,-0.082498
1988-01-07,-0.111617
1988-01-08,-0.137537
1988-01-09,-0.160267
1988-01-10,-0.179816
1988-01-11,-0.195029
1988-01-12,-0.205912
1988-01-13,-0.212468
1988-01-14,-0.2147
1988-01-15,-0.212611
1988-01-16,-0.206198
1988-01-17,-0.195458
1988-01-18,-0.18313
1988-01-19,-0.169206
1988-01-20,-0.153682
1988-01-21,-0.136551
1988-01-22,-0.117806
1988-01-23,-0.097439
1988-01-24,-0.075442
1988-01-25,-0.050333
1988-01-26,-0.022102
1988-01-27,0.009264
1988-01-28,0.043776
1988-01-29,0.08145
1988-01-30,0.122301
1988-01-31,0.166346
1988-02-01,0.212247
1988-02-02,0.255311
1988-02-03,0.295556
1988-02-04,0.332997
1988-02-05,0.36765
1988-02-06,0.39953
1988-02-07,0.428651
1988-02-08,0.455784
1988-02-09,0.480941
1988-02-10,0.504132
1988-02-11,0.525368
1988-02-12,0.544656
1988-02-13,0.562005
1988-02-14,0.577422
1988-02-15,0.591952
1988-02-16,0.605601
1988-02-17,0.618375
1988-02-18,0.630279
1988-02-19,0.641317
1988-02-20,0.651495
1988-02-21,0.660816
1988-02-22,0.66823
1988-02-23,0.67374
1988-02-24,0.677347
1988-02-25,0.679055
1988-02-26,0.678862
1988-02-27,0.67677
1988-02-28,0.672777
1988-02-29,0.66669
1988-03-01,0.658508
1988-03-02,0.650034
1988-03-03,0.641265
1988-03-04,0.632197
1988-03-05,0.622826
1988-03-06,0.613149
1988-03-07,0.603546
1988-03-08,0.594013
1988-03-09,0.584546
1988-03-10,0.57514
1988-03-11,0.565793
1988-03-12,0.556501
1988-03-13,0.547259
1988-03-14,0.538322
1988-03-15,0.529689
1988-03-16,0.521354
1988-03-17,0.513314
1988-03-18,0.505566
1988-03-19,0.498108
1988-03-20,0.490934
1988-03-21,0.483772
1988-03-22,0.476618
1988-03-23,0.469468
1988-03-24,0.46232
1988-03-25,0.45517
1988-03-26,0.448017
1988-03-27,0.440857
1988-03-28,0.434037
1988-03-29,0.427556
1988-03-30,0.42141
1988-03-31,0.415598
1988-04-01,0.410115
1988-04-02,0.404456
1988-04-03,0.398617
1988-04-04,0.392552
1988-04-05,0.386259
1988-04-06,0.379734
1988-04-07,0.372975
1988-04-08,0.36598
1988-04-09,0.358746
1988-04-10,0.351268
1988-04-11,0.343409
1988-04-12,0.335165
1988-04-13,0.326532
1988-04-14,0.317507
1988-04-15,0.308086
1988-04-16,0.298265
1988-04-17,0.28804
1988-04-18,0.277265
1988-04-19,0.265936
1988-04-20,0.254048
1988-04-21,0.241597
1988-04-22,0.228576
1988-04-23,0.214981
1988-04-24,0.200806
1988-04-25,0.186166
1988-04-26,0.171057
1988-04-27,0.155471
1988-04-28,0.139403
1988-04-29,0.122845
1988-04-30,0.105791
1988-05-01,0.088233
1988-05-02,0.071926
1988-05-03,0.056863
1988-05-04,0.043038
1988-05-05,0.030446
1988-05-06,0.01908
1988-05-07,0.008937
1988-05-08,0.000011
1988-05-09,-0.007306
1988-05-10,-0.013019
1988-05-11,-0.017129
1988-05-12,-0.019639
1988-05-13,-0.020549
1988-05-14,-0.019859
1988-05-15,-0.01757
1988-05-16,-0.013673
1988-05-17,-0.008166
1988-05-18,-0.001048
1988-05-19,0.007685
1988-05-20,0.018036
1988-05-21,0.030009
1988-05-22,0.04361
1988-05-23,0.058366
1988-05-24,0.074281
1988-05-25,0.091364
1988-05-26,0.109621
1988-05-27,0.129059
1988-05-28,0.149687
1988-05-29,0.171514
1988-05-30,0.194692
1988-05-31,0.219231
1988-06-01,0.245143
1988-06-02,0.269174
1988-06-03,0.291334
1988-06-04,0.311634
1988-06-05,0.33008
1988-06-06,0.346603
1988-06-07,0.361207
1988-06-08,0.3739
1988-06-09,0.384687
1988-06-10,0.393572
1988-06-11,0.400559
1988-06-12,0.405651
1988-06-13,0.409343
1988-06-14,0.411636
1988-06-15,0.412532
1988-06-16,0.412031
1988-06-17,0.410132
1988-06-18,0.406836
1988-06-19,0.402139
1988-06-20,0.395595
1988-06-21,0.3872
1988-06-22,0.37695
1988-06-23,0.364842
1988-06-24,0.35087
1988-06-25,0.335028
1988-06-26,0.317311
1988-06-27,0.297782
1988-06-28,0.276434
1988-06-29,0.253258
1988-06-30,0.228244
1988-07-01,0.201381
1988-07-02,0.175366
1988-07-03,0.150188
1988-07-04,0.125815
1988-07-05,0.102238
1988-07-06,0.079446
1988-07-07,0.05743
1988-07-08,0.036181
1988-07-09,0.015691
1988-07-10,-0.00405
1988-07-11,-0.022437
1988-07-12,-0.039477
1988-07-13,-0.055178
1988-07-14,-0.069547
1988-07-15,-0.082589
1988-07-16,-0.094309
1988-07-17,-0.104713
1988-07-18,-0.112586
1988-07-19,-0.11793
1988-07-20,-0.120749
1988-07-21,-0.121043
1988-07-22,-0.118812
1988-07-23,-0.114056
1988-07-24,-0.106772
1988-07-25,-0.099698
1988-07-26,-0.09283
1988-07-27,-0.086167
1988-07-28,-0.079704
1988-07-29,-0.07344
1988-07-30,-0.067372
1988-07-31,-0.061498
1988-08-01,-0.055475
1988-08-02,-0.050148
1988-08-03,-0.045514
1988-08-04,-0.041571
1988-08-05,-0.038318
1988-08-06,-0.035753
1988-08-07,-0.033875
1988-08-08,-0.032204
1988-08-09,-0.030738
1988-08-10,-0.029478
1988-08-11,-0.028422
1988-08-12,-0.027571
1988-08-13,-0.026923
1988-08-14,-0.026479
1988-08-15,-0.025883
1988-08-16,-0.025135
1988-08-17,-0.024233
1988-08-18,-0.023179
1988-08-19,-0.02197
1988-08-20,-0.020608
1988-08-21,-0.01909
1988-08-22,-0.017637
1988-08-23,-0.016247
1988-08-24,-0.01492
1988-08-25,-0.013656
1988-08-26,-0.012452
1988-08-27,-0.011311
1988-08-28,-0.01023
1988-08-29,-0.009569
1988-08-30,-0.009328
1988-08-31,-0.009507
1988-09-01,-0.010107
1988-09-02,-0.010414
1988-09-03,-0.010429
1988-09-04,-0.010153
1988-09-05,-0.009234
1988-09-06,-0.007673
1988-09-07,-0.005468
1988-09-08,-0.00262
1988-09-09,0.000875
1988-09-10,0.005016
1988-09-11,0.009805
1988-09-12,0.015338
1988-09-13,0.021616
1988-09-14,0.028641
1988-09-15,0.036418
1988-09-16,0.044949
1988-09-17,0.054237
1988-09-18,0.064287
1988-09-19,0.074842
1988-09-20,0.085905
1988-09-21,0.097482
1988-09-22,0.109577
1988-09-23,0.122196
1988-09-24,0.135343
1988-09-25,0.149024
1988-09-26,0.16307
1988-09-27,0.177487
1988-09-28,0.19228
1988-09-29,0.207456
1988-09-30,0.223022
1988-10-01,0.238982
1988-10-02,0.253883
1988-10-03,0.268137
1988-10-04,0.281748
1988-10-05,0.294724
1988-10-06,0.307068
1988-10-07,0.318787
1988-10-08,0.329885
1988-10-09,0.340366
1988-10-10,0.350289
1988-10-11,0.359657
1988-10-12,0.368474
1988-10-13,0.376743
1988-10-14,0.384469
1988-10-15,0.391654
1988-10-16,0.398301
1988-10-17,0.40406
1988-10-18,0.408932
1988-10-19,0.412921
1988-10-20,0.416027
1988-10-21,0.418251
1988-10-22,0.419596
1988-10-23,0.420061
1988-10-24,0.420313
1988-10-25,0.420354
1988-10-26,0.420182
1988-10-27,0.419798
1988-10-28,0.419202
1988-10-29,0.418393
1988-10-30,0.417372
1988-10-31,0.415381
1988-11-01,0.412419
1988-11-02,0.409498
1988-11-03,0.406616
1988-11-04,0.403773
1988-11-05,0.400967
1988-11-06,0.398196
1988-11-07,0.395809
1988-11-08,0.393803
1988-11-09,0.392177
1988-11-10,0.390932
1988-11-11,0.390066
1988-11-12,0.38958
1988-11-13,0.389473
1988-11-14,0.390238
1988-11-15,0.391876
1988-11-16,0.394388
1988-11-17,0.397774
1988-11-18,0.402036
1988-11-19,0.407176
1988-11-20,0.413196
1988-11-21,0.419888
1988-11-22,0.427256
1988-11-23,0.435304
1988-11-24,0.444033
1988-11-25,0.453448
1988-11-26,0.463552
1988-11-27,0.47435
1988-11-28,0.485591
1988-11-29,0.497278
1988-11-30,0.509416
1988-12-01,0.522012
1988-12-02,0.533925
1988-12-03,0.54516
1988-12-04,0.555722
1988-12-05,0.565084
1988-12-06,0.573248
1988-12-07,0.580218
1988-12-08,0.585997
1988-12-09,0.590587
1988-12-10,0.59399
1988-12-11,0.596208
1988-12-12,0.598174
1988-12-13,0.599887
1988-12-14,0.60135
1988-12-15,0.602563
1988-12-16,0.603525
1988-12-17,0.604238
1988-12-18,0.604702
1988-12-19,0.604251
1988-12-20,0.602886
1988-12-21,0.600605
1988-12-22,0.597409
1988-12-23,0.593294
1988-12-24,0.588261
1988-12-25,0.582306
1988-12-26,0.576539
1988-12-27,0.570959
1988-12-28,0.565562
1988-12-29,0.560346
1988-12-30,0.55531
1988-12-31,0.55045
1989-01-01,0.545766
1989-01-02,0.54008
1989-01-03,0.53339
1989-01-04,0.525693
1989-01-05,0.516986
1989-01-06,0.507265
1989-01-07,0.496527
1989-01-08,0.484766
1989-01-09,0.47147
1989-01-10,0.456632
1989-01-11,0.440246
1989-01-12,0.422305
1989-01-13,0.402803
1989-01-14,0.38173
1989-01-15,0.359079
1989-01-16,0.335479
1989-01-17,0.310922
1989-01-18,0.285396
1989-01-19,0.258891
1989-01-20,0.231397
1989-01-21,0.202901
1989-01-22,0.173392
1989-01-23,0.143464
1989-01-24,0.113105
1989-01-25,0.082301
1989-01-26,0.051039
1989-01-27,0.019308
1989-01-28,-0.012906
1989-01-29,-0.045617
1989-01-30,-0.079747
1989-01-31,-0.115312
1989-02-01,-0.152326
1989-02-02,-0.188079
1989-02-03,-0.222586
1989-02-04,-0.255861
1989-02-05,-0.287919
1989-02-06,-0.316961
1989-02-07,-0.342998
1989-02-08,-0.366041
1989-02-09,-0.386101
1989-02-10,-0.403186
1989-02-11,-0.417301
1989-02-12,-0.428454
1989-02-13,-0.438914
1989-02-14,-0.448685
1989-02-15,-0.457772
1989-02-16,-0.466178
1989-02-17,-0.473907
1989-02-18,-0.480961
1989-02-19,-0.487345
1989-02-20,-0.492543
1989-02-21,-0.496559
1989-02-22,-0.499393
1989-02-23,-0.501048
1989-02-24,-0.501524
1989-02-25,-0.50082
1989-02-26,-0.498938
1989-02-27,-0.49453
1989-02-28,-0.487596
1989-03-01,-0.478131
1989-03-02,-0.467757
1989-03-03,-0.456468
1989-03-04,-0.444259
1989-03-05,-0.431126
1989-03-06,-0.41815
1989-03-07,-0.405326
1989-03-08,-0.392649
1989-03-09,-0.380113
1989-03-10,-0.367713
1989-03-11,-0.355444
1989-03-12,-0.343301
1989-03-13,-0.331539
1989-03-14,-0.320154
1989-03-15,-0.309141
1989-03-16,-0.298495
1989-03-17,-0.288212
1989-03-18,-0.278287
1989-03-19,-0.268717
1989-03-20,-0.259227
1989-03-21,-0.249813
1989-03-22,-0.240471
1989-03-23,-0.231196
1989-03-24,-0.221987
1989-03-25,-0.212837
1989-03-26,-0.203745
1989-03-27,-0.194519
1989-03-28,-0.185154
1989-03-29,-0.175649
1989-03-30,-0.165998
1989-03-31,-0.156197
1989-04-01,-0.146242
1989-04-02,-0.137136
1989-04-03,-0.129446
1989-04-04,-0.123171
1989-04-05,-0.118307
1989-04-06,-0.114852
1989-04-07,-0.112806
1989-04-08,-0.112168
1989-04-09,-0.112936
1989-04-10,-0.115032
1989-04-11,-0.118457
1989-04-12,-0.123211
1989-04-13,-0.129298
1989-04-14,-0.136719
1989-04-15,-0.145478
1989-04-16,-0.155578
1989-04-17,-0.166859
1989-04-18,-0.179326
1989-04-19,-0.192983
1989-04-20,-0.207837
1989-04-21,-0.223893
1989-04-22,-0.241158
1989-04-23,-0.25964
1989-04-24,-0.278913
1989-04-25,-0.298986
1989-04-26,-0.319867
1989-04-27,-0.341565
1989-04-28,-0.364088
1989-04-29,-0.387446
1989-04-30,-0.411649
1989-05-01,-0.436626
1989-05-02,-0.460122
1989-05-03,-0.482146
1989-05-04,-0.502708
1989-05-05,-0.521816
1989-05-06,-0.539478
1989-05-07,-0.555702
1989-05-08,-0.570361
1989-05-09,-0.583462
1989-05-10,-0.59501
1989-05-11,-0.605011
1989-05-12,-0.613468
1989-05-13,-0.620384
1989-05-14,-0.625763
1989-05-15,-0.630632
1989-05-16,-0.634994
1989-05-17,-0.638849
1989-05-18,-0.6422
1989-05-19,-0.645049
1989-05-20,-0.647395
1989-05-21,-0.649241
1989-05-22,-0.649925
1989-05-23,-0.649448
1989-05-24,-0.647811
1989-05-25,-0.645011
1989-05-26,-0.641048
1989-05-27,-0.635921
1989-05-28,-0.629627
1989-05-29,-0.622335
1989-05-30,-0.614041
1989-05-31,-0.604742
1989-06-01,-0.594434
1989-06-02,-0.585587
1989-06-03,-0.578198
1989-06-04,-0.572264
1989-06-05,-0.567463
1989-06-06,-0.563793
1989-06-07,-0.561253
1989-06-08,-0.559841
1989-06-09,-0.559558
1989-06-10,-0.560402
1989-06-11,-0.562374
1989-06-12,-0.56556
1989-06-13,-0.56996
1989-06-14,-0.575576
1989-06-15,-0.58241
1989-06-16,-0.590465
1989-06-17,-0.599745
1989-06-18,-0.610254
1989-06-19,-0.622178
1989-06-20,-0.635522
1989-06-21,-0.650292
1989-06-22,-0.666493
1989-06-23,-0.684133
1989-06-24,-0.703219
1989-06-25,-0.723759
1989-06-26,-0.745326
1989-06-27,-0.767929
1989-06-28,-0.791578
1989-06-29,-0.816283
1989-06-30,-0.842052
1989-07-01,-0.868898
1989-07-02,-0.892064
1989-07-03,-0.912418
1989-07-04,-0.929968
1989-07-05,-0.944722
1989-07-06,-0.956684
1989-07-07,-0.965862
1989-07-08,-0.972257
1989-07-09,-0.975873
1989-07-10,-0.976003
1989-07-11,-0.972648
1989-07-12,-0.965805
1989-07-13,-0.955473
1989-07-14,-0.941647
1989-07-15,-0.92432
1989-07-16,-0.903487
1989-07-17,-0.880237
1989-07-18,-0.854561
1989-07-19,-0.82645
1989-07-20,-0.79589
1989-07-21,-0.762869
1989-07-22,-0.727374
1989-07-23,-0.68939
1989-07-24,-0.647902
1989-07-25,-0.602891
1989-07-26,-0.554339
1989-07-27,-0.502227
1989-07-28,-0.446533
1989-07-29,-0.387233
1989-07-30,-0.324303
1989-07-31,-0.257846
1989-08-01,-0.187834
1989-08-02,-0.121247
1989-08-03,-0.058059
1989-08-04,0.001756
1989-08-05,0.058225
1989-08-06,0.111369
1989-08-07,0.161342
1989-08-08,0.208166
1989-08-09,0.25186
1989-08-10,0.292441
1989-08-11,0.329927
1989-08-12,0.364333
1989-08-13,0.395673
1989-08-14,0.423223
1989-08-15,0.446994
1989-08-16,0.466997
1989-08-17,0.48324
1989-08-18,0.495729
1989-08-19,0.50447
1989-08-20,0.509465
1989-08-21,0.511561
1989-08-22,0.510758
1989-08-23,0.507056
1989-08-24,0.500453
1989-08-25,0.490947
1989-08-26,0.478533
1989-08-27,0.463207
1989-08-28,0.444595
1989-08-29,0.422692
1989-08-30,0.397486
1989-08-31,0.368968
1989-09-01,0.337127
1989-09-02,0.305365
1989-09-03,0.27367
1989-09-04,0.242451
1989-09-05,0.211696
1989-09-06,0.181392
1989-09-07,0.151527
1989-09-08,0.122087
1989-09-09,0.093062
1989-09-10,0.064438
1989-09-11,0.035785
1989-09-12,0.007092
1989-09-13,-0.021655
1989-09-14,-0.050466
1989-09-15,-0.079354
1989-09-16,-0.10833
1989-09-17,-0.137407
1989-09-18,-0.166531
1989-09-19,-0.195715
1989-09-20,-0.22497
1989-09-21,-0.254308
1989-09-22,-0.283741
1989-09-23,-0.313283
1989-09-24,-0.342944
1989-09-25,-0.372176
1989-09-26,-0.400991
1989-09-27,-0.4294
1989-09-28,-0.457415
1989-09-29,-0.485048
1989-09-30,-0.51231
1989-10-01,-0.539213
1989-10-02,-0.561464
1989-10-03,-0.579072
1989-10-04,-0.592046
1989-10-05,-0.60039
1989-10-06,-0.604107
1989-10-07,-0.6032
1989-10-08,-0.597667
1989-10-09,-0.592924
1989-10-10,-0.588969
1989-10-11,-0.585799
1989-10-12,-0.583415
1989-10-13,-0.581813
1989-10-14,-0.580995
1989-10-15,-0.58096
1989-10-16,-0.578896
1989-10-17,-0.574803
1989-10-18,-0.568679
1989-10-19,-0.560522
1989-10-20,-0.550328
1989-10-21,-0.538093
1989-10-22,-0.523812
1989-10-23,-0.507242
1989-10-24,-0.488374
1989-10-25,-0.467203
1989-10-26,-0.443717
1989-10-27,-0.417909
1989-10-28,-0.389767
1989-10-29,-0.35928
1989-10-30,-0.327663
1989-10-31,-0.294904
1989-11-01,-0.260989
1989-11-02,-0.229324
1989-11-03,-0.199897
1989-11-04,-0.172695
1989-11-05,-0.147706
1989-11-06,-0.123846
1989-11-07,-0.101104
1989-11-08,-0.079471
1989-11-09,-0.058937
1989-11-10,-0.039494
1989-11-11,-0.021135
1989-11-12,-0.003852
1989-11-13,0.012245
1989-11-14,0.027161
1989-11-15,0.040904
1989-11-16,0.053478
1989-11-17,0.064889
1989-11-18,0.075141
1989-11-19,0.084239
1989-11-20,0.092464
1989-11-21,0.099818
1989-11-22,0.106306
1989-11-23,0.111929
1989-11-24,0.116689
1989-11-25,0.12059
1989-11-26,0.123632
1989-11-27,0.125645
1989-11-28,0.126631
1989-11-29,0.126591
1989-11-30,0.125522
1989-12-01,0.123427
1989-12-02,0.120727
1989-12-03,0.117423
1989-12-04,0.113153
1989-12-05,0.107915
1989-12-06,0.101707
1989-12-07,0.094526
1989-12-08,0.086369
1989-12-09,0.077234
1989-12-10,0.067115
1989-12-11,0.05703
1989-12-12,0.046974
1989-12-13,0.036942
1989-12-14,0.026931
1989-12-15,0.016936
1989-12-16,0.006954
1989-12-17,-0.003021
1989-12-18,-0.012576
1989-12-19,-0.021715
1989-12-20,-0.030442
1989-12-21,-0.038762
1989-12-22,-0.046676
1989-12-23,-0.05419
1989-12-24,-0.061305
1989-12-25,-0.070205
1989-12-26,-0.080894
1989-12-27,-0.093377
1989-12-28,-0.107659
1989-12-29,-0.123745
1989-12-30,-0.141642
1989-12-31,-0.161358
1990-01-01,-0.18204
1990-01-02,-0.200922
1990-01-03,-0.218011
1990-01-04,-0.233314
1990-01-05,-0.246839
1990-01-06,-0.258589
1990-01-07,-0.268571
1990-01-08,-0.276035
1990-01-09,-0.280984
1990-01-10,-0.283419
1990-01-11,-0.283343
1990-01-12,-0.280755
1990-01-13,-0.275653
1990-01-14,-0.268037
1990-01-15,-0.258241
1990-01-16,-0.246261
1990-01-17,-0.232092
1990-01-18,-0.215729
1990-01-19,-0.197164
1990-01-20,-0.176391
1990-01-21,-0.1534
1990-01-22,-0.129776
1990-01-23,-0.105511
1990-01-24,-0.080593
1990-01-25,-0.055013
1990-01-26,-0.02876
1990-01-27,-0.001823
1990-01-28,0.02581
1990-01-29,0.05652
1990-01-30,0.090322
1990-01-31,0.127229
1990-02-01,0.167256
1990-02-02,0.206557
1990-02-03,0.245147
1990-02-04,0.283043
1990-02-05,0.319234
1990-02-06,0.353736
1990-02-07,0.386563
1990-02-08,0.417728
1990-02-09,0.447245
1990-02-10,0.475125
1990-02-11,0.50138
1990-02-12,0.52523
1990-02-13,0.546686
1990-02-14,0.565756
1990-02-15,0.582449
1990-02-16,0.59677
1990-02-17,0.608726
1990-02-18,0.618323
1990-02-19,0.626494
1990-02-20,0.633244
1990-02-21,0.638575
1990-02-22,0.64249
1990-02-23,0.644989
1990-02-24,0.646075
1990-02-25,0.645747
1990-02-26,0.643963
1990-02-27,0.640721
1990-02-28,0.636021
1990-03-01,0.62986
1990-03-02,0.622686
1990-03-03,0.614498
1990-03-04,0.605291
1990-03-05,0.594921
1990-03-06,0.583383
1990-03-07,0.570673
1990-03-08,0.556786
1990-03-09,0.541715
1990-03-10,0.525455
1990-03-11,0.507998
1990-03-12,0.489413
1990-03-13,0.46969
1990-03-14,0.448823
1990-03-15,0.426802
1990-03-16,0.403618
1990-03-17,0.379262
1990-03-18,0.353724
1990-03-19,0.326163
1990-03-20,0.296569
1990-03-21,0.26493
1990-03-22,0.231232
1990-03-23,0.195461
1990-03-24,0.157602
1990-03-25,0.11764
1990-03-26,0.076993
1990-03-27,0.035642
1990-03-28,-0.006428
1990-03-29,-0.049236
1990-03-30,-0.092798
1990-03-31,-0.137134
1990-04-01,-0.182261
1990-04-02,-0.224124
1990-04-03,-0.262742
1990-04-04,-0.298128
1990-04-05,-0.3303
1990-04-06,-0.359269
1990-04-07,-0.385047
1990-04-08,-0.407646
1990-04-09,-0.428463
1990-04-10,-0.447507
1990-04-11,-0.464786
1990-04-12,-0.480307
1990-04-13,-0.494076
1990-04-14,-0.5061
1990-04-15,-0.516382
1990-04-16,-0.524362
1990-04-17,-0.530043
1990-04-18,-0.533427
1990-04-19,-0.534515
1990-04-20,-0.533308
1990-04-21,-0.529806
1990-04-22,-0.524007
1990-04-23,-0.515901
1990-04-24,-0.505484
1990-04-25,-0.492752
1990-04-26,-0.477701
1990-04-27,-0.460323
1990-04-28,-0.440612
1990-04-29,-0.418559
1990-04-30,-0.394676
1990-05-01,-0.368952
1990-05-02,-0.344611
1990-05-03,-0.321641
1990-05-04,-0.300033
1990-05-05,-0.279778
1990-05-06,-0.260868
1990-05-07,-0.24284
1990-05-08,-0.225687
1990-05-09,-0.209403
1990-05-10,-0.193979
1990-05-11,-0.17941
1990-05-12,-0.165691
1990-05-13,-0.152814
1990-05-14,-0.140899
1990-05-15,-0.129941
1990-05-16,-0.119935
1990-05-17,-0.110877
1990-05-18,-0.102763
1990-05-19,-0.095591
1990-05-20,-0.089356
1990-05-21,-0.083695
1990-05-22,-0.078604
1990-05-23,-0.074082
1990-05-24,-0.070127
1990-05-25,-0.066737
1990-05-26,-0.06391
1990-05-27,-0.061646
1990-05-28,-0.059801
1990-05-29,-0.058373
1990-05-30,-0.057362
1990-05-31,-0.056768
1990-06-01,-0.056591
1990-06-02,-0.056586
1990-06-03,-0.056754
1990-06-04,-0.057895
1990-06-05,-0.060009
1990-06-06,-0.063097
1990-06-07,-0.06716
1990-06-08,-0.072201
1990-06-09,-0.07822
1990-06-10,-0.085221
1990-06-11,-0.092817
1990-06-12,-0.101011
1990-06-13,-0.109806
1990-06-14,-0.119206
1990-06-15,-0.129216
1990-06-16,-0.139838
1990-06-17,-0.151078
1990-06-18,-0.162814
1990-06-19,-0.17505
1990-06-20,-0.187792
1990-06-21,-0.201045
1990-06-22,-0.214815
1990-06-23,-0.229107
1990-06-24,-0.243927
1990-06-25,-0.259335
1990-06-26,-0.275336
1990-06-27,-0.291938
1990-06-28,-0.309147
1990-06-29,-0.32697
1990-06-30,-0.345415
1990-07-01,-0.364489
1990-07-02,-0.382794
1990-07-03,-0.400337
1990-07-04,-0.417125
1990-07-05,-0.433165
1990-07-06,-0.448464
1990-07-07,-0.463027
1990-07-08,-0.476862
1990-07-09,-0.489672
1990-07-10,-0.501462
1990-07-11,-0.512237
1990-07-12,-0.522002
1990-07-13,-0.53076
1990-07-14,-0.538515
1990-07-15,-0.545271
1990-07-16,-0.551119
1990-07-17,-0.556063
1990-07-18,-0.560104
1990-07-19,-0.563244
1990-07-20,-0.565485
1990-07-21,-0.566826
1990-07-22,-0.56727
1990-07-23,-0.566992
1990-07-24,-0.565993
1990-07-25,-0.564273
1990-07-26,-0.56183
1990-07-27,-0.558664
1990-07-28,-0.554774
1990-07-29,-0.550157
1990-07-30,-0.544765
1990-07-31,-0.538596
1990-08-01,-0.531646
1990-08-02,-0.525773
1990-08-03,-0.520974
1990-08-04,-0.517246
1990-08-05,-0.514589
1990-08-06,-0.51246
1990-08-07,-0.510858
1990-08-08,-0.509782
1990-08-09,-0.509232
1990-08-10,-0.509208
1990-08-11,-0.509708
1990-08-12,-0.510735
1990-08-13,-0.512276
1990-08-14,-0.514331
1990-08-15,-0.516902
1990-08-16,-0.519989
1990-08-17,-0.523594
1990-08-18,-0.527719
1990-08-19,-0.532364
1990-08-20,-0.538017
1990-08-21,-0.544681
1990-08-22,-0.552358
1990-08-23,-0.561052
1990-08-24,-0.570766
1990-08-25,-0.581503
1990-08-26,-0.593269
1990-08-27,-0.606212
1990-08-28,-0.620336
1990-08-29,-0.635647
1990-08-30,-0.652152
1990-08-31,-0.669858
1990-09-01,-0.688771
1990-09-02,-0.707753
1990-09-03,-0.726827
1990-09-04,-0.746002
1990-09-05,-0.765284
1990-09-06,-0.784683
1990-09-07,-0.804205
1990-09-08,-0.82386
1990-09-09,-0.843655
1990-09-10,-0.863301
1990-09-11,-0.882807
1990-09-12,-0.90218
1990-09-13,-0.921428
1990-09-14,-0.940559
1990-09-15,-0.959582
1990-09-16,-0.978504
1990-09-17,-0.997836
1990-09-18,-1.017587
1990-09-19,-1.037766
1990-09-20,-1.058379
1990-09-21,-1.079436
1990-09-22,-1.100945
1990-09-23,-1.122916
1990-09-24,-1.144437
1990-09-25,-1.165515
1990-09-26,-1.186161
1990-09-27,-1.206383
1990-09-28,-1.226189
1990-09-29,-1.245587
1990-09-30,-1.264585
1990-10-01,-1.283864
1990-10-02,-1.303221
1990-10-03,-1.322665
1990-10-04,-1.342204
1990-10-05,-1.361845
1990-10-06,-1.381597
1990-10-07,-1.401468
1990-10-08,-1.420673
1990-10-09,-1.439218
1990-10-10,-1.457111
1990-10-11,-1.474361
1990-10-12,-1.490974
1990-10-13,-1.506957
1990-10-14,-1.522317
1990-10-15,-1.537277
1990-10-16,-1.551843
1990-10-17,-1.566021
1990-10-18,-1.579818
1990-10-19,-1.593239
1990-10-20,-1.606289
1990-10-21,-1.618975
1990-10-22,-1.631655
1990-10-23,-1.644337
1990-10-24,-1.657025
1990-10-25,-1.669724
1990-10-26,-1.68244
1990-10-27,-1.695177
1990-10-28,-1.707942
1990-10-29,-1.721417
1990-10-30,-1.73561
1990-10-31,-1.750526
1990-11-01,-1.76617
1990-11-02,-1.781317
1990-11-03,-1.795974
1990-11-04,-1.810146
1990-11-05,-1.822603
1990-11-06,-1.833348
1990-11-07,-1.842386
1990-11-08,-1.849722
1990-11-09,-1.855358
1990-11-10,-1.859296
1990-11-11,-1.861538
1990-11-12,-1.862922
1990-11-13,-1.863449
1990-11-14,-1.863117
1990-11-15,-1.861928
1990-11-16,-1.859881
1990-11-17,-1.856975
1990-11-18,-1.853209
1990-11-19,-1.84786
1990-11-20,-1.840925
1990-11-21,-1.832402
1990-11-22,-1.822288
1990-11-23,-1.810577
1990-11-24,-1.797266
1990-11-25,-1.782349
1990-11-26,-1.76696
1990-11-27,-1.751095
1990-11-28,-1.734745
1990-11-29,-1.717905
1990-11-30,-1.700568
1990-12-01,-1.682725
1990-12-02,-1.665883
1990-12-03,-1.64963
1990-12-04,-1.633959
1990-12-05,-1.618863
1990-12-06,-1.604337
1990-12-07,-1.590374
1990-12-08,-1.576968
1990-12-09,-1.564114
1990-12-10,-1.5518
1990-12-11,-1.540019
1990-12-12,-1.528767
1990-12-13,-1.518039
1990-12-14,-1.507831
1990-12-15,-1.498138
1990-12-16,-1.488958
1990-12-17,-1.478976
1990-12-18,-1.468189
1990-12-19,-1.456591
1990-12-20,-1.44418
1990-12-21,-1.430948
1990-12-22,-1.416892
1990-12-23,-1.402004
1990-12-24,-1.388352
1990-12-25,-1.375931
1990-12-26,-1.364734
1990-12-27,-1.354757
1990-12-28,-1.345996
1990-12-29,-1.338448
1990-12-30,-1.332109
1990-12-31,-1.327848
1991-01-01,-1.325664
1991-01-02,-1.32554
1991-01-03,-1.327477
1991-01-04,-1.331475
1991-01-05,-1.337537
1991-01-06,-1.345664
1991-01-07,-1.353166
1991-01-08,-1.360045
1991-01-09,-1.366304
1991-01-10,-1.371947
1991-01-11,-1.376975
1991-01-12,-1.38139
1991-01-13,-1.385195
1991-01-14,-1.388999
1991-01-15,-1.392804
1991-01-16,-1.396611
1991-01-17,-1.400423
1991-01-18,-1.404241
1991-01-19,-1.408065
1991-01-20,-1.411899
1991-01-21,-1.415333
1991-01-22,-1.418368
1991-01-23,-1.421006
1991-01-24,-1.423248
1991-01-25,-1.425095
1991-01-26,-1.426547
1991-01-27,-1.427605
1991-01-28,-1.428072
1991-01-29,-1.427948
1991-01-30,-1.427234
1991-01-31,-1.425929
1991-02-01,-1.424032
1991-02-02,-1.421165
1991-02-03,-1.417327
1991-02-04,-1.413569
1991-02-05,-1.409891
1991-02-06,-1.406291
1991-02-07,-1.402766
1991-02-08,-1.399317
1991-02-09,-1.395941
1991-02-10,-1.392636
1991-02-11,-1.389538
1991-02-12,-1.386645
1991-02-13,-1.383955
1991-02-14,-1.381468
1991-02-15,-1.379183
1991-02-16,-1.377098
1991-02-17,-1.375213
1991-02-18,-1.372138
1991-02-19,-1.367871
1991-02-20,-1.362412
1991-02-21,-1.355757
1991-02-22,-1.347904
1991-02-23,-1.338849
1991-02-24,-1.32859
1991-02-25,-1.318705
1991-02-26,-1.30919
1991-02-27,-1.300042
1991-02-28,-1.291257
1991-03-01,-1.282831
1991-03-02,-1.274095
1991-03-03,-1.265045
1991-03-04,-1.254693
1991-03-05,-1.243035
1991-03-06,-1.230065
1991-03-07,-1.215779
1991-03-08,-1.200171
1991-03-09,-1.183233
1991-03-10,-1.16496
1991-03-11,-1.145857
1991-03-12,-1.125916
1991-03-13,-1.105129
1991-03-14,-1.083488
1991-03-15,-1.060983
1991-03-16,-1.037605
1991-03-17,-1.013345
1991-03-18,-0.987634
1991-03-19,-0.960464
1991-03-20,-0.931822
1991-03-21,-0.901696
1991-03-22,-0.870075
1991-03-23,-0.836944
1991-03-24,-0.802291
1991-03-25,-0.767006
1991-03-26,-0.731076
1991-03-27,-0.694484
1991-03-28,-0.657217
1991-03-29,-0.619259
1991-03-30,-0.580593
1991-03-31,-0.541205
1991-04-01,-0.502722
1991-04-02,-0.46682
1991-04-03,-0.433482
1991-04-04,-0.402696
1991-04-05,-0.374448
1991-04-06,-0.348728
1991-04-07,-0.325523
1991-04-08,-0.30162
1991-04-09,-0.27701
1991-04-10,-0.251681
1991-04-11,-0.225624
1991-04-12,-0.198827
1991-04-13,-0.17128
1991-04-14,-0.142971
1991-04-15,-0.114919
1991-04-16,-0.087112
1991-04-17,-0.059538
1991-04-18,-0.032187
1991-04-19,-0.005047
1991-04-20,0.021893
1991-04-21,0.048645
1991-04-22,0.074477
1991-04-23,0.099398
1991-04-24,0.123421
1991-04-25,0.146554
1991-04-26,0.168807
1991-04-27,0.19019
1991-04-28,0.210711
1991-04-29,0.230601
1991-04-30,0.24987
1991-05-01,0.268525
1991-05-02,0.286005
1991-05-03,0.302317
1991-05-04,0.317469
1991-05-05,0.331465
1991-05-06,0.344581
1991-05-07,0.356823
1991-05-08,0.368194
1991-05-09,0.378701
1991-05-10,0.388347
1991-05-11,0.397136
1991-05-12,0.405071
1991-05-13,0.412473
1991-05-14,0.419343
1991-05-15,0.425684
1991-05-16,0.4315
1991-05-17,0.436793
1991-05-18,0.441564
1991-05-19,0.445815
1991-05-20,0.44924
1991-05-21,0.45184
1991-05-22,0.453615
1991-05-23,0.454566
1991-05-24,0.454694
1991-05-25,0.453999
1991-05-26,0.452481
1991-05-27,0.449862
1991-05-28,0.446141
1991-05-29,0.441317
1991-05-30,0.435389
1991-05-31,0.428352
1991-06-01,0.420205
1991-06-02,0.411674
1991-06-03,0.403638
1991-06-04,0.396092
1991-06-05,0.389033
1991-06-06,0.38246
1991-06-07,0.376368
1991-06-08,0.370756
1991-06-09,0.365621
1991-06-10,0.360022
1991-06-11,0.353957
1991-06-12,0.347424
1991-06-13,0.34042
1991-06-14,0.332942
1991-06-15,0.324987
1991-06-16,0.316552
1991-06-17,0.307883
1991-06-18,0.298977
1991-06-19,0.28983
1991-06-20,0.280438
1991-06-21,0.270798
1991-06-22,0.260906
1991-06-23,0.250757
1991-06-24,0.240378
1991-06-25,0.229764
1991-06-26,0.218912
1991-06-27,0.207817
1991-06-28,0.196473
1991-06-29,0.184877
1991-06-30,0.173024
1991-07-01,0.161299
1991-07-02,0.14971
1991-07-03,0.138254
1991-07-04,0.126926
1991-07-05,0.11572
1991-07-06,0.104633
1991-07-07,0.093659
1991-07-08,0.08252
1991-07-09,0.071212
1991-07-10,0.05973
1991-07-11,0.048068
1991-07-12,0.036223
1991-07-13,0.02419
1991-07-14,0.011963
1991-07-15,-0.000924
1991-07-16,-0.014477
1991-07-17,-0.0287
1991-07-18,-0.0436
1991-07-19,-0.059183
1991-07-20,-0.075455
1991-07-21,-0.092423
1991-07-22,-0.108906
1991-07-23,-0.124911
1991-07-24,-0.140445
1991-07-25,-0.155513
1991-07-26,-0.170123
1991-07-27,-0.184279
1991-07-28,-0.197989
1991-07-29,-0.211251
1991-07-30,-0.224072
1991-07-31,-0.236456
1991-08-01,-0.24841
1991-08-02,-0.258613
1991-08-03,-0.267072
1991-08-04,-0.273788
1991-08-05,-0.279473
1991-08-06,-0.28413
1991-08-07,-0.28776
1991-08-08,-0.290365
1991-08-09,-0.291946
1991-08-10,-0.292504
1991-08-11,-0.292038
1991-08-12,-0.290685
1991-08-13,-0.288443
1991-08-14,-0.285312
1991-08-15,-0.281291
1991-08-16,-0.276377
1991-08-17,-0.270569
1991-08-18,-0.263865
1991-08-19,-0.25644
1991-08-20,-0.248291
1991-08-21,-0.239416
1991-08-22,-0.229811
1991-08-23,-0.219471
1991-08-24,-0.208392
1991-08-25,-0.19657
1991-08-26,-0.18364
1991-08-27,-0.169596
1991-08-28,-0.154433
1991-08-29,-0.138143
1991-08-30,-0.120721
1991-08-31,-0.10216
1991-09-01,-0.082451
1991-09-02,-0.064058
1991-09-03,-0.046974
1991-09-04,-0.031191
1991-09-05,-0.016704
1991-09-06,-0.003505
1991-09-07,0.008409
1991-09-08,0.019046
1991-09-09,0.02819
1991-09-10,0.035846
1991-09-11,0.042017
1991-09-12,0.046705
1991-09-13,0.049913
1991-09-14,0.051642
1991-09-15,0.051892
1991-09-16,0.050972
1991-09-17,0.048882
1991-09-18,0.045621
1991-09-19,0.041187
1991-09-20,0.035578
1991-09-21,0.028794
1991-09-22,0.020829
1991-09-23,0.012441
1991-09-24,0.003627
1991-09-25,-0.005618
1991-09-26,-0.015298
1991-09-27,-0.025415
1991-09-28,-0.035976
1991-09-29,-0.046983
1991-09-30,-0.059824
1991-10-01,-0.074504
1991-10-02,-0.089568
1991-10-03,-0.105022
1991-10-04,-0.120872
1991-10-05,-0.137125
1991-10-06,-0.153787
1991-10-07,-0.170263
1991-10-08,-0.18656
1991-10-09,-0.202684
1991-10-10,-0.218642
1991-10-11,-0.23444
1991-10-12,-0.250086
1991-10-13,-0.265585
1991-10-14,-0.28127
1991-10-15,-0.297147
1991-10-16,-0.313222
1991-10-17,-0.329503
1991-10-18,-0.345996
1991-10-19,-0.362708
1991-10-20,-0.379646
1991-10-21,-0.396386
1991-10-22,-0.412936
1991-10-23,-0.429303
1991-10-24,-0.445492
1991-10-25,-0.461511
1991-10-26,-0.477367
1991-10-27,-0.493066
1991-10-28,-0.507723
1991-10-29,-0.521344
1991-10-30,-0.533935
1991-10-31,-0.5455
1991-11-01,-0.556045
1991-11-02,-0.565578
1991-11-03,-0.574102
1991-11-04,-0.582411
1991-11-05,-0.590508
1991-11-06,-0.598397
1991-11-07,-0.606081
1991-11-08,-0.613564
1991-11-09,-0.620847
1991-11-10,-0.627935
1991-11-11,-0.635729
1991-11-12,-0.644231
1991-11-13,-0.653446
1991-11-14,-0.663377
1991-11-15,-0.674028
1991-11-16,-0.685404
1991-11-17,-0.697509
1991-11-18,-0.709518
1991-11-19,-0.721437
1991-11-20,-0.733271
1991-11-21,-0.745023
1991-11-22,-0.7567
1991-11-23,-0.768305
1991-11-24,-0.779845
1991-11-25,-0.791551
1991-11-26,-0.803428
1991-11-27,-0.815483
1991-11-28,-0.827719
1991-11-29,-0.840141
1991-11-30,-0.852755
1991-12-01,-0.865566
1991-12-02,-0.875841
1991-12-03,-0.883584
1991-12-04,-0.888797
1991-12-05,-0.891484
1991-12-06,-0.891644
1991-12-07,-0.88928
1991-12-08,-0.884388
1991-12-09,-0.878325
1991-12-10,-0.871086
1991-12-11,-0.862671
1991-12-12,-0.853074
1991-12-13,-0.842293
1991-12-14,-0.830322
1991-12-15,-0.817157
1991-12-16,-0.804535
1991-12-17,-0.792452
1991-12-18,-0.780903
1991-12-19,-0.769883
1991-12-20,-0.759387
1991-12-21,-0.74941
1991-12-22,-0.73995
1991-12-23,-0.729058
1991-12-24,-0.71673
1991-12-25,-0.70296
1991-12-26,-0.687743
1991-12-27,-0.671073
1991-12-28,-0.652943
1991-12-29,-0.633345
1991-12-30,-0.612881
1991-12-31,-0.591541
1992-01-01,-0.569318
1992-01-02,-0.547812
1992-01-03,-0.527016
1992-01-04,-0.506921
1992-01-05,-0.487518
1992-01-06,-0.46803
1992-01-07,-0.448448
1992-01-08,-0.428765
1992-01-09,-0.408972
1992-01-10,-0.389062
1992-01-11,-0.369025
1992-01-12,-0.348854
1992-01-13,-0.328742
1992-01-14,-0.308679
1992-01-15,-0.288657
1992-01-16,-0.268668
1992-01-17,-0.248705
1992-01-18,-0.228758
1992-01-19,-0.208819
1992-01-20,-0.189087
1992-01-21,-0.169552
1992-01-22,-0.150208
1992-01-23,-0.131046
1992-01-24,-0.112058
1992-01-25,-0.093237
1992-01-26,-0.074574
1992-01-27,-0.056004
1992-01-28,-0.037521
1992-01-29,-0.019116
1992-01-30,-0.000782
1992-01-31,0.01749
1992-02-01,0.035705
1992-02-02,0.05333
1992-02-03,0.070653
1992-02-04,0.087681
1992-02-05,0.104421
1992-02-06,0.120881
1992-02-07,0.137067
1992-02-08,0.152985
1992-02-09,0.168643
1992-02-10,0.183884
1992-02-11,0.198716
1992-02-12,0.213143
1992-02-13,0.227171
1992-02-14,0.240808
1992-02-15,0.254058
1992-02-16,0.266926
1992-02-17,0.278935
1992-02-18,0.29009
1992-02-19,0.300394
1992-02-20,0.309853
1992-02-21,0.31847
1992-02-22,0.326248
1992-02-23,0.333192
1992-02-24,0.340107
1992-02-25,0.346997
1992-02-26,0.353865
1992-02-27,0.360713
1992-02-28,0.367544
1992-02-29,0.374361
1992-03-01,0.381167
1992-03-02,0.387089
1992-03-03,0.392131
1992-03-04,0.396295
1992-03-05,0.399582
1992-03-06,0.401993
1992-03-07,0.40353
1992-03-08,0.404194
1992-03-09,0.405713
1992-03-10,0.408088
1992-03-11,0.411321
1992-03-12,0.415413
1992-03-13,0.420365
1992-03-14,0.42618
1992-03-15,0.43286
1992-03-16,0.439845
1992-03-17,0.447139
1992-03-18,0.454744
1992-03-19,0.462664
1992-03-20,0.470902
1992-03-21,0.479461
1992-03-22,0.488345
1992-03-23,0.496533
1992-03-24,0.504029
1992-03-25,0.510836
1992-03-26,0.516957
1992-03-27,0.522394
1992-03-28,0.527149
1992-03-29,0.531224
1992-03-30,0.535143
1992-03-31,0.538906
1992-04-01,0.542516
1992-04-02,0.544855
1992-04-03,0.545926
1992-04-04,0.545729
1992-04-05,0.544263
1992-04-06,0.541924
1992-04-07,0.538709
1992-04-08,0.534618
1992-04-09,0.529649
1992-04-10,0.5238
1992-04-11,0.517068
1992-04-12,0.509451
1992-04-13,0.501391
1992-04-14,0.492883
1992-04-15,0.483925
1992-04-16,0.474513
1992-04-17,0.464643
1992-04-18,0.454311
1992-04-19,0.443512
1992-04-20,0.431752
1992-04-21,0.419025
1992-04-22,0.405326
1992-04-23,0.390649
1992-04-24,0.374989
1992-04-25,0.358338
1992-04-26,0.34069
1992-04-27,0.322339
1992-04-28,0.303277
1992-04-29,0.283496
1992-04-30,0.262989
1992-05-01,0.241746
1992-05-02,0.221853
1992-05-03,0.203301
1992-05-04,0.185132
1992-05-05,0.167338
1992-05-06,0.149913
1992-05-07,0.132849
1992-05-08,0.116139
1992-05-09,0.099775
1992-05-10,0.083752
1992-05-11,0.06853
1992-05-12,0.054102
1992-05-13,0.040463
1992-05-14,0.027607
1992-05-15,0.015528
1992-05-16,0.004222
1992-05-17,-0.006316
1992-05-18,-0.015967
1992-05-19,-0.024735
1992-05-20,-0.032624
1992-05-21,-0.039636
1992-05-22,-0.045776
1992-05-23,-0.051044
1992-05-24,-0.055444
1992-05-25,-0.059115
1992-05-26,-0.062059
1992-05-27,-0.064278
1992-05-28,-0.065772
1992-05-29,-0.066541
1992-05-30,-0.066587
1992-05-31,-0.065909
1992-06-01,-0.06415
1992-06-02,-0.061503
1992-06-03,-0.057966
1992-06-04,-0.053539
1992-06-05,-0.048219
1992-06-06,-0.042004
1992-06-07,-0.034892
1992-06-08,-0.026914
1992-06-09,-0.018066
1992-06-10,-0.008345
1992-06-11,0.002253
1992-06-12,0.013733
1992-06-13,0.026099
1992-06-14,0.039356
1992-06-15,0.0533
1992-06-16,0.067937
1992-06-17,0.083272
1992-06-18,0.099311
1992-06-19,0.116063
1992-06-20,0.133532
1992-06-21,0.151727
1992-06-22,0.170758
1992-06-23,0.190633
1992-06-24,0.211359
1992-06-25,0.232947
1992-06-26,0.255404
1992-06-27,0.27874
1992-06-28,0.302964
1992-06-29,0.327476
1992-06-30,0.352287
1992-07-01,0.377406
1992-07-02,0.399229
1992-07-03,0.417764
1992-07-04,0.43302
1992-07-05,0.445002
1992-07-06,0.454339
1992-07-07,0.461037
1992-07-08,0.465097
1992-07-09,0.466522
1992-07-10,0.465311
1992-07-11,0.461465
1992-07-12,0.454981
1992-07-13,0.445089
1992-07-14,0.431785
1992-07-15,0.415063
1992-07-16,0.394916
1992-07-17,0.371336
1992-07-18,0.344312
1992-07-19,0.313835
1992-07-20,0.288305
1992-07-21,0.26771
1992-07-22,0.252044
1992-07-23,0.241298
1992-07-24,0.235469
1992-07-25,0.234555
1992-07-26,0.238554
1992-07-27,0.233583
1992-07-28,0.21964
1992-07-29,0.196719
1992-07-30,0.16481
1992-07-31,0.1239
1992-08-01,0.073972
1992-08-02,0.020823
1992-08-03,-0.030184
1992-08-04,-0.07907
1992-08-05,-0.125856
1992-08-06,-0.17056
1992-08-07,-0.213202
1992-08-08,-0.253798
1992-08-09,-0.292366
1992-08-10,-0.32843
1992-08-11,-0.362005
1992-08-12,-0.393105
1992-08-13,-0.421742
1992-08-14,-0.44793
1992-08-15,-0.471677
1992-08-16,-0.492995
1992-08-17,-0.511823
1992-08-18,-0.528171
1992-08-19,-0.542043
1992-08-20,-0.553447
1992-08-21,-0.562387
1992-08-22,-0.568867
1992-08-23,-0.572889
1992-08-24,-0.573876
1992-08-25,-0.57183
1992-08-26,-0.566749
1992-08-27,-0.558631
1992-08-28,-0.547473
1992-08-29,-0.53327
1992-08-30,-0.516016
1992-08-31,-0.495772
1992-09-01,-0.472528
1992-09-02,-0.449251
1992-09-03,-0.425932
1992-09-04,-0.402561
1992-09-05,-0.379128
1992-09-06,-0.355623
1992-09-07,-0.332371
1992-09-08,-0.309361
1992-09-09,-0.286583
1992-09-10,-0.264029
1992-09-11,-0.241689
1992-09-12,-0.219554
1992-09-13,-0.197614
1992-09-14,-0.17535
1992-09-15,-0.152751
1992-09-16,-0.129808
1992-09-17,-0.106513
1992-09-18,-0.082855
1992-09-19,-0.058824
1992-09-20,-0.034411
1992-09-21,-0.010879
1992-09-22,0.011782
1992-09-23,0.033581
1992-09-24,0.054528
1992-09-25,0.07463
1992-09-26,0.093896
1992-09-27,0.112335
1992-09-28,0.130263
1992-09-29,0.147688
1992-09-30,0.164616
1992-10-01,0.181056
1992-10-02,0.19653
1992-10-03,0.211046
1992-10-04,0.224609
1992-10-05,0.23664
1992-10-06,0.247142
1992-10-07,0.25612
1992-10-08,0.263578
1992-10-09,0.26952
1992-10-10,0.273946
1992-10-11,0.27686
1992-10-12,0.279813
1992-10-13,0.282806
1992-10-14,0.285839
1992-10-15,0.288915
1992-10-16,0.292035
1992-10-17,0.2952
1992-10-18,0.298411
1992-10-19,0.30038
1992-10-20,0.301107
1992-10-21,0.300594
1992-10-22,0.298839
1992-10-23,0.295842
1992-10-24,0.291602
1992-10-25,0.286117
1992-10-26,0.280081
1992-10-27,0.273491
1992-10-28,0.266344
1992-10-29,0.258637
1992-10-30,0.250368
1992-10-31,0.241532
1992-11-01,0.232127
1992-11-02,0.224746
1992-11-03,0.219388
1992-11-04,0.216049
1992-11-05,0.214728
1992-11-06,0.215426
1992-11-07,0.218141
1992-11-08,0.222875
1992-11-09,0.229375
1992-11-10,0.237641
1992-11-11,0.247679
1992-11-12,0.259491
1992-11-13,0.273083
1992-11-14,0.288461
1992-11-15,0.305631
1992-11-16,0.323582
1992-11-17,0.342321
1992-11-18,0.361857
1992-11-19,0.382197
1992-11-20,0.40335
1992-11-21,0.425324
1992-11-22,0.44813
1992-11-23,0.471951
1992-11-24,0.496797
1992-11-25,0.52268
1992-11-26,0.549609
1992-11-27,0.577596
1992-11-28,0.606653
1992-11-29,0.636791
1992-11-30,0.669151
1992-12-01,0.703747
1992-12-02,0.735935
1992-12-03,0.765727
1992-12-04,0.793135
1992-12-05,0.818172
1992-12-06,0.840847
1992-12-07,0.861197
1992-12-08,0.87923
1992-12-09,0.894954
1992-12-10,0.908376
1992-12-11,0.9195
1992-12-12,0.928332
1992-12-13,0.934875
1992-12-14,0.937617
1992-12-15,0.936561
1992-12-16,0.931705
1992-12-17,0.923047
1992-12-18,0.910584
1992-12-19,0.89431
1992-12-20,0.87422
1992-12-21,0.850441
1992-12-22,0.822965
1992-12-23,0.791779
1992-12-24,0.756871
1992-12-25,0.718226
1992-12-26,0.675829
1992-12-27,0.629661
1992-12-28,0.58185
1992-12-29,0.532374
1992-12-30,0.481215
1992-12-31,0.42835
1993-01-01,0.373758
1993-01-02,0.322762
1993-01-03,0.275343
1993-01-04,0.2308
1993-01-05,0.189115
1993-01-06,0.150272
1993-01-07,0.114254
1993-01-08,0.081047
1993-01-09,0.050636
1993-01-10,0.023009
1993-01-11,-0.002527
1993-01-12,-0.025983
1993-01-13,-0.047368
1993-01-14,-0.066691
1993-01-15,-0.083961
1993-01-16,-0.099184
1993-01-17,-0.112366
1993-01-18,-0.123931
1993-01-19,-0.133883
1993-01-20,-0.142226
1993-01-21,-0.148963
1993-01-22,-0.154098
1993-01-23,-0.157632
1993-01-24,-0.159567
1993-01-25,-0.159467
1993-01-26,-0.157333
1993-01-27,-0.153163
1993-01-28,-0.146956
1993-01-29,-0.138709
1993-01-30,-0.128419
1993-01-31,-0.116082
1993-02-01,-0.102585
1993-02-02,-0.091776
1993-02-03,-0.08365
1993-02-04,-0.078203
1993-02-05,-0.075435
1993-02-06,-0.075343
1993-02-07,-0.077927
1993-02-08,-0.08218
1993-02-09,-0.088102
1993-02-10,-0.095696
1993-02-11,-0.104966
1993-02-12,-0.115915
1993-02-13,-0.128547
1993-02-14,-0.142869
1993-02-15,-0.157635
1993-02-16,-0.172851
1993-02-17,-0.188525
1993-02-18,-0.204662
1993-02-19,-0.221269
1993-02-20,-0.238354
1993-02-21,-0.255922
1993-02-22,-0.274817
1993-02-23,-0.295046
1993-02-24,-0.316619
1993-02-25,-0.339543
1993-02-26,-0.363829
1993-02-27,-0.389486
1993-02-28,-0.416525
1993-03-01,-0.445818
1993-03-02,-0.473037
1993-03-03,-0.498194
1993-03-04,-0.521299
1993-03-05,-0.54236
1993-03-06,-0.561388
1993-03-07,-0.57839
1993-03-08,-0.593395
1993-03-09,-0.606408
1993-03-10,-0.617436
1993-03-11,-0.626483
1993-03-12,-0.633552
1993-03-13,-0.638647
1993-03-14,-0.641769
1993-03-15,-0.642932
1993-03-16,-0.642135
1993-03-17,-0.639378
1993-03-18,-0.63466
1993-03-19,-0.627979
1993-03-20,-0.619333
1993-03-21,-0.608717
1993-03-22,-0.59451
1993-03-23,-0.576704
1993-03-24,-0.555293
1993-03-25,-0.530268
1993-03-26,-0.501618
1993-03-27,-0.469332
1993-03-28,-0.433397
1993-03-29,-0.395043
1993-03-30,-0.354255
1993-03-31,-0.311016
1993-04-01,-0.265309
1993-04-02,-0.221838
1993-04-03,-0.180586
1993-04-04,-0.141536
1993-04-05,-0.105138
1993-04-06,-0.071376
1993-04-07,-0.040238
1993-04-08,-0.01171
1993-04-09,0.01422
1993-04-10,0.037562
1993-04-11,0.058326
1993-04-12,0.076974
1993-04-13,0.093513
1993-04-14,0.107949
1993-04-15,0.12029
1993-04-16,0.130539
1993-04-17,0.138701
1993-04-18,0.144781
1993-04-19,0.148826
1993-04-20,0.15084
1993-04-21,0.150823
1993-04-22,0.148775
1993-04-23,0.144695
1993-04-24,0.138582
1993-04-25,0.130433
1993-04-26,0.119967
1993-04-27,0.10718
1993-04-28,0.092068
1993-04-29,0.074623
1993-04-30,0.054838
1993-05-01,0.032705
1993-05-02,0.011393
1993-05-03,-0.008994
1993-05-04,-0.028465
1993-05-05,-0.047027
1993-05-06,-0.064689
1993-05-07,-0.081458
1993-05-08,-0.097341
1993-05-09,-0.112343
1993-05-10,-0.126039
1993-05-11,-0.138433
1993-05-12,-0.14953
1993-05-13,-0.159335
1993-05-14,-0.167853
1993-05-15,-0.175086
1993-05-16,-0.181037
1993-05-17,-0.186113
1993-05-18,-0.190315
1993-05-19,-0.193644
1993-05-20,-0.196102
1993-05-21,-0.197691
1993-05-22,-0.19841
1993-05-23,-0.19826
1993-05-24,-0.196795
1993-05-25,-0.194014
1993-05-26,-0.189915
1993-05-27,-0.184498
1993-05-28,-0.177759
1993-05-29,-0.169696
1993-05-30,-0.160305
1993-05-31,-0.150154
1993-06-01,-0.139238
1993-06-02,-0.128857
1993-06-03,-0.119008
1993-06-04,-0.109688
1993-06-05,-0.10089
1993-06-06,-0.092614
1993-06-07,-0.084584
1993-06-08,-0.076798
1993-06-09,-0.069253
1993-06-10,-0.061945
1993-06-11,-0.054872
1993-06-12,-0.04803
1993-06-13,-0.041417
1993-06-14,-0.034935
1993-06-15,-0.028581
1993-06-16,-0.022353
1993-06-17,-0.016248
1993-06-18,-0.010263
1993-06-19,-0.004397
1993-06-20,0.001354
1993-06-21,0.006684
1993-06-22,0.011594
1993-06-23,0.016087
1993-06-24,0.020165
1993-06-25,0.023829
1993-06-26,0.027081
1993-06-27,0.029922
1993-06-28,0.032305
1993-06-29,0.034231
1993-06-30,0.035702
1993-07-01,0.036717
1993-07-02,0.036874
1993-07-03,0.036173
1993-07-04,0.034613
1993-07-05,0.031558
1993-07-06,0.027005
1993-07-07,0.020953
1993-07-08,0.0134
1993-07-09,0.004341
1993-07-10,-0.006226
1993-07-11,-0.018307
1993-07-12,-0.030092
1993-07-13,-0.041588
1993-07-14,-0.052799
1993-07-15,-0.063729
1993-07-16,-0.074384
1993-07-17,-0.084766
1993-07-18,-0.094882
1993-07-19,-0.102066
1993-07-20,-0.106322
1993-07-21,-0.107652
1993-07-22,-0.106056
1993-07-23,-0.101533
1993-07-24,-0.094081
1993-07-25,-0.083698
1993-07-26,-0.076536
1993-07-27,-0.07259
1993-07-28,-0.07186
1993-07-29,-0.074346
1993-07-30,-0.080047
1993-07-31,-0.088968
1993-08-01,-0.10111
1993-08-02,-0.112376
1993-08-03,-0.122769
1993-08-04,-0.132294
1993-08-05,-0.140954
1993-08-06,-0.148754
1993-08-07,-0.155697
1993-08-08,-0.161784
1993-08-09,-0.166901
1993-08-10,-0.171048
1993-08-11,-0.174227
1993-08-12,-0.17644
1993-08-13,-0.177687
1993-08-14,-0.17797
1993-08-15,-0.177288
1993-08-16,-0.175198
1993-08-17,-0.1717
1993-08-18,-0.166792
1993-08-19,-0.160471
1993-08-20,-0.152736
1993-08-21,-0.143584
1993-08-22,-0.133009
1993-08-23,-0.121357
1993-08-24,-0.108623
1993-08-25,-0.0948
1993-08-26,-0.079885
1993-08-27,-0.063869
1993-08-28,-0.046748
1993-08-29,-0.028513
1993-08-30,-0.009059
1993-08-31,0.011622
1993-09-01,0.033539
1993-09-02,0.054538
1993-09-03,0.074628
1993-09-04,0.093817
1993-09-05,0.112113
1993-09-06,0.129625
1993-09-07,0.146359
1993-09-08,0.162323
1993-09-09,0.177524
1993-09-10,0.191966
1993-09-11,0.205657
1993-09-12,0.218602
1993-09-13,0.231446
1993-09-14,0.244192
1993-09-15,0.256847
1993-09-16,0.269415
1993-09-17,0.281902
1993-09-18,0.294314
1993-09-19,0.306655
1993-09-20,0.318234
1993-09-21,0.329056
1993-09-22,0.339126
1993-09-23,0.348448
1993-09-24,0.357025
1993-09-25,0.364862
1993-09-26,0.371961
1993-09-27,0.378013
1993-09-28,0.383021
1993-09-29,0.386986
1993-09-30,0.389909
1993-10-01,0.391794
1993-10-02,0.392912
1993-10-03,0.393266
1993-10-04,0.394282
1993-10-05,0.395963
1993-10-06,0.398309
1993-10-07,0.40132
1993-10-08,0.404998
1993-10-09,0.409344
1993-10-10,0.414361
1993-10-11,0.419268
1993-10-12,0.424068
1993-10-13,0.428762
1993-10-14,0.433352
1993-10-15,0.437841
1993-10-16,0.44223
1993-10-17,0.446522
1993-10-18,0.45032
1993-10-19,0.453626
1993-10-20,0.456442
1993-10-21,0.458769
1993-10-22,0.460607
1993-10-23,0.461958
1993-10-24,0.462823
1993-10-25,0.463151
1993-10-26,0.462942
1993-10-27,0.462198
1993-10-28,0.460917
1993-10-29,0.459099
1993-10-30,0.456744
1993-10-31,0.453849
1993-11-01,0.450767
1993-11-02,0.44895
1993-11-03,0.448397
1993-11-04,0.449109
1993-11-05,0.451086
1993-11-06,0.454328
1993-11-07,0.458837
1993-11-08,0.464125
1993-11-09,0.470196
1993-11-10,0.477051
1993-11-11,0.484693
1993-11-12,0.493126
1993-11-13,0.502353
1993-11-14,0.512377
1993-11-15,0.523381
1993-11-16,0.535369
1993-11-17,0.548347
1993-11-18,0.562319
1993-11-19,0.577291
1993-11-20,0.59327
1993-11-21,0.610262
1993-11-22,0.628552
1993-11-23,0.648147
1993-11-24,0.669055
1993-11-25,0.691286
1993-11-26,0.714847
1993-11-27,0.73975
1993-11-28,0.766003
1993-11-29,0.793595
1993-11-30,0.822535
1993-12-01,0.852837
1993-12-02,0.880494
1993-12-03,0.905516
1993-12-04,0.927915
1993-12-05,0.9477
1993-12-06,0.964759
1993-12-07,0.979099
1993-12-08,0.990726
1993-12-09,0.999645
1993-12-10,1.00586
1993-12-11,1.009372
1993-12-12,1.010184
1993-12-13,1.008293
1993-12-14,1.003699
1993-12-15,0.996399
1993-12-16,0.986391
1993-12-17,0.97367
1993-12-18,0.958231
1993-12-19,0.940068
1993-12-20,0.917448
1993-12-21,0.89036
1993-12-22,0.858793
1993-12-23,0.822736
1993-12-24,0.782172
1993-12-25,0.737084
1993-12-26,0.687455
1993-12-27,0.637318
1993-12-28,0.586653
1993-12-29,0.535438
1993-12-30,0.483653
1993-12-31,0.431275
1994-01-01,0.378284
1994-01-02,0.329521
1994-01-03,0.282782
1994-01-04,0.238049
1994-01-05,0.195304
1994-01-06,0.154527
1994-01-07,0.115703
1994-01-08,0.078816
1994-01-09,0.04385
1994-01-10,0.011215
1994-01-11,-0.019101
1994-01-12,-0.047112
1994-01-13,-0.072829
1994-01-14,-0.096263
1994-01-15,-0.117422
1994-01-16,-0.136317
1994-01-17,-0.153676
1994-01-18,-0.169506
1994-01-19,-0.183813
1994-01-20,-0.196604
1994-01-21,-0.207884
1994-01-22,-0.217658
1994-01-23,-0.225929
1994-01-24,-0.230058
1994-01-25,-0.230048
1994-01-26,-0.225898
1994-01-27,-0.217606
1994-01-28,-0.205169
1994-01-29,-0.188583
1994-01-30,-0.167839
1994-01-31,-0.147351
1994-02-01,-0.127111
1994-02-02,-0.107511
1994-02-03,-0.088544
1994-02-04,-0.070201
1994-02-05,-0.052476
1994-02-06,-0.03536
1994-02-07,-0.017173
1994-02-08,0.002092
1994-02-09,0.022443
1994-02-10,0.043889
1994-02-11,0.066438
1994-02-12,0.0901
1994-02-13,0.114884
1994-02-14,0.141038
1994-02-15,0.168571
1994-02-16,0.197496
1994-02-17,0.227824
1994-02-18,0.259568
1994-02-19,0.292741
1994-02-20,0.327357
1994-02-21,0.36242
1994-02-22,0.397945
1994-02-23,0.433946
1994-02-24,0.470439
1994-02-25,0.507437
1994-02-26,0.544958
1994-02-27,0.583016
1994-02-28,0.623696
1994-03-01,0.667016
1994-03-02,0.708849
1994-03-03,0.749212
1994-03-04,0.788123
1994-03-05,0.825598
1994-03-06,0.861651
1994-03-07,0.89509
1994-03-08,0.925927
1994-03-09,0.954177
1994-03-10,0.979849
1994-03-11,1.002956
1994-03-12,1.023507
1994-03-13,1.04151
1994-03-14,1.056889
1994-03-15,1.06965
1994-03-16,1.079798
1994-03-17,1.087338
1994-03-18,1.092274
1994-03-19,1.094606
1994-03-20,1.094336
1994-03-21,1.091409
1994-03-22,1.085823
1994-03-23,1.077577
1994-03-24,1.066667
1994-03-25,1.053088
1994-03-26,1.036835
1994-03-27,1.017901
1994-03-28,0.997601
1994-03-29,0.975929
1994-03-30,0.952874
1994-03-31,0.928427
1994-04-01,0.902578
1994-04-02,0.878146
1994-04-03,0.855122
1994-04-04,0.832917
1994-04-05,0.81152
1994-04-06,0.790923
1994-04-07,0.771118
1994-04-08,0.752096
1994-04-09,0.73385
1994-04-10,0.716372
1994-04-11,0.699559
1994-04-12,0.683404
1994-04-13,0.6679
1994-04-14,0.653042
1994-04-15,0.638822
1994-04-16,0.625235
1994-04-17,0.612275
1994-04-18,0.598673
1994-04-19,0.584424
1994-04-20,0.569522
1994-04-21,0.55396
1994-04-22,0.537733
1994-04-23,0.520832
1994-04-24,0.503252
1994-04-25,0.486566
1994-04-26,0.470767
1994-04-27,0.455847
1994-04-28,0.441802
1994-04-29,0.428624
1994-04-30,0.416309
1994-05-01,0.404852
1994-05-02,0.395247
1994-05-03,0.387488
1994-05-04,0.381574
1994-05-05,0.377502
1994-05-06,0.37527
1994-05-07,0.374877
1994-05-08,0.376323
1994-05-09,0.37793
1994-05-10,0.379699
1994-05-11,0.381631
1994-05-12,0.383726
1994-05-13,0.385985
1994-05-14,0.38841
1994-05-15,0.391
1994-05-16,0.394108
1994-05-17,0.397734
1994-05-18,0.401879
1994-05-19,0.406547
1994-05-20,0.411737
1994-05-21,0.417454
1994-05-22,0.423698
1994-05-23,0.430205
1994-05-24,0.436977
1994-05-25,0.444016
1994-05-26,0.451327
1994-05-27,0.458911
1994-05-28,0.466772
1994-05-29,0.474913
1994-05-30,0.483604
1994-05-31,0.492847
1994-06-01,0.502648
1994-06-02,0.511338
1994-06-03,0.518919
1994-06-04,0.525395
1994-06-05,0.53077
1994-06-06,0.534865
1994-06-07,0.537683
1994-06-08,0.539225
1994-06-09,0.539491
1994-06-10,0.538482
1994-06-11,0.536197
1994-06-12,0.532635
1994-06-13,0.528009
1994-06-14,0.522318
1994-06-15,0.515559
1994-06-16,0.507729
1994-06-17,0.498825
1994-06-18,0.488843
1994-06-19,0.47778
1994-06-20,0.465934
1994-06-21,0.453301
1994-06-22,0.439875
1994-06-23,0.425652
1994-06-24,0.410624
1994-06-25,0.394786
1994-06-26,0.378132
1994-06-27,0.360107
1994-06-28,0.340705
1994-06-29,0.319916
1994-06-30,0.297732
1994-07-01,0.274145
1994-07-02,0.251911
1994-07-03,0.231021
1994-07-04,0.212072
1994-07-05,0.195058
1994-07-06,0.179971
1994-07-07,0.166805
1994-07-08,0.155554
1994-07-09,0.146214
1994-07-10,0.138781
1994-07-11,0.133748
1994-07-12,0.131113
1994-07-13,0.130876
1994-07-14,0.133036
1994-07-15,0.137593
1994-07-16,0.144551
1994-07-17,0.153911
1994-07-18,0.164266
1994-07-19,0.175619
1994-07-20,0.187976
1994-07-21,0.20134
1994-07-22,0.215719
1994-07-23,0.231118
1994-07-24,0.247543
1994-07-25,0.265043
1994-07-26,0.283626
1994-07-27,0.3033
1994-07-28,0.324072
1994-07-29,0.345951
1994-07-30,0.368946
1994-07-31,0.393067
1994-08-01,0.419181
1994-08-02,0.444044
1994-08-03,0.467665
1994-08-04,0.490056
1994-08-05,0.511225
1994-08-06,0.531181
1994-08-07,0.549932
1994-08-08,0.567103
1994-08-09,0.582699
1994-08-10,0.596729
1994-08-11,0.609196
1994-08-12,0.620108
1994-08-13,0.629468
1994-08-14,0.63728
1994-08-15,0.643505
1994-08-16,0.648145
1994-08-17,0.651204
1994-08-18,0.652681
1994-08-19,0.652578
1994-08-20,0.650894
1994-08-21,0.647628
1994-08-22,0.643403
1994-08-23,0.638217
1994-08-24,0.632066
1994-08-25,0.624949
1994-08-26,0.616863
1994-08-27,0.607804
1994-08-28,0.597769
1994-08-29,0.586217
1994-08-30,0.573144
1994-08-31,0.558543
1994-09-01,0.542409
1994-09-02,0.52718
1994-09-03,0.512851
1994-09-04,0.499414
1994-09-05,0.486582
1994-09-06,0.474351
1994-09-07,0.462714
1994-09-08,0.451668
1994-09-09,0.441208
1994-09-10,0.431329
1994-09-11,0.422027
1994-09-12,0.413418
1994-09-13,0.405497
1994-09-14,0.398262
1994-09-15,0.39171
1994-09-16,0.385838
1994-09-17,0.380643
1994-09-18,0.376124
1994-09-19,0.372449
1994-09-20,0.369617
1994-09-21,0.367627
1994-09-22,0.366478
1994-09-23,0.366169
1994-09-24,0.366701
1994-09-25,0.368073
1994-09-26,0.370556
1994-09-27,0.374151
1994-09-28,0.37886
1994-09-29,0.384684
1994-09-30,0.391625
1994-10-01,0.399688
1994-10-02,0.407904
1994-10-03,0.416559
1994-10-04,0.425656
1994-10-05,0.435198
1994-10-06,0.44519
1994-10-07,0.455636
1994-10-08,0.46654
1994-10-09,0.477906
1994-10-10,0.488997
1994-10-11,0.499815
1994-10-12,0.510366
1994-10-13,0.520653
1994-10-14,0.530682
1994-10-15,0.540456
1994-10-16,0.54998
1994-10-17,0.559303
1994-10-18,0.568429
1994-10-19,0.577361
1994-10-20,0.586104
1994-10-21,0.594661
1994-10-22,0.603036
1994-10-23,0.611232
1994-10-24,0.619523
1994-10-25,0.627912
1994-10-26,0.636404
1994-10-27,0.645001
1994-10-28,0.653707
1994-10-29,0.662526
1994-10-30,0.671462
1994-10-31,0.680345
1994-11-01,0.689181
1994-11-02,0.697638
1994-11-03,0.705722
1994-11-04,0.713434
1994-11-05,0.720779
1994-11-06,0.727759
1994-11-07,0.734559
1994-11-08,0.741183
1994-11-09,0.747632
1994-11-10,0.753909
1994-11-11,0.760018
1994-11-12,0.76596
1994-11-13,0.771738
1994-11-14,0.777181
1994-11-15,0.78229
1994-11-16,0.787067
1994-11-17,0.791514
1994-11-18,0.795634
1994-11-19,0.799428
1994-11-20,0.802897
1994-11-21,0.806313
1994-11-22,0.809676
1994-11-23,0.812988
1994-11-24,0.81625
1994-11-25,0.819464
1994-11-26,0.822632
1994-11-27,0.825753
1994-11-28,0.828477
1994-11-29,0.830802
1994-11-30,0.832732
1994-12-01,0.834266
1994-12-02,0.834952
1994-12-03,0.83479
1994-12-04,0.83378
1994-12-05,0.832366
1994-12-06,0.830547
1994-12-07,0.828321
1994-12-08,0.825689
1994-12-09,0.822648
1994-12-10,0.819198
1994-12-11,0.815338
1994-12-12,0.810888
1994-12-13,0.805846
1994-12-14,0.80021
1994-12-15,0.793978
1994-12-16,0.787148
1994-12-17,0.779716
1994-12-18,0.77168
1994-12-19,0.762266
1994-12-20,0.751472
1994-12-21,0.739291
1994-12-22,0.725719
1994-12-23,0.710752
1994-12-24,0.694381
1994-12-25,0.676601
1994-12-26,0.658318
1994-12-27,0.639524
1994-12-28,0.620211
1994-12-29,0.600371
1994-12-30,0.579996
1994-12-31,0.559078
1995-01-01,0.537608
1995-01-02,0.516798
1995-01-03,0.496641
1995-01-04,0.477126
1995-01-05,0.458248
1995-01-06,0.439996
1995-01-07,0.422365
1995-01-08,0.405347
1995-01-09,0.388492
1995-01-10,0.371794
1995-01-11,0.355245
1995-01-12,0.338839
1995-01-13,0.322569
1995-01-14,0.306429
1995-01-15,0.290411
1995-01-16,0.273113
1995-01-17,0.254526
1995-01-18,0.234645
1995-01-19,0.213459
1995-01-20,0.190961
1995-01-21,0.167142
1995-01-22,0.14199
1995-01-23,0.116398
1995-01-24,0.090354
1995-01-25,0.063849
1995-01-26,0.03687
1995-01-27,0.009406
1995-01-28,-0.018553
1995-01-29,-0.047019
1995-01-30,-0.075982
1995-01-31,-0.105454
1995-02-01,-0.135447
1995-02-02,-0.164115
1995-02-03,-0.191469
1995-02-04,-0.217522
1995-02-05,-0.242283
1995-02-06,-0.264702
1995-02-07,-0.28479
1995-02-08,-0.302554
1995-02-09,-0.318001
1995-02-10,-0.331139
1995-02-11,-0.341971
1995-02-12,-0.350504
1995-02-13,-0.358025
1995-02-14,-0.364537
1995-02-15,-0.370043
1995-02-16,-0.374545
1995-02-17,-0.378045
1995-02-18,-0.380545
1995-02-19,-0.382045
1995-02-20,-0.382643
1995-02-21,-0.382338
1995-02-22,-0.381132
1995-02-23,-0.379022
1995-02-24,-0.376009
1995-02-25,-0.372092
1995-02-26,-0.367267
1995-02-27,-0.361089
1995-02-28,-0.353554
1995-03-01,-0.34466
1995-03-02,-0.33647
1995-03-03,-0.32898
1995-03-04,-0.322189
1995-03-05,-0.316092
1995-03-06,-0.310454
1995-03-07,-0.305274
1995-03-08,-0.30055
1995-03-09,-0.296278
1995-03-10,-0.292458
1995-03-11,-0.289088
1995-03-12,-0.286166
1995-03-13,-0.28422
1995-03-14,-0.28325
1995-03-15,-0.283254
1995-03-16,-0.284233
1995-03-17,-0.286187
1995-03-18,-0.289118
1995-03-19,-0.293025
1995-03-20,-0.298233
1995-03-21,-0.304745
1995-03-22,-0.312562
1995-03-23,-0.321688
1995-03-24,-0.332128
1995-03-25,-0.343884
1995-03-26,-0.356962
1995-03-27,-0.37076
1995-03-28,-0.385284
1995-03-29,-0.400539
1995-03-30,-0.416532
1995-03-31,-0.43327
1995-04-01,-0.450759
1995-04-02,-0.467215
1995-04-03,-0.482249
1995-04-04,-0.495867
1995-04-05,-0.508075
1995-04-06,-0.518878
1995-04-07,-0.528281
1995-04-08,-0.536286
1995-04-09,-0.542898
1995-04-10,-0.548291
1995-04-11,-0.552468
1995-04-12,-0.555429
1995-04-13,-0.557177
1995-04-14,-0.557712
1995-04-15,-0.557035
1995-04-16,-0.555144
1995-04-17,-0.552659
1995-04-18,-0.549579
1995-04-19,-0.545903
1995-04-20,-0.541628
1995-04-21,-0.536753
1995-04-22,-0.531276
1995-04-23,-0.525195
1995-04-24,-0.51752
1995-04-25,-0.508248
1995-04-26,-0.497374
1995-04-27,-0.484895
1995-04-28,-0.470805
1995-04-29,-0.455098
1995-04-30,-0.437768
1995-05-01,-0.419542
1995-05-02,-0.401432
1995-05-03,-0.38343
1995-05-04,-0.365528
1995-05-05,-0.34772
1995-05-06,-0.329999
1995-05-07,-0.312355
1995-05-08,-0.294636
1995-05-09,-0.276834
1995-05-10,-0.258941
1995-05-11,-0.240949
1995-05-12,-0.222852
1995-05-13,-0.204642
1995-05-14,-0.186312
1995-05-15,-0.167432
1995-05-16,-0.147996
1995-05-17,-0.127994
1995-05-18,-0.10742
1995-05-19,-0.086263
1995-05-20,-0.064516
1995-05-21,-0.042169
1995-05-22,-0.019814
1995-05-23,0.002558
1995-05-24,0.024957
1995-05-25,0.047393
1995-05-26,0.069874
1995-05-27,0.092409
1995-05-28,0.115008
1995-05-29,0.137291
1995-05-30,0.159264
1995-05-31,0.180939
1995-06-01,0.202324
1995-06-02,0.220926
1995-06-03,0.236754
1995-06-04,0.249815
1995-06-05,0.260873
1995-06-06,0.269935
1995-06-07,0.277004
1995-06-08,0.282083
1995-06-09,0.285174
1995-06-10,0.286279
1995-06-11,0.285396
1995-06-12,0.282802
1995-06-13,0.278495
1995-06-14,0.272473
1995-06-15,0.264733
1995-06-16,0.255273
1995-06-17,0.244088
1995-06-18,0.231174
1995-06-19,0.215134
1995-06-20,0.19596
1995-06-21,0.173645
1995-06-22,0.14818
1995-06-23,0.119553
1995-06-24,0.087755
1995-06-25,0.05277
1995-06-26,0.0153
1995-06-27,-0.024669
1995-06-28,-0.067155
1995-06-29,-0.112175
1995-06-30,-0.159747
1995-07-01,-0.209892
1995-07-02,-0.256485
1995-07-03,-0.29868
1995-07-04,-0.336496
1995-07-05,-0.369949
1995-07-06,-0.399051
1995-07-07,-0.423815
1995-07-08,-0.444252
1995-07-09,-0.460369
1995-07-10,-0.472168
1995-07-11,-0.479653
1995-07-12,-0.482827
1995-07-13,-0.481693
1995-07-14,-0.476248
1995-07-15,-0.466491
1995-07-16,-0.452418
1995-07-17,-0.434714
1995-07-18,-0.41337
1995-07-19,-0.388379
1995-07-20,-0.35973
1995-07-21,-0.327411
1995-07-22,-0.291408
1995-07-23,-0.251707
1995-07-24,-0.210059
1995-07-25,-0.166445
1995-07-26,-0.120849
1995-07-27,-0.073252
1995-07-28,-0.023632
1995-07-29,0.028028
1995-07-30,0.081753
1995-07-31,0.139313
1995-08-01,0.200733
1995-08-02,0.259057
1995-08-03,0.314307
1995-08-04,0.366507
1995-08-05,0.415678
1995-08-06,0.461842
1995-08-07,0.505141
1995-08-08,0.545595
1995-08-09,0.58322
1995-08-10,0.618031
1995-08-11,0.650043
1995-08-12,0.679269
1995-08-13,0.705721
1995-08-14,0.729748
1995-08-15,0.751359
1995-08-16,0.770564
1995-08-17,0.787369
1995-08-18,0.801783
1995-08-19,0.813811
1995-08-20,0.823459
1995-08-21,0.830207
1995-08-22,0.834058
1995-08-23,0.835015
1995-08-24,0.833077
1995-08-25,0.828243
1995-08-26,0.820513
1995-08-27,0.809882
1995-08-28,0.796289
1995-08-29,0.77973
1995-08-30,0.760197
1995-08-31,0.737682
1995-09-01,0.712176
1995-09-02,0.686586
1995-09-03,0.6609
1995-09-04,0.635986
1995-09-05,0.611832
1995-09-06,0.588428
1995-09-07,0.565765
1995-09-08,0.543833
1995-09-09,0.522624
1995-09-10,0.502128
1995-09-11,0.481843
1995-09-12,0.461763
1995-09-13,0.441877
1995-09-14,0.422179
1995-09-15,0.402659
1995-09-16,0.383311
1995-09-17,0.364125
1995-09-18,0.343825
1995-09-19,0.322403
1995-09-20,0.29985
1995-09-21,0.276157
1995-09-22,0.251314
1995-09-23,0.225311
1995-09-24,0.198137
1995-09-25,0.170858
1995-09-26,0.143465
1995-09-27,0.115945
1995-09-28,0.088286
1995-09-29,0.060479
1995-09-30,0.032511
1995-10-01,0.00437
1995-10-02,-0.021608
1995-10-03,-0.045435
1995-10-04,-0.067119
1995-10-05,-0.08667
1995-10-06,-0.104097
1995-10-07,-0.119405
1995-10-08,-0.132603
1995-10-09,-0.144763
1995-10-10,-0.155891
1995-10-11,-0.165992
1995-10-12,-0.175069
1995-10-13,-0.183127
1995-10-14,-0.190169
1995-10-15,-0.196197
1995-10-16,-0.201135
1995-10-17,-0.204984
1995-10-18,-0.207746
1995-10-19,-0.209422
1995-10-20,-0.210013
1995-10-21,-0.209519
1995-10-22,-0.20794
1995-10-23,-0.204647
1995-10-24,-0.19964
1995-10-25,-0.192916
1995-10-26,-0.184472
1995-10-27,-0.174306
1995-10-28,-0.162412
1995-10-29,-0.148786
1995-10-30,-0.133759
1995-10-31,-0.117327
1995-11-01,-0.099481
1995-11-02,-0.082027
1995-11-03,-0.064956
1995-11-04,-0.048264
1995-11-05,-0.031941
1995-11-06,-0.016551
1995-11-07,-0.002088
1995-11-08,0.011456
1995-11-09,0.024085
1995-11-10,0.035805
1995-11-11,0.04662
1995-11-12,0.056536
1995-11-13,0.066406
1995-11-14,0.076236
1995-11-15,0.08603
1995-11-16,0.095791
1995-11-17,0.105523
1995-11-18,0.115231
1995-11-19,0.124919
1995-11-20,0.134203
1995-11-21,0.143086
1995-11-22,0.151574
1995-11-23,0.159668
1995-11-24,0.167373
1995-11-25,0.174691
1995-11-26,0.181627
1995-11-27,0.187917
1995-11-28,0.193565
1995-11-29,0.198572
1995-11-30,0.202942
1995-12-01,0.206676
1995-12-02,0.208842
1995-12-03,0.209442
1995-12-04,0.207525
1995-12-05,0.203089
1995-12-06,0.196134
1995-12-07,0.186657
1995-12-08,0.174653
1995-12-09,0.160117
1995-12-10,0.143044
1995-12-11,0.125813
1995-12-12,0.108415
1995-12-13,0.090845
1995-12-14,0.073095
1995-12-15,0.055157
1995-12-16,0.037024
1995-12-17,0.018689
1995-12-18,-0.001011
1995-12-19,-0.022083
1995-12-20,-0.044535
1995-12-21,-0.068378
1995-12-22,-0.093621
1995-12-23,-0.120274
1995-12-24,-0.14835
1995-12-25,-0.178598
1995-12-26,-0.211032
1995-12-27,-0.245665
1995-12-28,-0.282512
1995-12-29,-0.321587
1995-12-30,-0.362907
1995-12-31,-0.406489
1996-01-01,-0.451634
1996-01-02,-0.492904
1996-01-03,-0.530318
1996-01-04,-0.563891
1996-01-05,-0.593637
1996-01-06,-0.619567
1996-01-07,-0.641693
1996-01-08,-0.661388
1996-01-09,-0.67866
1996-01-10,-0.693516
1996-01-11,-0.705962
1996-01-12,-0.716003
1996-01-13,-0.723645
1996-01-14,-0.728888
1996-01-15,-0.726825
1996-01-16,-0.717453
1996-01-17,-0.700769
1996-01-18,-0.676766
1996-01-19,-0.645434
1996-01-20,-0.60676
1996-01-21,-0.560728
1996-01-22,-0.512142
1996-01-23,-0.460981
1996-01-24,-0.407224
1996-01-25,-0.350849
1996-01-26,-0.291832
1996-01-27,-0.23015
1996-01-28,-0.165776
1996-01-29,-0.097992
1996-01-30,-0.026767
1996-01-31,0.047926
1996-02-01,0.126118
1996-02-02,0.199343
1996-02-03,0.26763
1996-02-04,0.331007
1996-02-05,0.390705
1996-02-06,0.446746
1996-02-07,0.499155
1996-02-08,0.547953
1996-02-09,0.59316
1996-02-10,0.634794
1996-02-11,0.672875
1996-02-12,0.706694
1996-02-13,0.736268
1996-02-14,0.761608
1996-02-15,0.782724
1996-02-16,0.799625
1996-02-17,0.812319
1996-02-18,0.82081
1996-02-19,0.824475
1996-02-20,0.823315
1996-02-21,0.81733
1996-02-22,0.806516
1996-02-23,0.790871
1996-02-24,0.770387
1996-02-25,0.745055
1996-02-26,0.715772
1996-02-27,0.682523
1996-02-28,0.645297
1996-02-29,0.604078
1996-03-01,0.558847
1996-03-02,0.515957
1996-03-03,0.47539
1996-03-04,0.436652
1996-03-05,0.399728
1996-03-06,0.364603
1996-03-07,0.331262
1996-03-08,0.299691
1996-03-09,0.269878
1996-03-10,0.24181
1996-03-11,0.216795
1996-03-12,0.194822
1996-03-13,0.175884
1996-03-14,0.159971
1996-03-15,0.147078
1996-03-16,0.137199
1996-03-17,0.13033
1996-03-18,0.127342
1996-03-19,0.128234
1996-03-20,0.133007
1996-03-21,0.141661
1996-03-22,0.154202
1996-03-23,0.170633
1996-03-24,0.190963
1996-03-25,0.211887
1996-03-26,0.233415
1996-03-27,0.255554
1996-03-28,0.278316
1996-03-29,0.301708
1996-03-30,0.325741
1996-03-31,0.350424
1996-04-01,0.376154
1996-04-02,0.400593
1996-04-03,0.42375
1996-04-04,0.445634
1996-04-05,0.466256
1996-04-06,0.485622
1996-04-07,0.503742
1996-04-08,0.521151
1996-04-09,0.537855
1996-04-10,0.553861
1996-04-11,0.569177
1996-04-12,0.583808
1996-04-13,0.597761
1996-04-14,0.611041
1996-04-15,0.624686
1996-04-16,0.6387
1996-04-17,0.65309
1996-04-18,0.667862
1996-04-19,0.683021
1996-04-20,0.698575
1996-04-21,0.714529
1996-04-22,0.729296
1996-04-23,0.742881
1996-04-24,0.75529
1996-04-25,0.766528
1996-04-26,0.776601
1996-04-27,0.785511
1996-04-28,0.793264
1996-04-29,0.800739
1996-04-30,0.807941
1996-05-01,0.814872
1996-05-02,0.820841
1996-05-03,0.825851
1996-05-04,0.829904
1996-05-05,0.833001
1996-05-06,0.835995
1996-05-07,0.838888
1996-05-08,0.84168
1996-05-09,0.844373
1996-05-10,0.846967
1996-05-11,0.849465
1996-05-12,0.851866
1996-05-13,0.853245
1996-05-14,0.853602
1996-05-15,0.852938
1996-05-16,0.851251
1996-05-17,0.848542
1996-05-18,0.844809
1996-05-19,0.84005
1996-05-20,0.834478
1996-05-21,0.82809
1996-05-22,0.820883
1996-05-23,0.812855
1996-05-24,0.804001
1996-05-25,0.794319
1996-05-26,0.783805
1996-05-27,0.772398
1996-05-28,0.760094
1996-05-29,0.746888
1996-05-30,0.732774
1996-05-31,0.717748
1996-06-01,0.701801
1996-06-02,0.685804
1996-06-03,0.670364
1996-06-04,0.655474
1996-06-05,0.641128
1996-06-06,0.627321
1996-06-07,0.614047
1996-06-08,0.601299
1996-06-09,0.589074
1996-06-10,0.576468
1996-06-11,0.563478
1996-06-12,0.550097
1996-06-13,0.536319
1996-06-14,0.52214
1996-06-15,0.507553
1996-06-16,0.492552
1996-06-17,0.47747
1996-06-18,0.4623
1996-06-19,0.447037
1996-06-20,0.431672
1996-06-21,0.416202
1996-06-22,0.400618
1996-06-23,0.384914
1996-06-24,0.368937
1996-06-25,0.352679
1996-06-26,0.336133
1996-06-27,0.319293
1996-06-28,0.302152
1996-06-29,0.284703
1996-06-30,0.266938
1996-07-01,0.249237
1996-07-02,0.23272
1996-07-03,0.21738
1996-07-04,0.203209
1996-07-05,0.190204
1996-07-06,0.178357
1996-07-07,0.167664
1996-07-08,0.158119
1996-07-09,0.149716
1996-07-10,0.142453
1996-07-11,0.136326
1996-07-12,0.131333
1996-07-13,0.127473
1996-07-14,0.124742
1996-07-15,0.122244
1996-07-16,0.119979
1996-07-17,0.117945
1996-07-18,0.11614
1996-07-19,0.114566
1996-07-20,0.11322
1996-07-21,0.112103
1996-07-22,0.111646
1996-07-23,0.111849
1996-07-24,0.112713
1996-07-25,0.114237
1996-07-26,0.116423
1996-07-27,0.119271
1996-07-28,0.122782
1996-07-29,0.127135
1996-07-30,0.132332
1996-07-31,0.138375
1996-08-01,0.145266
1996-08-02,0.151883
1996-08-03,0.158228
1996-08-04,0.164304
1996-08-05,0.170387
1996-08-06,0.176478
1996-08-07,0.182582
1996-08-08,0.188699
1996-08-09,0.194834
1996-08-10,0.200987
1996-08-11,0.207163
1996-08-12,0.213372
1996-08-13,0.219619
1996-08-14,0.225906
1996-08-15,0.232235
1996-08-16,0.238609
1996-08-17,0.245031
1996-08-18,0.251502
1996-08-19,0.257857
1996-08-20,0.264099
1996-08-21,0.270228
1996-08-22,0.276249
1996-08-23,0.282164
1996-08-24,0.287974
1996-08-25,0.293683
1996-08-26,0.298894
1996-08-27,0.303609
1996-08-28,0.307829
1996-08-29,0.311556
1996-08-30,0.314793
1996-08-31,0.31754
1996-09-01,0.319798
1996-09-02,0.321755
1996-09-03,0.323412
1996-09-04,0.324768
1996-09-05,0.325826
1996-09-06,0.326584
1996-09-07,0.327044
1996-09-08,0.327205
1996-09-09,0.327117
1996-09-10,0.326781
1996-09-11,0.326195
1996-09-12,0.32536
1996-09-13,0.324276
1996-09-14,0.322941
1996-09-15,0.321356
1996-09-16,0.319928
1996-09-17,0.318657
1996-09-18,0.317543
1996-09-19,0.316585
1996-09-20,0.315782
1996-09-21,0.315135
1996-09-22,0.314642
1996-09-23,0.31351
1996-09-24,0.311738
1996-09-25,0.309324
1996-09-26,0.306268
1996-09-27,0.30257
1996-09-28,0.298226
1996-09-29,0.293236
1996-09-30,0.287184
1996-10-01,0.280069
1996-10-02,0.273328
1996-10-03,0.266959
1996-10-04,0.260958
1996-10-05,0.255323
1996-10-06,0.250052
1996-10-07,0.245664
1996-10-08,0.242157
1996-10-09,0.239531
1996-10-10,0.237783
1996-10-11,0.236913
1996-10-12,0.236921
1996-10-13,0.237807
1996-10-14,0.23966
1996-10-15,0.242482
1996-10-16,0.246273
1996-10-17,0.251035
1996-10-18,0.256771
1996-10-19,0.263482
1996-10-20,0.271171
1996-10-21,0.280569
1996-10-22,0.291678
1996-10-23,0.304503
1996-10-24,0.31905
1996-10-25,0.335325
1996-10-26,0.353335
1996-10-27,0.373086
1996-10-28,0.393047
1996-10-29,0.413226
1996-10-30,0.433632
1996-10-31,0.454272
1996-11-01,0.475156
1996-11-02,0.493772
1996-11-03,0.51013
1996-11-04,0.524721
1996-11-05,0.537553
1996-11-06,0.548631
1996-11-07,0.557959
1996-11-08,0.565542
1996-11-09,0.571381
1996-11-10,0.575481
1996-11-11,0.578826
1996-11-12,0.58142
1996-11-13,0.583262
1996-11-14,0.584354
1996-11-15,0.584695
1996-11-16,0.584287
1996-11-17,0.583129
1996-11-18,0.580786
1996-11-19,0.577257
1996-11-20,0.57254
1996-11-21,0.566635
1996-11-22,0.559538
1996-11-23,0.551246
1996-11-24,0.541756
1996-11-25,0.530163
1996-11-26,0.516462
1996-11-27,0.500647
1996-11-28,0.482712
1996-11-29,0.46265
1996-11-30,0.440451
1996-12-01,0.416107
1996-12-02,0.393516
1996-12-03,0.372668
1996-12-04,0.353554
1996-12-05,0.336166
1996-12-06,0.320498
1996-12-07,0.306543
1996-12-08,0.294295
1996-12-09,0.282595
1996-12-10,0.271439
1996-12-11,0.260822
1996-12-12,0.250739
1996-12-13,0.241186
1996-12-14,0.23216
1996-12-15,0.223656
1996-12-16,0.215706
1996-12-17,0.208308
1996-12-18,0.201457
1996-12-19,0.195152
1996-12-20,0.189389
1996-12-21,0.184166
1996-12-22,0.179481
1996-12-23,0.175731
1996-12-24,0.172914
1996-12-25,0.17103
1996-12-26,0.170077
1996-12-27,0.170055
1996-12-28,0.170964
1996-12-29,0.172805
1996-12-30,0.174822
1996-12-31,0.177017
1997-01-01,0.179391
1997-01-02,0.182745
1997-01-03,0.18708
1997-01-04,0.192399
1997-01-05,0.198703
1997-01-06,0.205405
1997-01-07,0.212508
1997-01-08,0.220014
1997-01-09,0.227926
1997-01-10,0.236249
1997-01-11,0.244984
1997-01-12,0.254136
1997-01-13,0.26567
1997-01-14,0.279589
1997-01-15,0.295901
1997-01-16,0.314611
1997-01-17,0.335728
1997-01-18,0.35926
1997-01-19,0.385216
1997-01-20,0.412482
1997-01-21,0.441068
1997-01-22,0.470986
1997-01-23,0.502249
1997-01-24,0.53487
1997-01-25,0.568861
1997-01-26,0.604238
1997-01-27,0.640946
1997-01-28,0.679001
1997-01-29,0.718419
1997-01-30,0.759215
1997-01-31,0.801407
1997-02-01,0.845012
1997-02-02,0.8858
1997-02-03,0.923314
1997-02-04,0.95757
1997-02-05,0.988583
1997-02-06,1.016364
1997-02-07,1.040926
1997-02-08,1.062278
1997-02-09,1.08043
1997-02-10,1.096103
1997-02-11,1.109303
1997-02-12,1.120036
1997-02-13,1.128306
1997-02-14,1.134117
1997-02-15,1.137471
1997-02-16,1.138369
1997-02-17,1.137306
1997-02-18,1.13428
1997-02-19,1.12929
1997-02-20,1.122335
1997-02-21,1.113412
1997-02-22,1.102515
1997-02-23,1.089643
1997-02-24,1.074338
1997-02-25,1.056595
1997-02-26,1.036406
1997-02-27,1.013764
1997-02-28,0.988658
1997-03-01,0.961078
1997-03-02,0.93411
1997-03-03,0.907587
1997-03-04,0.881498
1997-03-05,0.855832
1997-03-06,0.83058
1997-03-07,0.805729
1997-03-08,0.781271
1997-03-09,0.757195
1997-03-10,0.733737
1997-03-11,0.710889
1997-03-12,0.68864
1997-03-13,0.666983
1997-03-14,0.645906
1997-03-15,0.625403
1997-03-16,0.605464
1997-03-17,0.585798
1997-03-18,0.566398
1997-03-19,0.547254
1997-03-20,0.528359
1997-03-21,0.509706
1997-03-22,0.491286
1997-03-23,0.473092
1997-03-24,0.455728
1997-03-25,0.439186
1997-03-26,0.42346
1997-03-27,0.408543
1997-03-28,0.394429
1997-03-29,0.381113
1997-03-30,0.368587
1997-03-31,0.3564
1997-04-01,0.344546
1997-04-02,0.333287
1997-04-03,0.32262
1997-04-04,0.31254
1997-04-05,0.303043
1997-04-06,0.294124
1997-04-07,0.285998
1997-04-08,0.278662
1997-04-09,0.272113
1997-04-10,0.266348
1997-04-11,0.261364
1997-04-12,0.25716
1997-04-13,0.253734
1997-04-14,0.250232
1997-04-15,0.246654
1997-04-16,0.242997
1997-04-17,0.239261
1997-04-18,0.235443
1997-04-19,0.231543
1997-04-20,0.227558
1997-04-21,0.225043
1997-04-22,0.223996
1997-04-23,0.224418
1997-04-24,0.226307
1997-04-25,0.229666
1997-04-26,0.234495
1997-04-27,0.240797
1997-04-28,0.247882
1997-04-29,0.255753
1997-04-30,0.264413
1997-05-01,0.273867
1997-05-02,0.283718
1997-05-03,0.293973
1997-05-04,0.304634
1997-05-05,0.314415
1997-05-06,0.323322
1997-05-07,0.331357
1997-05-08,0.338524
1997-05-09,0.344825
1997-05-10,0.350264
1997-05-11,0.354842
1997-05-12,0.359798
1997-05-13,0.365135
1997-05-14,0.370854
1997-05-15,0.376957
1997-05-16,0.383448
1997-05-17,0.390329
1997-05-18,0.397603
1997-05-19,0.404832
1997-05-20,0.412021
1997-05-21,0.419172
1997-05-22,0.426287
1997-05-23,0.433371
1997-05-24,0.440425
1997-05-25,0.447453
1997-05-26,0.454952
1997-05-27,0.462923
1997-05-28,0.471372
1997-05-29,0.4803
1997-05-30,0.489712
1997-05-31,0.499612
1997-06-01,0.510004
1997-06-02,0.520543
1997-06-03,0.531233
1997-06-04,0.542078
1997-06-05,0.553084
1997-06-06,0.564254
1997-06-07,0.575594
1997-06-08,0.587107
1997-06-09,0.598728
1997-06-10,0.610459
1997-06-11,0.622306
1997-06-12,0.634274
1997-06-13,0.646368
1997-06-14,0.658593
1997-06-15,0.670954
1997-06-16,0.682348
1997-06-17,0.692779
1997-06-18,0.702252
1997-06-19,0.710771
1997-06-20,0.71834
1997-06-21,0.72496
1997-06-22,0.730636
1997-06-23,0.736478
1997-06-24,0.742487
1997-06-25,0.748667
1997-06-26,0.755019
1997-06-27,0.761548
1997-06-28,0.768255
1997-06-29,0.775142
1997-06-30,0.783035
1997-07-01,0.791936
1997-07-02,0.801023
1997-07-03,0.8103
1997-07-04,0.81977
1997-07-05,0.829438
1997-07-06,0.839308
1997-07-07,0.847528
1997-07-08,0.854102
1997-07-09,0.859033
1997-07-10,0.862322
1997-07-11,0.863971
1997-07-12,0.863981
1997-07-13,0.862352
1997-07-14,0.858658
1997-07-15,0.852896
1997-07-16,0.845065
1997-07-17,0.835162
1997-07-18,0.823182
1997-07-19,0.80912
1997-07-20,0.792971
1997-07-21,0.776125
1997-07-22,0.758575
1997-07-23,0.740315
1997-07-24,0.721335
1997-07-25,0.70163
1997-07-26,0.681189
1997-07-27,0.660006
1997-07-28,0.638465
1997-07-29,0.616556
1997-07-30,0.594272
1997-07-31,0.571603
1997-08-01,0.54854
1997-08-02,0.527615
1997-08-03,0.508822
1997-08-04,0.491928
1997-08-05,0.476927
1997-08-06,0.463812
1997-08-07,0.452578
1997-08-08,0.44322
1997-08-09,0.435735
1997-08-10,0.43012
1997-08-11,0.426601
1997-08-12,0.425179
1997-08-13,0.425852
1997-08-14,0.42862
1997-08-15,0.433485
1997-08-16,0.440449
1997-08-17,0.449515
1997-08-18,0.459358
1997-08-19,0.469985
1997-08-20,0.481398
1997-08-21,0.493603
1997-08-22,0.506605
1997-08-23,0.520408
1997-08-24,0.53502
1997-08-25,0.551383
1997-08-26,0.569505
1997-08-27,0.589394
1997-08-28,0.611057
1997-08-29,0.634504
1997-08-30,0.659744
1997-08-31,0.686787
1997-09-01,0.714591
1997-09-02,0.740113
1997-09-03,0.763364
1997-09-04,0.784353
1997-09-05,0.80309
1997-09-06,0.819581
1997-09-07,0.833834
1997-09-08,0.846744
1997-09-09,0.858317
1997-09-10,0.868558
1997-09-11,0.87747
1997-09-12,0.885058
1997-09-13,0.891324
1997-09-14,0.896272
1997-09-15,0.899997
1997-09-16,0.902502
1997-09-17,0.903788
1997-09-18,0.903854
1997-09-19,0.902702
1997-09-20,0.900331
1997-09-21,0.896739
1997-09-22,0.891791
1997-09-23,0.885485
1997-09-24,0.877818
1997-09-25,0.868787
1997-09-26,0.858388
1997-09-27,0.846617
1997-09-28,0.833469
1997-09-29,0.818659
1997-09-30,0.802182
1997-10-01,0.784029
1997-10-02,0.766595
1997-10-03,0.749873
1997-10-04,0.733856
1997-10-05,0.718538
1997-10-06,0.703893
1997-10-07,0.689915
1997-10-08,0.6766
1997-10-09,0.663941
1997-10-10,0.651934
1997-10-11,0.640572
1997-10-12,0.629853
1997-10-13,0.62061
1997-10-14,0.61284
1997-10-15,0.606539
1997-10-16,0.601706
1997-10-17,0.598338
1997-10-18,0.596433
1997-10-19,0.595992
1997-10-20,0.595903
1997-10-21,0.596166
1997-10-22,0.596781
1997-10-23,0.597749
1997-10-24,0.59907
1997-10-25,0.600745
1997-10-26,0.602774
1997-10-27,0.606001
1997-10-28,0.610427
1997-10-29,0.616055
1997-10-30,0.622886
1997-10-31,0.630923
1997-11-01,0.64017
1997-11-02,0.64882
1997-11-03,0.65635
1997-11-04,0.662763
1997-11-05,0.668062
1997-11-06,0.672249
1997-11-07,0.675326
1997-11-08,0.677293
1997-11-09,0.678152
1997-11-10,0.678889
1997-11-11,0.679502
1997-11-12,0.679992
1997-11-13,0.68036
1997-11-14,0.680605
1997-11-15,0.680728
1997-11-16,0.680729
1997-11-17,0.679142
1997-11-18,0.675967
1997-11-19,0.671202
1997-11-20,0.664845
1997-11-21,0.656894
1997-11-22,0.647346
1997-11-23,0.636195
1997-11-24,0.624537
1997-11-25,0.612366
1997-11-26,0.599677
1997-11-27,0.586466
1997-11-28,0.572726
1997-11-29,0.558451
1997-11-30,0.543637
1997-12-01,0.527826
1997-12-02,0.512577
1997-12-03,0.497883
1997-12-04,0.483738
1997-12-05,0.470136
1997-12-06,0.457073
1997-12-07,0.444542
1997-12-08,0.432842
1997-12-09,0.421968
1997-12-10,0.411916
1997-12-11,0.402682
1997-12-12,0.394262
1997-12-13,0.386653
1997-12-14,0.37985
1997-12-15,0.372999
1997-12-16,0.366097
1997-12-17,0.35914
1997-12-18,0.352126
1997-12-19,0.345052
1997-12-20,0.337915
1997-12-21,0.330711
1997-12-22,0.323689
1997-12-23,0.316845
1997-12-24,0.310177
1997-12-25,0.303681
1997-12-26,0.297356
1997-12-27,0.291197
1997-12-28,0.285204
1997-12-29,0.28008
1997-12-30,0.275824
1997-12-31,0.272434
1998-01-01,0.269907
1998-01-02,0.267922
1998-01-03,0.266476
1998-01-04,0.26557
1998-01-05,0.265661
1998-01-06,0.26675
1998-01-07,0.268837
1998-01-08,0.271923
1998-01-09,0.276009
1998-01-10,0.281097
1998-01-11,0.287189
1998-01-12,0.293908
1998-01-13,0.301257
1998-01-14,0.309239
1998-01-15,0.317857
1998-01-16,0.327114
1998-01-17,0.337016
1998-01-18,0.347565
1998-01-19,0.356806
1998-01-20,0.364744
1998-01-21,0.371381
1998-01-22,0.37672
1998-01-23,0.380764
1998-01-24,0.383514
1998-01-25,0.384971
1998-01-26,0.386988
1998-01-27,0.389568
1998-01-28,0.39271
1998-01-29,0.396416
1998-01-30,0.400688
1998-01-31,0.405527
1998-02-01,0.410935
1998-02-02,0.4155
1998-02-03,0.419224
1998-02-04,0.422108
1998-02-05,0.424153
1998-02-06,0.42536
1998-02-07,0.425729
1998-02-08,0.425262
1998-02-09,0.424581
1998-02-10,0.423688
1998-02-11,0.422582
1998-02-12,0.421262
1998-02-13,0.419728
1998-02-14,0.417979
1998-02-15,0.416015
1998-02-16,0.413663
1998-02-17,0.410924
1998-02-18,0.407796
1998-02-19,0.404277
1998-02-20,0.400366
1998-02-21,0.396062
1998-02-22,0.391363
1998-02-23,0.385551
1998-02-24,0.378622
1998-02-25,0.370573
1998-02-26,0.361403
1998-02-27,0.351107
1998-02-28,0.33968
1998-03-01,0.327118
1998-03-02,0.314779
1998-03-03,0.302658
1998-03-04,0.290751
1998-03-05,0.279051
1998-03-06,0.267556
1998-03-07,0.256258
1998-03-08,0.245155
1998-03-09,0.235122
1998-03-10,0.226156
1998-03-11,0.218252
1998-03-12,0.211407
1998-03-13,0.205619
1998-03-14,0.200885
1998-03-15,0.197203
1998-03-16,0.194177
1998-03-17,0.191803
1998-03-18,0.190083
1998-03-19,0.189015
1998-03-20,0.188598
1998-03-21,0.188833
1998-03-22,0.189719
1998-03-23,0.190765
1998-03-24,0.191972
1998-03-25,0.193339
1998-03-26,0.194869
1998-03-27,0.19656
1998-03-28,0.198415
1998-03-29,0.200433
1998-03-30,0.203012
1998-03-31,0.206153
1998-04-01,0.209858
1998-04-02,0.213847
1998-04-03,0.218123
1998-04-04,0.222688
1998-04-05,0.227543
1998-04-06,0.232334
1998-04-07,0.237064
1998-04-08,0.241734
1998-04-09,0.246346
1998-04-10,0.250902
1998-04-11,0.255404
1998-04-12,0.259854
1998-04-13,0.265192
1998-04-14,0.271422
1998-04-15,0.278545
1998-04-16,0.286565
1998-04-17,0.295485
1998-04-18,0.305308
1998-04-19,0.316039
1998-04-20,0.326849
1998-04-21,0.337744
1998-04-22,0.348728
1998-04-23,0.359806
1998-04-24,0.370982
1998-04-25,0.38226
1998-04-26,0.393645
1998-04-27,0.4051
1998-04-28,0.416629
1998-04-29,0.428237
1998-04-30,0.439929
1998-05-01,0.451709
1998-05-02,0.461463
1998-05-03,0.469195
1998-05-04,0.475311
1998-05-05,0.479813
1998-05-06,0.482703
1998-05-07,0.483983
1998-05-08,0.483653
1998-05-09,0.481712
1998-05-10,0.478161
1998-05-11,0.473311
1998-05-12,0.46716
1998-05-13,0.459707
1998-05-14,0.450948
1998-05-15,0.44088
1998-05-16,0.429497
1998-05-17,0.416796
1998-05-18,0.402097
1998-05-19,0.385394
1998-05-20,0.366679
1998-05-21,0.345946
1998-05-22,0.323185
1998-05-23,0.298387
1998-05-24,0.271541
1998-05-25,0.243465
1998-05-26,0.214146
1998-05-27,0.183572
1998-05-28,0.151731
1998-05-29,0.118609
1998-05-30,0.084192
1998-05-31,0.048467
1998-06-01,0.010103
1998-06-02,-0.028077
1998-06-03,-0.066089
1998-06-04,-0.103949
1998-06-05,-0.141671
1998-06-06,-0.179273
1998-06-07,-0.216768
1998-06-08,-0.252826
1998-06-09,-0.28746
1998-06-10,-0.320686
1998-06-11,-0.352516
1998-06-12,-0.382965
1998-06-13,-0.412045
1998-06-14,-0.439767
1998-06-15,-0.465563
1998-06-16,-0.489446
1998-06-17,-0.511423
1998-06-18,-0.531505
1998-06-19,-0.549699
1998-06-20,-0.566014
1998-06-21,-0.580455
1998-06-22,-0.593055
1998-06-23,-0.603819
1998-06-24,-0.612751
1998-06-25,-0.619855
1998-06-26,-0.625134
1998-06-27,-0.62859
1998-06-28,-0.630225
1998-06-29,-0.631854
1998-06-30,-0.633479
1998-07-01,-0.635099
1998-07-02,-0.634435
1998-07-03,-0.631485
1998-07-04,-0.626249
1998-07-05,-0.618724
1998-07-06,-0.610175
1998-07-07,-0.6006
1998-07-08,-0.589994
1998-07-09,-0.578353
1998-07-10,-0.565672
1998-07-11,-0.551945
1998-07-12,-0.537168
1998-07-13,-0.519703
1998-07-14,-0.499545
1998-07-15,-0.476684
1998-07-16,-0.451111
1998-07-17,-0.422816
1998-07-18,-0.391787
1998-07-19,-0.358011
1998-07-20,-0.320329
1998-07-21,-0.278726
1998-07-22,-0.233184
1998-07-23,-0.183685
1998-07-24,-0.130208
1998-07-25,-0.072731
1998-07-26,-0.011231
1998-07-27,0.053129
1998-07-28,0.120374
1998-07-29,0.190533
1998-07-30,0.263634
1998-07-31,0.339709
1998-08-01,0.418787
1998-08-02,0.49363
1998-08-03,0.56418
1998-08-04,0.630465
1998-08-05,0.692512
1998-08-06,0.750348
1998-08-07,0.803997
1998-08-08,0.85348
1998-08-09,0.898818
1998-08-10,0.940187
1998-08-11,0.977606
1998-08-12,1.011088
1998-08-13,1.040649
1998-08-14,1.0663
1998-08-15,1.088051
1998-08-16,1.105913
1998-08-17,1.119987
1998-08-18,1.130279
1998-08-19,1.136794
1998-08-20,1.139534
1998-08-21,1.138499
1998-08-22,1.133691
1998-08-23,1.125107
1998-08-24,1.113359
1998-08-25,1.098443
1998-08-26,1.080353
1998-08-27,1.059081
1998-08-28,1.034618
1998-08-29,1.006954
1998-08-30,0.976079
1998-08-31,0.94174
1998-09-01,0.903924
1998-09-02,0.868015
1998-09-03,0.833998
1998-09-04,0.801858
1998-09-05,0.771583
1998-09-06,0.743161
1998-09-07,0.716021
1998-09-08,0.690151
1998-09-09,0.665542
1998-09-10,0.642183
1998-09-11,0.620064
1998-09-12,0.599177
1998-09-13,0.579512
1998-09-14,0.561486
1998-09-15,0.545092
1998-09-16,0.530324
1998-09-17,0.517174
1998-09-18,0.505638
1998-09-19,0.49571
1998-09-20,0.487388
1998-09-21,0.480121
1998-09-22,0.473907
1998-09-23,0.468745
1998-09-24,0.46463
1998-09-25,0.461563
1998-09-26,0.459541
1998-09-27,0.458564
1998-09-28,0.459473
1998-09-29,0.462268
1998-09-30,0.46695
1998-10-01,0.473522
1998-10-02,0.479615
1998-10-03,0.485232
1998-10-04,0.490374
1998-10-05,0.495327
1998-10-06,0.500092
1998-10-07,0.504671
1998-10-08,0.509066
1998-10-09,0.513279
1998-10-10,0.517312
1998-10-11,0.521166
1998-10-12,0.524322
1998-10-13,0.52678
1998-10-14,0.528542
1998-10-15,0.529608
1998-10-16,0.529979
1998-10-17,0.529656
1998-10-18,0.528637
1998-10-19,0.52643
1998-10-20,0.523032
1998-10-21,0.518444
1998-10-22,0.512663
1998-10-23,0.505686
1998-10-24,0.497511
1998-10-25,0.488135
1998-10-26,0.477895
1998-10-27,0.466789
1998-10-28,0.454811
1998-10-29,0.441957
1998-10-30,0.42822
1998-10-31,0.413597
1998-11-01,0.398079
1998-11-02,0.383792
1998-11-03,0.370728
1998-11-04,0.358883
1998-11-05,0.348251
1998-11-06,0.338829
1998-11-07,0.330612
1998-11-08,0.323597
1998-11-09,0.318234
1998-11-10,0.31452
1998-11-11,0.312455
1998-11-12,0.312037
1998-11-13,0.313266
1998-11-14,0.316143
1998-11-15,0.320669
1998-11-16,0.32471
1998-11-17,0.328268
1998-11-18,0.331345
1998-11-19,0.333941
1998-11-20,0.336057
1998-11-21,0.337696
1998-11-22,0.338856
1998-11-23,0.341127
1998-11-24,0.344508
1998-11-25,0.349002
1998-11-26,0.35461
1998-11-27,0.361335
1998-11-28,0.369179
1998-11-29,0.378145
1998-11-30,0.3887
1998-12-01,0.400849
1998-12-02,0.412533
1998-12-03,0.423757
1998-12-04,0.434527
1998-12-05,0.444846
1998-12-06,0.454719
1998-12-07,0.462511
1998-12-08,0.468225
1998-12-09,0.471863
1998-12-10,0.473428
1998-12-11,0.47292
1998-12-12,0.470338
1998-12-13,0.465681
1998-12-14,0.459507
1998-12-15,0.451811
1998-12-16,0.442592
1998-12-17,0.431844
1998-12-18,0.419565
1998-12-19,0.405748
1998-12-20,0.390388
1998-12-21,0.375572
1998-12-22,0.361293
1998-12-23,0.347546
1998-12-24,0.334325
1998-12-25,0.321625
1998-12-26,0.30944
1998-12-27,0.297765
1998-12-28,0.28465
1998-12-29,0.270089
1998-12-30,0.254078
1998-12-31,0.236608
1999-01-01,0.217673
1999-01-02,0.200431
1999-01-03,0.184875
1999-01-04,0.171836
1999-01-05,0.161309
1999-01-06,0.153289
1999-01-07,0.147774
1999-01-08,0.144761
1999-01-09,0.144249
1999-01-10,0.146237
1999-01-11,0.149844
1999-01-12,0.155072
1999-01-13,0.161921
1999-01-14,0.170396
1999-01-15,0.180499
1999-01-16,0.192236
1999-01-17,0.20561
1999-01-18,0.219642
1999-01-19,0.234337
1999-01-20,0.249702
1999-01-21,0.265743
1999-01-22,0.282466
1999-01-23,0.299879
1999-01-24,0.317989
1999-01-25,0.337776
1999-01-26,0.359248
1999-01-27,0.382415
1999-01-28,0.407285
1999-01-29,0.433869
1999-01-30,0.462178
1999-01-31,0.492224
1999-02-01,0.523674
1999-02-02,0.55205
1999-02-03,0.577363
1999-02-04,0.599625
1999-02-05,0.618843
1999-02-06,0.635028
1999-02-07,0.648184
1999-02-08,0.659887
1999-02-09,0.670141
1999-02-10,0.67895
1999-02-11,0.686318
1999-02-12,0.692249
1999-02-13,0.696744
1999-02-14,0.699806
1999-02-15,0.700066
1999-02-16,0.697525
1999-02-17,0.692182
1999-02-18,0.684035
1999-02-19,0.67308
1999-02-20,0.659313
1999-02-21,0.642727
1999-02-22,0.623698
1999-02-23,0.602218
1999-02-24,0.578277
1999-02-25,0.551865
1999-02-26,0.522972
1999-02-27,0.491586
1999-02-28,0.457694
1999-03-01,0.421257
1999-03-02,0.386113
1999-03-03,0.352249
1999-03-04,0.319651
1999-03-05,0.288305
1999-03-06,0.258197
1999-03-07,0.229316
1999-03-08,0.202032
1999-03-09,0.176332
1999-03-10,0.152206
1999-03-11,0.129644
1999-03-12,0.108638
1999-03-13,0.089177
1999-03-14,0.071254
1999-03-15,0.054363
1999-03-16,0.038495
1999-03-17,0.023645
1999-03-18,0.009805
1999-03-19,-0.003028
1999-03-20,-0.014862
1999-03-21,-0.0257
1999-03-22,-0.035739
1999-03-23,-0.044983
1999-03-24,-0.053435
1999-03-25,-0.0611
1999-03-26,-0.06798
1999-03-27,-0.074078
1999-03-28,-0.079397
1999-03-29,-0.083096
1999-03-30,-0.085176
1999-03-31,-0.08564
1999-04-01,-0.084486
1999-04-02,-0.082224
1999-04-03,-0.078854
1999-04-04,-0.074373
1999-04-05,-0.0689
1999-04-06,-0.062431
1999-04-07,-0.054963
1999-04-08,-0.046494
1999-04-09,-0.03702
1999-04-10,-0.026538
1999-04-11,-0.015042
1999-04-12,-0.00314
1999-04-13,0.009175
1999-04-14,0.021906
1999-04-15,0.03506
1999-04-16,0.048641
1999-04-17,0.062655
1999-04-18,0.077109
1999-04-19,0.091204
1999-04-20,0.104945
1999-04-21,0.11834
1999-04-22,0.131393
1999-04-23,0.14411
1999-04-24,0.156496
1999-04-25,0.168556
1999-04-26,0.181538
1999-04-27,0.195449
1999-04-28,0.210293
1999-04-29,0.226077
1999-04-30,0.242808
1999-05-01,0.260492
1999-05-02,0.277176
1999-05-03,0.293289
1999-05-04,0.308837
1999-05-05,0.323828
1999-05-06,0.338266
1999-05-07,0.352159
1999-05-08,0.365512
1999-05-09,0.378331
1999-05-10,0.38961
1999-05-11,0.399356
1999-05-12,0.407572
1999-05-13,0.414262
1999-05-14,0.419428
1999-05-15,0.423073
1999-05-16,0.425198
1999-05-17,0.426065
1999-05-18,0.425675
1999-05-19,0.424028
1999-05-20,0.421123
1999-05-21,0.416959
1999-05-22,0.411535
1999-05-23,0.404847
1999-05-24,0.397244
1999-05-25,0.388724
1999-05-26,0.379283
1999-05-27,0.368917
1999-05-28,0.357622
1999-05-29,0.345392
1999-05-30,0.332224
1999-05-31,0.317882
1999-06-01,0.302361
1999-06-02,0.287889
1999-06-03,0.274462
1999-06-04,0.262074
1999-06-05,0.250719
1999-06-06,0.240392
1999-06-07,0.230498
1999-06-08,0.221032
1999-06-09,0.211989
1999-06-10,0.203367
1999-06-11,0.195161
1999-06-12,0.187368
1999-06-13,0.179986
1999-06-14,0.173665
1999-06-15,0.168403
1999-06-16,0.164198
1999-06-17,0.161049
1999-06-18,0.158953
1999-06-19,0.157911
1999-06-20,0.15792
1999-06-21,0.15885
1999-06-22,0.1607
1999-06-23,0.163471
1999-06-24,0.167165
1999-06-25,0.171782
1999-06-26,0.177324
1999-06-27,0.183794
1999-06-28,0.191064
1999-06-29,0.199137
1999-06-30,0.208015
1999-07-01,0.217702
1999-07-02,0.226721
1999-07-03,0.235075
1999-07-04,0.242767
1999-07-05,0.250028
1999-07-06,0.256858
1999-07-07,0.263263
1999-07-08,0.269244
1999-07-09,0.274803
1999-07-10,0.279944
1999-07-11,0.284668
1999-07-12,0.289881
1999-07-13,0.295585
1999-07-14,0.301783
1999-07-15,0.308478
1999-07-16,0.315672
1999-07-17,0.323367
1999-07-18,0.331568
1999-07-19,0.339228
1999-07-20,0.346349
1999-07-21,0.352934
1999-07-22,0.358987
1999-07-23,0.36451
1999-07-24,0.369505
1999-07-25,0.373974
1999-07-26,0.377784
1999-07-27,0.380937
1999-07-28,0.383434
1999-07-29,0.385276
1999-07-30,0.386465
1999-07-31,0.387
1999-08-01,0.386881
1999-08-02,0.385925
1999-08-03,0.384131
1999-08-04,0.381499
1999-08-05,0.378027
1999-08-06,0.373715
1999-08-07,0.368559
1999-08-08,0.362558
1999-08-09,0.35579
1999-08-10,0.348252
1999-08-11,0.33994
1999-08-12,0.330851
1999-08-13,0.320981
1999-08-14,0.310327
1999-08-15,0.298884
1999-08-16,0.2865
1999-08-17,0.273169
1999-08-18,0.258888
1999-08-19,0.243649
1999-08-20,0.227446
1999-08-21,0.210273
1999-08-22,0.192122
1999-08-23,0.173416
1999-08-24,0.154146
1999-08-25,0.134305
1999-08-26,0.113884
1999-08-27,0.092875
1999-08-28,0.071268
1999-08-29,0.049057
1999-08-30,0.026038
1999-08-31,0.002202
1999-09-01,-0.02246
1999-09-02,-0.044703
1999-09-03,-0.064537
1999-09-04,-0.081969
1999-09-05,-0.097007
1999-09-06,-0.110073
1999-09-07,-0.121172
1999-09-08,-0.13031
1999-09-09,-0.13749
1999-09-10,-0.142714
1999-09-11,-0.145986
1999-09-12,-0.147306
1999-09-13,-0.146281
1999-09-14,-0.14291
1999-09-15,-0.137193
1999-09-16,-0.129126
1999-09-17,-0.118707
1999-09-18,-0.105931
1999-09-19,-0.090793
1999-09-20,-0.07215
1999-09-21,-0.049996
1999-09-22,-0.02432
1999-09-23,0.004887
1999-09-24,0.037639
1999-09-25,0.073947
1999-09-26,0.113828
1999-09-27,0.156367
1999-09-28,0.20158
1999-09-29,0.249487
1999-09-30,0.300107
1999-10-01,0.353462
1999-10-02,0.404827
1999-10-03,0.454224
1999-10-04,0.500768
1999-10-05,0.544478
1999-10-06,0.585373
1999-10-07,0.62347
1999-10-08,0.658784
1999-10-09,0.69133
1999-10-10,0.721122
1999-10-11,0.748804
1999-10-12,0.774389
1999-10-13,0.797886
1999-10-14,0.819305
1999-10-15,0.838657
1999-10-16,0.855947
1999-10-17,0.871184
1999-10-18,0.884246
1999-10-19,0.895139
1999-10-20,0.903867
1999-10-21,0.910434
1999-10-22,0.914843
1999-10-23,0.917095
1999-10-24,0.917191
1999-10-25,0.915664
1999-10-26,0.912512
1999-10-27,0.907735
1999-10-28,0.901331
1999-10-29,0.893296
1999-10-30,0.883628
1999-10-31,0.872323
1999-11-01,0.859014
1999-11-02,0.846229
1999-11-03,0.833965
1999-11-04,0.822215
1999-11-05,0.810975
1999-11-06,0.800239
1999-11-07,0.790005
1999-11-08,0.780345
1999-11-09,0.771257
1999-11-10,0.762737
1999-11-11,0.75478
1999-11-12,0.747384
1999-11-13,0.740545
1999-11-14,0.734262
1999-11-15,0.728344
1999-11-16,0.722791
1999-11-17,0.717599
1999-11-18,0.712766
1999-11-19,0.708291
1999-11-20,0.704172
1999-11-21,0.700406
1999-11-22,0.69775
1999-11-23,0.6962
1999-11-24,0.695757
1999-11-25,0.696421
1999-11-26,0.698192
1999-11-27,0.70107
1999-11-28,0.705057
1999-11-29,0.709586
1999-11-30,0.714658
1999-12-01,0.720276
1999-12-02,0.725074
1999-12-03,0.729052
1999-12-04,0.732213
1999-12-05,0.734558
1999-12-06,0.735459
1999-12-07,0.734917
1999-12-08,0.732931
1999-12-09,0.729501
1999-12-10,0.724624
1999-12-11,0.7183
1999-12-12,0.710524
1999-12-13,0.702622
1999-12-14,0.69459
1999-12-15,0.686424
1999-12-16,0.678121
1999-12-17,0.669678
1999-12-18,0.661091
1999-12-19,0.652356
1999-12-20,0.641951
1999-12-21,0.629871
1999-12-22,0.616112
1999-12-23,0.600667
1999-12-24,0.58353
1999-12-25,0.564694
1999-12-26,0.544151
1999-12-27,0.523521
1999-12-28,0.502794
1999-12-29,0.481963
1999-12-30,0.461018
1999-12-31,0.439951
2000-01-01,0.418753
2000-01-02,0.39827
2000-01-03,0.37823
2000-01-04,0.358623
2000-01-05,0.339442
2000-01-06,0.320678
2000-01-07,0.302324
2000-01-08,0.284372
2000-01-09,0.266815
2000-01-10,0.2487
2000-01-11,0.23002
2000-01-12,0.210768
2000-01-13,0.190935
2000-01-14,0.170514
2000-01-15,0.149495
2000-01-16,0.12787
2000-01-17,0.105784
2000-01-18,0.083227
2000-01-19,0.06019
2000-01-20,0.036664
2000-01-21,0.012639
2000-01-22,-0.011895
2000-01-23,-0.036949
2000-01-24,-0.062287
2000-01-25,-0.08792
2000-01-26,-0.113858
2000-01-27,-0.140113
2000-01-28,-0.166695
2000-01-29,-0.193615
2000-01-30,-0.220884
2000-01-31,-0.247364
2000-02-01,-0.273065
2000-02-02,-0.295326
2000-02-03,-0.314157
2000-02-04,-0.329564
2000-02-05,-0.341554
2000-02-06,-0.350133
2000-02-07,-0.357035
2000-02-08,-0.362262
2000-02-09,-0.365817
2000-02-10,-0.367702
2000-02-11,-0.367917
2000-02-12,-0.366462
2000-02-13,-0.363337
2000-02-14,-0.358775
2000-02-15,-0.352776
2000-02-16,-0.345336
2000-02-17,-0.336452
2000-02-18,-0.326121
2000-02-19,-0.314339
2000-02-20,-0.3011
2000-02-21,-0.285778
2000-02-22,-0.268366
2000-02-23,-0.248857
2000-02-24,-0.227244
2000-02-25,-0.203516
2000-02-26,-0.177666
2000-02-27,-0.14968
2000-02-28,-0.119127
2000-02-29,-0.085992
2000-03-01,-0.050262
2000-03-02,-0.015109
2000-03-03,0.019484
2000-03-04,0.05353
2000-03-05,0.087043
2000-03-06,0.119079
2000-03-07,0.149653
2000-03-08,0.178777
2000-03-09,0.206462
2000-03-10,0.232721
2000-03-11,0.257563
2000-03-12,0.281001
2000-03-13,0.303807
2000-03-14,0.325992
2000-03-15,0.347565
2000-03-16,0.368535
2000-03-17,0.38891
2000-03-18,0.408699
2000-03-19,0.42791
2000-03-20,0.446567
2000-03-21,0.464677
2000-03-22,0.482249
2000-03-23,0.499289
2000-03-24,0.515805
2000-03-25,0.531802
2000-03-26,0.547289
2000-03-27,0.561969
2000-03-28,0.575849
2000-03-29,0.588934
2000-03-30,0.601229
2000-03-31,0.612741
2000-04-01,0.623473
2000-04-02,0.632648
2000-04-03,0.640629
2000-04-04,0.647419
2000-04-05,0.653022
2000-04-06,0.65744
2000-04-07,0.660675
2000-04-08,0.662727
2000-04-09,0.663598
2000-04-10,0.662797
2000-04-11,0.660323
2000-04-12,0.656174
2000-04-13,0.65035
2000-04-14,0.642847
2000-04-15,0.633664
2000-04-16,0.622795
2000-04-17,0.611298
2000-04-18,0.599167
2000-04-19,0.586399
2000-04-20,0.572987
2000-04-21,0.558926
2000-04-22,0.54421
2000-04-23,0.528833
2000-04-24,0.512884
2000-04-25,0.496354
2000-04-26,0.479239
2000-04-27,0.46153
2000-04-28,0.44322
2000-04-29,0.424302
2000-04-30,0.404768
2000-05-01,0.383939
2000-05-02,0.363896
2000-05-03,0.344629
2000-05-04,0.326131
2000-05-05,0.308394
2000-05-06,0.29141
2000-05-07,0.275173
2000-05-08,0.258812
2000-05-09,0.242319
2000-05-10,0.225688
2000-05-11,0.208911
2000-05-12,0.191982
2000-05-13,0.174895
2000-05-14,0.15764
2000-05-15,0.141126
2000-05-16,0.125343
2000-05-17,0.110287
2000-05-18,0.09595
2000-05-19,0.082327
2000-05-20,0.069412
2000-05-21,0.057199
2000-05-22,0.0455
2000-05-23,0.034308
2000-05-24,0.02362
2000-05-25,0.013431
2000-05-26,0.003736
2000-05-27,-0.005468
2000-05-28,-0.014185
2000-05-29,-0.021976
2000-05-30,-0.028844
2000-05-31,-0.034791
2000-06-01,-0.039822
2000-06-02,-0.044612
2000-06-03,-0.049164
2000-06-04,-0.053479
2000-06-05,-0.058273
2000-06-06,-0.063546
2000-06-07,-0.069301
2000-06-08,-0.07554
2000-06-09,-0.082266
2000-06-10,-0.089482
2000-06-11,-0.09719
2000-06-12,-0.104687
2000-06-13,-0.111975
2000-06-14,-0.119058
2000-06-15,-0.12594
2000-06-16,-0.132621
2000-06-17,-0.139106
2000-06-18,-0.145397
2000-06-19,-0.151851
2000-06-20,-0.158469
2000-06-21,-0.165255
2000-06-22,-0.172212
2000-06-23,-0.179343
2000-06-24,-0.186649
2000-06-25,-0.194136
2000-06-26,-0.202572
2000-06-27,-0.211963
2000-06-28,-0.222312
2000-06-29,-0.233623
2000-06-30,-0.245902
2000-07-01,-0.259152
2000-07-02,-0.273056
2000-07-03,-0.286432
2000-07-04,-0.299287
2000-07-05,-0.311625
2000-07-06,-0.323451
2000-07-07,-0.33477
2000-07-08,-0.345588
2000-07-09,-0.355907
2000-07-10,-0.365818
2000-07-11,-0.375325
2000-07-12,-0.384432
2000-07-13,-0.393142
2000-07-14,-0.401459
2000-07-15,-0.409386
2000-07-16,-0.416927
2000-07-17,-0.424664
2000-07-18,-0.4326
2000-07-19,-0.44074
2000-07-20,-0.449086
2000-07-21,-0.457641
2000-07-22,-0.46641
2000-07-23,-0.475396
2000-07-24,-0.484567
2000-07-25,-0.493927
2000-07-26,-0.503482
2000-07-27,-0.513233
2000-07-28,-0.523186
2000-07-29,-0.533345
2000-07-30,-0.543713
2000-07-31,-0.553855
2000-08-01,-0.563775
2000-08-02,-0.572196
2000-08-03,-0.579121
2000-08-04,-0.584552
2000-08-05,-0.588492
2000-08-06,-0.590943
2000-08-07,-0.591854
2000-08-08,-0.591224
2000-08-09,-0.589055
2000-08-10,-0.585345
2000-08-11,-0.580092
2000-08-12,-0.573295
2000-08-13,-0.56495
2000-08-14,-0.555308
2000-08-15,-0.544364
2000-08-16,-0.532115
2000-08-17,-0.518555
2000-08-18,-0.503678
2000-08-19,-0.487479
2000-08-20,-0.469951
2000-08-21,-0.451473
2000-08-22,-0.43204
2000-08-23,-0.411642
2000-08-24,-0.390271
2000-08-25,-0.367919
2000-08-26,-0.344576
2000-08-27,-0.320233
2000-08-28,-0.295092
2000-08-29,-0.269142
2000-08-30,-0.242373
2000-08-31,-0.214775
2000-09-01,-0.186335
2000-09-02,-0.160322
2000-09-03,-0.136725
2000-09-04,-0.114676
2000-09-05,-0.094164
2000-09-06,-0.075182
2000-09-07,-0.057722
2000-09-08,-0.041776
2000-09-09,-0.027338
2000-09-10,-0.014402
2000-09-11,-0.003213
2000-09-12,0.006232
2000-09-13,0.013939
2000-09-14,0.019909
2000-09-15,0.024146
2000-09-16,0.026651
2000-09-17,0.027425
2000-09-18,0.025348
2000-09-19,0.020418
2000-09-20,0.012633
2000-09-21,0.00199
2000-09-22,-0.011515
2000-09-23,-0.027888
2000-09-24,-0.047136
2000-09-25,-0.068092
2000-09-26,-0.090765
2000-09-27,-0.115164
2000-09-28,-0.1413
2000-09-29,-0.169183
2000-09-30,-0.198824
2000-10-01,-0.230237
2000-10-02,-0.259789
2000-10-03,-0.287493
2000-10-04,-0.31336
2000-10-05,-0.337402
2000-10-06,-0.359627
2000-10-07,-0.380045
2000-10-08,-0.398665
2000-10-09,-0.416704
2000-10-10,-0.43417
2000-10-11,-0.45107
2000-10-12,-0.467411
2000-10-13,-0.483199
2000-10-14,-0.498442
2000-10-15,-0.513146
2000-10-16,-0.527068
2000-10-17,-0.540215
2000-10-18,-0.552593
2000-10-19,-0.564206
2000-10-20,-0.575059
2000-10-21,-0.585156
2000-10-22,-0.594503
2000-10-23,-0.602663
2000-10-24,-0.609642
2000-10-25,-0.615442
2000-10-26,-0.620064
2000-10-27,-0.623512
2000-10-28,-0.625786
2000-10-29,-0.626888
2000-10-30,-0.625733
2000-10-31,-0.62232
2000-11-01,-0.616649
2000-11-02,-0.609963
2000-11-03,-0.602259
2000-11-04,-0.593534
2000-11-05,-0.583785
2000-11-06,-0.574901
2000-11-07,-0.566878
2000-11-08,-0.559713
2000-11-09,-0.553403
2000-11-10,-0.547946
2000-11-11,-0.54334
2000-11-12,-0.539581
2000-11-13,-0.535467
2000-11-14,-0.530995
2000-11-15,-0.526163
2000-11-16,-0.520969
2000-11-17,-0.515412
2000-11-18,-0.509488
2000-11-19,-0.503196
2000-11-20,-0.496063
2000-11-21,-0.488086
2000-11-22,-0.479262
2000-11-23,-0.469588
2000-11-24,-0.459058
2000-11-25,-0.447669
2000-11-26,-0.435417
2000-11-27,-0.424149
2000-11-28,-0.41386
2000-11-29,-0.404547
2000-11-30,-0.396206
2000-12-01,-0.388832
2000-12-02,-0.383157
2000-12-03,-0.379178
2000-12-04,-0.376864
2000-12-05,-0.376215
2000-12-06,-0.377231
2000-12-07,-0.379911
2000-12-08,-0.384258
2000-12-09,-0.390273
2000-12-10,-0.397958
2000-12-11,-0.405092
2000-12-12,-0.411679
2000-12-13,-0.417721
2000-12-14,-0.423221
2000-12-15,-0.42818
2000-12-16,-0.432602
2000-12-17,-0.436487
2000-12-18,-0.440839
2000-12-19,-0.44566
2000-12-20,-0.450951
2000-12-21,-0.456715
2000-12-22,-0.462955
2000-12-23,-0.469672
2000-12-24,-0.47687
2000-12-25,-0.485491
2000-12-26,-0.495538
2000-12-27,-0.507015
2000-12-28,-0.519928
2000-12-29,-0.534281
2000-12-30,-0.55008
2000-12-31,-0.567332
2001-01-01,-0.586293
2001-01-02,-0.605201
2001-01-03,-0.624061
2001-01-04,-0.642884
2001-01-05,-0.661675
2001-01-06,-0.680443
2001-01-07,-0.699197
2001-01-08,-0.718109
2001-01-09,-0.737188
2001-01-10,-0.756443
2001-01-11,-0.77588
2001-01-12,-0.795508
2001-01-13,-0.815335
2001-01-14,-0.83537
2001-01-15,-0.853677
2001-01-16,-0.870265
2001-01-17,-0.88514
2001-01-18,-0.898308
2001-01-19,-0.909776
2001-01-20,-0.919547
2001-01-21,-0.927626
2001-01-22,-0.934264
2001-01-23,-0.939466
2001-01-24,-0.943232
2001-01-25,-0.945565
2001-01-26,-0.946466
2001-01-27,-0.945934
2001-01-28,-0.943969
2001-01-29,-0.940774
2001-01-30,-0.936348
2001-01-31,-0.930688
2001-02-01,-0.923792
2001-02-02,-0.916806
2001-02-03,-0.909729
2001-02-04,-0.902556
2001-02-05,-0.896389
2001-02-06,-0.891226
2001-02-07,-0.887063
2001-02-08,-0.883899
2001-02-09,-0.881734
2001-02-10,-0.880565
2001-02-11,-0.880393
2001-02-12,-0.88105
2001-02-13,-0.882535
2001-02-14,-0.884849
2001-02-15,-0.887994
2001-02-16,-0.89197
2001-02-17,-0.89678
2001-02-18,-0.902424
2001-02-19,-0.907344
2001-02-20,-0.911542
2001-02-21,-0.915019
2001-02-22,-0.917777
2001-02-23,-0.919817
2001-02-24,-0.921139
2001-02-25,-0.921745
2001-02-26,-0.922953
2001-02-27,-0.924765
2001-02-28,-0.92718
2001-03-01,-0.930201
2001-03-02,-0.933611
2001-03-03,-0.937411
2001-03-04,-0.941604
2001-03-05,-0.945702
2001-03-06,-0.949706
2001-03-07,-0.953618
2001-03-08,-0.95744
2001-03-09,-0.961173
2001-03-10,-0.964819
2001-03-11,-0.96838
2001-03-12,-0.972254
2001-03-13,-0.976443
2001-03-14,-0.980949
2001-03-15,-0.985773
2001-03-16,-0.990919
2001-03-17,-0.996387
2001-03-18,-1.00218
2001-03-19,-1.00898
2001-03-20,-1.016789
2001-03-21,-1.025611
2001-03-22,-1.035449
2001-03-23,-1.046307
2001-03-24,-1.05819
2001-03-25,-1.071103
2001-03-26,-1.083953
2001-03-27,-1.096744
2001-03-28,-1.109484
2001-03-29,-1.122176
2001-03-30,-1.134827
2001-03-31,-1.147441
2001-04-01,-1.160023
2001-04-02,-1.170929
2001-04-03,-1.180164
2001-04-04,-1.18773
2001-04-05,-1.193632
2001-04-06,-1.197872
2001-04-07,-1.200451
2001-04-08,-1.20137
2001-04-09,-1.201745
2001-04-10,-1.201575
2001-04-11,-1.200859
2001-04-12,-1.199599
2001-04-13,-1.197793
2001-04-14,-1.19544
2001-04-15,-1.19254
2001-04-16,-1.187666
2001-04-17,-1.180817
2001-04-18,-1.171989
2001-04-19,-1.161179
2001-04-20,-1.148382
2001-04-21,-1.133593
2001-04-22,-1.116806
2001-04-23,-1.098478
2001-04-24,-1.078601
2001-04-25,-1.057165
2001-04-26,-1.034164
2001-04-27,-1.009587
2001-04-28,-0.983424
2001-04-29,-0.955664
2001-04-30,-0.927662
2001-05-01,-0.899408
2001-05-02,-0.873964
2001-05-03,-0.851318
2001-05-04,-0.831461
2001-05-05,-0.814386
2001-05-06,-0.800085
2001-05-07,-0.787039
2001-05-08,-0.775243
2001-05-09,-0.764693
2001-05-10,-0.755383
2001-05-11,-0.74731
2001-05-12,-0.74047
2001-05-13,-0.734861
2001-05-14,-0.730332
2001-05-15,-0.726881
2001-05-16,-0.724505
2001-05-17,-0.723205
2001-05-18,-0.722979
2001-05-19,-0.723828
2001-05-20,-0.725751
2001-05-21,-0.729144
2001-05-22,-0.734007
2001-05-23,-0.740342
2001-05-24,-0.748152
2001-05-25,-0.75744
2001-05-26,-0.76821
2001-05-27,-0.780466
2001-05-28,-0.79431
2001-05-29,-0.809748
2001-05-30,-0.826785
2001-05-31,-0.845429
2001-06-01,-0.865687
2001-06-02,-0.884935
2001-06-03,-0.90318
2001-06-04,-0.920262
2001-06-05,-0.936188
2001-06-06,-0.950966
2001-06-07,-0.9646
2001-06-08,-0.977097
2001-06-09,-0.988461
2001-06-10,-0.998698
2001-06-11,-1.008804
2001-06-12,-1.018782
2001-06-13,-1.028636
2001-06-14,-1.038372
2001-06-15,-1.047993
2001-06-16,-1.057502
2001-06-17,-1.066904
2001-06-18,-1.076049
2001-06-19,-1.08494
2001-06-20,-1.093581
2001-06-21,-1.101975
2001-06-22,-1.110126
2001-06-23,-1.118038
2001-06-24,-1.125713
2001-06-25,-1.132006
2001-06-26,-1.136919
2001-06-27,-1.140454
2001-06-28,-1.142613
2001-06-29,-1.143397
2001-06-30,-1.142805
2001-07-01,-1.140838
2001-07-02,-1.138044
2001-07-03,-1.13442
2001-07-04,-1.129966
2001-07-05,-1.124679
2001-07-06,-1.118558
2001-07-07,-1.1116
2001-07-08,-1.103802
2001-07-09,-1.095282
2001-07-10,-1.086037
2001-07-11,-1.076063
2001-07-12,-1.065355
2001-07-13,-1.05391
2001-07-14,-1.041722
2001-07-15,-1.028787
2001-07-16,-1.015579
2001-07-17,-1.002093
2001-07-18,-0.988324
2001-07-19,-0.974265
2001-07-20,-0.959912
2001-07-21,-0.945257
2001-07-22,-0.930296
2001-07-23,-0.915152
2001-07-24,-0.89982
2001-07-25,-0.884293
2001-07-26,-0.868564
2001-07-27,-0.852628
2001-07-28,-0.836478
2001-07-29,-0.820106
2001-07-30,-0.802471
2001-07-31,-0.783565
2001-08-01,-0.763381
2001-08-02,-0.744672
2001-08-03,-0.727431
2001-08-04,-0.711649
2001-08-05,-0.697322
2001-08-06,-0.685318
2001-08-07,-0.67563
2001-08-08,-0.668256
2001-08-09,-0.663193
2001-08-10,-0.660438
2001-08-11,-0.65999
2001-08-12,-0.661849
2001-08-13,-0.66535
2001-08-14,-0.670495
2001-08-15,-0.677285
2001-08-16,-0.685724
2001-08-17,-0.695816
2001-08-18,-0.707563
2001-08-19,-0.720972
2001-08-20,-0.736723
2001-08-21,-0.754824
2001-08-22,-0.775282
2001-08-23,-0.798105
2001-08-24,-0.823303
2001-08-25,-0.850886
2001-08-26,-0.880866
2001-08-27,-0.912656
2001-08-28,-0.946268
2001-08-29,-0.981719
2001-08-30,-1.019021
2001-08-31,-1.05819
2001-09-01,-1.099242
2001-09-02,-1.137807
2001-09-03,-1.173966
2001-09-04,-1.207732
2001-09-05,-1.23912
2001-09-06,-1.268144
2001-09-07,-1.294814
2001-09-08,-1.319143
2001-09-09,-1.34114
2001-09-10,-1.361678
2001-09-11,-1.380768
2001-09-12,-1.398416
2001-09-13,-1.414629
2001-09-14,-1.429415
2001-09-15,-1.44278
2001-09-16,-1.454729
2001-09-17,-1.462097
2001-09-18,-1.464888
2001-09-19,-1.463103
2001-09-20,-1.45674
2001-09-21,-1.445798
2001-09-22,-1.430272
2001-09-23,-1.410156
2001-09-24,-1.385092
2001-09-25,-1.355071
2001-09-26,-1.32008
2001-09-27,-1.280104
2001-09-28,-1.235128
2001-09-29,-1.185132
2001-09-30,-1.130097
2001-10-01,-1.07461
2001-10-02,-1.023028
2001-10-03,-0.975329
2001-10-04,-0.931494
2001-10-05,-0.891503
2001-10-06,-0.855341
2001-10-07,-0.822993
2001-10-08,-0.792351
2001-10-09,-0.763402
2001-10-10,-0.736135
2001-10-11,-0.710538
2001-10-12,-0.686601
2001-10-13,-0.664314
2001-10-14,-0.643667
2001-10-15,-0.6249
2001-10-16,-0.608004
2001-10-17,-0.592974
2001-10-18,-0.579801
2001-10-19,-0.568482
2001-10-20,-0.559011
2001-10-21,-0.551385
2001-10-22,-0.545549
2001-10-23,-0.541501
2001-10-24,-0.539239
2001-10-25,-0.538763
2001-10-26,-0.540072
2001-10-27,-0.543167
2001-10-28,-0.548049
2001-10-29,-0.556701
2001-10-30,-0.569127
2001-10-31,-0.585331
2001-11-01,-0.605322
2001-11-02,-0.625832
2001-11-03,-0.646871
2001-11-04,-0.668447
2001-11-05,-0.689238
2001-11-06,-0.709253
2001-11-07,-0.728499
2001-11-08,-0.746984
2001-11-09,-0.764717
2001-11-10,-0.781705
2001-11-11,-0.797954
2001-11-12,-0.812823
2001-11-13,-0.826317
2001-11-14,-0.838442
2001-11-15,-0.849204
2001-11-16,-0.858606
2001-11-17,-0.866652
2001-11-18,-0.873346
2001-11-19,-0.876129
2001-11-20,-0.875003
2001-11-21,-0.869966
2001-11-22,-0.861018
2001-11-23,-0.848153
2001-11-24,-0.831367
2001-11-25,-0.810653
2001-11-26,-0.789789
2001-11-27,-0.768765
2001-11-28,-0.747574
2001-11-29,-0.726207
2001-11-30,-0.704654
2001-12-01,-0.682907
2001-12-02,-0.661851
2001-12-03,-0.643558
2001-12-04,-0.628021
2001-12-05,-0.615233
2001-12-06,-0.605189
2001-12-07,-0.597885
2001-12-08,-0.593318
2001-12-09,-0.591486
2001-12-10,-0.589407
2001-12-11,-0.58708
2001-12-12,-0.584504
2001-12-13,-0.581678
2001-12-14,-0.5786
2001-12-15,-0.575271
2001-12-16,-0.571687
2001-12-17,-0.566456
2001-12-18,-0.559575
2001-12-19,-0.551041
2001-12-20,-0.540851
2001-12-21,-0.529
2001-12-22,-0.515484
2001-12-23,-0.500297
2001-12-24,-0.484381
2001-12-25,-0.467729
2001-12-26,-0.450335
2001-12-27,-0.432192
2001-12-28,-0.413291
2001-12-29,-0.393626
2001-12-30,-0.373187
2001-12-31,-0.353251
2002-01-01,-0.333808
2002-01-02,-0.316326
2002-01-03,-0.300797
2002-01-04,-0.287215
2002-01-05,-0.275576
2002-01-06,-0.265872
2002-01-07,-0.256097
2002-01-08,-0.246245
2002-01-09,-0.236312
2002-01-10,-0.226295
2002-01-11,-0.216189
2002-01-12,-0.20599
2002-01-13,-0.195695
2002-01-14,-0.186796
2002-01-15,-0.17929
2002-01-16,-0.173174
2002-01-17,-0.168446
2002-01-18,-0.165103
2002-01-19,-0.163145
2002-01-20,-0.16257
2002-01-21,-0.162403
2002-01-22,-0.162643
2002-01-23,-0.16329
2002-01-24,-0.164346
2002-01-25,-0.165809
2002-01-26,-0.167682
2002-01-27,-0.169964
2002-01-28,-0.173502
2002-01-29,-0.1783
2002-01-30,-0.184358
2002-01-31,-0.191678
2002-02-01,-0.200265
2002-02-02,-0.208486
2002-02-03,-0.216345
2002-02-04,-0.223728
2002-02-05,-0.230635
2002-02-06,-0.237072
2002-02-07,-0.24304
2002-02-08,-0.248541
2002-02-09,-0.253579
2002-02-10,-0.258155
2002-02-11,-0.261967
2002-02-12,-0.265017
2002-02-13,-0.267307
2002-02-14,-0.268836
2002-02-15,-0.269606
2002-02-16,-0.269618
2002-02-17,-0.26887
2002-02-18,-0.267318
2002-02-19,-0.264961
2002-02-20,-0.261797
2002-02-21,-0.257825
2002-02-22,-0.253044
2002-02-23,-0.247452
2002-02-24,-0.241046
2002-02-25,-0.234133
2002-02-26,-0.226709
2002-02-27,-0.218772
2002-02-28,-0.210318
2002-03-01,-0.201345
2002-03-02,-0.193282
2002-03-03,-0.186128
2002-03-04,-0.179296
2002-03-05,-0.172783
2002-03-06,-0.166587
2002-03-07,-0.160704
2002-03-08,-0.155133
2002-03-09,-0.149871
2002-03-10,-0.144917
2002-03-11,-0.140885
2002-03-12,-0.137775
2002-03-13,-0.135585
2002-03-14,-0.134314
2002-03-15,-0.133963
2002-03-16,-0.134529
2002-03-17,-0.136015
2002-03-18,-0.13708
2002-03-19,-0.137724
2002-03-20,-0.137948
2002-03-21,-0.137752
2002-03-22,-0.137136
2002-03-23,-0.1361
2002-03-24,-0.134643
2002-03-25,-0.130894
2002-03-26,-0.124853
2002-03-27,-0.116516
2002-03-28,-0.105881
2002-03-29,-0.092942
2002-03-30,-0.077695
2002-03-31,-0.060134
2002-04-01,-0.044574
2002-04-02,-0.030432
2002-04-03,-0.017702
2002-04-04,-0.00638
2002-04-05,0.00354
2002-04-06,0.012062
2002-04-07,0.019189
2002-04-08,0.026286
2002-04-09,0.033358
2002-04-10,0.040407
2002-04-11,0.047435
2002-04-12,0.054445
2002-04-13,0.061441
2002-04-14,0.068426
2002-04-15,0.074369
2002-04-16,0.079274
2002-04-17,0.083143
2002-04-18,0.085977
2002-04-19,0.087777
2002-04-20,0.088544
2002-04-21,0.088278
2002-04-22,0.088031
2002-04-23,0.087802
2002-04-24,0.087591
2002-04-25,0.087397
2002-04-26,0.087222
2002-04-27,0.087064
2002-04-28,0.086924
2002-04-29,0.086664
2002-04-30,0.086285
2002-05-01,0.085786
2002-05-02,0.085468
2002-05-03,0.085332
2002-05-04,0.085377
2002-05-05,0.085603
2002-05-06,0.086411
2002-05-07,0.0878
2002-05-08,0.08977
2002-05-09,0.092323
2002-05-10,0.09546
2002-05-11,0.099182
2002-05-12,0.103491
2002-05-13,0.108125
2002-05-14,0.113088
2002-05-15,0.118381
2002-05-16,0.124006
2002-05-17,0.129966
2002-05-18,0.136263
2002-05-19,0.1429
2002-05-20,0.149612
2002-05-21,0.156403
2002-05-22,0.163275
2002-05-23,0.170231
2002-05-24,0.177274
2002-05-25,0.184407
2002-05-26,0.191632
2002-05-27,0.198186
2002-05-28,0.20407
2002-05-29,0.209288
2002-05-30,0.213841
2002-05-31,0.217732
2002-06-01,0.220962
2002-06-02,0.22195
2002-06-03,0.222243
2002-06-04,0.221842
2002-06-05,0.220746
2002-06-06,0.218955
2002-06-07,0.216469
2002-06-08,0.213285
2002-06-09,0.209404
2002-06-10,0.20474
2002-06-11,0.199293
2002-06-12,0.193059
2002-06-13,0.186037
2002-06-14,0.178224
2002-06-15,0.169615
2002-06-16,0.160209
2002-06-17,0.149282
2002-06-18,0.13683
2002-06-19,0.122848
2002-06-20,0.107331
2002-06-21,0.090271
2002-06-22,0.071662
2002-06-23,0.051496
2002-06-24,0.030011
2002-06-25,0.007197
2002-06-26,-0.016955
2002-06-27,-0.042455
2002-06-28,-0.069314
2002-06-29,-0.097542
2002-06-30,-0.127151
2002-07-01,-0.157862
2002-07-02,-0.186875
2002-07-03,-0.214202
2002-07-04,-0.239853
2002-07-05,-0.26384
2002-07-06,-0.286172
2002-07-07,-0.306859
2002-07-08,-0.326459
2002-07-09,-0.344981
2002-07-10,-0.362431
2002-07-11,-0.378818
2002-07-12,-0.394148
2002-07-13,-0.408427
2002-07-14,-0.421662
2002-07-15,-0.433785
2002-07-16,-0.444802
2002-07-17,-0.454717
2002-07-18,-0.463534
2002-07-19,-0.471257
2002-07-20,-0.47789
2002-07-21,-0.483434
2002-07-22,-0.487183
2002-07-23,-0.489137
2002-07-24,-0.489298
2002-07-25,-0.487666
2002-07-26,-0.484241
2002-07-27,-0.479019
2002-07-28,-0.472001
2002-07-29,-0.463749
2002-07-30,-0.454261
2002-07-31,-0.443533
2002-08-01,-0.43156
2002-08-02,-0.420645
2002-08-03,-0.410784
2002-08-04,-0.401973
2002-08-05,-0.39407
2002-08-06,-0.38707
2002-08-07,-0.380971
2002-08-08,-0.37577
2002-08-09,-0.371465
2002-08-10,-0.368055
2002-08-11,-0.365538
2002-08-12,-0.363506
2002-08-13,-0.361956
2002-08-14,-0.36089
2002-08-15,-0.360306
2002-08-16,-0.360203
2002-08-17,-0.360583
2002-08-18,-0.361445
2002-08-19,-0.363274
2002-08-20,-0.366071
2002-08-21,-0.369837
2002-08-22,-0.374573
2002-08-23,-0.380282
2002-08-24,-0.386966
2002-08-25,-0.394627
2002-08-26,-0.403411
2002-08-27,-0.413321
2002-08-28,-0.424362
2002-08-29,-0.436537
2002-08-30,-0.449853
2002-08-31,-0.464314
2002-09-01,-0.479926
2002-09-02,-0.494159
2002-09-03,-0.507018
2002-09-04,-0.518508
2002-09-05,-0.528634
2002-09-06,-0.537401
2002-09-07,-0.544811
2002-09-08,-0.550869
2002-09-09,-0.556726
2002-09-10,-0.562385
2002-09-11,-0.567848
2002-09-12,-0.573118
2002-09-13,-0.578197
2002-09-14,-0.583086
2002-09-15,-0.587789
2002-09-16,-0.592629
2002-09-17,-0.597608
2002-09-18,-0.60273
2002-09-19,-0.607994
2002-09-20,-0.613405
2002-09-21,-0.618964
2002-09-22,-0.624674
2002-09-23,-0.629698
2002-09-24,-0.634039
2002-09-25,-0.637698
2002-09-26,-0.640678
2002-09-27,-0.642979
2002-09-28,-0.644602
2002-09-29,-0.645548
2002-09-30,-0.646394
2002-10-01,-0.64714
2002-10-02,-0.647251
2002-10-03,-0.646726
2002-10-04,-0.645564
2002-10-05,-0.643766
2002-10-06,-0.641331
2002-10-07,-0.637992
2002-10-08,-0.633746
2002-10-09,-0.628593
2002-10-10,-0.62253
2002-10-11,-0.615555
2002-10-12,-0.607665
2002-10-13,-0.598856
2002-10-14,-0.588847
2002-10-15,-0.577635
2002-10-16,-0.565214
2002-10-17,-0.551579
2002-10-18,-0.536725
2002-10-19,-0.520646
2002-10-20,-0.503334
2002-10-21,-0.485212
2002-10-22,-0.466272
2002-10-23,-0.446506
2002-10-24,-0.425907
2002-10-25,-0.404464
2002-10-26,-0.38217
2002-10-27,-0.359016
2002-10-28,-0.335022
2002-10-29,-0.310178
2002-10-30,-0.284475
2002-10-31,-0.2579
2002-11-01,-0.230445
2002-11-02,-0.205334
2002-11-03,-0.182558
2002-11-04,-0.16214
2002-11-05,-0.144072
2002-11-06,-0.128346
2002-11-07,-0.114955
2002-11-08,-0.103895
2002-11-09,-0.09516
2002-11-10,-0.088747
2002-11-11,-0.084924
2002-11-12,-0.083689
2002-11-13,-0.085041
2002-11-14,-0.088981
2002-11-15,-0.095511
2002-11-16,-0.104633
2002-11-17,-0.116352
2002-11-18,-0.130152
2002-11-19,-0.146041
2002-11-20,-0.164024
2002-11-21,-0.18411
2002-11-22,-0.206305
2002-11-23,-0.230621
2002-11-24,-0.257065
2002-11-25,-0.2863
2002-11-26,-0.318335
2002-11-27,-0.353185
2002-11-28,-0.390865
2002-11-29,-0.431389
2002-11-30,-0.474774
2002-12-01,-0.521039
2002-12-02,-0.562502
2002-12-03,-0.599179
2002-12-04,-0.631086
2002-12-05,-0.658235
2002-12-06,-0.680639
2002-12-07,-0.698307
2002-12-08,-0.711246
2002-12-09,-0.721397
2002-12-10,-0.728765
2002-12-11,-0.733353
2002-12-12,-0.735163
2002-12-13,-0.734196
2002-12-14,-0.73045
2002-12-15,-0.723926
2002-12-16,-0.716364
2002-12-17,-0.707761
2002-12-18,-0.698114
2002-12-19,-0.687419
2002-12-20,-0.675671
2002-12-21,-0.662866
2002-12-22,-0.648998
2002-12-23,-0.63184
2002-12-24,-0.611385
2002-12-25,-0.587625
2002-12-26,-0.56055
2002-12-27,-0.530148
2002-12-28,-0.496407
2002-12-29,-0.459314
2002-12-30,-0.420202
2002-12-31,-0.379056
2003-01-01,-0.335859
2003-01-02,-0.296055
2003-01-03,-0.259626
2003-01-04,-0.226559
2003-01-05,-0.196839
2003-01-06,-0.170404
2003-01-07,-0.147243
2003-01-08,-0.127346
2003-01-09,-0.110705
2003-01-10,-0.097314
2003-01-11,-0.087167
2003-01-12,-0.080259
2003-01-13,-0.074845
2003-01-14,-0.070923
2003-01-15,-0.06849
2003-01-16,-0.067547
2003-01-17,-0.068092
2003-01-18,-0.070126
2003-01-19,-0.073649
2003-01-20,-0.079495
2003-01-21,-0.087666
2003-01-22,-0.098164
2003-01-23,-0.110995
2003-01-24,-0.126164
2003-01-25,-0.143676
2003-01-26,-0.16354
2003-01-27,-0.185728
2003-01-28,-0.21025
2003-01-29,-0.237115
2003-01-30,-0.266335
2003-01-31,-0.297921
2003-02-01,-0.331888
2003-02-02,-0.364069
2003-02-03,-0.395798
2003-02-04,-0.427087
2003-02-05,-0.45795
2003-02-06,-0.4884
2003-02-07,-0.518449
2003-02-08,-0.548109
2003-02-09,-0.577394
2003-02-10,-0.603978
2003-02-11,-0.627873
2003-02-12,-0.649089
2003-02-13,-0.667635
2003-02-14,-0.683518
2003-02-15,-0.696745
2003-02-16,-0.707322
2003-02-17,-0.716532
2003-02-18,-0.724379
2003-02-19,-0.730867
2003-02-20,-0.735999
2003-02-21,-0.739775
2003-02-22,-0.742199
2003-02-23,-0.74327
2003-02-24,-0.74236
2003-02-25,-0.739468
2003-02-26,-0.734593
2003-02-27,-0.727733
2003-02-28,-0.718886
2003-03-01,-0.708046
2003-03-02,-0.697018
2003-03-03,-0.686986
2003-03-04,-0.677947
2003-03-05,-0.669897
2003-03-06,-0.662833
2003-03-07,-0.656751
2003-03-08,-0.651649
2003-03-09,-0.647526
2003-03-10,-0.643579
2003-03-11,-0.639807
2003-03-12,-0.636208
2003-03-13,-0.632782
2003-03-14,-0.629526
2003-03-15,-0.62644
2003-03-16,-0.623521
2003-03-17,-0.621885
2003-03-18,-0.62153
2003-03-19,-0.622457
2003-03-20,-0.624666
2003-03-21,-0.628157
2003-03-22,-0.632933
2003-03-23,-0.638994
2003-03-24,-0.644391
2003-03-25,-0.649125
2003-03-26,-0.653199
2003-03-27,-0.656614
2003-03-28,-0.659372
2003-03-29,-0.661473
2003-03-30,-0.662919
2003-03-31,-0.665662
2003-04-01,-0.669704
2003-04-02,-0.67376
2003-04-03,-0.677833
2003-04-04,-0.681923
2003-04-05,-0.686033
2003-04-06,-0.690164
2003-04-07,-0.692723
2003-04-08,-0.69371
2003-04-09,-0.693127
2003-04-10,-0.690973
2003-04-11,-0.687247
2003-04-12,-0.681948
2003-04-13,-0.675073
2003-04-14,-0.666641
2003-04-15,-0.656648
2003-04-16,-0.64509
2003-04-17,-0.631963
2003-04-18,-0.61726
2003-04-19,-0.600977
2003-04-20,-0.583105
2003-04-21,-0.564597
2003-04-22,-0.545444
2003-04-23,-0.525638
2003-04-24,-0.505172
2003-04-25,-0.484036
2003-04-26,-0.462223
2003-04-27,-0.439722
2003-04-28,-0.416964
2003-04-29,-0.393939
2003-04-30,-0.370638
2003-05-01,-0.347051
2003-05-02,-0.324761
2003-05-03,-0.303759
2003-05-04,-0.284037
2003-05-05,-0.265363
2003-05-06,-0.247729
2003-05-07,-0.23113
2003-05-08,-0.215557
2003-05-09,-0.201004
2003-05-10,-0.187466
2003-05-11,-0.174936
2003-05-12,-0.162558
2003-05-13,-0.150326
2003-05-14,-0.138235
2003-05-15,-0.12628
2003-05-16,-0.114457
2003-05-17,-0.10276
2003-05-18,-0.091184
2003-05-19,-0.080337
2003-05-20,-0.070215
2003-05-21,-0.060812
2003-05-22,-0.052125
2003-05-23,-0.044151
2003-05-24,-0.036887
2003-05-25,-0.030328
2003-05-26,-0.023665
2003-05-27,-0.016895
2003-05-28,-0.010015
2003-05-29,-0.003022
2003-05-30,0.004087
2003-05-31,0.011315
2003-06-01,0.018664
2003-06-02,0.02605
2003-06-03,0.033475
2003-06-04,0.040944
2003-06-05,0.048458
2003-06-06,0.056021
2003-06-07,0.063637
2003-06-08,0.071307
2003-06-09,0.07877
2003-06-10,0.086029
2003-06-11,0.093086
2003-06-12,0.099944
2003-06-13,0.106607
2003-06-14,0.113076
2003-06-15,0.119356
2003-06-16,0.125218
2003-06-17,0.130667
2003-06-18,0.135704
2003-06-19,0.140331
2003-06-20,0.144551
2003-06-21,0.148365
2003-06-22,0.151774
2003-06-23,0.156297
2003-06-24,0.161937
2003-06-25,0.168696
2003-06-26,0.176576
2003-06-27,0.18558
2003-06-28,0.195714
2003-06-29,0.206979
2003-06-30,0.218649
2003-07-01,0.230728
2003-07-02,0.242136
2003-07-03,0.25288
2003-07-04,0.262963
2003-07-05,0.272389
2003-07-06,0.281163
2003-07-07,0.288175
2003-07-08,0.293428
2003-07-09,0.296923
2003-07-10,0.298663
2003-07-11,0.298649
2003-07-12,0.296879
2003-07-13,0.293354
2003-07-14,0.288586
2003-07-15,0.282573
2003-07-16,0.275312
2003-07-17,0.266802
2003-07-18,0.257037
2003-07-19,0.246015
2003-07-20,0.23373
2003-07-21,0.220338
2003-07-22,0.205834
2003-07-23,0.190211
2003-07-24,0.173463
2003-07-25,0.155584
2003-07-26,0.136566
2003-07-27,0.1164
2003-07-28,0.095418
2003-07-29,0.07361
2003-07-30,0.050968
2003-07-31,0.027483
2003-08-01,0.003144
2003-08-02,-0.01949
2003-08-03,-0.04043
2003-08-04,-0.059696
2003-08-05,-0.077296
2003-08-06,-0.093238
2003-08-07,-0.107527
2003-08-08,-0.12017
2003-08-09,-0.131172
2003-08-10,-0.140537
2003-08-11,-0.148679
2003-08-12,-0.1556
2003-08-13,-0.161304
2003-08-14,-0.165792
2003-08-15,-0.169067
2003-08-16,-0.17113
2003-08-17,-0.171982
2003-08-18,-0.171674
2003-08-19,-0.170208
2003-08-20,-0.167583
2003-08-21,-0.163797
2003-08-22,-0.158849
2003-08-23,-0.152736
2003-08-24,-0.145457
2003-08-25,-0.135976
2003-08-26,-0.124289
2003-08-27,-0.110392
2003-08-28,-0.094277
2003-08-29,-0.07594
2003-08-30,-0.055372
2003-08-31,-0.032564
2003-09-01,-0.00752
2003-09-02,0.017292
2003-09-03,0.041881
2003-09-04,0.066258
2003-09-05,0.090432
2003-09-06,0.114414
2003-09-07,0.138213
2003-09-08,0.15994
2003-09-09,0.179605
2003-09-10,0.197215
2003-09-11,0.212777
2003-09-12,0.226299
2003-09-13,0.237785
2003-09-14,0.24724
2003-09-15,0.255231
2003-09-16,0.261759
2003-09-17,0.266829
2003-09-18,0.270441
2003-09-19,0.272598
2003-09-20,0.2733
2003-09-21,0.272548
2003-09-22,0.271358
2003-09-23,0.269731
2003-09-24,0.267666
2003-09-25,0.265161
2003-09-26,0.262216
2003-09-27,0.258829
2003-09-28,0.254999
2003-09-29,0.250327
2003-09-30,0.244809
2003-10-01,0.238443
2003-10-02,0.232615
2003-10-03,0.227323
2003-10-04,0.222564
2003-10-05,0.218336
2003-10-06,0.214228
2003-10-07,0.21024
2003-10-08,0.206368
2003-10-09,0.202612
2003-10-10,0.19897
2003-10-11,0.19544
2003-10-12,0.192022
2003-10-13,0.189644
2003-10-14,0.188305
2003-10-15,0.188006
2003-10-16,0.188745
2003-10-17,0.190523
2003-10-18,0.193341
2003-10-19,0.197201
2003-10-20,0.201263
2003-10-21,0.20553
2003-10-22,0.210004
2003-10-23,0.214686
2003-10-24,0.219578
2003-10-25,0.224683
2003-10-26,0.230003
2003-10-27,0.235174
2003-10-28,0.2402
2003-10-29,0.245083
2003-10-30,0.249824
2003-10-31,0.254426
2003-11-01,0.25889
2003-11-02,0.261926
2003-11-03,0.264597
2003-11-04,0.266905
2003-11-05,0.268852
2003-11-06,0.270437
2003-11-07,0.271662
2003-11-08,0.272526
2003-11-09,0.273031
2003-11-10,0.272781
2003-11-11,0.271775
2003-11-12,0.270014
2003-11-13,0.267497
2003-11-14,0.264222
2003-11-15,0.260188
2003-11-16,0.255394
2003-11-17,0.249158
2003-11-18,0.241478
2003-11-19,0.23235
2003-11-20,0.221771
2003-11-21,0.209736
2003-11-22,0.196241
2003-11-23,0.181279
2003-11-24,0.165671
2003-11-25,0.149409
2003-11-26,0.132488
2003-11-27,0.114899
2003-11-28,0.096636
2003-11-29,0.077691
2003-11-30,0.058056
2003-12-01,0.038028
2003-12-02,0.018966
2003-12-03,0.000863
2003-12-04,-0.016287
2003-12-05,-0.032494
2003-12-06,-0.047762
2003-12-07,-0.062099
2003-12-08,-0.07614
2003-12-09,-0.089891
2003-12-10,-0.103358
2003-12-11,-0.116546
2003-12-12,-0.12946
2003-12-13,-0.142107
2003-12-14,-0.15449
2003-12-15,-0.166855
2003-12-16,-0.179206
2003-12-17,-0.191549
2003-12-18,-0.203887
2003-12-19,-0.216228
2003-12-20,-0.228575
2003-12-21,-0.240933
2003-12-22,-0.253148
2003-12-23,-0.265224
2003-12-24,-0.277167
2003-12-25,-0.28898
2003-12-26,-0.30067
2003-12-27,-0.312241
2003-12-28,-0.323697
2003-12-29,-0.334518
2003-12-30,-0.344709
2003-12-31,-0.354274
2004-01-01,-0.363216
2004-01-02,-0.371047
2004-01-03,-0.377771
2004-01-04,-0.383389
2004-01-05,-0.388307
2004-01-06,-0.392524
2004-01-07,-0.396045
2004-01-08,-0.398869
2004-01-09,-0.400998
2004-01-10,-0.402434
2004-01-11,-0.403176
2004-01-12,-0.402778
2004-01-13,-0.401239
2004-01-14,-0.39856
2004-01-15,-0.394739
2004-01-16,-0.389774
2004-01-17,-0.383664
2004-01-18,-0.376405
2004-01-19,-0.368745
2004-01-20,-0.360682
2004-01-21,-0.352211
2004-01-22,-0.343329
2004-01-23,-0.334032
2004-01-24,-0.324317
2004-01-25,-0.31418
2004-01-26,-0.302178
2004-01-27,-0.288308
2004-01-28,-0.272564
2004-01-29,-0.254939
2004-01-30,-0.235425
2004-01-31,-0.214015
2004-02-01,-0.1907
2004-02-02,-0.167402
2004-02-03,-0.144111
2004-02-04,-0.120817
2004-02-05,-0.097511
2004-02-06,-0.074183
2004-02-07,-0.050823
2004-02-08,-0.027423
2004-02-09,-0.005208
2004-02-10,0.01583
2004-02-11,0.0357
2004-02-12,0.05441
2004-02-13,0.071967
2004-02-14,0.088381
2004-02-15,0.103655
2004-02-16,0.118999
2004-02-17,0.134416
2004-02-18,0.149915
2004-02-19,0.165501
2004-02-20,0.18118
2004-02-21,0.19696
2004-02-22,0.212847
2004-02-23,0.228233
2004-02-24,0.243125
2004-02-25,0.257528
2004-02-26,0.271449
2004-02-27,0.284894
2004-02-28,0.297867
2004-02-29,0.310376
2004-03-01,0.322735
2004-03-02,0.333986
2004-03-03,0.344133
2004-03-04,0.35318
2004-03-05,0.36113
2004-03-06,0.367988
2004-03-07,0.373755
2004-03-08,0.378345
2004-03-09,0.38176
2004-03-10,0.384
2004-03-11,0.385067
2004-03-12,0.384961
2004-03-13,0.383682
2004-03-14,0.381229
2004-03-15,0.378224
2004-03-16,0.374664
2004-03-17,0.370548
2004-03-18,0.365874
2004-03-19,0.360641
2004-03-20,0.354845
2004-03-21,0.348486
2004-03-22,0.340934
2004-03-23,0.332187
2004-03-24,0.32224
2004-03-25,0.311089
2004-03-26,0.298731
2004-03-27,0.285159
2004-03-28,0.270368
2004-03-29,0.25438
2004-03-30,0.237188
2004-03-31,0.218784
2004-04-01,0.199161
2004-04-02,0.18046
2004-04-03,0.162672
2004-04-04,0.145792
2004-04-05,0.130917
2004-04-06,0.118041
2004-04-07,0.10716
2004-04-08,0.098268
2004-04-09,0.091363
2004-04-10,0.086441
2004-04-11,0.0835
2004-04-12,0.082064
2004-04-13,0.082132
2004-04-14,0.083704
2004-04-15,0.086781
2004-04-16,0.091364
2004-04-17,0.097455
2004-04-18,0.105057
2004-04-19,0.112658
2004-04-20,0.120264
2004-04-21,0.127875
2004-04-22,0.135497
2004-04-23,0.143131
2004-04-24,0.150782
2004-04-25,0.158452
2004-04-26,0.166572
2004-04-27,0.175147
2004-04-28,0.18418
2004-04-29,0.193674
2004-04-30,0.203633
2004-05-01,0.214063
2004-05-02,0.222058
2004-05-03,0.228511
2004-05-04,0.233425
2004-05-05,0.2368
2004-05-06,0.238639
2004-05-07,0.238942
2004-05-08,0.23771
2004-05-09,0.234942
2004-05-10,0.231314
2004-05-11,0.226825
2004-05-12,0.221474
2004-05-13,0.215257
2004-05-14,0.208174
2004-05-15,0.200219
2004-05-16,0.191391
2004-05-17,0.180486
2004-05-18,0.1675
2004-05-19,0.152428
2004-05-20,0.135262
2004-05-21,0.115997
2004-05-22,0.094624
2004-05-23,0.071134
2004-05-24,0.045582
2004-05-25,0.017957
2004-05-26,-0.011751
2004-05-27,-0.043557
2004-05-28,-0.077472
2004-05-29,-0.11351
2004-05-30,-0.151688
2004-05-31,-0.191018
2004-06-01,-0.231518
2004-06-02,-0.268746
2004-06-03,-0.302715
2004-06-04,-0.33344
2004-06-05,-0.360935
2004-06-06,-0.38521
2004-06-07,-0.407803
2004-06-08,-0.428725
2004-06-09,-0.447982
2004-06-10,-0.465584
2004-06-11,-0.481538
2004-06-12,-0.49585
2004-06-13,-0.508526
2004-06-14,-0.518205
2004-06-15,-0.52489
2004-06-16,-0.528585
2004-06-17,-0.52929
2004-06-18,-0.527007
2004-06-19,-0.521734
2004-06-20,-0.513468
2004-06-21,-0.503129
2004-06-22,-0.490712
2004-06-23,-0.476212
2004-06-24,-0.459623
2004-06-25,-0.440937
2004-06-26,-0.420148
2004-06-27,-0.397247
2004-06-28,-0.372933
2004-06-29,-0.347195
2004-06-30,-0.320023
2004-07-01,-0.291407
2004-07-02,-0.264965
2004-07-03,-0.240686
2004-07-04,-0.218562
2004-07-05,-0.196746
2004-07-06,-0.175229
2004-07-07,-0.154002
2004-07-08,-0.133056
2004-07-09,-0.112384
2004-07-10,-0.091976
2004-07-11,-0.071823
2004-07-12,-0.052287
2004-07-13,-0.033359
2004-07-14,-0.015031
2004-07-15,0.002704
2004-07-16,0.019854
2004-07-17,0.036426
2004-07-18,0.052426
2004-07-19,0.067121
2004-07-20,0.080515
2004-07-21,0.092615
2004-07-22,0.103425
2004-07-23,0.112951
2004-07-24,0.121195
2004-07-25,0.128162
2004-07-26,0.133852
2004-07-27,0.138268
2004-07-28,0.14141
2004-07-29,0.143281
2004-07-30,0.143882
2004-07-31,0.143211
2004-08-01,0.141271
2004-08-02,0.139157
2004-08-03,0.13687
2004-08-04,0.134408
2004-08-05,0.13177
2004-08-06,0.128955
2004-08-07,0.125963
2004-08-08,0.122791
2004-08-09,0.119476
2004-08-10,0.116016
2004-08-11,0.11241
2004-08-12,0.108657
2004-08-13,0.104754
2004-08-14,0.1007
2004-08-15,0.096494
2004-08-16,0.0928
2004-08-17,0.089618
2004-08-18,0.086945
2004-08-19,0.084782
2004-08-20,0.083126
2004-08-21,0.081977
2004-08-22,0.081335
2004-08-23,0.081121
2004-08-24,0.081335
2004-08-25,0.081976
2004-08-26,0.083046
2004-08-27,0.084544
2004-08-28,0.086472
2004-08-29,0.08883
2004-08-30,0.090056
2004-08-31,0.090152
2004-09-01,0.089117
2004-09-02,0.087517
2004-09-03,0.08535
2004-09-04,0.082616
2004-09-05,0.079314
2004-09-06,0.076805
2004-09-07,0.075089
2004-09-08,0.074165
2004-09-09,0.074032
2004-09-10,0.074691
2004-09-11,0.076142
2004-09-12,0.078385
2004-09-13,0.081653
2004-09-14,0.085948
2004-09-15,0.091271
2004-09-16,0.097625
2004-09-17,0.105013
2004-09-18,0.113436
2004-09-19,0.122899
2004-09-20,0.133424
2004-09-21,0.145016
2004-09-22,0.157678
2004-09-23,0.171416
2004-09-24,0.186237
2004-09-25,0.202145
2004-09-26,0.219148
2004-09-27,0.236107
2004-09-28,0.25303
2004-09-29,0.269923
2004-09-30,0.286793
2004-10-01,0.303647
2004-10-02,0.318499
2004-10-03,0.331354
2004-10-04,0.343064
2004-10-05,0.353633
2004-10-06,0.363067
2004-10-07,0.371369
2004-10-08,0.378542
2004-10-09,0.38459
2004-10-10,0.389515
2004-10-11,0.392696
2004-10-12,0.394135
2004-10-13,0.393832
2004-10-14,0.391787
2004-10-15,0.388
2004-10-16,0.382469
2004-10-17,0.375191
2004-10-18,0.367136
2004-10-19,0.358299
2004-10-20,0.348678
2004-10-21,0.338268
2004-10-22,0.327066
2004-10-23,0.315066
2004-10-24,0.302263
2004-10-25,0.28789
2004-10-26,0.27194
2004-10-27,0.254408
2004-10-28,0.235286
2004-10-29,0.214566
2004-10-30,0.19224
2004-10-31,0.168297
2004-11-01,0.142887
2004-11-02,0.120088
2004-11-03,0.099893
2004-11-04,0.082292
2004-11-05,0.067279
2004-11-06,0.054847
2004-11-07,0.044991
2004-11-08,0.038102
2004-11-09,0.034177
2004-11-10,0.033214
2004-11-11,0.035213
2004-11-12,0.040176
2004-11-13,0.048103
2004-11-14,0.058998
2004-11-15,0.071488
2004-11-16,0.085578
2004-11-17,0.101274
2004-11-18,0.118581
2004-11-19,0.137508
2004-11-20,0.158062
2004-11-21,0.180252
2004-11-22,0.206146
2004-11-23,0.235755
2004-11-24,0.269092
2004-11-25,0.306169
2004-11-26,0.347004
2004-11-27,0.391611
2004-11-28,0.440011
2004-11-29,0.491653
2004-11-30,0.546559
2004-12-01,0.604751
2004-12-02,0.659463
2004-12-03,0.710718
2004-12-04,0.758537
2004-12-05,0.802939
2004-12-06,0.842412
2004-12-07,0.876972
2004-12-08,0.906632
2004-12-09,0.931406
2004-12-10,0.951304
2004-12-11,0.966334
2004-12-12,0.976502
2004-12-13,0.983274
2004-12-14,0.986654
2004-12-15,0.986644
2004-12-16,0.983242
2004-12-17,0.976448
2004-12-18,0.966259
2004-12-19,0.95267
2004-12-20,0.935313
2004-12-21,0.914179
2004-12-22,0.889261
2004-12-23,0.860548
2004-12-24,0.828029
2004-12-25,0.791689
2004-12-26,0.751513
2004-12-27,0.709162
2004-12-28,0.664616
2004-12-29,0.617859
2004-12-30,0.56887
2004-12-31,0.517629
2005-01-01,0.464116
2005-01-02,0.415034
2005-01-03,0.369333
2005-01-04,0.326994
2005-01-05,0.288001
2005-01-06,0.252337
2005-01-07,0.219987
2005-01-08,0.190938
2005-01-09,0.165178
2005-01-10,0.140442
2005-01-11,0.11672
2005-01-12,0.094001
2005-01-13,0.072277
2005-01-14,0.051539
2005-01-15,0.031777
2005-01-16,0.012985
2005-01-17,-0.003372
2005-01-18,-0.017301
2005-01-19,-0.028807
2005-01-20,-0.037894
2005-01-21,-0.044567
2005-01-22,-0.048829
2005-01-23,-0.050681
2005-01-24,-0.049903
2005-01-25,-0.046496
2005-01-26,-0.040458
2005-01-27,-0.031786
2005-01-28,-0.020477
2005-01-29,-0.006527
2005-01-30,0.010071
2005-01-31,0.028168
2005-02-01,0.047771
2005-02-02,0.064744
2005-02-03,0.079095
2005-02-04,0.090829
2005-02-05,0.09995
2005-02-06,0.106464
2005-02-07,0.111476
2005-02-08,0.114987
2005-02-09,0.116999
2005-02-10,0.117514
2005-02-11,0.116531
2005-02-12,0.114049
2005-02-13,0.110069
2005-02-14,0.10499
2005-02-15,0.098812
2005-02-16,0.09153
2005-02-17,0.083143
2005-02-18,0.073647
2005-02-19,0.063037
2005-02-20,0.05131
2005-02-21,0.037833
2005-02-22,0.0226
2005-02-23,0.005605
2005-02-24,-0.013159
2005-02-25,-0.033699
2005-02-26,-0.056025
2005-02-27,-0.080146
2005-02-28,-0.105058
2005-03-01,-0.130773
2005-03-02,-0.153935
2005-03-03,-0.174555
2005-03-04,-0.192641
2005-03-05,-0.208199
2005-03-06,-0.221238
2005-03-07,-0.23301
2005-03-08,-0.24352
2005-03-09,-0.252773
2005-03-10,-0.260773
2005-03-11,-0.267523
2005-03-12,-0.273026
2005-03-13,-0.277283
2005-03-14,-0.279681
2005-03-15,-0.28022
2005-03-16,-0.2789
2005-03-17,-0.275722
2005-03-18,-0.270683
2005-03-19,-0.263781
2005-03-20,-0.255014
2005-03-21,-0.244006
2005-03-22,-0.230753
2005-03-23,-0.215249
2005-03-24,-0.197487
2005-03-25,-0.177461
2005-03-26,-0.155162
2005-03-27,-0.13058
2005-03-28,-0.104573
2005-03-29,-0.077129
2005-03-30,-0.048237
2005-03-31,-0.017885
2005-04-01,0.01394
2005-04-02,0.043854
2005-04-03,0.071869
2005-04-04,0.097786
2005-04-05,0.121614
2005-04-06,0.143364
2005-04-07,0.163045
2005-04-08,0.180665
2005-04-09,0.196231
2005-04-10,0.209749
2005-04-11,0.221043
2005-04-12,0.230118
2005-04-13,0.236977
2005-04-14,0.241623
2005-04-15,0.244057
2005-04-16,0.244282
2005-04-17,0.242296
2005-04-18,0.239251
2005-04-19,0.235143
2005-04-20,0.229972
2005-04-21,0.223735
2005-04-22,0.21643
2005-04-23,0.208054
2005-04-24,0.198604
2005-04-25,0.188393
2005-04-26,0.177418
2005-04-27,0.165673
2005-04-28,0.153155
2005-04-29,0.139858
2005-04-30,0.125777
2005-05-01,0.110905
2005-05-02,0.096808
2005-05-03,0.083481
2005-05-04,0.070918
2005-05-05,0.059113
2005-05-06,0.048062
2005-05-07,0.037761
2005-05-08,0.028204
2005-05-09,0.019419
2005-05-10,0.011401
2005-05-11,0.004147
2005-05-12,-0.002346
2005-05-13,-0.00808
2005-05-14,-0.013058
2005-05-15,-0.017282
2005-05-16,-0.020539
2005-05-17,-0.02283
2005-05-18,-0.024156
2005-05-19,-0.024517
2005-05-20,-0.023914
2005-05-21,-0.022346
2005-05-22,-0.019813
2005-05-23,-0.015369
2005-05-24,-0.009011
2005-05-25,-0.000737
2005-05-26,0.009456
2005-05-27,0.021573
2005-05-28,0.035619
2005-05-29,0.051599
2005-05-30,0.068564
2005-05-31,0.086522
2005-06-01,0.10548
2005-06-02,0.123354
2005-06-03,0.140152
2005-06-04,0.15588
2005-06-05,0.170547
2005-06-06,0.18403
2005-06-07,0.196337
2005-06-08,0.207471
2005-06-09,0.217439
2005-06-10,0.226243
2005-06-11,0.233888
2005-06-12,0.240376
2005-06-13,0.245396
2005-06-14,0.248949
2005-06-15,0.251036
2005-06-16,0.251659
2005-06-17,0.250818
2005-06-18,0.248512
2005-06-19,0.244741
2005-06-20,0.239577
2005-06-21,0.233017
2005-06-22,0.22506
2005-06-23,0.215701
2005-06-24,0.204938
2005-06-25,0.192765
2005-06-26,0.179177
2005-06-27,0.165317
2005-06-28,0.15118
2005-06-29,0.136758
2005-06-30,0.122047
2005-07-01,0.10704
2005-07-02,0.093443
2005-07-03,0.081251
2005-07-04,0.070243
2005-07-05,0.060414
2005-07-06,0.05176
2005-07-07,0.044277
2005-07-08,0.037963
2005-07-09,0.032814
2005-07-10,0.028829
2005-07-11,0.024845
2005-07-12,0.020861
2005-07-13,0.016875
2005-07-14,0.012886
2005-07-15,0.008892
2005-07-16,0.004891
2005-07-17,0.000882
2005-07-18,-0.002707
2005-07-19,-0.005877
2005-07-20,-0.00863
2005-07-21,-0.010966
2005-07-22,-0.012886
2005-07-23,-0.014393
2005-07-24,-0.015485
2005-07-25,-0.016035
2005-07-26,-0.016043
2005-07-27,-0.015509
2005-07-28,-0.014432
2005-07-29,-0.012813
2005-07-30,-0.010651
2005-07-31,-0.007945
2005-08-01,-0.00483
2005-08-02,-0.004141
2005-08-03,-0.005878
2005-08-04,-0.010042
2005-08-05,-0.016634
2005-08-06,-0.025657
2005-08-07,-0.037115
2005-08-08,-0.050442
2005-08-09,-0.065645
2005-08-10,-0.082728
2005-08-11,-0.101699
2005-08-12,-0.122566
2005-08-13,-0.145338
2005-08-14,-0.170023
2005-08-15,-0.197183
2005-08-16,-0.226828
2005-08-17,-0.258971
2005-08-18,-0.293625
2005-08-19,-0.330804
2005-08-20,-0.370524
2005-08-21,-0.412801
2005-08-22,-0.457374
2005-08-23,-0.504263
2005-08-24,-0.553486
2005-08-25,-0.605064
2005-08-26,-0.659019
2005-08-27,-0.715371
2005-08-28,-0.774146
2005-08-29,-0.835184
2005-08-30,-0.898509
2005-08-31,-0.964149
2005-09-01,-1.032131
2005-09-02,-1.095887
2005-09-03,-1.155444
2005-09-04,-1.210827
2005-09-05,-1.258134
2005-09-06,-1.297386
2005-09-07,-1.328597
2005-09-08,-1.351781
2005-09-09,-1.366948
2005-09-10,-1.374104
2005-09-11,-1.373252
2005-09-12,-1.368513
2005-09-13,-1.359886
2005-09-14,-1.347368
2005-09-15,-1.330953
2005-09-16,-1.310635
2005-09-17,-1.286404
2005-09-18,-1.258251
2005-09-19,-1.229154
2005-09-20,-1.1991
2005-09-21,-1.168077
2005-09-22,-1.136072
2005-09-23,-1.103072
2005-09-24,-1.069064
2005-09-25,-1.034032
2005-09-26,-0.993959
2005-09-27,-0.948829
2005-09-28,-0.898623
2005-09-29,-0.843319
2005-09-30,-0.782895
2005-10-01,-0.717327
2005-10-02,-0.651545
2005-10-03,-0.586617
2005-10-04,-0.522517
2005-10-05,-0.459217
2005-10-06,-0.396692
2005-10-07,-0.334915
2005-10-08,-0.273862
2005-10-09,-0.213506
2005-10-10,-0.155306
2005-10-11,-0.099239
2005-10-12,-0.045281
2005-10-13,0.00659
2005-10-14,0.056396
2005-10-15,0.104157
2005-10-16,0.149893
2005-10-17,0.194114
2005-10-18,0.23684
2005-10-19,0.278088
2005-10-20,0.317875
2005-10-21,0.356217
2005-10-22,0.39313
2005-10-23,0.42863
2005-10-24,0.463721
2005-10-25,0.498419
2005-10-26,0.532737
2005-10-27,0.56669
2005-10-28,0.600292
2005-10-29,0.633557
2005-10-30,0.666499
2005-10-31,0.699378
2005-11-01,0.732208
2005-11-02,0.763128
2005-11-03,0.79215
2005-11-04,0.819286
2005-11-05,0.844548
2005-11-06,0.867946
2005-11-07,0.888656
2005-11-08,0.906688
2005-11-09,0.922047
2005-11-10,0.934742
2005-11-11,0.944777
2005-11-12,0.952156
2005-11-13,0.956883
2005-11-14,0.960339
2005-11-15,0.962526
2005-11-16,0.963445
2005-11-17,0.963096
2005-11-18,0.961479
2005-11-19,0.958594
2005-11-20,0.954439
2005-11-21,0.947767
2005-11-22,0.938575
2005-11-23,0.926858
2005-11-24,0.912613
2005-11-25,0.895833
2005-11-26,0.876511
2005-11-27,0.854639
2005-11-28,0.831212
2005-11-29,0.806221
2005-11-30,0.779654
2005-12-01,0.751501
2005-12-02,0.72494
2005-12-03,0.699961
2005-12-04,0.676554
2005-12-05,0.654522
2005-12-06,0.633856
2005-12-07,0.614548
2005-12-08,0.596589
2005-12-09,0.579972
2005-12-10,0.564691
2005-12-11,0.550738
2005-12-12,0.53716
2005-12-13,0.523951
2005-12-14,0.511105
2005-12-15,0.498618
2005-12-16,0.486483
2005-12-17,0.474697
2005-12-18,0.463253
2005-12-19,0.453157
2005-12-20,0.444405
2005-12-21,0.436992
2005-12-22,0.430916
2005-12-23,0.426175
2005-12-24,0.422765
2005-12-25,0.420687
2005-12-26,0.418776
2005-12-27,0.417032
2005-12-28,0.415455
2005-12-29,0.414043
2005-12-30,0.412797
2005-12-31,0.411715
2006-01-01,0.410797
2006-01-02,0.410911
2006-01-03,0.412056
2006-01-04,0.414233
2006-01-05,0.417442
2006-01-06,0.421686
2006-01-07,0.426965
2006-01-08,0.433282
2006-01-09,0.437748
2006-01-10,0.440365
2006-01-11,0.441132
2006-01-12,0.440052
2006-01-13,0.437122
2006-01-14,0.432343
2006-01-15,0.425712
2006-01-16,0.419245
2006-01-17,0.41294
2006-01-18,0.406794
2006-01-19,0.400805
2006-01-20,0.39497
2006-01-21,0.389286
2006-01-22,0.383752
2006-01-23,0.377781
2006-01-24,0.371372
2006-01-25,0.364521
2006-01-26,0.357226
2006-01-27,0.349483
2006-01-28,0.34129
2006-01-29,0.332643
2006-01-30,0.324197
2006-01-31,0.31595
2006-02-01,0.307897
2006-02-02,0.300308
2006-02-03,0.293178
2006-02-04,0.286505
2006-02-05,0.280286
2006-02-06,0.274612
2006-02-07,0.269479
2006-02-08,0.264886
2006-02-09,0.260831
2006-02-10,0.257312
2006-02-11,0.254327
2006-02-12,0.251877
2006-02-13,0.248887
2006-02-14,0.245357
2006-02-15,0.241286
2006-02-16,0.236671
2006-02-17,0.231512
2006-02-18,0.225804
2006-02-19,0.219548
2006-02-20,0.213842
2006-02-21,0.208684
2006-02-22,0.204073
2006-02-23,0.200006
2006-02-24,0.196483
2006-02-25,0.1935
2006-02-26,0.191058
2006-02-27,0.189118
2006-02-28,0.187681
2006-03-01,0.186745
2006-03-02,0.185616
2006-03-03,0.184292
2006-03-04,0.182774
2006-03-05,0.18106
2006-03-06,0.178979
2006-03-07,0.176529
2006-03-08,0.173709
2006-03-09,0.170519
2006-03-10,0.166957
2006-03-11,0.163021
2006-03-12,0.158711
2006-03-13,0.153621
2006-03-14,0.147749
2006-03-15,0.141093
2006-03-16,0.133651
2006-03-17,0.125419
2006-03-18,0.116393
2006-03-19,0.10657
2006-03-20,0.095755
2006-03-21,0.083942
2006-03-22,0.071128
2006-03-23,0.057305
2006-03-24,0.04247
2006-03-25,0.026615
2006-03-26,0.009734
2006-03-27,-0.008021
2006-03-28,-0.026659
2006-03-29,-0.046186
2006-03-30,-0.066611
2006-03-31,-0.087942
2006-04-01,-0.110188
2006-04-02,-0.131998
2006-04-03,-0.152862
2006-04-04,-0.172789
2006-04-05,-0.191786
2006-04-06,-0.209861
2006-04-07,-0.227023
2006-04-08,-0.243277
2006-04-09,-0.258631
2006-04-10,-0.273454
2006-04-11,-0.287753
2006-04-12,-0.301532
2006-04-13,-0.314799
2006-04-14,-0.327557
2006-04-15,-0.339813
2006-04-16,-0.351572
2006-04-17,-0.362442
2006-04-18,-0.372429
2006-04-19,-0.381536
2006-04-20,-0.389768
2006-04-21,-0.397127
2006-04-22,-0.403616
2006-04-23,-0.409239
2006-04-24,-0.413812
2006-04-25,-0.417338
2006-04-26,-0.419817
2006-04-27,-0.421251
2006-04-28,-0.42164
2006-04-29,-0.420985
2006-04-30,-0.419285
2006-05-01,-0.41594
2006-05-02,-0.411365
2006-05-03,-0.40556
2006-05-04,-0.398521
2006-05-05,-0.390247
2006-05-06,-0.380732
2006-05-07,-0.369974
2006-05-08,-0.35964
2006-05-09,-0.349726
2006-05-10,-0.340228
2006-05-11,-0.331142
2006-05-12,-0.322464
2006-05-13,-0.314191
2006-05-14,-0.306319
2006-05-15,-0.299032
2006-05-16,-0.292327
2006-05-17,-0.2862
2006-05-18,-0.280651
2006-05-19,-0.275675
2006-05-20,-0.271271
2006-05-21,-0.267438
2006-05-22,-0.262974
2006-05-23,-0.257877
2006-05-24,-0.252144
2006-05-25,-0.245775
2006-05-26,-0.238765
2006-05-27,-0.231112
2006-05-28,-0.222814
2006-05-29,-0.215376
2006-05-30,-0.208797
2006-05-31,-0.203073
2006-06-01,-0.198201
2006-06-02,-0.194848
2006-06-03,-0.19301
2006-06-04,-0.192687
2006-06-05,-0.193274
2006-06-06,-0.194772
2006-06-07,-0.197181
2006-06-08,-0.200502
2006-06-09,-0.204736
2006-06-10,-0.209885
2006-06-11,-0.215952
2006-06-12,-0.222099
2006-06-13,-0.228328
2006-06-14,-0.234642
2006-06-15,-0.241043
2006-06-16,-0.247535
2006-06-17,-0.254119
2006-06-18,-0.2608
2006-06-19,-0.267977
2006-06-20,-0.275655
2006-06-21,-0.283837
2006-06-22,-0.292525
2006-06-23,-0.301724
2006-06-24,-0.311437
2006-06-25,-0.321669
2006-06-26,-0.33216
2006-06-27,-0.342915
2006-06-28,-0.353939
2006-06-29,-0.365235
2006-06-30,-0.376809
2006-07-01,-0.388665
2006-07-02,-0.399302
2006-07-03,-0.407822
2006-07-04,-0.414231
2006-07-05,-0.418531
2006-07-06,-0.420723
2006-07-07,-0.420809
2006-07-08,-0.418788
2006-07-09,-0.414659
2006-07-10,-0.410728
2006-07-11,-0.406992
2006-07-12,-0.40345
2006-07-13,-0.4001
2006-07-14,-0.396941
2006-07-15,-0.393971
2006-07-16,-0.39119
2006-07-17,-0.388036
2006-07-18,-0.384509
2006-07-19,-0.380606
2006-07-20,-0.376327
2006-07-21,-0.371668
2006-07-22,-0.36663
2006-07-23,-0.361209
2006-07-24,-0.354647
2006-07-25,-0.346942
2006-07-26,-0.338091
2006-07-27,-0.32809
2006-07-28,-0.316934
2006-07-29,-0.30462
2006-07-30,-0.291142
2006-07-31,-0.276389
2006-08-01,-0.260355
2006-08-02,-0.244898
2006-08-03,-0.230011
2006-08-04,-0.215688
2006-08-05,-0.201923
2006-08-06,-0.18871
2006-08-07,-0.176701
2006-08-08,-0.165891
2006-08-09,-0.156274
2006-08-10,-0.147848
2006-08-11,-0.140609
2006-08-12,-0.134554
2006-08-13,-0.12968
2006-08-14,-0.125405
2006-08-15,-0.121728
2006-08-16,-0.118647
2006-08-17,-0.116162
2006-08-18,-0.11427
2006-08-19,-0.112972
2006-08-20,-0.112266
2006-08-21,-0.112416
2006-08-22,-0.113423
2006-08-23,-0.115286
2006-08-24,-0.118007
2006-08-25,-0.121586
2006-08-26,-0.126026
2006-08-27,-0.131327
2006-08-28,-0.137408
2006-08-29,-0.14427
2006-08-30,-0.151917
2006-08-31,-0.160352
2006-09-01,-0.169578
2006-09-02,-0.178484
2006-09-03,-0.187074
2006-09-04,-0.195446
2006-09-05,-0.203603
2006-09-06,-0.21155
2006-09-07,-0.219289
2006-09-08,-0.226824
2006-09-09,-0.234158
2006-09-10,-0.241293
2006-09-11,-0.247745
2006-09-12,-0.253516
2006-09-13,-0.258608
2006-09-14,-0.263025
2006-09-15,-0.266767
2006-09-16,-0.269836
2006-09-17,-0.272234
2006-09-18,-0.274626
2006-09-19,-0.277015
2006-09-20,-0.2794
2006-09-21,-0.281784
2006-09-22,-0.284166
2006-09-23,-0.286548
2006-09-24,-0.288931
2006-09-25,-0.291548
2006-09-26,-0.2944
2006-09-27,-0.297489
2006-09-28,-0.300814
2006-09-29,-0.304379
2006-09-30,-0.308184
2006-10-01,-0.312231
2006-10-02,-0.315671
2006-10-03,-0.318505
2006-10-04,-0.320734
2006-10-05,-0.32236
2006-10-06,-0.323384
2006-10-07,-0.323804
2006-10-08,-0.323623
2006-10-09,-0.323641
2006-10-10,-0.323858
2006-10-11,-0.324274
2006-10-12,-0.32489
2006-10-13,-0.325707
2006-10-14,-0.326723
2006-10-15,-0.32794
2006-10-16,-0.328516
2006-10-17,-0.328453
2006-10-18,-0.327749
2006-10-19,-0.326404
2006-10-20,-0.324419
2006-10-21,-0.321792
2006-10-22,-0.318521
2006-10-23,-0.314281
2006-10-24,-0.309068
2006-10-25,-0.302881
2006-10-26,-0.295718
2006-10-27,-0.287574
2006-10-28,-0.278448
2006-10-29,-0.268335
2006-10-30,-0.258286
2006-10-31,-0.248296
2006-11-01,-0.238363
2006-11-02,-0.228124
2006-11-03,-0.217576
2006-11-04,-0.206715
2006-11-05,-0.195535
2006-11-06,-0.183988
2006-11-07,-0.172069
2006-11-08,-0.159774
2006-11-09,-0.147098
2006-11-10,-0.134034
2006-11-11,-0.120579
2006-11-12,-0.106726
2006-11-13,-0.091433
2006-11-14,-0.074693
2006-11-15,-0.056501
2006-11-16,-0.036848
2006-11-17,-0.015727
2006-11-18,0.006872
2006-11-19,0.030958
2006-11-20,0.056935
2006-11-21,0.084814
2006-11-22,0.114606
2006-11-23,0.146325
2006-11-24,0.179982
2006-11-25,0.215593
2006-11-26,0.253171
2006-11-27,0.290762
2006-11-28,0.328383
2006-11-29,0.366048
2006-11-30,0.403773
2006-12-01,0.441573
2006-12-02,0.475702
2006-12-03,0.506173
2006-12-04,0.533267
2006-12-05,0.556996
2006-12-06,0.577369
2006-12-07,0.594394
2006-12-08,0.608079
2006-12-09,0.618429
2006-12-10,0.625448
2006-12-11,0.630163
2006-12-12,0.632574
2006-12-13,0.632683
2006-12-14,0.630489
2006-12-15,0.625993
2006-12-16,0.619191
2006-12-17,0.610082
2006-12-18,0.598572
2006-12-19,0.584656
2006-12-20,0.568329
2006-12-21,0.549583
2006-12-22,0.528412
2006-12-23,0.504806
2006-12-24,0.478755
2006-12-25,0.45082
2006-12-26,0.420987
2006-12-27,0.389245
2006-12-28,0.355581
2006-12-29,0.31998
2006-12-30,0.282429
2006-12-31,0.242911
2007-01-01,0.200099
2007-01-02,0.159392
2007-01-03,0.120776
2007-01-04,0.084233
2007-01-05,0.049749
2007-01-06,0.01731
2007-01-07,-0.013099
2007-01-08,-0.042558
2007-01-09,-0.071082
2007-01-10,-0.09868
2007-01-11,-0.125365
2007-01-12,-0.151148
2007-01-13,-0.176039
2007-01-14,-0.200049
2007-01-15,-0.219959
2007-01-16,-0.23578
2007-01-17,-0.247516
2007-01-18,-0.255173
2007-01-19,-0.258753
2007-01-20,-0.25826
2007-01-21,-0.253691
2007-01-22,-0.247968
2007-01-23,-0.241088
2007-01-24,-0.233048
2007-01-25,-0.223846
2007-01-26,-0.213476
2007-01-27,-0.201935
2007-01-28,-0.189219
2007-01-29,-0.174037
2007-01-30,-0.156383
2007-01-31,-0.13625
2007-02-01,-0.113629
2007-02-02,-0.092137
2007-02-03,-0.071764
2007-02-04,-0.052503
2007-02-05,-0.033159
2007-02-06,-0.013725
2007-02-07,0.005808
2007-02-08,0.025447
2007-02-09,0.0452
2007-02-10,0.065077
2007-02-11,0.085085
2007-02-12,0.103254
2007-02-13,0.119592
2007-02-14,0.134106
2007-02-15,0.146801
2007-02-16,0.157684
2007-02-17,0.166758
2007-02-18,0.174027
2007-02-19,0.180291
2007-02-20,0.185553
2007-02-21,0.189814
2007-02-22,0.193077
2007-02-23,0.195342
2007-02-24,0.196611
2007-02-25,0.196884
2007-02-26,0.196028
2007-02-27,0.194043
2007-02-28,0.190927
2007-03-01,0.186679
2007-03-02,0.182532
2007-03-03,0.178484
2007-03-04,0.174533
2007-03-05,0.170224
2007-03-06,0.165553
2007-03-07,0.16052
2007-03-08,0.155122
2007-03-09,0.149357
2007-03-10,0.143222
2007-03-11,0.136716
2007-03-12,0.130401
2007-03-13,0.124276
2007-03-14,0.118337
2007-03-15,0.112583
2007-03-16,0.107011
2007-03-17,0.101618
2007-03-18,0.096403
2007-03-19,0.091045
2007-03-20,0.085542
2007-03-21,0.079893
2007-03-22,0.074094
2007-03-23,0.068144
2007-03-24,0.062039
2007-03-25,0.055778
2007-03-26,0.049796
2007-03-27,0.04409
2007-03-28,0.038659
2007-03-29,0.0335
2007-03-30,0.02861
2007-03-31,0.023989
2007-04-01,0.019633
2007-04-02,0.016482
2007-04-03,0.014534
2007-04-04,0.013789
2007-04-05,0.014247
2007-04-06,0.015906
2007-04-07,0.018769
2007-04-08,0.022836
2007-04-09,0.02679
2007-04-10,0.030633
2007-04-11,0.034367
2007-04-12,0.037992
2007-04-13,0.041511
2007-04-14,0.044924
2007-04-15,0.048234
2007-04-16,0.051393
2007-04-17,0.054404
2007-04-18,0.057267
2007-04-19,0.059984
2007-04-20,0.062555
2007-04-21,0.064982
2007-04-22,0.067266
2007-04-23,0.068773
2007-04-24,0.069504
2007-04-25,0.06946
2007-04-26,0.068639
2007-04-27,0.067043
2007-04-28,0.06467
2007-04-29,0.061519
2007-04-30,0.058419
2007-05-01,0.05537
2007-05-02,0.051947
2007-05-03,0.04815
2007-05-04,0.043977
2007-05-05,0.039426
2007-05-06,0.034496
2007-05-07,0.029089
2007-05-08,0.023204
2007-05-09,0.016837
2007-05-10,0.009987
2007-05-11,0.00265
2007-05-12,-0.005176
2007-05-13,-0.013495
2007-05-14,-0.021601
2007-05-15,-0.029496
2007-05-16,-0.037185
2007-05-17,-0.044669
2007-05-18,-0.051953
2007-05-19,-0.059039
2007-05-20,-0.065931
2007-05-21,-0.073206
2007-05-22,-0.080869
2007-05-23,-0.088921
2007-05-24,-0.097367
2007-05-25,-0.10621
2007-05-26,-0.115453
2007-05-27,-0.125101
2007-05-28,-0.13503
2007-05-29,-0.145244
2007-05-30,-0.155747
2007-05-31,-0.166543
2007-06-01,-0.177638
2007-06-02,-0.188644
2007-06-03,-0.199565
2007-06-04,-0.210546
2007-06-05,-0.221592
2007-06-06,-0.232707
2007-06-07,-0.243896
2007-06-08,-0.255163
2007-06-09,-0.266513
2007-06-10,-0.277951
2007-06-11,-0.289175
2007-06-12,-0.300191
2007-06-13,-0.311002
2007-06-14,-0.321613
2007-06-15,-0.332029
2007-06-16,-0.342254
2007-06-17,-0.352292
2007-06-18,-0.362776
2007-06-19,-0.373712
2007-06-20,-0.385104
2007-06-21,-0.396957
2007-06-22,-0.409274
2007-06-23,-0.422063
2007-06-24,-0.435327
2007-06-25,-0.448595
2007-06-26,-0.461874
2007-06-27,-0.475167
2007-06-28,-0.488482
2007-06-29,-0.501823
2007-06-30,-0.515196
2007-07-01,-0.528607
2007-07-02,-0.540654
2007-07-03,-0.551345
2007-07-04,-0.560682
2007-07-05,-0.568669
2007-07-06,-0.575311
2007-07-07,-0.580609
2007-07-08,-0.584566
2007-07-09,-0.587542
2007-07-10,-0.589539
2007-07-11,-0.590556
2007-07-12,-0.590595
2007-07-13,-0.589656
2007-07-14,-0.587737
2007-07-15,-0.584839
2007-07-16,-0.581097
2007-07-17,-0.576509
2007-07-18,-0.571074
2007-07-19,-0.56479
2007-07-20,-0.557653
2007-07-21,-0.549661
2007-07-22,-0.540811
2007-07-23,-0.53101
2007-07-24,-0.520253
2007-07-25,-0.508536
2007-07-26,-0.495855
2007-07-27,-0.482204
2007-07-28,-0.467578
2007-07-29,-0.451969
2007-07-30,-0.434738
2007-07-31,-0.415875
2007-08-01,-0.395373
2007-08-02,-0.375305
2007-08-03,-0.355663
2007-08-04,-0.336438
2007-08-05,-0.317623
2007-08-06,-0.2995
2007-08-07,-0.282061
2007-08-08,-0.265301
2007-08-09,-0.249211
2007-08-10,-0.233785
2007-08-11,-0.219017
2007-08-12,-0.204901
2007-08-13,-0.191282
2007-08-14,-0.178156
2007-08-15,-0.165516
2007-08-16,-0.153358
2007-08-17,-0.141676
2007-08-18,-0.130466
2007-08-19,-0.119723
2007-08-20,-0.109294
2007-08-21,-0.099175
2007-08-22,-0.089361
2007-08-23,-0.079848
2007-08-24,-0.070633
2007-08-25,-0.061712
2007-08-26,-0.05308
2007-08-27,-0.045754
2007-08-28,-0.039731
2007-08-29,-0.035007
2007-08-30,-0.031581
2007-08-31,-0.029451
2007-09-01,-0.028618
2007-09-02,-0.028873
2007-09-03,-0.029245
2007-09-04,-0.029733
2007-09-05,-0.030337
2007-09-06,-0.031059
2007-09-07,-0.031898
2007-09-08,-0.032854
2007-09-09,-0.033928
2007-09-10,-0.035789
2007-09-11,-0.038436
2007-09-12,-0.041872
2007-09-13,-0.046096
2007-09-14,-0.051113
2007-09-15,-0.056922
2007-09-16,-0.063527
2007-09-17,-0.071079
2007-09-18,-0.079581
2007-09-19,-0.089037
2007-09-20,-0.099451
2007-09-21,-0.110826
2007-09-22,-0.123168
2007-09-23,-0.136482
2007-09-24,-0.149626
2007-09-25,-0.162606
2007-09-26,-0.175426
2007-09-27,-0.188093
2007-09-28,-0.200612
2007-09-29,-0.212987
2007-09-30,-0.225224
2007-10-01,-0.238041
2007-10-02,-0.250249
2007-10-03,-0.261856
2007-10-04,-0.272864
2007-10-05,-0.28328
2007-10-06,-0.293107
2007-10-07,-0.30235
2007-10-08,-0.31012
2007-10-09,-0.316422
2007-10-10,-0.321258
2007-10-11,-0.324629
2007-10-12,-0.326538
2007-10-13,-0.326985
2007-10-14,-0.32597
2007-10-15,-0.32437
2007-10-16,-0.322186
2007-10-17,-0.319416
2007-10-18,-0.316059
2007-10-19,-0.312114
2007-10-20,-0.307579
2007-10-21,-0.302452
2007-10-22,-0.296953
2007-10-23,-0.29108
2007-10-24,-0.284831
2007-10-25,-0.278202
2007-10-26,-0.271191
2007-10-27,-0.263795
2007-10-28,-0.256011
2007-10-29,-0.247612
2007-10-30,-0.238594
2007-10-31,-0.228954
2007-11-01,-0.218687
2007-11-02,-0.209441
2007-11-03,-0.201214
2007-11-04,-0.194002
2007-11-05,-0.187482
2007-11-06,-0.181652
2007-11-07,-0.176509
2007-11-08,-0.172053
2007-11-09,-0.168279
2007-11-10,-0.165188
2007-11-11,-0.162778
2007-11-12,-0.161353
2007-11-13,-0.160915
2007-11-14,-0.161462
2007-11-15,-0.162994
2007-11-16,-0.165513
2007-11-17,-0.169019
2007-11-18,-0.173514
2007-11-19,-0.178059
2007-11-20,-0.182657
2007-11-21,-0.18731
2007-11-22,-0.19202
2007-11-23,-0.196788
2007-11-24,-0.201616
2007-11-25,-0.206507
2007-11-26,-0.212704
2007-11-27,-0.220208
2007-11-28,-0.229024
2007-11-29,-0.239156
2007-11-30,-0.250606
2007-12-01,-0.26338
2007-12-02,-0.276089
2007-12-03,-0.288936
2007-12-04,-0.301926
2007-12-05,-0.315064
2007-12-06,-0.328356
2007-12-07,-0.341807
2007-12-08,-0.355422
2007-12-09,-0.369209
2007-12-10,-0.381846
2007-12-11,-0.393339
2007-12-12,-0.403692
2007-12-13,-0.412911
2007-12-14,-0.420998
2007-12-15,-0.427957
2007-12-16,-0.433791
2007-12-17,-0.439073
2007-12-18,-0.443803
2007-12-19,-0.447985
2007-12-20,-0.451619
2007-12-21,-0.454708
2007-12-22,-0.457253
2007-12-23,-0.459254
2007-12-24,-0.460709
2007-12-25,-0.461618
2007-12-26,-0.461981
2007-12-27,-0.4618
2007-12-28,-0.461073
2007-12-29,-0.4598
2007-12-30,-0.457982
2007-12-31,-0.456464
2008-01-01,-0.455247
2008-01-02,-0.455093
2008-01-03,-0.456002
2008-01-04,-0.457975
2008-01-05,-0.461013
2008-01-06,-0.465116
2008-01-07,-0.470755
2008-01-08,-0.477932
2008-01-09,-0.486649
2008-01-10,-0.496911
2008-01-11,-0.508722
2008-01-12,-0.522086
2008-01-13,-0.537009
2008-01-14,-0.552501
2008-01-15,-0.568567
2008-01-16,-0.585215
2008-01-17,-0.602452
2008-01-18,-0.620284
2008-01-19,-0.638718
2008-01-20,-0.657764
2008-01-21,-0.675375
2008-01-22,-0.691558
2008-01-23,-0.706322
2008-01-24,-0.719671
2008-01-25,-0.731611
2008-01-26,-0.742147
2008-01-27,-0.751284
2008-01-28,-0.761726
2008-01-29,-0.773478
2008-01-30,-0.786545
2008-01-31,-0.800932
2008-02-01,-0.816646
2008-02-02,-0.832594
2008-02-03,-0.848783
2008-02-04,-0.864799
2008-02-05,-0.88065
2008-02-06,-0.896341
2008-02-07,-0.91188
2008-02-08,-0.927272
2008-02-09,-0.942525
2008-02-10,-0.957643
2008-02-11,-0.972608
2008-02-12,-0.987424
2008-02-13,-1.002099
2008-02-14,-1.016637
2008-02-15,-1.031046
2008-02-16,-1.045331
2008-02-17,-1.059498
2008-02-18,-1.07267
2008-02-19,-1.084852
2008-02-20,-1.096049
2008-02-21,-1.106266
2008-02-22,-1.115508
2008-02-23,-1.123777
2008-02-24,-1.131078
2008-02-25,-1.138482
2008-02-26,-1.145992
2008-02-27,-1.153612
2008-02-28,-1.161343
2008-02-29,-1.16919
2008-03-01,-1.177157
2008-03-02,-1.185125
2008-03-03,-1.192574
2008-03-04,-1.199508
2008-03-05,-1.205929
2008-03-06,-1.211841
2008-03-07,-1.217244
2008-03-08,-1.222143
2008-03-09,-1.226538
2008-03-10,-1.229623
2008-03-11,-1.231398
2008-03-12,-1.231864
2008-03-13,-1.231022
2008-03-14,-1.22887
2008-03-15,-1.225409
2008-03-16,-1.220637
2008-03-17,-1.215515
2008-03-18,-1.21004
2008-03-19,-1.20421
2008-03-20,-1.198023
2008-03-21,-1.191477
2008-03-22,-1.184568
2008-03-23,-1.177294
2008-03-24,-1.168747
2008-03-25,-1.158925
2008-03-26,-1.147824
2008-03-27,-1.135438
2008-03-28,-1.121762
2008-03-29,-1.106792
2008-03-30,-1.09052
2008-03-31,-1.075246
2008-04-01,-1.060962
2008-04-02,-1.04867
2008-04-03,-1.038363
2008-04-04,-1.030038
2008-04-05,-1.02369
2008-04-06,-1.019318
2008-04-07,-1.014973
2008-04-08,-1.010654
2008-04-09,-1.006358
2008-04-10,-1.002084
2008-04-11,-0.99783
2008-04-12,-0.993595
2008-04-13,-0.989376
2008-04-14,-0.986371
2008-04-15,-0.984579
2008-04-16,-0.983998
2008-04-17,-0.98463
2008-04-18,-0.986473
2008-04-19,-0.989529
2008-04-20,-0.993798
2008-04-21,-0.99764
2008-04-22,-1.001057
2008-04-23,-1.004048
2008-04-24,-1.006617
2008-04-25,-1.008763
2008-04-26,-1.010488
2008-04-27,-1.011792
2008-04-28,-1.013599
2008-04-29,-1.015908
2008-04-30,-1.018722
2008-05-01,-1.022042
2008-05-02,-1.025041
2008-05-03,-1.02772
2008-05-04,-1.030082
2008-05-05,-1.032308
2008-05-06,-1.034399
2008-05-07,-1.036357
2008-05-08,-1.038182
2008-05-09,-1.039875
2008-05-10,-1.041436
2008-05-11,-1.042866
2008-05-12,-1.043947
2008-05-13,-1.044678
2008-05-14,-1.04506
2008-05-15,-1.045094
2008-05-16,-1.044779
2008-05-17,-1.044115
2008-05-18,-1.043102
2008-05-19,-1.041693
2008-05-20,-1.039887
2008-05-21,-1.037683
2008-05-22,-1.03508
2008-05-23,-1.032078
2008-05-24,-1.028674
2008-05-25,-1.024868
2008-05-26,-1.021058
2008-05-27,-1.017242
2008-05-28,-1.013419
2008-05-29,-1.009587
2008-05-30,-1.005744
2008-05-31,-1.001888
2008-06-01,-0.998019
2008-06-02,-0.994138
2008-06-03,-0.990243
2008-06-04,-0.986333
2008-06-05,-0.982405
2008-06-06,-0.978459
2008-06-07,-0.974493
2008-06-08,-0.970504
2008-06-09,-0.967547
2008-06-10,-0.96562
2008-06-11,-0.964721
2008-06-12,-0.964851
2008-06-13,-0.966009
2008-06-14,-0.968197
2008-06-15,-0.971414
2008-06-16,-0.975355
2008-06-17,-0.980021
2008-06-18,-0.985414
2008-06-19,-0.991536
2008-06-20,-0.99839
2008-06-21,-1.005978
2008-06-22,-1.014304
2008-06-23,-1.023014
2008-06-24,-1.032113
2008-06-25,-1.041603
2008-06-26,-1.051489
2008-06-27,-1.061775
2008-06-28,-1.072466
2008-06-29,-1.083564
2008-06-30,-1.096512
2008-07-01,-1.111313
2008-07-02,-1.127348
2008-07-03,-1.144624
2008-07-04,-1.163147
2008-07-05,-1.182926
2008-07-06,-1.203968
2008-07-07,-1.224747
2008-07-08,-1.245272
2008-07-09,-1.265552
2008-07-10,-1.285594
2008-07-11,-1.305407
2008-07-12,-1.324999
2008-07-13,-1.344379
2008-07-14,-1.363419
2008-07-15,-1.382126
2008-07-16,-1.40051
2008-07-17,-1.418577
2008-07-18,-1.436335
2008-07-19,-1.453791
2008-07-20,-1.470952
2008-07-21,-1.487146
2008-07-22,-1.502379
2008-07-23,-1.516659
2008-07-24,-1.52999
2008-07-25,-1.542378
2008-07-26,-1.553828
2008-07-27,-1.564345
2008-07-28,-1.574717
2008-07-29,-1.584947
2008-07-30,-1.59504
2008-07-31,-1.605
2008-08-01,-1.614831
2008-08-02,-1.626326
2008-08-03,-1.639488
2008-08-04,-1.655758
2008-08-05,-1.675143
2008-08-06,-1.69765
2008-08-07,-1.72329
2008-08-08,-1.752072
2008-08-09,-1.784009
2008-08-10,-1.819114
2008-08-11,-1.856907
2008-08-12,-1.897406
2008-08-13,-1.940626
2008-08-14,-1.986586
2008-08-15,-2.035304
2008-08-16,-2.0868
2008-08-17,-2.141096
2008-08-18,-2.198129
2008-08-19,-2.25792
2008-08-20,-2.320496
2008-08-21,-2.385881
2008-08-22,-2.454104
2008-08-23,-2.525191
2008-08-24,-2.599174
2008-08-25,-2.675062
2008-08-26,-2.752888
2008-08-27,-2.832684
2008-08-28,-2.914482
2008-08-29,-2.998318
2008-08-30,-3.084224
2008-08-31,-3.172237
2008-09-01,-3.263422
2008-09-02,-3.347963
2008-09-03,-3.425895
2008-09-04,-3.49725
2008-09-05,-3.562057
2008-09-06,-3.620343
2008-09-07,-3.672133
2008-09-08,-3.717083
2008-09-09,-3.755214
2008-09-10,-3.786539
2008-09-11,-3.811074
2008-09-12,-3.828826
2008-09-13,-3.839804
2008-09-14,-3.844013
2008-09-15,-3.840279
2008-09-16,-3.828602
2008-09-17,-3.808975
2008-09-18,-3.781391
2008-09-19,-3.745839
2008-09-20,-3.702304
2008-09-21,-3.650767
2008-09-22,-3.592661
2008-09-23,-3.527961
2008-09-24,-3.456639
2008-09-25,-3.378668
2008-09-26,-3.294014
2008-09-27,-3.202642
2008-09-28,-3.104515
2008-09-29,-2.999563
2008-09-30,-2.887744
2008-10-01,-2.76901
2008-10-02,-2.656489
2008-10-03,-2.550134
2008-10-04,-2.449902
2008-10-05,-2.35575
2008-10-06,-2.268469
2008-10-07,-2.188022
2008-10-08,-2.114376
2008-10-09,-2.047501
2008-10-10,-1.987369
2008-10-11,-1.933955
2008-10-12,-1.887238
2008-10-13,-1.845475
2008-10-14,-1.808649
2008-10-15,-1.776746
2008-10-16,-1.749752
2008-10-17,-1.727656
2008-10-18,-1.710448
2008-10-19,-1.698122
2008-10-20,-1.69132
2008-10-21,-1.690037
2008-10-22,-1.694274
2008-10-23,-1.704033
2008-10-24,-1.719318
2008-10-25,-1.740134
2008-10-26,-1.766491
2008-10-27,-1.798058
2008-10-28,-1.834847
2008-10-29,-1.876875
2008-10-30,-1.924158
2008-10-31,-1.976716
2008-11-01,-2.034571
2008-11-02,-2.091316
2008-11-03,-2.146466
2008-11-04,-2.200043
2008-11-05,-2.252069
2008-11-06,-2.302565
2008-11-07,-2.351554
2008-11-08,-2.399053
2008-11-09,-2.445085
2008-11-10,-2.489588
2008-11-11,-2.532582
2008-11-12,-2.574084
2008-11-13,-2.614112
2008-11-14,-2.652681
2008-11-15,-2.689809
2008-11-16,-2.72551
2008-11-17,-2.76106
2008-11-18,-2.796473
2008-11-19,-2.831764
2008-11-20,-2.866948
2008-11-21,-2.90204
2008-11-22,-2.937052
2008-11-23,-2.972002
2008-11-24,-3.006888
2008-11-25,-3.041725
2008-11-26,-3.076528
2008-11-27,-3.111312
2008-11-28,-3.14609
2008-11-29,-3.180877
2008-11-30,-3.215687
2008-12-01,-3.248586
2008-12-02,-3.278922
2008-12-03,-3.306709
2008-12-04,-3.331957
2008-12-05,-3.354678
2008-12-06,-3.37488
2008-12-07,-3.392571
2008-12-08,-3.409753
2008-12-09,-3.426431
2008-12-10,-3.442613
2008-12-11,-3.458306
2008-12-12,-3.473516
2008-12-13,-3.48825
2008-12-14,-3.502513
2008-12-15,-3.515202
2008-12-16,-3.526323
2008-12-17,-3.535881
2008-12-18,-3.543878
2008-12-19,-3.55032
2008-12-20,-3.555207
2008-12-21,-3.558543
2008-12-22,-3.563681
2008-12-23,-3.570623
2008-12-24,-3.579372
2008-12-25,-3.589932
2008-12-26,-3.602308
2008-12-27,-3.616503
2008-12-28,-3.632525
2008-12-29,-3.64937
2008-12-30,-3.667047
2008-12-31,-3.685563
2009-01-01,-3.704925
2009-01-02,-3.724257
2009-01-03,-3.743568
2009-01-04,-3.762865
2009-01-05,-3.778697
2009-01-06,-3.791069
2009-01-07,-3.799986
2009-01-08,-3.805453
2009-01-09,-3.807472
2009-01-10,-3.806043
2009-01-11,-3.801166
2009-01-12,-3.793143
2009-01-13,-3.781971
2009-01-14,-3.767645
2009-01-15,-3.750158
2009-01-16,-3.729505
2009-01-17,-3.705675
2009-01-18,-3.67866
2009-01-19,-3.650408
2009-01-20,-3.620907
2009-01-21,-3.590144
2009-01-22,-3.558108
2009-01-23,-3.524784
2009-01-24,-3.490159
2009-01-25,-3.454219
2009-01-26,-3.414768
2009-01-27,-3.37179
2009-01-28,-3.325267
2009-01-29,-3.27518
2009-01-30,-3.221507
2009-01-31,-3.164228
2009-02-01,-3.103317
2009-02-02,-3.045313
2009-02-03,-2.990192
2009-02-04,-2.937931
2009-02-05,-2.888507
2009-02-06,-2.841901
2009-02-07,-2.798094
2009-02-08,-2.757067
2009-02-09,-2.719348
2009-02-10,-2.68492
2009-02-11,-2.653771
2009-02-12,-2.625887
2009-02-13,-2.601256
2009-02-14,-2.579868
2009-02-15,-2.561714
2009-02-16,-2.54552
2009-02-17,-2.531278
2009-02-18,-2.518983
2009-02-19,-2.50863
2009-02-20,-2.500213
2009-02-21,-2.49373
2009-02-22,-2.489179
2009-02-23,-2.487697
2009-02-24,-2.489285
2009-02-25,-2.493942
2009-02-26,-2.501672
2009-02-27,-2.512477
2009-02-28,-2.526361
2009-03-01,-2.543331
2009-03-02,-2.558606
2009-03-03,-2.572194
2009-03-04,-2.584101
2009-03-05,-2.59433
2009-03-06,-2.602886
2009-03-07,-2.609774
2009-03-08,-2.614994
2009-03-09,-2.619311
2009-03-10,-2.622725
2009-03-11,-2.625237
2009-03-12,-2.62685
2009-03-13,-2.627563
2009-03-14,-2.627376
2009-03-15,-2.626291
2009-03-16,-2.62346
2009-03-17,-2.618883
2009-03-18,-2.612557
2009-03-19,-2.604481
2009-03-20,-2.59465
2009-03-21,-2.583061
2009-03-22,-2.569709
2009-03-23,-2.554837
2009-03-24,-2.538439
2009-03-25,-2.520508
2009-03-26,-2.501037
2009-03-27,-2.480017
2009-03-28,-2.45744
2009-03-29,-2.433297
2009-03-30,-2.408275
2009-03-31,-2.382362
2009-04-01,-2.355549
2009-04-02,-2.329047
2009-04-03,-2.302845
2009-04-04,-2.276933
2009-04-05,-2.251299
2009-04-06,-2.227816
2009-04-07,-2.206473
2009-04-08,-2.187262
2009-04-09,-2.170174
2009-04-10,-2.155203
2009-04-11,-2.142342
2009-04-12,-2.131586
2009-04-13,-2.118754
2009-04-14,-2.103841
2009-04-15,-2.08684
2009-04-16,-2.067744
2009-04-17,-2.046546
2009-04-18,-2.023236
2009-04-19,-1.997805
2009-04-20,-1.972832
2009-04-21,-1.948309
2009-04-22,-1.924223
2009-04-23,-1.900566
2009-04-24,-1.877327
2009-04-25,-1.854496
2009-04-26,-1.832066
2009-04-27,-1.809984
2009-04-28,-1.788241
2009-04-29,-1.766829
2009-04-30,-1.745738
2009-05-01,-1.72496
2009-05-02,-1.705748
2009-05-03,-1.688095
2009-05-04,-1.670156
2009-05-05,-1.651924
2009-05-06,-1.63339
2009-05-07,-1.614547
2009-05-08,-1.595388
2009-05-09,-1.575905
2009-05-10,-1.556089
2009-05-11,-1.537151
2009-05-12,-1.519084
2009-05-13,-1.501879
2009-05-14,-1.48553
2009-05-15,-1.470031
2009-05-16,-1.455374
2009-05-17,-1.441553
2009-05-18,-1.428963
2009-05-19,-1.417598
2009-05-20,-1.407454
2009-05-21,-1.398525
2009-05-22,-1.39081
2009-05-23,-1.384303
2009-05-24,-1.379004
2009-05-25,-1.374245
2009-05-26,-1.370025
2009-05-27,-1.366343
2009-05-28,-1.363197
2009-05-29,-1.360585
2009-05-30,-1.358506
2009-05-31,-1.35696
2009-06-01,-1.356482
2009-06-02,-1.354651
2009-06-03,-1.351467
2009-06-04,-1.346929
2009-06-05,-1.341033
2009-06-06,-1.333779
2009-06-07,-1.325163
2009-06-08,-1.314737
2009-06-09,-1.302496
2009-06-10,-1.288437
2009-06-11,-1.272552
2009-06-12,-1.254835
2009-06-13,-1.235279
2009-06-14,-1.213877
2009-06-15,-1.189973
2009-06-16,-1.163558
2009-06-17,-1.134622
2009-06-18,-1.103152
2009-06-19,-1.069135
2009-06-20,-1.032557
2009-06-21,-0.993404
2009-06-22,-0.952828
2009-06-23,-0.910813
2009-06-24,-0.867342
2009-06-25,-0.822397
2009-06-26,-0.775958
2009-06-27,-0.728008
2009-06-28,-0.678525
2009-06-29,-0.627783
2009-06-30,-0.575759
2009-07-01,-0.522433
2009-07-02,-0.471674
2009-07-03,-0.423461
2009-07-04,-0.377773
2009-07-05,-0.334592
2009-07-06,-0.29416
2009-07-07,-0.25646
2009-07-08,-0.221476
2009-07-09,-0.189194
2009-07-10,-0.159601
2009-07-11,-0.132683
2009-07-12,-0.108431
2009-07-13,-0.085001
2009-07-14,-0.062383
2009-07-15,-0.040568
2009-07-16,-0.019547
2009-07-17,0.00069
2009-07-18,0.020149
2009-07-19,0.038839
2009-07-20,0.057383
2009-07-21,0.075787
2009-07-22,0.09406
2009-07-23,0.112209
2009-07-24,0.130242
2009-07-25,0.148165
2009-07-26,0.165986
2009-07-27,0.181104
2009-07-28,0.193523
2009-07-29,0.203249
2009-07-30,0.210285
2009-07-31,0.214636
2009-08-01,0.216302
2009-08-02,0.216233
2009-08-03,0.215834
2009-08-04,0.215104
2009-08-05,0.214043
2009-08-06,0.21265
2009-08-07,0.210925
2009-08-08,0.208868
2009-08-09,0.206477
2009-08-10,0.204065
2009-08-11,0.201629
2009-08-12,0.199171
2009-08-13,0.196687
2009-08-14,0.194178
2009-08-15,0.191642
2009-08-16,0.189079
2009-08-17,0.186087
2009-08-18,0.182667
2009-08-19,0.178816
2009-08-20,0.174532
2009-08-21,0.169815
2009-08-22,0.164662
2009-08-23,0.159071
2009-08-24,0.153302
2009-08-25,0.147355
2009-08-26,0.141225
2009-08-27,0.134911
2009-08-28,0.128411
2009-08-29,0.12172
2009-08-30,0.114837
2009-08-31,0.107309
2009-09-01,0.099131
2009-09-02,0.091193
2009-09-03,0.083491
2009-09-04,0.076022
2009-09-05,0.068783
2009-09-06,0.061771
2009-09-07,0.054521
2009-09-08,0.04703
2009-09-09,0.039295
2009-09-10,0.031314
2009-09-11,0.023082
2009-09-12,0.014597
2009-09-13,0.005854
2009-09-14,-0.002723
2009-09-15,-0.01114
2009-09-16,-0.019399
2009-09-17,-0.027503
2009-09-18,-0.035456
2009-09-19,-0.043262
2009-09-20,-0.050923
2009-09-21,-0.057376
2009-09-22,-0.062623
2009-09-23,-0.066667
2009-09-24,-0.069509
2009-09-25,-0.071151
2009-09-26,-0.071593
2009-09-27,-0.070835
2009-09-28,-0.070611
2009-09-29,-0.070921
2009-09-30,-0.071764
2009-10-01,-0.073141
2009-10-02,-0.0747
2009-10-03,-0.076439
2009-10-04,-0.078361
2009-10-05,-0.080534
2009-10-06,-0.082961
2009-10-07,-0.085642
2009-10-08,-0.088577
2009-10-09,-0.091769
2009-10-10,-0.095219
2009-10-11,-0.098927
2009-10-12,-0.101034
2009-10-13,-0.101541
2009-10-14,-0.100447
2009-10-15,-0.097752
2009-10-16,-0.093455
2009-10-17,-0.087555
2009-10-18,-0.080048
2009-10-19,-0.071849
2009-10-20,-0.062955
2009-10-21,-0.05336
2009-10-22,-0.043063
2009-10-23,-0.032058
2009-10-24,-0.02034
2009-10-25,-0.007906
2009-10-26,0.004945
2009-10-27,0.018216
2009-10-28,0.031915
2009-10-29,0.046046
2009-10-30,0.060615
2009-10-31,0.075628
2009-11-01,0.091092
2009-11-02,0.105463
2009-11-03,0.118749
2009-11-04,0.130955
2009-11-05,0.142085
2009-11-06,0.152144
2009-11-07,0.161136
2009-11-08,0.169066
2009-11-09,0.176156
2009-11-10,0.182409
2009-11-11,0.187829
2009-11-12,0.192416
2009-11-13,0.196174
2009-11-14,0.199103
2009-11-15,0.201206
2009-11-16,0.201578
2009-11-17,0.200222
2009-11-18,0.197136
2009-11-19,0.192318
2009-11-20,0.185768
2009-11-21,0.177481
2009-11-22,0.167456
2009-11-23,0.156461
2009-11-24,0.144494
2009-11-25,0.131548
2009-11-26,0.117618
2009-11-27,0.102699
2009-11-28,0.086785
2009-11-29,0.069868
2009-11-30,0.053226
2009-12-01,0.036853
2009-12-02,0.022409
2009-12-03,0.009891
2009-12-04,-0.000708
2009-12-05,-0.009392
2009-12-06,-0.016164
2009-12-07,-0.021954
2009-12-08,-0.026763
2009-12-09,-0.030593
2009-12-10,-0.033446
2009-12-11,-0.035323
2009-12-12,-0.036226
2009-12-13,-0.036153
2009-12-14,-0.036004
2009-12-15,-0.035779
2009-12-16,-0.035477
2009-12-17,-0.035098
2009-12-18,-0.034642
2009-12-19,-0.034109
2009-12-20,-0.033499
2009-12-21,-0.032472
2009-12-22,-0.031027
2009-12-23,-0.029163
2009-12-24,-0.026881
2009-12-25,-0.024179
2009-12-26,-0.021056
2009-12-27,-0.01751
2009-12-28,-0.013595
2009-12-29,-0.009308
2009-12-30,-0.004649
2009-12-31,0.000386
2010-01-01,0.005797
2010-01-02,0.009893
2010-01-03,0.012675
2010-01-04,0.015257
2010-01-05,0.01764
2010-01-06,0.019825
2010-01-07,0.021813
2010-01-08,0.023604
2010-01-09,0.025201
2010-01-10,0.026602
2010-01-11,0.028948
2010-01-12,0.032241
2010-01-13,0.036481
2010-01-14,0.041671
2010-01-15,0.047811
2010-01-16,0.054906
2010-01-17,0.062958
2010-01-18,0.068689
2010-01-19,0.072103
2010-01-20,0.0732
2010-01-21,0.071981
2010-01-22,0.068446
2010-01-23,0.062593
2010-01-24,0.05442
2010-01-25,0.046621
2010-01-26,0.039193
2010-01-27,0.032132
2010-01-28,0.025437
2010-01-29,0.019104
2010-01-30,0.01313
2010-01-31,0.007513
2010-02-01,-0.000198
2010-02-02,-0.007934
2010-02-03,-0.015699
2010-02-04,-0.023495
2010-02-05,-0.031326
2010-02-06,-0.039194
2010-02-07,-0.047104
2010-02-08,-0.052714
2010-02-09,-0.056025
2010-02-10,-0.05704
2010-02-11,-0.055758
2010-02-12,-0.05218
2010-02-13,-0.046304
2010-02-14,-0.038127
2010-02-15,-0.028154
2010-02-16,-0.016381
2010-02-17,-0.002804
2010-02-18,0.012583
2010-02-19,0.029788
2010-02-20,0.048815
2010-02-21,0.069675
2010-02-22,0.091368
2010-02-23,0.113904
2010-02-24,0.137293
2010-02-25,0.161543
2010-02-26,0.186665
2010-02-27,0.21267
2010-02-28,0.239568
2010-03-01,0.267196
2010-03-02,0.293262
2010-03-03,0.317777
2010-03-04,0.34075
2010-03-05,0.362192
2010-03-06,0.382111
2010-03-07,0.400515
2010-03-08,0.418398
2010-03-09,0.435767
2010-03-10,0.45263
2010-03-11,0.468994
2010-03-12,0.484865
2010-03-13,0.50025
2010-03-14,0.515156
2010-03-15,0.529066
2010-03-16,0.541987
2010-03-17,0.553924
2010-03-18,0.564881
2010-03-19,0.574864
2010-03-20,0.583877
2010-03-21,0.591923
2010-03-22,0.59869
2010-03-23,0.604182
2010-03-24,0.6084
2010-03-25,0.611346
2010-03-26,0.613022
2010-03-27,0.613429
2010-03-28,0.612565
2010-03-29,0.611901
2010-03-30,0.611436
2010-03-31,0.61117
2010-04-01,0.611103
2010-04-02,0.612509
2010-04-03,0.61539
2010-04-04,0.619746
2010-04-05,0.624706
2010-04-06,0.63027
2010-04-07,0.636442
2010-04-08,0.643225
2010-04-09,0.65062
2010-04-10,0.658631
2010-04-11,0.667261
2010-04-12,0.676072
2010-04-13,0.685065
2010-04-14,0.694246
2010-04-15,0.703618
2010-04-16,0.713184
2010-04-17,0.72295
2010-04-18,0.732918
2010-04-19,0.74264
2010-04-20,0.75212
2010-04-21,0.761362
2010-04-22,0.770371
2010-04-23,0.779148
2010-04-24,0.787699
2010-04-25,0.796027
2010-04-26,0.805109
2010-04-27,0.814949
2010-04-28,0.825551
2010-04-29,0.83692
2010-04-30,0.849059
2010-05-01,0.861975
2010-05-02,0.873056
2010-05-03,0.882227
2010-05-04,0.88949
2010-05-05,0.89485
2010-05-06,0.898308
2010-05-07,0.899866
2010-05-08,0.899524
2010-05-09,0.897282
2010-05-10,0.894172
2010-05-11,0.890193
2010-05-12,0.885342
2010-05-13,0.879619
2010-05-14,0.87302
2010-05-15,0.865543
2010-05-16,0.857185
2010-05-17,0.846431
2010-05-18,0.833278
2010-05-19,0.81772
2010-05-20,0.79975
2010-05-21,0.779362
2010-05-22,0.756546
2010-05-23,0.731293
2010-05-24,0.703831
2010-05-25,0.674149
2010-05-26,0.642235
2010-05-27,0.608075
2010-05-28,0.571656
2010-05-29,0.532961
2010-05-30,0.491976
2010-05-31,0.448917
2010-06-01,0.403767
2010-06-02,0.36077
2010-06-03,0.319907
2010-06-04,0.281163
2010-06-05,0.24452
2010-06-06,0.209965
2010-06-07,0.177772
2010-06-08,0.147927
2010-06-09,0.120418
2010-06-10,0.095234
2010-06-11,0.072365
2010-06-12,0.051801
2010-06-13,0.033533
2010-06-14,0.016515
2010-06-15,0.000739
2010-06-16,-0.013801
2010-06-17,-0.027112
2010-06-18,-0.039198
2010-06-19,-0.050066
2010-06-20,-0.059718
2010-06-21,-0.06697
2010-06-22,-0.071823
2010-06-23,-0.07428
2010-06-24,-0.074341
2010-06-25,-0.072008
2010-06-26,-0.067279
2010-06-27,-0.060151
2010-06-28,-0.051594
2010-06-29,-0.041602
2010-06-30,-0.030174
2010-07-01,-0.017302
2010-07-02,-0.005614
2010-07-03,0.004896
2010-07-04,0.014232
2010-07-05,0.022169
2010-07-06,0.028711
2010-07-07,0.033859
2010-07-08,0.037617
2010-07-09,0.039986
2010-07-10,0.040967
2010-07-11,0.040559
2010-07-12,0.040456
2010-07-13,0.040657
2010-07-14,0.041162
2010-07-15,0.041972
2010-07-16,0.043087
2010-07-17,0.044507
2010-07-18,0.046233
2010-07-19,0.047392
2010-07-20,0.047985
2010-07-21,0.048013
2010-07-22,0.047475
2010-07-23,0.04637
2010-07-24,0.0447
2010-07-25,0.042462
2010-07-26,0.040017
2010-07-27,0.037364
2010-07-28,0.034503
2010-07-29,0.031431
2010-07-30,0.028148
2010-07-31,0.024652
2010-08-01,0.020942
2010-08-02,0.017539
2010-08-03,0.014441
2010-08-04,0.011646
2010-08-05,0.009155
2010-08-06,0.006965
2010-08-07,0.005076
2010-08-08,0.003486
2010-08-09,0.002023
2010-08-10,0.000685
2010-08-11,-0.000529
2010-08-12,-0.001618
2010-08-13,-0.002584
2010-08-14,-0.003426
2010-08-15,-0.004146
2010-08-16,-0.005864
2010-08-17,-0.008582
2010-08-18,-0.0123
2010-08-19,-0.017021
2010-08-20,-0.022746
2010-08-21,-0.029478
2010-08-22,-0.037219
2010-08-23,-0.044878
2010-08-24,-0.052458
2010-08-25,-0.059963
2010-08-26,-0.067395
2010-08-27,-0.074758
2010-08-28,-0.082055
2010-08-29,-0.089288
2010-08-30,-0.097273
2010-08-31,-0.106012
2010-09-01,-0.115509
2010-09-02,-0.125052
2010-09-03,-0.134642
2010-09-04,-0.144286
2010-09-05,-0.153985
2010-09-06,-0.163455
2010-09-07,-0.172697
2010-09-08,-0.181717
2010-09-09,-0.190518
2010-09-10,-0.199104
2010-09-11,-0.207477
2010-09-12,-0.215642
2010-09-13,-0.222583
2010-09-14,-0.228302
2010-09-15,-0.232803
2010-09-16,-0.236085
2010-09-17,-0.238152
2010-09-18,-0.239004
2010-09-19,-0.238642
2010-09-20,-0.237722
2010-09-21,-0.236245
2010-09-22,-0.23421
2010-09-23,-0.231617
2010-09-24,-0.228464
2010-09-25,-0.22475
2010-09-26,-0.220473
2010-09-27,-0.216213
2010-09-28,-0.211969
2010-09-29,-0.207737
2010-09-30,-0.203518
2010-10-01,-0.199308
2010-10-02,-0.195809
2010-10-03,-0.193017
2010-10-04,-0.189775
2010-10-05,-0.186082
2010-10-06,-0.181937
2010-10-07,-0.177336
2010-10-08,-0.17228
2010-10-09,-0.166764
2010-10-10,-0.160788
2010-10-11,-0.155589
2010-10-12,-0.151165
2010-10-13,-0.147515
2010-10-14,-0.144635
2010-10-15,-0.142527
2010-10-16,-0.141188
2010-10-17,-0.140618
2010-10-18,-0.140698
2010-10-19,-0.141427
2010-10-20,-0.142807
2010-10-21,-0.144837
2010-10-22,-0.147518
2010-10-23,-0.150853
2010-10-24,-0.154841
2010-10-25,-0.158017
2010-10-26,-0.160382
2010-10-27,-0.161936
2010-10-28,-0.162682
2010-10-29,-0.162618
2010-10-30,-0.161746
2010-10-31,-0.160064
2010-11-01,-0.159346
2010-11-02,-0.158526
2010-11-03,-0.157605
2010-11-04,-0.156582
2010-11-05,-0.155456
2010-11-06,-0.154228
2010-11-07,-0.152896
2010-11-08,-0.150715
2010-11-09,-0.147684
2010-11-10,-0.143803
2010-11-11,-0.139068
2010-11-12,-0.133479
2010-11-13,-0.127033
2010-11-14,-0.119728
2010-11-15,-0.112591
2010-11-16,-0.105618
2010-11-17,-0.098809
2010-11-18,-0.092159
2010-11-19,-0.085666
2010-11-20,-0.079326
2010-11-21,-0.073139
2010-11-22,-0.064874
2010-11-23,-0.054529
2010-11-24,-0.042098
2010-11-25,-0.027578
2010-11-26,-0.010962
2010-11-27,0.007758
2010-11-28,0.028587
2010-11-29,0.050275
2010-11-30,0.07283
2010-12-01,0.096261
2010-12-02,0.118423
2010-12-03,0.139326
2010-12-04,0.158978
2010-12-05,0.177387
2010-12-06,0.194615
2010-12-07,0.210671
2010-12-08,0.225559
2010-12-09,0.239287
2010-12-10,0.25186
2010-12-11,0.263284
2010-12-12,0.273562
2010-12-13,0.282794
2010-12-14,0.290984
2010-12-15,0.298136
2010-12-16,0.304251
2010-12-17,0.309333
2010-12-18,0.313383
2010-12-19,0.316404
2010-12-20,0.317543
2010-12-21,0.316801
2010-12-22,0.314178
2010-12-23,0.309673
2010-12-24,0.303283
2010-12-25,0.295006
2010-12-26,0.284838
2010-12-27,0.274051
2010-12-28,0.262639
2010-12-29,0.250598
2010-12-30,0.237923
2010-12-31,0.224608
2011-01-01,0.210649
2011-01-02,0.196583
2011-01-03,0.182945
2011-01-04,0.169728
2011-01-05,0.156926
2011-01-06,0.144536
2011-01-07,0.13255
2011-01-08,0.120966
2011-01-09,0.109777
2011-01-10,0.097464
2011-01-11,0.084023
2011-01-12,0.069447
2011-01-13,0.053731
2011-01-14,0.036868
2011-01-15,0.018851
2011-01-16,-0.000327
2011-01-17,-0.018995
2011-01-18,-0.037159
2011-01-19,-0.054828
2011-01-20,-0.072009
2011-01-21,-0.088709
2011-01-22,-0.104934
2011-01-23,-0.120692
2011-01-24,-0.138268
2011-01-25,-0.157668
2011-01-26,-0.178901
2011-01-27,-0.201976
2011-01-28,-0.226902
2011-01-29,-0.253689
2011-01-30,-0.282349
2011-01-31,-0.312583
2011-02-01,-0.344403
2011-02-02,-0.374276
2011-02-03,-0.402215
2011-02-04,-0.42823
2011-02-05,-0.452334
2011-02-06,-0.474535
2011-02-07,-0.493036
2011-02-08,-0.507845
2011-02-09,-0.518967
2011-02-10,-0.526407
2011-02-11,-0.530169
2011-02-12,-0.530253
2011-02-13,-0.52666
2011-02-14,-0.52179
2011-02-15,-0.515639
2011-02-16,-0.508205
2011-02-17,-0.499486
2011-02-18,-0.489478
2011-02-19,-0.478176
2011-02-20,-0.465577
2011-02-21,-0.450708
2011-02-22,-0.433565
2011-02-23,-0.41414
2011-02-24,-0.392425
2011-02-25,-0.368411
2011-02-26,-0.342088
2011-02-27,-0.313445
2011-02-28,-0.280751
2011-03-01,-0.243992
2011-03-02,-0.208075
2011-03-03,-0.172983
2011-03-04,-0.138704
2011-03-05,-0.105221
2011-03-06,-0.072523
2011-03-07,-0.042292
2011-03-08,-0.014516
2011-03-09,0.010817
2011-03-10,0.033717
2011-03-11,0.054194
2011-03-12,0.072255
2011-03-13,0.087909
2011-03-14,0.101748
2011-03-15,0.113777
2011-03-16,0.124001
2011-03-17,0.132426
2011-03-18,0.139053
2011-03-19,0.143887
2011-03-20,0.146928
2011-03-21,0.147689
2011-03-22,0.146171
2011-03-23,0.142373
2011-03-24,0.136293
2011-03-25,0.127928
2011-03-26,0.117276
2011-03-27,0.104332
2011-03-28,0.089251
2011-03-29,0.072028
2011-03-30,0.052655
2011-03-31,0.031125
2011-04-01,0.007428
2011-04-02,-0.016309
2011-04-03,-0.040096
2011-04-04,-0.06284
2011-04-05,-0.084551
2011-04-06,-0.105239
2011-04-07,-0.124911
2011-04-08,-0.143575
2011-04-09,-0.16124
2011-04-10,-0.177912
2011-04-11,-0.195163
2011-04-12,-0.213
2011-04-13,-0.23143
2011-04-14,-0.25046
2011-04-15,-0.270099
2011-04-16,-0.290355
2011-04-17,-0.311236
2011-04-18,-0.331253
2011-04-19,-0.350414
2011-04-20,-0.368727
2011-04-21,-0.3862
2011-04-22,-0.40284
2011-04-23,-0.418654
2011-04-24,-0.433648
2011-04-25,-0.44665
2011-04-26,-0.457664
2011-04-27,-0.466696
2011-04-28,-0.473748
2011-04-29,-0.478825
2011-04-30,-0.481927
2011-05-01,-0.483057
2011-05-02,-0.484101
2011-05-03,-0.485061
2011-05-04,-0.485937
2011-05-05,-0.486729
2011-05-06,-0.487438
2011-05-07,-0.488063
2011-05-08,-0.488605
2011-05-09,-0.488561
2011-05-10,-0.487931
2011-05-11,-0.486715
2011-05-12,-0.484911
2011-05-13,-0.48252
2011-05-14,-0.47954
2011-05-15,-0.47597
2011-05-16,-0.47048
2011-05-17,-0.463067
2011-05-18,-0.453728
2011-05-19,-0.442459
2011-05-20,-0.429256
2011-05-21,-0.414114
2011-05-22,-0.397025
2011-05-23,-0.37859
2011-05-24,-0.3588
2011-05-25,-0.337649
2011-05-26,-0.315126
2011-05-27,-0.291223
2011-05-28,-0.26593
2011-05-29,-0.239236
2011-05-30,-0.210666
2011-05-31,-0.180208
2011-06-01,-0.14785
2011-06-02,-0.116642
2011-06-03,-0.086573
2011-06-04,-0.057628
2011-06-05,-0.029798
2011-06-06,-0.003717
2011-06-07,0.020625
2011-06-08,0.043238
2011-06-09,0.064131
2011-06-10,0.083314
2011-06-11,0.100793
2011-06-12,0.116576
2011-06-13,0.131256
2011-06-14,0.144839
2011-06-15,0.15733
2011-06-16,0.168735
2011-06-17,0.179057
2011-06-18,0.188303
2011-06-19,0.196474
2011-06-20,0.203675
2011-06-21,0.209907
2011-06-22,0.215175
2011-06-23,0.219479
2011-06-24,0.222822
2011-06-25,0.225205
2011-06-26,0.226629
2011-06-27,0.226742
2011-06-28,0.225543
2011-06-29,0.223031
2011-06-30,0.219207
2011-07-01,0.214068
2011-07-02,0.20926
2011-07-03,0.20478
2011-07-04,0.200306
2011-07-05,0.195835
2011-07-06,0.191367
2011-07-07,0.186899
2011-07-08,0.182429
2011-07-09,0.177955
2011-07-10,0.173476
2011-07-11,0.169964
2011-07-12,0.167419
2011-07-13,0.16584
2011-07-14,0.165225
2011-07-15,0.165574
2011-07-16,0.166887
2011-07-17,0.169166
2011-07-18,0.171481
2011-07-19,0.173833
2011-07-20,0.176224
2011-07-21,0.178654
2011-07-22,0.181124
2011-07-23,0.183636
2011-07-24,0.18619
2011-07-25,0.188959
2011-07-26,0.191946
2011-07-27,0.19515
2011-07-28,0.198573
2011-07-29,0.202217
2011-07-30,0.206083
2011-07-31,0.210173
2011-08-01,0.214664
2011-08-02,0.218035
2011-08-03,0.220285
2011-08-04,0.221415
2011-08-05,0.221427
2011-08-06,0.220319
2011-08-07,0.218092
2011-08-08,0.214967
2011-08-09,0.210943
2011-08-10,0.206017
2011-08-11,0.200188
2011-08-12,0.193453
2011-08-13,0.185809
2011-08-14,0.177255
2011-08-15,0.167872
2011-08-16,0.157659
2011-08-17,0.146609
2011-08-18,0.13472
2011-08-19,0.121985
2011-08-20,0.1084
2011-08-21,0.09396
2011-08-22,0.078113
2011-08-23,0.060853
2011-08-24,0.042173
2011-08-25,0.022066
2011-08-26,0.000523
2011-08-27,-0.022465
2011-08-28,-0.046907
2011-08-29,-0.072344
2011-08-30,-0.098786
2011-08-31,-0.126245
2011-09-01,-0.154732
2011-09-02,-0.180862
2011-09-03,-0.204646
2011-09-04,-0.226094
2011-09-05,-0.244776
2011-09-06,-0.260699
2011-09-07,-0.273871
2011-09-08,-0.284296
2011-09-09,-0.291979
2011-09-10,-0.296923
2011-09-11,-0.29913
2011-09-12,-0.299575
2011-09-13,-0.29826
2011-09-14,-0.295183
2011-09-15,-0.290343
2011-09-16,-0.283739
2011-09-17,-0.275367
2011-09-18,-0.265223
2011-09-19,-0.253709
2011-09-20,-0.240819
2011-09-21,-0.226549
2011-09-22,-0.210892
2011-09-23,-0.193841
2011-09-24,-0.17539
2011-09-25,-0.155531
2011-09-26,-0.133584
2011-09-27,-0.109539
2011-09-28,-0.083386
2011-09-29,-0.055115
2011-09-30,-0.024714
2011-10-01,0.007831
2011-10-02,0.038469
2011-10-03,0.067504
2011-10-04,0.094949
2011-10-05,0.120813
2011-10-06,0.145109
2011-10-07,0.167846
2011-10-08,0.189034
2011-10-09,0.208681
2011-10-10,0.225916
2011-10-11,0.240747
2011-10-12,0.25318
2011-10-13,0.26322
2011-10-14,0.270871
2011-10-15,0.276136
2011-10-16,0.279018
2011-10-17,0.280537
2011-10-18,0.280696
2011-10-19,0.279493
2011-10-20,0.276927
2011-10-21,0.272999
2011-10-22,0.267707
2011-10-23,0.261048
2011-10-24,0.252483
2011-10-25,0.242009
2011-10-26,0.229621
2011-10-27,0.215315
2011-10-28,0.199084
2011-10-29,0.180923
2011-10-30,0.160822
2011-10-31,0.138621
2011-11-01,0.11431
2011-11-02,0.091547
2011-11-03,0.070322
2011-11-04,0.050627
2011-11-05,0.032454
2011-11-06,0.015795
2011-11-07,0.000533
2011-11-08,-0.013338
2011-11-09,-0.025825
2011-11-10,-0.036932
2011-11-11,-0.046663
2011-11-12,-0.055024
2011-11-13,-0.062017
2011-11-14,-0.067166
2011-11-15,-0.070472
2011-11-16,-0.071938
2011-11-17,-0.071564
2011-11-18,-0.069349
2011-11-19,-0.065293
2011-11-20,-0.059395
2011-11-21,-0.051194
2011-11-22,-0.040688
2011-11-23,-0.027873
2011-11-24,-0.012743
2011-11-25,0.004708
2011-11-26,0.024487
2011-11-27,0.046603
2011-11-28,0.070105
2011-11-29,0.095003
2011-11-30,0.121307
2011-12-01,0.149028
2011-12-02,0.175651
2011-12-03,0.201187
2011-12-04,0.225648
2011-12-05,0.248645
2011-12-06,0.270188
2011-12-07,0.290286
2011-12-08,0.308949
2011-12-09,0.326182
2011-12-10,0.341994
2011-12-11,0.35639
2011-12-12,0.370222
2011-12-13,0.383496
2011-12-14,0.396217
2011-12-15,0.40839
2011-12-16,0.420021
2011-12-17,0.431113
2011-12-18,0.441672
2011-12-19,0.45252
2011-12-20,0.463661
2011-12-21,0.4751
2011-12-22,0.486841
2011-12-23,0.498889
2011-12-24,0.51125
2011-12-25,0.523928
2011-12-26,0.535699
2011-12-27,0.546567
2011-12-28,0.556538
2011-12-29,0.565615
2011-12-30,0.573802
2011-12-31,0.581102
2012-01-01,0.587519
2012-01-02,0.594014
2012-01-03,0.60059
2012-01-04,0.607251
2012-01-05,0.613998
2012-01-06,0.620834
2012-01-07,0.627763
2012-01-08,0.634787
2012-01-09,0.640177
2012-01-10,0.643935
2012-01-11,0.646063
2012-01-12,0.646561
2012-01-13,0.64543
2012-01-14,0.64267
2012-01-15,0.638278
2012-01-16,0.633934
2012-01-17,0.629634
2012-01-18,0.625378
2012-01-19,0.621163
2012-01-20,0.616988
2012-01-21,0.612851
2012-01-22,0.60875
2012-01-23,0.603662
2012-01-24,0.597583
2012-01-25,0.590513
2012-01-26,0.582447
2012-01-27,0.573383
2012-01-28,0.563316
2012-01-29,0.552243
2012-01-30,0.540365
2012-01-31,0.527678
2012-02-01,0.514177
2012-02-02,0.500197
2012-02-03,0.485734
2012-02-04,0.470781
2012-02-05,0.455332
2012-02-06,0.43923
2012-02-07,0.422467
2012-02-08,0.405038
2012-02-09,0.386934
2012-02-10,0.368149
2012-02-11,0.348674
2012-02-12,0.328502
2012-02-13,0.307825
2012-02-14,0.286636
2012-02-15,0.264925
2012-02-16,0.242684
2012-02-17,0.219903
2012-02-18,0.196573
2012-02-19,0.172684
2012-02-20,0.148566
2012-02-21,0.124209
2012-02-22,0.099602
2012-02-23,0.074736
2012-02-24,0.049599
2012-02-25,0.024182
2012-02-26,-0.001525
2012-02-27,-0.027368
2012-02-28,-0.053355
2012-02-29,-0.079499
2012-03-01,-0.10581
2012-03-02,-0.130096
2012-03-03,-0.152365
2012-03-04,-0.172628
2012-03-05,-0.191617
2012-03-06,-0.209339
2012-03-07,-0.225802
2012-03-08,-0.241013
2012-03-09,-0.254979
2012-03-10,-0.267704
2012-03-11,-0.279194
2012-03-12,-0.289244
2012-03-13,-0.297859
2012-03-14,-0.305042
2012-03-15,-0.310797
2012-03-16,-0.315124
2012-03-17,-0.318027
2012-03-18,-0.319506
2012-03-19,-0.319745
2012-03-20,-0.318743
2012-03-21,-0.316499
2012-03-22,-0.313013
2012-03-23,-0.308284
2012-03-24,-0.30231
2012-03-25,-0.295087
2012-03-26,-0.286613
2012-03-27,-0.276885
2012-03-28,-0.265898
2012-03-29,-0.253648
2012-03-30,-0.240129
2012-03-31,-0.225337
2012-04-01,-0.209265
2012-04-02,-0.192899
2012-04-03,-0.176232
2012-04-04,-0.159258
2012-04-05,-0.141969
2012-04-06,-0.124358
2012-04-07,-0.106419
2012-04-08,-0.088143
2012-04-09,-0.071051
2012-04-10,-0.055137
2012-04-11,-0.040394
2012-04-12,-0.026815
2012-04-13,-0.014395
2012-04-14,-0.003129
2012-04-15,0.006987
2012-04-16,0.0165
2012-04-17,0.025412
2012-04-18,0.033727
2012-04-19,0.04145
2012-04-20,0.048582
2012-04-21,0.055128
2012-04-22,0.061089
2012-04-23,0.065535
2012-04-24,0.068469
2012-04-25,0.06989
2012-04-26,0.069799
2012-04-27,0.068198
2012-04-28,0.065084
2012-04-29,0.060456
2012-04-30,0.055014
2012-05-01,0.048753
2012-05-02,0.042285
2012-05-03,0.035605
2012-05-04,0.028712
2012-05-05,0.021603
2012-05-06,0.014274
2012-05-07,0.006493
2012-05-08,-0.001743
2012-05-09,-0.010437
2012-05-10,-0.019594
2012-05-11,-0.029216
2012-05-12,-0.039308
2012-05-13,-0.049874
2012-05-14,-0.060661
2012-05-15,-0.071673
2012-05-16,-0.082916
2012-05-17,-0.094393
2012-05-18,-0.10611
2012-05-19,-0.118071
2012-05-20,-0.130281
2012-05-21,-0.142393
2012-05-22,-0.154411
2012-05-23,-0.166342
2012-05-24,-0.178189
2012-05-25,-0.189958
2012-05-26,-0.201653
2012-05-27,-0.213279
2012-05-28,-0.225469
2012-05-29,-0.238228
2012-05-30,-0.251561
2012-05-31,-0.265474
2012-06-01,-0.279972
2012-06-02,-0.29394
2012-06-03,-0.307384
2012-06-04,-0.319874
2012-06-05,-0.331415
2012-06-06,-0.342012
2012-06-07,-0.35167
2012-06-08,-0.360392
2012-06-09,-0.368182
2012-06-10,-0.375043
2012-06-11,-0.381202
2012-06-12,-0.386661
2012-06-13,-0.391423
2012-06-14,-0.395489
2012-06-15,-0.398862
2012-06-16,-0.401541
2012-06-17,-0.40353
2012-06-18,-0.405053
2012-06-19,-0.406112
2012-06-20,-0.406706
2012-06-21,-0.406837
2012-06-22,-0.406504
2012-06-23,-0.405706
2012-06-24,-0.404445
2012-06-25,-0.402902
2012-06-26,-0.401076
2012-06-27,-0.398968
2012-06-28,-0.396575
2012-06-29,-0.393898
2012-06-30,-0.390935
2012-07-01,-0.387684
2012-07-02,-0.385388
2012-07-03,-0.384045
2012-07-04,-0.383655
2012-07-05,-0.384218
2012-07-06,-0.385733
2012-07-07,-0.388201
2012-07-08,-0.391624
2012-07-09,-0.39413
2012-07-10,-0.39572
2012-07-11,-0.396394
2012-07-12,-0.396153
2012-07-13,-0.394996
2012-07-14,-0.392924
2012-07-15,-0.389935
2012-07-16,-0.388332
2012-07-17,-0.388114
2012-07-18,-0.38928
2012-07-19,-0.391833
2012-07-20,-0.395771
2012-07-21,-0.401098
2012-07-22,-0.407815
2012-07-23,-0.414785
2012-07-24,-0.42201
2012-07-25,-0.429495
2012-07-26,-0.437241
2012-07-27,-0.445252
2012-07-28,-0.453532
2012-07-29,-0.462083
2012-07-30,-0.471137
2012-07-31,-0.480697
2012-08-01,-0.490766
2012-08-02,-0.50019
2012-08-03,-0.508972
2012-08-04,-0.517116
2012-08-05,-0.524625
2012-08-06,-0.531554
2012-08-07,-0.537906
2012-08-08,-0.543684
2012-08-09,-0.548889
2012-08-10,-0.553524
2012-08-11,-0.557592
2012-08-12,-0.561093
2012-08-13,-0.563629
2012-08-14,-0.565202
2012-08-15,-0.565811
2012-08-16,-0.565458
2012-08-17,-0.564141
2012-08-18,-0.561862
2012-08-19,-0.558618
2012-08-20,-0.554667
2012-08-21,-0.550009
2012-08-22,-0.544642
2012-08-23,-0.538563
2012-08-24,-0.531769
2012-08-25,-0.524258
2012-08-26,-0.516027
2012-08-27,-0.50738
2012-08-28,-0.498312
2012-08-29,-0.488822
2012-08-30,-0.478903
2012-08-31,-0.468553
2012-09-01,-0.457767
2012-09-02,-0.44765
2012-09-03,-0.436937
2012-09-04,-0.425624
2012-09-05,-0.413706
2012-09-06,-0.401179
2012-09-07,-0.388038
2012-09-08,-0.374276
2012-09-09,-0.359888
2012-09-10,-0.345869
2012-09-11,-0.33221
2012-09-12,-0.318908
2012-09-13,-0.305957
2012-09-14,-0.293351
2012-09-15,-0.281085
2012-09-16,-0.269154
2012-09-17,-0.258175
2012-09-18,-0.248142
2012-09-19,-0.239053
2012-09-20,-0.230902
2012-09-21,-0.223688
2012-09-22,-0.217406
2012-09-23,-0.212054
2012-09-24,-0.207013
2012-09-25,-0.20228
2012-09-26,-0.197853
2012-09-27,-0.193731
2012-09-28,-0.189912
2012-09-29,-0.186395
2012-09-30,-0.183177
2012-10-01,-0.18138
2012-10-02,-0.180126
2012-10-03,-0.179414
2012-10-04,-0.179244
2012-10-05,-0.179616
2012-10-06,-0.180529
2012-10-07,-0.181985
2012-10-08,-0.181226
2012-10-09,-0.178249
2012-10-10,-0.173056
2012-10-11,-0.165643
2012-10-12,-0.156007
2012-10-13,-0.144145
2012-10-14,-0.130051
2012-10-15,-0.115829
2012-10-16,-0.101472
2012-10-17,-0.086974
2012-10-18,-0.07233
2012-10-19,-0.057534
2012-10-20,-0.042578
2012-10-21,-0.027458
2012-10-22,-0.012078
2012-10-23,0.003567
2012-10-24,0.019486
2012-10-25,0.035683
2012-10-26,0.052167
2012-10-27,0.068943
2012-10-28,0.086018
2012-10-29,0.103897
2012-10-30,0.122587
2012-10-31,0.142096
2012-11-01,0.162431
2012-11-02,0.18193
2012-11-03,0.2006
2012-11-04,0.218449
2012-11-05,0.239097
2012-11-06,0.262552
2012-11-07,0.288823
2012-11-08,0.317923
2012-11-09,0.349862
2012-11-10,0.384655
2012-11-11,0.422315
2012-11-12,0.457533
2012-11-13,0.490324
2012-11-14,0.520702
2012-11-15,0.548679
2012-11-16,0.574267
2012-11-17,0.597476
2012-11-18,0.618315
2012-11-19,0.637757
2012-11-20,0.655808
2012-11-21,0.672476
2012-11-22,0.687768
2012-11-23,0.701691
2012-11-24,0.714249
2012-11-25,0.725448
2012-11-26,0.735508
2012-11-27,0.744431
2012-11-28,0.752222
2012-11-29,0.758884
2012-11-30,0.76442
2012-12-01,0.768832
2012-12-02,0.770775
2012-12-03,0.76925
2012-12-04,0.764254
2012-12-05,0.755786
2012-12-06,0.743842
2012-12-07,0.728418
2012-12-08,0.709506
2012-12-09,0.6871
2012-12-10,0.663427
2012-12-11,0.638479
2012-12-12,0.612245
2012-12-13,0.584715
2012-12-14,0.555875
2012-12-15,0.525716
2012-12-16,0.494224
2012-12-17,0.46093
2012-12-18,0.42582
2012-12-19,0.388879
2012-12-20,0.350092
2012-12-21,0.309444
2012-12-22,0.266917
2012-12-23,0.222493
2012-12-24,0.175858
2012-12-25,0.12699
2012-12-26,0.075872
2012-12-27,0.02248
2012-12-28,-0.033207
2012-12-29,-0.091211
2012-12-30,-0.151557
2012-12-31,-0.21427
2013-01-01,-0.279375
2013-01-02,-0.340525
2013-01-03,-0.397745
2013-01-04,-0.451058
2013-01-05,-0.500486
2013-01-06,-0.546051
2013-01-07,-0.588703
2013-01-08,-0.628462
2013-01-09,-0.665342
2013-01-10,-0.69936
2013-01-11,-0.73053
2013-01-12,-0.758864
2013-01-13,-0.784374
2013-01-14,-0.806482
2013-01-15,-0.825196
2013-01-16,-0.840524
2013-01-17,-0.852473
2013-01-18,-0.861047
2013-01-19,-0.866251
2013-01-20,-0.868085
2013-01-21,-0.86512
2013-01-22,-0.857353
2013-01-23,-0.844781
2013-01-24,-0.8274
2013-01-25,-0.805201
2013-01-26,-0.778177
2013-01-27,-0.746315
2013-01-28,-0.710987
2013-01-29,-0.67218
2013-01-30,-0.629877
2013-01-31,-0.584061
2013-02-01,-0.534712
2013-02-02,-0.48752
2013-02-03,-0.442467
2013-02-04,-0.399911
2013-02-05,-0.359834
2013-02-06,-0.322219
2013-02-07,-0.287052
2013-02-08,-0.254316
2013-02-09,-0.224
2013-02-10,-0.19609
2013-02-11,-0.169265
2013-02-12,-0.143513
2013-02-13,-0.118823
2013-02-14,-0.095186
2013-02-15,-0.072592
2013-02-16,-0.051031
2013-02-17,-0.030495
2013-02-18,-0.012516
2013-02-19,0.002912
2013-02-20,0.015797
2013-02-21,0.026143
2013-02-22,0.033954
2013-02-23,0.039235
2013-02-24,0.041986
2013-02-25,0.042999
2013-02-26,0.042275
2013-02-27,0.039814
2013-02-28,0.035613
2013-03-01,0.029672
2013-03-02,0.023381
2013-03-03,0.016736
2013-03-04,0.009954
2013-03-05,0.003031
2013-03-06,-0.004036
2013-03-07,-0.011249
2013-03-08,-0.018611
2013-03-09,-0.026125
2013-03-10,-0.033795
2013-03-11,-0.041762
2013-03-12,-0.050028
2013-03-13,-0.058597
2013-03-14,-0.067472
2013-03-15,-0.076658
2013-03-16,-0.086157
2013-03-17,-0.095975
2013-03-18,-0.105447
2013-03-19,-0.114579
2013-03-20,-0.123373
2013-03-21,-0.131833
2013-03-22,-0.139963
2013-03-23,-0.147767
2013-03-24,-0.155247
2013-03-25,-0.162306
2013-03-26,-0.168947
2013-03-27,-0.175172
2013-03-28,-0.180985
2013-03-29,-0.186388
2013-03-30,-0.191383
2013-03-31,-0.195971
2013-04-01,-0.201624
2013-04-02,-0.206932
2013-04-03,-0.211896
2013-04-04,-0.21652
2013-04-05,-0.220804
2013-04-06,-0.224751
2013-04-07,-0.228363
2013-04-08,-0.231076
2013-04-09,-0.232891
2013-04-10,-0.233809
2013-04-11,-0.233831
2013-04-12,-0.232956
2013-04-13,-0.231185
2013-04-14,-0.228516
2013-04-15,-0.225399
2013-04-16,-0.221834
2013-04-17,-0.217818
2013-04-18,-0.213349
2013-04-19,-0.208427
2013-04-20,-0.203048
2013-04-21,-0.197212
2013-04-22,-0.190879
2013-04-23,-0.184048
2013-04-24,-0.176715
2013-04-25,-0.168877
2013-04-26,-0.160532
2013-04-27,-0.151676
2013-04-28,-0.142304
2013-04-29,-0.131701
2013-04-30,-0.119861
2013-05-01,-0.106779
2013-05-02,-0.094524
2013-05-03,-0.08309
2013-05-04,-0.072473
2013-05-05,-0.062668
2013-05-06,-0.052716
2013-05-07,-0.042611
2013-05-08,-0.03235
2013-05-09,-0.021928
2013-05-10,-0.011342
2013-05-11,-0.000587
2013-05-12,0.010342
2013-05-13,0.019596
2013-05-14,0.027179
2013-05-15,0.033094
2013-05-16,0.037343
2013-05-17,0.039928
2013-05-18,0.04085
2013-05-19,0.040109
2013-05-20,0.038901
2013-05-21,0.037225
2013-05-22,0.035081
2013-05-23,0.032466
2013-05-24,0.029381
2013-05-25,0.025824
2013-05-26,0.021793
2013-05-27,0.01653
2013-05-28,0.010034
2013-05-29,0.0023
2013-05-30,-0.006673
2013-05-31,-0.016891
2013-06-01,-0.028356
2013-06-02,-0.040104
2013-06-03,-0.052247
2013-06-04,-0.06479
2013-06-05,-0.077737
2013-06-06,-0.091094
2013-06-07,-0.104867
2013-06-08,-0.11906
2013-06-09,-0.133681
2013-06-10,-0.147632
2013-06-11,-0.160918
2013-06-12,-0.173546
2013-06-13,-0.18552
2013-06-14,-0.196846
2013-06-15,-0.207527
2013-06-16,-0.217569
2013-06-17,-0.227955
2013-06-18,-0.23869
2013-06-19,-0.249778
2013-06-20,-0.261223
2013-06-21,-0.273031
2013-06-22,-0.285206
2013-06-23,-0.297753
2013-06-24,-0.310739
2013-06-25,-0.324169
2013-06-26,-0.338049
2013-06-27,-0.352384
2013-06-28,-0.36718
2013-06-29,-0.382443
2013-06-30,-0.39818
2013-07-01,-0.413607
2013-07-02,-0.427079
2013-07-03,-0.438603
2013-07-04,-0.448183
2013-07-05,-0.455823
2013-07-06,-0.461526
2013-07-07,-0.465295
2013-07-08,-0.467931
2013-07-09,-0.469437
2013-07-10,-0.469811
2013-07-11,-0.469055
2013-07-12,-0.467169
2013-07-13,-0.46415
2013-07-14,-0.459999
2013-07-15,-0.453908
2013-07-16,-0.445875
2013-07-17,-0.435897
2013-07-18,-0.423969
2013-07-19,-0.410087
2013-07-20,-0.394244
2013-07-21,-0.376434
2013-07-22,-0.358064
2013-07-23,-0.339125
2013-07-24,-0.31961
2013-07-25,-0.299511
2013-07-26,-0.278819
2013-07-27,-0.257526
2013-07-28,-0.235622
2013-07-29,-0.211937
2013-07-30,-0.18646
2013-07-31,-0.15918
2013-08-01,-0.130086
2013-08-02,-0.101692
2013-08-03,-0.073984
2013-08-04,-0.046952
2013-08-05,-0.021322
2013-08-06,0.002914
2013-08-07,0.025768
2013-08-08,0.04725
2013-08-09,0.067367
2013-08-10,0.086128
2013-08-11,0.103541
2013-08-12,0.120739
2013-08-13,0.137727
2013-08-14,0.154513
2013-08-15,0.171104
2013-08-16,0.187506
2013-08-17,0.203728
2013-08-18,0.219774
2013-08-19,0.234914
2013-08-20,0.249155
2013-08-21,0.262501
2013-08-22,0.274959
2013-08-23,0.286534
2013-08-24,0.29723
2013-08-25,0.307052
2013-08-26,0.315693
2013-08-27,0.323155
2013-08-28,0.329443
2013-08-29,0.334558
2013-08-30,0.338503
2013-08-31,0.341279
2013-09-01,0.342888
2013-09-02,0.342756
2013-09-03,0.340883
2013-09-04,0.337268
2013-09-05,0.33191
2013-09-06,0.324806
2013-09-07,0.315954
2013-09-08,0.30535
2013-09-09,0.295112
2013-09-10,0.285237
2013-09-11,0.275721
2013-09-12,0.266558
2013-09-13,0.257747
2013-09-14,0.249283
2013-09-15,0.241162
2013-09-16,0.231961
2013-09-17,0.221676
2013-09-18,0.210303
2013-09-19,0.197837
2013-09-20,0.184273
2013-09-21,0.169605
2013-09-22,0.153828
2013-09-23,0.137542
2013-09-24,0.120741
2013-09-25,0.103417
2013-09-26,0.085564
2013-09-27,0.067174
2013-09-28,0.04824
2013-09-29,0.028753
2013-09-30,0.010676
2013-10-01,-0.005999
2013-10-02,-0.019521
2013-10-03,-0.029895
2013-10-04,-0.037125
2013-10-05,-0.041214
2013-10-06,-0.042165
2013-10-07,-0.042127
2013-10-08,-0.041102
2013-10-09,-0.039089
2013-10-10,-0.036087
2013-10-11,-0.032095
2013-10-12,-0.027112
2013-10-13,-0.021134
2013-10-14,-0.01492
2013-10-15,-0.008467
2013-10-16,-0.001773
2013-10-17,0.005166
2013-10-18,0.012353
2013-10-19,0.019789
2013-10-20,0.027479
2013-10-21,0.035998
2013-10-22,0.045348
2013-10-23,0.055535
2013-10-24,0.066562
2013-10-25,0.078433
2013-10-26,0.091155
2013-10-27,0.104731
2013-10-28,0.119129
2013-10-29,0.134354
2013-10-30,0.150414
2013-10-31,0.167314
2013-11-01,0.185062
2013-11-02,0.201403
2013-11-03,0.216346
2013-11-04,0.230035
2013-11-05,0.242477
2013-11-06,0.253678
2013-11-07,0.26364
2013-11-08,0.27237
2013-11-09,0.27987
2013-11-10,0.286143
2013-11-11,0.29088
2013-11-12,0.294083
2013-11-13,0.295754
2013-11-14,0.295892
2013-11-15,0.294498
2013-11-16,0.291571
2013-11-17,0.287111
2013-11-18,0.280832
2013-11-19,0.272731
2013-11-20,0.262806
2013-11-21,0.251052
2013-11-22,0.237465
2013-11-23,0.222038
2013-11-24,0.204766
2013-11-25,0.186106
2013-11-26,0.16605
2013-11-27,0.144591
2013-11-28,0.12172
2013-11-29,0.097426
2013-11-30,0.071701
2013-12-01,0.044532
2013-12-02,0.019289
2013-12-03,-0.00404
2013-12-04,-0.025464
2013-12-05,-0.044992
2013-12-06,-0.062632
2013-12-07,-0.078391
2013-12-08,-0.092276
2013-12-09,-0.105697
2013-12-10,-0.11866
2013-12-11,-0.131169
2013-12-12,-0.14323
2013-12-13,-0.154847
2013-12-14,-0.166027
2013-12-15,-0.176773
2013-12-16,-0.188885
2013-12-17,-0.20237
2013-12-18,-0.217233
2013-12-19,-0.233478
2013-12-20,-0.251115
2013-12-21,-0.270149
2013-12-22,-0.290589
2013-12-23,-0.311231
2013-12-24,-0.332086
2013-12-25,-0.353161
2013-12-26,-0.374465
2013-12-27,-0.396006
2013-12-28,-0.417795
2013-12-29,-0.439839
2013-12-30,-0.462526
2013-12-31,-0.485867
2014-01-01,-0.50987
2014-01-02,-0.532367
2014-01-03,-0.553369
2014-01-04,-0.572884
2014-01-05,-0.590919
2014-01-06,-0.607238
2014-01-07,-0.621846
2014-01-08,-0.634751
2014-01-09,-0.645956
2014-01-10,-0.655468
2014-01-11,-0.663289
2014-01-12,-0.669424
2014-01-13,-0.673298
2014-01-14,-0.674914
2014-01-15,-0.674272
2014-01-16,-0.671373
2014-01-17,-0.666214
2014-01-18,-0.658794
2014-01-19,-0.64911
2014-01-20,-0.63696
2014-01-21,-0.622339
2014-01-22,-0.605243
2014-01-23,-0.585662
2014-01-24,-0.56359
2014-01-25,-0.539017
2014-01-26,-0.511933
2014-01-27,-0.483282
2014-01-28,-0.45305
2014-01-29,-0.421227
2014-01-30,-0.387798
2014-01-31,-0.35275
2014-02-01,-0.316068
2014-02-02,-0.28057
2014-02-03,-0.245552
2014-02-04,-0.210997
2014-02-05,-0.176893
2014-02-06,-0.143224
2014-02-07,-0.109977
2014-02-08,-0.077139
2014-02-09,-0.044695
2014-02-10,-0.013096
2014-02-11,0.017672
2014-02-12,0.047621
2014-02-13,0.076765
2014-02-14,0.105113
2014-02-15,0.13268
2014-02-16,0.159475
2014-02-17,0.186156
2014-02-18,0.212732
2014-02-19,0.239215
2014-02-20,0.265616
2014-02-21,0.291945
2014-02-22,0.318214
2014-02-23,0.344434
2014-02-24,0.36925
2014-02-25,0.392675
2014-02-26,0.414716
2014-02-27,0.435384
2014-02-28,0.454686
2014-03-01,0.472632
2014-03-02,0.488447
2014-03-03,0.503251
2014-03-04,0.51705
2014-03-05,0.529849
2014-03-06,0.541654
2014-03-07,0.552469
2014-03-08,0.5623
2014-03-09,0.57115
2014-03-10,0.578853
2014-03-11,0.585412
2014-03-12,0.59083
2014-03-13,0.59511
2014-03-14,0.598252
2014-03-15,0.600259
2014-03-16,0.60113
2014-03-17,0.600552
2014-03-18,0.598524
2014-03-19,0.595045
2014-03-20,0.590114
2014-03-21,0.583728
2014-03-22,0.575886
2014-03-23,0.566583
2014-03-24,0.556925
2014-03-25,0.546907
2014-03-26,0.536525
2014-03-27,0.525775
2014-03-28,0.514652
2014-03-29,0.503153
2014-03-30,0.491272
2014-03-31,0.477394
2014-04-01,0.461515
2014-04-02,0.445351
2014-04-03,0.428895
2014-04-04,0.41214
2014-04-05,0.39508
2014-04-06,0.377706
2014-04-07,0.360699
2014-04-08,0.34405
2014-04-09,0.327752
2014-04-10,0.3118
2014-04-11,0.296186
2014-04-12,0.280904
2014-04-13,0.265947
2014-04-14,0.252285
2014-04-15,0.239911
2014-04-16,0.22882
2014-04-17,0.219007
2014-04-18,0.21047
2014-04-19,0.203203
2014-04-20,0.197204
2014-04-21,0.192442
2014-04-22,0.188914
2014-04-23,0.18662
2014-04-24,0.185557
2014-04-25,0.185727
2014-04-26,0.187128
2014-04-27,0.189761
2014-04-28,0.191941
2014-04-29,0.193668
2014-04-30,0.194942
2014-05-01,0.195765
2014-05-02,0.196044
2014-05-03,0.19578
2014-05-04,0.194972
2014-05-05,0.193509
2014-05-06,0.191388
2014-05-07,0.18861
2014-05-08,0.185173
2014-05-09,0.181077
2014-05-10,0.176318
2014-05-11,0.170895
2014-05-12,0.166712
2014-05-13,0.163767
2014-05-14,0.162058
2014-05-15,0.161586
2014-05-16,0.162349
2014-05-17,0.164348
2014-05-18,0.167584
2014-05-19,0.170285
2014-05-20,0.172452
2014-05-21,0.174085
2014-05-22,0.175186
2014-05-23,0.175755
2014-05-24,0.175791
2014-05-25,0.175296
2014-05-26,0.175417
2014-05-27,0.176154
2014-05-28,0.177508
2014-05-29,0.179479
2014-05-30,0.182067
2014-05-31,0.185275
2014-06-01,0.189102
2014-06-02,0.192962
2014-06-03,0.196856
2014-06-04,0.200785
2014-06-05,0.204751
2014-06-06,0.208756
2014-06-07,0.212802
2014-06-08,0.216889
2014-06-09,0.220669
2014-06-10,0.224143
2014-06-11,0.227312
2014-06-12,0.230179
2014-06-13,0.232743
2014-06-14,0.235006
2014-06-15,0.23697
2014-06-16,0.238813
2014-06-17,0.240535
2014-06-18,0.242137
2014-06-19,0.243621
2014-06-20,0.244987
2014-06-21,0.246235
2014-06-22,0.247365
2014-06-23,0.248021
2014-06-24,0.248203
2014-06-25,0.247911
2014-06-26,0.247144
2014-06-27,0.245903
2014-06-28,0.244187
2014-06-29,0.241995
2014-06-30,0.239361
2014-07-01,0.236286
2014-07-02,0.232839
2014-07-03,0.229019
2014-07-04,0.224825
2014-07-05,0.220254
2014-07-06,0.215305
2014-07-07,0.210504
2014-07-08,0.205851
2014-07-09,0.201343
2014-07-10,0.196979
2014-07-11,0.192755
2014-07-12,0.188672
2014-07-13,0.184726
2014-07-14,0.180021
2014-07-15,0.174554
2014-07-16,0.168324
2014-07-17,0.161327
2014-07-18,0.153561
2014-07-19,0.145023
2014-07-20,0.135709
2014-07-21,0.126627
2014-07-22,0.117773
2014-07-23,0.109144
2014-07-24,0.100736
2014-07-25,0.092546
2014-07-26,0.08457
2014-07-27,0.076805
2014-07-28,0.068487
2014-07-29,0.059613
2014-07-30,0.050178
2014-07-31,0.04018
2014-08-01,0.029614
2014-08-02,0.019274
2014-08-03,0.009156
2014-08-04,0.00023
2014-08-05,-0.007509
2014-08-06,-0.014065
2014-08-07,-0.019438
2014-08-08,-0.023633
2014-08-09,-0.026649
2014-08-10,-0.02849
2014-08-11,-0.030041
2014-08-12,-0.031302
2014-08-13,-0.032275
2014-08-14,-0.032959
2014-08-15,-0.033356
2014-08-16,-0.033464
2014-08-17,-0.033285
2014-08-18,-0.032689
2014-08-19,-0.031677
2014-08-20,-0.030248
2014-08-21,-0.0284
2014-08-22,-0.026135
2014-08-23,-0.02345
2014-08-24,-0.020344
2014-08-25,-0.016548
2014-08-26,-0.01206
2014-08-27,-0.006877
2014-08-28,-0.000998
2014-08-29,0.00558
2014-08-30,0.012859
2014-08-31,0.020843
2014-09-01,0.029588
2014-09-02,0.038037
2014-09-03,0.046193
2014-09-04,0.05406
2014-09-05,0.06164
2014-09-06,0.068938
2014-09-07,0.075955
2014-09-08,0.081671
2014-09-09,0.086088
2014-09-10,0.089207
2014-09-11,0.09103
2014-09-12,0.091557
2014-09-13,0.090789
2014-09-14,0.088726
2014-09-15,0.086513
2014-09-16,0.08415
2014-09-17,0.081636
2014-09-18,0.078969
2014-09-19,0.076149
2014-09-20,0.073174
2014-09-21,0.070044
2014-09-22,0.066222
2014-09-23,0.061707
2014-09-24,0.056497
2014-09-25,0.050589
2014-09-26,0.043982
2014-09-27,0.036673
2014-09-28,0.028659
2014-09-29,0.020284
2014-09-30,0.011545
2014-10-01,0.002439
2014-10-02,-0.005661
2014-10-03,-0.01276
2014-10-04,-0.018858
2014-10-05,-0.02396
2014-10-06,-0.028743
2014-10-07,-0.033208
2014-10-08,-0.037357
2014-10-09,-0.041192
2014-10-10,-0.044715
2014-10-11,-0.047927
2014-10-12,-0.050829
2014-10-13,-0.052494
2014-10-14,-0.052921
2014-10-15,-0.052112
2014-10-16,-0.050066
2014-10-17,-0.046783
2014-10-18,-0.04226
2014-10-19,-0.036495
2014-10-20,-0.029833
2014-10-21,-0.022271
2014-10-22,-0.013804
2014-10-23,-0.00443
2014-10-24,0.005855
2014-10-25,0.017055
2014-10-26,0.029176
2014-10-27,0.041692
2014-10-28,0.05461
2014-10-29,0.067933
2014-10-30,0.081669
2014-10-31,0.095822
2014-11-01,0.110399
2014-11-02,0.123562
2014-11-03,0.136304
2014-11-04,0.148629
2014-11-05,0.160542
2014-11-06,0.17205
2014-11-07,0.183156
2014-11-08,0.193864
2014-11-09,0.204181
2014-11-10,0.213724
2014-11-11,0.222497
2014-11-12,0.230506
2014-11-13,0.237752
2014-11-14,0.244238
2014-11-15,0.249968
2014-11-16,0.254944
2014-11-17,0.259533
2014-11-18,0.263738
2014-11-19,0.26756
2014-11-20,0.271001
2014-11-21,0.274062
2014-11-22,0.276745
2014-11-23,0.27905
2014-11-24,0.280002
2014-11-25,0.279601
2014-11-26,0.277848
2014-11-27,0.27474
2014-11-28,0.270278
2014-11-29,0.264459
2014-11-30,0.257281
2014-12-01,0.249262
2014-12-02,0.241067
2014-12-03,0.232694
2014-12-04,0.224138
2014-12-05,0.215397
2014-12-06,0.206466
2014-12-07,0.197342
2014-12-08,0.187789
2014-12-09,0.177804
2014-12-10,0.167381
2014-12-11,0.156518
2014-12-12,0.145209
2014-12-13,0.133449
2014-12-14,0.121234
2014-12-15,0.108319
2014-12-16,0.094699
2014-12-17,0.080369
2014-12-18,0.065321
2014-12-19,0.04955
2014-12-20,0.03305
2014-12-21,0.015813
2014-12-22,-0.001337
2014-12-23,-0.018408
2014-12-24,-0.035405
2014-12-25,-0.052338
2014-12-26,-0.069211
2014-12-27,-0.086033
2014-12-28,-0.10281
2014-12-29,-0.119553
2014-12-30,-0.136268
2014-12-31,-0.152963
2015-01-01,-0.169643
2015-01-02,-0.185552
2015-01-03,-0.200697
2015-01-04,-0.215083
2015-01-05,-0.228673
2015-01-06,-0.241473
2015-01-07,-0.253487
2015-01-08,-0.264721
2015-01-09,-0.275179
2015-01-10,-0.284866
2015-01-11,-0.293786
2015-01-12,-0.302657
2015-01-13,-0.311485
2015-01-14,-0.320271
2015-01-15,-0.32902
2015-01-16,-0.337736
2015-01-17,-0.346421
2015-01-18,-0.355081
2015-01-19,-0.365125
2015-01-20,-0.376557
2015-01-21,-0.389383
2015-01-22,-0.403607
2015-01-23,-0.419236
2015-01-24,-0.436276
2015-01-25,-0.454734
2015-01-26,-0.472109
2015-01-27,-0.488408
2015-01-28,-0.503637
2015-01-29,-0.517804
2015-01-30,-0.530913
2015-01-31,-0.542971
2015-02-01,-0.553981
2015-02-02,-0.563851
2015-02-03,-0.572585
2015-02-04,-0.580185
2015-02-05,-0.586655
2015-02-06,-0.591998
2015-02-07,-0.596215
2015-02-08,-0.59931
2015-02-09,-0.602615
2015-02-10,-0.606133
2015-02-11,-0.609865
2015-02-12,-0.613811
2015-02-13,-0.617975
2015-02-14,-0.622358
2015-02-15,-0.626961
2015-02-16,-0.63032
2015-02-17,-0.632437
2015-02-18,-0.633312
2015-02-19,-0.632945
2015-02-20,-0.631337
2015-02-21,-0.628487
2015-02-22,-0.624394
2015-02-23,-0.619391
2015-02-24,-0.613475
2015-02-25,-0.606645
2015-02-26,-0.598897
2015-02-27,-0.590229
2015-02-28,-0.580637
2015-03-01,-0.570116
2015-03-02,-0.560352
2015-03-03,-0.551339
2015-03-04,-0.543074
2015-03-05,-0.535554
2015-03-06,-0.528775
2015-03-07,-0.522736
2015-03-08,-0.517432
2015-03-09,-0.51194
2015-03-10,-0.506257
2015-03-11,-0.500382
2015-03-12,-0.494311
2015-03-13,-0.488042
2015-03-14,-0.481573
2015-03-15,-0.4749
2015-03-16,-0.468154
2015-03-17,-0.461333
2015-03-18,-0.454433
2015-03-19,-0.447452
2015-03-20,-0.440386
2015-03-21,-0.433234
2015-03-22,-0.425991
2015-03-23,-0.41906
2015-03-24,-0.41244
2015-03-25,-0.406126
2015-03-26,-0.400116
2015-03-27,-0.394408
2015-03-28,-0.389
2015-03-29,-0.383888
2015-03-30,-0.377825
2015-03-31,-0.370808
2015-04-01,-0.362835
2015-04-02,-0.355083
2015-04-03,-0.347551
2015-04-04,-0.340236
2015-04-05,-0.333134
2015-04-06,-0.326087
2015-04-07,-0.319094
2015-04-08,-0.312151
2015-04-09,-0.305255
2015-04-10,-0.298403
2015-04-11,-0.291594
2015-04-12,-0.284822
2015-04-13,-0.278919
2015-04-14,-0.273881
2015-04-15,-0.269707
2015-04-16,-0.266394
2015-04-17,-0.263941
2015-04-18,-0.262347
2015-04-19,-0.261612
2015-04-20,-0.262772
2015-04-21,-0.265828
2015-04-22,-0.270781
2015-04-23,-0.277633
2015-04-24,-0.286386
2015-04-25,-0.297045
2015-04-26,-0.309614
2015-04-27,-0.323057
2015-04-28,-0.337378
2015-04-29,-0.352585
2015-04-30,-0.368684
2015-05-01,-0.38568
2015-05-02,-0.402206
2015-05-03,-0.418268
2015-05-04,-0.433617
2015-05-05,-0.44826
2015-05-06,-0.462202
2015-05-07,-0.47545
2015-05-08,-0.488008
2015-05-09,-0.499883
2015-05-10,-0.511079
2015-05-11,-0.521559
2015-05-12,-0.531329
2015-05-13,-0.540392
2015-05-14,-0.548752
2015-05-15,-0.556413
2015-05-16,-0.563377
2015-05-17,-0.569648
2015-05-18,-0.575227
2015-05-19,-0.580117
2015-05-20,-0.58432
2015-05-21,-0.587838
2015-05-22,-0.590672
2015-05-23,-0.592823
2015-05-24,-0.594292
2015-05-25,-0.59557
2015-05-26,-0.596658
2015-05-27,-0.597556
2015-05-28,-0.598264
2015-05-29,-0.598783
2015-05-30,-0.599113
2015-05-31,-0.599254
2015-06-01,-0.598808
2015-06-02,-0.597344
2015-06-03,-0.594861
2015-06-04,-0.591359
2015-06-05,-0.586835
2015-06-06,-0.581289
2015-06-07,-0.574717
2015-06-08,-0.567648
2015-06-09,-0.56008
2015-06-10,-0.552009
2015-06-11,-0.543432
2015-06-12,-0.534345
2015-06-13,-0.524744
2015-06-14,-0.514627
2015-06-15,-0.503405
2015-06-16,-0.491074
2015-06-17,-0.47763
2015-06-18,-0.463065
2015-06-19,-0.447376
2015-06-20,-0.430554
2015-06-21,-0.412593
2015-06-22,-0.393558
2015-06-23,-0.37344
2015-06-24,-0.352232
2015-06-25,-0.329923
2015-06-26,-0.306506
2015-06-27,-0.281971
2015-06-28,-0.256306
2015-06-29,-0.228807
2015-06-30,-0.199461
2015-07-01,-0.168255
2015-07-02,-0.137986
2015-07-03,-0.108639
2015-07-04,-0.080203
2015-07-05,-0.052666
2015-07-06,-0.027057
2015-07-07,-0.003365
2015-07-08,0.018421
2015-07-09,0.038308
2015-07-10,0.056306
2015-07-11,0.072421
2015-07-12,0.08666
2015-07-13,0.098449
2015-07-14,0.107791
2015-07-15,0.114691
2015-07-16,0.119152
2015-07-17,0.121174
2015-07-18,0.120761
2015-07-19,0.11791
2015-07-20,0.113676
2015-07-21,0.108058
2015-07-22,0.101053
2015-07-23,0.092658
2015-07-24,0.082871
2015-07-25,0.071686
2015-07-26,0.059099
2015-07-27,0.044965
2015-07-28,0.029277
2015-07-29,0.01203
2015-07-30,-0.006784
2015-07-31,-0.027172
2015-08-01,-0.049143
2015-08-02,-0.070144
2015-08-03,-0.09006
2015-08-04,-0.108902
2015-08-05,-0.126675
2015-08-06,-0.143389
2015-08-07,-0.159049
2015-08-08,-0.173662
2015-08-09,-0.187234
2015-08-10,-0.199733
2015-08-11,-0.211162
2015-08-12,-0.221527
2015-08-13,-0.230833
2015-08-14,-0.239082
2015-08-15,-0.246279
2015-08-16,-0.252426
2015-08-17,-0.257975
2015-08-18,-0.262928
2015-08-19,-0.267288
2015-08-20,-0.271055
2015-08-21,-0.274232
2015-08-22,-0.27682
2015-08-23,-0.27882
2015-08-24,-0.279791
2015-08-25,-0.279731
2015-08-26,-0.278642
2015-08-27,-0.276523
2015-08-28,-0.273374
2015-08-29,-0.269192
2015-08-30,-0.263976
2015-08-31,-0.25821
2015-09-01,-0.251891
2015-09-02,-0.246173
2015-09-03,-0.241055
2015-09-04,-0.236534
2015-09-05,-0.232609
2015-09-06,-0.229277
2015-09-07,-0.226676
2015-09-08,-0.224806
2015-09-09,-0.223664
2015-09-10,-0.223252
2015-09-11,-0.223568
2015-09-12,-0.224613
2015-09-13,-0.226388
2015-09-14,-0.228274
2015-09-15,-0.230272
2015-09-16,-0.232383
2015-09-17,-0.234608
2015-09-18,-0.236949
2015-09-19,-0.239405
2015-09-20,-0.241978
2015-09-21,-0.244756
2015-09-22,-0.247739
2015-09-23,-0.250929
2015-09-24,-0.254327
2015-09-25,-0.257935
2015-09-26,-0.261754
2015-09-27,-0.265786
2015-09-28,-0.270391
2015-09-29,-0.275573
2015-09-30,-0.281332
2015-10-01,-0.287672
2015-10-02,-0.29449
2015-10-03,-0.301791
2015-10-04,-0.309576
2015-10-05,-0.317725
2015-10-06,-0.326243
2015-10-07,-0.335132
2015-10-08,-0.344395
2015-10-09,-0.354038
2015-10-10,-0.364064
2015-10-11,-0.374476
2015-10-12,-0.385245
2015-10-13,-0.396375
2015-10-14,-0.407871
2015-10-15,-0.419737
2015-10-16,-0.431978
2015-10-17,-0.4446
2015-10-18,-0.457607
2015-10-19,-0.470971
2015-10-20,-0.484698
2015-10-21,-0.498793
2015-10-22,-0.513262
2015-10-23,-0.528111
2015-10-24,-0.543346
2015-10-25,-0.558974
2015-10-26,-0.574518
2015-10-27,-0.589985
2015-10-28,-0.605381
2015-10-29,-0.620713
2015-10-30,-0.635986
2015-10-31,-0.651208
2015-11-01,-0.666384
2015-11-02,-0.680564
2015-11-03,-0.693755
2015-11-04,-0.705961
2015-11-05,-0.717188
2015-11-06,-0.72744
2015-11-07,-0.736722
2015-11-08,-0.745037
2015-11-09,-0.752619
2015-11-10,-0.759471
2015-11-11,-0.765597
2015-11-12,-0.770997
2015-11-13,-0.775676
2015-11-14,-0.779634
2015-11-15,-0.782874
2015-11-16,-0.785717
2015-11-17,-0.788166
2015-11-18,-0.790222
2015-11-19,-0.791885
2015-11-20,-0.793156
2015-11-21,-0.794035
2015-11-22,-0.794524
2015-11-23,-0.793959
2015-11-24,-0.79234
2015-11-25,-0.789668
2015-11-26,-0.785941
2015-11-27,-0.781156
2015-11-28,-0.775313
2015-11-29,-0.768409
2015-11-30,-0.759937
2015-12-01,-0.749894
2015-12-02,-0.739042
2015-12-03,-0.727376
2015-12-04,-0.714893
2015-12-05,-0.701587
2015-12-06,-0.687452
2015-12-07,-0.673669
2015-12-08,-0.660234
2015-12-09,-0.64714
2015-12-10,-0.634382
2015-12-11,-0.621954
2015-12-12,-0.609852
2015-12-13,-0.59807
2015-12-14,-0.586429
2015-12-15,-0.574922
2015-12-16,-0.563545
2015-12-17,-0.552293
2015-12-18,-0.541162
2015-12-19,-0.530148
2015-12-20,-0.519245
2015-12-21,-0.50737
2015-12-22,-0.494518
2015-12-23,-0.480684
2015-12-24,-0.465862
2015-12-25,-0.450047
2015-12-26,-0.43323
2015-12-27,-0.415407
2015-12-28,-0.397391
2015-12-29,-0.379177
2015-12-30,-0.360756
2015-12-31,-0.342122
2016-01-01,-0.323265
2016-01-02,-0.305559
2016-01-03,-0.288997
2016-01-04,-0.272933
2016-01-05,-0.25736
2016-01-06,-0.242272
2016-01-07,-0.227663
2016-01-08,-0.213527
2016-01-09,-0.199857
2016-01-10,-0.186649
2016-01-11,-0.174099
2016-01-12,-0.162202
2016-01-13,-0.150953
2016-01-14,-0.140349
2016-01-15,-0.130383
2016-01-16,-0.121053
2016-01-17,-0.112354
2016-01-18,-0.105483
2016-01-19,-0.100439
2016-01-20,-0.097218
2016-01-21,-0.09582
2016-01-22,-0.096243
2016-01-23,-0.098489
2016-01-24,-0.102558
2016-01-25,-0.106948
2016-01-26,-0.111661
2016-01-27,-0.1167
2016-01-28,-0.122066
2016-01-29,-0.127762
2016-01-30,-0.13379
2016-01-31,-0.140153
2016-02-01,-0.148146
2016-02-02,-0.156717
2016-02-03,-0.165868
2016-02-04,-0.175602
2016-02-05,-0.185925
2016-02-06,-0.19684
2016-02-07,-0.208352
2016-02-08,-0.219952
2016-02-09,-0.231645
2016-02-10,-0.243435
2016-02-11,-0.255328
2016-02-12,-0.267329
2016-02-13,-0.279443
2016-02-14,-0.291673
2016-02-15,-0.303501
2016-02-16,-0.31493
2016-02-17,-0.325966
2016-02-18,-0.336612
2016-02-19,-0.346874
2016-02-20,-0.356755
2016-02-21,-0.36626
2016-02-22,-0.375796
2016-02-23,-0.385366
2016-02-24,-0.394976
2016-02-25,-0.404628
2016-02-26,-0.414327
2016-02-27,-0.424077
2016-02-28,-0.433882
2016-02-29,-0.444339
2016-03-01,-0.455452
2016-03-02,-0.466397
2016-03-03,-0.47718
2016-03-04,-0.487804
2016-03-05,-0.498274
2016-03-06,-0.508595
2016-03-07,-0.517804
2016-03-08,-0.525905
2016-03-09,-0.532902
2016-03-10,-0.538797
2016-03-11,-0.543593
2016-03-12,-0.547292
2016-03-13,-0.549896
2016-03-14,-0.551713
2016-03-15,-0.552744
2016-03-16,-0.55299
2016-03-17,-0.552451
2016-03-18,-0.551126
2016-03-19,-0.549016
2016-03-20,-0.546119
2016-03-21,-0.542161
2016-03-22,-0.53714
2016-03-23,-0.531054
2016-03-24,-0.523901
2016-03-25,-0.515677
2016-03-26,-0.50638
2016-03-27,-0.496006
2016-03-28,-0.484759
2016-03-29,-0.472634
2016-03-30,-0.459628
2016-03-31,-0.445734
2016-04-01,-0.430946
2016-04-02,-0.417141
2016-04-03,-0.404312
2016-04-04,-0.392982
2016-04-05,-0.383148
2016-04-06,-0.374803
2016-04-07,-0.367946
2016-04-08,-0.362573
2016-04-09,-0.358682
2016-04-10,-0.356272
2016-04-11,-0.35517
2016-04-12,-0.355376
2016-04-13,-0.356891
2016-04-14,-0.359714
2016-04-15,-0.363847
2016-04-16,-0.369292
2016-04-17,-0.376051
2016-04-18,-0.383778
2016-04-19,-0.392478
2016-04-20,-0.402153
2016-04-21,-0.412807
2016-04-22,-0.424445
2016-04-23,-0.437072
2016-04-24,-0.450693
2016-04-25,-0.464557
2016-04-26,-0.478671
2016-04-27,-0.493039
2016-04-28,-0.507668
2016-04-29,-0.522565
2016-04-30,-0.537734
2016-05-01,-0.553183
2016-05-02,-0.566534
2016-05-03,-0.577793
2016-05-04,-0.586965
2016-05-05,-0.594053
2016-05-06,-0.599061
2016-05-07,-0.60199
2016-05-08,-0.602842
2016-05-09,-0.60255
2016-05-10,-0.601114
2016-05-11,-0.598533
2016-05-12,-0.594806
2016-05-13,-0.589933
2016-05-14,-0.58391
2016-05-15,-0.576735
2016-05-16,-0.568501
2016-05-17,-0.559204
2016-05-18,-0.54884
2016-05-19,-0.537405
2016-05-20,-0.524894
2016-05-21,-0.511303
2016-05-22,-0.496625
2016-05-23,-0.480496
2016-05-24,-0.462911
2016-05-25,-0.44386
2016-05-26,-0.423337
2016-05-27,-0.401333
2016-05-28,-0.377839
2016-05-29,-0.352846
2016-05-30,-0.326057
2016-05-31,-0.297464
2016-06-01,-0.267053
2016-06-02,-0.237717
2016-06-03,-0.209443
2016-06-04,-0.182221
2016-06-05,-0.156038
2016-06-06,-0.130593
2016-06-07,-0.105873
2016-06-08,-0.08187
2016-06-09,-0.058573
2016-06-10,-0.035973
2016-06-11,-0.01406
2016-06-12,0.007175
2016-06-13,0.026866
2016-06-14,0.045021
2016-06-15,0.061648
2016-06-16,0.076754
2016-06-17,0.090345
2016-06-18,0.102427
2016-06-19,0.113004
2016-06-20,0.122661
2016-06-21,0.131402
2016-06-22,0.139229
2016-06-23,0.146148
2016-06-24,0.15216
2016-06-25,0.157268
2016-06-26,0.161474
2016-06-27,0.164424
2016-06-28,0.16612
2016-06-29,0.166562
2016-06-30,0.16575
2016-07-01,0.163685
2016-07-02,0.160975
2016-07-03,0.15762
2016-07-04,0.153788
2016-07-05,0.149478
2016-07-06,0.144687
2016-07-07,0.139415
2016-07-08,0.133657
2016-07-09,0.127413
2016-07-10,0.12068
2016-07-11,0.113941
2016-07-12,0.107193
2016-07-13,0.100433
2016-07-14,0.09366
2016-07-15,0.086869
2016-07-16,0.080058
2016-07-17,0.073225
2016-07-18,0.066189
2016-07-19,0.058949
2016-07-20,0.051501
2016-07-21,0.043841
2016-07-22,0.035968
2016-07-23,0.027877
2016-07-24,0.019565
2016-07-25,0.010937
2016-07-26,0.001989
2016-07-27,-0.007282
2016-07-28,-0.01688
2016-07-29,-0.02681
2016-07-30,-0.037075
2016-07-31,-0.04768
2016-08-01,-0.058769
2016-08-02,-0.069254
2016-08-03,-0.079138
2016-08-04,-0.088427
2016-08-05,-0.097123
2016-08-06,-0.105231
2016-08-07,-0.112753
2016-08-08,-0.119701
2016-08-09,-0.126076
2016-08-10,-0.131881
2016-08-11,-0.137118
2016-08-12,-0.141791
2016-08-13,-0.1459
2016-08-14,-0.149448
2016-08-15,-0.152395
2016-08-16,-0.154742
2016-08-17,-0.156489
2016-08-18,-0.157638
2016-08-19,-0.15819
2016-08-20,-0.158144
2016-08-21,-0.1575
2016-08-22,-0.156392
2016-08-23,-0.154821
2016-08-24,-0.152785
2016-08-25,-0.150284
2016-08-26,-0.147316
2016-08-27,-0.143881
2016-08-28,-0.139976
2016-08-29,-0.135646
2016-08-30,-0.130889
2016-08-31,-0.125702
2016-09-01,-0.120085
2016-09-02,-0.115037
2016-09-03,-0.110558
2016-09-04,-0.106646
2016-09-05,-0.103344
2016-09-06,-0.100653
2016-09-07,-0.098571
2016-09-08,-0.097096
2016-09-09,-0.096229
2016-09-10,-0.095969
2016-09-11,-0.096316
2016-09-12,-0.097141
2016-09-13,-0.098444
2016-09-14,-0.100226
2016-09-15,-0.102487
2016-09-16,-0.105228
2016-09-17,-0.108452
2016-09-18,-0.112157
2016-09-19,-0.116398
2016-09-20,-0.121174
2016-09-21,-0.126489
2016-09-22,-0.132344
2016-09-23,-0.138741
2016-09-24,-0.145684
2016-09-25,-0.153176
2016-09-26,-0.161182
2016-09-27,-0.169708
2016-09-28,-0.178755
2016-09-29,-0.188329
2016-09-30,-0.198432
2016-10-01,-0.20907
2016-10-02,-0.219691
2016-10-03,-0.229996
2016-10-04,-0.239989
2016-10-05,-0.249673
2016-10-06,-0.259054
2016-10-07,-0.268134
2016-10-08,-0.276917
2016-10-09,-0.285408
2016-10-10,-0.29325
2016-10-11,-0.300448
2016-10-12,-0.307004
2016-10-13,-0.312921
2016-10-14,-0.318201
2016-10-15,-0.322847
2016-10-16,-0.326861
2016-10-17,-0.331132
2016-10-18,-0.335662
2016-10-19,-0.340453
2016-10-20,-0.345507
2016-10-21,-0.350827
2016-10-22,-0.356414
2016-10-23,-0.362271
2016-10-24,-0.367693
2016-10-25,-0.372681
2016-10-26,-0.377239
2016-10-27,-0.381368
2016-10-28,-0.385069
2016-10-29,-0.388345
2016-10-30,-0.391196
2016-10-31,-0.394695
2016-11-01,-0.398843
2016-11-02,-0.40221
2016-11-03,-0.404797
2016-11-04,-0.406606
2016-11-05,-0.407637
2016-11-06,-0.40789
2016-11-07,-0.407516
2016-11-08,-0.406517
2016-11-09,-0.404891
2016-11-10,-0.402637
2016-11-11,-0.399755
2016-11-12,-0.396244
2016-11-13,-0.392101
2016-11-14,-0.385904
2016-11-15,-0.377648
2016-11-16,-0.367331
2016-11-17,-0.354948
2016-11-18,-0.340495
2016-11-19,-0.323965
2016-11-20,-0.305351
2016-11-21,-0.284841
2016-11-22,-0.262427
2016-11-23,-0.2381
2016-11-24,-0.211848
2016-11-25,-0.183662
2016-11-26,-0.15353
2016-11-27,-0.121439
2016-11-28,-0.088061
2016-11-29,-0.053383
2016-11-30,-0.01739
2016-12-01,0.019933
2016-12-02,0.054894
2016-12-03,0.087507
2016-12-04,0.117786
2016-12-05,0.146253
2016-12-06,0.172921
2016-12-07,0.197799
2016-12-08,0.220899
2016-12-09,0.24223
2016-12-10,0.2618
2016-12-11,0.279618
2016-12-12,0.29589
2016-12-13,0.310621
2016-12-14,0.323818
2016-12-15,0.335487
2016-12-16,0.345631
2016-12-17,0.354256
2016-12-18,0.361366
2016-12-19,0.366481
2016-12-20,0.369605
2016-12-21,0.370739
2016-12-22,0.369883
2016-12-23,0.367038
2016-12-24,0.3622
2016-12-25,0.35537
2016-12-26,0.346086
2016-12-27,0.334343
2016-12-28,0.320137
2016-12-29,0.303463
2016-12-30,0.284312
2016-12-31,0.262678
2017-01-01,0.238552
2017-01-02,0.214989
2017-01-03,0.191979
2017-01-04,0.169513
2017-01-05,0.147582
2017-01-06,0.126177
2017-01-07,0.105289
2017-01-08,0.084909
2017-01-09,0.064744
2017-01-10,0.044786
2017-01-11,0.025027
2017-01-12,0.005459
2017-01-13,-0.013927
2017-01-14,-0.033138
2017-01-15,-0.052183
2017-01-16,-0.070415
2017-01-17,-0.087842
2017-01-18,-0.10447
2017-01-19,-0.120306
2017-01-20,-0.135358
2017-01-21,-0.14963
2017-01-22,-0.16313
2017-01-23,-0.176717
2017-01-24,-0.190397
2017-01-25,-0.204174
2017-01-26,-0.218055
2017-01-27,-0.232045
2017-01-28,-0.246151
2017-01-29,-0.260378
2017-01-30,-0.274842
2017-01-31,-0.28955
2017-02-01,-0.304507
2017-02-02,-0.318689
2017-02-03,-0.332102
2017-02-04,-0.34475
2017-02-05,-0.35664
2017-02-06,-0.367168
2017-02-07,-0.376338
2017-02-08,-0.384154
2017-02-09,-0.390618
2017-02-10,-0.395735
2017-02-11,-0.399505
2017-02-12,-0.401931
2017-02-13,-0.402967
2017-02-14,-0.402614
2017-02-15,-0.40087
2017-02-16,-0.397737
2017-02-17,-0.393212
2017-02-18,-0.387293
2017-02-19,-0.379978
2017-02-20,-0.372154
2017-02-21,-0.363817
2017-02-22,-0.354964
2017-02-23,-0.34559
2017-02-24,-0.335693
2017-02-25,-0.325269
2017-02-26,-0.314311
2017-02-27,-0.301433
2017-02-28,-0.286627
2017-03-01,-0.269888
2017-03-02,-0.25278
2017-03-03,-0.235295
2017-03-04,-0.217427
2017-03-05,-0.199168
2017-03-06,-0.181514
2017-03-07,-0.164458
2017-03-08,-0.147993
2017-03-09,-0.132112
2017-03-10,-0.116809
2017-03-11,-0.102078
2017-03-12,-0.087912
2017-03-13,-0.073628
2017-03-14,-0.059221
2017-03-15,-0.044685
2017-03-16,-0.030014
2017-03-17,-0.015201
2017-03-18,-0.000241
2017-03-19,0.014873
2017-03-20,0.029896
2017-03-21,0.044835
2017-03-22,0.059695
2017-03-23,0.074483
2017-03-24,0.089205
2017-03-25,0.103867
2017-03-26,0.118475
2017-03-27,0.132104
2017-03-28,0.144758
2017-03-29,0.156443
2017-03-30,0.167163
2017-03-31,0.176924
2017-04-01,0.18573
2017-04-02,0.192886
2017-04-03,0.199549
2017-04-04,0.205721
2017-04-05,0.211405
2017-04-06,0.216604
2017-04-07,0.221318
2017-04-08,0.225551
2017-04-09,0.229304
2017-04-10,0.232723
2017-04-11,0.235809
2017-04-12,0.238564
2017-04-13,0.240989
2017-04-14,0.243084
2017-04-15,0.244851
2017-04-16,0.24629
2017-04-17,0.247323
2017-04-18,0.247951
2017-04-19,0.248173
2017-04-20,0.247989
2017-04-21,0.2474
2017-04-22,0.246406
2017-04-23,0.245005
2017-04-24,0.24262
2017-04-25,0.239249
2017-04-26,0.234891
2017-04-27,0.229544
2017-04-28,0.223205
2017-04-29,0.215873
2017-04-30,0.207544
2017-05-01,0.198518
2017-05-02,0.189638
2017-05-03,0.180902
2017-05-04,0.172306
2017-05-05,0.163847
2017-05-06,0.15552
2017-05-07,0.147323
2017-05-08,0.139247
2017-05-09,0.131288
2017-05-10,0.123443
2017-05-11,0.11571
2017-05-12,0.108084
2017-05-13,0.100563
2017-05-14,0.093144
2017-05-15,0.085863
2017-05-16,0.078718
2017-05-17,0.071706
2017-05-18,0.064824
2017-05-19,0.058069
2017-05-20,0.051438
2017-05-21,0.044929
2017-05-22,0.03921
2017-05-23,0.03428
2017-05-24,0.030136
2017-05-25,0.026776
2017-05-26,0.024199
2017-05-27,0.022404
2017-05-28,0.021391
2017-05-29,0.020321
2017-05-30,0.019195
2017-05-31,0.018012
2017-06-01,0.016772
2017-06-02,0.015344
2017-06-03,0.013729
2017-06-04,0.011924
2017-06-05,0.009746
2017-06-06,0.007195
2017-06-07,0.004268
2017-06-08,0.000966
2017-06-09,-0.002714
2017-06-10,-0.006774
2017-06-11,-0.011213
2017-06-12,-0.015596
2017-06-13,-0.019924
2017-06-14,-0.024197
2017-06-15,-0.028419
2017-06-16,-0.032591
2017-06-17,-0.036714
2017-06-18,-0.040791
2017-06-19,-0.045092
2017-06-20,-0.049617
2017-06-21,-0.05437
2017-06-22,-0.059353
2017-06-23,-0.064567
2017-06-24,-0.070014
2017-06-25,-0.075697
2017-06-26,-0.08113
2017-06-27,-0.086315
2017-06-28,-0.091254
2017-06-29,-0.09595
2017-06-30,-0.100404
2017-07-01,-0.104619
2017-07-02,-0.10838
2017-07-03,-0.111952
2017-07-04,-0.115337
2017-07-05,-0.118536
2017-07-06,-0.12155
2017-07-07,-0.12438
2017-07-08,-0.127029
2017-07-09,-0.129496
2017-07-10,-0.132546
2017-07-11,-0.136181
2017-07-12,-0.140401
2017-07-13,-0.145209
2017-07-14,-0.150606
2017-07-15,-0.156595
2017-07-16,-0.163178
2017-07-17,-0.169569
2017-07-18,-0.17577
2017-07-19,-0.181784
2017-07-20,-0.187614
2017-07-21,-0.193261
2017-07-22,-0.198728
2017-07-23,-0.204018
2017-07-24,-0.209492
2017-07-25,-0.215152
2017-07-26,-0.221001
2017-07-27,-0.227041
2017-07-28,-0.233275
2017-07-29,-0.239705
2017-07-30,-0.246334
2017-07-31,-0.252589
2017-08-01,-0.258473
2017-08-02,-0.263642
2017-08-03,-0.268099
2017-08-04,-0.271845
2017-08-05,-0.274881
2017-08-06,-0.27721
2017-08-07,-0.279634
2017-08-08,-0.282152
2017-08-09,-0.284768
2017-08-10,-0.287481
2017-08-11,-0.290293
2017-08-12,-0.293204
2017-08-13,-0.296217
2017-08-14,-0.29894
2017-08-15,-0.301373
2017-08-16,-0.303519
2017-08-17,-0.305377
2017-08-18,-0.306948
2017-08-19,-0.308234
2017-08-20,-0.309235
2017-08-21,-0.309861
2017-08-22,-0.310114
2017-08-23,-0.309993
2017-08-24,-0.309498
2017-08-25,-0.308629
2017-08-26,-0.307386
2017-08-27,-0.305768
2017-08-28,-0.301613
2017-08-29,-0.294918
2017-08-30,-0.285682
2017-08-31,-0.2739
2017-09-01,-0.259567
2017-09-02,-0.242419
2017-09-03,-0.222449
2017-09-04,-0.202591
2017-09-05,-0.182838
2017-09-06,-0.163182
2017-09-07,-0.143613
2017-09-08,-0.124125
2017-09-09,-0.104708
2017-09-10,-0.085356
2017-09-11,-0.066153
2017-09-12,-0.047092
2017-09-13,-0.028165
2017-09-14,-0.009363
2017-09-15,0.009321
2017-09-16,0.027894
2017-09-17,0.046365
2017-09-18,0.065724
2017-09-19,0.085978
2017-09-20,0.107137
2017-09-21,0.129209
2017-09-22,0.152204
2017-09-23,0.17613
2017-09-24,0.200997
2017-09-25,0.226524
2017-09-26,0.252722
2017-09-27,0.2796
2017-09-28,0.30717
2017-09-29,0.335444
2017-09-30,0.364432
2017-10-01,0.394148
2017-10-02,0.422236
2017-10-03,0.448707
2017-10-04,0.473573
2017-10-05,0.496843
2017-10-06,0.518528
2017-10-07,0.538636
2017-10-08,0.557176
2017-10-09,0.573756
2017-10-10,0.588383
2017-10-11,0.601063
2017-10-12,0.611801
2017-10-13,0.620603
2017-10-14,0.62747
2017-10-15,0.632407
2017-10-16,0.636435
2017-10-17,0.639556
2017-10-18,0.64177
2017-10-19,0.64308
2017-10-20,0.643484
2017-10-21,0.642985
2017-10-22,0.64158
2017-10-23,0.639006
2017-10-24,0.635262
2017-10-25,0.630345
2017-10-26,0.624254
2017-10-27,0.616986
2017-10-28,0.608538
2017-10-29,0.598907
2017-10-30,0.588397
2017-10-31,0.577002
2017-11-01,0.564718
2017-11-02,0.552951
2017-11-03,0.541695
2017-11-04,0.530946
2017-11-05,0.520699
2017-11-06,0.510905
2017-11-07,0.50156
2017-11-08,0.492659
2017-11-09,0.4842
2017-11-10,0.476179
2017-11-11,0.468592
2017-11-12,0.461436
2017-11-13,0.45408
2017-11-14,0.44652
2017-11-15,0.438754
2017-11-16,0.430779
2017-11-17,0.42259
2017-11-18,0.414186
2017-11-19,0.405561
2017-11-20,0.396923
2017-11-21,0.388267
2017-11-22,0.37959
2017-11-23,0.370889
2017-11-24,0.362159
2017-11-25,0.353398
2017-11-26,0.344601
2017-11-27,0.3358
2017-11-28,0.326991
2017-11-29,0.318171
2017-11-30,0.309336
2017-12-01,0.300482
2017-12-02,0.291062
2017-12-03,0.281073
2017-12-04,0.270049
2017-12-05,0.257988
2017-12-06,0.244884
2017-12-07,0.230731
2017-12-08,0.215523
2017-12-09,0.199255
2017-12-10,0.181919
2017-12-11,0.164697
2017-12-12,0.14758
2017-12-13,0.130563
2017-12-14,0.113637
2017-12-15,0.096797
2017-12-16,0.080034
2017-12-17,0.063343
2017-12-18,0.046359
2017-12-19,0.029076
2017-12-20,0.011487
2017-12-21,-0.006416
2017-12-22,-0.02464
2017-12-23,-0.043193
2017-12-24,-0.062082
2017-12-25,-0.081771
2017-12-26,-0.10227
2017-12-27,-0.123586
2017-12-28,-0.145728
2017-12-29,-0.168705
2017-12-30,-0.192527
2017-12-31,-0.217204
2018-01-01,-0.242452
2018-01-02,-0.265586
2018-01-03,-0.286617
2018-01-04,-0.305552
2018-01-05,-0.322399
2018-01-06,-0.337166
2018-01-07,-0.349859
2018-01-08,-0.361658
2018-01-09,-0.372566
2018-01-10,-0.38259
2018-01-11,-0.391733
2018-01-12,-0.399998
2018-01-13,-0.40739
2018-01-14,-0.413912
2018-01-15,-0.41856
2018-01-16,-0.421336
2018-01-17,-0.422242
2018-01-18,-0.421278
2018-01-19,-0.418444
2018-01-20,-0.413738
2018-01-21,-0.407159
2018-01-22,-0.398878
2018-01-23,-0.38889
2018-01-24,-0.377193
2018-01-25,-0.36378
2018-01-26,-0.348647
2018-01-27,-0.331788
2018-01-28,-0.313195
2018-01-29,-0.292895
2018-01-30,-0.270879
2018-01-31,-0.247138
2018-02-01,-0.221663
2018-02-02,-0.197368
2018-02-03,-0.174245
2018-02-04,-0.152283
2018-02-05,-0.131235
2018-02-06,-0.111095
2018-02-07,-0.091852
2018-02-08,-0.0735
2018-02-09,-0.05603
2018-02-10,-0.039436
2018-02-11,-0.02371
2018-02-12,-0.009148
2018-02-13,0.004257
2018-02-14,0.016509
2018-02-15,0.027615
2018-02-16,0.037578
2018-02-17,0.046403
2018-02-18,0.054094
2018-02-19,0.060787
2018-02-20,0.066486
2018-02-21,0.071193
2018-02-22,0.07491
2018-02-23,0.077638
2018-02-24,0.079379
2018-02-25,0.080134
2018-02-26,0.080574
2018-02-27,0.0807
2018-02-28,0.080511
2018-03-01,0.080009
2018-03-02,0.080292
2018-03-03,0.081361
2018-03-04,0.083217
2018-03-05,0.08511
2018-03-06,0.087041
2018-03-07,0.089011
2018-03-08,0.09102
2018-03-09,0.09307
2018-03-10,0.095161
2018-03-11,0.097295
2018-03-12,0.099783
2018-03-13,0.102625
2018-03-14,0.105825
2018-03-15,0.109381
2018-03-16,0.113297
2018-03-17,0.117574
2018-03-18,0.122213
2018-03-19,0.126952
2018-03-20,0.131794
2018-03-21,0.13674
2018-03-22,0.141792
2018-03-23,0.146953
2018-03-24,0.152224
2018-03-25,0.157609
2018-03-26,0.163782
2018-03-27,0.170747
2018-03-28,0.178507
2018-03-29,0.187066
2018-03-30,0.196425
2018-03-31,0.20659
2018-04-01,0.217565
2018-04-02,0.227594
2018-04-03,0.236682
2018-04-04,0.244833
2018-04-05,0.25205
2018-04-06,0.258337
2018-04-07,0.263694
2018-04-08,0.268126
2018-04-09,0.271639
2018-04-10,0.274235
2018-04-11,0.275914
2018-04-12,0.276678
2018-04-13,0.276527
2018-04-14,0.275461
2018-04-15,0.273479
2018-04-16,0.269187
2018-04-17,0.262584
2018-04-18,0.253666
2018-04-19,0.24243
2018-04-20,0.228871
2018-04-21,0.212984
2018-04-22,0.194762
2018-04-23,0.175546
2018-04-24,0.155328
2018-04-25,0.1341
2018-04-26,0.111853
2018-04-27,0.088578
2018-04-28,0.064265
2018-04-29,0.038905
2018-04-30,0.012469
2018-05-01,-0.015052
2018-05-02,-0.041139
2018-05-03,-0.065801
2018-05-04,-0.089049
2018-05-05,-0.110893
2018-05-06,-0.131341
2018-05-07,-0.150012
2018-05-08,-0.166912
2018-05-09,-0.182049
2018-05-10,-0.195428
2018-05-11,-0.207057
2018-05-12,-0.216938
2018-05-13,-0.225077
2018-05-14,-0.231605
2018-05-15,-0.236527
2018-05-16,-0.239843
2018-05-17,-0.241555
2018-05-18,-0.241664
2018-05-19,-0.240169
2018-05-20,-0.237071
2018-05-21,-0.233076
2018-05-22,-0.228183
2018-05-23,-0.22239
2018-05-24,-0.215694
2018-05-25,-0.208092
2018-05-26,-0.199582
2018-05-27,-0.19016
2018-05-28,-0.179418
2018-05-29,-0.167353
2018-05-30,-0.153959
2018-05-31,-0.13923
2018-06-01,-0.123162
2018-06-02,-0.107875
2018-06-03,-0.093364
2018-06-04,-0.079701
2018-06-05,-0.06688
2018-06-06,-0.054896
2018-06-07,-0.043744
2018-06-08,-0.03342
2018-06-09,-0.023919
2018-06-10,-0.015237
2018-06-11,-0.007501
2018-06-12,-0.000706
2018-06-13,0.00515
2018-06-14,0.01007
2018-06-15,0.014055
2018-06-16,0.017107
2018-06-17,0.019228
2018-06-18,0.020774
2018-06-19,0.021748
2018-06-20,0.022149
2018-06-21,0.021978
2018-06-22,0.021234
2018-06-23,0.019917
2018-06-24,0.018027
2018-06-25,0.015656
2018-06-26,0.012802
2018-06-27,0.009465
2018-06-28,0.005643
2018-06-29,0.001334
2018-06-30,-0.003463
2018-07-01,-0.00875
2018-07-02,-0.013549
2018-07-03,-0.017861
2018-07-04,-0.021689
2018-07-05,-0.025034
2018-07-06,-0.027897
2018-07-07,-0.03028
2018-07-08,-0.032184
2018-07-09,-0.033578
2018-07-10,-0.034463
2018-07-11,-0.034841
2018-07-12,-0.03471
2018-07-13,-0.034072
2018-07-14,-0.032925
2018-07-15,-0.031269
2018-07-16,-0.028395
2018-07-17,-0.024301
2018-07-18,-0.018986
2018-07-19,-0.012447
2018-07-20,-0.004682
2018-07-21,0.004312
2018-07-22,0.014539
2018-07-23,0.025657
2018-07-24,0.037671
2018-07-25,0.050585
2018-07-26,0.064405
2018-07-27,0.079136
2018-07-28,0.094785
2018-07-29,0.111358
2018-07-30,0.129141
2018-07-31,0.148141
2018-08-01,0.168366
2018-08-02,0.187257
2018-08-03,0.204823
2018-08-04,0.221071
2018-08-05,0.236006
2018-08-06,0.249336
2018-08-07,0.261066
2018-08-08,0.2712
2018-08-09,0.279744
2018-08-10,0.286699
2018-08-11,0.29207
2018-08-12,0.295858
2018-08-13,0.298289
2018-08-14,0.299363
2018-08-15,0.299081
2018-08-16,0.297443
2018-08-17,0.294448
2018-08-18,0.290095
2018-08-19,0.284382
2018-08-20,0.277438
2018-08-21,0.26926
2018-08-22,0.259846
2018-08-23,0.249191
2018-08-24,0.23729
2018-08-25,0.22414
2018-08-26,0.209733
2018-08-27,0.193429
2018-08-28,0.17522
2018-08-29,0.155099
2018-08-30,0.133058
2018-08-31,0.109087
2018-09-01,0.083176
2018-09-02,0.057537
2018-09-03,0.032715
2018-09-04,0.008699
2018-09-05,-0.01452
2018-09-06,-0.036953
2018-09-07,-0.058608
2018-09-08,-0.079494
2018-09-09,-0.099621
2018-09-10,-0.119053
2018-09-11,-0.137798
2018-09-12,-0.155866
2018-09-13,-0.173262
2018-09-14,-0.189994
2018-09-15,-0.206069
2018-09-16,-0.221494
2018-09-17,-0.236419
2018-09-18,-0.250851
2018-09-19,-0.264796
2018-09-20,-0.27826
2018-09-21,-0.291247
2018-09-22,-0.303764
2018-09-23,-0.315816
2018-09-24,-0.327148
2018-09-25,-0.337765
2018-09-26,-0.347671
2018-09-27,-0.356871
2018-09-28,-0.365367
2018-09-29,-0.373165
2018-09-30,-0.380266
2018-10-01,-0.386854
2018-10-02,-0.393037
2018-10-03,-0.398819
2018-10-04,-0.404201
2018-10-05,-0.409185
2018-10-06,-0.413774
2018-10-07,-0.41797
2018-10-08,-0.421956
2018-10-09,-0.425734
2018-10-10,-0.429305
2018-10-11,-0.432672
2018-10-12,-0.435835
2018-10-13,-0.438795
2018-10-14,-0.441555
2018-10-15,-0.44358
2018-10-16,-0.444872
2018-10-17,-0.445431
2018-10-18,-0.445258
2018-10-19,-0.444352
2018-10-20,-0.442712
2018-10-21,-0.44034
2018-10-22,-0.43767
2018-10-23,-0.434703
2018-10-24,-0.431437
2018-10-25,-0.427871
2018-10-26,-0.424003
2018-10-27,-0.419831
2018-10-28,-0.415355
2018-10-29,-0.410434
2018-10-30,-0.405068
2018-10-31,-0.399252
2018-11-01,-0.392986
2018-11-02,-0.386721
2018-11-03,-0.380452
2018-11-04,-0.374179
2018-11-05,-0.367846
2018-11-06,-0.361451
2018-11-07,-0.354991
2018-11-08,-0.348463
2018-11-09,-0.341865
2018-11-10,-0.335195
2018-11-11,-0.328449
2018-11-12,-0.32157
2018-11-13,-0.314557
2018-11-14,-0.307407
2018-11-15,-0.300116
2018-11-16,-0.292681
2018-11-17,-0.285099
2018-11-18,-0.277368
2018-11-19,-0.269114
2018-11-20,-0.260333
2018-11-21,-0.251022
2018-11-22,-0.241177
2018-11-23,-0.230794
2018-11-24,-0.219869
2018-11-25,-0.208397
2018-11-26,-0.197116
2018-11-27,-0.186021
2018-11-28,-0.175108
2018-11-29,-0.164373
2018-11-30,-0.15381
2018-12-01,-0.143416
2018-12-02,-0.133978
2018-12-03,-0.126345
2018-12-04,-0.120514
2018-12-05,-0.116483
2018-12-06,-0.11425
2018-12-07,-0.113814
2018-12-08,-0.115175
2018-12-09,-0.118333
2018-12-10,-0.121835
2018-12-11,-0.125682
2018-12-12,-0.129874
2018-12-13,-0.134415
2018-12-14,-0.139306
2018-12-15,-0.144548
2018-12-16,-0.150145
2018-12-17,-0.156003
2018-12-18,-0.162124
2018-12-19,-0.168511
2018-12-20,-0.175167
2018-12-21,-0.182094
2018-12-22,-0.189295
2018-12-23,-0.196774
2018-12-24,-0.204572
2018-12-25,-0.212692
2018-12-26,-0.221138
2018-12-27,-0.229912
2018-12-28,-0.23902
2018-12-29,-0.248465
2018-12-30,-0.258249
2018-12-31,-0.269409
2019-01-01,-0.281949
2019-01-02,-0.294823
2019-01-03,-0.308037
2019-01-04,-0.321596
2019-01-05,-0.335505
2019-01-06,-0.34977
2019-01-07,-0.364153
2019-01-08,-0.378659
2019-01-09,-0.393295
2019-01-10,-0.408066
2019-01-11,-0.422979
2019-01-12,-0.43804
2019-01-13,-0.453254
2019-01-14,-0.468514
2019-01-15,-0.483824
2019-01-16,-0.499191
2019-01-17,-0.514623
2019-01-18,-0.530124
2019-01-19,-0.545702
2019-01-20,-0.561362
2019-01-21,-0.576049
2019-01-22,-0.589769
2019-01-23,-0.602527
2019-01-24,-0.614329
2019-01-25,-0.625179
2019-01-26,-0.635082
2019-01-27,-0.644042
2019-01-28,-0.653037
2019-01-29,-0.662071
2019-01-30,-0.671148
2019-01-31,-0.680271
2019-02-01,-0.689444
2019-02-02,-0.697417
2019-02-03,-0.704191
2019-02-04,-0.709956
2019-02-05,-0.714716
2019-02-06,-0.718472
2019-02-07,-0.721225
2019-02-08,-0.722977
2019-02-09,-0.723728
2019-02-10,-0.723479
2019-02-11,-0.722641
2019-02-12,-0.721213
2019-02-13,-0.719195
2019-02-14,-0.716585
2019-02-15,-0.713383
2019-02-16,-0.709588
2019-02-17,-0.705198
2019-02-18,-0.699099
2019-02-19,-0.69129
2019-02-20,-0.681766
2019-02-21,-0.670525
2019-02-22,-0.657561
2019-02-23,-0.642869
2019-02-24,-0.626443
2019-02-25,-0.608927
2019-02-26,-0.590314
2019-02-27,-0.570596
2019-02-28,-0.549766
2019-03-01,-0.527814
2019-03-02,-0.507335
2019-03-03,-0.488321
2019-03-04,-0.47044
2019-03-05,-0.453685
2019-03-06,-0.438049
2019-03-07,-0.423526
2019-03-08,-0.410109
2019-03-09,-0.397794
2019-03-10,-0.386574
2019-03-11,-0.376795
2019-03-12,-0.368452
2019-03-13,-0.361542
2019-03-14,-0.356062
2019-03-15,-0.35201
2019-03-16,-0.349383
2019-03-17,-0.348182
2019-03-18,-0.348231
2019-03-19,-0.349529
2019-03-20,-0.352079
2019-03-21,-0.35588
2019-03-22,-0.360935
2019-03-23,-0.367245
2019-03-24,-0.374813
2019-03-25,-0.383875
2019-03-26,-0.394434
2019-03-27,-0.406496
2019-03-28,-0.420065
2019-03-29,-0.435147
2019-03-30,-0.451747
2019-03-31,-0.469874
2019-04-01,-0.489554
2019-04-02,-0.508454
2019-04-03,-0.526582
2019-04-04,-0.543945
2019-04-05,-0.560551
2019-04-06,-0.576406
2019-04-07,-0.591518
2019-04-08,-0.605551
2019-04-09,-0.618512
2019-04-10,-0.630406
2019-04-11,-0.641238
2019-04-12,-0.651011
2019-04-13,-0.659732
2019-04-14,-0.667402
2019-04-15,-0.672951
2019-04-16,-0.676381
2019-04-17,-0.677693
2019-04-18,-0.676889
2019-04-19,-0.673967
2019-04-20,-0.668926
2019-04-21,-0.661765
2019-04-22,-0.653481
2019-04-23,-0.644073
2019-04-24,-0.633535
2019-04-25,-0.621863
2019-04-26,-0.609054
2019-04-27,-0.5951
2019-04-28,-0.579997
2019-04-29,-0.563769
2019-04-30,-0.54641
2019-05-01,-0.527914
2019-05-02,-0.509728
2019-05-03,-0.491845
2019-05-04,-0.474258
2019-05-05,-0.45696
2019-05-06,-0.440559
2019-05-07,-0.425048
2019-05-08,-0.41042
2019-05-09,-0.39667
2019-05-10,-0.383792
2019-05-11,-0.37178
2019-05-12,-0.36063
2019-05-13,-0.349622
2019-05-14,-0.338753
2019-05-15,-0.328019
2019-05-16,-0.317413
2019-05-17,-0.306932
2019-05-18,-0.296573
2019-05-19,-0.286329
2019-05-20,-0.276007
2019-05-21,-0.265602
2019-05-22,-0.25511
2019-05-23,-0.244525
2019-05-24,-0.233845
2019-05-25,-0.223064
2019-05-26,-0.212178
2019-05-27,-0.201437
2019-05-28,-0.190835
2019-05-29,-0.180369
2019-05-30,-0.170034
2019-05-31,-0.159826
2019-06-01,-0.149741
2019-06-02,-0.14058
2019-06-03,-0.13224
2019-06-04,-0.12472
2019-06-05,-0.118015
2019-06-06,-0.112123
2019-06-07,-0.107041
2019-06-08,-0.102768
2019-06-09,-0.099302
2019-06-10,-0.097174
2019-06-11,-0.096384
2019-06-12,-0.096932
2019-06-13,-0.098818
2019-06-14,-0.102042
2019-06-15,-0.106607
2019-06-16,-0.112513
2019-06-17,-0.118609
2019-06-18,-0.124897
2019-06-19,-0.131379
2019-06-20,-0.138058
2019-06-21,-0.144938
2019-06-22,-0.15202
2019-06-23,-0.159308
2019-06-24,-0.167917
2019-06-25,-0.177849
2019-06-26,-0.189109
2019-06-27,-0.201701
2019-06-28,-0.215631
2019-06-29,-0.230905
2019-06-30,-0.247529
2019-07-01,-0.265664
2019-07-02,-0.282422
2019-07-03,-0.297811
2019-07-04,-0.311837
2019-07-05,-0.324505
2019-07-06,-0.335822
2019-07-07,-0.34579
2019-07-08,-0.354121
2019-07-09,-0.360816
2019-07-10,-0.365879
2019-07-11,-0.369312
2019-07-12,-0.371115
2019-07-13,-0.371291
2019-07-14,-0.369839
2019-07-15,-0.366987
2019-07-16,-0.362732
2019-07-17,-0.357075
2019-07-18,-0.350011
2019-07-19,-0.341539
2019-07-20,-0.331654
2019-07-21,-0.320353
2019-07-22,-0.307048
2019-07-23,-0.291733
2019-07-24,-0.274401
2019-07-25,-0.255046
2019-07-26,-0.233659
2019-07-27,-0.210232
2019-07-28,-0.184755
2019-07-29,-0.157283
2019-07-30,-0.127806
2019-07-31,-0.09631
2019-08-01,-0.062784
2019-08-02,-0.031246
2019-08-03,-0.001685
2019-08-04,0.025914
2019-08-05,0.051673
2019-08-06,0.075604
2019-08-07,0.097716
2019-08-08,0.118018
2019-08-09,0.13652
2019-08-10,0.153227
2019-08-11,0.168149
2019-08-12,0.1809
2019-08-13,0.191488
2019-08-14,0.199916
2019-08-15,0.206188
2019-08-16,0.210306
2019-08-17,0.212273
2019-08-18,0.212088
2019-08-19,0.210241
2019-08-20,0.206732
2019-08-21,0.201558
2019-08-22,0.194718
2019-08-23,0.186208
2019-08-24,0.176026
2019-08-25,0.164167
2019-08-26,0.150444
2019-08-27,0.13485
2019-08-28,0.11738
2019-08-29,0.098026
2019-08-30,0.07678
2019-08-31,0.053634
2019-09-01,0.028578
2019-09-02,0.003265
2019-09-03,-0.022315
2019-09-04,-0.048174
2019-09-05,-0.074321
2019-09-06,-0.100768
2019-09-07,-0.127525
2019-09-08,-0.154603
2019-09-09,-0.181774
2019-09-10,-0.209048
2019-09-11,-0.236438
2019-09-12,-0.263953
2019-09-13,-0.291607
2019-09-14,-0.319409
2019-09-15,-0.347372
2019-09-16,-0.375171
2019-09-17,-0.402817
2019-09-18,-0.430322
2019-09-19,-0.457698
2019-09-20,-0.484956
2019-09-21,-0.512106
2019-09-22,-0.539161
2019-09-23,-0.566235
2019-09-24,-0.59334
2019-09-25,-0.620487
2019-09-26,-0.647688
2019-09-27,-0.674953
2019-09-28,-0.702294
2019-09-29,-0.729722
2019-09-30,-0.757714
2019-10-01,-0.786281
2019-10-02,-0.812723
2019-10-03,-0.837049
2019-10-04,-0.85927
2019-10-05,-0.879394
2019-10-06,-0.897431
2019-10-07,-0.912868
2019-10-08,-0.925712
2019-10-09,-0.935968
2019-10-10,-0.943641
2019-10-11,-0.948733
2019-10-12,-0.951246
2019-10-13,-0.951183
2019-10-14,-0.94903
2019-10-15,-0.944786
2019-10-16,-0.938451
2019-10-17,-0.930021
2019-10-18,-0.919494
2019-10-19,-0.906864
2019-10-20,-0.892126
2019-10-21,-0.874819
2019-10-22,-0.854935
2019-10-23,-0.832467
2019-10-24,-0.807405
2019-10-25,-0.779739
2019-10-26,-0.749456
2019-10-27,-0.716546
2019-10-28,-0.681232
2019-10-29,-0.643501
2019-10-30,-0.603337
2019-10-31,-0.560724
2019-11-01,-0.515643
2019-11-02,-0.47325
2019-11-03,-0.433526
2019-11-04,-0.395799
2019-11-05,-0.360052
2019-11-06,-0.32627
2019-11-07,-0.29444
2019-11-08,-0.264549
2019-11-09,-0.236584
2019-11-10,-0.210533
2019-11-11,-0.186846
2019-11-12,-0.165514
2019-11-13,-0.146528
2019-11-14,-0.129879
2019-11-15,-0.115562
2019-11-16,-0.103569
2019-11-17,-0.093896
2019-11-18,-0.08698
2019-11-19,-0.082817
2019-11-20,-0.081405
2019-11-21,-0.082744
2019-11-22,-0.086835
2019-11-23,-0.093679
2019-11-24,-0.103278
2019-11-25,-0.114845
2019-11-26,-0.128383
2019-11-27,-0.143898
2019-11-28,-0.161396
2019-11-29,-0.180885
2019-11-30,-0.202373
2019-12-01,-0.225868
2019-12-02,-0.247501
2019-12-03,-0.267281
2019-12-04,-0.285216
2019-12-05,-0.301314
2019-12-06,-0.315581
2019-12-07,-0.328023
2019-12-08,-0.338646
2019-12-09,-0.348658
2019-12-10,-0.358064
2019-12-11,-0.366867
2019-12-12,-0.375072
2019-12-13,-0.382682
2019-12-14,-0.389699
2019-12-15,-0.396127
2019-12-16,-0.401761
2019-12-17,-0.406602
2019-12-18,-0.410654
2019-12-19,-0.413916
2019-12-20,-0.416392
2019-12-21,-0.418081
2019-12-22,-0.418985
2019-12-23,-0.418796
2019-12-24,-0.417515
2019-12-25,-0.41514
2019-12-26,-0.411671
2019-12-27,-0.407106
2019-12-28,-0.401444
2019-12-29,-0.394682
2019-12-30,-0.38717
2019-12-31,-0.378906
2020-01-01,-0.369887
2020-01-02,-0.360629
2020-01-03,-0.351129
2020-01-04,-0.341383
2020-01-05,-0.331387
2020-01-06,-0.321586
2020-01-07,-0.311977
2020-01-08,-0.302555
2020-01-09,-0.293317
2020-01-10,-0.284258
2020-01-11,-0.275375
2020-01-12,-0.266664
2020-01-13,-0.25674
2020-01-14,-0.245597
2020-01-15,-0.233233
2020-01-16,-0.219641
2020-01-17,-0.204815
2020-01-18,-0.188751
2020-01-19,-0.17144
2020-01-20,-0.153972
2020-01-21,-0.13634
2020-01-22,-0.118535
2020-01-23,-0.100552
2020-01-24,-0.082381
2020-01-25,-0.064017
2020-01-26,-0.045451
2020-01-27,-0.026313
2020-01-28,-0.006595
2020-01-29,0.01371
2020-01-30,0.034611
2020-01-31,0.056117
2020-02-01,0.078236
2020-02-02,0.091104
2020-02-03,0.094637
2020-02-04,0.088836
2020-02-05,0.0737
2020-02-06,0.049221
2020-02-07,0.01539
2020-02-08,-0.027807
2020-02-09,-0.080388
2020-02-10,-0.141882
2020-02-11,-0.212313
2020-02-12,-0.291711
2020-02-13,-0.380109
2020-02-14,-0.477542
2020-02-15,-0.584052
2020-02-16,-0.699683
2020-02-17,-0.824473
2020-02-18,-0.958475
2020-02-19,-1.101744
2020-02-20,-1.254339
2020-02-21,-1.416323
2020-02-22,-1.587763
2020-02-23,-1.768731
2020-02-24,-1.959969
2020-02-25,-2.161558
2020-02-26,-2.373581
2020-02-27,-2.596125
2020-02-28,-2.829283
2020-02-29,-3.07315
2020-03-01,-3.327828
2020-03-02,-3.646188
2020-03-03,-4.028361
2020-03-04,-4.474505
2020-03-05,-4.984805
2020-03-06,-5.559471
2020-03-07,-6.198742
2020-03-08,-6.902882
2020-03-09,-7.669495
2020-03-10,-8.498896
2020-03-11,-9.39143
2020-03-12,-10.347465
2020-03-13,-11.367398
2020-03-14,-12.451648
2020-03-15,-13.600666
2020-03-16,-14.6999
2020-03-17,-15.749804
2020-03-18,-16.750814
2020-03-19,-17.703342
2020-03-20,-18.607783
2020-03-21,-19.464511
2020-03-22,-20.273879
2020-03-23,-21.016402
2020-03-24,-21.692386
2020-03-25,-22.302111
2020-03-26,-22.845828
2020-03-27,-23.323764
2020-03-28,-23.736114
2020-03-29,-24.08305
2020-03-30,-24.489429
2020-03-31,-24.955418
2020-04-01,-25.48121
2020-04-02,-25.902586
2020-04-03,-26.219719
2020-04-04,-26.432741
2020-04-05,-26.541741
2020-04-06,-26.612239
2020-04-07,-26.644266
2020-04-08,-26.637834
2020-04-09,-26.592941
2020-04-10,-26.509567
2020-04-11,-26.38768
2020-04-12,-26.227227
2020-04-13,-26.002413
2020-04-14,-25.713143
2020-04-15,-25.359299
2020-04-16,-24.940734
2020-04-17,-24.457275
2020-04-18,-23.908722
2020-04-19,-23.294848
2020-04-20,-22.619563
2020-04-21,-21.882587
2020-04-22,-21.083616
2020-04-23,-20.222319
2020-04-24,-19.29834
2020-04-25,-18.311297
2020-04-26,-17.260782
2020-04-27,-16.141649
2020-04-28,-14.953436
2020-04-29,-13.695652
2020-04-30,-12.367776
2020-05-01,-10.969258
2020-05-02,-9.634839
2020-05-03,-8.363967
2020-05-04,-7.147383
2020-05-05,-5.984585
2020-05-06,-4.875093
2020-05-07,-3.818447
2020-05-08,-2.814211
2020-05-09,-1.861969
2020-05-10,-0.961327
2020-05-11,-0.098139
2020-05-12,0.727954
2020-05-13,1.517292
2020-05-14,2.270203
2020-05-15,2.986996
2020-05-16,3.66797
2020-05-17,4.313405
2020-05-18,4.919576
2020-05-19,5.486734
2020-05-20,6.015113
2020-05-21,6.504933
2020-05-22,6.956395
2020-05-23,7.369686
2020-05-24,7.744978
2020-05-25,8.081223
2020-05-26,8.378561
2020-05-27,8.637115
2020-05-28,8.856993
2020-05-29,9.038284
2020-05-30,9.181063
2020-05-31,9.285391
2020-06-01,9.360898
2020-06-02,9.427583
2020-06-03,9.485474
2020-06-04,9.534594
2020-06-05,9.574963
2020-06-06,9.606599
2020-06-07,9.629514
2020-06-08,9.641958
2020-06-09,9.643935
2020-06-10,9.635446
2020-06-11,9.616488
2020-06-12,9.587052
2020-06-13,9.547128
2020-06-14,9.496698
2020-06-15,9.439909
2020-06-16,9.376737
2020-06-17,9.307157
2020-06-18,9.231139
2020-06-19,9.148653
2020-06-20,9.059664
2020-06-21,8.964135
2020-06-22,8.861272
2020-06-23,8.751033
2020-06-24,8.633371
2020-06-25,8.508239
2020-06-26,8.375585
2020-06-27,8.235354
2020-06-28,8.087487
2020-06-29,7.93125
2020-06-30,7.766578
2020-07-01,7.593402
2020-07-02,7.425884
2020-07-03,7.263953
2020-07-04,7.107543
2020-07-05,6.956588
2020-07-06,6.814833
2020-07-07,6.68222
2020-07-08,6.558692
2020-07-09,6.444199
2020-07-10,6.338695
2020-07-11,6.242134
2020-07-12,6.154477
2020-07-13,6.069835
2020-07-14,5.988171
2020-07-15,5.909453
2020-07-16,5.833647
2020-07-17,5.760723
2020-07-18,5.69065
2020-07-19,5.623399
2020-07-20,5.556201
2020-07-21,5.489028
2020-07-22,5.421853
2020-07-23,5.354647
2020-07-24,5.287384
2020-07-25,5.220034
2020-07-26,5.152571
2020-07-27,5.081037
2020-07-28,5.005404
2020-07-29,4.92564
2020-07-30,4.841711
2020-07-31,4.753584
2020-08-01,4.661221
2020-08-02,4.563581
2020-08-03,4.462829
2020-08-04,4.358926
2020-08-05,4.251827
2020-08-06,4.141489
2020-08-07,4.027866
2020-08-08,3.910912
2020-08-09,3.790576
2020-08-10,3.675674
2020-08-11,3.566156
2020-08-12,3.461978
2020-08-13,3.363097
2020-08-14,3.269471
2020-08-15,3.181063
2020-08-16,3.097835
2020-08-17,3.015508
2020-08-18,2.934049
2020-08-19,2.853424
2020-08-20,2.773598
2020-08-21,2.694541
2020-08-22,2.616217
2020-08-23,2.538596
2020-08-24,2.464049
2020-08-25,2.392544
2020-08-26,2.324052
2020-08-27,2.258544
2020-08-28,2.195994
2020-08-29,2.136376
2020-08-30,2.079665
2020-08-31,2.026069
2020-09-01,1.975566
2020-09-02,1.927979
2020-09-03,1.883289
2020-09-04,1.841478
2020-09-05,1.802528
2020-09-06,1.766423
2020-09-07,1.731244
2020-09-08,1.696975
2020-09-09,1.663604
2020-09-10,1.631115
2020-09-11,1.599496
2020-09-12,1.568733
2020-09-13,1.538815
2020-09-14,1.510975
2020-09-15,1.485202
2020-09-16,1.461486
2020-09-17,1.439817
2020-09-18,1.420186
2020-09-19,1.402585
2020-09-20,1.387006
2020-09-21,1.370641
2020-09-22,1.353484
2020-09-23,1.335526
2020-09-24,1.31676
2020-09-25,1.29718
2020-09-26,1.276776
2020-09-27,1.25554
2020-09-28,1.235806
2020-09-29,1.217566
2020-09-30,1.200813
2020-10-01,1.185538
2020-10-02,1.169451
2020-10-03,1.152544
2020-10-04,1.134811
2020-10-05,1.119098
2020-10-06,1.105397
2020-10-07,1.093704
2020-10-08,1.084013
2020-10-09,1.07632
2020-10-10,1.070623
2020-10-11,1.066919
2020-10-12,1.061259
2020-10-13,1.053642
2020-10-14,1.044065
2020-10-15,1.032522
2020-10-16,1.01901
2020-10-17,1.003524
2020-10-18,0.986055
2020-10-19,0.966862
2020-10-20,0.945935
2020-10-21,0.923266
2020-10-22,0.898846
2020-10-23,0.872665
2020-10-24,0.844712
2020-10-25,0.814975
2020-10-26,0.784513
2020-10-27,0.753313
2020-10-28,0.721363
2020-10-29,0.688649
2020-10-30,0.655158
2020-10-31,0.620875
2020-11-01,0.585787
2020-11-02,0.55046
2020-11-03,0.514878
2020-11-04,0.479027
2020-11-05,0.442893
2020-11-06,0.406459
2020-11-07,0.369712
2020-11-08,0.332636
2020-11-09,0.296811
2020-11-10,0.262224
2020-11-11,0.22886
2020-11-12,0.196704
2020-11-13,0.165744
2020-11-14,0.135967
2020-11-15,0.107361
2020-11-16,0.08232
2020-11-17,0.060836
2020-11-18,0.042898
2020-11-19,0.0285
2020-11-20,0.017635
2020-11-21,0.010299
2020-11-22,0.00649
2020-11-23,0.00127
2020-11-24,-0.005363
2020-11-25,-0.013412
2020-11-26,-0.022879
2020-11-27,-0.033768
2020-11-28,-0.046085
2020-11-29,-0.059834
2020-11-30,-0.066459
2020-12-01,-0.065962
2020-12-02,-0.059253
2020-12-03,-0.046329
2020-12-04,-0.027185
2020-12-05,-0.001814
2020-12-06,0.029795
2020-12-07,0.062297
2020-12-08,0.095704
2020-12-09,0.13003
2020-12-10,0.165289
2020-12-11,0.201496
2020-12-12,0.238666
2020-12-13,0.276815
2020-12-14,0.312223
2020-12-15,0.344906
2020-12-16,0.374878
2020-12-17,0.40215
2020-12-18,0.426734
2020-12-19,0.44864
2020-12-20,0.467878
2020-12-21,0.485696
2020-12-22,0.502103
2020-12-23,0.517105
2020-12-24,0.530709
2020-12-25,0.542919
2020-12-26,0.553742
2020-12-27,0.563181
2020-12-28,0.574441
2020-12-29,0.587525
2020-12-30,0.602439
2020-12-31,0.619189
2021-01-01,0.637782
2021-01-02,0.652884
2021-01-03,0.664501
2021-01-04,0.67524
2021-01-05,0.685107
2021-01-06,0.694105
2021-01-07,0.702238
2021-01-08,0.709509
2021-01-09,0.715921
2021-01-10,0.721478
2021-01-11,0.720298
2021-01-12,0.712382
2021-01-13,0.697726
2021-01-14,0.676324
2021-01-15,0.648168
2021-01-16,0.613245
2021-01-17,0.571541
2021-01-18,0.523002
2021-01-19,0.467608
2021-01-20,0.405336
2021-01-21,0.33616
2021-01-22,0.260052
2021-01-23,0.17698
2021-01-24,0.086909
2021-01-25,-0.008112
2021-01-26,-0.108122
2021-01-27,-0.213163
2021-01-28,-0.323278
2021-01-29,-0.438513
2021-01-30,-0.558915
2021-01-31,-0.684535
2021-02-01,-0.815282
2021-02-02,-0.933192
2021-02-03,-1.038315
2021-02-04,-1.130694
2021-02-05,-1.210366
2021-02-06,-1.277366
2021-02-07,-1.331721
2021-02-08,-1.37434
2021-02-09,-1.40524
2021-02-10,-1.424434
2021-02-11,-1.43193
2021-02-12,-1.427732
2021-02-13,-1.411837
2021-02-14,-1.384239
2021-02-15,-1.348964
2021-02-16,-1.305996
2021-02-17,-1.255318
2021-02-18,-1.196909
2021-02-19,-1.130745
2021-02-20,-1.056799
2021-02-21,-0.97504
2021-02-22,-0.880892
2021-02-23,-0.774317
2021-02-24,-0.65527
2021-02-25,-0.523703
2021-02-26,-0.379561
2021-02-27,-0.222784
2021-02-28,-0.053308
2021-03-01,0.128474
2021-03-02,0.301865
2021-03-03,0.466935
2021-03-04,0.623754
2021-03-05,0.772385
2021-03-06,0.912891
2021-03-07,1.04533
2021-03-08,1.170611
2021-03-09,1.288785
2021-03-10,1.399902
2021-03-11,1.504008
2021-03-12,1.601145
2021-03-13,1.691354
2021-03-14,1.774672
2021-03-15,1.847697
2021-03-16,1.910459
2021-03-17,1.962983
2021-03-18,2.005292
2021-03-19,2.037403
2021-03-20,2.059329
2021-03-21,2.07108
2021-03-22,2.077223
2021-03-23,2.07776
2021-03-24,2.072692
2021-03-25,2.062017
2021-03-26,2.045731
2021-03-27,2.023826
2021-03-28,1.996293
2021-03-29,1.961156
2021-03-30,1.9184
2021-03-31,1.868007
2021-04-01,1.809957
2021-04-02,1.754235
2021-04-03,1.700819
2021-04-04,1.649685
2021-04-05,1.598019
2021-04-06,1.545799
2021-04-07,1.493002
2021-04-08,1.439608
2021-04-09,1.385594
2021-04-10,1.330938
2021-04-11,1.275617
2021-04-12,1.222589
2021-04-13,1.171831
2021-04-14,1.123322
2021-04-15,1.077043
2021-04-16,1.032975
2021-04-17,0.991098
2021-04-18,0.951396
2021-04-19,0.914401
2021-04-20,0.880098
2021-04-21,0.848472
2021-04-22,0.819511
2021-04-23,0.793202
2021-04-24,0.769534
2021-04-25,0.748499
2021-04-26,0.727155
2021-04-27,0.705496
2021-04-28,0.683511
2021-04-29,0.661192
2021-04-30,0.638529
2021-05-01,0.615513
2021-05-02,0.592244
2021-05-03,0.570162
2021-05-04,0.549258
2021-05-05,0.529522
2021-05-06,0.510948
2021-05-07,0.493526
2021-05-08,0.477251
2021-05-09,0.462114
2021-05-10,0.447895
2021-05-11,0.434585
2021-05-12,0.422181
2021-05-13,0.410677
2021-05-14,0.400068
2021-05-15,0.39035
2021-05-16,0.381519
2021-05-17,0.37358
2021-05-18,0.366529
2021-05-19,0.360364
2021-05-20,0.355083
2021-05-21,0.350683
2021-05-22,0.347162
2021-05-23,0.344519
2021-05-24,0.343262
2021-05-25,0.343391
2021-05-26,0.344905
2021-05-27,0.347806
2021-05-28,0.352094
2021-05-29,0.357772
2021-05-30,0.364841
2021-05-31,0.373609
2021-06-01,0.384081
2021-06-02,0.39461
2021-06-03,0.405203
2021-06-04,0.415864
2021-06-05,0.426596
2021-06-06,0.437405
2021-06-07,0.448969
2021-06-08,0.461295
2021-06-09,0.474386
2021-06-10,0.488249
2021-06-11,0.502889
2021-06-12,0.518312
2021-06-13,0.534525
2021-06-14,0.550925
2021-06-15,0.56752
2021-06-16,0.584316
2021-06-17,0.601321
2021-06-18,0.618541
2021-06-19,0.635984
2021-06-20,0.653657
2021-06-21,0.669415
2021-06-22,0.683265
2021-06-23,0.695213
2021-06-24,0.705265
2021-06-25,0.713423
2021-06-26,0.719691
2021-06-27,0.724073
2021-06-28,0.729077
2021-06-29,0.734706
2021-06-30,0.740962
2021-07-01,0.747848
2021-07-02,0.753396
2021-07-03,0.757609
2021-07-04,0.760487
2021-07-05,0.760194
2021-07-06,0.75673
2021-07-07,0.750094
2021-07-08,0.740281
2021-07-09,0.727289
2021-07-10,0.711112
2021-07-11,0.691744
2021-07-12,0.673257
2021-07-13,0.655643
2021-07-14,0.638896
2021-07-15,0.623009
2021-07-16,0.607974
2021-07-17,0.593786
2021-07-18,0.58044
2021-07-19,0.565233
2021-07-20,0.548161
2021-07-21,0.529216
2021-07-22,0.50839
2021-07-23,0.485675
2021-07-24,0.461061
2021-07-25,0.434539
2021-07-26,0.406338
2021-07-27,0.376447
2021-07-28,0.344855
2021-07-29,0.311547
2021-07-30,0.276511
2021-07-31,0.23973
2021-08-01,0.201192
2021-08-02,0.163127
2021-08-03,0.12552
2021-08-04,0.088356
2021-08-05,0.051619
2021-08-06,0.015294
2021-08-07,-0.020634
2021-08-08,-0.05618
2021-08-09,-0.090326
2021-08-10,-0.123086
2021-08-11,-0.154474
2021-08-12,-0.184504
2021-08-13,-0.213186
2021-08-14,-0.240534
2021-08-15,-0.266558
2021-08-16,-0.291957
2021-08-17,-0.316742
2021-08-18,-0.340924
2021-08-19,-0.364511
2021-08-20,-0.387514
2021-08-21,-0.409942
2021-08-22,-0.431805
2021-08-23,-0.452959
2021-08-24,-0.473411
2021-08-25,-0.493171
2021-08-26,-0.512247
2021-08-27,-0.530647
2021-08-28,-0.548377
2021-08-29,-0.565447
2021-08-30,-0.582464
2021-08-31,-0.599437
2021-09-01,-0.616373
2021-09-02,-0.631079
2021-09-03,-0.643561
2021-09-04,-0.653825
2021-09-05,-0.661875
2021-09-06,-0.666615
2021-09-07,-0.668048
2021-09-08,-0.666173
2021-09-09,-0.660991
2021-09-10,-0.652499
2021-09-11,-0.640693
2021-09-12,-0.625569
2021-09-13,-0.606292
2021-09-14,-0.582854
2021-09-15,-0.555245
2021-09-16,-0.523453
2021-09-17,-0.487466
2021-09-18,-0.447269
2021-09-19,-0.402844
2021-09-20,-0.354878
2021-09-21,-0.303349
2021-09-22,-0.248237
2021-09-23,-0.189519
2021-09-24,-0.12717
2021-09-25,-0.061166
2021-09-26,0.008523
2021-09-27,0.078793
2021-09-28,0.149673
2021-09-29,0.221194
2021-09-30,0.293385
2021-10-01,0.366275
2021-10-02,0.433935
2021-10-03,0.496391
2021-10-04,0.555537
2021-10-05,0.611397
2021-10-06,0.663994
2021-10-07,0.71335
2021-10-08,0.759485
2021-10-09,0.802418
2021-10-10,0.842168
2021-10-11,0.879612
2021-10-12,0.914767
2021-10-13,0.947646
2021-10-14,0.978264
2021-10-15,1.006633
2021-10-16,1.032765
2021-10-17,1.05667
2021-10-18,1.077566
2021-10-19,1.095461
2021-10-20,1.110362
2021-10-21,1.122275
2021-10-22,1.131206
2021-10-23,1.137159
2021-10-24,1.140135
2021-10-25,1.140655
2021-10-26,1.138722
2021-10-27,1.134332
2021-10-28,1.127486
2021-10-29,1.118179
2021-10-30,1.106408
2021-10-31,1.092169
2021-11-01,1.075346
2021-11-02,1.058144
2021-11-03,1.040555
2021-11-04,1.022573
2021-11-05,1.004189
2021-11-06,0.985397
2021-11-07,0.966188
2021-11-08,0.946933
2021-11-09,0.927626
2021-11-10,0.908256
2021-11-11,0.888818
2021-11-12,0.869302
2021-11-13,0.8497
2021-11-14,0.830005
2021-11-15,0.809067
2021-11-16,0.786879
2021-11-17,0.763431
2021-11-18,0.738712
2021-11-19,0.712714
2021-11-20,0.685425
2021-11-21,0.656834
2021-11-22,0.627914
2021-11-23,0.598651
2021-11-24,0.569035
2021-11-25,0.539052
2021-11-26,0.508691
2021-11-27,0.477939
2021-11-28,0.446784
2021-11-29,0.414645
2021-11-30,0.381509
2021-12-01,0.347363
2021-12-02,0.313175
2021-12-03,0.278933
2021-12-04,0.244621
2021-12-05,0.210226
2021-12-06,0.177309
2021-12-07,0.145857
2021-12-08,0.115856
2021-12-09,0.087295
2021-12-10,0.060162
2021-12-11,0.034445
2021-12-12,0.010133
2021-12-13,-0.014263
2021-12-14,-0.038753
2021-12-15,-0.063347
2021-12-16,-0.088057
2021-12-17,-0.112891
2021-12-18,-0.13786
2021-12-19,-0.162975
2021-12-20,-0.187649
2021-12-21,-0.211891
2021-12-22,-0.235713
2021-12-23,-0.259123
2021-12-24,-0.282131
2021-12-25,-0.304748
2021-12-26,-0.326982
2021-12-27,-0.348407
2021-12-28,-0.369034
2021-12-29,-0.388869
2021-12-30,-0.407922
2021-12-31,-0.4262
2022-01-01,-0.443711
2022-01-02,-0.459139
2022-01-03,-0.472083
2022-01-04,-0.482551
2022-01-05,-0.490545
2022-01-06,-0.496068
2022-01-07,-0.499124
2022-01-08,-0.499714
2022-01-09,-0.497837
2022-01-10,-0.494594
2022-01-11,-0.489982
2022-01-12,-0.483999
2022-01-13,-0.476644
2022-01-14,-0.467913
2022-01-15,-0.457803
2022-01-16,-0.44631
2022-01-17,-0.433513
2022-01-18,-0.419408
2022-01-19,-0.403989
2022-01-20,-0.38725
2022-01-21,-0.369183
2022-01-22,-0.349782
2022-01-23,-0.329038
2022-01-24,-0.307068
2022-01-25,-0.283863
2022-01-26,-0.259413
2022-01-27,-0.233708
2022-01-28,-0.206738
2022-01-29,-0.178492
2022-01-30,-0.148957
2022-01-31,-0.118649
2022-02-01,-0.087557
2022-02-02,-0.059063
2022-02-03,-0.033158
2022-02-04,-0.00983
2022-02-05,0.01093
2022-02-06,0.029132
2022-02-07,0.046797
2022-02-08,0.063933
2022-02-09,0.080547
2022-02-10,0.096645
2022-02-11,0.112235
2022-02-12,0.127322
2022-02-13,0.141914
2022-02-14,0.154524
2022-02-15,0.165157
2022-02-16,0.173818
2022-02-17,0.180512
2022-02-18,0.185239
2022-02-19,0.188003
2022-02-20,0.188804
2022-02-21,0.187362
2022-02-22,0.183678
2022-02-23,0.17775
2022-02-24,0.169574
2022-02-25,0.159149
2022-02-26,0.146469
2022-02-27,0.131529
2022-02-28,0.115644
2022-03-01,0.098807
2022-03-02,0.08308
2022-03-03,0.068455
2022-03-04,0.054927
2022-03-05,0.04249
2022-03-06,0.031139
2022-03-07,0.020021
2022-03-08,0.009132
2022-03-09,-0.001534
2022-03-10,-0.011979
2022-03-11,-0.022209
2022-03-12,-0.032228
2022-03-13,-0.04204
2022-03-14,-0.051887
2022-03-15,-0.061772
2022-03-16,-0.071701
2022-03-17,-0.081677
2022-03-18,-0.091704
2022-03-19,-0.101786
2022-03-20,-0.111928
2022-03-21,-0.121388
2022-03-22,-0.130169
2022-03-23,-0.138277
2022-03-24,-0.145712
2022-03-25,-0.15248
2022-03-26,-0.158583
2022-03-27,-0.164023
2022-03-28,-0.169113
2022-03-29,-0.173857
2022-03-30,-0.178255
2022-03-31,-0.182311
2022-04-01,-0.186025
2022-04-02,-0.19007
2022-04-03,-0.194449
2022-04-04,-0.199167
2022-04-05,-0.204225
2022-04-06,-0.209627
2022-04-07,-0.215373
2022-04-08,-0.221467
2022-04-09,-0.227911
2022-04-10,-0.234708
2022-04-11,-0.242045
2022-04-12,-0.249926
2022-04-13,-0.258353
2022-04-14,-0.267332
2022-04-15,-0.276864
2022-04-16,-0.286954
2022-04-17,-0.297606
2022-04-18,-0.308703
2022-04-19,-0.320248
2022-04-20,-0.332247
2022-04-21,-0.344705
2022-04-22,-0.357626
2022-04-23,-0.371017
2022-04-24,-0.384882
2022-04-25,-0.398789
2022-04-26,-0.412745
2022-04-27,-0.426754
2022-04-28,-0.440823
2022-04-29,-0.454958
2022-04-30,-0.469164
2022-05-01,-0.483447
2022-05-02,-0.497664
2022-05-03,-0.511821
2022-05-04,-0.525924
2022-05-05,-0.539977
2022-05-06,-0.553988
2022-05-07,-0.567962
2022-05-08,-0.581905
2022-05-09,-0.594274
2022-05-10,-0.605075
2022-05-11,-0.614312
2022-05-12,-0.621989
2022-05-13,-0.628109
2022-05-14,-0.632675
2022-05-15,-0.635688
2022-05-16,-0.638704
2022-05-17,-0.641723
2022-05-18,-0.644747
2022-05-19,-0.647776
2022-05-20,-0.650813
2022-05-21,-0.653859
2022-05-22,-0.656914
2022-05-23,-0.659908
2022-05-24,-0.662842
2022-05-25,-0.665717
2022-05-26,-0.668534
2022-05-27,-0.671294
2022-05-28,-0.674
2022-05-29,-0.67665
2022-05-30,-0.678094
2022-05-31,-0.67833
2022-06-01,-0.67736
2022-06-02,-0.674742
2022-06-03,-0.670474
2022-06-04,-0.664556
2022-06-05,-0.656984
2022-06-06,-0.648454
2022-06-07,-0.638962
2022-06-08,-0.628505
2022-06-09,-0.617079
2022-06-10,-0.604677
2022-06-11,-0.591296
2022-06-12,-0.57693
2022-06-13,-0.561339
2022-06-14,-0.544516
2022-06-15,-0.526455
2022-06-16,-0.507148
2022-06-17,-0.486588
2022-06-18,-0.464765
2022-06-19,-0.441671
2022-06-20,-0.4175
2022-06-21,-0.392242
2022-06-22,-0.365886
2022-06-23,-0.338422
2022-06-24,-0.309839
2022-06-25,-0.280123
2022-06-26,-0.249264
2022-06-27,-0.217047
2022-06-28,-0.183459
2022-06-29,-0.148485
2022-06-30,-0.112111
2022-07-01,-0.074323
2022-07-02,-0.038333
2022-07-03,-0.004127
2022-07-04,0.028157
2022-07-05,0.058532
2022-07-06,0.087012
2022-07-07,0.113607
2022-07-08,0.138329
2022-07-09,0.161188
2022-07-10,0.182193
2022-07-11,0.201638
2022-07-12,0.219529
2022-07-13,0.235875
2022-07-14,0.250682
2022-07-15,0.263956
2022-07-16,0.275703
2022-07-17,0.285928
2022-07-18,0.294691
2022-07-19,0.301998
2022-07-20,0.30785
2022-07-21,0.31225
2022-07-22,0.3152
2022-07-23,0.316701
2022-07-24,0.316754
2022-07-25,0.315454
2022-07-26,0.312801
2022-07-27,0.308793
2022-07-28,0.303429
2022-07-29,0.296707
2022-07-30,0.288624
2022-07-31,0.279176
2022-08-01,0.267732
2022-08-02,0.256472
2022-08-03,0.24539
2022-08-04,0.234482
2022-08-05,0.223744
2022-08-06,0.213171
2022-08-07,0.202759
2022-08-08,0.192758
2022-08-09,0.183164
2022-08-10,0.173972
2022-08-11,0.165179
2022-08-12,0.156782
2022-08-13,0.148776
2022-08-14,0.141158
2022-08-15,0.133739
2022-08-16,0.126516
2022-08-17,0.119485
2022-08-18,0.112643
2022-08-19,0.105988
2022-08-20,0.099517
2022-08-21,0.093227
2022-08-22,0.087106
2022-08-23,0.08115
2022-08-24,0.075358
2022-08-25,0.069727
2022-08-26,0.064254
2022-08-27,0.058938
2022-08-28,0.053776
2022-08-29,0.048667
2022-08-30,0.043609
2022-08-31,0.038599
2022-09-01,0.033635
2022-09-02,0.02858
2022-09-03,0.02343
2022-09-04,0.018184
2022-09-05,0.012783
2022-09-06,0.007225
2022-09-07,0.001507
2022-09-08,-0.004372
2022-09-09,-0.010416
2022-09-10,-0.016627
2022-09-11,-0.023007
2022-09-12,-0.028898
2022-09-13,-0.034303
2022-09-14,-0.039223
2022-09-15,-0.043662
2022-09-16,-0.04762
2022-09-17,-0.051099
2022-09-18,-0.054101
2022-09-19,-0.057476
2022-09-20,-0.061225
2022-09-21,-0.065351
2022-09-22,-0.069854
2022-09-23,-0.074737
2022-09-24,-0.080001
2022-09-25,-0.085649
2022-09-26,-0.090577
2022-09-27,-0.094786
2022-09-28,-0.098278
2022-09-29,-0.101054
2022-09-30,-0.103116
2022-10-01,-0.104465
2022-10-02,-0.105777
2022-10-03,-0.107446
2022-10-04,-0.109473
2022-10-05,-0.111857
2022-10-06,-0.114601
2022-10-07,-0.117705
2022-10-08,-0.12117
2022-10-09,-0.124998
2022-10-10,-0.129729
2022-10-11,-0.135365
2022-10-12,-0.141908
2022-10-13,-0.149361
2022-10-14,-0.157726
2022-10-15,-0.167008
2022-10-16,-0.17721
2022-10-17,-0.187859
2022-10-18,-0.198958
2022-10-19,-0.210512
2022-10-20,-0.222526
2022-10-21,-0.235005
2022-10-22,-0.247955
2022-10-23,-0.26138
2022-10-24,-0.275427
2022-10-25,-0.290104
2022-10-26,-0.305416
2022-10-27,-0.321369
2022-10-28,-0.33797
2022-10-29,-0.355225
2022-10-30,-0.373143
2022-10-31,-0.391653
2022-11-01,-0.410764
2022-11-02,-0.429425
2022-11-03,-0.447646
2022-11-04,-0.465433
2022-11-05,-0.482793
2022-11-06,-0.499734
2022-11-07,-0.516094
2022-11-08,-0.53188
2022-11-09,-0.547098
2022-11-10,-0.561754
2022-11-11,-0.575855
2022-11-12,-0.589406
2022-11-13,-0.602412
2022-11-14,-0.614704
2022-11-15,-0.626286
2022-11-16,-0.637163
2022-11-17,-0.647338
2022-11-18,-0.656818
2022-11-19,-0.665605
2022-11-20,-0.673702
2022-11-21,-0.682054
2022-11-22,-0.690664
2022-11-23,-0.699535
2022-11-24,-0.70867
2022-11-25,-0.718075
2022-11-26,-0.727751
2022-11-27,-0.737705
2022-11-28,-0.747463
2022-11-29,-0.757032
2022-11-30,-0.766413
2022-12-01,-0.775612
2022-12-02,-0.782628
2022-12-03,-0.787464
2022-12-04,-0.790122
2022-12-05,-0.790605
2022-12-06,-0.788913
2022-12-07,-0.785045
2022-12-08,-0.779
2022-12-09,-0.770775
2022-12-10,-0.760367
2022-12-11,-0.747772
2022-12-12,-0.732794
2022-12-13,-0.715428
2022-12-14,-0.695666
2022-12-15,-0.673501
2022-12-16,-0.648922
2022-12-17,-0.621921
2022-12-18,-0.592485
2022-12-19,-0.561115
2022-12-20,-0.527798
2022-12-21,-0.492521
2022-12-22,-0.455269
2022-12-23,-0.416025
2022-12-24,-0.374776
2022-12-25,-0.331502
2022-12-26,-0.285802
2022-12-27,-0.237657
2022-12-28,-0.187047
2022-12-29,-0.133951
2022-12-30,-0.078347
2022-12-31,-0.020212
2023-01-01,0.040478
2023-01-02,0.09806
2023-01-03,0.152558
2023-01-04,0.203996
2023-01-05,0.252393
2023-01-06,0.29777
2023-01-07,0.340146
2023-01-08,0.379539
2023-01-09,0.415505
2023-01-10,0.44806
2023-01-11,0.477217
2023-01-12,0.502988
2023-01-13,0.525384
2023-01-14,0.544414
2023-01-15,0.560086
2023-01-16,0.572682
2023-01-17,0.582206
2023-01-18,0.588664
2023-01-19,0.592057
2023-01-20,0.592388
2023-01-21,0.589655
2023-01-22,0.583859
2023-01-23,0.574812
2023-01-24,0.56251
2023-01-25,0.546949
2023-01-26,0.528122
2023-01-27,0.506021
2023-01-28,0.480637
2023-01-29,0.45196
2023-01-30,0.420806
2023-01-31,0.387162
2023-02-01,0.351016
2023-02-02,0.316419
2023-02-03,0.283357
2023-02-04,0.251817
2023-02-05,0.221786
2023-02-06,0.192795
2023-02-07,0.164832
2023-02-08,0.137885
2023-02-09,0.111943
2023-02-10,0.086996
2023-02-11,0.063034
2023-02-12,0.040045
2023-02-13,0.01765
2023-02-14,-0.004162
2023-02-15,-0.0254
2023-02-16,-0.046072
2023-02-17,-0.066187
2023-02-18,-0.085753
2023-02-19,-0.104778
2023-02-20,-0.123603
2023-02-21,-0.142235
2023-02-22,-0.160683
2023-02-23,-0.178954
2023-02-24,-0.197055
2023-02-25,-0.214995
2023-02-26,-0.232779
2023-02-27,-0.248957
2023-02-28,-0.263535
2023-03-01,-0.276519
2023-03-02,-0.287766
2023-03-03,-0.297279
2023-03-04,-0.305063
2023-03-05,-0.311121
2023-03-06,-0.31683
2023-03-07,-0.322191
2023-03-08,-0.327208
2023-03-09,-0.331881
2023-03-10,-0.336214
2023-03-11,-0.340207
2023-03-12,-0.343863
2023-03-13,-0.346475
2023-03-14,-0.348044
2023-03-15,-0.34857
2023-03-16,-0.348054
2023-03-17,-0.346496
2023-03-18,-0.343895
2023-03-19,-0.34025
2023-03-20,-0.335728
2023-03-21,-0.330326
2023-03-22,-0.324044
2023-03-23,-0.316877
2023-03-24,-0.308824
2023-03-25,-0.299881
2023-03-26,-0.290044
2023-03-27,-0.280241
2023-03-28,-0.270469
2023-03-29,-0.260723
2023-03-30,-0.250999
2023-03-31,-0.241294
2023-04-01,-0.231603
2023-04-02,-0.222949
2023-04-03,-0.214442
2023-04-04,-0.206076
2023-04-05,-0.19785
2023-04-06,-0.18976
2023-04-07,-0.181802
2023-04-08,-0.173973
2023-04-09,-0.16627
2023-04-10,-0.15868
2023-04-11,-0.151201
2023-04-12,-0.143829
2023-04-13,-0.136561
2023-04-14,-0.129395
2023-04-15,-0.122327
2023-04-16,-0.115354
2023-04-17,-0.109229
2023-04-18,-0.10395
2023-04-19,-0.099515
2023-04-20,-0.095921
2023-04-21,-0.093168
2023-04-22,-0.091253
2023-04-23,-0.090178
2023-04-24,-0.089144
2023-04-25,-0.088154
2023-04-26,-0.087205
2023-04-27,-0.086297
2023-04-28,-0.085431
2023-04-29,-0.084606
2023-04-30,-0.083821
2023-05-01,-0.082802
2023-05-02,-0.082266
2023-05-03,-0.082214
2023-05-04,-0.082646
2023-05-05,-0.083561
2023-05-06,-0.08496
2023-05-07,-0.086843
2023-05-08,-0.089563
2023-05-09,-0.093119
2023-05-10,-0.097513
2023-05-11,-0.102747
2023-05-12,-0.108824
2023-05-13,-0.115745
2023-05-14,-0.123514
2023-05-15,-0.132138
2023-05-16,-0.14162
2023-05-17,-0.151964
2023-05-18,-0.163175
2023-05-19,-0.175256
2023-05-20,-0.188214
2023-05-21,-0.202053
2023-05-22,-0.216788
2023-05-23,-0.232425
2023-05-24,-0.248969
2023-05-25,-0.266429
2023-05-26,-0.284811
2023-05-27,-0.304123
2023-05-28,-0.324373
2023-05-29,-0.344638
2023-05-30,-0.364926
2023-05-31,-0.385247
2023-06-01,-0.405607
2023-06-02,-0.423077
2023-06-03,-0.437662
2023-06-04,-0.449369
2023-06-05,-0.459042
2023-06-06,-0.466683
2023-06-07,-0.472296
2023-06-08,-0.475884
2023-06-09,-0.477447
2023-06-10,-0.476987
2023-06-11,-0.474504
2023-06-12,-0.470034
2023-06-13,-0.463577
2023-06-14,-0.455129
2023-06-15,-0.444687
2023-06-16,-0.432246
2023-06-17,-0.417803
2023-06-18,-0.401349
2023-06-19,-0.384033
2023-06-20,-0.365847
2023-06-21,-0.346783
2023-06-22,-0.326834
2023-06-23,-0.305991
2023-06-24,-0.284245
2023-06-25,-0.261588
2023-06-26,-0.236444
2023-06-27,-0.208802
2023-06-28,-0.178651
2023-06-29,-0.145979
2023-06-30,-0.110772
2023-07-01,-0.073015
2023-07-02,-0.03653
2023-07-03,-0.002613
2023-07-04,0.028751
2023-07-05,0.057574
2023-07-06,0.083869
2023-07-07,0.107647
2023-07-08,0.128916
2023-07-09,0.147687
2023-07-10,0.164726
2023-07-11,0.18004
2023-07-12,0.193636
2023-07-13,0.205519
2023-07-14,0.215695
2023-07-15,0.224166
2023-07-16,0.230938
2023-07-17,0.236151
2023-07-18,0.239808
2023-07-19,0.24191
2023-07-20,0.242459
2023-07-21,0.241454
2023-07-22,0.238895
2023-07-23,0.234782
2023-07-24,0.229335
2023-07-25,0.222553
2023-07-26,0.214433
2023-07-27,0.204973
2023-07-28,0.194166
2023-07-29,0.182011
2023-07-30,0.1685
2023-07-31,0.154212
2023-08-01,0.13914
2023-08-02,0.125741
2023-08-03,0.114008
2023-08-04,0.103938
2023-08-05,0.095526
2023-08-06,0.088768
2023-08-07,0.082329
2023-08-08,0.076207
2023-08-09,0.070398
2023-08-10,0.064901
2023-08-11,0.059714
2023-08-12,0.054833
2023-08-13,0.050257
2023-08-14,0.046061
2023-08-15,0.042241
2023-08-16,0.038796
2023-08-17,0.035726
2023-08-18,0.033028
2023-08-19,0.030702
2023-08-20,0.028747
2023-08-21,0.027241
2023-08-22,0.026184
2023-08-23,0.025576
2023-08-24,0.025416
2023-08-25,0.025704
2023-08-26,0.02644
2023-08-27,0.027626
2023-08-28,0.02912
2023-08-29,0.030923
2023-08-30,0.033036
2023-08-31,0.03546
2023-09-01,0.038196
2023-09-02,0.040041
2023-09-03,0.040998
2023-09-04,0.041461
2023-09-05,0.041431
2023-09-06,0.040907
2023-09-07,0.03989
2023-09-08,0.038379
2023-09-09,0.036373
2023-09-10,0.033872
2023-09-11,0.030242
2023-09-12,0.025484
2023-09-13,0.019594
2023-09-14,0.01257
2023-09-15,0.004409
2023-09-16,-0.004892
2023-09-17,-0.015337
2023-09-18,-0.026099
2023-09-19,-0.037183
2023-09-20,-0.048593
2023-09-21,-0.060333
2023-09-22,-0.07241
2023-09-23,-0.084827
2023-09-24,-0.09759
2023-09-25,-0.110933
2023-09-26,-0.124863
2023-09-27,-0.139384
2023-09-28,-0.154502
2023-09-29,-0.170225
2023-09-30,-0.186558
2023-10-01,-0.203508
2023-10-02,-0.219458
2023-10-03,-0.234413
2023-10-04,-0.24838
2023-10-05,-0.261365
2023-10-06,-0.273373
2023-10-07,-0.284409
2023-10-08,-0.294478
2023-10-09,-0.303778
2023-10-10,-0.312312
2023-10-11,-0.320085
2023-10-12,-0.327099
2023-10-13,-0.333358
2023-10-14,-0.338864
2023-10-15,-0.343619
2023-10-16,-0.34656
2023-10-17,-0.34769
2023-10-18,-0.347007
2023-10-19,-0.344513
2023-10-20,-0.340205
2023-10-21,-0.334082
2023-10-22,-0.326142
2023-10-23,-0.316855
2023-10-24,-0.306216
2023-10-25,-0.294222
2023-10-26,-0.280867
2023-10-27,-0.266146
2023-10-28,-0.250053
2023-10-29,-0.232581
2023-10-30,-0.213887
2023-10-31,-0.193962
2023-11-01,-0.172799
2023-11-02,-0.152627
2023-11-03,-0.133438
2023-11-04,-0.115224
2023-11-05,-0.097977
2023-11-06,-0.081004
2023-11-07,-0.064298
2023-11-08,-0.047851
2023-11-09,-0.031657
2023-11-10,-0.015709
2023-11-11,-0.000001
2023-11-12,0.015474
2023-11-13,0.029355
2023-11-14,0.041648
2023-11-15,0.052358
2023-11-16,0.06149
2023-11-17,0.069048
2023-11-18,0.075033
2023-11-19,0.07945
2023-11-20,0.083049
2023-11-21,0.085832
2023-11-22,0.087799
2023-11-23,0.088952
2023-11-24,0.089292
2023-11-25,0.088817
2023-11-26,0.087529
2023-11-27,0.085515
2023-11-28,0.082775
2023-11-29,0.079308
2023-11-30,0.075111
2023-12-01,0.070184
2023-12-02,0.064258
2023-12-03,0.057329
2023-12-04,0.048762
2023-12-05,0.038554
2023-12-06,0.026701
2023-12-07,0.013197
2023-12-08,-0.001963
2023-12-09,-0.018785
2023-12-10,-0.037276
2023-12-11,-0.056662
2023-12-12,-0.076951
2023-12-13,-0.098151
2023-12-14,-0.120271
2023-12-15,-0.143319
2023-12-16,-0.167307
2023-12-17,-0.192242
2023-12-18,-0.218285
2023-12-19,-0.245444
2023-12-20,-0.273732
2023-12-21,-0.30316
2023-12-22,-0.33374
2023-12-23,-0.365485
2023-12-24,-0.398408
2023-12-25,-0.433219
2023-12-26,-0.469933
2023-12-27,-0.508565
2023-12-28,-0.549131
2023-12-29,-0.591648
2023-12-30,-0.636133
2023-12-31,-0.682604
2024-01-01,-0.730543
2024-01-02,-0.775232
2024-01-03,-0.816689
2024-01-04,-0.854932
2024-01-05,-0.889976
2024-01-06,-0.921837
2024-01-07,-0.950526
2024-01-08,-0.976392
2024-01-09,-0.999446
2024-01-10,-1.019697
2024-01-11,-1.037153
2024-01-12,-1.051822
2024-01-13,-1.063709
2024-01-14,-1.07282
2024-01-15,-1.077598
2024-01-16,-1.078045
2024-01-17,-1.074161
2024-01-18,-1.065945
2024-01-19,-1.053393
2024-01-20,-1.036499
2024-01-21,-1.015258
2024-01-22,-0.990826
2024-01-23,-0.963194
2024-01-24,-0.932349
2024-01-25,-0.89828
2024-01-26,-0.860972
2024-01-27,-0.82041
2024-01-28,-0.776576
2024-01-29,-0.730093
2024-01-30,-0.68094
2024-01-31,-0.629097
2024-02-01,-0.574543
2024-02-02,-0.522873
2024-02-03,-0.474064
2024-02-04,-0.428098
2024-02-05,-0.38435
2024-02-06,-0.342801
2024-02-07,-0.303435
2024-02-08,-0.266236
2024-02-09,-0.231188
2024-02-10,-0.198276
2024-02-11,-0.167487
2024-02-12,-0.139279
2024-02-13,-0.11364
2024-02-14,-0.090561
2024-02-15,-0.07003
2024-02-16,-0.052041
2024-02-17,-0.036584
2024-02-18,-0.023655
2024-02-19,-0.012305
2024-02-20,-0.00253
2024-02-21,0.005675
2024-02-22,0.012313
2024-02-23,0.017386
2024-02-24,0.020898
2024-02-25,0.022848
2024-02-26,0.022846
2024-02-27,0.020892
2024-02-28,0.016984
2024-02-29,0.011122
2024-03-01,0.003303
2024-03-02,-0.004589
2024-03-03,-0.012555
2024-03-04,-0.02065
2024-03-05,-0.028876
2024-03-06,-0.037237
2024-03-07,-0.045736
2024-03-08,-0.054377
2024-03-09,-0.063163
2024-03-10,-0.072098
2024-03-11,-0.081192
2024-03-12,-0.09045
2024-03-13,-0.099874
2024-03-14,-0.10947
2024-03-15,-0.119241
2024-03-16,-0.129191
2024-03-17,-0.139324
2024-03-18,-0.149607
2024-03-19,-0.160044
2024-03-20,-0.17064
2024-03-21,-0.181399
2024-03-22,-0.192326
2024-03-23,-0.203425
2024-03-24,-0.2147
2024-03-25,-0.225805
2024-03-26,-0.236743
2024-03-27,-0.24752
2024-03-28,-0.258139
2024-03-29,-0.268606
2024-03-30,-0.278924
2024-03-31,-0.289097
2024-04-01,-0.299982
2024-04-02,-0.309912
2024-04-03,-0.318891
2024-04-04,-0.326921
2024-04-05,-0.334008
2024-04-06,-0.340153
2024-04-07,-0.345359
2024-04-08,-0.349239
2024-04-09,-0.351794
2024-04-10,-0.353025
2024-04-11,-0.352932
2024-04-12,-0.351516
2024-04-13,-0.348777
2024-04-14,-0.344712
2024-04-15,-0.339408
2024-04-16,-0.332863
2024-04-17,-0.325074
2024-04-18,-0.316038
2024-04-19,-0.305751
2024-04-20,-0.294209
2024-04-21,-0.281408
2024-04-22,-0.267289
2024-04-23,-0.251849
2024-04-24,-0.235079
2024-04-25,-0.216973
2024-04-26,-0.197525
2024-04-27,-0.176724
2024-04-28,-0.154564
2024-04-29,-0.129896
2024-04-30,-0.10271
2024-05-01,-0.072995
2024-05-02,-0.043873
2024-05-03,-0.015333
2024-05-04,0.012637
2024-05-05,0.04005
2024-05-06,0.065567
2024-05-07,0.0892
2024-05-08,0.110959
2024-05-09,0.130851
2024-05-10,0.148887
2024-05-11,0.165072
2024-05-12,0.179414
2024-05-13,0.192011
2024-05-14,0.202869
2024-05-15,0.211991
2024-05-16,0.219381
2024-05-17,0.225043
2024-05-18,0.228979
2024-05-19,0.23119
2024-05-20,0.232123
2024-05-21,0.231777
2024-05-22,0.230153
2024-05-23,0.227249
2024-05-24,0.223066
2024-05-25,0.2176
2024-05-26,0.21085
2024-05-27,0.202947
2024-05-28,0.193887
2024-05-29,0.183667
2024-05-30,0.172283
2024-05-31,0.15973
2024-06-01,0.146003
2024-06-02,0.132305
2024-06-03,0.118899
2024-06-04,0.105778
2024-06-05,0.092937
2024-06-06,0.080372
2024-06-07,0.068076
2024-06-08,0.056045
2024-06-09,0.044273
2024-06-10,0.031997
2024-06-11,0.019211
2024-06-12,0.005911
2024-06-13,-0.007911
2024-06-14,-0.022258
2024-06-15,-0.037138
2024-06-16,-0.052556
2024-06-17,-0.068489
2024-06-18,-0.084946
2024-06-19,-0.101931
2024-06-20,-0.119453
2024-06-21,-0.137519
2024-06-22,-0.156135
2024-06-23,-0.17531
2024-06-24,-0.194711
2024-06-25,-0.214344
2024-06-26,-0.234218
2024-06-27,-0.254342
2024-06-28,-0.274723
2024-06-29,-0.29537
2024-06-30,-0.316292
2024-07-01,-0.338406
2024-07-02,-0.359797
2024-07-03,-0.380473
2024-07-04,-0.400443
2024-07-05,-0.419716
2024-07-06,-0.438299
2024-07-07,-0.4562
2024-07-08,-0.471972
2024-07-09,-0.485622
2024-07-10,-0.497156
2024-07-11,-0.506579
2024-07-12,-0.513893
2024-07-13,-0.519103
2024-07-14,-0.52221
2024-07-15,-0.524189
2024-07-16,-0.525039
2024-07-17,-0.524761
2024-07-18,-0.523355
2024-07-19,-0.520821
2024-07-20,-0.517157
2024-07-21,-0.512361
2024-07-22,-0.505759
2024-07-23,-0.497347
2024-07-24,-0.487122
2024-07-25,-0.475079
2024-07-26,-0.461214
2024-07-27,-0.445521
2024-07-28,-0.427993
2024-07-29,-0.409722
2024-07-30,-0.390701
2024-07-31,-0.370921
2024-08-01,-0.350374
2024-08-02,-0.331287
2024-08-03,-0.31365
2024-08-04,-0.297458
2024-08-05,-0.282345
2024-08-06,-0.268307
2024-08-07,-0.255337
2024-08-08,-0.24343
2024-08-09,-0.232581
2024-08-10,-0.222786
2024-08-11,-0.21404
2024-08-12,-0.205889
2024-08-13,-0.198332
2024-08-14,-0.191364
2024-08-15,-0.184982
2024-08-16,-0.179184
2024-08-17,-0.173968
2024-08-18,-0.169331
2024-08-19,-0.165444
2024-08-20,-0.162304
2024-08-21,-0.159911
2024-08-22,-0.158264
2024-08-23,-0.157361
2024-08-24,-0.157203
2024-08-25,-0.157789
2024-08-26,-0.159345
2024-08-27,-0.161871
2024-08-28,-0.165369
2024-08-29,-0.16984
2024-08-30,-0.175287
2024-08-31,-0.18171
2024-09-01,-0.189113
2024-09-02,-0.196649
2024-09-03,-0.20432
2024-09-04,-0.21213
2024-09-05,-0.220083
2024-09-06,-0.228181
2024-09-07,-0.236427
2024-09-08,-0.244826
2024-09-09,-0.253567
2024-09-10,-0.262653
2024-09-11,-0.272089
2024-09-12,-0.281878
2024-09-13,-0.292024
2024-09-14,-0.302532
2024-09-15,-0.313405
2024-09-16,-0.324572
2024-09-17,-0.336037
2024-09-18,-0.347804
2024-09-19,-0.359878
2024-09-20,-0.372265
2024-09-21,-0.384969
2024-09-22,-0.397996
2024-09-23,-0.411003
2024-09-24,-0.423996
2024-09-25,-0.436981
2024-09-26,-0.449962
2024-09-27,-0.462946
2024-09-28,-0.475937
2024-09-29,-0.48894
2024-09-30,-0.500841
2024-10-01,-0.511643
2024-10-02,-0.520196
2024-10-03,-0.526501
2024-10-04,-0.530562
2024-10-05,-0.53238
2024-10-06,-0.531957
2024-10-07,-0.531416
2024-10-08,-0.530757
2024-10-09,-0.52998
2024-10-10,-0.529085
2024-10-11,-0.528072
2024-10-12,-0.526939
2024-10-13,-0.525687
2024-10-14,-0.524197
2024-10-15,-0.522469
2024-10-16,-0.520503
2024-10-17,-0.518296
2024-10-18,-0.51585
2024-10-19,-0.513161
2024-10-20,-0.51023
2024-10-21,-0.506798
2024-10-22,-0.502864
2024-10-23,-0.498426
2024-10-24,-0.493482
2024-10-25,-0.488031
2024-10-26,-0.482069
2024-10-27,-0.475595
2024-10-28,-0.46816
2024-10-29,-0.459761
2024-10-30,-0.450394
2024-10-31,-0.440056
2024-11-01,-0.428742
2024-11-02,-0.416786
2024-11-03,-0.404183
2024-11-04,-0.391142
2024-11-05,-0.377657
2024-11-06,-0.363723
2024-11-07,-0.349333
2024-11-08,-0.334482
2024-11-09,-0.319163
2024-11-10,-0.30337
2024-11-11,-0.287044
2024-11-12,-0.270176
2024-11-13,-0.25276
2024-11-14,-0.23479
2024-11-15,-0.216256
2024-11-16,-0.197153
2024-11-17,-0.177471
2024-11-18,-0.156965
2024-11-19,-0.135627
2024-11-20,-0.113447
2024-11-21,-0.090417
2024-11-22,-0.066526
2024-11-23,-0.041765
2024-11-24,-0.016125
2024-11-25,0.01043
2024-11-26,0.03791
2024-11-27,0.066325
2024-11-28,0.095689
2024-11-29,0.126012
2024-11-30,0.157309
2024-12-01,0.189591
2024-12-02,0.219827
2024-12-03,0.248031
2024-12-04,0.274213
2024-12-05,0.298386
2024-12-06,0.320557
2024-12-07,0.340738
2024-12-08,0.358936
2024-12-09,0.373751
2024-12-10,0.385189
2024-12-11,0.393255
2024-12-12,0.397952
2024-12-13,0.399282
2024-12-14,0.397246
2024-12-15,0.391843
2024-12-16,0.383634
2024-12-17,0.372615
2024-12-18,0.358782
2024-12-19,0.342129
2024-12-20,0.322649
2024-12-21,0.300334
2024-12-22,0.275175
2024-12-23,0.246959
2024-12-24,0.215674
2024-12-25,0.181308
2024-12-26,0.143846
2024-12-27,0.103273
2024-12-28,0.059571
2024-12-29,0.012724
2024-12-30,-0.037287
2024-12-31,-0.090482
2025-01-01,-0.146883
2025-01-02,-0.200358
2025-01-03,-0.250928
2025-01-04,-0.298614
2025-01-05,-0.343437
2025-01-06,-0.384601
2025-01-07,-0.422122
2025-01-08,-0.456018
2025-01-09,-0.486301
2025-01-10,-0.512984
2025-01-11,-0.536078
2025-01-12,-0.555592
2025-01-13,-0.571942
2025-01-14,-0.585132
2025-01-15,-0.595169
2025-01-16,-0.602056
2025-01-17,-0.605798
2025-01-18,-0.606394
2025-01-19,-0.603846
2025-01-20,-0.598821
2025-01-21,-0.591316
2025-01-22,-0.581328
2025-01-23,-0.568854
2025-01-24,-0.553887
2025-01-25,-0.536423
2025-01-26,-0.516454
2025-01-27,-0.493113
2025-01-28,-0.466391
2025-01-29,-0.436277
2025-01-30,-0.402758
2025-01-31,-0.365821
2025-02-01,-0.32545
2025-02-02,-0.286494
2025-02-03,-0.249441
2025-02-04,-0.214275
2025-02-05,-0.180981
2025-02-06,-0.149546
2025-02-07,-0.119958
2025-02-08,-0.092203
2025-02-09,-0.06627
2025-02-10,-0.041638
2025-02-11,-0.018297
2025-02-12,0.003762
2025-02-13,0.02455
2025-02-14,0.044073
2025-02-15,0.062342
2025-02-16,0.079362
2025-02-17,0.095657
2025-02-18,0.111233
2025-02-19,0.126096
2025-02-20,0.140253
2025-02-21,0.15371
2025-02-22,0.166472
2025-02-23,0.178545
2025-02-24,0.188388
2025-02-25,0.196005
2025-02-26,0.2014
2025-02-27,0.204575
2025-02-28,0.205531
2025-03-01,0.204268
2025-03-02,0.201996
2025-03-03,0.19937
2025-03-04,0.196388
2025-03-05,0.193049
2025-03-06,0.189351
2025-03-07,0.185293
2025-03-08,0.180873
2025-03-09,0.17609
2025-03-10,0.171161
2025-03-11,0.166082
2025-03-12,0.160854
2025-03-13,0.155472
2025-03-14,0.149935
2025-03-15,0.144241
2025-03-16,0.138387
2025-03-17,0.13219
2025-03-18,0.125648
2025-03-19,0.118756
2025-03-20,0.111514
2025-03-21,0.103917
2025-03-22,0.095962
2025-03-23,0.087647
2025-03-24,0.078825
2025-03-25,0.069493
2025-03-26,0.059646
2025-03-27,0.049282
2025-03-28,0.038395
2025-03-29,0.026981
2025-03-30,0.015035
2025-03-31,0.002854
2025-04-01,-0.009567
2025-04-02,-0.021924
2025-04-03,-0.034222
2025-04-04,-0.046466
2025-04-05,-0.05866
2025-04-06,-0.07081
2025-04-07,-0.083332
2025-04-08,-0.096231
2025-04-09,-0.109513
2025-04-10,-0.123182
2025-04-11,-0.137244
2025-04-12,-0.151706
2025-04-13,-0.166573
2025-04-14,-0.181285
2025-04-15,-0.195848
2025-04-16,-0.210267
2025-04-17,-0.224549
2025-04-18,-0.2387
2025-04-19,-0.252725
2025-04-20,-0.266631
2025-04-21,-0.280066
2025-04-22,-0.293037
2025-04-23,-0.305547
2025-04-24,-0.317604
2025-04-25,-0.329211
2025-04-26,-0.340373
2025-04-27,-0.351095
2025-04-28,-0.362543
2025-04-29,-0.374721
2025-04-30,-0.387634
2025-05-01,-0.401288
2025-05-02,-0.414343
2025-05-03,-0.426805
2025-05-04,-0.438679
2025-05-05,-0.449586
2025-05-06,-0.459531
2025-05-07,-0.468517
2025-05-08,-0.476548
2025-05-09,-0.483628
2025-05-10,-0.48976
2025-05-11,-0.494945
2025-05-12,-0.499149
2025-05-13,-0.502371
2025-05-14,-0.504614
2025-05-15,-0.505878
2025-05-16,-0.506164
2025-05-17,-0.505473
2025-05-18,-0.503803
2025-05-19,-0.500614
2025-05-20,-0.495906
2025-05-21,-0.489675
2025-05-22,-0.48192
2025-05-23,-0.472637
2025-05-24,-0.461822
2025-05-25,-0.449472
2025-05-26,-0.435693
2025-05-27,-0.420481
2025-05-28,-0.40383
2025-05-29,-0.385732
2025-05-30,-0.366179
2025-05-31,-0.345165
2025-06-01,-0.32268
2025-06-02,-0.300499
2025-06-03,-0.278612
2025-06-04,-0.257012
2025-06-05,-0.235689
2025-06-06,-0.214633
2025-06-07,-0.193838
2025-06-08,-0.173292
2025-06-09,-0.153197
2025-06-10,-0.133542
2025-06-11,-0.114319
2025-06-12,-0.095522
2025-06-13,-0.077141
2025-06-14,-0.05917
2025-06-15,-0.041601
2025-06-16,-0.024596
2025-06-17,-0.008148
2025-06-18,0.007749
2025-06-19,0.023102
2025-06-20,0.037918
2025-06-21,0.052202
2025-06-22,0.065961
2025-06-23,0.079292
2025-06-24,0.092203
2025-06-25,0.104697
2025-06-26,0.116781
2025-06-27,0.128459
2025-06-28,0.139736
2025-06-29,0.150616
2025-06-30,0.161197
2025-07-01,0.171484
2025-07-02,0.180509
2025-07-03,0.188277
2025-07-04,0.194791
2025-07-05,0.200054
2025-07-06,0.204068
2025-07-07,0.206654
2025-07-08,0.207814
2025-07-09,0.207548
2025-07-10,0.205855
2025-07-11,0.202736
2025-07-12,0.198189
2025-07-13,0.192212
2025-07-14,0.18497
2025-07-15,0.17646
2025-07-16,0.16668
2025-07-17,0.155624
2025-07-18,0.143288
2025-07-19,0.129667
2025-07-20,0.114755
2025-07-21,0.098712
2025-07-22,0.08153
2025-07-23,0.063204
2025-07-24,0.043724
2025-07-25,0.023083
2025-07-26,0.001273
2025-07-27,-0.021716
2025-07-28,-0.04564
2025-07-29,-0.070508
2025-07-30,-0.096332
2025-07-31,-0.123121
2025-08-01,-0.150887
2025-08-02,-0.177378
2025-08-03,-0.202604
2025-08-04,-0.226993
2025-08-05,-0.250554
2025-08-06,-0.273297
2025-08-07,-0.295231
2025-08-08,-0.316365
2025-08-09,-0.336709
2025-08-10,-0.35627
2025-08-11,-0.37458
2025-08-12,-0.391645
2025-08-13,-0.407473
2025-08-14,-0.42207
2025-08-15,-0.435443
2025-08-16,-0.447597
2025-08-17,-0.458537
2025-08-18,-0.468851
2025-08-19,-0.478542
2025-08-20,-0.487616
2025-08-21,-0.496076
2025-08-22,-0.503925
2025-08-23,-0.511166
2025-08-24,-0.517803
2025-08-25,-0.523353
2025-08-26,-0.527818
2025-08-27,-0.531201
2025-08-28,-0.533502
2025-08-29,-0.534723
2025-08-30,-0.534864
2025-08-31,-0.533925
2025-09-01,-0.531179
2025-09-02,-0.527827
2025-09-03,-0.523868
2025-09-04,-0.519301
2025-09-05,-0.514124
2025-09-06,-0.508334
2025-09-07,-0.501929
2025-09-08,-0.497081
2025-09-09,-0.493786
2025-09-10,-0.492045
2025-09-11,-0.491855
2025-09-12,-0.493217
2025-09-13,-0.496132
2025-09-14,-0.500601
2025-09-15,-0.506117
2025-09-16,-0.512683
2025-09-17,-0.520301
2025-09-18,-0.528976
2025-09-19,-0.538709
2025-09-20,-0.549506
2025-09-21,-0.561371
2025-09-22,-0.573433
2025-09-23,-0.585698
2025-09-24,-0.598171
2025-09-25,-0.610856
2025-09-26,-0.623759
2025-09-27,-0.636886
2025-09-28,-0.650242
2025-09-29,-0.663746
2025-09-30,-0.677403
2025-10-01,-0.69122
2025-10-02,-0.703753
2025-10-03,-0.715008
2025-10-04,-0.724988
2025-10-05,-0.733699
2025-10-06,-0.741997
2025-10-07,-0.749884
2025-10-08,-0.757364
2025-10-09,-0.764441
2025-10-10,-0.771116
2025-10-11,-0.777393
2025-10-12,-0.783275
2025-10-13,-0.78788
2025-10-14,-0.791212
2025-10-15,-0.79327
2025-10-16,-0.794057
2025-10-17,-0.793571
2025-10-18,-0.791814
2025-10-19,-0.788785
2025-10-20,-0.785324
2025-10-21,-0.78143
2025-10-22,-0.777101
2025-10-23,-0.772336
2025-10-24,-0.767133
2025-10-25,-0.761489
2025-10-26,-0.755403
2025-10-27,-0.748113
2025-10-28,-0.739616
2025-10-29,-0.729909
2025-10-30,-0.718988
2025-10-31,-0.706848
2025-11-01,-0.693485
2025-11-02,-0.679702
2025-11-03,-0.665791
2025-11-04,-0.651747
2025-11-05,-0.637563
2025-11-06,-0.623234
2025-11-07,-0.608754
2025-11-08,-0.594116
2025-11-09,-0.579315
2025-11-10,-0.564603
2025-11-11,-0.549974
2025-11-12,-0.535422
2025-11-13,-0.520941
2025-11-14,-0.506525
2025-11-15,-0.492167
2025-11-16,-0.477862
2025-11-17,-0.46351
2025-11-18,-0.449105
2025-11-19,-0.43464
2025-11-20,-0.42011
2025-11-21,-0.405509
2025-11-22,-0.390831
2025-11-23,-0.376069
2025-11-24,-0.36112
2025-11-25,-0.345979
2025-11-26,-0.330639
2025-11-27,-0.315093
2025-11-28,-0.299336
2025-11-29,-0.283361
2025-11-30,-0.267161
2025-12-01,-0.249775
2025-12-02,-0.232268
2025-12-03,-0.214633
2025-12-04,-0.196861
2025-12-05,-0.178947
2025-12-06,-0.160882
2025-12-07,-0.142659
2025-12-08,-0.125585
2025-12-09,-0.109653
2025-12-10,-0.094857
2025-12-11,-0.081189
2025-12-12,-0.068645
2025-12-13,-0.057219
2025-12-14,-0.046907
2025-12-15,-0.037618
2025-12-16,-0.029348
2025-12-17,-0.022095
2025-12-18,-0.015855
2025-12-19,-0.010625
2025-12-20,-0.006404
2025-12-21,-0.003189
2025-12-22,-0.001122
2025-12-23,-0.000202
2025-12-24,-0.000427
2025-12-25,-0.001799
2025-12-26,-0.004318
2025-12-27,-0.007985
2025-12-28,-0.012801
2025-12-29,-0.018066
2025-12-30,-0.023781
2025-12-31,-0.02995
2026-01-01,-0.036574
2026-01-02,-0.042597
2026-01-03,-0.04802
2026-01-04,-0.052847
2026-01-05,-0.057527
2026-01-06,-0.062063
2026-01-07,-0.066457
2026-01-08,-0.070711
2026-01-09,-0.074826
2026-01-10,-0.078804
2026-01-11,-0.082646
2026-01-12,-0.08569
2026-01-13,-0.087936
2026-01-14,-0.089386
2026-01-15,-0.090039
2026-01-16,-0.089897
2026-01-17,-0.088959
2026-01-18,-0.087224
2026-01-19,-0.085042
2026-01-20,-0.08241
2026-01-21,-0.079328
2026-01-22,-0.075794
2026-01-23,-0.071808
2026-01-24,-0.067366
2026-01-25,-0.062469
2026-01-26,-0.056298
2026-01-27,-0.048852
2026-01-28,-0.040128
2026-01-29,-0.030122
2026-01-30,-0.018829
2026-01-31,-0.006246
2026-02-01,0.007634
2026-02-02,0.020773
2026-02-03,0.033177
2026-02-04,0.044851
2026-02-05,0.0558
2026-02-06,0.066029
2026-02-07,0.075541
2026-02-08,0.084342
2026-02-09,0.091451
2026-02-10,0.096871
2026-02-11,0.100606
2026-02-12,0.102656
2026-02-13,0.103022
2026-02-14,0.101705
2026-02-15,0.098704
2026-02-16,0.095116
2026-02-17,0.090939
2026-02-18,0.086172
2026-02-19,0.080812
2026-02-20,0.074857
2026-02-21,0.068306
2026-02-22,0.061155
2026-02-23,0.053398
2026-02-24,0.045034
2026-02-25,0.036058
2026-02-26,0.026466
2026-02-27,0.016256
2026-02-28,0.005421
2026-03-01,-0.006041
2026-03-02,-0.01705
2026-03-03,-0.027609
2026-03-04,-0.037724
2026-03-05,-0.047397
2026-03-06,-0.056634
2026-03-07,-0.065438
2026-03-08,-0.073813
2026-03-09,-0.082084
2026-03-10,-0.090255
2026-03-11,-0.09833
2026-03-12,-0.106311
2026-03-13,-0.114202
2026-03-14,-0.122006
2026-03-15,-0.129726
2026-03-16,-0.136752
2026-03-17,-0.143085
2026-03-18,-0.148728
2026-03-19,-0.153683
2026-03-20,-0.157954
2026-03-21,-0.16154
2026-03-22,-0.164445
2026-03-23,-0.167293
2026-03-24,-0.170088
2026-03-25,-0.172828
2026-03-26,-0.175517
2026-03-27,-0.178155
2026-03-28,-0.180742
2026-03-29,-0.183281
2026-03-30,-0.184748
2026-03-31,-0.185145
2026-04-01,-0.18447
2026-04-02,-0.183162
2026-04-03,-0.181219
2026-04-04,-0.17864
2026-04-05,-0.175425
2026-04-06,-0.172677
2026-04-07,-0.170396
2026-04-08,-0.16858
2026-04-09,-0.167229
2026-04-10,-0.166343
2026-04-11,-0.16592
2026-04-12,-0.165961
2026-04-13,-0.165712
2026-04-14,-0.165172
2026-04-15,-0.164343
2026-04-16,-0.163223
2026-04-17,-0.161812
2026-04-18,-0.16011
2026-04-19,-0.158115
2026-04-20,-0.157257
2026-04-21,-0.157535
2026-04-22,-0.15895
2026-04-23,-0.161502
2026-04-24,-0.165192
2026-04-25,-0.170021
2026-04-26,-0.175993
2026-04-27,-0.181611
2026-04-28,-0.186878
2026-04-29,-0.191797
2026-04-30,-0.196369
2026-05-01,-0.200597
2026-05-02,-0.204414
2026-05-03,-0.207822
2026-05-04,-0.210636
2026-05-05,-0.212857
2026-05-06,-0.214485
2026-05-07,-0.215522
2026-05-08,-0.215968
2026-05-09,-0.215822
2026-05-10,-0.215086
2026-05-11,-0.214418
2026-05-12,-0.213818
2026-05-13,-0.213287
2026-05-14,-0.212823
2026-05-15,-0.212427
2026-05-16,-0.212098
2026-05-17,-0.211836
2026-05-18,-0.211464
2026-05-19,-0.21098
2026-05-20,-0.210386
2026-05-21,-0.20968
2026-05-22,-0.208863
2026-05-23,-0.207933
2026-05-24,-0.206892
2026-05-25,-0.20524
2026-05-26,-0.202976
2026-05-27,-0.200101
2026-05-28,-0.196613
2026-05-29,-0.19251
2026-05-30,-0.18779
2026-05-31,-0.182452
2026-06-01,-0.176835
2026-06-02,-0.17103
2026-06-03,-0.165032
2026-06-04,-0.158841
2026-06-05,-0.152454
2026-06-06,-0.145868
2026-06-07,-0.139079
2026-06-08,-0.132435
2026-06-09,-0.125933
2026-06-10,-0.119571
2026-06-11,-0.113344
2026-06-12,-0.107251
2026-06-13,-0.10129
2026-06-14,-0.095458
2026-06-15,-0.09011
2026-06-16,-0.085246
2026-06-17,-0.080862
2026-06-18,-0.076957
2026-06-19,-0.073529
2026-06-20,-0.070578
2026-06-21,-0.068101
2026-06-22,-0.065568
2026-06-23,-0.062978
2026-06-24,-0.06033
2026-06-25,-0.057623
2026-06-26,-0.054855
2026-06-27,-0.052026
2026-06-28,-0.049135
2026-06-29,-0.046221
2026-06-30,-0.043284
2026-07-01,-0.040323
2026-07-02,-0.037499
2026-07-03,-0.034812
2026-07-04,-0.032261
2026-07-05,-0.029843
2026-07-06,-0.027918
2026-07-07,-0.026482
2026-07-08,-0.025537
2026-07-09,-0.025081
2026-07-10,-0.025114
2026-07-11,-0.025637
2026-07-12,-0.02665
2026-07-13,-0.028701
2026-07-14,-0.031793
2026-07-15,-0.035925
2026-07-16,-0.041101
2026-07-17,-0.047321
2026-07-18,-0.05459
2026-07-19,-0.062908
2026-07-20,-0.071005
2026-07-21,-0.078884
2026-07-22,-0.086547
2026-07-23,-0.093998
2026-07-24,-0.101239
2026-07-25,-0.108275
2026-07-26,-0.115107
2026-07-27,-0.12205
2026-07-28,-0.129105
2026-07-29,-0.136276
2026-07-30,-0.143565
2026-07-31,-0.150977
2026-08-01,-0.158513
2026-08-02,-0.165875
2026-08-03,-0.172621
2026-08-04,-0.178753
2026-08-05,-0.184273
2026-08-06,-0.189184
2026-08-07,-0.193488
2026-08-08,-0.197187
2026-08-09,-0.200282
2026-08-10,-0.203528
2026-08-11,-0.206927
2026-08-12,-0.21048
2026-08-13,-0.214188
2026-08-14,-0.218053
2026-08-15,-0.222077
2026-08-16,-0.226261
2026-08-17,-0.230526
2026-08-18,-0.234874
2026-08-19,-0.239306
2026-08-20,-0.243824
2026-08-21,-0.24843
2026-08-22,-0.253126
2026-08-23,-0.257914
2026-08-24,-0.262532
2026-08-25,-0.266984
2026-08-26,-0.27127
2026-08-27,-0.275393
2026-08-28,-0.279354
2026-08-29,-0.283155
2026-08-30,-0.286797
2026-08-31,-0.290416
2026-09-01,-0.294015
2026-09-02,-0.297206
2026-09-03,-0.299992
2026-09-04,-0.302373
2026-09-05,-0.304351
2026-09-06,-0.305926
2026-09-07,-0.307505
2026-09-08,-0.309089
2026-09-09,-0.310678
2026-09-10,-0.312273
2026-09-11,-0.313875
2026-09-12,-0.315484
2026-09-13,-0.3171
2026-09-14,-0.318332
2026-09-15,-0.319179
2026-09-16,-0.319642
2026-09-17,-0.319721
2026-09-18,-0.319415
2026-09-19,-0.318726
2026-09-20,-0.317652
2026-09-21,-0.316237
2026-09-22,-0.314481
2026-09-23,-0.312382
2026-09-24,-0.309941
2026-09-25,-0.307156
2026-09-26,-0.304026
2026-09-27,-0.300549
2026-09-28,-0.296502
2026-09-29,-0.291882
2026-09-30,-0.286687
