date,value
1961-06-14,0.072314
1961-06-15,0.113358
1961-06-16,0.114691
1961-06-19,0.132972
1961-06-20,0.112393
1961-06-21,0.117702
1961-06-22,0.112626
1961-06-23,0.113797
1961-06-26,0.121861
1961-06-27,0.13311
1961-06-28,0.136265
1961-06-29,0.138854
1961-06-30,0.116248
1961-07-03,0.118723
1961-07-05,0.160883
1961-07-06,0.16691
1961-07-07,0.176492
1961-07-10,0.185309
1961-07-11,0.193146
1961-07-12,0.218548
1961-07-13,0.211825
1961-07-14,0.250904
1961-07-17,0.243158
1961-07-18,0.24588
1961-07-19,0.241213
1961-07-20,0.224431
1961-07-21,0.227497
1961-07-24,0.23235
1961-07-25,0.250445
1961-07-26,0.236032
1961-07-27,0.273642
1961-07-28,0.27403
1961-07-31,0.323782
1961-08-01,0.287442
1961-08-02,0.280243
1961-08-03,0.316311
1961-08-04,0.309002
1961-08-07,0.333596
1961-08-08,0.335549
1961-08-09,0.326743
1961-08-10,0.305528
1961-08-11,0.270837
1961-08-14,0.262555
1961-08-15,0.259622
1961-08-16,0.246297
1961-08-17,0.217363
1961-08-18,0.184898
1961-08-21,0.172368
1961-08-22,0.16858
1961-08-23,0.176823
1961-08-24,0.191138
1961-08-25,0.195511
1961-08-28,0.192975
1961-08-29,0.192161
1961-08-30,0.198071
1961-08-31,0.225362
1961-09-01,0.218812
1961-09-05,0.218431
1961-09-06,0.218186
1961-09-07,0.21348
1961-09-08,0.220971
1961-09-11,0.204503
1961-09-12,0.205704
1961-09-13,0.193035
1961-09-14,0.189507
1961-09-15,0.187066
1961-09-18,0.185496
1961-09-19,0.17253
1961-09-20,0.165754
1961-09-21,0.143817
1961-09-22,0.144287
1961-09-25,0.136672
1961-09-26,0.104215
1961-09-27,0.114923
1961-09-28,0.121854
1961-09-29,0.154297
1961-10-02,0.157094
1961-10-03,0.161465
1961-10-04,0.122703
1961-10-05,0.11227
1961-10-06,0.126981
1961-10-09,0.091547
1961-10-10,0.047461
1961-10-11,0.065176
1961-10-13,0.047591
1961-10-16,0.041984
1961-10-17,0.017587
1961-10-18,0.012897
1961-10-19,0.016017
1961-10-20,-0.002195
1961-10-23,-0.008659
1961-10-24,-0.020528
1961-10-25,-0.058233
1961-10-26,-0.020183
1961-10-27,0.066657
1961-10-30,0.064031
1961-10-31,0.202375
1961-11-01,0.107155
1961-11-02,0.075835
1961-11-03,0.082869
1961-11-06,0.11251
1961-11-08,0.152979
1961-11-09,0.040411
1961-11-10,-0.020996
1961-11-13,-0.011606
1961-11-14,-0.115205
1961-11-15,-0.023852
1961-11-16,-0.034951
1961-11-17,-0.018872
1961-11-20,-0.075792
1961-11-21,-0.102635
1961-11-22,-0.154388
1961-11-24,-0.152227
1961-11-27,-0.210229
1961-11-28,-0.190687
1961-11-29,-0.212469
1961-11-30,0.047809
1961-12-01,-0.134125
1961-12-04,-0.239177
1961-12-05,-0.233669
1961-12-06,-0.204404
1961-12-07,-0.219597
1961-12-08,-0.198292
1961-12-11,-0.21362
1961-12-12,-0.276262
1961-12-13,-0.21733
1961-12-14,-0.182751
1961-12-15,-0.153711
1961-12-18,-0.160739
1961-12-19,-0.149165
1961-12-20,-0.19596
1961-12-21,-0.200778
1961-12-22,-0.118989
1961-12-26,-0.09958
1961-12-27,-0.09905
1961-12-28,-0.226848
1961-12-29,-0.096439
1962-01-02,-0.30831
1962-01-03,-0.341744
1962-01-04,-0.376577
1962-01-05,-0.328029
1962-01-08,-0.194418
1962-01-09,-0.245393
1962-01-10,-0.22016
1962-01-11,-0.226488
1962-01-12,-0.087899
1962-01-15,-0.056079
1962-01-16,-0.012214
1962-01-17,-0.0184
1962-01-18,-0.002299
1962-01-19,0.026539
1962-01-22,0.043627
1962-01-23,0.043347
1962-01-24,0.043257
1962-01-25,0.05937
1962-01-26,0.095755
1962-01-29,0.122683
1962-01-30,0.127778
1962-01-31,0.133176
1962-02-01,0.142615
1962-02-02,0.17297
1962-02-05,0.144097
1962-02-06,0.141218
1962-02-07,0.131388
1962-02-08,0.100568
1962-02-09,0.091464
1962-02-13,0.06739
1962-02-14,0.049748
1962-02-15,0.066646
1962-02-16,0.066677
1962-02-19,0.054978
1962-02-20,0.053963
1962-02-21,0.057758
1962-02-23,0.055627
1962-02-26,0.063133
1962-02-27,0.046024
1962-02-28,0.072256
1962-03-01,0.207954
1962-03-02,0.172112
1962-03-05,0.132577
1962-03-06,0.145348
1962-03-07,0.163781
1962-03-08,0.164117
1962-03-09,0.130579
1962-03-12,0.127227
1962-03-13,0.107965
1962-03-14,0.128134
1962-03-15,0.147832
1962-03-16,0.173759
1962-03-19,0.179488
1962-03-20,0.160393
1962-03-21,0.117013
1962-03-22,0.175972
1962-03-23,0.178826
1962-03-26,0.161441
1962-03-27,0.15391
1962-03-28,0.155548
1962-03-29,0.174205
1962-03-30,0.155409
1962-04-02,0.138392
1962-04-03,0.131248
1962-04-04,0.14839
1962-04-05,0.166816
1962-04-06,0.163621
1962-04-09,0.167397
1962-04-10,0.138036
1962-04-11,0.117625
1962-04-12,0.127771
1962-04-13,0.137018
1962-04-16,0.125564
1962-04-17,0.110366
1962-04-18,0.128876
1962-04-19,0.120867
1962-04-23,0.127892
1962-04-24,0.111019
1962-04-25,0.11571
1962-04-26,0.131583
1962-04-27,0.056999
1962-04-30,0.025691
1962-05-01,0.024158
1962-05-02,0.046753
1962-05-03,0.061647
1962-05-04,0.068011
1962-05-07,0.068676
1962-05-08,0.069663
1962-05-09,0.051569
1962-05-10,0.062869
1962-05-11,0.075536
1962-05-14,0.09051
1962-05-15,0.147054
1962-05-16,0.142649
1962-05-17,0.158228
1962-05-18,0.185549
1962-05-21,0.193714
1962-05-22,0.18425
1962-05-23,0.180879
1962-05-24,0.171253
1962-05-25,0.169097
1962-05-28,0.17339
1962-05-29,0.19365
1962-05-31,0.201591
1962-06-01,0.2023
1962-06-04,0.202484
1962-06-05,0.216401
1962-06-06,0.212442
1962-06-07,0.2041
1962-06-08,0.20482
1962-06-11,0.19932
1962-06-12,0.214901
1962-06-13,0.213363
1962-06-14,0.277271
1962-06-15,0.258559
1962-06-18,0.263247
1962-06-19,0.24975
1962-06-20,0.244261
1962-06-21,0.249868
1962-06-22,0.192179
1962-06-25,0.179833
1962-06-26,0.107885
1962-06-27,0.143153
1962-06-28,0.127479
1962-06-29,0.114941
1962-07-02,0.081518
1962-07-03,0.065896
1962-07-05,0.066606
1962-07-06,0.075899
1962-07-09,0.082233
1962-07-10,0.05659
1962-07-11,0.082292
1962-07-12,0.085146
1962-07-13,0.08598
1962-07-16,0.11297
1962-07-17,0.09499
1962-07-18,0.098129
1962-07-19,0.126892
1962-07-20,0.135577
1962-07-23,0.14451
1962-07-24,0.15025
1962-07-25,0.150991
1962-07-26,0.143839
1962-07-27,0.13063
1962-07-30,0.15251
1962-07-31,0.166852
1962-08-01,0.176766
1962-08-02,0.201321
1962-08-03,0.209039
1962-08-06,0.222606
1962-08-07,0.212599
1962-08-08,0.215668
1962-08-09,0.196336
1962-08-10,0.197666
1962-08-13,0.205637
1962-08-14,0.213361
1962-08-15,0.229807
1962-08-16,0.235994
1962-08-17,0.248794
1962-08-20,0.214068
1962-08-21,0.206234
1962-08-22,0.209601
1962-08-23,0.223818
1962-08-24,0.228995
1962-08-27,0.242337
1962-08-28,0.239372
1962-08-29,0.240609
1962-08-30,0.235508
1962-08-31,0.194284
1962-09-04,0.180795
1962-09-05,0.193011
1962-09-06,0.259127
1962-09-07,0.243607
1962-09-10,0.228601
1962-09-11,0.218606
1962-09-12,0.250773
1962-09-13,0.241904
1962-09-14,0.215982
1962-09-17,0.229289
1962-09-18,0.221173
1962-09-19,0.227882
1962-09-20,0.228123
1962-09-21,0.248557
1962-09-24,0.237748
1962-09-25,0.258509
1962-09-26,0.248923
1962-09-27,0.24517
1962-09-28,0.249087
1962-10-01,0.245723
1962-10-02,0.259193
1962-10-03,0.264664
1962-10-04,0.280829
1962-10-05,0.291324
1962-10-08,0.290501
1962-10-09,0.296709
1962-10-10,0.313358
1962-10-11,0.308111
1962-10-15,0.304829
1962-10-16,0.304627
1962-10-17,0.297325
1962-10-18,0.280036
1962-10-19,0.25942
1962-10-22,0.251793
1962-10-23,0.27093
1962-10-24,0.276071
1962-10-25,0.274946
1962-10-26,0.256931
1962-10-29,0.268726
1962-10-30,0.274561
1962-10-31,0.275359
1962-11-01,0.246904
1962-11-02,0.215546
1962-11-05,0.216133
1962-11-07,0.21028
1962-11-08,0.226203
1962-11-09,0.215555
1962-11-13,0.218064
1962-11-14,0.185309
1962-11-15,0.255719
1962-11-16,0.253537
1962-11-19,0.239217
1962-11-20,0.233443
1962-11-21,0.234955
1962-11-23,0.24285
1962-11-26,0.24422
1962-11-27,0.242703
1962-11-28,0.159407
1962-11-29,0.159509
1962-11-30,0.188472
1962-12-03,0.148457
1962-12-04,0.136037
1962-12-05,0.211396
1962-12-06,0.194242
1962-12-07,0.163283
1962-12-10,0.138273
1962-12-11,0.137136
1962-12-12,0.113069
1962-12-13,0.099306
1962-12-14,0.140355
1962-12-17,0.102592
1962-12-18,0.078136
1962-12-19,0.088497
1962-12-20,0.094808
1962-12-21,0.157617
1962-12-24,0.126141
1962-12-26,0.118558
1962-12-27,0.117728
1962-12-28,0.120553
1962-12-31,0.161865
1963-01-02,0.098917
1963-01-03,0.095936
1963-01-04,0.096117
1963-01-07,0.078387
1963-01-08,0.069456
1963-01-09,0.094337
1963-01-10,0.11308
1963-01-11,0.102677
1963-01-14,0.118116
1963-01-15,0.120237
1963-01-16,0.112689
1963-01-17,0.120628
1963-01-18,0.077875
1963-01-21,0.071545
1963-01-22,0.034453
1963-01-23,0.017074
1963-01-24,0.030172
1963-01-25,0.025737
1963-01-28,0.021168
1963-01-29,0.015745
1963-01-30,0.026204
1963-01-31,0.105121
1963-02-01,0.122337
1963-02-04,0.145025
1963-02-05,0.161848
1963-02-06,0.173269
1963-02-07,0.197499
1963-02-08,0.208386
1963-02-11,0.224686
1963-02-13,0.197856
1963-02-14,0.16329
1963-02-15,0.246097
1963-02-18,0.264845
1963-02-19,0.257496
1963-02-20,0.266605
1963-02-21,0.273188
1963-02-25,0.272148
1963-02-26,0.262176
1963-02-27,0.259375
1963-02-28,0.25802
1963-03-01,0.269918
1963-03-04,0.26529
1963-03-05,0.262834
1963-03-06,0.251775
1963-03-07,0.252955
1963-03-08,0.249053
1963-03-11,0.246106
1963-03-12,0.249332
1963-03-13,0.248164
1963-03-14,0.245572
1963-03-15,0.243374
1963-03-18,0.217467
1963-03-19,0.225566
1963-03-20,0.22677
1963-03-21,0.219337
1963-03-22,0.222041
1963-03-25,0.224408
1963-03-26,0.224189
1963-03-27,0.219646
1963-03-28,0.23308
1963-03-29,0.219083
1963-04-01,0.221896
1963-04-02,0.237405
1963-04-03,0.247654
1963-04-04,0.248668
1963-04-05,0.254679
1963-04-08,0.261084
1963-04-09,0.270085
1963-04-10,0.271898
1963-04-11,0.267422
1963-04-15,0.261367
1963-04-16,0.254397
1963-04-17,0.237631
1963-04-18,0.228796
1963-04-19,0.214562
1963-04-22,0.206218
1963-04-23,0.20693
1963-04-24,0.199225
1963-04-25,0.18451
1963-04-26,0.158333
1963-04-29,0.152963
1963-04-30,0.148487
1963-05-01,0.144263
1963-05-02,0.146257
1963-05-03,0.154063
1963-05-06,0.146898
1963-05-07,0.170175
1963-05-08,0.167716
1963-05-09,0.135478
1963-05-10,0.169123
1963-05-13,0.163043
1963-05-14,0.154983
1963-05-15,0.16331
1963-05-16,0.150502
1963-05-17,0.159633
1963-05-20,0.119833
1963-05-21,0.11451
1963-05-22,0.108892
1963-05-23,0.106562
1963-05-24,0.110223
1963-05-27,0.121852
1963-05-28,0.117982
1963-05-29,0.117812
1963-05-31,0.108751
1963-06-03,0.105922
1963-06-04,0.106608
1963-06-05,0.107881
1963-06-06,0.138362
1963-06-07,0.146999
1963-06-10,0.170151
1963-06-11,0.16231
1963-06-12,0.168654
1963-06-13,0.17989
1963-06-14,0.163616
1963-06-17,0.161094
1963-06-18,0.159535
1963-06-19,0.160489
1963-06-20,0.167151
1963-06-21,0.160982
1963-06-24,0.158927
1963-06-25,0.149752
1963-06-26,0.168811
1963-06-27,0.168579
1963-06-28,0.147313
1963-07-01,0.146916
1963-07-02,0.135309
1963-07-03,0.099907
1963-07-05,0.102002
1963-07-08,0.053422
1963-07-09,0.028113
1963-07-10,0.048771
1963-07-11,0.053526
1963-07-12,0.055118
1963-07-15,0.057312
1963-07-16,0.060366
1963-07-17,0.0278
1963-07-18,0.026133
1963-07-19,0.031599
1963-07-22,0.038446
1963-07-23,0.052183
1963-07-24,0.026195
1963-07-25,0.030745
1963-07-26,0.028605
1963-07-29,0.025207
1963-07-30,0.016337
1963-07-31,-0.001452
1963-08-01,-0.004288
1963-08-02,0.002133
1963-08-05,0.006237
1963-08-06,0.008606
1963-08-07,0.019381
1963-08-08,0.018817
1963-08-09,0.001632
1963-08-12,0.011074
1963-08-13,0.017043
1963-08-14,-0.001875
1963-08-15,-0.011832
1963-08-16,0.006482
1963-08-19,0.017705
1963-08-20,0.021428
1963-08-21,0.02321
1963-08-22,0.027257
1963-08-23,0.02235
1963-08-26,0.017512
1963-08-27,0.021604
1963-08-28,0.025746
1963-08-29,0.034731
1963-08-30,0.031994
1963-09-03,0.036991
1963-09-04,0.051335
1963-09-05,0.095923
1963-09-06,0.093731
1963-09-09,0.090619
1963-09-10,0.091202
1963-09-11,0.092522
1963-09-12,0.095946
1963-09-13,0.06523
1963-09-16,0.073395
1963-09-17,0.097134
1963-09-18,0.090241
1963-09-19,0.078129
1963-09-20,0.142689
1963-09-23,0.073179
1963-09-24,0.085788
1963-09-25,0.085324
1963-09-26,0.084681
1963-09-27,0.081919
1963-09-30,0.042444
1963-10-01,0.044485
1963-10-02,0.040015
1963-10-03,0.039242
1963-10-04,0.041542
1963-10-07,0.044808
1963-10-08,0.054834
1963-10-09,0.075817
1963-10-10,0.074487
1963-10-11,0.063786
1963-10-14,0.068539
1963-10-15,0.079529
1963-10-16,0.068897
1963-10-17,0.077594
1963-10-18,0.042277
1963-10-21,0.071462
1963-10-22,0.080568
1963-10-23,0.077133
1963-10-24,0.073203
1963-10-25,0.07545
1963-10-28,0.071532
1963-10-29,0.072748
1963-10-30,0.07524
1963-10-31,0.075059
1963-11-01,0.074038
1963-11-04,0.070212
1963-11-06,0.070216
1963-11-07,0.019218
1963-11-08,0.004641
1963-11-12,0.021571
1963-11-13,0.004799
1963-11-14,-0.01659
1963-11-15,-0.00372
1963-11-18,0.009507
1963-11-19,-0.046397
1963-11-20,-0.046212
1963-11-21,-0.053526
1963-11-22,-0.062434
1963-11-26,-0.070919
1963-11-27,-0.076819
1963-11-29,-0.083759
1963-12-02,-0.087464
1963-12-03,-0.087049
1963-12-04,-0.087919
1963-12-05,-0.089466
1963-12-06,-0.092692
1963-12-09,-0.095659
1963-12-10,-0.090853
1963-12-11,-0.082227
1963-12-12,-0.075004
1963-12-13,-0.073847
1963-12-16,-0.066985
1963-12-17,-0.071706
1963-12-18,-0.076817
1963-12-19,-0.073569
1963-12-20,-0.061349
1963-12-23,-0.064885
1963-12-24,-0.06944
1963-12-26,-0.071937
1963-12-27,-0.066419
1963-12-30,-0.06554
1963-12-31,-0.060171
1964-01-02,-0.049915
1964-01-03,-0.039065
1964-01-06,-0.027223
1964-01-07,-0.021338
1964-01-08,0.005561
1964-01-09,0.032014
1964-01-10,0.03696
1964-01-13,0.035147
1964-01-14,0.04185
1964-01-15,0.060857
1964-01-16,0.05912
1964-01-17,0.020823
1964-01-20,0.006039
1964-01-21,0.01097
1964-01-22,0.005978
1964-01-23,0.008992
1964-01-24,0.009685
1964-01-27,0.01498
1964-01-28,0.010734
1964-01-29,0.00884
1964-01-30,0.007486
1964-01-31,0.011261
1964-02-03,0.016892
1964-02-04,0.011751
1964-02-05,0.010213
1964-02-06,0.003027
1964-02-07,0.002279
1964-02-10,0.004809
1964-02-11,0.001634
1964-02-13,-0.006099
1964-02-14,-0.005847
1964-02-17,0.022321
1964-02-18,0.025556
1964-02-19,0.024394
1964-02-20,0.030593
1964-02-24,0.028389
1964-02-25,0.024646
1964-02-26,0.026046
1964-02-27,0.019314
1964-02-28,0.02451
1964-03-02,0.024084
1964-03-03,0.028058
1964-03-04,0.045246
1964-03-05,0.043324
1964-03-06,0.045817
1964-03-09,0.046528
1964-03-10,0.053916
1964-03-11,0.06344
1964-03-12,0.064519
1964-03-13,0.069657
1964-03-16,0.069537
1964-03-17,0.079712
1964-03-18,0.094247
1964-03-19,0.101201
1964-03-20,0.114188
1964-03-23,0.114244
1964-03-24,0.130441
1964-03-25,0.123365
1964-03-26,0.111547
1964-03-30,0.099861
1964-03-31,0.086847
1964-04-01,0.081863
1964-04-02,0.088248
1964-04-03,0.098917
1964-04-06,0.07701
1964-04-07,0.076289
1964-04-08,0.054208
1964-04-09,0.052869
1964-04-10,0.027738
1964-04-13,0.039953
1964-04-14,0.039252
1964-04-15,0.041752
1964-04-16,0.051339
1964-04-17,0.055353
1964-04-20,0.054115
1964-04-21,0.048193
1964-04-22,0.057439
1964-04-23,0.057892
1964-04-24,0.067841
1964-04-27,0.070558
1964-04-28,0.067854
1964-04-29,0.059978
1964-04-30,0.064076
1964-05-01,0.060278
1964-05-04,0.057474
1964-05-05,0.054841
1964-05-06,0.048628
1964-05-07,0.054444
1964-05-08,0.044429
1964-05-11,0.048807
1964-05-12,0.054155
1964-05-13,0.054244
1964-05-14,0.055052
1964-05-15,0.044661
1964-05-18,0.042178
1964-05-19,0.044783
1964-05-20,0.046288
1964-05-21,0.044717
1964-05-22,0.034255
1964-05-25,0.029535
1964-05-26,0.027796
1964-05-27,0.025957
1964-05-28,0.020943
1964-06-01,0.015245
1964-06-02,0.013068
1964-06-03,0.016711
1964-06-04,0.015389
1964-06-05,-0.000005
1964-06-08,-0.003598
1964-06-09,-0.012366
1964-06-10,-0.003892
1964-06-11,-0.001527
1964-06-12,-0.0049
1964-06-15,-0.006446
1964-06-16,-0.007218
1964-06-17,-0.007107
1964-06-18,-0.009092
1964-06-19,-0.010921
1964-06-22,-0.003007
1964-06-23,-0.00106
1964-06-24,0.005047
1964-06-25,0.010844
1964-06-26,-0.001421
1964-06-29,0.007881
1964-06-30,0.016685
1964-07-01,0.018737
1964-07-02,0.022222
1964-07-06,0.026875
1964-07-07,0.024126
1964-07-08,0.038388
1964-07-09,0.104939
1964-07-10,0.115727
1964-07-13,0.121046
1964-07-14,0.115401
1964-07-15,0.130948
1964-07-16,0.146289
1964-07-17,0.140509
1964-07-20,0.139114
1964-07-21,0.15219
1964-07-22,0.082388
1964-07-23,0.098361
1964-07-24,0.09572
1964-07-27,0.096378
1964-07-28,0.100711
1964-07-29,0.152983
1964-07-30,0.157249
1964-07-31,0.160603
1964-08-03,0.156427
1964-08-04,0.115552
1964-08-05,0.130772
1964-08-06,0.14645
1964-08-07,0.161507
1964-08-10,0.14624
1964-08-11,0.052032
1964-08-12,0.066341
1964-08-13,0.073719
1964-08-14,0.131099
1964-08-17,0.142846
1964-08-18,0.124678
1964-08-19,0.108414
1964-08-20,0.11414
1964-08-21,0.106148
1964-08-24,0.095332
1964-08-25,0.097561
1964-08-26,0.092194
1964-08-27,0.082644
1964-08-28,0.081477
1964-08-31,0.081087
1964-09-01,0.062411
1964-09-02,0.041247
1964-09-03,0.062251
1964-09-04,0.047517
1964-09-08,0.029346
1964-09-09,0.021041
1964-09-10,0.023995
1964-09-11,0.023663
1964-09-14,0.012123
1964-09-15,-0.002685
1964-09-16,0.008871
1964-09-17,0.01194
1964-09-18,0.010272
1964-09-21,0.007913
1964-09-22,0.006103
1964-09-23,0.001672
1964-09-24,0.002801
1964-09-25,-0.008098
1964-09-28,-0.026757
1964-09-29,-0.022241
1964-09-30,-0.022274
1964-10-01,0.00384
1964-10-02,0.000831
1964-10-05,0.000826
1964-10-06,-0.009763
1964-10-07,-0.0147
1964-10-08,-0.013945
1964-10-09,-0.013864
1964-10-13,-0.008654
1964-10-14,-0.009012
1964-10-15,-0.003674
1964-10-16,-0.002969
1964-10-19,-0.006364
1964-10-20,-0.017101
1964-10-21,-0.015221
1964-10-22,-0.007465
1964-10-23,-0.002768
1964-10-26,-0.007791
1964-10-27,-0.012715
1964-10-28,-0.020588
1964-10-29,-0.031038
1964-10-30,-0.035936
1964-11-02,-0.044757
1964-11-04,-0.036506
1964-11-05,-0.045762
1964-11-06,-0.04667
1964-11-09,-0.055202
1964-11-10,-0.061446
1964-11-12,-0.070874
1964-11-13,-0.073894
1964-11-16,-0.083848
1964-11-17,-0.087152
1964-11-18,-0.0857
1964-11-19,-0.092172
1964-11-20,-0.093809
1964-11-23,-0.111023
1964-11-24,-0.111037
1964-11-25,-0.159077
1964-11-27,-0.165835
1964-11-30,-0.161097
1964-12-01,-0.173316
1964-12-02,-0.167902
1964-12-03,-0.174245
1964-12-04,-0.178241
1964-12-07,-0.189701
1964-12-08,-0.17816
1964-12-09,-0.175155
1964-12-10,-0.172036
1964-12-11,-0.168081
1964-12-14,-0.145964
1964-12-15,-0.148482
1964-12-16,-0.142251
1964-12-17,-0.138094
1964-12-18,-0.140533
1964-12-21,-0.11909
1964-12-22,-0.127083
1964-12-23,-0.13512
1964-12-24,-0.14044
1964-12-28,-0.142173
1964-12-29,-0.143373
1964-12-30,-0.116506
1964-12-31,-0.100896
1965-01-04,-0.084084
1965-01-05,-0.079721
1965-01-06,-0.081099
1965-01-07,-0.078159
1965-01-08,-0.073816
1965-01-11,-0.062382
1965-01-12,-0.058742
1965-01-13,-0.080182
1965-01-14,-0.063116
1965-01-15,-0.049659
1965-01-18,-0.048549
1965-01-19,-0.025943
1965-01-20,0.006834
1965-01-21,0.037925
1965-01-22,0.070781
1965-01-25,0.057759
1965-01-26,0.036855
1965-01-27,0.005922
1965-01-28,0.034568
1965-01-29,0.055793
1965-02-01,0.058232
1965-02-02,-0.095244
1965-02-03,-0.104641
1965-02-04,-0.072933
1965-02-05,-0.039906
1965-02-08,-0.029807
1965-02-09,-0.024746
1965-02-10,-0.103881
1965-02-11,-0.112709
1965-02-15,0.012338
1965-02-16,0.016592
1965-02-17,0.026962
1965-02-18,0.007353
1965-02-19,0.019761
1965-02-23,0.019172
1965-02-24,0.015801
1965-02-25,-0.007737
1965-02-26,-0.014481
1965-03-01,-0.054426
1965-03-02,-0.066125
1965-03-03,-0.059418
1965-03-04,-0.056138
1965-03-05,-0.096391
1965-03-08,-0.096523
1965-03-09,-0.095848
1965-03-10,-0.10513
1965-03-11,-0.085119
1965-03-12,-0.100354
1965-03-15,-0.09761
1965-03-16,-0.090588
1965-03-17,-0.09145
1965-03-18,-0.085694
1965-03-19,-0.092873
1965-03-22,-0.104329
1965-03-23,-0.096504
1965-03-24,-0.089709
1965-03-25,-0.099698
1965-03-26,-0.093055
1965-03-29,-0.096513
1965-03-30,-0.097171
1965-03-31,-0.060056
1965-04-01,-0.061941
1965-04-02,-0.06049
1965-04-05,-0.07175
1965-04-06,-0.064122
1965-04-07,-0.049347
1965-04-08,-0.063776
1965-04-09,-0.055343
1965-04-12,-0.049341
1965-04-13,-0.046969
1965-04-14,-0.032411
1965-04-15,-0.011069
1965-04-19,-0.108279
1965-04-20,-0.111946
1965-04-21,-0.10598
1965-04-22,-0.107117
1965-04-23,-0.110332
1965-04-26,-0.093728
1965-04-27,-0.094718
1965-04-28,-0.092351
1965-04-29,-0.092618
1965-04-30,-0.09608
1965-05-03,-0.09912
1965-05-04,-0.095656
1965-05-05,-0.098553
1965-05-06,-0.106409
1965-05-07,-0.106635
1965-05-10,-0.107637
1965-05-11,-0.112599
1965-05-12,-0.117404
1965-05-13,-0.118983
1965-05-14,-0.120909
1965-05-17,-0.125366
1965-05-18,-0.129546
1965-05-19,-0.131524
1965-05-20,-0.129852
1965-05-21,-0.136794
1965-05-24,-0.139711
1965-05-25,-0.125258
1965-05-26,-0.128368
1965-05-27,-0.113931
1965-05-28,-0.125263
1965-06-01,-0.131776
1965-06-02,-0.135413
1965-06-03,-0.100115
1965-06-04,-0.125147
1965-06-07,-0.127503
1965-06-08,-0.11384
1965-06-09,-0.117284
1965-06-10,-0.117862
1965-06-11,-0.113358
1965-06-14,-0.117793
1965-06-15,-0.118074
1965-06-16,-0.088728
1965-06-17,-0.088459
1965-06-18,-0.078561
1965-06-21,-0.071384
1965-06-22,-0.068143
1965-06-23,-0.065876
1965-06-24,-0.040953
1965-06-25,-0.066603
1965-06-28,-0.069949
1965-06-29,-0.072846
1965-06-30,-0.076201
1965-07-01,-0.066671
1965-07-02,-0.081236
1965-07-06,-0.078982
1965-07-07,-0.084088
1965-07-08,-0.078827
1965-07-09,-0.076036
1965-07-12,-0.076625
1965-07-13,-0.081067
1965-07-14,-0.084149
1965-07-15,-0.083938
1965-07-16,-0.086484
1965-07-19,-0.084594
1965-07-20,-0.075361
1965-07-21,-0.071802
1965-07-22,-0.073693
1965-07-23,-0.068633
1965-07-26,-0.074306
1965-07-27,-0.074956
1965-07-28,-0.077408
1965-07-29,-0.067507
1965-07-30,-0.062609
1965-08-02,-0.062733
1965-08-03,-0.064919
1965-08-04,-0.070465
1965-08-05,-0.073318
1965-08-06,-0.069038
1965-08-09,-0.06519
1965-08-10,-0.066365
1965-08-11,-0.063295
1965-08-12,-0.059481
1965-08-13,-0.062765
1965-08-16,-0.061528
1965-08-17,-0.051868
1965-08-18,-0.066534
1965-08-19,-0.072338
1965-08-20,-0.080289
1965-08-23,-0.074291
1965-08-24,-0.075323
1965-08-25,-0.077154
1965-08-26,-0.08213
1965-08-27,-0.085748
1965-08-30,-0.086389
1965-08-31,-0.097923
1965-09-01,-0.092984
1965-09-02,-0.091307
1965-09-03,-0.102458
1965-09-07,-0.099969
1965-09-08,-0.097153
1965-09-09,-0.095421
1965-09-10,-0.101331
1965-09-13,-0.104096
1965-09-14,-0.107001
1965-09-15,-0.095853
1965-09-16,-0.103182
1965-09-17,0.048168
1965-09-20,-0.052273
1965-09-21,-0.05423
1965-09-22,-0.050032
1965-09-23,-0.055124
1965-09-24,-0.01448
1965-09-27,0.001994
1965-09-28,0.00091
1965-09-29,-0.017986
1965-09-30,-0.00539
1965-10-01,-0.10026
1965-10-04,-0.089888
1965-10-05,-0.103974
1965-10-06,-0.100731
1965-10-07,-0.103592
1965-10-08,-0.09074
1965-10-11,-0.090486
1965-10-13,-0.081069
1965-10-14,-0.081968
1965-10-15,-0.078179
1965-10-18,-0.076812
1965-10-19,-0.082495
1965-10-20,-0.072771
1965-10-21,-0.061845
1965-10-22,-0.071233
1965-10-25,-0.065663
1965-10-26,-0.069345
1965-10-27,-0.067713
1965-10-28,-0.0545
1965-10-29,-0.052529
1965-11-01,-0.038257
1965-11-03,-0.035134
1965-11-04,-0.028625
1965-11-05,-0.041494
1965-11-08,-0.005153
1965-11-09,0.013158
1965-11-10,-0.004014
1965-11-12,-0.009696
1965-11-15,-0.012222
1965-11-16,-0.022357
1965-11-17,-0.024422
1965-11-18,-0.063986
1965-11-19,-0.069578
1965-11-22,-0.077818
1965-11-23,-0.07541
1965-11-24,-0.090306
1965-11-26,-0.095679
1965-11-29,-0.092143
1965-11-30,-0.07737
1965-12-01,-0.05112
1965-12-02,-0.060053
1965-12-03,-0.05695
1965-12-06,-0.042447
1965-12-07,-0.058029
1965-12-08,-0.03274
1965-12-09,-0.031792
1965-12-10,-0.033774
1965-12-13,-0.000935
1965-12-14,0.017905
1965-12-15,0.018052
1965-12-16,0.007814
1965-12-17,-0.000367
1965-12-20,-0.02122
1965-12-21,0.003061
1965-12-22,0.019251
1965-12-23,-0.013429
1965-12-27,-0.018096
1965-12-28,-0.007166
1965-12-29,-0.00977
1965-12-30,-0.003904
1965-12-31,0.004026
1966-01-03,0.014566
1966-01-04,0.038301
1966-01-05,0.036681
1966-01-06,0.041624
1966-01-07,0.044101
1966-01-10,0.034125
1966-01-11,0.022424
1966-01-12,-0.011205
1966-01-13,0.013725
1966-01-14,0.016831
1966-01-17,0.017119
1966-01-18,0.016534
1966-01-19,0.021754
1966-01-20,0.021353
1966-01-21,0.020822
1966-01-24,0.050713
1966-01-25,0.060469
1966-01-26,0.060346
1966-01-27,0.076911
1966-01-28,0.083231
1966-01-31,0.087146
1966-02-01,0.07312
1966-02-02,0.080052
1966-02-03,0.095417
1966-02-04,0.080688
1966-02-07,0.099757
1966-02-08,0.083501
1966-02-09,0.092913
1966-02-10,0.109436
1966-02-11,0.137342
1966-02-14,0.138003
1966-02-15,0.178663
1966-02-16,0.185908
1966-02-17,0.167635
1966-02-18,0.190152
1966-02-21,0.193296
1966-02-23,0.19465
1966-02-24,0.193607
1966-02-25,0.213
1966-02-28,0.239735
1966-03-01,0.228528
1966-03-02,0.218937
1966-03-03,0.217142
1966-03-04,0.199168
1966-03-07,0.204019
1966-03-08,0.185869
1966-03-09,0.199867
1966-03-10,0.221708
1966-03-11,0.203236
1966-03-14,0.169374
1966-03-15,0.144934
1966-03-16,0.154854
1966-03-17,0.132679
1966-03-18,0.133123
1966-03-21,0.128666
1966-03-22,0.126877
1966-03-23,0.117132
1966-03-24,0.146238
1966-03-25,0.181694
1966-03-28,0.171862
1966-03-29,0.169314
1966-03-30,0.098752
1966-03-31,0.105821
1966-04-01,0.0665
1966-04-04,0.060764
1966-04-05,0.019385
1966-04-06,0.052262
1966-04-07,0.067792
1966-04-11,0.048469
1966-04-12,0.056087
1966-04-13,0.073271
1966-04-14,0.074044
1966-04-15,0.078257
1966-04-18,0.070756
1966-04-19,0.057837
1966-04-20,0.081592
1966-04-21,0.06556
1966-04-22,0.051733
1966-04-25,0.064753
1966-04-26,0.071358
1966-04-27,0.084301
1966-04-28,0.076026
1966-04-29,0.079495
1966-05-02,0.095853
1966-05-03,0.093073
1966-05-04,0.088482
1966-05-05,0.090287
1966-05-06,0.067035
1966-05-09,0.030666
1966-05-10,0.039326
1966-05-11,0.04961
1966-05-12,0.051305
1966-05-13,0.047635
1966-05-16,0.05093
1966-05-17,0.052667
1966-05-18,-0.016493
1966-05-19,-0.002141
1966-05-20,-0.002717
1966-05-23,0.008472
1966-05-24,0.029401
1966-05-25,0.003268
1966-05-26,0.016194
1966-05-27,0.016882
1966-05-31,0.015484
1966-06-01,0.00811
1966-06-02,-0.007793
1966-06-03,0.008959
1966-06-06,0.006862
1966-06-07,0.022513
1966-06-08,0.030772
1966-06-09,0.034624
1966-06-10,0.020754
1966-06-13,0.00646
1966-06-14,0.020919
1966-06-15,-0.008852
1966-06-16,0.021581
1966-06-17,0.01511
1966-06-20,0.004241
1966-06-21,0.022761
1966-06-22,0.04891
1966-06-23,0.100001
1966-06-24,0.108731
1966-06-27,0.16083
1966-06-28,0.179036
1966-06-29,0.185091
1966-06-30,0.160984
1966-07-01,0.118128
1966-07-05,0.155664
1966-07-06,0.151602
1966-07-07,0.152886
1966-07-08,0.158402
1966-07-11,0.180564
1966-07-12,0.186921
1966-07-13,0.198018
1966-07-14,0.197958
1966-07-15,0.173015
1966-07-18,0.140101
1966-07-19,0.135133
1966-07-20,0.149899
1966-07-21,0.168319
1966-07-22,0.153979
1966-07-25,0.140154
1966-07-26,0.15451
1966-07-27,0.172225
1966-07-28,0.208656
1966-07-29,0.220692
1966-08-01,0.221348
1966-08-02,0.218873
1966-08-03,0.241922
1966-08-04,0.236033
1966-08-05,0.248015
1966-08-08,0.251534
1966-08-09,0.255437
1966-08-10,0.258083
1966-08-11,0.262873
1966-08-12,0.256562
1966-08-15,0.267061
1966-08-16,0.298367
1966-08-17,0.309644
1966-08-18,0.389531
1966-08-19,0.383784
1966-08-22,0.357221
1966-08-23,0.389494
1966-08-24,0.423215
1966-08-25,0.422506
1966-08-26,0.465961
1966-08-29,0.481969
1966-08-30,0.440424
1966-08-31,0.328277
1966-09-01,0.287663
1966-09-02,0.203788
1966-09-06,0.178449
1966-09-07,0.204589
1966-09-08,0.183852
1966-09-09,0.151927
1966-09-12,0.126458
1966-09-13,0.113884
1966-09-14,0.161777
1966-09-15,0.197039
1966-09-16,0.19969
1966-09-19,0.262757
1966-09-20,0.248314
1966-09-21,0.200923
1966-09-22,0.141432
1966-09-23,0.150408
1966-09-26,0.147929
1966-09-27,0.176548
1966-09-28,0.159645
1966-09-29,0.0941
1966-09-30,0.132363
1966-10-03,0.133979
1966-10-04,0.124792
1966-10-05,0.093864
1966-10-06,0.080667
1966-10-07,0.079206
1966-10-10,0.106561
1966-10-11,0.131556
1966-10-13,0.132666
1966-10-14,0.102427
1966-10-17,0.076895
1966-10-18,0.073812
1966-10-19,0.091831
1966-10-20,0.101681
1966-10-21,0.036801
1966-10-24,0.052127
1966-10-25,0.068639
1966-10-26,0.055599
1966-10-27,0.106291
1966-10-28,0.055616
1966-10-31,0.053993
1966-11-01,0.079335
1966-11-02,0.10732
1966-11-03,0.117321
1966-11-04,0.141791
1966-11-07,0.110121
1966-11-09,0.117069
1966-11-10,0.154375
1966-11-14,0.150843
1966-11-15,0.145859
1966-11-16,0.163541
1966-11-17,0.163598
1966-11-18,0.150888
1966-11-21,0.145443
1966-11-22,0.162672
1966-11-23,0.167792
1966-11-25,0.156134
1966-11-28,0.146728
1966-11-29,0.138634
1966-11-30,0.117192
1966-12-01,0.094503
1966-12-02,0.080422
1966-12-05,0.098011
1966-12-06,0.104504
1966-12-07,0.101167
1966-12-08,0.112331
1966-12-09,0.082324
1966-12-12,0.06912
1966-12-13,0.06102
1966-12-14,0.048441
1966-12-15,-0.033194
1966-12-16,-0.008059
1966-12-19,-0.039598
1966-12-20,-0.031871
1966-12-21,-0.052622
1966-12-22,-0.044209
1966-12-23,-0.036328
1966-12-27,-0.027428
1966-12-28,-0.079147
1966-12-29,-0.063874
1966-12-30,-0.061125
1967-01-03,-0.031318
1967-01-04,-0.056376
1967-01-05,-0.058046
1967-01-06,-0.047664
1967-01-09,-0.005954
1967-01-10,-0.012683
1967-01-11,-0.032183
1967-01-12,-0.03402
1967-01-13,-0.064729
1967-01-16,-0.100687
1967-01-17,-0.073763
1967-01-18,-0.055156
1967-01-19,-0.025527
1967-01-20,-0.019525
1967-01-23,-0.037189
1967-01-24,-0.004417
1967-01-25,0.01337
1967-01-26,-0.067055
1967-01-27,-0.074912
1967-01-30,-0.055372
1967-01-31,-0.017078
1967-02-01,-0.003645
1967-02-02,-0.023637
1967-02-03,-0.007239
1967-02-06,-0.002241
1967-02-07,0.000004
1967-02-08,-0.01977
1967-02-09,-0.033307
1967-02-10,-0.005414
1967-02-14,0.013943
1967-02-15,0.044414
1967-02-16,0.02853
1967-02-17,0.034469
1967-02-20,0.03741
1967-02-21,0.040015
1967-02-23,0.055526
1967-02-24,0.055976
1967-02-27,0.052352
1967-02-28,0.065206
1967-03-01,0.031288
1967-03-02,0.024081
1967-03-03,0.037061
1967-03-06,0.039563
1967-03-07,0.037134
1967-03-08,0.057428
1967-03-09,0.052895
1967-03-10,0.064079
1967-03-13,0.078889
1967-03-14,0.07991
1967-03-15,0.076104
1967-03-16,0.041916
1967-03-17,0.047422
1967-03-20,-0.007561
1967-03-21,0.035275
1967-03-22,0.034702
1967-03-23,0.031175
1967-03-27,0.061412
1967-03-28,0.044808
1967-03-29,0.051573
1967-03-30,0.028354
1967-03-31,0.019126
1967-04-03,0.053444
1967-04-04,0.064226
1967-04-05,0.066317
1967-04-06,0.062967
1967-04-07,0.047951
1967-04-10,0.082689
1967-04-11,0.098947
1967-04-12,0.117553
1967-04-13,0.15372
1967-04-14,0.156294
1967-04-17,0.170566
1967-04-18,0.176254
1967-04-19,0.15155
1967-04-20,0.156688
1967-04-21,0.182899
1967-04-24,0.206605
1967-04-25,0.234453
1967-04-26,0.249125
1967-04-27,0.266113
1967-04-28,0.303756
1967-05-01,0.290234
1967-05-02,0.288732
1967-05-03,0.277658
1967-05-04,0.276154
1967-05-05,0.312265
1967-05-08,0.337708
1967-05-09,0.334516
1967-05-10,0.317985
1967-05-11,0.292974
1967-05-12,0.264178
1967-05-15,0.21783
1967-05-16,0.344545
1967-05-17,0.344398
1967-05-18,0.326886
1967-05-19,0.347833
1967-05-22,0.388541
1967-05-23,0.399253
1967-05-24,0.374879
1967-05-25,0.361419
1967-05-26,0.332321
1967-05-29,0.293112
1967-05-31,0.319198
1967-06-01,0.319877
1967-06-02,0.314062
1967-06-05,0.326072
1967-06-06,0.363122
1967-06-07,0.35826
1967-06-08,0.367944
1967-06-09,0.374449
1967-06-12,0.398556
1967-06-13,0.394015
1967-06-14,0.418061
1967-06-15,0.427259
1967-06-16,0.469735
1967-06-19,0.481063
1967-06-20,0.510214
1967-06-21,0.489082
1967-06-22,0.494071
1967-06-23,0.514893
1967-06-26,0.528325
1967-06-27,0.523404
1967-06-28,0.475362
1967-06-29,0.459691
1967-06-30,0.449353
1967-07-03,0.414452
1967-07-05,0.348634
1967-07-06,0.32901
1967-07-07,0.356144
1967-07-10,0.36304
1967-07-11,0.317955
1967-07-12,0.289073
1967-07-13,0.307219
1967-07-14,0.299066
1967-07-17,0.284058
1967-07-18,0.324916
1967-07-19,0.334256
1967-07-20,0.326654
1967-07-21,0.309592
1967-07-24,0.325198
1967-07-25,0.275124
1967-07-26,0.271232
1967-07-27,0.218292
1967-07-28,0.199422
1967-07-31,0.189329
1967-08-01,0.201526
1967-08-02,0.23971
1967-08-03,0.218453
1967-08-04,0.248088
1967-08-07,0.302077
1967-08-08,0.246737
1967-08-09,0.243498
1967-08-10,0.276301
1967-08-11,0.297547
1967-08-14,0.316854
1967-08-15,0.308805
1967-08-16,0.301083
1967-08-17,0.501129
1967-08-18,0.545249
1967-08-21,0.383502
1967-08-22,0.388753
1967-08-23,0.393144
1967-08-24,0.371124
1967-08-25,0.366663
1967-08-28,0.333436
1967-08-29,0.333458
1967-08-30,0.352967
1967-08-31,0.347292
1967-09-01,0.332887
1967-09-05,0.331736
1967-09-06,0.321574
1967-09-07,0.32699
1967-09-08,0.353693
1967-09-11,0.352502
1967-09-12,0.367285
1967-09-13,0.36081
1967-09-14,0.363437
1967-09-15,0.357713
1967-09-18,0.358294
1967-09-19,0.366418
1967-09-20,0.340437
1967-09-21,0.340315
1967-09-22,0.358137
1967-09-25,0.355065
1967-09-26,0.366936
1967-09-27,0.362846
1967-09-28,0.356686
1967-09-29,0.288472
1967-10-02,0.292414
1967-10-03,0.331297
1967-10-04,0.410174
1967-10-05,0.409375
1967-10-06,0.417182
1967-10-09,0.430001
1967-10-10,0.447563
1967-10-11,0.44004
1967-10-13,0.454912
1967-10-16,0.470236
1967-10-17,0.469627
1967-10-18,0.448398
1967-10-19,0.469852
1967-10-20,0.416979
1967-10-23,0.446236
1967-10-24,0.454064
1967-10-25,0.455842
1967-10-26,0.465498
1967-10-27,0.455709
1967-10-30,0.463938
1967-10-31,0.490085
1967-11-01,0.522537
1967-11-02,0.511489
1967-11-03,0.521589
1967-11-06,0.536587
1967-11-08,0.491464
1967-11-09,0.517099
1967-11-10,0.554165
1967-11-13,0.560106
1967-11-14,0.504126
1967-11-15,0.457337
1967-11-16,0.349748
1967-11-17,0.372286
1967-11-20,0.461012
1967-11-21,0.408616
1967-11-22,0.431773
1967-11-24,0.455245
1967-11-27,0.424666
1967-11-28,0.374344
1967-11-29,0.369025
1967-11-30,0.38555
1967-12-01,0.381714
1967-12-04,0.381381
1967-12-05,0.371478
1967-12-06,0.357671
1967-12-07,0.355095
1967-12-08,0.360808
1967-12-11,0.369987
1967-12-12,0.366574
1967-12-13,0.34541
1967-12-14,0.367326
1967-12-15,0.354803
1967-12-18,0.362305
1967-12-19,0.328083
1967-12-20,0.299102
1967-12-21,0.34769
1967-12-22,0.33059
1967-12-26,0.323361
1967-12-27,0.329263
1967-12-28,0.391917
1967-12-29,0.384339
1968-01-02,0.325092
1968-01-03,0.336723
1968-01-04,0.28664
1968-01-05,0.274361
1968-01-08,0.296841
1968-01-09,0.305303
1968-01-10,0.304101
1968-01-11,0.32878
1968-01-12,0.318948
1968-01-15,0.373752
1968-01-16,0.416272
1968-01-17,0.395038
1968-01-18,0.432871
1968-01-19,0.434293
1968-01-22,0.437677
1968-01-23,0.408795
1968-01-24,0.424051
1968-01-25,0.404079
1968-01-26,0.403613
1968-01-29,0.426705
1968-01-30,0.421096
1968-01-31,0.436479
1968-02-01,0.482305
1968-02-02,0.482861
1968-02-05,0.48074
1968-02-06,0.475108
1968-02-07,0.463576
1968-02-08,0.475955
1968-02-09,0.455316
1968-02-13,0.426313
1968-02-14,0.41622
1968-02-15,0.406364
1968-02-16,0.366855
1968-02-19,0.392576
1968-02-20,0.383919
1968-02-21,0.40038
1968-02-23,0.413135
1968-02-26,0.436265
1968-02-27,0.415924
1968-02-28,0.425762
1968-02-29,0.425996
1968-03-01,0.419842
1968-03-04,0.437328
1968-03-05,0.460964
1968-03-06,0.482304
1968-03-07,0.517767
1968-03-08,0.483105
1968-03-11,0.54275
1968-03-12,0.571221
1968-03-13,0.615961
1968-03-14,0.63945
1968-03-15,0.56598
1968-03-18,0.511586
1968-03-19,0.519699
1968-03-20,0.440453
1968-03-21,0.531229
1968-03-22,0.506641
1968-03-25,0.508445
1968-03-26,0.549929
1968-03-27,0.551237
1968-03-28,0.571395
1968-03-29,0.548839
1968-04-01,0.512049
1968-04-02,0.467313
1968-04-03,0.372904
1968-04-04,0.324212
1968-04-05,0.369985
1968-04-08,0.366674
1968-04-10,0.332308
1968-04-11,0.332688
1968-04-15,0.373772
1968-04-16,0.396856
1968-04-17,0.412348
1968-04-18,0.447692
1968-04-19,0.486677
1968-04-22,0.488882
1968-04-23,0.434034
1968-04-24,0.446833
1968-04-25,0.452672
1968-04-26,0.440896
1968-04-29,0.447374
1968-04-30,0.442799
1968-05-01,0.41434
1968-05-02,0.42948
1968-05-03,0.445384
1968-05-06,0.433141
1968-05-07,0.445569
1968-05-08,0.452117
1968-05-09,0.437432
1968-05-10,0.427011
1968-05-13,0.425114
1968-05-14,0.441737
1968-05-15,0.422776
1968-05-16,0.432591
1968-05-17,0.427913
1968-05-20,0.438762
1968-05-21,0.456294
1968-05-22,0.436208
1968-05-23,0.410529
1968-05-24,0.40115
1968-05-27,0.386661
1968-05-28,0.403818
1968-05-29,0.403868
1968-05-31,0.357223
1968-06-03,0.319511
1968-06-04,0.324717
1968-06-05,0.357465
1968-06-06,0.338693
1968-06-07,0.337174
1968-06-10,0.308924
1968-06-11,0.315693
1968-06-12,0.313504
1968-06-13,0.290746
1968-06-14,0.267334
1968-06-17,0.283221
1968-06-18,0.278694
1968-06-19,0.29957
1968-06-20,0.795736
1968-06-21,0.805631
1968-06-24,0.700322
1968-06-25,0.581198
1968-06-26,0.581431
1968-06-27,0.609345
1968-06-28,0.72313
1968-07-01,0.753003
1968-07-02,0.814314
1968-07-03,0.890389
1968-07-05,0.776135
1968-07-08,0.729389
1968-07-09,0.678603
1968-07-10,0.61417
1968-07-11,0.623055
1968-07-12,0.666046
1968-07-15,0.646509
1968-07-16,0.642085
1968-07-17,0.708459
1968-07-18,0.752535
1968-07-19,0.742206
1968-07-22,0.820463
1968-07-23,0.929301
1968-07-24,0.875791
1968-07-25,1.00115
1968-07-26,0.965868
1968-07-29,0.967817
1968-07-30,0.951839
1968-07-31,0.92278
1968-08-01,1.119025
1968-08-02,1.054049
1968-08-05,0.960826
1968-08-06,0.925593
1968-08-07,1.105588
1968-08-08,1.084688
1968-08-09,0.984947
1968-08-12,0.39405
1968-08-13,0.381422
1968-08-14,0.374441
1968-08-15,0.403512
1968-08-16,0.391923
1968-08-19,0.364155
1968-08-20,0.351121
1968-08-21,0.362634
1968-08-22,0.373767
1968-08-23,0.376025
1968-08-26,0.379459
1968-08-27,0.379124
1968-08-28,0.374592
1968-08-29,0.366829
1968-08-30,0.37585
1968-09-03,0.383863
1968-09-04,0.386166
1968-09-05,0.39973
1968-09-06,0.401499
1968-09-09,0.380254
1968-09-10,0.382218
1968-09-11,0.358699
1968-09-12,0.389417
1968-09-13,0.360794
1968-09-16,0.361165
1968-09-17,0.383691
1968-09-18,0.372002
1968-09-19,0.366024
1968-09-20,0.364693
1968-09-23,0.360334
1968-09-24,0.370837
1968-09-25,0.405892
1968-09-26,0.383556
1968-09-27,0.387479
1968-09-30,0.398541
1968-10-01,0.411274
1968-10-02,0.412485
1968-10-03,0.420737
1968-10-04,0.430773
1968-10-07,0.43162
1968-10-08,0.44477
1968-10-09,0.429114
1968-10-10,0.430554
1968-10-11,0.436057
1968-10-14,0.445046
1968-10-15,0.436892
1968-10-16,0.425719
1968-10-17,0.417146
1968-10-18,0.412864
1968-10-21,0.400188
1968-10-22,0.415894
1968-10-23,0.405419
1968-10-24,0.448533
1968-10-25,0.444785
1968-10-28,0.441456
1968-10-29,0.418379
1968-10-30,0.416849
1968-10-31,0.409628
1968-11-01,0.415937
1968-11-04,0.395892
1968-11-06,0.410019
1968-11-07,0.413044
1968-11-08,0.420441
1968-11-12,0.430937
1968-11-13,0.436544
1968-11-14,0.453395
1968-11-15,0.433831
1968-11-18,0.337217
1968-11-19,0.346166
1968-11-20,0.337327
1968-11-21,0.330286
1968-11-22,0.322448
1968-11-25,0.343106
1968-11-26,0.350156
1968-11-27,0.341086
1968-11-29,0.330393
1968-12-02,0.407392
1968-12-03,0.452158
1968-12-04,0.474299
1968-12-05,0.466616
1968-12-06,0.44922
1968-12-09,0.4755
1968-12-10,0.505385
1968-12-11,0.510784
1968-12-12,0.491648
1968-12-13,0.488236
1968-12-16,0.493684
1968-12-17,0.487276
1968-12-18,0.50619
1968-12-19,0.493166
1968-12-20,0.415226
1968-12-23,0.425028
1968-12-24,0.425134
1968-12-26,0.429618
1968-12-27,0.432031
1968-12-30,0.447499
1968-12-31,0.431119
1969-01-02,0.38986
1969-01-03,0.370771
1969-01-06,0.407669
1969-01-07,0.449648
1969-01-08,0.447794
1969-01-09,0.444283
1969-01-10,0.437118
1969-01-13,0.432109
1969-01-14,0.437598
1969-01-15,0.401753
1969-01-16,0.345495
1969-01-17,0.35401
1969-01-20,0.357239
1969-01-21,0.403296
1969-01-22,0.428786
1969-01-23,0.411145
1969-01-24,0.399814
1969-01-27,0.412526
1969-01-28,0.422608
1969-01-29,0.450043
1969-01-30,0.443328
1969-01-31,0.460314
1969-02-03,0.457911
1969-02-04,0.452243
1969-02-05,0.459285
1969-02-06,0.479425
1969-02-07,0.434352
1969-02-10,0.43435
1969-02-11,0.432495
1969-02-13,0.452936
1969-02-14,0.465636
1969-02-17,0.326743
1969-02-18,0.35803
1969-02-19,0.391384
1969-02-20,0.40448
1969-02-21,0.42965
1969-02-24,0.413599
1969-02-25,0.435918
1969-02-26,0.449722
1969-02-27,0.464308
1969-02-28,0.313675
1969-03-03,0.304328
1969-03-04,0.312523
1969-03-05,0.31383
1969-03-06,0.319403
1969-03-07,0.301031
1969-03-10,0.311323
1969-03-11,0.377553
1969-03-12,0.445485
1969-03-13,0.455786
1969-03-14,0.474787
1969-03-17,0.480662
1969-03-18,0.50328
1969-03-19,0.517846
1969-03-20,0.526941
1969-03-21,0.421391
1969-03-24,0.598751
1969-03-25,0.600671
1969-03-26,0.586776
1969-03-27,0.623537
1969-03-28,0.607977
1969-04-01,0.482923
1969-04-02,0.468564
1969-04-03,0.486701
1969-04-07,0.482465
1969-04-08,0.483361
1969-04-09,0.443916
1969-04-10,0.447049
1969-04-11,0.449043
1969-04-14,0.397122
1969-04-15,0.435067
1969-04-16,0.423189
1969-04-17,0.432387
1969-04-18,0.427618
1969-04-21,0.424725
1969-04-22,0.409352
1969-04-23,0.414784
1969-04-24,0.453575
1969-04-25,0.466609
1969-04-28,0.517579
1969-04-29,0.548366
1969-04-30,0.549397
1969-05-01,0.590139
1969-05-02,0.567176
1969-05-05,0.554948
1969-05-06,0.556124
1969-05-07,0.5629
1969-05-08,0.55
1969-05-09,0.518104
1969-05-12,0.538506
1969-05-13,0.524884
1969-05-14,0.536444
1969-05-15,0.545764
1969-05-16,0.56509
1969-05-19,0.616071
1969-05-20,0.613525
1969-05-21,0.618157
1969-05-22,0.657196
1969-05-23,0.59944
1969-05-26,0.607888
1969-05-27,0.590957
1969-05-28,0.609529
1969-05-29,0.599203
1969-06-02,0.568523
1969-06-03,0.537897
1969-06-04,0.513134
1969-06-05,0.440722
1969-06-06,0.425322
1969-06-09,0.492894
1969-06-10,0.467831
1969-06-11,0.444235
1969-06-12,0.390635
1969-06-13,0.370366
1969-06-16,0.413228
1969-06-17,0.414379
1969-06-18,0.422415
1969-06-19,0.414983
1969-06-20,0.359294
1969-06-23,0.342175
1969-06-24,0.394907
1969-06-25,0.435677
1969-06-26,0.396858
1969-06-27,0.365179
1969-06-30,0.352704
1969-07-01,0.281942
1969-07-02,0.271433
1969-07-03,0.2556
1969-07-07,0.196561
1969-07-08,0.164076
1969-07-09,0.145603
1969-07-10,0.120895
1969-07-11,0.078462
1969-07-14,0.063635
1969-07-15,0.053043
1969-07-16,0.075966
1969-07-17,0.003489
1969-07-18,-0.026022
1969-07-22,-0.004059
1969-07-23,0.061686
1969-07-24,0.11234
1969-07-25,0.1143
1969-07-28,0.070487
1969-07-29,0.085472
1969-07-30,0.055585
1969-07-31,0.051786
1969-08-01,0.011282
1969-08-04,0.019995
1969-08-05,0.042886
1969-08-06,0.002263
1969-08-07,-0.016743
1969-08-08,-0.07338
1969-08-11,-0.040375
1969-08-12,-0.087976
1969-08-13,-0.073924
1969-08-14,-0.147773
1969-08-15,-0.131687
1969-08-18,-0.024135
1969-08-19,-0.008269
1969-08-20,-0.004515
1969-08-21,-0.079643
1969-08-22,-0.087187
1969-08-25,-0.046292
1969-08-26,0.078684
1969-08-27,0.103
1969-08-28,0.128116
1969-08-29,0.258393
1969-09-02,0.227846
1969-09-03,0.261687
1969-09-04,0.249389
1969-09-05,0.192079
1969-09-08,0.220097
1969-09-09,0.360881
1969-09-10,0.406961
1969-09-11,0.33431
1969-09-12,0.327476
1969-09-15,0.314099
1969-09-16,0.319809
1969-09-17,0.332339
1969-09-18,0.503269
1969-09-19,0.527768
1969-09-22,0.513726
1969-09-23,0.542745
1969-09-24,0.507289
1969-09-25,0.499153
1969-09-26,0.457265
1969-09-29,0.428259
1969-09-30,0.518863
1969-10-01,0.088688
1969-10-02,0.412819
1969-10-03,0.427428
1969-10-06,0.576002
1969-10-07,0.526254
1969-10-08,0.639449
1969-10-09,0.662492
1969-10-10,0.697702
1969-10-14,0.675425
1969-10-15,0.665569
1969-10-16,0.231567
1969-10-17,0.306488
1969-10-20,0.213417
1969-10-21,0.199475
1969-10-22,0.213589
1969-10-23,0.127547
1969-10-24,0.155941
1969-10-27,0.161259
1969-10-28,0.075907
1969-10-29,0.007401
1969-10-30,-0.019896
1969-10-31,-0.001376
1969-11-03,0.01138
1969-11-05,-0.120972
1969-11-06,-0.178026
1969-11-07,-0.120324
1969-11-10,-0.161115
1969-11-12,-0.154329
1969-11-13,-0.203416
1969-11-14,-0.213796
1969-11-17,-0.206938
1969-11-18,-0.060938
1969-11-19,-0.118004
1969-11-20,-0.205298
1969-11-21,-0.215948
1969-11-24,0.200111
1969-11-25,0.290218
1969-11-26,0.380889
1969-11-28,0.413591
1969-12-01,0.456184
1969-12-02,0.482132
1969-12-03,0.433334
1969-12-04,0.418136
1969-12-05,0.425181
1969-12-08,0.45503
1969-12-09,0.121421
1969-12-10,-0.119718
1969-12-11,0.024564
1969-12-12,0.423583
1969-12-15,0.084863
1969-12-16,0.089545
1969-12-17,0.140243
1969-12-18,0.184607
1969-12-19,0.255207
1969-12-22,0.691975
1969-12-23,0.256271
1969-12-24,0.265544
1969-12-26,0.235587
1969-12-29,-0.054775
1969-12-30,0.008224
1969-12-31,0.013815
1970-01-02,0.079933
1970-01-05,0.19032
1970-01-06,0.222441
1970-01-07,0.276377
1970-01-08,0.375471
1970-01-09,0.274398
1970-01-12,0.185994
1970-01-13,0.17111
1970-01-14,-0.017144
1970-01-15,0.019048
1970-01-16,0.029801
1970-01-19,0.044874
1970-01-20,0.068535
1970-01-21,0.057042
1970-01-22,0.117271
1970-01-23,0.150281
1970-01-26,0.158825
1970-01-27,0.137186
1970-01-28,0.179476
1970-01-29,0.445038
1970-01-30,0.608671
1970-02-02,0.790884
1970-02-03,0.849951
1970-02-04,0.793106
1970-02-05,0.791449
1970-02-06,0.711783
1970-02-09,0.647917
1970-02-10,0.35013
1970-02-11,0.36951
1970-02-13,0.343618
1970-02-16,0.305546
1970-02-17,0.343737
1970-02-18,0.206039
1970-02-19,0.130136
1970-02-20,0.195872
1970-02-24,0.145389
1970-02-25,0.12601
1970-02-26,0.136332
1970-02-27,0.339885
1970-03-02,0.411727
1970-03-03,0.503186
1970-03-04,0.555321
1970-03-05,0.590117
1970-03-06,0.451142
1970-03-09,0.454283
1970-03-10,0.537082
1970-03-11,0.525948
1970-03-12,0.535671
1970-03-13,0.453014
1970-03-16,0.488809
1970-03-17,0.517541
1970-03-18,0.6287
1970-03-19,0.594226
1970-03-20,0.411597
1970-03-23,0.317418
1970-03-24,0.704162
1970-03-25,0.842429
1970-03-26,0.715628
1970-03-30,0.816966
1970-03-31,0.770861
1970-04-01,0.759479
1970-04-02,0.821735
1970-04-03,0.764644
1970-04-06,0.718179
1970-04-07,0.857335
1970-04-08,0.959389
1970-04-09,1.001683
1970-04-10,0.963709
1970-04-13,0.855382
1970-04-14,0.794673
1970-04-15,0.836742
1970-04-16,0.487472
1970-04-17,0.388118
1970-04-20,0.439902
1970-04-21,0.455696
1970-04-22,0.593859
1970-04-23,0.818598
1970-04-24,0.929799
1970-04-27,0.957362
1970-04-28,0.894522
1970-04-29,1.192465
1970-04-30,1.102165
1970-05-01,1.054315
1970-05-04,0.805678
1970-05-05,0.788877
1970-05-06,0.712591
1970-05-07,1.235371
1970-05-08,1.169534
1970-05-11,1.155473
1970-05-12,1.146929
1970-05-13,1.1607
1970-05-14,1.205591
1970-05-15,1.123225
1970-05-18,1.06427
1970-05-19,1.065192
1970-05-20,1.144395
1970-05-21,1.110928
1970-05-22,1.043229
1970-05-25,0.907156
1970-05-26,0.820941
1970-05-27,0.927472
1970-05-28,0.89599
1970-05-29,0.901457
1970-06-01,0.958112
1970-06-02,0.962781
1970-06-03,0.976159
1970-06-04,1.002726
1970-06-05,1.083196
1970-06-08,1.11945
1970-06-09,1.089457
1970-06-10,1.096607
1970-06-11,1.138561
1970-06-12,1.061148
1970-06-15,1.062475
1970-06-16,1.050908
1970-06-17,1.052404
1970-06-18,1.012843
1970-06-19,0.928367
1970-06-22,0.962777
1970-06-23,1.039716
1970-06-24,1.008707
1970-06-25,1.012683
1970-06-26,1.030007
1970-06-29,1.000703
1970-06-30,1.096968
1970-07-01,1.174958
1970-07-02,1.165912
1970-07-06,1.119966
1970-07-07,1.133702
1970-07-08,1.144029
1970-07-09,1.119986
1970-07-10,1.122394
1970-07-13,1.143548
1970-07-14,1.128325
1970-07-15,1.089019
1970-07-16,1.110105
1970-07-17,1.093587
1970-07-20,1.093541
1970-07-21,1.129876
1970-07-22,1.143319
1970-07-23,1.145471
1970-07-24,1.164525
1970-07-27,1.170832
1970-07-28,1.185557
1970-07-29,1.185923
1970-07-30,1.119069
1970-07-31,1.106212
1970-08-03,1.035682
1970-08-04,1.012468
1970-08-05,1.029527
1970-08-06,1.086769
1970-08-07,1.075969
1970-08-10,1.0802
1970-08-11,1.067361
1970-08-12,1.069687
1970-08-13,1.165336
1970-08-14,1.16853
1970-08-17,1.209821
1970-08-18,1.176576
1970-08-19,1.138482
1970-08-20,1.139346
1970-08-21,1.084154
1970-08-24,1.139015
1970-08-25,1.151981
1970-08-26,1.145568
1970-08-27,1.197737
1970-08-28,1.174527
1970-08-31,1.153944
1970-09-01,1.145873
1970-09-02,1.136472
1970-09-03,1.136782
1970-09-04,1.161815
1970-09-08,1.159491
1970-09-09,1.188134
1970-09-10,1.176524
1970-09-11,1.17979
1970-09-14,1.176827
1970-09-15,1.184298
1970-09-16,1.226343
1970-09-17,1.213381
1970-09-18,1.185093
1970-09-21,1.220261
1970-09-22,1.157226
1970-09-23,1.223046
1970-09-24,1.195287
1970-09-25,1.187194
1970-09-28,1.167002
1970-09-29,1.156947
1970-09-30,1.176043
1970-10-01,1.166306
1970-10-02,1.1513
1970-10-05,1.144396
1970-10-06,1.124954
1970-10-07,1.104963
1970-10-08,1.091839
1970-10-09,1.094576
1970-10-13,1.108403
1970-10-14,1.150474
1970-10-15,1.18708
1970-10-16,1.181401
1970-10-19,1.210033
1970-10-20,1.215033
1970-10-21,1.222283
1970-10-22,1.276689
1970-10-23,1.307404
1970-10-26,1.27989
1970-10-27,1.247068
1970-10-28,1.236372
1970-10-29,1.181595
1970-10-30,1.17926
1970-11-02,1.180573
1970-11-04,1.192609
1970-11-05,1.19992
1970-11-06,1.219922
1970-11-09,1.170536
1970-11-10,1.185693
1970-11-12,1.212095
1970-11-13,1.246871
1970-11-16,1.259501
1970-11-17,1.30182
1970-11-18,1.354772
1970-11-19,1.288715
1970-11-20,1.2013
1970-11-23,1.311332
1970-11-24,1.356387
1970-11-25,1.308911
1970-11-27,1.312921
1970-11-30,1.377501
1970-12-01,1.334943
1970-12-02,1.237616
1970-12-03,1.233655
1970-12-04,1.119548
1970-12-07,1.138164
1970-12-08,1.12813
1970-12-09,1.164254
1970-12-10,1.131212
1970-12-11,1.072513
1970-12-14,1.064246
1970-12-15,1.097651
1970-12-16,1.081525
1970-12-17,1.118807
1970-12-18,1.12315
1970-12-21,1.149392
1970-12-22,1.141675
1970-12-23,1.131924
1970-12-24,1.074515
1970-12-28,1.089581
1970-12-29,1.093706
1970-12-30,1.045556
1970-12-31,1.070187
1971-01-04,1.114404
1971-01-05,1.172858
1971-01-06,1.171327
1971-01-07,1.210457
1971-01-08,1.241719
1971-01-11,1.259643
1971-01-12,1.274738
1971-01-13,1.272724
1971-01-14,1.341284
1971-01-15,1.356755
1971-01-18,1.379903
1971-01-19,1.24648
1971-01-20,1.270689
1971-01-21,1.416863
1971-01-22,1.52614
1971-01-25,1.633628
1971-01-26,1.725217
1971-01-27,1.671869
1971-01-28,1.635697
1971-01-29,1.638036
1971-02-01,1.613528
1971-02-02,1.586559
1971-02-03,1.573955
1971-02-04,1.600747
1971-02-05,1.737441
1971-02-08,1.753276
1971-02-09,1.846402
1971-02-10,1.852663
1971-02-11,1.856697
1971-02-16,1.501859
1971-02-17,1.515388
1971-02-18,1.471164
1971-02-19,1.442946
1971-02-22,1.445168
1971-02-23,1.456855
1971-02-24,1.460716
1971-02-25,1.528587
1971-02-26,1.62658
1971-03-01,1.762607
1971-03-02,1.789337
1971-03-03,1.772161
1971-03-04,1.763773
1971-03-05,1.720167
1971-03-08,1.733548
1971-03-09,1.753983
1971-03-10,1.711954
1971-03-11,1.754034
1971-03-12,1.742137
1971-03-15,1.663321
1971-03-16,1.685216
1971-03-17,1.704195
1971-03-18,1.660479
1971-03-19,1.618941
1971-03-22,1.490186
1971-03-23,1.497982
1971-03-24,1.381283
1971-03-25,1.323038
1971-03-26,1.29438
1971-03-29,1.356483
1971-03-30,1.367066
1971-03-31,1.358143
1971-04-01,1.636175
1971-04-02,1.62664
1971-04-05,1.585885
1971-04-06,1.453551
1971-04-07,1.38969
1971-04-08,1.46308
1971-04-12,1.380173
1971-04-13,1.254184
1971-04-14,1.335623
1971-04-15,1.259229
1971-04-16,1.244731
1971-04-19,1.281584
1971-04-20,1.39601
1971-04-21,1.379854
1971-04-22,1.346682
1971-04-23,1.32124
1971-04-26,1.277854
1971-04-27,1.244986
1971-04-28,1.23901
1971-04-29,1.334683
1971-04-30,1.270469
1971-05-03,1.262876
1971-05-04,1.281155
1971-05-05,1.279717
1971-05-06,1.275273
1971-05-07,1.277984
1971-05-10,1.241905
1971-05-11,1.274689
1971-05-12,1.283927
1971-05-13,1.290008
1971-05-14,1.277848
1971-05-17,1.365768
1971-05-18,1.436742
1971-05-19,1.438395
1971-05-20,1.398172
1971-05-21,1.384236
1971-05-24,1.335897
1971-05-25,1.327112
1971-05-26,1.333591
1971-05-27,1.274328
1971-05-28,1.286176
1971-06-01,1.297204
1971-06-02,1.271611
1971-06-03,1.274634
1971-06-04,1.293448
1971-06-07,1.303433
1971-06-08,1.271153
1971-06-09,1.315733
1971-06-10,1.305363
1971-06-11,1.245473
1971-06-14,1.302093
1971-06-15,1.287839
1971-06-16,1.217655
1971-06-17,1.215502
1971-06-18,1.221964
1971-06-21,1.163747
1971-06-22,1.184265
1971-06-23,1.130152
1971-06-24,1.162254
1971-06-25,1.149181
1971-06-28,1.138863
1971-06-29,1.164544
1971-06-30,1.177224
1971-07-01,1.172288
1971-07-02,1.175632
1971-07-06,1.153693
1971-07-07,1.157869
1971-07-08,1.166035
1971-07-09,1.194395
1971-07-12,1.179563
1971-07-13,1.230349
1971-07-14,1.239835
1971-07-15,1.263231
1971-07-16,1.267368
1971-07-19,1.260693
1971-07-20,1.244983
1971-07-21,1.269597
1971-07-22,1.295481
1971-07-23,1.280274
1971-07-26,1.271584
1971-07-27,1.272913
1971-07-28,1.251859
1971-07-29,1.230982
1971-07-30,1.200752
1971-08-02,1.191945
1971-08-03,1.218999
1971-08-04,1.208123
1971-08-05,1.200071
1971-08-06,1.177973
1971-08-09,1.185225
1971-08-10,1.195846
1971-08-11,1.173413
1971-08-12,1.101201
1971-08-13,1.015024
1971-08-16,0.847178
1971-08-17,0.828724
1971-08-18,1.054748
1971-08-19,1.078934
1971-08-20,1.009017
1971-08-23,1.02324
1971-08-24,0.991525
1971-08-25,1.001943
1971-08-26,0.987969
1971-08-27,0.985516
1971-08-30,1.021959
1971-08-31,0.968231
1971-09-01,0.955051
1971-09-02,0.872151
1971-09-03,0.873369
1971-09-07,0.876704
1971-09-08,0.869345
1971-09-09,0.907266
1971-09-10,0.898366
1971-09-13,0.917234
1971-09-14,0.878173
1971-09-15,0.940579
1971-09-16,0.933043
1971-09-17,0.852475
1971-09-20,0.916264
1971-09-21,0.921882
1971-09-22,0.933277
1971-09-23,0.946827
1971-09-24,0.931234
1971-09-27,0.93139
1971-09-28,0.927272
1971-09-29,0.91849
1971-09-30,0.89041
1971-10-01,0.907001
1971-10-04,0.740388
1971-10-05,0.746843
1971-10-06,0.749506
1971-10-07,0.748137
1971-10-08,0.763701
1971-10-12,0.798105
1971-10-13,0.889865
1971-10-14,0.988418
1971-10-15,0.932244
1971-10-18,0.991192
1971-10-19,0.920487
1971-10-20,0.91077
1971-10-21,0.931986
1971-10-22,0.941238
1971-10-26,0.974712
1971-10-27,1.007611
1971-10-28,1.021131
1971-10-29,0.998657
1971-11-01,0.96461
1971-11-03,0.971927
1971-11-04,0.960077
1971-11-05,0.940276
1971-11-08,0.966411
1971-11-09,0.980451
1971-11-10,0.990613
1971-11-11,0.977301
1971-11-12,0.9667
1971-11-15,1.043878
1971-11-16,1.056421
1971-11-17,1.056356
1971-11-18,1.054144
1971-11-19,1.051814
1971-11-22,1.083347
1971-11-23,1.085433
1971-11-24,1.119441
1971-11-26,1.046014
1971-11-29,1.064922
1971-11-30,1.100464
1971-12-01,1.091099
1971-12-02,1.11245
1971-12-03,1.112679
1971-12-06,1.069563
1971-12-07,1.099711
1971-12-08,1.108782
1971-12-09,1.115811
1971-12-10,1.124352
1971-12-13,1.128148
1971-12-14,1.147217
1971-12-15,1.148875
1971-12-16,1.154303
1971-12-17,1.160689
1971-12-20,1.154439
1971-12-21,1.173988
1971-12-22,1.191252
1971-12-23,1.218496
1971-12-27,1.222525
1971-12-28,1.196756
1971-12-29,1.183305
1971-12-30,1.187517
1971-12-31,1.187063
1972-01-03,1.209378
1972-01-04,1.234475
1972-01-05,1.27078
1972-01-06,1.286996
1972-01-07,1.301081
1972-01-10,1.324581
1972-01-11,1.310876
1972-01-12,1.332344
1972-01-13,1.35539
1972-01-14,1.373992
1972-01-17,1.385822
1972-01-18,1.380935
1972-01-19,1.350706
1972-01-20,1.356206
1972-01-21,1.349625
1972-01-24,1.308917
1972-01-25,1.289222
1972-01-26,1.309851
1972-01-27,1.368144
1972-01-28,1.390283
1972-01-31,1.369724
1972-02-01,1.343483
1972-02-02,1.355735
1972-02-03,1.341972
1972-02-04,1.343399
1972-02-07,1.379321
1972-02-08,1.390391
1972-02-09,1.399053
1972-02-10,1.39692
1972-02-11,1.432959
1972-02-14,1.40295
1972-02-15,1.433565
1972-02-16,1.482323
1972-02-17,1.459237
1972-02-18,1.448959
1972-02-22,1.4527
1972-02-23,1.419934
1972-02-24,1.419867
1972-02-25,1.40653
1972-02-28,1.391654
1972-02-29,1.37644
1972-03-01,1.395761
1972-03-02,1.398574
1972-03-03,1.389359
1972-03-06,1.390952
1972-03-07,1.380902
1972-03-08,1.372598
1972-03-09,1.338796
1972-03-10,1.272819
1972-03-13,1.247055
1972-03-14,1.189553
1972-03-15,1.158243
1972-03-16,1.145623
1972-03-17,1.112539
1972-03-20,1.108021
1972-03-21,1.121211
1972-03-22,1.149393
1972-03-23,1.13466
1972-03-24,1.110243
1972-03-27,1.087812
1972-03-28,1.09799
1972-03-29,1.0813
1972-03-30,1.068718
1972-04-03,1.088962
1972-04-04,1.104036
1972-04-05,1.106401
1972-04-06,1.122276
1972-04-07,1.123484
1972-04-10,1.118268
1972-04-11,1.144348
1972-04-12,1.167869
1972-04-13,1.185481
1972-04-14,1.183695
1972-04-17,1.200489
1972-04-18,1.205172
1972-04-19,1.209859
1972-04-20,1.214761
1972-04-21,1.261476
1972-04-24,1.27389
1972-04-25,1.335293
1972-04-26,1.322649
1972-04-27,1.270327
1972-04-28,1.229923
1972-05-01,1.232985
1972-05-02,1.238493
1972-05-03,1.242002
1972-05-04,1.233429
1972-05-05,1.242732
1972-05-08,1.231969
1972-05-09,1.20965
1972-05-10,1.20572
1972-05-11,1.21461
1972-05-12,1.206826
1972-05-15,1.202742
1972-05-16,1.175177
1972-05-17,1.161074
1972-05-18,1.184725
1972-05-19,1.173397
1972-05-22,1.190823
1972-05-23,1.203853
1972-05-24,1.200977
1972-05-25,1.230828
1972-05-26,1.229971
1972-05-30,1.214709
1972-05-31,1.200705
1972-06-01,1.164929
1972-06-02,1.156447
1972-06-05,1.143505
1972-06-06,1.144641
1972-06-07,1.139017
1972-06-08,1.147096
1972-06-09,1.136714
1972-06-12,1.124679
1972-06-13,1.119445
1972-06-14,1.111693
1972-06-15,1.08985
1972-06-16,1.080715
1972-06-19,1.067465
1972-06-20,1.064832
1972-06-21,1.061887
1972-06-22,1.044856
1972-06-23,1.018391
1972-06-26,0.98663
1972-06-27,0.990568
1972-06-28,0.987064
1972-06-29,0.977146
1972-06-30,0.957266
1972-07-03,0.96352
1972-07-05,0.955409
1972-07-06,0.9651
1972-07-07,0.976643
1972-07-10,0.968422
1972-07-11,0.971799
1972-07-12,0.973768
1972-07-13,0.98411
1972-07-14,1.004378
1972-07-17,1.0251
1972-07-18,1.028696
1972-07-19,1.049628
1972-07-20,1.065187
1972-07-21,1.071274
1972-07-24,1.071782
1972-07-25,1.073537
1972-07-26,1.085934
1972-07-27,1.145947
1972-07-28,1.134702
1972-07-31,1.145157
1972-08-01,1.150869
1972-08-02,1.164006
1972-08-03,1.15648
1972-08-04,1.153144
1972-08-07,1.141178
1972-08-08,1.133023
1972-08-09,1.130721
1972-08-10,1.133917
1972-08-11,1.136626
1972-08-14,1.126307
1972-08-15,1.157768
1972-08-16,1.156139
1972-08-17,1.159806
1972-08-18,1.11556
1972-08-21,1.062707
1972-08-22,1.036464
1972-08-23,1.011661
1972-08-24,1.011443
1972-08-25,1.007515
1972-08-28,1.009469
1972-08-29,1.013404
1972-08-30,1.022782
1972-08-31,1.019147
1972-09-01,1.034287
1972-09-05,1.05227
1972-09-06,1.05693
1972-09-07,1.079131
1972-09-08,1.095818
1972-09-11,1.109661
1972-09-12,1.091984
1972-09-13,1.086741
1972-09-14,1.069681
1972-09-15,1.06922
1972-09-18,1.072714
1972-09-19,1.071167
1972-09-20,1.072603
1972-09-21,1.065913
1972-09-22,1.03631
1972-09-25,1.028113
1972-09-26,1.030386
1972-09-27,1.006008
1972-09-28,0.989183
1972-09-29,0.958599
1972-10-02,0.985831
1972-10-03,0.982372
1972-10-04,0.983198
1972-10-05,0.978607
1972-10-06,0.939453
1972-10-10,0.967203
1972-10-11,0.965983
1972-10-12,0.972651
1972-10-13,0.961911
1972-10-16,0.951329
1972-10-17,0.945355
1972-10-18,0.955776
1972-10-19,0.943443
1972-10-20,0.951323
1972-10-24,0.945441
1972-10-25,0.937584
1972-10-26,0.936927
1972-10-27,0.940306
1972-10-30,0.942264
1972-10-31,0.938821
1972-11-01,0.942755
1972-11-02,0.939689
1972-11-03,0.956293
1972-11-06,0.950601
1972-11-08,0.944857
1972-11-09,0.932498
1972-11-10,0.942837
1972-11-13,0.956656
1972-11-14,0.958798
1972-11-15,0.944534
1972-11-16,0.954164
1972-11-17,0.945777
1972-11-20,0.917059
1972-11-21,0.941194
1972-11-22,0.926252
1972-11-24,0.931103
1972-11-27,0.926054
1972-11-28,0.92951
1972-11-29,0.904665
1972-11-30,0.917995
1972-12-01,0.917318
1972-12-04,0.903229
1972-12-05,0.89815
1972-12-06,0.886369
1972-12-07,0.888667
1972-12-08,0.894251
1972-12-11,0.887387
1972-12-12,0.893162
1972-12-13,0.896121
1972-12-14,0.896027
1972-12-15,0.883468
1972-12-18,0.884136
1972-12-19,0.888393
1972-12-20,0.874102
1972-12-21,0.85232
1972-12-22,0.848108
1972-12-26,0.840484
1972-12-27,0.817973
1972-12-28,0.81627
1972-12-29,0.801582
1973-01-02,0.784915
1973-01-03,0.792106
1973-01-04,0.792286
1973-01-05,0.792002
1973-01-08,0.792264
1973-01-09,0.790743
1973-01-10,0.783006
1973-01-11,0.770974
1973-01-12,0.750956
1973-01-15,0.730996
1973-01-16,0.727477
1973-01-17,0.72404
1973-01-18,0.735283
1973-01-19,0.743712
1973-01-22,0.736305
1973-01-23,0.72813
1973-01-24,0.725692
1973-01-25,0.714464
1973-01-26,0.658218
1973-01-29,0.674456
1973-01-30,0.684234
1973-01-31,0.677283
1973-02-01,0.706455
1973-02-02,0.711834
1973-02-05,0.718118
1973-02-06,0.720853
1973-02-07,0.742201
1973-02-08,0.771194
1973-02-09,0.771178
1973-02-13,0.759046
1973-02-14,0.770466
1973-02-15,0.768125
1973-02-16,0.756242
1973-02-20,0.708841
1973-02-21,0.690449
1973-02-22,0.686464
1973-02-23,0.654989
1973-02-26,0.623106
1973-02-27,0.610229
1973-02-28,0.58927
1973-03-01,0.588735
1973-03-02,0.55322
1973-03-05,0.5473
1973-03-06,0.505173
1973-03-07,0.502083
1973-03-08,0.501507
1973-03-09,0.482346
1973-03-12,0.483868
1973-03-13,0.510337
1973-03-14,0.552055
1973-03-15,0.547259
1973-03-16,0.493915
1973-03-19,0.452026
1973-03-20,0.521478
1973-03-21,0.49578
1973-03-22,0.489137
1973-03-23,0.470737
1973-03-26,0.489463
1973-03-27,0.471326
1973-03-28,0.445702
1973-03-29,0.436014
1973-03-30,0.439602
1973-04-02,0.446802
1973-04-03,0.444971
1973-04-04,0.430539
1973-04-05,0.431408
1973-04-06,0.424027
1973-04-09,0.463282
1973-04-10,0.468784
1973-04-11,0.48806
1973-04-12,0.498929
1973-04-13,0.474047
1973-04-16,0.502886
1973-04-17,0.530138
1973-04-18,0.556703
1973-04-19,0.551984
1973-04-23,0.508364
1973-04-24,0.520361
1973-04-25,0.533701
1973-04-26,0.575529
1973-04-27,0.572405
1973-04-30,0.573358
1973-05-01,0.572408
1973-05-02,0.577287
1973-05-03,0.587454
1973-05-04,0.599447
1973-05-07,0.597443
1973-05-08,0.603224
1973-05-09,0.621226
1973-05-10,0.63746
1973-05-11,0.623941
1973-05-14,0.626786
1973-05-15,0.660834
1973-05-16,0.65084
1973-05-17,0.597343
1973-05-18,0.782969
1973-05-21,0.599957
1973-05-22,0.577205
1973-05-23,0.523559
1973-05-24,0.50539
1973-05-25,0.511575
1973-05-29,0.508648
1973-05-30,0.478552
1973-05-31,0.466027
1973-06-01,0.429364
1973-06-04,0.412889
1973-06-05,0.369386
1973-06-06,0.319246
1973-06-07,0.322694
1973-06-08,0.321389
1973-06-11,0.313934
1973-06-12,0.290756
1973-06-13,0.290194
1973-06-14,0.295983
1973-06-15,0.304246
1973-06-18,0.298357
1973-06-19,0.281556
1973-06-20,0.288973
1973-06-21,0.292887
1973-06-22,0.302361
1973-06-25,0.314774
1973-06-26,0.318929
1973-06-27,0.240732
1973-06-28,0.257231
1973-06-29,0.21915
1973-07-02,0.171765
1973-07-03,0.143838
1973-07-05,0.130748
1973-07-06,0.129885
1973-07-09,0.145822
1973-07-10,0.13753
1973-07-11,0.17747
1973-07-12,0.176046
1973-07-13,0.168321
1973-07-16,0.177946
1973-07-17,0.17111
1973-07-18,0.150121
1973-07-19,0.169015
1973-07-20,0.191118
1973-07-23,0.160716
1973-07-24,0.139748
1973-07-25,0.14715
1973-07-26,0.221984
1973-07-27,0.23153
1973-07-30,0.275025
1973-07-31,0.278703
1973-08-01,0.212926
1973-08-02,0.180548
1973-08-03,0.159082
1973-08-06,0.098369
1973-08-07,0.041716
1973-08-08,0.03671
1973-08-09,0.057588
1973-08-10,0.027682
1973-08-13,0.028735
1973-08-14,0.072239
1973-08-15,0.077601
1973-08-16,0.147018
1973-08-17,0.180548
1973-08-20,0.143888
1973-08-21,0.137145
1973-08-22,0.130388
1973-08-23,0.205379
1973-08-24,0.216997
1973-08-27,0.148107
1973-08-28,0.140323
1973-08-29,0.165422
1973-08-30,0.15287
1973-08-31,0.142154
1973-09-04,0.125541
1973-09-05,0.13301
1973-09-06,0.097744
1973-09-07,0.143991
1973-09-10,0.04046
1973-09-11,0.006063
1973-09-12,0.01639
1973-09-13,0.042308
1973-09-14,0.055429
1973-09-17,0.154978
1973-09-18,0.166062
1973-09-19,0.183019
1973-09-20,0.246012
1973-09-21,0.237687
1973-09-24,0.354221
1973-09-25,0.383383
1973-09-26,0.433253
1973-09-27,0.484172
1973-09-28,0.516402
1973-10-01,0.499565
1973-10-02,0.378585
1973-10-03,0.394129
1973-10-04,0.377312
1973-10-05,0.472593
1973-10-09,0.484647
1973-10-10,0.407246
1973-10-11,0.370512
1973-10-12,0.407174
1973-10-15,0.398554
1973-10-16,0.413477
1973-10-17,0.457871
1973-10-18,0.464632
1973-10-19,0.464142
1973-10-23,0.462837
1973-10-24,0.466155
1973-10-25,0.46615
1973-10-26,0.418391
1973-10-29,0.414619
1973-10-30,0.41646
1973-10-31,0.371268
1973-11-01,0.312873
1973-11-02,0.316008
1973-11-05,0.241642
1973-11-07,0.164715
1973-11-08,0.148515
1973-11-09,0.1067
1973-11-12,0.094876
1973-11-13,0.095518
1973-11-14,0.101233
1973-11-15,0.180838
1973-11-16,0.179924
1973-11-19,0.162944
1973-11-20,0.138415
1973-11-21,0.120425
1973-11-23,0.107491
1973-11-26,0.158945
1973-11-27,0.156062
1973-11-28,0.134897
1973-11-29,0.133866
1973-11-30,0.121021
1973-12-03,0.128973
1973-12-04,0.120369
1973-12-05,0.101904
1973-12-06,0.077059
1973-12-07,0.080818
1973-12-10,0.081966
1973-12-11,0.111045
1973-12-12,0.140677
1973-12-13,0.134878
1973-12-14,0.185544
1973-12-17,0.326227
1973-12-18,0.295714
1973-12-19,0.314057
1973-12-20,0.337727
1973-12-21,0.382842
1973-12-26,0.354909
1973-12-27,0.376124
1973-12-28,0.389323
1973-12-31,0.386014
1974-01-02,0.408561
1974-01-03,0.377293
1974-01-04,0.391543
1974-01-07,0.388062
1974-01-08,0.39845
1974-01-09,0.394871
1974-01-10,0.382226
1974-01-11,0.329647
1974-01-14,0.354864
1974-01-15,0.398168
1974-01-16,0.396414
1974-01-17,0.394031
1974-01-18,0.377112
1974-01-21,0.356389
1974-01-22,0.355757
1974-01-23,0.363151
1974-01-24,0.371395
1974-01-25,0.396196
1974-01-28,0.447075
1974-01-29,0.47624
1974-01-30,0.550285
1974-01-31,0.613808
1974-02-01,0.625513
1974-02-04,0.693499
1974-02-05,0.680397
1974-02-06,0.69325
1974-02-07,0.629493
1974-02-08,0.660026
1974-02-11,0.683333
1974-02-13,0.701472
1974-02-14,0.739372
1974-02-15,0.655035
1974-02-19,0.63037
1974-02-20,0.653162
1974-02-21,0.654026
1974-02-22,0.6398
1974-02-25,0.610449
1974-02-26,0.559179
1974-02-27,0.525678
1974-02-28,0.503696
1974-03-01,0.499435
1974-03-04,0.491329
1974-03-05,0.496987
1974-03-06,0.485862
1974-03-07,0.460376
1974-03-08,0.44979
1974-03-11,0.475265
1974-03-12,0.483904
1974-03-13,0.470041
1974-03-14,0.471646
1974-03-15,0.491544
1974-03-18,0.493405
1974-03-19,0.470826
1974-03-20,0.413168
1974-03-21,0.320815
1974-03-22,0.363142
1974-03-25,0.383822
1974-03-26,0.383806
1974-03-27,0.422562
1974-03-28,0.355804
1974-03-29,0.37876
1974-04-01,0.421531
1974-04-02,0.426604
1974-04-03,0.450463
1974-04-04,0.436976
1974-04-05,0.425552
1974-04-08,0.420585
1974-04-09,0.423686
1974-04-10,0.454815
1974-04-11,0.434902
1974-04-15,0.465177
1974-04-16,0.465578
1974-04-17,0.421925
1974-04-18,0.440217
1974-04-19,0.459682
1974-04-22,0.476151
1974-04-23,0.474583
1974-04-24,0.491941
1974-04-25,0.474919
1974-04-26,0.481795
1974-04-29,0.434242
1974-04-30,0.437271
1974-05-01,0.429266
1974-05-02,0.430818
1974-05-03,0.383536
1974-05-06,0.378754
1974-05-07,0.334803
1974-05-08,0.387094
1974-05-09,0.356291
1974-05-10,0.402397
1974-05-13,0.444464
1974-05-14,0.407855
1974-05-15,0.373105
1974-05-16,0.349334
1974-05-17,0.390181
1974-05-20,0.384097
1974-05-21,0.612728
1974-05-22,0.674027
1974-05-23,0.663165
1974-05-24,0.658983
1974-05-28,0.660832
1974-05-29,0.612357
1974-05-30,0.579742
1974-05-31,0.534357
1974-06-03,0.514744
1974-06-04,0.575731
1974-06-05,0.573806
1974-06-06,0.598819
1974-06-07,0.57727
1974-06-10,0.567566
1974-06-11,0.560372
1974-06-12,0.537668
1974-06-13,0.492474
1974-06-14,0.492429
1974-06-17,0.543701
1974-06-18,0.536878
1974-06-19,0.564804
1974-06-20,0.586307
1974-06-21,0.584872
1974-06-24,0.606608
1974-06-25,0.547718
1974-06-26,0.609404
1974-06-27,0.454827
1974-06-28,0.576908
1974-07-01,0.443662
1974-07-02,0.597986
1974-07-03,0.312646
1974-07-05,0.251984
1974-07-08,0.239714
1974-07-09,0.283289
1974-07-10,0.335634
1974-07-11,0.414073
1974-07-12,0.541915
1974-07-15,0.546678
1974-07-16,0.565452
1974-07-17,0.586231
1974-07-18,0.5806
1974-07-19,0.578675
1974-07-22,0.548552
1974-07-23,0.814885
1974-07-24,0.812713
1974-07-25,0.790434
1974-07-26,0.707381
1974-07-29,0.676181
1974-07-30,0.380686
1974-07-31,0.409033
1974-08-01,0.373892
1974-08-02,0.376306
1974-08-05,0.777817
1974-08-06,0.784529
1974-08-07,0.76473
1974-08-08,0.733519
1974-08-09,0.716338
1974-08-12,0.71627
1974-08-13,0.711665
1974-08-14,0.712603
1974-08-15,0.75317
1974-08-16,0.746748
1974-08-19,0.721591
1974-08-20,0.66122
1974-08-21,0.588997
1974-08-22,0.441583
1974-08-23,0.396436
1974-08-26,0.437958
1974-08-27,0.472367
1974-08-28,0.474964
1974-08-29,0.472387
1974-08-30,0.474946
1974-09-03,0.504894
1974-09-04,0.509729
1974-09-05,0.552034
1974-09-06,0.59626
1974-09-09,0.716114
1974-09-10,0.714447
1974-09-11,0.739899
1974-09-12,0.709354
1974-09-13,0.714301
1974-09-16,0.862516
1974-09-17,0.866407
1974-09-18,0.801572
1974-09-19,0.832372
1974-09-20,0.836263
1974-09-23,0.803143
1974-09-24,0.797242
1974-09-25,0.836525
1974-09-26,0.892176
1974-09-27,0.956157
1974-09-30,0.945308
1974-10-01,0.911819
1974-10-02,0.893863
1974-10-03,0.612401
1974-10-04,0.712997
1974-10-07,0.857118
1974-10-08,0.792415
1974-10-09,0.713465
1974-10-10,0.705181
1974-10-11,0.668353
1974-10-15,0.660879
1974-10-16,0.633387
1974-10-17,0.64788
1974-10-18,0.717224
1974-10-21,0.726619
1974-10-22,0.715367
1974-10-23,0.726467
1974-10-24,0.737682
1974-10-25,0.709591
1974-10-28,0.667903
1974-10-29,0.720734
1974-10-30,0.746513
1974-10-31,0.699701
1974-11-01,0.703794
1974-11-04,0.731963
1974-11-06,0.759523
1974-11-07,0.808379
1974-11-08,0.814112
1974-11-12,0.817782
1974-11-13,0.796722
1974-11-14,0.826554
1974-11-15,0.878457
1974-11-18,0.843901
1974-11-19,0.825518
1974-11-20,0.862995
1974-11-21,0.857716
1974-11-22,0.870693
1974-11-25,0.850736
1974-11-26,0.811999
1974-11-27,0.765895
1974-11-29,0.781773
1974-12-02,0.757798
1974-12-03,0.8214
1974-12-04,0.886227
1974-12-05,0.865062
1974-12-06,0.843328
1974-12-09,0.867976
1974-12-10,0.857171
1974-12-11,0.859329
1974-12-12,0.82529
1974-12-13,0.801104
1974-12-16,0.788402
1974-12-17,0.759497
1974-12-18,0.725672
1974-12-19,0.699027
1974-12-20,0.685964
1974-12-23,0.718528
1974-12-24,0.717336
1974-12-26,0.702061
1974-12-27,0.709705
1974-12-30,0.732192
1974-12-31,0.798534
1975-01-02,0.837401
1975-01-03,0.852778
1975-01-06,0.903152
1975-01-07,0.925688
1975-01-08,0.951487
1975-01-09,0.918757
1975-01-10,0.920808
1975-01-13,0.924097
1975-01-14,0.968624
1975-01-15,0.966302
1975-01-16,0.981529
1975-01-17,1.019266
1975-01-20,1.05231
1975-01-21,1.103362
1975-01-22,1.159689
1975-01-23,1.281939
1975-01-24,1.320404
1975-01-27,1.313241
1975-01-28,1.307881
1975-01-29,1.282648
1975-01-30,1.258279
1975-01-31,1.271159
1975-02-03,1.32294
1975-02-04,1.315436
1975-02-05,1.341008
1975-02-06,1.315477
1975-02-07,1.295483
1975-02-10,1.262049
1975-02-11,1.271319
1975-02-13,1.302071
1975-02-14,1.32444
1975-02-18,1.316994
1975-02-19,1.388301
1975-02-20,1.38813
1975-02-21,1.391914
1975-02-24,1.364009
1975-02-25,1.347993
1975-02-26,1.324693
1975-02-27,1.316776
1975-02-28,1.314523
1975-03-03,1.31701
1975-03-04,1.324521
1975-03-05,1.352265
1975-03-06,1.338317
1975-03-07,1.33024
1975-03-10,1.334154
1975-03-11,1.354353
1975-03-12,1.398776
1975-03-13,1.403643
1975-03-14,1.398809
1975-03-17,1.398036
1975-03-18,1.420672
1975-03-19,1.453119
1975-03-20,1.458688
1975-03-21,1.46709
1975-03-24,1.47029
1975-03-25,1.443718
1975-03-26,1.441546
1975-03-27,1.435777
1975-03-31,1.419324
1975-04-01,1.437122
1975-04-02,1.514729
1975-04-03,1.533271
1975-04-04,1.479342
1975-04-07,1.540118
1975-04-08,1.52724
1975-04-09,1.526214
1975-04-10,1.557471
1975-04-11,1.567631
1975-04-14,1.573351
1975-04-15,1.579033
1975-04-16,1.607436
1975-04-17,1.642091
1975-04-18,1.657487
1975-04-21,1.687233
1975-04-22,1.665331
1975-04-23,1.648868
1975-04-24,1.638975
1975-04-25,1.648279
1975-04-28,1.685799
1975-04-29,1.670567
1975-04-30,1.700247
1975-05-01,1.700664
1975-05-02,1.673114
1975-05-05,1.67151
1975-05-06,1.66281
1975-05-07,1.652625
1975-05-08,1.631327
1975-05-09,1.639432
1975-05-12,1.694753
1975-05-13,1.713604
1975-05-14,1.686049
1975-05-15,1.685495
1975-05-16,1.680059
1975-05-19,1.66141
1975-05-20,1.690088
1975-05-21,1.7108
1975-05-22,1.715491
1975-05-23,1.716421
1975-05-27,1.707752
1975-05-28,1.724301
1975-05-29,1.724118
1975-05-30,1.716471
1975-06-02,1.705561
1975-06-03,1.684534
1975-06-04,1.672003
1975-06-05,1.647732
1975-06-06,1.624939
1975-06-09,1.591527
1975-06-10,1.60648
1975-06-11,1.613227
1975-06-12,1.649391
1975-06-13,1.656099
1975-06-16,1.680977
1975-06-17,1.683322
1975-06-18,1.596767
1975-06-19,1.534699
1975-06-20,1.419196
1975-06-23,1.415722
1975-06-24,1.398932
1975-06-25,1.414074
1975-06-26,1.360247
1975-06-27,1.377949
1975-06-30,1.331239
1975-07-01,1.317874
1975-07-02,1.314066
1975-07-03,1.350884
1975-07-07,1.321962
1975-07-08,1.360449
1975-07-09,1.339908
1975-07-10,1.325915
1975-07-11,1.323561
1975-07-14,1.335678
1975-07-15,1.294045
1975-07-16,1.27298
1975-07-17,1.272576
1975-07-18,1.270854
1975-07-21,1.249218
1975-07-22,1.215742
1975-07-23,1.197369
1975-07-24,1.194247
1975-07-25,1.18949
1975-07-28,1.189542
1975-07-29,1.200991
1975-07-30,1.198035
1975-07-31,1.21617
1975-08-01,1.211978
1975-08-04,1.238043
1975-08-05,1.237347
1975-08-06,1.287013
1975-08-07,1.310322
1975-08-08,1.293237
1975-08-11,1.270074
1975-08-12,1.256812
1975-08-13,1.278829
1975-08-14,1.284677
1975-08-15,1.330792
1975-08-18,1.302394
1975-08-19,1.359167
1975-08-20,1.376581
1975-08-21,1.333059
1975-08-22,1.36152
1975-08-25,1.359801
1975-08-26,1.37033
1975-08-27,1.339938
1975-08-28,1.307103
1975-08-29,1.310245
1975-09-02,1.295781
1975-09-03,1.295888
1975-09-04,1.298965
1975-09-05,1.285152
1975-09-08,1.316484
1975-09-09,1.328337
1975-09-10,1.334268
1975-09-11,1.316855
1975-09-12,1.352148
1975-09-15,1.344475
1975-09-16,1.358016
1975-09-17,1.356192
1975-09-18,1.350491
1975-09-19,1.358506
1975-09-22,1.409906
1975-09-23,1.360846
1975-09-24,1.359948
1975-09-25,1.372468
1975-09-26,1.369836
1975-09-29,1.400871
1975-09-30,1.413023
1975-10-01,1.422879
1975-10-02,1.436541
1975-10-03,1.494378
1975-10-06,1.468061
1975-10-07,1.451787
1975-10-08,1.442607
1975-10-09,1.449154
1975-10-10,1.507478
1975-10-14,1.476917
1975-10-15,1.503085
1975-10-16,1.527321
1975-10-17,1.520759
1975-10-20,1.554387
1975-10-21,1.615913
1975-10-22,1.616684
1975-10-23,1.625189
1975-10-24,1.64506
1975-10-27,1.65256
1975-10-28,1.673656
1975-10-29,1.697058
1975-10-30,1.662688
1975-10-31,1.633388
1975-11-03,1.635917
1975-11-05,1.645031
1975-11-06,1.657114
1975-11-07,1.707569
1975-11-10,1.787707
1975-11-12,1.754776
1975-11-13,1.719669
1975-11-14,1.701433
1975-11-17,1.707414
1975-11-18,1.766013
1975-11-19,1.765079
1975-11-20,1.747895
1975-11-21,1.717559
1975-11-24,1.71037
1975-11-25,1.688717
1975-11-26,1.694236
1975-11-28,1.700996
1975-12-01,1.701925
1975-12-02,1.690472
1975-12-03,1.669319
1975-12-04,1.611477
1975-12-05,1.599155
1975-12-08,1.600409
1975-12-09,1.609484
1975-12-10,1.629323
1975-12-11,1.630723
1975-12-12,1.611878
1975-12-15,1.605341
1975-12-16,1.573386
1975-12-17,1.561676
1975-12-18,1.542875
1975-12-19,1.57448
1975-12-22,1.601246
1975-12-23,1.585069
1975-12-24,1.57225
1975-12-26,1.636511
1975-12-29,1.594095
1975-12-30,1.636595
1975-12-31,1.67702
1976-01-02,1.669454
1976-01-05,1.622882
1976-01-06,1.601754
1976-01-07,1.643349
1976-01-08,1.686418
1976-01-09,1.758775
1976-01-12,1.738615
1976-01-13,1.721283
1976-01-14,1.742652
1976-01-15,1.764432
1976-01-16,1.750755
1976-01-19,1.784006
1976-01-20,1.797962
1976-01-21,1.811655
1976-01-22,1.814099
1976-01-23,1.844645
1976-01-26,1.860141
1976-01-27,1.852288
1976-01-28,1.925328
1976-01-29,1.912595
1976-01-30,1.901363
1976-02-02,1.872317
1976-02-03,1.82132
1976-02-04,1.785645
1976-02-05,1.765147
1976-02-06,1.770888
1976-02-09,1.788301
1976-02-10,1.795863
1976-02-11,1.781912
1976-02-13,1.77977
1976-02-17,1.763519
1976-02-18,1.734352
1976-02-19,1.71727
1976-02-20,1.708483
1976-02-23,1.700205
1976-02-24,1.671561
1976-02-25,1.64083
1976-02-26,1.642452
1976-02-27,1.62637
1976-03-01,1.611056
1976-03-02,1.594964
1976-03-03,1.574977
1976-03-04,1.595782
1976-03-05,1.583595
1976-03-08,1.606127
1976-03-09,1.617924
1976-03-10,1.632043
1976-03-11,1.628886
1976-03-12,1.622598
1976-03-15,1.600983
1976-03-16,1.623818
1976-03-17,1.637264
1976-03-18,1.628738
1976-03-19,1.640554
1976-03-22,1.658877
1976-03-23,1.64872
1976-03-24,1.655507
1976-03-25,1.640574
1976-03-26,1.658946
1976-03-29,1.639436
1976-03-30,1.636706
1976-03-31,1.636237
1976-04-01,1.621783
1976-04-02,1.639772
1976-04-05,1.638027
1976-04-06,1.636365
1976-04-07,1.623923
1976-04-08,1.65045
1976-04-09,1.657861
1976-04-12,1.68412
1976-04-13,1.691505
1976-04-14,1.664468
1976-04-15,1.675175
1976-04-19,1.67823
1976-04-20,1.673943
1976-04-21,1.719097
1976-04-22,1.693018
1976-04-23,1.612062
1976-04-26,1.642077
1976-04-27,1.63631
1976-04-28,1.637376
1976-04-29,1.630767
1976-04-30,1.634733
1976-05-03,1.658082
1976-05-04,1.653481
1976-05-05,1.678031
1976-05-06,1.667047
1976-05-07,1.685389
1976-05-10,1.659658
1976-05-11,1.660889
1976-05-12,1.638091
1976-05-13,1.625347
1976-05-14,1.621071
1976-05-17,1.62087
1976-05-18,1.599078
1976-05-19,1.573923
1976-05-20,1.577651
1976-05-21,1.562486
1976-05-24,1.541228
1976-05-25,1.536311
1976-05-26,1.529112
1976-05-27,1.50884
1976-05-28,1.504085
1976-06-01,1.498573
1976-06-02,1.504799
1976-06-03,1.522262
1976-06-04,1.522547
1976-06-07,1.544863
1976-06-08,1.544098
1976-06-09,1.566691
1976-06-10,1.557
1976-06-11,1.55825
1976-06-14,1.566664
1976-06-15,1.553409
1976-06-16,1.532198
1976-06-17,1.530209
1976-06-18,1.550719
1976-06-21,1.539123
1976-06-22,1.532138
1976-06-23,1.530147
1976-06-24,1.539231
1976-06-25,1.545097
1976-06-28,1.551081
1976-06-29,1.563504
1976-06-30,1.569278
1976-07-01,1.576118
1976-07-02,1.556963
1976-07-06,1.580893
1976-07-07,1.590195
1976-07-08,1.610221
1976-07-09,1.632205
1976-07-12,1.660138
1976-07-13,1.656942
1976-07-14,1.65139
1976-07-15,1.65603
1976-07-16,1.647977
1976-07-19,1.657899
1976-07-20,1.664853
1976-07-21,1.660731
1976-07-22,1.673713
1976-07-23,1.672739
1976-07-26,1.689717
1976-07-27,1.698161
1976-07-28,1.69753
1976-07-29,1.685537
1976-07-30,1.693898
1976-08-02,1.694114
1976-08-03,1.669213
1976-08-04,1.66153
1976-08-05,1.657565
1976-08-06,1.664944
1976-08-09,1.676768
1976-08-10,1.684272
1976-08-11,1.687194
1976-08-12,1.700534
1976-08-13,1.714512
1976-08-16,1.736475
1976-08-17,1.743268
1976-08-18,1.732449
1976-08-19,1.720648
1976-08-20,1.692418
1976-08-23,1.694253
1976-08-24,1.681134
1976-08-25,1.709595
1976-08-26,1.69295
1976-08-27,1.704902
1976-08-30,1.696758
1976-08-31,1.693884
1976-09-01,1.671492
1976-09-02,1.651227
1976-09-03,1.662449
1976-09-07,1.688455
1976-09-08,1.701991
1976-09-09,1.693749
1976-09-10,1.684545
1976-09-13,1.692921
1976-09-14,1.682038
1976-09-15,1.679573
1976-09-16,1.676825
1976-09-17,1.70864
1976-09-20,1.695116
1976-09-21,1.694667
1976-09-22,1.703313
1976-09-23,1.707638
1976-09-24,1.730169
1976-09-27,1.736069
1976-09-28,1.72808
1976-09-29,1.729553
1976-09-30,1.712352
1976-10-01,1.712152
1976-10-04,1.748667
1976-10-05,1.752673
1976-10-06,1.766655
1976-10-07,1.761606
1976-10-08,1.836391
1976-10-12,1.876109
1976-10-13,1.87188
1976-10-14,1.87084
1976-10-15,1.894666
1976-10-18,1.883458
1976-10-19,1.867918
1976-10-20,1.830399
1976-10-21,1.79539
1976-10-22,1.753522
1976-10-25,1.760953
1976-10-26,1.770236
1976-10-27,1.774149
1976-10-28,1.758169
1976-10-29,1.7362
1976-11-01,1.713984
1976-11-03,1.756293
1976-11-04,1.748916
1976-11-05,1.744104
1976-11-08,1.761618
1976-11-09,1.751875
1976-11-10,1.75487
1976-11-12,1.741823
1976-11-15,1.731429
1976-11-16,1.798263
1976-11-17,1.794348
1976-11-18,1.827279
1976-11-19,1.847226
1976-11-22,1.877431
1976-11-23,1.870405
1976-11-24,1.863275
1976-11-26,1.822831
1976-11-29,1.831992
1976-11-30,1.834796
1976-12-01,1.802166
1976-12-02,1.773773
1976-12-03,1.73225
1976-12-06,1.700133
1976-12-07,1.67614
1976-12-08,1.677899
1976-12-09,1.682774
1976-12-10,1.674332
1976-12-13,1.678524
1976-12-14,1.664661
1976-12-15,1.670301
1976-12-16,1.659782
1976-12-17,1.650734
1976-12-20,1.650717
1976-12-21,1.661045
1976-12-22,1.64963
1976-12-23,1.638382
1976-12-27,1.651794
1976-12-28,1.637582
1976-12-29,1.582564
1976-12-30,1.525617
1976-12-31,1.537665
1977-01-03,1.520611
1977-01-04,1.504752
1977-01-05,1.516278
1977-01-06,1.510588
1977-01-07,1.53762
1977-01-10,1.55764
1977-01-11,1.614979
1977-01-12,1.607698
1977-01-13,1.547232
1977-01-14,1.568011
1977-01-17,1.576154
1977-01-18,1.586256
1977-01-19,1.583598
1977-01-20,1.564434
1977-01-21,1.565065
1977-01-24,1.571385
1977-01-25,1.572911
1977-01-26,1.569201
1977-01-27,1.555524
1977-01-28,1.560923
1977-01-31,1.571501
1977-02-01,1.565094
1977-02-02,1.587138
1977-02-03,1.583645
1977-02-04,1.575007
1977-02-07,1.637411
1977-02-08,1.6332
1977-02-09,1.655904
1977-02-10,1.653378
1977-02-11,1.672473
1977-02-14,1.702068
1977-02-15,1.701768
1977-02-16,1.676737
1977-02-17,1.661739
1977-02-18,1.719105
1977-02-22,1.709027
1977-02-23,1.707453
1977-02-24,1.69097
1977-02-25,1.709006
1977-02-28,1.708972
1977-03-01,1.732526
1977-03-02,1.722699
1977-03-03,1.716066
1977-03-04,1.754256
1977-03-07,1.754596
1977-03-08,1.732033
1977-03-09,1.739297
1977-03-10,1.739454
1977-03-11,1.736645
1977-03-14,1.75025
1977-03-15,1.722326
1977-03-16,1.709247
1977-03-17,1.712462
1977-03-18,1.73058
1977-03-21,1.728503
1977-03-22,1.729831
1977-03-23,1.741473
1977-03-24,1.749865
1977-03-25,1.740712
1977-03-28,1.743954
1977-03-29,1.752205
1977-03-30,1.758181
1977-03-31,1.762525
1977-04-01,1.779218
1977-04-04,1.776192
1977-04-05,1.785376
1977-04-06,1.788643
1977-04-07,1.786876
1977-04-11,1.777224
1977-04-12,1.778834
1977-04-13,1.780342
1977-04-14,1.810021
1977-04-15,1.805134
1977-04-18,1.791639
1977-04-19,1.763284
1977-04-20,1.735249
1977-04-21,1.750323
1977-04-22,1.733357
1977-04-25,1.72355
1977-04-26,1.72777
1977-04-27,1.715735
1977-04-28,1.760231
1977-04-29,1.749073
1977-05-02,1.738032
1977-05-03,1.749062
1977-05-04,1.748678
1977-05-05,1.762273
1977-05-06,1.729016
1977-05-09,1.710278
1977-05-10,1.707669
1977-05-11,1.687352
1977-05-12,1.677375
1977-05-13,1.668939
1977-05-16,1.667026
1977-05-17,1.647358
1977-05-18,1.651543
1977-05-19,1.645468
1977-05-20,1.607041
1977-05-23,1.595526
1977-05-24,1.603729
1977-05-25,1.614904
1977-05-26,1.636386
1977-05-27,1.644166
1977-05-31,1.653358
1977-06-01,1.649959
1977-06-02,1.654078
1977-06-03,1.64637
1977-06-06,1.649439
1977-06-07,1.648468
1977-06-08,1.661974
1977-06-09,1.653272
1977-06-10,1.603597
1977-06-13,1.601072
1977-06-14,1.576358
1977-06-15,1.581162
1977-06-16,1.581168
1977-06-17,1.591717
1977-06-20,1.622045
1977-06-21,1.60929
1977-06-22,1.601352
1977-06-23,1.617631
1977-06-24,1.575889
1977-06-27,1.586258
1977-06-28,1.576589
1977-06-29,1.586513
1977-06-30,1.592746
1977-07-01,1.602555
1977-07-05,1.611442
1977-07-06,1.622875
1977-07-07,1.621427
1977-07-08,1.607886
1977-07-11,1.577426
1977-07-12,1.565096
1977-07-13,1.556313
1977-07-15,1.541946
1977-07-18,1.537742
1977-07-19,1.530365
1977-07-20,1.51274
1977-07-21,1.477824
1977-07-22,1.470823
1977-07-25,1.493657
1977-07-26,1.494809
1977-07-27,1.503263
1977-07-28,1.476438
1977-07-29,1.438842
1977-08-01,1.43791
1977-08-02,1.428086
1977-08-03,1.415107
1977-08-04,1.430385
1977-08-05,1.401758
1977-08-08,1.405304
1977-08-09,1.405917
1977-08-10,1.392655
1977-08-11,1.370594
1977-08-12,1.331464
1977-08-15,1.322745
1977-08-16,1.27901
1977-08-17,1.261692
1977-08-18,1.281701
1977-08-19,1.287265
1977-08-22,1.296118
1977-08-23,1.276752
1977-08-24,1.286121
1977-08-25,1.294644
1977-08-26,1.263403
1977-08-29,1.276538
1977-08-30,1.270999
1977-08-31,1.289965
1977-09-01,1.288182
1977-09-02,1.277893
1977-09-06,1.299104
1977-09-07,1.304414
1977-09-08,1.308372
1977-09-09,1.277939
1977-09-12,1.236628
1977-09-13,1.222101
1977-09-14,1.233146
1977-09-15,1.235262
1977-09-16,1.253532
1977-09-19,1.262005
1977-09-20,1.26283
1977-09-21,1.260861
1977-09-22,1.237308
1977-09-23,1.204557
1977-09-26,1.209268
1977-09-27,1.235358
1977-09-28,1.216134
1977-09-29,1.208151
1977-09-30,1.210111
1977-10-03,1.217776
1977-10-04,1.219994
1977-10-05,1.21001
1977-10-06,1.195558
1977-10-07,1.212694
1977-10-11,1.207949
1977-10-12,1.179936
1977-10-13,1.145259
1977-10-14,1.12581
1977-10-17,1.070101
1977-10-18,1.083595
1977-10-19,1.072935
1977-10-20,1.078272
1977-10-21,1.076653
1977-10-24,1.102119
1977-10-25,1.137686
1977-10-26,1.146856
1977-10-27,1.166101
1977-10-28,1.164144
1977-10-31,1.16237
1977-11-01,1.172542
1977-11-02,1.182599
1977-11-03,1.204338
1977-11-04,1.196142
1977-11-07,1.193125
1977-11-09,1.20173
1977-11-10,1.194193
1977-11-14,1.216724
1977-11-15,1.224313
1977-11-16,1.223071
1977-11-17,1.211759
1977-11-18,1.202098
1977-11-21,1.202099
1977-11-22,1.188981
1977-11-23,1.185314
1977-11-25,1.18646
1977-11-28,1.190816
1977-11-29,1.206171
1977-11-30,1.185889
1977-12-01,1.220914
1977-12-02,1.236767
1977-12-05,1.244699
1977-12-06,1.260764
1977-12-07,1.263523
1977-12-08,1.259613
1977-12-09,1.260016
1977-12-12,1.262703
1977-12-13,1.274137
1977-12-14,1.284711
1977-12-15,1.292196
1977-12-16,1.293693
1977-12-19,1.319272
1977-12-20,1.360353
1977-12-21,1.346683
1977-12-22,1.344182
1977-12-23,1.33463
1977-12-27,1.349407
1977-12-28,1.369844
1977-12-29,1.383474
1977-12-30,1.360606
1978-01-03,1.352157
1978-01-04,1.364825
1978-01-05,1.361583
1978-01-06,1.403075
1978-01-09,1.34134
1978-01-10,1.334809
1978-01-11,1.328913
1978-01-12,1.326674
1978-01-13,1.313725
1978-01-16,1.34359
1978-01-17,1.3451
1978-01-18,1.338732
1978-01-19,1.336524
1978-01-23,1.351003
1978-01-24,1.367939
1978-01-25,1.385773
1978-01-26,1.377165
1978-01-27,1.364702
1978-01-30,1.371698
1978-01-31,1.369483
1978-02-01,1.378464
1978-02-02,1.38166
1978-02-03,1.384311
1978-02-06,1.39899
1978-02-07,1.39641
1978-02-08,1.398137
1978-02-09,1.400281
1978-02-10,1.397023
1978-02-14,1.40723
1978-02-15,1.408542
1978-02-16,1.417207
1978-02-17,1.399615
1978-02-21,1.411865
1978-02-22,1.41392
1978-02-23,1.405251
1978-02-24,1.397337
1978-02-27,1.393847
1978-02-28,1.402417
1978-03-01,1.418794
1978-03-02,1.40575
1978-03-03,1.404987
1978-03-06,1.408326
1978-03-07,1.407878
1978-03-08,1.407991
1978-03-09,1.410143
1978-03-10,1.394162
1978-03-13,1.388709
1978-03-14,1.389334
1978-03-15,1.38418
1978-03-16,1.382522
1978-03-17,1.377131
1978-03-20,1.360487
1978-03-21,1.365624
1978-03-22,1.379002
1978-03-23,1.387151
1978-03-27,1.419522
1978-03-28,1.419571
1978-03-29,1.420301
1978-03-30,1.415768
1978-03-31,1.392774
1978-04-03,1.383164
1978-04-04,1.377595
1978-04-05,1.379087
1978-04-06,1.378674
1978-04-07,1.369832
1978-04-10,1.368118
1978-04-11,1.379197
1978-04-12,1.395937
1978-04-13,1.39185
1978-04-14,1.404995
1978-04-17,1.38616
1978-04-18,1.380331
1978-04-19,1.391106
1978-04-20,1.383944
1978-04-21,1.39123
1978-04-24,1.39252
1978-04-25,1.392855
1978-04-26,1.390231
1978-04-27,1.369499
1978-04-28,1.389351
1978-05-01,1.342618
1978-05-02,1.340277
1978-05-03,1.34617
1978-05-04,1.344722
1978-05-05,1.362824
1978-05-08,1.377729
1978-05-09,1.367554
1978-05-10,1.364289
1978-05-11,1.361191
1978-05-12,1.358539
1978-05-15,1.363282
1978-05-16,1.354711
1978-05-17,1.356184
1978-05-18,1.388905
1978-05-19,1.367631
1978-05-22,1.361034
1978-05-23,1.3447
1978-05-24,1.359209
1978-05-25,1.3589
1978-05-26,1.351458
1978-05-31,1.346507
1978-06-01,1.344998
1978-06-02,1.338942
1978-06-05,1.333394
1978-06-06,1.339906
1978-06-07,1.343456
1978-06-08,1.344359
1978-06-09,1.341306
1978-06-12,1.34068
1978-06-13,1.338232
1978-06-14,1.336232
1978-06-15,1.335445
1978-06-16,1.328886
1978-06-19,1.328808
1978-06-20,1.344099
1978-06-21,1.367208
1978-06-22,1.357125
1978-06-23,1.363356
1978-06-26,1.361915
1978-06-27,1.355042
1978-06-28,1.337959
1978-06-29,1.333111
1978-06-30,1.348788
1978-07-03,1.336675
1978-07-05,1.352545
1978-07-06,1.356829
1978-07-07,1.362513
1978-07-10,1.381942
1978-07-11,1.370525
1978-07-12,1.377015
1978-07-13,1.379176
1978-07-14,1.362499
1978-07-17,1.343285
1978-07-18,1.333746
1978-07-19,1.337217
1978-07-20,1.352049
1978-07-21,1.351244
1978-07-24,1.35802
1978-07-25,1.356494
1978-07-26,1.354884
1978-07-27,1.326326
1978-07-28,1.289063
1978-07-31,1.317452
1978-08-01,1.305338
1978-08-02,1.259275
1978-08-03,1.246212
1978-08-04,1.233281
1978-08-07,1.2279
1978-08-08,1.213087
1978-08-09,1.209491
1978-08-10,1.273845
1978-08-11,1.241346
1978-08-14,1.246518
1978-08-15,1.246123
1978-08-16,1.274265
1978-08-17,1.236654
1978-08-18,1.202621
1978-08-21,1.164251
1978-08-22,1.164944
1978-08-23,1.132168
1978-08-24,1.153687
1978-08-25,1.147307
1978-08-28,1.139447
1978-08-29,1.141326
1978-08-30,1.164221
1978-08-31,1.148699
1978-09-01,1.132213
1978-09-05,1.123314
1978-09-06,1.109147
1978-09-07,1.105818
1978-09-08,1.07985
1978-09-11,1.049826
1978-09-12,1.037399
1978-09-13,1.025536
1978-09-14,1.020547
1978-09-15,0.999703
1978-09-18,0.998893
1978-09-19,1.004678
1978-09-20,1.01899
1978-09-21,1.01854
1978-09-22,1.021659
1978-09-25,1.010006
1978-09-26,0.997802
1978-09-27,0.979542
1978-09-28,0.979512
1978-09-29,0.97857
1978-10-02,0.99748
1978-10-03,0.981709
1978-10-04,0.978754
1978-10-05,0.974608
1978-10-06,0.956396
1978-10-10,0.944842
1978-10-11,0.939256
1978-10-12,0.927775
1978-10-13,0.921987
1978-10-16,0.936678
1978-10-17,0.922179
1978-10-18,0.916092
1978-10-19,0.915553
1978-10-20,0.919051
1978-10-23,0.898894
1978-10-24,0.89506
1978-10-25,0.91539
1978-10-26,0.943035
1978-10-27,0.983882
1978-10-30,1.053483
1978-10-31,1.032228
1978-11-01,0.823375
1978-11-02,0.795504
1978-11-03,0.693656
1978-11-06,0.673229
1978-11-08,0.658724
1978-11-09,0.669664
1978-11-10,0.649323
1978-11-13,0.651019
1978-11-14,0.656153
1978-11-15,0.647146
1978-11-16,0.717176
1978-11-17,0.721853
1978-11-20,0.741501
1978-11-21,0.744641
1978-11-22,0.738192
1978-11-24,0.750038
1978-11-27,0.739726
1978-11-28,0.732851
1978-11-29,0.737573
1978-11-30,0.742036
1978-12-01,0.729192
1978-12-04,0.76772
1978-12-05,0.770206
1978-12-06,0.77284
1978-12-07,0.788049
1978-12-08,0.775877
1978-12-11,0.7771
1978-12-12,0.797146
1978-12-13,0.861581
1978-12-14,0.850093
1978-12-15,0.844714
1978-12-18,0.829739
1978-12-19,0.818211
1978-12-20,0.818551
1978-12-21,0.81241
1978-12-22,0.772712
1978-12-26,0.755253
1978-12-27,0.748906
1978-12-28,0.770401
1978-12-29,0.742317
1979-01-02,0.762087
1979-01-03,0.766342
1979-01-04,0.76966
1979-01-05,0.772731
1979-01-08,0.797821
1979-01-09,0.836285
1979-01-10,0.83149
1979-01-11,0.845715
1979-01-12,0.833959
1979-01-15,0.833782
1979-01-16,0.832905
1979-01-17,0.833514
1979-01-18,0.829376
1979-01-19,0.806189
1979-01-22,0.794303
1979-01-23,0.785181
1979-01-24,0.770911
1979-01-25,0.746243
1979-01-26,0.725358
1979-01-29,0.749294
1979-01-30,0.757812
1979-01-31,0.763925
1979-02-01,0.755424
1979-02-02,0.697151
1979-02-05,0.764197
1979-02-06,0.794951
1979-02-07,0.835543
1979-02-08,0.848821
1979-02-09,0.851943
1979-02-13,0.872944
1979-02-14,0.872373
1979-02-15,0.871558
1979-02-16,0.856779
1979-02-20,0.875779
1979-02-21,0.896933
1979-02-22,0.937903
1979-02-23,0.926035
1979-02-26,0.924312
1979-02-27,0.921382
1979-02-28,0.907725
1979-03-01,0.912115
1979-03-02,0.899319
1979-03-05,0.875924
1979-03-06,0.884441
1979-03-07,0.901678
1979-03-08,0.892669
1979-03-09,0.904775
1979-03-12,0.884415
1979-03-13,0.886643
1979-03-14,0.889128
1979-03-15,0.889151
1979-03-16,0.881018
1979-03-19,0.873319
1979-03-20,0.886711
1979-03-21,0.898822
1979-03-22,0.894996
1979-03-23,0.896984
1979-03-26,0.915694
1979-03-27,0.913688
1979-03-28,0.915322
1979-03-29,0.924597
1979-03-30,0.94613
1979-04-02,0.962792
1979-04-03,0.941546
1979-04-04,0.938357
1979-04-05,0.935573
1979-04-06,0.940292
1979-04-09,0.932208
1979-04-10,0.941239
1979-04-11,0.948843
1979-04-12,0.931326
1979-04-16,0.918505
1979-04-17,0.929537
1979-04-18,0.968054
1979-04-19,1.0183
1979-04-20,1.040549
1979-04-23,1.071727
1979-04-24,1.085107
1979-04-25,1.075407
1979-04-26,1.085261
1979-04-27,1.022528
1979-04-30,1.025257
1979-05-01,1.028075
1979-05-02,1.02195
1979-05-03,1.023801
1979-05-04,1.020596
1979-05-07,1.009987
1979-05-08,1.012012
1979-05-09,0.994406
1979-05-10,0.99072
1979-05-11,0.980671
1979-05-14,0.981784
1979-05-15,1.006731
1979-05-16,1.00523
1979-05-17,1.01726
1979-05-18,1.003356
1979-05-21,0.998705
1979-05-22,0.942076
1979-05-23,0.890937
1979-05-24,0.88651
1979-05-25,0.864708
1979-05-29,0.881173
1979-05-31,0.919657
1979-06-01,0.909376
1979-06-04,0.916178
1979-06-05,0.908268
1979-06-06,0.905038
1979-06-07,0.905033
1979-06-08,0.889408
1979-06-11,0.91328
1979-06-12,0.923865
1979-06-13,0.958748
1979-06-14,0.974282
1979-06-15,1.007892
1979-06-18,0.971455
1979-06-19,0.989243
1979-06-20,0.993394
1979-06-21,0.994064
1979-06-22,1.00642
1979-06-25,0.987769
1979-06-26,0.967601
1979-06-27,0.944635
1979-06-28,0.966237
1979-06-29,0.941163
1979-07-02,0.937024
1979-07-03,0.929754
1979-07-05,0.930642
1979-07-06,0.91671
1979-07-09,0.93349
1979-07-10,0.9295
1979-07-11,0.941231
1979-07-12,0.917763
1979-07-13,0.907987
1979-07-16,0.930078
1979-07-17,0.926081
1979-07-18,0.928869
1979-07-19,0.91978
1979-07-20,0.868813
1979-07-23,0.881317
1979-07-24,0.888517
1979-07-25,0.856731
1979-07-26,0.86862
1979-07-27,0.903227
1979-07-30,0.897953
1979-07-31,0.900534
1979-08-01,0.901369
1979-08-02,0.880129
1979-08-03,0.873859
1979-08-06,0.864182
1979-08-07,0.867865
1979-08-08,0.869698
1979-08-09,0.881247
1979-08-10,0.888154
1979-08-13,0.877564
1979-08-14,0.859533
1979-08-15,0.869575
1979-08-16,0.853252
1979-08-17,0.840166
1979-08-20,0.843601
1979-08-21,0.85981
1979-08-22,0.857387
1979-08-23,0.852389
1979-08-24,0.867374
1979-08-27,0.846486
1979-08-28,0.84546
1979-08-29,0.803952
1979-08-30,0.804861
1979-08-31,0.807886
1979-09-04,0.805205
1979-09-05,0.784628
1979-09-06,0.758938
1979-09-07,0.694676
1979-09-10,0.696057
1979-09-11,0.601851
1979-09-12,0.620963
1979-09-13,0.651671
1979-09-14,0.618729
1979-09-17,0.652273
1979-09-18,0.639974
1979-09-19,0.61945
1979-09-20,0.629839
1979-09-21,0.61456
1979-09-24,0.661107
1979-09-25,0.678693
1979-09-26,0.710042
1979-09-27,0.750381
1979-09-28,0.72704
1979-10-01,0.796983
1979-10-02,0.790721
1979-10-03,0.809423
1979-10-04,0.846592
1979-10-05,0.811437
1979-10-09,0.696694
1979-10-10,0.668698
1979-10-11,0.682208
1979-10-12,0.673811
1979-10-15,0.786276
1979-10-16,0.784672
1979-10-17,0.747663
1979-10-18,0.861414
1979-10-19,0.808217
1979-10-22,0.806318
1979-10-23,0.723864
1979-10-24,0.652458
1979-10-25,0.737139
1979-10-26,0.689906
1979-10-29,0.784357
1979-10-30,0.797114
1979-10-31,0.826993
1979-11-01,0.92545
1979-11-02,0.955165
1979-11-05,0.929868
1979-11-07,0.981019
1979-11-08,0.961491
1979-11-09,0.957335
1979-11-13,1.037685
1979-11-14,1.08062
1979-11-15,1.034813
1979-11-16,1.111526
1979-11-19,1.074393
1979-11-20,1.01855
1979-11-21,0.977546
1979-11-23,1.021754
1979-11-26,1.081177
1979-11-27,1.146412
1979-11-28,1.220043
1979-11-29,1.16877
1979-11-30,1.160613
1979-12-03,1.15571
1979-12-04,1.089776
1979-12-05,1.096011
1979-12-06,1.048946
1979-12-07,1.118058
1979-12-10,1.07481
1979-12-11,1.133191
1979-12-12,1.121453
1979-12-13,1.041019
1979-12-14,0.941871
1979-12-17,0.975955
1979-12-18,1.009237
1979-12-19,1.000607
1979-12-20,1.047726
1979-12-21,1.043648
1979-12-24,1.076316
1979-12-26,1.06154
1979-12-27,1.080484
1979-12-28,1.061021
1979-12-31,1.132187
1980-01-02,1.151041
1980-01-03,1.22357
1980-01-04,1.244188
1980-01-07,1.271304
1980-01-08,1.26168
1980-01-09,1.282798
1980-01-10,1.254653
1980-01-11,1.389502
1980-01-14,1.407463
1980-01-15,1.386894
1980-01-16,1.397102
1980-01-17,1.45608
1980-01-18,1.492846
1980-01-21,1.609299
1980-01-22,1.519636
1980-01-23,1.492453
1980-01-24,1.64361
1980-01-25,1.612399
1980-01-28,1.660169
1980-01-29,1.704778
1980-01-30,1.709229
1980-01-31,1.694415
1980-02-01,1.744171
1980-02-04,1.759678
1980-02-05,1.912856
1980-02-06,2.040985
1980-02-07,2.083599
1980-02-08,2.025725
1980-02-11,2.103558
1980-02-13,2.037083
1980-02-14,2.080292
1980-02-15,2.03165
1980-02-19,2.121404
1980-02-20,2.045335
1980-02-21,2.181237
1980-02-22,1.971194
1980-02-25,2.069626
1980-02-26,2.072327
1980-02-27,2.01357
1980-02-28,1.770063
1980-02-29,1.591306
1980-03-03,1.553783
1980-03-04,1.401635
1980-03-05,1.271688
1980-03-06,1.047649
1980-03-07,0.793413
1980-03-10,0.816348
1980-03-11,0.946623
1980-03-12,1.098675
1980-03-13,0.930639
1980-03-14,0.877611
1980-03-17,0.938322
1980-03-18,0.992958
1980-03-19,0.987463
1980-03-20,1.03075
1980-03-21,0.942084
1980-03-24,1.067044
1980-03-25,1.055514
1980-03-26,0.974507
1980-03-27,1.021205
1980-03-28,0.844048
1980-03-31,1.20848
1980-04-01,1.363216
1980-04-02,1.192257
1980-04-03,1.094485
1980-04-07,1.072769
1980-04-08,1.12493
1980-04-09,1.158975
1980-04-10,1.173908
1980-04-11,1.063787
1980-04-14,1.190145
1980-04-15,1.314912
1980-04-16,1.271031
1980-04-17,0.97222
1980-04-18,0.838858
1980-04-21,0.894451
1980-04-22,1.079434
1980-04-23,1.360584
1980-04-24,1.622439
1980-04-25,1.763889
1980-04-28,1.826604
1980-04-29,1.901317
1980-04-30,1.964154
1980-05-01,1.880841
1980-05-02,1.880766
1980-05-05,2.021495
1980-05-06,1.948644
1980-05-07,2.014833
1980-05-08,2.162165
1980-05-09,2.251441
1980-05-12,2.310463
1980-05-13,2.424819
1980-05-14,2.408307
1980-05-15,2.492878
1980-05-16,2.415052
1980-05-19,2.569991
1980-05-20,2.621697
1980-05-21,2.556805
1980-05-22,2.56759
1980-05-23,2.577023
1980-05-27,2.637076
1980-05-28,2.647767
1980-05-29,2.720116
1980-05-30,2.707313
1980-06-02,2.718647
1980-06-03,2.610683
1980-06-04,2.589892
1980-06-05,2.551551
1980-06-06,2.415175
1980-06-09,2.378558
1980-06-10,2.416722
1980-06-11,2.380156
1980-06-12,2.357509
1980-06-13,2.313503
1980-06-16,2.24768
1980-06-17,2.298501
1980-06-18,2.343047
1980-06-19,2.27228
1980-06-20,2.262464
1980-06-23,2.30151
1980-06-24,2.296744
1980-06-25,2.343472
1980-06-26,2.263608
1980-06-27,2.312505
1980-06-30,2.314544
1980-07-01,2.393695
1980-07-02,2.453157
1980-07-03,2.368427
1980-07-07,2.480643
1980-07-08,2.415017
1980-07-09,2.416658
1980-07-10,2.466889
1980-07-11,2.506916
1980-07-14,2.536917
1980-07-15,2.420628
1980-07-16,2.379947
1980-07-17,2.500708
1980-07-18,2.482782
1980-07-21,2.418137
1980-07-22,2.448959
1980-07-23,2.378742
1980-07-24,2.460092
1980-07-25,2.513544
1980-07-28,2.518741
1980-07-29,2.477393
1980-07-30,2.569736
1980-07-31,2.604032
1980-08-01,2.499789
1980-08-04,2.503445
1980-08-05,2.528077
1980-08-06,2.633315
1980-08-07,2.660708
1980-08-08,2.711563
1980-08-11,2.734297
1980-08-12,2.749042
1980-08-13,2.7872
1980-08-14,2.735972
1980-08-15,2.725705
1980-08-18,2.58375
1980-08-19,2.577927
1980-08-20,2.376178
1980-08-21,2.383222
1980-08-22,2.259763
1980-08-25,2.344391
1980-08-26,2.336243
1980-08-27,2.322982
1980-08-28,2.159471
1980-08-29,1.961521
1980-09-02,2.113464
1980-09-03,2.184712
1980-09-04,2.201909
1980-09-05,2.192937
1980-09-08,2.260269
1980-09-09,2.21232
1980-09-10,2.238195
1980-09-11,2.250508
1980-09-12,2.217629
1980-09-15,2.228777
1980-09-16,2.275728
1980-09-17,2.159228
1980-09-18,2.161707
1980-09-19,2.233656
1980-09-22,2.314824
1980-09-23,2.259422
1980-09-24,2.303303
1980-09-25,2.427025
1980-09-26,2.323262
1980-09-29,2.393858
1980-09-30,2.228273
1980-10-01,2.183305
1980-10-02,2.199142
1980-10-03,2.05961
1980-10-06,2.094312
1980-10-07,2.09206
1980-10-08,2.076218
1980-10-09,1.998816
1980-10-10,2.052663
1980-10-14,1.952269
1980-10-15,1.918095
1980-10-16,2.002958
1980-10-17,2.062109
1980-10-20,2.04935
1980-10-21,2.141569
1980-10-22,2.044662
1980-10-23,2.09731
1980-10-24,2.022151
1980-10-27,2.126371
1980-10-28,2.170342
1980-10-29,2.098749
1980-10-30,2.030128
1980-10-31,2.005216
1980-11-03,1.921654
1980-11-05,1.907356
1980-11-06,2.071546
1980-11-07,1.98742
1980-11-10,2.019948
1980-11-12,1.89926
1980-11-13,1.941435
1980-11-14,1.950012
1980-11-17,1.834815
1980-11-18,1.680901
1980-11-19,1.6412
1980-11-20,1.697588
1980-11-21,1.726451
1980-11-24,1.620164
1980-11-25,1.507113
1980-11-26,1.401687
1980-11-28,1.367034
1980-12-01,1.427229
1980-12-02,1.465015
1980-12-03,1.422619
1980-12-04,1.433237
1980-12-05,1.183355
1980-12-08,1.116734
1980-12-09,1.189656
1980-12-10,1.13776
1980-12-11,1.44486
1980-12-12,1.223992
1980-12-15,1.158236
1980-12-16,1.206337
1980-12-17,0.987122
1980-12-18,0.896786
1980-12-19,0.883401
1980-12-22,0.861727
1980-12-23,1.318394
1980-12-24,1.404917
1980-12-26,1.305665
1980-12-29,1.333176
1980-12-30,1.46321
1980-12-31,1.506007
1981-01-02,1.511177
1981-01-05,1.525655
1981-01-06,1.575632
1981-01-07,1.490433
1981-01-08,1.423788
1981-01-09,1.378636
1981-01-12,1.414308
1981-01-13,1.374588
1981-01-14,1.456437
1981-01-15,1.509025
1981-01-16,1.424277
1981-01-19,1.473416
1981-01-20,1.316754
1981-01-21,1.401135
1981-01-22,1.413743
1981-01-23,1.369624
1981-01-26,1.334887
1981-01-27,1.372341
1981-01-28,1.416801
1981-01-29,1.464943
1981-01-30,1.477078
1981-02-02,1.603123
1981-02-03,1.680048
1981-02-04,1.644668
1981-02-05,1.709721
1981-02-06,1.740972
1981-02-09,1.783266
1981-02-10,1.754224
1981-02-11,1.786331
1981-02-13,1.832066
1981-02-17,1.664342
1981-02-18,1.714617
1981-02-19,1.664236
1981-02-20,1.690667
1981-02-23,1.951434
1981-02-24,1.996225
1981-02-25,2.001084
1981-02-26,2.101746
1981-02-27,2.073564
1981-03-02,2.165165
1981-03-03,2.034783
1981-03-04,2.134782
1981-03-05,2.10181
1981-03-06,2.081931
1981-03-09,2.044447
1981-03-10,2.008354
1981-03-11,2.087379
1981-03-12,2.122341
1981-03-13,2.13611
1981-03-16,2.264748
1981-03-17,2.285056
1981-03-18,2.293947
1981-03-19,2.486354
1981-03-20,2.539766
1981-03-23,2.661935
1981-03-24,2.691613
1981-03-25,2.644059
1981-03-26,2.675387
1981-03-27,2.64507
1981-03-30,2.750034
1981-03-31,2.823047
1981-04-01,2.682702
1981-04-02,2.769038
1981-04-03,2.73415
1981-04-06,2.675115
1981-04-07,2.472613
1981-04-08,2.565796
1981-04-09,2.528803
1981-04-10,2.546259
1981-04-13,2.364371
1981-04-14,2.253295
1981-04-15,2.355219
1981-04-16,2.342724
1981-04-20,2.103065
1981-04-21,2.084331
1981-04-22,2.196499
1981-04-23,2.200567
1981-04-24,2.191036
1981-04-27,2.242226
1981-04-28,2.228262
1981-04-29,2.233694
1981-04-30,2.302078
1981-05-01,2.248339
1981-05-04,2.377716
1981-05-05,2.180437
1981-05-06,2.051387
1981-05-07,1.883381
1981-05-08,1.717464
1981-05-11,1.836633
1981-05-12,1.846727
1981-05-13,1.838641
1981-05-14,1.715428
1981-05-15,1.606086
1981-05-18,1.642163
1981-05-19,1.741533
1981-05-20,1.641552
1981-05-21,1.585038
1981-05-22,1.522559
1981-05-26,1.460344
1981-05-27,1.594307
1981-05-28,1.589676
1981-05-29,1.657753
1981-06-01,1.748932
1981-06-02,1.76288
1981-06-03,1.7073
1981-06-04,1.699049
1981-06-05,1.670561
1981-06-08,1.720959
1981-06-09,1.754403
1981-06-10,1.828303
1981-06-11,1.824488
1981-06-12,1.820135
1981-06-15,1.823892
1981-06-16,1.871286
1981-06-17,1.858768
1981-06-18,1.842126
1981-06-19,1.90207
1981-06-22,1.76703
1981-06-23,1.772847
1981-06-24,1.922841
1981-06-25,1.931347
1981-06-26,1.960714
1981-06-29,1.983113
1981-06-30,2.186781
1981-07-01,2.218
1981-07-02,2.093699
1981-07-06,2.047204
1981-07-07,2.190006
1981-07-08,2.158492
1981-07-09,2.014921
1981-07-10,1.833951
1981-07-13,1.843912
1981-07-14,1.899684
1981-07-15,1.842541
1981-07-16,1.927336
1981-07-17,1.886501
1981-07-20,1.936677
1981-07-21,1.990642
1981-07-22,1.935041
1981-07-23,1.913762
1981-07-24,1.840245
1981-07-27,1.955592
1981-07-28,1.935622
1981-07-29,1.946132
1981-07-30,2.010035
1981-07-31,1.977329
1981-08-03,2.125702
1981-08-04,2.071016
1981-08-05,2.159845
1981-08-06,2.108525
1981-08-07,2.071672
1981-08-10,2.138866
1981-08-11,1.830853
1981-08-12,1.868123
1981-08-13,1.857019
1981-08-14,1.900363
1981-08-17,1.882
1981-08-18,1.855948
1981-08-19,1.861437
1981-08-20,1.934169
1981-08-21,1.949098
1981-08-24,2.126129
1981-08-25,2.252922
1981-08-26,2.22541
1981-08-27,2.283312
1981-08-28,2.251813
1981-08-31,2.531522
1981-09-01,2.477172
1981-09-02,2.475239
1981-09-03,2.5604
1981-09-04,2.514905
1981-09-08,2.579996
1981-09-09,2.473303
1981-09-10,2.474188
1981-09-11,2.346504
1981-09-14,2.633303
1981-09-15,2.421468
1981-09-16,2.463283
1981-09-17,2.463052
1981-09-18,2.424234
1981-09-21,2.493578
1981-09-22,2.605527
1981-09-23,2.774166
1981-09-24,2.807226
1981-09-25,3.243612
1981-09-28,3.098857
1981-09-29,3.203906
1981-09-30,3.149119
1981-10-01,3.122046
1981-10-02,2.91512
1981-10-05,2.936911
1981-10-06,2.921349
1981-10-07,2.805507
1981-10-08,2.797432
1981-10-09,2.634211
1981-10-13,3.138488
1981-10-14,3.113887
1981-10-15,3.112805
1981-10-16,3.168138
1981-10-19,3.091651
1981-10-20,3.140022
1981-10-21,3.359231
1981-10-22,3.341098
1981-10-23,3.27296
1981-10-26,3.43891
1981-10-27,3.40453
1981-10-28,3.403404
1981-10-29,3.179227
1981-10-30,3.169596
1981-11-02,3.138281
1981-11-04,2.87286
1981-11-05,2.95815
1981-11-06,2.891821
1981-11-09,3.001208
1981-11-10,3.02382
1981-11-12,3.063233
1981-11-13,2.953568
1981-11-16,2.875302
1981-11-17,3.006763
1981-11-18,2.929991
1981-11-19,3.043644
1981-11-20,3.090833
1981-11-23,3.357936
1981-11-24,3.26051
1981-11-25,3.140476
1981-11-27,3.094041
1981-11-30,3.142148
1981-12-01,3.329643
1981-12-02,3.219387
1981-12-03,3.224472
1981-12-04,3.123332
1981-12-07,3.268683
1981-12-08,3.245391
1981-12-09,3.387214
1981-12-10,3.355801
1981-12-11,3.254168
1981-12-14,3.177258
1981-12-15,3.150439
1981-12-16,3.139088
1981-12-17,3.213203
1981-12-18,3.080918
1981-12-21,3.055262
1981-12-22,3.135076
1981-12-23,3.175092
1981-12-24,3.097965
1981-12-28,3.127857
1981-12-29,3.22026
1981-12-30,3.304688
1981-12-31,3.196938
1982-01-04,3.325338
1982-01-05,3.352208
1982-01-06,3.547206
1982-01-07,3.599314
1982-01-08,3.514881
1982-01-11,3.728196
1982-01-12,3.57991
1982-01-13,3.651203
1982-01-14,3.465316
1982-01-15,3.468274
1982-01-18,3.296906
1982-01-19,3.45352
1982-01-20,3.349227
1982-01-21,3.200081
1982-01-22,3.137542
1982-01-25,3.064327
1982-01-26,3.058377
1982-01-27,3.070514
1982-01-28,3.137637
1982-01-29,3.003769
1982-02-01,3.005918
1982-02-02,2.985857
1982-02-03,3.024169
1982-02-04,3.078424
1982-02-05,2.982633
1982-02-08,3.0103
1982-02-09,3.117719
1982-02-10,3.074711
1982-02-11,2.893497
1982-02-16,2.752881
1982-02-17,2.666456
1982-02-18,2.566365
1982-02-19,2.499936
1982-02-22,2.642909
1982-02-23,2.744668
1982-02-24,2.750191
1982-02-25,2.850748
1982-02-26,2.87762
1982-03-01,2.790885
1982-03-02,2.679817
1982-03-03,2.604087
1982-03-04,2.615928
1982-03-05,2.684495
1982-03-08,2.845034
1982-03-09,2.826375
1982-03-10,2.780485
1982-03-11,2.805568
1982-03-12,2.680362
1982-03-15,2.56476
1982-03-16,2.615513
1982-03-17,2.621348
1982-03-18,2.607687
1982-03-19,2.531494
1982-03-22,2.428592
1982-03-23,2.397159
1982-03-24,2.496447
1982-03-25,2.558254
1982-03-26,2.622593
1982-03-29,2.684437
1982-03-30,2.625327
1982-03-31,2.570232
1982-04-01,2.546175
1982-04-02,2.580396
1982-04-05,2.624033
1982-04-06,2.626364
1982-04-07,2.597962
1982-04-08,2.407883
1982-04-12,2.452165
1982-04-13,2.39311
1982-04-14,2.426303
1982-04-15,2.358446
1982-04-16,2.232118
1982-04-19,2.249496
1982-04-20,2.398473
1982-04-21,2.481482
1982-04-22,2.451045
1982-04-23,2.453761
1982-04-26,2.461229
1982-04-27,2.459977
1982-04-28,2.508056
1982-04-29,2.621583
1982-04-30,2.600268
1982-05-03,2.606657
1982-05-04,2.541337
1982-05-05,2.543712
1982-05-06,2.496463
1982-05-07,2.429593
1982-05-10,2.458738
1982-05-11,2.422154
1982-05-12,2.525085
1982-05-13,2.498383
1982-05-14,2.421353
1982-05-17,2.743737
1982-05-18,2.674811
1982-05-19,2.69199
1982-05-20,2.743456
1982-05-21,2.811596
1982-05-24,2.83076
1982-05-25,2.859132
1982-05-26,2.979557
1982-05-27,3.022151
1982-05-28,3.008247
1982-06-01,3.115724
1982-06-02,3.002225
1982-06-03,3.029119
1982-06-04,3.012069
1982-06-07,2.961901
1982-06-08,3.014622
1982-06-09,2.975413
1982-06-10,2.997369
1982-06-11,2.932861
1982-06-14,3.008747
1982-06-15,2.913135
1982-06-16,2.959412
1982-06-17,2.984842
1982-06-18,2.972364
1982-06-21,2.837545
1982-06-22,2.968602
1982-06-23,2.889194
1982-06-24,2.9132
1982-06-25,2.879213
1982-06-28,2.837878
1982-06-29,2.773988
1982-06-30,2.746299
1982-07-01,2.726387
1982-07-02,2.791091
1982-07-06,2.761451
1982-07-07,2.79273
1982-07-08,2.771131
1982-07-09,2.757699
1982-07-12,2.853109
1982-07-13,2.837995
1982-07-14,2.894365
1982-07-15,2.870314
1982-07-16,2.90392
1982-07-19,2.948853
1982-07-20,2.940945
1982-07-21,3.008325
1982-07-22,3.047136
1982-07-23,3.170869
1982-07-26,3.270658
1982-07-27,3.268136
1982-07-28,3.24291
1982-07-29,3.218596
1982-07-30,3.186989
1982-08-02,3.222733
1982-08-03,3.368176
1982-08-04,3.357186
1982-08-05,3.356463
1982-08-06,3.397076
1982-08-09,3.301023
1982-08-10,3.35716
1982-08-11,3.346786
1982-08-12,3.320431
1982-08-13,3.238476
1982-08-16,3.338696
1982-08-17,3.232412
1982-08-18,3.269473
1982-08-19,3.157978
1982-08-20,3.203634
1982-08-23,3.356717
1982-08-24,3.248081
1982-08-25,3.255915
1982-08-26,3.30096
1982-08-27,3.367787
1982-08-30,3.243273
1982-08-31,3.241533
1982-09-01,3.219217
1982-09-02,3.126638
1982-09-03,3.069652
1982-09-07,3.092288
1982-09-08,3.029872
1982-09-09,3.058765
1982-09-10,3.160873
1982-09-13,3.132964
1982-09-14,3.13996
1982-09-15,3.156448
1982-09-16,3.104854
1982-09-17,3.099324
1982-09-20,3.056892
1982-09-21,2.94034
1982-09-22,2.937066
1982-09-23,2.976662
1982-09-24,3.04385
1982-09-27,2.977085
1982-09-28,2.953914
1982-09-29,3.036692
1982-09-30,3.049525
1982-10-01,2.9638
1982-10-04,3.071015
1982-10-05,2.971568
1982-10-06,2.860375
1982-10-07,2.715474
1982-10-08,2.691559
1982-10-12,2.652153
1982-10-13,2.58697
1982-10-14,2.723879
1982-10-15,2.794019
1982-10-18,2.774036
1982-10-19,2.736933
1982-10-20,2.769988
1982-10-21,2.7612
1982-10-22,2.723498
1982-10-25,2.772931
1982-10-26,2.709323
1982-10-27,2.757903
1982-10-28,2.686131
1982-10-29,2.653076
1982-11-01,2.590596
1982-11-03,2.501395
1982-11-04,2.48215
1982-11-05,2.529259
1982-11-08,2.552919
1982-11-09,2.539658
1982-11-10,2.524155
1982-11-12,2.550967
1982-11-15,2.60907
1982-11-16,2.608596
1982-11-17,2.576735
1982-11-18,2.536815
1982-11-19,2.528705
1982-11-22,2.579343
1982-11-23,2.652625
1982-11-24,2.697608
1982-11-26,2.630392
1982-11-29,2.717193
1982-11-30,2.738545
1982-12-01,2.741588
1982-12-02,2.701861
1982-12-03,2.616907
1982-12-06,2.399165
1982-12-07,2.418643
1982-12-08,2.496079
1982-12-09,2.520023
1982-12-10,2.55509
1982-12-13,2.510427
1982-12-14,2.635071
1982-12-15,2.676344
1982-12-16,2.720523
1982-12-17,2.713689
1982-12-20,2.711753
1982-12-21,2.578404
1982-12-22,2.626051
1982-12-23,2.565684
1982-12-27,2.548665
1982-12-28,2.531661
1982-12-29,2.62357
1982-12-30,2.621178
1982-12-31,2.608672
1983-01-03,2.581753
1983-01-04,2.61671
1983-01-05,2.605506
1983-01-06,2.634076
1983-01-07,2.661811
1983-01-10,2.733704
1983-01-11,2.749493
1983-01-12,2.741985
1983-01-13,2.754293
1983-01-14,2.804354
1983-01-17,2.811544
1983-01-18,2.820104
1983-01-19,2.850912
1983-01-20,2.833968
1983-01-21,2.892239
1983-01-24,2.877177
1983-01-25,2.846289
1983-01-26,2.92222
1983-01-27,2.899281
1983-01-28,2.931322
1983-01-31,2.960428
1983-02-01,2.948519
1983-02-02,2.891395
1983-02-03,2.938345
1983-02-04,2.925189
1983-02-07,2.900749
1983-02-08,2.905668
1983-02-09,2.899057
1983-02-10,2.832091
1983-02-11,2.844718
1983-02-14,2.822584
1983-02-15,2.841366
1983-02-16,2.833963
1983-02-17,2.790946
1983-02-18,2.709711
1983-02-22,2.635481
1983-02-23,2.609639
1983-02-24,2.639763
1983-02-25,2.606199
1983-02-28,2.629444
1983-03-01,2.583135
1983-03-02,2.588875
1983-03-03,2.610581
1983-03-04,2.653595
1983-03-07,2.665936
1983-03-08,2.702885
1983-03-09,2.697153
1983-03-10,2.702926
1983-03-11,2.745156
1983-03-14,2.701218
1983-03-15,2.664305
1983-03-16,2.684449
1983-03-17,2.665467
1983-03-18,2.637554
1983-03-21,2.586823
1983-03-22,2.588795
1983-03-23,2.529287
1983-03-24,2.55583
1983-03-25,2.593413
1983-03-28,2.574088
1983-03-29,2.580045
1983-03-30,2.555037
1983-03-31,2.577061
1983-04-04,2.569857
1983-04-05,2.54879
1983-04-06,2.545299
1983-04-07,2.577821
1983-04-08,2.593837
1983-04-11,2.576933
1983-04-12,2.563193
1983-04-13,2.540575
1983-04-14,2.502831
1983-04-15,2.503456
1983-04-18,2.507941
1983-04-19,2.581103
1983-04-20,2.567396
1983-04-21,2.572528
1983-04-22,2.588429
1983-04-25,2.600154
1983-04-26,2.593077
1983-04-27,2.535227
1983-04-28,2.569409
1983-04-29,2.56614
1983-05-02,2.566884
1983-05-03,2.563259
1983-05-04,2.550172
1983-05-05,2.569446
1983-05-06,2.562001
1983-05-09,2.600173
1983-05-10,2.571281
1983-05-11,2.595177
1983-05-12,2.599045
1983-05-13,2.581044
1983-05-16,2.667736
1983-05-17,2.686389
1983-05-18,2.717303
1983-05-19,2.743026
1983-05-20,2.754964
1983-05-23,2.709093
1983-05-24,2.691942
1983-05-25,2.697672
1983-05-26,2.703801
1983-05-27,2.635873
1983-05-31,2.679106
1983-06-01,2.621837
1983-06-02,2.626472
1983-06-03,2.678662
1983-06-06,2.647166
1983-06-07,2.645076
1983-06-08,2.670309
1983-06-09,2.645473
1983-06-10,2.665004
1983-06-13,2.617052
1983-06-14,2.633462
1983-06-15,2.562433
1983-06-16,2.484241
1983-06-17,2.513094
1983-06-20,2.492295
1983-06-21,2.421788
1983-06-22,2.454594
1983-06-23,2.503442
1983-06-24,2.557307
1983-06-27,2.598855
1983-06-28,2.621528
1983-06-29,2.584687
1983-06-30,2.634893
1983-07-01,2.639759
1983-07-05,2.691978
1983-07-06,2.671963
1983-07-07,2.78889
1983-07-08,2.808896
1983-07-11,2.755799
1983-07-12,2.860473
1983-07-13,2.863163
1983-07-14,2.849278
1983-07-15,2.901983
1983-07-18,2.792405
1983-07-19,2.778678
1983-07-20,2.764393
1983-07-21,2.812138
1983-07-22,2.893463
1983-07-25,2.889182
1983-07-26,2.921302
1983-07-27,2.940516
1983-07-28,3.001436
1983-07-29,3.002117
1983-08-01,3.069583
1983-08-02,3.008294
1983-08-03,3.008131
1983-08-04,3.111793
1983-08-05,3.122821
1983-08-08,3.155706
1983-08-09,3.109437
1983-08-10,3.127853
1983-08-11,3.099058
1983-08-12,2.99721
1983-08-15,2.913408
1983-08-16,2.914841
1983-08-17,2.884955
1983-08-18,2.932416
1983-08-19,2.969422
1983-08-22,2.852768
1983-08-23,2.874901
1983-08-24,2.869375
1983-08-25,2.908949
1983-08-26,2.917797
1983-08-29,3.015131
1983-08-30,3.029616
1983-08-31,3.068409
1983-09-01,3.077053
1983-09-02,3.10453
1983-09-06,3.065781
1983-09-07,2.993511
1983-09-08,2.971233
1983-09-09,2.981423
1983-09-12,2.924372
1983-09-13,2.959091
1983-09-14,3.02596
1983-09-15,3.047342
1983-09-16,2.992597
1983-09-19,3.001876
1983-09-20,2.966164
1983-09-21,2.985914
1983-09-22,2.965102
1983-09-23,2.93212
1983-09-26,2.935176
1983-09-27,2.955823
1983-09-28,2.979822
1983-09-29,2.977687
1983-09-30,2.960896
1983-10-03,2.973496
1983-10-04,2.979438
1983-10-05,2.929112
1983-10-06,2.954672
1983-10-07,2.962262
1983-10-11,3.069092
1983-10-12,3.075371
1983-10-13,3.130802
1983-10-14,3.111143
1983-10-17,3.076695
1983-10-18,3.118581
1983-10-19,3.095826
1983-10-20,3.093254
1983-10-21,3.078312
1983-10-24,3.147126
1983-10-25,3.174644
1983-10-26,3.171131
1983-10-27,3.172977
1983-10-28,3.19619
1983-10-31,3.200869
1983-11-01,3.188001
1983-11-02,3.177516
1983-11-03,3.206821
1983-11-04,3.211095
1983-11-07,3.181738
1983-11-09,3.179924
1983-11-10,3.148955
1983-11-14,3.095287
1983-11-15,3.099788
1983-11-16,3.099526
1983-11-17,3.089683
1983-11-18,3.100307
1983-11-21,3.077783
1983-11-22,3.02397
1983-11-23,3.044286
1983-11-25,3.019283
1983-11-28,3.002907
1983-11-29,2.986705
1983-11-30,2.976761
1983-12-01,2.988221
1983-12-02,3.047747
1983-12-05,3.043247
1983-12-06,3.034606
1983-12-07,3.04963
1983-12-08,3.107187
1983-12-09,3.112236
1983-12-12,3.107459
1983-12-13,3.116468
1983-12-14,3.108533
1983-12-15,3.086927
1983-12-16,3.054985
1983-12-19,3.062045
1983-12-20,3.050654
1983-12-21,3.040825
1983-12-22,3.043468
1983-12-23,3.050263
1983-12-27,3.024806
1983-12-28,3.051899
1983-12-29,3.045685
1983-12-30,3.068759
1984-01-03,3.110038
1984-01-04,3.073973
1984-01-05,3.074715
1984-01-06,3.083336
1984-01-09,3.07197
1984-01-10,3.051599
1984-01-11,3.054244
1984-01-12,3.039354
1984-01-13,3.005404
1984-01-16,2.966917
1984-01-17,2.9995
1984-01-18,2.985179
1984-01-19,2.977973
1984-01-20,2.981077
1984-01-23,2.960309
1984-01-24,2.948591
1984-01-25,2.966509
1984-01-26,2.96762
1984-01-27,2.985555
1984-01-30,3.017793
1984-01-31,3.019613
1984-02-01,3.01853
1984-02-02,2.981746
1984-02-03,2.976977
1984-02-06,2.981529
1984-02-07,2.980577
1984-02-08,3.005926
1984-02-09,3.038202
1984-02-10,3.056284
1984-02-14,3.064276
1984-02-15,3.046894
1984-02-16,3.078634
1984-02-17,3.079838
1984-02-21,3.05839
1984-02-22,3.069278
1984-02-23,3.108797
1984-02-24,3.087767
1984-02-27,3.125524
1984-02-28,3.160399
1984-02-29,3.15069
1984-03-01,3.151618
1984-03-02,3.14194
1984-03-05,3.195374
1984-03-06,3.201919
1984-03-07,3.287203
1984-03-08,3.274725
1984-03-09,3.256599
1984-03-12,3.234723
1984-03-13,3.228085
1984-03-14,3.242373
1984-03-15,3.229142
1984-03-16,3.242772
1984-03-19,3.289
1984-03-20,3.253061
1984-03-21,3.214004
1984-03-22,3.197325
1984-03-23,3.183975
1984-03-26,3.156841
1984-03-27,3.171227
1984-03-28,3.175184
1984-03-29,3.170097
1984-03-30,3.185289
1984-04-02,3.23513
1984-04-03,3.214484
1984-04-04,3.221119
1984-04-05,3.246745
1984-04-06,3.209993
1984-04-09,3.183692
1984-04-10,3.226537
1984-04-11,3.240799
1984-04-12,3.189509
1984-04-13,3.25736
1984-04-16,3.272828
1984-04-17,3.26451
1984-04-18,3.325644
1984-04-19,3.38183
1984-04-23,3.39633
1984-04-24,3.383761
1984-04-25,3.333712
1984-04-26,3.323893
1984-04-27,3.37276
1984-04-30,3.371063
1984-05-01,3.378113
1984-05-02,3.381359
1984-05-03,3.393466
1984-05-04,3.431528
1984-05-07,3.452726
1984-05-08,3.397392
1984-05-09,3.411923
1984-05-10,3.460881
1984-05-11,3.549763
1984-05-14,3.665433
1984-05-15,3.604063
1984-05-16,3.55383
1984-05-17,3.61166
1984-05-18,3.555954
1984-05-21,3.542887
1984-05-22,3.60163
1984-05-23,3.590633
1984-05-24,3.679552
1984-05-25,3.711254
1984-05-29,3.76603
1984-05-30,3.784975
1984-05-31,3.79644
1984-06-01,3.664836
1984-06-04,3.576712
1984-06-05,3.53336
1984-06-06,3.635853
1984-06-07,3.599528
1984-06-08,3.576631
1984-06-11,3.601896
1984-06-12,3.535897
1984-06-13,3.522734
1984-06-14,3.478092
1984-06-15,3.425715
1984-06-18,3.344487
1984-06-19,3.406696
1984-06-20,3.495749
1984-06-21,3.516634
1984-06-22,3.566326
1984-06-25,3.572148
1984-06-26,3.599781
1984-06-27,3.581917
1984-06-28,3.682503
1984-06-29,3.709328
1984-07-02,3.758734
1984-07-03,3.752022
1984-07-05,3.758686
1984-07-06,3.750777
1984-07-09,3.549187
1984-07-10,3.537818
1984-07-11,3.538205
1984-07-12,3.44992
1984-07-13,3.385001
1984-07-16,3.384696
1984-07-17,3.418684
1984-07-18,3.371965
1984-07-19,3.331034
1984-07-20,3.445957
1984-07-23,3.397229
1984-07-24,3.395525
1984-07-25,3.225012
1984-07-26,3.185653
1984-07-27,3.161353
1984-07-30,3.223479
1984-07-31,3.167938
1984-08-01,3.114021
1984-08-02,3.020184
1984-08-03,3.027326
1984-08-06,2.993141
1984-08-07,2.981133
1984-08-08,2.981592
1984-08-09,2.943364
1984-08-10,2.94648
1984-08-13,2.957561
1984-08-14,2.963899
1984-08-15,3.017443
1984-08-16,2.964144
1984-08-17,2.943008
1984-08-20,2.954352
1984-08-21,2.900038
1984-08-22,2.887845
1984-08-23,2.931007
1984-08-24,2.90289
1984-08-27,3.005841
1984-08-28,2.959468
1984-08-29,2.947186
1984-08-30,2.935158
1984-08-31,2.889336
1984-09-04,2.904873
1984-09-05,2.895888
1984-09-06,2.837815
1984-09-07,2.785415
1984-09-10,2.761901
1984-09-11,2.723137
1984-09-12,2.728214
1984-09-13,2.660405
1984-09-14,2.667974
1984-09-17,2.672714
1984-09-18,2.64636
1984-09-19,2.615575
1984-09-20,2.640534
1984-09-21,2.7467
1984-09-24,2.779842
1984-09-25,2.798519
1984-09-26,2.773889
1984-09-27,2.720883
1984-09-28,2.801491
1984-10-01,2.83865
1984-10-02,2.851119
1984-10-03,2.843355
1984-10-04,2.829295
1984-10-05,2.767851
1984-10-09,2.733016
1984-10-10,2.764388
1984-10-11,2.783023
1984-10-12,2.799154
1984-10-15,2.844719
1984-10-16,2.868677
1984-10-17,2.826852
1984-10-18,2.736691
1984-10-19,2.709593
1984-10-22,2.671145
1984-10-23,2.70633
1984-10-24,2.722817
1984-10-25,2.805375
1984-10-26,2.82571
1984-10-29,2.815238
1984-10-30,2.723399
1984-10-31,2.787332
1984-11-01,2.772982
1984-11-02,2.814677
1984-11-05,2.813924
1984-11-07,2.966787
1984-11-08,3.058918
1984-11-09,3.016505
1984-11-13,3.066958
1984-11-14,3.080118
1984-11-15,3.071386
1984-11-16,3.070343
1984-11-19,3.027189
1984-11-20,3.025275
1984-11-21,2.932759
1984-11-23,2.858986
1984-11-26,2.875147
1984-11-27,2.858525
1984-11-28,2.964809
1984-11-29,2.97226
1984-11-30,3.061573
1984-12-03,2.991898
1984-12-04,2.995861
1984-12-05,3.032409
1984-12-06,3.102799
1984-12-07,3.130239
1984-12-10,3.11416
1984-12-11,3.078402
1984-12-12,3.090397
1984-12-13,3.214582
1984-12-14,3.187611
1984-12-17,3.216204
1984-12-18,3.179622
1984-12-19,3.215869
1984-12-20,3.230581
1984-12-21,3.217655
1984-12-24,3.224196
1984-12-26,3.310151
1984-12-27,3.299178
1984-12-28,3.287612
1984-12-31,3.331619
1985-01-02,3.44794
1985-01-03,3.405698
1985-01-04,3.445025
1985-01-07,3.354517
1985-01-08,3.312944
1985-01-09,3.310986
1985-01-10,3.356567
1985-01-11,3.413899
1985-01-14,3.454704
1985-01-15,3.408288
1985-01-16,3.42157
1985-01-17,3.343036
1985-01-18,3.340936
1985-01-22,3.260437
1985-01-23,3.231839
1985-01-24,3.065143
1985-01-25,3.103307
1985-01-28,3.092127
1985-01-29,3.010578
1985-01-30,2.973858
1985-01-31,2.98327
1985-02-01,2.994729
1985-02-04,3.024747
1985-02-05,2.989401
1985-02-06,3.054517
1985-02-07,3.077386
1985-02-08,3.084353
1985-02-11,3.104814
1985-02-13,3.09055
1985-02-14,3.061906
1985-02-15,3.141642
1985-02-19,3.119478
1985-02-20,3.215603
1985-02-21,3.218236
1985-02-22,3.266777
1985-02-25,3.254107
1985-02-26,3.193586
1985-02-27,3.318355
1985-02-28,3.273537
1985-03-01,3.242103
1985-03-04,3.221421
1985-03-05,3.140157
1985-03-06,3.158254
1985-03-07,3.145272
1985-03-08,3.096147
1985-03-11,3.116224
1985-03-12,3.127382
1985-03-13,3.127387
1985-03-14,3.120606
1985-03-15,3.152662
1985-03-18,3.214875
1985-03-19,3.199568
1985-03-20,3.145277
1985-03-21,3.175445
1985-03-22,3.226799
1985-03-25,3.240485
1985-03-26,3.197581
1985-03-27,3.26816
1985-03-28,3.288974
1985-03-29,3.264757
1985-04-01,3.268892
1985-04-02,3.276107
1985-04-03,3.293103
1985-04-04,3.300581
1985-04-08,3.330868
1985-04-09,3.321332
1985-04-10,3.269802
1985-04-11,3.254806
1985-04-12,3.238953
1985-04-15,3.212683
1985-04-16,3.243469
1985-04-17,3.203144
1985-04-18,3.231202
1985-04-19,3.221445
1985-04-22,3.22787
1985-04-23,3.273919
1985-04-24,3.297901
1985-04-25,3.347896
1985-04-26,3.336064
1985-04-29,3.382584
1985-04-30,3.381702
1985-05-01,3.316722
1985-05-02,3.311894
1985-05-03,3.30528
1985-05-06,3.321124
1985-05-07,3.336906
1985-05-08,3.384785
1985-05-09,3.355628
1985-05-10,3.275246
1985-05-13,3.267259
1985-05-14,3.217127
1985-05-15,3.256162
1985-05-16,3.260045
1985-05-17,3.275183
1985-05-20,3.166243
1985-05-21,3.21656
1985-05-22,3.248948
1985-05-23,3.225572
1985-05-24,3.194601
1985-05-28,3.053931
1985-05-29,3.059629
1985-05-30,2.994609
1985-05-31,2.916957
1985-06-03,2.802781
1985-06-04,2.826246
1985-06-05,2.798746
1985-06-06,2.822473
1985-06-07,2.909861
1985-06-10,2.826847
1985-06-11,2.777826
1985-06-12,2.850646
1985-06-13,2.933131
1985-06-14,2.968176
1985-06-17,2.892202
1985-06-18,2.879053
1985-06-19,2.952111
1985-06-20,2.996729
1985-06-21,3.011594
1985-06-24,3.082714
1985-06-25,3.059863
1985-06-26,3.084797
1985-06-27,3.025867
1985-06-28,3.005322
1985-07-01,2.970872
1985-07-02,2.977877
1985-07-03,3.005489
1985-07-05,2.985103
1985-07-08,2.964051
1985-07-09,2.970069
1985-07-10,2.963365
1985-07-11,2.990276
1985-07-12,2.971707
1985-07-15,2.982396
1985-07-16,2.953451
1985-07-17,2.950365
1985-07-18,3.036468
1985-07-19,3.018383
1985-07-22,3.033344
1985-07-23,3.033865
1985-07-24,3.050858
1985-07-25,3.097458
1985-07-26,3.162741
1985-07-29,3.185852
1985-07-30,3.166203
1985-07-31,3.105039
1985-08-01,3.029081
1985-08-02,3.073708
1985-08-05,3.063691
1985-08-06,3.071348
1985-08-07,3.058586
1985-08-08,3.017128
1985-08-09,3.02953
1985-08-12,3.048848
1985-08-13,3.103185
1985-08-14,3.079814
1985-08-15,3.064931
1985-08-16,3.00905
1985-08-19,3.008671
1985-08-20,2.967495
1985-08-21,2.939054
1985-08-22,2.926138
1985-08-23,2.95549
1985-08-26,2.956705
1985-08-27,2.920848
1985-08-28,2.946274
1985-08-29,2.931617
1985-08-30,2.972152
1985-09-03,2.963603
1985-09-04,2.947856
1985-09-05,3.009731
1985-09-06,3.121334
1985-09-09,3.097073
1985-09-10,3.091655
1985-09-11,3.114436
1985-09-12,3.101851
1985-09-13,3.07648
1985-09-16,3.03613
1985-09-17,3.073289
1985-09-18,3.092073
1985-09-19,3.076802
1985-09-20,3.040627
1985-09-23,3.140524
1985-09-24,3.115601
1985-09-25,3.13627
1985-09-26,3.085476
1985-09-30,3.061459
1985-10-01,3.05907
1985-10-02,3.070233
1985-10-03,3.08197
1985-10-04,3.095879
1985-10-07,3.108743
1985-10-08,3.059059
1985-10-09,3.051074
1985-10-10,3.039094
1985-10-11,3.03075
1985-10-15,2.988311
1985-10-16,2.987471
1985-10-17,2.9497
1985-10-18,2.934436
1985-10-21,2.934915
1985-10-22,2.89557
1985-10-23,2.896466
1985-10-24,2.881568
1985-10-25,2.94568
1985-10-28,2.978275
1985-10-29,2.867952
1985-10-30,2.846546
1985-10-31,2.862963
1985-11-01,2.845762
1985-11-04,2.863899
1985-11-05,2.825842
1985-11-06,2.84092
1985-11-07,2.814659
1985-11-08,2.790033
1985-11-12,2.724218
1985-11-13,2.720242
1985-11-14,2.726038
1985-11-15,2.769104
1985-11-18,2.694325
1985-11-19,2.707389
1985-11-20,2.668804
1985-11-21,2.604103
1985-11-22,2.657875
1985-11-25,2.732651
1985-11-26,2.739408
1985-11-27,2.696958
1985-11-29,2.670387
1985-12-02,2.744595
1985-12-03,2.736828
1985-12-04,2.697042
1985-12-05,2.68157
1985-12-06,2.693217
1985-12-09,2.608004
1985-12-10,2.55737
1985-12-11,2.514837
1985-12-12,2.577204
1985-12-13,2.538987
1985-12-16,2.497066
1985-12-17,2.40529
1985-12-18,2.412133
1985-12-19,2.381182
1985-12-20,2.378483
1985-12-23,2.372145
1985-12-24,2.366724
1985-12-26,2.333667
1985-12-27,2.301633
1985-12-30,2.291807
1985-12-31,2.304481
1986-01-02,2.315692
1986-01-03,2.320123
1986-01-06,2.323419
1986-01-07,2.244142
1986-01-08,2.369269
1986-01-09,2.362791
1986-01-10,2.420656
1986-01-13,2.488443
1986-01-14,2.434089
1986-01-15,2.369537
1986-01-16,2.406603
1986-01-17,2.367653
1986-01-21,2.3682
1986-01-22,2.425485
1986-01-23,2.416735
1986-01-24,2.43627
1986-01-27,2.403817
1986-01-28,2.359849
1986-01-29,2.382418
1986-01-30,2.401715
1986-01-31,2.417346
1986-02-03,2.381813
1986-02-04,2.340005
1986-02-05,2.382798
1986-02-06,2.401586
1986-02-07,2.400754
1986-02-10,2.349965
1986-02-11,2.300918
1986-02-12,2.272593
1986-02-13,2.2082
1986-02-14,2.093118
1986-02-18,2.068762
1986-02-19,2.059084
1986-02-20,2.011697
1986-02-21,1.879692
1986-02-24,1.792284
1986-02-25,1.772407
1986-02-26,1.704029
1986-02-27,1.565113
1986-02-28,1.555017
1986-03-03,1.509922
1986-03-04,1.54021
1986-03-05,1.677735
1986-03-06,1.682055
1986-03-07,1.709955
1986-03-10,1.638156
1986-03-11,1.574049
1986-03-12,1.53574
1986-03-13,1.565919
1986-03-14,1.551954
1986-03-17,1.594087
1986-03-18,1.655613
1986-03-19,1.629872
1986-03-20,1.590891
1986-03-21,1.625485
1986-03-24,1.569499
1986-03-25,1.559096
1986-03-26,1.502647
1986-03-27,1.339235
1986-03-31,1.25176
1986-04-01,1.241422
1986-04-02,1.236295
1986-04-03,1.265272
1986-04-04,1.372017
1986-04-07,1.440404
1986-04-08,1.349516
1986-04-09,1.371701
1986-04-10,1.367632
1986-04-11,1.412157
1986-04-14,1.371815
1986-04-15,1.399346
1986-04-16,1.283815
1986-04-17,1.310351
1986-04-18,1.353556
1986-04-21,1.333132
1986-04-22,1.434776
1986-04-23,1.476444
1986-04-24,1.479378
1986-04-25,1.454301
1986-04-28,1.445545
1986-04-29,1.40702
1986-04-30,1.391572
1986-05-01,1.435528
1986-05-02,1.512848
1986-05-05,1.462579
1986-05-06,1.451403
1986-05-07,1.500811
1986-05-08,1.511238
1986-05-09,1.547908
1986-05-12,1.649415
1986-05-13,1.662535
1986-05-14,1.62424
1986-05-15,1.667406
1986-05-16,1.770693
1986-05-19,1.750843
1986-05-20,1.712825
1986-05-21,1.73635
1986-05-22,1.723487
1986-05-23,1.708356
1986-05-27,1.644802
1986-05-28,1.606774
1986-05-29,1.7508
1986-05-30,1.819803
1986-06-02,1.957331
1986-06-03,1.931759
1986-06-04,2.00469
1986-06-05,1.944485
1986-06-06,1.805475
1986-06-09,1.898612
1986-06-10,1.918644
1986-06-11,1.883063
1986-06-12,1.836308
1986-06-13,1.733485
1986-06-16,1.655359
1986-06-17,1.652626
1986-06-18,1.655351
1986-06-19,1.734559
1986-06-20,1.683087
1986-06-23,1.624444
1986-06-24,1.559641
1986-06-25,1.561303
1986-06-26,1.575929
1986-06-27,1.576079
1986-06-30,1.551954
1986-07-01,1.587261
1986-07-02,1.562309
1986-07-03,1.562648
1986-07-07,1.54762
1986-07-08,1.628621
1986-07-09,1.562755
1986-07-10,1.594404
1986-07-11,1.686455
1986-07-14,1.638269
1986-07-15,1.583983
1986-07-16,1.582171
1986-07-17,1.644709
1986-07-18,1.668408
1986-07-21,1.692774
1986-07-22,1.709045
1986-07-23,1.733733
1986-07-24,1.778737
1986-07-25,1.785411
1986-07-28,1.908671
1986-07-29,1.834627
1986-07-30,1.841246
1986-07-31,1.797699
1986-08-01,1.815887
1986-08-04,1.803479
1986-08-05,1.872293
1986-08-06,1.91908
1986-08-07,1.894211
1986-08-08,1.785195
1986-08-11,1.732496
1986-08-12,1.722728
1986-08-13,1.701537
1986-08-14,1.687532
1986-08-15,1.697856
1986-08-18,1.702031
1986-08-19,1.645068
1986-08-20,1.648829
1986-08-21,1.693282
1986-08-22,1.797458
1986-08-25,1.799525
1986-08-26,1.756823
1986-08-27,1.774366
1986-08-28,1.79953
1986-08-29,1.798615
1986-09-02,1.810936
1986-09-03,1.97472
1986-09-04,1.961318
1986-09-05,2.037863
1986-09-08,2.067836
1986-09-09,2.028457
1986-09-10,2.034321
1986-09-11,2.18242
1986-09-12,2.229234
1986-09-15,2.196343
1986-09-16,2.190347
1986-09-17,2.128017
1986-09-18,2.19154
1986-09-19,2.261133
1986-09-22,2.226968
1986-09-23,2.177345
1986-09-24,2.108827
1986-09-25,2.104943
1986-09-26,2.119296
1986-09-29,2.124701
1986-09-30,2.06901
1986-10-01,2.018349
1986-10-02,2.043713
1986-10-03,2.015372
1986-10-06,2.030408
1986-10-07,2.054444
1986-10-08,2.093469
1986-10-09,2.122598
1986-10-10,2.147877
1986-10-14,2.239424
1986-10-15,2.222127
1986-10-16,2.234613
1986-10-17,2.230017
1986-10-20,2.250562
1986-10-21,2.199084
1986-10-22,2.140059
1986-10-23,2.099697
1986-10-24,2.114025
1986-10-27,2.083304
1986-10-28,2.09439
1986-10-29,2.044398
1986-10-30,1.986391
1986-10-31,1.992621
1986-11-03,1.979207
1986-11-04,1.968179
1986-11-05,1.953714
1986-11-06,2.010958
1986-11-07,2.085111
1986-11-10,2.032349
1986-11-12,2.016982
1986-11-13,1.992264
1986-11-14,1.975339
1986-11-17,1.877322
1986-11-18,1.88435
1986-11-19,1.859441
1986-11-20,1.844418
1986-11-21,1.856643
1986-11-24,1.816708
1986-11-25,1.860612
1986-11-26,1.853203
1986-11-28,1.859371
1986-12-01,1.865569
1986-12-02,1.800176
1986-12-03,1.768751
1986-12-04,1.741872
1986-12-05,1.810312
1986-12-08,1.78824
1986-12-09,1.774922
1986-12-10,1.772975
1986-12-11,1.810628
1986-12-12,1.830611
1986-12-15,1.812375
1986-12-16,1.775294
1986-12-17,1.758347
1986-12-18,1.726327
1986-12-19,1.725717
1986-12-22,1.685868
1986-12-23,1.663041
1986-12-24,1.642707
1986-12-26,1.656607
1986-12-29,1.701975
1986-12-30,1.716484
1986-12-31,1.74878
1987-01-02,1.751391
1987-01-05,1.682177
1987-01-06,1.669347
1987-01-07,1.659796
1987-01-08,1.659651
1987-01-09,1.638203
1987-01-12,1.654592
1987-01-13,1.690949
1987-01-14,1.723455
1987-01-15,1.709094
1987-01-16,1.688733
1987-01-20,1.667005
1987-01-21,1.664463
1987-01-22,1.68951
1987-01-23,1.715934
1987-01-26,1.772283
1987-01-27,1.760305
1987-01-28,1.714077
1987-01-29,1.705181
1987-01-30,1.718829
1987-02-02,1.718624
1987-02-03,1.716798
1987-02-04,1.699135
1987-02-05,1.660096
1987-02-06,1.637235
1987-02-09,1.657172
1987-02-10,1.705779
1987-02-11,1.690591
1987-02-12,1.662376
1987-02-13,1.675008
1987-02-17,1.70382
1987-02-18,1.693003
1987-02-19,1.68038
1987-02-20,1.707799
1987-02-23,1.691644
1987-02-24,1.642003
1987-02-25,1.644686
1987-02-26,1.645784
1987-02-27,1.637868
1987-03-02,1.62165
1987-03-03,1.636009
1987-03-04,1.586406
1987-03-05,1.593557
1987-03-06,1.61954
1987-03-09,1.613907
1987-03-10,1.61032
1987-03-11,1.604451
1987-03-12,1.589375
1987-03-13,1.584258
1987-03-16,1.597688
1987-03-17,1.587842
1987-03-18,1.600303
1987-03-19,1.607005
1987-03-20,1.621307
1987-03-23,1.630937
1987-03-24,1.629489
1987-03-25,1.617276
1987-03-26,1.590622
1987-03-27,1.644852
1987-03-30,1.75487
1987-03-31,1.745769
1987-04-01,1.774901
1987-04-02,1.789469
1987-04-03,1.818567
1987-04-06,1.790733
1987-04-07,1.840263
1987-04-08,1.834446
1987-04-09,1.918765
1987-04-10,1.926297
1987-04-13,1.929297
1987-04-14,1.986436
1987-04-15,1.950477
1987-04-16,1.973547
1987-04-20,2.042908
1987-04-21,2.047964
1987-04-22,2.082603
1987-04-23,2.18203
1987-04-24,2.270384
1987-04-27,2.204367
1987-04-28,2.131458
1987-04-29,2.155183
1987-04-30,2.072075
1987-05-01,2.128225
1987-05-04,2.180312
1987-05-05,2.126634
1987-05-06,2.164119
1987-05-07,2.096361
1987-05-08,2.107186
1987-05-11,2.157811
1987-05-12,2.185724
1987-05-13,2.181376
1987-05-14,2.199699
1987-05-15,2.245056
1987-05-18,2.157171
1987-05-19,2.29534
1987-05-20,2.267768
1987-05-21,2.230295
1987-05-22,2.215615
1987-05-26,2.03569
1987-05-27,2.070721
1987-05-28,2.08694
1987-05-29,2.063783
1987-06-01,2.057961
1987-06-02,2.225278
1987-06-03,2.174236
1987-06-04,2.167924
1987-06-05,2.144592
1987-06-08,2.138221
1987-06-09,2.147107
1987-06-10,2.158781
1987-06-11,2.157927
1987-06-12,2.059499
1987-06-15,2.029251
1987-06-16,2.022529
1987-06-17,2.014054
1987-06-18,2.041982
1987-06-19,2.066286
1987-06-22,2.02315
1987-06-23,2.001833
1987-06-24,2.010321
1987-06-25,1.978728
1987-06-26,2.044035
1987-06-29,2.031576
1987-06-30,2.066096
1987-07-01,2.091601
1987-07-02,2.096405
1987-07-06,2.082131
1987-07-07,2.060321
1987-07-08,2.101696
1987-07-09,2.165939
1987-07-10,2.147217
1987-07-13,2.195249
1987-07-14,2.167827
1987-07-15,2.218704
1987-07-16,2.205015
1987-07-17,2.16193
1987-07-20,2.192209
1987-07-21,2.240057
1987-07-22,2.291951
1987-07-23,2.295095
1987-07-24,2.307895
1987-07-27,2.283129
1987-07-28,2.279008
1987-07-29,2.255865
1987-07-30,2.231397
1987-07-31,2.278615
1987-08-03,2.338028
1987-08-04,2.365896
1987-08-05,2.307835
1987-08-06,2.307962
1987-08-07,2.271824
1987-08-10,2.289609
1987-08-11,2.287491
1987-08-12,2.297606
1987-08-13,2.231386
1987-08-14,2.200373
1987-08-17,2.164449
1987-08-18,2.303306
1987-08-19,2.315532
1987-08-20,2.265388
1987-08-21,2.278423
1987-08-24,2.282799
1987-08-25,2.244304
1987-08-26,2.26525
1987-08-27,2.320681
1987-08-28,2.369658
1987-08-31,2.341443
1987-09-01,2.397652
1987-09-02,2.525222
1987-09-03,2.547888
1987-09-04,2.505105
1987-09-08,2.56407
1987-09-09,2.556198
1987-09-10,2.52352
1987-09-11,2.48135
1987-09-14,2.503227
1987-09-15,2.577343
1987-09-16,2.605708
1987-09-17,2.573607
1987-09-18,2.516489
1987-09-21,2.562292
1987-09-22,2.477611
1987-09-23,2.472132
1987-09-24,2.553505
1987-09-25,2.537261
1987-09-28,2.517301
1987-09-29,2.558569
1987-09-30,2.568826
1987-10-01,2.562528
1987-10-02,2.467532
1987-10-05,2.513964
1987-10-06,2.51716
1987-10-07,2.508332
1987-10-08,2.517805
1987-10-09,2.503833
1987-10-13,2.498698
1987-10-14,2.572532
1987-10-15,2.555736
1987-10-16,2.598413
1987-10-19,2.766688
1987-10-20,2.419352
1987-10-21,2.458001
1987-10-22,2.287415
1987-10-23,2.274474
1987-10-26,2.222343
1987-10-27,2.280326
1987-10-28,2.419915
1987-10-29,2.457284
1987-10-30,2.381968
1987-11-02,2.376392
1987-11-03,2.30029
1987-11-04,2.246075
1987-11-05,2.208977
1987-11-06,2.223902
1987-11-09,2.213491
1987-11-10,2.25824
1987-11-12,2.276632
1987-11-13,2.310195
1987-11-16,2.260195
1987-11-17,2.305508
1987-11-18,2.317192
1987-11-19,2.354066
1987-11-20,2.329388
1987-11-23,2.307101
1987-11-24,2.357397
1987-11-25,2.416965
1987-11-27,2.4682
1987-11-30,2.459147
1987-12-01,2.536465
1987-12-02,2.540621
1987-12-03,2.502937
1987-12-04,2.514372
1987-12-07,2.55785
1987-12-08,2.552555
1987-12-09,2.52157
1987-12-10,2.578101
1987-12-11,2.649366
1987-12-14,2.592395
1987-12-15,2.500691
1987-12-16,2.436096
1987-12-17,2.459218
1987-12-18,2.347026
1987-12-21,2.358168
1987-12-22,2.375804
1987-12-23,2.256432
1987-12-24,2.234825
1987-12-28,2.350538
1987-12-29,2.268447
1987-12-30,2.333166
1987-12-31,2.414896
1988-01-04,2.399122
1988-01-05,2.367716
1988-01-06,2.409025
1988-01-07,2.437041
1988-01-08,2.503985
1988-01-11,2.548764
1988-01-12,2.534532
1988-01-13,2.473988
1988-01-14,2.478803
1988-01-15,2.332681
1988-01-19,2.333489
1988-01-20,2.334774
1988-01-21,2.255212
1988-01-22,2.246184
1988-01-25,2.197922
1988-01-26,2.278449
1988-01-27,2.197349
1988-01-28,2.210261
1988-01-29,2.224266
1988-02-01,2.235124
1988-02-02,2.134166
1988-02-03,2.214193
1988-02-04,2.248601
1988-02-05,2.234054
1988-02-08,2.210758
1988-02-09,2.212047
1988-02-10,2.197195
1988-02-11,2.230991
1988-02-12,2.292377
1988-02-16,2.331656
1988-02-17,2.349047
1988-02-18,2.309502
1988-02-19,2.319404
1988-02-22,2.285539
1988-02-23,2.241185
1988-02-24,2.246549
1988-02-25,2.293631
1988-02-26,2.252177
1988-02-29,2.204966
1988-03-01,2.242365
1988-03-02,2.21709
1988-03-03,2.214054
1988-03-04,2.302095
1988-03-07,2.291298
1988-03-08,2.323591
1988-03-09,2.344601
1988-03-10,2.361263
1988-03-11,2.299968
1988-03-14,2.291356
1988-03-15,2.303704
1988-03-16,2.349798
1988-03-17,2.326137
1988-03-18,2.457963
1988-03-21,2.439551
1988-03-22,2.421919
1988-03-23,2.383631
1988-03-24,2.382471
1988-03-25,2.336421
1988-03-28,2.428293
1988-03-29,2.446576
1988-03-30,2.46742
1988-03-31,2.435098
1988-04-04,2.460994
1988-04-05,2.41852
1988-04-06,2.380998
1988-04-07,2.387778
1988-04-08,2.318682
1988-04-11,2.3859
1988-04-12,2.391944
1988-04-13,2.390156
1988-04-14,2.495513
1988-04-15,2.536644
1988-04-18,2.581372
1988-04-19,2.58113
1988-04-20,2.595023
1988-04-21,2.57643
1988-04-22,2.52974
1988-04-25,2.517821
1988-04-26,2.523837
1988-04-27,2.532202
1988-04-28,2.566226
1988-04-29,2.57151
1988-05-02,2.608569
1988-05-03,2.564821
1988-05-04,2.552223
1988-05-05,2.540442
1988-05-06,2.55062
1988-05-09,2.531957
1988-05-10,2.556907
1988-05-11,2.609328
1988-05-12,2.59611
1988-05-13,2.544741
1988-05-16,2.540858
1988-05-17,2.585633
1988-05-18,2.621997
1988-05-19,2.607008
1988-05-20,2.650448
1988-05-23,2.661171
1988-05-24,2.677389
1988-05-25,2.635502
1988-05-26,2.574352
1988-05-27,2.58677
1988-05-31,2.501946
1988-06-01,2.30946
1988-06-02,2.408837
1988-06-03,2.295592
1988-06-06,2.314948
1988-06-07,2.340232
1988-06-08,2.31202
1988-06-09,2.300087
1988-06-10,2.29387
1988-06-13,2.297656
1988-06-14,2.174871
1988-06-15,2.201998
1988-06-16,2.300269
1988-06-17,2.368369
1988-06-20,2.361108
1988-06-21,2.364619
1988-06-22,2.274122
1988-06-23,2.275488
1988-06-24,2.262807
1988-06-27,2.331047
1988-06-28,2.267004
1988-06-29,2.277982
1988-06-30,2.248045
1988-07-01,2.246282
1988-07-05,2.068229
1988-07-06,2.118548
1988-07-07,2.143458
1988-07-08,2.35006
1988-07-11,2.331253
1988-07-12,2.373921
1988-07-13,2.386382
1988-07-14,2.38863
1988-07-15,2.356453
1988-07-18,2.406079
1988-07-19,2.380239
1988-07-20,2.371968
1988-07-21,2.408978
1988-07-22,2.403123
1988-07-25,2.373085
1988-07-26,2.355674
1988-07-27,2.366621
1988-07-28,2.395216
1988-07-29,2.377886
1988-08-01,2.345521
1988-08-02,2.264284
1988-08-03,2.288623
1988-08-04,2.274351
1988-08-05,2.264052
1988-08-08,2.223164
1988-08-09,2.20274
1988-08-10,2.297659
1988-08-11,2.329006
1988-08-12,2.332883
1988-08-15,2.24502
1988-08-16,2.194625
1988-08-17,2.259103
1988-08-18,2.258204
1988-08-19,2.242907
1988-08-22,2.219463
1988-08-23,2.184435
1988-08-24,2.206113
1988-08-25,2.244025
1988-08-26,2.216204
1988-08-29,2.152675
1988-08-30,2.111434
1988-08-31,2.112618
1988-09-01,2.122369
1988-09-02,1.959765
1988-09-06,1.992813
1988-09-07,2.029829
1988-09-08,1.979519
1988-09-09,1.998415
1988-09-12,2.009986
1988-09-13,1.991361
1988-09-14,1.962702
1988-09-15,1.957209
1988-09-16,1.981728
1988-09-19,1.998297
1988-09-20,1.964843
1988-09-21,1.962774
1988-09-22,1.993018
1988-09-23,1.981965
1988-09-26,1.983419
1988-09-27,1.992377
1988-09-28,1.983944
1988-09-29,1.896381
1988-09-30,1.880927
1988-10-03,1.889913
1988-10-04,1.905538
1988-10-05,1.874301
1988-10-06,1.836617
1988-10-07,1.812245
1988-10-11,1.835786
1988-10-12,1.898304
1988-10-13,1.914662
1988-10-14,1.875922
1988-10-17,1.887114
1988-10-18,1.887769
1988-10-19,1.911529
1988-10-20,1.910806
1988-10-21,1.919551
1988-10-24,1.919606
1988-10-25,1.931763
1988-10-26,1.93748
1988-10-27,1.881545
1988-10-28,1.87507
1988-10-31,1.829613
1988-11-01,1.815714
1988-11-02,1.826871
1988-11-03,1.795095
1988-11-04,1.82144
1988-11-07,1.842941
1988-11-08,1.825644
1988-11-09,1.824794
1988-11-10,1.791963
1988-11-14,1.724566
1988-11-15,1.697537
1988-11-16,1.723108
1988-11-17,1.755857
1988-11-18,1.736504
1988-11-21,1.695446
1988-11-22,1.689552
1988-11-23,1.696826
1988-11-25,1.675572
1988-11-28,1.692777
1988-11-29,1.707192
1988-11-30,1.723692
1988-12-01,1.687838
1988-12-02,1.710995
1988-12-05,1.653102
1988-12-06,1.591371
1988-12-07,1.545099
1988-12-08,1.524897
1988-12-09,1.553047
1988-12-12,1.54056
1988-12-13,1.540511
1988-12-14,1.543751
1988-12-15,1.540845
1988-12-16,1.550681
1988-12-19,1.524261
1988-12-20,1.51248
1988-12-21,1.49664
1988-12-22,1.479875
1988-12-23,1.465263
1988-12-27,1.493615
1988-12-28,1.523306
1988-12-29,1.5153
1988-12-30,1.504913
1989-01-03,1.571191
1989-01-04,1.596229
1989-01-05,1.596447
1989-01-06,1.529169
1989-01-09,1.526677
1989-01-10,1.535412
1989-01-11,1.566979
1989-01-12,1.484268
1989-01-13,1.435555
1989-01-17,1.427191
1989-01-18,1.372751
1989-01-19,1.386859
1989-01-20,1.386618
1989-01-23,1.386215
1989-01-24,1.36912
1989-01-25,1.346801
1989-01-26,1.321753
1989-01-27,1.340286
1989-01-30,1.33678
1989-01-31,1.325302
1989-02-01,1.337995
1989-02-02,1.335448
1989-02-03,1.295575
1989-02-06,1.258474
1989-02-07,1.230025
1989-02-08,1.249894
1989-02-09,1.403054
1989-02-10,1.452848
1989-02-13,1.453069
1989-02-14,1.44306
1989-02-15,1.425874
1989-02-16,1.43187
1989-02-17,1.449276
1989-02-21,1.450077
1989-02-22,1.474191
1989-02-23,1.462043
1989-02-24,1.461234
1989-02-27,1.426105
1989-02-28,1.381509
1989-03-01,1.433894
1989-03-02,1.393499
1989-03-03,1.378062
1989-03-06,1.349012
1989-03-07,1.316199
1989-03-08,1.299891
1989-03-09,1.285582
1989-03-10,1.300761
1989-03-13,1.302281
1989-03-14,1.268613
1989-03-15,1.267247
1989-03-16,1.261759
1989-03-17,1.356143
1989-03-20,1.28192
1989-03-21,1.244498
1989-03-22,1.241054
1989-03-23,1.238446
1989-03-27,1.224967
1989-03-28,1.194132
1989-03-29,1.190091
1989-03-30,1.193466
1989-03-31,1.186714
1989-04-03,1.204516
1989-04-04,1.230742
1989-04-05,1.23042
1989-04-06,1.232212
1989-04-07,1.273823
1989-04-10,1.254656
1989-04-11,1.281522
1989-04-12,1.275396
1989-04-13,1.255108
1989-04-14,1.273283
1989-04-17,1.279514
1989-04-18,1.262157
1989-04-19,1.265914
1989-04-20,1.279018
1989-04-21,1.265739
1989-04-24,1.262453
1989-04-25,1.284081
1989-04-26,1.296563
1989-04-27,1.337368
1989-04-28,1.342573
1989-05-01,1.3755
1989-05-02,1.352959
1989-05-03,1.334329
1989-05-04,1.361376
1989-05-05,1.373982
1989-05-08,1.405567
1989-05-09,1.430582
1989-05-10,1.446978
1989-05-11,1.475799
1989-05-12,1.388009
1989-05-15,1.328023
1989-05-16,1.3206
1989-05-17,1.277004
1989-05-18,1.199891
1989-05-19,1.158191
1989-05-22,1.097065
1989-05-23,1.12509
1989-05-24,1.140718
1989-05-25,1.124022
1989-05-26,1.106366
1989-05-30,1.112818
1989-05-31,1.114109
1989-06-01,1.115815
1989-06-02,1.175382
1989-06-05,1.168844
1989-06-06,1.138293
1989-06-07,1.109429
1989-06-08,1.112511
1989-06-09,1.007813
1989-06-12,1.002389
1989-06-13,1.015595
1989-06-14,1.013952
1989-06-15,1.049697
1989-06-16,1.054966
1989-06-19,1.069795
1989-06-20,1.034315
1989-06-21,1.043265
1989-06-22,1.060568
1989-06-23,1.032405
1989-06-26,0.989068
1989-06-27,0.951419
1989-06-28,1.02149
1989-06-29,1.042073
1989-06-30,1.105847
1989-07-03,1.157246
1989-07-05,1.206566
1989-07-06,1.195339
1989-07-07,1.192413
1989-07-10,1.162821
1989-07-11,1.192143
1989-07-12,1.20175
1989-07-13,1.181497
1989-07-14,1.203661
1989-07-17,1.163755
1989-07-18,1.167723
1989-07-19,1.168969
1989-07-20,1.153081
1989-07-21,1.119345
1989-07-24,1.120701
1989-07-25,1.133737
1989-07-26,1.125658
1989-07-27,1.134902
1989-07-28,1.157763
1989-07-31,1.118531
1989-08-01,1.090396
1989-08-02,1.073631
1989-08-03,1.0746
1989-08-04,1.068055
1989-08-07,1.023973
1989-08-08,1.051052
1989-08-09,1.058476
1989-08-10,1.065896
1989-08-11,1.084404
1989-08-14,1.12772
1989-08-15,1.125374
1989-08-16,1.111734
1989-08-17,1.086346
1989-08-18,1.077207
1989-08-21,1.124614
1989-08-22,1.125855
1989-08-23,1.084328
1989-08-24,1.073718
1989-08-25,1.082316
1989-08-28,1.105833
1989-08-29,1.071503
1989-08-30,1.08172
1989-08-31,1.121985
1989-09-01,1.078223
1989-09-05,1.047124
1989-09-06,1.040514
1989-09-07,1.066007
1989-09-08,1.064363
1989-09-11,1.09127
1989-09-12,1.129899
1989-09-13,1.169724
1989-09-14,1.174486
1989-09-15,1.15228
1989-09-18,1.127649
1989-09-19,1.113217
1989-09-20,1.10426
1989-09-21,1.121067
1989-09-22,1.130472
1989-09-25,1.178685
1989-09-26,1.121585
1989-09-27,1.130806
1989-09-28,1.123257
1989-09-29,1.090728
1989-10-02,1.056619
1989-10-03,1.073046
1989-10-04,1.051074
1989-10-05,1.01009
1989-10-06,1.047861
1989-10-10,1.062028
1989-10-11,1.080677
1989-10-12,1.078446
1989-10-13,1.107873
1989-10-16,1.123017
1989-10-17,1.145691
1989-10-18,1.164062
1989-10-19,1.097368
1989-10-20,1.093402
1989-10-23,1.062539
1989-10-24,1.051918
1989-10-25,1.064043
1989-10-26,1.062494
1989-10-27,1.075656
1989-10-30,1.048519
1989-10-31,1.05139
1989-11-01,1.037135
1989-11-02,1.022439
1989-11-03,0.976622
1989-11-06,1.00125
1989-11-07,0.990752
1989-11-08,1.036198
1989-11-09,1.054084
1989-11-10,1.051552
1989-11-13,1.054056
1989-11-14,1.086683
1989-11-15,1.093223
1989-11-16,1.079858
1989-11-17,1.128857
1989-11-20,1.120502
1989-11-21,1.091999
1989-11-22,1.110266
1989-11-24,1.113404
1989-11-27,1.058325
1989-11-28,1.030646
1989-11-29,1.039928
1989-11-30,1.03132
1989-12-01,1.030008
1989-12-04,1.016154
1989-12-05,1.024707
1989-12-06,1.005109
1989-12-07,0.987576
1989-12-08,1.007579
1989-12-11,1.003772
1989-12-12,1.011859
1989-12-13,0.99597
1989-12-14,1.013451
1989-12-15,1.022637
1989-12-18,0.985265
1989-12-19,0.997477
1989-12-20,0.996241
1989-12-21,0.99672
1989-12-22,1.010383
1989-12-26,1.094308
1989-12-27,1.063078
1989-12-28,1.056796
1989-12-29,1.087766
1990-01-02,1.109964
1990-01-03,1.131142
1990-01-04,1.131887
1990-01-05,1.161351
1990-01-08,1.190371
1990-01-09,1.188693
1990-01-10,1.193032
1990-01-11,1.193864
1990-01-12,1.232245
1990-01-16,1.248165
1990-01-17,1.232825
1990-01-18,1.238506
1990-01-19,1.207362
1990-01-22,1.235124
1990-01-23,1.216578
1990-01-24,1.282684
1990-01-25,1.304813
1990-01-26,1.358193
1990-01-29,1.351331
1990-01-30,1.354131
1990-01-31,1.296698
1990-02-01,1.282223
1990-02-02,1.306362
1990-02-05,1.332611
1990-02-06,1.352148
1990-02-07,1.349553
1990-02-08,1.337691
1990-02-09,1.247294
1990-02-12,1.305091
1990-02-13,1.315993
1990-02-14,1.314073
1990-02-15,1.323168
1990-02-16,1.350207
1990-02-20,1.450431
1990-02-21,1.441477
1990-02-22,1.381038
1990-02-23,1.407166
1990-02-26,1.360004
1990-02-27,1.326973
1990-02-28,1.385347
1990-03-01,1.403796
1990-03-02,1.362022
1990-03-05,1.425195
1990-03-06,1.381134
1990-03-07,1.37312
1990-03-08,1.329988
1990-03-09,1.360824
1990-03-12,1.341598
1990-03-13,1.386527
1990-03-14,1.339337
1990-03-15,1.33825
1990-03-16,1.303705
1990-03-19,1.310476
1990-03-20,1.214193
1990-03-21,1.219563
1990-03-22,1.275873
1990-03-23,1.277753
1990-03-26,1.259478
1990-03-27,1.259726
1990-03-28,1.267247
1990-03-29,1.315051
1990-03-30,1.363492
1990-04-02,1.373117
1990-04-03,1.385037
1990-04-04,1.324588
1990-04-05,1.334677
1990-04-06,1.330616
1990-04-09,1.34969
1990-04-10,1.353164
1990-04-11,1.370724
1990-04-12,1.382525
1990-04-16,1.414539
1990-04-17,1.482127
1990-04-18,1.539073
1990-04-19,1.548108
1990-04-20,1.589693
1990-04-23,1.593872
1990-04-24,1.601243
1990-04-25,1.597923
1990-04-26,1.591453
1990-04-27,1.599164
1990-04-30,1.556657
1990-05-01,1.562712
1990-05-02,1.540667
1990-05-03,1.535
1990-05-04,1.528258
1990-05-07,1.542508
1990-05-08,1.569921
1990-05-09,1.587836
1990-05-10,1.598162
1990-05-11,1.517872
1990-05-14,1.480363
1990-05-15,1.490566
1990-05-16,1.472203
1990-05-17,1.482727
1990-05-18,1.474926
1990-05-21,1.512206
1990-05-22,1.462834
1990-05-23,1.459222
1990-05-24,1.45826
1990-05-25,1.496044
1990-05-29,1.445616
1990-05-30,1.440173
1990-05-31,1.398056
1990-06-01,1.352334
1990-06-04,1.396685
1990-06-05,1.408027
1990-06-06,1.395027
1990-06-07,1.394282
1990-06-08,1.407302
1990-06-11,1.397647
1990-06-12,1.39041
1990-06-13,1.413812
1990-06-14,1.383444
1990-06-15,1.387589
1990-06-18,1.401948
1990-06-19,1.41587
1990-06-20,1.443956
1990-06-21,1.434001
1990-06-22,1.436819
1990-06-25,1.464146
1990-06-26,1.444572
1990-06-27,1.460255
1990-06-28,1.446851
1990-06-29,1.407409
1990-07-02,1.40359
1990-07-03,1.45684
1990-07-05,1.417266
1990-07-06,1.445673
1990-07-09,1.475046
1990-07-10,1.465387
1990-07-11,1.470942
1990-07-12,1.475703
1990-07-13,1.4898
1990-07-16,1.478669
1990-07-17,1.480774
1990-07-18,1.56419
1990-07-19,1.578044
1990-07-20,1.553194
1990-07-23,1.564227
1990-07-24,1.57758
1990-07-25,1.546741
1990-07-26,1.541407
1990-07-27,1.549708
1990-07-30,1.489049
1990-07-31,1.532119
1990-08-01,1.499129
1990-08-02,1.560444
1990-08-03,1.672717
1990-08-06,1.893321
1990-08-07,1.886124
1990-08-08,1.876396
1990-08-09,1.782761
1990-08-10,1.837382
1990-08-13,1.879201
1990-08-14,1.827037
1990-08-15,1.789969
1990-08-16,1.829966
1990-08-17,1.858426
1990-08-20,1.875005
1990-08-21,1.852377
1990-08-22,1.901307
1990-08-23,1.982067
1990-08-24,2.020699
1990-08-27,1.910717
1990-08-28,1.940007
1990-08-29,1.855273
1990-08-30,1.917301
1990-08-31,1.942756
1990-09-04,2.005081
1990-09-05,1.978197
1990-09-06,1.978909
1990-09-07,1.962696
1990-09-10,1.962436
1990-09-11,1.948497
1990-09-12,1.95307
1990-09-13,1.97657
1990-09-14,2.003018
1990-09-17,2.051639
1990-09-18,2.033773
1990-09-19,2.010811
1990-09-20,2.033799
1990-09-21,2.101979
1990-09-24,2.094635
1990-09-25,2.091658
1990-09-26,2.046297
1990-09-27,2.033685
1990-09-28,1.985614
1990-10-01,1.912449
1990-10-02,1.916198
1990-10-03,1.952609
1990-10-04,1.912154
1990-10-05,1.911597
1990-10-09,2.021609
1990-10-10,2.064564
1990-10-11,2.13378
1990-10-12,2.067008
1990-10-15,2.025269
1990-10-16,2.009058
1990-10-17,1.968805
1990-10-18,1.919855
1990-10-19,1.855541
1990-10-22,1.850181
1990-10-23,1.872995
1990-10-24,1.885625
1990-10-25,1.85992
1990-10-26,1.904815
1990-10-29,1.974439
1990-10-30,1.971012
1990-10-31,1.950429
1990-11-01,1.922192
1990-11-02,1.926621
1990-11-05,1.878831
1990-11-06,1.887101
1990-11-07,1.954885
1990-11-08,1.962767
1990-11-09,1.887669
1990-11-13,1.795347
1990-11-14,1.777037
1990-11-15,1.799575
1990-11-16,1.751472
1990-11-19,1.776271
1990-11-20,1.744224
1990-11-21,1.711012
1990-11-23,1.743313
1990-11-26,1.727174
1990-11-27,1.739856
1990-11-28,1.738012
1990-11-29,1.726477
1990-11-30,1.703593
1990-12-03,1.654286
1990-12-04,1.65806
1990-12-05,1.633307
1990-12-06,1.64476
1990-12-07,1.55889
1990-12-10,1.540121
1990-12-11,1.521551
1990-12-12,1.500857
1990-12-13,1.586873
1990-12-14,1.655903
1990-12-17,1.634996
1990-12-18,1.61145
1990-12-19,1.683443
1990-12-20,1.743312
1990-12-21,1.8197
1990-12-24,1.896976
1990-12-26,1.827416
1990-12-27,1.796368
1990-12-28,1.867288
1990-12-31,1.852107
1991-01-02,1.803916
1991-01-03,1.773469
1991-01-04,1.793503
1991-01-07,1.901634
1991-01-08,1.949086
1991-01-09,2.062257
1991-01-10,1.980162
1991-01-11,2.001478
1991-01-14,2.003421
1991-01-15,2.016544
1991-01-16,2.032927
1991-01-17,1.803298
1991-01-18,1.838402
1991-01-22,1.887605
1991-01-23,1.876368
1991-01-24,1.873343
1991-01-25,1.906454
1991-01-28,1.877101
1991-01-29,1.878863
1991-01-30,1.880888
1991-01-31,1.902695
1991-02-01,1.939331
1991-02-04,1.898358
1991-02-05,1.892186
1991-02-06,1.893202
1991-02-07,1.930087
1991-02-08,1.877215
1991-02-11,1.89121
1991-02-12,1.868087
1991-02-13,1.869943
1991-02-14,1.895944
1991-02-15,1.902017
1991-02-19,1.882313
1991-02-20,1.864503
1991-02-21,1.88059
1991-02-22,1.871614
1991-02-25,1.834963
1991-02-26,1.896385
1991-02-27,1.901021
1991-02-28,1.930688
1991-03-01,1.938246
1991-03-04,1.935774
1991-03-05,1.93816
1991-03-06,1.959595
1991-03-07,1.931631
1991-03-08,2.006657
1991-03-11,1.969817
1991-03-12,1.986461
1991-03-13,1.971203
1991-03-14,2.000988
1991-03-15,2.039505
1991-03-18,2.068218
1991-03-19,2.0471
1991-03-20,2.003928
1991-03-21,1.996891
1991-03-22,1.988022
1991-03-25,1.974438
1991-03-26,1.968097
1991-03-27,1.951445
1991-03-28,1.981193
1991-04-01,1.997006
1991-04-02,1.98314
1991-04-03,1.99667
1991-04-04,1.998409
1991-04-05,2.002368
1991-04-08,1.993624
1991-04-09,2.026923
1991-04-10,2.097415
1991-04-11,2.117405
1991-04-12,2.085383
1991-04-15,2.02755
1991-04-16,2.007566
1991-04-17,1.999483
1991-04-18,2.026929
1991-04-19,2.102665
1991-04-22,2.127814
1991-04-23,2.079253
1991-04-24,2.048598
1991-04-25,2.075991
1991-04-26,2.092763
1991-04-29,2.110906
1991-04-30,2.103087
1991-05-01,2.104769
1991-05-02,2.053102
1991-05-03,2.119693
1991-05-06,2.142246
1991-05-07,2.191452
1991-05-08,2.151782
1991-05-09,2.139292
1991-05-10,2.240452
1991-05-13,2.24965
1991-05-14,2.25528
1991-05-15,2.265942
1991-05-16,2.257449
1991-05-17,2.209173
1991-05-20,2.237731
1991-05-21,2.221784
1991-05-22,2.275412
1991-05-23,2.292139
1991-05-24,2.319886
1991-05-28,2.269105
1991-05-29,2.276325
1991-05-30,2.213789
1991-05-31,2.187843
1991-06-03,2.187029
1991-06-04,2.173693
1991-06-05,2.185788
1991-06-06,2.18907
1991-06-07,2.246238
1991-06-10,2.256819
1991-06-11,2.236886
1991-06-12,2.265163
1991-06-13,2.255912
1991-06-14,2.236317
1991-06-17,2.249703
1991-06-18,2.262407
1991-06-19,2.292456
1991-06-20,2.316521
1991-06-21,2.267928
1991-06-24,2.23994
1991-06-25,2.24916
1991-06-26,2.265378
1991-06-27,2.249797
1991-06-28,2.279393
1991-07-01,2.174785
1991-07-02,2.208249
1991-07-03,2.21765
1991-07-05,2.234628
1991-07-08,2.260234
1991-07-09,2.266586
1991-07-10,2.263358
1991-07-11,2.186812
1991-07-12,2.159075
1991-07-15,2.167481
1991-07-16,2.170698
1991-07-17,2.233834
1991-07-18,2.224355
1991-07-19,2.229469
1991-07-22,2.223637
1991-07-23,2.226215
1991-07-24,2.190447
1991-07-25,2.17971
1991-07-26,2.192924
1991-07-29,2.186014
1991-07-30,2.197592
1991-07-31,2.198821
1991-08-01,2.215171
1991-08-02,2.199861
1991-08-05,2.164971
1991-08-06,2.173693
1991-08-07,2.17041
1991-08-08,2.267423
1991-08-09,2.276286
1991-08-12,2.259821
1991-08-13,2.230984
1991-08-14,2.213114
1991-08-15,2.27724
1991-08-16,2.279217
1991-08-19,2.345838
1991-08-20,2.35808
1991-08-21,2.284843
1991-08-22,2.25884
1991-08-23,2.217266
1991-08-26,2.256714
1991-08-27,2.277569
1991-08-28,2.280597
1991-08-29,2.244495
1991-08-30,2.249891
1991-09-03,2.242342
1991-09-04,2.265825
1991-09-05,2.285723
1991-09-06,2.250157
1991-09-09,2.223294
1991-09-10,2.232399
1991-09-11,2.223376
1991-09-12,2.179219
1991-09-13,2.174267
1991-09-16,2.139046
1991-09-17,2.115639
1991-09-18,2.113011
1991-09-19,2.107625
1991-09-20,2.096539
1991-09-23,2.078419
1991-09-24,2.102035
1991-09-25,2.135947
1991-09-26,2.174958
1991-09-27,2.107508
1991-09-30,2.103139
1991-10-01,2.088036
1991-10-02,2.092059
1991-10-03,2.101307
1991-10-04,2.0708
1991-10-07,2.077944
1991-10-08,2.119753
1991-10-09,2.230362
1991-10-10,2.23509
1991-10-11,2.178016
1991-10-15,2.164481
1991-10-16,2.157877
1991-10-17,2.23527
1991-10-18,2.202306
1991-10-21,2.291964
1991-10-22,2.319995
1991-10-24,2.351912
1991-10-25,2.398169
1991-10-28,2.385961
1991-10-29,2.32399
1991-10-30,2.331659
1991-10-31,2.361458
1991-11-01,2.430893
1991-11-04,2.477601
1991-11-05,2.460985
1991-11-06,2.478763
1991-11-07,2.398703
1991-11-08,2.378249
1991-11-12,2.276282
1991-11-13,2.299143
1991-11-14,2.294253
1991-11-15,2.334951
1991-11-18,2.344693
1991-11-19,2.413273
1991-11-20,2.429925
1991-11-21,2.477501
1991-11-22,2.519328
1991-11-25,2.534241
1991-11-26,2.540294
1991-11-27,2.55183
1991-11-29,2.542479
1991-12-02,2.515649
1991-12-03,2.510485
1991-12-04,2.447313
1991-12-05,2.472358
1991-12-06,2.521886
1991-12-09,2.556886
1991-12-10,2.585435
1991-12-11,2.613252
1991-12-12,2.582351
1991-12-13,2.611442
1991-12-16,2.61891
1991-12-17,2.613241
1991-12-18,2.589308
1991-12-19,2.535779
1991-12-20,2.574921
1991-12-23,2.481434
1991-12-24,2.455441
1991-12-26,2.435667
1991-12-27,2.403836
1991-12-30,2.361931
1991-12-31,2.29284
1992-01-02,2.42287
1992-01-03,2.465405
1992-01-06,2.490065
1992-01-07,2.480547
1992-01-08,2.528818
1992-01-09,2.50559
1992-01-10,2.536519
1992-01-13,2.515484
1992-01-14,2.52721
1992-01-15,2.497388
1992-01-16,2.539923
1992-01-17,2.552018
1992-01-21,2.539174
1992-01-22,2.561517
1992-01-23,2.614213
1992-01-24,2.533778
1992-01-27,2.517361
1992-01-28,2.46461
1992-01-29,2.54795
1992-01-30,2.5564
1992-01-31,2.59578
1992-02-03,2.624092
1992-02-04,2.569806
1992-02-05,2.546032
1992-02-06,2.574826
1992-02-07,2.664279
1992-02-10,2.713436
1992-02-11,2.677296
1992-02-12,2.671932
1992-02-13,2.67774
1992-02-14,2.600492
1992-02-18,2.6842
1992-02-19,2.618992
1992-02-20,2.568457
1992-02-21,2.493159
1992-02-24,2.51614
1992-02-25,2.518657
1992-02-26,2.465104
1992-02-27,2.490096
1992-02-28,2.489623
1992-03-02,2.477346
1992-03-03,2.468037
1992-03-04,2.446818
1992-03-05,2.430126
1992-03-06,2.414111
1992-03-09,2.391758
1992-03-10,2.369543
1992-03-11,2.449032
1992-03-12,2.441965
1992-03-13,2.384633
1992-03-16,2.393951
1992-03-17,2.364086
1992-03-18,2.341038
1992-03-19,2.324326
1992-03-20,2.343574
1992-03-23,2.322538
1992-03-24,2.272324
1992-03-25,2.306996
1992-03-26,2.367572
1992-03-27,2.341306
1992-03-30,2.373976
1992-03-31,2.404227
1992-04-01,2.379817
1992-04-02,2.397722
1992-04-03,2.498366
1992-04-06,2.510841
1992-04-07,2.554547
1992-04-08,2.611842
1992-04-09,2.710424
1992-04-10,2.644026
1992-04-13,2.61818
1992-04-14,2.599495
1992-04-15,2.58442
1992-04-16,2.542409
1992-04-20,2.610484
1992-04-21,2.623972
1992-04-22,2.616712
1992-04-23,2.628251
1992-04-24,2.6427
1992-04-27,2.631937
1992-04-28,2.624048
1992-04-29,2.660784
1992-04-30,2.637761
1992-05-01,2.672769
1992-05-04,2.700548
1992-05-05,2.695261
1992-05-06,2.68193
1992-05-07,2.623204
1992-05-08,2.585716
1992-05-11,2.619813
1992-05-12,2.625415
1992-05-13,2.66526
1992-05-14,2.655989
1992-05-15,2.600293
1992-05-18,2.592069
1992-05-19,2.603689
1992-05-20,2.557404
1992-05-21,2.527223
1992-05-22,2.545418
1992-05-26,2.585014
1992-05-27,2.630311
1992-05-28,2.593927
1992-05-29,2.56542
1992-06-01,2.530363
1992-06-02,2.553332
1992-06-03,2.565432
1992-06-04,2.556624
1992-06-05,2.564275
1992-06-08,2.586717
1992-06-09,2.635069
1992-06-10,2.643722
1992-06-11,2.642835
1992-06-12,2.623586
1992-06-15,2.619492
1992-06-16,2.623404
1992-06-17,2.603293
1992-06-18,2.618498
1992-06-19,2.592734
1992-06-22,2.606647
1992-06-23,2.583926
1992-06-24,2.683993
1992-06-25,2.651957
1992-06-26,2.652417
1992-06-29,2.699767
1992-06-30,2.712301
1992-07-01,2.695652
1992-07-02,2.705929
1992-07-06,2.742667
1992-07-07,2.788908
1992-07-08,2.826802
1992-07-09,2.815065
1992-07-10,2.84665
1992-07-13,2.884796
1992-07-14,2.942993
1992-07-15,2.942431
1992-07-16,2.905492
1992-07-17,2.953312
1992-07-20,2.923565
1992-07-21,2.878323
1992-07-22,2.836786
1992-07-23,2.752388
1992-07-24,2.750783
1992-07-27,2.668118
1992-07-28,2.615871
1992-07-29,2.588477
1992-07-30,2.629316
1992-07-31,2.570151
1992-08-03,2.577992
1992-08-04,2.582733
1992-08-05,2.595856
1992-08-06,2.626435
1992-08-07,2.624809
1992-08-10,2.624663
1992-08-11,2.575877
1992-08-12,2.548803
1992-08-13,2.644119
1992-08-14,2.643264
1992-08-17,2.704999
1992-08-18,2.677945
1992-08-19,2.673533
1992-08-20,2.667755
1992-08-21,2.698027
1992-08-24,2.742723
1992-08-25,2.741859
1992-08-26,2.730417
1992-08-27,2.726665
1992-08-28,2.755238
1992-08-31,2.761473
1992-09-01,2.725355
1992-09-02,2.708062
1992-09-03,2.701661
1992-09-04,2.694535
1992-09-08,2.644258
1992-09-09,2.667166
1992-09-10,2.668926
1992-09-11,2.723007
1992-09-14,2.726891
1992-09-15,2.751848
1992-09-16,2.779698
1992-09-17,2.793581
1992-09-18,2.791933
1992-09-21,2.772764
1992-09-22,2.832462
1992-09-23,2.867906
1992-09-24,2.84255
1992-09-25,2.823242
1992-09-28,2.793841
1992-09-29,2.810399
1992-09-30,2.802994
1992-10-01,2.76736
1992-10-02,2.776393
1992-10-05,2.777565
1992-10-06,2.821705
1992-10-07,2.855114
1992-10-08,2.842257
1992-10-09,2.808727
1992-10-13,2.811989
1992-10-14,2.764383
1992-10-15,2.776725
1992-10-16,2.81941
1992-10-19,2.767058
1992-10-20,2.755649
1992-10-21,2.718965
1992-10-22,2.683556
1992-10-23,2.607579
1992-10-26,2.603832
1992-10-27,2.60539
1992-10-28,2.621221
1992-10-29,2.57521
1992-10-30,2.583061
1992-11-02,2.591451
1992-11-03,2.601494
1992-11-04,2.632405
1992-11-05,2.641038
1992-11-06,2.680298
1992-11-09,2.638685
1992-11-10,2.588686
1992-11-12,2.540362
1992-11-13,2.505982
1992-11-16,2.466602
1992-11-17,2.45525
1992-11-18,2.448149
1992-11-19,2.473237
1992-11-20,2.457879
1992-11-23,2.455111
1992-11-24,2.447715
1992-11-25,2.43578
1992-11-27,2.452775
1992-11-30,2.445719
1992-12-01,2.438552
1992-12-02,2.418178
1992-12-03,2.429497
1992-12-04,2.413191
1992-12-07,2.383336
1992-12-08,2.386935
1992-12-09,2.380146
1992-12-10,2.354406
1992-12-11,2.353294
1992-12-14,2.348993
1992-12-15,2.364125
1992-12-16,2.37207
1992-12-21,2.340286
1992-12-22,2.31624
1992-12-23,2.333664
1992-12-24,2.34964
1992-12-28,2.341292
1992-12-29,2.322748
1992-12-30,2.372219
1993-01-04,2.343556
1993-01-05,2.34248
1993-01-06,2.347109
1993-01-07,2.410254
1993-01-08,2.465924
1993-01-11,2.48937
1993-01-12,2.502491
1993-01-13,2.475821
1993-01-14,2.465427
1993-01-15,2.428119
1993-01-19,2.394007
1993-01-21,2.38769
1993-01-22,2.406705
1993-01-25,2.336844
1993-01-26,2.354376
1993-01-27,2.361598
1993-01-28,2.365828
1993-01-29,2.347999
1993-02-01,2.338358
1993-02-02,2.35822
1993-02-03,2.337223
1993-02-04,2.31339
1993-02-05,2.312594
1993-02-08,2.305139
1993-02-09,2.30631
1993-02-10,2.344319
1993-02-11,2.328433
1993-02-12,2.313863
1993-02-16,2.338721
1993-02-17,2.330494
1993-02-18,2.284951
1993-02-19,2.264827
1993-02-22,2.208109
1993-02-23,2.128066
1993-02-24,2.167332
1993-02-25,2.17948
1993-02-26,2.192045
1993-03-01,2.139861
1993-03-02,2.140232
1993-03-03,2.103873
1993-03-04,2.079411
1993-03-05,2.046753
1993-03-08,2.01272
1993-03-09,2.010317
1993-03-10,2.04195
1993-03-11,2.061192
1993-03-12,2.141017
1993-03-15,2.177992
1993-03-16,2.146053
1993-03-17,2.154368
1993-03-18,2.125078
1993-03-19,2.137627
1993-03-22,2.142367
1993-03-23,2.123803
1993-03-24,2.140678
1993-03-25,2.169273
1993-03-26,2.221868
1993-03-29,2.194176
1993-03-30,2.216129
1993-03-31,2.213473
1993-04-01,2.244918
1993-04-02,2.3111
1993-04-05,2.288719
1993-04-06,2.233301
1993-04-07,2.227905
1993-04-08,2.171896
1993-04-12,2.132125
1993-04-13,2.135324
1993-04-14,2.112409
1993-04-15,2.088807
1993-04-16,2.111807
1993-04-20,2.118851
1993-04-21,2.116465
1993-04-22,2.115125
1993-04-23,2.163549
1993-04-26,2.179858
1993-04-27,2.206029
1993-04-28,2.207622
1993-04-29,2.201611
1993-05-03,2.204854
1993-05-04,2.158857
1993-05-05,2.147809
1993-05-06,2.128808
1993-05-07,2.175051
1993-05-10,2.138465
1993-05-11,2.132232
1993-05-12,2.160834
1993-05-13,2.199269
1993-05-14,2.178849
1993-05-17,2.178503
1993-05-18,2.205903
1993-05-19,2.18626
1993-05-20,2.175078
1993-05-21,2.192442
1993-05-24,2.107822
1993-05-25,2.122214
1993-05-26,2.064112
1993-05-27,2.029446
1993-05-28,2.052436
1993-06-01,2.000142
1993-06-02,1.965155
1993-06-03,1.952425
1993-06-04,1.925376
1993-06-07,1.922867
1993-06-08,1.930109
1993-06-09,1.922002
1993-06-10,1.9228
1993-06-11,1.891933
1993-06-14,1.902998
1993-06-15,1.923489
1993-06-16,1.933378
1993-06-17,1.918294
1993-06-18,1.877676
1993-06-21,1.84176
1993-06-22,1.840511
1993-06-23,1.816996
1993-06-24,1.804709
1993-06-25,1.794422
1993-06-28,1.777013
1993-06-29,1.793325
1993-06-30,1.796146
1993-07-01,1.831002
1993-07-02,1.83394
1993-07-06,1.819469
1993-07-07,1.820454
1993-07-08,1.794327
1993-07-09,1.783183
1993-07-12,1.773036
1993-07-13,1.740037
1993-07-14,1.720765
1993-07-15,1.696026
1993-07-16,1.686856
1993-07-19,1.687494
1993-07-20,1.663949
1993-07-21,1.710097
1993-07-22,1.738897
1993-07-23,1.757536
1993-07-26,1.762136
1993-07-27,1.750764
1993-07-28,1.735971
1993-07-29,1.719351
1993-07-30,1.719426
1993-08-02,1.700138
1993-08-03,1.693234
1993-08-04,1.73205
1993-08-05,1.775223
1993-08-06,1.775588
1993-08-09,1.739196
1993-08-10,1.71873
1993-08-11,1.705273
1993-08-12,1.729419
1993-08-13,1.733155
1993-08-16,1.707935
1993-08-17,1.711233
1993-08-18,1.697437
1993-08-19,1.688547
1993-08-20,1.685117
1993-08-23,1.512446
1993-08-24,1.658518
1993-08-25,1.645548
1993-08-26,1.577371
1993-08-30,1.567139
1993-08-31,1.541127
1993-09-01,1.547603
1993-09-02,1.529758
1993-09-03,1.509577
1993-09-07,1.459113
1993-09-08,1.40326
1993-09-09,1.452459
1993-09-10,1.434893
1993-09-13,1.408048
1993-09-14,1.465131
1993-09-15,1.497571
1993-09-16,1.497519
1993-09-17,1.500561
1993-09-20,1.511564
1993-09-21,1.581874
1993-09-22,1.550458
1993-09-23,1.534647
1993-09-24,1.527112
1993-09-27,1.476822
1993-09-28,1.449273
1993-09-29,1.464395
1993-09-30,1.485599
1993-10-01,1.456288
1993-10-04,1.464815
1993-10-05,1.461813
1993-10-06,1.474827
1993-10-07,1.480398
1993-10-08,1.423625
1993-10-12,1.414552
1993-10-13,1.412812
1993-10-14,1.371254
1993-10-15,1.327803
1993-10-18,1.384253
1993-10-19,1.371246
1993-10-20,1.354802
1993-10-21,1.439472
1993-10-22,1.486425
1993-10-25,1.521711
1993-10-26,1.492476
1993-10-27,1.481016
1993-10-29,1.46289
1993-11-01,1.504233
1993-11-02,1.561682
1993-11-03,1.57886
1993-11-04,1.619677
1993-11-05,1.651459
1993-11-08,1.640608
1993-11-09,1.594455
1993-11-10,1.620102
1993-11-12,1.59297
1993-11-15,1.612937
1993-11-16,1.598245
1993-11-17,1.600687
1993-11-18,1.622687
1993-11-19,1.701827
1993-11-22,1.734457
1993-11-23,1.697067
1993-11-24,1.714653
1993-11-26,1.688868
1993-11-29,1.652928
1993-11-30,1.672784
1993-12-01,1.667742
1993-12-02,1.655919
1993-12-03,1.631133
1993-12-06,1.58508
1993-12-07,1.565431
1993-12-08,1.56918
1993-12-09,1.546362
1993-12-10,1.586049
1993-12-13,1.628305
1993-12-14,1.663912
1993-12-15,1.682858
1993-12-16,1.693118
1993-12-17,1.676354
1993-12-20,1.680717
1993-12-21,1.691613
1993-12-22,1.629895
1993-12-23,1.612587
1993-12-27,1.606876
1993-12-28,1.610296
1993-12-29,1.621578
1993-12-30,1.624849
1993-12-31,1.685721
1994-01-03,1.732897
1994-01-04,1.701076
1994-01-05,1.7232
1994-01-06,1.696291
1994-01-07,1.630035
1994-01-10,1.629755
1994-01-11,1.626616
1994-01-12,1.573309
1994-01-13,1.634616
1994-01-14,1.66061
1994-01-18,1.654137
1994-01-20,1.649549
1994-01-21,1.650627
1994-01-24,1.656735
1994-01-25,1.677373
1994-01-26,1.657563
1994-01-27,1.60183
1994-01-28,1.565959
1994-01-31,1.567061
1994-02-01,1.605325
1994-02-02,1.598217
1994-02-03,1.590369
1994-02-04,1.647164
1994-02-07,1.611405
1994-02-08,1.646554
1994-02-09,1.627346
1994-02-10,1.617856
1994-02-11,1.601303
1994-02-14,1.629672
1994-02-15,1.616916
1994-02-16,1.625456
1994-02-17,1.684116
1994-02-18,1.740059
1994-02-22,1.705216
1994-02-23,1.715896
1994-02-24,1.790687
1994-02-25,1.779161
1994-02-28,1.774958
1994-03-01,1.815081
1994-03-02,1.806638
1994-03-03,1.830047
1994-03-04,1.79963
1994-03-07,1.776141
1994-03-08,1.769344
1994-03-09,1.773612
1994-03-10,1.880651
1994-03-11,1.830383
1994-03-14,1.850593
1994-03-15,1.815427
1994-03-16,1.772365
1994-03-17,1.781185
1994-03-18,1.821855
1994-03-21,1.810688
1994-03-22,1.755952
1994-03-23,1.773285
1994-03-24,1.871941
1994-03-25,1.887544
1994-03-28,1.87781
1994-03-29,1.937653
1994-03-30,1.990394
1994-03-31,1.983184
1994-04-04,2.148662
1994-04-05,2.01881
1994-04-06,2.012342
1994-04-07,2.000256
1994-04-08,2.012144
1994-04-11,1.999205
1994-04-12,1.99814
1994-04-13,2.054876
1994-04-14,2.079523
1994-04-15,2.029729
1994-04-18,2.068933
1994-04-19,2.007919
1994-04-20,1.995547
1994-04-21,1.875418
1994-04-22,1.88229
1994-04-25,1.787002
1994-04-26,1.801551
1994-04-28,1.865175
1994-04-29,1.927018
1994-05-02,1.930577
1994-05-03,1.890117
1994-05-04,1.874694
1994-05-05,1.868668
1994-05-06,1.942782
1994-05-09,1.989144
1994-05-10,1.873643
1994-05-11,1.970088
1994-05-12,1.979202
1994-05-13,2.01842
1994-05-16,1.974886
1994-05-17,1.841732
1994-05-18,1.825923
1994-05-19,1.802314
1994-05-20,1.806144
1994-05-23,1.891088
1994-05-24,1.861161
1994-05-25,1.820429
1994-05-26,1.85023
1994-05-27,1.834455
1994-05-31,1.88619
1994-06-01,1.85667
1994-06-02,1.840121
1994-06-03,1.772603
1994-06-06,1.709445
1994-06-07,1.735003
1994-06-08,1.759118
1994-06-09,1.768398
1994-06-10,1.809029
1994-06-13,1.775305
1994-06-14,1.779447
1994-06-15,1.854738
1994-06-16,1.831039
1994-06-17,1.895113
1994-06-20,1.874737
1994-06-21,1.893714
1994-06-22,1.807275
1994-06-23,1.845939
1994-06-24,1.899023
1994-06-27,1.861979
1994-06-28,1.919511
1994-06-29,1.941766
1994-06-30,2.029499
1994-07-01,1.996728
1994-07-05,1.948829
1994-07-06,1.989787
1994-07-07,1.980854
1994-07-11,2.022999
1994-07-12,1.984216
1994-07-13,1.976246
1994-07-14,1.893179
1994-07-15,1.920273
1994-07-18,1.877927
1994-07-19,1.884131
1994-07-20,1.907111
1994-07-21,1.885814
1994-07-22,1.888526
1994-07-25,1.846684
1994-07-26,1.871212
1994-07-27,1.88704
1994-07-28,1.893197
1994-07-29,1.815148
1994-08-01,1.806161
1994-08-02,1.788841
1994-08-03,1.79371
1994-08-04,1.823148
1994-08-05,1.813612
1994-08-08,1.810183
1994-08-09,1.843453
1994-08-10,1.849175
1994-08-11,1.889835
1994-08-12,1.931868
1994-08-15,1.829815
1994-08-16,1.746036
1994-08-17,1.737601
1994-08-18,1.805781
1994-08-19,1.790466
1994-08-22,1.826106
1994-08-23,1.821825
1994-08-24,1.792906
1994-08-25,1.839827
1994-08-26,1.806666
1994-08-29,1.803721
1994-08-30,1.777345
1994-08-31,1.76898
1994-09-01,1.761425
1994-09-02,1.779758
1994-09-06,1.818948
1994-09-07,1.849594
1994-09-08,1.852912
1994-09-09,1.931351
1994-09-12,1.923064
1994-09-13,1.922717
1994-09-14,1.901677
1994-09-15,1.892845
1994-09-16,1.979015
1994-09-19,1.952062
1994-09-20,1.959353
1994-09-21,1.947724
1994-09-22,1.935525
1994-09-23,1.925749
1994-09-26,1.908103
1994-09-27,1.927507
1994-09-28,1.923748
1994-09-29,1.921575
1994-09-30,1.888192
1994-10-03,1.84784
1994-10-04,1.886422
1994-10-05,1.927221
1994-10-06,1.916828
1994-10-11,1.850585
1994-10-12,1.868115
1994-10-13,1.847965
1994-10-14,1.865322
1994-10-17,1.880034
1994-10-18,1.884439
1994-10-19,1.915754
1994-10-20,1.95272
1994-10-21,1.93803
1994-10-24,1.929053
1994-10-25,1.936826
1994-10-26,1.973034
1994-10-27,1.968428
1994-10-28,1.944369
1994-10-31,1.915143
1994-11-01,1.954831
1994-11-02,1.965903
1994-11-03,1.954845
1994-11-04,1.971307
1994-11-07,1.961642
1994-11-08,1.956387
1994-11-09,1.910599
1994-11-10,1.899232
1994-11-14,1.889349
1994-11-15,1.806719
1994-11-16,1.864426
1994-11-17,1.866113
1994-11-18,1.811771
1994-11-21,1.809717
1994-11-22,1.79114
1994-11-23,1.676127
1994-11-25,1.664154
1994-11-28,1.618253
1994-11-29,1.665436
1994-11-30,1.623369
1994-12-01,1.63078
1994-12-02,1.517269
1994-12-05,1.467051
1994-12-06,1.418526
1994-12-07,1.467989
1994-12-08,1.44357
1994-12-09,1.436436
1994-12-12,1.443326
1994-12-13,1.387127
1994-12-14,1.411219
1994-12-15,1.407782
1994-12-16,1.394842
1994-12-19,1.395035
1994-12-20,1.421294
1994-12-21,1.399521
1994-12-22,1.377916
1994-12-23,1.333691
1994-12-27,1.289295
1994-12-28,1.350788
1994-12-29,1.384191
1994-12-30,1.402895
1995-01-03,1.433306
1995-01-04,1.399386
1995-01-05,1.439304
1995-01-06,1.415219
1995-01-09,1.452808
1995-01-10,1.435605
1995-01-11,1.447159
1995-01-12,1.472079
1995-01-13,1.434147
1995-01-17,1.416304
1995-01-18,1.405604
1995-01-19,1.445755
1995-01-20,1.450787
1995-01-23,1.481395
1995-01-24,1.492186
1995-01-25,1.462507
1995-01-26,1.452074
1995-01-27,1.401519
1995-01-30,1.408233
1995-01-31,1.361132
1995-02-01,1.397945
1995-02-02,1.375409
1995-02-03,1.333408
1995-02-06,1.320199
1995-02-07,1.339059
1995-02-08,1.352172
1995-02-09,1.351229
1995-02-10,1.385798
1995-02-13,1.374896
1995-02-14,1.364734
1995-02-16,1.37047
1995-02-17,1.35103
1995-02-21,1.360069
1995-02-22,1.370766
1995-02-23,1.403128
1995-02-24,1.405211
1995-02-27,1.382621
1995-02-28,1.338168
1995-03-01,1.31454
1995-03-02,1.33457
1995-03-03,1.394459
1995-03-06,1.403046
1995-03-07,1.416938
1995-03-08,1.35138
1995-03-09,1.343205
1995-03-10,1.273222
1995-03-13,1.280103
1995-03-14,1.192427
1995-03-15,1.220141
1995-03-16,1.214506
1995-03-17,1.252554
1995-03-21,1.311812
1995-03-22,1.347041
1995-03-23,1.340833
1995-03-24,1.301358
1995-03-27,1.24419
1995-03-28,1.279445
1995-03-29,1.291874
1995-03-30,1.315087
1995-03-31,1.31383
1995-04-03,1.273765
1995-04-04,1.242447
1995-04-05,1.261306
1995-04-06,1.272883
1995-04-07,1.296631
1995-04-10,1.279643
1995-04-11,1.269516
1995-04-12,1.253587
1995-04-13,1.267207
1995-04-17,1.2961
1995-04-18,1.348477
1995-04-19,1.311274
1995-04-20,1.301628
1995-04-21,1.289948
1995-04-24,1.245819
1995-04-25,1.247905
1995-04-26,1.233055
1995-04-27,1.225766
1995-04-28,1.222284
1995-05-01,1.226556
1995-05-02,1.242749
1995-05-03,1.213756
1995-05-04,1.147746
1995-05-05,1.097999
1995-05-08,1.102504
1995-05-09,1.064408
1995-05-10,1.095141
1995-05-11,1.070828
1995-05-12,1.064563
1995-05-15,1.039345
1995-05-16,0.983793
1995-05-17,0.980729
1995-05-18,1.007564
1995-05-19,1.004143
1995-05-22,1.005202
1995-05-23,0.99614
1995-05-24,0.938274
1995-05-25,0.9453
1995-05-26,0.964582
1995-05-30,0.921705
1995-05-31,0.933394
1995-06-01,0.896049
1995-06-02,0.882798
1995-06-05,0.86639
1995-06-06,0.873679
1995-06-07,0.831934
1995-06-08,0.821592
1995-06-09,0.903284
1995-06-12,0.934075
1995-06-13,0.891918
1995-06-14,0.887143
1995-06-15,0.8734
1995-06-16,0.889892
1995-06-19,0.864013
1995-06-20,0.864074
1995-06-21,0.882917
1995-06-22,0.815647
1995-06-23,0.831434
1995-06-26,0.858177
1995-06-27,0.8673
1995-06-28,0.845141
1995-06-29,0.898035
1995-06-30,0.894221
1995-07-03,0.896597
1995-07-05,0.882451
1995-07-06,0.887911
1995-07-07,0.85323
1995-07-10,0.855962
1995-07-11,0.879681
1995-07-12,0.883618
1995-07-13,0.885984
1995-07-14,0.884269
1995-07-17,0.925039
1995-07-18,0.969418
1995-07-19,1.062868
1995-07-20,1.043756
1995-07-21,1.099603
1995-07-24,1.025533
1995-07-25,1.008843
1995-07-26,1.051824
1995-07-27,1.050698
1995-07-28,1.078259
1995-07-31,1.061569
1995-08-01,1.084832
1995-08-02,1.062545
1995-08-03,1.095215
1995-08-04,1.085232
1995-08-07,1.086845
1995-08-08,1.074778
1995-08-09,1.091336
1995-08-10,1.114547
1995-08-11,1.136272
1995-08-14,1.142781
1995-08-15,1.084723
1995-08-16,1.06432
1995-08-17,1.066172
1995-08-18,1.066496
1995-08-21,1.059393
1995-08-22,1.080141
1995-08-23,1.086053
1995-08-24,1.06516
1995-08-25,0.987456
1995-08-28,1.009887
1995-08-29,0.97725
1995-08-30,0.981443
1995-08-31,0.947812
1995-09-01,0.923123
1995-09-05,0.894682
1995-09-06,0.901226
1995-09-07,0.907285
1995-09-08,0.902995
1995-09-11,0.909764
1995-09-12,0.876846
1995-09-13,0.889932
1995-09-14,0.884484
1995-09-15,0.882536
1995-09-18,0.924129
1995-09-19,0.896292
1995-09-20,0.869864
1995-09-21,0.912928
1995-09-22,0.932446
1995-09-25,0.917861
1995-09-26,0.916503
1995-09-27,0.940772
1995-09-28,0.898523
1995-09-29,0.823759
1995-10-02,0.839181
1995-10-03,0.814622
1995-10-04,0.81394
1995-10-05,0.803058
1995-10-06,0.78596
1995-10-10,0.787968
1995-10-11,0.781695
1995-10-12,0.764299
1995-10-13,0.681399
1995-10-16,0.701606
1995-10-17,0.699304
1995-10-18,0.711511
1995-10-19,0.704331
1995-10-20,0.74125
1995-10-23,0.740798
1995-10-24,0.694947
1995-10-25,0.718715
1995-10-26,0.798679
1995-10-27,0.756188
1995-10-30,0.781295
1995-10-31,0.761695
1995-11-01,0.749142
1995-11-02,0.714213
1995-11-03,0.722136
1995-11-06,0.725689
1995-11-07,0.732446
1995-11-08,0.699956
1995-11-09,0.747367
1995-11-10,0.763339
1995-11-13,0.739329
1995-11-14,0.741264
1995-11-15,0.758318
1995-11-16,0.709002
1995-11-17,0.731823
1995-11-20,0.730669
1995-11-21,0.755384
1995-11-22,0.764011
1995-11-24,0.761313
1995-11-27,0.727054
1995-11-28,0.713687
1995-11-29,0.696652
1995-11-30,0.670926
1995-12-01,0.649473
1995-12-04,0.593147
1995-12-05,0.582879
1995-12-06,0.582006
1995-12-07,0.617124
1995-12-08,0.629522
1995-12-11,0.597077
1995-12-12,0.601895
1995-12-13,0.609717
1995-12-14,0.633335
1995-12-15,0.652261
1995-12-18,0.707142
1995-12-19,0.688618
1995-12-20,0.674348
1995-12-21,0.679542
1995-12-22,0.651282
1995-12-26,0.660977
1995-12-27,0.649537
1995-12-28,0.638823
1995-12-29,0.620176
1996-01-02,0.617535
1996-01-03,0.653185
1996-01-04,0.683357
1996-01-05,0.705205
1996-01-08,0.676065
1996-01-09,0.699744
1996-01-10,0.782673
1996-01-11,0.776422
1996-01-12,0.786484
1996-01-16,0.750867
1996-01-17,0.685674
1996-01-18,0.677642
1996-01-19,0.672194
1996-01-22,0.711964
1996-01-23,0.742122
1996-01-24,0.714893
1996-01-25,0.755273
1996-01-26,0.73012
1996-01-29,0.758831
1996-01-30,0.742503
1996-01-31,0.759884
1996-02-01,0.792046
1996-02-02,0.859486
1996-02-05,0.850837
1996-02-06,0.838997
1996-02-07,0.868411
1996-02-08,0.881591
1996-02-09,0.900483
1996-02-12,0.868758
1996-02-13,0.867768
1996-02-14,0.894798
1996-02-15,0.947735
1996-02-16,1.003825
1996-02-20,1.095599
1996-02-21,1.07219
1996-02-22,1.068307
1996-02-23,1.117585
1996-02-26,1.120488
1996-02-27,1.104032
1996-02-28,1.096168
1996-02-29,1.077826
1996-03-01,1.046164
1996-03-04,1.02929
1996-03-05,1.030832
1996-03-06,1.074211
1996-03-07,1.060006
1996-03-08,1.197961
1996-03-11,1.159549
1996-03-12,1.158347
1996-03-13,1.193167
1996-03-14,1.222603
1996-03-15,1.186688
1996-03-18,1.135043
1996-03-19,1.151118
1996-03-20,1.162923
1996-03-21,1.140513
1996-03-22,1.139955
1996-03-25,1.083904
1996-03-26,1.063766
1996-03-27,1.114562
1996-03-28,1.155079
1996-03-29,1.147231
1996-04-01,1.097245
1996-04-02,1.071042
1996-04-03,1.074988
1996-04-04,1.138923
1996-04-05,1.216624
1996-04-08,1.238866
1996-04-09,1.239454
1996-04-10,1.281906
1996-04-11,1.300987
1996-04-12,1.387286
1996-04-15,1.249914
1996-04-16,1.233687
1996-04-17,1.257079
1996-04-18,1.261447
1996-04-19,1.281013
1996-04-22,1.210465
1996-04-23,1.216378
1996-04-24,1.229488
1996-04-25,1.226213
1996-04-26,1.204466
1996-04-29,1.242012
1996-04-30,1.270242
1996-05-01,1.310761
1996-05-02,1.392565
1996-05-03,1.449005
1996-05-06,1.429836
1996-05-07,1.44101
1996-05-08,1.376677
1996-05-09,1.396187
1996-05-10,1.335603
1996-05-13,1.287626
1996-05-14,1.277375
1996-05-15,1.2774
1996-05-16,1.294822
1996-05-17,1.254956
1996-05-20,1.246152
1996-05-21,1.260731
1996-05-22,1.241676
1996-05-23,1.261011
1996-05-24,1.230105
1996-05-28,1.226425
1996-05-29,1.257218
1996-05-30,1.257637
1996-05-31,1.312126
1996-06-03,1.322866
1996-06-04,1.316756
1996-06-05,1.275475
1996-06-06,1.262699
1996-06-07,1.316691
1996-06-10,1.34103
1996-06-11,1.389009
1996-06-12,1.435403
1996-06-13,1.400472
1996-06-14,1.361162
1996-06-17,1.343405
1996-06-18,1.362923
1996-06-19,1.36253
1996-06-20,1.349332
1996-06-21,1.363099
1996-06-24,1.338833
1996-06-25,1.297271
1996-06-26,1.286409
1996-06-27,1.258976
1996-06-28,1.214936
1996-07-01,1.188335
1996-07-02,1.175068
1996-07-03,1.211592
1996-07-05,1.352677
1996-07-08,1.352014
1996-07-09,1.308524
1996-07-10,1.296638
1996-07-11,1.306324
1996-07-12,1.258166
1996-07-15,1.259138
1996-07-16,1.273122
1996-07-17,1.234658
1996-07-18,1.161123
1996-07-19,1.231819
1996-07-22,1.226551
1996-07-23,1.215778
1996-07-24,1.24357
1996-07-25,1.24328
1996-07-26,1.232178
1996-07-29,1.256692
1996-07-30,1.219532
1996-07-31,1.18408
1996-08-01,1.130214
1996-08-02,1.085561
1996-08-05,1.074064
1996-08-06,1.081385
1996-08-07,1.074034
1996-08-08,1.090387
1996-08-09,1.066852
1996-08-12,1.076248
1996-08-13,1.123782
1996-08-14,1.125121
1996-08-15,1.157154
1996-08-16,1.120047
1996-08-19,1.142654
1996-08-20,1.134995
1996-08-21,1.167729
1996-08-22,1.176756
1996-08-23,1.210333
1996-08-27,1.260515
1996-08-28,1.290247
1996-08-29,1.308821
1996-08-30,1.377774
1996-09-03,1.289423
1996-09-04,1.302956
1996-09-05,1.36101
1996-09-06,1.353727
1996-09-09,1.314378
1996-09-10,1.354663
1996-09-11,1.327616
1996-09-12,1.318858
1996-09-13,1.281471
1996-09-16,1.261966
1996-09-17,1.273031
1996-09-18,1.262611
1996-09-19,1.263685
1996-09-20,1.27214
1996-09-23,1.258598
1996-09-24,1.273004
1996-09-25,1.232842
1996-09-26,1.210886
1996-09-27,1.237093
1996-09-30,1.241578
1996-10-01,1.209039
1996-10-02,1.198462
1996-10-03,1.195273
1996-10-04,1.138603
1996-10-07,1.160103
1996-10-08,1.152355
1996-10-09,1.17432
1996-10-10,1.206236
1996-10-11,1.16611
1996-10-15,1.175066
1996-10-16,1.151887
1996-10-17,1.124226
1996-10-18,1.101416
1996-10-21,1.106468
1996-10-22,1.126739
1996-10-23,1.118746
1996-10-24,1.137317
1996-10-25,1.119502
1996-10-28,1.115157
1996-10-29,1.053174
1996-10-30,1.048343
1996-10-31,1.031794
1996-11-01,1.031009
1996-11-04,1.015216
1996-11-05,0.965308
1996-11-06,0.973071
1996-11-07,0.919201
1996-11-08,0.939764
1996-11-12,0.894549
1996-11-13,0.911825
1996-11-14,1.062253
1996-11-15,0.921506
1996-11-18,0.924371
1996-11-19,0.901376
1996-11-20,0.870868
1996-11-21,0.869117
1996-11-22,0.875435
1996-11-25,0.87108
1996-11-26,0.880433
1996-11-27,0.889753
1996-11-29,0.841181
1996-12-02,0.844076
1996-12-03,0.838288
1996-12-04,0.873985
1996-12-05,0.966378
1996-12-06,0.983756
1996-12-09,0.974969
1996-12-10,0.941063
1996-12-11,1.029196
1996-12-12,1.06455
1996-12-13,1.039102
1996-12-16,1.060374
1996-12-17,1.031987
1996-12-18,1.037948
1996-12-19,0.972401
1996-12-20,0.961383
1996-12-23,0.937752
1996-12-24,0.944306
1996-12-26,0.946175
1996-12-27,0.916584
1996-12-30,0.920462
1996-12-31,0.992798
1997-01-02,1.072963
1997-01-03,1.055496
1997-01-06,1.079145
1997-01-07,1.098155
1997-01-08,1.107476
1997-01-09,1.062318
1997-01-10,1.112744
1997-01-13,1.107226
1997-01-14,1.050303
1997-01-15,1.069379
1997-01-16,1.097132
1997-01-17,1.079001
1997-01-21,1.041689
1997-01-22,1.07439
1997-01-23,1.086291
1997-01-24,1.133156
1997-01-27,1.161281
1997-01-28,1.137435
1997-01-29,1.125843
1997-01-30,1.113903
1997-01-31,1.069075
1997-02-03,1.046345
1997-02-04,1.033138
1997-02-05,1.055663
1997-02-06,1.059289
1997-02-07,1.036175
1997-02-10,1.025401
1997-02-11,1.025082
1997-02-13,0.97957
1997-02-14,0.949784
1997-02-18,0.959437
1997-02-19,0.975011
1997-02-20,1.026585
1997-02-21,1.017179
1997-02-24,1.026688
1997-02-25,1.023119
1997-02-26,1.088118
1997-02-27,1.079274
1997-02-28,1.056568
1997-03-03,1.081035
1997-03-04,1.102495
1997-03-05,1.10111
1997-03-06,1.119606
1997-03-07,1.08819
1997-03-10,1.086552
1997-03-11,1.097573
1997-03-12,1.113479
1997-03-13,1.162121
1997-03-14,1.157096
1997-03-17,1.151876
1997-03-18,1.143271
1997-03-19,1.150763
1997-03-20,1.121346
1997-03-21,1.104295
1997-03-24,1.091335
1997-03-25,1.076158
1997-03-26,1.110863
1997-03-27,1.200357
1997-03-31,1.20958
1997-04-01,1.221977
1997-04-02,1.199217
1997-04-03,1.208514
1997-04-04,1.22325
1997-04-07,1.180696
1997-04-08,1.204999
1997-04-09,1.211129
1997-04-10,1.202884
1997-04-11,1.240195
1997-04-14,1.230552
1997-04-15,1.161566
1997-04-16,1.172391
1997-04-17,1.151925
1997-04-18,1.157131
1997-04-21,1.186984
1997-04-22,1.182318
1997-04-23,1.197191
1997-04-24,1.209937
1997-04-25,1.200327
1997-04-28,1.179157
1997-04-29,1.143926
1997-04-30,1.119842
1997-05-01,1.127969
1997-05-02,1.101926
1997-05-05,1.067715
1997-05-06,1.05504
1997-05-07,1.106096
1997-05-08,1.088488
1997-05-09,1.081883
1997-05-12,1.078138
1997-05-13,1.086282
1997-05-14,1.098567
1997-05-15,1.106525
1997-05-16,1.109743
1997-05-19,1.068883
1997-05-20,1.099412
1997-05-21,1.157248
1997-05-22,1.165244
1997-05-23,1.132726
1997-05-27,1.159684
1997-05-28,1.177635
1997-05-29,1.154462
1997-05-30,1.133425
1997-06-02,1.140126
1997-06-03,1.118341
1997-06-04,1.091875
1997-06-05,1.071918
1997-06-06,0.999476
1997-06-09,1.024277
1997-06-10,1.034803
1997-06-11,1.04031
1997-06-12,1.022216
1997-06-13,0.998053
1997-06-16,0.97478
1997-06-17,0.993039
1997-06-18,0.976185
1997-06-19,0.969015
1997-06-20,0.953731
1997-06-23,0.963042
1997-06-24,0.964835
1997-06-25,0.995944
1997-06-26,1.030016
1997-06-27,1.036008
1997-06-30,1.030107
1997-07-01,0.993855
1997-07-02,0.972673
1997-07-03,0.912641
1997-07-07,0.884535
1997-07-08,0.888056
1997-07-09,0.874931
1997-07-10,0.878604
1997-07-11,0.855299
1997-07-14,0.860089
1997-07-15,0.862293
1997-07-16,0.81722
1997-07-17,0.818355
1997-07-18,0.850826
1997-07-21,0.855042
1997-07-22,0.791966
1997-07-23,0.787868
1997-07-24,0.796135
1997-07-25,0.808851
1997-07-28,0.800273
1997-07-29,0.764311
1997-07-30,0.749218
1997-07-31,0.729549
1997-08-01,0.817999
1997-08-04,0.814765
1997-08-05,0.816965
1997-08-06,0.804521
1997-08-07,0.818536
1997-08-08,0.945199
1997-08-11,0.949374
1997-08-12,0.961627
1997-08-13,0.945881
1997-08-14,0.896505
1997-08-15,0.918979
1997-08-18,0.895186
1997-08-19,0.880904
1997-08-20,0.887105
1997-08-21,0.924423
1997-08-22,0.97885
1997-08-25,0.978339
1997-08-26,0.995088
1997-08-27,0.972307
1997-08-28,0.911509
1997-08-29,0.944785
1997-09-02,0.929718
1997-09-03,0.950135
1997-09-04,0.956963
1997-09-05,0.991145
1997-09-08,0.963636
1997-09-09,0.978297
1997-09-10,1.003611
1997-09-11,1.026336
1997-09-12,0.975853
1997-09-15,0.958839
1997-09-16,0.843867
1997-09-17,0.843684
1997-09-18,0.836442
1997-09-19,0.821992
1997-09-22,0.802002
1997-09-23,0.822555
1997-09-24,0.799096
1997-09-25,0.858254
1997-09-26,0.813797
1997-09-29,0.832945
1997-09-30,0.834308
1997-10-01,0.793168
1997-10-02,0.774412
1997-10-03,0.784272
1997-10-06,0.776832
1997-10-07,0.761133
1997-10-08,0.839033
1997-10-09,0.83964
1997-10-10,0.878585
1997-10-14,0.822289
1997-10-15,0.844386
1997-10-16,0.840677
1997-10-17,0.865139
1997-10-20,0.841888
1997-10-21,0.821435
1997-10-22,0.815452
1997-10-23,0.767794
1997-10-24,0.744263
1997-10-27,0.732948
1997-10-28,0.726186
1997-10-29,0.693955
1997-10-30,0.653188
1997-10-31,0.639735
1997-11-03,0.665982
1997-11-04,0.68558
1997-11-05,0.665453
1997-11-06,0.634483
1997-11-07,0.619698
1997-11-10,0.607682
1997-11-12,0.608552
1997-11-13,0.601106
1997-11-14,0.592875
1997-11-17,0.577807
1997-11-18,0.56598
1997-11-19,0.530742
1997-11-20,0.536491
1997-11-21,0.550477
1997-11-24,0.555064
1997-11-25,0.53773
1997-11-26,0.525617
1997-11-28,0.505216
1997-12-01,0.538823
1997-12-02,0.532251
1997-12-03,0.513293
1997-12-04,0.522094
1997-12-05,0.537381
1997-12-08,0.554597
1997-12-09,0.562464
1997-12-10,0.560603
1997-12-11,0.531296
1997-12-12,0.476986
1997-12-15,0.487878
1997-12-16,0.477013
1997-12-17,0.489181
1997-12-18,0.448628
1997-12-19,0.436935
1997-12-22,0.392267
1997-12-23,0.406884
1997-12-24,0.428778
1997-12-26,0.414092
1997-12-29,0.429028
1997-12-30,0.47024
1997-12-31,0.459934
1998-01-02,0.409326
1998-01-05,0.369986
1998-01-06,0.383197
1998-01-07,0.437619
1998-01-08,0.451572
1998-01-09,0.473083
1998-01-12,0.42771
1998-01-13,0.422771
1998-01-14,0.443608
1998-01-15,0.458867
1998-01-16,0.482258
1998-01-20,0.496521
1998-01-21,0.487639
1998-01-22,0.544844
1998-01-23,0.608203
1998-01-26,0.554203
1998-01-27,0.551139
1998-01-28,0.55141
1998-01-29,0.494993
1998-01-30,0.488984
1998-02-02,0.513616
1998-02-03,0.520329
1998-02-04,0.533676
1998-02-05,0.578723
1998-02-06,0.55221
1998-02-09,0.562729
1998-02-10,0.545706
1998-02-11,0.486511
1998-02-12,0.49898
1998-02-13,0.484647
1998-02-17,0.450775
1998-02-18,0.473552
1998-02-19,0.484463
1998-02-20,0.495174
1998-02-23,0.501308
1998-02-24,0.542614
1998-02-25,0.485733
1998-02-26,0.487078
1998-02-27,0.477053
1998-03-02,0.544717
1998-03-03,0.578314
1998-03-04,0.562809
1998-03-05,0.603834
1998-03-06,0.570319
1998-03-09,0.534208
1998-03-10,0.533384
1998-03-11,0.509886
1998-03-12,0.460978
1998-03-13,0.47609
1998-03-16,0.457925
1998-03-17,0.466825
1998-03-18,0.476449
1998-03-19,0.472869
1998-03-20,0.462594
1998-03-23,0.456167
1998-03-24,0.445667
1998-03-25,0.467955
1998-03-26,0.473773
1998-03-27,0.469365
1998-03-30,0.497273
1998-03-31,0.486801
1998-04-01,0.467198
1998-04-02,0.44382
1998-04-03,0.415611
1998-04-06,0.420683
1998-04-07,0.441176
1998-04-08,0.479722
1998-04-09,0.459287
1998-04-13,0.482986
1998-04-14,0.474376
1998-04-15,0.499189
1998-04-16,0.501814
1998-04-17,0.505546
1998-04-20,0.538419
1998-04-21,0.560243
1998-04-22,0.568854
1998-04-23,0.566753
1998-04-24,0.540649
1998-04-27,0.615267
1998-04-28,0.62912
1998-04-29,0.635529
1998-04-30,0.588277
1998-05-01,0.558532
1998-05-04,0.549405
1998-05-05,0.569386
1998-05-06,0.559922
1998-05-07,0.573468
1998-05-08,0.578387
1998-05-11,0.61399
1998-05-12,0.549774
1998-05-13,0.524828
1998-05-14,0.543392
1998-05-15,0.524711
1998-05-18,0.476383
1998-05-19,0.528911
1998-05-20,0.481024
1998-05-21,0.469975
1998-05-22,0.447837
1998-05-26,0.452686
1998-05-27,0.465288
1998-05-28,0.446633
1998-05-29,0.472043
1998-06-01,0.456913
1998-06-02,0.467538
1998-06-03,0.453065
1998-06-04,0.475066
1998-06-05,0.441878
1998-06-08,0.438622
1998-06-09,0.441196
1998-06-10,0.383231
1998-06-11,0.364869
1998-06-12,0.378096
1998-06-15,0.344588
1998-06-16,0.371788
1998-06-17,0.423613
1998-06-18,0.39911
1998-06-19,0.39376
1998-06-22,0.37601
1998-06-23,0.364587
1998-06-24,0.381872
1998-06-25,0.380926
1998-06-26,0.352106
1998-06-29,0.37823
1998-06-30,0.363409
1998-07-01,0.38169
1998-07-02,0.33966
1998-07-06,0.337774
1998-07-07,0.331037
1998-07-08,0.344452
1998-07-09,0.335183
1998-07-10,0.344927
1998-07-13,0.368035
1998-07-14,0.389517
1998-07-15,0.391612
1998-07-16,0.400116
1998-07-17,0.420553
1998-07-20,0.391068
1998-07-21,0.351181
1998-07-22,0.371653
1998-07-23,0.351741
1998-07-24,0.352683
1998-07-27,0.376168
1998-07-28,0.408319
1998-07-29,0.410388
1998-07-30,0.395659
1998-07-31,0.393622
1998-08-03,0.354132
1998-08-04,0.341417
1998-08-05,0.354985
1998-08-06,0.372553
1998-08-07,0.350457
1998-08-10,0.347535
1998-08-11,0.339245
1998-08-12,0.345547
1998-08-13,0.351466
1998-08-14,0.32621
1998-08-17,0.340118
1998-08-18,0.339483
1998-08-19,0.347311
1998-08-20,0.313823
1998-08-21,0.302519
1998-08-24,0.311788
1998-08-25,0.298882
1998-08-26,0.365038
1998-08-27,0.294167
1998-08-28,0.299096
1998-08-31,0.257112
1998-09-01,0.299872
1998-09-02,0.283777
1998-09-03,0.248604
1998-09-04,0.231188
1998-09-08,0.286644
1998-09-09,0.279016
1998-09-10,0.26859
1998-09-11,0.259601
1998-09-14,0.265155
1998-09-15,0.285898
1998-09-16,0.247561
1998-09-17,0.225586
1998-09-18,0.214217
1998-09-21,0.182896
1998-09-22,0.191706
1998-09-23,0.221634
1998-09-24,0.247297
1998-09-25,0.241128
1998-09-28,0.249443
1998-09-29,0.213018
1998-09-30,0.180673
1998-10-01,0.169415
1998-10-02,0.132101
1998-10-05,0.089412
1998-10-06,0.115806
1998-10-07,0.209933
1998-10-08,0.418086
1998-10-09,0.580632
1998-10-13,0.576981
1998-10-14,0.458819
1998-10-15,0.454751
1998-10-16,0.50481
1998-10-19,0.515784
1998-10-20,0.56359
1998-10-21,0.54131
1998-10-22,0.549506
1998-10-23,0.576845
1998-10-26,0.483835
1998-10-27,0.464185
1998-10-28,0.461929
1998-10-29,0.426066
1998-10-30,0.442147
1998-11-02,0.474249
1998-11-03,0.465224
1998-11-04,0.461857
1998-11-05,0.440264
1998-11-06,0.479172
1998-11-09,0.39862
1998-11-10,0.387017
1998-11-12,0.384244
1998-11-13,0.389004
1998-11-16,0.403244
1998-11-17,0.436461
1998-11-18,0.369819
1998-11-19,0.374692
1998-11-20,0.343533
1998-11-23,0.394734
1998-11-24,0.361471
1998-11-25,0.348542
1998-11-27,0.338286
1998-11-30,0.281455
1998-12-01,0.305655
1998-12-02,0.287455
1998-12-03,0.288055
1998-12-04,0.290684
1998-12-07,0.298367
1998-12-08,0.263532
1998-12-09,0.230675
1998-12-10,0.225602
1998-12-11,0.276933
1998-12-14,0.271368
1998-12-15,0.294699
1998-12-16,0.287814
1998-12-17,0.287164
1998-12-18,0.2789
1998-12-21,0.310741
1998-12-22,0.364021
1998-12-23,0.381922
1998-12-24,0.401661
1998-12-28,0.353067
1998-12-29,0.31781
1998-12-30,0.337632
1998-12-31,0.350366
1999-01-04,0.402633
1999-01-05,0.422544
1999-01-06,0.367726
1999-01-07,0.446715
1999-01-08,0.497077
1999-01-11,0.522525
1999-01-12,0.498112
1999-01-13,0.468365
1999-01-14,0.44559
1999-01-15,0.448461
1999-01-19,0.454659
1999-01-20,0.479725
1999-01-21,0.451728
1999-01-22,0.40122
1999-01-25,0.407805
1999-01-26,0.395429
1999-01-27,0.400288
1999-01-28,0.372121
1999-01-29,0.369414
1999-02-01,0.431445
1999-02-02,0.466865
1999-02-03,0.467622
1999-02-04,0.511843
1999-02-05,0.52725
1999-02-08,0.530922
1999-02-09,0.506889
1999-02-10,0.517036
1999-02-11,0.507404
1999-02-12,0.614986
1999-02-16,0.56597
1999-02-17,0.545548
1999-02-18,0.576158
1999-02-19,0.58669
1999-02-22,0.559923
1999-02-23,0.584124
1999-02-24,0.619999
1999-02-25,0.669697
1999-02-26,0.631736
1999-03-01,0.685895
1999-03-02,0.648729
1999-03-03,0.712586
1999-03-04,0.721566
1999-03-05,0.691768
1999-03-08,0.685204
1999-03-09,0.671793
1999-03-10,0.678693
1999-03-11,0.677264
1999-03-12,0.662048
1999-03-15,0.639867
1999-03-16,0.612658
1999-03-17,0.636933
1999-03-18,0.637767
1999-03-19,0.674547
1999-03-22,0.682595
1999-03-23,0.697152
1999-03-24,0.67185
1999-03-25,0.718077
1999-03-26,0.73209
1999-03-29,0.759445
1999-03-30,0.720878
1999-03-31,0.749159
1999-04-01,0.788747
1999-04-05,0.734097
1999-04-06,0.682845
1999-04-07,0.675362
1999-04-08,0.61803
1999-04-09,0.630742
1999-04-12,0.620457
1999-04-13,0.675377
1999-04-14,0.678284
1999-04-15,0.695655
1999-04-16,0.709439
1999-04-19,0.703726
1999-04-20,0.684946
1999-04-21,0.682618
1999-04-22,0.728081
1999-04-23,0.722623
1999-04-26,0.69832
1999-04-27,0.675125
1999-04-28,0.677264
1999-04-29,0.644989
1999-04-30,0.746376
1999-05-03,0.734886
1999-05-04,0.773873
1999-05-05,0.765178
1999-05-06,0.814654
1999-05-07,0.840581
1999-05-10,0.82969
1999-05-11,0.849735
1999-05-12,0.841404
1999-05-13,0.776562
1999-05-14,0.886988
1999-05-17,0.879088
1999-05-18,0.85136
1999-05-19,0.806468
1999-05-20,0.829465
1999-05-21,0.803831
1999-05-24,0.802075
1999-05-25,0.783933
1999-05-26,0.807905
1999-05-27,0.82258
1999-06-01,0.88167
1999-06-02,0.882867
1999-06-03,0.888657
1999-06-04,0.898119
1999-06-07,0.865872
1999-06-08,0.891061
1999-06-09,0.897516
1999-06-10,0.935102
1999-06-11,0.993823
1999-06-14,0.965046
1999-06-15,0.965771
1999-06-16,0.963238
1999-06-17,0.907936
1999-06-18,0.889651
1999-06-21,0.938064
1999-06-22,0.986622
1999-06-23,1.022621
1999-06-24,1.032575
1999-06-25,1.006494
1999-06-28,0.96365
1999-06-29,0.958006
1999-06-30,0.976177
1999-07-01,0.984892
1999-07-02,0.961923
1999-07-06,0.9764
1999-07-07,0.992129
1999-07-08,0.943156
1999-07-09,0.932645
1999-07-13,0.856715
1999-07-14,0.868077
1999-07-15,0.871254
1999-07-16,0.865885
1999-07-19,0.868143
1999-07-20,0.876199
1999-07-22,0.964583
1999-07-23,0.988478
1999-07-26,0.971866
1999-07-27,0.948149
1999-07-28,0.926511
1999-07-29,0.948102
1999-07-30,0.984517
1999-08-02,0.986838
1999-08-03,0.969108
1999-08-04,0.993054
1999-08-05,0.987164
1999-08-06,1.026014
1999-08-09,1.05478
1999-08-10,1.082516
1999-08-11,1.0715
1999-08-12,1.123235
1999-08-13,1.054466
1999-08-16,1.059931
1999-08-17,1.016774
1999-08-18,1.008523
1999-08-19,1.034677
1999-08-20,1.003445
1999-08-23,0.973007
1999-08-24,0.967994
1999-08-25,0.90568
1999-08-26,0.890987
1999-08-27,0.943098
1999-08-30,1.011899
1999-08-31,1.037692
1999-09-01,1.043212
1999-09-02,1.089389
1999-09-03,1.026715
1999-09-07,1.074737
1999-09-08,1.062756
1999-09-09,1.086968
1999-09-10,1.049591
1999-09-13,1.073149
1999-09-14,1.123129
1999-09-15,1.121402
1999-09-16,1.083387
1999-09-17,1.046584
1999-09-20,1.070201
1999-09-21,1.090462
1999-09-22,1.087705
1999-09-23,1.020322
1999-09-24,0.976243
1999-09-27,1.014575
1999-09-28,1.075034
1999-09-29,1.112694
1999-09-30,1.060685
1999-10-01,1.140804
1999-10-04,1.112094
1999-10-05,1.149876
1999-10-06,1.110025
1999-10-07,1.099063
1999-10-08,1.122099
1999-10-12,1.127171
1999-10-13,1.170827
1999-10-14,1.206531
1999-10-15,1.183749
1999-10-18,1.192252
1999-10-19,1.222142
1999-10-20,1.212795
1999-10-21,1.246917
1999-10-22,1.226994
1999-10-25,1.210813
1999-10-26,1.216015
1999-10-27,1.165742
1999-10-28,1.106662
1999-10-29,1.03041
1999-11-01,1.050114
1999-11-02,1.012973
1999-11-03,1.015365
1999-11-04,0.984277
1999-11-05,0.942123
1999-11-08,0.922062
1999-11-09,0.912266
1999-11-10,0.916855
1999-11-12,0.893551
1999-11-15,0.857982
1999-11-16,0.837312
1999-11-17,0.910591
1999-11-18,0.966853
1999-11-19,0.949062
1999-11-22,0.969988
1999-11-23,0.977893
1999-11-24,0.980182
1999-11-26,0.995553
1999-11-29,1.038919
1999-11-30,1.025617
1999-12-01,1.069776
1999-12-02,1.072058
1999-12-03,1.036812
1999-12-06,1.021141
1999-12-07,0.998206
1999-12-08,1.01936
1999-12-09,0.995988
1999-12-10,0.935862
1999-12-13,0.932203
1999-12-14,0.997187
1999-12-15,1.03545
1999-12-16,1.090262
1999-12-17,1.065794
1999-12-20,1.111136
1999-12-21,1.134156
1999-12-22,1.126387
1999-12-23,1.144496
1999-12-27,1.124908
1999-12-28,1.147613
1999-12-29,1.141841
1999-12-30,1.136192
1999-12-31,1.142554
2000-01-03,1.163236
2000-01-04,1.142469
2000-01-05,1.202909
2000-01-06,1.148143
2000-01-07,1.129155
2000-01-10,1.126155
2000-01-11,1.173456
2000-01-12,1.189794
2000-01-13,1.116994
2000-01-14,1.117771
2000-01-18,1.13394
2000-01-19,1.114671
2000-01-20,1.128938
2000-01-21,1.113808
2000-01-24,1.06834
2000-01-25,1.077857
2000-01-26,1.016855
2000-01-27,0.948554
2000-01-28,0.869526
2000-01-31,0.898935
2000-02-01,0.879615
2000-02-02,0.847039
2000-02-03,0.818396
2000-02-04,0.795554
2000-02-07,0.836472
2000-02-08,0.751469
2000-02-09,0.8464
2000-02-10,0.91687
2000-02-11,0.893566
2000-02-14,0.832538
2000-02-15,0.854829
2000-02-16,0.866685
2000-02-17,0.818124
2000-02-18,0.751953
2000-02-22,0.689068
2000-02-23,0.713368
2000-02-24,0.705322
2000-02-25,0.771139
2000-02-28,0.754999
2000-02-29,0.735532
2000-03-01,0.755152
2000-03-02,0.718487
2000-03-03,0.684539
2000-03-06,0.712902
2000-03-07,0.739134
2000-03-08,0.748031
2000-03-09,0.742353
2000-03-10,0.750472
2000-03-13,0.742431
2000-03-14,0.701298
2000-03-15,0.656523
2000-03-16,0.636165
2000-03-17,0.584987
2000-03-20,0.567436
2000-03-21,0.525816
2000-03-22,0.541775
2000-03-23,0.504658
2000-03-24,0.539017
2000-03-27,0.534624
2000-03-28,0.540902
2000-03-29,0.550244
2000-03-30,0.490625
2000-03-31,0.446279
2000-04-03,0.451392
2000-04-04,0.449224
2000-04-05,0.438131
2000-04-06,0.418714
2000-04-07,0.36319
2000-04-10,0.389828
2000-04-11,0.456246
2000-04-12,0.505796
2000-04-13,0.475792
2000-04-14,0.465594
2000-04-17,0.574048
2000-04-18,0.576478
2000-04-19,0.494751
2000-04-20,0.482182
2000-04-24,0.52165
2000-04-25,0.536819
2000-04-26,0.540858
2000-04-27,0.542569
2000-04-28,0.486019
2000-05-01,0.492484
2000-05-02,0.546033
2000-05-03,0.61344
2000-05-04,0.679554
2000-05-05,0.666051
2000-05-08,0.703317
2000-05-09,0.671222
2000-05-10,0.620425
2000-05-11,0.604328
2000-05-12,0.63339
2000-05-15,0.600015
2000-05-16,0.556176
2000-05-17,0.608363
2000-05-18,0.679313
2000-05-19,0.667975
2000-05-22,0.634703
2000-05-23,0.626752
2000-05-24,0.646563
2000-05-25,0.575951
2000-05-26,0.551129
2000-05-30,0.579947
2000-05-31,0.536127
2000-06-01,0.490057
2000-06-02,0.49195
2000-06-05,0.464743
2000-06-06,0.451729
2000-06-07,0.426545
2000-06-08,0.415921
2000-06-09,0.414326
2000-06-12,0.409599
2000-06-13,0.368065
2000-06-14,0.449248
2000-06-15,0.467019
2000-06-16,0.45117
2000-06-19,0.465839
2000-06-20,0.463671
2000-06-21,0.502175
2000-06-22,0.492862
2000-06-23,0.526384
2000-06-26,0.498605
2000-06-27,0.474355
2000-06-28,0.503263
2000-06-29,0.45409
2000-06-30,0.470363
2000-07-03,0.445304
2000-07-05,0.438994
2000-07-06,0.464457
2000-07-07,0.458947
2000-07-10,0.460766
2000-07-11,0.445692
2000-07-12,0.431231
2000-07-13,0.37512
2000-07-14,0.40813
2000-07-17,0.459809
2000-07-18,0.457492
2000-07-19,0.464638
2000-07-20,0.389903
2000-07-21,0.360662
2000-07-24,0.355449
2000-07-25,0.360323
2000-07-26,0.365623
2000-07-27,0.325076
2000-07-28,0.358906
2000-07-31,0.353819
2000-08-01,0.325238
2000-08-02,0.328278
2000-08-03,0.306201
2000-08-04,0.294033
2000-08-07,0.30595
2000-08-08,0.299011
2000-08-09,0.279471
2000-08-10,0.268548
2000-08-11,0.282361
2000-08-14,0.242955
2000-08-15,0.251742
2000-08-16,0.282472
2000-08-17,0.257503
2000-08-18,0.227441
2000-08-21,0.243688
2000-08-22,0.255835
2000-08-23,0.232644
2000-08-24,0.221468
2000-08-25,0.220145
2000-08-28,0.231464
2000-08-29,0.284036
2000-08-30,0.276788
2000-08-31,0.248044
2000-09-01,0.243405
2000-09-05,0.256902
2000-09-06,0.297635
2000-09-07,0.312755
2000-09-08,0.29954
2000-09-11,0.329623
2000-09-12,0.34116
2000-09-13,0.339454
2000-09-14,0.394695
2000-09-15,0.460418
2000-09-18,0.501546
2000-09-19,0.494232
2000-09-20,0.499519
2000-09-21,0.466142
2000-09-22,0.44583
2000-09-25,0.434087
2000-09-26,0.408496
2000-09-27,0.44547
2000-09-28,0.414079
2000-09-29,0.421228
2000-10-02,0.462076
2000-10-03,0.476316
2000-10-04,0.46876
2000-10-05,0.437878
2000-10-06,0.382193
2000-10-10,0.354825
2000-10-11,0.365156
2000-10-12,0.394648
2000-10-13,0.388363
2000-10-16,0.383183
2000-10-17,0.342552
2000-10-18,0.34177
2000-10-19,0.308177
2000-10-20,0.273261
2000-10-23,0.222049
2000-10-24,0.240649
2000-10-25,0.254387
2000-10-26,0.251788
2000-10-27,0.247182
2000-10-30,0.257776
2000-10-31,0.289911
2000-11-01,0.295541
2000-11-02,0.299682
2000-11-03,0.353983
2000-11-06,0.362116
2000-11-07,0.356116
2000-11-08,0.336157
2000-11-09,0.331573
2000-11-10,0.349621
2000-11-13,0.331368
2000-11-14,0.294365
2000-11-15,0.263039
2000-11-16,0.251236
2000-11-17,0.282159
2000-11-20,0.274283
2000-11-21,0.246897
2000-11-22,0.197727
2000-11-24,0.181465
2000-11-27,0.212981
2000-11-28,0.204564
2000-11-29,0.216157
2000-11-30,0.188563
2000-12-01,0.206093
2000-12-04,0.242176
2000-12-05,0.211577
2000-12-06,0.1663
2000-12-07,0.150202
2000-12-08,0.173214
2000-12-11,0.173049
2000-12-12,0.165988
2000-12-13,0.145083
2000-12-14,0.117531
2000-12-15,0.120917
2000-12-18,0.149484
2000-12-19,0.161963
2000-12-20,0.163955
2000-12-21,0.182192
2000-12-22,0.205383
2000-12-26,0.198632
2000-12-27,0.224745
2000-12-28,0.206979
2000-12-29,0.228557
2001-01-02,0.191649
2001-01-03,0.314926
2001-01-04,0.356206
2001-01-05,0.406466
2001-01-08,0.412707
2001-01-09,0.379624
2001-01-10,0.407021
2001-01-11,0.468066
2001-01-12,0.481464
2001-01-16,0.474035
2001-01-17,0.440881
2001-01-18,0.441681
2001-01-19,0.49915
2001-01-22,0.536662
2001-01-23,0.553755
2001-01-24,0.555954
2001-01-25,0.540288
2001-01-26,0.564937
2001-01-29,0.604299
2001-01-30,0.57313
2001-01-31,0.565444
2001-02-01,0.486074
2001-02-02,0.496221
2001-02-05,0.46977
2001-02-06,0.486012
2001-02-07,0.495153
2001-02-08,0.491693
2001-02-09,0.467402
2001-02-12,0.497475
2001-02-13,0.504025
2001-02-14,0.53178
2001-02-15,0.533415
2001-02-16,0.544598
2001-02-20,0.532265
2001-02-21,0.559834
2001-02-22,0.608165
2001-02-23,0.618121
2001-02-26,0.60656
2001-02-27,0.518848
2001-02-28,0.529006
2001-03-01,0.479589
2001-03-02,0.549871
2001-03-05,0.53537
2001-03-06,0.560018
2001-03-07,0.536862
2001-03-08,0.525889
2001-03-09,0.526563
2001-03-12,0.540286
2001-03-13,0.546091
2001-03-14,0.539955
2001-03-15,0.585546
2001-03-16,0.548561
2001-03-19,0.559038
2001-03-20,0.571788
2001-03-21,0.608015
2001-03-22,0.596013
2001-03-23,0.616635
2001-03-26,0.665832
2001-03-27,0.725299
2001-03-28,0.748557
2001-03-29,0.764066
2001-03-30,0.770445
2001-04-02,0.829206
2001-04-03,0.850807
2001-04-04,0.842558
2001-04-05,0.852303
2001-04-06,0.81416
2001-04-09,0.847387
2001-04-10,0.935749
2001-04-11,0.882708
2001-04-12,0.898712
2001-04-16,0.944921
2001-04-17,0.911593
2001-04-18,0.942886
2001-04-19,1.053473
2001-04-20,1.098777
2001-04-23,1.087245
2001-04-24,1.111003
2001-04-25,1.109578
2001-04-26,1.049467
2001-04-27,1.108258
2001-04-30,1.091313
2001-05-01,1.079577
2001-05-02,1.035512
2001-05-03,1.001143
2001-05-04,1.044824
2001-05-07,1.080835
2001-05-08,1.115985
2001-05-09,1.084289
2001-05-10,1.134234
2001-05-11,1.212459
2001-05-14,1.215179
2001-05-15,1.277165
2001-05-16,1.285461
2001-05-17,1.228163
2001-05-18,1.182145
2001-05-21,1.170464
2001-05-22,1.201082
2001-05-23,1.227781
2001-05-24,1.265433
2001-05-25,1.283527
2001-05-29,1.294737
2001-05-30,1.28949
2001-05-31,1.258861
2001-06-01,1.202824
2001-06-04,1.164662
2001-06-05,1.168427
2001-06-06,1.151811
2001-06-07,1.191779
2001-06-08,1.193155
2001-06-11,1.172327
2001-06-12,1.152406
2001-06-13,1.172441
2001-06-14,1.175794
2001-06-15,1.22302
2001-06-18,1.238702
2001-06-19,1.222393
2001-06-20,1.20487
2001-06-21,1.185457
2001-06-22,1.150749
2001-06-25,1.154748
2001-06-26,1.196036
2001-06-27,1.140016
2001-06-28,1.167825
2001-06-29,1.237063
2001-07-02,1.232444
2001-07-03,1.237866
2001-07-05,1.272642
2001-07-06,1.262403
2001-07-09,1.227171
2001-07-10,1.210781
2001-07-11,1.228514
2001-07-12,1.188797
2001-07-13,1.170499
2001-07-16,1.131274
2001-07-17,1.12416
2001-07-18,1.089206
2001-07-19,1.090545
2001-07-20,1.113341
2001-07-23,1.08486
2001-07-24,1.075446
2001-07-25,1.118441
2001-07-26,1.131491
2001-07-27,1.116193
2001-07-30,1.098802
2001-07-31,1.086874
2001-08-01,1.097352
2001-08-02,1.131722
2001-08-03,1.147009
2001-08-06,1.165702
2001-08-07,1.174652
2001-08-08,1.124885
2001-08-09,1.144819
2001-08-10,1.14122
2001-08-13,1.138956
2001-08-14,1.137067
2001-08-15,1.136065
2001-08-16,1.119851
2001-08-17,1.074875
2001-08-20,1.082418
2001-08-21,1.083274
2001-08-22,1.060887
2001-08-23,1.056443
2001-08-24,1.079803
2001-08-27,1.089297
2001-08-28,1.044691
2001-08-29,1.012553
2001-08-30,1.037289
2001-08-31,1.05397
2001-09-04,1.08952
2001-09-05,1.090152
2001-09-06,1.076126
2001-09-07,1.070785
2001-09-10,1.118625
2001-09-13,1.281613
2001-09-14,1.281842
2001-09-17,1.318269
2001-09-18,1.470977
2001-09-19,1.541566
2001-09-20,1.585205
2001-09-21,1.536326
2001-09-24,1.512376
2001-09-25,1.526699
2001-09-26,1.468925
2001-09-27,1.412473
2001-09-28,1.391605
2001-10-01,1.352554
2001-10-02,1.356138
2001-10-03,1.354856
2001-10-04,1.359462
2001-10-05,1.388373
2001-10-09,1.457077
2001-10-10,1.422411
2001-10-11,1.464388
2001-10-12,1.484377
2001-10-15,1.453376
2001-10-16,1.441654
2001-10-17,1.409887
2001-10-18,1.417101
2001-10-19,1.449421
2001-10-22,1.435051
2001-10-23,1.453168
2001-10-24,1.407524
2001-10-25,1.391911
2001-10-26,1.390402
2001-10-29,1.386367
2001-10-30,1.385476
2001-10-31,1.293494
2001-11-01,1.243631
2001-11-02,1.372489
2001-11-05,1.318954
2001-11-06,1.352837
2001-11-07,1.29713
2001-11-08,1.336336
2001-11-09,1.345612
2001-11-13,1.373417
2001-11-14,1.426232
2001-11-15,1.539755
2001-11-16,1.605167
2001-11-19,1.562412
2001-11-20,1.632572
2001-11-21,1.681325
2001-11-23,1.71877
2001-11-26,1.732921
2001-11-27,1.72685
2001-11-28,1.734361
2001-11-29,1.696718
2001-11-30,1.715215
2001-12-03,1.675024
2001-12-04,1.647432
2001-12-05,1.732269
2001-12-06,1.804152
2001-12-07,1.972048
2001-12-10,1.962262
2001-12-11,1.985267
2001-12-12,1.895573
2001-12-13,1.93308
2001-12-14,1.968538
2001-12-17,1.959101
2001-12-18,1.907433
2001-12-19,1.837939
2001-12-20,1.825661
2001-12-21,1.844774
2001-12-24,1.88531
2001-12-26,1.886736
2001-12-27,1.86213
2001-12-28,1.901242
2001-12-31,1.862415
2002-01-02,1.915799
2002-01-03,1.904935
2002-01-04,1.936911
2002-01-07,1.872213
2002-01-08,1.870534
2002-01-09,1.8688
2002-01-10,1.789524
2002-01-11,1.808201
2002-01-14,1.823231
2002-01-15,1.762297
2002-01-16,1.768336
2002-01-17,1.781088
2002-01-18,1.740105
2002-01-22,1.757398
2002-01-23,1.825795
2002-01-24,1.795955
2002-01-25,1.79548
2002-01-28,1.786747
2002-01-29,1.754438
2002-01-30,1.752735
2002-01-31,1.752605
2002-02-01,1.730404
2002-02-04,1.691252
2002-02-05,1.677997
2002-02-06,1.73287
2002-02-07,1.758754
2002-02-08,1.740771
2002-02-11,1.763889
2002-02-12,1.805335
2002-02-13,1.828111
2002-02-14,1.764928
2002-02-15,1.730711
2002-02-19,1.745404
2002-02-20,1.730368
2002-02-21,1.714818
2002-02-22,1.693932
2002-02-25,1.689438
2002-02-26,1.731854
2002-02-27,1.70901
2002-02-28,1.744251
2002-03-01,1.762716
2002-03-04,1.758824
2002-03-05,1.748345
2002-03-06,1.800058
2002-03-07,1.864886
2002-03-08,1.898804
2002-03-11,1.891711
2002-03-12,1.897887
2002-03-13,1.900392
2002-03-14,1.954063
2002-03-15,1.884139
2002-03-18,1.849933
2002-03-19,1.879986
2002-03-20,1.909775
2002-03-21,1.881839
2002-03-22,1.880062
2002-03-25,1.849981
2002-03-26,1.820534
2002-03-27,1.832318
2002-03-28,1.880372
2002-04-01,1.873841
2002-04-02,1.842839
2002-04-03,1.813617
2002-04-04,1.795999
2002-04-05,1.781529
2002-04-08,1.818542
2002-04-09,1.798165
2002-04-10,1.828513
2002-04-11,1.811139
2002-04-12,1.809911
2002-04-15,1.790609
2002-04-16,1.805551
2002-04-17,1.879647
2002-04-18,1.858823
2002-04-19,1.854901
2002-04-22,1.850518
2002-04-23,1.827716
2002-04-24,1.792865
2002-04-25,1.782464
2002-04-26,1.762538
2002-04-29,1.773797
2002-04-30,1.758737
2002-05-01,1.750438
2002-05-02,1.774477
2002-05-03,1.749795
2002-05-06,1.757612
2002-05-07,1.780418
2002-05-08,1.846386
2002-05-09,1.837687
2002-05-10,1.820088
2002-05-13,1.882233
2002-05-14,1.931038
2002-05-15,1.916716
2002-05-16,1.889233
2002-05-17,1.907702
2002-05-20,1.87428
2002-05-21,1.846181
2002-05-22,1.822143
2002-05-23,1.840957
2002-05-24,1.83308
2002-05-28,1.831964
2002-05-29,1.807941
2002-05-30,1.777782
2002-05-31,1.802685
2002-06-03,1.801054
2002-06-04,1.803642
2002-06-05,1.83426
2002-06-06,1.804285
2002-06-07,1.841502
2002-06-10,1.805816
2002-06-11,1.773803
2002-06-12,1.757329
2002-06-13,1.737216
2002-06-14,1.675942
2002-06-17,1.720951
2002-06-18,1.716621
2002-06-19,1.670254
2002-06-20,1.695237
2002-06-21,1.650349
2002-06-24,1.695713
2002-06-25,1.713472
2002-06-26,1.660845
2002-06-27,1.733232
2002-06-28,1.744765
2002-07-01,1.735236
2002-07-02,1.694298
2002-07-03,1.693651
2002-07-05,1.743052
2002-07-08,1.726109
2002-07-09,1.705919
2002-07-10,1.646491
2002-07-11,1.630089
2002-07-12,1.615177
2002-07-15,1.652133
2002-07-16,1.719092
2002-07-17,1.684249
2002-07-18,1.672065
2002-07-19,1.638905
2002-07-22,1.594888
2002-07-23,1.595495
2002-07-24,1.615533
2002-07-25,1.615851
2002-07-26,1.643315
2002-07-29,1.702104
2002-07-30,1.701303
2002-07-31,1.64912
2002-08-01,1.670219
2002-08-02,1.614698
2002-08-05,1.615092
2002-08-06,1.665024
2002-08-07,1.680436
2002-08-08,1.677027
2002-08-09,1.573975
2002-08-12,1.526136
2002-08-13,1.489796
2002-08-14,1.392326
2002-08-15,1.457494
2002-08-16,1.546807
2002-08-19,1.52019
2002-08-20,1.483894
2002-08-21,1.494104
2002-08-22,1.529359
2002-08-23,1.484222
2002-08-26,1.46373
2002-08-27,1.515855
2002-08-28,1.47124
2002-08-29,1.446705
2002-08-30,1.430183
2002-09-03,1.355692
2002-09-04,1.330379
2002-09-05,1.328866
2002-09-06,1.378079
2002-09-09,1.36304
2002-09-10,1.332817
2002-09-11,1.368282
2002-09-12,1.309545
2002-09-13,1.262686
2002-09-16,1.237621
2002-09-17,1.234103
2002-09-18,1.226936
2002-09-19,1.223711
2002-09-20,1.229678
2002-09-23,1.187719
2002-09-24,1.178638
2002-09-25,1.243228
2002-09-26,1.238668
2002-09-27,1.221607
2002-09-30,1.242105
2002-10-01,1.293165
2002-10-02,1.285551
2002-10-03,1.295243
2002-10-04,1.271401
2002-10-07,1.245683
2002-10-08,1.236914
2002-10-09,1.219738
2002-10-10,1.256846
2002-10-11,1.337313
2002-10-15,1.433571
2002-10-16,1.450957
2002-10-17,1.515502
2002-10-18,1.506851
2002-10-21,1.520551
2002-10-22,1.559606
2002-10-23,1.549274
2002-10-24,1.524569
2002-10-25,1.517426
2002-10-28,1.555377
2002-10-29,1.499875
2002-10-30,1.538454
2002-10-31,1.520869
2002-11-01,1.543944
2002-11-04,1.576424
2002-11-05,1.600268
2002-11-06,1.57692
2002-11-07,1.429167
2002-11-08,1.381816
2002-11-12,1.409812
2002-11-13,1.401659
2002-11-14,1.50178
2002-11-15,1.516007
2002-11-18,1.486813
2002-11-19,1.448606
2002-11-20,1.515784
2002-11-21,1.560845
2002-11-22,1.574573
2002-11-25,1.586936
2002-11-26,1.527636
2002-11-27,1.688048
2002-11-29,1.638443
2002-12-02,1.612605
2002-12-03,1.61711
2002-12-04,1.597696
2002-12-05,1.56396
2002-12-06,1.579508
2002-12-09,1.546755
2002-12-10,1.524827
2002-12-11,1.493209
2002-12-12,1.49344
2002-12-13,1.542507
2002-12-16,1.593899
2002-12-17,1.60496
2002-12-18,1.580275
2002-12-19,1.527496
2002-12-20,1.515546
2002-12-23,1.518851
2002-12-24,1.498829
2002-12-26,1.481766
2002-12-27,1.43258
2002-12-30,1.427174
2002-12-31,1.441399
2003-01-02,1.570245
2003-01-03,1.553164
2003-01-06,1.564888
2003-01-07,1.553543
2003-01-08,1.51757
2003-01-09,1.616868
2003-01-10,1.614965
2003-01-13,1.611333
2003-01-14,1.59017
2003-01-15,1.569246
2003-01-16,1.569817
2003-01-17,1.522505
2003-01-21,1.52248
2003-01-22,1.486274
2003-01-23,1.505856
2003-01-24,1.46974
2003-01-27,1.499615
2003-01-28,1.499933
2003-01-29,1.539869
2003-01-30,1.505376
2003-01-31,1.473057
2003-02-03,1.471007
2003-02-04,1.437312
2003-02-05,1.487294
2003-02-06,1.453536
2003-02-07,1.445734
2003-02-10,1.47281
2003-02-11,1.469134
2003-02-12,1.452252
2003-02-13,1.423235
2003-02-14,1.486788
2003-02-18,1.456284
2003-02-19,1.415731
2003-02-20,1.400147
2003-02-21,1.432731
2003-02-24,1.410474
2003-02-25,1.372483
2003-02-26,1.344541
2003-02-27,1.331112
2003-02-28,1.301614
2003-03-03,1.289948
2003-03-04,1.283165
2003-03-05,1.269747
2003-03-06,1.297
2003-03-07,1.286539
2003-03-10,1.285036
2003-03-11,1.279344
2003-03-12,1.250225
2003-03-13,1.31786
2003-03-14,1.304199
2003-03-17,1.372243
2003-03-18,1.411314
2003-03-19,1.457146
2003-03-20,1.479187
2003-03-21,1.539231
2003-03-24,1.467387
2003-03-25,1.468916
2003-03-26,1.466649
2003-03-27,1.473888
2003-03-28,1.476338
2003-03-31,1.423582
2003-04-01,1.436415
2003-04-02,1.483472
2003-04-03,1.489536
2003-04-04,1.512011
2003-04-07,1.516294
2003-04-08,1.470108
2003-04-09,1.459799
2003-04-10,1.472389
2003-04-11,1.481417
2003-04-14,1.484794
2003-04-15,1.444242
2003-04-16,1.42887
2003-04-17,1.425368
2003-04-21,1.430954
2003-04-22,1.448288
2003-04-23,1.448828
2003-04-24,1.391912
2003-04-25,1.409117
2003-04-28,1.406064
2003-04-29,1.419832
2003-04-30,1.403022
2003-05-01,1.402517
2003-05-02,1.435903
2003-05-05,1.405803
2003-05-06,1.388422
2003-05-07,1.292666
2003-05-08,1.29653
2003-05-09,1.274608
2003-05-12,1.221549
2003-05-13,1.221306
2003-05-14,1.163668
2003-05-15,1.145744
2003-05-16,1.134293
2003-05-19,1.139691
2003-05-20,1.079469
2003-05-21,1.046702
2003-05-22,1.016002
2003-05-23,1.006919
2003-05-27,1.103882
2003-05-28,1.125434
2003-05-29,1.064738
2003-05-30,1.077909
2003-06-02,1.123185
2003-06-03,1.091607
2003-06-04,1.066069
2003-06-05,1.087374
2003-06-06,1.106112
2003-06-09,1.067828
2003-06-10,1.018251
2003-06-11,1.0206
2003-06-12,1.012238
2003-06-13,0.976462
2003-06-16,1.003723
2003-06-17,1.031212
2003-06-18,1.108207
2003-06-19,1.15719
2003-06-20,1.18068
2003-06-23,1.135987
2003-06-24,1.108175
2003-06-25,1.120788
2003-06-26,1.182942
2003-06-27,1.262963
2003-06-30,1.229411
2003-07-01,1.255965
2003-07-02,1.265499
2003-07-03,1.345093
2003-07-07,1.382907
2003-07-08,1.383914
2003-07-09,1.372576
2003-07-10,1.373839
2003-07-11,1.361128
2003-07-14,1.409042
2003-07-15,1.519195
2003-07-16,1.523237
2003-07-17,1.537232
2003-07-18,1.540777
2003-07-21,1.595528
2003-07-22,1.652575
2003-07-23,1.631226
2003-07-24,1.711155
2003-07-25,1.727999
2003-07-28,1.767821
2003-07-29,1.829738
2003-07-30,1.810856
2003-07-31,1.924072
2003-08-01,1.90082
2003-08-04,1.8738
2003-08-05,1.91771
2003-08-06,1.781853
2003-08-07,1.737522
2003-08-08,1.741146
2003-08-11,1.812307
2003-08-12,1.826836
2003-08-13,1.96963
2003-08-14,1.965506
2003-08-15,1.953998
2003-08-18,1.910264
2003-08-19,1.818162
2003-08-20,1.863727
2003-08-21,1.877397
2003-08-22,1.842983
2003-08-25,1.86936
2003-08-26,1.84483
2003-08-27,1.857143
2003-08-28,1.789504
2003-08-29,1.792183
2003-09-02,1.888082
2003-09-03,1.89491
2003-09-04,1.858606
2003-09-05,1.781641
2003-09-08,1.806442
2003-09-09,1.795008
2003-09-10,1.736862
2003-09-11,1.775674
2003-09-12,1.739479
2003-09-15,1.756552
2003-09-16,1.785373
2003-09-17,1.6886
2003-09-18,1.673873
2003-09-19,1.645175
2003-09-22,1.712067
2003-09-23,1.683724
2003-09-24,1.626021
2003-09-25,1.600035
2003-09-26,1.544859
2003-09-29,1.586366
2003-09-30,1.515406
2003-10-01,1.524812
2003-10-02,1.579252
2003-10-03,1.685446
2003-10-06,1.660943
2003-10-07,1.726602
2003-10-08,1.739315
2003-10-09,1.782824
2003-10-10,1.731695
2003-10-14,1.812519
2003-10-15,1.837289
2003-10-16,1.835076
2003-10-17,1.784607
2003-10-20,1.769783
2003-10-21,1.753998
2003-10-22,1.692526
2003-10-23,1.739966
2003-10-24,1.662349
2003-10-27,1.68062
2003-10-28,1.658533
2003-10-29,1.705437
2003-10-30,1.723886
2003-10-31,1.70034
2003-11-03,1.73541
2003-11-04,1.686613
2003-11-05,1.706712
2003-11-06,1.750122
2003-11-07,1.753009
2003-11-10,1.758323
2003-11-12,1.735908
2003-11-13,1.664686
2003-11-14,1.618777
2003-11-17,1.608205
2003-11-18,1.583783
2003-11-19,1.612723
2003-11-20,1.578493
2003-11-21,1.556889
2003-11-24,1.59586
2003-11-25,1.570857
2003-11-26,1.606136
2003-11-28,1.641474
2003-12-01,1.670756
2003-12-02,1.671307
2003-12-03,1.689027
2003-12-04,1.670512
2003-12-05,1.58792
2003-12-08,1.621869
2003-12-09,1.643858
2003-12-10,1.638689
2003-12-11,1.640295
2003-12-12,1.622566
2003-12-15,1.637547
2003-12-16,1.622951
2003-12-17,1.575296
2003-12-18,1.531124
2003-12-19,1.541317
2003-12-22,1.553478
2003-12-23,1.597425
2003-12-24,1.565553
2003-12-26,1.547412
2003-12-29,1.610184
2003-12-30,1.637714
2003-12-31,1.631517
2004-01-02,1.694387
2004-01-05,1.712878
2004-01-06,1.641547
2004-01-07,1.611484
2004-01-08,1.625817
2004-01-09,1.550178
2004-01-12,1.543545
2004-01-13,1.522022
2004-01-14,1.483709
2004-01-15,1.442976
2004-01-16,1.463107
2004-01-20,1.493019
2004-01-21,1.487796
2004-01-22,1.453991
2004-01-23,1.514299
2004-01-26,1.552214
2004-01-27,1.53343
2004-01-28,1.558227
2004-01-29,1.569722
2004-01-30,1.532356
2004-02-02,1.545244
2004-02-03,1.526985
2004-02-04,1.525649
2004-02-05,1.533499
2004-02-06,1.500686
2004-02-09,1.497782
2004-02-10,1.504983
2004-02-11,1.47511
2004-02-12,1.509239
2004-02-13,1.4907
2004-02-17,1.484721
2004-02-18,1.491081
2004-02-19,1.487155
2004-02-20,1.513007
2004-02-23,1.490879
2004-02-24,1.471114
2004-02-25,1.471106
2004-02-26,1.488642
2004-02-27,1.418007
2004-03-01,1.447733
2004-03-02,1.471052
2004-03-03,1.481282
2004-03-04,1.458434
2004-03-05,1.346275
2004-03-08,1.319759
2004-03-09,1.288563
2004-03-10,1.291678
2004-03-11,1.307843
2004-03-12,1.305128
2004-03-15,1.299643
2004-03-16,1.260717
2004-03-17,1.256753
2004-03-18,1.282825
2004-03-19,1.307578
2004-03-22,1.272748
2004-03-23,1.264575
2004-03-24,1.268399
2004-03-25,1.291503
2004-03-26,1.358457
2004-03-29,1.390749
2004-03-30,1.395145
2004-03-31,1.372459
2004-04-01,1.394096
2004-04-02,1.518593
2004-04-05,1.578573
2004-04-06,1.557855
2004-04-07,1.571005
2004-04-08,1.574893
2004-04-12,1.598056
2004-04-13,1.65559
2004-04-14,1.664139
2004-04-15,1.677921
2004-04-16,1.668047
2004-04-19,1.67058
2004-04-20,1.687213
2004-04-21,1.661015
2004-04-22,1.632278
2004-04-23,1.655406
2004-04-26,1.643839
2004-04-27,1.640302
2004-04-28,1.664876
2004-04-29,1.705393
2004-04-30,1.677533
2004-05-03,1.676531
2004-05-04,1.712277
2004-05-05,1.730529
2004-05-06,1.746228
2004-05-07,1.779371
2004-05-10,1.8006
2004-05-11,1.790906
2004-05-12,1.822358
2004-05-13,1.847419
2004-05-14,1.814505
2004-05-17,1.761943
2004-05-18,1.765111
2004-05-19,1.799863
2004-05-20,1.762009
2004-05-21,1.75897
2004-05-24,1.75268
2004-05-25,1.729263
2004-05-26,1.709667
2004-05-27,1.672035
2004-05-28,1.683418
2004-06-01,1.721619
2004-06-02,1.712686
2004-06-03,1.698111
2004-06-04,1.720102
2004-06-07,1.716256
2004-06-08,1.706686
2004-06-09,1.719335
2004-06-10,1.685639
2004-06-14,1.68563
2004-06-15,1.578884
2004-06-16,1.595525
2004-06-17,1.574733
2004-06-18,1.585511
2004-06-21,1.582537
2004-06-22,1.590024
2004-06-23,1.58526
2004-06-24,1.555539
2004-06-25,1.558003
2004-06-28,1.586296
2004-06-29,1.555533
2004-06-30,1.531341
2004-07-01,1.524382
2004-07-02,1.473722
2004-07-06,1.471963
2004-07-07,1.477212
2004-07-08,1.477537
2004-07-09,1.47635
2004-07-12,1.462196
2004-07-13,1.472108
2004-07-14,1.468772
2004-07-15,1.471488
2004-07-16,1.410814
2004-07-19,1.386488
2004-07-20,1.419828
2004-07-21,1.434492
2004-07-22,1.424023
2004-07-23,1.396395
2004-07-26,1.407206
2004-07-27,1.482095
2004-07-28,1.493108
2004-07-29,1.485143
2004-07-30,1.422057
2004-08-02,1.411835
2004-08-03,1.387734
2004-08-04,1.38739
2004-08-05,1.372252
2004-08-06,1.307872
2004-08-09,1.309104
2004-08-10,1.301295
2004-08-11,1.31033
2004-08-12,1.297784
2004-08-13,1.276964
2004-08-16,1.301416
2004-08-17,1.276865
2004-08-18,1.283205
2004-08-19,1.294599
2004-08-20,1.280523
2004-08-23,1.307501
2004-08-24,1.301038
2004-08-25,1.275706
2004-08-26,1.257042
2004-08-27,1.249436
2004-08-30,1.232731
2004-08-31,1.204454
2004-09-01,1.203897
2004-09-02,1.23444
2004-09-03,1.239494
2004-09-07,1.213808
2004-09-08,1.183914
2004-09-09,1.203089
2004-09-10,1.182466
2004-09-13,1.154682
2004-09-14,1.15385
2004-09-15,1.164777
2004-09-16,1.115693
2004-09-17,1.118378
2004-09-20,1.095059
2004-09-21,1.043062
2004-09-22,0.993599
2004-09-23,0.983801
2004-09-24,0.97741
2004-09-27,0.959287
2004-09-28,0.991366
2004-09-29,1.032258
2004-09-30,1.068052
2004-10-01,1.120602
2004-10-04,1.098799
2004-10-05,1.09803
2004-10-06,1.117466
2004-10-07,1.139706
2004-10-08,1.097623
2004-10-12,1.079333
2004-10-13,1.074594
2004-10-14,1.041288
2004-10-15,1.044179
2004-10-18,1.039579
2004-10-19,1.023191
2004-10-20,0.978923
2004-10-21,0.956721
2004-10-22,0.957274
2004-10-25,0.947047
2004-10-26,0.955997
2004-10-27,1.002427
2004-10-28,1.007171
2004-10-29,0.975114
2004-11-01,0.99808
2004-11-02,0.99652
2004-11-03,0.989785
2004-11-04,0.965025
2004-11-05,1.013732
2004-11-08,1.031269
2004-11-09,1.032833
2004-11-10,1.054351
2004-11-12,0.984927
2004-11-15,0.966287
2004-11-16,0.902961
2004-11-17,0.865655
2004-11-18,0.88107
2004-11-19,0.918809
2004-11-22,0.879261
2004-11-23,0.873487
2004-11-24,0.865231
2004-11-26,0.895997
2004-11-29,0.961797
2004-11-30,1.017459
2004-12-01,1.022799
2004-12-02,1.034867
2004-12-03,0.968208
2004-12-06,0.92889
2004-12-07,0.916325
2004-12-08,0.83968
2004-12-09,0.869315
2004-12-10,0.850716
2004-12-13,0.836477
2004-12-14,0.815388
2004-12-15,0.771674
2004-12-16,0.849723
2004-12-17,0.866596
2004-12-20,0.847059
2004-12-21,0.828568
2004-12-22,0.860665
2004-12-23,0.876557
2004-12-27,0.908648
2004-12-28,0.905924
2004-12-29,0.92404
2004-12-30,0.891006
2004-12-31,0.835693
2005-01-03,0.814304
2005-01-04,0.834433
2005-01-05,0.813639
2005-01-06,0.82461
2005-01-07,0.803566
2005-01-10,0.782427
2005-01-11,0.744678
2005-01-12,0.73937
2005-01-13,0.709518
2005-01-14,0.697456
2005-01-18,0.659862
2005-01-19,0.656171
2005-01-20,0.668709
2005-01-21,0.672954
2005-01-24,0.646448
2005-01-25,0.691611
2005-01-26,0.676045
2005-01-27,0.667506
2005-01-28,0.620857
2005-01-31,0.594439
2005-02-01,0.593162
2005-02-02,0.569777
2005-02-03,0.57531
2005-02-04,0.51474
2005-02-07,0.477434
2005-02-08,0.450183
2005-02-09,0.45621
2005-02-10,0.514739
2005-02-11,0.530251
2005-02-14,0.498034
2005-02-15,0.509081
2005-02-16,0.519106
2005-02-17,0.566737
2005-02-18,0.59592
2005-02-22,0.606447
2005-02-23,0.594721
2005-02-24,0.578084
2005-02-25,0.561269
2005-02-28,0.603886
2005-03-01,0.61501
2005-03-02,0.641236
2005-03-03,0.635844
2005-03-04,0.567756
2005-03-07,0.531334
2005-03-08,0.588763
2005-03-09,0.689632
2005-03-10,0.646876
2005-03-11,0.682335
2005-03-14,0.658785
2005-03-15,0.685274
2005-03-16,0.68133
2005-03-17,0.651913
2005-03-18,0.676163
2005-03-21,0.683734
2005-03-22,0.693025
2005-03-23,0.70366
2005-03-24,0.679665
2005-03-28,0.695121
2005-03-29,0.676903
2005-03-30,0.64029
2005-03-31,0.630229
2005-04-01,0.609753
2005-04-04,0.607717
2005-04-05,0.628291
2005-04-06,0.626955
2005-04-07,0.644177
2005-04-08,0.62201
2005-04-11,0.598013
2005-04-12,0.542126
2005-04-13,0.565576
2005-04-14,0.587056
2005-04-15,0.539222
2005-04-18,0.510541
2005-04-19,0.472705
2005-04-20,0.483103
2005-04-21,0.512175
2005-04-22,0.472533
2005-04-25,0.45022
2005-04-26,0.469381
2005-04-27,0.445448
2005-04-28,0.419157
2005-04-29,0.405199
2005-05-02,0.407973
2005-05-03,0.401711
2005-05-04,0.426928
2005-05-05,0.435962
2005-05-06,0.437054
2005-05-09,0.426339
2005-05-10,0.406976
2005-05-11,0.395908
2005-05-12,0.396307
2005-05-13,0.383587
2005-05-16,0.381813
2005-05-17,0.369997
2005-05-18,0.341311
2005-05-19,0.341908
2005-05-20,0.336058
2005-05-23,0.292001
2005-05-24,0.281462
2005-05-25,0.312151
2005-05-26,0.306258
2005-05-27,0.305137
2005-05-31,0.236248
2005-06-01,0.202372
2005-06-02,0.177764
2005-06-03,0.222171
2005-06-06,0.1927
2005-06-07,0.156276
2005-06-08,0.165854
2005-06-09,0.173076
2005-06-10,0.208531
2005-06-13,0.243213
2005-06-14,0.28063
2005-06-15,0.275783
2005-06-16,0.247281
2005-06-17,0.227468
2005-06-20,0.251018
2005-06-21,0.204573
2005-06-22,0.144443
2005-06-23,0.143434
2005-06-24,0.118952
2005-06-27,0.104868
2005-06-28,0.127294
2005-06-29,0.146857
2005-06-30,0.101389
2005-07-01,0.142073
2005-07-05,0.181762
2005-07-06,0.161911
2005-07-07,0.151359
2005-07-08,0.17776
2005-07-11,0.178381
2005-07-12,0.193549
2005-07-13,0.20996
2005-07-14,0.221619
2005-07-15,0.19621
2005-07-18,0.227979
2005-07-19,0.212632
2005-07-20,0.187523
2005-07-21,0.238298
2005-07-22,0.19355
2005-07-25,0.193699
2005-07-26,0.182955
2005-07-27,0.185249
2005-07-28,0.135899
2005-07-29,0.176402
2005-08-01,0.20503
2005-08-02,0.22432
2005-08-03,0.20384
2005-08-04,0.224078
2005-08-05,0.243601
2005-08-08,0.222882
2005-08-09,0.227225
2005-08-10,0.224305
2005-08-11,0.193132
2005-08-12,0.13175
2005-08-15,0.142791
2005-08-16,0.132522
2005-08-17,0.166983
2005-08-18,0.126743
2005-08-19,0.126886
2005-08-22,0.122825
2005-08-23,0.106714
2005-08-24,0.101337
2005-08-25,0.087841
2005-08-26,0.076512
2005-08-29,0.066867
2005-08-30,0.055622
2005-08-31,0.022285
2005-09-01,0.049512
2005-09-02,0.076126
2005-09-06,0.102181
2005-09-07,0.136158
2005-09-08,0.128138
2005-09-09,0.104702
2005-09-12,0.130054
2005-09-13,0.115134
2005-09-14,0.136507
2005-09-15,0.174642
2005-09-16,0.192766
2005-09-19,0.188722
2005-09-20,0.157535
2005-09-21,0.118274
2005-09-22,0.12502
2005-09-23,0.146975
2005-09-26,0.188229
2005-09-27,0.191768
2005-09-28,0.153004
2005-09-29,0.169096
2005-09-30,0.143852
2005-10-03,0.172784
2005-10-04,0.158068
2005-10-05,0.149133
2005-10-06,0.153229
2005-10-07,0.140369
2005-10-11,0.142319
2005-10-12,0.174123
2005-10-13,0.206969
2005-10-14,0.1952
2005-10-17,0.196002
2005-10-18,0.197543
2005-10-19,0.184937
2005-10-20,0.16495
2005-10-21,0.119606
2005-10-24,0.15281
2005-10-25,0.193987
2005-10-26,0.234029
2005-10-27,0.213502
2005-10-28,0.220968
2005-10-31,0.211745
2005-11-01,0.221742
2005-11-02,0.23737
2005-11-03,0.273499
2005-11-04,0.285878
2005-11-07,0.215006
2005-11-08,0.166346
2005-11-09,0.202207
2005-11-10,0.169307
2005-11-14,0.173812
2005-11-15,0.141785
2005-11-16,0.124725
2005-11-17,0.094592
2005-11-18,0.139142
2005-11-21,0.126317
2005-11-22,0.151179
2005-11-23,0.168507
2005-11-25,0.143315
2005-11-28,0.121283
2005-11-29,0.156405
2005-11-30,0.165199
2005-12-01,0.154071
2005-12-02,0.160472
2005-12-05,0.174537
2005-12-06,0.127502
2005-12-07,0.153666
2005-12-08,0.132639
2005-12-09,0.160023
2005-12-12,0.169708
2005-12-13,0.164615
2005-12-14,0.112193
2005-12-15,0.118389
2005-12-16,0.096764
2005-12-19,0.081218
2005-12-20,0.080092
2005-12-21,0.091984
2005-12-22,0.057841
2005-12-23,0.026129
2005-12-27,-0.018685
2005-12-28,-0.005335
2005-12-29,-0.016737
2005-12-30,-0.021964
2006-01-03,-0.020864
2006-01-04,-0.024616
2006-01-05,-0.030843
2006-01-06,-0.025776
2006-01-09,-0.02199
2006-01-10,0.004624
2006-01-11,0.013822
2006-01-12,-0.007925
2006-01-13,-0.055202
2006-01-17,-0.070616
2006-01-18,-0.061705
2006-01-19,-0.050305
2006-01-20,-0.058077
2006-01-23,-0.060562
2006-01-24,-0.041805
2006-01-25,0.003801
2006-01-26,0.031119
2006-01-27,0.015099
2006-01-30,0.021098
2006-01-31,-0.000885
2006-02-01,-0.001621
2006-02-02,-0.008964
2006-02-03,-0.052939
2006-02-06,-0.061484
2006-02-07,-0.029227
2006-02-08,-0.02579
2006-02-09,-0.049759
2006-02-10,-0.03285
2006-02-13,-0.028883
2006-02-14,-0.006542
2006-02-15,-0.015771
2006-02-16,-0.020019
2006-02-17,-0.062125
2006-02-21,-0.068712
2006-02-22,-0.094703
2006-02-23,-0.080046
2006-02-24,-0.071321
2006-02-27,-0.055482
2006-02-28,-0.073789
2006-03-01,-0.048203
2006-03-02,-0.01448
2006-03-03,0.015972
2006-03-06,0.061751
2006-03-07,0.055264
2006-03-08,0.071722
2006-03-09,0.067816
2006-03-10,0.078804
2006-03-13,0.087034
2006-03-14,0.065468
2006-03-15,0.074315
2006-03-16,0.043404
2006-03-17,0.065282
2006-03-20,0.045897
2006-03-21,0.058293
2006-03-22,0.044018
2006-03-23,0.06622
2006-03-24,0.028765
2006-03-27,0.056777
2006-03-28,0.08004
2006-03-29,0.112279
2006-03-30,0.144625
2006-03-31,0.15302
2006-04-03,0.151049
2006-04-04,0.155025
2006-04-05,0.145635
2006-04-06,0.179434
2006-04-07,0.206425
2006-04-10,0.212309
2006-04-11,0.198039
2006-04-12,0.214993
2006-04-13,0.247112
2006-04-17,0.239925
2006-04-18,0.244576
2006-04-19,0.288959
2006-04-20,0.280223
2006-04-21,0.239921
2006-04-24,0.214595
2006-04-25,0.266441
2006-04-26,0.273612
2006-04-27,0.288995
2006-04-28,0.301059
2006-05-01,0.333584
2006-05-02,0.316928
2006-05-03,0.332807
2006-05-04,0.320157
2006-05-05,0.301531
2006-05-08,0.287079
2006-05-09,0.290361
2006-05-10,0.270624
2006-05-11,0.320161
2006-05-12,0.359057
2006-05-15,0.340465
2006-05-16,0.317236
2006-05-17,0.354544
2006-05-18,0.290205
2006-05-19,0.245472
2006-05-22,0.248709
2006-05-23,0.264179
2006-05-24,0.261537
2006-05-25,0.276293
2006-05-26,0.271668
2006-05-30,0.276651
2006-05-31,0.277767
2006-06-01,0.268859
2006-06-02,0.230642
2006-06-05,0.211585
2006-06-06,0.183515
2006-06-07,0.188433
2006-06-08,0.163704
2006-06-09,0.145323
2006-06-12,0.14327
2006-06-13,0.123991
2006-06-14,0.146351
2006-06-15,0.181479
2006-06-16,0.196611
2006-06-19,0.198625
2006-06-20,0.198691
2006-06-21,0.198148
2006-06-22,0.219165
2006-06-23,0.229263
2006-06-26,0.241808
2006-06-27,0.207165
2006-06-28,0.229879
2006-06-29,0.237974
2006-06-30,0.201366
2006-07-03,0.192066
2006-07-05,0.217501
2006-07-06,0.208303
2006-07-07,0.170641
2006-07-10,0.162069
2006-07-11,0.144817
2006-07-12,0.105828
2006-07-13,0.11144
2006-07-14,0.122642
2006-07-17,0.112202
2006-07-18,0.137668
2006-07-19,0.114157
2006-07-20,0.109089
2006-07-21,0.112565
2006-07-24,0.108176
2006-07-25,0.115243
2006-07-26,0.116722
2006-07-27,0.132697
2006-07-28,0.120539
2006-07-31,0.128199
2006-08-01,0.121081
2006-08-02,0.101912
2006-08-03,0.077596
2006-08-04,0.064975
2006-08-07,0.05704
2006-08-08,0.090934
2006-08-09,0.104939
2006-08-10,0.102008
2006-08-11,0.109736
2006-08-14,0.108986
2006-08-15,0.087819
2006-08-16,0.068933
2006-08-17,0.057571
2006-08-18,0.043644
2006-08-21,0.032739
2006-08-22,0.026337
2006-08-23,0.024157
2006-08-24,0.011114
2006-08-25,0.008965
2006-08-28,0.004985
2006-08-29,0.005357
2006-08-30,0.000847
2006-08-31,-0.009208
2006-09-01,-0.012539
2006-09-05,0.033386
2006-09-06,0.05055
2006-09-07,0.035765
2006-09-08,0.037682
2006-09-11,0.047759
2006-09-12,0.026373
2006-09-13,0.024972
2006-09-14,0.030754
2006-09-15,0.023783
2006-09-18,0.034504
2006-09-19,0.002292
2006-09-20,-0.010831
2006-09-21,-0.024257
2006-09-22,-0.063433
2006-09-25,-0.08594
2006-09-26,-0.082488
2006-09-27,-0.064247
2006-09-28,-0.049981
2006-09-29,-0.058948
2006-10-02,-0.059623
2006-10-03,-0.067167
2006-10-04,-0.074663
2006-10-05,-0.059793
2006-10-06,-0.023799
2006-10-10,0.000753
2006-10-11,0.005295
2006-10-12,0.00602
2006-10-13,0.02045
2006-10-16,0.013866
2006-10-17,0.007241
2006-10-18,-0.003661
2006-10-19,0.007622
2006-10-20,0.003139
2006-10-23,0.020864
2006-10-24,0.01545
2006-10-25,-0.006691
2006-10-26,-0.026407
2006-10-27,-0.041643
2006-10-30,-0.063811
2006-10-31,-0.089085
2006-11-01,-0.107595
2006-11-02,-0.105912
2006-11-03,-0.049048
2006-11-06,-0.057297
2006-11-07,-0.075749
2006-11-08,-0.090857
2006-11-09,-0.088346
2006-11-10,-0.120232
2006-11-13,-0.114517
2006-11-14,-0.137775
2006-11-15,-0.133806
2006-11-16,-0.111695
2006-11-17,-0.109434
2006-11-20,-0.116233
2006-11-21,-0.128925
2006-11-22,-0.136819
2006-11-24,-0.137749
2006-11-27,-0.145312
2006-11-28,-0.149537
2006-11-29,-0.140121
2006-11-30,-0.173096
2006-12-01,-0.17736
2006-12-04,-0.177168
2006-12-05,-0.16394
2006-12-06,-0.173854
2006-12-07,-0.171797
2006-12-08,-0.137717
2006-12-11,-0.147799
2006-12-12,-0.153868
2006-12-13,-0.110246
2006-12-14,-0.101098
2006-12-15,-0.097696
2006-12-18,-0.099853
2006-12-19,-0.088286
2006-12-20,-0.088337
2006-12-21,-0.09628
2006-12-22,-0.064051
2006-12-26,-0.083285
2006-12-27,-0.065786
2006-12-28,-0.046887
2006-12-29,-0.040544
2007-01-02,-0.051841
2007-01-03,-0.054447
2007-01-04,-0.068965
2007-01-05,-0.063818
2007-01-08,-0.070048
2007-01-09,-0.077962
2007-01-10,-0.063132
2007-01-11,-0.044361
2007-01-12,-0.019362
2007-01-16,-0.027699
2007-01-17,-0.018568
2007-01-18,-0.03856
2007-01-19,-0.035264
2007-01-22,-0.046586
2007-01-23,-0.019348
2007-01-24,-0.010355
2007-01-25,0.015231
2007-01-26,0.027332
2007-01-29,0.031557
2007-01-30,0.027692
2007-01-31,0.00381
2007-02-01,-0.001775
2007-02-02,0.004788
2007-02-05,-0.000275
2007-02-06,-0.033234
2007-02-07,-0.035503
2007-02-08,-0.045022
2007-02-09,-0.012078
2007-02-12,-0.00513
2007-02-13,0.000057
2007-02-14,-0.034352
2007-02-15,-0.037062
2007-02-16,-0.050375
2007-02-20,-0.05588
2007-02-21,-0.054875
2007-02-22,-0.040691
2007-02-23,-0.053413
2007-02-26,-0.080472
2007-02-27,-0.098849
2007-02-28,-0.086275
2007-03-01,-0.073669
2007-03-02,-0.083338
2007-03-05,-0.095503
2007-03-06,-0.08603
2007-03-07,-0.102055
2007-03-08,-0.089749
2007-03-09,-0.07411
2007-03-12,-0.086104
2007-03-13,-0.089166
2007-03-14,-0.065427
2007-03-15,-0.067759
2007-03-16,-0.074021
2007-03-19,-0.060635
2007-03-20,-0.06698
2007-03-21,-0.050886
2007-03-22,-0.017537
2007-03-23,-0.011426
2007-03-26,-0.024215
2007-03-27,-0.005723
2007-03-28,0.015838
2007-03-29,0.00419
2007-03-30,0.019688
2007-04-02,0.006172
2007-04-03,0.015827
2007-04-04,0.011641
2007-04-05,0.026151
2007-04-06,0.047525
2007-04-09,0.043866
2007-04-10,0.045101
2007-04-11,0.036325
2007-04-12,0.036376
2007-04-13,0.038286
2007-04-16,0.026362
2007-04-17,0.011187
2007-04-18,-0.0092
2007-04-19,0.009145
2007-04-20,0.009752
2007-04-23,-0.00585
2007-04-24,-0.02114
2007-04-25,-0.013657
2007-04-26,0.008167
2007-04-27,0.023556
2007-04-30,-0.020555
2007-05-01,-0.02362
2007-05-02,-0.023464
2007-05-03,-0.022149
2007-05-04,-0.038164
2007-05-07,-0.05041
2007-05-08,-0.041395
2007-05-09,-0.035562
2007-05-10,-0.026809
2007-05-11,-0.013064
2007-05-14,-0.006385
2007-05-15,0.008608
2007-05-16,0.011523
2007-05-17,0.028287
2007-05-18,0.05696
2007-05-21,0.048782
2007-05-22,0.078612
2007-05-23,0.106813
2007-05-24,0.099588
2007-05-25,0.100311
2007-05-29,0.10241
2007-05-30,0.11243
2007-05-31,0.105145
2007-06-01,0.133405
2007-06-04,0.107115
2007-06-05,0.137056
2007-06-06,0.15377
2007-06-07,0.246001
2007-06-08,0.26303
2007-06-11,0.289237
2007-06-12,0.359895
2007-06-13,0.304138
2007-06-14,0.327206
2007-06-15,0.308666
2007-06-18,0.300764
2007-06-19,0.279485
2007-06-20,0.297483
2007-06-21,0.32923
2007-06-22,0.324852
2007-06-25,0.297456
2007-06-26,0.301829
2007-06-27,0.280155
2007-06-28,0.277011
2007-06-29,0.238912
2007-07-02,0.224286
2007-07-03,0.250039
2007-07-05,0.282863
2007-07-06,0.324541
2007-07-09,0.307337
2007-07-10,0.254868
2007-07-11,0.286261
2007-07-12,0.291617
2007-07-13,0.279333
2007-07-16,0.251145
2007-07-17,0.254488
2007-07-18,0.23338
2007-07-19,0.23161
2007-07-20,0.192609
2007-07-23,0.199963
2007-07-24,0.203051
2007-07-25,0.200448
2007-07-26,0.1666
2007-07-27,0.176639
2007-07-30,0.186336
2007-07-31,0.161924
2007-08-01,0.165953
2007-08-02,0.164311
2007-08-03,0.156388
2007-08-06,0.18196
2007-08-07,0.154386
2007-08-08,0.21319
2007-08-09,0.246171
2007-08-10,0.259676
2007-08-13,0.239958
2007-08-14,0.241651
2007-08-15,0.336633
2007-08-16,0.402334
2007-08-17,0.422909
2007-08-20,0.430922
2007-08-21,0.435064
2007-08-22,0.407226
2007-08-23,0.367212
2007-08-24,0.292846
2007-08-27,0.278627
2007-08-28,0.316474
2007-08-29,0.314952
2007-08-30,0.294204
2007-08-31,0.278241
2007-09-04,0.284342
2007-09-05,0.286536
2007-09-06,0.277463
2007-09-07,0.278241
2007-09-10,0.254933
2007-09-11,0.226177
2007-09-12,0.255222
2007-09-13,0.259966
2007-09-14,0.260204
2007-09-17,0.244712
2007-09-18,0.322005
2007-09-19,0.370887
2007-09-20,0.448089
2007-09-21,0.43775
2007-09-24,0.436324
2007-09-25,0.471584
2007-09-26,0.486831
2007-09-27,0.452713
2007-09-28,0.442515
2007-10-01,0.386899
2007-10-02,0.380703
2007-10-03,0.378819
2007-10-04,0.367508
2007-10-05,0.416174
2007-10-09,0.387623
2007-10-10,0.375645
2007-10-11,0.388183
2007-10-12,0.372893
2007-10-15,0.375096
2007-10-16,0.396426
2007-10-17,0.390428
2007-10-18,0.394266
2007-10-19,0.357849
2007-10-22,0.33041
2007-10-23,0.345087
2007-10-24,0.342391
2007-10-25,0.344108
2007-10-26,0.362853
2007-10-29,0.339222
2007-10-30,0.343833
2007-10-31,0.353339
2007-11-01,0.348211
2007-11-02,0.378842
2007-11-05,0.386865
2007-11-06,0.416165
2007-11-07,0.462929
2007-11-08,0.499954
2007-11-09,0.474951
2007-11-13,0.446177
2007-11-14,0.443834
2007-11-15,0.461831
2007-11-16,0.475664
2007-11-19,0.49015
2007-11-20,0.51355
2007-11-21,0.564922
2007-11-23,0.508714
2007-11-26,0.431821
2007-11-27,0.477921
2007-11-28,0.460881
2007-11-29,0.446215
2007-11-30,0.478157
2007-12-03,0.488555
2007-12-04,0.488529
2007-12-05,0.53078
2007-12-06,0.553554
2007-12-07,0.611728
2007-12-10,0.630125
2007-12-11,0.631168
2007-12-12,0.6032
2007-12-13,0.643772
2007-12-14,0.644673
2007-12-17,0.639385
2007-12-18,0.599255
2007-12-19,0.563615
2007-12-20,0.563822
2007-12-21,0.605576
2007-12-24,0.614771
2007-12-26,0.647603
2007-12-27,0.620512
2007-12-28,0.587533
2007-12-31,0.550499
2008-01-02,0.531644
2008-01-03,0.441325
2008-01-04,0.469875
2008-01-07,0.463356
2008-01-08,0.455297
2008-01-09,0.437327
2008-01-10,0.529256
2008-01-11,0.549523
2008-01-14,0.54311
2008-01-15,0.473999
2008-01-16,0.506978
2008-01-17,0.476882
2008-01-18,0.53047
2008-01-22,0.642806
2008-01-23,0.707492
2008-01-24,0.736652
2008-01-25,0.699278
2008-01-28,0.736086
2008-01-29,0.780839
2008-01-30,0.837605
2008-01-31,0.831523
2008-02-01,0.821473
2008-02-04,0.828358
2008-02-05,0.861038
2008-02-06,0.888322
2008-02-07,0.971646
2008-02-08,0.911475
2008-02-11,0.892251
2008-02-12,0.934252
2008-02-13,0.984345
2008-02-14,1.069958
2008-02-15,1.015626
2008-02-19,1.043357
2008-02-20,1.027239
2008-02-21,1.019465
2008-02-22,1.02675
2008-02-25,1.065552
2008-02-26,1.080559
2008-02-27,1.072506
2008-02-28,1.035814
2008-02-29,0.990973
2008-03-03,1.016284
2008-03-04,1.107995
2008-03-05,1.169258
2008-03-06,1.17202
2008-03-07,1.153979
2008-03-10,1.124499
2008-03-11,1.102133
2008-03-12,1.041175
2008-03-13,1.123578
2008-03-14,1.14044
2008-03-17,1.157729
2008-03-18,1.104807
2008-03-19,1.078054
2008-03-20,1.01052
2008-03-21,1.010396
2008-03-24,1.047434
2008-03-25,1.036042
2008-03-26,1.101775
2008-03-27,1.137302
2008-03-28,1.125403
2008-03-31,1.117485
2008-04-01,1.122251
2008-04-02,1.071703
2008-04-03,1.043924
2008-04-04,1.002346
2008-04-07,0.985112
2008-04-08,1.040157
2008-04-09,1.028598
2008-04-10,1.043668
2008-04-11,1.033934
2008-04-14,1.065837
2008-04-15,1.073247
2008-04-16,1.104325
2008-04-17,1.04051
2008-04-18,1.0293
2008-04-21,1.004001
2008-04-22,0.982499
2008-04-23,1.004021
2008-04-24,1.003334
2008-04-25,1.02094
2008-04-28,1.008358
2008-04-29,1.006248
2008-04-30,0.985169
2008-05-01,0.940426
2008-05-02,0.988176
2008-05-05,1.004596
2008-05-06,1.072884
2008-05-07,1.060565
2008-05-08,1.04791
2008-05-09,1.011856
2008-05-12,0.982069
2008-05-13,0.979895
2008-05-14,0.962901
2008-05-15,0.92558
2008-05-16,0.938191
2008-05-19,0.943605
2008-05-20,0.948026
2008-05-21,0.921292
2008-05-22,0.943119
2008-05-23,0.932348
2008-05-27,0.968266
2008-05-28,0.99332
2008-05-29,1.042605
2008-05-30,1.025024
2008-06-02,1.018521
2008-06-03,1.005185
2008-06-04,1.048831
2008-06-05,1.095097
2008-06-06,1.051586
2008-06-09,0.923874
2008-06-10,0.904029
2008-06-11,0.938417
2008-06-12,0.923686
2008-06-13,0.953879
2008-06-16,0.955729
2008-06-17,0.990041
2008-06-18,0.940654
2008-06-19,0.946417
2008-06-20,0.944186
2008-06-23,0.908975
2008-06-24,0.89435
2008-06-25,0.940536
2008-06-26,0.955307
2008-06-27,0.896571
2008-06-30,0.909886
2008-07-01,0.934318
2008-07-02,0.926449
2008-07-03,0.967055
2008-07-07,0.968099
2008-07-08,0.916753
2008-07-09,0.895694
2008-07-10,0.881619
2008-07-11,0.902886
2008-07-14,0.912484
2008-07-15,0.939892
2008-07-16,1.02677
2008-07-17,1.026709
2008-07-18,1.012243
2008-07-21,0.984287
2008-07-22,0.992609
2008-07-23,0.995393
2008-07-24,0.980936
2008-07-25,1.035362
2008-07-28,1.024638
2008-07-29,1.014128
2008-07-30,1.002578
2008-07-31,0.986785
2008-08-01,0.982715
2008-08-04,0.979535
2008-08-05,1.012571
2008-08-06,1.035255
2008-08-07,0.99093
2008-08-08,0.954045
2008-08-11,0.981675
2008-08-12,0.972002
2008-08-13,0.977703
2008-08-14,0.950805
2008-08-15,0.926048
2008-08-18,0.927868
2008-08-19,0.962556
2008-08-20,0.958065
2008-08-21,0.950313
2008-08-22,0.919609
2008-08-25,0.890401
2008-08-26,0.87603
2008-08-27,0.885104
2008-08-28,0.868963
2008-08-29,0.924669
2008-09-02,0.89843
2008-09-03,0.870901
2008-09-04,0.84951
2008-09-05,0.839186
2008-09-08,0.80269
2008-09-09,0.794924
2008-09-10,0.834411
2008-09-11,0.832085
2008-09-12,0.904315
2008-09-15,0.947943
2008-09-16,0.873509
2008-09-17,0.991341
2008-09-18,1.016186
2008-09-19,1.003962
2008-09-22,1.074831
2008-09-23,1.111957
2008-09-24,1.186023
2008-09-25,1.135982
2008-09-26,1.136675
2008-09-29,1.168872
2008-09-30,1.234727
2008-10-01,1.235972
2008-10-02,1.285979
2008-10-03,1.321813
2008-10-06,1.296557
2008-10-07,1.31597
2008-10-08,1.446289
2008-10-09,1.579349
2008-10-10,1.65909
2008-10-14,1.75532
2008-10-15,1.881339
2008-10-16,1.877722
2008-10-17,1.926484
2008-10-20,1.796609
2008-10-21,1.723203
2008-10-22,1.654669
2008-10-23,1.6085
2008-10-24,1.696657
2008-10-27,1.722651
2008-10-28,1.830238
2008-10-29,1.941971
2008-10-30,2.026534
2008-10-31,2.10211
2008-11-03,2.167744
2008-11-04,2.045791
2008-11-05,1.948135
2008-11-06,1.987311
2008-11-07,2.011628
2008-11-10,1.979151
2008-11-12,1.950868
2008-11-13,2.017662
2008-11-14,1.890588
2008-11-17,1.830416
2008-11-18,1.733859
2008-11-19,1.644153
2008-11-20,1.43731
2008-11-21,1.471928
2008-11-24,1.514535
2008-11-25,1.400141
2008-11-26,1.330178
2008-11-28,1.356147
2008-12-01,1.229131
2008-12-02,1.200085
2008-12-03,1.211231
2008-12-04,1.124218
2008-12-05,1.192376
2008-12-08,1.229733
2008-12-09,1.20758
2008-12-10,1.2381
2008-12-11,1.216671
2008-12-12,1.21564
2008-12-15,1.171685
2008-12-16,1.072699
2008-12-17,0.820377
2008-12-18,0.684202
2008-12-19,0.689296
2008-12-22,0.650792
2008-12-23,0.648955
2008-12-24,0.66403
2008-12-26,0.636772
2008-12-29,0.697639
2008-12-30,0.691314
2008-12-31,0.826808
2009-01-02,0.958012
2009-01-05,1.062528
2009-01-06,1.060181
2009-01-07,1.055292
2009-01-08,1.012083
2009-01-09,1.020376
2009-01-12,0.941416
2009-01-13,0.921998
2009-01-14,0.831887
2009-01-15,0.814783
2009-01-16,0.927982
2009-01-20,1.000538
2009-01-21,1.165937
2009-01-22,1.260291
2009-01-23,1.24893
2009-01-26,1.29512
2009-01-27,1.181141
2009-01-28,1.278741
2009-01-29,1.366413
2009-01-30,1.371593
2009-02-02,1.274676
2009-02-03,1.347281
2009-02-04,1.355822
2009-02-05,1.351072
2009-02-06,1.420875
2009-02-09,1.390458
2009-02-10,1.308778
2009-02-11,1.21545
2009-02-12,1.201164
2009-02-13,1.302968
2009-02-17,1.115847
2009-02-18,1.137424
2009-02-19,1.248687
2009-02-20,1.204814
2009-02-23,1.186568
2009-02-24,1.169816
2009-02-25,1.243786
2009-02-26,1.279755
2009-02-27,1.377796
2009-03-02,1.331009
2009-03-03,1.335635
2009-03-04,1.372834
2009-03-05,1.222659
2009-03-06,1.197383
2009-03-09,1.224552
2009-03-10,1.287854
2009-03-11,1.218978
2009-03-12,1.150348
2009-03-13,1.175591
2009-03-16,1.238501
2009-03-17,1.265304
2009-03-18,0.940636
2009-03-19,0.901606
2009-03-20,0.924347
2009-03-23,0.922313
2009-03-24,0.925925
2009-03-25,0.993488
2009-03-26,0.981941
2009-03-27,0.991637
2009-03-30,0.979501
2009-03-31,0.986556
2009-04-01,0.927692
2009-04-02,0.977386
2009-04-03,1.064938
2009-04-06,1.124757
2009-04-07,1.129913
2009-04-08,1.075656
2009-04-09,1.153802
2009-04-13,1.1314
2009-04-14,1.085003
2009-04-15,1.08123
2009-04-16,1.123064
2009-04-17,1.191086
2009-04-20,1.130816
2009-04-21,1.170098
2009-04-22,1.202894
2009-04-23,1.194384
2009-04-24,1.244381
2009-04-27,1.210111
2009-04-28,1.275614
2009-04-29,1.339514
2009-04-30,1.383504
2009-05-01,1.429579
2009-05-04,1.381963
2009-05-05,1.37678
2009-05-06,1.384906
2009-05-07,1.486963
2009-05-08,1.488452
2009-05-11,1.432665
2009-05-12,1.428078
2009-05-13,1.382894
2009-05-14,1.38747
2009-05-15,1.411303
2009-05-18,1.456285
2009-05-19,1.484849
2009-05-20,1.452103
2009-05-21,1.59107
2009-05-22,1.664208
2009-05-26,1.707627
2009-05-27,1.883445
2009-05-28,1.845097
2009-05-29,1.706284
2009-06-01,1.908058
2009-06-02,1.870525
2009-06-03,1.813244
2009-06-04,1.941824
2009-06-05,1.843185
2009-06-08,1.837015
2009-06-09,1.854886
2009-06-10,1.911381
2009-06-11,1.84516
2009-06-12,1.803597
2009-06-15,1.774962
2009-06-16,1.711651
2009-06-17,1.736544
2009-06-18,1.853679
2009-06-19,1.812052
2009-06-22,1.760474
2009-06-23,1.694862
2009-06-24,1.727989
2009-06-25,1.643921
2009-06-26,1.619407
2009-06-29,1.605598
2009-06-30,1.615651
2009-07-01,1.655093
2009-07-02,1.634095
2009-07-06,1.658839
2009-07-07,1.614718
2009-07-08,1.507427
2009-07-09,1.606125
2009-07-10,1.522975
2009-07-13,1.572454
2009-07-14,1.671677
2009-07-15,1.746163
2009-07-16,1.734543
2009-07-17,1.799906
2009-07-20,1.7516
2009-07-21,1.672542
2009-07-22,1.728925
2009-07-23,1.805368
2009-07-24,1.79769
2009-07-27,1.832236
2009-07-28,1.77943
2009-07-29,1.720851
2009-07-30,1.681705
2009-07-31,1.570377
2009-08-03,1.662307
2009-08-04,1.687314
2009-08-05,1.760086
2009-08-06,1.755132
2009-08-07,1.798716
2009-08-10,1.746442
2009-08-11,1.676173
2009-08-12,1.74213
2009-08-13,1.662156
2009-08-14,1.645367
2009-08-17,1.583262
2009-08-18,1.602411
2009-08-19,1.572891
2009-08-20,1.541709
2009-08-21,1.618019
2009-08-24,1.575193
2009-08-25,1.538317
2009-08-26,1.517713
2009-08-27,1.55574
2009-08-28,1.561414
2009-08-31,1.538553
2009-09-01,1.543378
2009-09-02,1.468663
2009-09-03,1.490993
2009-09-04,1.586981
2009-09-08,1.608243
2009-09-09,1.61921
2009-09-10,1.495486
2009-09-11,1.477023
2009-09-14,1.5278
2009-09-15,1.564789
2009-09-16,1.555953
2009-09-17,1.499917
2009-09-18,1.541981
2009-09-21,1.549594
2009-09-22,1.548892
2009-09-23,1.552167
2009-09-24,1.526141
2009-09-25,1.444132
2009-09-28,1.411525
2009-09-29,1.406552
2009-09-30,1.425745
2009-10-01,1.373369
2009-10-02,1.39136
2009-10-05,1.382341
2009-10-06,1.398983
2009-10-07,1.351052
2009-10-08,1.407455
2009-10-09,1.49577
2009-10-13,1.479243
2009-10-14,1.56281
2009-10-15,1.583423
2009-10-16,1.517759
2009-10-19,1.491816
2009-10-20,1.459159
2009-10-21,1.491592
2009-10-22,1.518036
2009-10-23,1.541837
2009-10-26,1.602769
2009-10-27,1.557962
2009-10-28,1.532469
2009-10-29,1.595526
2009-10-30,1.522781
2009-11-02,1.539437
2009-11-03,1.596194
2009-11-04,1.66678
2009-11-05,1.683
2009-11-06,1.680777
2009-11-09,1.659132
2009-11-10,1.667827
2009-11-12,1.654397
2009-11-13,1.619474
2009-11-16,1.536427
2009-11-17,1.528869
2009-11-18,1.569046
2009-11-19,1.565036
2009-11-20,1.564367
2009-11-23,1.560278
2009-11-24,1.529288
2009-11-25,1.478942
2009-11-27,1.43567
2009-11-30,1.432419
2009-12-01,1.493366
2009-12-02,1.49929
2009-12-03,1.570667
2009-12-04,1.604975
2009-12-07,1.610301
2009-12-08,1.601825
2009-12-09,1.62263
2009-12-10,1.666043
2009-12-11,1.692163
2009-12-14,1.664017
2009-12-15,1.675176
2009-12-16,1.686855
2009-12-17,1.626414
2009-12-18,1.66107
2009-12-21,1.741694
2009-12-22,1.788931
2009-12-23,1.789746
2009-12-24,1.813914
2009-12-28,1.798122
2009-12-29,1.770571
2009-12-30,1.754837
2009-12-31,1.764846
2010-01-04,1.801731
2010-01-05,1.776366
2010-01-06,1.845141
2010-01-07,1.827821
2010-01-08,1.841736
2010-01-11,1.865994
2010-01-12,1.764265
2010-01-13,1.812335
2010-01-14,1.773455
2010-01-15,1.748052
2010-01-19,1.757823
2010-01-20,1.709872
2010-01-21,1.677877
2010-01-22,1.669159
2010-01-25,1.70257
2010-01-26,1.697938
2010-01-27,1.689163
2010-01-28,1.728446
2010-01-29,1.69853
2010-02-01,1.732346
2010-02-02,1.723715
2010-02-03,1.774352
2010-02-04,1.703985
2010-02-05,1.687693
2010-02-08,1.699564
2010-02-09,1.730729
2010-02-10,1.759299
2010-02-11,1.781128
2010-02-12,1.773934
2010-02-16,1.762006
2010-02-17,1.811814
2010-02-18,1.848059
2010-02-19,1.805092
2010-02-22,1.845171
2010-02-23,1.75501
2010-02-24,1.767173
2010-02-25,1.740395
2010-02-26,1.705032
2010-03-01,1.714071
2010-03-02,1.72419
2010-03-03,1.726105
2010-03-04,1.676218
2010-03-05,1.733931
2010-03-08,1.764683
2010-03-09,1.754211
2010-03-10,1.751647
2010-03-11,1.722718
2010-03-12,1.69276
2010-03-15,1.691717
2010-03-16,1.656703
2010-03-17,1.63545
2010-03-18,1.635804
2010-03-19,1.624146
2010-03-22,1.601021
2010-03-23,1.628581
2010-03-24,1.683811
2010-03-25,1.767229
2010-03-26,1.751083
2010-03-29,1.744313
2010-03-30,1.751881
2010-03-31,1.740358
2010-04-01,1.752284
2010-04-02,1.799075
2010-04-05,1.831653
2010-04-06,1.800629
2010-04-07,1.726273
2010-04-08,1.752924
2010-04-09,1.741116
2010-04-12,1.704028
2010-04-13,1.691152
2010-04-14,1.727547
2010-04-15,1.725953
2010-04-16,1.67391
2010-04-19,1.69546
2010-04-20,1.672255
2010-04-21,1.62263
2010-04-22,1.636267
2010-04-23,1.651246
2010-04-26,1.653077
2010-04-27,1.599757
2010-04-28,1.636727
2010-04-29,1.622748
2010-04-30,1.569549
2010-05-03,1.588012
2010-05-04,1.523861
2010-05-05,1.541603
2010-05-06,1.448118
2010-05-07,1.457888
2010-05-10,1.52057
2010-05-11,1.529425
2010-05-12,1.548835
2010-05-13,1.521819
2010-05-14,1.472696
2010-05-17,1.49799
2010-05-18,1.422078
2010-05-19,1.387542
2010-05-20,1.315932
2010-05-21,1.275075
2010-05-24,1.283614
2010-05-25,1.241846
2010-05-26,1.234943
2010-05-27,1.335466
2010-05-28,1.32407
2010-06-01,1.315331
2010-06-02,1.361836
2010-06-03,1.397453
2010-06-04,1.279115
2010-06-07,1.261038
2010-06-08,1.261959
2010-06-09,1.269486
2010-06-10,1.352361
2010-06-11,1.279934
2010-06-14,1.319817
2010-06-15,1.354265
2010-06-16,1.30883
2010-06-17,1.266306
2010-06-18,1.290817
2010-06-21,1.31067
2010-06-22,1.239794
2010-06-23,1.19373
2010-06-24,1.225581
2010-06-25,1.225389
2010-06-28,1.171453
2010-06-29,1.105006
2010-06-30,1.08723
2010-07-01,1.066444
2010-07-02,1.110417
2010-07-06,1.08601
2010-07-07,1.148952
2010-07-08,1.184891
2010-07-09,1.193727
2010-07-12,1.196892
2010-07-13,1.230444
2010-07-14,1.192529
2010-07-15,1.150343
2010-07-16,1.127121
2010-07-19,1.154197
2010-07-20,1.155666
2010-07-21,1.079355
2010-07-22,1.136781
2010-07-23,1.180079
2010-07-26,1.171763
2010-07-27,1.203229
2010-07-28,1.181802
2010-07-29,1.204372
2010-07-30,1.121064
2010-08-02,1.171124
2010-08-03,1.131953
2010-08-04,1.150206
2010-08-05,1.123229
2010-08-06,1.057722
2010-08-09,1.051494
2010-08-10,1.006958
2010-08-11,0.934716
2010-08-12,0.927709
2010-08-13,0.877514
2010-08-16,0.781403
2010-08-17,0.837742
2010-08-18,0.823738
2010-08-19,0.778475
2010-08-20,0.804386
2010-08-23,0.793197
2010-08-24,0.712861
2010-08-25,0.736628
2010-08-26,0.688826
2010-08-27,0.814096
2010-08-30,0.724108
2010-08-31,0.673069
2010-09-01,0.789597
2010-09-02,0.839061
2010-09-03,0.917585
2010-09-07,0.803071
2010-09-08,0.838037
2010-09-09,0.916839
2010-09-10,0.951267
2010-09-13,0.915308
2010-09-14,0.879831
2010-09-15,0.94068
2010-09-16,0.984631
2010-09-17,0.976573
2010-09-20,0.952055
2010-09-21,0.874894
2010-09-22,0.819087
2010-09-23,0.821249
2010-09-24,0.874533
2010-09-27,0.790945
2010-09-28,0.744185
2010-09-29,0.769646
2010-09-30,0.780782
2010-10-01,0.794291
2010-10-04,0.767847
2010-10-05,0.774464
2010-10-06,0.707414
2010-10-07,0.727509
2010-10-08,0.731316
2010-10-12,0.75255
2010-10-13,0.777945
2010-10-14,0.821057
2010-10-15,0.908906
2010-10-18,0.845228
2010-10-19,0.819707
2010-10-20,0.829527
2010-10-21,0.895115
2010-10-22,0.905905
2010-10-25,0.883059
2010-10-26,0.95618
2010-10-27,1.015934
2010-10-28,0.997928
2010-10-29,0.955722
2010-11-01,0.985644
2010-11-02,0.926376
2010-11-03,0.991709
2010-11-04,0.853972
2010-11-05,0.876098
2010-11-08,0.861149
2010-11-09,0.940683
2010-11-10,0.916696
2010-11-12,0.968634
2010-11-15,1.113785
2010-11-16,1.045598
2010-11-17,1.112506
2010-11-18,1.136484
2010-11-19,1.085635
2010-11-22,1.050538
2010-11-23,1.027177
2010-11-24,1.135798
2010-11-26,1.088748
2010-11-29,1.050488
2010-11-30,1.041097
2010-12-01,1.151103
2010-12-02,1.162046
2010-12-03,1.214502
2010-12-06,1.179515
2010-12-07,1.332267
2010-12-08,1.400843
2010-12-09,1.347585
2010-12-10,1.409206
2010-12-13,1.414425
2010-12-14,1.558486
2010-12-15,1.606023
2010-12-16,1.540721
2010-12-17,1.435888
2010-12-20,1.443046
2010-12-21,1.416862
2010-12-22,1.425448
2010-12-23,1.455029
2010-12-27,1.391618
2010-12-28,1.49838
2010-12-29,1.389012
2010-12-30,1.412062
2010-12-31,1.342635
2011-01-03,1.395761
2011-01-04,1.414268
2011-01-05,1.519445
2011-01-06,1.461892
2011-01-07,1.422551
2011-01-10,1.407393
2011-01-11,1.448857
2011-01-12,1.455437
2011-01-13,1.441513
2011-01-14,1.450196
2011-01-18,1.476257
2011-01-19,1.468512
2011-01-20,1.542697
2011-01-21,1.511275
2011-01-24,1.501542
2011-01-25,1.418909
2011-01-26,1.524295
2011-01-27,1.513455
2011-01-28,1.449574
2011-01-31,1.508356
2011-02-01,1.54966
2011-02-02,1.535528
2011-02-03,1.570055
2011-02-04,1.633386
2011-02-07,1.622852
2011-02-08,1.648348
2011-02-09,1.578545
2011-02-10,1.601276
2011-02-11,1.542006
2011-02-14,1.522599
2011-02-15,1.503767
2011-02-16,1.515253
2011-02-17,1.504301
2011-02-18,1.526611
2011-02-22,1.438572
2011-02-23,1.45463
2011-02-24,1.41503
2011-02-25,1.390563
2011-02-28,1.399832
2011-03-01,1.401766
2011-03-02,1.439349
2011-03-03,1.505289
2011-03-04,1.461169
2011-03-07,1.477638
2011-03-08,1.527439
2011-03-09,1.477704
2011-03-10,1.427341
2011-03-11,1.458214
2011-03-14,1.43382
2011-03-15,1.401277
2011-03-16,1.332891
2011-03-17,1.357728
2011-03-18,1.354061
2011-03-21,1.358976
2011-03-22,1.368555
2011-03-23,1.385965
2011-03-24,1.423212
2011-03-25,1.430118
2011-03-28,1.416957
2011-03-29,1.440568
2011-03-30,1.43296
2011-03-31,1.416491
2011-04-01,1.39795
2011-04-04,1.414935
2011-04-05,1.426363
2011-04-06,1.475049
2011-04-07,1.523095
2011-04-08,1.527628
2011-04-11,1.537284
2011-04-12,1.507947
2011-04-13,1.483948
2011-04-14,1.48924
2011-04-15,1.430598
2011-04-18,1.43535
2011-04-19,1.423003
2011-04-20,1.449521
2011-04-21,1.434661
2011-04-25,1.403825
2011-04-26,1.394197
2011-04-27,1.441263
2011-04-28,1.428123
2011-04-29,1.420954
2011-05-02,1.419873
2011-05-03,1.401273
2011-05-04,1.357598
2011-05-05,1.314732
2011-05-06,1.326954
2011-05-09,1.315132
2011-05-10,1.354741
2011-05-11,1.334193
2011-05-12,1.352925
2011-05-13,1.314932
2011-05-16,1.295248
2011-05-17,1.278809
2011-05-18,1.297241
2011-05-19,1.306037
2011-05-20,1.301868
2011-05-23,1.27415
2011-05-24,1.267094
2011-05-25,1.284658
2011-05-26,1.248855
2011-05-27,1.269518
2011-05-31,1.259543
2011-06-01,1.185542
2011-06-02,1.241893
2011-06-03,1.221369
2011-06-06,1.234812
2011-06-07,1.253585
2011-06-08,1.219123
2011-06-09,1.243606
2011-06-10,1.21931
2011-06-13,1.236989
2011-06-14,1.31885
2011-06-15,1.230617
2011-06-16,1.177965
2011-06-17,1.195432
2011-06-20,1.211877
2011-06-21,1.243917
2011-06-22,1.257474
2011-06-23,1.204803
2011-06-24,1.1827
2011-06-27,1.226617
2011-06-28,1.291274
2011-06-29,1.375592
2011-06-30,1.404755
2011-07-01,1.422464
2011-07-05,1.404213
2011-07-06,1.382099
2011-07-07,1.397651
2011-07-08,1.311427
2011-07-11,1.253234
2011-07-12,1.217913
2011-07-13,1.202222
2011-07-14,1.25907
2011-07-15,1.238176
2011-07-18,1.251452
2011-07-19,1.186824
2011-07-20,1.227436
2011-07-21,1.289708
2011-07-22,1.249876
2011-07-25,1.282087
2011-07-26,1.240784
2011-07-27,1.247799
2011-07-28,1.228427
2011-07-29,1.098763
2011-08-01,1.051998
2011-08-02,0.962402
2011-08-03,0.926396
2011-08-04,0.805232
2011-08-05,0.900166
2011-08-08,0.724242
2011-08-09,0.588722
2011-08-10,0.540797
2011-08-11,0.717575
2011-08-12,0.616368
2011-08-15,0.657486
2011-08-16,0.617544
2011-08-17,0.543976
2011-08-18,0.451523
2011-08-19,0.421193
2011-08-22,0.446081
2011-08-23,0.490483
2011-08-24,0.635326
2011-08-25,0.594033
2011-08-26,0.566585
2011-08-29,0.648579
2011-08-30,0.554501
2011-08-31,0.606953
2011-09-01,0.527153
2011-09-02,0.364924
2011-09-06,0.325618
2011-09-07,0.404538
2011-09-08,0.365207
2011-09-09,0.307767
2011-09-12,0.293351
2011-09-13,0.35262
2011-09-14,0.375142
2011-09-15,0.443251
2011-09-16,0.433935
2011-09-19,0.343157
2011-09-20,0.322478
2011-09-21,0.214343
2011-09-22,0.057246
2011-09-23,0.159561
2011-09-26,0.225043
2011-09-27,0.318252
2011-09-28,0.340274
2011-09-29,0.294003
2011-09-30,0.232824
2011-10-03,0.112576
2011-10-04,0.11857
2011-10-05,0.210869
2011-10-06,0.291681
2011-10-07,0.360717
2011-10-11,0.431567
2011-10-12,0.5091
2011-10-13,0.470951
2011-10-14,0.544626
2011-10-17,0.46495
2011-10-18,0.482801
2011-10-19,0.467054
2011-10-20,0.491819
2011-10-21,0.534737
2011-10-24,0.542465
2011-10-25,0.444484
2011-10-26,0.511829
2011-10-27,0.694799
2011-10-28,0.631962
2011-10-31,0.479598
2011-11-01,0.328843
2011-11-02,0.346489
2011-11-03,0.405533
2011-11-04,0.384955
2011-11-07,0.34516
2011-11-08,0.411671
2011-11-09,0.30869
2011-11-10,0.361226
2011-11-14,0.355846
2011-11-15,0.367447
2011-11-16,0.311171
2011-11-17,0.25294
2011-11-18,0.294768
2011-11-21,0.254314
2011-11-22,0.234003
2011-11-23,0.164571
2011-11-25,0.246383
2011-11-28,0.259344
2011-11-29,0.288938
2011-11-30,0.385105
2011-12-01,0.41182
2011-12-02,0.351428
2011-12-05,0.347521
2011-12-06,0.389477
2011-12-07,0.344334
2011-12-08,0.308947
2011-12-09,0.391804
2011-12-12,0.350488
2011-12-13,0.270976
2011-12-14,0.204998
2011-12-15,0.214188
2011-12-16,0.160673
2011-12-19,0.106984
2011-12-20,0.224049
2011-12-21,0.249712
2011-12-22,0.245818
2011-12-23,0.299207
2011-12-27,0.295572
2011-12-28,0.202379
2011-12-29,0.184798
2011-12-30,0.18685
2012-01-03,0.254212
2012-01-04,0.296508
2012-01-05,0.309513
2012-01-06,0.276687
2012-01-09,0.274465
2012-01-10,0.294118
2012-01-11,0.23263
2012-01-12,0.249612
2012-01-13,0.191618
2012-01-17,0.180639
2012-01-18,0.222406
2012-01-19,0.311687
2012-01-20,0.353318
2012-01-23,0.395534
2012-01-24,0.387011
2012-01-25,0.336281
2012-01-26,0.291743
2012-01-27,0.258093
2012-01-30,0.19396
2012-01-31,0.146149
2012-02-01,0.185635
2012-02-02,0.164342
2012-02-03,0.270985
2012-02-06,0.234217
2012-02-07,0.298133
2012-02-08,0.295963
2012-02-09,0.318291
2012-02-10,0.248843
2012-02-13,0.260267
2012-02-14,0.19134
2012-02-15,0.220232
2012-02-16,0.26163
2012-02-17,0.290872
2012-02-21,0.317656
2012-02-22,0.280607
2012-02-23,0.241233
2012-02-24,0.234522
2012-02-27,0.186131
2012-02-28,0.198751
2012-02-29,0.234339
2012-03-01,0.302308
2012-03-02,0.264793
2012-03-05,0.267518
2012-03-06,0.22842
2012-03-07,0.238167
2012-03-08,0.282225
2012-03-09,0.293933
2012-03-12,0.280252
2012-03-13,0.363472
2012-03-14,0.497046
2012-03-15,0.513048
2012-03-16,0.533752
2012-03-19,0.592291
2012-03-20,0.581509
2012-03-21,0.527349
2012-03-22,0.514296
2012-03-23,0.478451
2012-03-26,0.488333
2012-03-27,0.444141
2012-03-28,0.44958
2012-03-29,0.413776
2012-03-30,0.473852
2012-04-02,0.463912
2012-04-03,0.512129
2012-04-04,0.482212
2012-04-05,0.42822
2012-04-06,0.314421
2012-04-09,0.291379
2012-04-10,0.260575
2012-04-11,0.297631
2012-04-12,0.335481
2012-04-13,0.276683
2012-04-16,0.248899
2012-04-17,0.292981
2012-04-18,0.261163
2012-04-19,0.246601
2012-04-20,0.256204
2012-04-23,0.225878
2012-04-24,0.252491
2012-04-25,0.274649
2012-04-26,0.242467
2012-04-27,0.233861
2012-04-30,0.221881
2012-05-01,0.244097
2012-05-02,0.211938
2012-05-03,0.220573
2012-05-04,0.17133
2012-05-07,0.178729
2012-05-08,0.137934
2012-05-09,0.122878
2012-05-10,0.146955
2012-05-11,0.093034
2012-05-14,0.035097
2012-05-15,0.007544
2012-05-16,-0.002722
2012-05-17,-0.079993
2012-05-18,-0.075531
2012-05-21,-0.03997
2012-05-22,-0.003638
2012-05-23,-0.055238
2012-05-24,-0.022683
2012-05-25,-0.041223
2012-05-29,-0.05309
2012-05-30,-0.141579
2012-05-31,-0.187647
2012-06-01,-0.309017
2012-06-04,-0.244101
2012-06-05,-0.193003
2012-06-06,-0.114313
2012-06-07,-0.107723
2012-06-08,-0.125616
2012-06-11,-0.170852
2012-06-12,-0.119302
2012-06-13,-0.183315
2012-06-14,-0.147286
2012-06-15,-0.174904
2012-06-18,-0.186405
2012-06-19,-0.142347
2012-06-20,-0.139938
2012-06-21,-0.162879
2012-06-22,-0.097645
2012-06-25,-0.156095
2012-06-26,-0.138657
2012-06-27,-0.1496
2012-06-28,-0.199782
2012-06-29,-0.119391
2012-07-02,-0.193725
2012-07-03,-0.142838
2012-07-05,-0.16413
2012-07-06,-0.200865
2012-07-09,-0.23777
2012-07-10,-0.243865
2012-07-11,-0.246234
2012-07-12,-0.269077
2012-07-13,-0.244083
2012-07-16,-0.251361
2012-07-17,-0.223981
2012-07-18,-0.224148
2012-07-19,-0.193317
2012-07-20,-0.241206
2012-07-23,-0.259131
2012-07-24,-0.300155
2012-07-25,-0.299499
2012-07-26,-0.275382
2012-07-27,-0.16451
2012-07-30,-0.197371
2012-07-31,-0.206284
2012-08-01,-0.159804
2012-08-02,-0.217099
2012-08-03,-0.123607
2012-08-06,-0.136488
2012-08-07,-0.077051
2012-08-08,-0.068803
2012-08-09,-0.057209
2012-08-10,-0.08337
2012-08-13,-0.086837
2012-08-14,-0.015625
2012-08-15,0.053196
2012-08-16,0.092521
2012-08-17,0.072495
2012-08-20,0.071745
2012-08-21,0.051361
2012-08-22,-0.022757
2012-08-23,-0.057393
2012-08-24,-0.055553
2012-08-27,-0.085154
2012-08-28,-0.101057
2012-08-29,-0.084007
2012-08-30,-0.105919
2012-08-31,-0.150333
2012-09-04,-0.136579
2012-09-05,-0.123513
2012-09-06,-0.053069
2012-09-07,-0.059187
2012-09-10,-0.047559
2012-09-11,-0.03323
2012-09-12,0.043666
2012-09-13,0.026796
2012-09-14,0.155922
2012-09-17,0.122435
2012-09-18,0.089361
2012-09-19,0.060471
2012-09-20,0.055658
2012-09-21,0.036398
2012-09-24,-0.006896
2012-09-25,-0.05223
2012-09-26,-0.117457
2012-09-27,-0.093177
2012-09-28,-0.085339
2012-10-01,-0.095715
2012-10-02,-0.09969
2012-10-03,-0.09663
2012-10-04,-0.043782
2012-10-05,0.007533
2012-10-09,-0.015401
2012-10-10,-0.04957
2012-10-11,-0.064037
2012-10-12,-0.072265
2012-10-15,-0.064011
2012-10-16,-0.009417
2012-10-17,0.066132
2012-10-18,0.093669
2012-10-19,0.025287
2012-10-22,0.054461
2012-10-23,0.018253
2012-10-24,0.037037
2012-10-25,0.082354
2012-10-26,0.008333
2012-10-29,-0.035504
2012-10-31,-0.049408
2012-11-01,-0.019418
2012-11-02,-0.015435
2012-11-05,-0.04323
2012-11-06,0.002698
2012-11-07,-0.092303
2012-11-08,-0.142775
2012-11-09,-0.150597
2012-11-13,-0.171417
2012-11-14,-0.163837
2012-11-15,-0.172169
2012-11-16,-0.168658
2012-11-19,-0.136209
2012-11-20,-0.092474
2012-11-21,-0.07213
2012-11-23,-0.068629
2012-11-26,-0.100735
2012-11-27,-0.116908
2012-11-28,-0.132029
2012-11-29,-0.134311
2012-11-30,-0.128249
2012-12-03,-0.121159
2012-12-04,-0.132797
2012-12-05,-0.148613
2012-12-06,-0.162302
2012-12-07,-0.11499
2012-12-10,-0.117723
2012-12-11,-0.087376
2012-12-12,-0.031841
2012-12-13,-0.011103
2012-12-14,-0.021843
2012-12-17,0.036312
2012-12-18,0.078716
2012-12-19,0.064309
2012-12-20,0.058437
2012-12-21,0.019191
2012-12-24,0.032465
2012-12-26,0.012571
2012-12-27,-0.023097
2012-12-28,-0.024534
2012-12-31,0.029943
2013-01-02,0.109814
2013-01-03,0.176933
2013-01-04,0.18259
2013-01-07,0.176827
2013-01-08,0.149396
2013-01-09,0.144502
2013-01-10,0.182275
2013-01-11,0.158628
2013-01-14,0.149665
2013-01-15,0.116894
2013-01-16,0.10659
2013-01-17,0.15379
2013-01-18,0.128843
2013-01-22,0.120845
2013-01-23,0.11723
2013-01-24,0.140078
2013-01-25,0.221698
2013-01-28,0.239042
2013-01-29,0.265246
2013-01-30,0.277227
2013-01-31,0.271267
2013-02-01,0.29985
2013-02-04,0.264682
2013-02-05,0.299027
2013-02-06,0.262319
2013-02-07,0.248923
2013-02-08,0.257665
2013-02-11,0.249306
2013-02-12,0.274224
2013-02-13,0.308696
2013-02-14,0.261324
2013-02-15,0.267349
2013-02-19,0.288344
2013-02-20,0.278928
2013-02-21,0.253384
2013-02-22,0.238675
2013-02-25,0.160016
2013-02-26,0.154713
2013-02-27,0.181428
2013-02-28,0.173382
2013-03-01,0.141995
2013-03-04,0.15889
2013-03-05,0.180638
2013-03-06,0.221738
2013-03-07,0.272306
2013-03-08,0.342157
2013-03-11,0.344275
2013-03-12,0.304953
2013-03-13,0.310068
2013-03-14,0.319034
2013-03-15,0.282583
2013-03-18,0.235413
2013-03-19,0.19192
2013-03-20,0.236824
2013-03-21,0.212862
2013-03-22,0.19712
2013-03-25,0.197263
2013-03-26,0.186002
2013-03-27,0.136201
2013-03-28,0.140826
2013-04-01,0.134993
2013-04-02,0.155536
2013-04-03,0.10648
2013-04-04,0.05853
2013-04-05,-0.014961
2013-04-08,0.023719
2013-04-09,0.036375
2013-04-10,0.09127
2013-04-11,0.081708
2013-04-12,0.015085
2013-04-15,-0.0124
2013-04-16,0.017307
2013-04-17,-0.007809
2013-04-18,-0.022781
2013-04-19,-0.010394
2013-04-22,-0.014245
2013-04-23,0.000202
2013-04-24,-0.01066
2013-04-25,0.006885
2013-04-26,-0.032218
2013-04-29,-0.02552
2013-04-30,-0.014656
2013-05-01,-0.058606
2013-05-02,-0.053291
2013-05-03,0.057435
2013-05-06,0.084839
2013-05-07,0.097277
2013-05-08,0.082088
2013-05-09,0.080432
2013-05-10,0.169832
2013-05-13,0.187525
2013-05-14,0.227479
2013-05-15,0.216316
2013-05-16,0.149714
2013-05-17,0.225295
2013-05-20,0.24156
2013-05-21,0.215657
2013-05-22,0.298531
2013-05-23,0.295245
2013-05-24,0.282133
2013-05-28,0.401605
2013-05-29,0.374839
2013-05-30,0.37744
2013-05-31,0.401981
2013-06-03,0.383409
2013-06-04,0.403344
2013-06-05,0.361569
2013-06-06,0.341195
2013-06-07,0.416507
2013-06-10,0.457176
2013-06-11,0.436706
2013-06-12,0.467451
2013-06-13,0.429753
2013-06-14,0.404842
2013-06-17,0.447931
2013-06-18,0.455004
2013-06-19,0.511985
2013-06-20,0.584927
2013-06-21,0.636377
2013-06-24,0.669065
2013-06-25,0.701637
2013-06-26,0.665578
2013-06-27,0.619577
2013-06-28,0.636917
2013-07-01,0.647838
2013-07-02,0.625856
2013-07-03,0.652841
2013-07-05,0.823069
2013-07-08,0.785252
2013-07-09,0.782756
2013-07-10,0.813961
2013-07-11,0.76567
2013-07-12,0.759691
2013-07-15,0.731569
2013-07-16,0.726491
2013-07-17,0.706936
2013-07-18,0.746864
2013-07-19,0.699872
2013-07-22,0.700328
2013-07-23,0.735011
2013-07-24,0.80775
2013-07-25,0.808683
2013-07-26,0.778014
2013-07-29,0.812067
2013-07-30,0.826602
2013-07-31,0.802645
2013-08-01,0.916974
2013-08-02,0.848895
2013-08-05,0.880165
2013-08-06,0.880412
2013-08-07,0.839484
2013-08-08,0.817452
2013-08-09,0.808813
2013-08-12,0.821541
2013-08-13,0.899608
2013-08-14,0.89176
2013-08-15,0.928806
2013-08-16,0.992465
2013-08-19,1.03026
2013-08-20,0.98299
2013-08-21,1.012209
2013-08-22,0.999693
2013-08-23,0.930287
2013-08-26,0.908277
2013-08-27,0.84416
2013-08-28,0.897709
2013-08-29,0.867433
2013-08-30,0.887639
2013-09-03,0.959993
2013-09-04,0.965033
2013-09-05,1.002482
2013-09-06,0.986683
2013-09-09,0.981653
2013-09-10,1.002033
2013-09-11,0.983765
2013-09-12,0.983301
2013-09-13,0.957947
2013-09-16,0.981672
2013-09-17,0.973958
2013-09-18,0.898622
2013-09-19,0.935507
2013-09-20,0.920417
2013-09-23,0.902783
2013-09-24,0.85013
2013-09-25,0.816115
2013-09-26,0.848548
2013-09-27,0.840745
2013-09-30,0.841235
2013-10-01,0.843741
2013-10-02,0.838076
2013-10-03,0.829636
2013-10-04,0.851508
2013-10-07,0.824776
2013-10-08,0.813496
2013-10-09,0.833721
2013-10-10,0.861316
2013-10-11,0.866303
2013-10-15,0.918913
2013-10-16,0.874304
2013-10-17,0.812049
2013-10-18,0.822598
2013-10-21,0.840214
2013-10-22,0.768503
2013-10-23,0.743163
2013-10-24,0.746993
2013-10-25,0.736186
2013-10-28,0.762005
2013-10-29,0.755693
2013-10-30,0.772168
2013-10-31,0.795515
2013-11-01,0.855056
2013-11-04,0.849907
2013-11-05,0.90649
2013-11-06,0.898579
2013-11-07,0.865099
2013-11-08,0.984248
2013-11-12,0.997061
2013-11-13,0.973529
2013-11-14,0.937662
2013-11-15,0.942973
2013-11-18,0.911356
2013-11-19,0.940183
2013-11-20,1.039206
2013-11-21,1.034834
2013-11-22,0.996619
2013-11-25,0.983095
2013-11-26,0.953096
2013-11-27,0.989525
2013-11-29,1.00337
2013-12-02,1.04237
2013-12-03,1.029766
2013-12-04,1.075307
2013-12-05,1.098751
2013-12-06,1.08575
2013-12-09,1.066389
2013-12-10,1.021515
2013-12-11,1.055769
2013-12-12,1.076016
2013-12-13,1.052463
2013-12-16,1.069709
2013-12-17,1.036834
2013-12-18,1.070794
2013-12-19,1.08725
2013-12-20,1.008407
2013-12-23,1.042657
2013-12-24,1.09223
2013-12-26,1.096644
2013-12-27,1.10745
2013-12-30,1.088623
2013-12-31,1.13514
2014-01-02,1.116829
2014-01-03,1.085133
2014-01-06,1.086273
2014-01-07,1.064057
2014-01-08,1.061659
2014-01-09,1.029517
2014-01-10,0.990198
2014-01-13,0.974271
2014-01-14,0.972916
2014-01-15,0.977789
2014-01-16,0.944658
2014-01-17,0.93904
2014-01-21,0.91482
2014-01-22,0.928569
2014-01-23,0.894331
2014-01-24,0.854375
2014-01-27,0.883979
2014-01-28,0.891637
2014-01-29,0.833959
2014-01-30,0.837534
2014-01-31,0.810042
2014-02-03,0.762554
2014-02-04,0.798211
2014-02-05,0.848831
2014-02-06,0.857943
2014-02-07,0.845845
2014-02-10,0.851056
2014-02-11,0.863534
2014-02-12,0.893714
2014-02-13,0.858503
2014-02-14,0.869968
2014-02-18,0.86317
2014-02-19,0.85497
2014-02-20,0.870829
2014-02-21,0.859084
2014-02-24,0.852639
2014-02-25,0.811734
2014-02-26,0.80532
2014-02-27,0.775219
2014-02-28,0.769808
2014-03-03,0.724215
2014-03-04,0.808468
2014-03-05,0.801075
2014-03-06,0.828062
2014-03-07,0.859986
2014-03-10,0.856945
2014-03-11,0.833777
2014-03-12,0.806397
2014-03-13,0.758428
2014-03-14,0.735469
2014-03-17,0.769148
2014-03-18,0.764802
2014-03-19,0.770889
2014-03-20,0.792534
2014-03-21,0.742892
2014-03-24,0.705814
2014-03-25,0.714638
2014-03-26,0.701174
2014-03-27,0.662924
2014-03-28,0.688868
2014-03-31,0.709565
2014-04-01,0.75752
2014-04-02,0.781579
2014-04-03,0.778668
2014-04-04,0.745205
2014-04-07,0.713318
2014-04-08,0.693975
2014-04-09,0.740276
2014-04-10,0.692523
2014-04-11,0.683054
2014-04-14,0.678355
2014-04-15,0.651178
2014-04-16,0.632616
2014-04-17,0.70354
2014-04-21,0.705846
2014-04-22,0.692331
2014-04-23,0.675039
2014-04-24,0.669426
2014-04-25,0.649784
2014-04-28,0.668323
2014-04-29,0.675797
2014-04-30,0.666317
2014-05-01,0.624342
2014-05-02,0.584091
2014-05-05,0.600698
2014-05-06,0.578037
2014-05-07,0.588
2014-05-08,0.600856
2014-05-09,0.605424
2014-05-12,0.634556
2014-05-13,0.608126
2014-05-14,0.552691
2014-05-15,0.506384
2014-05-16,0.527887
2014-05-19,0.568661
2014-05-20,0.550781
2014-05-21,0.582105
2014-05-22,0.586045
2014-05-23,0.576498
2014-05-27,0.555719
2014-05-28,0.485213
2014-05-29,0.488192
2014-05-30,0.506083
2014-06-02,0.538068
2014-06-03,0.590424
2014-06-04,0.611773
2014-06-05,0.592657
2014-06-06,0.589243
2014-06-09,0.593382
2014-06-10,0.610217
2014-06-11,0.617202
2014-06-12,0.565652
2014-06-13,0.573041
2014-06-16,0.559858
2014-06-17,0.598202
2014-06-18,0.568388
2014-06-19,0.60845
2014-06-20,0.596261
2014-06-23,0.584551
2014-06-24,0.554751
2014-06-25,0.539692
2014-06-26,0.512154
2014-06-27,0.532381
2014-06-30,0.519373
2014-07-01,0.560367
2014-07-02,0.60814
2014-07-03,0.604307
2014-07-07,0.56662
2014-07-08,0.525298
2014-07-09,0.511898
2014-07-10,0.502056
2014-07-11,0.480873
2014-07-14,0.497183
2014-07-15,0.491061
2014-07-16,0.47106
2014-07-17,0.422904
2014-07-18,0.424164
2014-07-21,0.398901
2014-07-22,0.40384
2014-07-23,0.402755
2014-07-24,0.432223
2014-07-25,0.390568
2014-07-28,0.408797
2014-07-29,0.37825
2014-07-30,0.440994
2014-07-31,0.470079
2014-08-01,0.438804
2014-08-04,0.436444
2014-08-05,0.432804
2014-08-06,0.424572
2014-08-07,0.38432
2014-08-08,0.374813
2014-08-11,0.386916
2014-08-12,0.401815
2014-08-13,0.403267
2014-08-14,0.36657
2014-08-15,0.31155
2014-08-18,0.351717
2014-08-19,0.365992
2014-08-20,0.362922
2014-08-21,0.346223
2014-08-22,0.321746
2014-08-25,0.297342
2014-08-26,0.313144
2014-08-27,0.281162
2014-08-28,0.270938
2014-08-29,0.280295
2014-09-02,0.334615
2014-09-03,0.328341
2014-09-04,0.365387
2014-09-05,0.379864
2014-09-08,0.377203
2014-09-09,0.379714
2014-09-10,0.415853
2014-09-11,0.418483
2014-09-12,0.491705
2014-09-15,0.484763
2014-09-16,0.504961
2014-09-17,0.50286
2014-09-18,0.503437
2014-09-19,0.456244
2014-09-22,0.445586
2014-09-23,0.422226
2014-09-24,0.44529
2014-09-25,0.410927
2014-09-26,0.406428
2014-09-29,0.380792
2014-09-30,0.396875
2014-10-01,0.319861
2014-10-02,0.35808
2014-10-03,0.326299
2014-10-06,0.33061
2014-10-07,0.273339
2014-10-08,0.307865
2014-10-09,0.289079
2014-10-10,0.270303
2014-10-14,0.198593
2014-10-15,0.167345
2014-10-16,0.185082
2014-10-17,0.231408
2014-10-20,0.209737
2014-10-21,0.245055
2014-10-22,0.248822
2014-10-23,0.277237
2014-10-24,0.27949
2014-10-27,0.271969
2014-10-28,0.297185
2014-10-29,0.281661
2014-10-30,0.274888
2014-10-31,0.300288
2014-11-03,0.287244
2014-11-04,0.28619
2014-11-05,0.291733
2014-11-06,0.31047
2014-11-07,0.25352
2014-11-10,0.295557
2014-11-12,0.289851
2014-11-13,0.296344
2014-11-14,0.274917
2014-11-17,0.273836
2014-11-18,0.270408
2014-11-19,0.292343
2014-11-20,0.26459
2014-11-21,0.253955
2014-11-24,0.247784
2014-11-25,0.202408
2014-11-26,0.184284
2014-11-28,0.13276
2014-12-01,0.181888
2014-12-02,0.210116
2014-12-03,0.210666
2014-12-04,0.163166
2014-12-05,0.182103
2014-12-08,0.106984
2014-12-09,0.070703
2014-12-10,0.052699
2014-12-11,0.050747
2014-12-12,-0.004694
2014-12-15,-0.00209
2014-12-16,-0.067776
2014-12-17,-0.010657
2014-12-18,0.053344
2014-12-19,-0.000135
2014-12-22,-0.006061
2014-12-23,0.057977
2014-12-24,0.046085
2014-12-26,0.030415
2014-12-29,0.020964
2014-12-30,0.016362
2014-12-31,0.023879
2015-01-02,-0.006079
2015-01-05,-0.099756
2015-01-06,-0.123662
2015-01-07,-0.126728
2015-01-08,-0.060743
2015-01-09,-0.070923
2015-01-12,-0.116615
2015-01-13,-0.12939
2015-01-14,-0.158122
2015-01-15,-0.183024
2015-01-16,-0.182805
2015-01-20,-0.201991
2015-01-21,-0.144249
2015-01-22,-0.141869
2015-01-23,-0.214954
2015-01-26,-0.188283
2015-01-27,-0.199566
2015-01-28,-0.255444
2015-01-29,-0.196193
2015-01-30,-0.260639
2015-02-02,-0.24617
2015-02-03,-0.187139
2015-02-04,-0.180495
2015-02-05,-0.157334
2015-02-06,-0.133585
2015-02-09,-0.128133
2015-02-10,-0.089488
2015-02-11,-0.075539
2015-02-12,-0.072256
2015-02-13,-0.033751
2015-02-17,0.051688
2015-02-18,0.025463
2015-02-19,0.047054
2015-02-20,0.03839
2015-02-23,0.020718
2015-02-24,-0.032833
2015-02-25,-0.066346
2015-02-26,-0.044262
2015-02-27,-0.060777
2015-03-02,0.00753
2015-03-03,0.026692
2015-03-04,0.031856
2015-03-05,0.026526
2015-03-06,0.115269
2015-03-09,0.079207
2015-03-10,0.034958
2015-03-11,0.004718
2015-03-12,0.01054
2015-03-13,0.010475
2015-03-16,-0.003184
2015-03-17,-0.059711
2015-03-18,-0.114976
2015-03-19,-0.104663
2015-03-20,-0.122865
2015-03-23,-0.116313
2015-03-24,-0.149498
2015-03-25,-0.125559
2015-03-26,-0.057807
2015-03-27,-0.098364
2015-03-30,-0.068649
2015-03-31,-0.096312
2015-04-01,-0.144934
2015-04-02,-0.101145
2015-04-03,-0.13642
2015-04-06,-0.078531
2015-04-07,-0.106163
2015-04-08,-0.080114
2015-04-09,-0.053573
2015-04-10,-0.073821
2015-04-13,-0.064792
2015-04-14,-0.087903
2015-04-15,-0.075185
2015-04-16,-0.076631
2015-04-17,-0.110578
2015-04-20,-0.094902
2015-04-21,-0.05652
2015-04-22,-0.010877
2015-04-23,-0.031715
2015-04-24,-0.051111
2015-04-27,-0.068943
2015-04-28,-0.016362
2015-04-29,0.050186
2015-04-30,0.04263
2015-05-01,0.093781
2015-05-04,0.136885
2015-05-05,0.150455
2015-05-06,0.190925
2015-05-07,0.13275
2015-05-08,0.132527
2015-05-11,0.207874
2015-05-12,0.232329
2015-05-13,0.266734
2015-05-14,0.234668
2015-05-15,0.163618
2015-05-18,0.228361
2015-05-19,0.235642
2015-05-20,0.239211
2015-05-21,0.176866
2015-05-22,0.185337
2015-05-26,0.115457
2015-05-27,0.10836
2015-05-28,0.117667
2015-05-29,0.112267
2015-06-01,0.163135
2015-06-02,0.225815
2015-06-03,0.30347
2015-06-04,0.246523
2015-06-05,0.294711
2015-06-08,0.29004
2015-06-09,0.320437
2015-06-10,0.371284
2015-06-11,0.277843
2015-06-12,0.259364
2015-06-15,0.252987
2015-06-16,0.231524
2015-06-17,0.239205
2015-06-18,0.278452
2015-06-19,0.209435
2015-06-22,0.297575
2015-06-23,0.328976
2015-06-24,0.306692
2015-06-25,0.313305
2015-06-26,0.388204
2015-06-29,0.267298
2015-06-30,0.281079
2015-07-01,0.359464
2015-07-02,0.346293
2015-07-06,0.257962
2015-07-07,0.216013
2015-07-08,0.182568
2015-07-09,0.273035
2015-07-10,0.334298
2015-07-13,0.361285
2015-07-14,0.336876
2015-07-15,0.287567
2015-07-16,0.265177
2015-07-17,0.250405
2015-07-20,0.254653
2015-07-21,0.228027
2015-07-22,0.199456
2015-07-23,0.152528
2015-07-24,0.160076
2015-07-27,0.140708
2015-07-28,0.166852
2015-07-29,0.189726
2015-07-30,0.152037
2015-07-31,0.112952
2015-08-03,0.064432
2015-08-04,0.081553
2015-08-05,0.100998
2015-08-06,0.090793
2015-08-07,0.015722
2015-08-10,0.072136
2015-08-11,0.023059
2015-08-12,0.032663
2015-08-13,0.063
2015-08-14,0.061872
2015-08-17,0.035195
2015-08-18,0.07787
2015-08-19,0.027794
2015-08-20,-0.011372
2015-08-21,0.001526
2015-08-24,-0.006762
2015-08-25,0.075498
2015-08-26,0.158753
2015-08-27,0.142124
2015-08-28,0.123469
2015-08-31,0.119887
2015-09-01,0.097263
2015-09-02,0.118735
2015-09-03,0.090708
2015-09-04,0.047183
2015-09-08,0.09529
2015-09-09,0.087171
2015-09-10,0.12132
2015-09-11,0.089816
2015-09-14,0.082281
2015-09-15,0.155083
2015-09-16,0.17285
2015-09-17,0.133851
2015-09-18,0.100666
2015-09-21,0.165631
2015-09-22,0.119766
2015-09-23,0.133321
2015-09-24,0.110166
2015-09-25,0.13705
2015-09-28,0.060915
2015-09-29,0.032541
2015-09-30,0.056712
2015-10-01,0.038907
2015-10-02,0.02419
2015-10-05,0.068145
2015-10-06,0.051414
2015-10-07,0.079405
2015-10-08,0.105283
2015-10-09,0.084179
2015-10-13,0.059156
2015-10-14,0.014576
2015-10-15,0.041185
2015-10-16,0.033013
2015-10-19,0.045126
2015-10-20,0.073882
2015-10-21,0.039049
2015-10-22,0.018144
2015-10-23,0.067617
2015-10-26,0.036496
2015-10-27,0.02495
2015-10-28,0.03607
2015-10-29,0.095438
2015-10-30,0.053073
2015-11-02,0.067109
2015-11-03,0.089896
2015-11-04,0.071485
2015-11-05,0.093052
2015-11-06,0.121397
2015-11-09,0.132729
2015-11-10,0.120513
2015-11-12,0.12833
2015-11-13,0.115331
2015-11-16,0.114433
2015-11-17,0.083531
2015-11-18,0.09703
2015-11-19,0.079679
2015-11-20,0.085521
2015-11-23,0.076916
2015-11-24,0.058135
2015-11-25,0.040403
2015-11-27,0.039221
2015-11-30,0.012237
2015-12-01,-0.031054
2015-12-02,-0.021558
2015-12-03,0.084235
2015-12-04,0.032452
2015-12-07,-0.029083
2015-12-08,-0.022639
2015-12-09,-0.028296
2015-12-10,-0.00939
2015-12-11,-0.074523
2015-12-14,-0.014576
2015-12-15,0.021231
2015-12-16,0.031632
2015-12-17,-0.033301
2015-12-18,-0.055284
2015-12-21,-0.049942
2015-12-22,-0.00689
2015-12-23,0.018856
2015-12-24,-0.012654
2015-12-28,-0.027198
2015-12-29,0.028075
2015-12-30,0.038844
2015-12-31,0.002927
2016-01-04,-0.024781
2016-01-05,-0.007608
2016-01-06,-0.04906
2016-01-07,-0.055841
2016-01-08,-0.078327
2016-01-11,-0.031511
2016-01-12,-0.085555
2016-01-13,-0.111724
2016-01-14,-0.06721
2016-01-15,-0.107152
2016-01-19,-0.094074
2016-01-20,-0.116886
2016-01-21,-0.105995
2016-01-22,-0.081351
2016-01-25,-0.117472
2016-01-26,-0.125719
2016-01-27,-0.119352
2016-01-28,-0.124687
2016-01-29,-0.15636
2016-02-01,-0.150635
2016-02-02,-0.214729
2016-02-03,-0.183916
2016-02-04,-0.191062
2016-02-05,-0.212705
2016-02-08,-0.291585
2016-02-09,-0.291149
2016-02-10,-0.32662
2016-02-11,-0.366579
2016-02-12,-0.290931
2016-02-16,-0.267512
2016-02-17,-0.24002
2016-02-18,-0.286963
2016-02-19,-0.299644
2016-02-22,-0.296258
2016-02-23,-0.312595
2016-02-24,-0.303528
2016-02-25,-0.323292
2016-02-26,-0.306653
2016-02-29,-0.327748
2016-03-01,-0.270185
2016-03-02,-0.267938
2016-03-03,-0.275325
2016-03-04,-0.245419
2016-03-07,-0.232556
2016-03-08,-0.2907
2016-03-09,-0.248995
2016-03-10,-0.229542
2016-03-11,-0.211963
2016-03-14,-0.21629
2016-03-15,-0.227202
2016-03-16,-0.217009
2016-03-17,-0.231487
2016-03-18,-0.239166
2016-03-21,-0.203537
2016-03-22,-0.20052
2016-03-23,-0.248133
2016-03-24,-0.234605
2016-03-28,-0.247578
2016-03-29,-0.272185
2016-03-30,-0.242169
2016-03-31,-0.274815
2016-04-01,-0.27846
2016-04-04,-0.285388
2016-04-05,-0.325993
2016-04-06,-0.300512
2016-04-07,-0.337911
2016-04-08,-0.316191
2016-04-11,-0.309464
2016-04-12,-0.281249
2016-04-13,-0.300336
2016-04-14,-0.280482
2016-04-15,-0.301989
2016-04-18,-0.28176
2016-04-19,-0.279134
2016-04-20,-0.234218
2016-04-21,-0.221262
2016-04-22,-0.211636
2016-04-25,-0.202555
2016-04-26,-0.179697
2016-04-27,-0.245684
2016-04-28,-0.253914
2016-04-29,-0.261433
2016-05-02,-0.225272
2016-05-03,-0.26598
2016-05-04,-0.276272
2016-05-05,-0.293819
2016-05-06,-0.281316
2016-05-09,-0.28934
2016-05-10,-0.294299
2016-05-11,-0.317251
2016-05-12,-0.306771
2016-05-13,-0.347164
2016-05-16,-0.321375
2016-05-17,-0.338142
2016-05-18,-0.276538
2016-05-19,-0.292163
2016-05-20,-0.299925
2016-05-23,-0.313191
2016-05-24,-0.30324
2016-05-25,-0.296694
2016-05-26,-0.317982
2016-05-27,-0.320438
2016-05-31,-0.329865
2016-06-01,-0.329303
2016-06-02,-0.368579
2016-06-03,-0.409418
2016-06-06,-0.389114
2016-06-07,-0.391363
2016-06-08,-0.400325
2016-06-09,-0.421074
2016-06-10,-0.45193
2016-06-13,-0.452119
2016-06-14,-0.450916
2016-06-15,-0.445779
2016-06-16,-0.475316
2016-06-17,-0.436997
2016-06-20,-0.412402
2016-06-21,-0.382662
2016-06-22,-0.392541
2016-06-23,-0.363339
2016-06-24,-0.466728
2016-06-27,-0.549686
2016-06-28,-0.54986
2016-06-29,-0.52642
2016-06-30,-0.520658
2016-07-01,-0.551687
2016-07-05,-0.628685
2016-07-06,-0.624404
2016-07-07,-0.624017
2016-07-08,-0.657454
2016-07-11,-0.619935
2016-07-12,-0.54736
2016-07-13,-0.586327
2016-07-14,-0.541984
2016-07-15,-0.497541
2016-07-18,-0.500019
2016-07-19,-0.520607
2016-07-20,-0.498759
2016-07-21,-0.504075
2016-07-22,-0.507694
2016-07-25,-0.511985
2016-07-26,-0.535178
2016-07-27,-0.558018
2016-07-28,-0.55925
2016-07-29,-0.590003
2016-08-01,-0.544922
2016-08-02,-0.510355
2016-08-03,-0.508736
2016-08-04,-0.53387
2016-08-05,-0.497557
2016-08-08,-0.503276
2016-08-09,-0.538799
2016-08-10,-0.55522
2016-08-11,-0.5248
2016-08-12,-0.558405
2016-08-15,-0.521174
2016-08-16,-0.515746
2016-08-17,-0.52334
2016-08-18,-0.535455
2016-08-19,-0.512145
2016-08-22,-0.549991
2016-08-23,-0.539501
2016-08-24,-0.547518
2016-08-25,-0.530767
2016-08-26,-0.51221
2016-08-29,-0.554072
2016-08-30,-0.5522
2016-08-31,-0.558313
2016-09-01,-0.564766
2016-09-02,-0.523282
2016-09-06,-0.557509
2016-09-07,-0.571281
2016-09-08,-0.516529
2016-09-09,-0.487053
2016-09-12,-0.472057
2016-09-13,-0.423634
2016-09-14,-0.439638
2016-09-15,-0.408299
2016-09-16,-0.435394
2016-09-19,-0.426498
2016-09-20,-0.442305
2016-09-21,-0.459735
2016-09-22,-0.480809
2016-09-23,-0.479541
2016-09-26,-0.499778
2016-09-27,-0.52348
2016-09-28,-0.524276
2016-09-29,-0.534572
2016-09-30,-0.512008
2016-10-03,-0.508104
2016-10-04,-0.456623
2016-10-05,-0.431291
2016-10-06,-0.417806
2016-10-07,-0.422668
2016-10-11,-0.406105
2016-10-12,-0.385807
2016-10-13,-0.412285
2016-10-14,-0.354234
2016-10-17,-0.368138
2016-10-18,-0.377506
2016-10-19,-0.385671
2016-10-20,-0.381536
2016-10-21,-0.404875
2016-10-24,-0.377217
2016-10-25,-0.390331
2016-10-26,-0.368024
2016-10-27,-0.318818
2016-10-28,-0.301531
2016-10-31,-0.326851
2016-11-01,-0.317446
2016-11-02,-0.331355
2016-11-03,-0.314187
2016-11-04,-0.338952
2016-11-07,-0.308665
2016-11-08,-0.302384
2016-11-09,-0.134729
2016-11-10,-0.089392
2016-11-14,-0.056377
2016-11-15,-0.064072
2016-11-16,-0.068
2016-11-17,-0.013077
2016-11-18,0.015969
2016-11-21,0.005511
2016-11-22,0.004685
2016-11-23,0.013893
2016-11-25,0.014001
2016-11-28,-0.01769
2016-11-29,-0.030366
2016-11-30,0.024494
2016-12-01,0.09419
2016-12-02,0.064525
2016-12-05,0.044597
2016-12-06,0.055309
2016-12-07,0.025871
2016-12-08,0.080801
2016-12-09,0.127687
2016-12-12,0.124205
2016-12-13,0.11718
2016-12-14,0.121542
2016-12-15,0.159373
2016-12-16,0.171847
2016-12-19,0.132476
2016-12-20,0.167279
2016-12-21,0.142695
2016-12-22,0.146538
2016-12-23,0.138218
2016-12-27,0.141823
2016-12-28,0.109426
2016-12-29,0.10575
2016-12-30,0.068339
2017-01-03,0.053353
2017-01-04,0.072955
2017-01-05,0.018681
2017-01-06,0.03688
2017-01-09,0.006151
2017-01-10,0.02113
2017-01-11,-0.002752
2017-01-12,0.000288
2017-01-13,0.011191
2017-01-17,-0.019945
2017-01-18,0.028223
2017-01-19,0.071737
2017-01-20,0.081359
2017-01-23,0.05444
2017-01-24,0.086052
2017-01-25,0.131811
2017-01-26,0.127021
2017-01-27,0.097662
2017-01-30,0.103077
2017-01-31,0.071157
2017-02-01,0.090345
2017-02-02,0.098432
2017-02-03,0.105927
2017-02-06,0.06353
2017-02-07,0.036366
2017-02-08,-0.009826
2017-02-09,0.04245
2017-02-10,0.052793
2017-02-13,0.055487
2017-02-14,0.068175
2017-02-15,0.085553
2017-02-16,0.062927
2017-02-17,0.038909
2017-02-21,0.034831
2017-02-22,0.033643
2017-02-23,0.002613
2017-02-24,-0.03276
2017-02-27,-0.010368
2017-02-28,-0.037546
2017-03-01,0.003384
2017-03-02,-0.000525
2017-03-03,0.004113
2017-03-06,0.003882
2017-03-07,-0.009257
2017-03-08,0.011075
2017-03-09,0.043395
2017-03-10,0.031897
2017-03-13,0.033912
2017-03-14,0.014949
2017-03-15,-0.031521
2017-03-16,-0.001986
2017-03-17,-0.013328
2017-03-20,-0.038939
2017-03-21,-0.065431
2017-03-22,-0.072262
2017-03-23,-0.066629
2017-03-24,-0.090159
2017-03-27,-0.106459
2017-03-28,-0.094375
2017-03-29,-0.117276
2017-03-30,-0.076376
2017-03-31,-0.092592
2017-04-03,-0.121567
2017-04-04,-0.105306
2017-04-05,-0.11912
2017-04-06,-0.116416
2017-04-07,-0.114151
2017-04-10,-0.128224
2017-04-11,-0.156601
2017-04-12,-0.176252
2017-04-13,-0.202662
2017-04-17,-0.1864
2017-04-18,-0.238704
2017-04-19,-0.212701
2017-04-20,-0.194001
2017-04-21,-0.198284
2017-04-24,-0.173742
2017-04-25,-0.133835
2017-04-26,-0.152232
2017-04-27,-0.158499
2017-04-28,-0.186345
2017-05-01,-0.146181
2017-05-02,-0.167856
2017-05-03,-0.158648
2017-05-04,-0.142184
2017-05-05,-0.148777
2017-05-08,-0.114731
2017-05-09,-0.115933
2017-05-10,-0.108439
2017-05-11,-0.127859
2017-05-12,-0.153647
2017-05-15,-0.142608
2017-05-16,-0.152718
2017-05-17,-0.216633
2017-05-18,-0.220337
2017-05-19,-0.222215
2017-05-22,-0.231228
2017-05-23,-0.21465
2017-05-24,-0.218218
2017-05-25,-0.239474
2017-05-26,-0.244647
2017-05-30,-0.270632
2017-05-31,-0.295285
2017-06-01,-0.288004
2017-06-02,-0.325923
2017-06-05,-0.298156
2017-06-06,-0.32976
2017-06-07,-0.322888
2017-06-08,-0.320787
2017-06-09,-0.309973
2017-06-12,-0.296617
2017-06-13,-0.315244
2017-06-14,-0.366227
2017-06-15,-0.358722
2017-06-16,-0.364338
2017-06-19,-0.353056
2017-06-20,-0.378935
2017-06-21,-0.37378
2017-06-22,-0.379343
2017-06-23,-0.37236
2017-06-26,-0.380259
2017-06-27,-0.332715
2017-06-28,-0.306849
2017-06-29,-0.268325
2017-06-30,-0.250975
2017-07-03,-0.223834
2017-07-05,-0.245071
2017-07-06,-0.199401
2017-07-07,-0.183286
2017-07-10,-0.188459
2017-07-11,-0.199489
2017-07-12,-0.216609
2017-07-13,-0.203241
2017-07-14,-0.20677
2017-07-17,-0.217775
2017-07-18,-0.249535
2017-07-19,-0.244069
2017-07-20,-0.247393
2017-07-21,-0.26958
2017-07-24,-0.265392
2017-07-25,-0.214454
2017-07-26,-0.226877
2017-07-27,-0.206526
2017-07-28,-0.221644
2017-07-31,-0.232626
2017-08-01,-0.259755
2017-08-02,-0.260927
2017-08-03,-0.281615
2017-08-04,-0.255414
2017-08-07,-0.268412
2017-08-08,-0.24528
2017-08-09,-0.277106
2017-08-10,-0.303073
2017-08-11,-0.309077
2017-08-14,-0.28317
2017-08-15,-0.253322
2017-08-16,-0.276435
2017-08-17,-0.31157
2017-08-18,-0.302731
2017-08-21,-0.321597
2017-08-22,-0.293379
2017-08-23,-0.326636
2017-08-24,-0.313155
2017-08-25,-0.334717
2017-08-28,-0.337877
2017-08-29,-0.363639
2017-08-30,-0.356967
2017-08-31,-0.382511
2017-09-01,-0.346283
2017-09-05,-0.41093
2017-09-06,-0.389172
2017-09-07,-0.431901
2017-09-08,-0.421372
2017-09-11,-0.372554
2017-09-12,-0.351239
2017-09-13,-0.328532
2017-09-14,-0.346912
2017-09-15,-0.347739
2017-09-18,-0.331997
2017-09-19,-0.324776
2017-09-20,-0.305643
2017-09-21,-0.315709
2017-09-22,-0.320792
2017-09-25,-0.352567
2017-09-26,-0.339241
2017-09-27,-0.288037
2017-09-28,-0.277292
2017-09-29,-0.273973
2017-10-02,-0.27156
2017-10-03,-0.280536
2017-10-04,-0.28262
2017-10-05,-0.269542
2017-10-06,-0.269731
2017-10-10,-0.284663
2017-10-11,-0.2916
2017-10-12,-0.307696
2017-10-13,-0.345886
2017-10-16,-0.343217
2017-10-17,-0.346811
2017-10-18,-0.313941
2017-10-19,-0.325909
2017-10-20,-0.283738
2017-10-23,-0.284666
2017-10-24,-0.257715
2017-10-25,-0.234735
2017-10-26,-0.229612
2017-10-27,-0.259151
2017-10-30,-0.294207
2017-10-31,-0.301569
2017-11-01,-0.316669
2017-11-02,-0.332443
2017-11-03,-0.353789
2017-11-06,-0.372658
2017-11-07,-0.389251
2017-11-08,-0.377309
2017-11-09,-0.359902
2017-11-10,-0.306718
2017-11-13,-0.322301
2017-11-14,-0.342182
2017-11-15,-0.389935
2017-11-16,-0.370178
2017-11-17,-0.392355
2017-11-20,-0.386819
2017-11-21,-0.401778
2017-11-22,-0.41375
2017-11-24,-0.407527
2017-11-27,-0.418523
2017-11-28,-0.413867
2017-11-29,-0.381688
2017-11-30,-0.358228
2017-12-01,-0.413131
2017-12-04,-0.419164
2017-12-05,-0.451202
2017-12-06,-0.465227
2017-12-07,-0.423263
2017-12-08,-0.416384
2017-12-11,-0.423427
2017-12-12,-0.41569
2017-12-13,-0.433864
2017-12-14,-0.457529
2017-12-15,-0.474921
2017-12-18,-0.43023
2017-12-19,-0.371546
2017-12-20,-0.343313
2017-12-21,-0.363342
2017-12-22,-0.374684
2017-12-26,-0.396047
2017-12-27,-0.437624
2017-12-28,-0.430787
2017-12-29,-0.448061
2018-01-02,-0.414019
2018-01-03,-0.429704
2018-01-04,-0.437168
2018-01-05,-0.423102
2018-01-08,-0.416295
2018-01-09,-0.356447
2018-01-10,-0.353047
2018-01-11,-0.365828
2018-01-12,-0.371975
2018-01-16,-0.390052
2018-01-17,-0.377535
2018-01-18,-0.331559
2018-01-19,-0.325158
2018-01-22,-0.312923
2018-01-23,-0.335989
2018-01-24,-0.321177
2018-01-25,-0.351896
2018-01-26,-0.341591
2018-01-29,-0.310996
2018-01-30,-0.280585
2018-01-31,-0.304186
2018-02-01,-0.247161
2018-02-02,-0.18447
2018-02-05,-0.217712
2018-02-06,-0.221591
2018-02-07,-0.181315
2018-02-08,-0.163372
2018-02-09,-0.148464
2018-02-12,-0.159654
2018-02-13,-0.189986
2018-02-14,-0.147387
2018-02-15,-0.168357
2018-02-16,-0.189746
2018-02-20,-0.195489
2018-02-21,-0.150875
2018-02-22,-0.163076
2018-02-23,-0.203687
2018-02-26,-0.20559
2018-02-27,-0.189716
2018-02-28,-0.219565
2018-03-01,-0.256601
2018-03-02,-0.217888
2018-03-05,-0.199174
2018-03-06,-0.210299
2018-03-07,-0.20803
2018-03-08,-0.232294
2018-03-09,-0.212188
2018-03-12,-0.240564
2018-03-13,-0.260344
2018-03-14,-0.287257
2018-03-15,-0.296331
2018-03-16,-0.280741
2018-03-19,-0.283699
2018-03-20,-0.265857
2018-03-21,-0.247677
2018-03-22,-0.301079
2018-03-23,-0.294756
2018-03-26,-0.286639
2018-03-27,-0.332739
2018-03-28,-0.346753
2018-03-29,-0.377017
2018-04-02,-0.366755
2018-04-03,-0.339857
2018-04-04,-0.336038
2018-04-05,-0.307499
2018-04-06,-0.351879
2018-04-09,-0.350145
2018-04-10,-0.347094
2018-04-11,-0.366444
2018-04-12,-0.331914
2018-04-13,-0.351739
2018-04-16,-0.355098
2018-04-17,-0.37972
2018-04-18,-0.325906
2018-04-19,-0.301606
2018-04-20,-0.278468
2018-04-23,-0.273583
2018-04-24,-0.251772
2018-04-25,-0.219169
2018-04-26,-0.249436
2018-04-27,-0.282918
2018-04-30,-0.299262
2018-05-01,-0.277593
2018-05-02,-0.277331
2018-05-03,-0.291327
2018-05-04,-0.252685
2018-05-07,-0.24411
2018-05-08,-0.230721
2018-05-09,-0.211565
2018-05-10,-0.239763
2018-05-11,-0.256376
2018-05-14,-0.240845
2018-05-15,-0.192106
2018-05-16,-0.195949
2018-05-17,-0.178204
2018-05-18,-0.20162
2018-05-21,-0.200954
2018-05-22,-0.203788
2018-05-23,-0.224351
2018-05-24,-0.266978
2018-05-25,-0.305425
2018-05-29,-0.370543
2018-05-30,-0.359784
2018-05-31,-0.378391
2018-06-01,-0.350372
2018-06-04,-0.328027
2018-06-05,-0.339267
2018-06-06,-0.300813
2018-06-07,-0.335159
2018-06-08,-0.330104
2018-06-11,-0.31997
2018-06-12,-0.268673
2018-06-13,-0.267311
2018-06-14,-0.297737
2018-06-15,-0.298066
2018-06-18,-0.29541
2018-06-19,-0.315697
2018-06-20,-0.286711
2018-06-21,-0.309731
2018-06-22,-0.307963
2018-06-25,-0.328535
2018-06-26,-0.312294
2018-06-27,-0.355827
2018-06-28,-0.352923
2018-06-29,-0.343181
2018-07-02,-0.355244
2018-07-03,-0.378658
2018-07-05,-0.380749
2018-07-06,-0.374819
2018-07-09,-0.371521
2018-07-10,-0.369105
2018-07-11,-0.373371
2018-07-12,-0.374892
2018-07-13,-0.394098
2018-07-16,-0.376475
2018-07-17,-0.376259
2018-07-18,-0.377594
2018-07-19,-0.392778
2018-07-20,-0.339467
2018-07-23,-0.291403
2018-07-24,-0.309213
2018-07-25,-0.308808
2018-07-26,-0.29535
2018-07-27,-0.317348
2018-07-30,-0.299526
2018-07-31,-0.325962
2018-08-01,-0.291223
2018-08-02,-0.292213
2018-08-03,-0.307824
2018-08-06,-0.32152
2018-08-07,-0.304934
2018-08-08,-0.307994
2018-08-09,-0.330528
2018-08-10,-0.37458
2018-08-13,-0.368496
2018-08-14,-0.357919
2018-08-15,-0.37838
2018-08-16,-0.377463
2018-08-17,-0.388768
2018-08-20,-0.410157
2018-08-21,-0.399129
2018-08-22,-0.411604
2018-08-23,-0.424205
2018-08-24,-0.425679
2018-08-27,-0.411569
2018-08-28,-0.381134
2018-08-29,-0.402003
2018-08-30,-0.414548
2018-08-31,-0.409004
2018-09-04,-0.375677
2018-09-05,-0.376577
2018-09-06,-0.386728
2018-09-07,-0.361712
2018-09-10,-0.374643
2018-09-11,-0.345323
2018-09-12,-0.364203
2018-09-13,-0.367218
2018-09-14,-0.356514
2018-09-17,-0.353832
2018-09-18,-0.307443
2018-09-19,-0.292227
2018-09-20,-0.307553
2018-09-21,-0.31585
2018-09-24,-0.30855
2018-09-25,-0.302021
2018-09-26,-0.326923
2018-09-27,-0.328644
2018-09-28,-0.324922
2018-10-01,-0.292695
2018-10-02,-0.321931
2018-10-03,-0.251995
2018-10-04,-0.214455
2018-10-05,-0.181787
2018-10-09,-0.214782
2018-10-10,-0.195234
2018-10-11,-0.257528
2018-10-12,-0.251305
2018-10-15,-0.246488
2018-10-16,-0.259709
2018-10-17,-0.235787
2018-10-18,-0.2405
2018-10-19,-0.226911
2018-10-22,-0.230443
2018-10-23,-0.243554
2018-10-24,-0.284313
2018-10-25,-0.267216
2018-10-26,-0.296554
2018-10-29,-0.30072
2018-10-30,-0.271313
2018-10-31,-0.250089
2018-11-01,-0.254051
2018-11-02,-0.209828
2018-11-05,-0.22806
2018-11-06,-0.218656
2018-11-07,-0.222243
2018-11-08,-0.219796
2018-11-09,-0.241196
2018-11-13,-0.275328
2018-11-14,-0.285783
2018-11-15,-0.283053
2018-11-16,-0.297169
2018-11-19,-0.296457
2018-11-20,-0.304985
2018-11-21,-0.306273
2018-11-23,-0.300349
2018-11-26,-0.318894
2018-11-27,-0.323951
2018-11-28,-0.38147
2018-11-29,-0.356805
2018-11-30,-0.396774
2018-12-03,-0.401532
2018-12-04,-0.468049
2018-12-06,-0.489238
2018-12-07,-0.510808
2018-12-10,-0.523529
2018-12-11,-0.497804
2018-12-12,-0.494084
2018-12-13,-0.518062
2018-12-14,-0.536252
2018-12-17,-0.545423
2018-12-18,-0.547845
2018-12-19,-0.596112
2018-12-20,-0.590543
2018-12-21,-0.568128
2018-12-24,-0.571701
2018-12-26,-0.53669
2018-12-27,-0.54797
2018-12-28,-0.571496
2018-12-31,-0.587956
2019-01-02,-0.623544
2019-01-03,-0.652608
2019-01-04,-0.613175
2019-01-07,-0.603739
2019-01-08,-0.608487
2019-01-09,-0.581832
2019-01-10,-0.579109
2019-01-11,-0.594274
2019-01-14,-0.584381
2019-01-15,-0.573969
2019-01-16,-0.574558
2019-01-17,-0.566178
2019-01-18,-0.561225
2019-01-22,-0.583987
2019-01-23,-0.574716
2019-01-24,-0.593846
2019-01-25,-0.581267
2019-01-28,-0.585036
2019-01-29,-0.604011
2019-01-30,-0.581247
2019-01-31,-0.619047
2019-02-01,-0.589787
2019-02-04,-0.56638
2019-02-05,-0.579949
2019-02-06,-0.584844
2019-02-07,-0.606295
2019-02-08,-0.611733
2019-02-11,-0.601966
2019-02-12,-0.587144
2019-02-13,-0.584227
2019-02-14,-0.60799
2019-02-15,-0.618227
2019-02-19,-0.618046
2019-02-20,-0.619535
2019-02-21,-0.596342
2019-02-22,-0.602972
2019-02-25,-0.598591
2019-02-26,-0.615381
2019-02-27,-0.57199
2019-02-28,-0.549828
2019-03-01,-0.539864
2019-03-04,-0.569575
2019-03-05,-0.578611
2019-03-06,-0.591771
2019-03-07,-0.611907
2019-03-08,-0.626066
2019-03-11,-0.617454
2019-03-12,-0.635534
2019-03-13,-0.630498
2019-03-14,-0.612239
2019-03-15,-0.636242
2019-03-18,-0.631468
2019-03-19,-0.626235
2019-03-20,-0.651801
2019-03-21,-0.657639
2019-03-22,-0.700977
2019-03-25,-0.691586
2019-03-26,-0.698161
2019-03-27,-0.713607
2019-03-28,-0.71802
2019-03-29,-0.71997
2019-04-01,-0.659121
2019-04-02,-0.664506
2019-04-03,-0.636625
2019-04-04,-0.644804
2019-04-05,-0.659012
2019-04-08,-0.647708
2019-04-09,-0.658515
2019-04-10,-0.673214
2019-04-11,-0.660202
2019-04-12,-0.629151
2019-04-15,-0.638827
2019-04-16,-0.608084
2019-04-17,-0.59869
2019-04-18,-0.619113
2019-04-22,-0.591986
2019-04-23,-0.59577
2019-04-24,-0.622043
2019-04-25,-0.617909
2019-04-26,-0.627643
2019-04-29,-0.602637
2019-04-30,-0.616319
2019-05-01,-0.625628
2019-05-02,-0.608501
2019-05-03,-0.623036
2019-05-06,-0.636977
2019-05-07,-0.6734
2019-05-08,-0.647109
2019-05-09,-0.668355
2019-05-10,-0.656013
2019-05-13,-0.68712
2019-05-14,-0.670593
2019-05-15,-0.69638
2019-05-16,-0.681855
2019-05-17,-0.691965
2019-05-20,-0.678546
2019-05-21,-0.67512
2019-05-22,-0.699817
2019-05-23,-0.745264
2019-05-24,-0.745256
2019-05-28,-0.784115
2019-05-29,-0.789017
2019-05-30,-0.814677
2019-05-31,-0.850444
2019-06-03,-0.868356
2019-06-04,-0.812494
2019-06-05,-0.792514
2019-06-06,-0.78549
2019-06-07,-0.805026
2019-06-10,-0.765295
2019-06-11,-0.77351
2019-06-12,-0.783601
2019-06-13,-0.787263
2019-06-14,-0.793819
2019-06-17,-0.801852
2019-06-18,-0.828884
2019-06-19,-0.823259
2019-06-20,-0.816633
2019-06-21,-0.781161
2019-06-24,-0.810643
2019-06-25,-0.827782
2019-06-26,-0.800665
2019-06-27,-0.827562
2019-06-28,-0.828147
2019-07-01,-0.809223
2019-07-02,-0.842033
2019-07-03,-0.867978
2019-07-05,-0.830032
2019-07-08,-0.838909
2019-07-09,-0.834051
2019-07-10,-0.793777
2019-07-11,-0.754597
2019-07-12,-0.757978
2019-07-15,-0.772079
2019-07-16,-0.758709
2019-07-17,-0.800591
2019-07-18,-0.797533
2019-07-19,-0.801065
2019-07-22,-0.799917
2019-07-23,-0.788344
2019-07-24,-0.814275
2019-07-25,-0.808159
2019-07-26,-0.821067
2019-07-29,-0.830276
2019-07-30,-0.832926
2019-07-31,-0.884697
2019-08-01,-0.932909
2019-08-02,-0.952482
2019-08-05,-1.004642
2019-08-06,-1.021873
2019-08-07,-1.021288
2019-08-08,-1.022046
2019-08-09,-1.007647
2019-08-12,-1.078843
2019-08-13,-1.090247
2019-08-14,-1.148916
2019-08-15,-1.165903
2019-08-16,-1.132382
2019-08-19,-1.096344
2019-08-20,-1.123947
2019-08-21,-1.107122
2019-08-22,-1.087463
2019-08-23,-1.137964
2019-08-26,-1.129208
2019-08-27,-1.173486
2019-08-28,-1.185594
2019-08-29,-1.166551
2019-08-30,-1.170018
2019-09-03,-1.170838
2019-09-04,-1.154003
2019-09-05,-1.099853
2019-09-06,-1.111697
2019-09-09,-1.057079
2019-09-10,-1.022944
2019-09-11,-0.998142
2019-09-12,-0.979327
2019-09-13,-0.918697
2019-09-16,-0.957497
2019-09-17,-0.97709
2019-09-18,-0.992925
2019-09-19,-1.002887
2019-09-20,-1.032316
2019-09-23,-1.037147
2019-09-24,-1.085728
2019-09-25,-1.030973
2019-09-26,-1.047177
2019-09-27,-1.047503
2019-09-30,-1.044106
2019-10-01,-1.03734
2019-10-02,-1.042178
2019-10-03,-1.050895
2019-10-04,-1.069183
2019-10-07,-1.056221
2019-10-08,-1.057633
2019-10-09,-1.02609
2019-10-10,-0.980106
2019-10-11,-0.935904
2019-10-15,-0.925287
2019-10-16,-0.914635
2019-10-17,-0.912674
2019-10-18,-0.900984
2019-10-21,-0.884134
2019-10-22,-0.900916
2019-10-23,-0.904366
2019-10-24,-0.90006
2019-10-25,-0.896948
2019-10-28,-0.859062
2019-10-29,-0.866512
2019-10-30,-0.90251
2019-10-31,-0.929148
2019-11-01,-0.923951
2019-11-04,-0.884395
2019-11-05,-0.830687
2019-11-06,-0.858424
2019-11-07,-0.783213
2019-11-08,-0.761896
2019-11-12,-0.777824
2019-11-13,-0.80055
2019-11-14,-0.825829
2019-11-15,-0.830655
2019-11-18,-0.842175
2019-11-19,-0.869448
2019-11-20,-0.902052
2019-11-21,-0.884161
2019-11-22,-0.897204
2019-11-25,-0.902096
2019-11-26,-0.915064
2019-11-27,-0.908778
2019-11-29,-0.890599
2019-12-02,-0.828663
2019-12-03,-0.906158
2019-12-04,-0.881305
2019-12-05,-0.859834
2019-12-06,-0.837117
2019-12-09,-0.847607
2019-12-10,-0.853257
2019-12-11,-0.880738
2019-12-12,-0.80427
2019-12-13,-0.848435
2019-12-16,-0.803688
2019-12-17,-0.798842
2019-12-18,-0.761957
2019-12-19,-0.760169
2019-12-20,-0.758994
2019-12-23,-0.765755
2019-12-24,-0.769669
2019-12-26,-0.773956
2019-12-27,-0.77813
2019-12-30,-0.762181
2019-12-31,-0.738799
2020-01-02,-0.769867
2020-01-03,-0.822969
2020-01-06,-0.817801
2020-01-07,-0.800108
2020-01-08,-0.771996
2020-01-09,-0.788367
2020-01-10,-0.81402
2020-01-13,-0.80122
2020-01-14,-0.82493
2020-01-15,-0.848503
2020-01-16,-0.827474
2020-01-17,-0.798575
2020-01-21,-0.8375
2020-01-22,-0.84757
2020-01-23,-0.875094
2020-01-24,-0.902027
2020-01-27,-0.965607
2020-01-28,-0.942608
2020-01-29,-0.982288
2020-01-30,-0.991043
2020-01-31,-1.018515
2020-02-03,-1.01518
2020-02-04,-0.963764
2020-02-05,-0.923732
2020-02-06,-0.943777
2020-02-07,-0.975073
2020-02-10,-0.986384
2020-02-11,-0.973839
2020-02-12,-0.943021
2020-02-13,-0.955121
2020-02-14,-0.968273
2020-02-18,-0.992013
2020-02-19,-0.987359
2020-02-20,-1.019407
2020-02-21,-1.056369
2020-02-24,-1.090906
2020-02-25,-1.113782
2020-02-26,-1.106638
2020-02-27,-1.097276
2020-02-28,-1.150103
2020-03-02,-1.125776
2020-03-03,-1.100766
2020-03-04,-1.037238
2020-03-05,-1.067659
2020-03-06,-1.183747
2020-03-09,-1.330162
2020-03-10,-1.155531
2020-03-11,-1.207048
2020-03-12,-1.074212
2020-03-13,-1.054424
2020-03-16,-1.220091
2020-03-17,-0.896991
2020-03-18,-0.758303
2020-03-19,-0.745899
2020-03-20,-0.879426
2020-03-23,-1.025743
2020-03-24,-0.998322
2020-03-25,-0.937556
2020-03-26,-0.940987
2020-03-27,-1.022395
2020-03-30,-1.034209
2020-03-31,-1.017441
2020-04-01,-1.106239
2020-04-02,-1.099462
2020-04-03,-1.085569
2020-04-06,-1.058464
2020-04-07,-1.009569
2020-04-08,-0.972764
2020-04-09,-1.001645
2020-04-13,-0.983842
2020-04-14,-0.972913
2020-04-15,-1.067752
2020-04-16,-1.093413
2020-04-17,-1.053587
2020-04-20,-1.076174
2020-04-21,-1.122514
2020-04-22,-1.077398
2020-04-23,-1.103879
2020-04-24,-1.101742
2020-04-27,-1.052665
2020-04-28,-1.093631
2020-04-29,-1.09399
2020-04-30,-1.071337
2020-05-01,-1.088156
2020-05-04,-1.077807
2020-05-05,-1.069239
2020-05-06,-1.002939
2020-05-07,-1.076673
2020-05-08,-1.028132
2020-05-11,-1.003681
2020-05-12,-1.03503
2020-05-13,-1.071586
2020-05-14,-1.085483
2020-05-15,-1.064725
2020-05-18,-0.997334
2020-05-19,-1.009226
2020-05-20,-1.033013
2020-05-21,-1.040611
2020-05-22,-1.065504
2020-05-26,-1.024736
2020-05-27,-1.047897
2020-05-28,-1.028857
2020-05-29,-1.069628
2020-06-01,-1.056199
2020-06-02,-1.045234
2020-06-03,-0.98198
2020-06-04,-0.928064
2020-06-05,-0.862893
2020-06-08,-0.88379
2020-06-09,-0.920922
2020-06-10,-0.983354
2020-06-11,-1.070565
2020-06-12,-1.03085
2020-06-15,-1.027361
2020-06-16,-0.986165
2020-06-17,-1.002617
2020-06-18,-1.03437
2020-06-19,-1.037124
2020-06-22,-1.029482
2020-06-23,-1.021214
2020-06-24,-1.046655
2020-06-25,-1.05075
2020-06-26,-1.079357
2020-06-29,-1.082086
2020-06-30,-1.057022
2020-07-01,-1.042782
2020-07-02,-1.050248
2020-07-06,-1.035497
2020-07-07,-1.07688
2020-07-08,-1.065999
2020-07-09,-1.110689
2020-07-10,-1.081183
2020-07-13,-1.088441
2020-07-14,-1.101195
2020-07-15,-1.084633
2020-07-16,-1.095609
2020-07-17,-1.081231
2020-07-20,-1.095735
2020-07-21,-1.106091
2020-07-22,-1.114063
2020-07-23,-1.132584
2020-07-24,-1.125596
2020-07-27,-1.105937
2020-07-28,-1.131841
2020-07-29,-1.12611
2020-07-30,-1.155251
2020-07-31,-1.154752
2020-08-03,-1.137077
2020-08-04,-1.178727
2020-08-05,-1.152466
2020-08-06,-1.159767
2020-08-07,-1.13557
2020-08-10,-1.123644
2020-08-11,-1.081234
2020-08-12,-1.044169
2020-08-13,-1.01982
2020-08-14,-1.014568
2020-08-17,-1.033324
2020-08-18,-1.047929
2020-08-19,-1.033519
2020-08-20,-1.066435
2020-08-21,-1.078642
2020-08-24,-1.068986
2020-08-25,-1.035752
2020-08-26,-1.027461
2020-08-27,-0.972599
2020-08-28,-0.960667
2020-08-31,-0.980689
2020-09-01,-1.020643
2020-09-02,-1.047749
2020-09-03,-1.075631
2020-09-04,-0.999161
2020-09-08,-1.022881
2020-09-09,-1.010898
2020-09-10,-1.029587
2020-09-11,-1.035008
2020-09-14,-1.034399
2020-09-15,-1.032479
2020-09-16,-1.022954
2020-09-17,-1.022789
2020-09-18,-1.009902
2020-09-21,-1.029536
2020-09-22,-1.030323
2020-09-23,-1.031247
2020-09-24,-1.04307
2020-09-25,-1.046676
2020-09-28,-1.041669
2020-09-29,-1.048574
2020-09-30,-1.019189
2020-10-01,-1.028143
2020-10-02,-1.009347
2020-10-05,-0.940541
2020-10-06,-0.957075
2020-10-07,-0.921365
2020-10-08,-0.94072
2020-10-09,-0.938755
2020-10-13,-0.973018
2020-10-14,-0.983215
2020-10-15,-0.972358
2020-10-16,-0.964217
2020-10-19,-0.947753
2020-10-20,-0.912078
2020-10-21,-0.894169
2020-10-22,-0.858438
2020-10-23,-0.875552
2020-10-26,-0.906582
2020-10-27,-0.925217
2020-10-28,-0.927535
2020-10-29,-0.874624
2020-10-30,-0.838895
2020-11-02,-0.85395
2020-11-03,-0.830558
2020-11-04,-0.932206
2020-11-05,-0.933694
2020-11-06,-0.889116
2020-11-09,-0.782827
2020-11-10,-0.763766
2020-11-12,-0.855741
2020-11-13,-0.842364
2020-11-16,-0.827722
2020-11-17,-0.864114
2020-11-18,-0.850253
2020-11-19,-0.872161
2020-11-20,-0.892546
2020-11-23,-0.867656
2020-11-24,-0.842466
2020-11-25,-0.839076
2020-11-27,-0.882955
2020-11-30,-0.870182
2020-12-01,-0.802689
2020-12-02,-0.772423
2020-12-03,-0.797737
2020-12-04,-0.747419
2020-12-07,-0.778184
2020-12-08,-0.796415
2020-12-09,-0.779805
2020-12-10,-0.802561
2020-12-11,-0.80888
2020-12-14,-0.804692
2020-12-15,-0.787019
2020-12-16,-0.784816
2020-12-17,-0.771859
2020-12-18,-0.757845
2020-12-21,-0.758296
2020-12-22,-0.780443
2020-12-23,-0.744384
2020-12-24,-0.769893
2020-12-28,-0.76929
2020-12-29,-0.763584
2020-12-30,-0.773155
2020-12-31,-0.778162
2021-01-04,-0.773465
2021-01-05,-0.746488
2021-01-06,-0.670727
2021-01-07,-0.631804
2021-01-08,-0.594296
2021-01-11,-0.576626
2021-01-12,-0.575318
2021-01-13,-0.621387
2021-01-14,-0.571611
2021-01-15,-0.60103
2021-01-19,-0.602513
2021-01-20,-0.605091
2021-01-21,-0.579829
2021-01-22,-0.600661
2021-01-25,-0.645666
2021-01-26,-0.644
2021-01-27,-0.661326
2021-01-28,-0.634066
2021-01-29,-0.585775
2021-02-01,-0.602875
2021-02-02,-0.577843
2021-02-03,-0.549688
2021-02-04,-0.537654
2021-02-05,-0.498672
2021-02-08,-0.510338
2021-02-09,-0.516733
2021-02-10,-0.540998
2021-02-11,-0.530869
2021-02-12,-0.480978
2021-02-16,-0.399813
2021-02-17,-0.39464
2021-02-18,-0.394562
2021-02-19,-0.337144
2021-02-22,-0.311951
2021-02-23,-0.308456
2021-02-24,-0.297112
2021-02-25,-0.185139
2021-02-26,-0.270023
2021-03-01,-0.244623
2021-03-02,-0.268109
2021-03-03,-0.224555
2021-03-04,-0.153641
2021-03-05,-0.151804
2021-03-08,-0.134588
2021-03-09,-0.179639
2021-03-10,-0.197559
2021-03-11,-0.178704
2021-03-12,-0.077437
2021-03-15,-0.095179
2021-03-16,-0.088042
2021-03-17,-0.059633
2021-03-18,0.007645
2021-03-19,0.026425
2021-03-22,-0.019845
2021-03-23,-0.068154
2021-03-24,-0.084736
2021-03-25,-0.065904
2021-03-26,-0.031869
2021-03-29,0.008607
2021-03-30,0.003523
2021-03-31,0.012452
2021-04-01,-0.045116
2021-04-02,-0.043198
2021-04-05,-0.01785
2021-04-06,-0.053854
2021-04-07,-0.039066
2021-04-08,-0.078449
2021-04-09,-0.061972
2021-04-12,-0.059038
2021-04-13,-0.093709
2021-04-14,-0.081172
2021-04-15,-0.158098
2021-04-16,-0.13495
2021-04-19,-0.107054
2021-04-20,-0.13588
2021-04-21,-0.142562
2021-04-22,-0.150705
2021-04-23,-0.13929
2021-04-26,-0.150626
2021-04-27,-0.104719
2021-04-28,-0.102075
2021-04-29,-0.076772
2021-04-30,-0.077261
2021-05-03,-0.091462
2021-05-04,-0.109897
2021-05-05,-0.127107
2021-05-06,-0.134261
2021-05-07,-0.097299
2021-05-10,-0.074838
2021-05-11,-0.063037
2021-05-12,-0.010566
2021-05-13,-0.033968
2021-05-14,-0.05955
2021-05-17,-0.055879
2021-05-18,-0.054201
2021-05-19,-0.023838
2021-05-20,-0.061716
2021-05-21,-0.070046
2021-05-24,-0.080608
2021-05-25,-0.124561
2021-05-26,-0.111114
2021-05-27,-0.084458
2021-05-28,-0.110067
2021-06-01,-0.077607
2021-06-02,-0.093495
2021-06-03,-0.080878
2021-06-04,-0.139531
2021-06-07,-0.137043
2021-06-08,-0.165872
2021-06-09,-0.201026
2021-06-10,-0.235627
2021-06-11,-0.235745
2021-06-14,-0.204858
2021-06-15,-0.198984
2021-06-16,-0.179805
2021-06-17,-0.254248
2021-06-18,-0.343171
2021-06-21,-0.288256
2021-06-22,-0.284097
2021-06-23,-0.280394
2021-06-24,-0.288483
2021-06-25,-0.244901
2021-06-28,-0.296705
2021-06-29,-0.29879
2021-06-30,-0.329098
2021-07-01,-0.317657
2021-07-02,-0.348399
2021-07-06,-0.396192
2021-07-07,-0.441413
2021-07-08,-0.447553
2021-07-09,-0.397233
2021-07-12,-0.392793
2021-07-13,-0.36393
2021-07-14,-0.413466
2021-07-15,-0.473924
2021-07-16,-0.464054
2021-07-19,-0.560074
2021-07-20,-0.517694
2021-07-21,-0.460234
2021-07-22,-0.484021
2021-07-23,-0.454497
2021-07-26,-0.465189
2021-07-27,-0.498536
2021-07-28,-0.501526
2021-07-29,-0.473502
2021-07-30,-0.501506
2021-08-02,-0.535862
2021-08-03,-0.54676
2021-08-04,-0.560682
2021-08-05,-0.540926
2021-08-06,-0.473582
2021-08-09,-0.459037
2021-08-10,-0.452644
2021-08-11,-0.446075
2021-08-12,-0.439489
2021-08-13,-0.50956
2021-08-16,-0.519508
2021-08-17,-0.520604
2021-08-18,-0.525637
2021-08-19,-0.554902
2021-08-20,-0.544128
2021-08-23,-0.546453
2021-08-24,-0.517592
2021-08-25,-0.462736
2021-08-26,-0.472537
2021-08-27,-0.488778
2021-08-30,-0.497194
2021-08-31,-0.483227
2021-09-01,-0.481652
2021-09-02,-0.499556
2021-09-03,-0.471222
2021-09-07,-0.434644
2021-09-08,-0.473855
2021-09-09,-0.503298
2021-09-10,-0.466946
2021-09-13,-0.487558
2021-09-14,-0.533707
2021-09-15,-0.518565
2021-09-16,-0.489488
2021-09-17,-0.465711
2021-09-20,-0.516012
2021-09-21,-0.497807
2021-09-22,-0.529543
2021-09-23,-0.452035
2021-09-24,-0.399412
2021-09-27,-0.388332
2021-09-28,-0.328962
2021-09-29,-0.307639
2021-09-30,-0.33283
2021-10-01,-0.355836
2021-10-04,-0.350692
2021-10-05,-0.312688
2021-10-06,-0.329719
2021-10-07,-0.293557
2021-10-08,-0.266485
2021-10-12,-0.313859
2021-10-13,-0.355456
2021-10-14,-0.369167
2021-10-15,-0.34311
2021-10-18,-0.358061
2021-10-19,-0.290095
2021-10-20,-0.287924
2021-10-21,-0.278127
2021-10-22,-0.315536
2021-10-25,-0.314165
2021-10-26,-0.336103
2021-10-27,-0.418729
2021-10-28,-0.384192
2021-10-29,-0.381404
2021-11-01,-0.367155
2021-11-02,-0.386461
2021-11-03,-0.368725
2021-11-04,-0.403728
2021-11-05,-0.47213
2021-11-08,-0.442178
2021-11-09,-0.486494
2021-11-10,-0.436751
2021-11-12,-0.421619
2021-11-15,-0.377262
2021-11-16,-0.370002
2021-11-17,-0.38879
2021-11-18,-0.400563
2021-11-19,-0.45082
2021-11-22,-0.389259
2021-11-23,-0.354005
2021-11-24,-0.392802
2021-11-26,-0.503896
2021-11-29,-0.474217
2021-11-30,-0.543202
2021-12-01,-0.490791
2021-12-02,-0.555619
2021-12-03,-0.625371
2021-12-06,-0.570645
2021-12-07,-0.552809
2021-12-08,-0.534252
2021-12-09,-0.560492
2021-12-10,-0.563953
2021-12-13,-0.610421
2021-12-14,-0.594704
2021-12-15,-0.576248
2021-12-16,-0.533985
2021-12-17,-0.566099
2021-12-20,-0.542521
2021-12-21,-0.520611
2021-12-22,-0.536648
2021-12-23,-0.518282
2021-12-27,-0.539574
2021-12-28,-0.533251
2021-12-29,-0.466568
2021-12-30,-0.494208
2021-12-31,-0.501567
2022-01-03,-0.415007
2022-01-04,-0.368972
2022-01-05,-0.368747
2022-01-06,-0.378011
2022-01-07,-0.333786
2022-01-10,-0.35138
2022-01-11,-0.368141
2022-01-12,-0.380454
2022-01-13,-0.403595
2022-01-14,-0.369597
2022-01-18,-0.327417
2022-01-19,-0.354242
2022-01-20,-0.367009
2022-01-21,-0.414931
2022-01-24,-0.391776
2022-01-25,-0.388853
2022-01-26,-0.378832
2022-01-27,-0.446461
2022-01-28,-0.471996
2022-01-31,-0.459352
2022-02-01,-0.452905
2022-02-02,-0.469617
2022-02-03,-0.449477
2022-02-04,-0.431563
2022-02-07,-0.426237
2022-02-08,-0.409879
2022-02-09,-0.425231
2022-02-10,-0.4597
2022-02-11,-0.505201
2022-02-14,-0.481989
2022-02-15,-0.411893
2022-02-16,-0.409309
2022-02-17,-0.440709
2022-02-18,-0.473529
2022-02-22,-0.499368
2022-02-23,-0.458819
2022-02-24,-0.438919
2022-02-25,-0.457864
2022-02-28,-0.548604
2022-03-01,-0.587533
2022-03-02,-0.517307
2022-03-03,-0.529854
2022-03-04,-0.631499
2022-03-07,-0.61544
2022-03-08,-0.575076
2022-03-09,-0.544081
2022-03-10,-0.521874
2022-03-11,-0.538054
2022-03-14,-0.440352
2022-03-15,-0.448099
2022-03-16,-0.441423
2022-03-17,-0.399559
2022-03-18,-0.468682
2022-03-21,-0.375541
2022-03-22,-0.346875
2022-03-23,-0.36764
2022-03-24,-0.363902
2022-03-25,-0.297634
2022-03-28,-0.366885
2022-03-29,-0.420627
2022-03-30,-0.457648
2022-03-31,-0.485159
2022-04-01,-0.50377
2022-04-04,-0.466987
2022-04-05,-0.393855
2022-04-06,-0.317004
2022-04-07,-0.239073
2022-04-08,-0.20928
2022-04-11,-0.178595
2022-04-12,-0.171872
2022-04-13,-0.190028
2022-04-14,-0.1135
2022-04-18,-0.081269
2022-04-19,-0.056325
2022-04-20,-0.133752
2022-04-21,-0.121314
2022-04-22,-0.137953
2022-04-25,-0.213296
2022-04-26,-0.239702
2022-04-27,-0.193669
2022-04-28,-0.187972
2022-04-29,-0.170825
2022-05-02,-0.106617
2022-05-03,-0.141979
2022-05-04,-0.111199
2022-05-05,-0.000789
2022-05-06,0.070494
2022-05-09,0.030105
2022-05-10,-0.033799
2022-05-11,-0.083816
2022-05-12,-0.136694
2022-05-13,-0.078591
2022-05-16,-0.123945
2022-05-17,-0.092164
2022-05-18,-0.171445
2022-05-19,-0.181201
2022-05-20,-0.208506
2022-05-23,-0.178557
2022-05-24,-0.260531
2022-05-25,-0.239944
2022-05-26,-0.239919
2022-05-27,-0.282838
2022-05-31,-0.221397
2022-06-01,-0.207222
2022-06-02,-0.236061
2022-06-03,-0.217653
2022-06-06,-0.161245
2022-06-07,-0.195789
2022-06-08,-0.185058
2022-06-09,-0.20909
2022-06-10,-0.183395
2022-06-13,-0.079273
2022-06-14,-0.085368
2022-06-15,-0.103619
2022-06-16,-0.295629
2022-06-17,-0.231242
2022-06-21,-0.175108
2022-06-22,-0.269552
2022-06-23,-0.305861
2022-06-24,-0.291955
2022-06-27,-0.27157
2022-06-28,-0.252559
2022-06-29,-0.308945
2022-06-30,-0.332513
2022-07-01,-0.504499
2022-07-05,-0.426847
2022-07-06,-0.392675
2022-07-07,-0.359868
2022-07-08,-0.327508
2022-07-11,-0.418588
2022-07-12,-0.461829
2022-07-13,-0.575855
2022-07-14,-0.529612
2022-07-15,-0.550699
2022-07-18,-0.535776
2022-07-19,-0.531235
2022-07-20,-0.533248
2022-07-21,-0.661228
2022-07-22,-0.71962
2022-07-25,-0.70194
2022-07-26,-0.723311
2022-07-27,-0.721001
2022-07-28,-0.757675
2022-07-29,-0.784886
2022-08-01,-0.844391
2022-08-02,-0.794098
2022-08-03,-0.830283
2022-08-04,-0.848786
2022-08-05,-0.80692
2022-08-08,-0.848287
2022-08-09,-0.859336
2022-08-10,-0.821276
2022-08-11,-0.739538
2022-08-12,-0.772758
2022-08-15,-0.804015
2022-08-16,-0.798912
2022-08-17,-0.773875
2022-08-18,-0.775
2022-08-19,-0.686627
2022-08-22,-0.677168
2022-08-23,-0.644363
2022-08-24,-0.608777
2022-08-25,-0.680707
2022-08-26,-0.687379
2022-08-29,-0.644172
2022-08-30,-0.662716
2022-08-31,-0.638933
2022-09-01,-0.559235
2022-09-02,-0.571116
2022-09-06,-0.50599
2022-09-07,-0.54912
2022-09-08,-0.556357
2022-09-09,-0.571786
2022-09-12,-0.545652
2022-09-13,-0.619041
2022-09-14,-0.656524
2022-09-15,-0.638996
2022-09-16,-0.617888
2022-09-19,-0.63622
2022-09-20,-0.550502
2022-09-21,-0.607491
2022-09-22,-0.470487
2022-09-23,-0.60356
2022-09-26,-0.486948
2022-09-27,-0.405348
2022-09-28,-0.51503
2022-09-29,-0.495043
2022-09-30,-0.463033
2022-10-03,-0.577028
2022-10-04,-0.605336
2022-10-05,-0.438473
2022-10-06,-0.39769
2022-10-07,-0.476546
2022-10-11,-0.354077
2022-10-12,-0.36841
2022-10-13,-0.377247
2022-10-14,-0.367764
2022-10-17,-0.35411
2022-10-18,-0.376017
2022-10-19,-0.356985
2022-10-20,-0.327817
2022-10-21,-0.260572
2022-10-24,-0.216777
2022-10-25,-0.398899
2022-10-26,-0.37731
2022-10-27,-0.430184
2022-10-28,-0.324377
2022-10-31,-0.323824
2022-11-01,-0.448263
2022-11-02,-0.381512
2022-11-03,-0.335591
2022-11-04,-0.264125
2022-11-07,-0.218963
2022-11-08,-0.265258
2022-11-09,-0.24847
2022-11-10,-0.576947
2022-11-14,-0.581384
2022-11-15,-0.623915
2022-11-16,-0.744626
2022-11-17,-0.715456
2022-11-18,-0.713362
2022-11-21,-0.499993
2022-11-22,-0.784811
2022-11-23,-0.835377
2022-11-25,-0.845766
2022-11-28,-0.839503
2022-11-29,-0.793617
2022-11-30,-0.806935
2022-12-01,-0.874282
2022-12-02,-0.90525
2022-12-05,-0.892899
2022-12-06,-0.949069
2022-12-07,-0.989853
2022-12-08,-0.950349
2022-12-09,-0.887166
2022-12-12,-0.893812
2022-12-13,-0.923038
2022-12-14,-0.933791
2022-12-15,-0.983816
2022-12-16,-0.908365
2022-12-19,-0.856358
2022-12-20,-0.750442
2022-12-21,-0.7243
2022-12-22,-0.764229
2022-12-23,-0.723887
2022-12-27,-0.664878
2022-12-28,-0.627053
2022-12-29,-0.675624
2022-12-30,-0.671708
2023-01-03,-0.737975
2023-01-04,-0.809797
2023-01-05,-0.840189
2023-01-06,-0.866132
2023-01-09,-0.864244
2023-01-10,-0.810931
2023-01-11,-0.853155
2023-01-12,-0.917906
2023-01-13,-0.920542
2023-01-17,-0.861283
2023-01-18,-0.963853
2023-01-19,-0.961318
2023-01-20,-0.91237
2023-01-23,-0.905214
2023-01-24,-0.951604
2023-01-25,-0.946426
2023-01-26,-0.942015
2023-01-27,-0.927397
2023-01-30,-0.923051
2023-01-31,-0.914382
2023-02-01,-0.975831
2023-02-02,-0.973229
2023-02-03,-0.962681
2023-02-06,-0.957945
2023-02-07,-0.93203
2023-02-08,-0.930156
2023-02-09,-0.929017
2023-02-10,-0.861937
2023-02-13,-0.911443
2023-02-14,-0.927678
2023-02-15,-0.677076
2023-02-16,-0.840408
2023-02-17,-0.858558
2023-02-21,-0.79267
2023-02-22,-0.605919
2023-02-23,-0.630723
2023-02-24,-0.6039
2023-02-27,-0.609831
2023-02-28,-0.618208
2023-03-01,-0.562794
2023-03-02,-0.514517
2023-03-03,-0.612335
2023-03-06,-0.8386
2023-03-07,-0.696749
2023-03-08,-0.717179
2023-03-09,-0.728048
2023-03-10,-0.865412
2023-03-13,-0.792294
2023-03-14,-0.807025
2023-03-15,-0.790087
2023-03-16,-0.814356
2023-03-17,-0.825794
2023-03-20,-0.793433
2023-03-21,-0.793624
2023-03-22,-0.812601
2023-03-23,-0.830357
2023-03-24,-0.823732
2023-03-27,-0.77352
2023-03-28,-0.777723
2023-03-29,-0.773539
2023-03-30,-0.810558
2023-03-31,-0.86503
2023-04-03,-0.890113
2023-04-04,-0.901055
2023-04-05,-0.928616
2023-04-06,-0.950227
2023-04-07,-0.928438
2023-04-10,-0.934066
2023-04-11,-0.915566
2023-04-12,-0.908393
2023-04-13,-0.875128
2023-04-14,-0.868276
2023-04-17,-0.83436
2023-04-18,-0.854733
2023-04-19,-0.853824
2023-04-20,-0.860198
2023-04-21,-0.846939
2023-04-24,-0.880505
2023-04-25,-0.914537
2023-04-26,-0.89931
2023-04-27,-0.873224
2023-04-28,-0.940953
2023-05-01,-0.846253
2023-05-02,-0.908982
2023-05-03,-0.922222
2023-05-04,-0.884506
2023-05-05,-0.875203
2023-05-08,-0.843601
2023-05-09,-0.831179
2023-05-10,-0.857492
2023-05-11,-0.916945
2023-05-12,-0.890777
2023-05-15,-0.8479
2023-05-16,-0.836809
2023-05-17,-0.843646
2023-05-18,-0.828726
2023-05-19,-0.79663
2023-05-22,-0.792572
2023-05-23,-0.809836
2023-05-24,-0.820665
2023-05-25,-0.810361
2023-05-26,-0.849092
2023-05-30,-0.900203
2023-05-31,-0.924783
2023-06-01,-0.927946
2023-06-02,-0.919508
2023-06-05,-0.906367
2023-06-06,-0.916881
2023-06-07,-0.842601
2023-06-08,-0.890158
2023-06-09,-0.907828
2023-06-12,-0.907337
2023-06-13,-0.871
2023-06-14,-0.931246
2023-06-15,-0.952476
2023-06-16,-0.962089
2023-06-20,-0.981015
2023-06-21,-0.997516
2023-06-22,-0.975321
2023-06-23,-0.989747
2023-06-26,-0.993844
2023-06-27,-1.013411
2023-06-28,-1.042751
2023-06-29,-0.843658
2023-06-30,-0.872275
2023-07-03,-0.854637
2023-07-05,-0.770955
2023-07-06,-0.712936
2023-07-07,-0.70239
2023-07-10,-0.807149
2023-07-11,-0.85885
2023-07-12,-0.886989
2023-07-13,-0.906338
2023-07-14,-0.938145
2023-07-17,-0.941317
2023-07-18,-0.96702
2023-07-19,-1.019873
2023-07-20,-0.961932
2023-07-21,-0.973052
2023-07-24,-0.951236
2023-07-25,-0.934237
2023-07-26,-0.832075
2023-07-27,-0.859577
2023-07-28,-0.889497
2023-07-31,-0.785105
2023-08-01,-0.659502
2023-08-02,-0.755141
2023-08-03,-0.664958
2023-08-04,-0.732055
2023-08-07,-0.68946
2023-08-08,-0.746431
2023-08-09,-0.779204
2023-08-10,-0.704907
2023-08-11,-0.673703
2023-08-14,-0.705337
2023-08-15,-0.654908
2023-08-16,-0.622089
2023-08-17,-0.571042
2023-08-18,-0.597824
2023-08-21,-0.54861
2023-08-22,-0.443549
2023-08-23,-0.671967
2023-08-24,-0.664795
2023-08-25,-0.677163
2023-08-28,-0.697172
2023-08-29,-0.707383
2023-08-30,-0.69645
2023-08-31,-0.713417
2023-09-01,-0.628107
2023-09-05,-0.604879
2023-09-06,-0.483842
2023-09-07,-0.610963
2023-09-08,-0.635741
2023-09-11,-0.608828
2023-09-12,-0.642265
2023-09-13,-0.643678
2023-09-14,-0.626485
2023-09-15,-0.456373
2023-09-18,-0.47459
2023-09-19,-0.485516
2023-09-20,-0.526839
2023-09-21,-0.352621
2023-09-22,-0.383429
2023-09-25,-0.282239
2023-09-26,-0.264912
2023-09-27,-0.227883
2023-09-28,-0.234357
2023-09-29,-0.218321
2023-10-02,-0.157657
2023-10-03,-0.068977
2023-10-04,-0.113641
2023-10-05,-0.101449
2023-10-06,-0.130421
2023-10-10,-0.17879
2023-10-11,-0.276496
2023-10-12,-0.131145
2023-10-13,-0.186112
2023-10-16,-0.125057
2023-10-17,-0.080243
2023-10-18,-0.077082
2023-10-19,0.043848
2023-10-20,0.030413
2023-10-23,-0.043079
2023-10-24,-0.071952
2023-10-25,0.017667
2023-10-26,-0.035826
2023-10-27,-0.03213
2023-10-30,-0.013216
2023-10-31,-0.027098
2023-11-01,-0.086726
2023-11-02,-0.192918
2023-11-03,-0.2125
2023-11-06,-0.170329
2023-11-07,-0.248189
2023-11-08,-0.269035
2023-11-09,-0.163001
2023-11-10,-0.187644
2023-11-13,-0.17892
2023-11-14,-0.309562
2023-11-15,-0.270064
2023-11-16,-0.297893
2023-11-17,-0.34062
2023-11-20,-0.365274
2023-11-21,-0.351745
2023-11-22,-0.361371
2023-11-24,-0.252316
2023-11-27,-0.369596
2023-11-28,-0.352305
2023-11-29,-0.385858
2023-11-30,-0.320804
2023-12-01,-0.395804
2023-12-04,-0.373246
2023-12-05,-0.450491
2023-12-06,-0.515806
2023-12-07,-0.48817
2023-12-08,-0.461215
2023-12-11,-0.455698
2023-12-12,-0.490596
2023-12-13,-0.523749
2023-12-14,-0.613076
2023-12-15,-0.64036
2023-12-18,-0.611054
2023-12-19,-0.614319
2023-12-20,-0.655328
2023-12-21,-0.621946
2023-12-22,-0.616773
2023-12-26,-0.619676
2023-12-27,-0.721967
2023-12-28,-0.702618
2023-12-29,-0.623329
2024-01-02,-0.592774
2024-01-03,-0.617731
2024-01-04,-0.553031
2024-01-05,-0.501017
2024-01-08,-0.527413
2024-01-09,-0.534521
2024-01-10,-0.511995
2024-01-11,-0.538017
2024-01-12,-0.524328
2024-01-16,-0.443708
2024-01-17,-0.454366
2024-01-18,-0.412308
2024-01-19,-0.413445
2024-01-22,-0.447811
2024-01-23,-0.412409
2024-01-24,-0.377418
2024-01-25,-0.399721
2024-01-26,-0.393866
2024-01-29,-0.451502
2024-01-30,-0.47664
2024-01-31,-0.520712
2024-02-01,-0.632935
2024-02-02,-0.539769
2024-02-05,-0.450878
2024-02-06,-0.493548
2024-02-07,-0.480263
2024-02-08,-0.429481
2024-02-09,-0.428837
2024-02-12,-0.430018
2024-02-13,-0.378529
2024-02-14,-0.385286
2024-02-15,-0.400543
2024-02-16,-0.376432
2024-02-20,-0.374172
2024-02-21,-0.352441
2024-02-22,-0.373478
2024-02-23,-0.425792
2024-02-26,-0.426701
2024-02-27,-0.399769
2024-02-28,-0.412927
2024-02-29,-0.431692
2024-03-01,-0.448001
2024-03-04,-0.444136
2024-03-05,-0.507184
2024-03-06,-0.546874
2024-03-07,-0.545517
2024-03-08,-0.53172
2024-03-11,-0.548569
2024-03-12,-0.520478
2024-03-13,-0.500873
2024-03-14,-0.432452
2024-03-15,-0.430501
2024-03-18,-0.412521
2024-03-19,-0.435077
2024-03-20,-0.431113
2024-03-21,-0.434239
2024-03-22,-0.47456
2024-03-25,-0.450958
2024-03-26,-0.467294
2024-03-27,-0.487999
2024-03-28,-0.506523
2024-04-01,-0.427
2024-04-02,-0.375706
2024-04-03,-0.37109
2024-04-04,-0.397447
2024-04-05,-0.367974
2024-04-08,-0.366116
2024-04-09,-0.399872
2024-04-10,-0.353898
2024-04-11,-0.33318
2024-04-12,-0.348578
2024-04-15,-0.258452
2024-04-16,-0.240639
2024-04-17,-0.296461
2024-04-18,-0.264926
2024-04-19,-0.280249
2024-04-22,-0.27486
2024-04-23,-0.262843
2024-04-24,-0.227944
2024-04-25,-0.214742
2024-04-26,-0.251042
2024-04-29,-0.279065
2024-04-30,-0.264304
2024-05-01,-0.282682
2024-05-02,-0.280006
2024-05-03,-0.306779
2024-05-06,-0.332767
2024-05-07,-0.360812
2024-05-08,-0.333882
2024-05-09,-0.350837
2024-05-10,-0.332834
2024-05-13,-0.345214
2024-05-14,-0.357777
2024-05-15,-0.405025
2024-05-16,-0.381213
2024-05-17,-0.387107
2024-05-20,-0.378905
2024-05-21,-0.398147
2024-05-22,-0.417185
2024-05-23,-0.340584
2024-05-24,-0.330967
2024-05-28,-0.358925
2024-05-29,-0.213774
2024-05-30,-0.253543
2024-05-31,-0.28046
2024-06-03,-0.406811
2024-06-04,-0.449548
2024-06-05,-0.464647
2024-06-06,-0.471761
2024-06-07,-0.416638
2024-06-10,-0.308576
2024-06-11,-0.414167
2024-06-12,-0.452662
2024-06-13,-0.483956
2024-06-14,-0.509726
2024-06-17,-0.48998
2024-06-18,-0.512915
2024-06-20,-0.490739
2024-06-21,-0.489543
2024-06-24,-0.497454
2024-06-25,-0.509699
2024-06-26,-0.454048
2024-06-27,-0.467218
2024-06-28,-0.4082
2024-07-01,-0.295816
2024-07-02,-0.328575
2024-07-03,-0.383601
2024-07-05,-0.403144
2024-07-08,-0.415395
2024-07-09,-0.391784
2024-07-10,-0.407922
2024-07-11,-0.429165
2024-07-12,-0.424678
2024-07-15,-0.372291
2024-07-16,-0.424829
2024-07-17,-0.4373
2024-07-18,-0.400719
2024-07-19,-0.37068
2024-07-22,-0.360057
2024-07-23,-0.361062
2024-07-24,-0.311584
2024-07-25,-0.339246
2024-07-26,-0.375237
2024-07-29,-0.39293
2024-07-30,-0.401386
2024-07-31,-0.446221
2024-08-01,-0.485112
2024-08-02,-0.542972
2024-08-05,-0.574983
2024-08-06,-0.508512
2024-08-07,-0.450056
2024-08-08,-0.439678
2024-08-09,-0.4628
2024-08-12,-0.476412
2024-08-13,-0.522322
2024-08-14,-0.553257
2024-08-15,-0.491365
2024-08-16,-0.519362
2024-08-19,-0.5405
2024-08-20,-0.561205
2024-08-21,-0.558876
2024-08-22,-0.524475
2024-08-23,-0.534775
2024-08-26,-0.537068
2024-08-27,-0.50143
2024-08-28,-0.497384
2024-08-29,-0.48262
2024-08-30,-0.451392
2024-09-03,-0.50527
2024-09-04,-0.527416
2024-09-05,-0.550013
2024-09-06,-0.540646
2024-09-09,-0.562098
2024-09-10,-0.577047
2024-09-11,-0.599463
2024-09-12,-0.559998
2024-09-13,-0.551396
2024-09-16,-0.561782
2024-09-17,-0.552594
2024-09-18,-0.486409
2024-09-19,-0.457605
2024-09-20,-0.452752
2024-09-23,-0.432698
2024-09-24,-0.416755
2024-09-25,-0.375284
2024-09-26,-0.395371
2024-09-27,-0.41055
2024-09-30,-0.396153
2024-10-01,-0.433113
2024-10-02,-0.397534
2024-10-03,-0.359644
2024-10-04,-0.335012
2024-10-07,-0.276933
2024-10-08,-0.298757
2024-10-09,-0.254052
2024-10-10,-0.24981
2024-10-11,-0.208404
2024-10-15,-0.296061
2024-10-16,-0.287055
2024-10-17,-0.213648
2024-10-18,-0.21526
2024-10-21,-0.145321
2024-10-22,-0.132004
2024-10-23,-0.1131
2024-10-24,-0.138907
2024-10-25,-0.114278
2024-10-28,-0.10019
2024-10-29,-0.091107
2024-10-30,-0.095617
2024-10-31,-0.119664
2024-11-01,-0.025554
2024-11-04,-0.068679
2024-11-05,-0.107964
2024-11-06,0.000431
2024-11-07,-0.065036
2024-11-08,-0.108546
2024-11-12,-0.037501
2024-11-13,0.027255
2024-11-14,-0.04405
2024-11-15,-0.011875
2024-11-18,-0.009982
2024-11-19,-0.040048
2024-11-20,-0.048333
2024-11-21,-0.050996
2024-11-22,-0.071073
2024-11-25,-0.164099
2024-11-26,-0.129572
2024-11-27,-0.158285
2024-11-29,-0.185884
2024-12-02,-0.190051
2024-12-03,-0.146871
2024-12-04,-0.153131
2024-12-05,-0.184183
2024-12-06,-0.173239
2024-12-09,-0.147027
2024-12-10,-0.133319
2024-12-11,-0.088162
2024-12-12,-0.040546
2024-12-13,0.009166
2024-12-16,-0.001564
2024-12-17,0.007225
2024-12-18,0.063381
2024-12-19,0.143564
2024-12-20,0.097701
2024-12-23,0.146291
2024-12-24,0.144211
2024-12-26,0.139865
2024-12-27,0.188869
2024-12-30,0.156671
2024-12-31,0.174804
2025-01-02,0.172604
2025-01-03,0.189189
2025-01-06,0.211732
2025-01-07,0.259091
2025-01-08,0.262817
2025-01-09,0.28173
2025-01-10,0.309741
2025-01-13,0.316564
2025-01-14,0.328271
2025-01-15,0.248309
2025-01-16,0.226536
2025-01-17,0.20134
2025-01-21,0.158469
2025-01-22,0.173946
2025-01-23,0.220402
2025-01-24,0.210934
2025-01-27,0.112839
2025-01-28,0.15639
2025-01-29,0.142465
2025-01-30,0.129873
2025-01-31,0.1642
2025-02-03,0.119214
2025-02-04,0.111051
2025-02-05,0.03972
2025-02-06,0.037275
2025-02-07,0.046265
2025-02-10,0.05702
2025-02-11,0.087279
2025-02-12,0.152484
2025-02-13,0.073699
2025-02-14,0.054819
2025-02-18,0.106978
2025-02-19,0.104629
2025-02-20,0.085583
2025-02-21,0.044708
2025-02-24,0.039881
2025-02-25,-0.01664
2025-02-26,-0.056356
2025-02-27,-0.026669
2025-02-28,-0.045242
2025-03-03,-0.092871
2025-03-04,-0.038287
2025-03-05,-0.001462
2025-03-06,0.030429
2025-03-07,0.039298
2025-03-10,-0.014432
2025-03-11,0.029254
2025-03-12,0.047801
2025-03-13,0.021786
2025-03-14,0.038413
2025-03-17,0.025016
2025-03-18,0.006947
2025-03-19,-0.023427
2025-03-20,-0.020567
2025-03-21,0.009113
2025-03-24,0.056892
2025-03-25,0.044419
2025-03-26,0.073372
2025-03-27,0.099169
2025-03-28,0.036543
2025-03-31,0.015213
2025-04-01,-0.025563
2025-04-02,-0.020106
2025-04-03,-0.075906
2025-04-04,-0.119175
2025-04-07,0.01374
2025-04-08,0.13435
2025-04-09,0.116276
2025-04-10,0.22396
2025-04-11,0.239157
2025-04-14,0.182632
2025-04-15,0.175676
2025-04-16,0.140559
2025-04-17,0.170891
2025-04-21,0.287728
2025-04-22,0.24964
2025-04-23,0.201388
2025-04-24,0.163662
2025-04-25,0.132759
2025-04-28,0.105367
2025-04-29,0.076948
2025-04-30,0.098396
2025-05-01,0.144234
2025-05-02,0.169628
2025-05-05,0.194247
2025-05-06,0.189064
2025-05-07,0.141501
2025-05-08,0.197544
2025-05-09,0.197265
2025-05-12,0.22158
2025-05-13,0.261802
2025-05-14,0.278514
2025-05-15,0.240826
2025-05-16,0.220802
2025-05-19,0.25174
2025-05-20,0.277784
2025-05-21,0.364242
2025-05-22,0.331897
2025-05-23,0.296583
2025-05-27,0.239862
2025-05-28,0.258094
2025-05-29,0.22447
2025-05-30,0.219277
2025-06-02,0.264292
2025-06-03,0.259448
2025-06-04,0.193686
2025-06-05,0.200431
2025-06-06,0.259787
2025-06-09,0.245426
2025-06-10,0.228411
2025-06-11,0.203582
2025-06-12,0.158147
2025-06-13,0.209104
2025-06-16,0.238251
2025-06-17,0.179077
2025-06-18,0.18135
2025-06-20,0.192902
2025-06-23,0.176427
2025-06-24,0.154339
2025-06-25,0.158558
2025-06-26,0.149793
2025-06-27,0.17151
2025-06-30,0.116885
2025-07-01,0.117142
2025-07-02,0.159872
2025-07-03,0.148955
2025-07-07,0.207496
2025-07-08,0.214866
2025-07-09,0.164621
2025-07-10,0.165839
2025-07-11,0.237177
2025-07-14,0.240056
2025-07-15,0.279286
2025-07-16,0.275961
2025-07-17,0.274917
2025-07-18,0.260293
2025-07-21,0.210945
2025-07-22,0.194551
2025-07-23,0.213086
2025-07-24,0.22077
2025-07-25,0.199015
2025-07-28,0.219927
2025-07-29,0.150264
2025-07-30,0.157915
2025-07-31,0.145553
2025-08-01,0.126457
2025-08-04,0.126247
2025-08-05,0.122893
2025-08-06,0.149648
2025-08-07,0.147446
2025-08-08,0.173236
2025-08-11,0.164448
2025-08-12,0.201784
2025-08-13,0.173073
2025-08-14,0.207585
2025-08-15,0.241091
2025-08-18,0.252555
2025-08-19,0.232067
2025-08-20,0.222156
2025-08-21,0.234744
2025-08-22,0.21031
2025-08-25,0.223695
2025-08-26,0.229664
2025-08-27,0.230948
2025-08-28,0.201754
2025-08-29,0.229785
2025-09-02,0.269678
2025-09-03,0.230568
2025-09-04,0.204673
2025-09-05,0.176064
2025-09-08,0.133302
2025-09-09,0.141113
2025-09-10,0.116225
2025-09-11,0.096727
2025-09-12,0.125013
2025-09-15,0.109546
2025-09-16,0.113009
2025-09-17,0.118239
2025-09-18,0.165631
2025-09-19,0.187331
2025-09-22,0.194835
2025-09-23,0.171904
2025-09-24,0.186099
2025-09-25,0.173633
2025-09-26,0.199166
2025-09-29,0.16204
2025-09-30,0.179891
2025-10-01,0.176272
2025-10-02,0.157735
2025-10-03,0.174966
2025-10-06,0.211301
2025-10-07,0.187605
2025-10-08,0.181061
2025-10-09,0.185407
2025-10-10,0.125927
2025-10-14,0.120492
2025-10-15,0.137091
2025-10-16,0.101526
2025-10-17,0.116663
2025-10-20,0.103914
2025-10-21,0.081215
2025-10-22,0.073935
2025-10-23,0.100575
2025-10-24,0.117252
2025-10-27,0.101911
2025-10-28,0.092468
2025-10-29,0.110723
2025-10-30,0.135972
2025-10-31,0.145169
2025-11-03,0.159806
2025-11-04,0.153002
2025-11-05,0.195076
2025-11-06,0.17007
2025-11-07,0.179224
2025-11-10,0.185208
2025-11-12,0.151764
2025-11-13,0.17027
2025-11-14,0.194819
2025-11-17,0.179128
2025-11-18,0.193146
2025-11-19,0.192167
2025-11-20,0.182398
2025-11-21,0.17829
2025-11-24,0.156584
2025-11-25,0.142924
2025-11-26,0.123179
2025-11-28,0.142459
2025-12-01,0.200333
2025-12-02,0.207452
2025-12-03,0.197322
2025-12-04,0.221133
2025-12-05,0.23722
2025-12-08,0.260358
2025-12-09,0.249419
2025-12-10,0.244277
2025-12-11,0.267095
2025-12-12,0.320124
2025-12-15,0.316987
2025-12-16,0.294223
2025-12-17,0.302154
2025-12-18,0.283051
2025-12-19,0.305867
2025-12-22,0.307706
2025-12-23,0.286209
2025-12-24,0.261569
2025-12-26,0.285773
2025-12-29,0.276277
2025-12-30,0.286481
2025-12-31,0.303453
2026-01-02,0.335657
2026-01-05,0.32062
2026-01-06,0.325452
2026-01-07,0.290548
2026-01-08,0.309293
2026-01-09,0.279983
2026-01-12,0.289125
2026-01-13,0.280227
2026-01-14,0.257747
2026-01-15,0.255038
2026-01-16,0.294358
2026-01-20,0.36391
2026-01-21,0.330736
2026-01-22,0.309214
2026-01-23,0.296354
2026-01-26,0.272838
2026-01-27,0.295272
2026-01-28,0.310268
2026-01-29,0.315445
2026-01-30,0.318628
2026-02-02,0.347827
2026-02-03,0.342485
2026-02-04,0.335807
2026-02-05,0.323785
2026-02-06,0.324746
2026-02-09,0.327156
2026-02-10,0.286939
2026-02-11,0.295844
2026-02-12,0.239516
2026-02-13,0.216561
2026-02-17,0.206793
2026-02-18,0.226179
2026-02-19,0.216188
2026-02-20,0.222895
2026-02-23,0.193879
2026-02-24,0.191964
2026-02-25,0.19215
2026-02-26,0.172662
2026-02-27,0.157365
2026-03-02,0.191317
2026-03-03,0.189472
2026-03-04,0.188902
2026-03-05,0.21222
2026-03-06,0.238386
2026-03-09,0.209778
2026-03-10,0.224573
2026-03-11,0.265438
2026-03-12,0.26507
2026-03-13,0.292185
2026-03-16,0.256805
2026-03-17,0.241371
2026-03-18,0.254518
2026-03-19,0.21252
2026-03-20,0.303724
2026-03-23,0.285177
2026-03-24,0.280574
2026-03-25,0.245397
2026-03-26,0.280929
2026-03-27,0.335073
2026-03-30,0.289129
2026-03-31,0.262495
2026-04-01,0.292555
2026-04-02,0.268969
2026-04-03,0.279315
2026-04-06,0.266318
2026-04-07,0.274549
2026-04-08,0.256603
2026-04-09,0.265396
2026-04-10,0.277506
2026-04-13,0.266949
2026-04-14,0.238313
2026-04-15,0.258529
2026-04-16,0.286226
2026-04-17,0.262601
2026-04-20,0.256099
2026-04-21,0.263417
2026-04-22,0.266001
2026-04-23,0.283634
2026-04-24,0.277993
2026-04-27,0.299901
2026-04-28,0.297961
2026-04-29,0.315345
2026-04-30,0.324401
2026-05-01,0.313008
2026-05-04,0.337165
2026-05-05,0.326918
2026-05-06,0.290063
2026-05-07,0.309767
2026-05-08,0.289791
2026-05-11,0.31129
2026-05-12,0.34169
2026-05-13,0.349448
2026-05-14,0.335235
2026-05-15,0.428675
2026-05-18,0.433745
2026-05-19,0.477071
2026-05-20,0.416332
2026-05-21,0.396309
2026-05-22,0.3609
2026-05-26,0.335667
2026-05-27,0.326421
2026-05-28,0.305827
2026-05-29,0.302991
2026-06-01,0.307201
2026-06-02,0.290372
2026-06-03,0.31091
2026-06-04,0.306542
2026-06-05,0.319822
2026-06-08,0.33061
2026-06-09,0.317559
2026-06-10,0.332088
2026-06-11,0.274147
2026-06-12,0.289956
2026-06-15,0.2832
2026-06-16,0.246162
2026-06-17,0.216453
2026-06-18,0.191373
2026-06-22,0.208719
2026-06-23,0.216739
2026-06-24,0.152042
2026-06-25,0.149585
2026-06-26,0.150643
2026-06-29,0.13998
2026-06-30,0.17975
2026-07-01,0.209405
2026-07-02,0.237679
2026-07-06,0.238388
2026-07-07,0.268727
2026-07-08,0.2832
2026-07-09,0.282942
2026-07-10,0.283471
2026-07-13,0.297417
2026-07-14,0.310427
2026-07-15,0.309894
2026-07-16,0.315462
2026-07-17,0.288769
2026-07-20,0.314348
2026-07-21,0.32185
2026-07-22,0.331401
2026-07-23,0.343258
2026-07-24,0.328677
2026-07-27,0.297961
2026-07-28,0.284455
2026-07-29,0.37394
2026-07-30,0.386363
2026-07-31,0.427638
2026-08-03,0.389127
2026-08-04,0.358554
2026-08-05,0.362213
2026-08-06,0.38213
2026-08-07,0.381274
2026-08-10,0.415846
2026-08-11,0.413019
2026-08-12,0.417287
2026-08-13,0.398282
2026-08-14,0.438603
2026-08-17,0.466598
2026-08-18,0.451531
2026-08-19,0.384157
2026-08-20,0.419873
2026-08-21,0.438077
2026-08-24,0.400371
2026-08-25,0.358301
2026-08-26,0.36988
2026-08-27,0.376971
2026-08-28,0.35886
2026-08-31,0.383864
2026-09-01,0.403635
2026-09-02,0.379593
2026-09-03,0.421599
2026-09-04,0.361888
2026-09-08,0.43332
2026-09-09,0.407741
2026-09-10,0.457604
2026-09-11,0.428432
2026-09-14,0.418673
2026-09-15,0.434098
2026-09-16,0.406542
2026-09-17,0.354025
2026-09-18,0.385671
2026-09-21,0.341133
2026-09-22,0.334926
2026-09-23,0.406242
2026-09-24,0.464511
2026-09-25,0.475808
2026-09-28,0.497402
2026-09-29,0.536746
2026-09-30,0.571741
2026-10-01,0.576861
2026-10-02,0.595475
2026-10-05,0.624152
2026-10-06,0.606605
