date,value
1993-04-01,4225.874
1993-04-02,4233.931
1993-04-05,4234.896
1993-04-06,4235.831
1993-04-07,4246.168
1993-04-08,4242.02
1993-04-09,4238.715
1993-04-12,4241.098
1993-04-13,4242.478
1993-04-14,4244.194
1993-04-15,4249.994
1993-04-16,4251.467
1993-04-19,4253.001
1993-04-20,4254.483
1993-04-21,4257.526
1993-04-22,4228.121
1993-04-23,4230.203
1993-04-26,4232.458
1993-04-27,4234.899
1993-04-28,4238.574
1993-04-29,4237.171
1993-04-30,4254.084
1993-05-03,4238.349
1993-05-04,4240.752
1993-05-05,4243.813
1993-05-06,4244.49
1993-05-07,4240.467
1993-05-10,4239.181
1993-05-11,4241.563
1993-05-12,4245.57
1993-05-13,4247.269
1993-05-14,4247.909
1993-05-17,4282.84
1993-05-18,4284.32
1993-05-19,4285.943
1993-05-20,4287.296
1993-05-21,4287.85
1993-05-24,4289.249
1993-05-25,4289.998
1993-05-26,4293.295
1993-05-27,4295.64
1993-05-28,4296.278
1993-06-01,4304.847
1993-06-02,4301.598
1993-06-03,4294.168
1993-06-04,4301.348
1993-06-07,4301.281
1993-06-08,4303.726
1993-06-09,4300.363
1993-06-10,4298.708
1993-06-11,4300.437
1993-06-14,4301.108
1993-06-15,4301.303
1993-06-16,4302.703
1993-06-17,4296.788
1993-06-18,4296.986
1993-06-21,4298.022
1993-06-22,4299.889
1993-06-23,4302.429
1993-06-24,4304.357
1993-06-25,4305.269
1993-06-28,4308.429
1993-06-29,4309.614
1993-06-30,4351.95
1993-07-01,4346.364
1993-07-02,4336.426
1993-07-06,4337.116
1993-07-07,4337.775
1993-07-08,4340.815
1993-07-09,4336.575
1993-07-12,4333.687
1993-07-13,4335.59
1993-07-14,4336.912
1993-07-15,4333.088
1993-07-16,4334.093
1993-07-19,4334.399
1993-07-20,4335.488
1993-07-21,4336.609
1993-07-22,4340.981
1993-07-23,4342.543
1993-07-26,4343.781
1993-07-27,4346.078
1993-07-28,4348.146
1993-07-29,4352.488
1993-07-30,4350.261
1993-08-02,4360.011
1993-08-03,4352.795
1993-08-04,4355.231
1993-08-05,4359.519
1993-08-06,4355.101
1993-08-09,4351.854
1993-08-10,4353.854
1993-08-11,4355.722
1993-08-12,4359.136
1993-08-13,4359.628
1993-08-16,4374.901
1993-08-17,4375.854
1993-08-18,4376.45
1993-08-19,4377.925
1993-08-20,4378.964
1993-08-23,4380.315
1993-08-24,4381.418
1993-08-25,4383.913
1993-08-26,4386.243
1993-08-27,4387.152
1993-08-30,4387.703
1993-08-31,4403.247
1993-09-01,4398.851
1993-09-02,4399.264
1993-09-03,4390.741
1993-09-07,4390.677
1993-09-08,4391.317
1993-09-09,4389.196
1993-09-10,4384.114
1993-09-13,4385.326
1993-09-14,4387.137
1993-09-15,4388.003
1993-09-16,4388.882
1993-09-17,4389.958
1993-09-20,4390.874
1993-09-21,4392.902
1993-09-22,4395.748
1993-09-23,4380.953
1993-09-24,4381.848
1993-09-27,4384.313
1993-09-28,4386.349
1993-09-29,4387.836
1993-09-30,4411.489
1993-10-01,4406.34
1993-10-04,4407.77
1993-10-05,4407.913
1993-10-06,4404.063
1993-10-07,4399.633
1993-10-08,4400.578
1993-10-12,4401.395
1993-10-13,4403.485
1993-10-14,4407.56
1993-10-15,4401.817
1993-10-18,4401.989
1993-10-19,4403.899
1993-10-20,4405.12
1993-10-21,4410.417
1993-10-22,4410.676
1993-10-25,4411.59
1993-10-26,4413.051
1993-10-27,4415.935
1993-10-28,4420.682
1993-10-29,4422.511
1993-11-01,4432.423
1993-11-02,4432.982
1993-11-03,4424.96
1993-11-04,4429.229
1993-11-05,4429.513
1993-11-08,4427.227
1993-11-09,4423.28
1993-11-10,4436.707
1993-11-12,4441.83
1993-11-15,4459.587
1993-11-16,4461.657
1993-11-17,4462.811
1993-11-18,4468.603
1993-11-19,4469.104
1993-11-22,4446.98
1993-11-23,4469.258
1993-11-24,4471.916
1993-11-26,4475.896
1993-11-29,4476.471
1993-11-30,4493.535
1993-12-01,4487.484
1993-12-02,4492.557
1993-12-03,4481.376
1993-12-06,4484.408
1993-12-07,4485.194
1993-12-08,4483.205
1993-12-09,4482.215
1993-12-10,4482.979
1993-12-13,4483.553
1993-12-14,4484.92
1993-12-15,4483.567
1993-12-16,4475.489
1993-12-17,4474.429
1993-12-20,4475.119
1993-12-21,4476.108
1993-12-22,4477.484
1993-12-23,4482.639
1993-12-24,4482.898
1993-12-27,4484.993
1993-12-28,4484.719
1993-12-29,4487.922
1993-12-30,4495.714
1993-12-31,4535.687
1994-01-03,4512.315
1994-01-04,4514.022
1994-01-05,4516.388
1994-01-06,4517.954
1994-01-07,4514.706
1994-01-10,4516.731
1994-01-11,4518.783
1994-01-12,4522.329
1994-01-13,4523.92
1994-01-14,4522.213
1994-01-18,4514.737
1994-01-19,4515.987
1994-01-20,4500.677
1994-01-21,4503.708
1994-01-24,4506.79
1994-01-25,4508.808
1994-01-26,4511.23
1994-01-27,4514.178
1994-01-28,4512.95
1994-01-31,4526.308
1994-02-01,4522.736
1994-02-02,4524.359
1994-02-03,4515.062
1994-02-04,4516.286
1994-02-07,4517.325
1994-02-08,4516.106
1994-02-09,4518.431
1994-02-10,4515.952
1994-02-11,4514.955
1994-02-14,4516.568
1994-02-15,4536.508
1994-02-16,4537.894
1994-02-17,4538.442
1994-02-18,4539.327
1994-02-22,4540.132
1994-02-23,4541.171
1994-02-24,4541.555
1994-02-25,4543.467
1994-02-28,4559.541
1994-03-01,4554.537
1994-03-02,4554.852
1994-03-03,4546.225
1994-03-04,4546.834
1994-03-07,4547.793
1994-03-08,4545.814
1994-03-09,4542.638
1994-03-10,4546.801
1994-03-11,4547.623
1994-03-14,4548.393
1994-03-15,4549.059
1994-03-16,4550.473
1994-03-17,4553.032
1994-03-18,4554.111
1994-03-21,4555.501
1994-03-22,4557.22
1994-03-23,4559.372
1994-03-24,4556.299
1994-03-25,4556.331
1994-03-28,4557.424
1994-03-29,4558.845
1994-03-30,4558.424
1994-03-31,4575.869
1994-04-01,4560.8
1994-04-04,4562.451
1994-04-05,4563.212
1994-04-06,4560.264
1994-04-07,4559.253
1994-04-08,4560.731
1994-04-11,4561.843
1994-04-12,4565.109
1994-04-13,4567.992
1994-04-14,4567.34
1994-04-15,4561.679
1994-04-18,4563.273
1994-04-19,4565.951
1994-04-20,4569.088
1994-04-21,4555.161
1994-04-22,4556.261
1994-04-25,4558.349
1994-04-26,4561.451
1994-04-27,4562.363
1994-04-28,4564.295
1994-04-29,4568.704
1994-05-02,4577.74
1994-05-03,4569.524
1994-05-04,4572.995
1994-05-05,4573.713
1994-05-06,4571.839
1994-05-09,4569.345
1994-05-10,4571.813
1994-05-11,4575.659
1994-05-12,4577.406
1994-05-13,4579.502
1994-05-16,4587.879
1994-05-17,4588.709
1994-05-18,4590.202
1994-05-19,4588.987
1994-05-20,4589.269
1994-05-23,4590.488
1994-05-24,4591.881
1994-05-25,4594.146
1994-05-26,4596.085
1994-05-27,4596.837
1994-05-31,4609.296
1994-06-01,4603.368
1994-06-02,4602.36
1994-06-03,4605.744
1994-06-06,4605.34
1994-06-07,4606.572
1994-06-08,4605.626
1994-06-09,4601.856
1994-06-10,4603.989
1994-06-13,4604.543
1994-06-14,4605.762
1994-06-15,4607.232
1994-06-16,4592.643
1994-06-17,4591.908
1994-06-20,4592.531
1994-06-21,4594.505
1994-06-22,4597.075
1994-06-23,4598.158
1994-06-24,4600.321
1994-06-27,4601.447
1994-06-28,4603.69
1994-06-29,4604.97
1994-06-30,4645.802
1994-07-01,4626.914
1994-07-05,4627.744
1994-07-06,4628.084
1994-07-07,4623.725
1994-07-08,4618.832
1994-07-11,4620.363
1994-07-12,4621.828
1994-07-13,4624.337
1994-07-14,4624.996
1994-07-15,4624.152
1994-07-18,4624.283
1994-07-19,4625.472
1994-07-20,4626.395
1994-07-21,4628.452
1994-07-22,4629.65
1994-07-25,4631.354
1994-07-26,4632.297
1994-07-27,4634.715
1994-07-28,4638.859
1994-07-29,4636.362
1994-08-01,4646.032
1994-08-02,4648.62
1994-08-03,4640.19
1994-08-04,4643.455
1994-08-05,4646.465
1994-08-08,4644.724
1994-08-09,4641.22
1994-08-10,4644.509
1994-08-11,4654.161
1994-08-12,4645.748
1994-08-15,4666.433
1994-08-16,4667.394
1994-08-17,4668.683
1994-08-18,4670.704
1994-08-19,4671.523
1994-08-22,4672.637
1994-08-23,4674.171
1994-08-24,4676.086
1994-08-25,4676.657
1994-08-26,4677.4
1994-08-29,4677.965
1994-08-30,4678.494
1994-08-31,4691.991
1994-09-01,4685.83
1994-09-02,4675.955
1994-09-06,4683.567
1994-09-07,4683.504
1994-09-08,4679.34
1994-09-09,4679.665
1994-09-12,4680.078
1994-09-13,4681.594
1994-09-14,4683.788
1994-09-15,4683.9
1994-09-16,4681.047
1994-09-19,4682.002
1994-09-20,4683.866
1994-09-21,4685.969
1994-09-22,4666.417
1994-09-23,4667.471
1994-09-26,4668.221
1994-09-27,4670.106
1994-09-28,4672.477
1994-09-29,4669.823
1994-09-30,4692.75
1994-10-03,4686.47
1994-10-04,4692.027
1994-10-05,4692.973
1994-10-06,4690.449
1994-10-07,4684.785
1994-10-11,4685.664
1994-10-12,4686.727
1994-10-13,4690.874
1994-10-14,4691.92
1994-10-17,4700.604
1994-10-18,4702.053
1994-10-19,4705.195
1994-10-20,4709.361
1994-10-21,4709.804
1994-10-24,4710.155
1994-10-25,4711.435
1994-10-26,4713.11
1994-10-27,4716.777
1994-10-28,4717.704
1994-10-31,4734.167
1994-11-01,4728.71
1994-11-02,4730.361
1994-11-03,4723.729
1994-11-04,4723.801
1994-11-07,4726.116
1994-11-08,4724.109
1994-11-09,4720.919
1994-11-10,4725.484
1994-11-14,4726.481
1994-11-15,4747.133
1994-11-16,4748.423
1994-11-17,4752.752
1994-11-18,4752.722
1994-11-21,4752.359
1994-11-22,4753.35
1994-11-23,4756.353
1994-11-25,4757.937
1994-11-28,4759.195
1994-11-29,4761.962
1994-11-30,4778.52
1994-12-01,4774.851
1994-12-02,4770.596
1994-12-05,4770.673
1994-12-06,4771.162
1994-12-07,4768.442
1994-12-08,4767.801
1994-12-09,4768.497
1994-12-12,4769.782
1994-12-13,4770.853
1994-12-14,4771.901
1994-12-15,4777.13
1994-12-16,4776.074
1994-12-19,4776.289
1994-12-20,4777.315
1994-12-21,4780.157
1994-12-22,4747.972
1994-12-23,4749.592
1994-12-27,4751.233
1994-12-28,4752.192
1994-12-29,4758.799
1994-12-30,4800.15
1995-01-03,4798.117
1995-01-04,4801.793
1995-01-05,4805.635
1995-01-06,4802.134
1995-01-09,4795.838
1995-01-10,4798.792
1995-01-11,4802.565
1995-01-12,4809.183
1995-01-13,4808.661
1995-01-17,4802.868
1995-01-18,4806.933
1995-01-19,4795.324
1995-01-20,4796.538
1995-01-23,4796.794
1995-01-24,4799.369
1995-01-25,4800.104
1995-01-26,4801.405
1995-01-27,4805.321
1995-01-30,4803.796
1995-01-31,4815.827
1995-02-01,4810.86
1995-02-02,4814.204
1995-02-03,4804.727
1995-02-06,4804.907
1995-02-07,4806.973
1995-02-08,4805.605
1995-02-09,4803.443
1995-02-10,4805.267
1995-02-13,4805.965
1995-02-14,4807.067
1995-02-15,4828.676
1995-02-16,4831.275
1995-02-17,4832.692
1995-02-21,4834.64
1995-02-22,4835.999
1995-02-23,4837.337
1995-02-24,4838.34
1995-02-27,4839.489
1995-02-28,4854.298
1995-03-01,4848.389
1995-03-02,4851.007
1995-03-03,4840.472
1995-03-06,4840.905
1995-03-07,4851.012
1995-03-08,4848.282
1995-03-09,4846.102
1995-03-10,4847.327
1995-03-13,4848.746
1995-03-14,4846.819
1995-03-15,4847.772
1995-03-16,4840.323
1995-03-17,4841.552
1995-03-20,4842.72
1995-03-21,4843.694
1995-03-22,4844.513
1995-03-23,4845.959
1995-03-24,4846.988
1995-03-27,4847.68
1995-03-28,4849.996
1995-03-29,4851.857
1995-03-30,4852.915
1995-03-31,4864.116
1995-04-03,4873.481
1995-04-04,4876.207
1995-04-05,4878.158
1995-04-06,4872.968
1995-04-07,4868.502
1995-04-10,4869.423
1995-04-11,4871.386
1995-04-12,4874.101
1995-04-13,4872.244
1995-04-14,4873.406
1995-04-17,4869.198
1995-04-18,4871.223
1995-04-19,4871.31
1995-04-20,4836.076
1995-04-21,4837.382
1995-04-24,4839.548
1995-04-25,4842.768
1995-04-26,4848.089
1995-04-27,4846.776
1995-04-28,4852.327
1995-05-01,4860.333
1995-05-02,4859.125
1995-05-03,4855.155
1995-05-04,4854.832
1995-05-05,4857.683
1995-05-08,4856.503
1995-05-09,4853.7
1995-05-10,4856.767
1995-05-11,4856.339
1995-05-12,4859.131
1995-05-15,4881.377
1995-05-16,4882.765
1995-05-17,4884.247
1995-05-18,4885.256
1995-05-19,4883.152
1995-05-22,4883.843
1995-05-23,4885.335
1995-05-24,4887.785
1995-05-25,4891.247
1995-05-26,4892.454
1995-05-30,4893.069
1995-05-31,4903.926
1995-06-01,4900.553
1995-06-02,4902.882
1995-06-05,4903.928
1995-06-06,4904.369
1995-06-07,4902.044
1995-06-08,4898.195
1995-06-09,4899.367
1995-06-12,4901.416
1995-06-13,4903.284
1995-06-14,4905.557
1995-06-15,4893.073
1995-06-16,4892.369
1995-06-19,4892.922
1995-06-20,4895.341
1995-06-21,4898.069
1995-06-22,4885.968
1995-06-23,4887.614
1995-06-26,4889.053
1995-06-27,4890.155
1995-06-28,4892.752
1995-06-29,4898.836
1995-06-30,4951.372
1995-07-03,4929.942
1995-07-05,4929.655
1995-07-06,4933.121
1995-07-07,4929.459
1995-07-10,4924.015
1995-07-11,4925.464
1995-07-12,4927.811
1995-07-13,4933.342
1995-07-14,4933.039
1995-07-17,4927.653
1995-07-18,4929.786
1995-07-19,4932.43
1995-07-20,4935.797
1995-07-21,4936.736
1995-07-24,4938.385
1995-07-25,4940.346
1995-07-26,4941.609
1995-07-27,4948.217
1995-07-28,4948.205
1995-07-31,4960.152
1995-08-01,4954.701
1995-08-02,4956.665
1995-08-03,4944.456
1995-08-04,4945.941
1995-08-07,4946.674
1995-08-08,4945.212
1995-08-09,4942.218
1995-08-10,4943.017
1995-08-11,4942.353
1995-08-14,4942.933
1995-08-15,4954.423
1995-08-16,4955.146
1995-08-17,4954.012
1995-08-18,4954.742
1995-08-21,4956.434
1995-08-22,4957.463
1995-08-23,4959.229
1995-08-24,4959.432
1995-08-25,4959.828
1995-08-28,4959.944
1995-08-29,4961.798
1995-08-30,4963.361
1995-08-31,4970.756
1995-09-01,4968.255
1995-09-05,4968.613
1995-09-06,4969.749
1995-09-07,4968.652
1995-09-08,4962.704
1995-09-11,4962.944
1995-09-12,4964.466
1995-09-13,4967.411
1995-09-14,4968.803
1995-09-15,4962.99
1995-09-18,4963.469
1995-09-19,4965.955
1995-09-20,4967.473
1995-09-21,4948.377
1995-09-22,4949.192
1995-09-25,4949.969
1995-09-26,4953.251
1995-09-27,4955.603
1995-09-28,4954.794
1995-09-29,4973.983
1995-10-02,4987.587
1995-10-03,4975.626
1995-10-04,4980.561
1995-10-05,4979.469
1995-10-06,4974.778
1995-10-10,4969.516
1995-10-11,4968.818
1995-10-12,4972.686
1995-10-13,4973.523
1995-10-16,4967.828
1995-10-17,4968.953
1995-10-18,4970.327
1995-10-19,4974.014
1995-10-20,4974.12
1995-10-23,4973.904
1995-10-24,4975.509
1995-10-25,4977.804
1995-10-26,4973.675
1995-10-27,4974.737
1995-10-30,4975.234
1995-10-31,4985.262
1995-11-01,4981.703
1995-11-02,4982.592
1995-11-03,4984.8
1995-11-06,4984.737
1995-11-07,4985.913
1995-11-08,4984.441
1995-11-09,4983.863
1995-11-10,4984.084
1995-11-13,4986.514
1995-11-14,4987.14
1995-11-15,4988.34
1995-11-16,4989.792
1995-11-17,4989.663
1995-11-21,4989.144
1995-11-22,4989.014
1995-11-24,4989.26
1995-11-27,4988.885
1995-11-28,4989.009
1995-11-29,4988.883
1995-11-30,4989.33
1995-12-01,4989.268
1995-12-04,4988.892
1995-12-05,4988.766
1995-12-06,4988.64
1995-12-07,4989.071
1995-12-08,4988.946
1995-12-11,4988.568
1995-12-12,4988.439
1995-12-13,4988.313
1995-12-14,4989.708
1995-12-15,4989.585
1995-12-18,4989.214
1995-12-19,4989.09
1995-12-20,4988.967
1995-12-21,4989.393
1995-12-22,4989.274
1995-12-26,4988.799
1995-12-27,4988.68
1995-12-28,4989.056
1995-12-29,4988.665
1996-01-02,4988.495
1996-01-03,4988.378
1996-01-04,4988.8
1996-01-05,4988.685
1996-01-08,4988.333
1996-01-09,4988.213
1996-01-10,4988.096
1996-01-11,4989.45
1996-01-12,4988.74
1996-01-16,4988.275
1996-01-17,4988.158
1996-01-18,4988.513
1996-01-19,4988.398
1996-01-22,4988.051
1996-01-23,4987.963
1996-01-24,4987.847
1996-01-25,4988.164
1996-01-26,4988.049
1996-01-29,4987.704
1996-01-30,4987.59
1996-01-31,4987.436
1996-02-01,4987.85
1996-02-02,4987.738
1996-02-05,4987.401
1996-02-06,4987.363
1996-02-07,4987.177
1996-02-08,4988.55
1996-02-09,4988.438
1996-02-12,4988.1
1996-02-13,4987.988
1996-02-14,4987.876
1996-02-15,4988.269
1996-02-16,4988.156
1996-02-20,4987.707
1996-02-21,4987.594
1996-02-22,4987.96
1996-02-23,5017.057
1996-02-26,5016.711
1996-02-27,5016.697
1996-02-28,5016.626
1996-02-29,5016.041
1996-03-01,5016.938
1996-03-04,5016.596
1996-03-05,5016.462
1996-03-06,5016.347
1996-03-07,5017.741
1996-03-08,5017.687
1996-03-11,5017.404
1996-03-12,5017.284
1996-03-13,5025.888
1996-03-14,5035.166
1996-03-15,5045.003
1996-03-18,5055.61
1996-03-19,5058.839
1996-03-20,5059.798
1996-03-21,5062.251
1996-03-22,5062.405
1996-03-25,5063.054
1996-03-26,5066.588
1996-03-27,5069.5
1996-03-28,5071.792
1996-03-29,5117.786
1996-04-01,5117.099
1996-04-02,5120.563
1996-04-03,5135.691
1996-04-04,5137.761
1996-04-05,5138.15
1996-04-08,5134.564
1996-04-09,5130.578
1996-04-10,5137.167
1996-04-11,5143.688
1996-04-12,5145.722
1996-04-15,5140.011
1996-04-16,5142.251
1996-04-17,5146.357
1996-04-18,5099.449
1996-04-19,5100.054
1996-04-22,5101.586
1996-04-23,5106.372
1996-04-24,5110.704
1996-04-25,5092.768
1996-04-26,5096.09
1996-04-29,5096.727
1996-04-30,5102.049
1996-05-01,5096.321
1996-05-02,5100.093
1996-05-03,5089.271
1996-05-06,5090.257
1996-05-07,5093.91
1996-05-08,5094.597
1996-05-09,5088.829
1996-05-10,5092.815
1996-05-13,5094.151
1996-05-14,5096.217
1996-05-15,5115.694
1996-05-16,5113.663
1996-05-17,5114.512
1996-05-20,5114.233
1996-05-21,5115.827
1996-05-22,5117.44
1996-05-23,5120.584
1996-05-24,5122.026
1996-05-28,5122.888
1996-05-29,5124.771
1996-05-30,5129.18
1996-05-31,5128.509
1996-06-03,5136.903
1996-06-04,5139.964
1996-06-05,5141.67
1996-06-06,5139.284
1996-06-07,5133.886
1996-06-10,5134.653
1996-06-11,5136.928
1996-06-12,5141.287
1996-06-13,5139.482
1996-06-14,5139.657
1996-06-17,5137.826
1996-06-18,5118.201
1996-06-19,5120.985
1996-06-20,5108.536
1996-06-21,5109.701
1996-06-24,5110.927
1996-06-25,5114.149
1996-06-26,5118.104
1996-06-27,5118.683
1996-06-28,5161.076
1996-07-01,5158.936
1996-07-02,5160.706
1996-07-03,5151.168
1996-07-05,5153.66
1996-07-08,5154.104
1996-07-09,5151.107
1996-07-10,5148.771
1996-07-11,5152.64
1996-07-12,5152.755
1996-07-15,5156.314
1996-07-16,5158.43
1996-07-17,5162.07
1996-07-18,5168.794
1996-07-19,5169.597
1996-07-22,5169.929
1996-07-23,5171.664
1996-07-24,5173.226
1996-07-25,5181.309
1996-07-26,5181.675
1996-07-29,5182.455
1996-07-30,5183.983
1996-07-31,5188.889
1996-08-01,5183.636
1996-08-02,5172.008
1996-08-05,5180.33
1996-08-06,5181.58
1996-08-07,5179.352
1996-08-08,5171.184
1996-08-09,5172.154
1996-08-12,5174.091
1996-08-13,5176.015
1996-08-14,5178.059
1996-08-15,5200.902
1996-08-16,5201.679
1996-08-19,5202.279
1996-08-20,5203.614
1996-08-21,5205.211
1996-08-22,5207.891
1996-08-23,5208.255
1996-08-26,5210.01
1996-08-27,5212.018
1996-08-28,5214.253
1996-08-29,5213.489
1996-08-30,5208.303
1996-09-03,5226.657
1996-09-04,5228.998
1996-09-05,5225.564
1996-09-06,5220.378
1996-09-09,5214.145
1996-09-10,5217.211
1996-09-11,5219.274
1996-09-12,5216.902
1996-09-13,5217.305
1996-09-16,5217.327
1996-09-17,5190.808
1996-09-18,5193.857
1996-09-19,5190.46
1996-09-20,5191.242
1996-09-23,5192.406
1996-09-24,5195.855
1996-09-25,5198.781
1996-09-26,5198.325
1996-09-27,5199.075
1996-09-30,5224.811
1996-10-01,5234.731
1996-10-02,5235.509
1996-10-03,5222.192
1996-10-04,5222.05
1996-10-07,5221.842
1996-10-08,5221.529
1996-10-09,5217.594
1996-10-10,5217.469
1996-10-11,5217.906
1996-10-15,5221.454
1996-10-16,5223.069
1996-10-17,5226.593
1996-10-18,5225.715
1996-10-21,5227.288
1996-10-22,5228.756
1996-10-23,5229.624
1996-10-24,5232.047
1996-10-25,5234.133
1996-10-28,5233.941
1996-10-29,5236.574
1996-10-30,5237.762
1996-10-31,5247.32
1996-11-01,5245.468
1996-11-04,5245.378
1996-11-05,5247.476
1996-11-06,5245.748
1996-11-07,5243.332
1996-11-08,5245.44
1996-11-12,5246.804
1996-11-13,5249.374
1996-11-14,5254.443
1996-11-15,5276.591
1996-11-18,5277.026
1996-11-19,5279.323
1996-11-20,5280.633
1996-11-21,5285.331
1996-11-22,5287.073
1996-11-25,5287.268
1996-11-26,5290.877
1996-11-27,5299.066
1996-11-29,5296.549
1996-12-02,5293.833
1996-12-03,5292.093
1996-12-04,5293.207
1996-12-05,5296.028
1996-12-06,5293.871
1996-12-09,5288.729
1996-12-10,5290.302
1996-12-11,5291.641
1996-12-12,5294.263
1996-12-13,5294.305
1996-12-16,5294.298
1996-12-17,5288.003
1996-12-18,5288.569
1996-12-19,5259.873
1996-12-20,5261.988
1996-12-23,5263.022
1996-12-24,5265.082
1996-12-26,5269.218
1996-12-27,5269.569
1996-12-30,5270.525
1996-12-31,5323.172
1997-01-02,5317.017
1997-01-03,5305.657
1997-01-06,5307.443
1997-01-07,5312.781
1997-01-08,5310.975
1997-01-09,5306.329
1997-01-10,5307.097
1997-01-13,5309.004
1997-01-14,5311.783
1997-01-15,5309.179
1997-01-16,5310.006
1997-01-17,5309.775
1997-01-21,5310.267
1997-01-22,5313.094
1997-01-23,5311.51
1997-01-24,5312.169
1997-01-27,5312.99
1997-01-28,5317.192
1997-01-29,5319.576
1997-01-30,5315.796
1997-02-03,5297.382
1997-02-04,5300.797
1997-02-05,5302.957
1997-02-06,5307.084
1997-02-07,5301.814
1997-02-10,5302.292
1997-02-11,5305.464
1997-02-12,5308.98
1997-02-13,5309.674
1997-02-14,5310.233
1997-02-18,5336.18
1997-02-19,5339.668
1997-02-20,5340.687
1997-02-21,5340.481
1997-02-24,5340.989
1997-02-25,5342.93
1997-02-26,5345.59
1997-02-27,5349.403
1997-02-28,5349.937
1997-03-03,5358.957
1997-03-04,5363.583
1997-03-05,5359.515
1997-03-06,5358.686
1997-03-07,5353.405
1997-03-10,5354.33
1997-03-11,5357.359
1997-03-12,5361.483
1997-03-13,5362.036
1997-03-14,5362.749
1997-03-17,5363.307
1997-03-18,5367.674
1997-03-19,5369.097
1997-03-20,5369.25
1997-03-21,5369.741
1997-03-24,5370.449
1997-03-25,5374.777
1997-03-26,5377.852
1997-03-27,5378.489
1997-03-28,5377.245
1997-03-31,5380.89
1997-04-01,5375.122
1997-04-02,5376.71
1997-04-03,5385.463
1997-04-04,5384.75
1997-04-07,5385.19
1997-04-08,5384.125
1997-04-09,5380.948
1997-04-10,5379.884
1997-04-11,5378.192
1997-04-14,5378.6
1997-04-15,5383.132
1997-04-16,5386.018
1997-04-17,5350.647
1997-04-18,5351.326
1997-04-21,5352.734
1997-04-22,5340.281
1997-04-23,5345.089
1997-04-24,5343.217
1997-04-25,5345.392
1997-04-28,5347.125
1997-04-29,5348.145
1997-04-30,5353.971
1997-05-01,5338.453
1997-05-02,5331.759
1997-05-05,5332.472
1997-05-06,5337.029
1997-05-07,5336.082
1997-05-08,5330.417
1997-05-09,5331.941
1997-05-12,5334.445
1997-05-13,5337.495
1997-05-14,5339.781
1997-05-15,5344.063
1997-05-16,5343.649
1997-05-19,5344.451
1997-05-20,5346.368
1997-05-21,5348.058
1997-05-22,5344.819
1997-05-23,5345.788
1997-05-27,5347.617
1997-05-28,5349.662
1997-05-29,5346.27
1997-05-30,5344.961
1997-06-02,5336.777
1997-06-03,5357.051
1997-06-04,5358.712
1997-06-05,5355.965
1997-06-06,5352.777
1997-06-09,5348.704
1997-06-10,5351.974
1997-06-11,5355.419
1997-06-12,5352.849
1997-06-13,5354.083
1997-06-16,5355.413
1997-06-17,5329.352
1997-06-18,5332.272
1997-06-19,5330.019
1997-06-20,5331.588
1997-06-23,5332.782
1997-06-24,5336.558
1997-06-25,5339.644
1997-06-26,5338.211
1997-06-27,5338.515
1997-06-30,5376.151
1997-07-01,5368.023
1997-07-02,5370.04
1997-07-03,5356.041
1997-07-07,5355.915
1997-07-08,5354.62
1997-07-09,5359.038
1997-07-10,5354.746
1997-07-11,5355.085
1997-07-14,5355.394
1997-07-15,5357.143
1997-07-16,5357.954
1997-07-17,5363.009
1997-07-18,5363.156
1997-07-21,5363.683
1997-07-22,5366.067
1997-07-23,5367.623
1997-07-24,5368.881
1997-07-25,5369.55
1997-07-28,5369.966
1997-07-29,5373.127
1997-07-30,5372.437
1997-07-31,5373.229
1997-08-01,5369.981
1997-08-04,5371.563
1997-08-05,5374.023
1997-08-06,5372.312
1997-08-07,5370.248
1997-08-08,5370.693
1997-08-11,5372.293
1997-08-12,5374.594
1997-08-13,5379.248
1997-08-14,5380.075
1997-08-15,5394.165
1997-08-18,5395.622
1997-08-19,5399.331
1997-08-20,5400.237
1997-08-21,5399.826
1997-08-22,5399.952
1997-08-25,5400.133
1997-08-26,5404.256
1997-08-27,5406.394
1997-08-28,5405.679
1997-08-29,5404.42
1997-09-02,5424.369
1997-09-03,5413.622
1997-09-04,5413.849
1997-09-05,5414.428
1997-09-08,5411.319
1997-09-09,5408.443
1997-09-10,5410.105
1997-09-11,5414.576
1997-09-12,5415.083
1997-09-15,5388.983
1997-09-16,5391.866
1997-09-17,5394.894
1997-09-18,5374.489
1997-09-19,5376.829
1997-09-22,5378.804
1997-09-23,5382.65
1997-09-24,5384.225
1997-09-25,5387.704
1997-09-26,5387.382
1997-09-29,5388.316
1997-09-30,5413.146
1997-10-01,5420.506
1997-10-02,5387.382
1997-10-03,5411.881
1997-10-06,5413.433
1997-10-07,5413.433
1997-10-08,5413.433
1997-10-09,5409.087
1997-10-10,5410.7
1997-10-14,5412.699
1997-10-15,5414.923
1997-10-16,5416.174
1997-10-17,5418.064
1997-10-20,5418.458
1997-10-21,5420.384
1997-10-22,5421.845
1997-10-23,5424.897
1997-10-24,5425.466
1997-10-27,5427.907
1997-10-28,5429.322
1997-10-29,5429.378
1997-10-30,5430.87
1997-10-31,5427.225
1997-11-03,5427.079
1997-11-04,5432.372
1997-11-05,5433.412
1997-11-06,5431.079
1997-11-07,5426.732
1997-11-10,5428.067
1997-11-12,5429.798
1997-11-13,5430.247
1997-11-14,5431.087
1997-11-17,5447.478
1997-11-18,5452.224
1997-11-19,5452.451
1997-11-20,5453.723
1997-11-21,5453.846
1997-11-24,5455.044
1997-11-25,5458.14
1997-11-26,5456.502
1997-11-28,5462.622
1997-12-01,5489.775
1997-12-02,5489.346
1997-12-03,5475.04
1997-12-04,5476.888
1997-12-05,5476.604
1997-12-08,5475.966
1997-12-09,5472.671
1997-12-10,5474.482
1997-12-11,5472.597
1997-12-12,5473.298
1997-12-15,5474.663
1997-12-16,5442.316
1997-12-17,5444.856
1997-12-18,5447.174
1997-12-22,5449.104
1997-12-23,5452.603
1997-12-26,5452.645
1997-12-29,5456.865
1997-12-30,5458.505
1997-12-31,5502.388
1998-01-05,5481.924
1998-01-06,5486.353
1998-01-07,5484.646
1998-01-08,5479.7
1998-01-09,5480.039
1998-01-12,5481.621
1998-01-13,5486.75
1998-01-14,5488.705
1998-01-15,5491.816
1998-01-16,5492.897
1998-01-20,5495.526
1998-01-21,5501.52
1998-01-22,5481.558
1998-01-23,5485.392
1998-01-26,5487.28
1998-01-27,5490.127
1998-01-28,5492.555
1998-01-29,5494.031
1998-01-30,5490.064
1998-02-02,5483.593
1998-02-03,5474.822
1998-02-04,5475.81
1998-02-05,5474.663
1998-02-06,5472.05
1998-02-09,5468.967
1998-02-10,5471.89
1998-02-11,5473.648
1998-02-12,5474.465
1998-02-13,5474.688
1998-02-17,5510.166
1998-02-18,5516.264
1998-02-19,5515.607
1998-02-20,5518.341
1998-02-23,5519.493
1998-02-24,5522.503
1998-02-25,5524.032
1998-02-26,5525.004
1998-02-27,5520.668
1998-03-02,5514.791
1998-03-03,5528.587
1998-03-04,5529.41
1998-03-05,5528.53
1998-03-09,5523.019
1998-03-10,5525.631
1998-03-11,5528.971
1998-03-12,5529.75
1998-03-13,5529.817
1998-03-16,5530.456
1998-03-17,5536.664
1998-03-18,5537.179
1998-03-19,5537.63
1998-03-20,5538.571
1998-03-23,5539.833
1998-03-24,5542.617
1998-03-25,5544.337
1998-03-26,5546.162
1998-03-27,5547.111
1998-03-30,5545.895
1998-03-31,5542.426
1998-04-01,5540.551
1998-04-02,5540.086
1998-04-03,5544.61
1998-04-06,5546.406
1998-04-07,5549.131
1998-04-08,5547.147
1998-04-09,5542.953
1998-04-10,5543.255
1998-04-13,5545.139
1998-04-14,5547.606
1998-04-15,5551.285
1998-04-16,5510.369
1998-04-17,5512.826
1998-04-20,5514.3
1998-04-21,5518.978
1998-04-22,5521.69
1998-04-23,5501.159
1998-04-24,5505.294
1998-04-27,5507.607
1998-04-28,5512.794
1998-04-29,5512.959
1998-04-30,5499.895
1998-05-01,5501.156
1998-05-04,5477.263
1998-05-05,5486.129
1998-05-06,5485.513
1998-05-07,5484.428
1998-05-08,5485.869
1998-05-11,5487.765
1998-05-12,5491.841
1998-05-13,5492.157
1998-05-14,5492.886
1998-05-15,5496.349
1998-05-18,5497.225
1998-05-20,5502.139
1998-05-21,5503.78
1998-05-22,5504.518
1998-05-26,5506.917
1998-05-27,5510.918
1998-05-28,5504.211
1998-05-29,5506.356
1998-06-01,5495.093
1998-06-02,5495.273
1998-06-03,5496.176
1998-06-04,5496.568
1998-06-05,5496.435
1998-06-08,5495.352
1998-06-09,5493.57
1998-06-10,5495.637
1998-06-11,5496.698
1998-06-12,5499.027
1998-06-15,5484.471
1998-06-16,5489.044
1998-06-17,5491.718
1998-06-18,5493.496
1998-06-19,5493.982
1998-06-22,5496.66
1998-06-23,5500.927
1998-06-24,5503.89
1998-06-25,5504.168
1998-06-26,5504.431
1998-06-29,5502.438
1998-06-30,5547.935
1998-07-01,5541.451
1998-07-02,5528.079
1998-07-03,5528.258
1998-07-06,5529.921
1998-07-07,5530.116
1998-07-08,5529.002
1998-07-09,5526.093
1998-07-10,5525.566
1998-07-13,5528.489
1998-07-14,5530.848
1998-07-15,5529.723
1998-07-16,5531.08
1998-07-17,5532.637
1998-07-20,5532.95
1998-07-21,5535.209
1998-07-22,5536.743
1998-07-23,5537.084
1998-07-24,5537.392
1998-07-27,5539.293
1998-07-28,5541.906
1998-07-29,5543.291
1998-07-30,5544.483
1998-07-31,5527.738
1998-08-03,5505.964
1998-08-04,5511.741
1998-08-05,5514.094
1998-08-06,5517.902
1998-08-07,5510.714
1998-08-10,5511.844
1998-08-11,5514.715
1998-08-12,5515.57
1998-08-13,5518.315
1998-08-14,5518.104
1998-08-17,5530.594
1998-08-18,5535.159
1998-08-19,5535.377
1998-08-20,5535.395
1998-08-21,5535.172
1998-08-24,5535.88
1998-08-25,5538.204
1998-08-26,5538.744
1998-08-27,5540.062
1998-08-28,5538.054
1998-08-31,5564.553
1998-09-01,5559.259
1998-09-02,5566.129
1998-09-03,5547.711
1998-09-04,5547.4
1998-09-08,5548.7
1998-09-09,5548.477
1998-09-10,5545.658
1998-09-11,5547.277
1998-09-14,5548.258
1998-09-15,5511.724
1998-09-16,5510.133
1998-09-17,5514.091
1998-09-18,5516.027
1998-09-21,5510.75
1998-09-22,5515.819
1998-09-23,5517.883
1998-09-24,5523.268
1998-09-25,5523.821
1998-09-28,5525.126
1998-09-29,5523.786
1998-09-30,5526.193
1998-10-01,5540.57
1998-10-02,5525.136
1998-10-05,5527.218
1998-10-06,5536.217
1998-10-07,5533.658
1998-10-08,5534.496
1998-10-09,5535.718
1998-10-13,5537.721
1998-10-14,5536.803
1998-10-15,5537.594
1998-10-16,5539.382
1998-10-19,5541.765
1998-10-20,5543.686
1998-10-21,5543.588
1998-10-22,5548.924
1998-10-23,5554.198
1998-10-26,5555.572
1998-10-27,5557.416
1998-10-28,5557.839
1998-10-29,5559.428
1998-10-30,5559.255
1998-11-02,5539.037
1998-11-03,5553.893
1998-11-04,5555.732
1998-11-05,5561.271
1998-11-06,5558.821
1998-11-09,5556.815
1998-11-10,5558.618
1998-11-12,5560.596
1998-11-13,5562.541
1998-11-16,5581.706
1998-11-17,5586.021
1998-11-18,5586.312
1998-11-19,5591.105
1998-11-20,5593.158
1998-11-23,5594.944
1998-11-24,5597.306
1998-11-25,5596.997
1998-11-27,5603.957
1998-11-30,5591.979
1998-12-01,5608.16
1998-12-02,5607.927
1998-12-03,5598.901
1998-12-04,5598.758
1998-12-07,5599.623
1998-12-08,5598.89
1998-12-09,5594.899
1998-12-10,5598.803
1998-12-11,5599.912
1998-12-14,5600.861
1998-12-15,5580.235
1998-12-16,5581.027
1998-12-17,5588.015
1998-12-18,5583.95
1998-12-21,5585.85
1998-12-22,5589.437
1998-12-23,5589.804
1998-12-24,5591.922
1998-12-28,5592.659
1998-12-29,5597.064
1998-12-30,5595.994
1998-12-31,5614.217
1999-01-04,5606.63
1999-01-05,5609.529
1999-01-06,5615.429
1999-01-07,5612.204
1999-01-08,5612.919
1999-01-11,5614.993
1999-01-12,5618.011
1999-01-13,5618.299
1999-01-14,5617.728
1999-01-15,5616.951
1999-01-19,5619.058
1999-01-20,5623.807
1999-01-21,5600.288
1999-01-22,5603.018
1999-01-25,5605.638
1999-01-26,5608.459
1999-01-27,5608.643
1999-01-28,5609.326
1999-01-29,5610.117
1999-02-01,5588.099
1999-02-02,5594.817
1999-02-03,5584.675
1999-02-04,5584.64
1999-02-05,5585.49
1999-02-08,5585.153
1999-02-09,5585.068
1999-02-10,5585.854
1999-02-11,5587.509
1999-02-12,5588.062
1999-02-16,5608.54
1999-02-17,5613.892
1999-02-18,5613.958
1999-02-19,5615.449
1999-02-22,5617.212
1999-02-23,5619.948
1999-02-24,5620.229
1999-02-25,5620.928
1999-02-26,5621.946
1999-03-01,5643.046
1999-03-02,5649.289
1999-03-03,5653.396
1999-03-04,5653.049
1999-03-05,5652.547
1999-03-08,5651.493
1999-03-09,5650.749
1999-03-10,5652.343
1999-03-11,5653.123
1999-03-12,5653.582
1999-03-15,5634.977
1999-03-16,5639.342
1999-03-17,5641.695
1999-03-19,5640.185
1999-03-22,5642.227
1999-03-23,5645.199
1999-03-24,5645.339
1999-03-25,5647.293
1999-03-26,5646.62
1999-03-29,5647.515
1999-03-30,5647.148
1999-03-31,5651.615
1999-04-01,5675.647
1999-04-02,5660.859
1999-04-05,5662.955
1999-04-06,5665.194
1999-04-07,5663.113
1999-04-08,5660.855
1999-04-09,5661.253
1999-04-12,5663.867
1999-04-13,5666.223
1999-04-14,5666.83
1999-04-15,5638.883
1999-04-16,5640.541
1999-04-19,5624.236
1999-04-20,5628.408
1999-04-21,5630.29
1999-04-22,5592.39
1999-04-23,5586.141
1999-04-26,5591.807
1999-04-27,5596.53
1999-04-28,5598.23
1999-04-29,5597.263
1999-04-30,5585.84
1999-05-03,5562.741
1999-05-04,5563.049
1999-05-05,5573.001
1999-05-06,5573.137
1999-05-07,5569.913
1999-05-10,5571.92
1999-05-11,5575.359
1999-05-12,5578.15
1999-05-13,5579.72
1999-05-14,5580.329
1999-05-17,5587.73
1999-05-18,5593.84
1999-05-19,5593.798
1999-05-20,5596.252
1999-05-21,5596.858
1999-05-24,5597.943
1999-05-25,5600.993
1999-05-26,5602.151
1999-05-27,5601.415
1999-05-28,5604.198
1999-06-01,5595.743
1999-06-02,5599.337
1999-06-03,5605.304
1999-06-04,5605.818
1999-06-07,5606.739
1999-06-08,5607.597
1999-06-09,5604.849
1999-06-10,5606.865
1999-06-11,5606.705
1999-06-14,5608.265
1999-06-15,5579.687
1999-06-16,5581.245
1999-06-17,5585.234
1999-06-18,5586.895
1999-06-21,5589.358
1999-06-22,5593.512
1999-06-23,5594.432
1999-06-24,5599.256
1999-06-25,5599.475
1999-06-28,5600.866
1999-06-29,5602.716
1999-06-30,5638.78
1999-07-01,5632.319
1999-07-02,5618.126
1999-07-06,5622.054
1999-07-07,5627.556
1999-07-08,5624.258
1999-07-09,5623.338
1999-07-12,5621.471
1999-07-13,5625.005
1999-07-14,5624.307
1999-07-15,5625.473
1999-07-16,5626.176
1999-07-19,5628.493
1999-07-20,5630.645
1999-07-21,5630.35
1999-07-22,5635.713
1999-07-23,5636.001
1999-07-26,5636.526
1999-07-27,5640.525
1999-07-28,5640.294
1999-07-29,5640.577
1999-07-30,5638.656
1999-08-02,5626.553
1999-08-03,5613.221
1999-08-04,5615.253
1999-08-05,5617.765
1999-08-06,5615.528
1999-08-10,5616.938
1999-08-11,5618.727
1999-08-12,5622.361
1999-08-13,5622.407
1999-08-16,5635.173
1999-08-17,5640.095
1999-08-18,5639.509
1999-08-19,5640.133
1999-08-20,5640.549
1999-08-23,5641.594
1999-08-24,5646.847
1999-08-25,5648.133
1999-08-26,5649.405
1999-08-27,5649.778
1999-08-30,5647.648
1999-08-31,5672.386
1999-09-01,5665.822
1999-09-02,5668.121
1999-09-03,5653.051
1999-09-07,5654.527
1999-09-08,5656.21
1999-09-09,5654.164
1999-09-10,5652.192
1999-09-13,5654.838
1999-09-14,5657.646
1999-09-15,5622.781
1999-09-16,5626.119
1999-09-17,5628.394
1999-09-20,5630.759
1999-09-21,5634.837
1999-09-22,5636.049
1999-09-23,5638.478
1999-09-24,5638.915
1999-09-27,5641.248
1999-09-28,5647.297
1999-09-29,5645.399
1999-09-30,5656.271
1999-10-01,5652.679
1999-10-04,5654.411
1999-10-05,5657.494
1999-10-06,5654.883
1999-10-07,5655.997
1999-10-08,5660.033
1999-10-12,5660.733
1999-10-13,5662.72
1999-10-14,5666.669
1999-10-15,5664.657
1999-10-18,5665.687
1999-10-19,5670.293
1999-10-20,5669.462
1999-10-21,5674.63
1999-10-22,5674.165
1999-10-25,5676.428
1999-10-26,5678.65
1999-10-27,5678.662
1999-10-28,5679.998
1999-10-29,5679.727
1999-11-01,5664.867
1999-11-02,5668.409
1999-11-03,5654.991
1999-11-04,5661.32
1999-11-05,5661.711
1999-11-08,5660.689
1999-11-09,5659.6
1999-11-10,5660.918
1999-11-12,5665.243
1999-11-15,5686.436
1999-11-16,5689.776
1999-11-17,5690.918
1999-11-18,5693.813
1999-11-19,5694.015
1999-11-22,5695.315
1999-11-23,5687.11
1999-11-24,5696.176
1999-11-26,5702.333
1999-11-29,5702.01
1999-12-01,5714.083
1999-12-02,5718.268
1999-12-03,5703.526
1999-12-06,5704.381
1999-12-07,5706.114
1999-12-08,5703.072
1999-12-09,5702.641
1999-12-10,5702.481
1999-12-13,5705.446
1999-12-14,5708.31
1999-12-15,5706.991
1999-12-16,5713.411
1999-12-17,5715.779
1999-12-20,5716.405
1999-12-21,5728.802
1999-12-22,5728.276
1999-12-23,5733.956
1999-12-24,5734.423
1999-12-27,5736.323
1999-12-28,5738.288
1999-12-29,5731.407
1999-12-30,5733.523
1999-12-31,5776.091
2000-01-03,5751.743
2000-01-04,5758.316
2000-01-05,5758.914
2000-01-06,5758.772
2000-01-07,5754.333
2000-01-10,5755.362
2000-01-11,5759.58
2000-01-12,5759.46
2000-01-13,5719.458
2000-01-14,5719.85
2000-01-18,5720.295
2000-01-19,5727.151
2000-01-20,5706.175
2000-01-21,5711.818
2000-01-24,5717.203
2000-01-25,5713.302
2000-01-26,5711.731
2000-01-27,5721.022
2000-01-28,5719.618
2000-01-31,5711.285
2000-02-01,5702.651
2000-02-02,5702.135
2000-02-03,5690.373
2000-02-04,5691.096
2000-02-07,5693.618
2000-02-08,5694.611
2000-02-09,5690.617
2000-02-10,5692.477
2000-02-11,5692.489
2000-02-14,5693.875
2000-02-15,5705.355
2000-02-16,5704.636
2000-02-17,5708.609
2000-02-18,5739.814
2000-02-23,5744.136
2000-02-24,5745.442
2000-02-25,5748.252
2000-02-28,5747.334
2000-02-29,5735.333
2000-03-01,5725.65
2000-03-02,5732.419
2000-03-03,5742.859
2000-03-06,5745.1
2000-03-07,5747.932
2000-03-08,5745.125
2000-03-09,5744.561
2000-03-10,5745.713
2000-03-13,5745.832
2000-03-14,5748.567
2000-03-15,5747.793
2000-03-16,5724.695
2000-03-17,5728.671
2000-03-20,5728.254
2000-03-21,5728.846
2000-03-22,5727.734
2000-03-23,5729.459
2000-03-24,5730.876
2000-03-27,5731.796
2000-03-28,5733.742
2000-03-29,5733.452
2000-03-30,5788.542
2000-03-31,5773.392
2000-04-03,5750.62
2000-04-04,5758.855
2000-04-05,5758.941
2000-04-06,5762.302
2000-04-07,5758.224
2000-04-10,5761.021
2000-04-11,5763.651
2000-04-12,5764.656
2000-04-13,5767.039
2000-04-14,5767.672
2000-04-17,5757.084
2000-04-18,5737.569
2000-04-19,5736.808
2000-04-20,5707.061
2000-04-21,5709.71
2000-04-24,5711.906
2000-04-25,5714.81
2000-04-26,5718.484
2000-04-27,5680.311
2000-04-28,5685.108
2000-05-01,5660.726
2000-05-02,5669.551
2000-05-03,5658.067
2000-05-04,5661.533
2000-05-05,5662.393
2000-05-08,5662.693
2000-05-09,5662.963
2000-05-10,5664.193
2000-05-11,5666.075
2000-05-12,5667.021
2000-05-15,5665.245
2000-05-16,5669.366
2000-05-17,5671.58
2000-05-18,5672.936
2000-05-19,5673.913
2000-05-22,5673.858
2000-05-23,5676.154
2000-05-24,5676.762
2000-05-25,5666.871
2000-05-26,5667.116
2000-05-30,5663.46
2000-05-31,5647.17
2000-06-01,5646.487
2000-06-02,5640.081
2000-06-05,5642.402
2000-06-06,5647.514
2000-06-07,5645.679
2000-06-08,5644.929
2000-06-09,5645.113
2000-06-12,5648.174
2000-06-13,5651.369
2000-06-14,5643.729
2000-06-15,5644.607
2000-06-16,5648.305
2000-06-19,5649.976
2000-06-20,5653.56
2000-06-21,5653.965
2000-06-22,5646.011
2000-06-23,5646.606
2000-06-26,5647.619
2000-06-27,5650.72
2000-06-28,5649.147
2000-06-29,5645.428
2000-06-30,5685.938
2000-07-03,5656.716
2000-07-05,5663.895
2000-07-06,5665.885
2000-07-07,5664.95
2000-07-10,5662.95
2000-07-11,5665.065
2000-07-12,5664.142
2000-07-13,5666.74
2000-07-14,5666.75
2000-07-17,5671.573
2000-07-18,5680.376
2000-07-19,5678.197
2000-07-20,5665.503
2000-07-21,5667.708
2000-07-24,5668.098
2000-07-25,5670.718
2000-07-26,5669.53
2000-07-27,5673.849
2000-07-28,5671.43
2000-07-31,5658.807
2000-08-01,5652.485
2000-08-02,5656.023
2000-08-03,5640.951
2000-08-04,5641.562
2000-08-07,5643.344
2000-08-08,5644.68
2000-08-09,5641.362
2000-08-10,5647.244
2000-08-11,5648.286
2000-08-14,5648.846
2000-08-15,5679.371
2000-08-16,5677.494
2000-08-17,5670.246
2000-08-18,5670.329
2000-08-21,5670.375
2000-08-22,5673.443
2000-08-23,5672.453
2000-08-24,5677.682
2000-08-25,5677.647
2000-08-28,5677.116
2000-08-29,5679.723
2000-08-30,5676.995
2000-08-31,5677.822
2000-09-01,5676.517
2000-09-05,5678.475
2000-09-06,5681.882
2000-09-07,5680.707
2000-09-08,5680.084
2000-09-11,5680.975
2000-09-12,5684.118
2000-09-13,5685.089
2000-09-14,5675.576
2000-09-15,5649.458
2000-09-18,5651.871
2000-09-19,5658.235
2000-09-20,5660.515
2000-09-21,5644.927
2000-09-22,5646.597
2000-09-25,5646.253
2000-09-26,5648.781
2000-09-27,5650.216
2000-09-28,5647.797
2000-09-29,5674.178
2000-10-02,5661.548
2000-10-03,5653.359
2000-10-04,5653.38
2000-10-05,5662.226
2000-10-06,5660.787
2000-10-10,5658.398
2000-10-11,5660.113
2000-10-12,5652.783
2000-10-13,5654.692
2000-10-16,5660.152
2000-10-17,5664.976
2000-10-18,5664.293
2000-10-19,5670.716
2000-10-20,5671.114
2000-10-23,5670.684
2000-10-24,5674.018
2000-10-25,5672.69
2000-10-26,5677.614
2000-10-27,5678.667
2000-10-30,5675.48
2000-10-31,5657.328
2000-11-01,5680.961
2000-11-02,5691.725
2000-11-03,5676.558
2000-11-06,5678.649
2000-11-07,5681.279
2000-11-08,5679.556
2000-11-10,5672.552
2000-11-13,5672.143
2000-11-14,5675.948
2000-11-15,5690.31
2000-11-16,5697.019
2000-11-17,5699.606
2000-11-20,5699.553
2000-11-21,5702.079
2000-11-22,5701.163
2000-11-24,5707.112
2000-11-27,5709.192
2000-11-28,5711.687
2000-11-29,5709.271
2000-11-30,5709.699
2000-12-01,5719.967
2000-12-04,5723.013
2000-12-05,5725.767
2000-12-06,5725.119
2000-12-07,5717.605
2000-12-08,5717.977
2000-12-11,5717.704
2000-12-12,5720.303
2000-12-13,5720.702
2000-12-14,5726.714
2000-12-15,5689.048
2000-12-18,5677.828
2000-12-19,5683.378
2000-12-20,5681.427
2000-12-21,5657.586
2000-12-22,5657.373
2000-12-26,5661.58
2000-12-27,5663.707
2000-12-28,5665.929
2000-12-29,5662.216
2001-01-02,5728.74
2001-01-03,5723.237
2001-01-04,5719.453
2001-01-05,5722.338
2001-01-09,5725.066
2001-01-10,5724.316
2001-01-11,5734.111
2001-01-12,5735.198
2001-01-16,5711.79
2001-01-17,5718.517
2001-01-18,5725.695
2001-01-19,5727.777
2001-01-22,5728.196
2001-01-23,5732.724
2001-01-24,5732.255
2001-01-25,5739.32
2001-01-26,5740.436
2001-01-29,5739.059
2001-01-30,5740.291
2001-01-31,5716.071
2001-02-01,5703.346
2001-02-02,5692.92
2001-02-05,5692.235
2001-02-06,5696.113
2001-02-07,5694.063
2001-02-08,5697.248
2001-02-09,5698.504
2001-02-12,5699.501
2001-02-13,5702.465
2001-02-14,5700.888
2001-02-15,5712.466
2001-02-16,5713.325
2001-02-20,5719.125
2001-02-21,5720.45
2001-02-22,5724.786
2001-02-23,5725.593
2001-02-26,5726.225
2001-02-27,5726.969
2001-02-28,5735.859
2001-03-01,5726.774
2001-03-02,5742.77
2001-03-05,5743.402
2001-03-06,5749.734
2001-03-07,5747.491
2001-03-08,5747.55
2001-03-09,5747.793
2001-03-12,5748.757
2001-03-13,5752.122
2001-03-14,5750.555
2001-03-15,5724.494
2001-03-16,5725.427
2001-03-19,5729.612
2001-03-20,5732.597
2001-03-21,5731.169
2001-03-22,5732.05
2001-03-23,5734.215
2001-03-26,5733.895
2001-03-27,5736.074
2001-03-28,5734.571
2001-03-29,5770.775
2001-03-30,5773.74
2001-04-02,5745.399
2001-04-03,5776.368
2001-04-04,5777.865
2001-04-05,5772.523
2001-04-06,5770.2
2001-04-09,5769.837
2001-04-10,5772.787
2001-04-11,5772.021
2001-04-12,5767.345
2001-04-13,5768.256
2001-04-16,5736.116
2001-04-17,5742.701
2001-04-18,5742.758
2001-04-19,5712.575
2001-04-20,5713.631
2001-04-23,5673.97
2001-04-24,5681.674
2001-04-25,5681.916
2001-04-26,5679.104
2001-04-27,5678.256
2001-04-30,5661.348
2001-05-01,5651.07
2001-05-02,5655.956
2001-05-03,5636.664
2001-05-04,5641.703
2001-05-07,5643.605
2001-05-08,5647.881
2001-05-09,5643.268
2001-05-10,5640.325
2001-05-11,5637.839
2001-05-14,5641.551
2001-05-15,5651.675
2001-05-16,5650.936
2001-05-17,5654.62
2001-05-18,5655.505
2001-05-21,5654.597
2001-05-22,5658.52
2001-05-23,5658.411
2001-05-24,5660.966
2001-05-25,5660.883
2001-05-29,5661.254
2001-05-30,5661.971
2001-05-31,5656.182
2001-06-01,5670.56
2001-06-04,5668.782
2001-06-05,5671.992
2001-06-06,5669.404
2001-06-07,5672.373
2001-06-08,5679.728
2001-06-11,5680.526
2001-06-12,5683.524
2001-06-13,5681.952
2001-06-14,5668.751
2001-06-15,5632.91
2001-06-18,5634.686
2001-06-19,5641.114
2001-06-20,5641.023
2001-06-21,5650.401
2001-06-22,5651.584
2001-06-25,5653.135
2001-06-26,5656.75
2001-06-27,5655.167
2001-06-28,5663.97
2001-06-29,5726.815
2001-07-02,5693.22
2001-07-03,5698.196
2001-07-05,5708.83
2001-07-06,5710.979
2001-07-09,5709.925
2001-07-10,5710.436
2001-07-11,5709.374
2001-07-12,5705.912
2001-07-13,5705.05
2001-07-16,5709.314
2001-07-17,5714.215
2001-07-18,5712.503
2001-07-19,5722.703
2001-07-20,5723.281
2001-07-23,5721.847
2001-07-24,5724.985
2001-07-25,5725.121
2001-07-26,5736.557
2001-07-27,5736.703
2001-07-30,5733.2
2001-07-31,5718.303
2001-08-01,5706.162
2001-08-02,5730.046
2001-08-03,5715.969
2001-08-06,5718.659
2001-08-07,5721.321
2001-08-08,5720.325
2001-08-09,5738.628
2001-08-10,5738.213
2001-08-13,5738.292
2001-08-14,5740.95
2001-08-15,5754.583
2001-08-16,5776.34
2001-08-17,5777.556
2001-08-20,5776.826
2001-08-21,5780.2
2001-08-22,5779.165
2001-08-23,5804.54
2001-08-24,5804.792
2001-08-27,5803.353
2001-08-28,5806.456
2001-08-29,5806.217
2001-08-30,5806.302
2001-08-31,5769.876
2001-09-04,5761.533
2001-09-05,5769.122
2001-09-06,5774.087
2001-09-07,5772.588
2001-09-10,5773.172
2001-09-12,5776.301
2001-09-13,5769.814
2001-09-14,5768.286
2001-09-17,5770.525
2001-09-18,5775.666
2001-09-19,5774.558
2001-09-20,5781.706
2001-09-21,5779.003
2001-09-25,5781.884
2001-09-26,5782.883
2001-09-27,5783.811
2001-09-28,5807.463
2001-10-01,5806.151
2001-10-02,5815.9
2001-10-03,5797.694
2001-10-04,5803.752
2001-10-05,5810.495
2001-10-09,5808.82
2001-10-10,5805.746
2001-10-11,5811.762
2001-10-12,5813.333
2001-10-15,5818.887
2001-10-16,5820.977
2001-10-17,5820.599
2001-10-18,5819.28
2001-10-19,5819.14
2001-10-22,5819.201
2001-10-23,5821.675
2001-10-24,5820.312
2001-10-25,5823.62
2001-10-26,5824.411
2001-10-29,5822.039
2001-10-30,5821.971
2001-10-31,5815.983
2001-11-01,5817.191
2001-11-02,5806.733
2001-11-05,5808.105
2001-11-06,5812.513
2001-11-07,5811.737
2001-11-08,5831.055
2001-11-09,5831.817
2001-11-13,5832.492
2001-11-14,5833.109
2001-11-15,5860.556
2001-11-16,5863.248
2001-11-19,5864.208
2001-11-20,5866.343
2001-11-21,5864.173
2001-11-23,5888.498
2001-11-26,5890.477
2001-11-27,5895.479
2001-11-28,5893.029
2001-11-29,5896.681
2001-11-30,5888.897
2001-12-03,5862.832
2001-12-04,5867.886
2001-12-05,5868.017
2001-12-06,5877.883
2001-12-07,5874.923
2001-12-10,5877.125
2001-12-11,5879.692
2001-12-12,5877.464
2001-12-13,5875.559
2001-12-14,5875.87
2001-12-17,5875.161
2001-12-18,5881.571
2001-12-19,5883.339
2001-12-20,5877.83
2001-12-24,5876.888
2001-12-26,5881.075
2001-12-27,5873.134
2001-12-28,5874.765
2001-12-31,5943.439
2002-01-02,5932.933
2002-01-03,5919.564
2002-01-04,5921.468
2002-01-07,5924.739
2002-01-08,5925.648
2002-01-09,5922.365
2002-01-10,5917.638
2002-01-11,5921.569
2002-01-14,5921.841
2002-01-15,5923.668
2002-01-16,5922.999
2002-01-17,5921.329
2002-01-18,5922.322
2002-01-22,5924.54
2002-01-23,5926.022
2002-01-24,5924.086
2002-01-25,5929.423
2002-01-28,5929.296
2002-01-29,5932.137
2002-01-30,5929.43
2002-01-31,5937.229
2002-02-01,5910.984
2002-02-04,5916.231
2002-02-05,5921.592
2002-02-06,5919.542
2002-02-07,5927.707
2002-02-08,5930.243
2002-02-11,5929.986
2002-02-12,5933.096
2002-02-13,5931.016
2002-02-14,5945.007
2002-02-15,5971.884
2002-02-19,5973.692
2002-02-20,5977.406
2002-02-21,5994.327
2002-02-22,5996.512
2002-02-25,5997.271
2002-02-26,6002.735
2002-02-27,5997.589
2002-02-28,6003.453
2002-03-01,5977.01
2002-03-04,5982.635
2002-03-05,5987.409
2002-03-06,5985.218
2002-03-07,5991.319
2002-03-08,5993.758
2002-03-11,5994.139
2002-03-12,5997.796
2002-03-13,5995.412
2002-03-14,6002.538
2002-03-15,6001.361
2002-03-18,6002.883
2002-03-19,6009.91
2002-03-20,6008.225
2002-03-21,6008.708
2002-03-22,6008.873
2002-03-25,6012.313
2002-03-26,6014.924
2002-03-27,6013.12
2002-03-28,6007.589
2002-03-29,6006.032
2002-04-01,5999.312
2002-04-02,6005.511
2002-04-03,6014.198
2002-04-04,6021.017
2002-04-05,6020.971
2002-04-08,6020.831
2002-04-09,6020.785
2002-04-10,6020.736
2002-04-11,6020.911
2002-04-12,6020.864
2002-04-15,6020.721
2002-04-16,6009.071
2002-04-17,6010.534
2002-04-18,6004.324
2002-04-19,6005.161
2002-04-22,5983.663
2002-04-23,5990.552
2002-04-24,5989.711
2002-04-25,5974.749
2002-04-26,5974.914
2002-04-29,5972.996
2002-04-30,5984.677
2002-05-01,5974.321
2002-05-02,5979.289
2002-05-03,5966.885
2002-05-06,5969.691
2002-05-07,5973.528
2002-05-08,5973.205
2002-05-09,5978.219
2002-05-10,5988.912
2002-05-13,5989.199
2002-05-14,5990.415
2002-05-15,6016.581
2002-05-16,6019.476
2002-05-17,6019.432
2002-05-20,6019.304
2002-05-21,6019.261
2002-05-22,6019.219
2002-05-23,6019.508
2002-05-24,6019.465
2002-05-28,6019.285
2002-05-29,6019.242
2002-05-30,6019.528
2002-05-31,6019.332
2002-06-03,6019.104
2002-06-04,6019.06
2002-06-05,6019.011
2002-06-06,6019.292
2002-06-07,6019.248
2002-06-10,6019.115
2002-06-11,6019.071
2002-06-12,6019.033
2002-06-13,6019.307
2002-06-14,6019.263
2002-06-17,6019.121
2002-06-18,6019.077
2002-06-19,6019.034
2002-06-20,6018.747
2002-06-21,6018.704
2002-06-24,6018.575
2002-06-25,6018.532
2002-06-26,6018.489
2002-06-27,6018.752
2002-06-28,6126.469
2002-07-01,6117.107
2002-07-02,6124.074
2002-07-03,6110.412
2002-07-05,6115.735
2002-07-08,6116.272
2002-07-09,6119.319
2002-07-10,6114.054
2002-07-11,6126.598
2002-07-12,6126.894
2002-07-15,6116.731
2002-07-16,6119.332
2002-07-17,6119.36
2002-07-18,6133.146
2002-07-19,6132.593
2002-07-22,6133.731
2002-07-23,6136.63
2002-07-24,6136.202
2002-07-25,6150.004
2002-07-26,6150.62
2002-07-29,6150.848
2002-07-30,6150.952
2002-07-31,6159.741
2002-08-01,6158.782
2002-08-02,6148.756
2002-08-05,6148.396
2002-08-06,6151.672
2002-08-07,6150.812
2002-08-08,6159.774
2002-08-09,6161.175
2002-08-12,6162.109
2002-08-13,6164.53
2002-08-14,6162.051
2002-08-15,6193.056
2002-08-16,6193.273
2002-08-19,6195.779
2002-08-20,6198.881
2002-08-21,6195.86
2002-08-22,6204.506
2002-08-23,6206.496
2002-08-26,6207.778
2002-08-27,6211.119
2002-08-28,6210.594
2002-08-29,6212.192
2002-08-30,6210.482
2002-09-03,6194.09
2002-09-04,6201.449
2002-09-05,6203.622
2002-09-06,6203.28
2002-09-09,6200.848
2002-09-10,6206.135
2002-09-11,6212.731
2002-09-12,6207.448
2002-09-13,6206.509
2002-09-16,6198.239
2002-09-17,6206.073
2002-09-18,6203.601
2002-09-19,6199.158
2002-09-20,6199.85
2002-09-23,6201.635
2002-09-24,6202.454
2002-09-25,6201.863
2002-09-26,6195.917
2002-09-27,6193.335
2002-09-30,6228.236
2002-10-01,6215.431
2002-10-02,6237.382
2002-10-03,6234.38
2002-10-04,6235.99
2002-10-07,6235.93
2002-10-08,6239.755
2002-10-09,6236.68
2002-10-10,6240.3
2002-10-11,6239.557
2002-10-15,6246.66
2002-10-16,6246.773
2002-10-17,6251.119
2002-10-18,6249.702
2002-10-21,6250.437
2002-10-22,6253.931
2002-10-23,6252.025
2002-10-24,6261.49
2002-10-25,6262.167
2002-10-28,6262.862
2002-10-29,6265.366
2002-10-30,6265.566
2002-10-31,6282.528
2002-11-01,6258.221
2002-11-04,6262.498
2002-11-05,6265.303
2002-11-06,6263.941
2002-11-07,6269.321
2002-11-08,6271.423
2002-11-12,6270.944
2002-11-13,6273.282
2002-11-14,6282.139
2002-11-15,6324.047
2002-11-18,6325.419
2002-11-19,6330.527
2002-11-20,6327.463
2002-11-21,6332.857
2002-11-22,6332.716
2002-11-25,6333.388
2002-11-26,6340.973
2002-11-27,6338.927
2002-11-29,6343.46
2002-12-02,6338.7
2002-12-03,6327.138
2002-12-04,6326.482
2002-12-05,6332.962
2002-12-06,6330.682
2002-12-09,6330.151
2002-12-10,6345.906
2002-12-11,6342.859
2002-12-12,6340.621
2002-12-13,6339.816
2002-12-16,6326.837
2002-12-17,6333.989
2002-12-18,6332.067
2002-12-19,6327.769
2002-12-20,6327.507
2002-12-23,6328.05
2002-12-24,6327.459
2002-12-26,6322.588
2002-12-27,6324.662
2002-12-30,6325.563
2002-12-31,6405.707
2003-01-02,6389.356
2003-01-03,6382.65
2003-01-06,6383.514
2003-01-07,6387.382
2003-01-08,6383.281
2003-01-09,6381.927
2003-01-10,6382.62
2003-01-13,6380.582
2003-01-14,6383.463
2003-01-15,6386.957
2003-01-16,6384.825
2003-01-17,6388.588
2003-01-21,6387.841
2003-01-22,6389.894
2003-01-23,6389.562
2003-01-24,6392.119
2003-01-27,6395.237
2003-01-28,6399.122
2003-01-29,6399.241
2003-01-30,6399.305
2003-01-31,6401.377
2003-02-03,6379.433
2003-02-04,6388.24
2003-02-05,6387.333
2003-02-06,6401.331
2003-02-07,6398.607
2003-02-10,6400.363
2003-02-11,6403.775
2003-02-12,6400.775
2003-02-13,6414.861
2003-02-14,6414.086
2003-02-18,6437.926
2003-02-19,6442.718
2003-02-20,6446.175
2003-02-21,6446.14
2003-02-24,6446.039
2003-02-25,6446.005
2003-02-26,6445.971
2003-02-27,6446.166
2003-02-28,6445.79
2003-03-03,6445.699
2003-03-04,6445.657
2003-03-05,6460.622
2003-03-06,6460.802
2003-03-07,6460.766
2003-03-10,6460.66
2003-03-11,6460.621
2003-03-12,6460.586
2003-03-13,6460.745
2003-03-14,6460.709
2003-03-17,6460.603
2003-03-18,6460.568
2003-03-19,6460.534
2003-03-20,6460.712
2003-03-21,6460.674
2003-03-24,6460.57
2003-03-25,6460.535
2003-03-26,6460.5
2003-03-27,6460.684
2003-03-28,6460.649
2003-03-31,6460.776
2003-04-01,6460.742
2003-04-02,6460.708
2003-04-03,6460.883
2003-04-04,6460.848
2003-04-07,6460.745
2003-04-08,6460.697
2003-04-09,6460.664
2003-04-10,6460.829
2003-04-11,6460.793
2003-04-14,6460.687
2003-04-15,6460.651
2003-04-16,6460.618
2003-04-17,6460.78
2003-04-18,6460.747
2003-04-21,6460.648
2003-04-22,6460.605
2003-04-23,6460.572
2003-04-24,6460.743
2003-04-25,6460.711
2003-04-28,6460.614
2003-04-29,6460.581
2003-04-30,6460.381
2003-05-01,6460.544
2003-05-02,6460.512
2003-05-05,6460.416
2003-05-06,6460.377
2003-05-07,6460.345
2003-05-08,6460.498
2003-05-09,6460.466
2003-05-12,6460.372
2003-05-13,6460.341
2003-05-14,6460.309
2003-05-15,6460.445
2003-05-16,6460.414
2003-05-19,6460.323
2003-05-20,6460.277
2003-05-21,6460.247
2003-05-22,6460.406
2003-05-23,6460.375
2003-05-27,6542.346
2003-05-28,6547.152
2003-05-29,6556.906
2003-05-30,6558.143
2003-06-02,6538.8
2003-06-03,6567.421
2003-06-04,6567.808
2003-06-05,6581.233
2003-06-06,6578.827
2003-06-09,6578.527
2003-06-10,6582.528
2003-06-11,6579.573
2003-06-12,6602.706
2003-06-13,6580.84
2003-06-16,6596.236
2003-06-17,6602.819
2003-06-18,6600.926
2003-06-19,6598.368
2003-06-20,6598.472
2003-06-23,6598.915
2003-06-24,6603.982
2003-06-25,6600.898
2003-06-26,6592.03
2003-06-27,6589.676
2003-06-30,6670.121
2003-07-01,6661.15
2003-07-02,6664.585
2003-07-03,6656.271
2003-07-07,6656.88
2003-07-08,6661.14
2003-07-09,6660.191
2003-07-10,6659.226
2003-07-11,6659.621
2003-07-14,6705.859
2003-07-15,6720.371
2003-07-16,6718.762
2003-07-17,6722.161
2003-07-18,6721.854
2003-07-21,6722.778
2003-07-22,6726.006
2003-07-23,6722.66
2003-07-24,6727.82
2003-07-25,6728.16
2003-07-28,6728.491
2003-07-29,6731.342
2003-07-30,6730.119
2003-07-31,6751.195
2003-08-01,6727.587
2003-08-04,6732.382
2003-08-05,6736.679
2003-08-06,6735.128
2003-08-07,6738.632
2003-08-08,6741.662
2003-08-11,6741.976
2003-08-12,6744.943
2003-08-13,6742.144
2003-08-14,6752.784
2003-08-15,6770.543
2003-08-18,6771.501
2003-08-19,6777.202
2003-08-20,6774.449
2003-08-21,6786.494
2003-08-22,6787.289
2003-08-25,6789.437
2003-08-26,6792.31
2003-08-27,6788.646
2003-08-28,6791.412
2003-08-29,6790.041
2003-09-02,6792.557
2003-09-03,6801.408
2003-09-04,6811.296
2003-09-05,6812.854
2003-09-08,6808.948
2003-09-09,6810.8
2003-09-10,6807.773
2003-09-11,6810.434
2003-09-12,6810.076
2003-09-15,6808.32
2003-09-16,6813.24
2003-09-17,6813.529
2003-09-18,6791.966
2003-09-19,6795.425
2003-09-22,6799.684
2003-09-23,6803.794
2003-09-24,6802.894
2003-09-25,6784.938
2003-09-26,6782.614
2003-09-29,6782.571
2003-09-30,6783.231
2003-10-01,6804.504
2003-10-02,6805.6
2003-10-03,6812.574
2003-10-06,6814.44
2003-10-07,6817.257
2003-10-08,6815.763
2003-10-09,6818.335
2003-10-10,6815.998
2003-10-14,6816.232
2003-10-15,6819.991
2003-10-16,6830.709
2003-10-17,6834.022
2003-10-20,6834.249
2003-10-21,6837.578
2003-10-22,6834.787
2003-10-23,6846.424
2003-10-24,6847.438
2003-10-27,6847.911
2003-10-28,6850.043
2003-10-29,6849.715
2003-10-30,6860.383
2003-10-31,6872.676
2003-11-03,6855.209
2003-11-04,6862.832
2003-11-05,6863.988
2003-11-06,6871.432
2003-11-07,6868.507
2003-11-10,6871.631
2003-11-12,6871.667
2003-11-13,6872.816
2003-11-14,6870.815
2003-11-17,6904.719
2003-11-18,6912.605
2003-11-19,6909.326
2003-11-20,6914.582
2003-11-21,6913.715
2003-11-24,6916.264
2003-11-25,6919.174
2003-11-26,6915.109
2003-11-28,6925.065
2003-12-01,6914.406
2003-12-02,6918.26
2003-12-03,6936.234
2003-12-04,6939.573
2003-12-05,6937.967
2003-12-08,6940.377
2003-12-09,6940.395
2003-12-10,6936.475
2003-12-11,6939.622
2003-12-12,6939.711
2003-12-15,6935.737
2003-12-16,6937.496
2003-12-17,6932.243
2003-12-18,6922.309
2003-12-19,6921.783
2003-12-22,6923.903
2003-12-23,6930.33
2003-12-24,6927.206
2003-12-26,6915.121
2003-12-29,6916.517
2003-12-30,6915.186
2003-12-31,6997.964
2004-01-02,6981.477
2004-01-05,6989.185
2004-01-06,6991.489
2004-01-07,6990.408
2004-01-08,6985.437
2004-01-09,6987.117
2004-01-12,6988.57
2004-01-13,6991.843
2004-01-14,6988.602
2004-01-15,7001.853
2004-01-16,7002.878
2004-01-20,7006.834
2004-01-21,7007.933
2004-01-22,7008.607
2004-01-23,7011.706
2004-01-26,7012.402
2004-01-27,7017.309
2004-01-28,7014.801
2004-01-29,7010.089
2004-01-30,7009.235
2004-02-02,6999.226
2004-02-03,6995.641
2004-02-04,6995.566
2004-02-05,7009.334
2004-02-06,7007.152
2004-02-09,7009.302
2004-02-10,7012.102
2004-02-11,7008.54
2004-02-12,7024.984
2004-02-13,7025.539
2004-02-17,7057.768
2004-02-18,7060.81
2004-02-19,7075.959
2004-02-20,7078.258
2004-02-23,7078.548
2004-02-24,7082.476
2004-02-25,7079.927
2004-02-26,7088.126
2004-02-27,7091.943
2004-03-01,7065.725
2004-03-02,7074.045
2004-03-03,7088.938
2004-03-04,7099.564
2004-03-05,7099.567
2004-03-08,7100.583
2004-03-09,7101.968
2004-03-10,7098.933
2004-03-11,7108.57
2004-03-12,7110.4
2004-03-15,7107.242
2004-03-16,7112.102
2004-03-17,7112.045
2004-03-18,7122.32
2004-03-19,7122.203
2004-03-22,7123.463
2004-03-23,7128.192
2004-03-24,7124.825
2004-03-25,7130.944
2004-03-26,7131.616
2004-03-29,7131.965
2004-03-30,7129.537
2004-03-31,7131.068
2004-04-01,7122.842
2004-04-02,7139.842
2004-04-05,7141.931
2004-04-06,7151.9
2004-04-07,7151.013
2004-04-08,7160.467
2004-04-09,7160.992
2004-04-12,7162.026
2004-04-13,7164.798
2004-04-14,7162.468
2004-04-15,7152.609
2004-04-16,7154.523
2004-04-19,7142.502
2004-04-20,7141.786
2004-04-21,7141.673
2004-04-22,7131.346
2004-04-23,7135.54
2004-04-26,7137.953
2004-04-27,7142.43
2004-04-28,7142.412
2004-04-29,7132.769
2004-04-30,7133.789
2004-05-03,7105.797
2004-05-04,7124.774
2004-05-05,7127.986
2004-05-06,7133.63
2004-05-07,7131.317
2004-05-10,7136.491
2004-05-11,7140.939
2004-05-12,7138.336
2004-05-13,7147.546
2004-05-14,7148.486
2004-05-17,7175.793
2004-05-18,7183.393
2004-05-19,7179.681
2004-05-20,7191.322
2004-05-21,7191.791
2004-05-24,7193.241
2004-05-25,7197.504
2004-05-26,7193.954
2004-05-27,7191.387
2004-05-28,7196.383
2004-06-01,7187.558
2004-06-02,7191.874
2004-06-03,7210.719
2004-06-04,7211.665
2004-06-07,7212.925
2004-06-08,7216.377
2004-06-09,7214.624
2004-06-10,7222.662
2004-06-11,7218.775
2004-06-14,7214.233
2004-06-15,7212
2004-06-16,7211.228
2004-06-17,7211.143
2004-06-18,7211.264
2004-06-21,7213.297
2004-06-22,7217.554
2004-06-23,7215.995
2004-06-24,7206.736
2004-06-25,7208.994
2004-06-28,7209.491
2004-06-29,7206.416
2004-06-30,7274.335
2004-07-01,7246.142
2004-07-02,7259.603
2004-07-06,7260.575
2004-07-07,7261.984
2004-07-08,7262.738
2004-07-09,7267.026
2004-07-12,7265.3
2004-07-13,7268.273
2004-07-14,7265.009
2004-07-15,7273.2
2004-07-16,7273.792
2004-07-19,7276.726
2004-07-20,7280.098
2004-07-21,7276.784
2004-07-22,7294.735
2004-07-23,7295.214
2004-07-26,7298.136
2004-07-27,7302.318
2004-07-28,7298.671
2004-07-29,7308.427
2004-07-30,7316.568
2004-08-02,7303.319
2004-08-03,7299.762
2004-08-04,7300.833
2004-08-05,7305.957
2004-08-06,7304.927
2004-08-09,7305.299
2004-08-10,7308.63
2004-08-11,7305.247
2004-08-12,7312.306
2004-08-13,7312.231
2004-08-16,7335.563
2004-08-17,7341.461
2004-08-18,7337.787
2004-08-19,7343.013
2004-08-20,7341.885
2004-08-23,7342.335
2004-08-24,7347.481
2004-08-25,7344.382
2004-08-26,7352.775
2004-08-27,7353.436
2004-08-30,7349.338
2004-08-31,7350.95
2004-09-01,7354.611
2004-09-02,7365.717
2004-09-03,7366.776
2004-09-07,7368.363
2004-09-08,7376.458
2004-09-09,7375.3
2004-09-10,7372.572
2004-09-13,7371.695
2004-09-14,7372.477
2004-09-15,7353.68
2004-09-16,7347.868
2004-09-17,7351.17
2004-09-20,7352.526
2004-09-21,7355.729
2004-09-22,7355.549
2004-09-23,7348.106
2004-09-24,7348.057
2004-09-27,7349.252
2004-09-28,7354.348
2004-09-29,7351.892
2004-09-30,7379.053
2004-10-01,7409.51
2004-10-04,7414.025
2004-10-05,7422.781
2004-10-06,7420.102
2004-10-07,7418.151
2004-10-08,7418.009
2004-10-12,7419.245
2004-10-13,7425.36
2004-10-14,7429.784
2004-10-15,7429.738
2004-10-18,7429.602
2004-10-19,7429.557
2004-10-20,7429.512
2004-10-21,7429.844
2004-10-22,7429.798
2004-10-25,7429.659
2004-10-26,7429.612
2004-10-27,7429.566
2004-10-28,7429.946
2004-10-29,7429.677
2004-11-01,7429.63
2004-11-02,7429.582
2004-11-03,7429.535
2004-11-04,7429.933
2004-11-05,7429.884
2004-11-08,7429.736
2004-11-09,7429.684
2004-11-10,7429.635
2004-11-12,7430.009
2004-11-15,7443.856
2004-11-16,7443.803
2004-11-17,7443.752
2004-11-18,7444.122
2004-11-19,7497.665
2004-11-22,7498.451
2004-11-23,7519.477
2004-11-24,7517.849
2004-11-26,7524.685
2004-11-29,7523.044
2004-11-30,7525.21
2004-12-01,7514.622
2004-12-02,7522.602
2004-12-03,7534.027
2004-12-06,7535.629
2004-12-07,7553.296
2004-12-08,7550.024
2004-12-09,7546.779
2004-12-10,7546.868
2004-12-13,7547.177
2004-12-14,7551.125
2004-12-15,7529.347
2004-12-16,7519.647
2004-12-17,7523.699
2004-12-20,7524.493
2004-12-21,7531.57
2004-12-22,7530.067
2004-12-23,7525.708
2004-12-24,7527.974
2004-12-27,7528.394
2004-12-28,7536.268
2004-12-29,7527.874
2004-12-30,7521.283
2004-12-31,7596.143
2005-01-03,7591.308
2005-01-04,7601.017
2005-01-05,7601.702
2005-01-06,7595.653
2005-01-07,7593.997
2005-01-10,7597.503
2005-01-11,7600.705
2005-01-12,7597.557
2005-01-13,7601.173
2005-01-14,7599.584
2005-01-18,7608.114
2005-01-19,7613.772
2005-01-20,7613.216
2005-01-21,7614.468
2005-01-24,7617.001
2005-01-25,7621.294
2005-01-26,7622.132
2005-01-27,7622.882
2005-01-28,7618.73
2005-01-31,7627.743
2005-02-01,7617.789
2005-02-02,7623.071
2005-02-03,7616.793
2005-02-04,7617.144
2005-02-07,7619.28
2005-02-08,7623.393
2005-02-09,7616.82
2005-02-10,7629.246
2005-02-11,7634.844
2005-02-14,7630.849
2005-02-15,7674.137
2005-02-16,7671.7
2005-02-17,7689.847
2005-02-18,7689.936
2005-02-22,7692.367
2005-02-23,7695.332
2005-02-24,7717.01
2005-02-25,7714.239
2005-02-28,7713.138
2005-03-01,7701.63
2005-03-02,7708.312
2005-03-03,7727.839
2005-03-04,7727.828
2005-03-07,7730.125
2005-03-08,7746.291
2005-03-09,7740.158
2005-03-10,7750.514
2005-03-11,7750.082
2005-03-14,7750.799
2005-03-15,7756.254
2005-03-16,7755.07
2005-03-17,7773.614
2005-03-18,7774.246
2005-03-21,7775.601
2005-03-22,7780.504
2005-03-23,7780.54
2005-03-24,7784.835
2005-03-25,7784.464
2005-03-28,7785.373
2005-03-29,7790.295
2005-03-30,7786.607
2005-03-31,7776.939
2005-04-04,7780.782
2005-04-05,7782.817
2005-04-06,7782.422
2005-04-07,7788.009
2005-04-08,7789.331
2005-04-11,7789.624
2005-04-12,7795.111
2005-04-13,7792.608
2005-04-14,7786.561
2005-04-15,7776.849
2005-04-18,7773.389
2005-04-19,7781.536
2005-04-20,7781.395
2005-04-21,7763.689
2005-04-22,7764.805
2005-04-25,7769.078
2005-04-26,7775.021
2005-04-27,7775.372
2005-04-28,7757.071
2005-04-29,7764.537
2005-05-02,7754.58
2005-05-03,7757.697
2005-05-04,7760.134
2005-05-05,7747.996
2005-05-06,7747.581
2005-05-09,7750.765
2005-05-10,7757.825
2005-05-11,7754.49
2005-05-12,7745.283
2005-05-13,7745.783
2005-05-16,7763.555
2005-05-17,7771.734
2005-05-18,7768.38
2005-05-19,7769.641
2005-05-20,7768.431
2005-05-23,7768.913
2005-05-24,7776.659
2005-05-25,7771.96
2005-05-26,7781.373
2005-05-27,7778.405
2005-05-31,7777.88
2005-06-01,7775.554
2005-06-02,7774.731
2005-06-03,7782.228
2005-06-06,7782.633
2005-06-07,7795.63
2005-06-08,7792.286
2005-06-09,7799.66
2005-06-10,7799.008
2005-06-13,7800.613
2005-06-14,7804.534
2005-06-15,7786.44
2005-06-16,7779.624
2005-06-17,7781.992
2005-06-20,7782.155
2005-06-21,7787.046
2005-06-22,7785.914
2005-06-23,7773.571
2005-06-24,7774.216
2005-06-27,7775.375
2005-06-28,7780.135
2005-06-29,7776.435
2005-06-30,7836.496
2005-07-01,7827.306
2005-07-05,7837.39
2005-07-06,7842.026
2005-07-07,7838.411
2005-07-08,7838.212
2005-07-11,7838.828
2005-07-12,7843.597
2005-07-13,7839.615
2005-07-14,7848.325
2005-07-15,7852.12
2005-07-18,7853.59
2005-07-19,7860.109
2005-07-20,7857.246
2005-07-21,7868.642
2005-07-22,7869.207
2005-07-25,7869.363
2005-07-26,7875.946
2005-07-27,7871.883
2005-07-28,7879.033
2005-07-29,7887.618
2005-08-01,7869.522
2005-08-02,7877.502
2005-08-03,7869.304
2005-08-04,7878.735
2005-08-05,7880.012
2005-08-08,7882.577
2005-08-09,7883.572
2005-08-10,7880.079
2005-08-11,7883.283
2005-08-12,7882.474
2005-08-15,7911.006
2005-08-16,7916.485
2005-08-17,7916.407
2005-08-18,7925.741
2005-08-19,7926.125
2005-08-22,7926.78
2005-08-23,7932.368
2005-08-24,7929.679
2005-08-25,7932.696
2005-08-26,7932.176
2005-08-29,7930.506
2005-08-30,7930.046
2005-08-31,7926.933
2005-09-01,7929.658
2005-09-02,7940.459
2005-09-06,7942.295
2005-09-07,7947.601
2005-09-08,7949.891
2005-09-09,7950.426
2005-09-12,7950.035
2005-09-13,7954.181
2005-09-14,7942.784
2005-09-15,7918.009
2005-09-16,7919.996
2005-09-19,7925.036
2005-09-20,7929.628
2005-09-21,7928.207
2005-09-22,7921.118
2005-09-23,7920.698
2005-09-26,7922.08
2005-09-27,7926.345
2005-09-28,7921.8
2005-09-29,7914.012
2005-09-30,7932.71
2005-10-03,7970.524
2005-10-04,7978.003
2005-10-05,7978.99
2005-10-06,7994.282
2005-10-07,7990.643
2005-10-11,7991.115
2005-10-12,7990.63
2005-10-13,7995.462
2005-10-14,7986.677
2005-10-17,7996.658
2005-10-18,8003.897
2005-10-19,7999.843
2005-10-20,8009.636
2005-10-21,8009.131
2005-10-24,8010.059
2005-10-25,8013.732
2005-10-26,8011.133
2005-10-27,8026.03
2005-10-28,8030.057
2005-10-31,8027.123
2005-11-01,8015.272
2005-11-02,8021.481
2005-11-03,8028.205
2005-11-04,8028.449
2005-11-07,8031.589
2005-11-08,8036.664
2005-11-09,8034.611
2005-11-10,8050.74
2005-11-14,8052.33
2005-11-15,8066.143
2005-11-16,8063.591
2005-11-17,8083.374
2005-11-18,8082.848
2005-11-21,8084.859
2005-11-22,8089.005
2005-11-23,8084.916
2005-11-25,8095.945
2005-11-28,8098.861
2005-11-29,8097.705
2005-11-30,8092.322
2005-12-01,8107.953
2005-12-02,8118.319
2005-12-05,8119.496
2005-12-06,8122.711
2005-12-07,8121.652
2005-12-08,8131.034
2005-12-09,8131.291
2005-12-12,8131.974
2005-12-13,8136.067
2005-12-14,8131.986
2005-12-15,8099.288
2005-12-16,8100.903
2005-12-19,8103.049
2005-12-20,8107.166
2005-12-21,8100.027
2005-12-22,8094.875
2005-12-23,8097.233
2005-12-27,8100.276
2005-12-28,8099.757
2005-12-29,8087.358
2005-12-30,8170.425
2006-01-03,8153.882
2006-01-04,8165.859
2006-01-05,8160.32
2006-01-06,8161.508
2006-01-09,8160.257
2006-01-10,8165.647
2006-01-11,8161.934
2006-01-12,8159.085
2006-01-13,8158.673
2006-01-17,8170.524
2006-01-18,8173.852
2006-01-19,8176.949
2006-01-20,8175.743
2006-01-23,8174.271
2006-01-24,8185.315
2006-01-25,8181.906
2006-01-26,8190.568
2006-01-27,8190.375
2006-01-30,8186.71
2006-01-31,8196.07
2006-02-01,8183.138
2006-02-02,8198.627
2006-02-03,8195.544
2006-02-06,8197.59
2006-02-07,8201.609
2006-02-08,8198.035
2006-02-09,8205.719
2006-02-10,8205.236
2006-02-13,8205.377
2006-02-14,8209.586
2006-02-15,8237.616
2006-02-16,8248.611
2006-02-17,8248.496
2006-02-21,8248.037
2006-02-22,8247.923
2006-02-23,8248.764
2006-02-24,8248.647
2006-02-27,8248.296
2006-02-28,8269.886
2006-03-01,8269.768
2006-03-02,8270.651
2006-03-03,8270.569
2006-03-06,8270.26
2006-03-07,8270.138
2006-03-08,8270.021
2006-03-09,8270.889
2006-03-10,8270.763
2006-03-13,8270.385
2006-03-14,8270.26
2006-03-15,8270.134
2006-03-16,8271.005
2006-03-17,8270.881
2006-03-20,8348.224
2006-03-21,8351.723
2006-03-22,8347.486
2006-03-23,8363.537
2006-03-24,8364.078
2006-03-27,8364.82
2006-03-28,8368.398
2006-03-29,8367.662
2006-03-30,8365.414
2006-03-31,8371.156
2006-04-03,8377.471
2006-04-04,8388.195
2006-04-05,8388.877
2006-04-06,8393.743
2006-04-07,8398.802
2006-04-10,8402.073
2006-04-11,8406.559
2006-04-12,8402.876
2006-04-13,8406.143
2006-04-14,8407.058
2006-04-17,8366.863
2006-04-18,8373.603
2006-04-19,8371.833
2006-04-20,8349.278
2006-04-21,8349.971
2006-04-24,8353.429
2006-04-25,8362.303
2006-04-26,8361.927
2006-04-27,8339.739
2006-04-28,8355.718
2006-05-01,8351.568
2006-05-02,8365.366
2006-05-03,8359.417
2006-05-04,8355.169
2006-05-05,8357.004
2006-05-08,8361.089
2006-05-09,8364.289
2006-05-10,8360.18
2006-05-11,8357.989
2006-05-12,8358.941
2006-05-15,8332.524
2006-05-16,8338.162
2006-05-17,8337.013
2006-05-18,8344.918
2006-05-19,8344.449
2006-05-22,8345.566
2006-05-23,8352.67
2006-05-24,8349.185
2006-05-25,8348.185
2006-05-26,8348.362
2006-05-30,8343.987
2006-05-31,8356.777
2006-06-01,8342.863
2006-06-02,8358.357
2006-06-05,8359.985
2006-06-06,8373.465
2006-06-07,8372.168
2006-06-08,8374.239
2006-06-09,8375.297
2006-06-12,8376.167
2006-06-13,8380.753
2006-06-14,8375.365
2006-06-15,8337.291
2006-06-16,8339.347
2006-06-19,8344.335
2006-06-20,8349.031
2006-06-21,8346.89
2006-06-22,8339.777
2006-06-23,8343.377
2006-06-26,8346.591
2006-06-27,8350.235
2006-06-28,8345.809
2006-06-29,8340.009
2006-06-30,8420.042
2006-07-03,8399.338
2006-07-05,8408.396
2006-07-06,8409.418
2006-07-07,8410.282
2006-07-10,8408.233
2006-07-11,8413.248
2006-07-12,8408.446
2006-07-13,8416.174
2006-07-14,8416.041
2006-07-17,8404.814
2006-07-18,8412.03
2006-07-19,8408.044
2006-07-20,8415.641
2006-07-21,8416.179
2006-07-24,8417.573
2006-07-25,8419.923
2006-07-26,8417.495
2006-07-27,8426.496
2006-07-28,8420.95
2006-07-31,8444.347
2006-08-01,8436.304
2006-08-02,8440.758
2006-08-03,8448.321
2006-08-04,8448.488
2006-08-07,8451.097
2006-08-08,8455.117
2006-08-09,8448.163
2006-08-10,8460.958
2006-08-11,8460.058
2006-08-14,8459.959
2006-08-15,8487.177
2006-08-16,8483.654
2006-08-17,8500.987
2006-08-18,8500.932
2006-08-21,8503.231
2006-08-22,8506.445
2006-08-23,8503.545
2006-08-24,8507.11
2006-08-25,8505.765
2006-08-28,8504.68
2006-08-29,8508.153
2006-08-30,8503.385
2006-08-31,8515.034
2006-09-01,8519.182
2006-09-05,8524.889
2006-09-06,8529.958
2006-09-07,8530.063
2006-09-08,8528.927
2006-09-11,8531.165
2006-09-12,8534.633
2006-09-13,8529.99
2006-09-14,8527.036
2006-09-15,8487.381
2006-09-18,8490.332
2006-09-19,8496.857
2006-09-20,8494.092
2006-09-21,8484.371
2006-09-22,8484.365
2006-09-25,8485.735
2006-09-26,8490.601
2006-09-27,8487.096
2006-09-28,8473.684
2006-09-29,8506.974
2006-10-02,8548.384
2006-10-03,8547.637
2006-10-04,8545.778
2006-10-05,8545.048
2006-10-06,8546.984
2006-10-10,8546.276
2006-10-11,8544.968
2006-10-12,8546.105
2006-10-13,8546.652
2006-10-16,8536.959
2006-10-17,8544.042
2006-10-18,8540.052
2006-10-19,8548.071
2006-10-20,8549.302
2006-10-23,8550.747
2006-10-24,8554.492
2006-10-25,8550.351
2006-10-26,8565.802
2006-10-27,8566.012
2006-10-30,8562.455
2006-10-31,8584.329
2006-11-01,8571.795
2006-11-02,8593.66
2006-11-03,8585.498
2006-11-06,8588.335
2006-11-07,8592.562
2006-11-08,8588.377
2006-11-09,8603.666
2006-11-10,8603.786
2006-11-13,8603.284
2006-11-14,8607.421
2006-11-15,8594.877
2006-11-16,8606.686
2006-11-17,8608.746
2006-11-20,8608.976
2006-11-21,8613.474
2006-11-22,8609.909
2006-11-24,8623.103
2006-11-27,8626.555
2006-11-28,8628.38
2006-11-29,8624.296
2006-11-30,8633.246
2006-12-01,8635.597
2006-12-04,8640.011
2006-12-05,8655.347
2006-12-06,8653.799
2006-12-07,8653.959
2006-12-08,8655.404
2006-12-11,8655.355
2006-12-12,8660.431
2006-12-13,8656.875
2006-12-14,8648.806
2006-12-15,8611.903
2006-12-18,8614.314
2006-12-19,8622.134
2006-12-20,8618.993
2006-12-21,8610.004
2006-12-22,8611.647
2006-12-26,8615.421
2006-12-27,8614.757
2006-12-28,8593.076
2006-12-29,8680.224
2007-01-02,8678.229
2007-01-03,8677.214
2007-01-04,8670.596
2007-01-05,8673.152
2007-01-08,8672.81
2007-01-09,8677.702
2007-01-10,8673.367
2007-01-11,8674.335
2007-01-12,8674.251
2007-01-16,8668.415
2007-01-17,8671.959
2007-01-18,8672.665
2007-01-19,8675.085
2007-01-22,8676.668
2007-01-23,8681.646
2007-01-24,8679.819
2007-01-25,8683.472
2007-01-26,8683.214
2007-01-29,8688.016
2007-01-30,8688.193
2007-01-31,8707.561
2007-02-01,8694.903
2007-02-02,8693.353
2007-02-05,8696.354
2007-02-06,8699.982
2007-02-07,8699.799
2007-02-08,8713.713
2007-02-09,8713.57
2007-02-12,8713.972
2007-02-13,8718.479
2007-02-14,8713.227
2007-02-15,8738.7
2007-02-16,8746.051
2007-02-20,8752.147
2007-02-21,8752.479
2007-02-22,8768.614
2007-02-23,8769.495
2007-02-26,8773.047
2007-02-27,8774.11
2007-02-28,8778.111
2007-03-01,8788.68
2007-03-02,8808.82
2007-03-05,8812.132
2007-03-06,8819.13
2007-03-07,8818.614
2007-03-08,8833.184
2007-03-09,8832.493
2007-03-12,8833.034
2007-03-13,8838.292
2007-03-14,8833.051
2007-03-15,8826.067
2007-03-16,8827.769
2007-03-19,8834.456
2007-03-20,8837.993
2007-03-21,8833.855
2007-03-22,8832.683
2007-03-23,8837.943
2007-03-26,8842.072
2007-03-27,8846.257
2007-03-28,8840.925
2007-03-29,8836.852
2007-03-30,8849.665
2007-04-02,8850.356
2007-04-03,8868.81
2007-04-04,8869.789
2007-04-05,8885.158
2007-04-06,8881.656
2007-04-09,8883.212
2007-04-10,8886.981
2007-04-11,8886.194
2007-04-12,8883.746
2007-04-13,8893.052
2007-04-16,8869.384
2007-04-17,8848.826
2007-04-18,8842.34
2007-04-19,8822.074
2007-04-20,8824.831
2007-04-23,8827.487
2007-04-24,8835.534
2007-04-25,8834.497
2007-04-26,8817.823
2007-04-27,8815.544
2007-04-30,8840.168
2007-05-01,8824.626
2007-05-02,8835.931
2007-05-03,8814.266
2007-05-04,8816.01
2007-05-07,8820.05
2007-05-08,8828.073
2007-05-09,8822.507
2007-05-10,8817.011
2007-05-11,8818.564
2007-05-14,8819.698
2007-05-15,8803.254
2007-05-16,8800.785
2007-05-17,8804.461
2007-05-18,8804.564
2007-05-21,8806.848
2007-05-22,8811.43
2007-05-23,8809.037
2007-05-24,8816.254
2007-05-25,8816.293
2007-05-29,8818.401
2007-05-30,8819.277
2007-05-31,8828.992
2007-06-01,8828.305
2007-06-04,8831.627
2007-06-05,8850.794
2007-06-06,8849.101
2007-06-07,8842.565
2007-06-08,8845.19
2007-06-11,8846.985
2007-06-12,8850.852
2007-06-13,8846.994
2007-06-14,8835.269
2007-06-15,8804.089
2007-06-18,8808.258
2007-06-19,8817.083
2007-06-20,8813.764
2007-06-21,8800.682
2007-06-22,8803.23
2007-06-25,8806.902
2007-06-26,8810.996
2007-06-27,8805.901
2007-06-28,8793.494
2007-06-29,8867.675
2007-07-02,8869.27
2007-07-03,8870.458
2007-07-05,8872.765
2007-07-06,8875.881
2007-07-09,8874.297
2007-07-10,8878.014
2007-07-11,8873
2007-07-12,8878.051
2007-07-13,8877.767
2007-07-16,8886.56
2007-07-17,8893.95
2007-07-18,8888.523
2007-07-19,8897.854
2007-07-20,8898.548
2007-07-23,8899.203
2007-07-24,8903.302
2007-07-25,8899.808
2007-07-26,8914.437
2007-07-27,8919.047
2007-07-30,8909.75
2007-07-31,8932.438
2007-08-01,8913.459
2007-08-02,8945.504
2007-08-03,8938.927
2007-08-06,8942.384
2007-08-07,8947.089
2007-08-08,8941.971
2007-08-09,8969.803
2007-08-10,8968.608
2007-08-13,8969.936
2007-08-14,8974.09
2007-08-15,8965.126
2007-08-16,8967.843
2007-08-17,8972.242
2007-08-20,8972.213
2007-08-21,8976.292
2007-08-22,8971.377
2007-08-23,8980.176
2007-08-24,8980.643
2007-08-27,8979.863
2007-08-28,8984.217
2007-08-29,8983.349
2007-08-30,8989.621
2007-08-31,9005.649
2007-09-04,8995.146
2007-09-05,9005.964
2007-09-06,9009.41
2007-09-07,9009.883
2007-09-10,9008.846
2007-09-11,9015.595
2007-09-12,9011.448
2007-09-13,9016.288
2007-09-14,9017.12
2007-09-17,9000.461
2007-09-18,9009.993
2007-09-19,9006.548
2007-09-20,8989.953
2007-09-21,8991.323
2007-09-24,8993.696
2007-09-25,8999.897
2007-09-26,8994.358
2007-09-27,8972.984
2007-09-28,9007.653
2007-10-01,9062.552
2007-10-02,9069.848
2007-10-03,9061.325
2007-10-04,9050.048
2007-10-05,9054.543
2007-10-09,9054.145
2007-10-10,9049.804
2007-10-11,9042.951
2007-10-12,9044.257
2007-10-15,9053.982
2007-10-16,9058.325
2007-10-17,9055.275
2007-10-18,9053.432
2007-10-19,9053.885
2007-10-22,9054.234
2007-10-23,9057.982
2007-10-24,9053.975
2007-10-25,9060.233
2007-10-26,9060.496
2007-10-29,9060.647
2007-10-30,9058.38
2007-10-31,9079.086
2007-11-01,9080.229
2007-11-02,9078.824
2007-11-05,9081.399
2007-11-06,9085.866
2007-11-07,9084.274
2007-11-08,9111.328
2007-11-09,9111.607
2007-11-13,9111.73
2007-11-14,9110.326
2007-11-15,9113.207
2007-11-16,9115.924
2007-11-19,9120.273
2007-11-20,9125.237
2007-11-21,9120.116
2007-11-23,9130.89
2007-11-26,9133.698
2007-11-27,9137.34
2007-11-28,9130.75
2007-11-29,9139.88
2007-11-30,9149.341
2007-12-03,9154.987
2007-12-04,9163.318
2007-12-05,9163.377
2007-12-06,9168.352
2007-12-07,9166.108
2007-12-10,9167.943
2007-12-11,9171.793
2007-12-12,9174.295
2007-12-13,9172.27
2007-12-14,9171.665
2007-12-17,9142.095
2007-12-18,9151.31
2007-12-19,9145.592
2007-12-20,9136.418
2007-12-21,9139.991
2007-12-24,9142.203
2007-12-26,9139.346
2007-12-27,9124.017
2007-12-28,9120.55
2007-12-31,9229.173
2008-01-02,9210.587
2008-01-03,9194.946
2008-01-04,9197.578
2008-01-07,9199.558
2008-01-08,9201.225
2008-01-09,9196.452
2008-01-10,9198.378
2008-01-11,9198.231
2008-01-14,9199.876
2008-01-15,9194.166
2008-01-16,9190.317
2008-01-17,9187.584
2008-01-18,9188.64
2008-01-22,9191.075
2008-01-23,9192.242
2008-01-24,9195.478
2008-01-25,9202.517
2008-01-28,9203.188
2008-01-29,9207.776
2008-01-30,9200.875
2008-01-31,9238.008
2008-02-01,9210.856
2008-02-04,9219.693
2008-02-05,9224.924
2008-02-06,9223.402
2008-02-07,9242.127
2008-02-08,9244.731
2008-02-11,9246.122
2008-02-12,9250.933
2008-02-13,9244.157
2008-02-14,9291.899
2008-02-15,9289.242
2008-02-19,9291.661
2008-02-20,9294.461
2008-02-21,9315.527
2008-02-22,9319.739
2008-02-25,9320.832
2008-02-26,9326.683
2008-02-27,9330.185
2008-02-28,9343.242
2008-02-29,9358.051
2008-03-03,9368.474
2008-03-04,9379.544
2008-03-05,9380.426
2008-03-06,9395.022
2008-03-07,9394.004
2008-03-10,9396.745
2008-03-11,9402.679
2008-03-12,9397.05
2008-03-13,9408.066
2008-03-14,9408.252
2008-03-17,9379.249
2008-03-18,9389.288
2008-03-19,9383.132
2008-03-20,9392.205
2008-03-21,9392.558
2008-03-24,9395.716
2008-03-25,9400.596
2008-03-26,9394.13
2008-03-27,9412.362
2008-03-28,9407.933
2008-03-31,9437.594
2008-04-01,9446.546
2008-04-02,9454.715
2008-04-03,9437.425
2008-04-04,9438.51
2008-04-07,9441.198
2008-04-08,9446.154
2008-04-09,9437.355
2008-04-10,9442.707
2008-04-11,9442.758
2008-04-14,9444.4
2008-04-15,9409.067
2008-04-16,9400.718
2008-04-17,9368.328
2008-04-18,9372.486
2008-04-21,9354.921
2008-04-22,9341.484
2008-04-23,9341.527
2008-04-24,9333.202
2008-04-25,9334.966
2008-04-28,9337.516
2008-04-29,9338.049
2008-04-30,9377.557
2008-05-01,9346.419
2008-05-02,9347.475
2008-05-05,9352.382
2008-05-06,9358.001
2008-05-07,9359.721
2008-05-08,9364.793
2008-05-09,9365.234
2008-05-12,9366.489
2008-05-13,9370.74
2008-05-14,9364.555
2008-05-15,9352.287
2008-05-16,9352.655
2008-05-19,9356.861
2008-05-20,9379.129
2008-05-21,9373.416
2008-05-22,9392.625
2008-05-23,9393.914
2008-05-27,9393.276
2008-05-28,9390.653
2008-05-29,9391.229
2008-05-30,9388.667
2008-06-02,9396.339
2008-06-03,9395.375
2008-06-04,9395.806
2008-06-05,9407.494
2008-06-06,9405.739
2008-06-09,9407.217
2008-06-10,9411.567
2008-06-11,9428.321
2008-06-12,9415.442
2008-06-13,9415.535
2008-06-16,9386.79
2008-06-17,9396.629
2008-06-18,9392.095
2008-06-19,9370.288
2008-06-20,9370.754
2008-06-23,9373.289
2008-06-24,9379.274
2008-06-25,9370.924
2008-06-26,9368.857
2008-06-27,9363.806
2008-06-30,9492.006
2008-07-01,9467.517
2008-07-02,9473.062
2008-07-03,9492.246
2008-07-07,9493.573
2008-07-08,9499.788
2008-07-09,9493.176
2008-07-10,9502.657
2008-07-11,9501.441
2008-07-14,9498.511
2008-07-15,9509.739
2008-07-16,9504.719
2008-07-17,9517.951
2008-07-18,9518.252
2008-07-21,9520.353
2008-07-22,9532.806
2008-07-23,9526.598
2008-07-24,9540.161
2008-07-25,9540.69
2008-07-28,9537.495
2008-07-29,9537.591
2008-07-30,9532.536
2008-07-31,9585.48
2008-08-01,9556.571
2008-08-04,9565.042
2008-08-05,9569.687
2008-08-06,9569.17
2008-08-07,9571.433
2008-08-08,9573.455
2008-08-11,9575.181
2008-08-12,9579.382
2008-08-13,9598.877
2008-08-14,9593.34
2008-08-15,9606.976
2008-08-18,9608.111
2008-08-19,9614.73
2008-08-20,9608.334
2008-08-21,9618.645
2008-08-22,9618.735
2008-08-25,9621.537
2008-08-26,9635.644
2008-08-27,9628.796
2008-08-28,9650.328
2008-08-29,9645.726
2008-09-02,9667.802
2008-09-03,9667.676
2008-09-04,9668.194
2008-09-05,9669.799
2008-09-08,9668.845
2008-09-09,9692.763
2008-09-10,9684.793
2008-09-11,9682.117
2008-09-12,9683.319
2008-09-15,9634.09
2008-09-16,9639.792
2008-09-17,9647.147
2008-09-18,9664.632
2008-09-19,9727.01
2008-09-22,9785.866
2008-09-23,9791.569
2008-09-24,9788.081
2008-09-25,9849.25
2008-09-26,9889.2
2008-09-29,9945.578
2008-09-30,10024.725
2008-10-01,10124.225
2008-10-02,10148.749
2008-10-03,10186.269
2008-10-06,10187.754
2008-10-07,10224.252
2008-10-08,10245.248
2008-10-09,10266.383
2008-10-10,10294.381
2008-10-14,10294.405
2008-10-15,10326.055
2008-10-16,10331.139
2008-10-17,10334.206
2008-10-20,10464.89
2008-10-21,10467.391
2008-10-22,10495.669
2008-10-23,10524.113
2008-10-24,10523.955
2008-10-27,10524.747
2008-10-28,10526.72
2008-10-29,10525.823
2008-10-30,10530.893
2008-10-31,10574.094
2008-11-03,10556.178
2008-11-04,10566.146
2008-11-05,10566.871
2008-11-06,10624.73
2008-11-07,10622.167
2008-11-10,10622.223
2008-11-12,10618.509
2008-11-13,10578.639
2008-11-14,10617.807
2008-11-17,10618.466
2008-11-18,10660.418
2008-11-19,10652.324
2008-11-20,10655.457
2008-11-21,10655.469
2008-11-24,10654.259
2008-11-25,10658.356
2008-11-26,10647.918
2008-11-28,10661.175
2008-12-01,10681.136
2008-12-02,10685.167
2008-12-03,10675.933
2008-12-04,10653.883
2008-12-05,10653.271
2008-12-08,10653.93
2008-12-09,10656.119
2008-12-10,10648.441
2008-12-11,10597.885
2008-12-12,10597.069
2008-12-15,10655.602
2008-12-16,10630.557
2008-12-17,10655.552
2008-12-18,10598.468
2008-12-19,10598.195
2008-12-22,10567.429
2008-12-23,10601.771
2008-12-24,10586.589
2008-12-26,10552.776
2008-12-29,10554.114
2008-12-30,10553.015
2008-12-31,10699.805
2009-01-02,10627.961
2009-01-05,10635.512
2009-01-06,10638.426
2009-01-07,10635.772
2009-01-08,10608.325
2009-01-09,10609.759
2009-01-12,10609.791
2009-01-13,10613.905
2009-01-14,10605.969
2009-01-15,10627.709
2009-01-16,10628.881
2009-01-20,10626.877
2009-01-21,10625.054
2009-01-22,10618.719
2009-01-23,10620.397
2009-01-26,10620.858
2009-01-27,10626.079
2009-01-28,10617.861
2009-01-29,10626.297
2009-01-30,10632.005
2009-02-02,10667.963
2009-02-03,10668.643
2009-02-04,10669.192
2009-02-05,10717.998
2009-02-06,10717.28
2009-02-09,10717.726
2009-02-10,10721.366
2009-02-11,10713.124
2009-02-12,10759.197
2009-02-13,10759.016
2009-02-17,10789.784
2009-02-18,10789.926
2009-02-19,10802.022
2009-02-20,10838.758
2009-02-23,10839.527
2009-02-24,10843.355
2009-02-25,10837.499
2009-02-26,10881.16
2009-02-27,10877.145
2009-03-02,10942.165
2009-03-03,10943.839
2009-03-04,10944.338
2009-03-05,10953.034
2009-03-06,10951.578
2009-03-09,10952.663
2009-03-10,10958.409
2009-03-11,10951.1
2009-03-12,10983.55
2009-03-13,10983.75
2009-03-16,11033.158
2009-03-17,11042.554
2009-03-18,11034.225
2009-03-19,11039.686
2009-03-20,11040.807
2009-03-23,11041.712
2009-03-24,11046.928
2009-03-25,11037.917
2009-03-26,11046.248
2009-03-27,11045.554
2009-03-30,11043.589
2009-03-31,11126.941
2009-04-01,11110.654
2009-04-02,11124.519
2009-04-03,11146.567
2009-04-06,11149.347
2009-04-07,11152.773
2009-04-08,11145.353
2009-04-09,11169.466
2009-04-10,11169.726
2009-04-13,11169.979
2009-04-14,11172.299
2009-04-15,11218.863
2009-04-16,11183.899
2009-04-17,11185.716
2009-04-20,11189.383
2009-04-21,11193.46
2009-04-22,11191.057
2009-04-23,11184.923
2009-04-24,11185.3
2009-04-27,11189.457
2009-04-28,11194.339
2009-04-29,11152.922
2009-04-30,11238.592
2009-05-01,11208.076
2009-05-04,11219.97
2009-05-05,11227.464
2009-05-06,11226.807
2009-05-07,11256.267
2009-05-08,11258.694
2009-05-11,11260.455
2009-05-12,11263.8
2009-05-13,11255.96
2009-05-14,11270.547
2009-05-15,11284.11
2009-05-18,11286.593
2009-05-19,11293.356
2009-05-20,11285.462
2009-05-21,11305.673
2009-05-22,11301.676
2009-05-26,11305.594
2009-05-27,11301.115
2009-05-28,11311.682
2009-05-29,11321.6
2009-06-01,11379.966
2009-06-02,11382.738
2009-06-03,11374.266
2009-06-04,11388.997
2009-06-05,11387.943
2009-06-08,11390.254
2009-06-09,11391.459
2009-06-10,11383.988
2009-06-11,11375.626
2009-06-12,11374.953
2009-06-15,11400.724
2009-06-16,11406.013
2009-06-17,11402.77
2009-06-18,11399.259
2009-06-19,11397.712
2009-06-22,11400.657
2009-06-23,11407.974
2009-06-24,11365.653
2009-06-25,11363.514
2009-06-26,11362.48
2009-06-29,11358.401
2009-06-30,11545.275
2009-07-01,11518.473
2009-07-02,11489.561
2009-07-03,11490.988
2009-07-06,11520.57
2009-07-07,11523.843
2009-07-08,11515.064
2009-07-09,11526.304
2009-07-10,11524.606
2009-07-13,11525.393
2009-07-14,11528.991
2009-07-15,11579.429
2009-07-16,11598.418
2009-07-17,11600.488
2009-07-20,11601.271
2009-07-21,11604.364
2009-07-22,11595.496
2009-07-23,11605.521
2009-07-24,11606.529
2009-07-27,11607.787
2009-07-28,11612.707
2009-07-29,11611.217
2009-07-30,11581.202
2009-07-31,11669.251
2009-08-03,11648.548
2009-08-04,11659.644
2009-08-05,11659.078
2009-08-06,11660.142
2009-08-07,11658.213
2009-08-10,11661.948
2009-08-11,11666.486
2009-08-12,11658.193
2009-08-13,11662.831
2009-08-14,11669.783
2009-08-17,11682.544
2009-08-18,11726.595
2009-08-19,11718.232
2009-08-20,11720.829
2009-08-21,11719.258
2009-08-24,11719.061
2009-08-25,11730.401
2009-08-26,11716.563
2009-08-27,11725.478
2009-08-28,11718.759
2009-08-31,11812.87
2009-09-01,11792.918
2009-09-02,11797.544
2009-09-03,11787.062
2009-09-04,11785.028
2009-09-08,11787.42
2009-09-09,11784.425
2009-09-10,11795.046
2009-09-11,11794.695
2009-09-14,11792.615
2009-09-15,11834.191
2009-09-16,11827.966
2009-09-17,11809.239
2009-09-18,11807.667
2009-09-21,11811.086
2009-09-22,11819.629
2009-09-23,11813.724
2009-09-24,11770.68
2009-09-25,11770.698
2009-09-28,11771.451
2009-09-29,11776.113
2009-09-30,11909.829
2009-10-01,11920.519
2009-10-02,11917.949
2009-10-05,11919.879
2009-10-06,11927.436
2009-10-07,11925.72
2009-10-08,11898.953
2009-10-09,11895.799
2009-10-13,11907.609
2009-10-14,11903.589
2009-10-15,11946.703
2009-10-16,11948.723
2009-10-19,11952.611
2009-10-20,11956.585
2009-10-21,11948.456
2009-10-22,11896.808
2009-10-23,11895.889
2009-10-26,11897.586
2009-10-27,11901.429
2009-10-28,11893.669
2009-10-29,11868.457
2009-10-30,11893.091
2009-11-02,11974.738
2009-11-03,11978.592
2009-11-04,11978.954
2009-11-05,11990.561
2009-11-06,11988.879
2009-11-09,11990.023
2009-11-10,11986.954
2009-11-12,11991.22
2009-11-13,11991.507
2009-11-16,12031.299
2009-11-17,12039.319
2009-11-18,12030.203
2009-11-19,12011.787
2009-11-20,12010.562
2009-11-23,12011.839
2009-11-24,12016.321
2009-11-25,12009.454
2009-11-27,12008.65
2009-11-30,12113.048
2009-12-01,12089.226
2009-12-02,12090.825
2009-12-03,12087.362
2009-12-04,12087.444
2009-12-07,12086.172
2009-12-08,12091.293
2009-12-09,12079.739
2009-12-10,12092.673
2009-12-11,12081.709
2009-12-14,12071.281
2009-12-15,12134.971
2009-12-16,12129.073
2009-12-17,12097.699
2009-12-18,12097.983
2009-12-21,12099.243
2009-12-22,12095.073
2009-12-23,12102.603
2009-12-24,12101.273
2009-12-28,12104.441
2009-12-29,12100.218
2009-12-30,12144.893
2009-12-31,12311.35
2010-01-04,12290.238
2010-01-05,12303.301
2010-01-06,12302.08
2010-01-07,12280.845
2010-01-08,12280.605
2010-01-11,12285.484
2010-01-12,12291.169
2010-01-13,12282.274
2010-01-14,12258.545
2010-01-15,12319.326
2010-01-19,12322.108
2010-01-20,12327.381
2010-01-21,12300.163
2010-01-22,12302.465
2010-01-25,12303.736
2010-01-26,12308.887
2010-01-27,12301.772
2010-01-28,12274.431
2010-01-29,12278.636
2010-02-01,12349.464
2010-02-02,12360.944
2010-02-03,12354.041
2010-02-04,12346.427
2010-02-05,12345.511
2010-02-08,12347.903
2010-02-09,12349.467
2010-02-10,12340.57
2010-02-11,12349.324
2010-02-12,12351.624
2010-02-16,12384.358
2010-02-17,12386.496
2010-02-18,12401.449
2010-02-19,12402.055
2010-02-22,12403.027
2010-02-23,12409.375
2010-02-24,12401.781
2010-02-25,12433.662
2010-02-26,12440.068
2010-03-01,12507.536
2010-03-02,12519.424
2010-03-03,12508.944
2010-03-04,12545.49
2010-03-05,12544.704
2010-03-08,12546.372
2010-03-09,12552.704
2010-03-10,12544.389
2010-03-11,12575.479
2010-03-12,12575.679
2010-03-15,12636.663
2010-03-16,12643.701
2010-03-17,12639.779
2010-03-18,12661.296
2010-03-19,12661.04
2010-03-22,12663.372
2010-03-23,12670.896
2010-03-24,12662.467
2010-03-25,12687.57
2010-03-26,12685.894
2010-03-29,12686.25
2010-03-30,12684.571
2010-03-31,12773.123
2010-04-01,12764.879
2010-04-02,12762.747
2010-04-05,12786.559
2010-04-06,12792.967
2010-04-07,12791.875
2010-04-08,12826.031
2010-04-09,12825.687
2010-04-12,12826.379
2010-04-13,12831.193
2010-04-14,12823.492
2010-04-15,12874.619
2010-04-16,12877.714
2010-04-19,12863.049
2010-04-20,12871.256
2010-04-21,12865.514
2010-04-22,12872.601
2010-04-23,12877.196
2010-04-26,12880.364
2010-04-27,12886.316
2010-04-28,12876.734
2010-04-29,12853.1
2010-04-30,12948.739
2010-05-03,12927.021
2010-05-04,12940.954
2010-05-05,12943.495
2010-05-06,12932.913
2010-05-07,12928.941
2010-05-10,12926.785
2010-05-11,12931.158
2010-05-12,12923.162
2010-05-13,12927.411
2010-05-14,12926.69
2010-05-17,12974.896
2010-05-18,12984.667
2010-05-19,12975.292
2010-05-20,12987.823
2010-05-21,12987.797
2010-05-24,12989.095
2010-05-25,12995.779
2010-05-26,12987.274
2010-05-27,12987.917
2010-05-28,12992.539
2010-06-01,13050.826
2010-06-02,13058.29
2010-06-03,13056.25
2010-06-04,13050.588
2010-06-07,13052.205
2010-06-08,13056.957
2010-06-09,13046.149
2010-06-10,13041.405
2010-06-11,13041.209
2010-06-14,13043.148
2010-06-15,13078.42
2010-06-16,13073.001
2010-06-17,13038.877
2010-06-18,13038.456
2010-06-21,13040.054
2010-06-22,13046.653
2010-06-23,13041.85
2010-06-24,13038.08
2010-06-25,13038.306
2010-06-28,13038.917
2010-06-29,13037.543
2010-06-30,13203.474
2010-07-01,13178.317
2010-07-02,13175.331
2010-07-06,13177.645
2010-07-07,13181.992
2010-07-08,13192.235
2010-07-09,13193.855
2010-07-12,13194.523
2010-07-13,13199.291
2010-07-14,13189.506
2010-07-15,13240.229
2010-07-16,13239.904
2010-07-19,13242.894
2010-07-20,13245.998
2010-07-21,13237.494
2010-07-22,13249.154
2010-07-23,13248.525
2010-07-26,13252.03
2010-07-27,13258.28
2010-07-28,13247.794
2010-07-29,13246.509
2010-07-30,13237.727
2010-08-02,13296.827
2010-08-03,13301.638
2010-08-04,13302.302
2010-08-05,13310.887
2010-08-06,13310.114
2010-08-09,13311.25
2010-08-10,13319.831
2010-08-11,13307.872
2010-08-12,13317.049
2010-08-13,13315.418
2010-08-16,13356.994
2010-08-17,13364.74
2010-08-18,13353.801
2010-08-19,13363.228
2010-08-20,13361.74
2010-08-23,13363.278
2010-08-24,13371.302
2010-08-25,13361.354
2010-08-26,13376.19
2010-08-27,13375.223
2010-08-30,13369.842
2010-08-31,13449.653
2010-09-01,13426.803
2010-09-02,13442.057
2010-09-03,13435.343
2010-09-07,13438.771
2010-09-08,13435.356
2010-09-09,13444.496
2010-09-10,13441.762
2010-09-13,13443.443
2010-09-14,13440.225
2010-09-15,13498.027
2010-09-16,13464.897
2010-09-17,13467.745
2010-09-20,13469.342
2010-09-21,13476.662
2010-09-22,13471.094
2010-09-23,13463.477
2010-09-24,13466.818
2010-09-27,13468.174
2010-09-28,13472.761
2010-09-29,13466.272
2010-09-30,13561.623
2010-10-01,13610.848
2010-10-04,13617.256
2010-10-05,13624.353
2010-10-06,13624.678
2010-10-07,13615.675
2010-10-08,13614.052
2010-10-12,13612.665
2010-10-13,13612.3
2010-10-14,13606.947
2010-10-15,13665.927
2010-10-18,13668.894
2010-10-19,13676.11
2010-10-20,13667.947
2010-10-21,13667.983
2010-10-22,13667.625
2010-10-25,13669.36
2010-10-26,13673.75
2010-10-27,13663.891
2010-10-28,13658.812
2010-10-29,13668.825
2010-11-01,13713.088
2010-11-02,13723.974
2010-11-03,13718.712
2010-11-04,13723.44
2010-11-05,13723.33
2010-11-08,13725.167
2010-11-09,13727.147
2010-11-10,13719.548
2010-11-12,13721.979
2010-11-15,13789.014
2010-11-16,13795.135
2010-11-17,13789.279
2010-11-18,13788.455
2010-11-19,13789.699
2010-11-22,13794.646
2010-11-23,13797.004
2010-11-24,13788.289
2010-11-26,13794.243
2010-11-29,13790.302
2010-11-30,13860.774
2010-12-01,13834.919
2010-12-02,13840.966
2010-12-03,13833.512
2010-12-06,13834.825
2010-12-07,13838.49
2010-12-08,13847.884
2010-12-09,13846.495
2010-12-10,13846.686
2010-12-13,13848.017
2010-12-14,13852.589
2010-12-15,13879.785
2010-12-16,13878.837
2010-12-17,13883.4
2010-12-20,13868.461
2010-12-21,13867.477
2010-12-22,13858.529
2010-12-23,13865.177
2010-12-24,13866.145
2010-12-27,13874
2010-12-28,13877.23
2010-12-29,13870.95
2010-12-30,13871.13
2010-12-31,14025.215
2011-01-03,13997.933
2011-01-04,14014.049
2011-01-05,14011.527
2011-01-06,14011.793
2011-01-07,14009.422
2011-01-10,14014.345
2011-01-11,14019.56
2011-01-12,14010.389
2011-01-13,14007.217
2011-01-14,14007.944
2011-01-18,14052.381
2011-01-19,14053.512
2011-01-20,14056.313
2011-01-21,14060.137
2011-01-24,14062.24
2011-01-25,14067.472
2011-01-26,14060.011
2011-01-27,14059.409
2011-01-28,14056.512
2011-01-31,14131.051
2011-02-01,14109.843
2011-02-02,14116.512
2011-02-03,14100.427
2011-02-04,14099.824
2011-02-07,14104.022
2011-02-08,14110.421
2011-02-09,14098.789
2011-02-10,14083.346
2011-02-11,14082.713
2011-02-14,14081.561
2011-02-15,14138.085
2011-02-16,14129.89
2011-02-17,14123.589
2011-02-18,14124.832
2011-02-22,14128.557
2011-02-23,14125.463
2011-02-24,14119.808
2011-02-25,14137.541
2011-02-28,14194.764
2011-03-01,14172.958
2011-03-02,14178.525
2011-03-03,14182.086
2011-03-04,14182.627
2011-03-07,14186.169
2011-03-08,14193.177
2011-03-09,14182.664
2011-03-10,14163.433
2011-03-11,14164.36
2011-03-14,14166.031
2011-03-15,14237.952
2011-03-16,14232.85
2011-03-17,14223.73
2011-03-18,14224.862
2011-03-21,14228.193
2011-03-22,14233.559
2011-03-23,14224.998
2011-03-24,14210.072
2011-03-25,14211.534
2011-03-28,14211.568
2011-03-29,14215.744
2011-03-30,14210.14
2011-03-31,14270.115
2011-04-01,14251.175
2011-04-04,14243.932
2011-04-05,14262.144
2011-04-06,14259.762
2011-04-07,14264.246
2011-04-08,14265.383
2011-04-11,14267.761
2011-04-12,14272.994
2011-04-13,14264.147
2011-04-14,14270.792
2011-04-15,14305.337
2011-04-18,14309.159
2011-04-19,14320.469
2011-04-20,14314.797
2011-04-21,14290.789
2011-04-22,14293.243
2011-04-25,14298.93
2011-04-26,14304.411
2011-04-27,14295.128
2011-04-28,14282.598
2011-04-29,14287.63
2011-05-02,14320.65
2011-05-03,14331.792
2011-05-04,14333.813
2011-05-05,14321.667
2011-05-06,14322.687
2011-05-09,14325.785
2011-05-10,14331.523
2011-05-11,14322.058
2011-05-12,14307.799
2011-05-13,14308.385
2011-05-16,14345.538
2011-05-17,14345.525
2011-05-18,14345.512
2011-05-19,14345.511
2011-05-20,14345.498
2011-05-23,14345.461
2011-05-24,14345.449
2011-05-25,14345.436
2011-05-26,14345.441
2011-05-27,14345.428
2011-05-31,14344.668
2011-06-01,14344.656
2011-06-02,14344.706
2011-06-03,14344.694
2011-06-06,14344.658
2011-06-07,14344.646
2011-06-08,14344.634
2011-06-09,14344.638
2011-06-10,14344.626
2011-06-13,14344.59
2011-06-14,14344.579
2011-06-15,14344.567
2011-06-16,14344.571
2011-06-17,14344.56
2011-06-20,14344.524
2011-06-21,14344.512
2011-06-22,14344.501
2011-06-23,14344.503
2011-06-24,14344.492
2011-06-27,14344.457
2011-06-28,14344.445
2011-06-29,14344.434
2011-06-30,14343.088
2011-07-01,14343.079
2011-07-05,14343.033
2011-07-06,14343.022
2011-07-07,14343.022
2011-07-08,14343.011
2011-07-11,14342.977
2011-07-12,14342.966
2011-07-13,14342.955
2011-07-14,14342.954
2011-07-15,14342.943
2011-07-18,14342.91
2011-07-19,14342.898
2011-07-20,14342.887
2011-07-21,14342.885
2011-07-22,14342.874
2011-07-25,14342.841
2011-07-26,14342.83
2011-07-27,14342.819
2011-07-28,14342.866
2011-07-29,14342.369
2011-08-01,14342.358
2011-08-02,14580.705
2011-08-03,14574.608
2011-08-04,14564.97
2011-08-05,14584.501
2011-08-08,14587.728
2011-08-09,14591.991
2011-08-10,14581.957
2011-08-11,14587.911
2011-08-12,14587.193
2011-08-15,14615.567
2011-08-16,14592.242
2011-08-17,14613.193
2011-08-18,14620.197
2011-08-19,14639.24
2011-08-22,14612.435
2011-08-23,14649.29
2011-08-24,14639.107
2011-08-25,14653.548
2011-08-26,14653.828
2011-08-29,14624.793
2011-08-30,14622.645
2011-08-31,14684.293
2011-09-01,14697.415
2011-09-02,14694.862
2011-09-06,14698.626
2011-09-07,14717.757
2011-09-08,14685.55
2011-09-09,14711.737
2011-09-12,14688.259
2011-09-13,14717.868
2011-09-14,14683.91
2011-09-15,14696.964
2011-09-16,14699.022
2011-09-19,14729.489
2011-09-20,14711.87
2011-09-21,14705.188
2011-09-22,14726.79
2011-09-23,14700.04
2011-09-26,14704.006
2011-09-27,14707.407
2011-09-28,14701.883
2011-09-29,14695.102
2011-09-30,14790.34
2011-10-03,14837.099
2011-10-04,14856.859
2011-10-05,14858.051
2011-10-06,14836.776
2011-10-07,14860.324
2011-10-11,14863.312
2011-10-12,14868.218
2011-10-13,14873.884
2011-10-14,14874.046
2011-10-17,14936.592
2011-10-18,14942.751
2011-10-19,14931.296
2011-10-20,14940.366
2011-10-21,14939.233
2011-10-24,14940.672
2011-10-25,14943.613
2011-10-26,14937.009
2011-10-27,14939.576
2011-10-28,14937.859
2011-10-31,14993.709
2011-11-01,14971.831
2011-11-02,14977.963
2011-11-03,14973.229
2011-11-04,14972.665
2011-11-07,14976.509
2011-11-08,14982.444
2011-11-09,14973.303
2011-11-10,14979.61
2011-11-14,14977.885
2011-11-15,15033.607
2011-11-16,15026.994
2011-11-17,15039.35
2011-11-18,15040.208
2011-11-21,15042.288
2011-11-22,15047.992
2011-11-23,15035.881
2011-11-25,15048.876
2011-11-28,15051.674
2011-11-29,15054.164
2011-11-30,15110.499
2011-12-01,15088.442
2011-12-02,15073.381
2011-12-05,15068.134
2011-12-06,15071.625
2011-12-07,15046.398
2011-12-08,15051.161
2011-12-09,15052.444
2011-12-12,15054.018
2011-12-13,15060.274
2011-12-14,15051.286
2011-12-15,15098.098
2011-12-16,15099.497
2011-12-19,15104.055
2011-12-20,15131.979
2011-12-21,15123.841
2011-12-22,15123.728
2011-12-23,15128.573
2011-12-27,15130.583
2011-12-28,15125.206
2011-12-29,15125.899
2011-12-30,15222.94
2012-01-03,15226.217
2012-01-04,15236.542
2012-01-05,15236.542
2012-01-06,15236.533
2012-01-09,15236.506
2012-01-10,15236.497
2012-01-11,15236.307
2012-01-12,15236.332
2012-01-13,15236.323
2012-01-17,15236.288
2012-01-18,15236.279
2012-01-19,15236.281
2012-01-20,15236.272
2012-01-23,15236.245
2012-01-24,15236.236
2012-01-25,15236.228
2012-01-26,15236.232
2012-01-27,15236.223
2012-01-30,15295.053
2012-01-31,15356.14
2012-02-01,15330.778
2012-02-02,15351.406
2012-02-03,15335.108
2012-02-06,15337.882
2012-02-07,15343.505
2012-02-08,15335.666
2012-02-09,15355.839
2012-02-10,15354.109
2012-02-13,15355.198
2012-02-14,15359.384
2012-02-15,15391.736
2012-02-16,15413.031
2012-02-17,15416.594
2012-02-21,15419.8
2012-02-22,15416.324
2012-02-23,15435.695
2012-02-24,15437.988
2012-02-27,15438.518
2012-02-28,15442.121
2012-02-29,15488.891
2012-03-01,15501.015
2012-03-02,15489.874
2012-03-05,15491.983
2012-03-06,15499.024
2012-03-07,15498.307
2012-03-08,15517.795
2012-03-09,15517.052
2012-03-12,15519.141
2012-03-13,15524.178
2012-03-14,15516.45
2012-03-15,15564.81
2012-03-16,15566.571
2012-03-19,15574.238
2012-03-20,15583.384
2012-03-21,15574.429
2012-03-22,15584.906
2012-03-23,15585.576
2012-03-26,15586.075
2012-03-27,15589.407
2012-03-28,15580.212
2012-03-29,15579.853
2012-03-30,15582.079
2012-04-02,15620.326
2012-04-03,15616.847
2012-04-04,15617.723
2012-04-05,15619.74
2012-04-06,15618.64
2012-04-09,15621.446
2012-04-10,15626.833
2012-04-11,15618.088
2012-04-12,15614.995
2012-04-13,15615.726
2012-04-16,15654.639
2012-04-17,15661.574
2012-04-18,15660.737
2012-04-19,15615.591
2012-04-20,15617.359
2012-04-23,15620.174
2012-04-24,15628.266
2012-04-25,15623.286
2012-04-26,15624.348
2012-04-27,15623.697
2012-04-30,15692.368
2012-05-01,15673.23
2012-05-02,15680.496
2012-05-03,15671.202
2012-05-04,15671.916
2012-05-07,15675.791
2012-05-08,15685.727
2012-05-09,15674.048
2012-05-10,15674.689
2012-05-11,15674.183
2012-05-14,15676.996
2012-05-15,15716.116
2012-05-16,15708.754
2012-05-17,15712.823
2012-05-18,15712.207
2012-05-21,15715.461
2012-05-22,15721.219
2012-05-23,15714.298
2012-05-24,15712.446
2012-05-25,15711.601
2012-05-29,15713.656
2012-05-30,15716.625
2012-05-31,15770.685
2012-06-01,15724.907
2012-06-04,15728.112
2012-06-05,15733.409
2012-06-06,15734.597
2012-06-07,15733.369
2012-06-08,15735.364
2012-06-11,15737.91
2012-06-12,15744.361
2012-06-13,15735.182
2012-06-14,15736.971
2012-06-15,15772.177
2012-06-18,15776.139
2012-06-19,15784.677
2012-06-20,15777.955
2012-06-21,15779.643
2012-06-22,15778.439
2012-06-25,15782.57
2012-06-26,15789.104
2012-06-27,15778.951
2012-06-28,15781
2012-06-29,15856.367
2012-07-02,15888.742
2012-07-03,15880.986
2012-07-05,15876.652
2012-07-06,15879.529
2012-07-09,15879.266
2012-07-10,15885.855
2012-07-11,15876.458
2012-07-12,15871.512
2012-07-13,15871.167
2012-07-16,15875.735
2012-07-17,15884.156
2012-07-18,15874.047
2012-07-19,15874.365
2012-07-20,15874.876
2012-07-23,15877.234
2012-07-24,15882.491
2012-07-25,15874.859
2012-07-26,15879.556
2012-07-27,15878.374
2012-07-30,15873.767
2012-07-31,15933.235
2012-08-01,15907.139
2012-08-02,15920.591
2012-08-03,15904.629
2012-08-06,15908.7
2012-08-07,15912.062
2012-08-08,15903.941
2012-08-09,15915.814
2012-08-10,15914.973
2012-08-13,15915.547
2012-08-14,15919.488
2012-08-15,15944.87
2012-08-16,15957.96
2012-08-17,15962.055
2012-08-20,15964.767
2012-08-21,15970.135
2012-08-22,15960.469
2012-08-23,15976.519
2012-08-24,15974.81
2012-08-27,15975.222
2012-08-28,15978.919
2012-08-29,15978.185
2012-08-30,15990.541
2012-08-31,16015.77
2012-09-04,16008.06
2012-09-05,16020.684
2012-09-06,16045.515
2012-09-07,16046.68
2012-09-10,16048.018
2012-09-11,16054.954
2012-09-12,16046.337
2012-09-13,16045.679
2012-09-14,16045.783
2012-09-17,16008.938
2012-09-18,16020.975
2012-09-19,16012.972
2012-09-20,16014.424
2012-09-21,16016.102
2012-09-24,16017.841
2012-09-25,16022.743
2012-09-26,16015.837
2012-09-27,16015.131
2012-09-28,16066.241
2012-10-01,16159.487
2012-10-02,16171.037
2012-10-03,16153.318
2012-10-04,16161.88
2012-10-05,16161.867
2012-10-09,16167.932
2012-10-10,16157.753
2012-10-11,16158.271
2012-10-12,16157.543
2012-10-15,16190.979
2012-10-16,16199.575
2012-10-17,16193.1
2012-10-18,16198.174
2012-10-19,16196.052
2012-10-22,16198.678
2012-10-23,16203.845
2012-10-24,16194.792
2012-10-25,16197.083
2012-10-26,16197.816
2012-10-29,16198.994
2012-10-30,16204.062
2012-10-31,16261.471
2012-11-01,16221.685
2012-11-02,16206.129
2012-11-05,16209.959
2012-11-06,16214.359
2012-11-07,16213.982
2012-11-08,16245.319
2012-11-09,16244.709
2012-11-13,16248.293
2012-11-14,16244.384
2012-11-15,16278.932
2012-11-16,16281.33
2012-11-19,16286.11
2012-11-20,16292.689
2012-11-21,16283.162
2012-11-23,16307.489
2012-11-26,16309.738
2012-11-27,16317.682
2012-11-28,16306.713
2012-11-29,16323.083
2012-11-30,16369.549
2012-12-03,16338.093
2012-12-04,16347.056
2012-12-05,16337.929
2012-12-06,16366.437
2012-12-07,16365.371
2012-12-10,16370.056
2012-12-11,16375.874
2012-12-12,16366.422
2012-12-13,16369.984
2012-12-14,16359.577
2012-12-17,16351.194
2012-12-18,16359.759
2012-12-19,16352.044
2012-12-20,16334.217
2012-12-21,16336.217
2012-12-24,16337.557
2012-12-26,16337.86
2012-12-27,16338.243
2012-12-28,16336.462
2012-12-31,16432.73
2013-01-02,16432.706
2013-01-03,16431.219
2013-01-04,16432.707
2013-01-07,16432.671
2013-01-08,16432.659
2013-01-09,16432.647
2013-01-10,16432.692
2013-01-11,16432.68
2013-01-14,16432.644
2013-01-15,16432.632
2013-01-16,16432.62
2013-01-17,16432.631
2013-01-18,16432.619
2013-01-22,16432.571
2013-01-23,16432.559
2013-01-24,16432.568
2013-01-25,16432.556
2013-01-28,16432.52
2013-01-29,16432.508
2013-01-30,16432.496
2013-01-31,16433.792
2013-02-01,16433.78
2013-02-04,16475.048
2013-02-05,16480.911
2013-02-06,16479.955
2013-02-07,16487.564
2013-02-08,16488.909
2013-02-11,16489.931
2013-02-12,16494.367
2013-02-13,16524.305
2013-02-14,16540.8
2013-02-15,16548.927
2013-02-19,16552.819
2013-02-20,16588.751
2013-02-21,16608.318
2013-02-22,16609.041
2013-02-25,16610.558
2013-02-26,16618.702
2013-02-27,16607.217
2013-02-28,16687.289
2013-03-01,16640.135
2013-03-04,16649.703
2013-03-05,16663.709
2013-03-06,16692.239
2013-03-07,16701.251
2013-03-08,16701.847
2013-03-11,16703.943
2013-03-12,16709.976
2013-03-13,16700.635
2013-03-14,16708.225
2013-03-15,16731.693
2013-03-18,16736.188
2013-03-19,16749.27
2013-03-20,16739.94
2013-03-21,16750.13
2013-03-22,16749.925
2013-03-25,16753.443
2013-03-26,16759.064
2013-03-27,16749.482
2013-03-28,16766.988
2013-03-29,16771.379
2013-04-01,16792.12
2013-04-02,16804.877
2013-04-03,16786.97
2013-04-04,16798.052
2013-04-05,16797.829
2013-04-08,16802.516
2013-04-09,16808.274
2013-04-10,16798.984
2013-04-11,16808.067
2013-04-12,16808.24
2013-04-15,16801.307
2013-04-16,16812.066
2013-04-17,16807.27
2013-04-18,16779.47
2013-04-19,16781.968
2013-04-22,16787.451
2013-04-23,16798.953
2013-04-24,16794.35
2013-04-25,16758.107
2013-04-26,16756.644
2013-04-29,16758.168
2013-04-30,16828.845
2013-05-01,16805.037
2013-05-02,16794.979
2013-05-03,16780.9
2013-05-06,16788.427
2013-05-07,16795.552
2013-05-08,16784.107
2013-05-09,16754.735
2013-05-10,16753.993
2013-05-13,16755.788
2013-05-14,16760.962
2013-05-15,16765.041
2013-05-16,16734.809
2013-05-17,16737.328
2013-05-20,16737.294
2013-05-21,16737.283
2013-05-22,16734.033
2013-05-23,16736.577
2013-05-24,16735.424
2013-05-28,16737.22
2013-05-29,16737.209
2013-05-30,16737.246
2013-05-31,16738.822
2013-06-03,16738.789
2013-06-04,16738.778
2013-06-05,16738.767
2013-06-06,16738.771
2013-06-07,16738.76
2013-06-10,16738.727
2013-06-11,16738.716
2013-06-12,16738.705
2013-06-13,16738.708
2013-06-14,16738.697
2013-06-17,16738.665
2013-06-18,16738.654
2013-06-19,16738.643
2013-06-20,16738.646
2013-06-21,16738.635
2013-06-24,16738.603
2013-06-25,16738.592
2013-06-26,16738.581
2013-06-27,16738.629
2013-06-28,16738.32
2013-07-01,16738.309
2013-07-02,16738.299
2013-07-03,16738.288
2013-07-05,16738.281
2013-07-08,16738.249
2013-07-09,16738.238
2013-07-10,16738.228
2013-07-11,16738.231
2013-07-12,16738.22
2013-07-15,16738.188
2013-07-16,16738.178
2013-07-17,16738.167
2013-07-18,16738.169
2013-07-19,16738.158
2013-07-22,16738.127
2013-07-23,16738.116
2013-07-24,16738.106
2013-07-25,16738.136
2013-07-26,16738.126
2013-07-29,16738.095
2013-07-30,16738.084
2013-07-31,16738.599
2013-08-01,16738.6
2013-08-02,16738.59
2013-08-05,16738.558
2013-08-06,16738.548
2013-08-07,16738.538
2013-08-08,16738.541
2013-08-09,16738.531
2013-08-12,16738.499
2013-08-13,16738.489
2013-08-14,16738.479
2013-08-15,16738.485
2013-08-16,16738.474
2013-08-19,16738.443
2013-08-20,16738.433
2013-08-21,16738.422
2013-08-22,16738.461
2013-08-23,16738.45
2013-08-26,16738.419
2013-08-27,16738.409
2013-08-28,16738.399
2013-08-29,16738.401
2013-08-30,16738.65
2013-09-03,16738.619
2013-09-04,16738.608
2013-09-05,16738.608
2013-09-06,16738.598
2013-09-09,16738.567
2013-09-10,16738.557
2013-09-11,16738.547
2013-09-12,16738.543
2013-09-13,16738.533
2013-09-16,16738.503
2013-09-17,16738.493
2013-09-18,16738.483
2013-09-19,16738.504
2013-09-20,16738.494
2013-09-23,16738.464
2013-09-24,16738.455
2013-09-25,16738.445
2013-09-26,16738.443
2013-09-27,16738.433
2013-09-30,16738.184
2013-10-01,16747.479
2013-10-02,16747.469
2013-10-03,16747.468
2013-10-04,16747.459
2013-10-07,16747.429
2013-10-08,16747.42
2013-10-09,16747.41
2013-10-10,16747.422
2013-10-11,16747.412
2013-10-15,16747.371
2013-10-16,16747.361
2013-10-17,17075.59
2013-10-18,17074.26
2013-10-21,17075.231
2013-10-22,17078.77
2013-10-23,17067.881
2013-10-24,17077.729
2013-10-25,17076.508
2013-10-28,17081.509
2013-10-29,17090.754
2013-10-30,17088.263
2013-10-31,17156.117
2013-11-01,17108.599
2013-11-04,17116.705
2013-11-05,17121.761
2013-11-06,17121.571
2013-11-07,17149.154
2013-11-08,17151.627
2013-11-12,17154.624
2013-11-13,17149.193
2013-11-14,17183.317
2013-11-15,17189.547
2013-11-18,17192.879
2013-11-19,17200.725
2013-11-20,17190.226
2013-11-21,17208.964
2013-11-22,17209.511
2013-11-25,17211.829
2013-11-26,17219.11
2013-11-27,17203.337
2013-11-29,17217.152
2013-12-02,17235.032
2013-12-03,17223.255
2013-12-04,17222.092
2013-12-05,17228.7
2013-12-06,17227.011
2013-12-09,17230.346
2013-12-10,17234.006
2013-12-11,17222.455
2013-12-12,17226.016
2013-12-13,17224.129
2013-12-16,17259.029
2013-12-17,17268.588
2013-12-18,17258.81
2013-12-19,17251.528
2013-12-20,17250.435
2013-12-23,17250.656
2013-12-24,17248.088
2013-12-26,17226.098
2013-12-27,17226.267
2013-12-30,17226.768
2013-12-31,17351.971
2014-01-02,17315.971
2014-01-03,17308.85
2014-01-06,17310.216
2014-01-07,17315.228
2014-01-08,17306.978
2014-01-09,17281.165
2014-01-10,17280.842
2014-01-13,17282.528
2014-01-14,17287.252
2014-01-15,17286.874
2014-01-16,17270.24
2014-01-17,17273.684
2014-01-21,17276.127
2014-01-22,17273.489
2014-01-23,17261.486
2014-01-24,17263.28
2014-01-27,17266.724
2014-01-28,17271.932
2014-01-29,17272.507
2014-01-30,17249.266
2014-01-31,17293.02
2014-02-03,17263.04
2014-02-04,17280.021
2014-02-05,17281.223
2014-02-06,17258.482
2014-02-07,17258.825
2014-02-10,17258.794
2014-02-11,17258.793
2014-02-12,17258.782
2014-02-13,17258.806
2014-02-14,17258.795
2014-02-18,17384.65
2014-02-19,17385.41
2014-02-20,17409.112
2014-02-21,17411.178
2014-02-24,17413.22
2014-02-25,17419.22
2014-02-26,17410.831
2014-02-27,17426.891
2014-02-28,17463.229
2014-03-03,17444.385
2014-03-04,17467.228
2014-03-05,17467.541
2014-03-06,17491.871
2014-03-07,17491.079
2014-03-10,17495.622
2014-03-11,17501.576
2014-03-12,17491.372
2014-03-13,17511.462
2014-03-14,17511.66
2014-03-17,17546.814
2014-03-18,17559.06
2014-03-19,17549.497
2014-03-20,17546.933
2014-03-21,17548.207
2014-03-24,17550.128
2014-03-25,17555.984
2014-03-26,17544.08
2014-03-27,17533.58
2014-03-28,17554.276
2014-03-31,17601.227
2014-04-01,17578.142
2014-04-02,17585.626
2014-04-03,17554.779
2014-04-04,17555.438
2014-04-07,17559.604
2014-04-08,17567.075
2014-04-09,17556.587
2014-04-10,17539.023
2014-04-11,17538.602
2014-04-14,17541.897
2014-04-15,17576.842
2014-04-16,17571.837
2014-04-17,17512.421
2014-04-18,17516.582
2014-04-21,17521.418
2014-04-22,17528.981
2014-04-23,17525.949
2014-04-24,17437.874
2014-04-25,17436.444
2014-04-28,17440.765
2014-04-29,17447.322
2014-04-30,17508.437
2014-05-01,17474.314
2014-05-02,17468.094
2014-05-05,17473.169
2014-05-06,17484.286
2014-05-07,17484.1
2014-05-08,17472.052
2014-05-09,17472.278
2014-05-12,17472.132
2014-05-13,17477.955
2014-05-14,17466.359
2014-05-15,17471.573
2014-05-16,17473.133
2014-05-19,17479.199
2014-05-20,17485.062
2014-05-21,17475.322
2014-05-22,17488.395
2014-05-23,17490.453
2014-05-27,17494.958
2014-05-28,17490.048
2014-05-29,17502.87
2014-05-30,17516.958
2014-06-02,17524.873
2014-06-03,17517.597
2014-06-04,17518.075
2014-06-05,17544.582
2014-06-06,17543.977
2014-06-09,17548.9
2014-06-10,17555.166
2014-06-11,17544.441
2014-06-12,17536.614
2014-06-13,17536.123
2014-06-16,17569.042
2014-06-17,17581.114
2014-06-18,17571.992
2014-06-19,17532.488
2014-06-20,17529.945
2014-06-23,17535.732
2014-06-24,17545.861
2014-06-25,17533.15
2014-06-26,17512.593
2014-06-27,17524.46
2014-06-30,17632.606
2014-07-01,17602.672
2014-07-02,17609.722
2014-07-03,17586.595
2014-07-07,17588.758
2014-07-08,17596.427
2014-07-09,17586.76
2014-07-10,17591.098
2014-07-11,17589.435
2014-07-14,17591.98
2014-07-15,17603.732
2014-07-16,17594.291
2014-07-17,17600.504
2014-07-18,17599.557
2014-07-21,17602.846
2014-07-22,17610.253
2014-07-23,17599.231
2014-07-24,17613.902
2014-07-25,17611.455
2014-07-28,17613.035
2014-07-29,17621.751
2014-07-30,17618.6
2014-07-31,17687.137
2014-08-01,17631.209
2014-08-04,17640.751
2014-08-05,17649.651
2014-08-06,17651.846
2014-08-07,17670.486
2014-08-08,17672.734
2014-08-11,17675.095
2014-08-12,17680.354
2014-08-13,17667.502
2014-08-14,17671.688
2014-08-15,17678.983
2014-08-18,17682.532
2014-08-19,17692.277
2014-08-20,17690.034
2014-08-21,17709.323
2014-08-22,17710.261
2014-08-25,17712.826
2014-08-26,17719.515
2014-08-27,17708.343
2014-08-28,17721.613
2014-08-29,17749.172
2014-09-02,17741.639
2014-09-03,17734.663
2014-09-04,17754.468
2014-09-05,17756.856
2014-09-08,17757.884
2014-09-09,17764.72
2014-09-10,17753.539
2014-09-11,17742.109
2014-09-12,17741.171
2014-09-15,17760.74
2014-09-16,17770.878
2014-09-17,17764.743
2014-09-18,17749.821
2014-09-19,17749.004
2014-09-22,17752.083
2014-09-23,17759.786
2014-09-24,17752.791
2014-09-25,17741.569
2014-09-26,17787.535
2014-09-29,17781.488
2014-09-30,17824.071
2014-10-01,17875.258
2014-10-02,17872.948
2014-10-03,17858.511
2014-10-06,17863.005
2014-10-07,17867.699
2014-10-08,17859.802
2014-10-09,17859.584
2014-10-10,17858.48
2014-10-14,17861.216
2014-10-15,17886.965
2014-10-16,17899.316
2014-10-17,17903.37
2014-10-20,17904.97
2014-10-21,17909.674
2014-10-22,17898.403
2014-10-23,17899.001
2014-10-24,17898.691
2014-10-27,17899.703
2014-10-28,17906.106
2014-10-29,17905
2014-10-30,17914.426
2014-10-31,17937.16
2014-11-03,17908.462
2014-11-04,17922.328
2014-11-05,17923.491
2014-11-06,17938.162
2014-11-07,17937.617
2014-11-10,17942.479
2014-11-12,17936.64
2014-11-13,17941.407
2014-11-14,17946.228
2014-11-17,17955.187
2014-11-18,17965.853
2014-11-19,17955.862
2014-11-20,17966.39
2014-11-21,17966.431
2014-11-24,17969.341
2014-11-25,17973.268
2014-11-26,17963.754
2014-11-28,18005.549
2014-12-01,17988.14
2014-12-02,17994.739
2014-12-03,17976.896
2014-12-04,17993.726
2014-12-05,17991.068
2014-12-08,17993.213
2014-12-09,17997.913
2014-12-10,17985.41
2014-12-11,17999.197
2014-12-12,17998.481
2014-12-15,18026.488
2014-12-16,18033.285
2014-12-17,18027.975
2014-12-18,18029.015
2014-12-19,18027.957
2014-12-22,18031.022
2014-12-23,18044.495
2014-12-24,18032.268
2014-12-26,18030.113
2014-12-29,18039.456
2014-12-30,18043.862
2014-12-31,18141.444
2015-01-02,18080.613
2015-01-05,18091.316
2015-01-06,18097.815
2015-01-07,18098.261
2015-01-08,18084.818
2015-01-09,18085.826
2015-01-12,18086.947
2015-01-13,18092.171
2015-01-14,18081.479
2015-01-15,18079.608
2015-01-16,18080.794
2015-01-20,18086.048
2015-01-21,18083.464
2015-01-22,18087.425
2015-01-23,18086.336
2015-01-26,18087.727
2015-01-27,18095.12
2015-01-28,18082.591
2015-01-29,18085.064
2015-01-30,18082.294
2015-02-02,18099.042
2015-02-03,18098.502
2015-02-04,18099.98
2015-02-05,18125.877
2015-02-06,18124.963
2015-02-09,18128.511
2015-02-10,18132.369
2015-02-11,18120.851
2015-02-12,18136.906
2015-02-13,18136.848
2015-02-17,18122.443
2015-02-18,18122.882
2015-02-19,18138.459
2015-02-20,18140.525
2015-02-23,18141.409
2015-02-24,18148.105
2015-02-25,18133.356
2015-02-26,18149.753
2015-02-27,18155.854
2015-03-02,18153.538
2015-03-03,18149.955
2015-03-04,18149.662
2015-03-05,18147.256
2015-03-06,18146.998
2015-03-09,18150.078
2015-03-10,18155.727
2015-03-11,18148.969
2015-03-12,18153.816
2015-03-13,18152.457
2015-03-16,18152.428
2015-03-17,18152.418
2015-03-18,18152.409
2015-03-19,18152.422
2015-03-20,18152.412
2015-03-23,18152.383
2015-03-24,18152.373
2015-03-25,18152.363
2015-03-26,18152.368
2015-03-27,18152.358
2015-03-30,18152.328
2015-03-31,18152.056
2015-04-01,18152.046
2015-04-02,18152.122
2015-04-03,18152.112
2015-04-06,18152.082
2015-04-07,18152.072
2015-04-08,18152.061
2015-04-09,18152.064
2015-04-10,18152.054
2015-04-13,18152.024
2015-04-14,18152.014
2015-04-15,18152.003
2015-04-16,18152.008
2015-04-17,18151.998
2015-04-20,18151.967
2015-04-21,18151.957
2015-04-22,18151.947
2015-04-23,18151.95
2015-04-24,18151.939
2015-04-27,18151.909
2015-04-28,18151.899
2015-04-29,18151.889
2015-04-30,18152.56
2015-05-01,18152.55
2015-05-04,18152.519
2015-05-05,18152.509
2015-05-06,18152.499
2015-05-07,18152.498
2015-05-08,18152.488
2015-05-11,18152.457
2015-05-12,18152.447
2015-05-13,18152.436
2015-05-14,18152.438
2015-05-15,18152.428
2015-05-18,18152.398
2015-05-19,18152.387
2015-05-20,18152.377
2015-05-21,18152.378
2015-05-22,18152.368
2015-05-26,18152.327
2015-05-27,18152.317
2015-05-28,18152.383
2015-05-29,18152.852
2015-06-01,18152.841
2015-06-02,18152.831
2015-06-03,18152.821
2015-06-04,18152.82
2015-06-05,18152.81
2015-06-08,18152.779
2015-06-09,18152.769
2015-06-10,18152.758
2015-06-11,18152.759
2015-06-12,18152.748
2015-06-15,18152.718
2015-06-16,18152.707
2015-06-17,18152.697
2015-06-18,18152.699
2015-06-19,18152.689
2015-06-22,18152.659
2015-06-23,18152.648
2015-06-24,18152.638
2015-06-25,18152.711
2015-06-26,18152.701
2015-06-29,18152.67
2015-06-30,18151.998
2015-07-01,18151.987
2015-07-02,18151.992
2015-07-03,18151.981
2015-07-06,18151.95
2015-07-07,18151.94
2015-07-08,18151.93
2015-07-09,18151.931
2015-07-10,18151.921
2015-07-13,18151.89
2015-07-14,18151.88
2015-07-15,18151.87
2015-07-16,18151.873
2015-07-17,18151.863
2015-07-20,18151.832
2015-07-21,18151.822
2015-07-22,18151.811
2015-07-23,18151.904
2015-07-24,18151.893
2015-07-27,18151.862
2015-07-28,18151.851
2015-07-29,18151.841
2015-07-30,18151.852
2015-07-31,18151.323
2015-08-03,18151.291
2015-08-04,18151.28
2015-08-05,18151.269
2015-08-06,18151.285
2015-08-07,18151.274
2015-08-10,18151.242
2015-08-11,18151.231
2015-08-12,18151.221
2015-08-13,18151.249
2015-08-14,18151.238
2015-08-17,18151.205
2015-08-18,18151.194
2015-08-19,18151.183
2015-08-20,18151.3
2015-08-21,18151.289
2015-08-24,18151.255
2015-08-25,18151.243
2015-08-26,18151.232
2015-08-27,18151.249
2015-08-28,18151.238
2015-08-31,18151.15
2015-09-01,18151.139
2015-09-02,18151.128
2015-09-03,18151.155
2015-09-04,18151.143
2015-09-08,18151.097
2015-09-09,18151.085
2015-09-10,18151.109
2015-09-11,18151.097
2015-09-14,18151.062
2015-09-15,18151.05
2015-09-16,18151.038
2015-09-17,18151.144
2015-09-18,18151.132
2015-09-21,18151.097
2015-09-22,18151.085
2015-09-23,18151.073
2015-09-24,18151.073
2015-09-25,18151.061
2015-09-28,18151.026
2015-09-29,18151.014
2015-09-30,18150.618
2015-10-01,18150.616
2015-10-02,18150.604
2015-10-05,18150.569
2015-10-06,18150.557
2015-10-07,18150.545
2015-10-08,18150.54
2015-10-09,18150.529
2015-10-13,18150.482
2015-10-14,18150.47
2015-10-15,18152.717
2015-10-16,18152.705
2015-10-19,18152.67
2015-10-20,18152.658
2015-10-21,18152.646
2015-10-22,18152.651
2015-10-23,18152.639
2015-10-26,18152.604
2015-10-27,18152.592
2015-10-28,18152.58
2015-10-29,18152.59
2015-10-30,18152.982
2015-11-02,18492.091
2015-11-03,18532.338
2015-11-04,18532.854
2015-11-05,18609.8
2015-11-06,18609.854
2015-11-09,18614.769
2015-11-10,18605.392
2015-11-12,18649.025
2015-11-13,18653.507
2015-11-16,18660.49
2015-11-17,18670.014
2015-11-18,18658.332
2015-11-19,18718.209
2015-11-20,18720.8
2015-11-23,18722.747
2015-11-24,18730.245
2015-11-25,18719.613
2015-11-27,18782.451
2015-11-30,18827.323
2015-12-01,18797.84
2015-12-02,18802.739
2015-12-03,18787.992
2015-12-04,18786.831
2015-12-07,18789.2
2015-12-08,18789.064
2015-12-09,18775.085
2015-12-10,18762.069
2015-12-11,18764.922
2015-12-14,18767.636
2015-12-15,18798.212
2015-12-16,18788.138
2015-12-17,18796.28
2015-12-18,18795.034
2015-12-21,18798.202
2015-12-22,18807.362
2015-12-23,18795.265
2015-12-24,18802.88
2015-12-28,18818.691
2015-12-29,18824.107
2015-12-30,18825.062
2015-12-31,18922.179
2016-01-04,18900.933
2016-01-05,18918.446
2016-01-06,18918.38
2016-01-07,18887.877
2016-01-08,18888.64
2016-01-11,18891.87
2016-01-12,18897.682
2016-01-13,18955.779
2016-01-14,18923.558
2016-01-15,18934.59
2016-01-19,18940.64
2016-01-20,18941.407
2016-01-21,18958.837
2016-01-22,18961.638
2016-01-25,18961.968
2016-01-26,18968.345
2016-01-27,18962.59
2016-01-28,18989.803
2016-01-29,19012.828
2016-02-01,18975.72
2016-02-02,18992.299
2016-02-03,18975.194
2016-02-04,18996.687
2016-02-05,18996.372
2016-02-08,19000.236
2016-02-09,19005.359
2016-02-10,18991.326
2016-02-11,19016.262
2016-02-12,19016.525
2016-02-16,19030.024
2016-02-17,19028.997
2016-02-18,19047.127
2016-02-19,19052.404
2016-02-22,19053.381
2016-02-23,19064.879
2016-02-24,19054.165
2016-02-25,19070.657
2016-02-26,19080.124
2016-02-29,19125.455
2016-03-01,19090.881
2016-03-02,19097.522
2016-03-03,19093.151
2016-03-04,19093.496
2016-03-07,19097.826
2016-03-08,19112.877
2016-03-09,19100.184
2016-03-10,19125.325
2016-03-11,19124.287
2016-03-14,19128.72
2016-03-15,19161.875
2016-03-16,19151.399
2016-03-17,19188.229
2016-03-18,19202.994
2016-03-21,19205.597
2016-03-22,19211.343
2016-03-23,19200.6
2016-03-24,19211.665
2016-03-25,19214.93
2016-03-28,19230.095
2016-03-29,19235.698
2016-03-30,19232.951
2016-03-31,19264.939
2016-04-01,19218.517
2016-04-04,19228.044
2016-04-05,19237.067
2016-04-06,19238.908
2016-04-07,19221.206
2016-04-08,19223.198
2016-04-11,19226.226
2016-04-12,19234.006
2016-04-13,19221.298
2016-04-14,19203.187
2016-04-15,19203.643
2016-04-18,19208.278
2016-04-19,19221.833
2016-04-20,19215.68
2016-04-21,19196.769
2016-04-22,19198.173
2016-04-25,19210.345
2016-04-26,19218.673
2016-04-27,19209.405
2016-04-28,19186.208
2016-04-29,19187.387
2016-05-02,19170.002
2016-05-03,19171.816
2016-05-04,19186.655
2016-05-05,19188.102
2016-05-06,19190.06
2016-05-09,19197.497
2016-05-10,19204.514
2016-05-11,19193.401
2016-05-12,19200.169
2016-05-13,19199.894
2016-05-16,19206.98
2016-05-17,19218.045
2016-05-18,19206.517
2016-05-19,19212.452
2016-05-20,19209.816
2016-05-23,19212.493
2016-05-24,19223.048
2016-05-25,19214.129
2016-05-26,19216.138
2016-05-27,19226.418
2016-05-31,19265.452
2016-06-01,19230.634
2016-06-02,19229.28
2016-06-03,19214.514
2016-06-06,19220.485
2016-06-07,19228.398
2016-06-08,19230.27
2016-06-09,19219.466
2016-06-10,19218.85
2016-06-13,19222.276
2016-06-14,19230.064
2016-06-15,19245.574
2016-06-16,19248.244
2016-06-17,19252.985
2016-06-20,19256.656
2016-06-21,19265.745
2016-06-22,19252.431
2016-06-23,19259.812
2016-06-24,19277.938
2016-06-27,19279.323
2016-06-28,19284.4
2016-06-29,19283.326
2016-06-30,19381.591
2016-07-01,19316.932
2016-07-05,19327.746
2016-07-06,19343.542
2016-07-07,19360.177
2016-07-08,19362.033
2016-07-11,19366.975
2016-07-12,19372.93
2016-07-13,19361.289
2016-07-14,19380.59
2016-07-15,19386.06
2016-07-18,19391.094
2016-07-19,19402.362
2016-07-20,19391.704
2016-07-21,19400.567
2016-07-22,19400.334
2016-07-25,19407.187
2016-07-26,19415.129
2016-07-27,19402.906
2016-07-28,19412.287
2016-07-29,19427.695
2016-08-01,19358.707
2016-08-02,19374.217
2016-08-03,19359.342
2016-08-04,19379.566
2016-08-05,19380.143
2016-08-08,19385.572
2016-08-09,19390.746
2016-08-10,19377.642
2016-08-11,19404.383
2016-08-12,19403.005
2016-08-15,19420.158
2016-08-16,19428.079
2016-08-17,19421.791
2016-08-18,19445.101
2016-08-19,19443.266
2016-08-22,19446.002
2016-08-23,19454.944
2016-08-24,19442.913
2016-08-25,19472.204
2016-08-26,19483.789
2016-08-29,19486.204
2016-08-30,19492.084
2016-08-31,19510.296
2016-09-01,19481.571
2016-09-02,19470.384
2016-09-06,19473.941
2016-09-07,19479.491
2016-09-08,19482.086
2016-09-09,19482.694
2016-09-12,19484.661
2016-09-13,19493.291
2016-09-14,19480.514
2016-09-15,19508.242
2016-09-16,19510.911
2016-09-19,19518.126
2016-09-20,19524.336
2016-09-21,19517.457
2016-09-22,19519.471
2016-09-23,19524.763
2016-09-26,19529.589
2016-09-27,19536.855
2016-09-28,19519.932
2016-09-29,19532.89
2016-09-30,19573.445
2016-10-03,19642.95
2016-10-04,19659.461
2016-10-05,19663.411
2016-10-06,19688.774
2016-10-07,19687.424
2016-10-11,19694.317
2016-10-12,19688.682
2016-10-13,19720.831
2016-10-14,19721.619
2016-10-17,19755.564
2016-10-18,19766.58
2016-10-19,19754.257
2016-10-20,19785.585
2016-10-21,19786.441
2016-10-24,19788.021
2016-10-25,19808.505
2016-10-26,19795.497
2016-10-27,19824.868
2016-10-28,19820.509
2016-10-31,19805.715
2016-11-01,19760.054
2016-11-02,19769.622
2016-11-03,19790.136
2016-11-04,19790.767
2016-11-07,19796.59
2016-11-08,19806.24
2016-11-09,19793.697
2016-11-10,19840.574
2016-11-14,19842.174
2016-11-15,19867.119
2016-11-16,19857.828
2016-11-17,19897.151
2016-11-18,19895.97
2016-11-21,19899.004
2016-11-22,19907.541
2016-11-23,19897.994
2016-11-25,19928.118
2016-11-28,19929.184
2016-11-29,19930.699
2016-11-30,19948.065
2016-12-01,19901.545
2016-12-02,19881.223
2016-12-05,19885.573
2016-12-06,19892.367
2016-12-07,19891.173
2016-12-08,19877.418
2016-12-09,19876.373
2016-12-12,19878.727
2016-12-13,19884.323
2016-12-14,19871.458
2016-12-15,19875.32
2016-12-16,19876.036
2016-12-19,19882.664
2016-12-20,19889.593
2016-12-21,19878.281
2016-12-22,19877.45
2016-12-23,19887.188
2016-12-27,19890.7
2016-12-28,19879.389
2016-12-29,19879.152
2016-12-30,19976.827
2017-01-03,19935.026
2017-01-04,19952.414
2017-01-05,19948.473
2017-01-06,19952.809
2017-01-09,19955.344
2017-01-10,19964.269
2017-01-11,19951.756
2017-01-12,19941.807
2017-01-13,19940.614
2017-01-17,19959.955
2017-01-18,19961.467
2017-01-19,19944.429
2017-01-20,19947.305
2017-01-23,19949.678
2017-01-24,19958.09
2017-01-25,19950.603
2017-01-26,19939.909
2017-01-27,19939.02
2017-01-30,19939.76
2017-01-31,19937.261
2017-02-01,19900.037
2017-02-02,19902.827
2017-02-03,19885.875
2017-02-06,19890.33
2017-02-07,19895.764
2017-02-08,19884.606
2017-02-09,19922.336
2017-02-10,19921.065
2017-02-13,19924.219
2017-02-14,19932.679
2017-02-15,19937.365
2017-02-16,19926.581
2017-02-17,19932.505
2017-02-21,19935.316
2017-02-22,19935.881
2017-02-23,19913.901
2017-02-24,19930.148
2017-02-27,19931.229
2017-02-28,19959.594
2017-03-01,19920.419
2017-03-02,19894.959
2017-03-03,19878.477
2017-03-06,19883.013
2017-03-07,19889.862
2017-03-08,19879.149
2017-03-09,19855.677
2017-03-10,19853.619
2017-03-13,19858.034
2017-03-14,19902.604
2017-03-15,19845.811
2017-03-16,19846.046
2017-03-17,19846.01
2017-03-20,19845.902
2017-03-21,19845.866
2017-03-22,19845.83
2017-03-23,19846.049
2017-03-24,19846.012
2017-03-27,19845.9
2017-03-28,19845.863
2017-03-29,19845.826
2017-03-30,19846.255
2017-03-31,19846.42
2017-04-03,19846.424
2017-04-04,19846.142
2017-04-05,19846.103
2017-04-06,19846.326
2017-04-07,19846.286
2017-04-10,19846.164
2017-04-11,19846.123
2017-04-12,19846.082
2017-04-13,19846.314
2017-04-14,19846.272
2017-04-17,19846.148
2017-04-18,19846.106
2017-04-19,19846.065
2017-04-20,19846.294
2017-04-21,19846.252
2017-04-24,19846.128
2017-04-25,19846.086
2017-04-26,19846.044
2017-04-27,19846.492
2017-04-28,19846.129
2017-05-01,19846.087
2017-05-02,19846.045
2017-05-03,19846.003
2017-05-04,19846.238
2017-05-05,19846.196
2017-05-08,19846.067
2017-05-09,19846.024
2017-05-10,19845.982
2017-05-11,19846.227
2017-05-12,19846.184
2017-05-15,19846.053
2017-05-16,19846.009
2017-05-17,19845.966
2017-05-18,19846.211
2017-05-19,19846.167
2017-05-22,19846.034
2017-05-23,19845.99
2017-05-24,19845.946
2017-05-25,19846.431
2017-05-26,19846.386
2017-05-30,19846.205
2017-05-31,19845.942
2017-06-01,19846.205
2017-06-02,19846.158
2017-06-05,19846.017
2017-06-06,19845.971
2017-06-07,19845.924
2017-06-08,19846.178
2017-06-09,19846.131
2017-06-12,19845.988
2017-06-13,19845.94
2017-06-14,19845.893
2017-06-15,19846.15
2017-06-16,19846.102
2017-06-19,19845.959
2017-06-20,19845.912
2017-06-21,19845.864
2017-06-22,19846.372
2017-06-23,19846.323
2017-06-26,19846.177
2017-06-27,19846.129
2017-06-28,19846.08
2017-06-29,19846.343
2017-06-30,19844.554
2017-07-03,19844.624
2017-07-05,19844.525
2017-07-06,19844.797
2017-07-07,19844.747
2017-07-10,19844.596
2017-07-11,19844.546
2017-07-12,19844.496
2017-07-13,19844.765
2017-07-14,19844.714
2017-07-17,19844.561
2017-07-18,19844.509
2017-07-19,19844.458
2017-07-20,19844.969
2017-07-21,19844.916
2017-07-24,19844.758
2017-07-25,19844.705
2017-07-26,19844.653
2017-07-27,19844.939
2017-07-28,19844.885
2017-07-31,19844.909
2017-08-01,19844.863
2017-08-02,19844.808
2017-08-03,19845.083
2017-08-04,19845.027
2017-08-07,19844.861
2017-08-08,19844.805
2017-08-09,19844.75
2017-08-10,19845.022
2017-08-11,19844.965
2017-08-14,19844.796
2017-08-15,19844.74
2017-08-16,19844.684
2017-08-17,19845.188
2017-08-18,19845.132
2017-08-21,19844.962
2017-08-22,19844.906
2017-08-23,19844.849
2017-08-24,19845.1
2017-08-25,19845.044
2017-08-28,19844.874
2017-08-29,19844.817
2017-08-30,19844.76
2017-08-31,19844.533
2017-09-01,19844.622
2017-09-05,19844.39
2017-09-06,19844.332
2017-09-07,19844.587
2017-09-08,20162.177
2017-09-11,20165.693
2017-09-12,20173.506
2017-09-13,20160.009
2017-09-14,20165.467
2017-09-15,20153.568
2017-09-18,20160.429
2017-09-19,20173.204
2017-09-20,20164.808
2017-09-21,20179.77
2017-09-22,20181.984
2017-09-25,20190.193
2017-09-26,20200.729
2017-09-27,20188.949
2017-09-28,20203.669
2017-09-29,20244.9
2017-10-02,20347.802
2017-10-03,20343.751
2017-10-04,20346.648
2017-10-05,20371.173
2017-10-06,20373.231
2017-10-10,20383.171
2017-10-11,20375.498
2017-10-12,20382.179
2017-10-13,20384.194
2017-10-16,20422.972
2017-10-17,20433.394
2017-10-18,20423.37
2017-10-19,20433.416
2017-10-20,20432.034
2017-10-23,20435.639
2017-10-24,20443.455
2017-10-25,20439.687
2017-10-26,20453.245
2017-10-27,20454.137
2017-10-30,20453.369
2017-10-31,20442.474
2017-11-01,20453.288
2017-11-02,20484.95
2017-11-03,20469.01
2017-11-06,20474.85
2017-11-07,20482.256
2017-11-08,20472.056
2017-11-09,20496.093
2017-11-10,20467.376
2017-11-13,20497.884
2017-11-14,20503.586
2017-11-15,20507.346
2017-11-16,20529.21
2017-11-17,20534.019
2017-11-20,20538.363
2017-11-21,20546.927
2017-11-22,20533.38
2017-11-24,20557.279
2017-11-27,20563.679
2017-11-28,20567.937
2017-11-29,20564.167
2017-11-30,20590.392
2017-12-01,20531.846
2017-12-04,20540.36
2017-12-05,20546.624
2017-12-06,20546.442
2017-12-07,20541.102
2017-12-08,20492.887
2017-12-11,20492.678
2017-12-12,20492.608
2017-12-13,20487.503
2017-12-14,20492.95
2017-12-15,20492.879
2017-12-18,20492.666
2017-12-19,20492.595
2017-12-20,20492.524
2017-12-21,20492.947
2017-12-22,20492.874
2017-12-26,20492.585
2017-12-27,20492.513
2017-12-28,20492.955
2017-12-29,20492.747
2018-01-02,20492.599
2018-01-03,20492.526
2018-01-04,20493.371
2018-01-05,20493.296
2018-01-08,20493.07
2018-01-09,20492.995
2018-01-10,20492.919
2018-01-11,20493.402
2018-01-12,20493.325
2018-01-16,20493.016
2018-01-17,20492.939
2018-01-18,20493.421
2018-01-19,20493.343
2018-01-22,20493.108
2018-01-23,20493.03
2018-01-24,20492.952
2018-01-25,20493.423
2018-01-26,20493.344
2018-01-29,20493.107
2018-01-30,20493.028
2018-01-31,20493.73
2018-02-01,20494.567
2018-02-02,20494.486
2018-02-05,20494.245
2018-02-06,20494.165
2018-02-07,20494.085
2018-02-08,20494.638
2018-02-09,20669.079
2018-02-12,20673.916
2018-02-13,20681.826
2018-02-14,20669.606
2018-02-15,20710.204
2018-02-16,20760.158
2018-02-20,20769.498
2018-02-21,20763.474
2018-02-22,20804.999
2018-02-23,20820.865
2018-02-26,20828.958
2018-02-27,20838.189
2018-02-28,20855.672
2018-03-01,20874.436
2018-03-02,20867.727
2018-03-05,20872.757
2018-03-06,20878.815
2018-03-07,20879.868
2018-03-08,20957.315
2018-03-09,20957.037
2018-03-12,20962.217
2018-03-13,20972.81
2018-03-14,20958.231
2018-03-15,21031.067
2018-03-16,21034.109
2018-03-19,21044.423
2018-03-20,21050.409
2018-03-21,21032.685
2018-03-22,21065.156
2018-03-23,21068.911
2018-03-26,21078.004
2018-03-27,21085.009
2018-03-28,21071.124
2018-03-29,21113.577
2018-03-30,21089.643
2018-04-02,21119.428
2018-04-03,21117.037
2018-04-04,21118.182
2018-04-05,21120.516
2018-04-06,21120.328
2018-04-09,21126.975
2018-04-10,21134.792
2018-04-11,21121.834
2018-04-12,21062.482
2018-04-13,21063.43
2018-04-16,21070.966
2018-04-17,21078.301
2018-04-18,21079.826
2018-04-19,21035.49
2018-04-20,21038.689
2018-04-23,21043.318
2018-04-24,21062.394
2018-04-25,21059.6
2018-04-26,21055.498
2018-04-27,21053.362
2018-04-30,21068.2
2018-05-01,21030.63
2018-05-02,21045.329
2018-05-03,21033.708
2018-05-04,21037.963
2018-05-07,21044.167
2018-05-08,21054.765
2018-05-09,21041.009
2018-05-10,21050.823
2018-05-11,21050.64
2018-05-14,21054.333
2018-05-15,21085.763
2018-05-16,21073.974
2018-05-17,21080.912
2018-05-18,21080.658
2018-05-21,21085.945
2018-05-22,21094.646
2018-05-23,21082.961
2018-05-24,21086.523
2018-05-25,21100.147
2018-05-29,21103.081
2018-05-30,21105.717
2018-05-31,21145.215
2018-06-01,21083.102
2018-06-04,21090.788
2018-06-05,21101.36
2018-06-06,21102.353
2018-06-07,21100.105
2018-06-08,21089.12
2018-06-11,21092.939
2018-06-12,21099.49
2018-06-13,21086.797
2018-06-14,21080.8
2018-06-15,21123.86
2018-06-18,21131.552
2018-06-19,21145.776
2018-06-20,21134.211
2018-06-21,21130.804
2018-06-22,21130.601
2018-06-25,21140.054
2018-06-26,21149.679
2018-06-27,21132.467
2018-06-28,21129
2018-06-29,21195.07
2018-07-02,21206.27
2018-07-03,21200.946
2018-07-05,21202.773
2018-07-06,21205.959
2018-07-09,21208.118
2018-07-10,21216.401
2018-07-11,21207.801
2018-07-12,21211.173
2018-07-13,21210.75
2018-07-16,21243.373
2018-07-17,21255.414
2018-07-18,21240.864
2018-07-19,21259.998
2018-07-20,21260.652
2018-07-23,21263.808
2018-07-24,21271.248
2018-07-25,21265.465
2018-07-26,21298.626
2018-07-27,21298.53
2018-07-30,21299.337
2018-07-31,21313.061
2018-08-01,21264.844
2018-08-02,21313.281
2018-08-03,21299.885
2018-08-06,21305.396
2018-08-07,21309.936
2018-08-08,21298.612
2018-08-09,21342.18
2018-08-10,21340.306
2018-08-13,21345.093
2018-08-14,21351.57
2018-08-15,21372.336
2018-08-16,21407.199
2018-08-17,21411.382
2018-08-20,21413.597
2018-08-21,21419.49
2018-08-22,21406.769
2018-08-23,21427.965
2018-08-24,21427.916
2018-08-27,21434.51
2018-08-28,21441.778
2018-08-29,21439.419
2018-08-30,21442.468
2018-08-31,21458.85
2018-09-04,21455.35
2018-09-05,21471.069
2018-09-06,21454.59
2018-09-07,21456.483
2018-09-10,21459.79
2018-09-11,21466.24
2018-09-12,21450.778
2018-09-13,21432.542
2018-09-14,21432.244
2018-09-17,21490.886
2018-09-18,21499.172
2018-09-19,21494.299
2018-09-20,21467.469
2018-09-21,21466.736
2018-09-24,21475.519
2018-09-25,21482.775
2018-09-26,21471.06
2018-09-27,21431.887
2018-09-28,21516.058
2018-10-01,21606.948
2018-10-02,21618.812
2018-10-03,21605.363
2018-10-04,21599.377
2018-10-05,21599.293
2018-10-09,21602.286
2018-10-10,21594.438
2018-10-11,21590.013
2018-10-12,21597.941
2018-10-15,21654.15
2018-10-16,21661.717
2018-10-17,21653.793
2018-10-18,21672.454
2018-10-19,21671.476
2018-10-22,21674.684
2018-10-23,21682.447
2018-10-24,21671.062
2018-10-25,21695.75
2018-10-26,21694.907
2018-10-29,21697.503
2018-10-30,21699.981
2018-10-31,21702.37
2018-11-01,21683.972
2018-11-02,21676.609
2018-11-05,21682.376
2018-11-06,21691.245
2018-11-07,21690.441
2018-11-08,21733.425
2018-11-09,21732.57
2018-11-13,21734.202
2018-11-14,21725.713
2018-11-15,21763.816
2018-11-16,21766.362
2018-11-19,21772.154
2018-11-20,21782.702
2018-11-21,21769.264
2018-11-23,21802.84
2018-11-26,21811.396
2018-11-27,21816.376
2018-11-28,21801.924
2018-11-29,21818.104
2018-11-30,21850.094
2018-12-03,21824.097
2018-12-04,21836.687
2018-12-05,21839.046
2018-12-06,21851.519
2018-12-07,21850.845
2018-12-10,21854.296
2018-12-11,21849.745
2018-12-12,21836.656
2018-12-13,21823.095
2018-12-14,21820.937
2018-12-17,21876.675
2018-12-18,21885.501
2018-12-19,21873.194
2018-12-20,21863.635
2018-12-21,21868.944
2018-12-24,21862.541
2018-12-26,21861.316
2018-12-27,21845.329
2018-12-28,21867.323
2018-12-31,21974.096
2019-01-02,21943.898
2019-01-03,21929.258
2019-01-04,21931.966
2019-01-07,21935.478
2019-01-08,21941.437
2019-01-09,21930.195
2019-01-10,21917.604
2019-01-11,21917.159
2019-01-14,21919.994
2019-01-15,21969.97
2019-01-16,21960.411
2019-01-17,21954.772
2019-01-18,21954.899
2019-01-22,21953.16
2019-01-23,21947.796
2019-01-24,21941.259
2019-01-25,21950.25
2019-01-28,21955.075
2019-01-29,21973.331
2019-01-30,21968.158
2019-01-31,21982.423
2019-02-01,21921.63
2019-02-04,21933.491
2019-02-05,21957.296
2019-02-06,21957.561
2019-02-07,21955.062
2019-02-08,21957.707
2019-02-11,22012.841
2019-02-12,22035.768
2019-02-13,22020.113
2019-02-14,22015.608
2019-02-15,22025.548
2019-02-19,22040.667
2019-02-20,22039.763
2019-02-21,22039.29
2019-02-22,22063.557
2019-02-25,22067.096
2019-02-26,22089.96
2019-02-27,22074.318
2019-02-28,22115.526
2019-03-01,22028.946
2019-03-04,22028.447
2019-03-05,22028.525
2019-03-06,22028.357
2019-03-07,22029.052
2019-03-08,22028.881
2019-03-11,22028.371
2019-03-12,22028.444
2019-03-13,22028.273
2019-03-14,22028.878
2019-03-15,22028.706
2019-03-18,22028.191
2019-03-19,22028.263
2019-03-20,22028.09
2019-03-21,22028.692
2019-03-22,22028.519
2019-03-25,22027.999
2019-03-26,22028.072
2019-03-27,22027.898
2019-03-28,22029.112
2019-03-29,22027.88
2019-04-01,22027.705
2019-04-02,22027.579
2019-04-04,22028.148
2019-04-05,22027.973
2019-04-08,22027.449
2019-04-09,22027.497
2019-04-10,22027.323
2019-04-11,22027.837
2019-04-12,22027.665
2019-04-15,22027.148
2019-04-16,22027.198
2019-04-17,22027.026
2019-04-18,22027.543
2019-04-19,22027.373
2019-04-22,22026.865
2019-04-23,22026.919
2019-04-24,22026.751
2019-04-25,22027.894
2019-04-26,22027.726
2019-04-29,22027.221
2019-04-30,22027.668
2019-05-01,22027.5
2019-05-02,22028.002
2019-05-03,22027.834
2019-05-06,22027.33
2019-05-07,22027.434
2019-05-08,22027.265
2019-05-09,22027.763
2019-05-10,22027.595
2019-05-13,22027.089
2019-05-14,22027.142
2019-05-15,22026.974
2019-05-16,22027.466
2019-05-17,22027.298
2019-05-20,22026.795
2019-05-21,22026.847
2019-05-22,22026.679
2019-05-23,22027.749
2019-05-24,22027.582
2019-05-28,22027.123
2019-05-29,22026.956
2019-05-30,22027.424
2019-05-31,22026.424
2019-06-03,22025.927
2019-06-04,22025.961
2019-06-05,22025.796
2019-06-06,22026.251
2019-06-07,22026.088
2019-06-10,22025.597
2019-06-11,22025.63
2019-06-12,22025.467
2019-06-13,22025.898
2019-06-14,22025.738
2019-06-17,22025.257
2019-06-18,22025.286
2019-06-19,22025.127
2019-06-20,22026.074
2019-06-21,22025.917
2019-06-24,22025.444
2019-06-25,22025.468
2019-06-26,22025.311
2019-06-27,22025.714
2019-06-28,22023.283
2019-07-01,22023.127
2019-07-02,22023.154
2019-07-03,22023
2019-07-05,22023.253
2019-07-08,22022.792
2019-07-09,22022.825
2019-07-10,22022.672
2019-07-11,22023.098
2019-07-12,22022.946
2019-07-15,22022.489
2019-07-16,22022.511
2019-07-17,22022.36
2019-07-18,22023.27
2019-07-19,22023.12
2019-07-22,22022.669
2019-07-23,22022.691
2019-07-24,22022.542
2019-07-25,22022.944
2019-07-26,22022.796
2019-07-29,22022.351
2019-07-30,22022.377
2019-07-31,22022.369
2019-08-01,22022.78
2019-08-02,22314.301
2019-08-05,22320.985
2019-08-06,22322.414
2019-08-07,22321.542
2019-08-08,22327.888
2019-08-09,22326.507
2019-08-12,22331.334
2019-08-13,22359.33
2019-08-14,22342.141
2019-08-15,22385.387
2019-08-16,22389.56
2019-08-19,22396.345
2019-08-20,22428.002
2019-08-21,22414.598
2019-08-22,22430.652
2019-08-23,22430.808
2019-08-26,22440.783
2019-08-27,22472.361
2019-08-28,22456.833
2019-08-29,22467.795
2019-08-30,22460.467
2019-09-03,22499.028
2019-09-04,22517.298
2019-09-05,22531.818
2019-09-06,22532.757
2019-09-09,22537.424
2019-09-10,22558.141
2019-09-11,22539.507
2019-09-12,22557.781
2019-09-13,22557.572
2019-09-16,22586.282
2019-09-17,22602.943
2019-09-18,22590.164
2019-09-19,22610.197
2019-09-20,22605.633
2019-09-23,22610.454
2019-09-24,22622.771
2019-09-25,22607.428
2019-09-26,22609.958
2019-09-27,22622.685
2019-09-30,22719.402
2019-10-01,22798.48
2019-10-02,22827.535
2019-10-03,22829.456
2019-10-04,22834.43
2019-10-07,22836.905
2019-10-08,22839.353
2019-10-09,22823.859
2019-10-10,22842.749
2019-10-11,22843.618
2019-10-15,22902.889
2019-10-16,22897.813
2019-10-17,22918.795
2019-10-18,22918.893
2019-10-21,22922.454
2019-10-22,22940.939
2019-10-23,22926.602
2019-10-24,22943.16
2019-10-25,22948.912
2019-10-28,22950.538
2019-10-29,22966.32
2019-10-30,22963.226
2019-10-31,23008.41
2019-11-01,22953.224
2019-11-04,22965.708
2019-11-05,22986.016
2019-11-06,22985.834
2019-11-07,23004.023
2019-11-08,23006.336
2019-11-12,23015.09
2019-11-13,23004.858
2019-11-14,23016.664
2019-11-15,23043.682
2019-11-18,23050.781
2019-11-19,23066.177
2019-11-20,23053.42
2019-11-21,23051.248
2019-11-22,23071.842
2019-11-25,23072.73
2019-11-26,23093.19
2019-11-27,23076.065
2019-11-29,23076.199
2019-12-02,23104.975
2019-12-03,23088.271
2019-12-04,23089.914
2019-12-05,23091.135
2019-12-06,23090.05
2019-12-09,23096.982
2019-12-10,23083.091
2019-12-11,23069.401
2019-12-12,23053.72
2019-12-13,23050.442
2019-12-16,23108.183
2019-12-17,23111.465
2019-12-18,23099.554
2019-12-19,23087.583
2019-12-20,23086.685
2019-12-23,23114.18
2019-12-24,23079.983
2019-12-26,23087.322
2019-12-27,23107.769
2019-12-30,23108.828
2019-12-31,23201.38
2020-01-02,23171.999
2020-01-03,23170.446
2020-01-06,23177.145
2020-01-07,23176.941
2020-01-08,23162.753
2020-01-09,23167.897
2020-01-10,23167.151
2020-01-13,23169.813
2020-01-14,23169.006
2020-01-15,23194.094
2020-01-16,23204.331
2020-01-17,23211.225
2020-01-21,23210.414
2020-01-22,23205.218
2020-01-23,23206.605
2020-01-24,23209.701
2020-01-27,23222.353
2020-01-28,23243.925
2020-01-29,23245.087
2020-01-30,23251.563
2020-01-31,23223.813
2020-02-03,23205.881
2020-02-04,23245.675
2020-02-05,23246.515
2020-02-06,23252.919
2020-02-07,23251.03
2020-02-10,23256.356
2020-02-11,23290.335
2020-02-12,23274.099
2020-02-13,23305.297
2020-02-14,23304.81
2020-02-18,23351.015
2020-02-19,23353.219
2020-02-20,23392.594
2020-02-21,23398.03
2020-02-24,23406.31
2020-02-25,23438.814
2020-02-26,23426.581
2020-02-27,23422.687
2020-02-28,23409.959
2020-03-02,23440.845
2020-03-03,23454.817
2020-03-04,23460.603
2020-03-05,23469.16
2020-03-06,23468.668
2020-03-09,23473.539
2020-03-10,23498.697
2020-03-11,23483.045
2020-03-12,23439.923
2020-03-13,23442.398
2020-03-16,23500.759
2020-03-17,23528.094
2020-03-18,23513.591
2020-03-19,23515.661
2020-03-20,23514.535
2020-03-23,23517.855
2020-03-24,23551.586
2020-03-25,23542.523
2020-03-26,23514.802
2020-03-27,23535.04
2020-03-30,23565.056
2020-03-31,23686.871
2020-04-01,23702.26
2020-04-02,23833.828
2020-04-03,23908.33
2020-04-06,23917.213
2020-04-07,24011.523
2020-04-08,24111.832
2020-04-09,24221.671
2020-04-10,24211.076
2020-04-13,24193.091
2020-04-14,24301.778
2020-04-15,24383.926
2020-04-16,24465.291
2020-04-17,24457.935
2020-04-20,24460.875
2020-04-21,24566.848
2020-04-22,24609.344
2020-04-23,24705.155
2020-04-24,24710.629
2020-04-27,24712.305
2020-04-28,24802.438
2020-04-29,24854.079
2020-04-30,24974.172
2020-05-01,24921.326
2020-05-04,24948.984
2020-05-05,25057.924
2020-05-06,25058.529
2020-05-07,25142.4
2020-05-08,25153.106
2020-05-11,25156.7
2020-05-12,25204.433
2020-05-13,25188.758
2020-05-14,25267.565
2020-05-15,25305.612
2020-05-18,25311.406
2020-05-19,25377.291
2020-05-20,25361.01
2020-05-21,25466.764
2020-05-22,25513.321
2020-05-26,25603.969
2020-05-27,25583.137
2020-05-28,25683.673
2020-05-29,25746.26
2020-06-01,25751.47
2020-06-02,25841.594
2020-06-03,25830.129
2020-06-04,25920.086
2020-06-05,25919.714
2020-06-08,25960.548
2020-06-09,26003.752
2020-06-10,25986.929
2020-06-11,26062.667
2020-06-12,26062.415
2020-06-15,26131.295
2020-06-16,26153.612
2020-06-17,26144.482
2020-06-18,26233.672
2020-06-19,26240.743
2020-06-22,26243.843
2020-06-23,26251.735
2020-06-24,26237.813
2020-06-25,26301.203
2020-06-26,26316.891
2020-06-29,26324.628
2020-06-30,26477.241
2020-07-01,26428.966
2020-07-02,26457.08
2020-07-03,26447.923
2020-07-06,26460.356
2020-07-07,26460.834
2020-07-08,26446.746
2020-07-09,26487.809
2020-07-10,26485.087
2020-07-13,26488.101
2020-07-14,26449.652
2020-07-15,26485.472
2020-07-16,26529.26
2020-07-17,26532.365
2020-07-20,26534.121
2020-07-21,26505.865
2020-07-22,26491.771
2020-07-23,26538.875
2020-07-24,26536.793
2020-07-27,26546.685
2020-07-28,26521.549
2020-07-29,26520.405
2020-07-30,26505.315
2020-07-31,26524.953
2020-08-03,26511.155
2020-08-04,26503.238
2020-08-05,26504.3
2020-08-06,26498.333
2020-08-07,26498.433
2020-08-10,26505.487
2020-08-11,26503.15
2020-08-12,26488.804
2020-08-13,26509.697
2020-08-14,26508.74
2020-08-17,26579.844
2020-08-18,26595.002
2020-08-19,26578.127
2020-08-20,26595.601
2020-08-21,26597.013
2020-08-24,26600.104
2020-08-25,26626.288
2020-08-26,26609.025
2020-08-27,26615.653
2020-08-28,26636.913
2020-08-31,26728.836
2020-09-01,26702.951
2020-09-02,26711.488
2020-09-03,26722.675
2020-09-04,26723.31
2020-09-08,26699.373
2020-09-09,26697.223
2020-09-10,26709.549
2020-09-11,26710.879
2020-09-14,26715.076
2020-09-15,26790.504
2020-09-16,26781.538
2020-09-17,26790.444
2020-09-18,26790.388
2020-09-21,26794.668
2020-09-22,26790.986
2020-09-23,26777.802
2020-09-24,26786.132
2020-09-25,26810.899
2020-09-28,26811.41
2020-09-29,26790.409
2020-09-30,26945.391
2020-10-01,27026.922
2020-10-02,27044.692
2020-10-05,27051.136
2020-10-06,27052.19
2020-10-07,27052.996
2020-10-08,27073.107
2020-10-09,27072.681
2020-10-13,27067.07
2020-10-14,27057.863
2020-10-15,27143.665
2020-10-16,27148.329
2020-10-19,27157.715
2020-10-20,27155.311
2020-10-21,27140.764
2020-10-22,27150.836
2020-10-23,27163.486
2020-10-26,27179.998
2020-10-27,27175.867
2020-10-28,27167.439
2020-10-29,27169.498
2020-10-30,27135.477
2020-11-02,27203.384
2020-11-03,27196.575
2020-11-04,27196.969
2020-11-05,27216.985
2020-11-06,27214.494
2020-11-09,27219.899
2020-11-10,27197.735
2020-11-12,27190.177
2020-11-13,27191.786
2020-11-16,27257.699
2020-11-17,27261.99
2020-11-18,27246.599
2020-11-19,27248.063
2020-11-20,27247.178
2020-11-23,27254.416
2020-11-24,27270.016
2020-11-25,27254.19
2020-11-27,27275.615
2020-11-30,27446.288
2020-12-01,27406.076
2020-12-02,27412.313
2020-12-03,27414.108
2020-12-04,27414.116
2020-12-07,27414.745
2020-12-08,27422.773
2020-12-09,27405.076
2020-12-10,27385.824
2020-12-11,27385.422
2020-12-14,27390.656
2020-12-15,27512.762
2020-12-16,27500.508
2020-12-17,27506.889
2020-12-18,27491.466
2020-12-21,27512.907
2020-12-22,27522.316
2020-12-23,27516.727
2020-12-24,27515.511
2020-12-28,27542.538
2020-12-29,27550.831
2020-12-30,27560.509
2020-12-31,27747.798
2021-01-04,27678.275
2021-01-05,27698.157
2021-01-06,27698.986
2021-01-07,27683.251
2021-01-08,27683.047
2021-01-11,27688.247
2021-01-12,27696.791
2021-01-13,27679.401
2021-01-14,27682.229
2021-01-15,27746.805
2021-01-19,27752.836
2021-01-20,27751.896
2021-01-21,27756.35
2021-01-22,27759.637
2021-01-25,27772.352
2021-01-26,27781.747
2021-01-27,27768.471
2021-01-28,27759.906
2021-01-29,27784.553
2021-02-01,27829.15
2021-02-02,27865.23
2021-02-03,27851.05
2021-02-04,27855.095
2021-02-05,27852.793
2021-02-08,27856.071
2021-02-09,27865.147
2021-02-10,27846.645
2021-02-11,27847.465
2021-02-12,27851.334
2021-02-16,27920.545
2021-02-17,27920.238
2021-02-18,27921.964
2021-02-19,27923.265
2021-02-22,27930.607
2021-02-23,27885.675
2021-02-24,27919.023
2021-02-25,27873.149
2021-02-26,27902.364
2021-03-01,28004.376
2021-03-02,27992.701
2021-03-03,27979.484
2021-03-04,27954.981
2021-03-05,27954.474
2021-03-08,27960.193
2021-03-09,27944.756
2021-03-10,27926.627
2021-03-11,27900.419
2021-03-12,27900.36
2021-03-15,28002.013
2021-03-16,27983.624
2021-03-17,27974.924
2021-03-18,27966.783
2021-03-19,27965.656
2021-03-22,27969.78
2021-03-23,27996.357
2021-03-24,27979.746
2021-03-25,27963.139
2021-03-26,27987.531
2021-03-29,27990.843
2021-03-30,27989.246
2021-03-31,28132.57
2021-04-01,28081.128
2021-04-02,28073.74
2021-04-05,28081.622
2021-04-06,28085.612
2021-04-07,28089.12
2021-04-08,28081.511
2021-04-09,28082.989
2021-04-12,28091.635
2021-04-13,28097.586
2021-04-14,28083.597
2021-04-15,28145.014
2021-04-16,28155.537
2021-04-19,28167.561
2021-04-20,28170.424
2021-04-21,28155.021
2021-04-22,28128.969
2021-04-23,28134.158
2021-04-26,28143.004
2021-04-27,28132.251
2021-04-28,28111.962
2021-04-29,28090.167
2021-04-30,28174.714
2021-05-03,28162.428
2021-05-04,28175.399
2021-05-05,28177.871
2021-05-06,28176.306
2021-05-07,28174.836
2021-05-10,28180.738
2021-05-11,28172.933
2021-05-12,28157.163
2021-05-13,28138.407
2021-05-14,28139.838
2021-05-17,28233.615
2021-05-18,28231.916
2021-05-19,28217.303
2021-05-20,28201.78
2021-05-21,28203.454
2021-05-24,28213.643
2021-05-25,28204.683
2021-05-26,28187.729
2021-05-27,28163.642
2021-05-28,28199.008
2021-06-01,28261.933
2021-06-02,28276.889
2021-06-03,28241.943
2021-06-04,28258.177
2021-06-07,28264.344
2021-06-08,28233.54
2021-06-09,28217.84
2021-06-10,28198.921
2021-06-11,28199.194
2021-06-14,28206.985
2021-06-15,28321.677
2021-06-16,28311.075
2021-06-17,28295.878
2021-06-18,28295.959
2021-06-21,28303.717
2021-06-22,28318.681
2021-06-23,28304.908
2021-06-24,28321.919
2021-06-25,28337.301
2021-06-28,28351.246
2021-06-29,28332.322
2021-06-30,28529.436
2021-07-01,28486.499
2021-07-02,28480.59
2021-07-06,28465.564
2021-07-07,28472.47
2021-07-08,28480.154
2021-07-09,28485.496
2021-07-12,28490.245
2021-07-13,28477.074
2021-07-14,28461.156
2021-07-15,28522.129
2021-07-16,28523.017
2021-07-19,28533.223
2021-07-20,28493.308
2021-07-21,28474.165
2021-07-22,28471.272
2021-07-23,28474.941
2021-07-26,28488.288
2021-07-27,28487.9
2021-07-28,28483.6
2021-07-29,28460.13
2021-07-30,28427.722
2021-08-02,28427.699
2021-08-03,28427.696
2021-08-04,28427.685
2021-08-05,28427.698
2021-08-06,28427.686
2021-08-09,28427.651
2021-08-10,28427.649
2021-08-11,28427.637
2021-08-12,28427.679
2021-08-13,28427.667
2021-08-16,28427.632
2021-08-17,28427.63
2021-08-18,28427.618
2021-08-19,28427.637
2021-08-20,28427.625
2021-08-23,28427.59
2021-08-24,28427.586
2021-08-25,28427.575
2021-08-26,28427.589
2021-08-27,28427.577
2021-08-30,28427.541
2021-08-31,28427.317
2021-09-01,28427.305
2021-09-02,28427.316
2021-09-03,28427.305
2021-09-07,28427.266
2021-09-08,28427.254
2021-09-09,28427.291
2021-09-10,28427.279
2021-09-13,28427.244
2021-09-14,28427.241
2021-09-15,28427.229
2021-09-16,28427.235
2021-09-17,28427.223
2021-09-20,28427.188
2021-09-21,28427.184
2021-09-22,28427.172
2021-09-23,28427.175
2021-09-24,28427.163
2021-09-27,28427.128
2021-09-28,28427.122
2021-09-29,28427.11
2021-09-30,28428.919
2021-10-01,28428.907
2021-10-04,28428.872
2021-10-05,28428.868
2021-10-06,28428.856
2021-10-07,28428.9
2021-10-08,28428.888
2021-10-12,28428.852
2021-10-13,28428.844
2021-10-14,28728.169
2021-10-15,28754.079
2021-10-18,28821.275
2021-10-19,28842.489
2021-10-20,28828.878
2021-10-21,28881.234
2021-10-22,28908.802
2021-10-25,28908.766
2021-10-26,28908.769
2021-10-27,28908.757
2021-10-28,28908.775
2021-10-29,28908.765
2021-11-01,28908.753
2021-11-02,28908.755
2021-11-03,28908.743
2021-11-04,28908.82
2021-11-05,28908.808
2021-11-08,28908.771
2021-11-09,28908.769
2021-11-10,28908.757
2021-11-12,28908.757
2021-11-15,28908.72
2021-11-16,28908.719
2021-11-17,28908.707
2021-11-18,28908.722
2021-11-19,28908.71
2021-11-22,28908.674
2021-11-23,28908.675
2021-11-24,28908.663
2021-11-26,28908.672
2021-11-29,28908.635
2021-11-30,28907.987
2021-12-01,28907.975
2021-12-02,28908.093
2021-12-03,28908.081
2021-12-06,28908.043
2021-12-07,28908.044
2021-12-08,28908.031
2021-12-09,28908.057
2021-12-10,28908.044
2021-12-13,28908.005
2021-12-14,28908.005
2021-12-15,28907.992
2021-12-16,29206.282
2021-12-17,29219.162
2021-12-20,29227.234
2021-12-21,29323.617
2021-12-22,29371.119
2021-12-23,29364.846
2021-12-24,29366.487
2021-12-27,29392.5
2021-12-28,29470.202
2021-12-29,29473.751
2021-12-30,29494.803
2021-12-31,29617.215
2022-01-03,29561.914
2022-01-04,29684.796
2022-01-05,29688.712
2022-01-06,29711.273
2022-01-07,29712.207
2022-01-10,29721.316
2022-01-11,29798.686
2022-01-12,29782.261
2022-01-13,29744.356
2022-01-14,29744.956
2022-01-18,29868.787
2022-01-19,29850.62
2022-01-20,29867.022
2022-01-21,29872.478
2022-01-24,29881.278
2022-01-25,29922.91
2022-01-26,29911.027
2022-01-27,29924.27
2022-01-28,29923.547
2022-01-31,30012.386
2022-02-01,30006.704
2022-02-02,30003.214
2022-02-03,29997.348
2022-02-04,30000.736
2022-02-07,30006.559
2022-02-08,30044.309
2022-02-09,30026.316
2022-02-10,30036.168
2022-02-11,30037.556
2022-02-14,30040.321
2022-02-15,30131.747
2022-02-16,30117.445
2022-02-17,30116.594
2022-02-18,30136.875
2022-02-22,30149.603
2022-02-23,30147.74
2022-02-24,30156.745
2022-02-25,30181.306
2022-02-28,30290.353
2022-03-01,30239.899
2022-03-02,30251.604
2022-03-03,30245.916
2022-03-04,30248.094
2022-03-07,30255.662
2022-03-08,30255.123
2022-03-09,30239.036
2022-03-10,30169.156
2022-03-11,30171.348
2022-03-14,30192.743
2022-03-15,30269.363
2022-03-16,30256.993
2022-03-17,30281.983
2022-03-18,30284.576
2022-03-21,30292.94
2022-03-22,30291.044
2022-03-23,30278.417
2022-03-24,30278.647
2022-03-25,30310.462
2022-03-28,30316.415
2022-03-29,30295.658
2022-03-30,30297.726
2022-03-31,30400.96
2022-04-01,30341.731
2022-04-04,30360.242
2022-04-05,30344.76
2022-04-06,30346.744
2022-04-07,30355.561
2022-04-08,30358.253
2022-04-11,30366.15
2022-04-12,30353.116
2022-04-13,30337.949
2022-04-14,30348.128
2022-04-15,30283.2
2022-04-18,30420.646
2022-04-19,30424.031
2022-04-20,30409.021
2022-04-21,30417.821
2022-04-22,30420.896
2022-04-25,30436.599
2022-04-26,30429.943
2022-04-27,30416.607
2022-04-28,30402.581
2022-04-29,30374.155
2022-05-02,30402.622
2022-05-03,30403.398
2022-05-04,30410.133
2022-05-05,30399.297
2022-05-06,30405.869
2022-05-09,30414.688
2022-05-10,30413.348
2022-05-11,30396.277
2022-05-12,30382.27
2022-05-13,30383.299
2022-05-16,30446.209
2022-05-17,30448.918
2022-05-18,30433.638
2022-05-19,30417.29
2022-05-20,30416.558
2022-05-23,30425.273
2022-05-24,30436.485
2022-05-25,30420.927
2022-05-26,30401.585
2022-05-27,30424.491
2022-05-31,30499.619
2022-06-01,30440.978
2022-06-02,30425.659
2022-06-03,30412.551
2022-06-06,30420.887
2022-06-07,30417.587
2022-06-08,30416.483
2022-06-09,30396.764
2022-06-10,30395.963
2022-06-13,30401.229
2022-06-14,30402.372
2022-06-15,30450.428
2022-06-16,30436.64
2022-06-17,30447.725
2022-06-21,30444.352
2022-06-22,30438.441
2022-06-23,30422.296
2022-06-24,30459.118
2022-06-27,30465.479
2022-06-28,30472.632
2022-06-29,30471.945
2022-06-30,30568.582
2022-07-01,30486.169
2022-07-05,30499.768
2022-07-06,30523.761
2022-07-07,30506.236
2022-07-08,30508.294
2022-07-11,30519.301
2022-07-12,30524.982
2022-07-13,30506.853
2022-07-14,30492.719
2022-07-15,30515.299
2022-07-18,30523.741
2022-07-19,30553.664
2022-07-20,30532.03
2022-07-21,30527.598
2022-07-22,30529.873
2022-07-25,30543.56
2022-07-26,30598.263
2022-07-27,30581.631
2022-07-28,30580.925
2022-07-29,30595.109
2022-08-01,30536.411
2022-08-02,30595.97
2022-08-03,30581.258
2022-08-04,30588.576
2022-08-05,30589.28
2022-08-08,30600.925
2022-08-09,30651.902
2022-08-10,30656.482
2022-08-11,30660.258
2022-08-12,30661.901
2022-08-15,30695.429
2022-08-16,30736.589
2022-08-17,30724.399
2022-08-18,30729.914
2022-08-19,30731.392
2022-08-22,30740.293
2022-08-23,30777.438
2022-08-24,30751.828
2022-08-25,30824.381
2022-08-26,30846.993
2022-08-29,30852.152
2022-08-30,30879.1
2022-08-31,30936.075
2022-09-01,30879.364
2022-09-02,30872.035
2022-09-06,30887.902
2022-09-07,30897.877
2022-09-08,30894.123
2022-09-09,30894.094
2022-09-12,30898.202
2022-09-13,30902.439
2022-09-14,30885.84
2022-09-15,30886.835
2022-09-16,30890.599
2022-09-19,30900.612
2022-09-20,30902.024
2022-09-21,30886.264
2022-09-22,30894.821
2022-09-23,30899.382
2022-09-26,30910.233
2022-09-27,30906.09
2022-09-28,30887.265
2022-09-29,30871.364
2022-09-30,30928.912
2022-10-03,31123.888
2022-10-04,31137.019
2022-10-05,31142.591
2022-10-06,31149.12
2022-10-07,31148.887
2022-10-11,31151.615
2022-10-12,31143.715
2022-10-13,31144.953
2022-10-14,31148.224
2022-10-17,31211.426
2022-10-18,31239.008
2022-10-19,31221.578
2022-10-20,31226.777
2022-10-21,31228.593
2022-10-24,31230.145
2022-10-25,31267.801
2022-10-26,31252.265
2022-10-27,31257.755
2022-10-28,31256.408
2022-10-31,31238.301
2022-11-01,31211.734
2022-11-02,31221.843
2022-11-03,31218.945
2022-11-04,31220.132
2022-11-07,31223.538
2022-11-08,31261.637
2022-11-09,31243.643
2022-11-10,31252.012
2022-11-14,31255.281
2022-11-15,31288.173
2022-11-16,31271.674
2022-11-17,31285.201
2022-11-18,31282.681
2022-11-21,31287.342
2022-11-22,31348.463
2022-11-23,31334.033
2022-11-25,31367.782
2022-11-28,31370.818
2022-11-29,31373.836
2022-11-30,31413.322
2022-12-01,31363.224
2022-12-02,31350.137
2022-12-05,31352.798
2022-12-06,31338.546
2022-12-07,31335.087
2022-12-08,31310.795
2022-12-09,31311.34
2022-12-12,31317.683
2022-12-13,31304.145
2022-12-14,31284.313
2022-12-15,31319.627
2022-12-16,31347.127
2022-12-19,31355.253
2022-12-20,31336.725
2022-12-21,31319.545
2022-12-22,31327.479
2022-12-23,31345.957
2022-12-27,31336.045
2022-12-28,31324.397
2022-12-29,31326.304
2022-12-30,31419.689
2023-01-03,31351.186
2023-01-04,31375.549
2023-01-05,31380.31
2023-01-06,31385.445
2023-01-09,31388.881
2023-01-10,31395.133
2023-01-11,31375.142
2023-01-12,31384.186
2023-01-13,31384.495
2023-01-17,31416.439
2023-01-18,31414.361
2023-01-19,31455.405
2023-01-20,31454.98
2023-01-23,31453.707
2023-01-24,31454.848
2023-01-25,31454.408
2023-01-26,31457.696
2023-01-27,31457.247
2023-01-30,31455.903
2023-01-31,31454.982
2023-02-01,31454.525
2023-02-02,31456.162
2023-02-03,31455.701
2023-02-06,31454.317
2023-02-07,31455.107
2023-02-08,31454.637
2023-02-09,31456.221
2023-02-10,31455.747
2023-02-13,31454.325
2023-02-14,31455.12
2023-02-15,31454.875
2023-02-16,31456.555
2023-02-17,31456.067
2023-02-21,31455.409
2023-02-22,31454.917
2023-02-23,31458.345
2023-02-24,31457.851
2023-02-27,31456.371
2023-02-28,31459.291
2023-03-01,31459.077
2023-03-02,31460.699
2023-03-03,31460.199
2023-03-06,31458.699
2023-03-07,31459.51
2023-03-08,31459.006
2023-03-09,31460.53
2023-03-10,31460.03
2023-03-13,31458.53
2023-03-14,31459.3
2023-03-15,31458.799
2023-03-16,31460.257
2023-03-17,31459.754
2023-03-20,31458.248
2023-03-21,31458.878
2023-03-22,31458.379
2023-03-23,31461.29
2023-03-24,31460.785
2023-03-27,31459.271
2023-03-28,31459.896
2023-03-29,31459.394
2023-03-30,31460.918
2023-03-31,31458.438
2023-04-03,31457.162
2023-04-04,31457.814
2023-04-05,31457.303
2023-04-06,31458.835
2023-04-07,31458.324
2023-04-10,31456.792
2023-04-11,31457.439
2023-04-12,31456.93
2023-04-13,31458.491
2023-04-14,31457.979
2023-04-17,31456.445
2023-04-18,31457.12
2023-04-19,31456.615
2023-04-20,31459.979
2023-04-21,31459.469
2023-04-24,31457.94
2023-04-25,31458.521
2023-04-26,31458.015
2023-04-27,31459.62
2023-04-28,31457.815
2023-05-01,31457.399
2023-05-02,31457.997
2023-05-03,31457.487
2023-05-04,31459.292
2023-05-05,31458.775
2023-05-08,31457.224
2023-05-09,31457.94
2023-05-10,31457.422
2023-05-11,31459.052
2023-05-12,31458.532
2023-05-15,31457.107
2023-05-16,31458.558
2023-05-17,31458.035
2023-05-18,31462.677
2023-05-19,31462.147
2023-05-22,31460.56
2023-05-23,31462.155
2023-05-24,31461.619
2023-05-25,31465.482
2023-05-26,31464.942
2023-05-30,31463.989
2023-05-31,31464.457
2023-06-01,31467.639
2023-06-02,31467.1
2023-06-05,31825.679
2023-06-06,31855.981
2023-06-07,31857.006
2023-06-08,31921.258
2023-06-09,31921.149
2023-06-12,31926.284
2023-06-13,31975.295
2023-06-14,31954.447
2023-06-15,32039.244
2023-06-16,32044.349
2023-06-20,32105.203
2023-06-21,32095.742
2023-06-22,32168.65
2023-06-23,32172.577
2023-06-26,32195.328
2023-06-27,32266.628
2023-06-28,32246.997
2023-06-29,32317.771
2023-06-30,32332.274
2023-07-03,32320.861
2023-07-05,32402.128
2023-07-06,32474.413
2023-07-07,32477.557
2023-07-10,32481.106
2023-07-11,32538.467
2023-07-12,32518.396
2023-07-13,32542.323
2023-07-14,32542.411
2023-07-17,32535.01
2023-07-18,32590.932
2023-07-19,32569.915
2023-07-20,32592.226
2023-07-21,32592.963
2023-07-24,32597.769
2023-07-25,32651.224
2023-07-26,32634.847
2023-07-27,32659.379
2023-07-28,32657.121
2023-07-31,32608.585
2023-08-01,32587.569
2023-08-02,32599.351
2023-08-03,32604.328
2023-08-04,32603.146
2023-08-07,32611.307
2023-08-08,32644.137
2023-08-09,32620.93
2023-08-10,32658.063
2023-08-11,32658.608
2023-08-14,32663.53
2023-08-15,32679.941
2023-08-16,32661.578
2023-08-17,32703.693
2023-08-18,32704.415
2023-08-21,32710.634
2023-08-22,32759.307
2023-08-23,32740.373
2023-08-24,32777.88
2023-08-25,32810.224
2023-08-28,32814.443
2023-08-29,32856.459
2023-08-30,32854.453
2023-08-31,32914.149
2023-09-01,32841.516
2023-09-05,32890.665
2023-09-06,32903.154
2023-09-07,32935.65
2023-09-08,32940.661
2023-09-11,32940.63
2023-09-12,32979.922
2023-09-13,32959.505
2023-09-14,32988.633
2023-09-15,33044.859
2023-09-18,33053.951
2023-09-19,33091.844
2023-09-20,33070.804
2023-09-21,33100.408
2023-09-22,33101.966
2023-09-25,33112.06
2023-09-26,33146.409
2023-09-27,33126.911
2023-09-28,33126.476
2023-09-29,33167.334
2023-10-02,33442.149
2023-10-03,33474.905
2023-10-04,33477.96
2023-10-05,33513.383
2023-10-06,33510.834
2023-10-10,33550.239
2023-10-11,33537.138
2023-10-12,33523.065
2023-10-13,33529.128
2023-10-16,33590.305
2023-10-17,33648.687
2023-10-18,33629.187
2023-10-19,33626.944
2023-10-20,33627.279
2023-10-23,33636.014
2023-10-24,33684.219
2023-10-25,33673.409
2023-10-26,33675.967
2023-10-27,33675.584
2023-10-30,33675.454
2023-10-31,33699.58
2023-11-01,33637.961
2023-11-02,33694.31
2023-11-03,33677.796
2023-11-06,33685.549
2023-11-07,33723.125
2023-11-08,33704.519
2023-11-09,33700.702
2023-11-10,33700.519
2023-11-13,33704.351
2023-11-14,33740.759
2023-11-15,33702.8
2023-11-16,33740.14
2023-11-17,33746.161
2023-11-20,33750.177
2023-11-21,33786.478
2023-11-22,33766.419
2023-11-24,33827.287
2023-11-27,33836.694
2023-11-28,33851.852
2023-11-29,33849.202
2023-11-30,33878.679
2023-12-01,33802.678
2023-12-04,33814.622
2023-12-05,33818.376
2023-12-06,33818.111
2023-12-07,33832.816
2023-12-08,33847.366
2023-12-11,33852.529
2023-12-12,33851.321
2023-12-13,33828.211
2023-12-14,33840.402
2023-12-15,33883.846
2023-12-18,33891.285
2023-12-19,33892.115
2023-12-20,33870.524
2023-12-21,33887.666
2023-12-22,33901.019
2023-12-26,33905.473
2023-12-27,33896.083
2023-12-28,33911.228
2023-12-29,34001.494
2024-01-02,33990.128
2024-01-03,33994.22
2024-01-04,34006.271
2024-01-05,34009.69
2024-01-08,34012.199
2024-01-09,34024.775
2024-01-10,34002.439
2024-01-11,34058.514
2024-01-12,34058.158
2024-01-16,34061.552
2024-01-17,34060.163
2024-01-18,34069.9
2024-01-19,34072.342
2024-01-22,34076.672
2024-01-23,34109.378
2024-01-24,34088.375
2024-01-25,34135.53
2024-01-26,34135.457
2024-01-29,34138.472
2024-01-30,34172.829
2024-01-31,34191.15
2024-02-01,34155.016
2024-02-02,34147.348
2024-02-05,34153.974
2024-02-06,34196.565
2024-02-07,34197.594
2024-02-08,34228.699
2024-02-09,34228.178
2024-02-12,34230.783
2024-02-13,34269.06
2024-02-14,34245.315
2024-02-15,34266.061
2024-02-16,34267.231
2024-02-20,34305.121
2024-02-21,34297.768
2024-02-22,34332.007
2024-02-23,34368.198
2024-02-26,34376.317
2024-02-27,34405.2
2024-02-28,34382.148
2024-02-29,34471.083
2024-03-01,34393.262
2024-03-04,34410.892
2024-03-05,34438.95
2024-03-06,34440.832
2024-03-07,34461.407
2024-03-08,34465.058
2024-03-11,34471.483
2024-03-12,34497.204
2024-03-13,34475.875
2024-03-14,34486.22
2024-03-15,34542.838
2024-03-18,34551.363
2024-03-19,34582.305
2024-03-20,34561.174
2024-03-21,34578.032
2024-03-22,34582.121
2024-03-25,34598.188
2024-03-26,34594.389
2024-03-27,34573.2
2024-03-28,34578.609
2024-03-29,34586.533
2024-04-01,34627.201
2024-04-02,34622.292
2024-04-03,34604.338
2024-04-04,34598.969
2024-04-05,34600.643
2024-04-08,34608.413
2024-04-09,34581.01
2024-04-10,34561.016
2024-04-11,34550.837
2024-04-12,34553.22
2024-04-15,34603.203
2024-04-16,34591.001
2024-04-17,34576.489
2024-04-18,34583.095
2024-04-19,34585.528
2024-04-22,34591.776
2024-04-23,34581.882
2024-04-24,34571.627
2024-04-25,34554.969
2024-04-26,34558.415
2024-04-29,34562.76
2024-04-30,34616.994
2024-05-01,34558.286
2024-05-02,34563.349
2024-05-03,34548.206
2024-05-06,34560.848
2024-05-07,34559.395
2024-05-08,34541.728
2024-05-09,34544.912
2024-05-10,34544.592
2024-05-13,34552.162
2024-05-14,34572.509
2024-05-15,34534.845
2024-05-16,34552.931
2024-05-17,34560.897
2024-05-20,34569.111
2024-05-21,34585.56
2024-05-22,34568.255
2024-05-23,34577.129
2024-05-24,34587.98
2024-05-28,34606.168
2024-05-29,34621.658
2024-05-30,34609.797
2024-05-31,34667.115
2024-06-03,34635.364
2024-06-04,34655.636
2024-06-05,34659.901
2024-06-06,34670.633
2024-06-07,34672.892
2024-06-10,34709.42
2024-06-11,34702.936
2024-06-12,34681.314
2024-06-13,34683.581
2024-06-14,34681.081
2024-06-17,34750.499
2024-06-18,34734.111
2024-06-20,34725.85
2024-06-21,34733.748
2024-06-24,34748.602
2024-06-25,34748.399
2024-06-26,34724.689
2024-06-27,34722.777
2024-06-28,34831.634
2024-07-01,34841.06
2024-07-02,34866.04
2024-07-03,34847.569
2024-07-05,34852.201
2024-07-08,34857.39
2024-07-09,34884.372
2024-07-10,34861.322
2024-07-11,34888.94
2024-07-12,34889.213
2024-07-15,34911.648
2024-07-16,34940.154
2024-07-17,34923.277
2024-07-18,34945.963
2024-07-19,34944.252
2024-07-22,34950.139
2024-07-23,34988.121
2024-07-24,34969.578
2024-07-25,34997.541
2024-07-26,35001.278
2024-07-29,35004.416
2024-07-30,35043.21
2024-07-31,35104.771
2024-08-01,35059.402
2024-08-02,35051.429
2024-08-05,35059.256
2024-08-06,35085.786
2024-08-07,35094.756
2024-08-08,35123.328
2024-08-09,35122.527
2024-08-12,35126.85
2024-08-13,35160.35
2024-08-14,35137.625
2024-08-15,35169.164
2024-08-16,35167.228
2024-08-19,35178.034
2024-08-20,35215.9
2024-08-21,35193.999
2024-08-22,35210.351
2024-08-23,35213.967
2024-08-26,35225.185
2024-08-27,35289.492
2024-08-28,35269.696
2024-08-29,35279.776
2024-08-30,35256.057
2024-09-03,35319.687
2024-09-04,35343.825
2024-09-05,35345.572
2024-09-06,35343.087
2024-09-09,35346.632
2024-09-10,35331.162
2024-09-11,35309.185
2024-09-12,35273.88
2024-09-13,35268.782
2024-09-16,35346.47
2024-09-17,35350.842
2024-09-18,35331.27
2024-09-19,35327.647
2024-09-20,35319.711
2024-09-23,35324.636
2024-09-24,35324.325
2024-09-25,35303.965
2024-09-26,35296.367
2024-09-27,35321.337
2024-09-30,35464.674
2024-10-01,35668.947
2024-10-02,35677.761
2024-10-03,35677.797
2024-10-04,35680.515
2024-10-07,35682.618
2024-10-08,35717.706
2024-10-09,35693.841
2024-10-10,35680.634
2024-10-11,35707.32
2024-10-15,35751.272
2024-10-16,35743.514
2024-10-17,35769.084
2024-10-18,35769.732
2024-10-21,35772.75
2024-10-22,35802.822
2024-10-23,35777.372
2024-10-24,35809.158
2024-10-25,35815.393
2024-10-28,35817.406
2024-10-29,35848.522
2024-10-30,35847.013
2024-10-31,35951.601
2024-11-01,35866.603
2024-11-04,35884.401
2024-11-05,35911.108
2024-11-06,35912.059
2024-11-07,35943.554
2024-11-08,35945.396
2024-11-12,35963.766
2024-11-13,35950.262
2024-11-14,35965.533
2024-11-15,35959.177
2024-11-18,35963.976
2024-11-19,35992.291
2024-11-20,35973.906
2024-11-21,36034.995
2024-11-22,36047.523
2024-11-25,36052.651
2024-11-26,36113.571
2024-11-27,36090.597
2024-11-29,36087.363
2024-12-02,36171.182
2024-12-03,36169.414
2024-12-04,36170.512
2024-12-05,36167.365
2024-12-06,36166.038
2024-12-09,36172.195
2024-12-10,36163.442
2024-12-11,36132.521
2024-12-12,36133.464
2024-12-13,36134.076
2024-12-16,36192.896
2024-12-17,36189.346
2024-12-18,36167.604
2024-12-19,36167.124
2024-12-20,36161.621
2024-12-23,36190.277
2024-12-24,36146.819
2024-12-26,36112.808
2024-12-27,36144.183
2024-12-30,36150.157
2024-12-31,36218.605
2025-01-02,36169.958
2025-01-03,36164.147
2025-01-06,36171.793
2025-01-07,36178.676
2025-01-08,36153.745
2025-01-09,36166.394
2025-01-10,36169.52
2025-01-13,36173.455
2025-01-14,36200.907
2025-01-15,36174.17
2025-01-16,36197.511
2025-01-17,36206.593
2025-01-21,36218.258
2025-01-22,36217.491
2025-01-23,36222.003
2025-01-24,36221.229
2025-01-27,36218.906
2025-01-28,36219.937
2025-01-29,36219.162
2025-01-30,36221.443
2025-01-31,36220.207
2025-02-03,36217.878
2025-02-04,36218.901
2025-02-05,36218.124
2025-02-06,36220.361
2025-02-07,36219.582
2025-02-10,36217.245
2025-02-11,36218.268
2025-02-12,36217.488
2025-02-13,36219.764
2025-02-14,36218.984
2025-02-18,36219.593
2025-02-19,36218.812
2025-02-20,36222.989
2025-02-21,36222.212
2025-02-24,36219.879
2025-02-25,36220.75
2025-02-26,36219.981
2025-02-27,36221.95
2025-02-28,36218.923
2025-03-03,36216.627
2025-03-04,36217.458
2025-03-05,36216.696
2025-03-06,36218.587
2025-03-07,36217.824
2025-03-10,36215.536
2025-03-11,36216.346
2025-03-12,36215.589
2025-03-13,36217.41
2025-03-14,36216.656
2025-03-17,36214.394
2025-03-18,36215.213
2025-03-19,36214.468
2025-03-20,36218.222
2025-03-21,36217.481
2025-03-24,36215.259
2025-03-25,36216.093
2025-03-26,36215.357
2025-03-27,36217.204
2025-03-28,36216.471
2025-03-31,36214.31
2025-04-01,36215.157
2025-04-02,36214.426
2025-04-03,36216.495
2025-04-04,36215.762
2025-04-07,36213.561
2025-04-08,36214.509
2025-04-09,36213.771
2025-04-10,36215.701
2025-04-11,36214.966
2025-04-14,36212.762
2025-04-15,36214.325
2025-04-16,36213.591
2025-04-17,36217.48
2025-04-18,36216.754
2025-04-21,36214.578
2025-04-22,36215.47
2025-04-23,36214.75
2025-04-24,36216.692
2025-04-25,36215.974
2025-04-28,36213.82
2025-04-29,36214.715
2025-04-30,36213.557
2025-05-01,36215.577
2025-05-02,36214.86
2025-05-05,36212.71
2025-05-06,36213.603
2025-05-07,36212.886
2025-05-08,36214.896
2025-05-09,36214.181
2025-05-12,36212.036
2025-05-13,36212.979
2025-05-14,36212.261
2025-05-15,36216.429
2025-05-16,36215.715
2025-05-19,36213.571
2025-05-20,36214.475
2025-05-21,36213.761
2025-05-22,36215.801
2025-05-23,36215.088
2025-05-27,36213.854
2025-05-28,36213.141
2025-05-29,36215.176
2025-05-30,36215.818
2025-06-02,36214.401
2025-06-03,36215.207
2025-06-04,36214.501
2025-06-05,36216.389
2025-06-06,36215.685
2025-06-09,36213.573
2025-06-10,36214.281
2025-06-11,36213.582
2025-06-12,36217.452
2025-06-13,36216.757
2025-06-16,36214.67
2025-06-17,36215.398
2025-06-18,36214.707
2025-06-20,36215.873
2025-06-23,36213.808
2025-06-24,36214.553
2025-06-25,36213.87
2025-06-26,36215.806
2025-06-27,36215.124
2025-06-30,36211.469
2025-07-01,36214.482
2025-07-02,36213.798
2025-07-03,36215.869
2025-07-07,36582.313
2025-07-08,36625.815
2025-07-09,36600.645
2025-07-10,36595.102
2025-07-11,36595.801
2025-07-14,36598.346
2025-07-15,36651.611
2025-07-16,36627.855
2025-07-17,36655.281
2025-07-18,36653.919
2025-07-21,36661.694
2025-07-22,36711.532
2025-07-23,36686.938
2025-07-24,36721.531
2025-07-25,36732.9
2025-07-28,36734.926
2025-07-29,36803.838
2025-07-30,36802.241
2025-07-31,36916.987
2025-08-01,36826.903
2025-08-04,36828.165
2025-08-05,36930.452
2025-08-06,36950.46
2025-08-07,36996.206
2025-08-08,36998.492
2025-08-11,37004.818
2025-08-12,37070.423
2025-08-13,37045.338
2025-08-14,37089.431
2025-08-15,37137.283
2025-08-18,37144.077
2025-08-19,37208.856
2025-08-20,37180.191
2025-08-21,37232.289
2025-08-22,37234.066
2025-08-25,37254.223
2025-08-26,37204.886
2025-08-27,37283.969
2025-08-28,37310.154
2025-08-29,37274.266
2025-09-02,37413.538
2025-09-03,37412.68
2025-09-04,37430.128
2025-09-05,37433.588
2025-09-08,37440.609
2025-09-09,37473.887
2025-09-10,37450.744
2025-09-11,37470.833
2025-09-12,37461.799
2025-09-15,37533.983
2025-09-16,37502.758
2025-09-17,37492.637
2025-09-18,37509.824
2025-09-19,37505.753
2025-09-22,37511.744
2025-09-23,37469.696
2025-09-24,37454.537
2025-09-25,37467.893
2025-09-26,37499.704
2025-09-29,37506.454
2025-09-30,37637.553
2025-10-01,37864.06
2025-10-02,37881.843
2025-10-03,37852.656
2025-10-06,37863.241
2025-10-07,37889.757
2025-10-08,37863.838
2025-10-09,37883.93
2025-10-10,37885.437
2025-10-14,37918.956
2025-10-15,37942.635
2025-10-16,37966.554
2025-10-17,37977.306
2025-10-20,37980.274
2025-10-21,38019.813
2025-10-22,37990.673
2025-10-23,38008.137
2025-10-24,38009.026
2025-10-27,38042.192
2025-10-28,38076.934
2025-10-29,38078.544
2025-10-30,38108.93
2025-10-31,38040.094
2025-11-03,38004.366
2025-11-04,38047.24
2025-11-05,38091.526
2025-11-06,38118.268
2025-11-07,38117.225
2025-11-10,38125.732
2025-11-12,38121.217
2025-11-13,38150.716
2025-11-14,38153.732
2025-11-17,38181.185
2025-11-18,38265.356
2025-11-19,38299.373
2025-11-20,38326.968
2025-11-21,38333.53
2025-11-24,38336.292
2025-11-25,38360.842
2025-11-26,38335.268
2025-11-28,38396.211
2025-12-01,38425.673
2025-12-02,38423.765
2025-12-03,38403.532
2025-12-04,38389.37
2025-12-05,38390.533
2025-12-08,38395.956
2025-12-09,38377.11
2025-12-10,38352.2
2025-12-11,38349.795
2025-12-12,38339.542
2025-12-15,38419.38
2025-12-16,38396.18
2025-12-17,38378.997
2025-12-18,38375.371
2025-12-19,38372.869
2025-12-22,38378.413
2025-12-23,38375.35
2025-12-24,38352.847
2025-12-26,38380.536
2025-12-29,38386.384
2025-12-30,38372.154
2025-12-31,38514.009
2026-01-02,38422.819
2026-01-05,38441.088
2026-01-06,38430.41
2026-01-07,38432.288
2026-01-08,38432.587
2026-01-09,38433.33
2026-01-12,38437.701
2026-01-13,38433.853
2026-01-14,38396.063
2026-01-15,38453.108
2026-01-16,38460.239
2026-01-20,38484.705
2026-01-21,38473.375
2026-01-22,38490.798
2026-01-23,38491.021
2026-01-26,38513.524
2026-01-27,38567.114
2026-01-28,38542.542
2026-01-29,38568.501
2026-01-30,38521.368
2026-02-02,38515.65
2026-02-03,38564.278
2026-02-04,38564.514
2026-02-05,38587.617
2026-02-06,38588.547
2026-02-09,38593.206
2026-02-10,38645.73
2026-02-11,38620.773
2026-02-12,38647.756
2026-02-13,38647.355
2026-02-17,38720.328
2026-02-18,38717.487
2026-02-19,38743.578
2026-02-20,38749.02
2026-02-23,38758.072
2026-02-24,38787.781
2026-02-25,38764.882
2026-02-26,38789.592
2026-02-27,38769.806
2026-03-02,38824.464
2026-03-03,38853.352
2026-03-04,38857.671
2026-03-05,38873.53
2026-03-06,38869.818
2026-03-09,38882.802
2026-03-10,38918.862
2026-03-11,38882.422
2026-03-12,38900.879
2026-03-13,38902.638
2026-03-16,38992.188
2026-03-17,39016.763
2026-03-18,38976.828
2026-03-19,39002.266
2026-03-20,39002.071
2026-03-23,39006.946
2026-03-24,38999.856
2026-03-25,38990.599
2026-03-26,38990.39
2026-03-27,39015.632
2026-03-30,39023.028
2026-03-31,39065.421
2026-04-01,39016.192
2026-04-02,39000.265
2026-04-03,38981.755
2026-04-06,38994.101
2026-04-07,38969.942
2026-04-08,38949.926
2026-04-09,38942.791
2026-04-10,38946.542
2026-04-13,38954.925
2026-04-14,38933.404
2026-04-15,38988.471
2026-04-16,38985.997
2026-04-17,38979.319
2026-04-20,38992.783
2026-04-21,38979.261
2026-04-22,38957.84
2026-04-23,38935.487
2026-04-24,38953.67
2026-04-27,38960.956
2026-04-28,38951.792
2026-04-29,38952.075
2026-04-30,38967.834
2026-05-01,38882.148
2026-05-04,38905.034
2026-05-05,38910.62
2026-05-06,38918.838
2026-05-07,38931.652
2026-05-08,38937.475
2026-05-11,38946.801
2026-05-12,38968.295
2026-05-13,38942.624
2026-05-14,38954.467
2026-05-15,38997.245
2026-05-18,39009
2026-05-19,39070.753
2026-05-20,39049.64
2026-05-21,39071.2
2026-05-22,39112.192
2026-05-26,39171.155
2026-05-27,39163.303
2026-05-28,39176.302
2026-05-29,39207.76
2026-06-01,39195.502
2026-06-02,39221.985
2026-06-03,39204.975
2026-06-04,39232.151
2026-06-05,39219.582
2026-06-08,39230.386
2026-06-09,39241.723
2026-06-10,39213.266
2026-06-11,39220.785
2026-06-12,39209.984
2026-06-15,39293.074
2026-06-16,39289.865
2026-06-17,39283.052
2026-06-18,39305.294
2026-06-22,39323.732
2026-06-23,39320.608
2026-06-24,39320.509
2026-06-25,39311.023
2026-06-26,39337.504
2026-06-29,39345.341
2026-06-30,39462.398
2026-07-01,39389.305
2026-07-02,39375.254
2026-07-03,39375.99
2026-07-06,39387.881
2026-07-07,39414.977
2026-07-08,39394.978
2026-07-09,39414.179
2026-07-10,39412.981
2026-07-13,39417.905
2026-07-14,39470.152
2026-07-15,39488.616
2026-07-16,39518.86
2026-07-17,39581.848
2026-07-20,39588.243
2026-07-21,39660.37
2026-07-22,39635.799
2026-07-23,39676.938
2026-07-24,39692.375
2026-07-27,39713.964
2026-07-28,39797.153
2026-07-29,39799.619
2026-07-30,39841.115
2026-07-31,39771.617
2026-08-03,39739.223
2026-08-04,39828.435
2026-08-05,39829.653
2026-08-06,39890.263
2026-08-07,39885.248
2026-08-10,39891.774
2026-08-11,39941.93
2026-08-12,39913.529
2026-08-13,39934.816
2026-08-14,39933.634
2026-08-17,39986.658
2026-08-18,40047.426
2026-08-19,40012.701
2026-08-20,40033.257
2026-08-21,40032.877
2026-08-24,40035.385
2026-08-25,40098.864
2026-08-26,40069.751
2026-08-27,40077.53
2026-08-28,40104.097
2026-08-31,40175.641
2026-09-01,40112.465
2026-09-02,40117.045
2026-09-03,40102.964
2026-09-04,40094.591
2026-09-08,40084.091
2026-09-09,40074.285
2026-09-10,40047.727
2026-09-11,40046.178
2026-09-14,40054.422
2026-09-15,40114.446
2026-09-16,40094.08
2026-09-17,40093.343
2026-09-18,40101.501
2026-09-21,40112.118
2026-09-22,40097.834
2026-09-23,40073.559
2026-09-24,40068.808
2026-09-25,40097.178
2026-09-28,40102.186
2026-09-29,40096.955
2026-09-30,40171.825
2026-10-01,40260.642
2026-10-02,40242.447
2026-10-05,40249.104
2026-10-06,40273.025
