date,value
2000-01-03,0.54
2000-01-04,0.604
2000-01-05,0.575
2000-01-06,0.546
2000-01-07,0.662
2000-01-10,0.71
2000-01-11,0.517
2000-01-12,0.534
2000-01-13,0.587
2000-01-14,0.584
2000-01-18,0.475
2000-01-19,0.485
2000-01-20,0.466
2000-01-21,0.465
2000-01-24,0.523
2000-01-25,0.523
2000-01-26,0.522
2000-01-27,0.432
2000-01-28,0.492
2000-01-31,0.667
2000-02-01,0.696
2000-02-02,0.604
2000-02-03,0.652
2000-02-04,0.581
2000-02-07,0.539
2000-02-08,0.612
2000-02-09,0.541
2000-02-10,0.542
2000-02-11,0.554
2000-02-14,0.61
2000-02-15,0.563
2000-02-16,0.567
2000-02-17,0.514
2000-02-18,0.58
2000-02-22,0.758
2000-02-23,0.682
2000-02-24,0.758
2000-02-25,0.754
2000-02-28,0.753
2000-02-29,0.859
2000-03-01,0.842
2000-03-02,0.779
2000-03-03,0.864
2000-03-06,0.881
2000-03-07,0.899
2000-03-08,0.874
2000-03-09,0.968
2000-03-10,0.945
2000-03-13,1.023
2000-03-14,1.015
2000-03-15,1.034
2000-03-16,1.061
2000-03-17,1.03
2000-03-20,1.045
2000-03-21,1.071
2000-03-22,1.084
2000-03-23,1.13
2000-03-24,1.076
2000-03-27,1.084
2000-03-28,1.174
2000-03-29,1.199
2000-03-30,1.367
2000-03-31,1.492
2000-04-03,1.499
2000-04-04,1.555
2000-04-05,1.629
2000-04-06,1.528
2000-04-07,1.549
2000-04-10,1.623
2000-04-11,1.574
2000-04-12,1.616
2000-04-13,1.574
2000-04-14,1.667
2000-04-17,1.619
2000-04-18,1.579
2000-04-19,1.534
2000-04-20,1.572
2000-04-24,1.553
2000-04-25,1.494
2000-04-26,1.511
2000-04-27,1.51
2000-04-28,1.591
2000-05-01,1.686
2000-05-02,1.624
2000-05-03,1.65
2000-05-04,1.591
2000-05-05,1.656
2000-05-08,1.662
2000-05-09,1.682
2000-05-10,1.758
2000-05-11,1.68
2000-05-12,1.736
2000-05-15,1.759
2000-05-16,1.787
2000-05-17,1.762
2000-05-18,1.786
2000-05-19,1.865
2000-05-22,1.923
2000-05-23,2.012
2000-05-24,2.124
2000-05-25,2.215
2000-05-26,2.257
2000-05-30,2.203
2000-05-31,2.324
2000-06-01,2.285
2000-06-02,2.419
2000-06-05,2.449
2000-06-06,2.363
2000-06-07,2.318
2000-06-08,2.177
2000-06-09,2.216
2000-06-12,2.218
2000-06-13,2.24
2000-06-14,2.204
2000-06-15,2.193
2000-06-16,2.247
2000-06-19,2.192
2000-06-20,2.182
2000-06-21,2.112
2000-06-22,2.079
2000-06-23,2.043
2000-06-26,2.099
2000-06-27,2.128
2000-06-28,2.092
2000-06-29,2.173
2000-06-30,2.265
2000-07-03,2.202
2000-07-05,2.196
2000-07-06,2.116
2000-07-07,2.125
2000-07-10,2.036
2000-07-11,2.053
2000-07-12,2.048
2000-07-13,2.04
2000-07-14,2.004
2000-07-17,2.003
2000-07-18,1.993
2000-07-19,1.963
2000-07-20,2.005
2000-07-21,1.972
2000-07-24,1.93
2000-07-25,1.995
2000-07-26,1.966
2000-07-27,2.028
2000-07-28,2.035
2000-07-31,2.146
2000-08-01,2.169
2000-08-02,2.176
2000-08-03,2.19
2000-08-04,2.196
2000-08-07,2.214
2000-08-08,2.137
2000-08-09,2.159
2000-08-10,2.065
2000-08-11,2.121
2000-08-14,2.115
2000-08-15,2.072
2000-08-16,2.065
2000-08-17,2.073
2000-08-18,2.084
2000-08-21,2.038
2000-08-22,2.114
2000-08-23,2.122
2000-08-24,2.14
2000-08-25,2.087
2000-08-28,2.103
2000-08-29,2.026
2000-08-30,1.992
2000-08-31,2.047
2000-09-01,2.118
2000-09-05,2.119
2000-09-06,2.16
2000-09-07,2.159
2000-09-08,1.993
2000-09-11,1.987
2000-09-12,1.953
2000-09-13,1.989
2000-09-14,2.039
2000-09-15,1.987
2000-09-18,1.976
2000-09-19,2.001
2000-09-20,1.979
2000-09-21,2.013
2000-09-22,2.085
2000-09-25,2.003
2000-09-26,2.073
2000-09-27,2.002
2000-09-28,2.096
2000-09-29,2.112
2000-10-02,2.125
2000-10-03,2.102
2000-10-04,2.113
2000-10-05,2.095
2000-10-06,2.132
2000-10-09,2.197
2000-10-10,2.212
2000-10-11,2.344
2000-10-12,2.422
2000-10-13,2.456
2000-10-16,2.401
2000-10-17,2.491
2000-10-18,2.669
2000-10-19,2.59
2000-10-20,2.576
2000-10-23,2.599
2000-10-24,2.566
2000-10-25,2.496
2000-10-26,2.542
2000-10-27,2.544
2000-10-30,2.459
2000-10-31,2.576
2000-11-01,2.567
2000-11-02,2.577
2000-11-03,2.556
2000-11-06,2.515
2000-11-07,2.506
2000-11-08,2.483
2000-11-09,2.505
2000-11-10,2.511
2000-11-13,2.533
2000-11-14,2.522
2000-11-15,2.528
2000-11-16,2.539
2000-11-17,2.573
2000-11-20,2.635
2000-11-21,2.684
2000-11-22,2.761
2000-11-24,2.765
2000-11-27,2.776
2000-11-28,2.793
2000-11-29,2.86
2000-11-30,3.052
2000-12-01,3.015
2000-12-04,3.112
2000-12-05,3.102
2000-12-06,3.041
2000-12-07,2.998
2000-12-08,2.969
2000-12-11,2.916
2000-12-12,2.874
2000-12-13,2.849
2000-12-14,2.81
2000-12-15,2.777
2000-12-18,2.776
2000-12-19,2.715
2000-12-20,2.768
2000-12-21,2.724
2000-12-22,2.753
2000-12-26,2.761
2000-12-27,2.775
2000-12-28,2.764
2000-12-29,2.78
2001-01-02,2.982
2001-01-03,2.816
2001-01-04,2.756
2001-01-05,2.756
2001-01-08,2.677
2001-01-09,2.561
2001-01-10,2.511
2001-01-11,2.435
2001-01-12,2.331
2001-01-16,2.315
2001-01-17,2.225
2001-01-18,2.217
2001-01-19,2.185
2001-01-22,2.123
2001-01-23,2.074
2001-01-24,2.064
2001-01-25,2.015
2001-01-26,2.029
2001-01-29,2.019
2001-01-30,1.97
2001-01-31,1.961
2001-02-01,1.929
2001-02-02,1.913
2001-02-05,1.896
2001-02-06,1.856
2001-02-07,1.862
2001-02-08,1.848
2001-02-09,1.864
2001-02-12,1.874
2001-02-13,1.887
2001-02-14,1.87
2001-02-15,1.823
2001-02-16,1.903
2001-02-20,1.925
2001-02-21,1.974
2001-02-22,1.987
2001-02-23,2.033
2001-02-26,2.034
2001-02-27,2.044
2001-02-28,2.099
2001-03-01,2.034
2001-03-02,2.057
2001-03-05,2.042
2001-03-06,2.038
2001-03-07,2.024
2001-03-08,2.014
2001-03-09,1.998
2001-03-12,2.036
2001-03-13,2.039
2001-03-14,2.167
2001-03-15,2.19
2001-03-16,2.224
2001-03-19,2.238
2001-03-20,2.257
2001-03-21,2.346
2001-03-22,2.486
2001-03-23,2.42
2001-03-26,2.391
2001-03-27,2.312
2001-03-28,2.308
2001-03-29,2.308
2001-03-30,2.281
2001-04-02,2.295
2001-04-03,2.416
2001-04-04,2.534
2001-04-05,2.518
2001-04-06,2.509
2001-04-09,2.576
2001-04-10,2.498
2001-04-11,2.405
2001-04-12,2.307
2001-04-16,2.273
2001-04-17,2.283
2001-04-18,2.178
2001-04-19,2.166
2001-04-20,2.258
2001-04-23,2.318
2001-04-24,2.277
2001-04-25,2.175
2001-04-26,2.216
2001-04-27,2.134
2001-04-30,1.843
2001-05-01,1.768
2001-05-02,1.77
2001-05-03,1.809
2001-05-04,1.83
2001-05-07,1.817
2001-05-08,1.781
2001-05-09,1.789
2001-05-10,1.794
2001-05-11,1.692
2001-05-14,1.667
2001-05-15,1.627
2001-05-16,1.68
2001-05-17,1.664
2001-05-18,1.652
2001-05-21,1.651
2001-05-22,1.637
2001-05-23,1.604
2001-05-24,1.569
2001-05-25,1.552
2001-05-29,1.535
2001-05-30,1.545
2001-05-31,1.607
2001-06-01,1.644
2001-06-04,1.653
2001-06-05,1.676
2001-06-06,1.637
2001-06-07,1.606
2001-06-08,1.586
2001-06-11,1.623
2001-06-12,1.639
2001-06-13,1.65
2001-06-14,1.761
2001-06-15,1.785
2001-06-18,1.871
2001-06-19,1.948
2001-06-20,2.046
2001-06-21,2.085
2001-06-22,2.112
2001-06-25,2.099
2001-06-26,2.084
2001-06-27,2.097
2001-06-28,2.056
2001-06-29,1.971
2001-07-02,1.949
2001-07-03,1.85
2001-07-05,1.876
2001-07-06,1.905
2001-07-09,1.887
2001-07-10,1.924
2001-07-11,1.986
2001-07-12,1.991
2001-07-13,2.003
2001-07-16,2.003
2001-07-17,2.081
2001-07-18,2.167
2001-07-19,2.134
2001-07-20,2.137
2001-07-23,2.112
2001-07-24,2.061
2001-07-25,2.023
2001-07-26,2
2001-07-27,1.994
2001-07-30,1.954
2001-07-31,1.974
2001-08-01,1.896
2001-08-02,1.849
2001-08-03,1.838
2001-08-06,1.851
2001-08-07,1.844
2001-08-08,1.835
2001-08-09,1.892
2001-08-10,1.906
2001-08-13,1.915
2001-08-14,1.9
2001-08-15,1.904
2001-08-16,1.926
2001-08-17,1.987
2001-08-20,2.006
2001-08-21,2.009
2001-08-22,1.991
2001-08-23,2.013
2001-08-24,2.015
2001-08-27,1.991
2001-08-28,2.01
2001-08-29,1.988
2001-08-30,1.989
2001-08-31,1.954
2001-09-04,1.895
2001-09-05,1.945
2001-09-06,2.024
2001-09-07,2.135
2001-09-10,2.116
2001-09-17,2.868
2001-09-18,2.923
2001-09-19,2.866
2001-09-20,3.026
2001-09-21,3.141
2001-09-24,3.228
2001-09-25,3.103
2001-09-26,3.052
2001-09-27,3.115
2001-09-28,3.1
2001-10-01,3.091
2001-10-02,3.106
2001-10-03,3.112
2001-10-04,3.02
2001-10-05,3.025
2001-10-08,3.003
2001-10-09,2.96
2001-10-10,2.909
2001-10-11,2.811
2001-10-12,2.826
2001-10-15,2.789
2001-10-16,2.789
2001-10-17,2.718
2001-10-18,2.765
2001-10-19,2.748
2001-10-22,2.765
2001-10-23,2.709
2001-10-24,2.728
2001-10-25,2.747
2001-10-26,2.735
2001-10-29,2.77
2001-10-30,2.822
2001-10-31,2.797
2001-11-01,2.805
2001-11-02,2.766
2001-11-05,2.763
2001-11-06,2.714
2001-11-07,2.719
2001-11-08,2.642
2001-11-09,2.585
2001-11-12,2.601
2001-11-13,2.518
2001-11-14,2.412
2001-11-15,2.222
2001-11-16,2.206
2001-11-19,2.122
2001-11-20,2.081
2001-11-21,2.023
2001-11-23,1.969
2001-11-26,1.972
2001-11-27,1.807
2001-11-28,1.905
2001-11-29,1.971
2001-11-30,2.15
2001-12-03,2.157
2001-12-04,2.177
2001-12-05,2.006
2001-12-06,1.895
2001-12-07,1.805
2001-12-10,1.901
2001-12-11,1.914
2001-12-12,1.977
2001-12-13,1.935
2001-12-14,1.908
2001-12-17,1.752
2001-12-18,1.945
2001-12-19,1.936
2001-12-20,1.928
2001-12-21,1.89
2001-12-24,1.888
2001-12-26,1.878
2001-12-27,1.859
2001-12-28,1.815
2001-12-31,1.639
2002-01-02,1.575
2002-01-03,1.488
2002-01-04,1.439
2002-01-07,1.51
2002-01-08,1.469
2002-01-09,1.472
2002-01-10,1.479
2002-01-11,1.52
2002-01-14,1.563
2002-01-15,1.551
2002-01-16,1.568
2002-01-17,1.597
2002-01-18,1.578
2002-01-22,1.572
2002-01-23,1.61
2002-01-24,1.534
2002-01-25,1.504
2002-01-28,1.536
2002-01-29,1.581
2002-01-30,1.67
2002-01-31,1.56
2002-02-01,1.562
2002-02-04,1.632
2002-02-05,1.763
2002-02-06,1.826
2002-02-07,1.759
2002-02-08,1.734
2002-02-11,1.752
2002-02-12,1.68
2002-02-13,1.673
2002-02-14,1.658
2002-02-15,1.713
2002-02-19,1.76
2002-02-20,1.772
2002-02-21,1.783
2002-02-22,1.848
2002-02-25,1.808
2002-02-26,1.778
2002-02-27,1.765
2002-02-28,1.7
2002-03-01,1.577
2002-03-04,1.558
2002-03-05,1.504
2002-03-06,1.464
2002-03-07,1.391
2002-03-08,1.285
2002-03-11,1.302
2002-03-12,1.305
2002-03-13,1.289
2002-03-14,1.239
2002-03-15,1.215
2002-03-18,1.226
2002-03-19,1.22
2002-03-20,1.169
2002-03-21,1.143
2002-03-22,1.15
2002-03-25,1.132
2002-03-26,1.184
2002-03-27,1.2
2002-03-28,1.179
2002-04-01,1.162
2002-04-02,1.198
2002-04-03,1.239
2002-04-04,1.225
2002-04-05,1.257
2002-04-08,1.258
2002-04-09,1.262
2002-04-10,1.261
2002-04-11,1.294
2002-04-12,1.335
2002-04-15,1.361
2002-04-16,1.295
2002-04-17,1.264
2002-04-18,1.217
2002-04-19,1.232
2002-04-22,1.297
2002-04-23,1.3
2002-04-24,1.345
2002-04-25,1.406
2002-04-26,1.467
2002-04-29,1.47
2002-04-30,1.451
2002-05-01,1.481
2002-05-02,1.484
2002-05-03,1.535
2002-05-06,1.524
2002-05-07,1.575
2002-05-08,1.507
2002-05-09,1.454
2002-05-10,1.503
2002-05-13,1.51
2002-05-14,1.465
2002-05-15,1.463
2002-05-16,1.473
2002-05-17,1.503
2002-05-20,1.572
2002-05-21,1.533
2002-05-22,1.547
2002-05-23,1.506
2002-05-24,1.434
2002-05-28,1.443
2002-05-29,1.432
2002-05-30,1.477
2002-05-31,1.173
2002-06-03,1.174
2002-06-04,1.209
2002-06-05,1.203
2002-06-06,1.211
2002-06-07,1.274
2002-06-10,1.283
2002-06-11,1.274
2002-06-12,1.334
2002-06-13,1.375
2002-06-14,1.497
2002-06-17,1.415
2002-06-18,1.416
2002-06-19,1.479
2002-06-20,1.483
2002-06-21,1.51
2002-06-24,1.594
2002-06-25,1.586
2002-06-26,2.018
2002-06-27,1.981
2002-06-28,2.049
2002-07-01,1.811
2002-07-02,1.943
2002-07-03,2.038
2002-07-05,1.945
2002-07-08,1.97
2002-07-09,1.963
2002-07-10,1.974
2002-07-11,2.083
2002-07-12,2.078
2002-07-15,2.119
2002-07-16,2.141
2002-07-17,2.159
2002-07-18,2.124
2002-07-19,2.21
2002-07-22,2.276
2002-07-23,2.402
2002-07-24,2.698
2002-07-25,2.686
2002-07-26,2.793
2002-07-29,2.761
2002-07-30,2.719
2002-07-31,2.485
2002-08-01,2.444
2002-08-02,2.533
2002-08-05,2.727
2002-08-06,2.689
2002-08-07,2.719
2002-08-08,2.678
2002-08-09,2.725
2002-08-12,2.752
2002-08-13,2.791
2002-08-14,2.771
2002-08-15,2.653
2002-08-16,2.589
2002-08-19,2.576
2002-08-20,2.522
2002-08-21,2.429
2002-08-22,2.31
2002-08-23,2.28
2002-08-26,2.262
2002-08-27,2.219
2002-08-28,2.243
2002-08-29,2.284
2002-08-30,2.233
2002-09-03,2.405
2002-09-04,2.374
2002-09-05,2.387
2002-09-06,2.347
2002-09-09,2.338
2002-09-10,2.276
2002-09-11,2.228
2002-09-12,2.228
2002-09-13,2.238
2002-09-16,2.21
2002-09-17,2.2
2002-09-18,2.268
2002-09-19,2.333
2002-09-20,2.402
2002-09-23,2.521
2002-09-24,2.632
2002-09-25,2.567
2002-09-26,2.557
2002-09-27,2.558
2002-09-30,2.699
2002-10-01,2.684
2002-10-02,2.631
2002-10-03,2.704
2002-10-04,2.837
2002-10-07,2.923
2002-10-08,3.066
2002-10-09,3.295
2002-10-10,3.306
2002-10-11,3.146
2002-10-14,3.157
2002-10-15,2.981
2002-10-16,2.947
2002-10-17,2.825
2002-10-18,2.856
2002-10-21,2.797
2002-10-22,2.776
2002-10-23,2.764
2002-10-24,2.691
2002-10-25,2.697
2002-10-28,2.675
2002-10-29,2.699
2002-10-30,2.634
2002-10-31,2.517
2002-11-01,2.486
2002-11-04,2.389
2002-11-05,2.315
2002-11-06,2.17
2002-11-07,2.152
2002-11-08,2.229
2002-11-11,2.252
2002-11-12,2.269
2002-11-13,2.251
2002-11-14,2.079
2002-11-15,2.018
2002-11-18,1.913
2002-11-19,1.892
2002-11-20,1.809
2002-11-21,1.659
2002-11-22,1.611
2002-11-25,1.571
2002-11-26,1.613
2002-11-27,1.511
2002-11-29,1.511
2002-12-02,1.416
2002-12-03,1.401
2002-12-04,1.412
2002-12-05,1.431
2002-12-06,1.454
2002-12-09,1.498
2002-12-10,1.512
2002-12-11,1.487
2002-12-12,1.463
2002-12-13,1.471
2002-12-16,1.407
2002-12-17,1.412
2002-12-18,1.388
2002-12-19,1.407
2002-12-20,1.371
2002-12-23,1.389
2002-12-24,1.389
2002-12-26,1.389
2002-12-27,1.426
2002-12-30,1.405
2002-12-31,1.292
2003-01-02,1.197
2003-01-03,1.177
2003-01-06,1.107
2003-01-07,1.054
2003-01-08,0.993
2003-01-09,0.899
2003-01-10,0.861
2003-01-13,0.801
2003-01-14,0.759
2003-01-15,0.793
2003-01-16,0.808
2003-01-17,0.878
2003-01-21,0.866
2003-01-22,0.922
2003-01-23,0.886
2003-01-24,0.909
2003-01-27,0.944
2003-01-28,0.925
2003-01-29,0.931
2003-01-30,0.913
2003-01-31,0.908
2003-02-03,0.848
2003-02-04,0.87
2003-02-05,0.847
2003-02-06,0.876
2003-02-07,0.881
2003-02-10,0.867
2003-02-11,0.845
2003-02-12,0.889
2003-02-13,0.924
2003-02-14,0.889
2003-02-18,0.84
2003-02-19,0.85
2003-02-20,0.823
2003-02-21,0.804
2003-02-24,0.846
2003-02-25,0.884
2003-02-26,0.913
2003-02-27,0.894
2003-02-28,0.862
2003-03-03,0.831
2003-03-04,0.824
2003-03-05,0.862
2003-03-06,0.84
2003-03-07,0.899
2003-03-10,0.907
2003-03-11,0.95
2003-03-12,0.992
2003-03-13,0.914
2003-03-14,0.9
2003-03-17,0.85
2003-03-18,0.832
2003-03-19,0.766
2003-03-20,0.771
2003-03-21,0.656
2003-03-24,0.7
2003-03-25,0.681
2003-03-26,0.646
2003-03-27,0.651
2003-03-28,0.621
2003-03-31,0.629
2003-04-01,0.444
2003-04-02,0.359
2003-04-03,0.311
2003-04-04,0.297
2003-04-07,0.238
2003-04-08,0.233
2003-04-09,0.267
2003-04-10,0.271
2003-04-11,0.247
2003-04-14,0.217
2003-04-15,0.187
2003-04-16,0.133
2003-04-17,0.098
2003-04-21,0.084
2003-04-22,0.065
2003-04-23,0.007
2003-04-24,-0.008
2003-04-25,-0.016
2003-04-28,-0.063
2003-04-29,-0.117
2003-04-30,-0.275
2003-05-01,-0.307
2003-05-02,-0.347
2003-05-05,-0.351
2003-05-06,-0.379
2003-05-07,-0.337
2003-05-08,-0.325
2003-05-09,-0.313
2003-05-12,-0.302
2003-05-13,-0.256
2003-05-14,-0.224
2003-05-15,-0.243
2003-05-16,-0.192
2003-05-19,-0.194
2003-05-20,-0.167
2003-05-21,-0.147
2003-05-22,-0.127
2003-05-23,-0.147
2003-05-27,-0.179
2003-05-28,-0.235
2003-05-29,-0.184
2003-05-30,-0.225
2003-06-02,-0.253
2003-06-03,-0.24
2003-06-04,-0.268
2003-06-05,-0.274
2003-06-06,-0.373
2003-06-09,-0.344
2003-06-10,-0.363
2003-06-11,-0.38
2003-06-12,-0.383
2003-06-13,-0.397
2003-06-16,-0.433
2003-06-17,-0.508
2003-06-18,-0.585
2003-06-19,-0.54
2003-06-20,-0.537
2003-06-23,-0.488
2003-06-24,-0.48
2003-06-25,-0.502
2003-06-26,-0.563
2003-06-27,-0.532
2003-06-30,-0.491
2003-07-01,-0.486
2003-07-02,-0.499
2003-07-03,-0.509
2003-07-07,-0.506
2003-07-08,-0.502
2003-07-09,-0.527
2003-07-10,-0.528
2003-07-11,-0.527
2003-07-14,-0.544
2003-07-15,-0.623
2003-07-16,-0.607
2003-07-17,-0.661
2003-07-18,-0.648
2003-07-21,-0.694
2003-07-22,-0.711
2003-07-23,-0.672
2003-07-24,-0.738
2003-07-25,-0.679
2003-07-28,-0.746
2003-07-29,-0.716
2003-07-30,-0.678
2003-07-31,-0.633
2003-08-01,-0.564
2003-08-04,-0.509
2003-08-05,-0.543
2003-08-06,-0.456
2003-08-07,-0.455
2003-08-08,-0.47
2003-08-11,-0.517
2003-08-12,-0.508
2003-08-13,-0.531
2003-08-14,-0.531
2003-08-15,-0.512
2003-08-18,-0.538
2003-08-19,-0.561
2003-08-20,-0.608
2003-08-21,-0.676
2003-08-22,-0.659
2003-08-25,-0.696
2003-08-26,-0.69
2003-08-27,-0.73
2003-08-28,-0.722
2003-08-29,-0.759
2003-09-02,-0.851
2003-09-03,-0.876
2003-09-04,-0.877
2003-09-05,-0.808
2003-09-08,-0.832
2003-09-09,-0.825
2003-09-10,-0.792
2003-09-11,-0.853
2003-09-12,-0.777
2003-09-15,-0.818
2003-09-16,-0.848
2003-09-17,-0.825
2003-09-18,-0.87
2003-09-19,-0.87
2003-09-22,-0.838
2003-09-23,-0.817
2003-09-24,-0.819
2003-09-25,-0.817
2003-09-26,-0.797
2003-09-29,-0.794
2003-09-30,-0.742
2003-10-01,-0.746
2003-10-02,-0.819
2003-10-03,-0.875
2003-10-06,-0.82
2003-10-07,-0.87
2003-10-08,-0.887
2003-10-09,-0.931
2003-10-10,-0.919
2003-10-13,-0.946
2003-10-14,-0.978
2003-10-15,-1.038
2003-10-16,-1.047
2003-10-17,-1.034
2003-10-20,-1.063
2003-10-21,-1.03
2003-10-22,-0.989
2003-10-23,-0.995
2003-10-24,-0.953
2003-10-27,-0.973
2003-10-28,-0.965
2003-10-29,-1.008
2003-10-30,-1.056
2003-10-31,-1.007
2003-11-03,-1.083
2003-11-04,-1.028
2003-11-05,-1.031
2003-11-06,-1.087
2003-11-07,-1.106
2003-11-10,-1.091
2003-11-11,-1.101
2003-11-12,-1.112
2003-11-13,-1.078
2003-11-14,-1.063
2003-11-17,-1.08
2003-11-18,-1.054
2003-11-19,-1.083
2003-11-20,-1.04
2003-11-21,-1.041
2003-11-24,-1.089
2003-11-25,-1.093
2003-11-26,-1.111
2003-11-28,-1.159
2003-12-01,-1.171
2003-12-02,-1.175
2003-12-03,-1.196
2003-12-04,-1.232
2003-12-05,-1.175
2003-12-08,-1.224
2003-12-09,-1.241
2003-12-10,-1.193
2003-12-11,-1.166
2003-12-12,-1.14
2003-12-15,-1.159
2003-12-16,-1.169
2003-12-17,-1.147
2003-12-18,-1.136
2003-12-19,-1.161
2003-12-22,-1.186
2003-12-23,-1.183
2003-12-24,-1.167
2003-12-26,-1.161
2003-12-29,-1.166
2003-12-30,-1.189
2003-12-31,-1.208
2004-01-02,-1.559
2004-01-05,-1.641
2004-01-06,-1.618
2004-01-07,-1.627
2004-01-08,-1.674
2004-01-09,-1.602
2004-01-12,-1.642
2004-01-13,-1.594
2004-01-14,-1.571
2004-01-15,-1.59
2004-01-16,-1.582
2004-01-20,-1.605
2004-01-21,-1.611
2004-01-22,-1.588
2004-01-23,-1.592
2004-01-26,-1.618
2004-01-27,-1.583
2004-01-28,-1.609
2004-01-29,-1.551
2004-01-30,-1.442
2004-02-02,-1.369
2004-02-03,-1.358
2004-02-04,-1.363
2004-02-05,-1.346
2004-02-06,-1.288
2004-02-09,-1.335
2004-02-10,-1.388
2004-02-11,-1.382
2004-02-12,-1.422
2004-02-13,-1.393
2004-02-17,-1.402
2004-02-18,-1.383
2004-02-19,-1.387
2004-02-20,-1.406
2004-02-23,-1.343
2004-02-24,-1.304
2004-02-25,-1.293
2004-02-26,-1.336
2004-02-27,-1.323
2004-03-01,-1.368
2004-03-02,-1.425
2004-03-03,-1.42
2004-03-04,-1.416
2004-03-05,-1.318
2004-03-08,-1.348
2004-03-09,-1.359
2004-03-10,-1.487
2004-03-11,-1.311
2004-03-12,-1.318
2004-03-15,-1.329
2004-03-16,-1.242
2004-03-17,-1.285
2004-03-18,-1.33
2004-03-19,-1.357
2004-03-22,-1.311
2004-03-23,-1.312
2004-03-24,-1.279
2004-03-25,-1.293
2004-03-26,-1.338
2004-03-29,-1.363
2004-03-30,-1.41
2004-03-31,-1.372
2004-04-01,-1.472
2004-04-02,-1.575
2004-04-05,-1.54
2004-04-06,-1.521
2004-04-07,-1.533
2004-04-08,-1.566
2004-04-12,-1.592
2004-04-13,-1.638
2004-04-14,-1.644
2004-04-15,-1.552
2004-04-16,-1.532
2004-04-19,-1.561
2004-04-20,-1.57
2004-04-21,-1.501
2004-04-22,-1.498
2004-04-23,-1.613
2004-04-26,-1.588
2004-04-27,-1.521
2004-04-28,-1.451
2004-04-29,-1.373
2004-04-30,-1.357
2004-05-03,-1.324
2004-05-04,-1.276
2004-05-05,-1.252
2004-05-06,-1.13
2004-05-07,-1.113
2004-05-10,-0.909
2004-05-11,-0.958
2004-05-12,-1.006
2004-05-13,-0.958
2004-05-14,-0.939
2004-05-17,-0.912
2004-05-18,-0.981
2004-05-19,-1.099
2004-05-20,-0.989
2004-05-21,-1.035
2004-05-24,-1.085
2004-05-25,-1.107
2004-05-26,-1.07
2004-05-27,-1.046
2004-05-28,-1.125
2004-06-01,-1.093
2004-06-02,-1.123
2004-06-03,-1.094
2004-06-04,-1.198
2004-06-07,-1.221
2004-06-08,-1.228
2004-06-09,-1.264
2004-06-10,-1.235
2004-06-14,-1.224
2004-06-15,-1.138
2004-06-16,-1.225
2004-06-17,-1.26
2004-06-18,-1.244
2004-06-21,-1.282
2004-06-22,-1.304
2004-06-23,-1.299
2004-06-24,-1.271
2004-06-25,-1.276
2004-06-28,-1.311
2004-06-29,-1.287
2004-06-30,-1.209
2004-07-01,-1.201
2004-07-02,-1.146
2004-07-06,-1.22
2004-07-07,-1.186
2004-07-08,-1.152
2004-07-09,-1.157
2004-07-12,-1.176
2004-07-13,-1.216
2004-07-14,-1.253
2004-07-15,-1.278
2004-07-16,-1.244
2004-07-19,-1.339
2004-07-20,-1.394
2004-07-21,-1.358
2004-07-22,-1.319
2004-07-23,-1.339
2004-07-26,-1.328
2004-07-27,-1.336
2004-07-28,-1.336
2004-07-29,-1.372
2004-07-30,-1.642
2004-08-02,-1.567
2004-08-03,-1.588
2004-08-04,-1.598
2004-08-05,-1.586
2004-08-06,-1.502
2004-08-09,-1.567
2004-08-10,-1.573
2004-08-11,-1.577
2004-08-12,-1.576
2004-08-13,-1.582
2004-08-16,-1.665
2004-08-17,-1.604
2004-08-18,-1.634
2004-08-19,-1.651
2004-08-20,-1.707
2004-08-23,-1.756
2004-08-24,-1.798
2004-08-25,-1.779
2004-08-26,-1.782
2004-08-27,-1.829
2004-08-30,-1.812
2004-08-31,-1.761
2004-09-01,-1.754
2004-09-02,-1.784
2004-09-03,-1.869
2004-09-07,-1.854
2004-09-08,-1.833
2004-09-09,-1.854
2004-09-10,-1.804
2004-09-13,-1.849
2004-09-14,-1.845
2004-09-15,-1.889
2004-09-16,-1.867
2004-09-17,-1.923
2004-09-20,-1.897
2004-09-21,-1.903
2004-09-22,-1.892
2004-09-23,-1.907
2004-09-24,-1.871
2004-09-27,-1.799
2004-09-28,-1.804
2004-09-29,-1.85
2004-09-30,-1.885
2004-10-01,-1.884
2004-10-04,-1.902
2004-10-05,-1.936
2004-10-06,-1.955
2004-10-07,-1.965
2004-10-08,-1.928
2004-10-11,-1.946
2004-10-12,-1.94
2004-10-13,-1.929
2004-10-14,-1.872
2004-10-15,-1.886
2004-10-18,-1.884
2004-10-19,-1.872
2004-10-20,-1.787
2004-10-21,-1.823
2004-10-22,-1.831
2004-10-25,-1.809
2004-10-26,-1.825
2004-10-27,-1.905
2004-10-28,-1.954
2004-10-29,-1.945
2004-11-01,-1.949
2004-11-02,-1.987
2004-11-03,-2
2004-11-04,-2.034
2004-11-05,-2.15
2004-11-08,-2.121
2004-11-09,-2.128
2004-11-10,-2.177
2004-11-11,-2.151
2004-11-12,-2.135
2004-11-15,-2.183
2004-11-16,-2.19
2004-11-17,-2.19
2004-11-18,-2.23
2004-11-19,-2.253
2004-11-22,-2.184
2004-11-23,-2.212
2004-11-24,-2.239
2004-11-26,-2.234
2004-11-29,-2.26
2004-11-30,-2.211
2004-12-01,-2.21
2004-12-02,-2.272
2004-12-03,-2.198
2004-12-06,-2.205
2004-12-07,-2.209
2004-12-08,-2.163
2004-12-09,-2.177
2004-12-10,-2.162
2004-12-13,-2.154
2004-12-14,-2.157
2004-12-15,-2.159
2004-12-16,-2.225
2004-12-17,-2.258
2004-12-20,-2.24
2004-12-21,-2.259
2004-12-22,-2.247
2004-12-23,-2.231
2004-12-27,-2.274
2004-12-28,-2.264
2004-12-29,-2.28
2004-12-30,-2.253
2004-12-31,-2.172
2005-01-03,-2.126
2005-01-04,-2.219
2005-01-05,-2.16
2005-01-06,-2.1
2005-01-07,-2.134
2005-01-10,-2.113
2005-01-11,-2.096
2005-01-12,-2.113
2005-01-13,-2.081
2005-01-14,-2.081
2005-01-18,-2.049
2005-01-19,-2.06
2005-01-20,-2.005
2005-01-21,-2
2005-01-24,-2.027
2005-01-25,-2.102
2005-01-26,-2.128
2005-01-27,-2.156
2005-01-28,-2.108
2005-01-31,-2.087
2005-02-01,-2.117
2005-02-02,-2.144
2005-02-03,-2.184
2005-02-04,-2.144
2005-02-07,-2.183
2005-02-08,-2.211
2005-02-09,-2.144
2005-02-10,-2.184
2005-02-11,-2.209
2005-02-14,-2.24
2005-02-15,-2.245
2005-02-16,-2.273
2005-02-17,-2.281
2005-02-18,-2.327
2005-02-22,-2.292
2005-02-23,-2.284
2005-02-24,-2.331
2005-02-25,-2.314
2005-02-28,-2.326
2005-03-01,-2.347
2005-03-02,-2.354
2005-03-03,-2.347
2005-03-04,-2.32
2005-03-07,-2.387
2005-03-08,-2.41
2005-03-09,-2.417
2005-03-10,-2.349
2005-03-11,-2.359
2005-03-14,-2.323
2005-03-15,-2.243
2005-03-16,-2.139
2005-03-17,-2.081
2005-03-18,-2.095
2005-03-21,-2.027
2005-03-22,-1.953
2005-03-23,-1.885
2005-03-24,-1.894
2005-03-28,-1.857
2005-03-29,-1.824
2005-03-30,-1.78
2005-03-31,-1.709
2005-04-01,-1.676
2005-04-04,-1.621
2005-04-05,-1.667
2005-04-06,-1.677
2005-04-07,-1.72
2005-04-08,-1.759
2005-04-11,-1.683
2005-04-12,-1.662
2005-04-13,-1.648
2005-04-14,-1.545
2005-04-15,-1.382
2005-04-18,-1.279
2005-04-19,-1.279
2005-04-20,-1.357
2005-04-21,-1.48
2005-04-22,-1.48
2005-04-25,-1.466
2005-04-26,-1.448
2005-04-27,-1.406
2005-04-28,-1.358
2005-04-29,-1.341
2005-05-02,-1.324
2005-05-03,-1.323
2005-05-04,-1.371
2005-05-05,-1.376
2005-05-06,-1.346
2005-05-09,-1.358
2005-05-10,-1.285
2005-05-11,-1.224
2005-05-12,-1.214
2005-05-13,-1.133
2005-05-16,-1.09
2005-05-17,-1.023
2005-05-18,-1.018
2005-05-19,-1.115
2005-05-20,-1.179
2005-05-23,-1.171
2005-05-24,-1.181
2005-05-25,-1.237
2005-05-26,-1.313
2005-05-27,-1.367
2005-05-31,-1.456
2005-06-01,-1.439
2005-06-02,-1.504
2005-06-03,-1.557
2005-06-06,-1.537
2005-06-07,-1.504
2005-06-08,-1.492
2005-06-09,-1.49
2005-06-10,-1.53
2005-06-13,-1.622
2005-06-14,-1.648
2005-06-15,-1.686
2005-06-16,-1.66
2005-06-17,-1.68
2005-06-20,-1.691
2005-06-21,-1.655
2005-06-22,-1.615
2005-06-23,-1.63
2005-06-24,-1.592
2005-06-27,-1.582
2005-06-28,-1.63
2005-06-29,-1.655
2005-06-30,-1.666
2005-07-01,-1.711
2005-07-05,-1.771
2005-07-06,-1.724
2005-07-07,-1.685
2005-07-08,-1.749
2005-07-11,-1.787
2005-07-12,-1.846
2005-07-13,-1.862
2005-07-14,-1.903
2005-07-15,-1.905
2005-07-18,-1.934
2005-07-19,-1.9
2005-07-20,-1.894
2005-07-21,-1.938
2005-07-22,-1.892
2005-07-25,-1.916
2005-07-26,-1.902
2005-07-27,-1.921
2005-07-28,-1.917
2005-07-29,-1.971
2005-08-01,-1.959
2005-08-02,-1.968
2005-08-03,-1.963
2005-08-04,-1.974
2005-08-05,-1.994
2005-08-08,-1.966
2005-08-09,-1.944
2005-08-10,-1.947
2005-08-11,-1.91
2005-08-12,-1.892
2005-08-15,-1.926
2005-08-16,-1.896
2005-08-17,-1.912
2005-08-18,-1.888
2005-08-19,-1.896
2005-08-22,-1.897
2005-08-23,-1.894
2005-08-24,-1.887
2005-08-25,-1.856
2005-08-26,-1.9
2005-08-29,-1.889
2005-08-30,-1.842
2005-08-31,-1.67
2005-09-01,-1.643
2005-09-02,-1.68
2005-09-06,-1.719
2005-09-07,-1.724
2005-09-08,-1.732
2005-09-09,-1.745
2005-09-12,-1.808
2005-09-13,-1.77
2005-09-14,-1.796
2005-09-15,-1.814
2005-09-16,-1.83
2005-09-19,-1.812
2005-09-20,-1.775
2005-09-21,-1.74
2005-09-22,-1.724
2005-09-23,-1.777
2005-09-26,-1.822
2005-09-27,-1.812
2005-09-28,-1.793
2005-09-29,-1.84
2005-09-30,-1.804
2005-10-03,-1.853
2005-10-04,-1.818
2005-10-05,-1.801
2005-10-06,-1.729
2005-10-07,-1.738
2005-10-10,-1.711
2005-10-11,-1.719
2005-10-12,-1.668
2005-10-13,-1.645
2005-10-14,-1.616
2005-10-17,-1.685
2005-10-18,-1.729
2005-10-19,-1.681
2005-10-20,-1.685
2005-10-21,-1.656
2005-10-24,-1.695
2005-10-25,-1.749
2005-10-26,-1.746
2005-10-27,-1.67
2005-10-28,-1.691
2005-10-31,-1.642
2005-11-01,-1.659
2005-11-02,-1.667
2005-11-03,-1.683
2005-11-04,-1.67
2005-11-07,-1.641
2005-11-08,-1.617
2005-11-09,-1.646
2005-11-10,-1.587
2005-11-11,-1.584
2005-11-14,-1.606
2005-11-15,-1.579
2005-11-16,-1.52
2005-11-17,-1.512
2005-11-18,-1.566
2005-11-21,-1.533
2005-11-22,-1.512
2005-11-23,-1.545
2005-11-25,-1.535
2005-11-28,-1.521
2005-11-29,-1.559
2005-11-30,-1.494
2005-12-01,-1.476
2005-12-02,-1.495
2005-12-05,-1.506
2005-12-06,-1.465
2005-12-07,-1.464
2005-12-08,-1.437
2005-12-09,-1.495
2005-12-12,-1.499
2005-12-13,-1.492
2005-12-14,-1.449
2005-12-15,-1.45
2005-12-16,-1.443
2005-12-19,-1.438
2005-12-20,-1.443
2005-12-21,-1.458
2005-12-22,-1.44
2005-12-23,-1.432
2005-12-27,-1.429
2005-12-28,-1.386
2005-12-29,-1.389
2005-12-30,-1.349
2006-01-03,-1.442
2006-01-04,-1.444
2006-01-05,-1.482
2006-01-06,-1.512
2006-01-09,-1.515
2006-01-10,-1.566
2006-01-11,-1.566
2006-01-12,-1.505
2006-01-13,-1.483
2006-01-17,-1.448
2006-01-18,-1.465
2006-01-19,-1.516
2006-01-20,-1.499
2006-01-23,-1.515
2006-01-24,-1.541
2006-01-25,-1.591
2006-01-26,-1.59
2006-01-27,-1.622
2006-01-30,-1.63
2006-01-31,-1.63
2006-02-01,-1.652
2006-02-02,-1.677
2006-02-03,-1.641
2006-02-06,-1.662
2006-02-07,-1.644
2006-02-08,-1.639
2006-02-09,-1.621
2006-02-10,-1.648
2006-02-13,-1.66
2006-02-14,-1.668
2006-02-15,-1.638
2006-02-16,-1.665
2006-02-17,-1.671
2006-02-21,-1.684
2006-02-22,-1.665
2006-02-23,-1.704
2006-02-24,-1.687
2006-02-27,-1.704
2006-02-28,-1.647
2006-03-01,-1.704
2006-03-02,-1.707
2006-03-03,-1.712
2006-03-06,-1.72
2006-03-07,-1.686
2006-03-08,-1.66
2006-03-09,-1.646
2006-03-10,-1.659
2006-03-13,-1.694
2006-03-14,-1.631
2006-03-15,-1.656
2006-03-16,-1.64
2006-03-17,-1.674
2006-03-20,-1.668
2006-03-21,-1.695
2006-03-22,-1.683
2006-03-23,-1.696
2006-03-24,-1.638
2006-03-27,-1.654
2006-03-28,-1.679
2006-03-29,-1.665
2006-03-30,-1.687
2006-03-31,-1.666
2006-04-03,-1.688
2006-04-04,-1.672
2006-04-05,-1.666
2006-04-06,-1.63
2006-04-07,-1.665
2006-04-10,-1.676
2006-04-11,-1.652
2006-04-12,-1.681
2006-04-13,-1.694
2006-04-17,-1.663
2006-04-18,-1.681
2006-04-19,-1.709
2006-04-20,-1.714
2006-04-21,-1.685
2006-04-24,-1.675
2006-04-25,-1.756
2006-04-26,-1.74
2006-04-27,-1.754
2006-04-28,-1.768
2006-05-01,-1.785
2006-05-02,-1.748
2006-05-03,-1.764
2006-05-04,-1.789
2006-05-05,-1.765
2006-05-08,-1.777
2006-05-09,-1.774
2006-05-10,-1.76
2006-05-11,-1.77
2006-05-12,-1.737
2006-05-15,-1.706
2006-05-16,-1.687
2006-05-17,-1.718
2006-05-18,-1.617
2006-05-19,-1.588
2006-05-22,-1.545
2006-05-23,-1.571
2006-05-24,-1.512
2006-05-25,-1.521
2006-05-26,-1.547
2006-05-30,-1.562
2006-05-31,-1.526
2006-06-01,-1.542
2006-06-02,-1.512
2006-06-05,-1.543
2006-06-06,-1.519
2006-06-07,-1.532
2006-06-08,-1.469
2006-06-09,-1.461
2006-06-12,-1.465
2006-06-13,-1.422
2006-06-14,-1.424
2006-06-15,-1.444
2006-06-16,-1.446
2006-06-19,-1.437
2006-06-20,-1.427
2006-06-21,-1.396
2006-06-22,-1.383
2006-06-23,-1.377
2006-06-26,-1.341
2006-06-27,-1.311
2006-06-28,-1.331
2006-06-29,-1.305
2006-06-30,-1.32
2006-07-03,-1.348
2006-07-05,-1.398
2006-07-06,-1.384
2006-07-07,-1.36
2006-07-10,-1.374
2006-07-11,-1.377
2006-07-12,-1.377
2006-07-13,-1.342
2006-07-14,-1.33
2006-07-17,-1.322
2006-07-18,-1.36
2006-07-19,-1.348
2006-07-20,-1.348
2006-07-21,-1.368
2006-07-24,-1.377
2006-07-25,-1.399
2006-07-26,-1.414
2006-07-27,-1.42
2006-07-28,-1.4
2006-07-31,-1.394
2006-08-01,-1.39
2006-08-02,-1.394
2006-08-03,-1.379
2006-08-04,-1.395
2006-08-07,-1.412
2006-08-08,-1.436
2006-08-09,-1.428
2006-08-10,-1.425
2006-08-11,-1.46
2006-08-14,-1.481
2006-08-15,-1.448
2006-08-16,-1.448
2006-08-17,-1.482
2006-08-18,-1.459
2006-08-21,-1.448
2006-08-22,-1.426
2006-08-23,-1.434
2006-08-24,-1.403
2006-08-25,-1.384
2006-08-28,-1.397
2006-08-29,-1.39
2006-08-30,-1.393
2006-08-31,-1.376
2006-09-01,-1.37
2006-09-05,-1.439
2006-09-06,-1.443
2006-09-07,-1.407
2006-09-08,-1.399
2006-09-11,-1.411
2006-09-12,-1.391
2006-09-13,-1.399
2006-09-14,-1.411
2006-09-15,-1.405
2006-09-18,-1.424
2006-09-19,-1.372
2006-09-20,-1.354
2006-09-21,-1.297
2006-09-22,-1.265
2006-09-25,-1.256
2006-09-26,-1.279
2006-09-27,-1.299
2006-09-28,-1.317
2006-09-29,-1.318
2006-10-02,-1.288
2006-10-03,-1.295
2006-10-04,-1.272
2006-10-05,-1.328
2006-10-06,-1.371
2006-10-09,-1.37
2006-10-10,-1.407
2006-10-11,-1.412
2006-10-12,-1.411
2006-10-13,-1.429
2006-10-16,-1.447
2006-10-17,-1.447
2006-10-18,-1.452
2006-10-19,-1.475
2006-10-20,-1.476
2006-10-23,-1.487
2006-10-24,-1.485
2006-10-25,-1.467
2006-10-26,-1.478
2006-10-27,-1.466
2006-10-30,-1.467
2006-10-31,-1.415
2006-11-01,-1.424
2006-11-02,-1.449
2006-11-03,-1.51
2006-11-06,-1.503
2006-11-07,-1.502
2006-11-08,-1.501
2006-11-09,-1.5
2006-11-10,-1.456
2006-11-13,-1.496
2006-11-14,-1.462
2006-11-15,-1.521
2006-11-16,-1.535
2006-11-17,-1.478
2006-11-20,-1.49
2006-11-21,-1.481
2006-11-22,-1.465
2006-11-24,-1.439
2006-11-27,-1.423
2006-11-28,-1.4
2006-11-29,-1.447
2006-11-30,-1.394
2006-12-01,-1.372
2006-12-04,-1.409
2006-12-05,-1.419
2006-12-06,-1.481
2006-12-07,-1.494
2006-12-08,-1.533
2006-12-11,-1.508
2006-12-12,-1.495
2006-12-13,-1.54
2006-12-14,-1.546
2006-12-15,-1.553
2006-12-18,-1.563
2006-12-19,-1.559
2006-12-20,-1.562
2006-12-21,-1.561
2006-12-22,-1.581
2006-12-26,-1.565
2006-12-27,-1.61
2006-12-28,-1.629
2006-12-29,-1.611
2007-01-03,-1.571
2007-01-04,-1.551
2007-01-05,-1.56
2007-01-08,-1.559
2007-01-09,-1.571
2007-01-10,-1.574
2007-01-11,-1.586
2007-01-12,-1.618
2007-01-16,-1.613
2007-01-17,-1.642
2007-01-18,-1.641
2007-01-19,-1.656
2007-01-22,-1.652
2007-01-23,-1.677
2007-01-24,-1.682
2007-01-25,-1.715
2007-01-26,-1.696
2007-01-29,-1.719
2007-01-30,-1.702
2007-01-31,-1.64
2007-02-01,-1.669
2007-02-02,-1.665
2007-02-05,-1.66
2007-02-06,-1.668
2007-02-07,-1.667
2007-02-08,-1.661
2007-02-09,-1.693
2007-02-12,-1.71
2007-02-13,-1.713
2007-02-14,-1.681
2007-02-15,-1.684
2007-02-16,-1.703
2007-02-20,-1.704
2007-02-21,-1.713
2007-02-22,-1.733
2007-02-23,-1.706
2007-02-26,-1.691
2007-02-27,-1.541
2007-02-28,-1.502
2007-03-01,-1.485
2007-03-02,-1.446
2007-03-05,-1.408
2007-03-06,-1.414
2007-03-07,-1.417
2007-03-08,-1.439
2007-03-09,-1.492
2007-03-12,-1.455
2007-03-13,-1.399
2007-03-14,-1.394
2007-03-15,-1.41
2007-03-16,-1.386
2007-03-19,-1.42
2007-03-20,-1.406
2007-03-21,-1.394
2007-03-22,-1.448
2007-03-23,-1.454
2007-03-26,-1.459
2007-03-27,-1.47
2007-03-28,-1.472
2007-03-29,-1.473
2007-03-30,-1.449
2007-04-02,-1.43
2007-04-03,-1.448
2007-04-04,-1.416
2007-04-05,-1.422
2007-04-09,-1.467
2007-04-10,-1.479
2007-04-11,-1.494
2007-04-12,-1.493
2007-04-13,-1.506
2007-04-16,-1.503
2007-04-17,-1.485
2007-04-18,-1.484
2007-04-19,-1.501
2007-04-20,-1.515
2007-04-23,-1.527
2007-04-24,-1.502
2007-04-25,-1.527
2007-04-26,-1.541
2007-04-27,-1.522
2007-04-30,-1.456
2007-05-01,-1.447
2007-05-02,-1.469
2007-05-03,-1.485
2007-05-04,-1.468
2007-05-07,-1.47
2007-05-08,-1.452
2007-05-09,-1.486
2007-05-10,-1.457
2007-05-11,-1.474
2007-05-14,-1.495
2007-05-15,-1.504
2007-05-16,-1.506
2007-05-17,-1.523
2007-05-18,-1.55
2007-05-21,-1.532
2007-05-22,-1.564
2007-05-23,-1.577
2007-05-24,-1.559
2007-05-25,-1.569
2007-05-29,-1.569
2007-05-30,-1.571
2007-05-31,-1.54
2007-06-01,-1.572
2007-06-04,-1.55
2007-06-05,-1.567
2007-06-06,-1.543
2007-06-07,-1.559
2007-06-08,-1.512
2007-06-11,-1.509
2007-06-12,-1.542
2007-06-13,-1.498
2007-06-14,-1.521
2007-06-15,-1.516
2007-06-18,-1.526
2007-06-19,-1.502
2007-06-20,-1.512
2007-06-21,-1.499
2007-06-22,-1.472
2007-06-25,-1.414
2007-06-26,-1.408
2007-06-27,-1.358
2007-06-28,-1.383
2007-06-29,-1.309
2007-07-02,-1.224
2007-07-03,-1.247
2007-07-05,-1.286
2007-07-06,-1.321
2007-07-09,-1.303
2007-07-10,-1.198
2007-07-11,-1.197
2007-07-12,-1.197
2007-07-13,-1.194
2007-07-16,-1.169
2007-07-17,-1.181
2007-07-18,-1.095
2007-07-19,-1.091
2007-07-20,-0.979
2007-07-23,-0.962
2007-07-24,-0.865
2007-07-25,-0.803
2007-07-26,-0.505
2007-07-27,-0.369
2007-07-30,-0.313
2007-07-31,-0.327
2007-08-01,-0.282
2007-08-02,-0.348
2007-08-03,-0.294
2007-08-06,-0.269
2007-08-07,-0.311
2007-08-08,-0.463
2007-08-09,-0.381
2007-08-10,-0.295
2007-08-13,-0.291
2007-08-14,-0.219
2007-08-15,-0.112
2007-08-16,0.195
2007-08-17,0.134
2007-08-20,0.18
2007-08-21,0.241
2007-08-22,0.155
2007-08-23,0.126
2007-08-24,0.097
2007-08-27,0.101
2007-08-28,0.154
2007-08-29,0.167
2007-08-30,0.223
2007-08-31,0.193
2007-09-04,0.186
2007-09-05,0.27
2007-09-06,0.262
2007-09-07,0.37
2007-09-10,0.465
2007-09-11,0.435
2007-09-12,0.414
2007-09-13,0.373
2007-09-14,0.382
2007-09-17,0.374
2007-09-18,0.339
2007-09-19,0.201
2007-09-20,0.103
2007-09-21,0.088
2007-09-24,0.071
2007-09-25,0.081
2007-09-26,0.032
2007-09-27,0.083
2007-09-28,0.087
2007-10-01,0.129
2007-10-02,0.14
2007-10-03,0.125
2007-10-04,0.137
2007-10-05,0.047
2007-10-08,0.029
2007-10-09,-0.05
2007-10-10,-0.115
2007-10-11,-0.188
2007-10-12,-0.238
2007-10-15,-0.252
2007-10-16,-0.217
2007-10-17,-0.105
2007-10-18,-0.042
2007-10-19,0.074
2007-10-22,0.101
2007-10-23,0.069
2007-10-24,0.147
2007-10-25,0.118
2007-10-26,0.094
2007-10-29,0.093
2007-10-30,0.116
2007-10-31,0.121
2007-11-01,0.252
2007-11-02,0.373
2007-11-05,0.433
2007-11-06,0.429
2007-11-07,0.523
2007-11-08,0.649
2007-11-09,0.725
2007-11-12,0.727
2007-11-13,0.761
2007-11-14,0.715
2007-11-15,0.805
2007-11-16,0.949
2007-11-19,1.125
2007-11-20,1.188
2007-11-21,1.382
2007-11-23,1.415
2007-11-26,1.546
2007-11-27,1.505
2007-11-28,1.403
2007-11-29,1.486
2007-11-30,1.377
2007-12-03,1.499
2007-12-04,1.536
2007-12-05,1.54
2007-12-06,1.476
2007-12-07,1.404
2007-12-10,1.368
2007-12-11,1.462
2007-12-12,1.42
2007-12-13,1.368
2007-12-14,1.336
2007-12-17,1.36
2007-12-18,1.375
2007-12-19,1.437
2007-12-20,1.466
2007-12-21,1.38
2007-12-24,1.337
2007-12-26,1.309
2007-12-27,1.286
2007-12-28,1.351
2007-12-31,1.459
2008-01-02,1.579
2008-01-03,1.63
2008-01-04,1.688
2008-01-07,1.714
2008-01-08,1.73
2008-01-09,1.903
2008-01-10,1.857
2008-01-11,1.897
2008-01-14,1.92
2008-01-15,1.978
2008-01-16,2.011
2008-01-17,2.101
2008-01-18,2.142
2008-01-22,2.453
2008-01-23,2.561
2008-01-24,2.32
2008-01-25,2.35
2008-01-28,2.314
2008-01-29,2.234
2008-01-30,2.186
2008-01-31,2.306
2008-02-01,2.315
2008-02-04,2.279
2008-02-05,2.396
2008-02-06,2.412
2008-02-07,2.409
2008-02-08,2.471
2008-02-11,2.523
2008-02-12,2.537
2008-02-13,2.571
2008-02-14,2.515
2008-02-15,2.598
2008-02-19,2.587
2008-02-20,2.535
2008-02-21,2.587
2008-02-22,2.566
2008-02-25,2.507
2008-02-26,2.48
2008-02-27,2.504
2008-02-28,2.677
2008-02-29,2.876
2008-03-03,2.931
2008-03-04,2.952
2008-03-05,2.914
2008-03-06,3.057
2008-03-07,3.217
2008-03-10,3.395
2008-03-11,3.279
2008-03-12,3.392
2008-03-13,3.445
2008-03-14,3.611
2008-03-17,3.81
2008-03-18,3.601
2008-03-19,3.63
2008-03-20,3.623
2008-03-24,3.442
2008-03-25,3.389
2008-03-26,3.421
2008-03-27,3.387
2008-03-28,3.387
2008-03-31,3.481
2008-04-01,3.339
2008-04-02,3.303
2008-04-03,3.233
2008-04-04,3.216
2008-04-07,3.017
2008-04-08,3.004
2008-04-09,3.091
2008-04-10,3.078
2008-04-11,3.116
2008-04-14,3.126
2008-04-15,3.031
2008-04-16,2.924
2008-04-17,2.834
2008-04-18,2.701
2008-04-21,2.675
2008-04-22,2.609
2008-04-23,2.597
2008-04-24,2.488
2008-04-25,2.471
2008-04-28,2.443
2008-04-29,2.439
2008-04-30,2.407
2008-05-01,2.384
2008-05-02,2.243
2008-05-05,2.256
2008-05-06,2.239
2008-05-07,2.197
2008-05-08,2.28
2008-05-09,2.309
2008-05-12,2.29
2008-05-13,2.149
2008-05-14,2.123
2008-05-15,2.142
2008-05-16,2.081
2008-05-19,2.046
2008-05-20,2.104
2008-05-21,2.039
2008-05-22,1.996
2008-05-23,2.079
2008-05-27,2.078
2008-05-28,2.028
2008-05-29,1.98
2008-05-30,2.01
2008-06-02,2.134
2008-06-03,2.165
2008-06-04,2.161
2008-06-05,2.091
2008-06-06,2.185
2008-06-09,2.206
2008-06-10,2.171
2008-06-11,2.187
2008-06-12,2.093
2008-06-13,2.084
2008-06-16,2.076
2008-06-17,2.076
2008-06-18,2.147
2008-06-19,2.095
2008-06-20,2.227
2008-06-23,2.28
2008-06-24,2.386
2008-06-25,2.407
2008-06-26,2.596
2008-06-27,2.652
2008-06-30,2.663
2008-07-01,2.753
2008-07-02,2.774
2008-07-03,2.868
2008-07-07,2.916
2008-07-08,2.985
2008-07-09,3.005
2008-07-10,3.037
2008-07-11,2.972
2008-07-14,3.018
2008-07-15,3.125
2008-07-16,3.082
2008-07-17,3.005
2008-07-18,2.914
2008-07-21,2.903
2008-07-22,2.891
2008-07-23,2.823
2008-07-24,2.944
2008-07-25,2.888
2008-07-28,2.97
2008-07-29,2.958
2008-07-30,2.961
2008-07-31,3.051
2008-08-01,3.073
2008-08-04,3.088
2008-08-05,3.065
2008-08-06,3.027
2008-08-07,3.104
2008-08-08,3.087
2008-08-11,3.055
2008-08-12,3.11
2008-08-13,3.099
2008-08-14,3.108
2008-08-15,3.124
2008-08-18,3.134
2008-08-19,3.153
2008-08-20,3.206
2008-08-21,3.184
2008-08-22,3.161
2008-08-25,3.276
2008-08-26,3.262
2008-08-27,3.262
2008-08-28,3.247
2008-08-29,3.218
2008-09-02,3.304
2008-09-03,3.319
2008-09-04,3.381
2008-09-05,3.424
2008-09-08,3.372
2008-09-09,3.489
2008-09-10,3.523
2008-09-11,3.639
2008-09-12,3.622
2008-09-15,4.268
2008-09-16,4.714
2008-09-17,5.051
2008-09-18,5.329
2008-09-19,4.789
2008-09-22,4.689
2008-09-23,4.889
2008-09-24,5.104
2008-09-25,5.221
2008-09-26,5.49
2008-09-29,5.817
2008-09-30,5.832
2008-10-01,5.896
2008-10-02,6.191
2008-10-03,6.277
2008-10-06,6.756
2008-10-07,6.788
2008-10-08,7.095
2008-10-09,7.308
2008-10-10,8.039
2008-10-13,7.953
2008-10-14,7.488
2008-10-15,7.678
2008-10-16,7.809
2008-10-17,7.835
2008-10-20,7.886
2008-10-21,7.98
2008-10-22,8.173
2008-10-23,8.325
2008-10-24,8.62
2008-10-27,8.606
2008-10-28,8.418
2008-10-29,8.249
2008-10-30,7.975
2008-10-31,7.72
2008-11-03,7.62
2008-11-04,7.313
2008-11-05,7.228
2008-11-06,7.214
2008-11-07,7.121
2008-11-10,7.021
2008-11-11,7
2008-11-12,7.129
2008-11-13,7.153
2008-11-14,7.151
2008-11-17,7.163
2008-11-18,7.261
2008-11-19,7.387
2008-11-20,7.633
2008-11-21,7.653
2008-11-24,7.56
2008-11-25,7.532
2008-11-26,7.457
2008-11-28,7.433
2008-12-01,7.497
2008-12-02,7.484
2008-12-03,7.457
2008-12-04,7.479
2008-12-05,7.443
2008-12-08,7.378
2008-12-09,7.324
2008-12-10,7.241
2008-12-11,7.255
2008-12-12,7.25
2008-12-15,7.249
2008-12-16,7.206
2008-12-17,7.122
2008-12-18,7.059
2008-12-19,6.981
2008-12-22,6.894
2008-12-23,6.819
2008-12-24,6.783
2008-12-26,6.692
2008-12-29,6.645
2008-12-30,6.546
2008-12-31,6.414
2009-01-02,6.286
2009-01-05,6.143
2009-01-06,5.945
2009-01-07,5.78
2009-01-08,5.735
2009-01-09,5.676
2009-01-12,5.639
2009-01-13,5.583
2009-01-14,5.616
2009-01-15,5.649
2009-01-16,5.543
2009-01-20,5.505
2009-01-21,5.489
2009-01-22,5.498
2009-01-23,5.472
2009-01-26,5.422
2009-01-27,5.402
2009-01-28,5.277
2009-01-29,5.204
2009-01-30,5.167
2009-02-02,5.209
2009-02-03,5.177
2009-02-04,5.122
2009-02-05,5.142
2009-02-06,5.088
2009-02-09,5.052
2009-02-10,5.063
2009-02-11,5.083
2009-02-12,5.108
2009-02-13,5.081
2009-02-17,5.169
2009-02-18,5.175
2009-02-19,5.139
2009-02-20,5.185
2009-02-23,5.231
2009-02-24,5.326
2009-02-25,5.311
2009-02-26,5.323
2009-02-27,5.358
2009-03-02,5.361
2009-03-03,5.415
2009-03-04,5.468
2009-03-05,5.559
2009-03-06,5.583
2009-03-09,5.636
2009-03-10,5.641
2009-03-11,5.604
2009-03-12,5.588
2009-03-13,5.527
2009-03-16,5.442
2009-03-17,5.392
2009-03-18,5.451
2009-03-19,5.372
2009-03-20,5.366
2009-03-23,5.315
2009-03-24,5.249
2009-03-25,5.19
2009-03-26,5.143
2009-03-27,5.1
2009-03-30,5.103
2009-03-31,4.986
2009-04-01,4.989
2009-04-02,4.895
2009-04-03,4.818
2009-04-06,4.764
2009-04-07,4.731
2009-04-08,4.695
2009-04-09,4.62
2009-04-13,4.576
2009-04-14,4.513
2009-04-15,4.449
2009-04-16,4.331
2009-04-17,4.222
2009-04-20,4.205
2009-04-21,4.217
2009-04-22,4.172
2009-04-23,4.135
2009-04-24,4.062
2009-04-27,4.048
2009-04-28,4
2009-04-29,3.918
2009-04-30,3.88
2009-05-01,3.837
2009-05-04,3.779
2009-05-05,3.704
2009-05-06,3.632
2009-05-07,3.49
2009-05-08,3.408
2009-05-11,3.399
2009-05-12,3.372
2009-05-13,3.398
2009-05-14,3.407
2009-05-15,3.384
2009-05-18,3.343
2009-05-19,3.271
2009-05-20,3.184
2009-05-21,3.128
2009-05-22,3.089
2009-05-26,3.031
2009-05-27,2.953
2009-05-28,2.93
2009-05-29,2.85
2009-06-01,2.692
2009-06-02,2.627
2009-06-03,2.604
2009-06-04,2.555
2009-06-05,2.474
2009-06-08,2.446
2009-06-09,2.425
2009-06-10,2.378
2009-06-11,2.357
2009-06-12,2.343
2009-06-15,2.339
2009-06-16,2.349
2009-06-17,2.393
2009-06-18,2.383
2009-06-19,2.391
2009-06-22,2.429
2009-06-23,2.457
2009-06-24,2.446
2009-06-25,2.479
2009-06-26,2.444
2009-06-29,2.405
2009-06-30,2.28
2009-07-01,2.262
2009-07-02,2.265
2009-07-06,2.25
2009-07-07,2.247
2009-07-08,2.283
2009-07-09,2.257
2009-07-10,2.281
2009-07-13,2.274
2009-07-14,2.23
2009-07-15,2.165
2009-07-16,2.162
2009-07-17,2.105
2009-07-20,2.081
2009-07-21,2.054
2009-07-22,2.003
2009-07-23,1.925
2009-07-24,1.898
2009-07-27,1.847
2009-07-28,1.804
2009-07-29,1.773
2009-07-30,1.727
2009-07-31,1.66
2009-08-03,1.571
2009-08-04,1.519
2009-08-05,1.481
2009-08-06,1.459
2009-08-07,1.406
2009-08-10,1.421
2009-08-11,1.431
2009-08-12,1.449
2009-08-13,1.471
2009-08-14,1.482
2009-08-17,1.509
2009-08-18,1.506
2009-08-19,1.525
2009-08-20,1.517
2009-08-21,1.475
2009-08-24,1.477
2009-08-25,1.474
2009-08-26,1.466
2009-08-27,1.44
2009-08-28,1.434
2009-08-31,1.384
2009-09-01,1.393
2009-09-02,1.401
2009-09-03,1.386
2009-09-04,1.379
2009-09-08,1.323
2009-09-09,1.306
2009-09-10,1.295
2009-09-11,1.258
2009-09-14,1.204
2009-09-15,1.151
2009-09-16,1.093
2009-09-17,1.067
2009-09-18,1.033
2009-09-21,1.03
2009-09-22,1.013
2009-09-23,1.006
2009-09-24,1.024
2009-09-25,1.025
2009-09-28,1.027
2009-09-29,1.015
2009-09-30,0.982
2009-10-01,1.027
2009-10-02,1.044
2009-10-05,1.019
2009-10-06,0.992
2009-10-07,0.994
2009-10-08,0.956
2009-10-09,0.91
2009-10-12,0.91
2009-10-13,0.924
2009-10-14,0.88
2009-10-15,0.852
2009-10-16,0.855
2009-10-19,0.845
2009-10-20,0.856
2009-10-21,0.834
2009-10-22,0.819
2009-10-23,0.794
2009-10-26,0.768
2009-10-27,0.805
2009-10-28,0.82
2009-10-29,0.799
2009-10-30,0.817
2009-11-02,0.808
2009-11-03,0.812
2009-11-04,0.784
2009-11-05,0.784
2009-11-06,0.792
2009-11-09,0.775
2009-11-10,0.764
2009-11-11,0.761
2009-11-12,0.755
2009-11-13,0.751
2009-11-16,0.758
2009-11-17,0.752
2009-11-18,0.737
2009-11-19,0.749
2009-11-20,0.738
2009-11-23,0.731
2009-11-24,0.747
2009-11-25,0.75
2009-11-27,0.801
2009-11-30,0.777
2009-12-01,0.764
2009-12-02,0.736
2009-12-03,0.705
2009-12-04,0.674
2009-12-07,0.681
2009-12-08,0.693
2009-12-09,0.689
2009-12-10,0.669
2009-12-11,0.65
2009-12-14,0.616
2009-12-15,0.589
2009-12-16,0.587
2009-12-17,0.615
2009-12-18,0.587
2009-12-21,0.563
2009-12-22,0.531
2009-12-23,0.531
2009-12-24,0.52
2009-12-28,0.486
2009-12-29,0.475
2009-12-30,0.467
2009-12-31,0.458
2010-01-04,0.43
2010-01-05,0.402
2010-01-06,0.351
2010-01-07,0.325
2010-01-08,0.31
2010-01-11,0.283
2010-01-12,0.303
2010-01-13,0.301
2010-01-14,0.313
2010-01-15,0.332
2010-01-19,0.323
2010-01-20,0.335
2010-01-21,0.36
2010-01-22,0.387
2010-01-25,0.389
2010-01-26,0.392
2010-01-27,0.385
2010-01-28,0.388
2010-01-29,0.405
2010-02-01,0.409
2010-02-02,0.402
2010-02-03,0.382
2010-02-04,0.422
2010-02-05,0.489
2010-02-08,0.488
2010-02-09,0.497
2010-02-10,0.476
2010-02-11,0.475
2010-02-12,0.505
2010-02-16,0.513
2010-02-17,0.475
2010-02-18,0.437
2010-02-19,0.418
2010-02-22,0.398
2010-02-23,0.423
2010-02-24,0.408
2010-02-25,0.417
2010-02-26,0.413
2010-03-01,0.414
2010-03-02,0.388
2010-03-03,0.381
2010-03-04,0.37
2010-03-05,0.326
2010-03-08,0.295
2010-03-09,0.283
2010-03-10,0.251
2010-03-11,0.238
2010-03-12,0.238
2010-03-15,0.233
2010-03-16,0.239
2010-03-17,0.221
2010-03-18,0.203
2010-03-19,0.196
2010-03-22,0.207
2010-03-23,0.201
2010-03-24,0.16
2010-03-25,0.119
2010-03-26,0.128
2010-03-29,0.131
2010-03-30,0.124
2010-03-31,0.128
2010-04-01,0.122
2010-04-05,0.075
2010-04-06,0.061
2010-04-07,0.093
2010-04-08,0.09
2010-04-09,0.074
2010-04-12,0.065
2010-04-13,0.057
2010-04-14,0.02
2010-04-15,0.01
2010-04-16,0.016
2010-04-19,0.011
2010-04-20,0.01
2010-04-21,0.015
2010-04-22,0.012
2010-04-23,0.003
2010-04-26,0.014
2010-04-27,0.051
2010-04-28,0.074
2010-04-29,0.08
2010-04-30,0.066
2010-05-03,0.045
2010-05-04,0.106
2010-05-05,0.185
2010-05-06,0.341
2010-05-07,0.46
2010-05-10,0.314
2010-05-11,0.347
2010-05-12,0.299
2010-05-13,0.282
2010-05-14,0.34
2010-05-17,0.351
2010-05-18,0.378
2010-05-19,0.446
2010-05-20,0.564
2010-05-21,0.612
2010-05-24,0.613
2010-05-25,0.719
2010-05-26,0.686
2010-05-27,0.618
2010-05-28,0.623
2010-06-01,0.656
2010-06-02,0.649
2010-06-03,0.626
2010-06-04,0.695
2010-06-07,0.716
2010-06-08,0.744
2010-06-09,0.742
2010-06-10,0.718
2010-06-11,0.736
2010-06-14,0.694
2010-06-15,0.669
2010-06-16,0.658
2010-06-17,0.663
2010-06-18,0.626
2010-06-21,0.566
2010-06-22,0.586
2010-06-23,0.61
2010-06-24,0.628
2010-06-25,0.635
2010-06-28,0.646
2010-06-29,0.675
2010-06-30,0.644
2010-07-01,0.66
2010-07-02,0.638
2010-07-06,0.628
2010-07-07,0.609
2010-07-08,0.56
2010-07-09,0.525
2010-07-12,0.522
2010-07-13,0.481
2010-07-14,0.47
2010-07-15,0.485
2010-07-16,0.489
2010-07-19,0.479
2010-07-20,0.482
2010-07-21,0.466
2010-07-22,0.442
2010-07-23,0.411
2010-07-26,0.382
2010-07-27,0.333
2010-07-28,0.336
2010-07-29,0.331
2010-07-30,0.341
2010-08-02,0.317
2010-08-03,0.316
2010-08-04,0.302
2010-08-05,0.306
2010-08-06,0.316
2010-08-09,0.31
2010-08-10,0.322
2010-08-11,0.371
2010-08-12,0.371
2010-08-13,0.376
2010-08-16,0.387
2010-08-17,0.348
2010-08-18,0.342
2010-08-19,0.348
2010-08-20,0.347
2010-08-23,0.344
2010-08-24,0.381
2010-08-25,0.38
2010-08-26,0.395
2010-08-27,0.351
2010-08-30,0.392
2010-08-31,0.412
2010-09-01,0.37
2010-09-02,0.348
2010-09-03,0.328
2010-09-07,0.344
2010-09-08,0.327
2010-09-09,0.293
2010-09-10,0.265
2010-09-13,0.262
2010-09-14,0.258
2010-09-15,0.24
2010-09-16,0.22
2010-09-17,0.228
2010-09-20,0.226
2010-09-21,0.235
2010-09-22,0.248
2010-09-23,0.26
2010-09-24,0.245
2010-09-27,0.26
2010-09-28,0.266
2010-09-29,0.242
2010-09-30,0.236
2010-10-01,0.226
2010-10-04,0.232
2010-10-05,0.218
2010-10-06,0.212
2010-10-07,0.189
2010-10-08,0.188
2010-10-11,0.175
2010-10-12,0.16
2010-10-13,0.142
2010-10-14,0.133
2010-10-15,0.128
2010-10-18,0.147
2010-10-19,0.155
2010-10-20,0.152
2010-10-21,0.13
2010-10-22,0.12
2010-10-25,0.106
2010-10-26,0.081
2010-10-27,0.066
2010-10-28,0.076
2010-10-29,0.082
2010-11-01,0.111
2010-11-02,0.105
2010-11-03,0.108
2010-11-04,0.118
2010-11-05,0.097
2010-11-08,0.099
2010-11-09,0.084
2010-11-10,0.11
2010-11-11,0.123
2010-11-12,0.122
2010-11-15,0.088
2010-11-16,0.135
2010-11-17,0.134
2010-11-18,0.092
2010-11-19,0.09
2010-11-22,0.118
2010-11-23,0.17
2010-11-24,0.147
2010-11-26,0.153
2010-11-29,0.195
2010-11-30,0.263
2010-12-01,0.217
2010-12-02,0.204
2010-12-03,0.186
2010-12-06,0.191
2010-12-07,0.113
2010-12-08,0.087
2010-12-09,0.083
2010-12-10,0.064
2010-12-13,0.074
2010-12-14,0.041
2010-12-15,0.045
2010-12-16,0.06
2010-12-17,0.089
2010-12-20,0.083
2010-12-21,0.07
2010-12-22,0.067
2010-12-23,0.053
2010-12-27,0.058
2010-12-28,0.041
2010-12-29,0.075
2010-12-30,0.054
2010-12-31,0.078
2011-01-03,0.067
2011-01-04,0.027
2011-01-05,-0.016
2011-01-06,-0.006
2011-01-07,0.036
2011-01-10,0.055
2011-01-11,0.034
2011-01-12,0.014
2011-01-13,0.01
2011-01-14,-0.016
2011-01-18,-0.036
2011-01-19,-0.035
2011-01-20,-0.039
2011-01-21,-0.048
2011-01-24,-0.065
2011-01-25,-0.057
2011-01-26,-0.084
2011-01-27,-0.076
2011-01-28,-0.052
2011-01-31,-0.051
2011-02-01,-0.088
2011-02-02,-0.124
2011-02-03,-0.126
2011-02-04,-0.168
2011-02-07,-0.169
2011-02-08,-0.207
2011-02-09,-0.191
2011-02-10,-0.205
2011-02-11,-0.198
2011-02-14,-0.178
2011-02-15,-0.178
2011-02-16,-0.195
2011-02-17,-0.178
2011-02-18,-0.19
2011-02-22,-0.163
2011-02-23,-0.165
2011-02-24,-0.139
2011-02-25,-0.146
2011-02-28,-0.138
2011-03-01,-0.142
2011-03-02,-0.157
2011-03-03,-0.212
2011-03-04,-0.192
2011-03-07,-0.195
2011-03-08,-0.209
2011-03-09,-0.186
2011-03-10,-0.148
2011-03-11,-0.143
2011-03-14,-0.122
2011-03-15,-0.061
2011-03-16,0.003
2011-03-17,0.003
2011-03-18,-0.012
2011-03-21,-0.044
2011-03-22,-0.045
2011-03-23,-0.051
2011-03-24,-0.05
2011-03-25,-0.078
2011-03-28,-0.063
2011-03-29,-0.063
2011-03-30,0.008
2011-03-31,0.07
2011-04-01,0.064
2011-04-04,0.068
2011-04-05,0.059
2011-04-06,0.033
2011-04-07,0.045
2011-04-08,0.028
2011-04-11,0.038
2011-04-12,0.063
2011-04-13,0.073
2011-04-14,0.071
2011-04-15,0.089
2011-04-18,0.119
2011-04-19,0.13
2011-04-20,0.109
2011-04-21,0.094
2011-04-25,0.074
2011-04-26,0.083
2011-04-27,0.058
2011-04-28,0.057
2011-04-29,0.057
2011-05-02,0.066
2011-05-03,0.059
2011-05-04,0.055
2011-05-05,0.08
2011-05-06,0.089
2011-05-09,0.097
2011-05-10,0.081
2011-05-11,0.089
2011-05-12,0.077
2011-05-13,0.087
2011-05-16,0.09
2011-05-17,0.09
2011-05-18,0.091
2011-05-19,0.094
2011-05-20,0.116
2011-05-23,0.149
2011-05-24,0.172
2011-05-25,0.186
2011-05-26,0.212
2011-05-27,0.213
2011-05-31,0.241
2011-06-01,0.27
2011-06-02,0.274
2011-06-03,0.294
2011-06-06,0.308
2011-06-07,0.307
2011-06-08,0.341
2011-06-09,0.359
2011-06-10,0.38
2011-06-13,0.401
2011-06-14,0.378
2011-06-15,0.431
2011-06-16,0.487
2011-06-17,0.491
2011-06-20,0.498
2011-06-21,0.497
2011-06-22,0.499
2011-06-23,0.562
2011-06-24,0.588
2011-06-27,0.586
2011-06-28,0.54
2011-06-29,0.499
2011-06-30,0.083
2011-07-01,0.055
2011-07-05,0.07
2011-07-06,0.094
2011-07-07,0.073
2011-07-08,0.125
2011-07-11,0.182
2011-07-12,0.212
2011-07-13,0.205
2011-07-14,0.198
2011-07-15,0.226
2011-07-18,0.24
2011-07-19,0.243
2011-07-20,0.22
2011-07-21,0.169
2011-07-22,0.164
2011-07-25,0.165
2011-07-26,0.172
2011-07-27,0.169
2011-07-28,0.178
2011-07-29,0.22
2011-08-01,0.209
2011-08-02,0.256
2011-08-03,0.279
2011-08-04,0.358
2011-08-05,0.397
2011-08-08,0.563
2011-08-09,0.679
2011-08-10,0.739
2011-08-11,0.77
2011-08-12,0.804
2011-08-15,0.758
2011-08-16,0.77
2011-08-17,0.765
2011-08-18,0.814
2011-08-19,0.836
2011-08-22,0.86
2011-08-23,0.921
2011-08-24,0.936
2011-08-25,0.947
2011-08-26,0.967
2011-08-29,0.941
2011-08-30,0.935
2011-08-31,0.877
2011-09-01,0.867
2011-09-02,0.912
2011-09-06,1.002
2011-09-07,0.978
2011-09-08,0.99
2011-09-09,1.018
2011-09-12,1.114
2011-09-13,1.136
2011-09-14,1.132
2011-09-15,1.09
2011-09-16,1.071
2011-09-19,1.151
2011-09-20,1.155
2011-09-21,1.177
2011-09-22,1.358
2011-09-23,1.401
2011-09-26,1.412
2011-09-27,1.351
2011-09-28,1.362
2011-09-29,1.387
2011-09-30,1.446
2011-10-03,1.549
2011-10-04,1.658
2011-10-05,1.645
2011-10-06,1.558
2011-10-07,1.496
2011-10-10,1.474
2011-10-11,1.383
2011-10-12,1.283
2011-10-13,1.279
2011-10-14,1.234
2011-10-17,1.22
2011-10-18,1.231
2011-10-19,1.184
2011-10-20,1.181
2011-10-21,1.142
2011-10-24,1.099
2011-10-25,1.092
2011-10-26,1.065
2011-10-27,0.906
2011-10-28,0.896
2011-10-31,0.948
2011-11-01,1.077
2011-11-02,1.078
2011-11-03,1.048
2011-11-04,1.058
2011-11-07,1.087
2011-11-08,1.068
2011-11-09,1.14
2011-11-10,1.143
2011-11-11,1.149
2011-11-14,1.144
2011-11-15,1.175
2011-11-16,1.198
2011-11-17,1.25
2011-11-18,1.255
2011-11-21,1.332
2011-11-22,1.381
2011-11-23,1.441
2011-11-25,1.474
2011-11-28,1.475
2011-11-29,1.498
2011-11-30,1.475
2011-12-01,1.442
2011-12-02,1.419
2011-12-05,1.371
2011-12-06,1.359
2011-12-07,1.361
2011-12-08,1.367
2011-12-09,1.366
2011-12-12,1.39
2011-12-13,1.403
2011-12-14,1.433
2011-12-15,1.442
2011-12-16,1.444
2011-12-19,1.454
2011-12-20,1.415
2011-12-21,1.391
2011-12-22,1.38
2011-12-23,1.357
2011-12-27,1.362
2011-12-28,1.365
2011-12-29,1.363
2011-12-30,1.352
2012-01-03,1.325
2012-01-04,1.298
2012-01-05,1.304
2012-01-06,1.31
2012-01-09,1.3
2012-01-10,1.277
2012-01-11,1.294
2012-01-12,1.272
2012-01-13,1.28
2012-01-17,1.254
2012-01-18,1.225
2012-01-19,1.161
2012-01-20,1.119
2012-01-23,1.066
2012-01-24,1.046
2012-01-25,1.032
2012-01-26,1.004
2012-01-27,0.992
2012-01-30,1.01
2012-01-31,1.009
2012-02-01,0.965
2012-02-02,0.945
2012-02-03,0.887
2012-02-06,0.888
2012-02-07,0.845
2012-02-08,0.826
2012-02-09,0.808
2012-02-10,0.836
2012-02-13,0.814
2012-02-14,0.814
2012-02-15,0.823
2012-02-16,0.834
2012-02-17,0.8
2012-02-21,0.757
2012-02-22,0.75
2012-02-23,0.748
2012-02-24,0.717
2012-02-27,0.722
2012-02-28,0.709
2012-02-29,0.661
2012-03-01,0.629
2012-03-02,0.607
2012-03-05,0.605
2012-03-06,0.652
2012-03-07,0.652
2012-03-08,0.626
2012-03-09,0.612
2012-03-12,0.6
2012-03-13,0.56
2012-03-14,0.488
2012-03-15,0.486
2012-03-16,0.45
2012-03-19,0.428
2012-03-20,0.428
2012-03-21,0.453
2012-03-22,0.482
2012-03-23,0.495
2012-03-26,0.487
2012-03-27,0.486
2012-03-28,0.492
2012-03-29,0.521
2012-03-30,0.509
2012-04-02,0.523
2012-04-03,0.503
2012-04-04,0.533
2012-04-05,0.577
2012-04-09,0.614
2012-04-10,0.672
2012-04-11,0.677
2012-04-12,0.657
2012-04-13,0.664
2012-04-16,0.672
2012-04-17,0.65
2012-04-18,0.657
2012-04-19,0.658
2012-04-20,0.66
2012-04-23,0.685
2012-04-24,0.669
2012-04-25,0.639
2012-04-26,0.645
2012-04-27,0.634
2012-04-30,0.631
2012-05-01,0.612
2012-05-02,0.596
2012-05-03,0.575
2012-05-04,0.586
2012-05-07,0.598
2012-05-08,0.621
2012-05-09,0.651
2012-05-10,0.64
2012-05-11,0.654
2012-05-14,0.71
2012-05-15,0.731
2012-05-16,0.788
2012-05-17,0.833
2012-05-18,0.889
2012-05-21,0.895
2012-05-22,0.862
2012-05-23,0.905
2012-05-24,0.905
2012-05-25,0.91
2012-05-29,0.897
2012-05-30,0.946
2012-05-31,0.991
2012-06-01,1.049
2012-06-04,1.036
2012-06-05,1.025
2012-06-06,0.981
2012-06-07,0.939
2012-06-08,0.931
2012-06-11,0.912
2012-06-12,0.911
2012-06-13,0.913
2012-06-14,0.908
2012-06-15,0.889
2012-06-18,0.888
2012-06-19,0.853
2012-06-20,0.82
2012-06-21,0.815
2012-06-22,0.813
2012-06-25,0.824
2012-06-26,0.83
2012-06-27,0.827
2012-06-28,0.832
2012-06-29,0.763
2012-07-02,0.754
2012-07-03,0.724
2012-07-05,0.72
2012-07-06,0.74
2012-07-09,0.747
2012-07-10,0.727
2012-07-11,0.729
2012-07-12,0.72
2012-07-13,0.707
2012-07-16,0.703
2012-07-17,0.685
2012-07-18,0.679
2012-07-19,0.637
2012-07-20,0.647
2012-07-23,0.69
2012-07-24,0.705
2012-07-25,0.717
2012-07-26,0.696
2012-07-27,0.635
2012-07-30,0.616
2012-07-31,0.614
2012-08-01,0.584
2012-08-02,0.596
2012-08-03,0.549
2012-08-06,0.541
2012-08-07,0.523
2012-08-08,0.517
2012-08-09,0.506
2012-08-10,0.517
2012-08-13,0.505
2012-08-14,0.482
2012-08-15,0.465
2012-08-16,0.451
2012-08-17,0.462
2012-08-20,0.437
2012-08-21,0.432
2012-08-22,0.451
2012-08-23,0.463
2012-08-24,0.471
2012-08-27,0.475
2012-08-28,0.473
2012-08-29,0.476
2012-08-30,0.482
2012-08-31,0.497
2012-09-04,0.472
2012-09-05,0.465
2012-09-06,0.414
2012-09-07,0.384
2012-09-10,0.362
2012-09-11,0.353
2012-09-12,0.311
2012-09-13,0.31
2012-09-14,0.237
2012-09-17,0.231
2012-09-18,0.238
2012-09-19,0.237
2012-09-20,0.249
2012-09-21,0.255
2012-09-24,0.272
2012-09-25,0.29
2012-09-26,0.353
2012-09-27,0.335
2012-09-28,0.322
2012-10-01,0.227
2012-10-02,0.216
2012-10-03,0.2
2012-10-04,0.17
2012-10-05,0.135
2012-10-08,0.133
2012-10-09,0.137
2012-10-10,0.144
2012-10-11,0.125
2012-10-12,0.126
2012-10-15,0.09
2012-10-16,0.06
2012-10-17,-0.001
2012-10-18,-0.018
2012-10-19,0.002
2012-10-22,-0.004
2012-10-23,0.025
2012-10-24,0.031
2012-10-25,0.013
2012-10-26,0.045
2012-10-31,0.083
2012-11-01,0.077
2012-11-02,0.089
2012-11-05,0.103
2012-11-06,0.091
2012-11-07,0.126
2012-11-08,0.137
2012-11-09,0.159
2012-11-12,0.165
2012-11-13,0.185
2012-11-14,0.194
2012-11-15,0.21
2012-11-16,0.214
2012-11-19,0.19
2012-11-20,0.17
2012-11-21,0.148
2012-11-23,0.141
2012-11-26,0.138
2012-11-27,0.128
2012-11-28,0.136
2012-11-29,0.113
2012-11-30,0.097
2012-12-03,0.081
2012-12-04,0.078
2012-12-05,0.071
2012-12-06,0.071
2012-12-07,0.057
2012-12-10,0.061
2012-12-11,0.049
2012-12-12,0.029
2012-12-13,0.013
2012-12-14,0.005
2012-12-17,-0.006
2012-12-18,-0.038
2012-12-19,-0.043
2012-12-20,-0.056
2012-12-21,-0.039
2012-12-24,-0.043
2012-12-26,-0.041
2012-12-27,-0.026
2012-12-28,-0.039
2012-12-31,-0.032
2013-01-02,-0.095
2013-01-03,-0.141
2013-01-04,-0.141
2013-01-07,-0.159
2013-01-08,-0.157
2013-01-09,-0.156
2013-01-10,-0.176
2013-01-11,-0.173
2013-01-14,-0.174
2013-01-15,-0.156
2013-01-16,-0.149
2013-01-17,-0.172
2013-01-18,-0.175
2013-01-22,-0.172
2013-01-23,-0.159
2013-01-24,-0.164
2013-01-25,-0.191
2013-01-28,-0.2
2013-01-29,-0.184
2013-01-30,-0.155
2013-01-31,-0.109
2013-02-01,-0.108
2013-02-04,-0.075
2013-02-05,-0.081
2013-02-06,-0.071
2013-02-07,-0.074
2013-02-08,-0.082
2013-02-11,-0.088
2013-02-12,-0.098
2013-02-13,-0.118
2013-02-14,-0.125
2013-02-15,-0.134
2013-02-19,-0.142
2013-02-20,-0.148
2013-02-21,-0.129
2013-02-22,-0.128
2013-02-25,-0.126
2013-02-26,-0.099
2013-02-27,-0.104
2013-02-28,-0.108
2013-03-01,-0.109
2013-03-04,-0.116
2013-03-05,-0.136
2013-03-06,-0.153
2013-03-07,-0.175
2013-03-08,-0.194
2013-03-11,-0.195
2013-03-12,-0.189
2013-03-13,-0.187
2013-03-14,-0.203
2013-03-15,-0.193
2013-03-18,-0.168
2013-03-19,-0.154
2013-03-20,-0.155
2013-03-21,-0.155
2013-03-22,-0.143
2013-03-25,-0.148
2013-03-26,-0.146
2013-03-27,-0.117
2013-03-28,-0.108
2013-04-01,-0.095
2013-04-02,-0.106
2013-04-03,-0.101
2013-04-04,-0.104
2013-04-05,-0.111
2013-04-08,-0.125
2013-04-09,-0.152
2013-04-10,-0.173
2013-04-11,-0.184
2013-04-12,-0.17
2013-04-15,-0.161
2013-04-16,-0.17
2013-04-17,-0.147
2013-04-18,-0.153
2013-04-19,-0.159
2013-04-22,-0.17
2013-04-23,-0.191
2013-04-24,-0.192
2013-04-25,-0.212
2013-04-26,-0.208
2013-04-29,-0.227
2013-04-30,-0.237
2013-05-01,-0.234
2013-05-02,-0.245
2013-05-03,-0.289
2013-05-06,-0.308
2013-05-07,-0.321
2013-05-08,-0.32
2013-05-09,-0.329
2013-05-10,-0.35
2013-05-13,-0.335
2013-05-14,-0.338
2013-05-15,-0.33
2013-05-16,-0.311
2013-05-17,-0.332
2013-05-20,-0.337
2013-05-21,-0.332
2013-05-22,-0.354
2013-05-23,-0.319
2013-05-24,-0.308
2013-05-28,-0.335
2013-05-29,-0.285
2013-05-30,-0.282
2013-05-31,-0.256
2013-06-03,-0.22
2013-06-04,-0.219
2013-06-05,-0.159
2013-06-06,-0.119
2013-06-07,-0.149
2013-06-10,-0.149
2013-06-11,-0.068
2013-06-12,-0.086
2013-06-13,-0.072
2013-06-14,-0.098
2013-06-17,-0.109
2013-06-18,-0.111
2013-06-19,-0.123
2013-06-20,-0.031
2013-06-21,-0.026
2013-06-24,0.083
2013-06-25,0.073
2013-06-26,0.047
2013-06-27,0.009
2013-06-28,-0.016
2013-07-01,-0.001
2013-07-02,-0.019
2013-07-03,0.014
2013-07-05,-0.045
2013-07-08,-0.013
2013-07-09,-0.033
2013-07-10,-0.04
2013-07-11,-0.042
2013-07-12,-0.069
2013-07-15,-0.075
2013-07-16,-0.092
2013-07-17,-0.096
2013-07-18,-0.134
2013-07-19,-0.133
2013-07-22,-0.155
2013-07-23,-0.171
2013-07-24,-0.174
2013-07-25,-0.162
2013-07-26,-0.153
2013-07-29,-0.156
2013-07-30,-0.157
2013-07-31,-0.141
2013-08-01,-0.19
2013-08-02,-0.156
2013-08-05,-0.175
2013-08-06,-0.176
2013-08-07,-0.157
2013-08-08,-0.162
2013-08-09,-0.164
2013-08-12,-0.171
2013-08-13,-0.203
2013-08-14,-0.202
2013-08-15,-0.196
2013-08-16,-0.204
2013-08-19,-0.188
2013-08-20,-0.148
2013-08-21,-0.148
2013-08-22,-0.152
2013-08-23,-0.147
2013-08-26,-0.147
2013-08-27,-0.116
2013-08-28,-0.122
2013-08-29,-0.116
2013-08-30,-0.123
2013-09-03,-0.145
2013-09-04,-0.142
2013-09-05,-0.153
2013-09-06,-0.143
2013-09-09,-0.143
2013-09-10,-0.163
2013-09-11,-0.164
2013-09-12,-0.173
2013-09-13,-0.169
2013-09-16,-0.193
2013-09-17,-0.19
2013-09-18,-0.167
2013-09-19,-0.232
2013-09-20,-0.238
2013-09-23,-0.223
2013-09-24,-0.192
2013-09-25,-0.182
2013-09-26,-0.193
2013-09-27,-0.177
2013-09-30,-0.137
2013-10-01,-0.154
2013-10-02,-0.153
2013-10-03,-0.157
2013-10-04,-0.177
2013-10-07,-0.183
2013-10-08,-0.191
2013-10-09,-0.192
2013-10-10,-0.224
2013-10-11,-0.232
2013-10-14,-0.239
2013-10-15,-0.264
2013-10-16,-0.264
2013-10-17,-0.267
2013-10-18,-0.289
2013-10-21,-0.305
2013-10-22,-0.293
2013-10-23,-0.294
2013-10-24,-0.297
2013-10-25,-0.289
2013-10-28,-0.291
2013-10-29,-0.291
2013-10-30,-0.297
2013-10-31,-0.333
2013-11-01,-0.332
2013-11-04,-0.333
2013-11-05,-0.325
2013-11-06,-0.325
2013-11-07,-0.321
2013-11-08,-0.327
2013-11-11,-0.328
2013-11-12,-0.319
2013-11-13,-0.296
2013-11-14,-0.298
2013-11-15,-0.313
2013-11-18,-0.324
2013-11-19,-0.333
2013-11-20,-0.338
2013-11-21,-0.342
2013-11-22,-0.347
2013-11-25,-0.355
2013-11-26,-0.346
2013-11-27,-0.352
2013-11-29,-0.357
2013-12-02,-0.391
2013-12-03,-0.383
2013-12-04,-0.394
2013-12-05,-0.402
2013-12-06,-0.408
2013-12-09,-0.416
2013-12-10,-0.414
2013-12-11,-0.428
2013-12-12,-0.437
2013-12-13,-0.441
2013-12-16,-0.452
2013-12-17,-0.442
2013-12-18,-0.451
2013-12-19,-0.485
2013-12-20,-0.492
2013-12-23,-0.503
2013-12-24,-0.508
2013-12-26,-0.516
2013-12-27,-0.527
2013-12-30,-0.523
2013-12-31,-0.525
2014-01-02,-0.524
2014-01-03,-0.533
2014-01-06,-0.529
2014-01-07,-0.536
2014-01-08,-0.546
2014-01-09,-0.541
2014-01-10,-0.513
2014-01-13,-0.512
2014-01-14,-0.523
2014-01-15,-0.537
2014-01-16,-0.53
2014-01-17,-0.527
2014-01-21,-0.534
2014-01-22,-0.54
2014-01-23,-0.504
2014-01-24,-0.456
2014-01-27,-0.46
2014-01-28,-0.465
2014-01-29,-0.437
2014-01-30,-0.434
2014-01-31,-0.405
2014-02-03,-0.384
2014-02-04,-0.391
2014-02-05,-0.409
2014-02-06,-0.433
2014-02-07,-0.436
2014-02-10,-0.449
2014-02-11,-0.472
2014-02-12,-0.491
2014-02-13,-0.476
2014-02-14,-0.488
2014-02-18,-0.492
2014-02-19,-0.506
2014-02-20,-0.512
2014-02-21,-0.519
2014-02-24,-0.539
2014-02-25,-0.54
2014-02-26,-0.533
2014-02-27,-0.537
2014-02-28,-0.563
2014-03-03,-0.529
2014-03-04,-0.565
2014-03-05,-0.571
2014-03-06,-0.588
2014-03-07,-0.588
2014-03-10,-0.581
2014-03-11,-0.576
2014-03-12,-0.55
2014-03-13,-0.52
2014-03-14,-0.51
2014-03-17,-0.532
2014-03-18,-0.541
2014-03-19,-0.596
2014-03-20,-0.576
2014-03-21,-0.577
2014-03-24,-0.577
2014-03-25,-0.585
2014-03-26,-0.588
2014-03-27,-0.591
2014-03-28,-0.621
2014-03-31,-0.605
2014-04-01,-0.629
2014-04-02,-0.647
2014-04-03,-0.645
2014-04-04,-0.641
2014-04-07,-0.634
2014-04-08,-0.644
2014-04-09,-0.649
2014-04-10,-0.64
2014-04-11,-0.63
2014-04-14,-0.633
2014-04-15,-0.623
2014-04-16,-0.634
2014-04-17,-0.66
2014-04-21,-0.662
2014-04-22,-0.665
2014-04-23,-0.657
2014-04-24,-0.663
2014-04-25,-0.646
2014-04-28,-0.659
2014-04-29,-0.669
2014-04-30,-0.642
2014-05-01,-0.638
2014-05-02,-0.652
2014-05-05,-0.658
2014-05-06,-0.662
2014-05-07,-0.663
2014-05-08,-0.68
2014-05-09,-0.68
2014-05-12,-0.692
2014-05-13,-0.689
2014-05-14,-0.677
2014-05-15,-0.657
2014-05-16,-0.666
2014-05-19,-0.674
2014-05-20,-0.662
2014-05-21,-0.667
2014-05-22,-0.663
2014-05-23,-0.67
2014-05-27,-0.678
2014-05-28,-0.671
2014-05-29,-0.683
2014-05-30,-0.697
2014-06-02,-0.709
2014-06-03,-0.716
2014-06-04,-0.719
2014-06-05,-0.722
2014-06-06,-0.765
2014-06-09,-0.784
2014-06-10,-0.793
2014-06-11,-0.78
2014-06-12,-0.762
2014-06-13,-0.769
2014-06-16,-0.766
2014-06-17,-0.78
2014-06-18,-0.769
2014-06-19,-0.783
2014-06-20,-0.786
2014-06-23,-0.788
2014-06-24,-0.791
2014-06-25,-0.778
2014-06-26,-0.764
2014-06-27,-0.761
2014-06-30,-0.739
2014-07-01,-0.745
2014-07-02,-0.765
2014-07-03,-0.765
2014-07-07,-0.769
2014-07-08,-0.758
2014-07-09,-0.749
2014-07-10,-0.727
2014-07-11,-0.728
2014-07-14,-0.744
2014-07-15,-0.74
2014-07-16,-0.726
2014-07-17,-0.693
2014-07-18,-0.705
2014-07-21,-0.696
2014-07-22,-0.702
2014-07-23,-0.702
2014-07-24,-0.717
2014-07-25,-0.7
2014-07-28,-0.717
2014-07-29,-0.699
2014-07-30,-0.71
2014-07-31,-0.668
2014-08-01,-0.613
2014-08-04,-0.615
2014-08-05,-0.612
2014-08-06,-0.579
2014-08-07,-0.572
2014-08-08,-0.562
2014-08-11,-0.58
2014-08-12,-0.597
2014-08-13,-0.601
2014-08-14,-0.617
2014-08-15,-0.611
2014-08-18,-0.637
2014-08-19,-0.652
2014-08-20,-0.663
2014-08-21,-0.664
2014-08-22,-0.666
2014-08-25,-0.669
2014-08-26,-0.68
2014-08-27,-0.678
2014-08-28,-0.666
2014-08-29,-0.666
2014-09-02,-0.669
2014-09-03,-0.674
2014-09-04,-0.678
2014-09-05,-0.683
2014-09-08,-0.677
2014-09-09,-0.679
2014-09-10,-0.657
2014-09-11,-0.662
2014-09-12,-0.67
2014-09-15,-0.652
2014-09-16,-0.642
2014-09-17,-0.64
2014-09-18,-0.663
2014-09-19,-0.662
2014-09-22,-0.652
2014-09-23,-0.637
2014-09-24,-0.637
2014-09-25,-0.606
2014-09-26,-0.591
2014-09-29,-0.549
2014-09-30,-0.562
2014-10-01,-0.536
2014-10-02,-0.547
2014-10-03,-0.561
2014-10-06,-0.572
2014-10-07,-0.549
2014-10-08,-0.522
2014-10-09,-0.531
2014-10-10,-0.498
2014-10-13,-0.497
2014-10-14,-0.458
2014-10-15,-0.387
2014-10-16,-0.398
2014-10-17,-0.438
2014-10-20,-0.439
2014-10-21,-0.475
2014-10-22,-0.486
2014-10-23,-0.501
2014-10-24,-0.504
2014-10-27,-0.513
2014-10-28,-0.525
2014-10-29,-0.536
2014-10-30,-0.527
2014-10-31,-0.535
2014-11-03,-0.552
2014-11-04,-0.528
2014-11-05,-0.532
2014-11-06,-0.533
2014-11-07,-0.511
2014-11-10,-0.534
2014-11-11,-0.539
2014-11-12,-0.53
2014-11-13,-0.518
2014-11-14,-0.493
2014-11-17,-0.487
2014-11-18,-0.476
2014-11-19,-0.459
2014-11-20,-0.456
2014-11-21,-0.469
2014-11-24,-0.475
2014-11-25,-0.467
2014-11-26,-0.466
2014-11-28,-0.459
2014-12-01,-0.413
2014-12-02,-0.414
2014-12-03,-0.405
2014-12-04,-0.401
2014-12-05,-0.406
2014-12-08,-0.368
2014-12-09,-0.322
2014-12-10,-0.275
2014-12-11,-0.263
2014-12-12,-0.195
2014-12-15,-0.166
2014-12-16,-0.077
2014-12-17,-0.148
2014-12-18,-0.235
2014-12-19,-0.247
2014-12-22,-0.267
2014-12-23,-0.294
2014-12-24,-0.29
2014-12-26,-0.289
2014-12-29,-0.281
2014-12-30,-0.272
2014-12-31,-0.268
2015-01-02,-0.244
2015-01-05,-0.192
2015-01-06,-0.151
2015-01-07,-0.151
2015-01-08,-0.2
2015-01-09,-0.177
2015-01-12,-0.165
2015-01-13,-0.143
2015-01-14,-0.122
2015-01-15,-0.108
2015-01-16,-0.116
2015-01-20,-0.119
2015-01-21,-0.132
2015-01-22,-0.152
2015-01-23,-0.18
2015-01-26,-0.173
2015-01-27,-0.178
2015-01-28,-0.143
2015-01-29,-0.156
2015-01-30,-0.132
2015-02-02,-0.138
2015-02-03,-0.187
2015-02-04,-0.199
2015-02-05,-0.225
2015-02-06,-0.267
2015-02-09,-0.27
2015-02-10,-0.269
2015-02-11,-0.268
2015-02-12,-0.274
2015-02-13,-0.308
2015-02-17,-0.351
2015-02-18,-0.338
2015-02-19,-0.358
2015-02-20,-0.366
2015-02-23,-0.352
2015-02-24,-0.346
2015-02-25,-0.352
2015-02-26,-0.38
2015-02-27,-0.392
2015-03-02,-0.426
2015-03-03,-0.441
2015-03-04,-0.429
2015-03-05,-0.426
2015-03-06,-0.453
2015-03-09,-0.424
2015-03-10,-0.378
2015-03-11,-0.374
2015-03-12,-0.364
2015-03-13,-0.352
2015-03-16,-0.336
2015-03-17,-0.305
2015-03-18,-0.25
2015-03-19,-0.286
2015-03-20,-0.286
2015-03-23,-0.294
2015-03-24,-0.294
2015-03-25,-0.309
2015-03-26,-0.321
2015-03-27,-0.319
2015-03-30,-0.32
2015-03-31,-0.313
2015-04-01,-0.308
2015-04-02,-0.33
2015-04-06,-0.335
2015-04-07,-0.351
2015-04-08,-0.368
2015-04-09,-0.398
2015-04-10,-0.402
2015-04-13,-0.404
2015-04-14,-0.397
2015-04-15,-0.384
2015-04-16,-0.382
2015-04-17,-0.365
2015-04-20,-0.375
2015-04-21,-0.381
2015-04-22,-0.397
2015-04-23,-0.399
2015-04-24,-0.394
2015-04-27,-0.413
2015-04-28,-0.425
2015-04-29,-0.43
2015-04-30,-0.411
2015-05-01,-0.43
2015-05-04,-0.436
2015-05-05,-0.449
2015-05-06,-0.451
2015-05-07,-0.428
2015-05-08,-0.426
2015-05-11,-0.459
2015-05-12,-0.434
2015-05-13,-0.458
2015-05-14,-0.446
2015-05-15,-0.437
2015-05-18,-0.462
2015-05-19,-0.464
2015-05-20,-0.455
2015-05-21,-0.454
2015-05-22,-0.466
2015-05-26,-0.443
2015-05-27,-0.436
2015-05-28,-0.426
2015-05-29,-0.414
2015-06-01,-0.416
2015-06-02,-0.426
2015-06-03,-0.445
2015-06-04,-0.405
2015-06-05,-0.421
2015-06-08,-0.4
2015-06-09,-0.393
2015-06-10,-0.38
2015-06-11,-0.363
2015-06-12,-0.363
2015-06-15,-0.34
2015-06-16,-0.308
2015-06-17,-0.29
2015-06-18,-0.307
2015-06-19,-0.291
2015-06-22,-0.341
2015-06-23,-0.349
2015-06-24,-0.335
2015-06-25,-0.336
2015-06-26,-0.359
2015-06-29,-0.267
2015-06-30,-0.237
2015-07-01,-0.273
2015-07-02,-0.269
2015-07-06,-0.221
2015-07-07,-0.191
2015-07-08,-0.165
2015-07-09,-0.196
2015-07-10,-0.252
2015-07-13,-0.265
2015-07-14,-0.261
2015-07-15,-0.247
2015-07-16,-0.264
2015-07-17,-0.27
2015-07-20,-0.277
2015-07-21,-0.257
2015-07-22,-0.238
2015-07-23,-0.218
2015-07-24,-0.195
2015-07-27,-0.155
2015-07-28,-0.158
2015-07-29,-0.178
2015-07-30,-0.184
2015-07-31,-0.163
2015-08-03,-0.146
2015-08-04,-0.158
2015-08-05,-0.165
2015-08-06,-0.146
2015-08-07,-0.115
2015-08-10,-0.125
2015-08-11,-0.092
2015-08-12,-0.059
2015-08-13,-0.088
2015-08-14,-0.1
2015-08-17,-0.086
2015-08-18,-0.088
2015-08-19,-0.038
2015-08-20,-0.015
2015-08-21,0.023
2015-08-24,0.11
2015-08-25,0.051
2015-08-26,0.052
2015-08-27,0.006
2015-08-28,-0.006
2015-08-31,-0.004
2015-09-01,0.022
2015-09-02,0.017
2015-09-03,0.01
2015-09-04,0.034
2015-09-08,0.014
2015-09-09,0.005
2015-09-10,0.012
2015-09-11,0.027
2015-09-14,0.025
2015-09-15,-0.006
2015-09-16,-0.006
2015-09-17,0.018
2015-09-18,0.035
2015-09-21,0.033
2015-09-22,0.1
2015-09-23,0.1
2015-09-24,0.164
2015-09-25,0.161
2015-09-28,0.244
2015-09-29,0.302
2015-09-30,0.31
2015-10-01,0.31
2015-10-02,0.334
2015-10-05,0.273
2015-10-06,0.246
2015-10-07,0.195
2015-10-08,0.181
2015-10-09,0.15
2015-10-12,0.147
2015-10-13,0.166
2015-10-14,0.189
2015-10-15,0.17
2015-10-16,0.145
2015-10-19,0.139
2015-10-20,0.118
2015-10-21,0.129
2015-10-22,0.129
2015-10-23,0.086
2015-10-26,0.078
2015-10-27,0.097
2015-10-28,0.068
2015-10-29,0.045
2015-10-30,0.043
2015-11-02,0.029
2015-11-03,-0.003
2015-11-04,-0.014
2015-11-05,-0.008
2015-11-06,-0.029
2015-11-09,-0.005
2015-11-10,0.024
2015-11-11,0.025
2015-11-12,0.043
2015-11-13,0.062
2015-11-16,0.07
2015-11-17,0.054
2015-11-18,0.059
2015-11-19,0.058
2015-11-20,0.057
2015-11-23,0.061
2015-11-24,0.075
2015-11-25,0.083
2015-11-27,0.087
2015-11-30,0.095
2015-12-01,0.11
2015-12-02,0.107
2015-12-03,0.079
2015-12-04,0.099
2015-12-07,0.124
2015-12-08,0.158
2015-12-09,0.183
2015-12-10,0.19
2015-12-11,0.275
2015-12-14,0.321
2015-12-15,0.28
2015-12-16,0.267
2015-12-17,0.267
2015-12-18,0.302
2015-12-21,0.312
2015-12-22,0.303
2015-12-23,0.288
2015-12-24,0.285
2015-12-28,0.293
2015-12-29,0.263
2015-12-30,0.271
2015-12-31,0.264
2016-01-04,0.292
2016-01-05,0.282
2016-01-06,0.307
2016-01-07,0.346
2016-01-08,0.354
2016-01-11,0.37
2016-01-12,0.41
2016-01-13,0.433
2016-01-14,0.467
2016-01-15,0.548
2016-01-19,0.567
2016-01-20,0.663
2016-01-21,0.651
2016-01-22,0.585
2016-01-25,0.592
2016-01-26,0.598
2016-01-27,0.579
2016-01-28,0.566
2016-01-29,0.575
2016-02-01,0.555
2016-02-02,0.623
2016-02-03,0.637
2016-02-04,0.642
2016-02-05,0.653
2016-02-08,0.745
2016-02-09,0.807
2016-02-10,0.814
2016-02-11,0.888
2016-02-12,0.85
2016-02-16,0.817
2016-02-17,0.768
2016-02-18,0.764
2016-02-19,0.766
2016-02-22,0.737
2016-02-23,0.746
2016-02-24,0.754
2016-02-25,0.759
2016-02-26,0.722
2016-02-29,0.695
2016-03-01,0.624
2016-03-02,0.586
2016-03-03,0.567
2016-03-04,0.509
2016-03-07,0.491
2016-03-08,0.523
2016-03-09,0.485
2016-03-10,0.431
2016-03-11,0.361
2016-03-14,0.319
2016-03-15,0.343
2016-03-16,0.366
2016-03-17,0.343
2016-03-18,0.329
2016-03-21,0.296
2016-03-22,0.298
2016-03-23,0.329
2016-03-24,0.336
2016-03-28,0.342
2016-03-29,0.373
2016-03-30,0.341
2016-03-31,0.335
2016-04-01,0.325
2016-04-04,0.32
2016-04-05,0.343
2016-04-06,0.338
2016-04-07,0.363
2016-04-08,0.354
2016-04-11,0.341
2016-04-12,0.304
2016-04-13,0.27
2016-04-14,0.238
2016-04-15,0.244
2016-04-18,0.24
2016-04-19,0.2
2016-04-20,0.172
2016-04-21,0.143
2016-04-22,0.146
2016-04-25,0.137
2016-04-26,0.125
2016-04-27,0.134
2016-04-28,0.125
2016-04-29,0.119
2016-05-02,0.107
2016-05-03,0.146
2016-05-04,0.173
2016-05-05,0.185
2016-05-06,0.193
2016-05-09,0.204
2016-05-10,0.2
2016-05-11,0.197
2016-05-12,0.18
2016-05-13,0.195
2016-05-16,0.17
2016-05-17,0.165
2016-05-18,0.139
2016-05-19,0.167
2016-05-20,0.157
2016-05-23,0.157
2016-05-24,0.142
2016-05-25,0.123
2016-05-26,0.131
2016-05-27,0.121
2016-05-31,0.12
2016-06-01,0.12
2016-06-02,0.122
2016-06-03,0.139
2016-06-06,0.113
2016-06-07,0.093
2016-06-08,0.075
2016-06-09,0.083
2016-06-10,0.114
2016-06-13,0.146
2016-06-14,0.191
2016-06-15,0.204
2016-06-16,0.231
2016-06-17,0.196
2016-06-20,0.131
2016-06-21,0.118
2016-06-22,0.116
2016-06-23,0.069
2016-06-24,0.244
2016-06-27,0.303
2016-06-28,0.279
2016-06-29,0.228
2016-06-30,0.195
2016-07-01,0.168
2016-07-05,0.176
2016-07-06,0.171
2016-07-07,0.16
2016-07-08,0.135
2016-07-11,0.08
2016-07-12,0.022
2016-07-13,0.03
2016-07-14,-0.004
2016-07-15,-0.035
2016-07-18,-0.028
2016-07-19,-0.026
2016-07-20,-0.04
2016-07-21,-0.038
2016-07-22,-0.049
2016-07-25,-0.058
2016-07-26,-0.042
2016-07-27,-0.003
2016-07-28,-0.012
2016-07-29,-0.021
2016-08-01,-0.026
2016-08-02,-0.043
2016-08-03,-0.037
2016-08-04,-0.048
2016-08-05,-0.087
2016-08-08,-0.116
2016-08-09,-0.112
2016-08-10,-0.114
2016-08-11,-0.14
2016-08-12,-0.134
2016-08-15,-0.173
2016-08-16,-0.182
2016-08-17,-0.174
2016-08-18,-0.17
2016-08-19,-0.192
2016-08-22,-0.187
2016-08-23,-0.197
2016-08-24,-0.201
2016-08-25,-0.202
2016-08-26,-0.228
2016-08-29,-0.223
2016-08-30,-0.219
2016-08-31,-0.216
2016-09-01,-0.217
2016-09-02,-0.228
2016-09-06,-0.221
2016-09-07,-0.232
2016-09-08,-0.255
2016-09-09,-0.236
2016-09-12,-0.188
2016-09-13,-0.19
2016-09-14,-0.141
2016-09-15,-0.145
2016-09-16,-0.138
2016-09-19,-0.146
2016-09-20,-0.149
2016-09-21,-0.168
2016-09-22,-0.193
2016-09-23,-0.187
2016-09-26,-0.165
2016-09-27,-0.139
2016-09-28,-0.124
2016-09-29,-0.133
2016-09-30,-0.135
2016-10-03,-0.157
2016-10-04,-0.18
2016-10-05,-0.193
2016-10-06,-0.207
2016-10-07,-0.202
2016-10-10,-0.204
2016-10-11,-0.22
2016-10-12,-0.213
2016-10-13,-0.209
2016-10-14,-0.217
2016-10-17,-0.203
2016-10-18,-0.213
2016-10-19,-0.229
2016-10-20,-0.239
2016-10-21,-0.25
2016-10-24,-0.264
2016-10-25,-0.263
2016-10-26,-0.249
2016-10-27,-0.254
2016-10-28,-0.239
2016-10-31,-0.223
2016-11-01,-0.2
2016-11-02,-0.174
2016-11-03,-0.173
2016-11-04,-0.155
2016-11-07,-0.191
2016-11-08,-0.213
2016-11-09,-0.208
2016-11-10,-0.204
2016-11-11,-0.2
2016-11-14,-0.145
2016-11-15,-0.198
2016-11-16,-0.211
2016-11-17,-0.213
2016-11-18,-0.188
2016-11-21,-0.19
2016-11-22,-0.197
2016-11-23,-0.217
2016-11-25,-0.214
2016-11-28,-0.206
2016-11-29,-0.202
2016-11-30,-0.216
2016-12-01,-0.226
2016-12-02,-0.212
2016-12-05,-0.227
2016-12-06,-0.252
2016-12-07,-0.267
2016-12-08,-0.283
2016-12-09,-0.305
2016-12-12,-0.323
2016-12-13,-0.34
2016-12-14,-0.352
2016-12-15,-0.341
2016-12-16,-0.34
2016-12-19,-0.33
2016-12-20,-0.347
2016-12-21,-0.345
2016-12-22,-0.348
2016-12-23,-0.347
2016-12-27,-0.366
2016-12-28,-0.349
2016-12-29,-0.354
2016-12-30,-0.348
2017-01-03,-0.37
2017-01-04,-0.383
2017-01-05,-0.379
2017-01-06,-0.402
2017-01-09,-0.394
2017-01-10,-0.386
2017-01-11,-0.379
2017-01-12,-0.377
2017-01-13,-0.391
2017-01-17,-0.383
2017-01-18,-0.399
2017-01-19,-0.406
2017-01-20,-0.407
2017-01-23,-0.391
2017-01-24,-0.417
2017-01-25,-0.437
2017-01-26,-0.435
2017-01-27,-0.436
2017-01-30,-0.428
2017-01-31,-0.405
2017-02-01,-0.419
2017-02-02,-0.424
2017-02-03,-0.44
2017-02-06,-0.424
2017-02-07,-0.417
2017-02-08,-0.404
2017-02-09,-0.422
2017-02-10,-0.433
2017-02-13,-0.448
2017-02-14,-0.469
2017-02-15,-0.48
2017-02-16,-0.461
2017-02-17,-0.452
2017-02-21,-0.457
2017-02-22,-0.462
2017-02-23,-0.46
2017-02-24,-0.441
2017-02-27,-0.466
2017-02-28,-0.455
2017-03-01,-0.495
2017-03-02,-0.508
2017-03-03,-0.493
2017-03-06,-0.489
2017-03-07,-0.48
2017-03-08,-0.468
2017-03-09,-0.454
2017-03-10,-0.456
2017-03-13,-0.453
2017-03-14,-0.427
2017-03-15,-0.406
2017-03-16,-0.454
2017-03-17,-0.451
2017-03-20,-0.443
2017-03-21,-0.44
2017-03-22,-0.407
2017-03-23,-0.42
2017-03-24,-0.422
2017-03-27,-0.421
2017-03-28,-0.443
2017-03-29,-0.451
2017-03-30,-0.468
2017-03-31,-0.441
2017-04-03,-0.434
2017-04-04,-0.437
2017-04-05,-0.436
2017-04-06,-0.434
2017-04-07,-0.452
2017-04-10,-0.442
2017-04-11,-0.424
2017-04-12,-0.418
2017-04-13,-0.401
2017-04-17,-0.411
2017-04-18,-0.389
2017-04-19,-0.409
2017-04-20,-0.417
2017-04-21,-0.422
2017-04-24,-0.467
2017-04-25,-0.49
2017-04-26,-0.491
2017-04-27,-0.497
2017-04-28,-0.496
2017-05-01,-0.504
2017-05-02,-0.509
2017-05-03,-0.524
2017-05-04,-0.531
2017-05-05,-0.53
2017-05-08,-0.545
2017-05-09,-0.558
2017-05-10,-0.567
2017-05-11,-0.568
2017-05-12,-0.55
2017-05-15,-0.572
2017-05-16,-0.574
2017-05-17,-0.535
2017-05-18,-0.509
2017-05-19,-0.528
2017-05-22,-0.539
2017-05-23,-0.556
2017-05-24,-0.549
2017-05-25,-0.55
2017-05-26,-0.551
2017-05-30,-0.544
2017-05-31,-0.532
2017-06-01,-0.539
2017-06-02,-0.541
2017-06-05,-0.554
2017-06-06,-0.544
2017-06-07,-0.548
2017-06-08,-0.554
2017-06-09,-0.558
2017-06-12,-0.565
2017-06-13,-0.569
2017-06-14,-0.564
2017-06-15,-0.578
2017-06-16,-0.57
2017-06-19,-0.589
2017-06-20,-0.572
2017-06-21,-0.565
2017-06-22,-0.554
2017-06-23,-0.557
2017-06-26,-0.582
2017-06-27,-0.595
2017-06-28,-0.587
2017-06-29,-0.608
2017-06-30,-0.598
2017-07-03,-0.613
2017-07-05,-0.608
2017-07-06,-0.619
2017-07-07,-0.601
2017-07-10,-0.601
2017-07-11,-0.611
2017-07-12,-0.609
2017-07-13,-0.623
2017-07-14,-0.634
2017-07-17,-0.641
2017-07-18,-0.64
2017-07-19,-0.651
2017-07-20,-0.655
2017-07-21,-0.651
2017-07-24,-0.656
2017-07-25,-0.678
2017-07-26,-0.672
2017-07-27,-0.682
2017-07-28,-0.674
2017-07-31,-0.677
2017-08-01,-0.676
2017-08-02,-0.686
2017-08-03,-0.679
2017-08-04,-0.684
2017-08-07,-0.683
2017-08-08,-0.688
2017-08-09,-0.648
2017-08-10,-0.618
2017-08-11,-0.585
2017-08-14,-0.626
2017-08-15,-0.631
2017-08-16,-0.637
2017-08-17,-0.628
2017-08-18,-0.618
2017-08-21,-0.614
2017-08-22,-0.626
2017-08-23,-0.601
2017-08-24,-0.614
2017-08-25,-0.616
2017-08-28,-0.614
2017-08-29,-0.604
2017-08-30,-0.614
2017-08-31,-0.597
2017-09-01,-0.61
2017-09-05,-0.586
2017-09-06,-0.6
2017-09-07,-0.586
2017-09-08,-0.585
2017-09-11,-0.607
2017-09-12,-0.621
2017-09-13,-0.63
2017-09-14,-0.633
2017-09-15,-0.64
2017-09-18,-0.659
2017-09-19,-0.662
2017-09-20,-0.676
2017-09-21,-0.669
2017-09-22,-0.669
2017-09-25,-0.656
2017-09-26,-0.675
2017-09-27,-0.679
2017-09-28,-0.691
2017-09-29,-0.71
2017-10-02,-0.708
2017-10-03,-0.713
2017-10-04,-0.709
2017-10-05,-0.715
2017-10-06,-0.715
2017-10-09,-0.719
2017-10-10,-0.716
2017-10-11,-0.72
2017-10-12,-0.729
2017-10-13,-0.705
2017-10-16,-0.732
2017-10-17,-0.737
2017-10-18,-0.752
2017-10-19,-0.749
2017-10-20,-0.764
2017-10-23,-0.768
2017-10-24,-0.779
2017-10-25,-0.776
2017-10-26,-0.773
2017-10-27,-0.769
2017-10-30,-0.756
2017-10-31,-0.75
2017-11-01,-0.755
2017-11-02,-0.747
2017-11-03,-0.738
2017-11-06,-0.727
2017-11-07,-0.705
2017-11-08,-0.691
2017-11-09,-0.668
2017-11-10,-0.678
2017-11-13,-0.678
2017-11-14,-0.658
2017-11-15,-0.624
2017-11-16,-0.649
2017-11-17,-0.655
2017-11-20,-0.666
2017-11-21,-0.675
2017-11-22,-0.668
2017-11-24,-0.682
2017-11-27,-0.683
2017-11-28,-0.686
2017-11-29,-0.697
2017-11-30,-0.692
2017-12-01,-0.689
2017-12-04,-0.701
2017-12-05,-0.701
2017-12-06,-0.686
2017-12-07,-0.687
2017-12-08,-0.686
2017-12-11,-0.691
2017-12-12,-0.698
2017-12-13,-0.684
2017-12-14,-0.686
2017-12-15,-0.7
2017-12-18,-0.702
2017-12-19,-0.713
2017-12-20,-0.728
2017-12-21,-0.719
2017-12-22,-0.722
2017-12-26,-0.72
2017-12-27,-0.718
2017-12-28,-0.722
2017-12-29,-0.725
2018-01-02,-0.724
2018-01-03,-0.734
2018-01-04,-0.753
2018-01-05,-0.766
2018-01-08,-0.772
2018-01-09,-0.786
2018-01-10,-0.782
2018-01-11,-0.775
2018-01-12,-0.794
2018-01-16,-0.806
2018-01-17,-0.809
2018-01-18,-0.81
2018-01-19,-0.808
2018-01-22,-0.819
2018-01-23,-0.818
2018-01-24,-0.826
2018-01-25,-0.829
2018-01-26,-0.847
2018-01-29,-0.843
2018-01-30,-0.84
2018-01-31,-0.85
2018-02-01,-0.851
2018-02-02,-0.846
2018-02-05,-0.796
2018-02-06,-0.778
2018-02-07,-0.815
2018-02-08,-0.782
2018-02-09,-0.712
2018-02-12,-0.731
2018-02-13,-0.701
2018-02-14,-0.72
2018-02-15,-0.743
2018-02-16,-0.757
2018-02-20,-0.76
2018-02-21,-0.77
2018-02-22,-0.747
2018-02-23,-0.728
2018-02-26,-0.739
2018-02-27,-0.754
2018-02-28,-0.737
2018-03-01,-0.703
2018-03-02,-0.696
2018-03-05,-0.699
2018-03-06,-0.717
2018-03-07,-0.708
2018-03-08,-0.704
2018-03-09,-0.713
2018-03-12,-0.705
2018-03-13,-0.695
2018-03-14,-0.677
2018-03-15,-0.665
2018-03-16,-0.668
2018-03-19,-0.651
2018-03-20,-0.638
2018-03-21,-0.648
2018-03-22,-0.602
2018-03-23,-0.578
2018-03-26,-0.591
2018-03-27,-0.586
2018-03-28,-0.573
2018-03-29,-0.589
2018-04-02,-0.575
2018-04-03,-0.589
2018-04-04,-0.598
2018-04-05,-0.626
2018-04-06,-0.605
2018-04-09,-0.613
2018-04-10,-0.617
2018-04-11,-0.617
2018-04-12,-0.638
2018-04-13,-0.649
2018-04-16,-0.652
2018-04-17,-0.657
2018-04-18,-0.671
2018-04-19,-0.665
2018-04-20,-0.674
2018-04-23,-0.669
2018-04-24,-0.665
2018-04-25,-0.653
2018-04-26,-0.644
2018-04-27,-0.627
2018-04-30,-0.613
2018-05-01,-0.609
2018-05-02,-0.607
2018-05-03,-0.583
2018-05-04,-0.577
2018-05-07,-0.574
2018-05-08,-0.559
2018-05-09,-0.571
2018-05-10,-0.585
2018-05-11,-0.597
2018-05-14,-0.611
2018-05-15,-0.614
2018-05-16,-0.608
2018-05-17,-0.592
2018-05-18,-0.574
2018-05-21,-0.555
2018-05-22,-0.572
2018-05-23,-0.537
2018-05-24,-0.538
2018-05-25,-0.524
2018-05-29,-0.395
2018-05-30,-0.413
2018-05-31,-0.401
2018-06-01,-0.412
2018-06-04,-0.458
2018-06-05,-0.446
2018-06-06,-0.47
2018-06-07,-0.455
2018-06-08,-0.451
2018-06-11,-0.443
2018-06-12,-0.45
2018-06-13,-0.461
2018-06-14,-0.454
2018-06-15,-0.452
2018-06-18,-0.437
2018-06-19,-0.405
2018-06-20,-0.424
2018-06-21,-0.401
2018-06-22,-0.412
2018-06-25,-0.395
2018-06-26,-0.384
2018-06-27,-0.349
2018-06-28,-0.33
2018-06-29,-0.334
2018-07-02,-0.302
2018-07-03,-0.302
2018-07-05,-0.326
2018-07-06,-0.332
2018-07-09,-0.367
2018-07-10,-0.391
2018-07-11,-0.372
2018-07-12,-0.381
2018-07-13,-0.388
2018-07-16,-0.403
2018-07-17,-0.413
2018-07-18,-0.422
2018-07-19,-0.412
2018-07-20,-0.424
2018-07-23,-0.45
2018-07-24,-0.456
2018-07-25,-0.461
2018-07-26,-0.494
2018-07-27,-0.495
2018-07-30,-0.5
2018-07-31,-0.483
2018-08-01,-0.5
2018-08-02,-0.476
2018-08-03,-0.47
2018-08-06,-0.465
2018-08-07,-0.483
2018-08-08,-0.472
2018-08-09,-0.453
2018-08-10,-0.418
2018-08-13,-0.366
2018-08-14,-0.384
2018-08-15,-0.368
2018-08-16,-0.384
2018-08-17,-0.384
2018-08-20,-0.373
2018-08-21,-0.389
2018-08-22,-0.389
2018-08-23,-0.388
2018-08-24,-0.382
2018-08-27,-0.393
2018-08-28,-0.406
2018-08-29,-0.4
2018-08-30,-0.373
2018-08-31,-0.371
2018-09-04,-0.351
2018-09-05,-0.347
2018-09-06,-0.343
2018-09-07,-0.36
2018-09-10,-0.368
2018-09-11,-0.381
2018-09-12,-0.39
2018-09-13,-0.398
2018-09-14,-0.411
2018-09-17,-0.423
2018-09-18,-0.438
2018-09-19,-0.46
2018-09-20,-0.459
2018-09-21,-0.466
2018-09-24,-0.469
2018-09-25,-0.487
2018-09-26,-0.482
2018-09-27,-0.481
2018-09-28,-0.482
2018-10-01,-0.473
2018-10-02,-0.463
2018-10-03,-0.497
2018-10-04,-0.476
2018-10-05,-0.476
2018-10-08,-0.454
2018-10-09,-0.449
2018-10-10,-0.436
2018-10-11,-0.382
2018-10-12,-0.388
2018-10-15,-0.414
2018-10-16,-0.417
2018-10-17,-0.424
2018-10-18,-0.387
2018-10-19,-0.385
2018-10-22,-0.385
2018-10-23,-0.351
2018-10-24,-0.332
2018-10-25,-0.304
2018-10-26,-0.29
2018-10-29,-0.268
2018-10-30,-0.256
2018-10-31,-0.258
2018-11-01,-0.256
2018-11-02,-0.279
2018-11-05,-0.292
2018-11-06,-0.307
2018-11-07,-0.33
2018-11-08,-0.333
2018-11-09,-0.319
2018-11-12,-0.291
2018-11-13,-0.243
2018-11-14,-0.21
2018-11-15,-0.162
2018-11-16,-0.149
2018-11-19,-0.102
2018-11-20,-0.049
2018-11-21,-0.063
2018-11-23,-0.061
2018-11-26,-0.061
2018-11-27,-0.032
2018-11-28,-0.034
2018-11-29,-0.038
2018-11-30,-0.037
2018-12-03,-0.032
2018-12-04,0.001
2018-12-06,0.063
2018-12-07,0.064
2018-12-10,0.08
2018-12-11,0.066
2018-12-12,0.034
2018-12-13,0.016
2018-12-14,0.019
2018-12-17,0.042
2018-12-18,0.048
2018-12-19,0.06
2018-12-20,0.118
2018-12-21,0.124
2018-12-24,0.152
2018-12-26,0.161
2018-12-27,0.187
2018-12-28,0.19
2018-12-31,0.205
2019-01-02,0.236
2019-01-03,0.272
2019-01-04,0.242
2019-01-07,0.169
2019-01-08,0.136
2019-01-09,0.106
2019-01-10,0.111
2019-01-11,0.112
2019-01-14,0.11
2019-01-15,0.109
2019-01-16,0.071
2019-01-17,0.06
2019-01-18,0.038
2019-01-22,0.027
2019-01-23,0.01
2019-01-24,0.009
2019-01-25,-0.007
2019-01-28,-0.019
2019-01-29,-0.015
2019-01-30,-0.016
2019-01-31,-0.021
2019-02-01,-0.052
2019-02-04,-0.07
2019-02-05,-0.097
2019-02-06,-0.119
2019-02-07,-0.076
2019-02-08,-0.062
2019-02-11,-0.067
2019-02-12,-0.093
2019-02-13,-0.114
2019-02-14,-0.092
2019-02-15,-0.109
2019-02-19,-0.121
2019-02-20,-0.128
2019-02-21,-0.149
2019-02-22,-0.144
2019-02-25,-0.163
2019-02-26,-0.178
2019-02-27,-0.207
2019-02-28,-0.215
2019-03-01,-0.22
2019-03-04,-0.223
2019-03-05,-0.23
2019-03-06,-0.214
2019-03-07,-0.172
2019-03-08,-0.163
2019-03-11,-0.177
2019-03-12,-0.18
2019-03-13,-0.197
2019-03-14,-0.22
2019-03-15,-0.22
2019-03-18,-0.24
2019-03-19,-0.259
2019-03-20,-0.231
2019-03-21,-0.247
2019-03-22,-0.227
2019-03-25,-0.217
2019-03-26,-0.218
2019-03-27,-0.192
2019-03-28,-0.196
2019-03-29,-0.202
2019-04-01,-0.232
2019-04-02,-0.242
2019-04-03,-0.264
2019-04-04,-0.261
2019-04-05,-0.261
2019-04-08,-0.276
2019-04-09,-0.277
2019-04-10,-0.265
2019-04-11,-0.281
2019-04-12,-0.292
2019-04-15,-0.319
2019-04-16,-0.345
2019-04-17,-0.346
2019-04-18,-0.322
2019-04-22,-0.335
2019-04-23,-0.338
2019-04-24,-0.326
2019-04-25,-0.316
2019-04-26,-0.315
2019-04-29,-0.33
2019-04-30,-0.327
2019-05-01,-0.334
2019-05-02,-0.332
2019-05-03,-0.331
2019-05-06,-0.313
2019-05-07,-0.286
2019-05-08,-0.274
2019-05-09,-0.236
2019-05-10,-0.238
2019-05-13,-0.189
2019-05-14,-0.2
2019-05-15,-0.189
2019-05-16,-0.206
2019-05-17,-0.207
2019-05-20,-0.213
2019-05-21,-0.228
2019-05-22,-0.222
2019-05-23,-0.151
2019-05-24,-0.156
2019-05-28,-0.156
2019-05-29,-0.114
2019-05-30,-0.116
2019-05-31,-0.103
2019-06-03,-0.021
2019-06-04,-0.071
2019-06-05,-0.083
2019-06-06,-0.095
2019-06-07,-0.091
2019-06-10,-0.153
2019-06-11,-0.165
2019-06-12,-0.158
2019-06-13,-0.152
2019-06-14,-0.154
2019-06-17,-0.164
2019-06-18,-0.184
2019-06-19,-0.193
2019-06-20,-0.231
2019-06-21,-0.24
2019-06-24,-0.259
2019-06-25,-0.237
2019-06-26,-0.242
2019-06-27,-0.246
2019-06-28,-0.251
2019-07-01,-0.265
2019-07-02,-0.259
2019-07-03,-0.273
2019-07-05,-0.294
2019-07-08,-0.303
2019-07-09,-0.292
2019-07-10,-0.293
2019-07-11,-0.31
2019-07-12,-0.308
2019-07-15,-0.313
2019-07-16,-0.324
2019-07-17,-0.305
2019-07-18,-0.279
2019-07-19,-0.285
2019-07-22,-0.298
2019-07-23,-0.318
2019-07-24,-0.327
2019-07-25,-0.352
2019-07-26,-0.355
2019-07-29,-0.359
2019-07-30,-0.344
2019-07-31,-0.337
2019-08-01,-0.298
2019-08-02,-0.295
2019-08-05,-0.163
2019-08-06,-0.167
2019-08-07,-0.159
2019-08-08,-0.189
2019-08-09,-0.199
2019-08-12,-0.144
2019-08-13,-0.16
2019-08-14,-0.117
2019-08-15,-0.08
2019-08-16,-0.087
2019-08-19,-0.122
2019-08-20,-0.113
2019-08-21,-0.128
2019-08-22,-0.169
2019-08-23,-0.156
2019-08-26,-0.141
2019-08-27,-0.143
2019-08-28,-0.142
2019-08-29,-0.149
2019-08-30,-0.163
2019-09-03,-0.138
2019-09-04,-0.137
2019-09-05,-0.178
2019-09-06,-0.176
2019-09-09,-0.197
2019-09-10,-0.22
2019-09-11,-0.228
2019-09-12,-0.263
2019-09-13,-0.276
2019-09-16,-0.291
2019-09-17,-0.286
2019-09-18,-0.276
2019-09-19,-0.262
2019-09-20,-0.259
2019-09-23,-0.254
2019-09-24,-0.218
2019-09-25,-0.209
2019-09-26,-0.2
2019-09-27,-0.199
2019-09-30,-0.196
2019-10-01,-0.207
2019-10-02,-0.155
2019-10-03,-0.111
2019-10-04,-0.115
2019-10-07,-0.12
2019-10-08,-0.108
2019-10-09,-0.128
2019-10-10,-0.152
2019-10-11,-0.172
2019-10-14,-0.212
2019-10-15,-0.242
2019-10-16,-0.244
2019-10-17,-0.253
2019-10-18,-0.253
2019-10-21,-0.279
2019-10-22,-0.282
2019-10-23,-0.282
2019-10-24,-0.287
2019-10-25,-0.297
2019-10-28,-0.332
2019-10-29,-0.328
2019-10-30,-0.304
2019-10-31,-0.273
2019-11-01,-0.282
2019-11-04,-0.301
2019-11-05,-0.344
2019-11-06,-0.341
2019-11-07,-0.363
2019-11-08,-0.361
2019-11-11,-0.365
2019-11-12,-0.369
2019-11-13,-0.338
2019-11-14,-0.321
2019-11-15,-0.324
2019-11-18,-0.318
2019-11-19,-0.309
2019-11-20,-0.281
2019-11-21,-0.294
2019-11-22,-0.295
2019-11-25,-0.316
2019-11-26,-0.331
2019-11-27,-0.34
2019-11-29,-0.366
2019-12-02,-0.363
2019-12-03,-0.329
2019-12-04,-0.365
2019-12-05,-0.379
2019-12-06,-0.389
2019-12-09,-0.428
2019-12-10,-0.441
2019-12-11,-0.435
2019-12-12,-0.471
2019-12-13,-0.466
2019-12-16,-0.503
2019-12-17,-0.523
2019-12-18,-0.541
2019-12-19,-0.537
2019-12-20,-0.542
2019-12-23,-0.558
2019-12-24,-0.552
2019-12-26,-0.546
2019-12-27,-0.543
2019-12-30,-0.552
2019-12-31,-0.556
2020-01-02,-0.546
2020-01-03,-0.532
2020-01-06,-0.526
2020-01-07,-0.539
2020-01-08,-0.551
2020-01-09,-0.557
2020-01-10,-0.556
2020-01-13,-0.569
2020-01-14,-0.567
2020-01-15,-0.565
2020-01-16,-0.58
2020-01-17,-0.585
2020-01-21,-0.577
2020-01-22,-0.576
2020-01-23,-0.553
2020-01-24,-0.544
2020-01-27,-0.453
2020-01-28,-0.488
2020-01-29,-0.485
2020-01-30,-0.448
2020-01-31,-0.443
2020-02-03,-0.437
2020-02-04,-0.476
2020-02-05,-0.514
2020-02-06,-0.529
2020-02-07,-0.523
2020-02-10,-0.505
2020-02-11,-0.527
2020-02-12,-0.554
2020-02-13,-0.553
2020-02-14,-0.554
2020-02-18,-0.551
2020-02-19,-0.569
2020-02-20,-0.554
2020-02-21,-0.548
2020-02-24,-0.449
2020-02-25,-0.386
2020-02-26,-0.347
2020-02-27,-0.253
2020-02-28,-0.18
2020-03-02,-0.07
2020-03-03,-0.094
2020-03-04,-0.121
2020-03-05,-0.061
2020-03-06,0.009
2020-03-09,0.57
2020-03-10,0.485
2020-03-11,0.57
2020-03-12,0.888
2020-03-13,0.88
2020-03-16,1.23
2020-03-17,1.369
2020-03-18,1.703
2020-03-19,2.022
2020-03-20,2.027
2020-03-23,2.377
2020-03-24,2.259
2020-03-25,2.041
2020-03-26,1.845
2020-03-27,1.856
2020-03-30,1.818
2020-03-31,1.75
2020-04-01,1.817
2020-04-02,1.818
2020-04-03,1.824
2020-04-06,1.815
2020-04-07,1.691
2020-04-08,1.638
2020-04-09,1.426
2020-04-13,1.35
2020-04-14,1.202
2020-04-15,1.266
2020-04-16,1.273
2020-04-17,1.251
2020-04-20,1.244
2020-04-21,1.335
2020-04-22,1.329
2020-04-23,1.312
2020-04-24,1.315
2020-04-27,1.308
2020-04-28,1.308
2020-04-29,1.269
2020-04-30,1.171
2020-05-01,1.171
2020-05-04,1.216
2020-05-05,1.183
2020-05-06,1.161
2020-05-07,1.181
2020-05-08,1.165
2020-05-11,1.142
2020-05-12,1.127
2020-05-13,1.16
2020-05-14,1.203
2020-05-15,1.194
2020-05-18,1.095
2020-05-19,1.046
2020-05-20,0.982
2020-05-21,0.94
2020-05-22,0.984
2020-05-26,0.85
2020-05-27,0.807
2020-05-28,0.773
2020-05-29,0.773
2020-06-01,0.713
2020-06-02,0.653
2020-06-03,0.526
2020-06-04,0.48
2020-06-05,0.42
2020-06-08,0.308
2020-06-09,0.359
2020-06-10,0.413
2020-06-11,0.542
2020-06-12,0.541
2020-06-15,0.541
2020-06-16,0.403
2020-06-17,0.412
2020-06-18,0.445
2020-06-19,0.44
2020-06-22,0.445
2020-06-23,0.435
2020-06-24,0.469
2020-06-25,0.493
2020-06-26,0.498
2020-06-29,0.521
2020-06-30,0.509
2020-07-01,0.464
2020-07-02,0.438
2020-07-06,0.386
2020-07-07,0.382
2020-07-08,0.397
2020-07-09,0.414
2020-07-10,0.41
2020-07-13,0.387
2020-07-14,0.394
2020-07-15,0.35
2020-07-16,0.34
2020-07-17,0.329
2020-07-20,0.284
2020-07-21,0.231
2020-07-22,0.205
2020-07-23,0.194
2020-07-24,0.194
2020-07-27,0.186
2020-07-28,0.2
2020-07-29,0.183
2020-07-30,0.199
2020-07-31,0.191
2020-08-03,0.175
2020-08-04,0.176
2020-08-05,0.136
2020-08-06,0.128
2020-08-07,0.119
2020-08-10,0.106
2020-08-11,0.062
2020-08-12,0.059
2020-08-13,0.058
2020-08-14,0.067
2020-08-17,0.098
2020-08-18,0.102
2020-08-19,0.097
2020-08-20,0.114
2020-08-21,0.11
2020-08-24,0.089
2020-08-25,0.072
2020-08-26,0.068
2020-08-27,0.06
2020-08-28,0.065
2020-08-31,0.046
2020-09-01,0.033
2020-09-02,0.019
2020-09-03,0.044
2020-09-04,0.034
2020-09-08,0.063
2020-09-09,0.053
2020-09-10,0.051
2020-09-11,0.057
2020-09-14,0.056
2020-09-15,0.04
2020-09-16,0.027
2020-09-17,0.049
2020-09-18,0.051
2020-09-21,0.115
2020-09-22,0.131
2020-09-23,0.144
2020-09-24,0.195
2020-09-25,0.199
2020-09-28,0.195
2020-09-29,0.189
2020-09-30,0.176
2020-10-01,0.161
2020-10-02,0.159
2020-10-05,0.109
2020-10-06,0.074
2020-10-07,0.052
2020-10-08,0.05
2020-10-09,0.039
2020-10-12,0.017
2020-10-13,0.024
2020-10-14,0.019
2020-10-15,0.057
2020-10-16,0.055
2020-10-19,0.033
2020-10-20,0.03
2020-10-21,0.015
2020-10-22,0.01
2020-10-23,0.011
2020-10-26,0.029
2020-10-27,0.039
2020-10-28,0.09
2020-10-29,0.094
2020-10-30,0.083
2020-11-02,0.083
2020-11-03,0.038
2020-11-04,0.002
2020-11-05,-0.064
2020-11-06,-0.065
2020-11-09,-0.209
2020-11-10,-0.199
2020-11-11,-0.214
2020-11-12,-0.164
2020-11-13,-0.167
2020-11-16,-0.2
2020-11-17,-0.196
2020-11-18,-0.218
2020-11-19,-0.209
2020-11-20,-0.21
2020-11-23,-0.235
2020-11-24,-0.265
2020-11-25,-0.268
2020-11-27,-0.262
2020-11-30,-0.282
2020-12-01,-0.325
2020-12-02,-0.345
2020-12-03,-0.356
2020-12-04,-0.369
2020-12-07,-0.373
2020-12-08,-0.365
2020-12-09,-0.374
2020-12-10,-0.355
2020-12-11,-0.351
2020-12-14,-0.362
2020-12-15,-0.372
2020-12-16,-0.395
2020-12-17,-0.407
2020-12-18,-0.41
2020-12-21,-0.386
2020-12-22,-0.388
2020-12-23,-0.404
2020-12-24,-0.406
2020-12-28,-0.425
2020-12-29,-0.438
2020-12-30,-0.443
2020-12-31,-0.454
2021-01-04,-0.449
2021-01-05,-0.453
2021-01-06,-0.476
2021-01-07,-0.488
2021-01-08,-0.494
2021-01-11,-0.495
2021-01-12,-0.477
2021-01-13,-0.476
2021-01-14,-0.492
2021-01-15,-0.485
2021-01-19,-0.488
2021-01-20,-0.507
2021-01-21,-0.506
2021-01-22,-0.501
2021-01-25,-0.484
2021-01-26,-0.482
2021-01-27,-0.459
2021-01-28,-0.464
2021-01-29,-0.477
2021-02-01,-0.479
2021-02-02,-0.507
2021-02-03,-0.528
2021-02-04,-0.53
2021-02-05,-0.542
2021-02-08,-0.566
2021-02-09,-0.568
2021-02-10,-0.565
2021-02-11,-0.571
2021-02-12,-0.575
2021-02-16,-0.609
2021-02-17,-0.603
2021-02-18,-0.595
2021-02-19,-0.602
2021-02-22,-0.599
2021-02-23,-0.587
2021-02-24,-0.601
2021-02-25,-0.625
2021-02-26,-0.613
2021-03-01,-0.589
2021-03-02,-0.584
2021-03-03,-0.598
2021-03-04,-0.597
2021-03-05,-0.583
2021-03-08,-0.554
2021-03-09,-0.537
2021-03-10,-0.537
2021-03-11,-0.568
2021-03-12,-0.576
2021-03-15,-0.572
2021-03-16,-0.583
2021-03-17,-0.562
2021-03-18,-0.572
2021-03-19,-0.577
2021-03-22,-0.569
2021-03-23,-0.562
2021-03-24,-0.564
2021-03-25,-0.566
2021-03-26,-0.571
2021-03-29,-0.595
2021-03-30,-0.596
2021-03-31,-0.618
2021-04-01,-0.628
2021-04-05,-0.648
2021-04-06,-0.643
2021-04-07,-0.648
2021-04-08,-0.644
2021-04-09,-0.651
2021-04-12,-0.655
2021-04-13,-0.634
2021-04-14,-0.642
2021-04-15,-0.63
2021-04-16,-0.644
2021-04-19,-0.661
2021-04-20,-0.632
2021-04-21,-0.632
2021-04-22,-0.633
2021-04-23,-0.637
2021-04-26,-0.646
2021-04-27,-0.656
2021-04-28,-0.654
2021-04-29,-0.663
2021-04-30,-0.666
2021-05-03,-0.661
2021-05-04,-0.654
2021-05-05,-0.655
2021-05-06,-0.655
2021-05-07,-0.661
2021-05-10,-0.674
2021-05-11,-0.665
2021-05-12,-0.673
2021-05-13,-0.657
2021-05-14,-0.657
2021-05-17,-0.67
2021-05-18,-0.671
2021-05-19,-0.655
2021-05-20,-0.644
2021-05-21,-0.647
2021-05-24,-0.653
2021-05-25,-0.663
2021-05-26,-0.668
2021-05-27,-0.677
2021-05-28,-0.68
2021-06-01,-0.684
2021-06-02,-0.691
2021-06-03,-0.697
2021-06-04,-0.689
2021-06-07,-0.692
2021-06-08,-0.692
2021-06-09,-0.695
2021-06-10,-0.689
2021-06-11,-0.697
2021-06-14,-0.713
2021-06-15,-0.711
2021-06-16,-0.73
2021-06-17,-0.72
2021-06-18,-0.716
2021-06-21,-0.727
2021-06-22,-0.718
2021-06-23,-0.723
2021-06-24,-0.731
2021-06-25,-0.739
2021-06-28,-0.736
2021-06-29,-0.736
2021-06-30,-0.725
2021-07-01,-0.718
2021-07-02,-0.709
2021-07-06,-0.703
2021-07-07,-0.688
2021-07-08,-0.664
2021-07-09,-0.675
2021-07-12,-0.687
2021-07-13,-0.697
2021-07-14,-0.682
2021-07-15,-0.671
2021-07-16,-0.673
2021-07-19,-0.618
2021-07-20,-0.609
2021-07-21,-0.636
2021-07-22,-0.63
2021-07-23,-0.636
2021-07-26,-0.647
2021-07-27,-0.628
2021-07-28,-0.629
2021-07-29,-0.638
2021-07-30,-0.636
2021-08-02,-0.607
2021-08-03,-0.604
2021-08-04,-0.61
2021-08-05,-0.621
2021-08-06,-0.631
2021-08-09,-0.637
2021-08-10,-0.644
2021-08-11,-0.635
2021-08-12,-0.642
2021-08-13,-0.633
2021-08-16,-0.625
2021-08-17,-0.626
2021-08-18,-0.626
2021-08-19,-0.61
2021-08-20,-0.614
2021-08-23,-0.623
2021-08-24,-0.641
2021-08-25,-0.659
2021-08-26,-0.658
2021-08-27,-0.655
2021-08-30,-0.667
2021-08-31,-0.674
2021-09-01,-0.675
2021-09-02,-0.677
2021-09-03,-0.679
2021-09-07,-0.692
2021-09-08,-0.684
2021-09-09,-0.681
2021-09-10,-0.691
2021-09-13,-0.702
2021-09-14,-0.694
2021-09-15,-0.704
2021-09-16,-0.708
2021-09-17,-0.709
2021-09-20,-0.664
2021-09-21,-0.672
2021-09-22,-0.684
2021-09-23,-0.708
2021-09-24,-0.706
2021-09-27,-0.706
2021-09-28,-0.693
2021-09-29,-0.694
2021-09-30,-0.676
2021-10-01,-0.663
2021-10-04,-0.652
2021-10-05,-0.654
2021-10-06,-0.623
2021-10-07,-0.64
2021-10-08,-0.638
2021-10-11,-0.636
2021-10-12,-0.607
2021-10-13,-0.609
2021-10-14,-0.62
2021-10-15,-0.639
2021-10-18,-0.654
2021-10-19,-0.665
2021-10-20,-0.663
2021-10-21,-0.668
2021-10-22,-0.663
2021-10-25,-0.657
2021-10-26,-0.661
2021-10-27,-0.655
2021-10-28,-0.657
2021-10-29,-0.656
2021-11-01,-0.644
2021-11-02,-0.621
2021-11-03,-0.634
2021-11-04,-0.621
2021-11-05,-0.612
2021-11-08,-0.647
2021-11-09,-0.623
2021-11-10,-0.644
2021-11-11,-0.644
2021-11-12,-0.646
2021-11-15,-0.639
2021-11-16,-0.622
2021-11-17,-0.602
2021-11-18,-0.597
2021-11-19,-0.593
2021-11-22,-0.594
2021-11-23,-0.576
2021-11-24,-0.562
2021-11-26,-0.499
2021-11-29,-0.451
2021-11-30,-0.43
2021-12-01,-0.453
2021-12-02,-0.464
2021-12-03,-0.454
2021-12-06,-0.495
2021-12-07,-0.553
2021-12-08,-0.563
2021-12-09,-0.556
2021-12-10,-0.555
2021-12-13,-0.534
2021-12-14,-0.53
2021-12-15,-0.534
2021-12-16,-0.516
2021-12-17,-0.514
2021-12-20,-0.49
2021-12-21,-0.528
2021-12-22,-0.537
2021-12-23,-0.557
2021-12-27,-0.568
2021-12-28,-0.574
2021-12-29,-0.589
2021-12-30,-0.577
2021-12-31,-0.614
2022-01-03,-0.752524
2022-01-04,-0.763912
2022-01-05,-0.780082
2022-01-06,-0.755542
2022-01-07,-0.757427
2022-01-10,-0.736213
2022-01-11,-0.746979
2022-01-12,-0.742136
2022-01-13,-0.717133
2022-01-14,-0.715083
2022-01-18,-0.695281
2022-01-19,-0.697963
2022-01-20,-0.699178
2022-01-21,-0.650116
2022-01-24,-0.598919
2022-01-25,-0.601409
2022-01-26,-0.646727
2022-01-27,-0.60457
2022-01-28,-0.556068
2022-01-31,-0.55217
2022-02-01,-0.577043
2022-02-02,-0.591579
2022-02-03,-0.589609
2022-02-04,-0.559384
2022-02-07,-0.49507
2022-02-08,-0.515366
2022-02-09,-0.540431
2022-02-10,-0.569704
2022-02-11,-0.490528
2022-02-14,-0.450173
2022-02-15,-0.477068
2022-02-16,-0.461921
2022-02-17,-0.413322
2022-02-18,-0.386959
2022-02-22,-0.338294
2022-02-23,-0.33323
2022-02-24,-0.155422
2022-02-28,-0.096871
2022-03-01,-0.009459
2022-03-02,-0.045811
2022-03-03,-0.036241
2022-03-04,0.080941
2022-03-07,0.1882
2022-03-08,0.233387
2022-03-09,0.168899
2022-03-10,0.156944
2022-03-11,0.182126
2022-03-14,0.171462
2022-03-15,0.213233
2022-03-16,0.130185
2022-03-17,0.033951
2022-03-18,0.028748
2022-03-21,-0.053103
2022-03-22,-0.068193
2022-03-23,-0.058268
2022-03-24,-0.062727
2022-03-25,-0.121185
2022-03-28,-0.12756
2022-03-29,-0.184274
2022-03-30,-0.211982
2022-03-31,-0.349012
2022-04-01,-0.359396
2022-04-04,-0.389037
2022-04-05,-0.433317
2022-04-06,-0.380995
2022-04-07,-0.378144
2022-04-08,-0.356082
2022-04-11,-0.326225
2022-04-12,-0.277529
2022-04-13,-0.254403
2022-04-14,-0.303302
2022-04-15,-0.303288
2022-04-18,-0.305264
2022-04-19,-0.303687
2022-04-20,-0.282535
2022-04-21,-0.282327
2022-04-22,-0.238146
2022-04-25,-0.155299
2022-04-26,-0.12208
2022-04-27,-0.086569
2022-04-28,-0.099149
2022-04-29,-0.08668
2022-05-02,-0.072972
2022-05-03,-0.067306
2022-05-04,-0.031204
2022-05-05,-0.061147
2022-05-06,-0.001238
2022-05-09,0.131197
2022-05-10,0.148983
2022-05-11,0.149288
2022-05-12,0.214499
2022-05-13,0.171663
2022-05-16,0.195682
2022-05-17,0.149386
2022-05-18,0.211093
2022-05-19,0.269215
2022-05-20,0.276672
2022-05-23,0.237106
2022-05-24,0.278353
2022-05-25,0.230977
2022-05-26,0.150864
2022-05-27,0.106152
2022-05-30,0.084198
2022-05-31,0.044887
2022-06-01,0.35641
2022-06-02,0.017453
2022-06-03,0.01236
2022-06-06,-0.011057
2022-06-07,0.02886
2022-06-08,0.023948
2022-06-09,0.058694
2022-06-10,0.101426
2022-06-13,0.230477
2022-06-14,0.275948
2022-06-15,0.322783
2022-06-16,0.410257
2022-06-17,0.420896
2022-06-20,0.409609
2022-06-21,0.382863
2022-06-22,0.492318
2022-06-23,0.551566
2022-06-24,0.525353
2022-06-27,0.497103
2022-06-28,0.532884
2022-06-29,0.659666
2022-06-30,0.791816
2022-07-01,0.827571
2022-07-04,0.819269
2022-07-05,0.873843
2022-07-06,0.832226
2022-07-07,0.74772
2022-07-08,0.698321
2022-07-11,0.737819
2022-07-12,0.766647
2022-07-13,0.798606
2022-07-14,0.810493
2022-07-15,0.804347
2022-07-18,0.756245
2022-07-19,0.70582
2022-07-20,0.617255
2022-07-21,0.643927
2022-07-22,0.640391
2022-07-25,0.605606
2022-07-26,0.636974
2022-07-27,0.647575
2022-07-28,0.636152
2022-07-29,0.549681
2022-08-01,0.551445
2022-08-02,0.501105
2022-08-03,0.488233
2022-08-04,0.490888
2022-08-05,0.431531
2022-08-08,0.435009
2022-08-09,0.43493
2022-08-10,0.405092
2022-08-11,0.325206
2022-08-12,0.322409
2022-08-15,0.325779
2022-08-16,0.307167
2022-08-17,0.338263
2022-08-18,0.355183
2022-08-19,0.368933
2022-08-22,0.433973
2022-08-23,0.451408
2022-08-24,0.414494
2022-08-25,0.39481
2022-08-26,0.390302
2022-08-29,0.420966
2022-08-30,0.451496
2022-08-31,0.503255
2022-09-01,0.552253
2022-09-02,0.558508
2022-09-05,0.583793
2022-09-06,0.563145
2022-09-07,0.570631
2022-09-08,0.49188
2022-09-09,0.430355
2022-09-12,0.386468
2022-09-13,0.405592
2022-09-14,0.453807
2022-09-15,0.440589
2022-09-16,0.510229
2022-09-19,0.487481
2022-09-20,0.488402
2022-09-21,0.494511
2022-09-22,0.490265
2022-09-23,0.55514
2022-09-26,0.597716
2022-09-27,0.620744
2022-09-28,0.823443
2022-09-29,0.879087
2022-09-30,0.871184
2022-10-03,0.905885
2022-10-04,0.781712
2022-10-05,0.763682
2022-10-06,0.72998
2022-10-07,0.753817
2022-10-10,0.763579
2022-10-11,0.858403
2022-10-12,0.909153
2022-10-13,0.932171
2022-10-14,0.89397
2022-10-17,0.894782
2022-10-18,0.867689
2022-10-19,0.85463
2022-10-20,0.848087
2022-10-21,0.915015
2022-10-24,0.880718
2022-10-25,0.894656
2022-10-26,0.85979
2022-10-27,0.882646
2022-10-28,0.816526
2022-10-31,0.807135
2022-11-01,0.786352
2022-11-02,0.775102
2022-11-03,0.809586
2022-11-04,0.771189
2022-11-07,0.704559
2022-11-08,0.713093
2022-11-09,0.761981
2022-11-10,0.74513
2022-11-11,0.677955
2022-11-14,0.55547
2022-11-15,0.528513
2022-11-16,0.544578
2022-11-17,0.544045
2022-11-18,0.511727
2022-11-21,0.503643
2022-11-22,0.48475
2022-11-23,0.461775
2022-11-24,0.449066
2022-11-25,0.408114
2022-11-28,0.419821
2022-11-29,0.411805
2022-11-30,0.398701
2022-12-01,0.375595
2022-12-02,0.354254
2022-12-05,0.304977
2022-12-06,0.340956
2022-12-07,0.380491
2022-12-08,0.332831
2022-12-09,0.295364
2022-12-12,0.276705
2022-12-13,0.260521
2022-12-14,0.274155
2022-12-15,0.286971
2022-12-16,0.324632
2022-12-19,0.32298
2022-12-20,0.335071
2022-12-21,0.326099
2022-12-22,0.303292
2022-12-23,0.31275
2022-12-26,0.312628
2022-12-27,0.264693
2022-12-28,0.303692
2022-12-29,0.303583
2022-12-30,0.300919
2023-01-02,0.300822
2023-01-03,0.330429
2023-01-04,0.32144
2023-01-05,0.313296
2023-01-06,0.303644
2023-01-09,0.26097
2023-01-10,0.231172
2023-01-11,0.226711
2023-01-12,0.209856
2023-01-13,0.170223
2023-01-16,0.150137
2023-01-17,0.124185
2023-01-18,0.129376
2023-01-19,0.148046
2023-01-20,0.118937
2023-01-23,0.107722
2023-01-24,0.12685
2023-01-25,0.127507
2023-01-26,0.081267
2023-01-27,0.066277
2023-01-30,0.069662
2023-01-31,0.076679
2023-02-01,0.081871
2023-02-02,-0.017066
2023-02-03,-0.043907
2023-02-06,-0.061638
2023-02-07,-0.056759
2023-02-08,-0.039651
2023-02-09,-0.046978
2023-02-10,-0.000193
2023-02-13,0.019702
2023-02-14,-0.008857
2023-02-15,0.001289
2023-02-16,-0.015521
2023-02-17,0.043298
2023-02-20,0.043164
2023-02-21,0.069359
2023-02-22,0.085748
2023-02-23,0.057617
2023-02-24,0.042437
2023-02-27,0.038621
2023-02-28,0.046003
2023-03-01,0.025517
2023-03-02,0.022974
2023-03-03,-0.001396
2023-03-06,-0.042552
2023-03-07,-0.038672
2023-03-08,-0.008732
2023-03-09,0.035525
2023-03-10,0.182932
2023-03-13,0.380604
2023-03-14,0.315333
2023-03-15,0.582162
2023-03-16,0.515706
2023-03-17,0.615585
2023-03-20,0.664562
2023-03-21,0.469413
2023-03-22,0.477282
2023-03-23,0.518709
2023-03-24,0.597796
2023-03-27,0.527412
2023-03-28,0.513272
2023-03-29,0.464512
2023-03-30,0.400891
2023-03-31,0.359951
2023-04-03,0.336335
2023-04-04,0.356257
2023-04-05,0.417147
2023-04-06,0.416934
2023-04-07,0.40336
2023-04-10,0.386861
2023-04-11,0.354259
2023-04-12,0.340704
2023-04-13,0.306714
2023-04-14,0.255394
2023-04-17,0.233906
2023-04-18,0.221088
2023-04-19,0.232495
2023-04-20,0.262204
2023-04-21,0.24576
2023-04-24,0.260744
2023-04-25,0.317388
2023-04-26,0.337706
2023-04-27,0.287509
2023-04-28,0.29035
2023-05-01,0.272143
2023-05-02,0.359109
2023-05-03,0.388263
2023-05-04,0.450225
2023-05-05,0.400338
2023-05-08,0.382352
2023-05-09,0.388832
2023-05-10,0.414705
2023-05-11,0.42019
2023-05-12,0.399107
2023-05-15,0.417341
2023-05-16,0.402078
2023-05-17,0.416646
2023-05-18,0.378997
2023-05-19,0.350991
2023-05-22,0.320367
2023-05-23,0.342917
2023-05-24,0.348001
2023-05-25,0.306883
2023-05-26,0.298025
2023-05-29,0.310192
2023-05-30,0.297145
2023-05-31,0.343706
2023-06-01,0.341795
2023-06-02,0.261555
2023-06-05,0.247073
2023-06-06,0.234983
2023-06-07,0.196466
2023-06-08,0.221049
2023-06-09,0.193348
2023-06-12,0.198578
2023-06-13,0.139826
2023-06-14,0.125979
2023-06-15,0.132215
2023-06-16,0.096863
2023-06-19,0.094309
2023-06-20,0.115445
2023-06-21,0.126263
2023-06-22,0.119265
2023-06-23,0.1601
2023-06-26,0.171
2023-06-27,0.129
2023-06-28,0.143
2023-06-29,0.087
2023-06-30,0.085
2023-07-03,0.055
2023-07-04,0.037
2023-07-05,0.025
2023-07-06,0.034
2023-07-07,0.037
2023-07-10,0.051
2023-07-11,0.032
2023-07-12,0.011
2023-07-13,0.01
2023-07-14,-0.018
2023-07-17,0.011
2023-07-18,0.001
2023-07-19,0
2023-07-20,-0.025
2023-07-21,-0.036
2023-07-24,-0.039
2023-07-25,-0.041
2023-07-26,-0.042
2023-07-27,-0.106
2023-07-28,-0.111
2023-07-31,-0.124
2023-08-01,-0.121
2023-08-02,-0.077
2023-08-03,-0.071
2023-08-04,-0.059
2023-08-07,-0.071
2023-08-08,-0.038
2023-08-09,-0.053
2023-08-10,-0.095
2023-08-11,-0.105
2023-08-14,-0.103
2023-08-15,-0.073
2023-08-16,-0.068
2023-08-17,-0.03
2023-08-18,0.004
2023-08-21,-0.012
2023-08-22,-0.019
2023-08-23,-0.004
2023-08-24,-0.026
2023-08-25,-0.026
2023-08-28,-0.031
2023-08-29,-0.033
2023-08-30,-0.038
2023-08-31,-0.029
2023-09-01,-0.053
2023-09-04,-0.058
2023-09-05,-0.066
2023-09-06,-0.066
2023-09-07,-0.05
2023-09-08,-0.054
2023-09-11,-0.074
2023-09-12,-0.073
2023-09-13,-0.056
2023-09-14,-0.08
2023-09-15,-0.106
2023-09-18,-0.101
2023-09-19,-0.115
2023-09-20,-0.132
2023-09-21,-0.106
2023-09-22,-0.096
2023-09-25,-0.086
2023-09-26,-0.055
2023-09-27,0.279
2023-09-28,-0.013
2023-09-29,-0.05
2023-10-02,-0.021
2023-10-03,0.023
2023-10-04,0.098
2023-10-05,0.102
2023-10-06,0.1
2023-10-09,0.12
2023-10-10,0.106
2023-10-11,0.092
2023-10-12,0.06
2023-10-13,0.094
2023-10-16,0.082
2023-10-17,0.059
2023-10-18,0.095
2023-10-19,0.123
2023-10-20,0.184
2023-10-23,0.197
2023-10-24,0.152
2023-10-25,0.117
2023-10-26,0.164
2023-10-27,0.172
2023-10-30,0.16
2023-10-31,0.104
2023-11-01,0.133
2023-11-02,0.048
2023-11-03,0.032
2023-11-06,-0.011
2023-11-07,0.035
2023-11-08,0.028
2023-11-09,-0.005
2023-11-10,-0.008
2023-11-13,-0.018
2023-11-14,-0.034
2023-11-15,-0.066
2023-11-16,-0.033
2023-11-17,-0.05
2023-11-20,-0.073
2023-11-21,-0.08
2023-11-22,-0.107
2023-11-23,-0.115
2023-11-24,-0.14
2023-11-27,-0.131
2023-11-28,-0.098
2023-11-29,-0.143
2023-11-30,-0.149
2023-12-01,-0.128
2023-12-04,-0.175
2023-12-05,-0.154
2023-12-06,-0.169
2023-12-07,-0.179
2023-12-08,-0.219
2023-12-11,-0.201
2023-12-12,-0.207
2023-12-13,-0.17
2023-12-14,-0.3
2023-12-15,-0.301
2023-12-18,-0.307
2023-12-19,-0.313
2023-12-20,-0.303
2023-12-21,-0.302
2023-12-22,-0.315
2023-12-25,-0.315
2023-12-26,-0.33
2023-12-27,-0.317
2023-12-28,-0.34
2023-12-29,-0.362
2024-01-01,-0.362
2024-01-02,-0.321
2024-01-03,-0.234
2024-01-04,-0.263
2024-01-05,-0.26
2024-01-08,-0.258
2024-01-09,-0.279
2024-01-10,-0.331
2024-01-11,-0.334
2024-01-12,-0.335
2024-01-15,-0.34
2024-01-16,-0.345
2024-01-17,-0.334
2024-01-18,-0.361
2024-01-19,-0.369
2024-01-22,-0.374
2024-01-23,-0.367
2024-01-24,-0.421
2024-01-25,-0.414
2024-01-26,-0.432
2024-01-29,-0.427
2024-01-30,-0.41
2024-01-31,-0.371
2024-02-01,-0.36
2024-02-02,-0.42
2024-02-05,-0.451
2024-02-06,-0.433
2024-02-07,-0.445
2024-02-08,-0.462
2024-02-09,-0.473
2024-02-12,-0.471
2024-02-13,-0.497
2024-02-15,-0.51
2024-02-16,-0.536
2024-02-19,-0.55
2024-02-20,-0.552
2024-02-21,-0.581
2024-02-22,-0.618
2024-02-23,-0.607
2024-02-26,-0.63
2024-02-27,-0.618
2024-02-28,-0.593
2024-02-29,-0.591
2024-03-01,-0.578
2024-03-04,-0.593
2024-03-05,-0.568
2024-03-06,-0.583
2024-03-07,-0.588
2024-03-08,-0.595
2024-03-11,-0.612
2024-03-12,-0.645
2024-03-13,-0.685
2024-03-14,-0.703
2024-03-15,-0.704
2024-03-18,-0.71
2024-03-19,-0.694
2024-03-20,-0.686
2024-03-21,-0.717
2024-03-22,-0.692
2024-03-25,-0.699
2024-03-26,-0.688
2024-03-27,-0.675
2024-03-28,-0.7
2024-03-29,-0.7
2024-04-01,-0.7
2024-04-02,-0.684
2024-04-03,-0.688
2024-04-04,-0.691
2024-04-05,-0.711
2024-04-08,-0.727
2024-04-09,-0.719
2024-04-10,-0.763
2024-04-11,-0.753
2024-04-12,-0.702
2024-04-15,-0.698
2024-04-16,-0.653
2024-04-17,-0.644
2024-04-18,-0.673
2024-04-19,-0.671
2024-04-22,-0.693
2024-04-23,-0.716
2024-04-24,-0.723
2024-04-25,-0.717
2024-04-26,-0.744
2024-04-29,-0.734
2024-04-30,-0.725
2024-05-01,-0.718
2024-05-02,-0.725
2024-05-03,-0.74
2024-05-06,-0.751
2024-05-07,-0.749
2024-05-08,-0.757
2024-05-09,-0.75
2024-05-10,-0.776
2024-05-13,-0.765
2024-05-14,-0.761
2024-05-15,-0.759
2024-05-16,-0.788
2024-05-17,-0.799
2024-05-20,-0.811
2024-05-21,-0.805
2024-05-22,-0.811
2024-05-23,-0.828
2024-05-24,-0.806
2024-05-27,-0.811
2024-05-28,-0.814
2024-05-29,-0.844
2024-05-30,-0.828
2024-05-31,-0.811
2024-06-03,-0.812
2024-06-04,-0.785
2024-06-05,-0.774
2024-06-06,-0.775
2024-06-07,-0.817
2024-06-10,-0.792
2024-06-11,-0.757
2024-06-12,-0.763
2024-06-13,-0.731
2024-06-14,-0.656
2024-06-17,-0.65
2024-06-18,-0.653
2024-06-19,-0.666
2024-06-20,-0.684
2024-06-21,-0.673
2024-06-24,-0.661
2024-06-25,-0.676
2024-06-26,-0.688
2024-06-27,-0.689
2024-06-28,-0.679
2024-07-01,-0.705
2024-07-02,-0.701
2024-07-03,-0.708
2024-07-04,-0.715
2024-07-05,-0.713
2024-07-08,-0.729
2024-07-09,-0.731
2024-07-10,-0.735
2024-07-11,-0.724
2024-07-12,-0.731
2024-07-15,-0.742
2024-07-16,-0.713
2024-07-17,-0.711
2024-07-18,-0.73
2024-07-19,-0.735
2024-07-22,-0.737
2024-07-23,-0.752
2024-07-24,-0.719
2024-07-25,-0.715
2024-07-26,-0.704
2024-07-29,-0.691
2024-07-30,-0.684
2024-07-31,-0.65
2024-08-01,-0.621
2024-08-02,-0.479
2024-08-05,-0.356
2024-08-06,-0.452
2024-08-07,-0.485
2024-08-08,-0.517
2024-08-09,-0.526
2024-08-12,-0.52
2024-08-13,-0.514
2024-08-14,-0.544
2024-08-15,-0.622
2024-08-16,-0.631
2024-08-19,-0.651
2024-08-20,-0.625
2024-08-21,-0.621
2024-08-22,-0.645
2024-08-23,-0.644
2024-08-26,-0.655
2024-08-27,-0.65
2024-08-28,-0.66
2024-08-29,-0.67
2024-08-30,-0.68
2024-09-02,-0.689
2024-09-03,-0.643
2024-09-04,-0.603
2024-09-05,-0.62
2024-09-06,-0.604
2024-09-09,-0.6
2024-09-10,-0.564
2024-09-11,-0.551
2024-09-12,-0.588
2024-09-13,-0.596
2024-09-16,-0.608
2024-09-17,-0.638
2024-09-18,-0.672
2024-09-19,-0.709
2024-09-20,-0.712
2024-09-23,-0.704
2024-09-24,-0.678
2024-09-25,-0.696
2024-09-26,-0.716
2024-09-27,-0.703
2024-09-30,-0.78
2024-10-01,-0.737
2024-10-02,-0.743
2024-10-03,-0.774
2024-10-04,-0.831
2024-10-07,-0.822
2024-10-08,-0.834
2024-10-09,-0.842
2024-10-10,-0.833
2024-10-11,-0.842
2024-10-14,-0.85
2024-10-15,-0.855
2024-10-16,-0.867
2024-10-17,-0.881
2024-10-18,-0.879
2024-10-21,-0.899
2024-10-22,-0.884
2024-10-23,-0.877
2024-10-24,-0.872
2024-10-25,-0.895
2024-10-28,-0.913
2024-10-29,-0.9
2024-10-30,-0.935
2024-10-31,-0.888
2024-11-01,-0.932
2024-11-04,-0.914
2024-11-05,-0.913
2024-11-06,-0.957
2024-11-07,-0.971
2024-11-08,-0.993
2024-11-11,-0.984
2024-11-12,-1.001
2024-11-13,-1.009
2024-11-14,-0.993
2024-11-15,-0.967
2024-11-18,-0.969
2024-11-19,-0.965
2024-11-20,-0.956
2024-11-21,-0.964
2024-11-22,-0.951
2024-11-25,-0.915
2024-11-26,-0.915
2024-11-27,-0.909
2024-11-28,-0.906
2024-11-29,-0.904
2024-12-02,-0.921
2024-12-03,-0.946
2024-12-04,-0.948
2024-12-05,-0.962
2024-12-06,-0.967
2024-12-09,-0.985
2024-12-10,-0.992
2024-12-11,-1.019
2024-12-12,-1.017
2024-12-13,-1.015
2024-12-16,-1.014
2024-12-17,-0.992
2024-12-18,-1.016
2024-12-19,-0.953
2024-12-20,-0.923
2024-12-23,-0.946
2024-12-24,-0.94
2024-12-25,-0.94
2024-12-26,-0.931
2024-12-27,-0.958
2024-12-30,-0.927
2024-12-31,-0.934
2025-01-01,-0.934
2025-01-02,-0.934
2025-01-03,-0.961
2025-01-06,-0.96
2025-01-07,-0.98
2025-01-08,-0.958
2025-01-09,-0.974
2025-01-10,-0.975
2025-01-13,-0.954
2025-01-14,-0.987
2025-01-15,-0.98
2025-01-16,-0.977
2025-01-17,-0.99
2025-01-20,-0.994
2025-01-21,-0.996
2025-01-22,-1.029
2025-01-23,-1.027
2025-01-24,-1.034
2025-01-27,-1.004
2025-01-28,-1.004
2025-01-29,-1.025
2025-01-30,-1.016
2025-01-31,-1.01
2025-02-03,-0.976
2025-02-04,-0.992
2025-02-05,-1.001
2025-02-06,-1.005
2025-02-07,-1.031
2025-02-10,-1.021
2025-02-11,-1.034
2025-02-12,-1.063
2025-02-13,-1.044
2025-02-14,-1.059
2025-02-17,-1.075
2025-02-18,-1.106
2025-02-19,-1.091
2025-02-20,-1.093
2025-02-21,-1.052
2025-02-24,-1.044
2025-02-25,-1.007
2025-02-26,-1.001
2025-02-27,-1.007
2025-02-28,-0.989
2025-03-03,-0.976
2025-03-04,-0.97
2025-03-05,-1.041
2025-03-06,-1.012
2025-03-07,-1.01
2025-03-10,-0.939
2025-03-11,-0.933
2025-03-12,-0.94
2025-03-13,-0.853
2025-03-14,-0.909
2025-03-17,-0.897
2025-03-18,-0.886
2025-03-19,-0.907
2025-03-20,-0.919
2025-03-21,-0.903
2025-03-24,-0.937
2025-03-25,-0.932
2025-03-26,-0.917
2025-03-27,-0.895
2025-03-28,-0.818
2025-03-31,-0.782
2025-04-01,-0.783
2025-04-02,-0.794
2025-04-03,-0.597
2025-04-04,-0.446
2025-04-07,-0.313
2025-04-08,-0.38
2025-04-09,-0.343
2025-04-10,-0.408
2025-04-11,-0.404
2025-04-14,-0.394
2025-04-15,-0.464
2025-04-16,-0.45
2025-04-17,-0.495
2025-04-18,-0.495
2025-04-21,-0.472
2025-04-22,-0.511
2025-04-23,-0.626
2025-04-24,-0.607
2025-04-25,-0.612
2025-04-28,-0.62
2025-04-29,-0.602
2025-04-30,-0.522
2025-05-01,-0.52
2025-05-02,-0.593
2025-05-05,-0.595
2025-05-06,-0.585
2025-05-07,-0.598
2025-05-08,-0.679
2025-05-09,-0.682
2025-05-12,-0.81
2025-05-13,-0.875
2025-05-14,-0.865
2025-05-15,-0.812
2025-05-16,-0.818
2025-05-19,-0.813
2025-05-20,-0.848
2025-05-21,-0.838
2025-05-22,-0.805
2025-05-23,-0.771
2025-05-26,-0.765
2025-05-27,-0.801
2025-05-28,-0.822
2025-05-29,-0.827
2025-05-30,-0.81
2025-06-02,-0.807
2025-06-03,-0.844
2025-06-04,-0.826
2025-06-05,-0.878
2025-06-06,-0.899
2025-06-09,-0.894
2025-06-10,-0.899
2025-06-11,-0.907
2025-06-12,-0.872
2025-06-13,-0.869
2025-06-16,-0.886
2025-06-17,-0.883
2025-06-18,-0.851
2025-06-19,-0.865
2025-06-20,-0.865
2025-06-23,-0.856
2025-06-24,-0.882
2025-06-25,-0.887
2025-06-26,-0.862
2025-06-27,-0.892
2025-06-30,-0.907
2025-07-01,-0.929
2025-07-02,-0.953
2025-07-03,-1
2025-07-04,-1.007
2025-07-07,-0.996
2025-07-08,-0.995
2025-07-09,-0.975
2025-07-10,-0.991
2025-07-11,-0.993
2025-07-14,-1.009
2025-07-15,-1.014
2025-07-16,-0.988
2025-07-17,-1.006
2025-07-18,-1.002
2025-07-21,-1.002
2025-07-22,-1.001
2025-07-23,-1.024
2025-07-24,-1.054
2025-07-25,-1.055
2025-07-28,-1.072
2025-07-29,-1.055
2025-07-30,-1.077
2025-07-31,-1.073
2025-08-01,-0.975
2025-08-04,-0.989
2025-08-05,-1.005
2025-08-06,-1.003
2025-08-07,-1.032
2025-08-08,-1.04
2025-08-11,-1.047
2025-08-12,-1.069
2025-08-13,-1.084
2025-08-14,-1.1
2025-08-15,-1.117
2025-08-18,-1.129
2025-08-19,-1.105
2025-08-20,-1.088
2025-08-21,-1.078
2025-08-22,-1.068
2025-08-25,-1.087
2025-08-26,-1.066
2025-08-27,-1.061
2025-08-28,-1.064
2025-08-29,-1.054
2025-09-01,-1.035
2025-09-02,-1.026
2025-09-03,-1.026
2025-09-04,-1.039
2025-09-05,-1.019
2025-09-08,-1.023
2025-09-09,-1.022
2025-09-10,-1.059
2025-09-11,-1.066
2025-09-12,-1.083
2025-09-15,-1.096
2025-09-16,-1.088
2025-09-17,-1.096
2025-09-18,-1.123
2025-09-19,-1.119
2025-09-22,-1.152
2025-09-23,-1.142
2025-09-24,-1.152
2025-09-25,-1.124
2025-09-26,-1.126
2025-09-29,-1.107
2025-09-30,-1.116
2025-10-01,-1.099
2025-10-02,-1.11
2025-10-03,-1.135
2025-10-06,-1.144
2025-10-07,-1.111
2025-10-08,-1.101
2025-10-09,-1.078
2025-10-10,-0.994
2025-10-13,-0.985
2025-10-14,-0.979
2025-10-15,-1.033
2025-10-16,-1.003
2025-10-17,-0.998
2025-10-20,-1.026
2025-10-21,-1.032
2025-10-22,-1.022
2025-10-23,-1.038
2025-10-24,-1.077
2025-10-27,-1.109
2025-10-28,-1.113
2025-10-29,-1.14
2025-10-30,-1.12
2025-10-31,-1.089
2025-11-03,-1.058
2025-11-04,-1.037
2025-11-05,-1.068
2025-11-06,-1.025
2025-11-07,-1.015
2025-11-10,-1.051
2025-11-11,-1.052
2025-11-12,-1.047
2025-11-13,-1.043
2025-11-14,-1.037
2025-11-17,-1.025
2025-11-18,-1.001
2025-11-19,-1.007
2025-11-20,-1.001
2025-11-21,-0.983
2025-11-24,-1.001
2025-11-25,-0.994
2025-11-26,-1.028
2025-11-27,-1.023
2025-11-28,-1.057
2025-12-01,-1.055
2025-12-02,-1.079
2025-12-03,-1.087
2025-12-04,-1.095
2025-12-05,-1.113
2025-12-08,-1.122
2025-12-09,-1.122
2025-12-10,-1.119
2025-12-11,-1.124
2025-12-12,-1.107
2025-12-15,-1.119
2025-12-16,-1.102
2025-12-17,-1.1
2025-12-18,-1.094
2025-12-19,-1.109
2025-12-22,-1.127
2025-12-23,-1.133
2025-12-24,-1.107
2025-12-25,-1.107
2025-12-26,-1.122
2025-12-29,-1.104
2025-12-30,-1.112
2025-12-31,-1.129
2026-01-01,-1.129
2026-01-02,-1.125
2026-01-05,-1.149
2026-01-06,-1.155
2026-01-07,-1.16
2026-01-08,-1.169
2026-01-09,-1.18
2026-01-12,-1.183
2026-01-13,-1.193
2026-01-14,-1.183
2026-01-15,-1.207
2026-01-16,-1.233
2026-01-19,-1.211
2026-01-20,-1.208
2026-01-21,-1.232
2026-01-22,-1.254
2026-01-23,-1.238
2026-01-26,-1.234
2026-01-27,-1.251
2026-01-28,-1.248
2026-01-29,-1.238
2026-01-30,-1.238
2026-02-02,-1.24
2026-02-03,-1.238
2026-02-04,-1.233
2026-02-05,-1.177
2026-02-06,-1.195
2026-02-09,-1.189
2026-02-10,-1.181
2026-02-11,-1.191
2026-02-12,-1.163
2026-02-13,-1.136
2026-02-16,-1.147
2026-02-17,-1.139
2026-02-18,-1.169
2026-02-19,-1.16
2026-02-20,-1.17
2026-02-23,-1.139
2026-02-24,-1.128
2026-02-25,-1.121
2026-02-26,-1.111
2026-02-27,-1.054
2026-03-02,-1.049
2026-03-03,-1.028
2026-03-04,-1.084
2026-03-05,-1.09
2026-03-06,-1.031
2026-03-09,-0.988
2026-03-10,-1.044
2026-03-11,-1.033
2026-03-12,-0.99
2026-03-13,-0.944
2026-03-16,-0.931
2026-03-17,-0.94
2026-03-18,-0.958
2026-03-19,-0.914
2026-03-20,-0.937
2026-03-23,-0.919
2026-03-24,-0.929
2026-03-25,-0.941
2026-03-26,-0.923
2026-03-27,-0.868
2026-03-30,-0.826
2026-03-31,-0.866
2026-04-01,-0.927
2026-04-02,-0.918
2026-04-03,-0.93
2026-04-06,-0.953
2026-04-07,-0.949
2026-04-08,-1.032
2026-04-09,-1.039
2026-04-10,-1.06
2026-04-13,-1.057
2026-04-14,-1.091
2026-04-15,-1.106
2026-04-16,-1.105
2026-04-17,-1.111
2026-04-20,-1.11
2026-04-21,-1.13
2026-04-22,-1.137
2026-04-23,-1.126
2026-04-24,-1.113
2026-04-27,-1.115
2026-04-28,-1.113
2026-04-29,-1.136
2026-04-30,-1.118
2026-05-01,-1.14
2026-05-04,-1.157
2026-05-05,-1.161
2026-05-06,-1.168
2026-05-07,-1.167
2026-05-08,-1.152
2026-05-11,-1.173
2026-05-12,-1.187
2026-05-13,-1.192
2026-05-14,-1.195
2026-05-15,-1.208
2026-05-18,-1.202
2026-05-19,-1.187
2026-05-20,-1.167
2026-05-21,-1.177
2026-05-22,-1.193
2026-05-25,-1.175
2026-05-26,-1.197
2026-05-27,-1.206
2026-05-28,-1.207
2026-05-29,-1.203
2026-06-01,-1.196
2026-06-02,-1.215
2026-06-03,-1.204
2026-06-04,-1.206
2026-06-05,-1.214
2026-06-08,-1.207
2026-06-09,-1.194
2026-06-10,-1.201
2026-06-11,-1.174
2026-06-12,-1.204
2026-06-15,-1.223
2026-06-16,-1.209
2026-06-17,-1.228
2026-06-18,-1.207
2026-06-19,-1.21
2026-06-22,-1.215
2026-06-23,-1.202
2026-06-24,-1.165
2026-06-25,-1.165
2026-06-26,-1.141
2026-06-29,-1.151
2026-06-30,-1.166
2026-07-01,-1.173
2026-07-02,-1.169
2026-07-03,-1.178
2026-07-06,-1.186
2026-07-07,-1.208
2026-07-08,-1.188
2026-07-09,-1.195
2026-07-10,-1.199
2026-07-13,-1.19
2026-07-14,-1.175
2026-07-15,-1.169
2026-07-16,-1.184
2026-07-17,-1.182
2026-07-20,-1.197
2026-07-21,-1.184
2026-07-22,-1.187
2026-07-23,-1.186
2026-07-24,-1.144
2026-07-27,-1.125
2026-07-28,-1.125
2026-07-29,-1.121
2026-07-30,-1.115
2026-07-31,-1.129
2026-08-03,-1.143
2026-08-04,-1.151
2026-08-05,-1.146
2026-08-06,-1.173
2026-08-07,-1.165
2026-08-10,-1.177
2026-08-11,-1.17
2026-08-12,-1.171
2026-08-13,-1.161
2026-08-14,-1.178
2026-08-17,-1.171
2026-08-18,-1.156
2026-08-19,-1.172
2026-08-20,-1.155
2026-08-21,-1.175
2026-08-24,-1.168
2026-08-25,-1.161
2026-08-26,-1.158
2026-08-27,-1.178
2026-08-28,-1.182
2026-08-31,-1.158
2026-09-01,-1.148
2026-09-02,-1.164
2026-09-03,-1.172
2026-09-04,-1.161
2026-09-07,-1.154
2026-09-08,-1.16
2026-09-09,-1.164
2026-09-10,-1.164
2026-09-11,-1.161
2026-09-14,-1.136
2026-09-15,-1.135
2026-09-16,-1.151
2026-09-17,-1.139
2026-09-18,-1.156
2026-09-21,-1.15
2026-09-22,-1.149
2026-09-23,-1.148
2026-09-24,-1.126
2026-09-25,-1.1
2026-09-28,-1.064
2026-09-29,-1.058
2026-09-30,-1.032
2026-10-01,-0.969
2026-10-02,-0.97
2026-10-05,-0.96
2026-10-06,-1.014
