date,value
2000-01-03,0.67
2000-01-04,0.627
2000-01-05,0.653
2000-01-06,0.581
2000-01-07,0.519
2000-01-10,0.513
2000-01-11,0.566
2000-01-12,0.576
2000-01-13,0.498
2000-01-14,0.448
2000-01-18,0.483
2000-01-19,0.483
2000-01-20,0.525
2000-01-21,0.503
2000-01-24,0.436
2000-01-25,0.375
2000-01-26,0.392
2000-01-27,0.359
2000-01-28,0.204
2000-01-31,0.153
2000-02-01,0.115
2000-02-02,0.111
2000-02-03,0.195
2000-02-04,0.138
2000-02-07,0.116
2000-02-08,0.096
2000-02-09,0.184
2000-02-10,0.123
2000-02-11,0.149
2000-02-14,0.062
2000-02-15,0.092
2000-02-16,0.126
2000-02-17,0.097
2000-02-18,0.024
2000-02-22,0.081
2000-02-23,0.083
2000-02-24,-0.002
2000-02-25,-0.049
2000-02-28,0.008
2000-02-29,-0.067
2000-03-01,0.11
2000-03-02,0.049
2000-03-03,-0.006
2000-03-06,0.012
2000-03-07,0.055
2000-03-08,0.041
2000-03-09,0.067
2000-03-10,0.068
2000-03-13,0.088
2000-03-14,0.121
2000-03-15,0.078
2000-03-16,0.085
2000-03-17,0.02
2000-03-20,0.035
2000-03-21,-0.068
2000-03-22,-0.079
2000-03-23,-0.022
2000-03-24,0.105
2000-03-27,0.067
2000-03-28,0.05
2000-03-29,0.004
2000-03-30,0.03
2000-03-31,0.104
2000-04-03,0.019
2000-04-04,0.015
2000-04-05,0.021
2000-04-06,0.048
2000-04-07,-0.027
2000-04-10,-0.076
2000-04-11,-0.088
2000-04-12,-0.046
2000-04-13,-0.054
2000-04-14,0.041
2000-04-17,0.051
2000-04-18,0.005
2000-04-19,-0.03
2000-04-20,-0.089
2000-04-24,-0.078
2000-04-25,-0.15
2000-04-26,-0.146
2000-04-27,-0.191
2000-04-28,-0.25
2000-05-01,-0.228
2000-05-02,-0.21
2000-05-03,-0.235
2000-05-04,-0.21
2000-05-05,-0.181
2000-05-08,-0.177
2000-05-09,-0.166
2000-05-10,-0.209
2000-05-11,-0.184
2000-05-12,-0.058
2000-05-15,-0.161
2000-05-16,-0.228
2000-05-17,-0.202
2000-05-18,-0.159
2000-05-19,-0.075
2000-05-22,-0.103
2000-05-23,-0.068
2000-05-24,-0.123
2000-05-25,-0.116
2000-05-26,-0.067
2000-05-30,-0.018
2000-05-31,-0.098
2000-06-01,-0.204
2000-06-02,-0.154
2000-06-05,-0.124
2000-06-06,-0.007
2000-06-07,0.049
2000-06-08,0.013
2000-06-09,-0.052
2000-06-12,-0.061
2000-06-13,-0.039
2000-06-14,-0.055
2000-06-15,-0.05
2000-06-16,-0.056
2000-06-19,-0.05
2000-06-20,-0.026
2000-06-21,0.003
2000-06-22,0.018
2000-06-23,0.037
2000-06-26,-0.03
2000-06-27,0.018
2000-06-28,-0.014
2000-06-29,-0.017
2000-06-30,-0.042
2000-07-03,-0.03
2000-07-05,-0.083
2000-07-06,-0.061
2000-07-07,-0.121
2000-07-10,-0.048
2000-07-11,-0.075
2000-07-12,-0.146
2000-07-13,-0.19
2000-07-14,-0.116
2000-07-17,-0.106
2000-07-18,-0.159
2000-07-19,-0.167
2000-07-20,-0.179
2000-07-21,-0.231
2000-07-24,-0.222
2000-07-25,-0.23
2000-07-26,-0.24
2000-07-27,-0.281
2000-07-28,-0.303
2000-07-31,-0.283
2000-08-01,-0.35
2000-08-02,-0.328
2000-08-03,-0.335
2000-08-04,-0.364
2000-08-07,-0.371
2000-08-08,-0.361
2000-08-09,-0.342
2000-08-10,-0.42
2000-08-11,-0.435
2000-08-14,-0.465
2000-08-15,-0.398
2000-08-16,-0.353
2000-08-17,-0.36
2000-08-18,-0.392
2000-08-21,-0.397
2000-08-22,-0.4
2000-08-23,-0.336
2000-08-24,-0.321
2000-08-25,-0.305
2000-08-28,-0.271
2000-08-29,-0.247
2000-08-30,-0.257
2000-08-31,-0.311
2000-09-01,-0.309
2000-09-05,-0.317
2000-09-06,-0.344
2000-09-07,-0.289
2000-09-08,-0.328
2000-09-11,-0.306
2000-09-12,-0.313
2000-09-13,-0.344
2000-09-14,-0.343
2000-09-15,-0.303
2000-09-18,-0.254
2000-09-19,-0.26
2000-09-20,-0.217
2000-09-21,-0.244
2000-09-22,-0.262
2000-09-25,-0.244
2000-09-26,-0.24
2000-09-27,-0.202
2000-09-28,-0.236
2000-09-29,-0.261
2000-10-02,-0.289
2000-10-03,-0.261
2000-10-04,-0.265
2000-10-05,-0.275
2000-10-06,-0.277
2000-10-09,-0.285
2000-10-10,-0.243
2000-10-11,-0.252
2000-10-12,-0.275
2000-10-13,-0.282
2000-10-16,-0.282
2000-10-17,-0.286
2000-10-18,-0.293
2000-10-19,-0.318
2000-10-20,-0.336
2000-10-23,-0.332
2000-10-24,-0.294
2000-10-25,-0.275
2000-10-26,-0.275
2000-10-27,-0.275
2000-10-30,-0.275
2000-10-31,-0.251
2000-11-01,-0.217
2000-11-02,-0.213
2000-11-03,-0.114
2000-11-06,-0.113
2000-11-07,-0.087
2000-11-08,-0.093
2000-11-09,-0.106
2000-11-10,-0.149
2000-11-13,-0.161
2000-11-14,-0.177
2000-11-15,-0.212
2000-11-16,-0.24
2000-11-17,-0.219
2000-11-20,-0.27
2000-11-21,-0.277
2000-11-22,-0.308
2000-11-24,-0.347
2000-11-27,-0.31
2000-11-28,-0.321
2000-11-29,-0.372
2000-11-30,-0.384
2000-12-01,-0.402
2000-12-04,-0.398
2000-12-05,-0.441
2000-12-06,-0.445
2000-12-07,-0.45
2000-12-08,-0.455
2000-12-11,-0.414
2000-12-12,-0.434
2000-12-13,-0.506
2000-12-14,-0.507
2000-12-15,-0.558
2000-12-18,-0.55
2000-12-19,-0.525
2000-12-20,-0.607
2000-12-21,-0.572
2000-12-22,-0.583
2000-12-26,-0.569
2000-12-27,-0.573
2000-12-28,-0.539
2000-12-29,-0.545
2001-01-02,-0.617
2001-01-03,-0.528
2001-01-04,-0.602
2001-01-05,-0.668
2001-01-08,-0.639
2001-01-09,-0.619
2001-01-10,-0.555
2001-01-11,-0.588
2001-01-12,-0.539
2001-01-16,-0.501
2001-01-17,-0.56
2001-01-18,-0.534
2001-01-19,-0.482
2001-01-22,-0.431
2001-01-23,-0.432
2001-01-24,-0.442
2001-01-25,-0.422
2001-01-26,-0.425
2001-01-29,-0.402
2001-01-30,-0.404
2001-01-31,-0.448
2001-02-01,-0.381
2001-02-02,-0.373
2001-02-05,-0.333
2001-02-06,-0.328
2001-02-07,-0.366
2001-02-08,-0.387
2001-02-09,-0.416
2001-02-12,-0.402
2001-02-13,-0.386
2001-02-14,-0.335
2001-02-15,-0.29
2001-02-16,-0.313
2001-02-20,-0.297
2001-02-21,-0.311
2001-02-22,-0.319
2001-02-23,-0.296
2001-02-26,-0.354
2001-02-27,-0.381
2001-02-28,-0.399
2001-03-01,-0.377
2001-03-02,-0.382
2001-03-05,-0.374
2001-03-06,-0.349
2001-03-07,-0.398
2001-03-08,-0.416
2001-03-09,-0.416
2001-03-12,-0.448
2001-03-13,-0.412
2001-03-14,-0.454
2001-03-15,-0.497
2001-03-16,-0.496
2001-03-19,-0.47
2001-03-20,-0.441
2001-03-21,-0.494
2001-03-22,-0.511
2001-03-23,-0.471
2001-03-26,-0.442
2001-03-27,-0.397
2001-03-28,-0.397
2001-03-29,-0.392
2001-03-30,-0.459
2001-04-02,-0.42
2001-04-03,-0.365
2001-04-04,-0.345
2001-04-05,-0.311
2001-04-06,-0.315
2001-04-09,-0.328
2001-04-10,-0.283
2001-04-11,-0.253
2001-04-12,-0.228
2001-04-16,-0.238
2001-04-17,-0.221
2001-04-18,-0.211
2001-04-19,-0.145
2001-04-20,-0.161
2001-04-23,-0.166
2001-04-24,-0.174
2001-04-25,-0.146
2001-04-26,-0.189
2001-04-27,-0.185
2001-04-30,-0.17
2001-05-01,-0.149
2001-05-02,-0.145
2001-05-03,-0.171
2001-05-04,-0.175
2001-05-07,-0.171
2001-05-08,-0.167
2001-05-09,-0.217
2001-05-10,-0.2
2001-05-11,-0.158
2001-05-14,-0.153
2001-05-15,-0.128
2001-05-16,-0.153
2001-05-17,-0.16
2001-05-18,-0.243
2001-05-21,-0.228
2001-05-22,-0.23
2001-05-23,-0.18
2001-05-24,-0.128
2001-05-25,-0.117
2001-05-29,-0.108
2001-05-30,-0.063
2001-05-31,-0.067
2001-06-01,-0.096
2001-06-04,-0.089
2001-06-05,-0.109
2001-06-06,-0.116
2001-06-07,-0.093
2001-06-08,-0.137
2001-06-11,-0.14
2001-06-12,-0.132
2001-06-13,-0.142
2001-06-14,-0.156
2001-06-15,-0.159
2001-06-18,-0.171
2001-06-19,-0.17
2001-06-20,-0.179
2001-06-21,-0.195
2001-06-22,-0.194
2001-06-25,-0.186
2001-06-26,-0.167
2001-06-27,-0.153
2001-06-28,-0.138
2001-06-29,-0.102
2001-07-02,-0.099
2001-07-03,-0.077
2001-07-05,-0.085
2001-07-06,-0.083
2001-07-09,-0.073
2001-07-10,-0.072
2001-07-11,-0.069
2001-07-12,-0.057
2001-07-13,-0.061
2001-07-16,-0.082
2001-07-17,-0.062
2001-07-18,-0.064
2001-07-19,-0.059
2001-07-20,-0.065
2001-07-23,-0.077
2001-07-24,-0.073
2001-07-25,-0.034
2001-07-26,-0.048
2001-07-27,-0.067
2001-07-30,-0.083
2001-07-31,-0.097
2001-08-01,-0.076
2001-08-02,-0.051
2001-08-03,-0.052
2001-08-06,-0.054
2001-08-07,-0.049
2001-08-08,-0.062
2001-08-09,-0.086
2001-08-10,-0.111
2001-08-13,-0.127
2001-08-14,-0.102
2001-08-15,-0.067
2001-08-16,-0.109
2001-08-17,-0.125
2001-08-20,-0.097
2001-08-21,-0.066
2001-08-22,-0.071
2001-08-23,-0.068
2001-08-24,-0.04
2001-08-27,-0.041
2001-08-28,-0.065
2001-08-29,-0.09
2001-08-30,-0.079
2001-08-31,-0.061
2001-09-04,-0.026
2001-09-05,-0.035
2001-09-06,-0.054
2001-09-07,-0.061
2001-09-10,-0.059
2001-09-17,-0.03
2001-09-18,0.014
2001-09-19,0.021
2001-09-20,0.073
2001-09-21,0.103
2001-09-24,0.084
2001-09-25,0.079
2001-09-26,0.044
2001-09-27,-0.002
2001-09-28,0.006
2001-10-01,0
2001-10-02,-0.02
2001-10-03,-0.033
2001-10-04,-0.015
2001-10-05,-0.013
2001-10-08,0.016
2001-10-09,0.022
2001-10-10,0.026
2001-10-11,0.016
2001-10-12,0.036
2001-10-15,0.029
2001-10-16,0.006
2001-10-17,0.007
2001-10-18,0.012
2001-10-19,0.013
2001-10-22,-0.018
2001-10-23,-0.015
2001-10-24,-0.028
2001-10-25,-0.041
2001-10-26,-0.04
2001-10-29,-0.019
2001-10-30,-0.031
2001-10-31,-0.066
2001-11-01,-0.089
2001-11-02,-0.051
2001-11-05,-0.077
2001-11-06,-0.082
2001-11-07,-0.082
2001-11-08,-0.056
2001-11-09,-0.047
2001-11-12,-0.047
2001-11-13,-0.073
2001-11-14,-0.027
2001-11-15,0.016
2001-11-16,0.032
2001-11-19,0.024
2001-11-20,0.055
2001-11-21,0.079
2001-11-23,0.046
2001-11-26,0.047
2001-11-27,0.081
2001-11-28,0.091
2001-11-29,0.035
2001-11-30,0.054
2001-12-03,0.008
2001-12-04,0.004
2001-12-05,0.071
2001-12-06,0.112
2001-12-07,0.137
2001-12-10,0.111
2001-12-11,0.11
2001-12-12,0.102
2001-12-13,0.114
2001-12-14,0.155
2001-12-17,0.171
2001-12-18,0.16
2001-12-19,0.127
2001-12-20,0.146
2001-12-21,0.137
2001-12-24,0.072
2001-12-26,0.091
2001-12-27,0.099
2001-12-28,0.133
2001-12-31,0.145
2002-01-02,0.171
2002-01-03,0.154
2002-01-04,0.169
2002-01-07,0.136
2002-01-08,0.126
2002-01-09,0.131
2002-01-10,0.116
2002-01-11,0.109
2002-01-14,0.083
2002-01-15,0.074
2002-01-16,0.091
2002-01-17,0.096
2002-01-18,0.111
2002-01-22,0.115
2002-01-23,0.102
2002-01-24,0.115
2002-01-25,0.105
2002-01-28,0.108
2002-01-29,0.101
2002-01-30,0.089
2002-01-31,0.068
2002-02-01,0.075
2002-02-04,0.082
2002-02-05,0.085
2002-02-06,0.101
2002-02-07,0.148
2002-02-08,0.137
2002-02-11,0.155
2002-02-12,0.179
2002-02-13,0.163
2002-02-14,0.157
2002-02-15,0.135
2002-02-19,0.142
2002-02-20,0.127
2002-02-21,0.137
2002-02-22,0.129
2002-02-25,0.139
2002-02-26,0.15
2002-02-27,0.14
2002-02-28,0.16
2002-03-01,0.188
2002-03-04,0.193
2002-03-05,0.211
2002-03-06,0.255
2002-03-07,0.307
2002-03-08,0.321
2002-03-11,0.304
2002-03-12,0.315
2002-03-13,0.319
2002-03-14,0.377
2002-03-15,0.363
2002-03-18,0.347
2002-03-19,0.34
2002-03-20,0.369
2002-03-21,0.363
2002-03-22,0.376
2002-03-25,0.385
2002-03-26,0.355
2002-03-27,0.353
2002-03-28,0.362
2002-04-01,0.4
2002-04-02,0.392
2002-04-03,0.363
2002-04-04,0.331
2002-04-05,0.314
2002-04-08,0.322
2002-04-09,0.326
2002-04-10,0.338
2002-04-11,0.339
2002-04-12,0.319
2002-04-15,0.292
2002-04-16,0.331
2002-04-17,0.37
2002-04-18,0.38
2002-04-19,0.381
2002-04-22,0.353
2002-04-23,0.365
2002-04-24,0.359
2002-04-25,0.377
2002-04-26,0.387
2002-04-29,0.421
2002-04-30,0.401
2002-05-01,0.423
2002-05-02,0.431
2002-05-03,0.458
2002-05-06,0.463
2002-05-07,0.446
2002-05-08,0.449
2002-05-09,0.475
2002-05-10,0.485
2002-05-13,0.498
2002-05-14,0.48
2002-05-15,0.509
2002-05-16,0.488
2002-05-17,0.547
2002-05-20,0.543
2002-05-21,0.533
2002-05-22,0.544
2002-05-23,0.543
2002-05-24,0.53
2002-05-28,0.561
2002-05-29,0.554
2002-05-30,0.556
2002-05-31,0.565
2002-06-03,0.565
2002-06-04,0.556
2002-06-05,0.531
2002-06-06,0.554
2002-06-07,0.561
2002-06-10,0.521
2002-06-11,0.53
2002-06-12,0.489
2002-06-13,0.459
2002-06-14,0.435
2002-06-17,0.439
2002-06-18,0.468
2002-06-19,0.468
2002-06-20,0.525
2002-06-21,0.555
2002-06-24,0.545
2002-06-25,0.583
2002-06-26,0.545
2002-06-27,0.581
2002-06-28,0.581
2002-07-01,0.591
2002-07-02,0.547
2002-07-03,0.537
2002-07-05,0.558
2002-07-08,0.609
2002-07-09,0.627
2002-07-10,0.582
2002-07-11,0.583
2002-07-12,0.569
2002-07-15,0.634
2002-07-16,0.699
2002-07-17,0.698
2002-07-18,0.704
2002-07-19,0.738
2002-07-22,0.715
2002-07-23,0.574
2002-07-24,0.598
2002-07-25,0.626
2002-07-26,0.501
2002-07-29,0.495
2002-07-30,0.528
2002-07-31,0.471
2002-08-01,0.491
2002-08-02,0.493
2002-08-05,0.425
2002-08-06,0.374
2002-08-07,0.457
2002-08-08,0.412
2002-08-09,0.442
2002-08-12,0.469
2002-08-13,0.478
2002-08-14,0.428
2002-08-15,0.52
2002-08-16,0.548
2002-08-19,0.439
2002-08-20,0.438
2002-08-21,0.477
2002-08-22,0.423
2002-08-23,0.421
2002-08-26,0.441
2002-08-27,0.561
2002-08-28,0.478
2002-08-29,0.522
2002-08-30,0.507
2002-09-03,0.567
2002-09-04,0.548
2002-09-05,0.595
2002-09-06,0.579
2002-09-09,0.585
2002-09-10,0.528
2002-09-11,0.544
2002-09-12,0.553
2002-09-13,0.455
2002-09-16,0.435
2002-09-17,0.457
2002-09-18,0.516
2002-09-19,0.61
2002-09-20,0.57
2002-09-23,0.544
2002-09-24,0.603
2002-09-25,0.564
2002-09-26,0.56
2002-09-27,0.576
2002-09-30,0.673
2002-10-01,0.619
2002-10-02,0.694
2002-10-03,0.7
2002-10-04,0.65
2002-10-07,0.652
2002-10-08,0.573
2002-10-09,0.695
2002-10-10,0.655
2002-10-11,0.683
2002-10-14,0.716
2002-10-15,0.637
2002-10-16,0.667
2002-10-17,0.557
2002-10-18,0.566
2002-10-21,0.57
2002-10-22,0.635
2002-10-23,0.604
2002-10-24,0.62
2002-10-25,0.635
2002-10-28,0.728
2002-10-29,0.734
2002-10-30,0.739
2002-10-31,0.8
2002-11-01,0.888
2002-11-04,0.878
2002-11-05,0.896
2002-11-06,0.928
2002-11-07,1.009
2002-11-08,1.057
2002-11-11,1.046
2002-11-12,1.09
2002-11-13,0.964
2002-11-14,0.925
2002-11-15,0.997
2002-11-18,0.962
2002-11-19,0.893
2002-11-20,0.852
2002-11-21,0.864
2002-11-22,0.864
2002-11-25,0.785
2002-11-26,0.792
2002-11-27,0.731
2002-11-29,0.776
2002-12-02,0.771
2002-12-03,0.812
2002-12-04,0.852
2002-12-05,0.887
2002-12-06,0.989
2002-12-09,0.989
2002-12-10,0.93
2002-12-11,0.945
2002-12-12,1.115
2002-12-13,1.204
2002-12-16,1.242
2002-12-17,1.313
2002-12-18,1.425
2002-12-19,1.466
2002-12-20,1.392
2002-12-23,1.47
2002-12-24,1.533
2002-12-26,1.623
2002-12-27,1.675
2002-12-30,1.631
2002-12-31,1.702
2003-01-02,1.524
2003-01-03,1.641
2003-01-06,1.676
2003-01-07,1.543
2003-01-08,1.722
2003-01-09,1.665
2003-01-10,1.765
2003-01-13,1.723
2003-01-14,1.686
2003-01-15,1.671
2003-01-16,1.821
2003-01-17,1.833
2003-01-21,1.865
2003-01-22,1.92
2003-01-23,1.95
2003-01-24,2.087
2003-01-27,2.086
2003-01-28,2.042
2003-01-29,1.998
2003-01-30,2.038
2003-01-31,1.916
2003-02-03,1.948
2003-02-04,2.177
2003-02-05,1.945
2003-02-06,1.948
2003-02-07,1.919
2003-02-10,1.704
2003-02-11,1.718
2003-02-12,1.523
2003-02-13,1.689
2003-02-14,1.545
2003-02-18,1.338
2003-02-19,1.492
2003-02-20,1.591
2003-02-21,1.504
2003-02-24,1.658
2003-02-25,1.545
2003-02-26,1.607
2003-02-27,1.424
2003-02-28,1.496
2003-03-03,1.56
2003-03-04,1.643
2003-03-05,1.697
2003-03-06,1.704
2003-03-07,1.628
2003-03-10,1.734
2003-03-11,1.647
2003-03-12,1.517
2003-03-13,1.105
2003-03-14,1.103
2003-03-17,0.981
2003-03-18,0.967
2003-03-19,0.83
2003-03-20,0.804
2003-03-21,0.556
2003-03-24,0.755
2003-03-25,0.748
2003-03-26,0.794
2003-03-27,0.756
2003-03-28,0.879
2003-03-31,1.107
2003-04-01,1.055
2003-04-02,0.787
2003-04-03,0.684
2003-04-04,0.639
2003-04-07,0.555
2003-04-08,0.562
2003-04-09,0.673
2003-04-10,0.654
2003-04-11,0.615
2003-04-14,0.573
2003-04-15,0.578
2003-04-16,0.717
2003-04-17,0.672
2003-04-21,0.71
2003-04-22,0.81
2003-04-23,0.749
2003-04-24,0.878
2003-04-25,0.849
2003-04-28,0.795
2003-04-29,0.863
2003-04-30,1.04
2003-05-01,1.143
2003-05-02,1.105
2003-05-05,1.156
2003-05-06,1.322
2003-05-07,1.296
2003-05-08,1.459
2003-05-09,1.435
2003-05-12,1.519
2003-05-13,1.478
2003-05-14,1.514
2003-05-15,1.434
2003-05-16,1.618
2003-05-19,1.821
2003-05-20,1.91
2003-05-21,1.887
2003-05-22,1.841
2003-05-23,1.912
2003-05-27,1.861
2003-05-28,1.729
2003-05-29,1.895
2003-05-30,1.709
2003-06-02,1.715
2003-06-03,1.66
2003-06-04,1.559
2003-06-05,1.801
2003-06-06,1.577
2003-06-09,1.587
2003-06-10,1.431
2003-06-11,1.538
2003-06-12,1.503
2003-06-13,1.646
2003-06-16,1.614
2003-06-17,1.616
2003-06-18,1.413
2003-06-19,1.486
2003-06-20,1.321
2003-06-23,1.268
2003-06-24,1.136
2003-06-25,1.125
2003-06-26,0.902
2003-06-27,0.904
2003-06-30,0.933
2003-07-01,1.041
2003-07-02,1.053
2003-07-03,0.989
2003-07-07,0.77
2003-07-08,0.705
2003-07-09,0.753
2003-07-10,0.776
2003-07-11,0.694
2003-07-14,0.698
2003-07-15,0.465
2003-07-16,0.536
2003-07-17,0.548
2003-07-18,0.603
2003-07-21,0.69
2003-07-22,0.633
2003-07-23,0.872
2003-07-24,0.886
2003-07-25,0.924
2003-07-28,0.908
2003-07-29,0.79
2003-07-30,0.632
2003-07-31,0.492
2003-08-01,0.406
2003-08-04,0.551
2003-08-05,0.565
2003-08-06,0.546
2003-08-07,0.615
2003-08-08,0.6
2003-08-11,0.685
2003-08-12,0.569
2003-08-13,0.597
2003-08-14,0.602
2003-08-15,0.562
2003-08-18,0.39
2003-08-19,0.467
2003-08-20,0.507
2003-08-21,0.27
2003-08-22,0.274
2003-08-25,0.24
2003-08-26,0.305
2003-08-27,0.393
2003-08-28,0.366
2003-08-29,0.521
2003-09-02,0.301
2003-09-03,0.351
2003-09-04,0.408
2003-09-05,0.613
2003-09-08,0.538
2003-09-09,0.719
2003-09-10,0.677
2003-09-11,0.653
2003-09-12,0.642
2003-09-15,0.611
2003-09-16,0.533
2003-09-17,0.672
2003-09-18,0.642
2003-09-19,0.84
2003-09-22,1.005
2003-09-23,0.945
2003-09-24,1.049
2003-09-25,1.016
2003-09-26,0.958
2003-09-29,1.071
2003-09-30,1.135
2003-10-01,1.171
2003-10-02,1.106
2003-10-03,0.779
2003-10-06,0.914
2003-10-07,0.989
2003-10-08,0.991
2003-10-09,0.877
2003-10-10,0.956
2003-10-13,0.911
2003-10-14,0.915
2003-10-15,0.776
2003-10-16,0.717
2003-10-17,0.767
2003-10-20,0.75
2003-10-21,0.863
2003-10-22,1.058
2003-10-23,0.999
2003-10-24,1.065
2003-10-27,1.022
2003-10-28,0.906
2003-10-29,0.924
2003-10-30,0.838
2003-10-31,0.791
2003-11-03,0.547
2003-11-04,0.619
2003-11-05,0.575
2003-11-06,0.494
2003-11-07,0.617
2003-11-10,0.625
2003-11-11,0.667
2003-11-12,0.813
2003-11-13,0.923
2003-11-14,0.999
2003-11-17,0.903
2003-11-18,1.189
2003-11-19,1.011
2003-11-20,1.053
2003-11-21,1.071
2003-11-24,0.861
2003-11-25,0.867
2003-11-26,1.047
2003-11-28,1.051
2003-12-01,1.052
2003-12-02,1.134
2003-12-03,1.153
2003-12-04,1.113
2003-12-05,1.243
2003-12-08,1.278
2003-12-09,1.304
2003-12-10,1.222
2003-12-11,1.214
2003-12-12,1.283
2003-12-15,1.305
2003-12-16,1.277
2003-12-17,1.373
2003-12-18,1.365
2003-12-19,1.296
2003-12-22,1.295
2003-12-23,1.277
2003-12-24,1.351
2003-12-26,1.307
2003-12-29,1.344
2003-12-30,1.389
2003-12-31,1.372
2004-01-02,1.258
2004-01-05,1.393
2004-01-06,1.409
2004-01-07,1.323
2004-01-08,1.421
2004-01-09,1.483
2004-01-12,1.411
2004-01-13,1.431
2004-01-14,1.314
2004-01-15,1.141
2004-01-16,0.983
2004-01-20,1.123
2004-01-21,1.133
2004-01-22,1.175
2004-01-23,1.067
2004-01-26,0.934
2004-01-27,1.099
2004-01-28,0.982
2004-01-29,0.84
2004-01-30,0.892
2004-02-02,0.804
2004-02-03,0.882
2004-02-04,0.876
2004-02-05,0.826
2004-02-06,0.977
2004-02-09,0.996
2004-02-10,0.972
2004-02-11,1.075
2004-02-12,1.056
2004-02-13,0.996
2004-02-17,1.08
2004-02-18,0.935
2004-02-19,0.927
2004-02-20,0.673
2004-02-23,0.708
2004-02-24,0.827
2004-02-25,0.651
2004-02-26,0.586
2004-02-27,0.628
2004-03-01,0.618
2004-03-02,0.401
2004-03-03,0.405
2004-03-04,0.383
2004-03-05,0.537
2004-03-08,0.566
2004-03-09,0.531
2004-03-10,0.464
2004-03-11,0.562
2004-03-12,0.412
2004-03-15,0.482
2004-03-16,0.52
2004-03-17,0.553
2004-03-18,0.68
2004-03-19,0.625
2004-03-22,0.701
2004-03-23,0.713
2004-03-24,0.581
2004-03-25,0.565
2004-03-26,0.583
2004-03-29,0.549
2004-03-30,0.575
2004-03-31,0.695
2004-04-01,0.704
2004-04-02,0.499
2004-04-05,0.382
2004-04-06,0.464
2004-04-07,0.535
2004-04-08,0.45
2004-04-12,0.435
2004-04-13,0.245
2004-04-14,0.169
2004-04-15,0.17
2004-04-16,0.19
2004-04-19,0.202
2004-04-20,0.059
2004-04-21,-0.006
2004-04-22,0.04
2004-04-23,0.023
2004-04-26,0.072
2004-04-27,0.116
2004-04-28,-0.042
2004-04-29,0.029
2004-04-30,0.009
2004-05-03,-0.01
2004-05-04,0.116
2004-05-05,0.16
2004-05-06,0.063
2004-05-07,-0.129
2004-05-10,-0.146
2004-05-11,-0.142
2004-05-12,-0.126
2004-05-13,-0.208
2004-05-14,-0.157
2004-05-17,-0.054
2004-05-18,-0.103
2004-05-19,-0.02
2004-05-20,-0.069
2004-05-21,-0.014
2004-05-24,0.002
2004-05-25,0.075
2004-05-26,0.081
2004-05-27,0.247
2004-05-28,0.209
2004-06-01,0.212
2004-06-02,0.181
2004-06-03,0.151
2004-06-04,0.194
2004-06-07,0.248
2004-06-08,0.218
2004-06-09,0.07
2004-06-10,0.128
2004-06-14,0.033
2004-06-15,0.144
2004-06-16,0.025
2004-06-17,0.112
2004-06-18,0.192
2004-06-21,0.174
2004-06-22,0.156
2004-06-23,0.156
2004-06-24,0.258
2004-06-25,0.234
2004-06-28,0.214
2004-06-29,0.089
2004-06-30,0.161
2004-07-01,0.172
2004-07-02,0.261
2004-07-06,0.195
2004-07-07,0.306
2004-07-08,0.342
2004-07-09,0.355
2004-07-12,0.349
2004-07-13,0.254
2004-07-14,0.296
2004-07-15,0.245
2004-07-16,0.336
2004-07-19,0.319
2004-07-20,0.203
2004-07-21,0.128
2004-07-22,0.123
2004-07-23,0.009
2004-07-26,0.011
2004-07-27,-0.075
2004-07-28,-0.073
2004-07-29,-0.099
2004-07-30,-0.069
2004-08-02,-0.047
2004-08-03,-0.026
2004-08-04,-0.047
2004-08-05,-0.043
2004-08-06,0.13
2004-08-09,0.115
2004-08-10,0.059
2004-08-11,0.04
2004-08-12,0.046
2004-08-13,0.152
2004-08-16,0.16
2004-08-17,0.171
2004-08-18,0.162
2004-08-19,0.185
2004-08-20,0.189
2004-08-23,0.078
2004-08-24,0.016
2004-08-25,0.029
2004-08-26,0.04
2004-08-27,-0.025
2004-08-30,0.014
2004-08-31,0.089
2004-09-01,0.096
2004-09-02,0.064
2004-09-03,-0.03
2004-09-07,-0.017
2004-09-08,0.031
2004-09-09,0.014
2004-09-10,0.059
2004-09-13,0.059
2004-09-14,0.073
2004-09-15,0.014
2004-09-16,0.033
2004-09-17,0.033
2004-09-20,0.017
2004-09-21,0.117
2004-09-22,0.073
2004-09-23,0.083
2004-09-24,0.066
2004-09-27,0.071
2004-09-28,0.099
2004-09-29,0.099
2004-09-30,0.18
2004-10-01,0.159
2004-10-04,0.061
2004-10-05,0.097
2004-10-06,0.07
2004-10-07,0.07
2004-10-08,0.179
2004-10-11,0.174
2004-10-12,0.105
2004-10-13,0.126
2004-10-14,0.162
2004-10-15,0.209
2004-10-18,0.201
2004-10-19,0.237
2004-10-20,0.297
2004-10-21,0.315
2004-10-22,0.34
2004-10-25,0.428
2004-10-26,0.394
2004-10-27,0.353
2004-10-28,0.376
2004-10-29,0.427
2004-11-01,0.368
2004-11-02,0.33
2004-11-03,0.399
2004-11-04,0.431
2004-11-05,0.491
2004-11-08,0.465
2004-11-09,0.465
2004-11-10,0.442
2004-11-11,0.458
2004-11-12,0.514
2004-11-15,0.479
2004-11-16,0.5
2004-11-17,0.588
2004-11-18,0.541
2004-11-19,0.598
2004-11-22,0.605
2004-11-23,0.609
2004-11-24,0.672
2004-11-26,0.706
2004-11-29,0.693
2004-11-30,0.665
2004-12-01,0.692
2004-12-02,0.614
2004-12-03,0.739
2004-12-06,0.672
2004-12-07,0.661
2004-12-08,0.567
2004-12-09,0.529
2004-12-10,0.464
2004-12-13,0.519
2004-12-14,0.489
2004-12-15,0.572
2004-12-16,0.478
2004-12-17,0.513
2004-12-20,0.552
2004-12-21,0.523
2004-12-22,0.514
2004-12-23,0.551
2004-12-27,0.611
2004-12-28,0.611
2004-12-29,0.564
2004-12-30,0.589
2004-12-31,0.562
2005-01-03,0.483
2005-01-04,0.371
2005-01-05,0.366
2005-01-06,0.301
2005-01-07,0.254
2005-01-10,0.269
2005-01-11,0.292
2005-01-12,0.379
2005-01-13,0.357
2005-01-14,0.314
2005-01-18,0.283
2005-01-19,0.271
2005-01-20,0.245
2005-01-21,0.299
2005-01-24,0.304
2005-01-25,0.222
2005-01-26,0.289
2005-01-27,0.285
2005-01-28,0.276
2005-01-31,0.245
2005-02-01,0.235
2005-02-02,0.231
2005-02-03,0.17
2005-02-04,0.127
2005-02-07,0.066
2005-02-08,0.061
2005-02-09,0.081
2005-02-10,0.122
2005-02-11,0.131
2005-02-14,0.202
2005-02-15,0.233
2005-02-16,0.224
2005-02-17,0.241
2005-02-18,0.244
2005-02-22,0.374
2005-02-23,0.34
2005-02-24,0.311
2005-02-25,0.339
2005-02-28,0.332
2005-03-01,0.309
2005-03-02,0.28
2005-03-03,0.236
2005-03-04,0.301
2005-03-07,0.276
2005-03-08,0.352
2005-03-09,0.37
2005-03-10,0.386
2005-03-11,0.405
2005-03-14,0.346
2005-03-15,0.323
2005-03-16,0.374
2005-03-17,0.338
2005-03-18,0.315
2005-03-21,0.223
2005-03-22,0.166
2005-03-23,0.128
2005-03-24,0.104
2005-03-28,0.087
2005-03-29,0.091
2005-03-30,0.093
2005-03-31,0.109
2005-04-01,0.074
2005-04-04,0.034
2005-04-05,0.051
2005-04-06,0.049
2005-04-07,0.034
2005-04-08,0.074
2005-04-11,0.09
2005-04-12,0.074
2005-04-13,0.075
2005-04-14,0.006
2005-04-15,0.05
2005-04-18,0.097
2005-04-19,0.148
2005-04-20,0.159
2005-04-21,0.134
2005-04-22,0.155
2005-04-25,0.134
2005-04-26,0.135
2005-04-27,0.098
2005-04-28,0.084
2005-04-29,0.097
2005-05-02,0.063
2005-05-03,0.05
2005-05-04,0.087
2005-05-05,0.085
2005-05-06,0.019
2005-05-09,0.013
2005-05-10,0.026
2005-05-11,0.004
2005-05-12,-0.058
2005-05-13,-0.102
2005-05-16,-0.096
2005-05-17,-0.117
2005-05-18,-0.074
2005-05-19,-0.098
2005-05-20,-0.15
2005-05-23,-0.137
2005-05-24,-0.131
2005-05-25,-0.124
2005-05-26,-0.163
2005-05-27,-0.131
2005-05-31,-0.217
2005-06-01,-0.253
2005-06-02,-0.208
2005-06-03,-0.207
2005-06-06,-0.173
2005-06-07,-0.168
2005-06-08,-0.211
2005-06-09,-0.214
2005-06-10,-0.255
2005-06-13,-0.261
2005-06-14,-0.289
2005-06-15,-0.244
2005-06-16,-0.217
2005-06-17,-0.159
2005-06-20,-0.209
2005-06-21,-0.183
2005-06-22,-0.218
2005-06-23,-0.231
2005-06-24,-0.221
2005-06-27,-0.206
2005-06-28,-0.264
2005-06-29,-0.263
2005-06-30,-0.275
2005-07-01,-0.364
2005-07-05,-0.395
2005-07-06,-0.392
2005-07-07,-0.381
2005-07-08,-0.389
2005-07-11,-0.33
2005-07-12,-0.263
2005-07-13,-0.339
2005-07-14,-0.363
2005-07-15,-0.371
2005-07-18,-0.37
2005-07-19,-0.393
2005-07-20,-0.344
2005-07-21,-0.302
2005-07-22,-0.356
2005-07-25,-0.354
2005-07-26,-0.385
2005-07-27,-0.363
2005-07-28,-0.321
2005-07-29,-0.326
2005-08-01,-0.29
2005-08-02,-0.273
2005-08-03,-0.203
2005-08-04,-0.19
2005-08-05,-0.209
2005-08-08,-0.216
2005-08-09,-0.209
2005-08-10,-0.178
2005-08-11,-0.104
2005-08-12,-0.106
2005-08-15,-0.143
2005-08-16,-0.135
2005-08-17,-0.192
2005-08-18,-0.232
2005-08-19,-0.255
2005-08-22,-0.222
2005-08-23,-0.219
2005-08-24,-0.212
2005-08-25,-0.186
2005-08-26,-0.201
2005-08-29,-0.234
2005-08-30,-0.266
2005-08-31,-0.208
2005-09-01,-0.113
2005-09-02,-0.094
2005-09-06,-0.119
2005-09-07,-0.139
2005-09-08,-0.142
2005-09-09,-0.122
2005-09-12,-0.17
2005-09-13,-0.196
2005-09-14,-0.171
2005-09-15,-0.185
2005-09-16,-0.181
2005-09-19,-0.194
2005-09-20,-0.214
2005-09-21,-0.15
2005-09-22,-0.201
2005-09-23,-0.26
2005-09-26,-0.231
2005-09-27,-0.278
2005-09-28,-0.245
2005-09-29,-0.234
2005-09-30,-0.272
2005-10-03,-0.314
2005-10-04,-0.313
2005-10-05,-0.295
2005-10-06,-0.184
2005-10-07,-0.21
2005-10-10,-0.23
2005-10-11,-0.254
2005-10-12,-0.252
2005-10-13,-0.252
2005-10-14,-0.237
2005-10-17,-0.253
2005-10-18,-0.288
2005-10-19,-0.297
2005-10-20,-0.283
2005-10-21,-0.293
2005-10-24,-0.278
2005-10-25,-0.203
2005-10-26,-0.229
2005-10-27,-0.183
2005-10-28,-0.21
2005-10-31,-0.273
2005-11-01,-0.291
2005-11-02,-0.245
2005-11-03,-0.297
2005-11-04,-0.367
2005-11-07,-0.346
2005-11-08,-0.351
2005-11-09,-0.328
2005-11-10,-0.354
2005-11-11,-0.332
2005-11-14,-0.358
2005-11-15,-0.352
2005-11-16,-0.348
2005-11-17,-0.293
2005-11-18,-0.281
2005-11-21,-0.279
2005-11-22,-0.235
2005-11-23,-0.237
2005-11-25,-0.267
2005-11-28,-0.201
2005-11-29,-0.233
2005-11-30,-0.248
2005-12-01,-0.239
2005-12-02,-0.24
2005-12-05,-0.194
2005-12-06,-0.189
2005-12-07,-0.2
2005-12-08,-0.136
2005-12-09,-0.126
2005-12-12,-0.068
2005-12-13,-0.102
2005-12-14,-0.072
2005-12-15,-0.086
2005-12-16,-0.076
2005-12-19,-0.087
2005-12-20,-0.184
2005-12-21,-0.183
2005-12-22,-0.147
2005-12-23,-0.148
2005-12-27,-0.166
2005-12-28,-0.149
2005-12-29,-0.137
2005-12-30,-0.136
2006-01-03,0.004
2006-01-04,0.046
2006-01-05,0.022
2006-01-06,0.094
2006-01-09,0.094
2006-01-10,0.068
2006-01-11,0.099
2006-01-12,0.061
2006-01-13,0.117
2006-01-17,0.078
2006-01-18,0.058
2006-01-19,0.077
2006-01-20,0.099
2006-01-23,0.183
2006-01-24,0.163
2006-01-25,0.145
2006-01-26,0.119
2006-01-27,0.057
2006-01-30,0.062
2006-01-31,0.088
2006-02-01,0.046
2006-02-02,0.052
2006-02-03,0.011
2006-02-06,-0.012
2006-02-07,-0.029
2006-02-08,-0.039
2006-02-09,-0.017
2006-02-10,-0.052
2006-02-13,-0.072
2006-02-14,-0.053
2006-02-15,-0.081
2006-02-16,-0.06
2006-02-17,-0.06
2006-02-21,-0.057
2006-02-22,-0.062
2006-02-23,-0.044
2006-02-24,-0.044
2006-02-27,-0.053
2006-02-28,-0.004
2006-03-01,-0.009
2006-03-02,0.055
2006-03-03,0.042
2006-03-06,0.002
2006-03-07,-0.054
2006-03-08,-0.051
2006-03-09,-0.066
2006-03-10,-0.09
2006-03-13,-0.059
2006-03-14,-0.009
2006-03-15,0.019
2006-03-16,0.056
2006-03-17,0.068
2006-03-20,0.053
2006-03-21,0.006
2006-03-22,-0.005
2006-03-23,-0.056
2006-03-24,-0.016
2006-03-27,0.008
2006-03-28,-0.014
2006-03-29,0.002
2006-03-30,0.075
2006-03-31,0.036
2006-04-03,0.047
2006-04-04,0.094
2006-04-05,0.117
2006-04-06,0.101
2006-04-07,0.043
2006-04-10,0.055
2006-04-11,0.06
2006-04-12,0.056
2006-04-13,0.057
2006-04-17,0.143
2006-04-18,0.191
2006-04-19,0.221
2006-04-20,0.147
2006-04-21,0.192
2006-04-24,0.227
2006-04-25,0.235
2006-04-26,0.238
2006-04-27,0.274
2006-04-28,0.351
2006-05-01,0.345
2006-05-02,0.368
2006-05-03,0.36
2006-05-04,0.393
2006-05-05,0.417
2006-05-08,0.413
2006-05-09,0.459
2006-05-10,0.475
2006-05-11,0.49
2006-05-12,0.536
2006-05-15,0.448
2006-05-16,0.482
2006-05-17,0.431
2006-05-18,0.453
2006-05-19,0.385
2006-05-22,0.421
2006-05-23,0.412
2006-05-24,0.342
2006-05-25,0.366
2006-05-26,0.328
2006-05-30,0.379
2006-05-31,0.336
2006-06-01,0.316
2006-06-02,0.379
2006-06-05,0.368
2006-06-06,0.32
2006-06-07,0.293
2006-06-08,0.231
2006-06-09,0.234
2006-06-12,0.216
2006-06-13,0.141
2006-06-14,0.165
2006-06-15,0.187
2006-06-16,0.182
2006-06-19,0.136
2006-06-20,0.157
2006-06-21,0.185
2006-06-22,0.132
2006-06-23,0.104
2006-06-26,0.129
2006-06-27,0.123
2006-06-28,0.111
2006-06-29,0.176
2006-06-30,0.241
2006-07-03,0.24
2006-07-05,0.199
2006-07-06,0.223
2006-07-07,0.248
2006-07-10,0.214
2006-07-11,0.239
2006-07-12,0.202
2006-07-13,0.217
2006-07-14,0.193
2006-07-17,0.116
2006-07-18,0.095
2006-07-19,0.126
2006-07-20,0.13
2006-07-21,0.154
2006-07-24,0.116
2006-07-25,0.088
2006-07-26,0.148
2006-07-27,0.163
2006-07-28,0.197
2006-07-31,0.201
2006-08-01,0.226
2006-08-02,0.213
2006-08-03,0.206
2006-08-04,0.239
2006-08-07,0.223
2006-08-08,0.213
2006-08-09,0.217
2006-08-10,0.183
2006-08-11,0.14
2006-08-14,0.128
2006-08-15,0.155
2006-08-16,0.183
2006-08-17,0.161
2006-08-18,0.162
2006-08-21,0.198
2006-08-22,0.155
2006-08-23,0.153
2006-08-24,0.139
2006-08-25,0.127
2006-08-28,0.13
2006-08-29,0.16
2006-08-30,0.16
2006-08-31,0.152
2006-09-01,0.154
2006-09-05,0.163
2006-09-06,0.148
2006-09-07,0.115
2006-09-08,0.085
2006-09-11,0.067
2006-09-12,0.051
2006-09-13,0.055
2006-09-14,0.046
2006-09-15,0.035
2006-09-18,0.049
2006-09-19,0.038
2006-09-20,0.044
2006-09-21,0.096
2006-09-22,0.113
2006-09-25,0.103
2006-09-26,0.081
2006-09-27,0.079
2006-09-28,0.066
2006-09-29,0.047
2006-10-02,0.077
2006-10-03,0.051
2006-10-04,0.037
2006-10-05,0.034
2006-10-06,-0.013
2006-10-09,-0.017
2006-10-10,-0.054
2006-10-11,-0.064
2006-10-12,-0.043
2006-10-13,-0.051
2006-10-16,-0.034
2006-10-17,-0.028
2006-10-18,-0.034
2006-10-19,0.018
2006-10-20,0.001
2006-10-23,-0.038
2006-10-24,-0.037
2006-10-25,-0.02
2006-10-26,0.026
2006-10-27,0.053
2006-10-30,0.055
2006-10-31,0.079
2006-11-01,0.08
2006-11-02,0.084
2006-11-03,0.045
2006-11-06,0.034
2006-11-07,0.06
2006-11-08,0.049
2006-11-09,0.079
2006-11-10,0.084
2006-11-13,0.061
2006-11-14,0.068
2006-11-15,0.057
2006-11-16,0.041
2006-11-17,0.06
2006-11-20,0.054
2006-11-21,0.068
2006-11-22,0.126
2006-11-24,0.19
2006-11-27,0.197
2006-11-28,0.21
2006-11-29,0.181
2006-11-30,0.23
2006-12-01,0.25
2006-12-04,0.252
2006-12-05,0.252
2006-12-06,0.224
2006-12-07,0.224
2006-12-08,0.171
2006-12-11,0.173
2006-12-12,0.186
2006-12-13,0.149
2006-12-14,0.117
2006-12-15,0.085
2006-12-18,0.084
2006-12-19,0.115
2006-12-20,0.098
2006-12-21,0.102
2006-12-22,0.082
2006-12-26,0.069
2006-12-27,0.066
2006-12-28,0.081
2006-12-29,0.085
2007-01-03,0.055
2007-01-04,0.035
2007-01-05,0.017
2007-01-08,0.017
2007-01-09,0
2007-01-10,-0.022
2007-01-11,-0.044
2007-01-12,-0.025
2007-01-16,-0.033
2007-01-17,-0.028
2007-01-18,-0.034
2007-01-19,-0.035
2007-01-22,-0.045
2007-01-23,-0.021
2007-01-24,-0.03
2007-01-25,-0.04
2007-01-26,-0.056
2007-01-29,-0.058
2007-01-30,-0.05
2007-01-31,-0.014
2007-02-01,-0.015
2007-02-02,-0.04
2007-02-05,-0.034
2007-02-06,-0.005
2007-02-07,-0.016
2007-02-08,-0.024
2007-02-09,-0.038
2007-02-12,-0.061
2007-02-13,-0.031
2007-02-14,0
2007-02-15,0.031
2007-02-16,0.027
2007-02-20,0.006
2007-02-21,0.001
2007-02-22,-0.012
2007-02-23,0.013
2007-02-26,0.026
2007-02-27,0.083
2007-02-28,0.068
2007-03-01,0.068
2007-03-02,0.079
2007-03-05,0.074
2007-03-06,0.061
2007-03-07,0.085
2007-03-08,0.044
2007-03-09,0.009
2007-03-12,0.043
2007-03-13,0.074
2007-03-14,0.065
2007-03-15,0.058
2007-03-16,0.098
2007-03-19,0.074
2007-03-20,0.084
2007-03-21,0.092
2007-03-22,0.067
2007-03-23,0.049
2007-03-26,0.062
2007-03-27,0.071
2007-03-28,0.074
2007-03-29,0.052
2007-03-30,0.061
2007-04-02,0.059
2007-04-03,0.026
2007-04-04,0.041
2007-04-05,0.054
2007-04-09,0.011
2007-04-10,0.045
2007-04-11,0.031
2007-04-12,0.045
2007-04-13,0.056
2007-04-16,0.054
2007-04-17,0.08
2007-04-18,0.095
2007-04-19,0.093
2007-04-20,0.086
2007-04-23,0.082
2007-04-24,0.1
2007-04-25,0.094
2007-04-26,0.064
2007-04-27,0.076
2007-04-30,0.075
2007-05-01,0.052
2007-05-02,0.047
2007-05-03,0.039
2007-05-04,0.058
2007-05-07,0.061
2007-05-08,0.042
2007-05-09,0.036
2007-05-10,0.025
2007-05-11,0.027
2007-05-14,0.025
2007-05-15,0.038
2007-05-16,0.005
2007-05-17,-0.014
2007-05-18,-0.01
2007-05-21,-0.022
2007-05-22,-0.026
2007-05-23,-0.021
2007-05-24,-0.023
2007-05-25,-0.027
2007-05-29,-0.022
2007-05-30,-0.026
2007-05-31,-0.023
2007-06-01,-0.036
2007-06-04,-0.015
2007-06-05,-0.001
2007-06-06,0.007
2007-06-07,-0.026
2007-06-08,-0.067
2007-06-11,-0.074
2007-06-12,-0.094
2007-06-13,-0.108
2007-06-14,-0.116
2007-06-15,-0.106
2007-06-18,-0.106
2007-06-19,-0.093
2007-06-20,-0.094
2007-06-21,-0.111
2007-06-22,-0.08
2007-06-25,-0.075
2007-06-26,-0.072
2007-06-27,-0.068
2007-06-28,-0.076
2007-06-29,-0.047
2007-07-02,-0.004
2007-07-03,-0.021
2007-07-05,-0.04
2007-07-06,-0.045
2007-07-09,-0.04
2007-07-10,0.026
2007-07-11,0.006
2007-07-12,0.014
2007-07-13,0.023
2007-07-16,0.024
2007-07-17,0.018
2007-07-18,0.034
2007-07-19,0.03
2007-07-20,0.054
2007-07-23,0.044
2007-07-24,0.066
2007-07-25,0.032
2007-07-26,0.078
2007-07-27,0.062
2007-07-30,0.068
2007-07-31,0.079
2007-08-01,0.065
2007-08-02,0.064
2007-08-03,0.122
2007-08-06,0.105
2007-08-07,0.089
2007-08-08,0.075
2007-08-09,0.088
2007-08-10,0.085
2007-08-13,0.067
2007-08-14,0.059
2007-08-15,0.049
2007-08-16,0.09
2007-08-17,0.105
2007-08-20,0.105
2007-08-21,0.112
2007-08-22,0.1
2007-08-23,0.089
2007-08-24,0.111
2007-08-27,0.114
2007-08-28,0.14
2007-08-29,0.116
2007-08-30,0.109
2007-08-31,0.104
2007-09-04,0.087
2007-09-05,0.127
2007-09-06,0.136
2007-09-07,0.207
2007-09-10,0.214
2007-09-11,0.204
2007-09-12,0.213
2007-09-13,0.191
2007-09-14,0.178
2007-09-17,0.187
2007-09-18,0.194
2007-09-19,0.179
2007-09-20,0.227
2007-09-21,0.218
2007-09-24,0.224
2007-09-25,0.243
2007-09-26,0.216
2007-09-27,0.216
2007-09-28,0.26
2007-10-01,0.236
2007-10-02,0.209
2007-10-03,0.175
2007-10-04,0.199
2007-10-05,0.179
2007-10-08,0.145
2007-10-09,0.158
2007-10-10,0.159
2007-10-11,0.167
2007-10-12,0.15
2007-10-15,0.166
2007-10-16,0.167
2007-10-17,0.18
2007-10-18,0.235
2007-10-19,0.267
2007-10-22,0.224
2007-10-23,0.24
2007-10-24,0.255
2007-10-25,0.272
2007-10-26,0.283
2007-10-29,0.282
2007-10-30,0.291
2007-10-31,0.283
2007-11-01,0.294
2007-11-02,0.313
2007-11-05,0.315
2007-11-06,0.343
2007-11-07,0.413
2007-11-08,0.427
2007-11-09,0.47
2007-11-12,0.448
2007-11-13,0.43
2007-11-14,0.436
2007-11-15,0.445
2007-11-16,0.448
2007-11-19,0.478
2007-11-20,0.514
2007-11-21,0.553
2007-11-23,0.564
2007-11-26,0.603
2007-11-27,0.544
2007-11-28,0.504
2007-11-29,0.481
2007-11-30,0.41
2007-12-03,0.447
2007-12-04,0.486
2007-12-05,0.424
2007-12-06,0.411
2007-12-07,0.396
2007-12-10,0.399
2007-12-11,0.412
2007-12-12,0.379
2007-12-13,0.34
2007-12-14,0.276
2007-12-17,0.295
2007-12-18,0.288
2007-12-19,0.281
2007-12-20,0.27
2007-12-21,0.263
2007-12-24,0.255
2007-12-26,0.273
2007-12-27,0.323
2007-12-28,0.397
2007-12-31,0.375
2008-01-02,0.474
2008-01-03,0.505
2008-01-04,0.523
2008-01-07,0.487
2008-01-08,0.514
2008-01-09,0.479
2008-01-10,0.532
2008-01-11,0.55
2008-01-14,0.593
2008-01-15,0.613
2008-01-16,0.556
2008-01-17,0.582
2008-01-18,0.58
2008-01-22,0.614
2008-01-23,0.606
2008-01-24,0.622
2008-01-25,0.615
2008-01-28,0.645
2008-01-29,0.618
2008-01-30,0.671
2008-01-31,0.674
2008-02-01,0.633
2008-02-04,0.625
2008-02-05,0.58
2008-02-06,0.591
2008-02-07,0.534
2008-02-08,0.569
2008-02-11,0.575
2008-02-12,0.556
2008-02-13,0.515
2008-02-14,0.543
2008-02-15,0.557
2008-02-19,0.559
2008-02-20,0.547
2008-02-21,0.607
2008-02-22,0.619
2008-02-25,0.578
2008-02-26,0.649
2008-02-27,0.713
2008-02-28,0.802
2008-02-29,0.879
2008-03-03,0.885
2008-03-04,0.879
2008-03-05,0.888
2008-03-06,0.963
2008-03-07,0.958
2008-03-10,1.002
2008-03-11,0.91
2008-03-12,1.034
2008-03-13,1.081
2008-03-14,1.167
2008-03-17,1.267
2008-03-18,1.124
2008-03-19,1.121
2008-03-20,1.032
2008-03-24,0.948
2008-03-25,1.042
2008-03-26,1.142
2008-03-27,1.096
2008-03-28,1.093
2008-03-31,1.074
2008-04-01,0.897
2008-04-02,0.92
2008-04-03,0.918
2008-04-04,0.974
2008-04-07,0.921
2008-04-08,0.902
2008-04-09,0.991
2008-04-10,0.948
2008-04-11,1.002
2008-04-14,0.995
2008-04-15,0.94
2008-04-16,0.972
2008-04-17,0.918
2008-04-18,0.824
2008-04-21,0.86
2008-04-22,0.89
2008-04-23,0.813
2008-04-24,0.677
2008-04-25,0.661
2008-04-28,0.682
2008-04-29,0.637
2008-04-30,0.674
2008-05-01,0.564
2008-05-02,0.497
2008-05-05,0.543
2008-05-06,0.547
2008-05-07,0.517
2008-05-08,0.576
2008-05-09,0.637
2008-05-12,0.602
2008-05-13,0.504
2008-05-14,0.475
2008-05-15,0.502
2008-05-16,0.574
2008-05-19,0.543
2008-05-20,0.64
2008-05-21,0.703
2008-05-22,0.634
2008-05-23,0.676
2008-05-27,0.571
2008-05-28,0.516
2008-05-29,0.405
2008-05-30,0.438
2008-06-02,0.483
2008-06-03,0.431
2008-06-04,0.407
2008-06-05,0.395
2008-06-06,0.535
2008-06-09,0.435
2008-06-10,0.293
2008-06-11,0.359
2008-06-12,0.251
2008-06-13,0.214
2008-06-16,0.243
2008-06-17,0.267
2008-06-18,0.303
2008-06-19,0.259
2008-06-20,0.322
2008-06-23,0.247
2008-06-24,0.276
2008-06-25,0.294
2008-06-26,0.405
2008-06-27,0.455
2008-06-30,0.417
2008-07-01,0.433
2008-07-02,0.47
2008-07-03,0.379
2008-07-07,0.366
2008-07-08,0.319
2008-07-09,0.378
2008-07-10,0.394
2008-07-11,0.449
2008-07-14,0.476
2008-07-15,0.531
2008-07-16,0.453
2008-07-17,0.401
2008-07-18,0.355
2008-07-21,0.397
2008-07-22,0.292
2008-07-23,0.213
2008-07-24,0.243
2008-07-25,0.221
2008-07-28,0.252
2008-07-29,0.161
2008-07-30,0.136
2008-07-31,0.158
2008-08-01,0.142
2008-08-04,0.106
2008-08-05,0.039
2008-08-06,-0.018
2008-08-07,-0.022
2008-08-08,-0.156
2008-08-11,-0.225
2008-08-12,-0.217
2008-08-13,-0.208
2008-08-14,-0.269
2008-08-15,-0.331
2008-08-18,-0.302
2008-08-19,-0.259
2008-08-20,-0.282
2008-08-21,-0.175
2008-08-22,-0.283
2008-08-25,-0.251
2008-08-26,-0.275
2008-08-27,-0.261
2008-08-28,-0.262
2008-08-29,-0.271
2008-09-02,-0.322
2008-09-03,-0.316
2008-09-04,-0.311
2008-09-05,-0.355
2008-09-08,-0.416
2008-09-09,-0.382
2008-09-10,-0.475
2008-09-11,-0.483
2008-09-12,-0.435
2008-09-15,-0.264
2008-09-16,-0.313
2008-09-17,-0.129
2008-09-18,-0.174
2008-09-19,-0.224
2008-09-22,-0.055
2008-09-23,-0.097
2008-09-24,-0.137
2008-09-25,-0.162
2008-09-26,-0.147
2008-09-29,-0.061
2008-09-30,-0.286
2008-10-01,-0.274
2008-10-02,-0.322
2008-10-03,-0.295
2008-10-06,-0.252
2008-10-07,-0.19
2008-10-08,-0.115
2008-10-09,-0.149
2008-10-10,-0.269
2008-10-13,-0.287
2008-10-14,-0.282
2008-10-15,-0.215
2008-10-16,-0.278
2008-10-17,-0.273
2008-10-20,-0.281
2008-10-21,-0.255
2008-10-22,-0.234
2008-10-23,-0.211
2008-10-24,-0.151
2008-10-27,-0.087
2008-10-28,-0.174
2008-10-29,-0.091
2008-10-30,-0.12
2008-10-31,-0.142
2008-11-03,-0.155
2008-11-04,-0.103
2008-11-05,-0.055
2008-11-06,-0.064
2008-11-07,-0.066
2008-11-10,-0.044
2008-11-11,-0.036
2008-11-12,0.037
2008-11-13,-0.012
2008-11-14,0.01
2008-11-17,0.042
2008-11-18,0.054
2008-11-19,0.107
2008-11-20,0.183
2008-11-21,0.131
2008-11-24,0.12
2008-11-25,0.192
2008-11-26,0.199
2008-11-28,0.222
2008-12-01,0.316
2008-12-02,0.337
2008-12-03,0.353
2008-12-04,0.395
2008-12-05,0.384
2008-12-08,0.37
2008-12-09,0.391
2008-12-10,0.369
2008-12-11,0.394
2008-12-12,0.398
2008-12-15,0.417
2008-12-16,0.475
2008-12-17,0.536
2008-12-18,0.521
2008-12-19,0.532
2008-12-22,0.518
2008-12-23,0.514
2008-12-24,0.528
2008-12-26,0.52
2008-12-29,0.529
2008-12-30,0.544
2008-12-31,0.513
2009-01-02,0.476
2009-01-05,0.43
2009-01-06,0.411
2009-01-07,0.426
2009-01-08,0.458
2009-01-09,0.5
2009-01-12,0.559
2009-01-13,0.568
2009-01-14,0.605
2009-01-15,0.591
2009-01-16,0.54
2009-01-20,0.544
2009-01-21,0.526
2009-01-22,0.509
2009-01-23,0.469
2009-01-26,0.439
2009-01-27,0.465
2009-01-28,0.43
2009-01-29,0.398
2009-01-30,0.395
2009-02-02,0.436
2009-02-03,0.399
2009-02-04,0.388
2009-02-05,0.358
2009-02-06,0.323
2009-02-09,0.327
2009-02-10,0.384
2009-02-11,0.407
2009-02-12,0.414
2009-02-13,0.373
2009-02-17,0.428
2009-02-18,0.382
2009-02-19,0.345
2009-02-20,0.366
2009-02-23,0.357
2009-02-24,0.326
2009-02-25,0.308
2009-02-26,0.258
2009-02-27,0.279
2009-03-02,0.338
2009-03-03,0.324
2009-03-04,0.278
2009-03-05,0.34
2009-03-06,0.335
2009-03-09,0.338
2009-03-10,0.315
2009-03-11,0.324
2009-03-12,0.324
2009-03-13,0.301
2009-03-16,0.268
2009-03-17,0.246
2009-03-18,0.31
2009-03-19,0.331
2009-03-20,0.326
2009-03-23,0.294
2009-03-24,0.257
2009-03-25,0.246
2009-03-26,0.24
2009-03-27,0.276
2009-03-30,0.316
2009-03-31,0.292
2009-04-01,0.298
2009-04-02,0.222
2009-04-03,0.176
2009-04-06,0.172
2009-04-07,0.192
2009-04-08,0.209
2009-04-09,0.185
2009-04-13,0.174
2009-04-14,0.213
2009-04-15,0.225
2009-04-16,0.215
2009-04-17,0.194
2009-04-20,0.259
2009-04-21,0.234
2009-04-22,0.217
2009-04-23,0.201
2009-04-24,0.191
2009-04-27,0.232
2009-04-28,0.218
2009-04-29,0.169
2009-04-30,0.145
2009-05-01,0.13
2009-05-04,0.106
2009-05-05,0.113
2009-05-06,0.103
2009-05-07,0.037
2009-05-08,0.014
2009-05-11,0.062
2009-05-12,0.063
2009-05-13,0.103
2009-05-14,0.1
2009-05-15,0.102
2009-05-18,0.064
2009-05-19,0.037
2009-05-20,0.041
2009-05-21,0.021
2009-05-22,-0.045
2009-05-26,-0.077
2009-05-27,-0.11
2009-05-28,-0.126
2009-05-29,-0.089
2009-06-01,-0.161
2009-06-02,-0.153
2009-06-03,-0.107
2009-06-04,-0.162
2009-06-05,-0.204
2009-06-08,-0.196
2009-06-09,-0.189
2009-06-10,-0.216
2009-06-11,-0.213
2009-06-12,-0.191
2009-06-15,-0.13
2009-06-16,-0.109
2009-06-17,-0.106
2009-06-18,-0.144
2009-06-19,-0.133
2009-06-22,-0.093
2009-06-23,-0.094
2009-06-24,-0.099
2009-06-25,-0.084
2009-06-26,-0.075
2009-06-29,-0.08
2009-06-30,-0.089
2009-07-01,-0.113
2009-07-02,-0.07
2009-07-06,-0.055
2009-07-07,-0.043
2009-07-08,0.024
2009-07-09,-0.014
2009-07-10,0.019
2009-07-13,-0.002
2009-07-14,-0.038
2009-07-15,-0.1
2009-07-16,-0.088
2009-07-17,-0.114
2009-07-20,-0.123
2009-07-21,-0.09
2009-07-22,-0.106
2009-07-23,-0.158
2009-07-24,-0.161
2009-07-27,-0.183
2009-07-28,-0.151
2009-07-29,-0.142
2009-07-30,-0.154
2009-07-31,-0.117
2009-08-03,-0.17
2009-08-04,-0.177
2009-08-05,-0.185
2009-08-06,-0.192
2009-08-07,-0.253
2009-08-10,-0.225
2009-08-11,-0.191
2009-08-12,-0.203
2009-08-13,-0.178
2009-08-14,-0.139
2009-08-17,-0.105
2009-08-18,-0.124
2009-08-19,-0.106
2009-08-20,-0.109
2009-08-21,-0.148
2009-08-24,-0.134
2009-08-25,-0.118
2009-08-26,-0.107
2009-08-27,-0.11
2009-08-28,-0.108
2009-08-31,-0.097
2009-09-01,-0.078
2009-09-02,-0.066
2009-09-03,-0.083
2009-09-04,-0.109
2009-09-08,-0.124
2009-09-09,-0.138
2009-09-10,-0.111
2009-09-11,-0.086
2009-09-14,-0.103
2009-09-15,-0.12
2009-09-16,-0.135
2009-09-17,-0.133
2009-09-18,-0.145
2009-09-21,-0.154
2009-09-22,-0.148
2009-09-23,-0.146
2009-09-24,-0.113
2009-09-25,-0.067
2009-09-28,-0.059
2009-09-29,-0.065
2009-09-30,-0.068
2009-10-01,-0.03
2009-10-02,-0.037
2009-10-05,-0.04
2009-10-06,-0.045
2009-10-07,-0.023
2009-10-08,-0.035
2009-10-09,-0.088
2009-10-12,-0.089
2009-10-13,-0.082
2009-10-14,-0.104
2009-10-15,-0.144
2009-10-16,-0.141
2009-10-19,-0.136
2009-10-20,-0.121
2009-10-21,-0.155
2009-10-22,-0.16
2009-10-23,-0.186
2009-10-26,-0.188
2009-10-27,-0.15
2009-10-28,-0.118
2009-10-29,-0.162
2009-10-30,-0.099
2009-11-02,-0.107
2009-11-03,-0.121
2009-11-04,-0.157
2009-11-05,-0.159
2009-11-06,-0.141
2009-11-09,-0.144
2009-11-10,-0.132
2009-11-11,-0.144
2009-11-12,-0.144
2009-11-13,-0.134
2009-11-16,-0.107
2009-11-17,-0.094
2009-11-18,-0.103
2009-11-19,-0.087
2009-11-20,-0.08
2009-11-23,-0.091
2009-11-24,-0.071
2009-11-25,-0.057
2009-11-27,-0.002
2009-11-30,0.003
2009-12-01,-0.019
2009-12-02,-0.034
2009-12-03,-0.062
2009-12-04,-0.108
2009-12-07,-0.073
2009-12-08,-0.028
2009-12-09,-0.026
2009-12-10,-0.047
2009-12-11,-0.068
2009-12-14,-0.056
2009-12-15,-0.08
2009-12-16,-0.076
2009-12-17,-0.043
2009-12-18,-0.057
2009-12-21,-0.093
2009-12-22,-0.125
2009-12-23,-0.133
2009-12-24,-0.14
2009-12-28,-0.151
2009-12-29,-0.15
2009-12-30,-0.157
2009-12-31,-0.174
2010-01-04,-0.164
2010-01-05,-0.135
2010-01-06,-0.156
2010-01-07,-0.167
2010-01-08,-0.161
2010-01-11,-0.147
2010-01-12,-0.105
2010-01-13,-0.122
2010-01-14,-0.112
2010-01-15,-0.079
2010-01-19,-0.088
2010-01-20,-0.061
2010-01-21,-0.034
2010-01-22,-0.026
2010-01-25,-0.039
2010-01-26,-0.02
2010-01-27,-0.025
2010-01-28,-0.018
2010-01-29,-0.009
2010-02-01,-0.025
2010-02-02,-0.023
2010-02-03,-0.042
2010-02-04,0.028
2010-02-05,0.044
2010-02-08,0.039
2010-02-09,0.013
2010-02-10,-0.004
2010-02-11,-0.011
2010-02-12,-0.001
2010-02-16,-0.009
2010-02-17,-0.029
2010-02-18,-0.058
2010-02-19,-0.05
2010-02-22,-0.044
2010-02-23,0.011
2010-02-24,0.018
2010-02-25,0.05
2010-02-26,0.051
2010-03-01,0.051
2010-03-02,0.054
2010-03-03,0.048
2010-03-04,0.05
2010-03-05,0.008
2010-03-08,0.002
2010-03-09,0.019
2010-03-10,0
2010-03-11,-0.006
2010-03-12,-0.007
2010-03-15,0.002
2010-03-16,0.008
2010-03-17,0.014
2010-03-18,0.012
2010-03-19,0.018
2010-03-22,0.036
2010-03-23,0.033
2010-03-24,-0.017
2010-03-25,-0.038
2010-03-26,-0.035
2010-03-29,-0.037
2010-03-30,-0.037
2010-03-31,-0.047
2010-04-01,-0.063
2010-04-05,-0.084
2010-04-06,-0.074
2010-04-07,-0.049
2010-04-08,-0.048
2010-04-09,-0.062
2010-04-12,-0.066
2010-04-13,-0.057
2010-04-14,-0.065
2010-04-15,-0.053
2010-04-16,-0.014
2010-04-19,-0.02
2010-04-20,-0.039
2010-04-21,-0.026
2010-04-22,-0.027
2010-04-23,-0.045
2010-04-26,-0.04
2010-04-27,0.015
2010-04-28,-0.023
2010-04-29,-0.028
2010-04-30,-0.009
2010-05-03,-0.03
2010-05-04,0.016
2010-05-05,0.061
2010-05-06,0.165
2010-05-07,0.134
2010-05-10,0.053
2010-05-11,0.074
2010-05-12,0.06
2010-05-13,0.079
2010-05-14,0.118
2010-05-17,0.112
2010-05-18,0.153
2010-05-19,0.161
2010-05-20,0.223
2010-05-21,0.213
2010-05-24,0.224
2010-05-25,0.251
2010-05-26,0.244
2010-05-27,0.175
2010-05-28,0.19
2010-06-01,0.198
2010-06-02,0.169
2010-06-03,0.155
2010-06-04,0.222
2010-06-07,0.245
2010-06-08,0.247
2010-06-09,0.234
2010-06-10,0.195
2010-06-11,0.212
2010-06-14,0.183
2010-06-15,0.164
2010-06-16,0.171
2010-06-17,0.185
2010-06-18,0.173
2010-06-21,0.158
2010-06-22,0.194
2010-06-23,0.217
2010-06-24,0.226
2010-06-25,0.23
2010-06-28,0.247
2010-06-29,0.281
2010-06-30,0.282
2010-07-01,0.279
2010-07-02,0.263
2010-07-06,0.264
2010-07-07,0.248
2010-07-08,0.22
2010-07-09,0.211
2010-07-12,0.22
2010-07-13,0.191
2010-07-14,0.2
2010-07-15,0.213
2010-07-16,0.245
2010-07-19,0.228
2010-07-20,0.217
2010-07-21,0.243
2010-07-22,0.219
2010-07-23,0.188
2010-07-26,0.182
2010-07-27,0.151
2010-07-28,0.17
2010-07-29,0.182
2010-07-30,0.205
2010-08-02,0.181
2010-08-03,0.213
2010-08-04,0.2
2010-08-05,0.222
2010-08-06,0.24
2010-08-09,0.231
2010-08-10,0.248
2010-08-11,0.302
2010-08-12,0.287
2010-08-13,0.299
2010-08-16,0.336
2010-08-17,0.31
2010-08-18,0.313
2010-08-19,0.331
2010-08-20,0.336
2010-08-23,0.343
2010-08-24,0.403
2010-08-25,0.389
2010-08-26,0.391
2010-08-27,0.341
2010-08-30,0.384
2010-08-31,0.404
2010-09-01,0.351
2010-09-02,0.334
2010-09-03,0.302
2010-09-07,0.352
2010-09-08,0.329
2010-09-09,0.308
2010-09-10,0.282
2010-09-13,0.279
2010-09-14,0.301
2010-09-15,0.235
2010-09-16,0.209
2010-09-17,0.222
2010-09-20,0.221
2010-09-21,0.239
2010-09-22,0.264
2010-09-23,0.281
2010-09-24,0.255
2010-09-27,0.276
2010-09-28,0.291
2010-09-29,0.284
2010-09-30,0.277
2010-10-01,0.271
2010-10-04,0.283
2010-10-05,0.27
2010-10-06,0.29
2010-10-07,0.293
2010-10-08,0.301
2010-10-11,0.294
2010-10-12,0.299
2010-10-13,0.285
2010-10-14,0.27
2010-10-15,0.252
2010-10-18,0.257
2010-10-19,0.264
2010-10-20,0.253
2010-10-21,0.23
2010-10-22,0.228
2010-10-25,0.237
2010-10-26,0.208
2010-10-27,0.183
2010-10-28,0.194
2010-10-29,0.223
2010-11-01,0.222
2010-11-02,0.216
2010-11-03,0.213
2010-11-04,0.227
2010-11-05,0.215
2010-11-08,0.226
2010-11-09,0.201
2010-11-10,0.187
2010-11-11,0.189
2010-11-12,0.147
2010-11-15,0.107
2010-11-16,0.115
2010-11-17,0.114
2010-11-18,0.075
2010-11-19,0.075
2010-11-22,0.102
2010-11-23,0.143
2010-11-24,0.086
2010-11-26,0.08
2010-11-29,0.085
2010-11-30,0.122
2010-12-01,0.058
2010-12-02,0.048
2010-12-03,0.054
2010-12-06,0.065
2010-12-07,0.001
2010-12-08,-0.044
2010-12-09,-0.015
2010-12-10,-0.037
2010-12-13,-0.035
2010-12-14,-0.077
2010-12-15,-0.088
2010-12-16,-0.075
2010-12-17,-0.055
2010-12-20,-0.036
2010-12-21,-0.034
2010-12-22,-0.031
2010-12-23,-0.033
2010-12-27,-0.038
2010-12-28,-0.039
2010-12-29,-0.021
2010-12-30,-0.015
2010-12-31,-0.005
2011-01-03,-0.016
2011-01-04,-0.016
2011-01-05,-0.062
2011-01-06,-0.042
2011-01-07,-0.018
2011-01-10,-0.006
2011-01-11,-0.038
2011-01-12,-0.073
2011-01-13,-0.073
2011-01-14,-0.077
2011-01-18,-0.098
2011-01-19,-0.085
2011-01-20,-0.134
2011-01-21,-0.13
2011-01-24,-0.127
2011-01-25,-0.11
2011-01-26,-0.13
2011-01-27,-0.152
2011-01-28,-0.107
2011-01-31,-0.121
2011-02-01,-0.138
2011-02-02,-0.156
2011-02-03,-0.15
2011-02-04,-0.18
2011-02-07,-0.182
2011-02-08,-0.2
2011-02-09,-0.202
2011-02-10,-0.218
2011-02-11,-0.21
2011-02-14,-0.204
2011-02-15,-0.209
2011-02-16,-0.205
2011-02-17,-0.183
2011-02-18,-0.2
2011-02-22,-0.151
2011-02-23,-0.154
2011-02-24,-0.139
2011-02-25,-0.131
2011-02-28,-0.146
2011-03-01,-0.142
2011-03-02,-0.163
2011-03-03,-0.217
2011-03-04,-0.196
2011-03-07,-0.196
2011-03-08,-0.213
2011-03-09,-0.202
2011-03-10,-0.177
2011-03-11,-0.16
2011-03-14,-0.158
2011-03-15,-0.115
2011-03-16,-0.056
2011-03-17,-0.077
2011-03-18,-0.126
2011-03-21,-0.159
2011-03-22,-0.163
2011-03-23,-0.156
2011-03-24,-0.17
2011-03-25,-0.183
2011-03-28,-0.194
2011-03-29,-0.226
2011-03-30,-0.231
2011-03-31,-0.249
2011-04-01,-0.27
2011-04-04,-0.265
2011-04-05,-0.295
2011-04-06,-0.33
2011-04-07,-0.315
2011-04-08,-0.334
2011-04-11,-0.335
2011-04-12,-0.293
2011-04-13,-0.291
2011-04-14,-0.292
2011-04-15,-0.259
2011-04-18,-0.209
2011-04-19,-0.22
2011-04-20,-0.241
2011-04-21,-0.219
2011-04-25,-0.216
2011-04-26,-0.202
2011-04-27,-0.235
2011-04-28,-0.216
2011-04-29,-0.202
2011-05-02,-0.204
2011-05-03,-0.196
2011-05-04,-0.19
2011-05-05,-0.137
2011-05-06,-0.129
2011-05-09,-0.113
2011-05-10,-0.138
2011-05-11,-0.125
2011-05-12,-0.128
2011-05-13,-0.105
2011-05-16,-0.113
2011-05-17,-0.119
2011-05-18,-0.137
2011-05-19,-0.139
2011-05-20,-0.12
2011-05-23,-0.106
2011-05-24,-0.116
2011-05-25,-0.113
2011-05-26,-0.084
2011-05-27,-0.08
2011-05-31,-0.107
2011-06-01,-0.069
2011-06-02,-0.087
2011-06-03,-0.089
2011-06-06,-0.076
2011-06-07,-0.097
2011-06-08,-0.07
2011-06-09,-0.08
2011-06-10,-0.053
2011-06-13,-0.058
2011-06-14,-0.093
2011-06-15,-0.053
2011-06-16,-0.03
2011-06-17,-0.039
2011-06-20,-0.046
2011-06-21,-0.058
2011-06-22,-0.048
2011-06-23,-0.019
2011-06-24,-0.002
2011-06-27,-0.037
2011-06-28,-0.069
2011-06-29,-0.088
2011-06-30,-0.105
2011-07-01,-0.117
2011-07-05,-0.1
2011-07-06,-0.073
2011-07-07,-0.094
2011-07-08,-0.034
2011-07-11,0.033
2011-07-12,0.052
2011-07-13,0.043
2011-07-14,0.032
2011-07-15,0.045
2011-07-18,0.058
2011-07-19,0.05
2011-07-20,0.03
2011-07-21,-0.005
2011-07-22,0.009
2011-07-25,0.022
2011-07-26,0.033
2011-07-27,0.054
2011-07-28,0.072
2011-07-29,0.129
2011-08-01,0.148
2011-08-02,0.184
2011-08-03,0.179
2011-08-04,0.205
2011-08-05,0.178
2011-08-08,0.251
2011-08-09,0.265
2011-08-10,0.325
2011-08-11,0.263
2011-08-12,0.271
2011-08-15,0.251
2011-08-16,0.267
2011-08-17,0.299
2011-08-18,0.348
2011-08-19,0.345
2011-08-22,0.338
2011-08-23,0.322
2011-08-24,0.275
2011-08-25,0.284
2011-08-26,0.309
2011-08-29,0.275
2011-08-30,0.309
2011-08-31,0.296
2011-09-01,0.325
2011-09-02,0.386
2011-09-06,0.398
2011-09-07,0.376
2011-09-08,0.398
2011-09-09,0.435
2011-09-12,0.448
2011-09-13,0.429
2011-09-14,0.42
2011-09-15,0.382
2011-09-16,0.404
2011-09-19,0.439
2011-09-20,0.444
2011-09-21,0.459
2011-09-22,0.515
2011-09-23,0.466
2011-09-26,0.441
2011-09-27,0.383
2011-09-28,0.376
2011-09-29,0.372
2011-09-30,0.408
2011-10-03,0.471
2011-10-04,0.474
2011-10-05,0.431
2011-10-06,0.393
2011-10-07,0.364
2011-10-10,0.339
2011-10-11,0.325
2011-10-12,0.275
2011-10-13,0.302
2011-10-14,0.262
2011-10-17,0.311
2011-10-18,0.323
2011-10-19,0.312
2011-10-20,0.317
2011-10-21,0.297
2011-10-24,0.292
2011-10-25,0.331
2011-10-26,0.321
2011-10-27,0.247
2011-10-28,0.269
2011-10-31,0.286
2011-11-01,0.367
2011-11-02,0.361
2011-11-03,0.326
2011-11-04,0.348
2011-11-07,0.36
2011-11-08,0.351
2011-11-09,0.397
2011-11-10,0.369
2011-11-11,0.348
2011-11-14,0.379
2011-11-15,0.384
2011-11-16,0.381
2011-11-17,0.37
2011-11-18,0.344
2011-11-21,0.36
2011-11-22,0.365
2011-11-23,0.322
2011-11-25,0.277
2011-11-28,0.258
2011-11-29,0.245
2011-11-30,0.244
2011-12-01,0.257
2011-12-02,0.27
2011-12-05,0.252
2011-12-06,0.247
2011-12-07,0.276
2011-12-08,0.304
2011-12-09,0.257
2011-12-12,0.289
2011-12-13,0.296
2011-12-14,0.322
2011-12-15,0.317
2011-12-16,0.351
2011-12-19,0.341
2011-12-20,0.307
2011-12-21,0.3
2011-12-22,0.294
2011-12-23,0.278
2011-12-27,0.287
2011-12-28,0.309
2011-12-29,0.327
2011-12-30,0.347
2012-01-03,0.317
2012-01-04,0.312
2012-01-05,0.323
2012-01-06,0.336
2012-01-09,0.335
2012-01-10,0.321
2012-01-11,0.354
2012-01-12,0.338
2012-01-13,0.365
2012-01-17,0.355
2012-01-18,0.34
2012-01-19,0.295
2012-01-20,0.272
2012-01-23,0.25
2012-01-24,0.226
2012-01-25,0.243
2012-01-26,0.273
2012-01-27,0.293
2012-01-30,0.323
2012-01-31,0.333
2012-02-01,0.308
2012-02-02,0.308
2012-02-03,0.255
2012-02-06,0.268
2012-02-07,0.228
2012-02-08,0.212
2012-02-09,0.176
2012-02-10,0.215
2012-02-13,0.207
2012-02-14,0.206
2012-02-15,0.216
2012-02-16,0.179
2012-02-17,0.151
2012-02-21,0.119
2012-02-22,0.138
2012-02-23,0.14
2012-02-24,0.106
2012-02-27,0.14
2012-02-28,0.142
2012-02-29,0.112
2012-03-01,0.093
2012-03-02,0.107
2012-03-05,0.096
2012-03-06,0.136
2012-03-07,0.123
2012-03-08,0.092
2012-03-09,0.082
2012-03-12,0.088
2012-03-13,0.04
2012-03-14,-0.032
2012-03-15,-0.04
2012-03-16,-0.065
2012-03-19,-0.085
2012-03-20,-0.088
2012-03-21,-0.059
2012-03-22,-0.024
2012-03-23,-0.008
2012-03-26,-0.046
2012-03-27,-0.031
2012-03-28,-0.018
2012-03-29,0.002
2012-03-30,-0.017
2012-04-02,-0.002
2012-04-03,-0.034
2012-04-04,-0.011
2012-04-05,0.013
2012-04-09,0.047
2012-04-10,0.099
2012-04-11,0.05
2012-04-12,0.037
2012-04-13,0.064
2012-04-16,0.072
2012-04-17,0.047
2012-04-18,0.046
2012-04-19,0.044
2012-04-20,0.035
2012-04-23,0.063
2012-04-24,0.036
2012-04-25,0.019
2012-04-26,0.045
2012-04-27,0.054
2012-04-30,0.075
2012-05-01,0.062
2012-05-02,0.076
2012-05-03,0.07
2012-05-04,0.095
2012-05-07,0.089
2012-05-08,0.105
2012-05-09,0.119
2012-05-10,0.099
2012-05-11,0.107
2012-05-14,0.135
2012-05-15,0.129
2012-05-16,0.126
2012-05-17,0.176
2012-05-18,0.173
2012-05-21,0.156
2012-05-22,0.128
2012-05-23,0.17
2012-05-24,0.159
2012-05-25,0.168
2012-05-29,0.168
2012-05-30,0.225
2012-05-31,0.267
2012-06-01,0.301
2012-06-04,0.264
2012-06-05,0.247
2012-06-06,0.183
2012-06-07,0.157
2012-06-08,0.177
2012-06-11,0.189
2012-06-12,0.144
2012-06-13,0.136
2012-06-14,0.127
2012-06-15,0.156
2012-06-18,0.155
2012-06-19,0.111
2012-06-20,0.072
2012-06-21,0.084
2012-06-22,0.058
2012-06-25,0.117
2012-06-26,0.101
2012-06-27,0.086
2012-06-28,0.11
2012-06-29,0.058
2012-07-02,0.091
2012-07-03,0.072
2012-07-05,0.119
2012-07-06,0.15
2012-07-09,0.154
2012-07-10,0.158
2012-07-11,0.16
2012-07-12,0.181
2012-07-13,0.174
2012-07-16,0.184
2012-07-17,0.17
2012-07-18,0.183
2012-07-19,0.177
2012-07-20,0.207
2012-07-23,0.213
2012-07-24,0.215
2012-07-25,0.201
2012-07-26,0.167
2012-07-27,0.122
2012-07-30,0.141
2012-07-31,0.164
2012-08-01,0.131
2012-08-02,0.178
2012-08-03,0.098
2012-08-06,0.107
2012-08-07,0.065
2012-08-08,0.081
2012-08-09,0.071
2012-08-10,0.092
2012-08-13,0.082
2012-08-14,0.042
2012-08-15,0.003
2012-08-16,-0.005
2012-08-17,0.004
2012-08-20,0.003
2012-08-21,-0.011
2012-08-22,0.04
2012-08-23,0.062
2012-08-24,0.065
2012-08-27,0.07
2012-08-28,0.076
2012-08-29,0.06
2012-08-30,0.082
2012-08-31,0.091
2012-09-04,0.074
2012-09-05,0.049
2012-09-06,0.002
2012-09-07,0.018
2012-09-10,0.013
2012-09-11,0.01
2012-09-12,-0.022
2012-09-13,0.001
2012-09-14,-0.087
2012-09-17,-0.08
2012-09-18,-0.064
2012-09-19,-0.047
2012-09-20,-0.026
2012-09-21,-0.029
2012-09-24,-0.004
2012-09-25,-0.001
2012-09-26,0.043
2012-09-27,0.033
2012-09-28,0.037
2012-10-01,0.033
2012-10-02,0.026
2012-10-03,0.024
2012-10-04,0.004
2012-10-05,-0.032
2012-10-08,-0.012
2012-10-09,0
2012-10-10,0.004
2012-10-11,-0.005
2012-10-12,0.005
2012-10-15,-0.009
2012-10-16,-0.046
2012-10-17,-0.092
2012-10-18,-0.098
2012-10-19,-0.075
2012-10-22,-0.103
2012-10-23,-0.077
2012-10-24,-0.08
2012-10-25,-0.101
2012-10-26,-0.062
2012-10-31,-0.041
2012-11-01,-0.052
2012-11-02,-0.051
2012-11-05,-0.034
2012-11-06,-0.051
2012-11-07,-0.008
2012-11-08,0.014
2012-11-09,0.021
2012-11-12,0.021
2012-11-13,0.027
2012-11-14,0.005
2012-11-15,-0.017
2012-11-16,-0.015
2012-11-19,-0.034
2012-11-20,-0.064
2012-11-21,-0.089
2012-11-23,-0.1
2012-11-26,-0.083
2012-11-27,-0.084
2012-11-28,-0.068
2012-11-29,-0.068
2012-11-30,-0.082
2012-12-03,-0.088
2012-12-04,-0.079
2012-12-05,-0.077
2012-12-06,-0.056
2012-12-07,-0.062
2012-12-10,-0.062
2012-12-11,-0.08
2012-12-12,-0.112
2012-12-13,-0.13
2012-12-14,-0.126
2012-12-17,-0.153
2012-12-18,-0.182
2012-12-19,-0.19
2012-12-20,-0.187
2012-12-21,-0.161
2012-12-24,-0.178
2012-12-26,-0.188
2012-12-27,-0.181
2012-12-28,-0.17
2012-12-31,-0.195
2013-01-02,-0.248
2013-01-03,-0.26
2013-01-04,-0.288
2013-01-07,-0.28
2013-01-08,-0.251
2013-01-09,-0.259
2013-01-10,-0.315
2013-01-11,-0.327
2013-01-14,-0.322
2013-01-15,-0.29
2013-01-16,-0.29
2013-01-17,-0.343
2013-01-18,-0.321
2013-01-22,-0.297
2013-01-23,-0.284
2013-01-24,-0.332
2013-01-25,-0.379
2013-01-28,-0.392
2013-01-29,-0.398
2013-01-30,-0.411
2013-01-31,-0.417
2013-02-01,-0.442
2013-02-04,-0.4
2013-02-05,-0.442
2013-02-06,-0.425
2013-02-07,-0.41
2013-02-08,-0.39
2013-02-11,-0.424
2013-02-12,-0.417
2013-02-13,-0.434
2013-02-14,-0.405
2013-02-15,-0.42
2013-02-19,-0.419
2013-02-20,-0.415
2013-02-21,-0.373
2013-02-22,-0.374
2013-02-25,-0.316
2013-02-26,-0.294
2013-02-27,-0.308
2013-02-28,-0.307
2013-03-01,-0.306
2013-03-04,-0.314
2013-03-05,-0.323
2013-03-06,-0.341
2013-03-07,-0.381
2013-03-08,-0.409
2013-03-11,-0.416
2013-03-12,-0.395
2013-03-13,-0.392
2013-03-14,-0.395
2013-03-15,-0.372
2013-03-18,-0.345
2013-03-19,-0.314
2013-03-20,-0.354
2013-03-21,-0.318
2013-03-22,-0.321
2013-03-25,-0.295
2013-03-26,-0.301
2013-03-27,-0.266
2013-03-28,-0.269
2013-04-01,-0.25
2013-04-02,-0.262
2013-04-03,-0.245
2013-04-04,-0.289
2013-04-05,-0.297
2013-04-08,-0.338
2013-04-09,-0.343
2013-04-10,-0.374
2013-04-11,-0.372
2013-04-12,-0.331
2013-04-15,-0.301
2013-04-16,-0.339
2013-04-17,-0.316
2013-04-18,-0.315
2013-04-19,-0.344
2013-04-22,-0.329
2013-04-23,-0.337
2013-04-24,-0.329
2013-04-25,-0.325
2013-04-26,-0.29
2013-04-29,-0.288
2013-04-30,-0.29
2013-05-01,-0.285
2013-05-02,-0.27
2013-05-03,-0.328
2013-05-06,-0.334
2013-05-07,-0.346
2013-05-08,-0.339
2013-05-09,-0.362
2013-05-10,-0.416
2013-05-13,-0.416
2013-05-14,-0.435
2013-05-15,-0.424
2013-05-16,-0.404
2013-05-17,-0.424
2013-05-20,-0.422
2013-05-21,-0.421
2013-05-22,-0.453
2013-05-23,-0.436
2013-05-24,-0.418
2013-05-28,-0.473
2013-05-29,-0.452
2013-05-30,-0.445
2013-05-31,-0.436
2013-06-03,-0.427
2013-06-04,-0.444
2013-06-05,-0.408
2013-06-06,-0.383
2013-06-07,-0.418
2013-06-10,-0.457
2013-06-11,-0.409
2013-06-12,-0.413
2013-06-13,-0.382
2013-06-14,-0.346
2013-06-17,-0.358
2013-06-18,-0.389
2013-06-19,-0.426
2013-06-20,-0.476
2013-06-21,-0.513
2013-06-24,-0.528
2013-06-25,-0.536
2013-06-26,-0.51
2013-06-27,-0.502
2013-06-28,-0.508
2013-07-01,-0.509
2013-07-02,-0.512
2013-07-03,-0.496
2013-07-05,-0.556
2013-07-08,-0.526
2013-07-09,-0.507
2013-07-10,-0.483
2013-07-11,-0.466
2013-07-12,-0.451
2013-07-15,-0.455
2013-07-16,-0.438
2013-07-17,-0.434
2013-07-18,-0.445
2013-07-19,-0.44
2013-07-22,-0.418
2013-07-23,-0.428
2013-07-24,-0.476
2013-07-25,-0.461
2013-07-26,-0.441
2013-07-29,-0.442
2013-07-30,-0.441
2013-07-31,-0.436
2013-08-01,-0.476
2013-08-02,-0.445
2013-08-05,-0.448
2013-08-06,-0.448
2013-08-07,-0.412
2013-08-08,-0.415
2013-08-09,-0.398
2013-08-12,-0.415
2013-08-13,-0.475
2013-08-14,-0.472
2013-08-15,-0.483
2013-08-16,-0.491
2013-08-19,-0.504
2013-08-20,-0.475
2013-08-21,-0.497
2013-08-22,-0.517
2013-08-23,-0.503
2013-08-26,-0.48
2013-08-27,-0.426
2013-08-28,-0.448
2013-08-29,-0.446
2013-08-30,-0.444
2013-09-03,-0.492
2013-09-04,-0.505
2013-09-05,-0.547
2013-09-06,-0.497
2013-09-09,-0.507
2013-09-10,-0.547
2013-09-11,-0.534
2013-09-12,-0.52
2013-09-13,-0.504
2013-09-16,-0.487
2013-09-17,-0.49
2013-09-18,-0.45
2013-09-19,-0.466
2013-09-20,-0.468
2013-09-23,-0.444
2013-09-24,-0.412
2013-09-25,-0.395
2013-09-26,-0.407
2013-09-27,-0.375
2013-09-30,-0.373
2013-10-01,-0.387
2013-10-02,-0.368
2013-10-03,-0.36
2013-10-04,-0.375
2013-10-07,-0.347
2013-10-08,-0.349
2013-10-09,-0.359
2013-10-10,-0.391
2013-10-11,-0.399
2013-10-14,-0.397
2013-10-15,-0.402
2013-10-16,-0.402
2013-10-17,-0.362
2013-10-18,-0.346
2013-10-21,-0.36
2013-10-22,-0.331
2013-10-23,-0.306
2013-10-24,-0.303
2013-10-25,-0.298
2013-10-28,-0.301
2013-10-29,-0.297
2013-10-30,-0.291
2013-10-31,-0.283
2013-11-01,-0.295
2013-11-04,-0.288
2013-11-05,-0.309
2013-11-06,-0.307
2013-11-07,-0.268
2013-11-08,-0.325
2013-11-11,-0.328
2013-11-12,-0.348
2013-11-13,-0.314
2013-11-14,-0.313
2013-11-15,-0.319
2013-11-18,-0.303
2013-11-19,-0.322
2013-11-20,-0.333
2013-11-21,-0.355
2013-11-22,-0.353
2013-11-25,-0.344
2013-11-26,-0.329
2013-11-27,-0.354
2013-11-29,-0.347
2013-12-02,-0.378
2013-12-03,-0.366
2013-12-04,-0.387
2013-12-05,-0.403
2013-12-06,-0.41
2013-12-09,-0.411
2013-12-10,-0.391
2013-12-11,-0.389
2013-12-12,-0.414
2013-12-13,-0.4
2013-12-16,-0.4
2013-12-17,-0.383
2013-12-18,-0.427
2013-12-19,-0.434
2013-12-20,-0.419
2013-12-23,-0.43
2013-12-24,-0.439
2013-12-26,-0.446
2013-12-27,-0.468
2013-12-30,-0.463
2013-12-31,-0.474
2014-01-02,-0.44
2014-01-03,-0.435
2014-01-06,-0.407
2014-01-07,-0.401
2014-01-08,-0.416
2014-01-09,-0.41
2014-01-10,-0.36
2014-01-13,-0.326
2014-01-14,-0.353
2014-01-15,-0.359
2014-01-16,-0.334
2014-01-17,-0.314
2014-01-21,-0.313
2014-01-22,-0.327
2014-01-23,-0.28
2014-01-24,-0.235
2014-01-27,-0.248
2014-01-28,-0.256
2014-01-29,-0.243
2014-01-30,-0.242
2014-01-31,-0.201
2014-02-03,-0.166
2014-02-04,-0.188
2014-02-05,-0.187
2014-02-06,-0.221
2014-02-07,-0.212
2014-02-10,-0.211
2014-02-11,-0.224
2014-02-12,-0.234
2014-02-13,-0.212
2014-02-14,-0.208
2014-02-18,-0.206
2014-02-19,-0.208
2014-02-20,-0.21
2014-02-21,-0.203
2014-02-24,-0.205
2014-02-25,-0.184
2014-02-26,-0.168
2014-02-27,-0.145
2014-02-28,-0.166
2014-03-03,-0.12
2014-03-04,-0.164
2014-03-05,-0.167
2014-03-06,-0.201
2014-03-07,-0.215
2014-03-10,-0.203
2014-03-11,-0.197
2014-03-12,-0.171
2014-03-13,-0.121
2014-03-14,-0.114
2014-03-17,-0.137
2014-03-18,-0.127
2014-03-19,-0.163
2014-03-20,-0.171
2014-03-21,-0.157
2014-03-24,-0.148
2014-03-25,-0.15
2014-03-26,-0.131
2014-03-27,-0.123
2014-03-28,-0.142
2014-03-31,-0.156
2014-04-01,-0.171
2014-04-02,-0.19
2014-04-03,-0.18
2014-04-04,-0.137
2014-04-07,-0.129
2014-04-08,-0.111
2014-04-09,-0.123
2014-04-10,-0.091
2014-04-11,-0.082
2014-04-14,-0.087
2014-04-15,-0.074
2014-04-16,-0.081
2014-04-17,-0.109
2014-04-21,-0.108
2014-04-22,-0.112
2014-04-23,-0.105
2014-04-24,-0.096
2014-04-25,-0.077
2014-04-28,-0.095
2014-04-29,-0.093
2014-04-30,-0.076
2014-05-01,-0.071
2014-05-02,-0.054
2014-05-05,-0.056
2014-05-06,-0.052
2014-05-07,-0.06
2014-05-08,-0.051
2014-05-09,-0.048
2014-05-12,-0.06
2014-05-13,-0.037
2014-05-14,-0.003
2014-05-15,0.026
2014-05-16,0.016
2014-05-19,0.008
2014-05-20,0.018
2014-05-21,-0.004
2014-05-22,-0.006
2014-05-23,-0.005
2014-05-27,-0.002
2014-05-28,0.029
2014-05-29,0.021
2014-05-30,0.016
2014-06-02,-0.004
2014-06-03,-0.031
2014-06-04,-0.04
2014-06-05,-0.025
2014-06-06,-0.014
2014-06-09,-0.02
2014-06-10,-0.026
2014-06-11,-0.019
2014-06-12,-0.002
2014-06-13,-0.003
2014-06-16,0.002
2014-06-17,-0.024
2014-06-18,0.001
2014-06-19,0.011
2014-06-20,0.006
2014-06-23,0.009
2014-06-24,0.019
2014-06-25,0.037
2014-06-26,0.048
2014-06-27,0.046
2014-06-30,0.049
2014-07-01,0.039
2014-07-02,0.016
2014-07-03,0.008
2014-07-07,0.028
2014-07-08,0.052
2014-07-09,0.048
2014-07-10,0.068
2014-07-11,0.073
2014-07-14,0.054
2014-07-15,0.053
2014-07-16,0.064
2014-07-17,0.102
2014-07-18,0.089
2014-07-21,0.092
2014-07-22,0.091
2014-07-23,0.094
2014-07-24,0.071
2014-07-25,0.091
2014-07-28,0.085
2014-07-29,0.094
2014-07-30,0.054
2014-07-31,0.053
2014-08-01,0.074
2014-08-04,0.075
2014-08-05,0.066
2014-08-06,0.098
2014-08-07,0.121
2014-08-08,0.119
2014-08-11,0.113
2014-08-12,0.108
2014-08-13,0.121
2014-08-14,0.125
2014-08-15,0.147
2014-08-18,0.119
2014-08-19,0.118
2014-08-20,0.105
2014-08-21,0.1
2014-08-22,0.105
2014-08-25,0.116
2014-08-26,0.117
2014-08-27,0.13
2014-08-28,0.144
2014-08-29,0.137
2014-09-02,0.091
2014-09-03,0.094
2014-09-04,0.084
2014-09-05,0.095
2014-09-08,0.074
2014-09-09,0.055
2014-09-10,0.022
2014-09-11,0.015
2014-09-12,-0.014
2014-09-15,-0.003
2014-09-16,-0.004
2014-09-17,-0.027
2014-09-18,-0.039
2014-09-19,-0.025
2014-09-22,-0.012
2014-09-23,-0.006
2014-09-24,-0.01
2014-09-25,0.017
2014-09-26,0.009
2014-09-29,0.014
2014-09-30,0.016
2014-10-01,0.061
2014-10-02,0.054
2014-10-03,0.035
2014-10-06,0.05
2014-10-07,0.074
2014-10-08,0.073
2014-10-09,0.083
2014-10-10,0.102
2014-10-13,0.111
2014-10-14,0.139
2014-10-15,0.18
2014-10-16,0.15
2014-10-17,0.126
2014-10-20,0.126
2014-10-21,0.119
2014-10-22,0.122
2014-10-23,0.083
2014-10-24,0.085
2014-10-27,0.092
2014-10-28,0.075
2014-10-29,0.057
2014-10-30,0.064
2014-10-31,0.01
2014-11-03,-0.019
2014-11-04,-0.004
2014-11-05,-0.029
2014-11-06,-0.039
2014-11-07,-0.006
2014-11-10,-0.032
2014-11-11,-0.047
2014-11-12,-0.037
2014-11-13,-0.036
2014-11-14,-0.033
2014-11-17,-0.043
2014-11-18,-0.043
2014-11-19,-0.084
2014-11-20,-0.071
2014-11-21,-0.042
2014-11-24,-0.056
2014-11-25,-0.037
2014-11-26,-0.035
2014-11-28,-0.026
2014-12-01,-0.036
2014-12-02,-0.058
2014-12-03,-0.06
2014-12-04,-0.062
2014-12-05,-0.099
2014-12-08,-0.065
2014-12-09,-0.033
2014-12-10,-0.002
2014-12-11,-0.009
2014-12-12,0.01
2014-12-15,0.009
2014-12-16,0.044
2014-12-17,0.005
2014-12-18,-0.016
2014-12-19,-0.009
2014-12-22,-0.023
2014-12-23,-0.048
2014-12-24,-0.048
2014-12-26,-0.038
2014-12-29,-0.027
2014-12-30,-0.004
2014-12-31,-0.007
2015-01-02,0.012
2015-01-05,0.044
2015-01-06,0.1
2015-01-07,0.075
2015-01-08,0.057
2015-01-09,0.09
2015-01-12,0.105
2015-01-13,0.115
2015-01-14,0.141
2015-01-15,0.199
2015-01-16,0.162
2015-01-20,0.159
2015-01-21,0.137
2015-01-22,0.163
2015-01-23,0.209
2015-01-26,0.18
2015-01-27,0.183
2015-01-28,0.215
2015-01-29,0.19
2015-01-30,0.242
2015-02-02,0.227
2015-02-03,0.178
2015-02-04,0.191
2015-02-05,0.166
2015-02-06,0.118
2015-02-09,0.122
2015-02-10,0.104
2015-02-11,0.085
2015-02-12,0.108
2015-02-13,0.098
2015-02-17,0.056
2015-02-18,0.074
2015-02-19,0.064
2015-02-20,0.062
2015-02-23,0.078
2015-02-24,0.085
2015-02-25,0.096
2015-02-26,0.094
2015-02-27,0.091
2015-03-02,0.058
2015-03-03,0.053
2015-03-04,0.054
2015-03-05,0.057
2015-03-06,0.016
2015-03-09,0.036
2015-03-10,0.072
2015-03-11,0.086
2015-03-12,0.073
2015-03-13,0.079
2015-03-16,0.072
2015-03-17,0.071
2015-03-18,0.127
2015-03-19,0.116
2015-03-20,0.122
2015-03-23,0.113
2015-03-24,0.119
2015-03-25,0.113
2015-03-26,0.113
2015-03-27,0.116
2015-03-30,0.106
2015-03-31,0.116
2015-04-01,0.139
2015-04-02,0.114
2015-04-06,0.113
2015-04-07,0.113
2015-04-08,0.113
2015-04-09,0.105
2015-04-10,0.118
2015-04-13,0.12
2015-04-14,0.129
2015-04-15,0.139
2015-04-16,0.133
2015-04-17,0.142
2015-04-20,0.134
2015-04-21,0.119
2015-04-22,0.08
2015-04-23,0.084
2015-04-24,0.095
2015-04-27,0.094
2015-04-28,0.075
2015-04-29,0.029
2015-04-30,-0.005
2015-05-01,-0.029
2015-05-04,-0.047
2015-05-05,-0.066
2015-05-06,-0.096
2015-05-07,-0.086
2015-05-08,-0.07
2015-05-11,-0.113
2015-05-12,-0.119
2015-05-13,-0.129
2015-05-14,-0.113
2015-05-15,-0.085
2015-05-18,-0.108
2015-05-19,-0.113
2015-05-20,-0.121
2015-05-21,-0.111
2015-05-22,-0.107
2015-05-26,-0.099
2015-05-27,-0.106
2015-05-28,-0.111
2015-05-29,-0.102
2015-06-01,-0.131
2015-06-02,-0.187
2015-06-03,-0.25
2015-06-04,-0.234
2015-06-05,-0.266
2015-06-08,-0.26
2015-06-09,-0.283
2015-06-10,-0.276
2015-06-11,-0.244
2015-06-12,-0.235
2015-06-15,-0.227
2015-06-16,-0.211
2015-06-17,-0.221
2015-06-18,-0.214
2015-06-19,-0.184
2015-06-22,-0.245
2015-06-23,-0.249
2015-06-24,-0.236
2015-06-25,-0.246
2015-06-26,-0.269
2015-06-29,-0.199
2015-06-30,-0.194
2015-07-01,-0.221
2015-07-02,-0.22
2015-07-06,-0.173
2015-07-07,-0.141
2015-07-08,-0.111
2015-07-09,-0.152
2015-07-10,-0.229
2015-07-13,-0.234
2015-07-14,-0.222
2015-07-15,-0.213
2015-07-16,-0.216
2015-07-17,-0.207
2015-07-20,-0.22
2015-07-21,-0.214
2015-07-22,-0.207
2015-07-23,-0.2
2015-07-24,-0.182
2015-07-27,-0.174
2015-07-28,-0.181
2015-07-29,-0.197
2015-07-30,-0.177
2015-07-31,-0.157
2015-08-03,-0.151
2015-08-04,-0.168
2015-08-05,-0.209
2015-08-06,-0.188
2015-08-07,-0.16
2015-08-10,-0.187
2015-08-11,-0.161
2015-08-12,-0.147
2015-08-13,-0.163
2015-08-14,-0.168
2015-08-17,-0.153
2015-08-18,-0.158
2015-08-19,-0.131
2015-08-20,-0.103
2015-08-21,-0.079
2015-08-24,-0.039
2015-08-25,-0.081
2015-08-26,-0.113
2015-08-27,-0.136
2015-08-28,-0.138
2015-08-31,-0.152
2015-09-01,-0.112
2015-09-02,-0.129
2015-09-03,-0.106
2015-09-04,-0.073
2015-09-08,-0.103
2015-09-09,-0.126
2015-09-10,-0.136
2015-09-11,-0.124
2015-09-14,-0.116
2015-09-15,-0.156
2015-09-16,-0.162
2015-09-17,-0.139
2015-09-18,-0.098
2015-09-21,-0.116
2015-09-22,-0.076
2015-09-23,-0.084
2015-09-24,-0.07
2015-09-25,-0.094
2015-09-28,-0.064
2015-09-29,-0.055
2015-09-30,-0.053
2015-10-01,-0.046
2015-10-02,-0.026
2015-10-05,-0.057
2015-10-06,-0.057
2015-10-07,-0.06
2015-10-08,-0.068
2015-10-09,-0.075
2015-10-12,-0.062
2015-10-13,-0.049
2015-10-14,-0.014
2015-10-15,-0.022
2015-10-16,-0.034
2015-10-19,-0.035
2015-10-20,-0.061
2015-10-21,-0.044
2015-10-22,-0.03
2015-10-23,-0.05
2015-10-26,-0.041
2015-10-27,-0.014
2015-10-28,-0.031
2015-10-29,-0.073
2015-10-30,-0.062
2015-11-02,-0.081
2015-11-03,-0.101
2015-11-04,-0.112
2015-11-05,-0.12
2015-11-06,-0.171
2015-11-09,-0.17
2015-11-10,-0.159
2015-11-11,-0.153
2015-11-12,-0.149
2015-11-13,-0.128
2015-11-16,-0.127
2015-11-17,-0.133
2015-11-18,-0.134
2015-11-19,-0.114
2015-11-20,-0.113
2015-11-23,-0.12
2015-11-24,-0.113
2015-11-25,-0.106
2015-11-27,-0.105
2015-11-30,-0.106
2015-12-01,-0.091
2015-12-02,-0.107
2015-12-03,-0.182
2015-12-04,-0.168
2015-12-07,-0.147
2015-12-08,-0.135
2015-12-09,-0.129
2015-12-10,-0.122
2015-12-11,-0.09
2015-12-14,-0.121
2015-12-15,-0.148
2015-12-16,-0.169
2015-12-17,-0.137
2015-12-18,-0.101
2015-12-21,-0.099
2015-12-22,-0.119
2015-12-23,-0.125
2015-12-24,-0.118
2015-12-28,-0.102
2015-12-29,-0.129
2015-12-30,-0.128
2015-12-31,-0.115
2016-01-04,-0.076
2016-01-05,-0.057
2016-01-06,-0.023
2016-01-07,-0.016
2016-01-08,0.004
2016-01-11,-0.023
2016-01-12,-0.005
2016-01-13,-0.009
2016-01-14,-0.018
2016-01-15,0.02
2016-01-19,0.004
2016-01-20,0.049
2016-01-21,0.034
2016-01-22,0.009
2016-01-25,0.031
2016-01-26,0.036
2016-01-27,0.032
2016-01-28,0.035
2016-01-29,0.037
2016-02-01,0.026
2016-02-02,0.07
2016-02-03,0.091
2016-02-04,0.109
2016-02-05,0.121
2016-02-08,0.171
2016-02-09,0.181
2016-02-10,0.219
2016-02-11,0.259
2016-02-12,0.212
2016-02-16,0.188
2016-02-17,0.179
2016-02-18,0.227
2016-02-19,0.234
2016-02-22,0.234
2016-02-23,0.259
2016-02-24,0.258
2016-02-25,0.252
2016-02-26,0.229
2016-02-29,0.27
2016-03-01,0.221
2016-03-02,0.214
2016-03-03,0.22
2016-03-04,0.192
2016-03-07,0.193
2016-03-08,0.23
2016-03-09,0.193
2016-03-10,0.165
2016-03-11,0.146
2016-03-14,0.149
2016-03-15,0.149
2016-03-16,0.175
2016-03-17,0.202
2016-03-18,0.209
2016-03-21,0.189
2016-03-22,0.185
2016-03-23,0.196
2016-03-24,0.185
2016-03-28,0.177
2016-03-29,0.214
2016-03-30,0.202
2016-03-31,0.209
2016-04-01,0.225
2016-04-04,0.23
2016-04-05,0.268
2016-04-06,0.261
2016-04-07,0.313
2016-04-08,0.305
2016-04-11,0.304
2016-04-12,0.27
2016-04-13,0.268
2016-04-14,0.25
2016-04-15,0.275
2016-04-18,0.26
2016-04-19,0.247
2016-04-20,0.229
2016-04-21,0.215
2016-04-22,0.17
2016-04-25,0.166
2016-04-26,0.152
2016-04-27,0.165
2016-04-28,0.233
2016-04-29,0.256
2016-05-02,0.243
2016-05-03,0.269
2016-05-04,0.264
2016-05-05,0.278
2016-05-06,0.279
2016-05-09,0.261
2016-05-10,0.243
2016-05-11,0.26
2016-05-12,0.238
2016-05-13,0.267
2016-05-16,0.244
2016-05-17,0.239
2016-05-18,0.194
2016-05-19,0.197
2016-05-20,0.195
2016-05-23,0.205
2016-05-24,0.181
2016-05-25,0.177
2016-05-26,0.188
2016-05-27,0.174
2016-05-31,0.168
2016-06-01,0.185
2016-06-02,0.207
2016-06-03,0.27
2016-06-06,0.238
2016-06-07,0.25
2016-06-08,0.26
2016-06-09,0.269
2016-06-10,0.288
2016-06-13,0.304
2016-06-14,0.317
2016-06-15,0.324
2016-06-16,0.349
2016-06-17,0.336
2016-06-20,0.306
2016-06-21,0.283
2016-06-22,0.286
2016-06-23,0.229
2016-06-24,0.4
2016-06-27,0.453
2016-06-28,0.422
2016-06-29,0.408
2016-06-30,0.413
2016-07-01,0.427
2016-07-05,0.47
2016-07-06,0.474
2016-07-07,0.478
2016-07-08,0.489
2016-07-11,0.425
2016-07-12,0.348
2016-07-13,0.35
2016-07-14,0.312
2016-07-15,0.311
2016-07-18,0.282
2016-07-19,0.294
2016-07-20,0.265
2016-07-21,0.29
2016-07-22,0.285
2016-07-25,0.285
2016-07-26,0.301
2016-07-27,0.314
2016-07-28,0.311
2016-07-29,0.375
2016-08-01,0.35
2016-08-02,0.351
2016-08-03,0.347
2016-08-04,0.368
2016-08-05,0.328
2016-08-08,0.315
2016-08-09,0.333
2016-08-10,0.352
2016-08-11,0.323
2016-08-12,0.342
2016-08-15,0.324
2016-08-16,0.32
2016-08-17,0.327
2016-08-18,0.336
2016-08-19,0.309
2016-08-22,0.322
2016-08-23,0.321
2016-08-24,0.309
2016-08-25,0.297
2016-08-26,0.267
2016-08-29,0.28
2016-08-30,0.26
2016-08-31,0.239
2016-09-01,0.24
2016-09-02,0.219
2016-09-06,0.273
2016-09-07,0.275
2016-09-08,0.234
2016-09-09,0.198
2016-09-12,0.205
2016-09-13,0.173
2016-09-14,0.188
2016-09-15,0.188
2016-09-16,0.194
2016-09-19,0.191
2016-09-20,0.207
2016-09-21,0.235
2016-09-22,0.25
2016-09-23,0.24
2016-09-26,0.263
2016-09-27,0.267
2016-09-28,0.256
2016-09-29,0.246
2016-09-30,0.228
2016-10-03,0.21
2016-10-04,0.157
2016-10-05,0.131
2016-10-06,0.119
2016-10-07,0.129
2016-10-10,0.112
2016-10-11,0.115
2016-10-12,0.094
2016-10-13,0.109
2016-10-14,0.086
2016-10-17,0.097
2016-10-18,0.107
2016-10-19,0.114
2016-10-20,0.109
2016-10-21,0.117
2016-10-24,0.098
2016-10-25,0.097
2016-10-26,0.069
2016-10-27,0.026
2016-10-28,0.032
2016-10-31,0.034
2016-11-01,0.037
2016-11-02,0.064
2016-11-03,0.059
2016-11-04,0.066
2016-11-07,0.027
2016-11-08,-0.001
2016-11-09,-0.048
2016-11-10,-0.106
2016-11-11,-0.118
2016-11-14,-0.165
2016-11-15,-0.165
2016-11-16,-0.162
2016-11-17,-0.191
2016-11-18,-0.214
2016-11-21,-0.206
2016-11-22,-0.201
2016-11-23,-0.242
2016-11-25,-0.255
2016-11-28,-0.218
2016-11-29,-0.231
2016-11-30,-0.294
2016-12-01,-0.327
2016-12-02,-0.288
2016-12-05,-0.316
2016-12-06,-0.323
2016-12-07,-0.306
2016-12-08,-0.325
2016-12-09,-0.353
2016-12-12,-0.361
2016-12-13,-0.357
2016-12-14,-0.392
2016-12-15,-0.422
2016-12-16,-0.405
2016-12-19,-0.365
2016-12-20,-0.386
2016-12-21,-0.375
2016-12-22,-0.382
2016-12-23,-0.367
2016-12-27,-0.368
2016-12-28,-0.35
2016-12-29,-0.328
2016-12-30,-0.343
2017-01-03,-0.356
2017-01-04,-0.353
2017-01-05,-0.303
2017-01-06,-0.352
2017-01-09,-0.322
2017-01-10,-0.319
2017-01-11,-0.323
2017-01-12,-0.311
2017-01-13,-0.319
2017-01-17,-0.274
2017-01-18,-0.333
2017-01-19,-0.347
2017-01-20,-0.353
2017-01-23,-0.298
2017-01-24,-0.34
2017-01-25,-0.358
2017-01-26,-0.38
2017-01-27,-0.377
2017-01-30,-0.353
2017-01-31,-0.332
2017-02-01,-0.349
2017-02-02,-0.329
2017-02-03,-0.319
2017-02-06,-0.278
2017-02-07,-0.279
2017-02-08,-0.245
2017-02-09,-0.282
2017-02-10,-0.283
2017-02-13,-0.3
2017-02-14,-0.318
2017-02-15,-0.321
2017-02-16,-0.296
2017-02-17,-0.27
2017-02-21,-0.281
2017-02-22,-0.268
2017-02-23,-0.236
2017-02-24,-0.204
2017-02-27,-0.227
2017-02-28,-0.237
2017-03-01,-0.274
2017-03-02,-0.298
2017-03-03,-0.306
2017-03-06,-0.307
2017-03-07,-0.308
2017-03-08,-0.333
2017-03-09,-0.367
2017-03-10,-0.375
2017-03-13,-0.382
2017-03-14,-0.367
2017-03-15,-0.317
2017-03-16,-0.333
2017-03-17,-0.312
2017-03-20,-0.299
2017-03-21,-0.282
2017-03-22,-0.259
2017-03-23,-0.263
2017-03-24,-0.262
2017-03-27,-0.243
2017-03-28,-0.252
2017-03-29,-0.229
2017-03-30,-0.25
2017-03-31,-0.231
2017-04-03,-0.194
2017-04-04,-0.194
2017-04-05,-0.189
2017-04-06,-0.193
2017-04-07,-0.193
2017-04-10,-0.184
2017-04-11,-0.144
2017-04-12,-0.117
2017-04-13,-0.118
2017-04-17,-0.12
2017-04-18,-0.093
2017-04-19,-0.12
2017-04-20,-0.139
2017-04-21,-0.137
2017-04-24,-0.181
2017-04-25,-0.231
2017-04-26,-0.214
2017-04-27,-0.204
2017-04-28,-0.208
2017-05-01,-0.225
2017-05-02,-0.221
2017-05-03,-0.244
2017-05-04,-0.267
2017-05-05,-0.276
2017-05-08,-0.29
2017-05-09,-0.303
2017-05-10,-0.31
2017-05-11,-0.297
2017-05-12,-0.269
2017-05-15,-0.286
2017-05-16,-0.279
2017-05-17,-0.204
2017-05-18,-0.21
2017-05-19,-0.215
2017-05-22,-0.225
2017-05-23,-0.24
2017-05-24,-0.225
2017-05-25,-0.223
2017-05-26,-0.199
2017-05-30,-0.176
2017-05-31,-0.176
2017-06-01,-0.185
2017-06-02,-0.15
2017-06-05,-0.156
2017-06-06,-0.12
2017-06-07,-0.137
2017-06-08,-0.141
2017-06-09,-0.15
2017-06-12,-0.143
2017-06-13,-0.148
2017-06-14,-0.115
2017-06-15,-0.154
2017-06-16,-0.15
2017-06-19,-0.167
2017-06-20,-0.152
2017-06-21,-0.151
2017-06-22,-0.141
2017-06-23,-0.138
2017-06-26,-0.146
2017-06-27,-0.201
2017-06-28,-0.206
2017-06-29,-0.233
2017-06-30,-0.247
2017-07-03,-0.275
2017-07-05,-0.26
2017-07-06,-0.292
2017-07-07,-0.31
2017-07-10,-0.3
2017-07-11,-0.298
2017-07-12,-0.28
2017-07-13,-0.292
2017-07-14,-0.276
2017-07-17,-0.266
2017-07-18,-0.24
2017-07-19,-0.234
2017-07-20,-0.23
2017-07-21,-0.206
2017-07-24,-0.206
2017-07-25,-0.248
2017-07-26,-0.224
2017-07-27,-0.223
2017-07-28,-0.212
2017-07-31,-0.209
2017-08-01,-0.187
2017-08-02,-0.197
2017-08-03,-0.166
2017-08-04,-0.182
2017-08-07,-0.179
2017-08-08,-0.172
2017-08-09,-0.148
2017-08-10,-0.117
2017-08-11,-0.109
2017-08-14,-0.126
2017-08-15,-0.157
2017-08-16,-0.139
2017-08-17,-0.112
2017-08-18,-0.107
2017-08-21,-0.098
2017-08-22,-0.111
2017-08-23,-0.087
2017-08-24,-0.1
2017-08-25,-0.094
2017-08-28,-0.088
2017-08-29,-0.081
2017-08-30,-0.087
2017-08-31,-0.078
2017-09-01,-0.094
2017-09-05,-0.037
2017-09-06,-0.055
2017-09-07,-0.02
2017-09-08,-0.015
2017-09-11,-0.063
2017-09-12,-0.096
2017-09-13,-0.1
2017-09-14,-0.098
2017-09-15,-0.119
2017-09-18,-0.142
2017-09-19,-0.145
2017-09-20,-0.153
2017-09-21,-0.166
2017-09-22,-0.148
2017-09-25,-0.116
2017-09-26,-0.13
2017-09-27,-0.167
2017-09-28,-0.161
2017-09-29,-0.166
2017-10-02,-0.167
2017-10-03,-0.165
2017-10-04,-0.16
2017-10-05,-0.163
2017-10-06,-0.16
2017-10-09,-0.155
2017-10-10,-0.152
2017-10-11,-0.155
2017-10-12,-0.139
2017-10-13,-0.108
2017-10-16,-0.112
2017-10-17,-0.111
2017-10-18,-0.141
2017-10-19,-0.124
2017-10-20,-0.164
2017-10-23,-0.15
2017-10-24,-0.181
2017-10-25,-0.181
2017-10-26,-0.17
2017-10-27,-0.14
2017-10-30,-0.123
2017-10-31,-0.133
2017-11-01,-0.138
2017-11-02,-0.131
2017-11-03,-0.125
2017-11-06,-0.107
2017-11-07,-0.11
2017-11-08,-0.11
2017-11-09,-0.118
2017-11-10,-0.143
2017-11-13,-0.144
2017-11-14,-0.136
2017-11-15,-0.112
2017-11-16,-0.125
2017-11-17,-0.098
2017-11-20,-0.112
2017-11-21,-0.104
2017-11-22,-0.08
2017-11-24,-0.098
2017-11-27,-0.081
2017-11-28,-0.083
2017-11-29,-0.118
2017-11-30,-0.134
2017-12-01,-0.103
2017-12-04,-0.117
2017-12-05,-0.112
2017-12-06,-0.098
2017-12-07,-0.119
2017-12-08,-0.129
2017-12-11,-0.132
2017-12-12,-0.136
2017-12-13,-0.111
2017-12-14,-0.111
2017-12-15,-0.106
2017-12-18,-0.116
2017-12-19,-0.154
2017-12-20,-0.176
2017-12-21,-0.174
2017-12-22,-0.17
2017-12-26,-0.166
2017-12-27,-0.147
2017-12-28,-0.154
2017-12-29,-0.149
2018-01-02,-0.162
2018-01-03,-0.155
2018-01-04,-0.158
2018-01-05,-0.169
2018-01-08,-0.163
2018-01-09,-0.18
2018-01-10,-0.179
2018-01-11,-0.184
2018-01-12,-0.187
2018-01-16,-0.177
2018-01-17,-0.204
2018-01-18,-0.21
2018-01-19,-0.208
2018-01-22,-0.209
2018-01-23,-0.19
2018-01-24,-0.189
2018-01-25,-0.191
2018-01-26,-0.193
2018-01-29,-0.221
2018-01-30,-0.222
2018-01-31,-0.229
2018-02-01,-0.259
2018-02-02,-0.291
2018-02-05,-0.231
2018-02-06,-0.252
2018-02-07,-0.261
2018-02-08,-0.251
2018-02-09,-0.251
2018-02-12,-0.253
2018-02-13,-0.234
2018-02-14,-0.237
2018-02-15,-0.23
2018-02-16,-0.206
2018-02-20,-0.233
2018-02-21,-0.247
2018-02-22,-0.22
2018-02-23,-0.199
2018-02-26,-0.197
2018-02-27,-0.215
2018-02-28,-0.189
2018-03-01,-0.172
2018-03-02,-0.179
2018-03-05,-0.187
2018-03-06,-0.195
2018-03-07,-0.191
2018-03-08,-0.177
2018-03-09,-0.199
2018-03-12,-0.185
2018-03-13,-0.18
2018-03-14,-0.164
2018-03-15,-0.16
2018-03-16,-0.155
2018-03-19,-0.163
2018-03-20,-0.176
2018-03-21,-0.167
2018-03-22,-0.126
2018-03-23,-0.113
2018-03-26,-0.134
2018-03-27,-0.11
2018-03-28,-0.134
2018-03-29,-0.114
2018-04-02,-0.098
2018-04-03,-0.12
2018-04-04,-0.128
2018-04-05,-0.147
2018-04-06,-0.122
2018-04-09,-0.124
2018-04-10,-0.14
2018-04-11,-0.121
2018-04-12,-0.148
2018-04-13,-0.14
2018-04-16,-0.144
2018-04-17,-0.136
2018-04-18,-0.153
2018-04-19,-0.176
2018-04-20,-0.187
2018-04-23,-0.213
2018-04-24,-0.219
2018-04-25,-0.232
2018-04-26,-0.208
2018-04-27,-0.191
2018-04-30,-0.191
2018-05-01,-0.198
2018-05-02,-0.201
2018-05-03,-0.173
2018-05-04,-0.173
2018-05-07,-0.167
2018-05-08,-0.174
2018-05-09,-0.191
2018-05-10,-0.177
2018-05-11,-0.18
2018-05-14,-0.203
2018-05-15,-0.235
2018-05-16,-0.229
2018-05-17,-0.244
2018-05-18,-0.214
2018-05-21,-0.204
2018-05-22,-0.21
2018-05-23,-0.164
2018-05-24,-0.137
2018-05-25,-0.109
2018-05-29,-0.026
2018-05-30,-0.077
2018-05-31,-0.07
2018-06-01,-0.1
2018-06-04,-0.122
2018-06-05,-0.106
2018-06-06,-0.146
2018-06-07,-0.132
2018-06-08,-0.125
2018-06-11,-0.142
2018-06-12,-0.148
2018-06-13,-0.148
2018-06-14,-0.117
2018-06-15,-0.117
2018-06-18,-0.113
2018-06-19,-0.093
2018-06-20,-0.109
2018-06-21,-0.087
2018-06-22,-0.089
2018-06-25,-0.084
2018-06-26,-0.089
2018-06-27,-0.073
2018-06-28,-0.079
2018-06-29,-0.092
2018-07-02,-0.096
2018-07-03,-0.08
2018-07-05,-0.082
2018-07-06,-0.081
2018-07-09,-0.094
2018-07-10,-0.1
2018-07-11,-0.124
2018-07-12,-0.128
2018-07-13,-0.12
2018-07-16,-0.132
2018-07-17,-0.136
2018-07-18,-0.135
2018-07-19,-0.12
2018-07-20,-0.129
2018-07-23,-0.148
2018-07-24,-0.142
2018-07-25,-0.145
2018-07-26,-0.148
2018-07-27,-0.14
2018-07-30,-0.157
2018-07-31,-0.163
2018-08-01,-0.179
2018-08-02,-0.166
2018-08-03,-0.136
2018-08-06,-0.132
2018-08-07,-0.143
2018-08-08,-0.131
2018-08-09,-0.115
2018-08-10,-0.077
2018-08-13,-0.079
2018-08-14,-0.09
2018-08-15,-0.076
2018-08-16,-0.084
2018-08-17,-0.075
2018-08-20,-0.058
2018-08-21,-0.074
2018-08-22,-0.079
2018-08-23,-0.089
2018-08-24,-0.084
2018-08-27,-0.097
2018-08-28,-0.11
2018-08-29,-0.122
2018-08-30,-0.091
2018-08-31,-0.082
2018-09-04,-0.104
2018-09-05,-0.113
2018-09-06,-0.088
2018-09-07,-0.11
2018-09-10,-0.117
2018-09-11,-0.138
2018-09-12,-0.127
2018-09-13,-0.147
2018-09-14,-0.158
2018-09-17,-0.156
2018-09-18,-0.183
2018-09-19,-0.184
2018-09-20,-0.188
2018-09-21,-0.186
2018-09-24,-0.206
2018-09-25,-0.218
2018-09-26,-0.2
2018-09-27,-0.209
2018-09-28,-0.196
2018-10-01,-0.203
2018-10-02,-0.175
2018-10-03,-0.226
2018-10-04,-0.229
2018-10-05,-0.245
2018-10-08,-0.23
2018-10-09,-0.224
2018-10-10,-0.204
2018-10-11,-0.186
2018-10-12,-0.185
2018-10-15,-0.175
2018-10-16,-0.182
2018-10-17,-0.185
2018-10-18,-0.156
2018-10-19,-0.176
2018-10-22,-0.176
2018-10-23,-0.151
2018-10-24,-0.125
2018-10-25,-0.128
2018-10-26,-0.103
2018-10-29,-0.117
2018-10-30,-0.133
2018-10-31,-0.139
2018-11-01,-0.138
2018-11-02,-0.166
2018-11-05,-0.166
2018-11-06,-0.178
2018-11-07,-0.186
2018-11-08,-0.19
2018-11-09,-0.165
2018-11-12,-0.159
2018-11-13,-0.152
2018-11-14,-0.147
2018-11-15,-0.132
2018-11-16,-0.111
2018-11-19,-0.109
2018-11-20,-0.1
2018-11-21,-0.11
2018-11-23,-0.093
2018-11-26,-0.109
2018-11-27,-0.109
2018-11-28,-0.111
2018-11-29,-0.094
2018-11-30,-0.08
2018-12-03,-0.074
2018-12-04,-0.036
2018-12-06,-0.025
2018-12-07,-0.017
2018-12-10,-0.022
2018-12-11,-0.023
2018-12-12,-0.043
2018-12-13,-0.051
2018-12-14,-0.032
2018-12-17,-0.017
2018-12-18,0.001
2018-12-19,0.013
2018-12-20,0.02
2018-12-21,0.025
2018-12-24,0.051
2018-12-26,0.024
2018-12-27,0.041
2018-12-28,0.061
2018-12-31,0.076
2019-01-02,0.127
2019-01-03,0.162
2019-01-04,0.106
2019-01-07,0.089
2019-01-08,0.081
2019-01-09,0.078
2019-01-10,0.071
2019-01-11,0.086
2019-01-14,0.092
2019-01-15,0.09
2019-01-16,0.077
2019-01-17,0.062
2019-01-18,0.04
2019-01-22,0.062
2019-01-23,0.057
2019-01-24,0.077
2019-01-25,0.064
2019-01-28,0.066
2019-01-29,0.076
2019-01-30,0.089
2019-01-31,0.113
2019-02-01,0.085
2019-02-04,0.068
2019-02-05,0.076
2019-02-06,0.078
2019-02-07,0.102
2019-02-08,0.117
2019-02-11,0.096
2019-02-12,0.08
2019-02-13,0.072
2019-02-14,0.096
2019-02-15,0.097
2019-02-19,0.1
2019-02-20,0.093
2019-02-21,0.076
2019-02-22,0.092
2019-02-25,0.078
2019-02-26,0.085
2019-02-27,0.059
2019-02-28,0.035
2019-03-01,0.016
2019-03-04,0.03
2019-03-05,0.028
2019-03-06,0.043
2019-03-07,0.08
2019-03-08,0.088
2019-03-11,0.082
2019-03-12,0.091
2019-03-13,0.085
2019-03-14,0.068
2019-03-15,0.081
2019-03-18,0.078
2019-03-19,0.073
2019-03-20,0.101
2019-03-21,0.113
2019-03-22,0.165
2019-03-25,0.177
2019-03-26,0.156
2019-03-27,0.183
2019-03-28,0.17
2019-03-29,0.164
2019-04-01,0.122
2019-04-02,0.136
2019-04-03,0.104
2019-04-04,0.109
2019-04-05,0.109
2019-04-08,0.104
2019-04-09,0.119
2019-04-10,0.131
2019-04-11,0.104
2019-04-12,0.065
2019-04-15,0.064
2019-04-16,0.051
2019-04-17,0.043
2019-04-18,0.069
2019-04-22,0.06
2019-04-23,0.064
2019-04-24,0.087
2019-04-25,0.092
2019-04-26,0.103
2019-04-29,0.085
2019-04-30,0.088
2019-05-01,0.088
2019-05-02,0.071
2019-05-03,0.081
2019-05-06,0.102
2019-05-07,0.124
2019-05-08,0.12
2019-05-09,0.134
2019-05-10,0.123
2019-05-13,0.158
2019-05-14,0.151
2019-05-15,0.165
2019-05-16,0.155
2019-05-17,0.151
2019-05-20,0.141
2019-05-21,0.125
2019-05-22,0.14
2019-05-23,0.175
2019-05-24,0.176
2019-05-28,0.195
2019-05-29,0.197
2019-05-30,0.207
2019-05-31,0.256
2019-06-03,0.27
2019-06-04,0.255
2019-06-05,0.255
2019-06-06,0.261
2019-06-07,0.272
2019-06-10,0.24
2019-06-11,0.24
2019-06-12,0.249
2019-06-13,0.26
2019-06-14,0.266
2019-06-17,0.259
2019-06-18,0.286
2019-06-19,0.29
2019-06-20,0.313
2019-06-21,0.298
2019-06-24,0.313
2019-06-25,0.327
2019-06-26,0.292
2019-06-27,0.301
2019-06-28,0.3
2019-07-01,0.289
2019-07-02,0.319
2019-07-03,0.327
2019-07-05,0.288
2019-07-08,0.279
2019-07-09,0.27
2019-07-10,0.267
2019-07-11,0.224
2019-07-12,0.234
2019-07-15,0.249
2019-07-16,0.239
2019-07-17,0.268
2019-07-18,0.288
2019-07-19,0.273
2019-07-22,0.276
2019-07-23,0.265
2019-07-24,0.279
2019-07-25,0.255
2019-07-26,0.261
2019-07-29,0.264
2019-07-30,0.27
2019-07-31,0.283
2019-08-01,0.34
2019-08-02,0.367
2019-08-05,0.411
2019-08-06,0.409
2019-08-07,0.419
2019-08-08,0.419
2019-08-09,0.419
2019-08-12,0.45
2019-08-13,0.414
2019-08-14,0.466
2019-08-15,0.487
2019-08-16,0.465
2019-08-19,0.435
2019-08-20,0.461
2019-08-21,0.439
2019-08-22,0.425
2019-08-23,0.467
2019-08-26,0.453
2019-08-27,0.478
2019-08-28,0.472
2019-08-29,0.453
2019-08-30,0.457
2019-09-03,0.473
2019-09-04,0.45
2019-09-05,0.39
2019-09-06,0.393
2019-09-09,0.351
2019-09-10,0.314
2019-09-11,0.314
2019-09-12,0.287
2019-09-13,0.24
2019-09-16,0.26
2019-09-17,0.262
2019-09-18,0.263
2019-09-19,0.268
2019-09-20,0.296
2019-09-23,0.307
2019-09-24,0.333
2019-09-25,0.293
2019-09-26,0.301
2019-09-27,0.295
2019-09-30,0.287
2019-10-01,0.294
2019-10-02,0.307
2019-10-03,0.331
2019-10-04,0.327
2019-10-07,0.309
2019-10-08,0.324
2019-10-09,0.293
2019-10-10,0.24
2019-10-11,0.208
2019-10-14,0.21
2019-10-15,0.177
2019-10-16,0.176
2019-10-17,0.175
2019-10-18,0.166
2019-10-21,0.142
2019-10-22,0.157
2019-10-23,0.157
2019-10-24,0.161
2019-10-25,0.145
2019-10-28,0.117
2019-10-29,0.119
2019-10-30,0.134
2019-10-31,0.174
2019-11-01,0.159
2019-11-04,0.131
2019-11-05,0.091
2019-11-06,0.105
2019-11-07,0.054
2019-11-08,0.054
2019-11-11,0.049
2019-11-12,0.052
2019-11-13,0.075
2019-11-14,0.104
2019-11-15,0.087
2019-11-18,0.089
2019-11-19,0.097
2019-11-20,0.104
2019-11-21,0.09
2019-11-22,0.096
2019-11-25,0.09
2019-11-26,0.094
2019-11-27,0.079
2019-11-29,0.072
2019-12-02,0.049
2019-12-03,0.092
2019-12-04,0.065
2019-12-05,0.051
2019-12-06,0.044
2019-12-09,0.051
2019-12-10,0.039
2019-12-11,0.057
2019-12-12,0.01
2019-12-13,0.025
2019-12-16,0.007
2019-12-17,0.012
2019-12-18,-0.006
2019-12-19,-0.007
2019-12-20,-0.002
2019-12-23,-0.006
2019-12-24,0.002
2019-12-26,-0.002
2019-12-27,0.001
2019-12-30,-0.007
2019-12-31,-0.014
2020-01-02,0.007
2020-01-03,0.048
2020-01-06,0.041
2020-01-07,0.042
2020-01-08,-0.001
2020-01-09,-0.01
2020-01-10,0.002
2020-01-13,-0.025
2020-01-14,-0.017
2020-01-15,-0.004
2020-01-16,-0.01
2020-01-17,-0.011
2020-01-21,0.006
2020-01-22,0.009
2020-01-23,0.034
2020-01-24,0.054
2020-01-27,0.089
2020-01-28,0.06
2020-01-29,0.085
2020-01-30,0.089
2020-01-31,0.118
2020-02-03,0.109
2020-02-04,0.066
2020-02-05,0.044
2020-02-06,0.048
2020-02-07,0.068
2020-02-10,0.076
2020-02-11,0.061
2020-02-12,0.048
2020-02-13,0.057
2020-02-14,0.068
2020-02-18,0.075
2020-02-19,0.055
2020-02-20,0.061
2020-02-21,0.072
2020-02-24,0.119
2020-02-25,0.127
2020-02-26,0.124
2020-02-27,0.156
2020-02-28,0.202
2020-03-02,0.187
2020-03-03,0.246
2020-03-04,0.23
2020-03-05,0.292
2020-03-06,0.33
2020-03-09,0.447
2020-03-10,0.33
2020-03-11,0.321
2020-03-12,0.327
2020-03-13,0.202
2020-03-16,0.25
2020-03-17,0.156
2020-03-18,0.087
2020-03-19,0.053
2020-03-20,0.141
2020-03-23,0.168
2020-03-24,0.156
2020-03-25,0.125
2020-03-26,0.163
2020-03-27,0.238
2020-03-30,0.238
2020-03-31,0.235
2020-04-01,0.262
2020-04-02,0.248
2020-04-03,0.243
2020-04-06,0.22
2020-04-07,0.182
2020-04-08,0.168
2020-04-09,0.194
2020-04-13,0.198
2020-04-14,0.214
2020-04-15,0.255
2020-04-16,0.253
2020-04-17,0.244
2020-04-20,0.246
2020-04-21,0.256
2020-04-22,0.236
2020-04-23,0.247
2020-04-24,0.257
2020-04-27,0.235
2020-04-28,0.249
2020-04-29,0.251
2020-04-30,0.248
2020-05-01,0.26
2020-05-04,0.255
2020-05-05,0.255
2020-05-06,0.235
2020-05-07,0.256
2020-05-08,0.232
2020-05-11,0.206
2020-05-12,0.222
2020-05-13,0.236
2020-05-14,0.244
2020-05-15,0.241
2020-05-18,0.193
2020-05-19,0.192
2020-05-20,0.195
2020-05-21,0.196
2020-05-22,0.201
2020-05-26,0.164
2020-05-27,0.159
2020-05-28,0.154
2020-05-29,0.166
2020-06-01,0.153
2020-06-02,0.126
2020-06-03,0.084
2020-06-04,0.053
2020-06-05,0.015
2020-06-08,0.047
2020-06-09,0.067
2020-06-10,0.105
2020-06-11,0.144
2020-06-12,0.137
2020-06-15,0.127
2020-06-16,0.117
2020-06-17,0.119
2020-06-18,0.129
2020-06-19,0.141
2020-06-22,0.138
2020-06-23,0.135
2020-06-24,0.141
2020-06-25,0.145
2020-06-26,0.157
2020-06-29,0.151
2020-06-30,0.134
2020-07-01,0.118
2020-07-02,0.127
2020-07-06,0.122
2020-07-07,0.128
2020-07-08,0.127
2020-07-09,0.144
2020-07-10,0.138
2020-07-13,0.124
2020-07-14,0.126
2020-07-15,0.125
2020-07-16,0.125
2020-07-17,0.122
2020-07-20,0.123
2020-07-21,0.13
2020-07-22,0.136
2020-07-23,0.142
2020-07-24,0.145
2020-07-27,0.16
2020-07-28,0.179
2020-07-29,0.18
2020-07-30,0.19
2020-07-31,0.177
2020-08-03,0.169
2020-08-04,0.195
2020-08-05,0.175
2020-08-06,0.186
2020-08-07,0.169
2020-08-10,0.168
2020-08-11,0.112
2020-08-12,0.088
2020-08-13,0.076
2020-08-14,0.081
2020-08-17,0.107
2020-08-18,0.12
2020-08-19,0.097
2020-08-20,0.117
2020-08-21,0.126
2020-08-24,0.111
2020-08-25,0.081
2020-08-26,0.087
2020-08-27,0.056
2020-08-28,0.082
2020-08-31,0.07
2020-09-01,0.082
2020-09-02,0.093
2020-09-03,0.094
2020-09-04,0.071
2020-09-08,0.093
2020-09-09,0.079
2020-09-10,0.078
2020-09-11,0.088
2020-09-14,0.092
2020-09-15,0.094
2020-09-16,0.101
2020-09-17,0.101
2020-09-18,0.101
2020-09-21,0.115
2020-09-22,0.103
2020-09-23,0.091
2020-09-24,0.09
2020-09-25,0.096
2020-09-28,0.096
2020-09-29,0.096
2020-09-30,0.083
2020-10-01,0.087
2020-10-02,0.085
2020-10-05,0.053
2020-10-06,0.057
2020-10-07,0.037
2020-10-08,0.043
2020-10-09,0.053
2020-10-12,0.06
2020-10-13,0.066
2020-10-14,0.076
2020-10-15,0.081
2020-10-16,0.077
2020-10-19,0.07
2020-10-20,0.056
2020-10-21,0.056
2020-10-22,0.038
2020-10-23,0.041
2020-10-26,0.05
2020-10-27,0.07
2020-10-28,0.071
2020-10-29,0.06
2020-10-30,0.048
2020-11-02,0.058
2020-11-03,0.041
2020-11-04,0.069
2020-11-05,0.084
2020-11-06,0.067
2020-11-09,-0.028
2020-11-10,-0.038
2020-11-11,-0.039
2020-11-12,-0.008
2020-11-13,-0.001
2020-11-16,-0.006
2020-11-17,0.01
2020-11-18,0.007
2020-11-19,0.018
2020-11-20,0.02
2020-11-23,-0.004
2020-11-24,-0.023
2020-11-25,-0.026
2020-11-27,-0.015
2020-11-30,-0.026
2020-12-01,-0.053
2020-12-02,-0.059
2020-12-03,-0.039
2020-12-04,-0.061
2020-12-07,-0.038
2020-12-08,-0.031
2020-12-09,-0.043
2020-12-10,-0.043
2020-12-11,-0.029
2020-12-14,-0.039
2020-12-15,-0.037
2020-12-16,-0.045
2020-12-17,-0.048
2020-12-18,-0.053
2020-12-21,-0.051
2020-12-22,-0.047
2020-12-23,-0.064
2020-12-24,-0.062
2020-12-28,-0.066
2020-12-29,-0.067
2020-12-30,-0.061
2020-12-31,-0.058
2021-01-04,-0.044
2021-01-05,-0.057
2021-01-06,-0.098
2021-01-07,-0.119
2021-01-08,-0.138
2021-01-11,-0.153
2021-01-12,-0.15
2021-01-13,-0.131
2021-01-14,-0.135
2021-01-15,-0.126
2021-01-19,-0.134
2021-01-20,-0.121
2021-01-21,-0.139
2021-01-22,-0.138
2021-01-25,-0.116
2021-01-26,-0.123
2021-01-27,-0.121
2021-01-28,-0.135
2021-01-29,-0.15
2021-02-01,-0.151
2021-02-02,-0.164
2021-02-03,-0.181
2021-02-04,-0.196
2021-02-05,-0.202
2021-02-08,-0.2
2021-02-09,-0.191
2021-02-10,-0.187
2021-02-11,-0.196
2021-02-12,-0.215
2021-02-16,-0.278
2021-02-17,-0.259
2021-02-18,-0.27
2021-02-19,-0.284
2021-02-22,-0.275
2021-02-23,-0.277
2021-02-24,-0.296
2021-02-25,-0.354
2021-02-26,-0.326
2021-03-01,-0.314
2021-03-02,-0.304
2021-03-03,-0.346
2021-03-04,-0.368
2021-03-05,-0.37
2021-03-08,-0.389
2021-03-09,-0.36
2021-03-10,-0.355
2021-03-11,-0.361
2021-03-12,-0.389
2021-03-15,-0.376
2021-03-16,-0.374
2021-03-17,-0.388
2021-03-18,-0.404
2021-03-19,-0.396
2021-03-22,-0.388
2021-03-23,-0.356
2021-03-24,-0.349
2021-03-25,-0.351
2021-03-26,-0.375
2021-03-29,-0.391
2021-03-30,-0.406
2021-03-31,-0.413
2021-04-01,-0.387
2021-04-05,-0.387
2021-04-06,-0.372
2021-04-07,-0.373
2021-04-08,-0.349
2021-04-09,-0.371
2021-04-12,-0.371
2021-04-13,-0.357
2021-04-14,-0.369
2021-04-15,-0.34
2021-04-16,-0.345
2021-04-19,-0.352
2021-04-20,-0.33
2021-04-21,-0.326
2021-04-22,-0.321
2021-04-23,-0.328
2021-04-26,-0.332
2021-04-27,-0.353
2021-04-28,-0.354
2021-04-29,-0.374
2021-04-30,-0.367
2021-05-03,-0.354
2021-05-04,-0.347
2021-05-05,-0.338
2021-05-06,-0.335
2021-05-07,-0.335
2021-05-10,-0.342
2021-05-11,-0.354
2021-05-12,-0.393
2021-05-13,-0.379
2021-05-14,-0.369
2021-05-17,-0.371
2021-05-18,-0.369
2021-05-19,-0.373
2021-05-20,-0.359
2021-05-21,-0.352
2021-05-24,-0.343
2021-05-25,-0.326
2021-05-26,-0.321
2021-05-27,-0.345
2021-05-28,-0.338
2021-06-01,-0.336
2021-06-02,-0.325
2021-06-03,-0.346
2021-06-04,-0.311
2021-06-07,-0.313
2021-06-08,-0.301
2021-06-09,-0.288
2021-06-10,-0.268
2021-06-11,-0.27
2021-06-14,-0.292
2021-06-15,-0.296
2021-06-16,-0.321
2021-06-17,-0.308
2021-06-18,-0.289
2021-06-21,-0.306
2021-06-22,-0.31
2021-06-23,-0.314
2021-06-24,-0.311
2021-06-25,-0.32
2021-06-28,-0.299
2021-06-29,-0.301
2021-06-30,-0.293
2021-07-01,-0.294
2021-07-02,-0.272
2021-07-06,-0.233
2021-07-07,-0.216
2021-07-08,-0.195
2021-07-09,-0.22
2021-07-12,-0.222
2021-07-13,-0.233
2021-07-14,-0.2
2021-07-15,-0.18
2021-07-16,-0.179
2021-07-19,-0.135
2021-07-20,-0.142
2021-07-21,-0.169
2021-07-22,-0.155
2021-07-23,-0.161
2021-07-26,-0.164
2021-07-27,-0.14
2021-07-28,-0.137
2021-07-29,-0.138
2021-07-30,-0.127
2021-08-02,-0.105
2021-08-03,-0.1
2021-08-04,-0.102
2021-08-05,-0.117
2021-08-06,-0.152
2021-08-09,-0.162
2021-08-10,-0.171
2021-08-11,-0.161
2021-08-12,-0.165
2021-08-13,-0.131
2021-08-16,-0.118
2021-08-17,-0.116
2021-08-18,-0.115
2021-08-19,-0.105
2021-08-20,-0.106
2021-08-23,-0.108
2021-08-24,-0.117
2021-08-25,-0.149
2021-08-26,-0.152
2021-08-27,-0.132
2021-08-30,-0.125
2021-08-31,-0.145
2021-09-01,-0.145
2021-09-02,-0.141
2021-09-03,-0.149
2021-09-07,-0.177
2021-09-08,-0.167
2021-09-09,-0.14
2021-09-10,-0.16
2021-09-13,-0.154
2021-09-14,-0.135
2021-09-15,-0.144
2021-09-16,-0.162
2021-09-17,-0.172
2021-09-20,-0.138
2021-09-21,-0.135
2021-09-22,-0.135
2021-09-23,-0.197
2021-09-24,-0.209
2021-09-27,-0.22
2021-09-28,-0.243
2021-09-29,-0.236
2021-09-30,-0.215
2021-10-01,-0.199
2021-10-04,-0.202
2021-10-05,-0.226
2021-10-06,-0.219
2021-10-07,-0.234
2021-10-08,-0.26
2021-10-11,-0.281
2021-10-12,-0.281
2021-10-13,-0.254
2021-10-14,-0.239
2021-10-15,-0.271
2021-10-18,-0.282
2021-10-19,-0.3
2021-10-20,-0.296
2021-10-21,-0.301
2021-10-22,-0.274
2021-10-25,-0.269
2021-10-26,-0.27
2021-10-27,-0.235
2021-10-28,-0.253
2021-10-29,-0.252
2021-11-01,-0.253
2021-11-02,-0.234
2021-11-03,-0.25
2021-11-04,-0.204
2021-11-05,-0.162
2021-11-08,-0.177
2021-11-09,-0.144
2021-11-10,-0.186
2021-11-11,-0.184
2021-11-12,-0.176
2021-11-15,-0.194
2021-11-16,-0.202
2021-11-17,-0.176
2021-11-18,-0.175
2021-11-19,-0.142
2021-11-22,-0.185
2021-11-23,-0.22
2021-11-24,-0.21
2021-11-26,-0.119
2021-11-29,-0.131
2021-11-30,-0.11
2021-12-01,-0.093
2021-12-02,-0.102
2021-12-03,-0.066
2021-12-06,-0.095
2021-12-07,-0.106
2021-12-08,-0.136
2021-12-09,-0.115
2021-12-10,-0.115
2021-12-13,-0.088
2021-12-14,-0.099
2021-12-15,-0.108
2021-12-16,-0.094
2021-12-17,-0.078
2021-12-20,-0.085
2021-12-21,-0.116
2021-12-22,-0.116
2021-12-23,-0.139
2021-12-27,-0.14
2021-12-28,-0.141
2021-12-29,-0.172
2021-12-30,-0.163
2021-12-31,-0.162
2022-01-03,-0.216608
2022-01-04,-0.218826
2022-01-05,-0.215831
2022-01-06,-0.219079
2022-01-07,-0.214398
2022-01-10,-0.212119
2022-01-11,-0.208081
2022-01-12,-0.20208
2022-01-13,-0.201882
2022-01-14,-0.200804
2022-01-18,-0.207716
2022-01-19,-0.200937
2022-01-20,-0.200224
2022-01-21,-0.202448
2022-01-24,-0.205151
2022-01-25,-0.201015
2022-01-26,-0.208013
2022-01-27,-0.221585
2022-01-28,-0.223323
2022-01-31,-0.215967
2022-02-01,-0.211575
2022-02-02,-0.208391
2022-02-03,-0.205802
2022-02-04,-0.204661
2022-02-07,-0.201572
2022-02-08,-0.201077
2022-02-09,-0.200817
2022-02-10,-0.199311
2022-02-11,-0.200379
2022-02-14,-0.196179
2022-02-15,-0.199351
2022-02-16,-0.196125
2022-02-17,-0.18954
2022-02-18,-0.191962
2022-02-22,-0.1906
2022-02-23,-0.190017
2022-02-24,-0.194004
2022-02-28,-0.196038
2022-03-01,-0.200989
2022-03-02,-0.201651
2022-03-03,-0.202118
2022-03-04,-0.199996
2022-03-07,-0.197966
2022-03-08,-0.180569
2022-03-09,-0.183843
2022-03-10,-0.185343
2022-03-11,-0.195838
2022-03-14,-0.20044
2022-03-15,-0.211404
2022-03-16,-0.21246
2022-03-17,-0.203223
2022-03-18,-0.211383
2022-03-21,-0.209323
2022-03-22,-0.217399
2022-03-23,-0.21932
2022-03-24,-0.218713
2022-03-25,-0.215869
2022-03-28,-0.229797
2022-03-29,-0.22566
2022-03-30,-0.213791
2022-03-31,-0.21765
2022-04-01,-0.224836
2022-04-04,-0.227572
2022-04-05,-0.230459
2022-04-06,-0.230659
2022-04-07,-0.229878
2022-04-08,-0.228941
2022-04-11,-0.230441
2022-04-12,-0.22846
2022-04-13,-0.228384
2022-04-14,-0.229368
2022-04-15,-0.233216
2022-04-18,-0.234974
2022-04-19,-0.247854
2022-04-20,-0.242561
2022-04-21,-0.244715
2022-04-22,-0.250755
2022-04-25,-0.258559
2022-04-26,-0.255989
2022-04-27,-0.267051
2022-04-28,-0.278702
2022-04-29,-0.264964
2022-05-02,-0.276702
2022-05-03,-0.272354
2022-05-04,-0.265183
2022-05-05,-0.268347
2022-05-06,-0.265356
2022-05-09,-0.268827
2022-05-10,-0.276089
2022-05-11,-0.273141
2022-05-12,-0.273104
2022-05-13,-0.278273
2022-05-16,-0.280514
2022-05-17,-0.273578
2022-05-18,-0.272639
2022-05-19,-0.263847
2022-05-20,-0.266051
2022-05-23,-0.257912
2022-05-24,-0.252324
2022-05-25,-0.258547
2022-05-26,-0.256352
2022-05-27,-0.255204
2022-05-30,-0.25405
2022-05-31,-0.259234
2022-06-01,-0.267182
2022-06-02,-0.257652
2022-06-03,-0.264229
2022-06-06,-0.269742
2022-06-07,-0.272402
2022-06-08,-0.277578
2022-06-09,-0.280967
2022-06-10,-0.278994
2022-06-13,-0.282426
2022-06-14,-0.287494
2022-06-15,-0.283827
2022-06-16,-0.269199
2022-06-17,-0.287012
2022-06-20,-0.285641
2022-06-21,-0.290959
2022-06-22,-0.292665
2022-06-23,-0.291642
2022-06-24,-0.293606
2022-06-27,-0.291376
2022-06-28,-0.294837
2022-06-29,-0.304172
2022-06-30,-0.303783
2022-07-01,-0.305522
2022-07-04,-0.304317
2022-07-05,-0.321472
2022-07-06,-0.328529
2022-07-07,-0.323442
2022-07-08,-0.319527
2022-07-11,-0.333156
2022-07-12,-0.334202
2022-07-13,-0.333622
2022-07-14,-0.347896
2022-07-15,-0.346024
2022-07-18,-0.336589
2022-07-19,-0.33213
2022-07-20,-0.334115
2022-07-21,-0.33016
2022-07-22,-0.325895
2022-07-25,-0.32925
2022-07-26,-0.335147
2022-07-27,-0.33088
2022-07-28,-0.316641
2022-07-29,-0.307287
2022-08-01,-0.299361
2022-08-02,-0.304993
2022-08-03,-0.310098
2022-08-04,-0.299091
2022-08-05,-0.308819
2022-08-08,-0.308558
2022-08-09,-0.306899
2022-08-10,-0.292393
2022-08-11,-0.29174
2022-08-12,-0.294481
2022-08-15,-0.302683
2022-08-16,-0.304164
2022-08-17,-0.307226
2022-08-18,-0.314011
2022-08-19,-0.319023
2022-08-22,-0.324265
2022-08-23,-0.31528
2022-08-24,-0.314544
2022-08-25,-0.311504
2022-08-26,-0.318587
2022-08-29,-0.319752
2022-08-30,-0.321244
2022-08-31,-0.320832
2022-09-01,-0.331649
2022-09-02,-0.328775
2022-09-05,-0.330974
2022-09-06,-0.340722
2022-09-07,-0.343706
2022-09-08,-0.342505
2022-09-09,-0.332088
2022-09-12,-0.329766
2022-09-13,-0.343898
2022-09-14,-0.336946
2022-09-15,-0.345134
2022-09-16,-0.339129
2022-09-19,-0.338818
2022-09-20,-0.339407
2022-09-21,-0.342689
2022-09-22,-0.331505
2022-09-23,-0.344535
2022-09-26,-0.348968
2022-09-27,-0.345142
2022-09-28,-0.338768
2022-09-29,-0.334665
2022-09-30,-0.33195
2022-10-03,-0.331099
2022-10-04,-0.318646
2022-10-05,-0.321797
2022-10-06,-0.323706
2022-10-07,-0.323432
2022-10-10,-0.326874
2022-10-11,-0.32635
2022-10-12,-0.329696
2022-10-13,-0.329282
2022-10-14,-0.336565
2022-10-17,-0.334329
2022-10-18,-0.336237
2022-10-19,-0.338888
2022-10-20,-0.335037
2022-10-21,-0.320244
2022-10-24,-0.325451
2022-10-25,-0.321051
2022-10-26,-0.309411
2022-10-27,-0.315386
2022-10-28,-0.319703
2022-10-31,-0.324178
2022-11-01,-0.321131
2022-11-02,-0.31685
2022-11-03,-0.321048
2022-11-04,-0.300777
2022-11-07,-0.296339
2022-11-08,-0.28935
2022-11-09,-0.294521
2022-11-10,-0.26839
2022-11-11,-0.249716
2022-11-14,-0.252966
2022-11-15,-0.252213
2022-11-16,-0.254754
2022-11-17,-0.258577
2022-11-18,-0.259853
2022-11-21,-0.272318
2022-11-22,-0.266695
2022-11-23,-0.25953
2022-11-24,-0.253872
2022-11-25,-0.253608
2022-11-28,-0.253893
2022-11-29,-0.253429
2022-11-30,-0.248436
2022-12-01,-0.231859
2022-12-02,-0.227916
2022-12-05,-0.239654
2022-12-06,-0.244545
2022-12-07,-0.241809
2022-12-08,-0.238445
2022-12-09,-0.233745
2022-12-12,-0.240399
2022-12-13,-0.226382
2022-12-14,-0.225352
2022-12-15,-0.237907
2022-12-16,-0.229232
2022-12-19,-0.229537
2022-12-20,-0.198975
2022-12-21,-0.202625
2022-12-22,-0.203258
2022-12-23,-0.202222
2022-12-26,-0.20311
2022-12-27,-0.198302
2022-12-28,-0.206327
2022-12-29,-0.198545
2022-12-30,-0.186807
2023-01-02,-0.186737
2023-01-03,-0.19049
2023-01-04,-0.196007
2023-01-05,-0.203386
2023-01-06,-0.194945
2023-01-09,-0.190745
2023-01-10,-0.189925
2023-01-11,-0.193334
2023-01-12,-0.177281
2023-01-13,-0.168624
2023-01-16,-0.170606
2023-01-17,-0.173086
2023-01-18,-0.179636
2023-01-19,-0.174589
2023-01-20,-0.174031
2023-01-23,-0.17808
2023-01-24,-0.17539
2023-01-25,-0.173572
2023-01-26,-0.175111
2023-01-27,-0.172761
2023-01-30,-0.174256
2023-01-31,-0.173886
2023-02-01,-0.167891
2023-02-02,-0.174088
2023-02-03,-0.188458
2023-02-06,-0.193678
2023-02-07,-0.18545
2023-02-08,-0.18551
2023-02-09,-0.186725
2023-02-10,-0.187075
2023-02-13,-0.191543
2023-02-14,-0.191967
2023-02-15,-0.199551
2023-02-16,-0.198008
2023-02-17,-0.198941
2023-02-20,-0.198433
2023-02-21,-0.199918
2023-02-22,-0.200962
2023-02-23,-0.202796
2023-02-24,-0.210158
2023-02-27,-0.206248
2023-02-28,-0.20319
2023-03-01,-0.197973
2023-03-02,-0.200126
2023-03-03,-0.196284
2023-03-06,-0.195433
2023-03-07,-0.207479
2023-03-08,-0.209269
2023-03-09,-0.203972
2023-03-10,-0.199589
2023-03-13,-0.191308
2023-03-14,-0.189871
2023-03-15,-0.193234
2023-03-16,-0.191769
2023-03-17,-0.18114
2023-03-20,-0.17519
2023-03-21,-0.179097
2023-03-22,-0.17211
2023-03-23,-0.169275
2023-03-24,-0.170896
2023-03-27,-0.174551
2023-03-28,-0.166836
2023-03-29,-0.175234
2023-03-30,-0.171062
2023-03-31,-0.173954
2023-04-03,-0.17234
2023-04-04,-0.164494
2023-04-05,-0.16649
2023-04-06,-0.169224
2023-04-07,-0.170664
2023-04-10,-0.179478
2023-04-11,-0.17446
2023-04-12,-0.169687
2023-04-13,-0.162789
2023-04-14,-0.171182
2023-04-17,-0.17495
2023-04-18,-0.171097
2023-04-19,-0.174675
2023-04-20,-0.174266
2023-04-21,-0.175186
2023-04-24,-0.174327
2023-04-25,-0.176471
2023-04-26,-0.173684
2023-04-27,-0.173387
2023-04-28,-0.186419
2023-05-01,-0.192052
2023-05-02,-0.187537
2023-05-03,-0.179051
2023-05-04,-0.175687
2023-05-05,-0.177944
2023-05-08,-0.177047
2023-05-09,-0.177229
2023-05-10,-0.175603
2023-05-11,-0.180043
2023-05-12,-0.185408
2023-05-15,-0.184969
2023-05-16,-0.187145
2023-05-17,-0.194797
2023-05-18,-0.200831
2023-05-19,-0.195586
2023-05-22,-0.196479
2023-05-23,-0.197168
2023-05-24,-0.201162
2023-05-25,-0.205763
2023-05-26,-0.207257
2023-05-29,-0.208465
2023-05-30,-0.207288
2023-05-31,-0.205811
2023-06-01,-0.201657
2023-06-02,-0.206883
2023-06-05,-0.204918
2023-06-06,-0.205299
2023-06-07,-0.204497
2023-06-08,-0.199075
2023-06-09,-0.202065
2023-06-12,-0.203612
2023-06-13,-0.204556
2023-06-14,-0.202417
2023-06-15,-0.201818
2023-06-16,-0.207841
2023-06-19,-0.208597
2023-06-20,-0.211363
2023-06-21,-0.212583
2023-06-22,-0.215514
2023-06-23,-0.223934
2023-06-26,-0.224
2023-06-27,-0.226
2023-06-28,-0.23
2023-06-29,-0.229
2023-06-30,-0.227
2023-07-03,-0.226
2023-07-04,-0.224
2023-07-05,-0.225
2023-07-06,-0.22
2023-07-07,-0.208
2023-07-10,-0.206
2023-07-11,-0.202
2023-07-12,-0.193
2023-07-13,-0.193
2023-07-14,-0.195
2023-07-17,-0.196
2023-07-18,-0.197
2023-07-19,-0.201
2023-07-20,-0.202
2023-07-21,-0.211
2023-07-24,-0.211
2023-07-25,-0.209
2023-07-26,-0.203
2023-07-27,-0.204
2023-07-28,-0.208
2023-07-31,-0.212
2023-08-01,-0.218
2023-08-02,-0.22
2023-08-03,-0.215
2023-08-04,-0.211
2023-08-07,-0.214
2023-08-08,-0.223
2023-08-09,-0.225
2023-08-10,-0.228
2023-08-11,-0.226
2023-08-14,-0.23
2023-08-15,-0.229
2023-08-16,-0.233
2023-08-17,-0.231
2023-08-18,-0.231
2023-08-21,-0.232
2023-08-22,-0.232
2023-08-23,-0.23
2023-08-24,-0.234
2023-08-25,-0.237
2023-08-28,-0.236
2023-08-29,-0.233
2023-08-30,-0.232
2023-08-31,-0.232
2023-09-01,-0.234
2023-09-04,-0.234
2023-09-05,-0.24
2023-09-06,-0.24
2023-09-07,-0.24
2023-09-08,-0.242
2023-09-11,-0.235
2023-09-12,-0.24
2023-09-13,-0.241
2023-09-14,-0.245
2023-09-15,-0.241
2023-09-18,-0.239
2023-09-19,-0.239
2023-09-20,-0.24
2023-09-21,-0.238
2023-09-22,-0.241
2023-09-25,-0.243
2023-09-26,-0.245
2023-09-27,-0.249
2023-09-28,-0.247
2023-09-29,-0.251
2023-10-02,-0.255
2023-10-03,-0.25
2023-10-04,-0.252
2023-10-05,-0.251
2023-10-06,-0.251
2023-10-09,-0.249
2023-10-10,-0.249
2023-10-11,-0.253
2023-10-12,-0.254
2023-10-13,-0.25
2023-10-16,-0.247
2023-10-17,-0.244
2023-10-18,-0.242
2023-10-19,-0.239
2023-10-20,-0.236
2023-10-23,-0.237
2023-10-24,-0.242
2023-10-25,-0.24
2023-10-26,-0.241
2023-10-27,-0.238
2023-10-30,-0.233
2023-10-31,-0.244
2023-11-01,-0.245
2023-11-02,-0.243
2023-11-03,-0.239
2023-11-06,-0.24
2023-11-07,-0.247
2023-11-08,-0.252
2023-11-09,-0.252
2023-11-10,-0.252
2023-11-13,-0.254
2023-11-14,-0.247
2023-11-15,-0.251
2023-11-16,-0.248
2023-11-17,-0.243
2023-11-20,-0.237
2023-11-21,-0.236
2023-11-22,-0.243
2023-11-23,-0.242
2023-11-24,-0.238
2023-11-27,-0.237
2023-11-28,-0.231
2023-11-29,-0.232
2023-11-30,-0.237
2023-12-01,-0.234
2023-12-04,-0.239
2023-12-05,-0.244
2023-12-06,-0.245
2023-12-07,-0.231
2023-12-08,-0.236
2023-12-11,-0.244
2023-12-12,-0.242
2023-12-13,-0.233
2023-12-14,-0.222
2023-12-15,-0.228
2023-12-18,-0.231
2023-12-19,-0.234
2023-12-20,-0.236
2023-12-21,-0.23
2023-12-22,-0.228
2023-12-25,-0.228
2023-12-26,-0.229
2023-12-27,-0.228
2023-12-28,-0.224
2023-12-29,-0.223
2024-01-01,-0.223
2024-01-02,-0.227
2024-01-03,-0.238
2024-01-04,-0.239
2024-01-05,-0.236
2024-01-08,-0.237
2024-01-09,-0.238
2024-01-10,-0.243
2024-01-11,-0.241
2024-01-12,-0.239
2024-01-15,-0.24
2024-01-16,-0.249
2024-01-17,-0.254
2024-01-18,-0.252
2024-01-19,-0.25
2024-01-22,-0.252
2024-01-23,-0.251
2024-01-24,-0.25
2024-01-25,-0.251
2024-01-26,-0.253
2024-01-29,-0.253
2024-01-30,-0.251
2024-01-31,-0.25
2024-02-01,-0.248
2024-02-02,-0.256
2024-02-05,-0.257
2024-02-06,-0.253
2024-02-07,-0.252
2024-02-08,-0.257
2024-02-09,-0.257
2024-02-12,-0.259
2024-02-13,-0.266
2024-02-15,-0.263
2024-02-16,-0.261
2024-02-19,-0.26
2024-02-20,-0.259
2024-02-21,-0.259
2024-02-22,-0.26
2024-02-23,-0.261
2024-02-26,-0.261
2024-02-27,-0.259
2024-02-28,-0.26
2024-02-29,-0.258
2024-03-01,-0.255
2024-03-04,-0.252
2024-03-05,-0.252
2024-03-06,-0.246
2024-03-07,-0.241
2024-03-08,-0.235
2024-03-11,-0.234
2024-03-12,-0.239
2024-03-13,-0.237
2024-03-14,-0.239
2024-03-15,-0.241
2024-03-18,-0.242
2024-03-19,-0.249
2024-03-20,-0.252
2024-03-21,-0.252
2024-03-22,-0.255
2024-03-25,-0.254
2024-03-26,-0.254
2024-03-27,-0.254
2024-03-28,-0.253
2024-03-29,-0.253
2024-04-01,-0.253
2024-04-02,-0.246
2024-04-03,-0.243
2024-04-04,-0.243
2024-04-05,-0.241
2024-04-08,-0.239
2024-04-09,-0.241
2024-04-10,-0.247
2024-04-11,-0.246
2024-04-12,-0.245
2024-04-15,-0.254
2024-04-16,-0.25
2024-04-17,-0.249
2024-04-18,-0.251
2024-04-19,-0.25
2024-04-22,-0.256
2024-04-23,-0.257
2024-04-24,-0.255
2024-04-25,-0.255
2024-04-26,-0.268
2024-04-29,-0.262
2024-04-30,-0.27
2024-05-01,-0.256
2024-05-02,-0.253
2024-05-03,-0.253
2024-05-06,-0.256
2024-05-07,-0.262
2024-05-08,-0.265
2024-05-09,-0.262
2024-05-10,-0.261
2024-05-13,-0.265
2024-05-14,-0.265
2024-05-15,-0.26
2024-05-16,-0.261
2024-05-17,-0.258
2024-05-20,-0.259
2024-05-21,-0.26
2024-05-22,-0.264
2024-05-23,-0.266
2024-05-24,-0.267
2024-05-27,-0.266
2024-05-28,-0.266
2024-05-29,-0.265
2024-05-30,-0.266
2024-05-31,-0.271
2024-06-03,-0.268
2024-06-04,-0.268
2024-06-05,-0.273
2024-06-06,-0.27
2024-06-07,-0.274
2024-06-10,-0.275
2024-06-11,-0.278
2024-06-12,-0.278
2024-06-13,-0.285
2024-06-14,-0.291
2024-06-17,-0.29
2024-06-18,-0.293
2024-06-19,-0.294
2024-06-20,-0.294
2024-06-21,-0.3
2024-06-24,-0.298
2024-06-25,-0.3
2024-06-26,-0.304
2024-06-27,-0.302
2024-06-28,-0.301
2024-07-01,-0.298
2024-07-02,-0.298
2024-07-03,-0.299
2024-07-04,-0.297
2024-07-05,-0.297
2024-07-08,-0.298
2024-07-09,-0.301
2024-07-10,-0.301
2024-07-11,-0.29
2024-07-12,-0.286
2024-07-15,-0.286
2024-07-16,-0.289
2024-07-17,-0.282
2024-07-18,-0.287
2024-07-19,-0.289
2024-07-22,-0.287
2024-07-23,-0.284
2024-07-24,-0.276
2024-07-25,-0.281
2024-07-26,-0.28
2024-07-29,-0.284
2024-07-30,-0.28
2024-07-31,-0.27
2024-08-01,-0.271
2024-08-02,-0.266
2024-08-05,-0.256
2024-08-06,-0.257
2024-08-07,-0.261
2024-08-08,-0.261
2024-08-09,-0.26
2024-08-12,-0.261
2024-08-13,-0.26
2024-08-14,-0.263
2024-08-15,-0.267
2024-08-16,-0.259
2024-08-19,-0.254
2024-08-20,-0.251
2024-08-21,-0.252
2024-08-22,-0.257
2024-08-23,-0.247
2024-08-26,-0.248
2024-08-27,-0.245
2024-08-28,-0.25
2024-08-29,-0.25
2024-08-30,-0.255
2024-09-02,-0.257
2024-09-03,-0.256
2024-09-04,-0.251
2024-09-05,-0.25
2024-09-06,-0.247
2024-09-09,-0.251
2024-09-10,-0.25
2024-09-11,-0.25
2024-09-12,-0.244
2024-09-13,-0.24
2024-09-16,-0.24
2024-09-17,-0.246
2024-09-18,-0.243
2024-09-19,-0.244
2024-09-20,-0.247
2024-09-23,-0.248
2024-09-24,-0.247
2024-09-25,-0.251
2024-09-26,-0.252
2024-09-27,-0.244
2024-09-30,-0.25
2024-10-01,-0.254
2024-10-02,-0.264
2024-10-03,-0.265
2024-10-04,-0.268
2024-10-07,-0.266
2024-10-08,-0.267
2024-10-09,-0.271
2024-10-10,-0.269
2024-10-11,-0.269
2024-10-14,-0.273
2024-10-15,-0.272
2024-10-16,-0.276
2024-10-17,-0.277
2024-10-18,-0.273
2024-10-21,-0.276
2024-10-22,-0.275
2024-10-23,-0.284
2024-10-24,-0.281
2024-10-25,-0.282
2024-10-28,-0.286
2024-10-29,-0.284
2024-10-30,-0.282
2024-10-31,-0.278
2024-11-01,-0.28
2024-11-04,-0.278
2024-11-05,-0.274
2024-11-06,-0.29
2024-11-07,-0.282
2024-11-08,-0.285
2024-11-11,-0.293
2024-11-12,-0.296
2024-11-13,-0.299
2024-11-14,-0.305
2024-11-15,-0.297
2024-11-18,-0.286
2024-11-19,-0.288
2024-11-20,-0.291
2024-11-21,-0.288
2024-11-22,-0.29
2024-11-25,-0.293
2024-11-26,-0.289
2024-11-27,-0.281
2024-11-28,-0.284
2024-11-29,-0.279
2024-12-02,-0.281
2024-12-03,-0.28
2024-12-04,-0.285
2024-12-05,-0.281
2024-12-06,-0.282
2024-12-09,-0.286
2024-12-10,-0.289
2024-12-11,-0.29
2024-12-12,-0.288
2024-12-13,-0.29
2024-12-16,-0.292
2024-12-17,-0.29
2024-12-18,-0.295
2024-12-19,-0.304
2024-12-20,-0.3
2024-12-23,-0.301
2024-12-24,-0.302
2024-12-25,-0.303
2024-12-26,-0.305
2024-12-27,-0.302
2024-12-30,-0.3
2024-12-31,-0.301
2025-01-01,-0.3
2025-01-02,-0.303
2025-01-03,-0.3
2025-01-06,-0.3
2025-01-07,-0.299
2025-01-08,-0.301
2025-01-09,-0.3
2025-01-10,-0.296
2025-01-13,-0.295
2025-01-14,-0.296
2025-01-15,-0.294
2025-01-16,-0.289
2025-01-17,-0.295
2025-01-20,-0.294
2025-01-21,-0.292
2025-01-22,-0.295
2025-01-23,-0.292
2025-01-24,-0.291
2025-01-27,-0.288
2025-01-28,-0.291
2025-01-29,-0.289
2025-01-30,-0.287
2025-01-31,-0.293
2025-02-03,-0.295
2025-02-04,-0.292
2025-02-05,-0.287
2025-02-06,-0.282
2025-02-07,-0.281
2025-02-10,-0.284
2025-02-11,-0.283
2025-02-12,-0.288
2025-02-13,-0.286
2025-02-14,-0.284
2025-02-17,-0.278
2025-02-18,-0.281
2025-02-19,-0.277
2025-02-20,-0.27
2025-02-21,-0.272
2025-02-24,-0.275
2025-02-25,-0.274
2025-02-26,-0.275
2025-02-27,-0.28
2025-02-28,-0.285
2025-03-03,-0.277
2025-03-04,-0.277
2025-03-05,-0.264
2025-03-06,-0.254
2025-03-07,-0.256
2025-03-10,-0.254
2025-03-11,-0.254
2025-03-12,-0.254
2025-03-13,-0.255
2025-03-14,-0.256
2025-03-17,-0.261
2025-03-18,-0.262
2025-03-19,-0.261
2025-03-20,-0.262
2025-03-21,-0.265
2025-03-24,-0.27
2025-03-25,-0.266
2025-03-26,-0.27
2025-03-27,-0.272
2025-03-28,-0.269
2025-03-31,-0.27
2025-04-01,-0.271
2025-04-02,-0.268
2025-04-03,-0.259
2025-04-04,-0.267
2025-04-07,-0.266
2025-04-08,-0.261
2025-04-09,-0.265
2025-04-10,-0.253
2025-04-11,-0.25
2025-04-14,-0.248
2025-04-15,-0.248
2025-04-16,-0.245
2025-04-17,-0.246
2025-04-18,-0.246
2025-04-21,-0.238
2025-04-22,-0.241
2025-04-23,-0.247
2025-04-24,-0.246
2025-04-25,-0.249
2025-04-28,-0.243
2025-04-29,-0.245
2025-04-30,-0.25
2025-05-01,-0.259
2025-05-02,-0.254
2025-05-05,-0.249
2025-05-06,-0.243
2025-05-07,-0.251
2025-05-08,-0.258
2025-05-09,-0.254
2025-05-12,-0.263
2025-05-13,-0.258
2025-05-14,-0.253
2025-05-15,-0.253
2025-05-16,-0.254
2025-05-19,-0.251
2025-05-20,-0.249
2025-05-21,-0.243
2025-05-22,-0.245
2025-05-23,-0.242
2025-05-26,-0.243
2025-05-27,-0.25
2025-05-28,-0.252
2025-05-29,-0.251
2025-05-30,-0.251
2025-06-02,-0.245
2025-06-03,-0.251
2025-06-04,-0.247
2025-06-05,-0.247
2025-06-06,-0.252
2025-06-09,-0.251
2025-06-10,-0.254
2025-06-11,-0.252
2025-06-12,-0.252
2025-06-13,-0.253
2025-06-16,-0.254
2025-06-17,-0.258
2025-06-18,-0.258
2025-06-19,-0.259
2025-06-20,-0.261
2025-06-23,-0.263
2025-06-24,-0.257
2025-06-25,-0.258
2025-06-26,-0.255
2025-06-27,-0.255
2025-06-30,-0.254
2025-07-01,-0.252
2025-07-02,-0.251
2025-07-03,-0.257
2025-07-04,-0.257
2025-07-07,-0.26
2025-07-08,-0.261
2025-07-09,-0.262
2025-07-10,-0.261
2025-07-11,-0.266
2025-07-14,-0.266
2025-07-15,-0.271
2025-07-16,-0.268
2025-07-17,-0.271
2025-07-18,-0.272
2025-07-21,-0.269
2025-07-22,-0.268
2025-07-23,-0.266
2025-07-24,-0.264
2025-07-25,-0.267
2025-07-28,-0.271
2025-07-29,-0.273
2025-07-30,-0.276
2025-07-31,-0.282
2025-08-01,-0.272
2025-08-04,-0.271
2025-08-05,-0.273
2025-08-06,-0.27
2025-08-07,-0.27
2025-08-08,-0.27
2025-08-11,-0.27
2025-08-12,-0.268
2025-08-13,-0.269
2025-08-14,-0.269
2025-08-15,-0.264
2025-08-18,-0.267
2025-08-19,-0.267
2025-08-20,-0.268
2025-08-21,-0.271
2025-08-22,-0.267
2025-08-25,-0.27
2025-08-26,-0.27
2025-08-27,-0.272
2025-08-28,-0.27
2025-08-29,-0.27
2025-09-01,-0.27
2025-09-02,-0.275
2025-09-03,-0.277
2025-09-04,-0.279
2025-09-05,-0.279
2025-09-08,-0.282
2025-09-09,-0.28
2025-09-10,-0.281
2025-09-11,-0.28
2025-09-12,-0.28
2025-09-15,-0.28
2025-09-16,-0.278
2025-09-17,-0.28
2025-09-18,-0.282
2025-09-19,-0.282
2025-09-22,-0.282
2025-09-23,-0.283
2025-09-24,-0.289
2025-09-25,-0.292
2025-09-26,-0.292
2025-09-29,-0.29
2025-09-30,-0.288
2025-10-01,-0.285
2025-10-02,-0.286
2025-10-03,-0.288
2025-10-06,-0.303
2025-10-07,-0.311
2025-10-08,-0.317
2025-10-09,-0.318
2025-10-10,-0.313
2025-10-13,-0.32
2025-10-14,-0.32
2025-10-15,-0.32
2025-10-16,-0.32
2025-10-17,-0.32
2025-10-20,-0.324
2025-10-21,-0.325
2025-10-22,-0.323
2025-10-23,-0.327
2025-10-24,-0.327
2025-10-27,-0.323
2025-10-28,-0.32
2025-10-29,-0.322
2025-10-30,-0.328
2025-10-31,-0.327
2025-11-03,-0.327
2025-11-04,-0.325
2025-11-05,-0.326
2025-11-06,-0.322
2025-11-07,-0.324
2025-11-10,-0.33
2025-11-11,-0.332
2025-11-12,-0.338
2025-11-13,-0.337
2025-11-14,-0.332
2025-11-17,-0.335
2025-11-18,-0.335
2025-11-19,-0.343
2025-11-20,-0.344
2025-11-21,-0.34
2025-11-24,-0.343
2025-11-25,-0.34
2025-11-26,-0.344
2025-11-27,-0.343
2025-11-28,-0.343
2025-12-01,-0.339
2025-12-02,-0.339
2025-12-03,-0.338
2025-12-04,-0.335
2025-12-05,-0.335
2025-12-08,-0.334
2025-12-09,-0.34
2025-12-10,-0.336
2025-12-11,-0.337
2025-12-12,-0.338
2025-12-15,-0.336
2025-12-16,-0.335
2025-12-17,-0.339
2025-12-18,-0.341
2025-12-19,-0.349
2025-12-22,-0.349
2025-12-23,-0.348
2025-12-24,-0.347
2025-12-25,-0.347
2025-12-26,-0.353
2025-12-29,-0.345
2025-12-30,-0.346
2025-12-31,-0.346
2026-01-01,-0.346
2026-01-02,-0.345
2026-01-05,-0.349
2026-01-06,-0.352
2026-01-07,-0.353
2026-01-08,-0.353
2026-01-09,-0.36
2026-01-12,-0.366
2026-01-13,-0.37
2026-01-14,-0.367
2026-01-15,-0.368
2026-01-16,-0.364
2026-01-19,-0.369
2026-01-20,-0.37
2026-01-21,-0.369
2026-01-22,-0.376
2026-01-23,-0.368
2026-01-26,-0.367
2026-01-27,-0.36
2026-01-28,-0.371
2026-01-29,-0.371
2026-01-30,-0.368
2026-02-02,-0.358
2026-02-03,-0.369
2026-02-04,-0.374
2026-02-05,-0.371
2026-02-06,-0.377
2026-02-09,-0.377
2026-02-10,-0.37
2026-02-11,-0.364
2026-02-12,-0.361
2026-02-13,-0.364
2026-02-16,-0.366
2026-02-17,-0.362
2026-02-18,-0.374
2026-02-19,-0.376
2026-02-20,-0.378
2026-02-23,-0.383
2026-02-24,-0.387
2026-02-25,-0.391
2026-02-26,-0.39
2026-02-27,-0.396
2026-03-02,-0.4
2026-03-03,-0.392
2026-03-04,-0.391
2026-03-05,-0.388
2026-03-06,-0.391
2026-03-09,-0.389
2026-03-10,-0.393
2026-03-11,-0.392
2026-03-12,-0.39
2026-03-13,-0.386
2026-03-16,-0.382
2026-03-17,-0.383
2026-03-18,-0.379
2026-03-19,-0.354
2026-03-20,-0.357
2026-03-23,-0.342
2026-03-24,-0.345
2026-03-25,-0.357
2026-03-26,-0.348
2026-03-27,-0.353
2026-03-30,-0.354
2026-03-31,-0.353
2026-04-01,-0.361
2026-04-02,-0.36
2026-04-03,-0.359
2026-04-06,-0.358
2026-04-07,-0.354
2026-04-08,-0.359
2026-04-09,-0.357
2026-04-10,-0.357
2026-04-13,-0.354
2026-04-14,-0.357
2026-04-15,-0.358
2026-04-16,-0.358
2026-04-17,-0.361
2026-04-20,-0.359
2026-04-21,-0.358
2026-04-22,-0.357
2026-04-23,-0.358
2026-04-24,-0.355
2026-04-27,-0.351
2026-04-28,-0.345
2026-04-29,-0.345
2026-04-30,-0.335
2026-05-01,-0.338
2026-05-04,-0.332
2026-05-05,-0.337
2026-05-06,-0.34
2026-05-07,-0.344
2026-05-08,-0.341
2026-05-11,-0.341
2026-05-12,-0.337
2026-05-13,-0.339
2026-05-14,-0.343
2026-05-15,-0.334
2026-05-18,-0.333
2026-05-19,-0.33
2026-05-20,-0.334
2026-05-21,-0.334
2026-05-22,-0.337
2026-05-25,-0.342
2026-05-26,-0.339
2026-05-27,-0.336
2026-05-28,-0.338
2026-05-29,-0.346
2026-06-01,-0.34
2026-06-02,-0.342
2026-06-03,-0.338
2026-06-04,-0.339
2026-06-05,-0.332
2026-06-08,-0.329
2026-06-09,-0.328
2026-06-10,-0.316
2026-06-11,-0.314
2026-06-12,-0.323
2026-06-15,-0.333
2026-06-16,-0.333
2026-06-17,-0.335
2026-06-18,-0.334
2026-06-19,-0.325
2026-06-22,-0.329
2026-06-23,-0.327
2026-06-24,-0.32
2026-06-25,-0.321
2026-06-26,-0.328
2026-06-29,-0.325
2026-06-30,-0.327
2026-07-01,-0.329
2026-07-02,-0.326
2026-07-03,-0.329
2026-07-06,-0.33
2026-07-07,-0.328
2026-07-08,-0.32
2026-07-09,-0.326
2026-07-10,-0.321
2026-07-13,-0.318
2026-07-14,-0.323
2026-07-15,-0.318
2026-07-16,-0.316
2026-07-17,-0.317
2026-07-20,-0.317
2026-07-21,-0.323
2026-07-22,-0.326
2026-07-23,-0.322
2026-07-24,-0.325
2026-07-27,-0.326
2026-07-28,-0.325
2026-07-29,-0.319
2026-07-30,-0.305
2026-07-31,-0.292
2026-08-03,-0.29
2026-08-04,-0.298
2026-08-05,-0.308
2026-08-06,-0.31
2026-08-07,-0.312
2026-08-10,-0.317
2026-08-11,-0.32
2026-08-12,-0.322
2026-08-13,-0.32
2026-08-14,-0.317
2026-08-17,-0.319
2026-08-18,-0.315
2026-08-19,-0.318
2026-08-20,-0.323
2026-08-21,-0.325
2026-08-24,-0.331
2026-08-25,-0.331
2026-08-26,-0.328
2026-08-27,-0.328
2026-08-28,-0.328
2026-08-31,-0.318
2026-09-01,-0.315
2026-09-02,-0.307
2026-09-03,-0.301
2026-09-04,-0.301
2026-09-07,-0.289
2026-09-08,-0.286
2026-09-09,-0.281
2026-09-10,-0.279
2026-09-11,-0.274
2026-09-14,-0.273
2026-09-15,-0.277
2026-09-16,-0.287
2026-09-17,-0.288
2026-09-18,-0.29
2026-09-21,-0.296
2026-09-22,-0.296
2026-09-23,-0.294
2026-09-24,-0.292
2026-09-25,-0.285
2026-09-28,-0.275
2026-09-29,-0.278
2026-09-30,-0.28
2026-10-01,-0.288
2026-10-02,-0.288
2026-10-05,-0.287
2026-10-06,-0.289
