date,value
2000-01-03,0.472
2000-01-04,0.55
2000-01-05,0.501
2000-01-06,0.566
2000-01-07,0.565
2000-01-10,0.5
2000-01-11,0.487
2000-01-12,0.433
2000-01-13,0.536
2000-01-14,0.512
2000-01-18,0.549
2000-01-19,0.661
2000-01-20,0.406
2000-01-21,0.339
2000-01-24,0.366
2000-01-25,0.226
2000-01-26,0.218
2000-01-27,0.122
2000-01-28,0.23
2000-01-31,0.236
2000-02-01,0.259
2000-02-02,0.365
2000-02-03,0.565
2000-02-04,0.393
2000-02-07,0.382
2000-02-08,0.224
2000-02-09,0.289
2000-02-10,0.249
2000-02-11,0.18
2000-02-14,0.292
2000-02-15,0.116
2000-02-16,0.207
2000-02-17,0.191
2000-02-18,0.265
2000-02-22,0.214
2000-02-23,0.071
2000-02-24,0.14
2000-02-25,0.196
2000-02-28,0.087
2000-02-29,0.114
2000-03-01,0.145
2000-03-02,0.131
2000-03-03,0.068
2000-03-06,0.084
2000-03-07,0.083
2000-03-08,0.151
2000-03-09,0.154
2000-03-10,0.067
2000-03-13,0.149
2000-03-14,0.187
2000-03-15,0.221
2000-03-16,0.258
2000-03-17,0.224
2000-03-20,0.204
2000-03-21,0.181
2000-03-22,0.216
2000-03-23,0.249
2000-03-24,0.297
2000-03-27,0.43
2000-03-28,0.398
2000-03-29,0.407
2000-03-30,0.484
2000-03-31,0.523
2000-04-03,0.598
2000-04-04,0.58
2000-04-05,0.55
2000-04-06,0.461
2000-04-07,0.493
2000-04-10,0.658
2000-04-11,0.647
2000-04-12,0.593
2000-04-13,0.595
2000-04-14,0.967
2000-04-17,0.685
2000-04-18,0.617
2000-04-19,0.715
2000-04-20,0.673
2000-04-24,0.72
2000-04-25,0.671
2000-04-26,0.79
2000-04-27,0.811
2000-04-28,0.88
2000-05-01,0.859
2000-05-02,0.959
2000-05-03,0.971
2000-05-04,1.165
2000-05-05,1.186
2000-05-08,1.108
2000-05-09,0.945
2000-05-10,0.894
2000-05-11,1.08
2000-05-12,1.008
2000-05-15,1.179
2000-05-16,0.948
2000-05-17,1.282
2000-05-18,1.473
2000-05-19,1.536
2000-05-22,1.475
2000-05-23,1.503
2000-05-24,1.435
2000-05-25,1.735
2000-05-26,1.795
2000-05-30,1.906
2000-05-31,2.134
2000-06-01,2.009
2000-06-02,1.755
2000-06-05,1.489
2000-06-06,1.349
2000-06-07,1.565
2000-06-08,1.59
2000-06-09,1.599
2000-06-12,1.652
2000-06-13,1.513
2000-06-14,1.629
2000-06-15,1.57
2000-06-16,1.579
2000-06-19,1.606
2000-06-20,1.612
2000-06-21,1.529
2000-06-22,1.518
2000-06-23,1.507
2000-06-26,1.551
2000-06-27,1.511
2000-06-28,1.529
2000-06-29,1.642
2000-06-30,1.666
2000-07-03,1.554
2000-07-05,1.309
2000-07-06,1.303
2000-07-07,1.218
2000-07-10,1.148
2000-07-11,1.089
2000-07-12,0.953
2000-07-13,0.961
2000-07-14,0.97
2000-07-17,1.013
2000-07-18,1.046
2000-07-19,0.961
2000-07-20,0.953
2000-07-21,1.006
2000-07-24,0.949
2000-07-25,0.859
2000-07-26,0.893
2000-07-27,0.956
2000-07-28,1.03
2000-07-31,1.013
2000-08-01,0.941
2000-08-02,0.952
2000-08-03,0.996
2000-08-04,1.021
2000-08-07,0.898
2000-08-08,0.778
2000-08-09,0.765
2000-08-10,0.699
2000-08-11,0.711
2000-08-14,0.687
2000-08-15,0.633
2000-08-16,0.699
2000-08-17,0.723
2000-08-18,0.682
2000-08-21,0.609
2000-08-22,0.692
2000-08-23,0.616
2000-08-24,0.626
2000-08-25,0.712
2000-08-28,0.576
2000-08-29,0.553
2000-08-30,0.669
2000-08-31,0.662
2000-09-01,0.692
2000-09-05,0.698
2000-09-06,0.764
2000-09-07,0.824
2000-09-08,0.906
2000-09-11,0.808
2000-09-12,0.829
2000-09-13,0.895
2000-09-14,0.799
2000-09-15,0.868
2000-09-18,0.786
2000-09-19,0.764
2000-09-20,0.747
2000-09-21,0.75
2000-09-22,0.764
2000-09-25,0.752
2000-09-26,0.743
2000-09-27,0.696
2000-09-28,0.873
2000-09-29,1.017
2000-10-02,0.915
2000-10-03,0.835
2000-10-04,0.839
2000-10-05,0.864
2000-10-06,0.999
2000-10-09,0.904
2000-10-10,1.073
2000-10-11,1.04
2000-10-12,1.111
2000-10-13,1.095
2000-10-16,0.97
2000-10-17,0.889
2000-10-18,0.947
2000-10-19,0.846
2000-10-20,0.876
2000-10-23,0.815
2000-10-24,0.814
2000-10-25,0.663
2000-10-26,0.724
2000-10-27,0.71
2000-10-30,0.749
2000-10-31,0.666
2000-11-01,0.653
2000-11-02,0.597
2000-11-03,0.61
2000-11-06,0.477
2000-11-07,0.51
2000-11-08,0.57
2000-11-09,0.701
2000-11-10,0.692
2000-11-13,0.672
2000-11-14,0.635
2000-11-15,0.7
2000-11-16,0.774
2000-11-17,0.733
2000-11-20,0.719
2000-11-21,0.709
2000-11-22,0.7
2000-11-24,0.643
2000-11-27,0.76
2000-11-28,0.763
2000-11-29,0.98
2000-11-30,0.961
2000-12-01,0.927
2000-12-04,1.019
2000-12-05,1.128
2000-12-06,0.975
2000-12-07,0.836
2000-12-08,0.936
2000-12-11,0.923
2000-12-12,0.819
2000-12-13,0.888
2000-12-14,0.793
2000-12-15,0.736
2000-12-18,0.858
2000-12-19,0.925
2000-12-20,1.088
2000-12-21,1.531
2000-12-22,1.762
2000-12-26,1.14
2000-12-27,1.081
2000-12-28,1.017
2000-12-29,1.014
2001-01-02,0.946
2001-01-03,1.082
2001-01-04,0.869
2001-01-05,1.036
2001-01-08,0.797
2001-01-09,0.663
2001-01-10,0.607
2001-01-11,0.683
2001-01-12,0.649
2001-01-16,0.64
2001-01-17,0.632
2001-01-18,0.605
2001-01-19,0.575
2001-01-22,0.563
2001-01-23,0.501
2001-01-24,0.553
2001-01-25,0.627
2001-01-26,0.624
2001-01-29,0.525
2001-01-30,0.719
2001-01-31,0.583
2001-02-01,0.642
2001-02-02,0.67
2001-02-05,0.568
2001-02-06,0.643
2001-02-07,0.593
2001-02-08,0.559
2001-02-09,0.593
2001-02-12,0.568
2001-02-13,0.531
2001-02-14,0.555
2001-02-15,0.555
2001-02-16,0.557
2001-02-20,0.487
2001-02-21,0.49
2001-02-22,0.482
2001-02-23,0.673
2001-02-26,0.602
2001-02-27,0.448
2001-02-28,0.302
2001-03-01,0.403
2001-03-02,0.432
2001-03-05,0.418
2001-03-06,0.43
2001-03-07,0.53
2001-03-08,0.538
2001-03-09,0.433
2001-03-12,0.693
2001-03-13,0.514
2001-03-14,0.644
2001-03-15,0.517
2001-03-16,0.424
2001-03-19,0.379
2001-03-20,0.339
2001-03-21,0.482
2001-03-22,0.718
2001-03-23,0.565
2001-03-26,0.751
2001-03-27,0.537
2001-03-28,0.624
2001-03-29,0.785
2001-03-30,0.79
2001-04-02,0.732
2001-04-03,0.919
2001-04-04,0.896
2001-04-05,0.882
2001-04-06,1.192
2001-04-09,1.081
2001-04-10,1.059
2001-04-11,0.759
2001-04-12,0.957
2001-04-16,0.779
2001-04-17,0.787
2001-04-18,1.057
2001-04-19,0.566
2001-04-20,0.737
2001-04-23,0.765
2001-04-24,0.598
2001-04-25,0.492
2001-04-26,0.565
2001-04-27,0.461
2001-04-30,0.46
2001-05-01,0.489
2001-05-02,0.458
2001-05-03,0.51
2001-05-04,0.529
2001-05-07,0.572
2001-05-08,0.329
2001-05-09,0.285
2001-05-10,0.27
2001-05-11,0.256
2001-05-14,0.471
2001-05-15,0.575
2001-05-16,0.388
2001-05-17,0.422
2001-05-18,0.387
2001-05-21,0.4
2001-05-22,0.382
2001-05-23,0.435
2001-05-24,0.356
2001-05-25,0.392
2001-05-29,0.253
2001-05-30,0.278
2001-05-31,0.315
2001-06-01,0.209
2001-06-04,0.183
2001-06-05,0.249
2001-06-06,0.292
2001-06-07,0.267
2001-06-08,0.273
2001-06-11,0.305
2001-06-12,0.384
2001-06-13,0.378
2001-06-14,0.341
2001-06-15,0.387
2001-06-18,0.357
2001-06-19,0.352
2001-06-20,0.231
2001-06-21,0.21
2001-06-22,0.297
2001-06-25,0.229
2001-06-26,0.134
2001-06-27,0.068
2001-06-28,0.13
2001-06-29,0.205
2001-07-02,0.217
2001-07-03,0.18
2001-07-05,0.192
2001-07-06,0.191
2001-07-09,0.144
2001-07-10,0.243
2001-07-11,0.261
2001-07-12,0.266
2001-07-13,0.226
2001-07-16,0.192
2001-07-17,0.189
2001-07-18,0.213
2001-07-19,0.198
2001-07-20,0.162
2001-07-23,0.134
2001-07-24,0.138
2001-07-25,0.105
2001-07-26,0.074
2001-07-27,0.026
2001-07-30,-0.023
2001-07-31,0.047
2001-08-01,0.03
2001-08-02,0.025
2001-08-03,0.076
2001-08-06,0.03
2001-08-07,0.007
2001-08-08,0.15
2001-08-09,0.141
2001-08-10,0.147
2001-08-13,0.16
2001-08-14,0.114
2001-08-15,0.12
2001-08-16,0.163
2001-08-17,0.205
2001-08-20,0.123
2001-08-21,0.192
2001-08-22,0.12
2001-08-23,0.099
2001-08-24,0.081
2001-08-27,0.085
2001-08-28,0.076
2001-08-29,0.017
2001-08-30,0.036
2001-08-31,0.025
2001-09-04,-0.033
2001-09-05,0.058
2001-09-06,0.098
2001-09-07,0.154
2001-09-10,0.033
2001-09-17,0.571
2001-09-18,0.602
2001-09-19,0.718
2001-09-20,0.505
2001-09-21,0.413
2001-09-24,0.278
2001-09-25,0.225
2001-09-26,0.185
2001-09-27,0.2
2001-09-28,0.15
2001-10-01,0.182
2001-10-02,0.228
2001-10-03,0.156
2001-10-04,0.161
2001-10-05,0.17
2001-10-08,0.125
2001-10-09,0.13
2001-10-10,0.096
2001-10-11,0.107
2001-10-12,0.164
2001-10-15,0.143
2001-10-16,0.158
2001-10-17,0.148
2001-10-18,0.124
2001-10-19,0.106
2001-10-22,0.092
2001-10-23,0.043
2001-10-24,0.066
2001-10-25,0.047
2001-10-26,0.02
2001-10-29,0.04
2001-10-30,0.07
2001-10-31,0.063
2001-11-01,-0.001
2001-11-02,0.019
2001-11-05,0.01
2001-11-06,0.061
2001-11-07,-0.021
2001-11-08,-0.043
2001-11-09,-0.047
2001-11-12,-0.02
2001-11-13,-0.018
2001-11-14,-0.064
2001-11-15,0.022
2001-11-16,0.03
2001-11-19,0.022
2001-11-20,0.005
2001-11-21,0.006
2001-11-23,0.075
2001-11-26,0.071
2001-11-27,0.185
2001-11-28,0.178
2001-11-29,0.226
2001-11-30,0.218
2001-12-03,0.171
2001-12-04,0.16
2001-12-05,0.114
2001-12-06,0.183
2001-12-07,0.175
2001-12-10,0.097
2001-12-11,0.121
2001-12-12,0.115
2001-12-13,0.1
2001-12-14,0.126
2001-12-17,0.121
2001-12-18,0.117
2001-12-19,0.091
2001-12-20,0.126
2001-12-21,0.171
2001-12-24,0.169
2001-12-26,0.104
2001-12-27,0.192
2001-12-28,0.075
2001-12-31,0.076
2002-01-02,0.046
2002-01-03,0.045
2002-01-04,0.019
2002-01-07,-0.011
2002-01-08,0.011
2002-01-09,0.023
2002-01-10,0.042
2002-01-11,0.056
2002-01-14,0.001
2002-01-15,-0.013
2002-01-16,0
2002-01-17,0.043
2002-01-18,0.056
2002-01-22,0.062
2002-01-23,0.052
2002-01-24,-0.124
2002-01-25,-0.05
2002-01-28,-0.059
2002-01-29,-0.004
2002-01-30,-0.024
2002-01-31,-0.023
2002-02-01,0.019
2002-02-04,0.019
2002-02-05,-0.01
2002-02-06,-0.03
2002-02-07,0.008
2002-02-08,0.014
2002-02-11,-0.004
2002-02-12,-0.004
2002-02-13,-0.008
2002-02-14,-0.003
2002-02-15,0.017
2002-02-19,0.021
2002-02-20,0.021
2002-02-21,0.016
2002-02-22,0.037
2002-02-25,0.023
2002-02-26,0.021
2002-02-27,0.05
2002-02-28,-0.008
2002-03-01,-0.015
2002-03-04,0.027
2002-03-05,0.057
2002-03-06,0.044
2002-03-07,0.048
2002-03-08,0.079
2002-03-11,0.12
2002-03-12,0.12
2002-03-13,0.101
2002-03-14,0.091
2002-03-15,0.113
2002-03-18,0.114
2002-03-19,0.134
2002-03-20,0.138
2002-03-21,0.193
2002-03-22,0.198
2002-03-25,0.201
2002-03-26,0.207
2002-03-27,0.271
2002-03-28,0.153
2002-04-01,0.173
2002-04-02,0.153
2002-04-03,0.125
2002-04-04,0.155
2002-04-05,0.159
2002-04-08,0.169
2002-04-09,0.166
2002-04-10,0.155
2002-04-11,0.216
2002-04-12,0.242
2002-04-15,0.233
2002-04-16,0.193
2002-04-17,0.163
2002-04-18,0.169
2002-04-19,0.164
2002-04-22,0.169
2002-04-23,0.167
2002-04-24,0.157
2002-04-25,0.071
2002-04-26,0.074
2002-04-29,0.078
2002-04-30,0.053
2002-05-01,0.069
2002-05-02,0.106
2002-05-03,0.157
2002-05-06,0.157
2002-05-07,0.118
2002-05-08,0.111
2002-05-09,0.142
2002-05-10,0.127
2002-05-13,0.126
2002-05-14,0.121
2002-05-15,0.108
2002-05-16,0.108
2002-05-17,0.125
2002-05-20,0.116
2002-05-21,0.096
2002-05-22,0.119
2002-05-23,0.156
2002-05-24,0.168
2002-05-28,0.137
2002-05-29,0.147
2002-05-30,0.086
2002-05-31,0.097
2002-06-03,0.111
2002-06-04,0.107
2002-06-05,0.121
2002-06-06,0.157
2002-06-07,0.177
2002-06-10,0.187
2002-06-11,0.158
2002-06-12,0.169
2002-06-13,0.195
2002-06-14,0.186
2002-06-17,0.178
2002-06-18,0.169
2002-06-19,0.155
2002-06-20,0.168
2002-06-21,0.156
2002-06-24,0.126
2002-06-25,0.143
2002-06-26,0.16
2002-06-27,0.171
2002-06-28,0.158
2002-07-01,0.071
2002-07-02,0.078
2002-07-03,0.092
2002-07-05,0.097
2002-07-08,0.127
2002-07-09,0.09
2002-07-10,0.079
2002-07-11,0.083
2002-07-12,0.077
2002-07-15,0.082
2002-07-16,0.097
2002-07-17,0.1
2002-07-18,0.134
2002-07-19,0.173
2002-07-22,0.203
2002-07-23,0.111
2002-07-24,0.288
2002-07-25,0.205
2002-07-26,0.261
2002-07-29,0.224
2002-07-30,0.243
2002-07-31,0.204
2002-08-01,0.233
2002-08-02,0.244
2002-08-05,0.222
2002-08-06,0.21
2002-08-07,0.181
2002-08-08,0.173
2002-08-09,0.181
2002-08-12,0.175
2002-08-13,0.131
2002-08-14,0.11
2002-08-15,0.139
2002-08-16,0.148
2002-08-19,0.199
2002-08-20,0.178
2002-08-21,0.174
2002-08-22,0.177
2002-08-23,0.144
2002-08-26,0.144
2002-08-27,0.126
2002-08-28,0.147
2002-08-29,0.1
2002-08-30,0.117
2002-09-03,0.102
2002-09-04,0.092
2002-09-05,0.122
2002-09-06,0.131
2002-09-09,0.12
2002-09-10,0.165
2002-09-11,0.157
2002-09-12,0.166
2002-09-13,0.154
2002-09-16,0.181
2002-09-17,0.184
2002-09-18,0.215
2002-09-19,0.232
2002-09-20,0.247
2002-09-23,0.278
2002-09-24,0.286
2002-09-25,0.223
2002-09-26,0.214
2002-09-27,0.189
2002-09-30,0.219
2002-10-01,0.214
2002-10-02,0.228
2002-10-03,0.254
2002-10-04,0.275
2002-10-07,0.281
2002-10-08,0.27
2002-10-09,0.276
2002-10-10,0.288
2002-10-11,0.258
2002-10-14,0.259
2002-10-15,0.236
2002-10-16,0.257
2002-10-17,0.27
2002-10-18,0.313
2002-10-21,0.276
2002-10-22,0.32
2002-10-23,0.257
2002-10-24,0.23
2002-10-25,0.221
2002-10-28,0.247
2002-10-29,0.22
2002-10-30,0.231
2002-10-31,0.215
2002-11-01,0.284
2002-11-04,0.235
2002-11-05,0.206
2002-11-06,0.116
2002-11-07,0.115
2002-11-08,0.15
2002-11-11,0.161
2002-11-12,0.183
2002-11-13,0.208
2002-11-14,0.234
2002-11-15,0.217
2002-11-18,0.209
2002-11-19,0.187
2002-11-20,0.205
2002-11-21,0.217
2002-11-22,0.212
2002-11-25,0.221
2002-11-26,0.221
2002-11-27,0.242
2002-11-29,0.227
2002-12-02,0.214
2002-12-03,0.283
2002-12-04,0.261
2002-12-05,0.258
2002-12-06,0.179
2002-12-09,0.194
2002-12-10,0.175
2002-12-11,0.181
2002-12-12,0.189
2002-12-13,0.185
2002-12-16,0.195
2002-12-17,0.192
2002-12-18,0.172
2002-12-19,0.198
2002-12-20,0.231
2002-12-23,0.22
2002-12-24,0.205
2002-12-26,0.165
2002-12-27,0.169
2002-12-30,0.224
2002-12-31,0.223
2003-01-02,0.231
2003-01-03,0.235
2003-01-06,0.231
2003-01-07,0.22
2003-01-08,0.244
2003-01-09,0.235
2003-01-10,0.251
2003-01-13,0.243
2003-01-14,0.249
2003-01-15,0.248
2003-01-16,0.242
2003-01-17,0.256
2003-01-21,0.253
2003-01-22,0.267
2003-01-23,0.27
2003-01-24,0.258
2003-01-27,0.282
2003-01-28,0.301
2003-01-29,0.295
2003-01-30,0.276
2003-01-31,0.273
2003-02-03,0.273
2003-02-04,0.262
2003-02-05,0.264
2003-02-06,0.274
2003-02-07,0.278
2003-02-10,0.268
2003-02-11,0.276
2003-02-12,0.294
2003-02-13,0.305
2003-02-14,0.308
2003-02-18,0.287
2003-02-19,0.295
2003-02-20,0.309
2003-02-21,0.31
2003-02-24,0.334
2003-02-25,0.342
2003-02-26,0.348
2003-02-27,0.331
2003-02-28,0.358
2003-03-03,0.344
2003-03-04,0.355
2003-03-05,0.362
2003-03-06,0.325
2003-03-07,0.325
2003-03-10,0.353
2003-03-11,0.404
2003-03-12,0.434
2003-03-13,0.432
2003-03-14,0.365
2003-03-17,0.457
2003-03-18,0.401
2003-03-19,0.446
2003-03-20,0.452
2003-03-21,0.466
2003-03-24,0.46
2003-03-25,0.454
2003-03-26,0.434
2003-03-27,0.431
2003-03-28,0.412
2003-03-31,0.395
2003-04-01,0.458
2003-04-02,0.471
2003-04-03,0.374
2003-04-04,0.425
2003-04-07,0.467
2003-04-08,0.453
2003-04-09,0.437
2003-04-10,0.452
2003-04-11,0.47
2003-04-14,0.458
2003-04-15,0.445
2003-04-16,0.34
2003-04-17,0.444
2003-04-21,0.431
2003-04-22,0.35
2003-04-23,0.424
2003-04-24,0.366
2003-04-25,0.426
2003-04-28,0.434
2003-04-29,0.423
2003-04-30,0.406
2003-05-01,0.404
2003-05-02,0.43
2003-05-05,0.413
2003-05-06,0.417
2003-05-07,0.425
2003-05-08,0.399
2003-05-09,0.316
2003-05-12,0.389
2003-05-13,0.331
2003-05-14,0.257
2003-05-15,0.266
2003-05-16,0.275
2003-05-19,0.312
2003-05-20,0.252
2003-05-21,0.315
2003-05-22,0.309
2003-05-23,0.313
2003-05-27,0.314
2003-05-28,0.316
2003-05-29,0.329
2003-05-30,0.333
2003-06-02,0.355
2003-06-03,0.335
2003-06-04,0.307
2003-06-05,0.331
2003-06-06,0.354
2003-06-09,0.337
2003-06-10,0.314
2003-06-11,0.328
2003-06-12,0.358
2003-06-13,0.276
2003-06-16,0.392
2003-06-17,0.425
2003-06-18,0.389
2003-06-19,0.289
2003-06-20,0.307
2003-06-23,0.387
2003-06-24,0.317
2003-06-25,0.475
2003-06-26,0.305
2003-06-27,0.274
2003-06-30,0.203
2003-07-01,0.228
2003-07-02,0.23
2003-07-03,0.204
2003-07-07,0.247
2003-07-08,0.254
2003-07-09,0.233
2003-07-10,0.218
2003-07-11,0.218
2003-07-14,0.224
2003-07-15,0.236
2003-07-16,0.291
2003-07-17,0.279
2003-07-18,0.278
2003-07-21,0.284
2003-07-22,0.307
2003-07-23,0.297
2003-07-24,0.299
2003-07-25,0.306
2003-07-28,0.333
2003-07-29,0.361
2003-07-30,0.336
2003-07-31,0.305
2003-08-01,0.217
2003-08-04,0.252
2003-08-05,0.248
2003-08-06,0.301
2003-08-07,0.312
2003-08-08,0.289
2003-08-11,0.27
2003-08-12,0.267
2003-08-13,0.266
2003-08-14,0.275
2003-08-15,0.313
2003-08-18,0.329
2003-08-19,0.253
2003-08-20,0.245
2003-08-21,0.307
2003-08-22,0.253
2003-08-25,0.322
2003-08-26,0.319
2003-08-27,0.328
2003-08-28,0.301
2003-08-29,0.302
2003-09-02,0.291
2003-09-03,0.297
2003-09-04,0.298
2003-09-05,0.279
2003-09-08,0.292
2003-09-09,0.293
2003-09-10,0.303
2003-09-11,0.302
2003-09-12,0.287
2003-09-15,0.277
2003-09-16,0.289
2003-09-17,0.283
2003-09-18,0.289
2003-09-19,0.277
2003-09-22,0.227
2003-09-23,0.231
2003-09-24,0.228
2003-09-25,0.28
2003-09-26,0.257
2003-09-29,0.245
2003-09-30,0.248
2003-10-01,0.251
2003-10-02,0.234
2003-10-03,0.234
2003-10-06,0.24
2003-10-07,0.233
2003-10-08,0.275
2003-10-09,0.288
2003-10-10,0.291
2003-10-13,0.291
2003-10-14,0.284
2003-10-15,0.289
2003-10-16,0.28
2003-10-17,0.281
2003-10-20,0.295
2003-10-21,0.314
2003-10-22,0.316
2003-10-23,0.313
2003-10-24,0.31
2003-10-27,0.329
2003-10-28,0.307
2003-10-29,0.314
2003-10-30,0.288
2003-10-31,0.294
2003-11-03,0.293
2003-11-04,0.305
2003-11-05,0.323
2003-11-06,0.317
2003-11-07,0.327
2003-11-10,0.311
2003-11-11,0.32
2003-11-12,0.316
2003-11-13,0.333
2003-11-14,0.338
2003-11-17,0.326
2003-11-18,0.337
2003-11-19,0.326
2003-11-20,0.329
2003-11-21,0.321
2003-11-24,0.313
2003-11-25,0.311
2003-11-26,0.318
2003-11-28,0.299
2003-12-01,0.289
2003-12-02,0.31
2003-12-03,0.313
2003-12-04,0.298
2003-12-05,0.293
2003-12-08,0.297
2003-12-09,0.293
2003-12-10,0.286
2003-12-11,0.267
2003-12-12,0.266
2003-12-15,0.25
2003-12-16,0.253
2003-12-17,0.248
2003-12-18,0.247
2003-12-19,0.242
2003-12-22,0.248
2003-12-23,0.253
2003-12-24,0.228
2003-12-26,0.203
2003-12-29,0.201
2003-12-30,0.28
2003-12-31,0.279
2004-01-02,0.22
2004-01-05,0.244
2004-01-06,0.241
2004-01-07,0.239
2004-01-08,0.218
2004-01-09,0.204
2004-01-12,0.197
2004-01-13,0.191
2004-01-14,0.163
2004-01-15,0.17
2004-01-16,0.17
2004-01-20,0.168
2004-01-21,0.164
2004-01-22,0.168
2004-01-23,0.155
2004-01-26,0.169
2004-01-27,0.174
2004-01-28,0.195
2004-01-29,0.203
2004-01-30,0.172
2004-02-02,0.176
2004-02-03,0.178
2004-02-04,0.173
2004-02-05,0.183
2004-02-06,0.173
2004-02-09,0.176
2004-02-10,0.16
2004-02-11,0.154
2004-02-12,0.132
2004-02-13,0.142
2004-02-17,0.14
2004-02-18,0.135
2004-02-19,0.144
2004-02-20,0.144
2004-02-23,0.153
2004-02-24,0.162
2004-02-25,0.174
2004-02-26,0.128
2004-02-27,0.123
2004-03-01,0.131
2004-03-02,0.12
2004-03-03,0.119
2004-03-04,0.108
2004-03-05,0.111
2004-03-08,0.076
2004-03-09,0.081
2004-03-10,0.07
2004-03-11,0.066
2004-03-12,0.073
2004-03-15,0.073
2004-03-16,0.065
2004-03-17,0.069
2004-03-18,0.057
2004-03-19,0.062
2004-03-22,0.053
2004-03-23,0.056
2004-03-24,0.059
2004-03-25,0.03
2004-03-26,0.038
2004-03-29,0.005
2004-03-30,0.027
2004-03-31,0.022
2004-04-01,-0.02
2004-04-02,-0.006
2004-04-05,0.059
2004-04-06,0.046
2004-04-07,0.053
2004-04-08,0.033
2004-04-12,0.043
2004-04-13,0.009
2004-04-14,-0.009
2004-04-15,0.026
2004-04-16,0.051
2004-04-19,0.054
2004-04-20,0.043
2004-04-21,0.077
2004-04-22,0.083
2004-04-23,0.054
2004-04-26,0.052
2004-04-27,0.076
2004-04-28,0.054
2004-04-29,0.024
2004-04-30,0.039
2004-05-03,0.037
2004-05-04,0.034
2004-05-05,0.017
2004-05-06,0.012
2004-05-07,-0.067
2004-05-10,0.019
2004-05-11,0.041
2004-05-12,-0.011
2004-05-13,-0.035
2004-05-14,-0.023
2004-05-17,-0.031
2004-05-18,-0.034
2004-05-19,-0.044
2004-05-20,-0.027
2004-05-21,-0.042
2004-05-24,-0.027
2004-05-25,-0.02
2004-05-26,-0.014
2004-05-27,-0.072
2004-05-28,-0.115
2004-06-01,-0.099
2004-06-02,-0.137
2004-06-03,-0.111
2004-06-04,-0.133
2004-06-07,-0.072
2004-06-08,-0.087
2004-06-09,-0.148
2004-06-10,-0.13
2004-06-14,-0.066
2004-06-15,0.086
2004-06-16,0.036
2004-06-17,0.055
2004-06-18,0.049
2004-06-21,0.031
2004-06-22,0.041
2004-06-23,0.04
2004-06-24,0.003
2004-06-25,-0.058
2004-06-28,-0.105
2004-06-29,-0.08
2004-06-30,0.008
2004-07-01,-0.09
2004-07-02,-0.009
2004-07-06,-0.071
2004-07-07,-0.113
2004-07-08,-0.104
2004-07-09,-0.034
2004-07-12,-0.06
2004-07-13,-0.074
2004-07-14,-0.032
2004-07-15,-0.065
2004-07-16,0.023
2004-07-19,-0.004
2004-07-20,-0.053
2004-07-21,-0.02
2004-07-22,-0.001
2004-07-23,-0.023
2004-07-26,-0.041
2004-07-27,-0.055
2004-07-28,-0.038
2004-07-29,-0.092
2004-07-30,-0.073
2004-08-02,-0.053
2004-08-03,-0.042
2004-08-04,-0.042
2004-08-05,-0.038
2004-08-06,0.058
2004-08-09,-0.096
2004-08-10,-0.192
2004-08-11,-0.157
2004-08-12,-0.15
2004-08-13,-0.142
2004-08-16,-0.186
2004-08-17,-0.096
2004-08-18,-0.115
2004-08-19,-0.139
2004-08-20,-0.192
2004-08-23,-0.208
2004-08-24,-0.206
2004-08-25,-0.207
2004-08-26,-0.212
2004-08-27,-0.162
2004-08-30,-0.152
2004-08-31,-0.142
2004-09-01,-0.144
2004-09-02,-0.187
2004-09-03,-0.246
2004-09-07,-0.153
2004-09-08,-0.122
2004-09-09,-0.153
2004-09-10,-0.115
2004-09-13,-0.144
2004-09-14,-0.155
2004-09-15,-0.182
2004-09-16,-0.201
2004-09-17,-0.2
2004-09-20,-0.214
2004-09-21,-0.216
2004-09-22,-0.199
2004-09-23,-0.17
2004-09-24,-0.239
2004-09-27,-0.197
2004-09-28,-0.209
2004-09-29,-0.179
2004-09-30,-0.143
2004-10-01,-0.087
2004-10-04,-0.101
2004-10-05,-0.08
2004-10-06,-0.103
2004-10-07,-0.13
2004-10-08,-0.121
2004-10-11,-0.153
2004-10-12,-0.143
2004-10-13,-0.098
2004-10-14,-0.098
2004-10-15,-0.142
2004-10-18,-0.099
2004-10-19,-0.158
2004-10-20,-0.112
2004-10-21,-0.151
2004-10-22,-0.116
2004-10-25,-0.087
2004-10-26,-0.08
2004-10-27,-0.064
2004-10-28,-0.065
2004-10-29,-0.021
2004-11-01,-0.031
2004-11-02,0.015
2004-11-03,-0.083
2004-11-04,-0.078
2004-11-05,-0.159
2004-11-08,-0.124
2004-11-09,-0.085
2004-11-10,-0.157
2004-11-11,-0.09
2004-11-12,-0.142
2004-11-15,-0.095
2004-11-16,-0.1
2004-11-17,-0.05
2004-11-18,-0.14
2004-11-19,-0.15
2004-11-22,-0.126
2004-11-23,-0.088
2004-11-24,-0.183
2004-11-26,-0.101
2004-11-29,-0.119
2004-11-30,-0.052
2004-12-01,-0.016
2004-12-02,-0.066
2004-12-03,0.009
2004-12-06,-0.054
2004-12-07,-0.053
2004-12-08,-0.074
2004-12-09,-0.114
2004-12-10,-0.091
2004-12-13,-0.068
2004-12-14,-0.046
2004-12-15,-0.097
2004-12-16,-0.057
2004-12-17,-0.009
2004-12-20,-0.045
2004-12-21,0.001
2004-12-22,-0.049
2004-12-23,-0.056
2004-12-27,-0.084
2004-12-28,-0.022
2004-12-29,-0.173
2004-12-30,-0.191
2004-12-31,-0.216
2005-01-03,-0.278
2005-01-04,-0.228
2005-01-05,-0.267
2005-01-06,-0.254
2005-01-07,-0.288
2005-01-10,-0.288
2005-01-11,-0.261
2005-01-12,-0.242
2005-01-13,-0.253
2005-01-14,-0.308
2005-01-18,-0.286
2005-01-19,-0.25
2005-01-20,-0.275
2005-01-21,-0.24
2005-01-24,-0.264
2005-01-25,-0.312
2005-01-26,-0.303
2005-01-27,-0.251
2005-01-28,-0.276
2005-01-31,-0.255
2005-02-01,-0.283
2005-02-02,-0.265
2005-02-03,-0.296
2005-02-04,-0.261
2005-02-07,-0.252
2005-02-08,-0.281
2005-02-09,-0.311
2005-02-10,-0.32
2005-02-11,-0.344
2005-02-14,-0.323
2005-02-15,-0.322
2005-02-16,-0.285
2005-02-17,-0.29
2005-02-18,-0.275
2005-02-22,-0.257
2005-02-23,-0.261
2005-02-24,-0.335
2005-02-25,-0.245
2005-02-28,-0.253
2005-03-01,-0.25
2005-03-02,-0.222
2005-03-03,-0.205
2005-03-04,-0.183
2005-03-07,-0.211
2005-03-08,-0.2
2005-03-09,-0.204
2005-03-10,-0.183
2005-03-11,-0.186
2005-03-14,-0.198
2005-03-15,-0.196
2005-03-16,-0.166
2005-03-17,-0.165
2005-03-18,-0.205
2005-03-21,-0.265
2005-03-22,-0.308
2005-03-23,-0.104
2005-03-24,-0.18
2005-03-28,-0.271
2005-03-29,-0.311
2005-03-30,-0.134
2005-03-31,-0.116
2005-04-01,-0.092
2005-04-04,-0.161
2005-04-05,-0.19
2005-04-06,-0.225
2005-04-07,-0.274
2005-04-08,-0.211
2005-04-11,-0.362
2005-04-12,-0.323
2005-04-13,-0.296
2005-04-14,-0.287
2005-04-15,-0.27
2005-04-18,-0.498
2005-04-19,-0.315
2005-04-20,-0.323
2005-04-21,-0.563
2005-04-22,-0.362
2005-04-25,-0.329
2005-04-26,-0.37
2005-04-27,-0.389
2005-04-28,-0.306
2005-04-29,-0.364
2005-05-02,-0.376
2005-05-03,-0.348
2005-05-04,-0.379
2005-05-05,-0.316
2005-05-06,-0.413
2005-05-09,-0.341
2005-05-10,-0.203
2005-05-11,-0.199
2005-05-12,-0.331
2005-05-13,-0.333
2005-05-16,-0.382
2005-05-17,-0.384
2005-05-18,-0.436
2005-05-19,-0.476
2005-05-20,-0.461
2005-05-23,-0.513
2005-05-24,-0.495
2005-05-25,-0.516
2005-05-26,-0.533
2005-05-27,-0.506
2005-05-31,-0.48
2005-06-01,-0.439
2005-06-02,-0.487
2005-06-03,-0.488
2005-06-06,-0.496
2005-06-07,-0.482
2005-06-08,-0.498
2005-06-09,-0.527
2005-06-10,-0.55
2005-06-13,-0.55
2005-06-14,-0.554
2005-06-15,-0.583
2005-06-16,-0.522
2005-06-17,-0.344
2005-06-20,-0.521
2005-06-21,-0.542
2005-06-22,-0.48
2005-06-23,-0.518
2005-06-24,-0.501
2005-06-27,-0.542
2005-06-28,-0.534
2005-06-29,-0.535
2005-06-30,-0.577
2005-07-01,-0.552
2005-07-05,-0.49
2005-07-06,-0.503
2005-07-07,-0.521
2005-07-08,-0.556
2005-07-11,-0.567
2005-07-12,-0.613
2005-07-13,-0.545
2005-07-14,-0.571
2005-07-15,-0.569
2005-07-18,-0.592
2005-07-19,-0.551
2005-07-20,-0.533
2005-07-21,-0.569
2005-07-22,-0.517
2005-07-25,-0.54
2005-07-26,-0.539
2005-07-27,-0.556
2005-07-28,-0.556
2005-07-29,-0.589
2005-08-01,-0.554
2005-08-02,-0.561
2005-08-03,-0.541
2005-08-04,-0.54
2005-08-05,-0.562
2005-08-08,-0.575
2005-08-09,-0.526
2005-08-10,-0.577
2005-08-11,-0.559
2005-08-12,-0.583
2005-08-15,-0.563
2005-08-16,-0.573
2005-08-17,-0.616
2005-08-18,-0.601
2005-08-19,-0.605
2005-08-22,-0.653
2005-08-23,-0.626
2005-08-24,-0.639
2005-08-25,-0.619
2005-08-26,-0.643
2005-08-29,-0.639
2005-08-30,-0.543
2005-08-31,-0.337
2005-09-01,-0.079
2005-09-02,-0.43
2005-09-06,-0.365
2005-09-07,-0.532
2005-09-08,-0.392
2005-09-09,-0.557
2005-09-12,-0.618
2005-09-13,-0.566
2005-09-14,-0.57
2005-09-15,-0.586
2005-09-16,-0.744
2005-09-19,-0.565
2005-09-20,-0.826
2005-09-21,-0.596
2005-09-22,-0.637
2005-09-23,-0.688
2005-09-26,-0.654
2005-09-27,-0.697
2005-09-28,-0.533
2005-09-29,-0.423
2005-09-30,-0.626
2005-10-03,-0.404
2005-10-04,-0.586
2005-10-05,-0.593
2005-10-06,-0.611
2005-10-07,-0.645
2005-10-10,-0.412
2005-10-11,-0.378
2005-10-12,-0.568
2005-10-13,-0.515
2005-10-14,-0.343
2005-10-17,-0.518
2005-10-18,-0.313
2005-10-19,-0.513
2005-10-20,-0.322
2005-10-21,-0.293
2005-10-24,-0.331
2005-10-25,-0.355
2005-10-26,-0.382
2005-10-27,-0.355
2005-10-28,-0.344
2005-10-31,-0.293
2005-11-01,-0.322
2005-11-02,-0.338
2005-11-03,-0.272
2005-11-04,-0.263
2005-11-07,-0.286
2005-11-08,-0.271
2005-11-09,-0.339
2005-11-10,-0.309
2005-11-11,-0.274
2005-11-14,-0.325
2005-11-15,-0.306
2005-11-16,-0.249
2005-11-17,-0.29
2005-11-18,-0.425
2005-11-21,-0.296
2005-11-22,-0.246
2005-11-23,-0.324
2005-11-25,-0.273
2005-11-28,-0.281
2005-11-29,-0.281
2005-11-30,-0.227
2005-12-01,-0.201
2005-12-02,-0.214
2005-12-05,-0.255
2005-12-06,-0.213
2005-12-07,-0.292
2005-12-08,-0.127
2005-12-09,-0.326
2005-12-12,-0.269
2005-12-13,-0.339
2005-12-14,-0.132
2005-12-15,-0.336
2005-12-16,-0.284
2005-12-19,-0.432
2005-12-20,-0.485
2005-12-21,-0.478
2005-12-22,-0.453
2005-12-23,-0.506
2005-12-27,-0.483
2005-12-28,-0.514
2005-12-29,-0.54
2005-12-30,-0.551
2006-01-03,-0.532
2006-01-04,-0.544
2006-01-05,-0.563
2006-01-06,-0.683
2006-01-09,-0.71
2006-01-10,-0.69
2006-01-11,-0.673
2006-01-12,-0.61
2006-01-13,-0.619
2006-01-17,-0.679
2006-01-18,-0.709
2006-01-19,-0.796
2006-01-20,-0.721
2006-01-23,-0.628
2006-01-24,-0.605
2006-01-25,-0.71
2006-01-26,-0.656
2006-01-27,-0.658
2006-01-30,-0.64
2006-01-31,-0.638
2006-02-01,-0.659
2006-02-02,-0.69
2006-02-03,-0.665
2006-02-06,-0.676
2006-02-07,-0.707
2006-02-08,-0.756
2006-02-09,-0.798
2006-02-10,-0.695
2006-02-13,-0.754
2006-02-14,-0.716
2006-02-15,-0.729
2006-02-16,-0.779
2006-02-17,-0.754
2006-02-21,-0.765
2006-02-22,-0.844
2006-02-23,-0.849
2006-02-24,-0.92
2006-02-27,-0.796
2006-02-28,-0.747
2006-03-01,-0.731
2006-03-02,-0.701
2006-03-03,-0.68
2006-03-06,-0.546
2006-03-07,-0.196
2006-03-08,-0.42
2006-03-09,-0.471
2006-03-10,-0.437
2006-03-13,-0.471
2006-03-14,-0.397
2006-03-15,-0.621
2006-03-16,-0.604
2006-03-17,-0.661
2006-03-20,-0.723
2006-03-21,-0.775
2006-03-22,-0.778
2006-03-23,-0.838
2006-03-24,-0.743
2006-03-27,-0.841
2006-03-28,-0.958
2006-03-29,-0.757
2006-03-30,-0.702
2006-03-31,-0.587
2006-04-03,-0.779
2006-04-04,-0.678
2006-04-05,-0.911
2006-04-06,-0.81
2006-04-07,-0.897
2006-04-10,-0.942
2006-04-11,-0.899
2006-04-12,-1.079
2006-04-13,-1.117
2006-04-17,-0.933
2006-04-18,-1.071
2006-04-19,-1.115
2006-04-20,-1.039
2006-04-21,-0.975
2006-04-24,-0.973
2006-04-25,-1.079
2006-04-26,-1.015
2006-04-27,-0.761
2006-04-28,-0.783
2006-05-01,-0.809
2006-05-02,-0.712
2006-05-03,-0.745
2006-05-04,-0.745
2006-05-05,-0.659
2006-05-08,-0.632
2006-05-09,-0.572
2006-05-10,-0.245
2006-05-11,-0.911
2006-05-12,-0.757
2006-05-15,-0.794
2006-05-16,-0.771
2006-05-17,-0.786
2006-05-18,-0.759
2006-05-19,-1.378
2006-05-22,-0.824
2006-05-23,-0.686
2006-05-24,-0.77
2006-05-25,-0.659
2006-05-26,-1.06
2006-05-30,-1.076
2006-05-31,-1.486
2006-06-01,-1.073
2006-06-02,-1.063
2006-06-05,-1.509
2006-06-06,-1.199
2006-06-07,-1.378
2006-06-08,-1.267
2006-06-09,-1.218
2006-06-12,-1.234
2006-06-13,-1.268
2006-06-14,-1.512
2006-06-15,-1.405
2006-06-16,-1.243
2006-06-19,-1.027
2006-06-20,-0.866
2006-06-21,-0.945
2006-06-22,-1.108
2006-06-23,-1.087
2006-06-26,-1.011
2006-06-27,-0.855
2006-06-28,-0.858
2006-06-29,-0.522
2006-06-30,-0.737
2006-07-03,-0.715
2006-07-05,-0.765
2006-07-06,-0.578
2006-07-07,-0.495
2006-07-10,-0.684
2006-07-11,-0.781
2006-07-12,-0.915
2006-07-13,-0.781
2006-07-14,-0.795
2006-07-17,-0.831
2006-07-18,-0.907
2006-07-19,-0.851
2006-07-20,-0.677
2006-07-21,-0.713
2006-07-24,-0.87
2006-07-25,-0.894
2006-07-26,-0.684
2006-07-27,-0.829
2006-07-28,-0.613
2006-07-31,-0.794
2006-08-01,-0.811
2006-08-02,-0.912
2006-08-03,-1.029
2006-08-04,-0.477
2006-08-07,-0.917
2006-08-08,-0.621
2006-08-09,-0.841
2006-08-10,-0.782
2006-08-11,-0.89
2006-08-14,-0.827
2006-08-15,-0.809
2006-08-16,-0.797
2006-08-17,-0.953
2006-08-18,-0.877
2006-08-21,-0.811
2006-08-22,-0.913
2006-08-23,-0.865
2006-08-24,-0.867
2006-08-25,-0.845
2006-08-28,-0.86
2006-08-29,-0.839
2006-08-30,-0.826
2006-08-31,-0.783
2006-09-01,-0.789
2006-09-05,-0.779
2006-09-06,-0.739
2006-09-07,-0.725
2006-09-08,-0.746
2006-09-11,-0.77
2006-09-12,-0.79
2006-09-13,-0.77
2006-09-14,-0.749
2006-09-15,-0.716
2006-09-18,-0.679
2006-09-19,-0.605
2006-09-20,-0.695
2006-09-21,-0.636
2006-09-22,-0.728
2006-09-25,-0.745
2006-09-26,-0.809
2006-09-27,-0.788
2006-09-28,-0.699
2006-09-29,-0.69
2006-10-02,-0.682
2006-10-03,-0.724
2006-10-04,-0.73
2006-10-05,-0.676
2006-10-06,-0.653
2006-10-09,-0.67
2006-10-10,-0.709
2006-10-11,-0.739
2006-10-12,-0.764
2006-10-13,-0.713
2006-10-16,-0.774
2006-10-17,-0.767
2006-10-18,-0.809
2006-10-19,-0.826
2006-10-20,-0.707
2006-10-23,-0.677
2006-10-24,-0.758
2006-10-25,-0.687
2006-10-26,-0.706
2006-10-27,-0.781
2006-10-30,-0.739
2006-10-31,-0.954
2006-11-01,-0.702
2006-11-02,-0.756
2006-11-03,-0.747
2006-11-06,-0.695
2006-11-07,-0.699
2006-11-08,-0.678
2006-11-09,-0.695
2006-11-10,-0.668
2006-11-13,-0.707
2006-11-14,-0.684
2006-11-15,-0.782
2006-11-16,-0.796
2006-11-17,-0.762
2006-11-20,-0.787
2006-11-21,-0.766
2006-11-22,-0.721
2006-11-24,-0.719
2006-11-27,-0.778
2006-11-28,-0.815
2006-11-29,-0.745
2006-11-30,-0.675
2006-12-01,-0.692
2006-12-04,-0.728
2006-12-05,-0.777
2006-12-06,-0.754
2006-12-07,-0.834
2006-12-08,-0.893
2006-12-11,-0.901
2006-12-12,-0.958
2006-12-13,-0.931
2006-12-14,-0.936
2006-12-15,-0.778
2006-12-18,-0.796
2006-12-19,-0.937
2006-12-20,-0.848
2006-12-21,-0.826
2006-12-22,-0.844
2006-12-26,-0.848
2006-12-27,-0.749
2006-12-28,-0.786
2006-12-29,-0.815
2007-01-03,-0.827
2007-01-04,-0.771
2007-01-05,-0.84
2007-01-08,-0.868
2007-01-09,-0.842
2007-01-10,-0.904
2007-01-11,-0.908
2007-01-12,-0.845
2007-01-16,-0.942
2007-01-17,-0.915
2007-01-18,-0.958
2007-01-19,-1.001
2007-01-22,-0.986
2007-01-23,-1.022
2007-01-24,-0.929
2007-01-25,-0.966
2007-01-26,-1.048
2007-01-29,-0.948
2007-01-30,-0.913
2007-01-31,-0.904
2007-02-01,-0.965
2007-02-02,-0.907
2007-02-05,-0.969
2007-02-06,-0.914
2007-02-07,-0.907
2007-02-08,-0.899
2007-02-09,-0.93
2007-02-12,-0.887
2007-02-13,-0.846
2007-02-14,-0.814
2007-02-15,-0.862
2007-02-16,-0.825
2007-02-20,-0.859
2007-02-21,-0.903
2007-02-22,-0.876
2007-02-23,-0.81
2007-02-26,-0.853
2007-02-27,-0.678
2007-02-28,-0.953
2007-03-01,-0.931
2007-03-02,-0.897
2007-03-05,-0.961
2007-03-06,-0.915
2007-03-07,-0.976
2007-03-08,-0.947
2007-03-09,-1.028
2007-03-12,-0.917
2007-03-13,-0.865
2007-03-14,-0.899
2007-03-15,-0.928
2007-03-16,-0.929
2007-03-19,-0.975
2007-03-20,-1.017
2007-03-21,-0.993
2007-03-22,-0.975
2007-03-23,-0.977
2007-03-26,-0.995
2007-03-27,-0.913
2007-03-28,-0.883
2007-03-29,-0.706
2007-03-30,-0.819
2007-04-02,-0.751
2007-04-03,-0.764
2007-04-04,-0.747
2007-04-05,-0.776
2007-04-09,-0.811
2007-04-10,-0.755
2007-04-11,-0.728
2007-04-12,-0.757
2007-04-13,-0.78
2007-04-16,-0.723
2007-04-17,-0.739
2007-04-18,-0.722
2007-04-19,-0.697
2007-04-20,-0.741
2007-04-23,-0.678
2007-04-24,-0.692
2007-04-25,-0.71
2007-04-26,-0.672
2007-04-27,-0.691
2007-04-30,-0.703
2007-05-01,-0.696
2007-05-02,-0.686
2007-05-03,-0.668
2007-05-04,-0.699
2007-05-07,-0.743
2007-05-08,-0.639
2007-05-09,-0.64
2007-05-10,-0.558
2007-05-11,-0.613
2007-05-14,-0.579
2007-05-15,-0.586
2007-05-16,-0.548
2007-05-17,-0.561
2007-05-18,-0.61
2007-05-21,-0.58
2007-05-22,-0.576
2007-05-23,-0.562
2007-05-24,-0.577
2007-05-25,-0.539
2007-05-29,-0.545
2007-05-30,-0.544
2007-05-31,-0.534
2007-06-01,-0.527
2007-06-04,-0.536
2007-06-05,-0.529
2007-06-06,-0.493
2007-06-07,-0.493
2007-06-08,-0.517
2007-06-11,-0.571
2007-06-12,-0.605
2007-06-13,-0.599
2007-06-14,-0.614
2007-06-15,-0.649
2007-06-18,-0.597
2007-06-19,-0.549
2007-06-20,-0.516
2007-06-21,-0.552
2007-06-22,-0.487
2007-06-25,-0.492
2007-06-26,-0.532
2007-06-27,-0.511
2007-06-28,-0.551
2007-06-29,-0.503
2007-07-02,-0.495
2007-07-03,-0.542
2007-07-05,-0.514
2007-07-06,-0.458
2007-07-09,-0.426
2007-07-10,-0.4
2007-07-11,-0.518
2007-07-12,-0.482
2007-07-13,-0.409
2007-07-16,-0.438
2007-07-17,-0.443
2007-07-18,-0.455
2007-07-19,-0.446
2007-07-20,-0.34
2007-07-23,-0.406
2007-07-24,-0.421
2007-07-25,-0.432
2007-07-26,-0.095
2007-07-27,-0.134
2007-07-30,-0.332
2007-07-31,-0.163
2007-08-01,-0.28
2007-08-02,-0.259
2007-08-03,-0.014
2007-08-06,-0.138
2007-08-07,-0.314
2007-08-08,-0.161
2007-08-09,1.339
2007-08-10,1.508
2007-08-13,1.386
2007-08-14,1.638
2007-08-15,1.695
2007-08-16,1.661
2007-08-17,1.667
2007-08-20,1.599
2007-08-21,1.551
2007-08-22,1.319
2007-08-23,1.464
2007-08-24,1.288
2007-08-27,1.175
2007-08-28,1.453
2007-08-29,1.595
2007-08-30,1.888
2007-08-31,2.059
2007-09-04,2.079
2007-09-05,2.127
2007-09-06,2.035
2007-09-07,1.85
2007-09-10,1.798
2007-09-11,1.71
2007-09-12,1.694
2007-09-13,1.47
2007-09-14,1.248
2007-09-17,1.227
2007-09-18,1.434
2007-09-19,0.853
2007-09-20,1.079
2007-09-21,1.006
2007-09-24,1.016
2007-09-25,1.285
2007-09-26,1.333
2007-09-27,1.543
2007-09-28,1.534
2007-10-01,1.537
2007-10-02,1.528
2007-10-03,1.435
2007-10-04,1.299
2007-10-05,1.254
2007-10-08,1.26
2007-10-09,1.253
2007-10-10,1.245
2007-10-11,1.195
2007-10-12,1.034
2007-10-15,0.991
2007-10-16,1.04
2007-10-17,1.131
2007-10-18,1.161
2007-10-19,1.125
2007-10-22,0.901
2007-10-23,0.886
2007-10-24,0.938
2007-10-25,0.86
2007-10-26,0.839
2007-10-29,0.782
2007-10-30,0.877
2007-10-31,0.876
2007-11-01,1.099
2007-11-02,1.163
2007-11-05,1.246
2007-11-06,1.233
2007-11-07,1.339
2007-11-08,1.401
2007-11-09,1.393
2007-11-12,1.39
2007-11-13,1.217
2007-11-14,1.339
2007-11-15,1.542
2007-11-16,1.613
2007-11-19,1.803
2007-11-20,1.746
2007-11-21,1.971
2007-11-23,1.965
2007-11-26,2.096
2007-11-27,2.043
2007-11-28,2.116
2007-11-29,2.403
2007-11-30,2.303
2007-12-03,2.508
2007-12-04,2.503
2007-12-05,2.488
2007-12-06,2.444
2007-12-07,2.477
2007-12-10,2.302
2007-12-11,2.513
2007-12-12,2.435
2007-12-13,2.349
2007-12-14,2.559
2007-12-17,2.493
2007-12-18,2.581
2007-12-19,2.443
2007-12-20,2.428
2007-12-21,2.463
2007-12-24,2.041
2007-12-26,2.014
2007-12-27,2.295
2007-12-28,2.049
2007-12-31,1.999
2008-01-02,2.191
2008-01-03,2.093
2008-01-04,1.904
2008-01-07,1.691
2008-01-08,1.522
2008-01-09,1.432
2008-01-10,1.467
2008-01-11,1.316
2008-01-14,1.176
2008-01-15,1.271
2008-01-16,1.227
2008-01-17,1.339
2008-01-18,1.296
2008-01-22,1.571
2008-01-23,1.108
2008-01-24,0.98
2008-01-25,1.344
2008-01-28,1.348
2008-01-29,1.271
2008-01-30,1.484
2008-01-31,1.461
2008-02-01,1.47
2008-02-04,1.542
2008-02-05,1.726
2008-02-06,1.72
2008-02-07,1.528
2008-02-08,1.616
2008-02-11,1.591
2008-02-12,1.573
2008-02-13,1.656
2008-02-14,1.747
2008-02-15,1.777
2008-02-19,1.785
2008-02-20,1.742
2008-02-21,1.842
2008-02-22,1.858
2008-02-25,1.856
2008-02-26,1.909
2008-02-27,1.941
2008-02-28,2.178
2008-02-29,2.258
2008-03-03,2.235
2008-03-04,2.325
2008-03-05,2.375
2008-03-06,2.62
2008-03-07,2.382
2008-03-10,2.505
2008-03-11,2.343
2008-03-12,2.471
2008-03-13,2.513
2008-03-14,2.71
2008-03-17,2.809
2008-03-18,2.475
2008-03-19,2.752
2008-03-20,3.041
2008-03-24,2.772
2008-03-25,2.906
2008-03-26,3.032
2008-03-27,3.431
2008-03-28,3.579
2008-03-31,3.4
2008-04-01,3.386
2008-04-02,3.531
2008-04-03,3.476
2008-04-04,3.397
2008-04-07,3.348
2008-04-08,3.375
2008-04-09,3.463
2008-04-10,3.492
2008-04-11,3.428
2008-04-14,3.415
2008-04-15,3.56
2008-04-16,3.603
2008-04-17,3.736
2008-04-18,3.762
2008-04-21,3.832
2008-04-22,3.685
2008-04-23,3.764
2008-04-24,3.637
2008-04-25,3.597
2008-04-28,3.563
2008-04-29,3.582
2008-04-30,3.624
2008-05-01,3.479
2008-05-02,3.325
2008-05-05,3.278
2008-05-06,3.321
2008-05-07,3.223
2008-05-08,3.181
2008-05-09,3.154
2008-05-12,3.105
2008-05-13,3.155
2008-05-14,3.222
2008-05-15,3.163
2008-05-16,3.115
2008-05-19,3.063
2008-05-20,3.013
2008-05-21,2.955
2008-05-22,2.959
2008-05-23,3.013
2008-05-27,3.021
2008-05-28,3.046
2008-05-29,3.028
2008-05-30,3.086
2008-06-02,3.156
2008-06-03,3.214
2008-06-04,3.337
2008-06-05,3.373
2008-06-06,3.498
2008-06-09,3.546
2008-06-10,3.466
2008-06-11,3.442
2008-06-12,3.407
2008-06-13,3.501
2008-06-16,3.479
2008-06-17,3.425
2008-06-18,3.4
2008-06-19,3.247
2008-06-20,3.273
2008-06-23,3.268
2008-06-24,3.344
2008-06-25,3.414
2008-06-26,3.492
2008-06-27,3.496
2008-06-30,3.42
2008-07-01,3.421
2008-07-02,3.467
2008-07-03,3.465
2008-07-07,3.443
2008-07-08,3.363
2008-07-09,3.369
2008-07-10,3.382
2008-07-11,3.353
2008-07-14,3.46
2008-07-15,3.516
2008-07-16,3.406
2008-07-17,3.439
2008-07-18,3.385
2008-07-21,3.395
2008-07-22,3.277
2008-07-23,3.249
2008-07-24,3.164
2008-07-25,3.125
2008-07-28,3.176
2008-07-29,3.125
2008-07-30,3.113
2008-07-31,3.13
2008-08-01,3.147
2008-08-04,3.174
2008-08-05,3.175
2008-08-06,3.236
2008-08-07,3.276
2008-08-08,3.229
2008-08-11,3.17
2008-08-12,3.124
2008-08-13,3.119
2008-08-14,3.126
2008-08-15,3.151
2008-08-18,3.237
2008-08-19,3.15
2008-08-20,3.161
2008-08-21,3.09
2008-08-22,3.104
2008-08-25,3.131
2008-08-26,3.085
2008-08-27,3.086
2008-08-28,3.02
2008-08-29,3.064
2008-09-02,3.111
2008-09-03,3.1
2008-09-04,3.08
2008-09-05,3.011
2008-09-08,2.93
2008-09-09,3.058
2008-09-10,3.023
2008-09-11,3.015
2008-09-12,3.175
2008-09-15,3.745
2008-09-16,4.072
2008-09-17,5.337
2008-09-18,5.806
2008-09-19,4.798
2008-09-22,5.017
2008-09-23,5.454
2008-09-24,6.398
2008-09-25,6.537
2008-09-26,6.832
2008-09-29,7.579
2008-09-30,7.826
2008-10-01,8.196
2008-10-02,8.492
2008-10-03,8.122
2008-10-06,8.117
2008-10-07,8.227
2008-10-08,9.163
2008-10-09,9.359
2008-10-10,9.582
2008-10-13,9.309
2008-10-14,8.485
2008-10-15,8.322
2008-10-16,7.91
2008-10-17,7.057
2008-10-20,5.955
2008-10-21,5.967
2008-10-22,6.271
2008-10-23,7.043
2008-10-24,7.574
2008-10-27,7.639
2008-10-28,7.303
2008-10-29,6.962
2008-10-30,6.935
2008-10-31,6.507
2008-11-03,6.289
2008-11-04,5.849
2008-11-05,5.658
2008-11-06,5.817
2008-11-07,5.648
2008-11-10,5.576
2008-11-11,5.247
2008-11-12,5.361
2008-11-13,5.852
2008-11-14,6.084
2008-11-17,6.044
2008-11-18,5.938
2008-11-19,5.881
2008-11-20,6.073
2008-11-21,6.21
2008-11-24,6.205
2008-11-25,5.949
2008-11-26,6.109
2008-11-28,6.112
2008-12-01,6.052
2008-12-02,6.024
2008-12-03,5.897
2008-12-04,6.068
2008-12-05,5.79
2008-12-08,5.468
2008-12-09,5.172
2008-12-10,4.877
2008-12-11,4.828
2008-12-12,4.728
2008-12-15,4.623
2008-12-16,4.45
2008-12-17,3.986
2008-12-18,4.101
2008-12-19,3.977
2008-12-22,3.927
2008-12-23,3.801
2008-12-24,3.803
2008-12-26,3.747
2008-12-29,3.688
2008-12-30,3.56
2008-12-31,3.578
2009-01-02,3.47
2009-01-05,3.232
2009-01-06,3.004
2009-01-07,2.779
2009-01-08,2.481
2009-01-09,2.423
2009-01-12,2.345
2009-01-13,2.385
2009-01-14,2.485
2009-01-15,2.687
2009-01-16,2.726
2009-01-20,2.646
2009-01-21,2.813
2009-01-22,2.882
2009-01-23,2.896
2009-01-26,2.877
2009-01-27,2.895
2009-01-28,2.719
2009-01-29,2.858
2009-01-30,3.063
2009-02-02,3.241
2009-02-03,3.262
2009-02-04,3.26
2009-02-05,3.167
2009-02-06,3.092
2009-02-09,3.029
2009-02-10,3.102
2009-02-11,3.01
2009-02-12,2.989
2009-02-13,3.014
2009-02-17,3.1
2009-02-18,3.16
2009-02-19,3.13
2009-02-20,3.169
2009-02-23,3.106
2009-02-24,3.132
2009-02-25,3.093
2009-02-26,3.27
2009-02-27,3.424
2009-03-02,3.42
2009-03-03,3.384
2009-03-04,3.302
2009-03-05,3.346
2009-03-06,3.44
2009-03-09,3.457
2009-03-10,3.504
2009-03-11,3.348
2009-03-12,3.252
2009-03-13,3.224
2009-03-16,3.095
2009-03-17,3
2009-03-18,2.869
2009-03-19,2.61
2009-03-20,2.618
2009-03-23,2.532
2009-03-24,2.605
2009-03-25,2.64
2009-03-26,2.573
2009-03-27,2.56
2009-03-30,2.573
2009-03-31,2.589
2009-04-01,2.531
2009-04-02,2.458
2009-04-03,2.406
2009-04-06,2.376
2009-04-07,2.314
2009-04-08,2.243
2009-04-09,2.201
2009-04-13,2.21
2009-04-14,2.201
2009-04-15,2.182
2009-04-16,2.023
2009-04-17,1.87
2009-04-20,1.893
2009-04-21,2.008
2009-04-22,1.947
2009-04-23,1.919
2009-04-24,1.892
2009-04-27,1.879
2009-04-28,1.88
2009-04-29,1.917
2009-04-30,1.911
2009-05-01,1.979
2009-05-04,2.038
2009-05-05,1.918
2009-05-06,1.724
2009-05-07,1.645
2009-05-08,1.686
2009-05-11,1.533
2009-05-12,1.494
2009-05-13,1.455
2009-05-14,1.45
2009-05-15,1.397
2009-05-18,1.316
2009-05-19,1.209
2009-05-20,1.133
2009-05-21,1.115
2009-05-22,1.157
2009-05-26,1.228
2009-05-27,1.284
2009-05-28,1.246
2009-05-29,1.274
2009-06-01,1.362
2009-06-02,1.331
2009-06-03,1.267
2009-06-04,1.249
2009-06-05,1.215
2009-06-08,1.325
2009-06-09,1.265
2009-06-10,1.218
2009-06-11,1.211
2009-06-12,1.164
2009-06-15,1.15
2009-06-16,1.197
2009-06-17,1.207
2009-06-18,1.334
2009-06-19,1.306
2009-06-22,1.31
2009-06-23,1.295
2009-06-24,1.292
2009-06-25,1.248
2009-06-26,1.187
2009-06-29,1.134
2009-06-30,1.136
2009-07-01,1.15
2009-07-02,1.152
2009-07-06,1.109
2009-07-07,1.08
2009-07-08,1.049
2009-07-09,1.052
2009-07-10,1.118
2009-07-13,1.169
2009-07-14,1.219
2009-07-15,1.225
2009-07-16,1.236
2009-07-17,1.249
2009-07-20,1.227
2009-07-21,1.167
2009-07-22,1.132
2009-07-23,1.122
2009-07-24,1.136
2009-07-27,1.076
2009-07-28,1.049
2009-07-29,0.977
2009-07-30,0.984
2009-07-31,0.964
2009-08-03,1.007
2009-08-04,0.982
2009-08-05,1.015
2009-08-06,1.031
2009-08-07,1.031
2009-08-10,1.016
2009-08-11,0.955
2009-08-12,0.921
2009-08-13,0.912
2009-08-14,0.926
2009-08-17,0.918
2009-08-18,0.949
2009-08-19,0.931
2009-08-20,0.915
2009-08-21,0.872
2009-08-24,0.854
2009-08-25,0.837
2009-08-26,0.802
2009-08-27,0.785
2009-08-28,0.772
2009-08-31,0.766
2009-09-01,0.778
2009-09-02,0.797
2009-09-03,0.835
2009-09-04,0.815
2009-09-08,0.755
2009-09-09,0.7
2009-09-10,0.628
2009-09-11,0.599
2009-09-14,0.601
2009-09-15,0.606
2009-09-16,0.588
2009-09-17,0.6
2009-09-18,0.632
2009-09-21,0.631
2009-09-22,0.645
2009-09-23,0.588
2009-09-24,0.56
2009-09-25,0.57
2009-09-28,0.565
2009-09-29,0.561
2009-09-30,0.549
2009-10-01,0.571
2009-10-02,0.568
2009-10-05,0.554
2009-10-06,0.536
2009-10-07,0.502
2009-10-08,0.485
2009-10-09,0.488
2009-10-12,0.498
2009-10-13,0.494
2009-10-14,0.473
2009-10-15,0.467
2009-10-16,0.468
2009-10-19,0.442
2009-10-20,0.413
2009-10-21,0.418
2009-10-22,0.414
2009-10-23,0.421
2009-10-26,0.44
2009-10-27,0.442
2009-10-28,0.396
2009-10-29,0.404
2009-10-30,0.418
2009-11-02,0.415
2009-11-03,0.43
2009-11-04,0.425
2009-11-05,0.437
2009-11-06,0.423
2009-11-09,0.422
2009-11-10,0.407
2009-11-11,0.405
2009-11-12,0.402
2009-11-13,0.401
2009-11-16,0.359
2009-11-17,0.344
2009-11-18,0.329
2009-11-19,0.301
2009-11-20,0.279
2009-11-23,0.264
2009-11-24,0.222
2009-11-25,0.231
2009-11-27,0.357
2009-11-30,0.339
2009-12-01,0.329
2009-12-02,0.359
2009-12-03,0.38
2009-12-04,0.431
2009-12-07,0.434
2009-12-08,0.437
2009-12-09,0.428
2009-12-10,0.414
2009-12-11,0.408
2009-12-14,0.408
2009-12-15,0.412
2009-12-16,0.453
2009-12-17,0.436
2009-12-18,0.417
2009-12-21,0.425
2009-12-22,0.438
2009-12-23,0.436
2009-12-24,0.425
2009-12-28,0.387
2009-12-29,0.325
2009-12-30,0.343
2009-12-31,0.326
2010-01-04,0.294
2010-01-05,0.267
2010-01-06,0.258
2010-01-07,0.247
2010-01-08,0.28
2010-01-11,0.295
2010-01-12,0.318
2010-01-13,0.293
2010-01-14,0.269
2010-01-15,0.283
2010-01-19,0.272
2010-01-20,0.245
2010-01-21,0.263
2010-01-22,0.283
2010-01-25,0.261
2010-01-26,0.257
2010-01-27,0.176
2010-01-28,0.191
2010-01-29,0.213
2010-02-01,0.196
2010-02-02,0.2
2010-02-03,0.208
2010-02-04,0.227
2010-02-05,0.302
2010-02-08,0.294
2010-02-09,0.275
2010-02-10,0.269
2010-02-11,0.26
2010-02-12,0.267
2010-02-16,0.273
2010-02-17,0.261
2010-02-18,0.276
2010-02-19,0.299
2010-02-22,0.273
2010-02-23,0.265
2010-02-24,0.228
2010-02-25,0.216
2010-02-26,0.226
2010-03-01,0.215
2010-03-02,0.211
2010-03-03,0.189
2010-03-04,0.197
2010-03-05,0.186
2010-03-08,0.208
2010-03-09,0.202
2010-03-10,0.175
2010-03-11,0.168
2010-03-12,0.168
2010-03-15,0.159
2010-03-16,0.148
2010-03-17,0.131
2010-03-18,0.116
2010-03-19,0.132
2010-03-22,0.144
2010-03-23,0.128
2010-03-24,0.066
2010-03-25,0.071
2010-03-26,0.082
2010-03-29,0.101
2010-03-30,0.094
2010-03-31,0.109
2010-04-01,0.088
2010-04-05,0.071
2010-04-06,0.049
2010-04-07,0.064
2010-04-08,0.082
2010-04-09,0.093
2010-04-12,0.089
2010-04-13,0.089
2010-04-14,0.085
2010-04-15,0.1
2010-04-16,0.105
2010-04-19,0.1
2010-04-20,0.091
2010-04-21,0.102
2010-04-22,0.11
2010-04-23,0.131
2010-04-26,0.162
2010-04-27,0.18
2010-04-28,0.231
2010-04-29,0.234
2010-04-30,0.27
2010-05-03,0.282
2010-05-04,0.344
2010-05-05,0.516
2010-05-06,0.78
2010-05-07,0.951
2010-05-10,0.529
2010-05-11,0.594
2010-05-12,0.57
2010-05-13,0.587
2010-05-14,0.749
2010-05-17,0.816
2010-05-18,0.746
2010-05-19,0.788
2010-05-20,0.872
2010-05-21,0.922
2010-05-24,1.092
2010-05-25,1.251
2010-05-26,1.086
2010-05-27,0.948
2010-05-28,0.96
2010-06-01,1.048
2010-06-02,1.008
2010-06-03,0.981
2010-06-04,1.035
2010-06-07,1.08
2010-06-08,1.047
2010-06-09,1.015
2010-06-10,0.955
2010-06-11,0.971
2010-06-14,1.003
2010-06-15,0.985
2010-06-16,0.956
2010-06-17,0.968
2010-06-18,0.937
2010-06-21,0.886
2010-06-22,0.905
2010-06-23,0.906
2010-06-24,0.949
2010-06-25,0.925
2010-06-28,0.922
2010-06-29,0.923
2010-06-30,0.879
2010-07-01,0.904
2010-07-02,0.94
2010-07-06,0.868
2010-07-07,0.763
2010-07-08,0.7
2010-07-09,0.709
2010-07-12,0.752
2010-07-13,0.731
2010-07-14,0.721
2010-07-15,0.639
2010-07-16,0.555
2010-07-19,0.537
2010-07-20,0.575
2010-07-21,0.58
2010-07-22,0.583
2010-07-23,0.57
2010-07-26,0.536
2010-07-27,0.532
2010-07-28,0.454
2010-07-29,0.607
2010-07-30,0.471
2010-08-02,0.459
2010-08-03,0.432
2010-08-04,0.373
2010-08-05,0.377
2010-08-06,0.389
2010-08-09,0.419
2010-08-10,0.378
2010-08-11,0.374
2010-08-12,0.464
2010-08-13,0.491
2010-08-16,0.496
2010-08-17,0.438
2010-08-18,0.422
2010-08-19,0.452
2010-08-20,0.471
2010-08-23,0.476
2010-08-24,0.535
2010-08-25,0.543
2010-08-26,0.506
2010-08-27,0.48
2010-08-30,0.489
2010-08-31,0.545
2010-09-01,0.541
2010-09-02,0.533
2010-09-03,0.499
2010-09-07,0.489
2010-09-08,0.497
2010-09-09,0.513
2010-09-10,0.51
2010-09-13,0.469
2010-09-14,0.43
2010-09-15,0.446
2010-09-16,0.476
2010-09-17,0.531
2010-09-20,0.524
2010-09-21,0.449
2010-09-22,0.458
2010-09-23,0.475
2010-09-24,0.459
2010-09-27,0.451
2010-09-28,0.419
2010-09-29,0.393
2010-09-30,0.329
2010-10-01,0.35
2010-10-04,0.378
2010-10-05,0.38
2010-10-06,0.319
2010-10-07,0.322
2010-10-08,0.32
2010-10-11,0.311
2010-10-12,0.29
2010-10-13,0.309
2010-10-14,0.265
2010-10-15,0.266
2010-10-18,0.189
2010-10-19,0.195
2010-10-20,0.129
2010-10-21,0.176
2010-10-22,0.188
2010-10-25,0.173
2010-10-26,0.154
2010-10-27,0.12
2010-10-28,0.107
2010-10-29,0.121
2010-11-01,0.133
2010-11-02,0.138
2010-11-03,0.115
2010-11-04,0.092
2010-11-05,0.099
2010-11-08,0.137
2010-11-09,0.245
2010-11-10,0.241
2010-11-11,0.261
2010-11-12,0.278
2010-11-15,0.287
2010-11-16,0.262
2010-11-17,0.285
2010-11-18,0.285
2010-11-19,0.274
2010-11-22,0.278
2010-11-23,0.332
2010-11-24,0.445
2010-11-26,0.644
2010-11-29,0.63
2010-11-30,0.773
2010-12-01,0.734
2010-12-02,0.613
2010-12-03,0.496
2010-12-06,0.504
2010-12-07,0.485
2010-12-08,0.534
2010-12-09,0.571
2010-12-10,0.63
2010-12-13,0.637
2010-12-14,0.634
2010-12-15,0.671
2010-12-16,0.646
2010-12-17,0.613
2010-12-20,0.608
2010-12-21,0.56
2010-12-22,0.62
2010-12-23,0.656
2010-12-27,0.629
2010-12-28,0.566
2010-12-29,0.566
2010-12-30,0.577
2010-12-31,0.593
2011-01-03,0.559
2011-01-04,0.519
2011-01-05,0.464
2011-01-06,0.484
2011-01-07,0.525
2011-01-10,0.526
2011-01-11,0.478
2011-01-12,0.443
2011-01-13,0.407
2011-01-14,0.366
2011-01-18,0.321
2011-01-19,0.341
2011-01-20,0.352
2011-01-21,0.304
2011-01-24,0.318
2011-01-25,0.236
2011-01-26,0.235
2011-01-27,0.243
2011-01-28,0.167
2011-01-31,0.209
2011-02-01,0.258
2011-02-02,0.236
2011-02-03,0.248
2011-02-04,0.253
2011-02-07,0.273
2011-02-08,0.205
2011-02-09,0.192
2011-02-10,0.235
2011-02-11,0.211
2011-02-14,0.268
2011-02-15,0.246
2011-02-16,0.237
2011-02-17,0.27
2011-02-18,0.267
2011-02-22,0.256
2011-02-23,0.145
2011-02-24,0.155
2011-02-25,0.164
2011-02-28,0.17
2011-03-01,0.169
2011-03-02,0.169
2011-03-03,0.068
2011-03-04,0.147
2011-03-07,0.138
2011-03-08,0.143
2011-03-09,0.15
2011-03-10,0.18
2011-03-11,0.222
2011-03-14,0.252
2011-03-15,0.281
2011-03-16,0.275
2011-03-17,0.225
2011-03-18,0.222
2011-03-21,0.192
2011-03-22,0.155
2011-03-23,0.141
2011-03-24,0.124
2011-03-25,0.141
2011-03-28,0.096
2011-03-29,0.065
2011-03-30,0.072
2011-03-31,0.061
2011-04-01,0.09
2011-04-04,0.092
2011-04-05,0.039
2011-04-06,0.033
2011-04-07,0.028
2011-04-08,-0.021
2011-04-11,0.003
2011-04-12,0.017
2011-04-13,-0.014
2011-04-14,0.022
2011-04-15,-0.007
2011-04-18,0.004
2011-04-19,-0.005
2011-04-20,-0.014
2011-04-21,-0.034
2011-04-25,-0.029
2011-04-26,-0.027
2011-04-27,-0.106
2011-04-28,-0.108
2011-04-29,-0.095
2011-05-02,-0.082
2011-05-03,-0.084
2011-05-04,-0.117
2011-05-05,-0.037
2011-05-06,-0.056
2011-05-09,-0.04
2011-05-10,-0.004
2011-05-11,-0.025
2011-05-12,-0.003
2011-05-13,-0.01
2011-05-16,-0.009
2011-05-17,0.012
2011-05-18,-0.006
2011-05-19,-0.015
2011-05-20,0.001
2011-05-23,0.055
2011-05-24,0.046
2011-05-25,0.058
2011-05-26,0.099
2011-05-27,0.114
2011-05-31,0.081
2011-06-01,0.072
2011-06-02,0.07
2011-06-03,0.034
2011-06-06,-0.003
2011-06-07,-0.056
2011-06-08,-0.056
2011-06-09,-0.034
2011-06-10,-0.022
2011-06-13,-0.008
2011-06-14,-0.05
2011-06-15,0.073
2011-06-16,0.152
2011-06-17,0.098
2011-06-20,0.106
2011-06-21,0.121
2011-06-22,0.12
2011-06-23,0.215
2011-06-24,0.236
2011-06-27,0.241
2011-06-28,0.129
2011-06-29,0.111
2011-06-30,0.08
2011-07-01,0.083
2011-07-05,0.088
2011-07-06,0.136
2011-07-07,0.099
2011-07-08,0.123
2011-07-11,0.24
2011-07-12,0.304
2011-07-13,0.251
2011-07-14,0.248
2011-07-15,0.28
2011-07-18,0.319
2011-07-19,0.311
2011-07-20,0.287
2011-07-21,0.208
2011-07-22,0.156
2011-07-25,0.194
2011-07-26,0.216
2011-07-27,0.213
2011-07-28,0.233
2011-07-29,0.277
2011-08-01,0.264
2011-08-02,0.427
2011-08-03,0.422
2011-08-04,0.547
2011-08-05,0.544
2011-08-08,0.756
2011-08-09,0.785
2011-08-10,0.856
2011-08-11,0.896
2011-08-12,0.9
2011-08-15,0.729
2011-08-16,0.701
2011-08-17,0.687
2011-08-18,0.781
2011-08-19,0.832
2011-08-22,0.85
2011-08-23,0.842
2011-08-24,0.794
2011-08-25,0.799
2011-08-26,0.817
2011-08-29,0.798
2011-08-30,0.77
2011-08-31,0.766
2011-09-01,0.794
2011-09-02,0.893
2011-09-06,1.097
2011-09-07,1.059
2011-09-08,0.989
2011-09-09,1.165
2011-09-12,1.309
2011-09-13,1.206
2011-09-14,1.226
2011-09-15,1.089
2011-09-16,1.102
2011-09-19,1.158
2011-09-20,1.173
2011-09-21,1.166
2011-09-22,1.287
2011-09-23,1.298
2011-09-26,1.249
2011-09-27,1.121
2011-09-28,1.117
2011-09-29,1.155
2011-09-30,1.205
2011-10-03,1.282
2011-10-04,1.305
2011-10-05,1.316
2011-10-06,1.24
2011-10-07,1.226
2011-10-10,1.198
2011-10-11,1.192
2011-10-12,1.156
2011-10-13,1.194
2011-10-14,1.196
2011-10-17,1.2
2011-10-18,1.204
2011-10-19,1.174
2011-10-20,1.196
2011-10-21,1.217
2011-10-24,1.222
2011-10-25,1.228
2011-10-26,1.271
2011-10-27,1.16
2011-10-28,1.157
2011-10-31,1.258
2011-11-01,1.368
2011-11-02,1.329
2011-11-03,1.397
2011-11-04,1.327
2011-11-07,1.321
2011-11-08,1.321
2011-11-09,1.445
2011-11-10,1.494
2011-11-11,1.506
2011-11-14,1.529
2011-11-15,1.595
2011-11-16,1.681
2011-11-17,1.789
2011-11-18,1.845
2011-11-21,1.954
2011-11-22,1.938
2011-11-23,1.991
2011-11-25,2.053
2011-11-28,2.113
2011-11-29,2.098
2011-11-30,1.743
2011-12-01,1.687
2011-12-02,1.74
2011-12-05,1.719
2011-12-06,1.704
2011-12-07,1.609
2011-12-08,1.624
2011-12-09,1.685
2011-12-12,1.748
2011-12-13,1.837
2011-12-14,1.996
2011-12-15,1.943
2011-12-16,1.845
2011-12-19,1.83
2011-12-20,1.815
2011-12-21,1.857
2011-12-22,1.884
2011-12-23,1.915
2011-12-27,1.903
2011-12-28,1.949
2011-12-29,1.923
2011-12-30,1.897
2012-01-03,1.804
2012-01-04,1.724
2012-01-05,1.717
2012-01-06,1.657
2012-01-09,1.601
2012-01-10,1.481
2012-01-11,1.449
2012-01-12,1.351
2012-01-13,1.338
2012-01-17,1.294
2012-01-18,1.278
2012-01-19,1.258
2012-01-20,1.22
2012-01-23,1.18
2012-01-24,1.157
2012-01-25,1.133
2012-01-26,1.053
2012-01-27,1.072
2012-01-30,1.084
2012-01-31,1.06
2012-02-01,1.019
2012-02-02,0.94
2012-02-03,0.903
2012-02-06,0.934
2012-02-07,0.918
2012-02-08,0.849
2012-02-09,0.823
2012-02-10,0.865
2012-02-13,0.837
2012-02-14,0.854
2012-02-15,0.841
2012-02-16,0.881
2012-02-17,0.865
2012-02-21,0.849
2012-02-22,0.833
2012-02-23,0.837
2012-02-24,0.853
2012-02-27,0.822
2012-02-28,0.785
2012-02-29,0.738
2012-03-01,0.751
2012-03-02,0.738
2012-03-05,0.714
2012-03-06,0.709
2012-03-07,0.681
2012-03-08,0.658
2012-03-09,0.66
2012-03-12,0.645
2012-03-13,0.615
2012-03-14,0.556
2012-03-15,0.562
2012-03-16,0.553
2012-03-19,0.533
2012-03-20,0.503
2012-03-21,0.479
2012-03-22,0.488
2012-03-23,0.482
2012-03-26,0.461
2012-03-27,0.451
2012-03-28,0.431
2012-03-29,0.447
2012-03-30,0.464
2012-04-02,0.45
2012-04-03,0.431
2012-04-04,0.466
2012-04-05,0.531
2012-04-09,0.552
2012-04-10,0.599
2012-04-11,0.602
2012-04-12,0.579
2012-04-13,0.603
2012-04-16,0.65
2012-04-17,0.623
2012-04-18,0.613
2012-04-19,0.592
2012-04-20,0.596
2012-04-23,0.618
2012-04-24,0.601
2012-04-25,0.565
2012-04-26,0.567
2012-04-27,0.57
2012-04-30,0.559
2012-05-01,0.541
2012-05-02,0.534
2012-05-03,0.519
2012-05-04,0.514
2012-05-07,0.526
2012-05-08,0.556
2012-05-09,0.637
2012-05-10,0.611
2012-05-11,0.633
2012-05-14,0.713
2012-05-15,0.732
2012-05-16,0.786
2012-05-17,0.778
2012-05-18,0.847
2012-05-21,0.819
2012-05-22,0.767
2012-05-23,0.822
2012-05-24,0.809
2012-05-25,0.804
2012-05-29,0.768
2012-05-30,0.822
2012-05-31,0.83
2012-06-01,0.889
2012-06-04,0.876
2012-06-05,0.836
2012-06-06,0.746
2012-06-07,0.675
2012-06-08,0.699
2012-06-11,0.655
2012-06-12,0.656
2012-06-13,0.66
2012-06-14,0.672
2012-06-15,0.645
2012-06-18,0.64
2012-06-19,0.564
2012-06-20,0.533
2012-06-21,0.566
2012-06-22,0.539
2012-06-25,0.56
2012-06-26,0.53
2012-06-27,0.529
2012-06-28,0.536
2012-06-29,0.503
2012-07-02,0.505
2012-07-03,0.488
2012-07-05,0.563
2012-07-06,0.537
2012-07-09,0.557
2012-07-10,0.526
2012-07-11,0.494
2012-07-12,0.482
2012-07-13,0.497
2012-07-16,0.489
2012-07-17,0.473
2012-07-18,0.457
2012-07-19,0.417
2012-07-20,0.415
2012-07-23,0.435
2012-07-24,0.423
2012-07-25,0.411
2012-07-26,0.389
2012-07-27,0.371
2012-07-30,0.338
2012-07-31,0.323
2012-08-01,0.314
2012-08-02,0.325
2012-08-03,0.295
2012-08-06,0.292
2012-08-07,0.246
2012-08-08,0.239
2012-08-09,0.252
2012-08-10,0.266
2012-08-13,0.255
2012-08-14,0.234
2012-08-15,0.23
2012-08-16,0.227
2012-08-17,0.24
2012-08-20,0.22
2012-08-21,0.2
2012-08-22,0.173
2012-08-23,0.165
2012-08-24,0.15
2012-08-27,0.155
2012-08-28,0.128
2012-08-29,0.126
2012-08-30,0.136
2012-08-31,0.15
2012-09-04,0.087
2012-09-05,0.071
2012-09-06,0.056
2012-09-07,0.02
2012-09-10,0.025
2012-09-11,0.009
2012-09-12,-0.02
2012-09-13,-0.069
2012-09-14,-0.108
2012-09-17,-0.126
2012-09-18,-0.097
2012-09-19,-0.108
2012-09-20,-0.104
2012-09-21,-0.145
2012-09-24,-0.147
2012-09-25,-0.138
2012-09-26,-0.086
2012-09-27,-0.108
2012-09-28,-0.115
2012-10-01,-0.13
2012-10-02,-0.125
2012-10-03,-0.13
2012-10-04,-0.156
2012-10-05,-0.163
2012-10-08,-0.162
2012-10-09,-0.166
2012-10-10,-0.17
2012-10-11,-0.168
2012-10-12,-0.179
2012-10-15,-0.201
2012-10-16,-0.219
2012-10-17,-0.233
2012-10-18,-0.23
2012-10-19,-0.231
2012-10-22,-0.247
2012-10-23,-0.24
2012-10-24,-0.244
2012-10-25,-0.257
2012-10-26,-0.248
2012-10-31,-0.256
2012-11-01,-0.248
2012-11-02,-0.25
2012-11-05,-0.248
2012-11-06,-0.248
2012-11-07,-0.249
2012-11-08,-0.229
2012-11-09,-0.216
2012-11-12,-0.206
2012-11-13,-0.178
2012-11-14,-0.188
2012-11-15,-0.148
2012-11-16,-0.111
2012-11-19,-0.133
2012-11-20,-0.16
2012-11-21,-0.184
2012-11-23,-0.166
2012-11-26,-0.182
2012-11-27,-0.199
2012-11-28,-0.192
2012-11-29,-0.2
2012-11-30,-0.208
2012-12-03,-0.221
2012-12-04,-0.217
2012-12-05,-0.227
2012-12-06,-0.215
2012-12-07,-0.206
2012-12-10,-0.203
2012-12-11,-0.22
2012-12-12,-0.229
2012-12-13,-0.237
2012-12-14,-0.219
2012-12-17,-0.231
2012-12-18,-0.267
2012-12-19,-0.262
2012-12-20,-0.253
2012-12-21,-0.27
2012-12-24,-0.258
2012-12-26,-0.264
2012-12-27,-0.289
2012-12-28,-0.268
2012-12-31,-0.282
2013-01-02,-0.305
2013-01-03,-0.319
2013-01-04,-0.309
2013-01-07,-0.318
2013-01-08,-0.302
2013-01-09,-0.285
2013-01-10,-0.304
2013-01-11,-0.3
2013-01-14,-0.309
2013-01-15,-0.315
2013-01-16,-0.305
2013-01-17,-0.299
2013-01-18,-0.279
2013-01-22,-0.302
2013-01-23,-0.317
2013-01-24,-0.321
2013-01-25,-0.337
2013-01-28,-0.324
2013-01-29,-0.327
2013-01-30,-0.342
2013-01-31,-0.335
2013-02-01,-0.33
2013-02-04,-0.312
2013-02-05,-0.3
2013-02-06,-0.302
2013-02-07,-0.286
2013-02-08,-0.294
2013-02-11,-0.287
2013-02-12,-0.303
2013-02-13,-0.333
2013-02-14,-0.337
2013-02-15,-0.328
2013-02-19,-0.362
2013-02-20,-0.367
2013-02-21,-0.358
2013-02-22,-0.343
2013-02-25,-0.359
2013-02-26,-0.324
2013-02-27,-0.317
2013-02-28,-0.328
2013-03-01,-0.319
2013-03-04,-0.305
2013-03-05,-0.323
2013-03-06,-0.331
2013-03-07,-0.347
2013-03-08,-0.351
2013-03-11,-0.358
2013-03-12,-0.361
2013-03-13,-0.36
2013-03-14,-0.354
2013-03-15,-0.354
2013-03-18,-0.32
2013-03-19,-0.259
2013-03-20,-0.288
2013-03-21,-0.284
2013-03-22,-0.276
2013-03-25,-0.287
2013-03-26,-0.282
2013-03-27,-0.259
2013-03-28,-0.269
2013-04-01,-0.255
2013-04-02,-0.285
2013-04-03,-0.283
2013-04-04,-0.289
2013-04-05,-0.3
2013-04-08,-0.305
2013-04-09,-0.303
2013-04-10,-0.325
2013-04-11,-0.331
2013-04-12,-0.312
2013-04-15,-0.309
2013-04-16,-0.327
2013-04-17,-0.329
2013-04-18,-0.338
2013-04-19,-0.338
2013-04-22,-0.331
2013-04-23,-0.325
2013-04-24,-0.344
2013-04-25,-0.333
2013-04-26,-0.324
2013-04-29,-0.33
2013-04-30,-0.33
2013-05-01,-0.334
2013-05-02,-0.34
2013-05-03,-0.351
2013-05-06,-0.348
2013-05-07,-0.361
2013-05-08,-0.379
2013-05-09,-0.367
2013-05-10,-0.381
2013-05-13,-0.362
2013-05-14,-0.37
2013-05-15,-0.363
2013-05-16,-0.356
2013-05-17,-0.346
2013-05-20,-0.339
2013-05-21,-0.353
2013-05-22,-0.351
2013-05-23,-0.349
2013-05-24,-0.335
2013-05-28,-0.323
2013-05-29,-0.335
2013-05-30,-0.327
2013-05-31,-0.333
2013-06-03,-0.339
2013-06-04,-0.34
2013-06-05,-0.336
2013-06-06,-0.351
2013-06-07,-0.332
2013-06-10,-0.341
2013-06-11,-0.325
2013-06-12,-0.302
2013-06-13,-0.303
2013-06-14,-0.324
2013-06-17,-0.329
2013-06-18,-0.343
2013-06-19,-0.337
2013-06-20,-0.304
2013-06-21,-0.267
2013-06-24,-0.201
2013-06-25,-0.259
2013-06-26,-0.314
2013-06-27,-0.324
2013-06-28,-0.317
2013-07-01,-0.294
2013-07-02,-0.298
2013-07-03,-0.266
2013-07-05,-0.272
2013-07-08,-0.272
2013-07-09,-0.28
2013-07-10,-0.276
2013-07-11,-0.291
2013-07-12,-0.282
2013-07-15,-0.279
2013-07-16,-0.296
2013-07-17,-0.305
2013-07-18,-0.301
2013-07-19,-0.311
2013-07-22,-0.297
2013-07-23,-0.313
2013-07-24,-0.331
2013-07-25,-0.319
2013-07-26,-0.315
2013-07-29,-0.313
2013-07-30,-0.316
2013-07-31,-0.315
2013-08-01,-0.324
2013-08-02,-0.322
2013-08-05,-0.328
2013-08-06,-0.327
2013-08-07,-0.334
2013-08-08,-0.339
2013-08-09,-0.344
2013-08-12,-0.342
2013-08-13,-0.34
2013-08-14,-0.339
2013-08-15,-0.339
2013-08-16,-0.325
2013-08-19,-0.321
2013-08-20,-0.326
2013-08-21,-0.323
2013-08-22,-0.316
2013-08-23,-0.325
2013-08-26,-0.313
2013-08-27,-0.349
2013-08-28,-0.339
2013-08-29,-0.332
2013-08-30,-0.339
2013-09-03,-0.343
2013-09-04,-0.355
2013-09-05,-0.355
2013-09-06,-0.346
2013-09-09,-0.347
2013-09-10,-0.358
2013-09-11,-0.368
2013-09-12,-0.37
2013-09-13,-0.361
2013-09-16,-0.364
2013-09-17,-0.365
2013-09-18,-0.356
2013-09-19,-0.381
2013-09-20,-0.409
2013-09-23,-0.408
2013-09-24,-0.431
2013-09-25,-0.457
2013-09-26,-0.438
2013-09-27,-0.433
2013-09-30,-0.403
2013-10-01,-0.423
2013-10-02,-0.418
2013-10-03,-0.43
2013-10-04,-0.435
2013-10-07,-0.436
2013-10-08,-0.453
2013-10-09,-0.447
2013-10-10,-0.465
2013-10-11,-0.495
2013-10-14,-0.453
2013-10-15,-0.521
2013-10-16,-0.495
2013-10-17,-0.485
2013-10-18,-0.479
2013-10-21,-0.482
2013-10-22,-0.494
2013-10-23,-0.492
2013-10-24,-0.519
2013-10-25,-0.514
2013-10-28,-0.509
2013-10-29,-0.536
2013-10-30,-0.529
2013-10-31,-0.515
2013-11-01,-0.521
2013-11-04,-0.516
2013-11-05,-0.51
2013-11-06,-0.514
2013-11-07,-0.51
2013-11-08,-0.531
2013-11-11,-0.525
2013-11-12,-0.529
2013-11-13,-0.537
2013-11-14,-0.545
2013-11-15,-0.55
2013-11-18,-0.552
2013-11-19,-0.558
2013-11-20,-0.56
2013-11-21,-0.559
2013-11-22,-0.583
2013-11-25,-0.578
2013-11-26,-0.578
2013-11-27,-0.575
2013-11-29,-0.561
2013-12-02,-0.553
2013-12-03,-0.546
2013-12-04,-0.55
2013-12-05,-0.57
2013-12-06,-0.58
2013-12-09,-0.571
2013-12-10,-0.578
2013-12-11,-0.572
2013-12-12,-0.576
2013-12-13,-0.575
2013-12-16,-0.578
2013-12-17,-0.59
2013-12-18,-0.588
2013-12-19,-0.578
2013-12-20,-0.58
2013-12-23,-0.565
2013-12-24,-0.57
2013-12-26,-0.578
2013-12-27,-0.575
2013-12-30,-0.572
2013-12-31,-0.571
2014-01-02,-0.577
2014-01-03,-0.575
2014-01-06,-0.571
2014-01-07,-0.576
2014-01-08,-0.573
2014-01-09,-0.58
2014-01-10,-0.583
2014-01-13,-0.58
2014-01-14,-0.598
2014-01-15,-0.603
2014-01-16,-0.603
2014-01-17,-0.572
2014-01-21,-0.579
2014-01-22,-0.574
2014-01-23,-0.568
2014-01-24,-0.555
2014-01-27,-0.548
2014-01-28,-0.562
2014-01-29,-0.571
2014-01-30,-0.545
2014-01-31,-0.508
2014-02-03,-0.517
2014-02-04,-0.532
2014-02-05,-0.535
2014-02-06,-0.566
2014-02-07,-0.579
2014-02-10,-0.578
2014-02-11,-0.569
2014-02-12,-0.571
2014-02-13,-0.536
2014-02-14,-0.523
2014-02-18,-0.536
2014-02-19,-0.55
2014-02-20,-0.545
2014-02-21,-0.541
2014-02-24,-0.539
2014-02-25,-0.551
2014-02-26,-0.56
2014-02-27,-0.536
2014-02-28,-0.55
2014-03-03,-0.533
2014-03-04,-0.534
2014-03-05,-0.542
2014-03-06,-0.573
2014-03-07,-0.582
2014-03-10,-0.554
2014-03-11,-0.574
2014-03-12,-0.567
2014-03-13,-0.558
2014-03-14,-0.572
2014-03-17,-0.579
2014-03-18,-0.587
2014-03-19,-0.599
2014-03-20,-0.603
2014-03-21,-0.594
2014-03-24,-0.577
2014-03-25,-0.562
2014-03-26,-0.6
2014-03-27,-0.58
2014-03-28,-0.581
2014-03-31,-0.578
2014-04-01,-0.598
2014-04-02,-0.579
2014-04-03,-0.593
2014-04-04,-0.58
2014-04-07,-0.575
2014-04-08,-0.588
2014-04-09,-0.59
2014-04-10,-0.595
2014-04-11,-0.598
2014-04-14,-0.58
2014-04-15,-0.584
2014-04-16,-0.577
2014-04-17,-0.565
2014-04-21,-0.592
2014-04-22,-0.6
2014-04-23,-0.645
2014-04-24,-0.628
2014-04-25,-0.611
2014-04-28,-0.601
2014-04-29,-0.584
2014-04-30,-0.584
2014-05-01,-0.586
2014-05-02,-0.576
2014-05-05,-0.572
2014-05-06,-0.581
2014-05-07,-0.58
2014-05-08,-0.572
2014-05-09,-0.555
2014-05-12,-0.556
2014-05-13,-0.546
2014-05-14,-0.532
2014-05-15,-0.514
2014-05-16,-0.508
2014-05-19,-0.51
2014-05-20,-0.516
2014-05-21,-0.524
2014-05-22,-0.51
2014-05-23,-0.496
2014-05-27,-0.49
2014-05-28,-0.521
2014-05-29,-0.526
2014-05-30,-0.514
2014-06-02,-0.509
2014-06-03,-0.504
2014-06-04,-0.506
2014-06-05,-0.481
2014-06-06,-0.493
2014-06-09,-0.506
2014-06-10,-0.514
2014-06-11,-0.505
2014-06-12,-0.505
2014-06-13,-0.496
2014-06-16,-0.486
2014-06-17,-0.503
2014-06-18,-0.495
2014-06-19,-0.501
2014-06-20,-0.52
2014-06-23,-0.505
2014-06-24,-0.51
2014-06-25,-0.539
2014-06-26,-0.547
2014-06-27,-0.549
2014-06-30,-0.544
2014-07-01,-0.528
2014-07-02,-0.533
2014-07-03,-0.521
2014-07-07,-0.511
2014-07-08,-0.522
2014-07-09,-0.513
2014-07-10,-0.485
2014-07-11,-0.487
2014-07-14,-0.489
2014-07-15,-0.483
2014-07-16,-0.481
2014-07-17,-0.458
2014-07-18,-0.475
2014-07-21,-0.469
2014-07-22,-0.475
2014-07-23,-0.482
2014-07-24,-0.477
2014-07-25,-0.473
2014-07-28,-0.463
2014-07-29,-0.488
2014-07-30,-0.488
2014-07-31,-0.467
2014-08-01,-0.453
2014-08-04,-0.449
2014-08-05,-0.438
2014-08-06,-0.434
2014-08-07,-0.425
2014-08-08,-0.415
2014-08-11,-0.414
2014-08-12,-0.416
2014-08-13,-0.418
2014-08-14,-0.411
2014-08-15,-0.413
2014-08-18,-0.397
2014-08-19,-0.395
2014-08-20,-0.399
2014-08-21,-0.399
2014-08-22,-0.403
2014-08-25,-0.389
2014-08-26,-0.394
2014-08-27,-0.422
2014-08-28,-0.41
2014-08-29,-0.383
2014-09-02,-0.384
2014-09-03,-0.387
2014-09-04,-0.335
2014-09-05,-0.364
2014-09-08,-0.358
2014-09-09,-0.36
2014-09-10,-0.345
2014-09-11,-0.345
2014-09-12,-0.355
2014-09-15,-0.349
2014-09-16,-0.358
2014-09-17,-0.365
2014-09-18,-0.359
2014-09-19,-0.346
2014-09-22,-0.349
2014-09-23,-0.367
2014-09-24,-0.396
2014-09-25,-0.39
2014-09-26,-0.379
2014-09-29,-0.376
2014-09-30,-0.379
2014-10-01,-0.355
2014-10-02,-0.364
2014-10-03,-0.387
2014-10-06,-0.37
2014-10-07,-0.381
2014-10-08,-0.378
2014-10-09,-0.395
2014-10-10,-0.39
2014-10-13,-0.402
2014-10-14,-0.396
2014-10-15,-0.396
2014-10-16,-0.371
2014-10-17,-0.387
2014-10-20,-0.391
2014-10-21,-0.405
2014-10-22,-0.409
2014-10-23,-0.396
2014-10-24,-0.402
2014-10-27,-0.405
2014-10-28,-0.402
2014-10-29,-0.433
2014-10-30,-0.418
2014-10-31,-0.407
2014-11-03,-0.395
2014-11-04,-0.397
2014-11-05,-0.386
2014-11-06,-0.402
2014-11-07,-0.396
2014-11-10,-0.4
2014-11-11,-0.405
2014-11-12,-0.384
2014-11-13,-0.391
2014-11-14,-0.395
2014-11-17,-0.389
2014-11-18,-0.377
2014-11-19,-0.399
2014-11-20,-0.386
2014-11-21,-0.384
2014-11-24,-0.38
2014-11-25,-0.426
2014-11-26,-0.431
2014-11-28,-0.398
2014-12-01,-0.397
2014-12-02,-0.384
2014-12-03,-0.378
2014-12-04,-0.383
2014-12-05,-0.39
2014-12-08,-0.364
2014-12-09,-0.365
2014-12-10,-0.38
2014-12-11,-0.387
2014-12-12,-0.387
2014-12-15,-0.379
2014-12-16,-0.395
2014-12-17,-0.406
2014-12-18,-0.405
2014-12-19,-0.39
2014-12-22,-0.363
2014-12-23,-0.408
2014-12-24,-0.402
2014-12-26,-0.405
2014-12-29,-0.405
2014-12-30,-0.391
2014-12-31,-0.387
2015-01-02,-0.373
2015-01-05,-0.36
2015-01-06,-0.375
2015-01-07,-0.354
2015-01-08,-0.35
2015-01-09,-0.365
2015-01-12,-0.369
2015-01-13,-0.371
2015-01-14,-0.361
2015-01-15,-0.302
2015-01-16,-0.28
2015-01-20,-0.253
2015-01-21,-0.283
2015-01-22,-0.259
2015-01-23,-0.23
2015-01-26,-0.237
2015-01-27,-0.271
2015-01-28,-0.268
2015-01-29,-0.288
2015-01-30,-0.272
2015-02-02,-0.268
2015-02-03,-0.271
2015-02-04,-0.27
2015-02-05,-0.256
2015-02-06,-0.268
2015-02-09,-0.237
2015-02-10,-0.235
2015-02-11,-0.229
2015-02-12,-0.232
2015-02-13,-0.237
2015-02-17,-0.226
2015-02-18,-0.223
2015-02-19,-0.226
2015-02-20,-0.208
2015-02-23,-0.206
2015-02-24,-0.223
2015-02-25,-0.257
2015-02-26,-0.255
2015-02-27,-0.239
2015-03-02,-0.251
2015-03-03,-0.256
2015-03-04,-0.248
2015-03-05,-0.246
2015-03-06,-0.231
2015-03-09,-0.213
2015-03-10,-0.201
2015-03-11,-0.197
2015-03-12,-0.205
2015-03-13,-0.206
2015-03-16,-0.217
2015-03-17,-0.236
2015-03-18,-0.233
2015-03-19,-0.226
2015-03-20,-0.211
2015-03-23,-0.218
2015-03-24,-0.22
2015-03-25,-0.263
2015-03-26,-0.25
2015-03-27,-0.248
2015-03-30,-0.235
2015-03-31,-0.221
2015-04-01,-0.229
2015-04-02,-0.221
2015-04-06,-0.207
2015-04-07,-0.215
2015-04-08,-0.237
2015-04-09,-0.218
2015-04-10,-0.208
2015-04-13,-0.207
2015-04-14,-0.185
2015-04-15,-0.183
2015-04-16,-0.173
2015-04-17,-0.17
2015-04-20,-0.159
2015-04-21,-0.162
2015-04-22,-0.169
2015-04-23,-0.18
2015-04-24,-0.172
2015-04-27,-0.175
2015-04-28,-0.196
2015-04-29,-0.207
2015-04-30,-0.209
2015-05-01,-0.195
2015-05-04,-0.201
2015-05-05,-0.207
2015-05-06,-0.207
2015-05-07,-0.186
2015-05-08,-0.191
2015-05-11,-0.201
2015-05-12,-0.218
2015-05-13,-0.229
2015-05-14,-0.232
2015-05-15,-0.23
2015-05-18,-0.237
2015-05-19,-0.23
2015-05-20,-0.226
2015-05-21,-0.226
2015-05-22,-0.214
2015-05-26,-0.193
2015-05-27,-0.228
2015-05-28,-0.231
2015-05-29,-0.225
2015-06-01,-0.236
2015-06-02,-0.258
2015-06-03,-0.259
2015-06-04,-0.253
2015-06-05,-0.244
2015-06-08,-0.237
2015-06-09,-0.245
2015-06-10,-0.25
2015-06-11,-0.244
2015-06-12,-0.231
2015-06-15,-0.222
2015-06-16,-0.231
2015-06-17,-0.232
2015-06-18,-0.235
2015-06-19,-0.235
2015-06-22,-0.25
2015-06-23,-0.272
2015-06-24,-0.283
2015-06-25,-0.279
2015-06-26,-0.28
2015-06-29,-0.226
2015-06-30,-0.219
2015-07-01,-0.236
2015-07-02,-0.218
2015-07-06,-0.205
2015-07-07,-0.21
2015-07-08,-0.214
2015-07-09,-0.226
2015-07-10,-0.243
2015-07-13,-0.252
2015-07-14,-0.263
2015-07-15,-0.255
2015-07-16,-0.267
2015-07-17,-0.255
2015-07-20,-0.259
2015-07-21,-0.27
2015-07-22,-0.286
2015-07-23,-0.282
2015-07-24,-0.29
2015-07-27,-0.286
2015-07-28,-0.297
2015-07-29,-0.315
2015-07-30,-0.321
2015-07-31,-0.303
2015-08-03,-0.315
2015-08-04,-0.333
2015-08-05,-0.31
2015-08-06,-0.288
2015-08-07,-0.311
2015-08-10,-0.304
2015-08-11,-0.321
2015-08-12,-0.322
2015-08-13,-0.314
2015-08-14,-0.307
2015-08-17,-0.291
2015-08-18,-0.3
2015-08-19,-0.269
2015-08-20,-0.277
2015-08-21,-0.289
2015-08-24,-0.275
2015-08-25,-0.317
2015-08-26,-0.373
2015-08-27,-0.377
2015-08-28,-0.378
2015-08-31,-0.359
2015-09-01,-0.364
2015-09-02,-0.337
2015-09-03,-0.32
2015-09-04,-0.343
2015-09-08,-0.345
2015-09-09,-0.347
2015-09-10,-0.32
2015-09-11,-0.318
2015-09-14,-0.317
2015-09-15,-0.362
2015-09-16,-0.354
2015-09-17,-0.262
2015-09-18,-0.291
2015-09-21,-0.283
2015-09-22,-0.291
2015-09-23,-0.32
2015-09-24,-0.3
2015-09-25,-0.3
2015-09-28,-0.317
2015-09-29,-0.318
2015-09-30,-0.296
2015-10-01,-0.278
2015-10-02,-0.269
2015-10-05,-0.279
2015-10-06,-0.286
2015-10-07,-0.315
2015-10-08,-0.324
2015-10-09,-0.324
2015-10-12,-0.326
2015-10-13,-0.325
2015-10-14,-0.334
2015-10-15,-0.332
2015-10-16,-0.332
2015-10-19,-0.326
2015-10-20,-0.339
2015-10-21,-0.335
2015-10-22,-0.293
2015-10-23,-0.292
2015-10-26,-0.311
2015-10-27,-0.289
2015-10-28,-0.312
2015-10-29,-0.316
2015-10-30,-0.31
2015-11-02,-0.306
2015-11-03,-0.306
2015-11-04,-0.309
2015-11-05,-0.303
2015-11-06,-0.313
2015-11-09,-0.239
2015-11-10,-0.274
2015-11-11,-0.283
2015-11-12,-0.284
2015-11-13,-0.273
2015-11-16,-0.272
2015-11-17,-0.273
2015-11-18,-0.283
2015-11-19,-0.294
2015-11-20,-0.296
2015-11-23,-0.259
2015-11-24,-0.319
2015-11-25,-0.316
2015-11-27,-0.288
2015-11-30,-0.284
2015-12-01,-0.281
2015-12-02,-0.261
2015-12-03,-0.345
2015-12-04,-0.322
2015-12-07,-0.303
2015-12-08,-0.315
2015-12-09,-0.301
2015-12-10,-0.286
2015-12-11,-0.264
2015-12-14,-0.291
2015-12-15,-0.306
2015-12-16,-0.318
2015-12-17,-0.282
2015-12-18,-0.226
2015-12-21,-0.202
2015-12-22,-0.225
2015-12-23,-0.222
2015-12-24,-0.237
2015-12-28,-0.236
2015-12-29,-0.28
2015-12-30,-0.233
2015-12-31,-0.225
2016-01-04,-0.232
2016-01-05,-0.238
2016-01-06,-0.225
2016-01-07,-0.227
2016-01-08,-0.227
2016-01-11,-0.211
2016-01-12,-0.23
2016-01-13,-0.235
2016-01-14,-0.258
2016-01-15,-0.251
2016-01-19,-0.253
2016-01-20,-0.246
2016-01-21,-0.254
2016-01-22,-0.273
2016-01-25,-0.257
2016-01-26,-0.269
2016-01-27,-0.269
2016-01-28,-0.278
2016-01-29,-0.147
2016-02-01,-0.188
2016-02-02,-0.19
2016-02-03,-0.208
2016-02-04,-0.171
2016-02-05,-0.16
2016-02-08,-0.103
2016-02-09,-0.133
2016-02-10,-0.158
2016-02-11,-0.101
2016-02-12,-0.108
2016-02-16,-0.134
2016-02-17,-0.177
2016-02-18,-0.142
2016-02-19,-0.163
2016-02-22,-0.164
2016-02-23,-0.149
2016-02-24,-0.147
2016-02-25,-0.141
2016-02-26,-0.137
2016-02-29,-0.108
2016-03-01,-0.138
2016-03-02,-0.118
2016-03-03,-0.117
2016-03-04,-0.109
2016-03-07,-0.124
2016-03-08,-0.144
2016-03-09,-0.15
2016-03-10,-0.184
2016-03-11,-0.168
2016-03-14,-0.183
2016-03-15,-0.209
2016-03-16,-0.179
2016-03-17,-0.227
2016-03-18,-0.212
2016-03-21,-0.233
2016-03-22,-0.216
2016-03-23,-0.221
2016-03-24,-0.207
2016-03-28,-0.219
2016-03-29,-0.172
2016-03-30,-0.159
2016-03-31,-0.127
2016-04-01,-0.123
2016-04-04,-0.135
2016-04-05,-0.153
2016-04-06,-0.15
2016-04-07,-0.145
2016-04-08,-0.122
2016-04-11,-0.121
2016-04-12,-0.127
2016-04-13,-0.149
2016-04-14,-0.159
2016-04-15,-0.149
2016-04-18,-0.11
2016-04-19,-0.107
2016-04-20,-0.103
2016-04-21,-0.102
2016-04-22,-0.075
2016-04-25,-0.094
2016-04-26,-0.108
2016-04-27,-0.093
2016-04-28,-0.097
2016-04-29,-0.096
2016-05-02,-0.077
2016-05-03,-0.073
2016-05-04,-0.071
2016-05-05,-0.08
2016-05-06,-0.083
2016-05-09,-0.087
2016-05-10,-0.106
2016-05-11,-0.11
2016-05-12,-0.118
2016-05-13,-0.114
2016-05-16,-0.119
2016-05-17,-0.152
2016-05-18,-0.177
2016-05-19,-0.143
2016-05-20,-0.147
2016-05-23,-0.165
2016-05-24,-0.162
2016-05-25,-0.155
2016-05-26,-0.115
2016-05-27,-0.118
2016-05-31,-0.086
2016-06-01,-0.098
2016-06-02,-0.089
2016-06-03,-0.058
2016-06-06,-0.067
2016-06-07,-0.081
2016-06-08,-0.06
2016-06-09,-0.065
2016-06-10,-0.062
2016-06-13,-0.053
2016-06-14,-0.017
2016-06-15,-0.012
2016-06-16,-0.051
2016-06-17,-0.066
2016-06-20,-0.087
2016-06-21,-0.114
2016-06-22,-0.114
2016-06-23,-0.123
2016-06-24,-0.058
2016-06-27,-0.076
2016-06-28,-0.07
2016-06-29,-0.039
2016-06-30,-0.006
2016-07-01,-0.002
2016-07-05,0.023
2016-07-06,0.04
2016-07-07,0.032
2016-07-08,0.027
2016-07-11,0.02
2016-07-12,0.012
2016-07-13,0.005
2016-07-14,0.018
2016-07-15,0.046
2016-07-18,0.077
2016-07-19,0.073
2016-07-20,0.056
2016-07-21,0.108
2016-07-22,0.105
2016-07-25,0.113
2016-07-26,0.092
2016-07-27,0.13
2016-07-28,0.15
2016-07-29,0.095
2016-08-01,0.085
2016-08-02,0.089
2016-08-03,0.113
2016-08-04,0.125
2016-08-05,0.118
2016-08-08,0.14
2016-08-09,0.159
2016-08-10,0.161
2016-08-11,0.136
2016-08-12,0.144
2016-08-15,0.098
2016-08-16,0.098
2016-08-17,0.105
2016-08-18,0.107
2016-08-19,0.111
2016-08-22,0.117
2016-08-23,0.126
2016-08-24,0.086
2016-08-25,0.08
2016-08-26,0.081
2016-08-29,0.102
2016-08-30,0.114
2016-08-31,0.125
2016-09-01,0.118
2016-09-02,0.127
2016-09-06,0.138
2016-09-07,0.096
2016-09-08,0.093
2016-09-09,0.112
2016-09-12,0.097
2016-09-13,0.081
2016-09-14,0.121
2016-09-15,0.139
2016-09-16,0.146
2016-09-19,0.177
2016-09-20,0.156
2016-09-21,0.182
2016-09-22,0.184
2016-09-23,0.174
2016-09-26,0.173
2016-09-27,0.154
2016-09-28,0.086
2016-09-29,0.104
2016-09-30,0.141
2016-10-03,0.118
2016-10-04,0.088
2016-10-05,0.087
2016-10-06,0.079
2016-10-07,0.08
2016-10-10,0.069
2016-10-11,0.064
2016-10-12,0.046
2016-10-13,0.082
2016-10-14,0.088
2016-10-17,0.071
2016-10-18,0.052
2016-10-19,0.056
2016-10-20,0.053
2016-10-21,0.052
2016-10-24,0.061
2016-10-25,0.04
2016-10-26,0.02
2016-10-27,0.039
2016-10-28,0.051
2016-10-31,0.033
2016-11-01,0.022
2016-11-02,-0.034
2016-11-03,-0.012
2016-11-04,-0.009
2016-11-07,-0.022
2016-11-08,-0.061
2016-11-09,-0.049
2016-11-10,-0.059
2016-11-11,-0.08
2016-11-14,-0.095
2016-11-15,-0.078
2016-11-16,-0.057
2016-11-17,-0.053
2016-11-18,-0.053
2016-11-21,-0.065
2016-11-22,-0.087
2016-11-23,-0.1
2016-11-25,-0.077
2016-11-28,-0.066
2016-11-29,-0.071
2016-11-30,-0.082
2016-12-01,-0.06
2016-12-02,-0.033
2016-12-05,-0.036
2016-12-06,-0.046
2016-12-07,-0.082
2016-12-08,-0.081
2016-12-09,-0.071
2016-12-12,-0.068
2016-12-13,-0.085
2016-12-14,-0.076
2016-12-15,0.005
2016-12-16,0.021
2016-12-19,0.04
2016-12-20,0.041
2016-12-21,0.047
2016-12-22,0.059
2016-12-23,0.046
2016-12-27,0.039
2016-12-28,0.004
2016-12-29,0.027
2016-12-30,-0.023
2017-01-03,-0.003
2017-01-04,-0.027
2017-01-05,0.006
2017-01-06,0
2017-01-09,0.029
2017-01-10,0.028
2017-01-11,0.036
2017-01-12,0.037
2017-01-13,0.022
2017-01-17,0.038
2017-01-18,0.04
2017-01-19,0.068
2017-01-20,0.086
2017-01-23,0.075
2017-01-24,0.063
2017-01-25,0.037
2017-01-26,0.04
2017-01-27,0.029
2017-01-30,0.045
2017-01-31,0.018
2017-02-01,0.041
2017-02-02,0.052
2017-02-03,0.043
2017-02-06,0.056
2017-02-07,0.058
2017-02-08,0.032
2017-02-09,0.026
2017-02-10,0.013
2017-02-13,-0.004
2017-02-14,0.017
2017-02-15,0.013
2017-02-16,0.061
2017-02-17,0.049
2017-02-21,0.072
2017-02-22,0.031
2017-02-23,0.033
2017-02-24,0.043
2017-02-27,0.031
2017-02-28,-0.051
2017-03-01,-0.047
2017-03-02,-0.079
2017-03-03,-0.118
2017-03-06,-0.129
2017-03-07,-0.156
2017-03-08,-0.138
2017-03-09,-0.142
2017-03-10,-0.169
2017-03-13,-0.151
2017-03-14,-0.167
2017-03-15,-0.124
2017-03-16,-0.122
2017-03-17,-0.112
2017-03-20,-0.1
2017-03-21,-0.103
2017-03-22,-0.112
2017-03-23,-0.079
2017-03-24,-0.117
2017-03-27,-0.159
2017-03-28,-0.171
2017-03-29,-0.164
2017-03-30,-0.157
2017-03-31,-0.135
2017-04-03,-0.141
2017-04-04,-0.146
2017-04-05,-0.168
2017-04-06,-0.176
2017-04-07,-0.179
2017-04-10,-0.194
2017-04-11,-0.176
2017-04-12,-0.175
2017-04-13,-0.149
2017-04-17,-0.147
2017-04-18,-0.16
2017-04-19,-0.166
2017-04-20,-0.162
2017-04-21,-0.123
2017-04-24,-0.164
2017-04-25,-0.189
2017-04-26,-0.196
2017-04-27,-0.196
2017-04-28,-0.183
2017-05-01,-0.207
2017-05-02,-0.214
2017-05-03,-0.253
2017-05-04,-0.249
2017-05-05,-0.255
2017-05-08,-0.28
2017-05-09,-0.296
2017-05-10,-0.323
2017-05-11,-0.311
2017-05-12,-0.315
2017-05-15,-0.341
2017-05-16,-0.353
2017-05-17,-0.348
2017-05-18,-0.368
2017-05-19,-0.35
2017-05-22,-0.339
2017-05-23,-0.355
2017-05-24,-0.364
2017-05-25,-0.368
2017-05-26,-0.364
2017-05-30,-0.378
2017-05-31,-0.389
2017-06-01,-0.384
2017-06-02,-0.402
2017-06-05,-0.404
2017-06-06,-0.404
2017-06-07,-0.422
2017-06-08,-0.417
2017-06-09,-0.414
2017-06-12,-0.428
2017-06-13,-0.424
2017-06-14,-0.438
2017-06-15,-0.433
2017-06-16,-0.406
2017-06-19,-0.403
2017-06-20,-0.389
2017-06-21,-0.383
2017-06-22,-0.367
2017-06-23,-0.365
2017-06-26,-0.349
2017-06-27,-0.386
2017-06-28,-0.366
2017-06-29,-0.383
2017-06-30,-0.373
2017-07-03,-0.383
2017-07-05,-0.381
2017-07-06,-0.373
2017-07-07,-0.377
2017-07-10,-0.378
2017-07-11,-0.394
2017-07-12,-0.389
2017-07-13,-0.39
2017-07-14,-0.398
2017-07-17,-0.394
2017-07-18,-0.408
2017-07-19,-0.424
2017-07-20,-0.422
2017-07-21,-0.428
2017-07-24,-0.442
2017-07-25,-0.432
2017-07-26,-0.419
2017-07-27,-0.408
2017-07-28,-0.406
2017-07-31,-0.396
2017-08-01,-0.402
2017-08-02,-0.401
2017-08-03,-0.397
2017-08-04,-0.391
2017-08-07,-0.383
2017-08-08,-0.376
2017-08-09,-0.378
2017-08-10,-0.38
2017-08-11,-0.367
2017-08-14,-0.377
2017-08-15,-0.372
2017-08-16,-0.37
2017-08-17,-0.344
2017-08-18,-0.358
2017-08-21,-0.348
2017-08-22,-0.354
2017-08-23,-0.367
2017-08-24,-0.368
2017-08-25,-0.367
2017-08-28,-0.384
2017-08-29,-0.377
2017-08-30,-0.377
2017-08-31,-0.368
2017-09-01,-0.374
2017-09-05,-0.364
2017-09-06,-0.383
2017-09-07,-0.376
2017-09-08,-0.388
2017-09-11,-0.393
2017-09-12,-0.387
2017-09-13,-0.385
2017-09-14,-0.384
2017-09-15,-0.373
2017-09-18,-0.36
2017-09-19,-0.366
2017-09-20,-0.363
2017-09-21,-0.35
2017-09-22,-0.341
2017-09-25,-0.346
2017-09-26,-0.358
2017-09-27,-0.38
2017-09-28,-0.4
2017-09-29,-0.397
2017-10-02,-0.385
2017-10-03,-0.391
2017-10-04,-0.396
2017-10-05,-0.399
2017-10-06,-0.395
2017-10-09,-0.394
2017-10-10,-0.395
2017-10-11,-0.411
2017-10-12,-0.405
2017-10-13,-0.406
2017-10-16,-0.406
2017-10-17,-0.424
2017-10-18,-0.433
2017-10-19,-0.429
2017-10-20,-0.44
2017-10-23,-0.442
2017-10-24,-0.437
2017-10-25,-0.441
2017-10-26,-0.441
2017-10-27,-0.424
2017-10-30,-0.447
2017-10-31,-0.469
2017-11-01,-0.482
2017-11-02,-0.487
2017-11-03,-0.5
2017-11-06,-0.505
2017-11-07,-0.504
2017-11-08,-0.518
2017-11-09,-0.51
2017-11-10,-0.507
2017-11-13,-0.488
2017-11-14,-0.513
2017-11-15,-0.527
2017-11-16,-0.51
2017-11-17,-0.522
2017-11-20,-0.516
2017-11-21,-0.522
2017-11-22,-0.509
2017-11-24,-0.497
2017-11-27,-0.485
2017-11-28,-0.49
2017-11-29,-0.478
2017-11-30,-0.481
2017-12-01,-0.485
2017-12-04,-0.484
2017-12-05,-0.474
2017-12-06,-0.458
2017-12-07,-0.44
2017-12-08,-0.436
2017-12-11,-0.427
2017-12-12,-0.428
2017-12-13,-0.39
2017-12-14,-0.383
2017-12-15,-0.362
2017-12-18,-0.357
2017-12-19,-0.363
2017-12-20,-0.358
2017-12-21,-0.321
2017-12-22,-0.304
2017-12-26,-0.312
2017-12-27,-0.402
2017-12-28,-0.404
2017-12-29,-0.383
2018-01-02,-0.403
2018-01-03,-0.408
2018-01-04,-0.401
2018-01-05,-0.395
2018-01-08,-0.394
2018-01-09,-0.394
2018-01-10,-0.397
2018-01-11,-0.412
2018-01-12,-0.421
2018-01-16,-0.395
2018-01-17,-0.388
2018-01-18,-0.372
2018-01-19,-0.376
2018-01-22,-0.385
2018-01-23,-0.394
2018-01-24,-0.412
2018-01-25,-0.398
2018-01-26,-0.388
2018-01-29,-0.383
2018-01-30,-0.395
2018-01-31,-0.408
2018-02-01,-0.408
2018-02-02,-0.387
2018-02-05,-0.359
2018-02-06,-0.393
2018-02-07,-0.414
2018-02-08,-0.387
2018-02-09,-0.353
2018-02-12,-0.343
2018-02-13,-0.37
2018-02-14,-0.337
2018-02-15,-0.33
2018-02-16,-0.34
2018-02-20,-0.32
2018-02-21,-0.337
2018-02-22,-0.323
2018-02-23,-0.324
2018-02-26,-0.266
2018-02-27,-0.248
2018-02-28,-0.224
2018-03-01,-0.21
2018-03-02,-0.232
2018-03-05,-0.211
2018-03-06,-0.206
2018-03-07,-0.202
2018-03-08,-0.174
2018-03-09,-0.156
2018-03-12,-0.146
2018-03-13,-0.139
2018-03-14,-0.136
2018-03-15,-0.139
2018-03-16,-0.094
2018-03-19,-0.101
2018-03-20,-0.089
2018-03-21,-0.046
2018-03-22,0.011
2018-03-23,0.03
2018-03-26,0.019
2018-03-27,-0.012
2018-03-28,0.02
2018-03-29,0.048
2018-04-02,0.037
2018-04-03,0.028
2018-04-04,0.059
2018-04-05,0.064
2018-04-06,0.055
2018-04-09,0.04
2018-04-10,0.019
2018-04-11,0.03
2018-04-12,0.021
2018-04-13,0.015
2018-04-16,0.015
2018-04-17,-0.017
2018-04-18,-0.049
2018-04-19,-0.041
2018-04-20,-0.044
2018-04-23,-0.06
2018-04-24,-0.073
2018-04-25,-0.081
2018-04-26,-0.079
2018-04-27,-0.082
2018-04-30,-0.076
2018-05-01,-0.109
2018-05-02,-0.085
2018-05-03,-0.095
2018-05-04,-0.1
2018-05-07,-0.098
2018-05-08,-0.155
2018-05-09,-0.173
2018-05-10,-0.202
2018-05-11,-0.246
2018-05-14,-0.268
2018-05-15,-0.253
2018-05-16,-0.248
2018-05-17,-0.219
2018-05-18,-0.211
2018-05-21,-0.221
2018-05-22,-0.238
2018-05-23,-0.214
2018-05-24,-0.218
2018-05-25,-0.205
2018-05-29,-0.161
2018-05-30,-0.194
2018-05-31,-0.184
2018-06-01,-0.173
2018-06-04,-0.204
2018-06-05,-0.213
2018-06-06,-0.207
2018-06-07,-0.201
2018-06-08,-0.203
2018-06-11,-0.198
2018-06-12,-0.221
2018-06-13,-0.222
2018-06-14,-0.234
2018-06-15,-0.238
2018-06-18,-0.251
2018-06-19,-0.263
2018-06-20,-0.291
2018-06-21,-0.274
2018-06-22,-0.251
2018-06-25,-0.259
2018-06-26,-0.266
2018-06-27,-0.264
2018-06-28,-0.263
2018-06-29,-0.278
2018-07-02,-0.296
2018-07-03,-0.314
2018-07-05,-0.315
2018-07-06,-0.304
2018-07-09,-0.319
2018-07-10,-0.331
2018-07-11,-0.34
2018-07-12,-0.353
2018-07-13,-0.352
2018-07-16,-0.376
2018-07-17,-0.396
2018-07-18,-0.38
2018-07-19,-0.369
2018-07-20,-0.354
2018-07-23,-0.374
2018-07-24,-0.398
2018-07-25,-0.417
2018-07-26,-0.408
2018-07-27,-0.397
2018-07-30,-0.371
2018-07-31,-0.398
2018-08-01,-0.385
2018-08-02,-0.376
2018-08-03,-0.395
2018-08-06,-0.391
2018-08-07,-0.422
2018-08-08,-0.444
2018-08-09,-0.448
2018-08-10,-0.443
2018-08-13,-0.463
2018-08-14,-0.477
2018-08-15,-0.471
2018-08-16,-0.464
2018-08-17,-0.441
2018-08-20,-0.465
2018-08-21,-0.494
2018-08-22,-0.494
2018-08-23,-0.513
2018-08-24,-0.524
2018-08-27,-0.525
2018-08-28,-0.54
2018-08-29,-0.541
2018-08-30,-0.521
2018-08-31,-0.513
2018-09-04,-0.544
2018-09-05,-0.547
2018-09-06,-0.558
2018-09-07,-0.55
2018-09-10,-0.553
2018-09-11,-0.553
2018-09-12,-0.565
2018-09-13,-0.574
2018-09-14,-0.579
2018-09-17,-0.579
2018-09-18,-0.594
2018-09-19,-0.587
2018-09-20,-0.577
2018-09-21,-0.571
2018-09-24,-0.578
2018-09-25,-0.595
2018-09-26,-0.59
2018-09-27,-0.578
2018-09-28,-0.58
2018-10-01,-0.586
2018-10-02,-0.587
2018-10-03,-0.606
2018-10-04,-0.609
2018-10-05,-0.612
2018-10-08,-0.613
2018-10-09,-0.625
2018-10-10,-0.629
2018-10-11,-0.616
2018-10-12,-0.615
2018-10-15,-0.626
2018-10-16,-0.625
2018-10-17,-0.631
2018-10-18,-0.61
2018-10-19,-0.626
2018-10-22,-0.623
2018-10-23,-0.614
2018-10-24,-0.624
2018-10-25,-0.59
2018-10-26,-0.587
2018-10-29,-0.567
2018-10-30,-0.569
2018-10-31,-0.565
2018-11-01,-0.511
2018-11-02,-0.52
2018-11-05,-0.523
2018-11-06,-0.547
2018-11-07,-0.563
2018-11-08,-0.562
2018-11-09,-0.55
2018-11-12,-0.538
2018-11-13,-0.536
2018-11-14,-0.549
2018-11-15,-0.536
2018-11-16,-0.529
2018-11-19,-0.531
2018-11-20,-0.536
2018-11-21,-0.56
2018-11-23,-0.521
2018-11-26,-0.534
2018-11-27,-0.523
2018-11-28,-0.534
2018-11-29,-0.53
2018-11-30,-0.47
2018-12-03,-0.486
2018-12-04,-0.504
2018-12-06,-0.499
2018-12-07,-0.5
2018-12-10,-0.5
2018-12-11,-0.506
2018-12-12,-0.521
2018-12-13,-0.524
2018-12-14,-0.487
2018-12-17,-0.45
2018-12-18,-0.464
2018-12-19,-0.47
2018-12-20,-0.443
2018-12-21,-0.413
2018-12-24,-0.393
2018-12-26,-0.453
2018-12-27,-0.416
2018-12-28,-0.404
2018-12-31,-0.395
2019-01-02,-0.394
2019-01-03,-0.412
2019-01-04,-0.419
2019-01-07,-0.426
2019-01-08,-0.454
2019-01-09,-0.452
2019-01-10,-0.45
2019-01-11,-0.421
2019-01-14,-0.435
2019-01-15,-0.429
2019-01-16,-0.442
2019-01-17,-0.435
2019-01-18,-0.438
2019-01-22,-0.453
2019-01-23,-0.439
2019-01-24,-0.439
2019-01-25,-0.462
2019-01-28,-0.483
2019-01-29,-0.502
2019-01-30,-0.467
2019-01-31,-0.479
2019-02-01,-0.477
2019-02-04,-0.471
2019-02-05,-0.485
2019-02-06,-0.507
2019-02-07,-0.548
2019-02-08,-0.543
2019-02-11,-0.567
2019-02-12,-0.568
2019-02-13,-0.565
2019-02-14,-0.553
2019-02-15,-0.568
2019-02-19,-0.598
2019-02-20,-0.62
2019-02-21,-0.63
2019-02-22,-0.63
2019-02-25,-0.64
2019-02-26,-0.649
2019-02-27,-0.652
2019-02-28,-0.648
2019-03-01,-0.661
2019-03-04,-0.667
2019-03-05,-0.657
2019-03-06,-0.658
2019-03-07,-0.65
2019-03-08,-0.64
2019-03-11,-0.637
2019-03-12,-0.646
2019-03-13,-0.654
2019-03-14,-0.647
2019-03-15,-0.639
2019-03-18,-0.641
2019-03-19,-0.657
2019-03-20,-0.665
2019-03-21,-0.682
2019-03-22,-0.684
2019-03-25,-0.684
2019-03-26,-0.675
2019-03-27,-0.646
2019-03-28,-0.635
2019-03-29,-0.618
2019-04-01,-0.616
2019-04-02,-0.62
2019-04-03,-0.626
2019-04-04,-0.636
2019-04-05,-0.641
2019-04-08,-0.637
2019-04-09,-0.638
2019-04-10,-0.646
2019-04-11,-0.653
2019-04-12,-0.651
2019-04-15,-0.639
2019-04-16,-0.668
2019-04-17,-0.658
2019-04-18,-0.66
2019-04-22,-0.696
2019-04-23,-0.693
2019-04-24,-0.67
2019-04-25,-0.669
2019-04-26,-0.649
2019-04-29,-0.65
2019-04-30,-0.645
2019-05-01,-0.631
2019-05-02,-0.651
2019-05-03,-0.658
2019-05-06,-0.659
2019-05-07,-0.667
2019-05-08,-0.686
2019-05-09,-0.691
2019-05-10,-0.697
2019-05-13,-0.701
2019-05-14,-0.711
2019-05-15,-0.707
2019-05-16,-0.712
2019-05-17,-0.716
2019-05-20,-0.722
2019-05-21,-0.73
2019-05-22,-0.727
2019-05-23,-0.697
2019-05-24,-0.724
2019-05-28,-0.712
2019-05-29,-0.703
2019-05-30,-0.711
2019-05-31,-0.673
2019-06-03,-0.667
2019-06-04,-0.706
2019-06-05,-0.691
2019-06-06,-0.677
2019-06-07,-0.645
2019-06-10,-0.669
2019-06-11,-0.685
2019-06-12,-0.647
2019-06-13,-0.649
2019-06-14,-0.676
2019-06-17,-0.668
2019-06-18,-0.658
2019-06-19,-0.66
2019-06-20,-0.633
2019-06-21,-0.67
2019-06-24,-0.664
2019-06-25,-0.704
2019-06-26,-0.701
2019-06-27,-0.665
2019-06-28,-0.634
2019-07-01,-0.651
2019-07-02,-0.671
2019-07-03,-0.693
2019-07-05,-0.745
2019-07-08,-0.753
2019-07-09,-0.739
2019-07-10,-0.65
2019-07-11,-0.651
2019-07-12,-0.67
2019-07-15,-0.65
2019-07-16,-0.677
2019-07-17,-0.652
2019-07-18,-0.537
2019-07-19,-0.651
2019-07-22,-0.67
2019-07-23,-0.63
2019-07-24,-0.641
2019-07-25,-0.67
2019-07-26,-0.659
2019-07-29,-0.642
2019-07-30,-0.627
2019-07-31,-0.646
2019-08-01,-0.632
2019-08-02,-0.592
2019-08-05,-0.61
2019-08-06,-0.671
2019-08-07,-0.699
2019-08-08,-0.709
2019-08-09,-0.697
2019-08-12,-0.671
2019-08-13,-0.699
2019-08-14,-0.649
2019-08-15,-0.565
2019-08-16,-0.616
2019-08-19,-0.649
2019-08-20,-0.637
2019-08-21,-0.686
2019-08-22,-0.692
2019-08-23,-0.661
2019-08-26,-0.644
2019-08-27,-0.654
2019-08-28,-0.661
2019-08-29,-0.642
2019-08-30,-0.627
2019-09-03,-0.605
2019-09-04,-0.594
2019-09-05,-0.649
2019-09-06,-0.659
2019-09-09,-0.61
2019-09-10,-0.606
2019-09-11,-0.63
2019-09-12,-0.673
2019-09-13,-0.687
2019-09-16,-0.678
2019-09-17,-0.654
2019-09-18,-0.64
2019-09-19,-0.625
2019-09-20,-0.587
2019-09-23,-0.609
2019-09-24,-0.653
2019-09-25,-0.622
2019-09-26,-0.582
2019-09-27,-0.531
2019-09-30,-0.56
2019-10-01,-0.524
2019-10-02,-0.471
2019-10-03,-0.463
2019-10-04,-0.465
2019-10-07,-0.526
2019-10-08,-0.499
2019-10-09,-0.508
2019-10-10,-0.528
2019-10-11,-0.531
2019-10-14,-0.513
2019-10-15,-0.544
2019-10-16,-0.52
2019-10-17,-0.541
2019-10-18,-0.56
2019-10-21,-0.605
2019-10-22,-0.595
2019-10-23,-0.593
2019-10-24,-0.593
2019-10-25,-0.63
2019-10-28,-0.628
2019-10-29,-0.609
2019-10-30,-0.595
2019-10-31,-0.582
2019-11-01,-0.576
2019-11-04,-0.589
2019-11-05,-0.593
2019-11-06,-0.607
2019-11-07,-0.597
2019-11-08,-0.586
2019-11-11,-0.579
2019-11-12,-0.594
2019-11-13,-0.588
2019-11-14,-0.587
2019-11-15,-0.589
2019-11-18,-0.595
2019-11-19,-0.626
2019-11-20,-0.627
2019-11-21,-0.635
2019-11-22,-0.633
2019-11-25,-0.613
2019-11-26,-0.573
2019-11-27,-0.594
2019-11-29,-0.591
2019-12-02,-0.564
2019-12-03,-0.579
2019-12-04,-0.57
2019-12-05,-0.567
2019-12-06,-0.558
2019-12-09,-0.564
2019-12-10,-0.587
2019-12-11,-0.586
2019-12-12,-0.56
2019-12-13,-0.572
2019-12-16,-0.543
2019-12-17,-0.529
2019-12-18,-0.534
2019-12-19,-0.531
2019-12-20,-0.486
2019-12-23,-0.48
2019-12-24,-0.45
2019-12-26,-0.436
2019-12-27,-0.408
2019-12-30,-0.398
2019-12-31,-0.44
2020-01-02,-0.449
2020-01-03,-0.458
2020-01-06,-0.508
2020-01-07,-0.507
2020-01-08,-0.506
2020-01-09,-0.554
2020-01-10,-0.542
2020-01-13,-0.559
2020-01-14,-0.587
2020-01-15,-0.563
2020-01-16,-0.586
2020-01-17,-0.598
2020-01-21,-0.607
2020-01-22,-0.605
2020-01-23,-0.622
2020-01-24,-0.622
2020-01-27,-0.627
2020-01-28,-0.658
2020-01-29,-0.664
2020-01-30,-0.671
2020-01-31,-0.653
2020-02-03,-0.688
2020-02-04,-0.709
2020-02-05,-0.728
2020-02-06,-0.737
2020-02-07,-0.734
2020-02-10,-0.75
2020-02-11,-0.792
2020-02-12,-0.799
2020-02-13,-0.81
2020-02-14,-0.828
2020-02-18,-0.823
2020-02-19,-0.82
2020-02-20,-0.812
2020-02-21,-0.816
2020-02-24,-0.78
2020-02-25,-0.778
2020-02-26,-0.752
2020-02-27,-0.651
2020-02-28,-0.475
2020-03-02,-0.463
2020-03-03,-0.302
2020-03-04,-0.208
2020-03-05,-0.427
2020-03-06,-0.191
2020-03-09,-0.087
2020-03-10,-0.459
2020-03-11,-0.348
2020-03-12,-0.25
2020-03-13,-0.238
2020-03-16,-0.036
2020-03-17,0.003
2020-03-18,0.233
2020-03-19,0.446
2020-03-20,0.553
2020-03-23,0.595
2020-03-24,0.603
2020-03-25,0.672
2020-03-26,0.742
2020-03-27,0.884
2020-03-30,0.956
2020-03-31,0.87
2020-04-01,0.915
2020-04-02,0.862
2020-04-03,0.804
2020-04-06,0.85
2020-04-07,0.862
2020-04-08,0.844
2020-04-09,0.817
2020-04-13,0.693
2020-04-14,0.699
2020-04-15,0.647
2020-04-16,0.636
2020-04-17,0.632
2020-04-20,0.608
2020-04-21,0.592
2020-04-22,0.566
2020-04-23,0.561
2020-04-24,0.512
2020-04-27,0.354
2020-04-28,0.299
2020-04-29,0.188
2020-04-30,0.087
2020-05-01,-0.054
2020-05-04,-0.097
2020-05-05,-0.164
2020-05-06,-0.176
2020-05-07,-0.201
2020-05-08,-0.226
2020-05-11,-0.258
2020-05-12,-0.234
2020-05-13,-0.249
2020-05-14,-0.278
2020-05-15,-0.295
2020-05-18,-0.349
2020-05-19,-0.325
2020-05-20,-0.342
2020-05-21,-0.356
2020-05-22,-0.353
2020-05-26,-0.345
2020-05-27,-0.355
2020-05-28,-0.378
2020-05-29,-0.407
2020-06-01,-0.429
2020-06-02,-0.454
2020-06-03,-0.488
2020-06-04,-0.509
2020-06-05,-0.517
2020-06-08,-0.545
2020-06-09,-0.548
2020-06-10,-0.533
2020-06-11,-0.56
2020-06-12,-0.56
2020-06-15,-0.547
2020-06-16,-0.579
2020-06-17,-0.591
2020-06-18,-0.577
2020-06-19,-0.596
2020-06-22,-0.59
2020-06-23,-0.607
2020-06-24,-0.597
2020-06-25,-0.614
2020-06-26,-0.583
2020-06-29,-0.578
2020-06-30,-0.602
2020-07-01,-0.601
2020-07-02,-0.621
2020-07-06,-0.664
2020-07-07,-0.666
2020-07-08,-0.669
2020-07-09,-0.668
2020-07-10,-0.678
2020-07-13,-0.674
2020-07-14,-0.67
2020-07-15,-0.679
2020-07-16,-0.666
2020-07-17,-0.665
2020-07-20,-0.68
2020-07-21,-0.696
2020-07-22,-0.72
2020-07-23,-0.706
2020-07-24,-0.723
2020-07-27,-0.719
2020-07-28,-0.696
2020-07-29,-0.719
2020-07-30,-0.732
2020-07-31,-0.743
2020-08-03,-0.752
2020-08-04,-0.755
2020-08-05,-0.761
2020-08-06,-0.759
2020-08-07,-0.763
2020-08-10,-0.744
2020-08-11,-0.756
2020-08-12,-0.765
2020-08-13,-0.745
2020-08-14,-0.718
2020-08-17,-0.741
2020-08-18,-0.75
2020-08-19,-0.77
2020-08-20,-0.778
2020-08-21,-0.759
2020-08-24,-0.773
2020-08-25,-0.779
2020-08-26,-0.758
2020-08-27,-0.743
2020-08-28,-0.751
2020-08-31,-0.766
2020-09-01,-0.771
2020-09-02,-0.754
2020-09-03,-0.75
2020-09-04,-0.754
2020-09-08,-0.789
2020-09-09,-0.788
2020-09-10,-0.789
2020-09-11,-0.789
2020-09-14,-0.787
2020-09-15,-0.806
2020-09-16,-0.802
2020-09-17,-0.826
2020-09-18,-0.835
2020-09-21,-0.841
2020-09-22,-0.847
2020-09-23,-0.844
2020-09-24,-0.835
2020-09-25,-0.83
2020-09-28,-0.833
2020-09-29,-0.833
2020-09-30,-0.846
2020-10-01,-0.83
2020-10-02,-0.844
2020-10-05,-0.855
2020-10-06,-0.866
2020-10-07,-0.86
2020-10-08,-0.853
2020-10-09,-0.873
2020-10-12,-0.872
2020-10-13,-0.852
2020-10-14,-0.853
2020-10-15,-0.852
2020-10-16,-0.868
2020-10-19,-0.872
2020-10-20,-0.882
2020-10-21,-0.877
2020-10-22,-0.884
2020-10-23,-0.877
2020-10-26,-0.864
2020-10-27,-0.862
2020-10-28,-0.873
2020-10-29,-0.869
2020-10-30,-0.876
2020-11-02,-0.879
2020-11-03,-0.88
2020-11-04,-0.864
2020-11-05,-0.858
2020-11-06,-0.879
2020-11-09,-0.899
2020-11-10,-0.898
2020-11-11,-0.896
2020-11-12,-0.878
2020-11-13,-0.876
2020-11-16,-0.876
2020-11-17,-0.877
2020-11-18,-0.863
2020-11-19,-0.858
2020-11-20,-0.869
2020-11-23,-0.879
2020-11-24,-0.878
2020-11-25,-0.855
2020-11-27,-0.876
2020-11-30,-0.873
2020-12-01,-0.881
2020-12-02,-0.877
2020-12-03,-0.878
2020-12-04,-0.863
2020-12-07,-0.849
2020-12-08,-0.842
2020-12-09,-0.869
2020-12-10,-0.891
2020-12-11,-0.87
2020-12-14,-0.872
2020-12-15,-0.873
2020-12-16,-0.861
2020-12-17,-0.852
2020-12-18,-0.85
2020-12-21,-0.844
2020-12-22,-0.834
2020-12-23,-0.844
2020-12-24,-0.833
2020-12-28,-0.848
2020-12-29,-0.858
2020-12-30,-0.829
2020-12-31,-0.841
2021-01-04,-0.849
2021-01-05,-0.862
2021-01-06,-0.864
2021-01-07,-0.856
2021-01-08,-0.851
2021-01-11,-0.858
2021-01-12,-0.855
2021-01-13,-0.847
2021-01-14,-0.841
2021-01-15,-0.86
2021-01-19,-0.853
2021-01-20,-0.839
2021-01-21,-0.84
2021-01-22,-0.848
2021-01-25,-0.843
2021-01-26,-0.844
2021-01-27,-0.845
2021-01-28,-0.866
2021-01-29,-0.878
2021-02-01,-0.876
2021-02-02,-0.88
2021-02-03,-0.882
2021-02-04,-0.859
2021-02-05,-0.854
2021-02-08,-0.866
2021-02-09,-0.868
2021-02-10,-0.875
2021-02-11,-0.875
2021-02-12,-0.878
2021-02-16,-0.879
2021-02-17,-0.89
2021-02-18,-0.888
2021-02-19,-0.887
2021-02-22,-0.89
2021-02-23,-0.883
2021-02-24,-0.884
2021-02-25,-0.892
2021-02-26,-0.854
2021-03-01,-0.864
2021-03-02,-0.889
2021-03-03,-0.894
2021-03-04,-0.876
2021-03-05,-0.885
2021-03-08,-0.881
2021-03-09,-0.888
2021-03-10,-0.899
2021-03-11,-0.877
2021-03-12,-0.867
2021-03-15,-0.857
2021-03-16,-0.859
2021-03-17,-0.837
2021-03-18,-0.84
2021-03-19,-0.84
2021-03-22,-0.823
2021-03-23,-0.83
2021-03-24,-0.823
2021-03-25,-0.822
2021-03-26,-0.823
2021-03-29,-0.795
2021-03-30,-0.788
2021-03-31,-0.807
2021-04-01,-0.805
2021-04-05,-0.794
2021-04-06,-0.799
2021-04-07,-0.809
2021-04-08,-0.824
2021-04-09,-0.829
2021-04-12,-0.832
2021-04-13,-0.836
2021-04-14,-0.838
2021-04-15,-0.841
2021-04-16,-0.841
2021-04-19,-0.843
2021-04-20,-0.845
2021-04-21,-0.842
2021-04-22,-0.856
2021-04-23,-0.855
2021-04-26,-0.848
2021-04-27,-0.847
2021-04-28,-0.842
2021-04-29,-0.836
2021-04-30,-0.847
2021-05-03,-0.876
2021-05-04,-0.875
2021-05-05,-0.872
2021-05-06,-0.886
2021-05-07,-0.892
2021-05-10,-0.901
2021-05-11,-0.893
2021-05-12,-0.914
2021-05-13,-0.922
2021-05-14,-0.918
2021-05-17,-0.927
2021-05-18,-0.943
2021-05-19,-0.933
2021-05-20,-0.942
2021-05-21,-0.934
2021-05-24,-0.948
2021-05-25,-0.952
2021-05-26,-0.968
2021-05-27,-0.97
2021-05-28,-0.971
2021-06-01,-0.986
2021-06-02,-0.982
2021-06-03,-0.976
2021-06-04,-0.986
2021-06-07,-0.991
2021-06-08,-0.995
2021-06-09,-0.99
2021-06-10,-0.993
2021-06-11,-0.998
2021-06-14,-0.995
2021-06-15,-0.993
2021-06-16,-1.013
2021-06-17,-1
2021-06-18,-1.006
2021-06-21,-0.978
2021-06-22,-0.961
2021-06-23,-0.978
2021-06-24,-0.957
2021-06-25,-0.954
2021-06-28,-0.95
2021-06-29,-0.937
2021-06-30,-0.943
2021-07-01,-0.934
2021-07-02,-0.943
2021-07-06,-0.945
2021-07-07,-0.955
2021-07-08,-0.957
2021-07-09,-0.961
2021-07-12,-0.958
2021-07-13,-0.95
2021-07-14,-0.961
2021-07-15,-0.958
2021-07-16,-0.955
2021-07-19,-0.956
2021-07-20,-0.943
2021-07-21,-0.929
2021-07-22,-0.929
2021-07-23,-0.944
2021-07-26,-0.93
2021-07-27,-0.956
2021-07-28,-0.97
2021-07-29,-0.97
2021-07-30,-0.974
2021-08-02,-0.991
2021-08-03,-0.985
2021-08-04,-0.985
2021-08-05,-0.979
2021-08-06,-0.967
2021-08-09,-0.967
2021-08-10,-0.974
2021-08-11,-0.985
2021-08-12,-0.99
2021-08-13,-0.983
2021-08-16,-0.993
2021-08-17,-0.988
2021-08-18,-0.98
2021-08-19,-0.963
2021-08-20,-0.962
2021-08-23,-0.966
2021-08-24,-0.957
2021-08-25,-0.98
2021-08-26,-0.97
2021-08-27,-0.965
2021-08-30,-0.964
2021-08-31,-0.959
2021-09-01,-0.966
2021-09-02,-0.966
2021-09-03,-0.971
2021-09-07,-0.971
2021-09-08,-0.963
2021-09-09,-0.971
2021-09-10,-0.97
2021-09-13,-0.958
2021-09-14,-0.962
2021-09-15,-0.956
2021-09-16,-0.949
2021-09-17,-0.952
2021-09-20,-0.928
2021-09-21,-0.923
2021-09-22,-0.908
2021-09-23,-0.899
2021-09-24,-0.901
2021-09-27,-0.897
2021-09-28,-0.918
2021-09-29,-0.916
2021-09-30,-0.927
2021-10-01,-0.925
2021-10-04,-0.936
2021-10-05,-0.942
2021-10-06,-0.955
2021-10-07,-0.941
2021-10-08,-0.943
2021-10-11,-0.943
2021-10-12,-0.919
2021-10-13,-0.911
2021-10-14,-0.909
2021-10-15,-0.907
2021-10-18,-0.887
2021-10-19,-0.867
2021-10-20,-0.859
2021-10-21,-0.865
2021-10-22,-0.878
2021-10-25,-0.861
2021-10-26,-0.852
2021-10-27,-0.874
2021-10-28,-0.86
2021-10-29,-0.839
2021-11-01,-0.841
2021-11-02,-0.833
2021-11-03,-0.836
2021-11-04,-0.843
2021-11-05,-0.837
2021-11-08,-0.85
2021-11-09,-0.828
2021-11-10,-0.806
2021-11-11,-0.796
2021-11-12,-0.779
2021-11-15,-0.777
2021-11-16,-0.773
2021-11-17,-0.772
2021-11-18,-0.785
2021-11-19,-0.753
2021-11-22,-0.758
2021-11-23,-0.793
2021-11-24,-0.787
2021-11-26,-0.779
2021-11-29,-0.757
2021-11-30,-0.76
2021-12-01,-0.759
2021-12-02,-0.759
2021-12-03,-0.743
2021-12-06,-0.737
2021-12-07,-0.763
2021-12-08,-0.771
2021-12-09,-0.77
2021-12-10,-0.78
2021-12-13,-0.801
2021-12-14,-0.789
2021-12-15,-0.757
2021-12-16,-0.726
2021-12-17,-0.734
2021-12-20,-0.749
2021-12-21,-0.749
2021-12-22,-0.756
2021-12-23,-0.773
2021-12-27,-0.769
2021-12-28,-0.806
2021-12-29,-0.786
2021-12-30,-0.769
2021-12-31,-0.782
2022-01-03,-0.191614
2022-01-04,-0.201679
2022-01-05,-0.186736
2022-01-06,-0.202537
2022-01-07,-0.191018
2022-01-10,-0.181778
2022-01-11,-0.189598
2022-01-12,-0.206429
2022-01-13,-0.188036
2022-01-14,-0.194008
2022-01-18,-0.19007
2022-01-19,-0.20802
2022-01-20,-0.213436
2022-01-21,-0.204575
2022-01-24,-0.199858
2022-01-25,-0.18101
2022-01-26,-0.204655
2022-01-27,-0.183463
2022-01-28,-0.178656
2022-01-31,-0.178726
2022-02-01,-0.232217
2022-02-02,-0.187671
2022-02-03,-0.195132
2022-02-04,-0.214704
2022-02-07,-0.20623
2022-02-08,-0.201707
2022-02-09,-0.194146
2022-02-10,-0.265129
2022-02-11,-0.237717
2022-02-14,-0.246069
2022-02-15,-0.261602
2022-02-16,-0.244557
2022-02-17,-0.206851
2022-02-18,-0.216107
2022-02-22,-0.212419
2022-02-23,-0.198815
2022-02-24,-0.17392
2022-02-28,-0.142695
2022-03-01,-0.113835
2022-03-02,-0.128608
2022-03-03,-0.095689
2022-03-04,0.178905
2022-03-07,-0.024186
2022-03-08,-0.13508
2022-03-09,-0.160397
2022-03-10,-0.13948
2022-03-11,-0.166068
2022-03-14,-0.080145
2022-03-15,0.005217
2022-03-16,0.00888
2022-03-17,0.086473
2022-03-18,-0.026832
2022-03-21,-0.071516
2022-03-22,-0.051242
2022-03-23,-0.116732
2022-03-24,-0.134271
2022-03-25,-0.116054
2022-03-28,-0.130738
2022-03-29,-0.091434
2022-03-30,-0.076371
2022-03-31,-0.07142
2022-04-01,-0.190564
2022-04-04,-0.078348
2022-04-05,-0.141425
2022-04-06,-0.126777
2022-04-07,-0.138333
2022-04-08,-0.16636
2022-04-11,-0.198133
2022-04-12,-0.218973
2022-04-13,-0.16906
2022-04-14,-0.199959
2022-04-15,-0.196678
2022-04-18,-0.195273
2022-04-19,-0.217277
2022-04-20,-0.076308
2022-04-21,-0.062908
2022-04-22,-0.067441
2022-04-25,-0.167816
2022-04-26,-0.176942
2022-04-27,-0.12654
2022-04-28,-0.204569
2022-04-29,-0.000091
2022-05-02,-0.016473
2022-05-03,-0.073299
2022-05-04,-0.156874
2022-05-05,-0.013517
2022-05-06,-0.016448
2022-05-09,0.002129
2022-05-10,0.015974
2022-05-11,0.014373
2022-05-12,0.014104
2022-05-13,-0.001148
2022-05-16,-0.025726
2022-05-17,-0.059496
2022-05-18,-0.047672
2022-05-19,-0.034785
2022-05-20,-0.02644
2022-05-23,-0.106846
2022-05-24,-0.094164
2022-05-25,0.001557
2022-05-26,0.016797
2022-05-27,-0.003945
2022-05-30,-0.003379
2022-05-31,0.00561
2022-06-01,-0.027148
2022-06-02,-0.020369
2022-06-03,-0.011583
2022-06-06,-0.052264
2022-06-07,-0.014244
2022-06-08,-0.009682
2022-06-09,-0.005951
2022-06-10,-0.223418
2022-06-13,-0.10332
2022-06-14,-0.219319
2022-06-15,-0.191306
2022-06-16,0.076607
2022-06-17,0.02739
2022-06-20,0.030069
2022-06-21,0.043027
2022-06-22,0.083246
2022-06-23,0.108497
2022-06-24,0.099071
2022-06-27,0.055018
2022-06-28,0.035214
2022-06-29,-0.023945
2022-06-30,0.074412
2022-07-01,0.340037
2022-07-04,0.339792
2022-07-05,0.009254
2022-07-06,-0.008102
2022-07-07,-0.05247
2022-07-08,-0.006848
2022-07-11,-0.048511
2022-07-12,-0.11411
2022-07-13,-0.212789
2022-07-14,-0.214919
2022-07-15,-0.123266
2022-07-18,-0.148222
2022-07-19,-0.231139
2022-07-20,-0.213596
2022-07-21,-0.127335
2022-07-22,-0.101237
2022-07-25,-0.286739
2022-07-26,-0.132669
2022-07-27,-0.092969
2022-07-28,-0.033184
2022-07-29,-0.010992
2022-08-01,-0.07479
2022-08-02,-0.09978
2022-08-03,-0.108688
2022-08-04,-0.088954
2022-08-05,-0.135386
2022-08-08,-0.097182
2022-08-09,-0.11434
2022-08-10,-0.182794
2022-08-11,-0.050482
2022-08-12,-0.136975
2022-08-15,-0.08895
2022-08-16,-0.172999
2022-08-17,-0.21035
2022-08-18,-0.200156
2022-08-19,-0.151548
2022-08-22,-0.215762
2022-08-23,-0.169932
2022-08-24,-0.281001
2022-08-25,-0.196423
2022-08-26,-0.268261
2022-08-29,-0.229661
2022-08-30,-0.374237
2022-08-31,-0.190365
2022-09-01,-0.365475
2022-09-02,-0.255028
2022-09-05,-0.257021
2022-09-06,-0.261373
2022-09-07,-0.243387
2022-09-08,-0.172894
2022-09-09,-0.284172
2022-09-12,-0.197021
2022-09-13,-0.405277
2022-09-14,-0.425363
2022-09-15,-0.302145
2022-09-16,-0.167927
2022-09-19,-0.112137
2022-09-20,-0.121585
2022-09-21,-0.081459
2022-09-22,-0.049878
2022-09-23,-0.045235
2022-09-26,-0.104604
2022-09-27,-0.095204
2022-09-28,-0.157995
2022-09-29,-0.120015
2022-09-30,-0.115658
2022-10-03,-0.09997
2022-10-04,-0.078713
2022-10-05,-0.204628
2022-10-06,-0.13259
2022-10-07,-0.110455
2022-10-10,-0.115991
2022-10-11,-0.103011
2022-10-12,-0.2399
2022-10-13,-0.156883
2022-10-14,-0.273189
2022-10-17,-0.158981
2022-10-18,-0.211611
2022-10-19,-0.154899
2022-10-20,-0.135404
2022-10-21,-0.085886
2022-10-24,-0.195445
2022-10-25,-0.139403
2022-10-26,-0.121609
2022-10-27,-0.21922
2022-10-28,-0.319393
2022-10-31,-0.10658
2022-11-01,-0.129441
2022-11-02,-0.122776
2022-11-03,-0.117455
2022-11-04,-0.111173
2022-11-07,-0.042395
2022-11-08,0.013204
2022-11-09,-0.165092
2022-11-10,-0.158496
2022-11-11,-0.16754
2022-11-14,-0.158695
2022-11-15,-0.198055
2022-11-16,-0.132089
2022-11-17,-0.144475
2022-11-18,-0.017936
2022-11-21,-0.011007
2022-11-22,-0.025551
2022-11-23,-0.032902
2022-11-24,-0.027417
2022-11-25,-0.068845
2022-11-28,-0.104038
2022-11-29,-0.122294
2022-11-30,-0.116178
2022-12-01,-0.13299
2022-12-02,-0.111377
2022-12-05,-0.195584
2022-12-06,-0.079159
2022-12-07,-0.134798
2022-12-08,-0.146421
2022-12-09,-0.055739
2022-12-12,-0.118169
2022-12-13,-0.117398
2022-12-14,-0.072132
2022-12-15,-0.004888
2022-12-16,-0.024558
2022-12-19,-0.023332
2022-12-20,-0.105354
2022-12-21,-0.096272
2022-12-22,-0.095516
2022-12-23,-0.100886
2022-12-26,-0.099807
2022-12-27,-0.096707
2022-12-28,-0.144037
2022-12-29,-0.136697
2022-12-30,-0.138104
2023-01-02,-0.135619
2023-01-03,-0.120237
2023-01-04,-0.179687
2023-01-05,-0.276201
2023-01-06,-0.182872
2023-01-09,-0.17089
2023-01-10,-0.223415
2023-01-11,-0.213178
2023-01-12,-0.194827
2023-01-13,-0.201269
2023-01-16,-0.198469
2023-01-17,-0.185625
2023-01-18,-0.273226
2023-01-19,-0.304845
2023-01-20,-0.240843
2023-01-23,-0.265754
2023-01-24,-0.273874
2023-01-25,-0.267926
2023-01-26,-0.188488
2023-01-27,-0.190906
2023-01-30,-0.187413
2023-01-31,-0.188792
2023-02-01,-0.172946
2023-02-02,-0.166677
2023-02-03,-0.177
2023-02-06,-0.184298
2023-02-07,-0.183863
2023-02-08,-0.19939
2023-02-09,-0.207126
2023-02-10,-0.244073
2023-02-13,-0.241651
2023-02-14,-0.243239
2023-02-15,-0.190654
2023-02-16,-0.254167
2023-02-17,-0.270581
2023-02-20,-0.272228
2023-02-21,-0.275312
2023-02-22,-0.248571
2023-02-23,-0.255354
2023-02-24,-0.254021
2023-02-27,-0.208357
2023-02-28,-0.233002
2023-03-01,-0.237926
2023-03-02,-0.232
2023-03-03,-0.231188
2023-03-06,-0.230099
2023-03-07,-0.293724
2023-03-08,-0.307173
2023-03-09,-0.302916
2023-03-10,-0.259684
2023-03-13,-0.179141
2023-03-14,-0.20595
2023-03-15,-0.143411
2023-03-16,-0.144209
2023-03-17,-0.078321
2023-03-20,-0.133109
2023-03-21,-0.206861
2023-03-22,-0.193173
2023-03-23,-0.047254
2023-03-24,-0.047298
2023-03-27,-0.081707
2023-03-28,-0.143779
2023-03-29,-0.138854
2023-03-30,-0.065374
2023-03-31,-0.031012
2023-04-03,-0.085735
2023-04-04,-0.191335
2023-04-05,-0.074385
2023-04-06,-0.081646
2023-04-07,-0.070298
2023-04-10,-0.148779
2023-04-11,-0.188552
2023-04-12,-0.192883
2023-04-13,-0.193059
2023-04-14,-0.231299
2023-04-17,-0.240129
2023-04-18,-0.267889
2023-04-19,-0.262193
2023-04-20,-0.240686
2023-04-21,-0.236315
2023-04-24,-0.199764
2023-04-25,-0.217721
2023-04-26,-0.20777
2023-04-27,-0.258813
2023-04-28,-0.172599
2023-05-01,-0.149493
2023-05-02,-0.1453
2023-05-03,-0.163236
2023-05-04,-0.215076
2023-05-05,-0.218611
2023-05-08,-0.217806
2023-05-09,-0.237526
2023-05-10,-0.209948
2023-05-11,-0.188485
2023-05-12,-0.255011
2023-05-15,-0.184851
2023-05-16,-0.196764
2023-05-17,-0.239093
2023-05-18,-0.256282
2023-05-19,-0.189597
2023-05-22,-0.195329
2023-05-23,-0.218678
2023-05-24,-0.232604
2023-05-25,-0.216887
2023-05-26,-0.203452
2023-05-29,-0.194246
2023-05-30,-0.193297
2023-05-31,-0.246624
2023-06-01,-0.22768
2023-06-02,-0.216866
2023-06-05,-0.188462
2023-06-06,-0.175854
2023-06-07,-0.22963
2023-06-08,-0.204347
2023-06-09,-0.210377
2023-06-12,-0.193623
2023-06-13,-0.187057
2023-06-14,-0.166722
2023-06-15,-0.124979
2023-06-16,-0.179585
2023-06-19,-0.177689
2023-06-20,-0.195882
2023-06-21,-0.161404
2023-06-22,-0.226702
2023-06-23,-0.231998
2023-06-26,-0.209
2023-06-27,-0.175
2023-06-28,-0.164
2023-06-29,-0.22
2023-06-30,-0.207
2023-07-03,-0.21
2023-07-04,-0.16
2023-07-05,-0.223
2023-07-06,-0.249
2023-07-07,-0.21
2023-07-10,-0.259
2023-07-11,-0.244
2023-07-12,-0.217
2023-07-13,-0.254
2023-07-14,-0.263
2023-07-17,-0.187
2023-07-18,-0.186
2023-07-19,-0.113
2023-07-20,-0.145
2023-07-21,-0.111
2023-07-24,-0.113
2023-07-25,-0.116
2023-07-26,-0.121
2023-07-27,-0.11
2023-07-28,-0.116
2023-07-31,-0.144
2023-08-01,-0.167
2023-08-02,-0.168
2023-08-03,-0.158
2023-08-04,-0.153
2023-08-07,-0.118
2023-08-08,-0.126
2023-08-09,-0.185
2023-08-10,-0.173
2023-08-11,-0.125
2023-08-14,-0.175
2023-08-15,-0.154
2023-08-16,-0.198
2023-08-17,-0.195
2023-08-18,-0.166
2023-08-21,-0.167
2023-08-22,-0.185
2023-08-23,-0.2
2023-08-24,-0.202
2023-08-25,-0.211
2023-08-28,-0.217
2023-08-29,-0.212
2023-08-30,-0.151
2023-08-31,-0.147
2023-09-01,-0.136
2023-09-04,-0.166
2023-09-05,-0.156
2023-09-06,-0.163
2023-09-07,-0.157
2023-09-08,-0.157
2023-09-11,-0.14
2023-09-12,-0.141
2023-09-13,-0.157
2023-09-14,-0.164
2023-09-15,-0.156
2023-09-18,-0.157
2023-09-19,-0.153
2023-09-20,-0.217
2023-09-21,-0.218
2023-09-22,-0.221
2023-09-25,-0.213
2023-09-26,-0.185
2023-09-27,-0.152
2023-09-28,-0.139
2023-09-29,-0.136
2023-10-02,-0.143
2023-10-03,-0.203
2023-10-04,-0.201
2023-10-05,-0.164
2023-10-06,-0.174
2023-10-09,-0.19
2023-10-10,-0.205
2023-10-11,-0.199
2023-10-12,-0.21
2023-10-13,-0.204
2023-10-16,-0.206
2023-10-17,-0.217
2023-10-18,-0.216
2023-10-19,-0.208
2023-10-20,-0.209
2023-10-23,-0.21
2023-10-24,-0.21
2023-10-25,-0.191
2023-10-26,-0.188
2023-10-27,-0.187
2023-10-30,-0.191
2023-10-31,-0.217
2023-11-01,-0.22
2023-11-02,-0.162
2023-11-03,-0.185
2023-11-06,-0.189
2023-11-07,-0.228
2023-11-08,-0.224
2023-11-09,-0.229
2023-11-10,-0.206
2023-11-13,-0.194
2023-11-14,-0.192
2023-11-15,-0.246
2023-11-16,-0.278
2023-11-17,-0.278
2023-11-20,-0.196
2023-11-21,-0.201
2023-11-22,-0.209
2023-11-23,-0.214
2023-11-24,-0.218
2023-11-27,-0.213
2023-11-28,-0.238
2023-11-29,-0.258
2023-11-30,-0.229
2023-12-01,-0.233
2023-12-04,-0.255
2023-12-05,-0.27
2023-12-06,-0.292
2023-12-07,-0.302
2023-12-08,-0.283
2023-12-11,-0.265
2023-12-12,-0.265
2023-12-13,-0.306
2023-12-14,-0.305
2023-12-15,-0.314
2023-12-18,-0.314
2023-12-19,-0.309
2023-12-20,-0.315
2023-12-21,-0.303
2023-12-22,-0.302
2023-12-25,-0.3
2023-12-26,-0.298
2023-12-27,-0.292
2023-12-28,-0.287
2023-12-29,-0.269
2024-01-01,-0.266
2024-01-02,-0.249
2024-01-03,-0.321
2024-01-04,-0.313
2024-01-05,-0.334
2024-01-08,-0.295
2024-01-09,-0.217
2024-01-10,-0.236
2024-01-11,-0.23
2024-01-12,-0.226
2024-01-15,-0.223
2024-01-16,-0.274
2024-01-17,-0.277
2024-01-18,-0.295
2024-01-19,-0.293
2024-01-22,-0.296
2024-01-23,-0.293
2024-01-24,-0.297
2024-01-25,-0.292
2024-01-26,-0.298
2024-01-29,-0.28
2024-01-30,-0.284
2024-01-31,-0.285
2024-02-01,-0.287
2024-02-02,-0.29
2024-02-05,-0.302
2024-02-06,-0.288
2024-02-07,-0.287
2024-02-08,-0.29
2024-02-09,-0.297
2024-02-12,-0.296
2024-02-13,-0.3
2024-02-15,-0.292
2024-02-16,-0.295
2024-02-19,-0.295
2024-02-20,-0.291
2024-02-21,-0.308
2024-02-22,-0.318
2024-02-23,-0.32
2024-02-26,-0.319
2024-02-27,-0.313
2024-02-28,-0.314
2024-02-29,-0.315
2024-03-01,-0.296
2024-03-04,-0.29
2024-03-05,-0.304
2024-03-06,-0.304
2024-03-07,-0.297
2024-03-08,-0.245
2024-03-11,-0.246
2024-03-12,-0.245
2024-03-13,-0.258
2024-03-14,-0.244
2024-03-15,-0.22
2024-03-18,-0.23
2024-03-19,-0.255
2024-03-20,-0.23
2024-03-21,-0.183
2024-03-22,-0.179
2024-03-25,-0.181
2024-03-26,-0.224
2024-03-27,-0.249
2024-03-28,-0.231
2024-03-29,-0.163
2024-04-01,-0.156
2024-04-02,-0.198
2024-04-03,-0.185
2024-04-04,-0.168
2024-04-05,-0.181
2024-04-08,-0.184
2024-04-09,-0.164
2024-04-10,-0.185
2024-04-11,-0.176
2024-04-12,-0.167
2024-04-15,-0.174
2024-04-16,-0.171
2024-04-17,-0.192
2024-04-18,-0.185
2024-04-19,-0.181
2024-04-22,-0.184
2024-04-23,-0.184
2024-04-24,-0.176
2024-04-25,-0.174
2024-04-26,-0.17
2024-04-29,-0.187
2024-04-30,-0.188
2024-05-01,-0.196
2024-05-02,-0.159
2024-05-03,-0.162
2024-05-06,-0.163
2024-05-07,-0.195
2024-05-08,-0.199
2024-05-09,-0.213
2024-05-10,-0.203
2024-05-13,-0.202
2024-05-14,-0.209
2024-05-15,-0.219
2024-05-16,-0.203
2024-05-17,-0.208
2024-05-20,-0.223
2024-05-21,-0.233
2024-05-22,-0.2
2024-05-23,-0.218
2024-05-24,-0.22
2024-05-27,-0.229
2024-05-28,-0.211
2024-05-29,-0.195
2024-05-30,-0.187
2024-05-31,-0.2
2024-06-03,-0.201
2024-06-04,-0.173
2024-06-05,-0.174
2024-06-06,-0.226
2024-06-07,-0.221
2024-06-10,-0.204
2024-06-11,-0.21
2024-06-12,-0.215
2024-06-13,-0.216
2024-06-14,-0.204
2024-06-17,-0.234
2024-06-18,-0.233
2024-06-19,-0.231
2024-06-20,-0.23
2024-06-21,-0.229
2024-06-24,-0.224
2024-06-25,-0.206
2024-06-26,-0.208
2024-06-27,-0.21
2024-06-28,-0.19
2024-07-01,-0.156
2024-07-02,-0.188
2024-07-03,-0.191
2024-07-04,-0.191
2024-07-05,-0.187
2024-07-08,-0.196
2024-07-09,-0.21
2024-07-10,-0.172
2024-07-11,-0.216
2024-07-12,-0.156
2024-07-15,-0.154
2024-07-16,-0.146
2024-07-17,-0.149
2024-07-18,-0.144
2024-07-19,-0.134
2024-07-22,-0.16
2024-07-23,-0.16
2024-07-24,-0.159
2024-07-25,-0.149
2024-07-26,-0.142
2024-07-29,-0.139
2024-07-30,-0.124
2024-07-31,-0.183
2024-08-01,-0.172
2024-08-02,-0.121
2024-08-05,-0.127
2024-08-06,-0.138
2024-08-07,-0.133
2024-08-08,-0.155
2024-08-09,-0.179
2024-08-12,-0.172
2024-08-13,-0.162
2024-08-14,-0.173
2024-08-15,-0.161
2024-08-16,-0.157
2024-08-19,-0.165
2024-08-20,-0.157
2024-08-21,-0.177
2024-08-22,-0.181
2024-08-23,-0.176
2024-08-26,-0.174
2024-08-27,-0.167
2024-08-28,-0.15
2024-08-29,-0.166
2024-08-30,-0.166
2024-09-02,-0.168
2024-09-03,-0.181
2024-09-04,-0.177
2024-09-05,-0.166
2024-09-06,-0.161
2024-09-09,-0.176
2024-09-10,-0.146
2024-09-11,-0.161
2024-09-12,-0.125
2024-09-13,-0.087
2024-09-16,-0.072
2024-09-17,-0.066
2024-09-18,-0.025
2024-09-19,-0.216
2024-09-20,-0.184
2024-09-23,-0.157
2024-09-24,-0.149
2024-09-25,-0.144
2024-09-26,-0.147
2024-09-27,-0.125
2024-09-30,-0.15
2024-10-01,-0.129
2024-10-02,-0.149
2024-10-03,-0.15
2024-10-04,-0.17
2024-10-07,-0.188
2024-10-08,-0.183
2024-10-09,-0.192
2024-10-10,-0.212
2024-10-11,-0.194
2024-10-14,-0.189
2024-10-15,-0.194
2024-10-16,-0.17
2024-10-17,-0.18
2024-10-18,-0.18
2024-10-21,-0.186
2024-10-22,-0.17
2024-10-23,-0.133
2024-10-24,-0.134
2024-10-25,-0.152
2024-10-28,-0.139
2024-10-29,-0.146
2024-10-30,-0.135
2024-10-31,-0.116
2024-11-01,-0.102
2024-11-04,-0.118
2024-11-05,-0.216
2024-11-06,-0.227
2024-11-07,-0.242
2024-11-08,-0.234
2024-11-11,-0.225
2024-11-12,-0.227
2024-11-13,-0.205
2024-11-14,-0.242
2024-11-15,-0.221
2024-11-18,-0.214
2024-11-19,-0.19
2024-11-20,-0.197
2024-11-21,-0.159
2024-11-22,-0.156
2024-11-25,-0.198
2024-11-26,-0.161
2024-11-27,-0.138
2024-11-28,-0.109
2024-11-29,-0.106
2024-12-02,-0.096
2024-12-03,-0.088
2024-12-04,-0.097
2024-12-05,-0.081
2024-12-06,-0.082
2024-12-09,-0.048
2024-12-10,-0.041
2024-12-11,-0.051
2024-12-12,-0.046
2024-12-13,-0.006
2024-12-16,-0.014
2024-12-17,-0.023
2024-12-18,-0.027
2024-12-19,-0.047
2024-12-20,-0.04
2024-12-23,-0.052
2024-12-24,-0.057
2024-12-25,-0.067
2024-12-26,-0.076
2024-12-27,-0.063
2024-12-30,-0.045
2024-12-31,-0.06
2025-01-01,-0.06
2025-01-02,-0.034
2025-01-03,-0.039
2025-01-06,-0.062
2025-01-07,-0.081
2025-01-08,-0.09
2025-01-09,-0.088
2025-01-10,-0.115
2025-01-13,-0.138
2025-01-14,-0.137
2025-01-15,-0.147
2025-01-16,-0.123
2025-01-17,-0.12
2025-01-20,-0.109
2025-01-21,-0.136
2025-01-22,-0.121
2025-01-23,-0.142
2025-01-24,-0.139
2025-01-27,-0.108
2025-01-28,-0.101
2025-01-29,-0.106
2025-01-30,-0.042
2025-01-31,-0.034
2025-02-03,-0.055
2025-02-04,-0.066
2025-02-05,-0.116
2025-02-06,-0.12
2025-02-07,-0.069
2025-02-10,-0.071
2025-02-11,-0.118
2025-02-12,-0.066
2025-02-13,-0.064
2025-02-14,-0.062
2025-02-17,-0.059
2025-02-18,-0.054
2025-02-19,-0.087
2025-02-20,-0.075
2025-02-21,-0.071
2025-02-24,-0.068
2025-02-25,-0.062
2025-02-26,-0.071
2025-02-27,-0.082
2025-02-28,-0.036
2025-03-03,-0.033
2025-03-04,-0.071
2025-03-05,-0.088
2025-03-06,-0.098
2025-03-07,-0.097
2025-03-10,-0.088
2025-03-11,-0.083
2025-03-12,-0.093
2025-03-13,-0.087
2025-03-14,-0.06
2025-03-17,-0.086
2025-03-18,-0.086
2025-03-19,-0.096
2025-03-20,-0.094
2025-03-21,-0.099
2025-03-24,-0.086
2025-03-25,-0.054
2025-03-26,-0.065
2025-03-27,-0.099
2025-03-28,-0.085
2025-03-31,-0.082
2025-04-01,-0.106
2025-04-02,-0.077
2025-04-03,-0.051
2025-04-04,-0.002
2025-04-07,0.003
2025-04-08,-0.033
2025-04-09,-0.029
2025-04-10,-0.038
2025-04-11,-0.032
2025-04-14,-0.035
2025-04-15,-0.023
2025-04-16,-0.021
2025-04-17,-0.041
2025-04-18,-0.039
2025-04-21,-0.07
2025-04-22,-0.14
2025-04-23,-0.111
2025-04-24,-0.113
2025-04-25,-0.058
2025-04-28,-0.051
2025-04-29,-0.045
2025-04-30,-0.035
2025-05-01,-0.093
2025-05-02,-0.086
2025-05-05,-0.102
2025-05-06,-0.096
2025-05-07,-0.096
2025-05-08,-0.121
2025-05-09,-0.113
2025-05-12,-0.159
2025-05-13,-0.157
2025-05-14,-0.154
2025-05-15,-0.143
2025-05-16,-0.135
2025-05-19,-0.125
2025-05-20,-0.12
2025-05-21,-0.119
2025-05-22,-0.083
2025-05-23,-0.077
2025-05-26,-0.077
2025-05-27,-0.067
2025-05-28,-0.11
2025-05-29,-0.103
2025-05-30,-0.109
2025-06-02,-0.107
2025-06-03,-0.106
2025-06-04,-0.113
2025-06-05,-0.108
2025-06-06,-0.112
2025-06-09,-0.116
2025-06-10,-0.128
2025-06-11,-0.123
2025-06-12,-0.145
2025-06-13,-0.101
2025-06-16,-0.105
2025-06-17,-0.114
2025-06-18,-0.116
2025-06-19,-0.095
2025-06-20,-0.082
2025-06-23,-0.064
2025-06-24,-0.081
2025-06-25,-0.081
2025-06-26,-0.097
2025-06-27,-0.097
2025-06-30,-0.091
2025-07-01,-0.091
2025-07-02,-0.122
2025-07-03,-0.137
2025-07-04,-0.133
2025-07-07,-0.135
2025-07-08,-0.145
2025-07-09,-0.139
2025-07-10,-0.138
2025-07-11,-0.134
2025-07-14,-0.131
2025-07-15,-0.13
2025-07-16,-0.103
2025-07-17,-0.106
2025-07-18,-0.109
2025-07-21,-0.104
2025-07-22,-0.101
2025-07-23,-0.168
2025-07-24,-0.178
2025-07-25,-0.171
2025-07-28,-0.155
2025-07-29,-0.127
2025-07-30,-0.126
2025-07-31,-0.158
2025-08-01,-0.133
2025-08-04,-0.106
2025-08-05,-0.103
2025-08-06,-0.101
2025-08-07,-0.115
2025-08-08,-0.129
2025-08-11,-0.124
2025-08-12,-0.129
2025-08-13,-0.127
2025-08-14,-0.118
2025-08-15,-0.123
2025-08-18,-0.121
2025-08-19,-0.115
2025-08-20,-0.125
2025-08-21,-0.14
2025-08-22,-0.128
2025-08-25,-0.127
2025-08-26,-0.118
2025-08-27,-0.11
2025-08-28,-0.107
2025-08-29,-0.09
2025-09-01,-0.088
2025-09-02,-0.113
2025-09-03,-0.082
2025-09-04,-0.058
2025-09-05,-0.036
2025-09-08,-0.059
2025-09-09,-0.072
2025-09-10,-0.109
2025-09-11,-0.154
2025-09-12,-0.127
2025-09-15,-0.099
2025-09-16,-0.092
2025-09-17,-0.137
2025-09-18,-0.145
2025-09-19,-0.17
2025-09-22,-0.111
2025-09-23,-0.123
2025-09-24,-0.097
2025-09-25,-0.117
2025-09-26,-0.102
2025-09-29,-0.106
2025-09-30,-0.097
2025-10-01,-0.099
2025-10-02,-0.103
2025-10-03,-0.119
2025-10-06,-0.09
2025-10-07,-0.08
2025-10-08,-0.078
2025-10-09,-0.131
2025-10-10,-0.122
2025-10-13,-0.115
2025-10-14,-0.104
2025-10-15,-0.108
2025-10-16,-0.139
2025-10-17,-0.127
2025-10-20,-0.121
2025-10-21,-0.111
2025-10-22,-0.1
2025-10-23,-0.1
2025-10-24,-0.094
2025-10-27,-0.075
2025-10-28,-0.079
2025-10-29,-0.116
2025-10-30,-0.097
2025-10-31,-0.084
2025-11-03,-0.146
2025-11-04,-0.151
2025-11-05,-0.159
2025-11-06,-0.15
2025-11-07,-0.147
2025-11-10,-0.157
2025-11-11,-0.153
2025-11-12,-0.147
2025-11-13,-0.171
2025-11-14,-0.176
2025-11-17,-0.138
2025-11-18,-0.119
2025-11-19,-0.128
2025-11-20,-0.18
2025-11-21,-0.129
2025-11-24,-0.166
2025-11-25,-0.102
2025-11-26,-0.143
2025-11-27,-0.167
2025-11-28,-0.144
2025-12-01,-0.152
2025-12-02,-0.081
2025-12-03,-0.09
2025-12-04,-0.102
2025-12-05,-0.112
2025-12-08,-0.088
2025-12-09,-0.125
2025-12-10,-0.082
2025-12-11,-0.078
2025-12-12,-0.049
2025-12-15,-0.057
2025-12-16,-0.007
2025-12-17,-0.12
2025-12-18,-0.054
2025-12-19,-0.058
2025-12-22,-0.052
2025-12-23,-0.044
2025-12-24,-0.065
2025-12-25,-0.065
2025-12-26,-0.077
2025-12-29,-0.078
2025-12-30,-0.021
2025-12-31,-0.055
2026-01-01,-0.056
2026-01-02,-0.047
2026-01-05,-0.042
2026-01-06,-0.058
2026-01-07,-0.071
2026-01-08,-0.073
2026-01-09,-0.075
2026-01-12,-0.086
2026-01-13,-0.125
2026-01-14,-0.13
2026-01-15,-0.09
2026-01-16,-0.09
2026-01-19,-0.087
2026-01-20,-0.091
2026-01-21,-0.155
2026-01-22,-0.098
2026-01-23,-0.096
2026-01-26,-0.144
2026-01-27,-0.134
2026-01-28,-0.086
2026-01-29,-0.091
2026-01-30,-0.083
2026-02-02,-0.093
2026-02-03,-0.102
2026-02-04,-0.129
2026-02-05,-0.069
2026-02-06,-0.107
2026-02-09,-0.063
2026-02-10,-0.11
2026-02-11,-0.116
2026-02-12,-0.129
2026-02-13,-0.116
2026-02-16,-0.094
2026-02-17,-0.095
2026-02-18,-0.089
2026-02-19,-0.079
2026-02-20,-0.068
2026-02-23,-0.064
2026-02-24,-0.064
2026-02-25,-0.06
2026-02-26,-0.068
2026-02-27,-0.05
2026-03-02,-0.053
2026-03-03,-0.06
2026-03-04,-0.054
2026-03-05,-0.066
2026-03-06,-0.062
2026-03-09,-0.026
2026-03-10,-0.031
2026-03-11,-0.04
2026-03-12,-0.04
2026-03-13,-0.044
2026-03-16,-0.003
2026-03-17,-0.017
2026-03-18,-0.061
2026-03-19,-0.058
2026-03-20,-0.063
2026-03-23,-0.062
2026-03-24,-0.009
2026-03-25,-0.016
2026-03-26,-0.026
2026-03-27,-0.011
2026-03-30,-0.01
2026-03-31,-0.027
2026-04-01,0.033
2026-04-02,0.039
2026-04-03,-0.048
2026-04-06,-0.062
2026-04-07,-0.046
2026-04-08,-0.037
2026-04-09,-0.045
2026-04-10,-0.048
2026-04-13,-0.045
2026-04-14,0.012
2026-04-15,0.007
2026-04-16,-0.002
2026-04-17,-0.024
2026-04-20,-0.046
2026-04-21,-0.05
2026-04-22,-0.052
2026-04-23,-0.042
2026-04-24,-0.04
2026-04-27,0.004
2026-04-28,-0.005
2026-04-29,-0.008
2026-04-30,-0.007
2026-05-01,-0.038
2026-05-04,-0.054
2026-05-05,-0.057
2026-05-06,-0.075
2026-05-07,-0.097
2026-05-08,-0.099
2026-05-11,-0.102
2026-05-12,-0.107
2026-05-13,-0.077
2026-05-14,-0.084
2026-05-15,-0.083
2026-05-18,-0.076
2026-05-19,-0.077
2026-05-20,-0.078
2026-05-21,-0.105
2026-05-22,-0.076
2026-05-25,-0.071
2026-05-26,-0.071
2026-05-27,-0.078
2026-05-28,-0.078
2026-05-29,-0.07
2026-06-01,-0.107
2026-06-02,-0.104
2026-06-03,-0.103
2026-06-04,-0.09
2026-06-05,-0.083
2026-06-08,-0.128
2026-06-09,-0.133
2026-06-10,-0.083
2026-06-11,-0.06
2026-06-12,-0.062
2026-06-15,-0.06
2026-06-16,-0.068
2026-06-17,-0.088
2026-06-18,-0.083
2026-06-19,-0.047
2026-06-22,-0.079
2026-06-23,-0.071
2026-06-24,-0.073
2026-06-25,-0.068
2026-06-26,-0.065
2026-06-29,-0.079
2026-06-30,-0.036
2026-07-01,-0.052
2026-07-02,-0.032
2026-07-03,-0.06
2026-07-06,-0.108
2026-07-07,-0.126
2026-07-08,-0.105
2026-07-09,-0.088
2026-07-10,-0.088
2026-07-13,-0.107
2026-07-14,-0.085
2026-07-15,-0.082
2026-07-16,-0.015
2026-07-17,-0.097
2026-07-20,-0.103
2026-07-21,-0.118
2026-07-22,-0.133
2026-07-23,-0.132
2026-07-24,-0.141
2026-07-27,-0.114
2026-07-28,-0.143
2026-07-29,-0.036
2026-07-30,-0.033
2026-07-31,-0.034
2026-08-03,-0.06
2026-08-04,-0.066
2026-08-05,-0.087
2026-08-06,-0.106
2026-08-07,-0.089
2026-08-10,-0.062
2026-08-11,-0.135
2026-08-12,-0.124
2026-08-13,-0.12
2026-08-14,-0.104
2026-08-17,-0.125
2026-08-18,-0.119
2026-08-19,-0.094
2026-08-20,-0.12
2026-08-21,-0.127
2026-08-24,-0.124
2026-08-25,-0.12
2026-08-26,-0.117
2026-08-27,-0.112
2026-08-28,-0.121
2026-08-31,-0.119
2026-09-01,-0.133
2026-09-02,-0.151
2026-09-03,-0.141
2026-09-04,-0.147
2026-09-07,-0.141
2026-09-08,-0.159
2026-09-09,-0.159
2026-09-10,-0.126
2026-09-11,-0.184
2026-09-14,-0.193
2026-09-15,-0.205
2026-09-16,-0.216
2026-09-17,-0.215
2026-09-18,-0.225
2026-09-21,-0.133
2026-09-22,-0.145
2026-09-23,-0.166
2026-09-24,-0.177
2026-09-25,-0.177
2026-09-28,-0.139
2026-09-29,-0.185
2026-09-30,-0.153
2026-10-01,-0.09
2026-10-02,-0.087
2026-10-05,-0.134
2026-10-06,-0.152
