date,value
2000-01-03,2.14
2000-01-04,2.421
2000-01-05,2.297
2000-01-06,2.292
2000-01-07,2.005
2000-01-10,1.955
2000-01-11,1.89
2000-01-12,1.914
2000-01-13,1.891
2000-01-14,1.647
2000-01-18,1.7
2000-01-19,1.865
2000-01-20,1.641
2000-01-21,1.498
2000-01-24,1.705
2000-01-25,1.444
2000-01-26,1.456
2000-01-27,1.296
2000-01-28,1.594
2000-01-31,1.586
2000-02-01,1.57
2000-02-02,1.56
2000-02-03,1.796
2000-02-04,1.436
2000-02-07,1.444
2000-02-08,1.236
2000-02-09,1.488
2000-02-10,1.326
2000-02-11,1.408
2000-02-14,1.499
2000-02-15,1.246
2000-02-16,1.49
2000-02-17,1.426
2000-02-18,1.723
2000-02-22,1.868
2000-02-23,1.566
2000-02-24,1.654
2000-02-25,1.734
2000-02-28,1.657
2000-02-29,1.597
2000-03-01,1.732
2000-03-02,1.541
2000-03-03,1.284
2000-03-06,1.512
2000-03-07,1.909
2000-03-08,2.019
2000-03-09,1.978
2000-03-10,1.83
2000-03-13,2.153
2000-03-14,2.392
2000-03-15,2.191
2000-03-16,1.981
2000-03-17,1.902
2000-03-20,1.974
2000-03-21,1.625
2000-03-22,1.623
2000-03-23,1.695
2000-03-24,1.888
2000-03-27,2.079
2000-03-28,2.212
2000-03-29,2.224
2000-03-30,2.609
2000-03-31,2.971
2000-04-03,2.848
2000-04-04,3.008
2000-04-05,3.158
2000-04-06,2.743
2000-04-07,2.373
2000-04-10,2.654
2000-04-11,2.669
2000-04-12,3.022
2000-04-13,3.042
2000-04-14,4.116
2000-04-17,3.491
2000-04-18,3.003
2000-04-19,3.03
2000-04-20,2.877
2000-04-24,3.01
2000-04-25,2.652
2000-04-26,2.884
2000-04-27,2.854
2000-04-28,2.934
2000-05-01,2.956
2000-05-02,3.207
2000-05-03,3.524
2000-05-04,3.662
2000-05-05,3.53
2000-05-08,3.547
2000-05-09,3.459
2000-05-10,3.508
2000-05-11,3.493
2000-05-12,3.411
2000-05-15,3.323
2000-05-16,2.952
2000-05-17,3.393
2000-05-18,3.703
2000-05-19,4.086
2000-05-22,4.148
2000-05-23,4.377
2000-05-24,4.205
2000-05-25,4.597
2000-05-26,4.754
2000-05-30,4.715
2000-05-31,5.007
2000-06-01,4.564
2000-06-02,4.352
2000-06-05,4.235
2000-06-06,4.222
2000-06-07,4.414
2000-06-08,4.3
2000-06-09,4.185
2000-06-12,4.281
2000-06-13,4.103
2000-06-14,4.108
2000-06-15,3.977
2000-06-16,4.146
2000-06-19,4.051
2000-06-20,4.192
2000-06-21,4.053
2000-06-22,4.241
2000-06-23,4.255
2000-06-26,4.169
2000-06-27,4.137
2000-06-28,3.956
2000-06-29,4.177
2000-06-30,4.302
2000-07-03,4.1
2000-07-05,3.946
2000-07-06,3.904
2000-07-07,3.564
2000-07-10,3.551
2000-07-11,3.457
2000-07-12,3.153
2000-07-13,3.107
2000-07-14,3.098
2000-07-17,3.165
2000-07-18,3.075
2000-07-19,2.973
2000-07-20,2.877
2000-07-21,2.918
2000-07-24,2.913
2000-07-25,2.807
2000-07-26,2.849
2000-07-27,2.927
2000-07-28,3.165
2000-07-31,3.23
2000-08-01,3.083
2000-08-02,3.097
2000-08-03,3.106
2000-08-04,3.03
2000-08-07,2.904
2000-08-08,2.706
2000-08-09,2.799
2000-08-10,2.592
2000-08-11,2.545
2000-08-14,2.411
2000-08-15,2.412
2000-08-16,2.491
2000-08-17,2.545
2000-08-18,2.469
2000-08-21,2.36
2000-08-22,2.498
2000-08-23,2.482
2000-08-24,2.487
2000-08-25,2.529
2000-08-28,2.443
2000-08-29,2.429
2000-08-30,2.534
2000-08-31,2.428
2000-09-01,2.507
2000-09-05,2.652
2000-09-06,2.856
2000-09-07,2.95
2000-09-08,2.817
2000-09-11,2.727
2000-09-12,2.721
2000-09-13,2.731
2000-09-14,2.704
2000-09-15,2.855
2000-09-18,2.854
2000-09-19,2.748
2000-09-20,2.832
2000-09-21,2.858
2000-09-22,2.989
2000-09-25,2.992
2000-09-26,3.069
2000-09-27,2.971
2000-09-28,2.979
2000-09-29,3.229
2000-10-02,3.241
2000-10-03,3.215
2000-10-04,3.156
2000-10-05,3.125
2000-10-06,3.362
2000-10-09,3.402
2000-10-10,3.755
2000-10-11,3.983
2000-10-12,4.592
2000-10-13,4.355
2000-10-16,4.103
2000-10-17,4.158
2000-10-18,4.483
2000-10-19,3.944
2000-10-20,3.864
2000-10-23,3.852
2000-10-24,3.778
2000-10-25,3.781
2000-10-26,3.966
2000-10-27,3.827
2000-10-30,3.645
2000-10-31,3.532
2000-11-01,3.591
2000-11-02,3.506
2000-11-03,3.585
2000-11-06,3.43
2000-11-07,3.503
2000-11-08,3.621
2000-11-09,3.857
2000-11-10,3.96
2000-11-13,3.852
2000-11-14,3.455
2000-11-15,3.428
2000-11-16,3.489
2000-11-17,3.489
2000-11-20,3.719
2000-11-21,3.682
2000-11-22,3.824
2000-11-24,3.6
2000-11-27,3.793
2000-11-28,3.855
2000-11-29,4.084
2000-11-30,4.505
2000-12-01,4.457
2000-12-04,4.633
2000-12-05,4.509
2000-12-06,4.406
2000-12-07,4.309
2000-12-08,4.217
2000-12-11,4.182
2000-12-12,4.075
2000-12-13,4.071
2000-12-14,4.086
2000-12-15,4.13
2000-12-18,4.324
2000-12-19,4.323
2000-12-20,4.982
2000-12-21,5.303
2000-12-22,5.319
2000-12-26,4.759
2000-12-27,4.638
2000-12-28,4.491
2000-12-29,4.537
2001-01-02,5.109
2001-01-03,4.854
2001-01-04,4.573
2001-01-05,4.963
2001-01-08,4.731
2001-01-09,4.392
2001-01-10,4.3
2001-01-11,4.171
2001-01-12,3.935
2001-01-16,4.07
2001-01-17,3.916
2001-01-18,3.782
2001-01-19,3.694
2001-01-22,3.676
2001-01-23,3.415
2001-01-24,3.461
2001-01-25,3.478
2001-01-26,3.47
2001-01-29,3.293
2001-01-30,3.387
2001-01-31,3.153
2001-02-01,3.551
2001-02-02,3.631
2001-02-05,3.548
2001-02-06,3.539
2001-02-07,3.454
2001-02-08,3.405
2001-02-09,3.522
2001-02-12,3.518
2001-02-13,3.468
2001-02-14,3.586
2001-02-15,3.508
2001-02-16,3.706
2001-02-20,3.814
2001-02-21,4.024
2001-02-22,4.057
2001-02-23,4.408
2001-02-26,4.096
2001-02-27,3.992
2001-02-28,4.041
2001-03-01,4.11
2001-03-02,4.176
2001-03-05,4.007
2001-03-06,3.804
2001-03-07,3.744
2001-03-08,3.731
2001-03-09,3.698
2001-03-12,4.432
2001-03-13,4.099
2001-03-14,4.63
2001-03-15,4.438
2001-03-16,4.593
2001-03-19,4.465
2001-03-20,4.555
2001-03-21,4.87
2001-03-22,5.317
2001-03-23,4.898
2001-03-26,4.941
2001-03-27,4.46
2001-03-28,4.795
2001-03-29,5.039
2001-03-30,4.894
2001-04-02,5.127
2001-04-03,5.838
2001-04-04,5.959
2001-04-05,5.521
2001-04-06,5.948
2001-04-09,5.819
2001-04-10,5.501
2001-04-11,5.067
2001-04-12,4.917
2001-04-16,4.675
2001-04-17,4.591
2001-04-18,4.521
2001-04-19,4.03
2001-04-20,4.37
2001-04-23,4.673
2001-04-24,4.488
2001-04-25,4.212
2001-04-26,4.154
2001-04-27,3.779
2001-04-30,3.534
2001-05-01,3.371
2001-05-02,3.326
2001-05-03,3.467
2001-05-04,3.317
2001-05-07,3.395
2001-05-08,3.106
2001-05-09,3.035
2001-05-10,2.927
2001-05-11,2.855
2001-05-14,3.058
2001-05-15,3.042
2001-05-16,2.666
2001-05-17,2.586
2001-05-18,2.459
2001-05-21,2.361
2001-05-22,2.351
2001-05-23,2.585
2001-05-24,2.427
2001-05-25,2.462
2001-05-29,2.41
2001-05-30,2.557
2001-05-31,2.67
2001-06-01,2.439
2001-06-04,2.279
2001-06-05,2.245
2001-06-06,2.385
2001-06-07,2.301
2001-06-08,2.283
2001-06-11,2.437
2001-06-12,2.541
2001-06-13,2.625
2001-06-14,2.837
2001-06-15,2.959
2001-06-18,3.113
2001-06-19,3.065
2001-06-20,2.954
2001-06-21,2.803
2001-06-22,2.93
2001-06-25,2.931
2001-06-26,2.852
2001-06-27,2.847
2001-06-28,2.752
2001-06-29,2.76
2001-07-02,2.661
2001-07-03,2.565
2001-07-05,2.757
2001-07-06,2.998
2001-07-09,2.982
2001-07-10,3.198
2001-07-11,3.356
2001-07-12,3.168
2001-07-13,3.051
2001-07-16,3.135
2001-07-17,3.147
2001-07-18,3.353
2001-07-19,3.233
2001-07-20,3.212
2001-07-23,3.25
2001-07-24,3.351
2001-07-25,3.22
2001-07-26,3.046
2001-07-27,2.811
2001-07-30,2.707
2001-07-31,2.68
2001-08-01,2.571
2001-08-02,2.567
2001-08-03,2.576
2001-08-06,2.637
2001-08-07,2.532
2001-08-08,2.73
2001-08-09,2.796
2001-08-10,2.693
2001-08-13,2.703
2001-08-14,2.699
2001-08-15,2.861
2001-08-16,2.894
2001-08-17,3.133
2001-08-20,3.06
2001-08-21,3.222
2001-08-22,3.022
2001-08-23,2.988
2001-08-24,2.714
2001-08-27,2.779
2001-08-28,2.888
2001-08-29,2.883
2001-08-30,3.145
2001-08-31,3.078
2001-09-04,2.961
2001-09-05,3.106
2001-09-06,3.407
2001-09-07,3.824
2001-09-10,3.722
2001-09-17,6.282
2001-09-18,6.252
2001-09-19,6.447
2001-09-20,6.739
2001-09-21,6.911
2001-09-24,6.641
2001-09-25,6.258
2001-09-26,6.05
2001-09-27,5.944
2001-09-28,5.67
2001-10-01,5.645
2001-10-02,5.595
2001-10-03,5.455
2001-10-04,5.391
2001-10-05,5.418
2001-10-08,5.532
2001-10-09,5.434
2001-10-10,5.05
2001-10-11,4.82
2001-10-12,5.113
2001-10-15,5.068
2001-10-16,4.872
2001-10-17,4.933
2001-10-18,4.975
2001-10-19,4.903
2001-10-22,4.727
2001-10-23,4.559
2001-10-24,4.208
2001-10-25,4.076
2001-10-26,3.919
2001-10-29,4.25
2001-10-30,4.524
2001-10-31,4.462
2001-11-01,4.279
2001-11-02,4.199
2001-11-05,4
2001-11-06,3.865
2001-11-07,3.806
2001-11-08,3.739
2001-11-09,3.658
2001-11-12,3.862
2001-11-13,3.514
2001-11-14,3.564
2001-11-15,3.591
2001-11-16,3.648
2001-11-19,3.528
2001-11-20,3.562
2001-11-21,3.631
2001-11-23,3.596
2001-11-26,3.662
2001-11-27,3.679
2001-11-28,4.101
2001-11-29,3.981
2001-11-30,4.03
2001-12-03,3.996
2001-12-04,3.741
2001-12-05,3.466
2001-12-06,3.685
2001-12-07,3.736
2001-12-10,3.9
2001-12-11,3.763
2001-12-12,3.767
2001-12-13,3.899
2001-12-14,3.849
2001-12-17,3.712
2001-12-18,3.836
2001-12-19,3.738
2001-12-20,3.786
2001-12-21,3.69
2001-12-24,3.456
2001-12-26,3.308
2001-12-27,3.296
2001-12-28,3.127
2001-12-31,2.977
2002-01-02,2.93
2002-01-03,2.659
2002-01-04,2.498
2002-01-07,2.4
2002-01-08,2.353
2002-01-09,2.371
2002-01-10,2.379
2002-01-11,2.436
2002-01-14,2.53
2002-01-15,2.444
2002-01-16,2.568
2002-01-17,2.574
2002-01-18,2.636
2002-01-22,2.696
2002-01-23,2.571
2002-01-24,2.249
2002-01-25,2.24
2002-01-28,2.206
2002-01-29,2.584
2002-01-30,2.545
2002-01-31,2.256
2002-02-01,2.282
2002-02-04,2.655
2002-02-05,2.709
2002-02-06,2.831
2002-02-07,2.807
2002-02-08,2.582
2002-02-11,2.605
2002-02-12,2.562
2002-02-13,2.369
2002-02-14,2.356
2002-02-15,2.452
2002-02-19,2.652
2002-02-20,2.506
2002-02-21,2.607
2002-02-22,2.674
2002-02-25,2.484
2002-02-26,2.488
2002-02-27,2.414
2002-02-28,2.283
2002-03-01,2
2002-03-04,1.955
2002-03-05,1.953
2002-03-06,1.906
2002-03-07,1.985
2002-03-08,1.897
2002-03-11,1.946
2002-03-12,1.99
2002-03-13,1.874
2002-03-14,1.836
2002-03-15,1.703
2002-03-18,1.717
2002-03-19,1.641
2002-03-20,1.726
2002-03-21,1.765
2002-03-22,1.719
2002-03-25,1.741
2002-03-26,1.736
2002-03-27,1.77
2002-03-28,1.581
2002-04-01,1.632
2002-04-02,1.787
2002-04-03,1.853
2002-04-04,1.848
2002-04-05,1.881
2002-04-08,1.962
2002-04-09,1.998
2002-04-10,1.857
2002-04-11,2.196
2002-04-12,2.159
2002-04-15,2.163
2002-04-16,1.888
2002-04-17,1.881
2002-04-18,1.907
2002-04-19,1.851
2002-04-22,1.99
2002-04-23,2.057
2002-04-24,2.125
2002-04-25,2.198
2002-04-26,2.354
2002-04-29,2.539
2002-04-30,2.335
2002-05-01,2.185
2002-05-02,2.158
2002-05-03,2.316
2002-05-06,2.511
2002-05-07,2.483
2002-05-08,2.15
2002-05-09,2.256
2002-05-10,2.413
2002-05-13,2.239
2002-05-14,2
2002-05-15,1.958
2002-05-16,1.86
2002-05-17,1.863
2002-05-20,2.059
2002-05-21,2.105
2002-05-22,2.148
2002-05-23,2.029
2002-05-24,1.979
2002-05-28,2.116
2002-05-29,2.156
2002-05-30,2.271
2002-05-31,1.932
2002-06-03,2.2
2002-06-04,2.334
2002-06-05,2.226
2002-06-06,2.444
2002-06-07,2.494
2002-06-10,2.469
2002-06-11,2.502
2002-06-12,2.549
2002-06-13,2.685
2002-06-14,2.925
2002-06-17,2.615
2002-06-18,2.633
2002-06-19,2.946
2002-06-20,3.166
2002-06-21,3.316
2002-06-24,3.426
2002-06-25,3.542
2002-06-26,4.206
2002-06-27,3.955
2002-06-28,3.884
2002-07-01,3.655
2002-07-02,3.973
2002-07-03,4.1
2002-07-05,3.618
2002-07-08,3.879
2002-07-09,4.038
2002-07-10,4.373
2002-07-11,4.518
2002-07-12,4.472
2002-07-15,4.879
2002-07-16,5.111
2002-07-17,4.999
2002-07-18,5.022
2002-07-19,5.568
2002-07-22,6.063
2002-07-23,6.257
2002-07-24,6.406
2002-07-25,6.337
2002-07-26,6.138
2002-07-29,5.464
2002-07-30,5.49
2002-07-31,5.167
2002-08-01,5.562
2002-08-02,5.962
2002-08-05,6.43
2002-08-06,6.131
2002-08-07,6.028
2002-08-08,5.618
2002-08-09,5.548
2002-08-12,5.797
2002-08-13,5.838
2002-08-14,5.49
2002-08-15,5.364
2002-08-16,5.219
2002-08-19,4.918
2002-08-20,5.001
2002-08-21,4.766
2002-08-22,4.496
2002-08-23,4.561
2002-08-26,4.549
2002-08-27,4.64
2002-08-28,4.919
2002-08-29,5.053
2002-08-30,4.947
2002-09-03,5.978
2002-09-04,5.76
2002-09-05,5.934
2002-09-06,5.537
2002-09-09,5.537
2002-09-10,5.319
2002-09-11,5.175
2002-09-12,5.539
2002-09-13,5.368
2002-09-16,5.368
2002-09-17,5.544
2002-09-18,5.861
2002-09-19,6.324
2002-09-20,6.256
2002-09-23,6.61
2002-09-24,6.918
2002-09-25,6.442
2002-09-26,6.146
2002-09-27,6.381
2002-09-30,6.976
2002-10-01,6.422
2002-10-02,6.626
2002-10-03,6.806
2002-10-04,7.131
2002-10-07,7.441
2002-10-08,7.306
2002-10-09,7.733
2002-10-10,7.251
2002-10-11,6.688
2002-10-14,6.756
2002-10-15,6.055
2002-10-16,6.37
2002-10-17,6.008
2002-10-18,6.045
2002-10-21,5.897
2002-10-22,6.14
2002-10-23,5.971
2002-10-24,5.889
2002-10-25,5.628
2002-10-28,5.785
2002-10-29,6.002
2002-10-30,5.789
2002-10-31,5.714
2002-11-01,5.667
2002-11-04,5.454
2002-11-05,5.367
2002-11-06,5.129
2002-11-07,5.317
2002-11-08,5.441
2002-11-11,5.659
2002-11-12,5.587
2002-11-13,5.492
2002-11-14,5.092
2002-11-15,4.932
2002-11-18,4.864
2002-11-19,4.734
2002-11-20,4.417
2002-11-21,4.044
2002-11-22,3.951
2002-11-25,3.839
2002-11-26,4.083
2002-11-27,3.785
2002-11-29,3.814
2002-12-02,3.761
2002-12-03,4.048
2002-12-04,4.118
2002-12-05,4.326
2002-12-06,4.309
2002-12-09,4.621
2002-12-10,4.365
2002-12-11,4.246
2002-12-12,4.426
2002-12-13,4.613
2002-12-16,4.363
2002-12-17,4.516
2002-12-18,4.786
2002-12-19,5.068
2002-12-20,4.743
2002-12-23,4.781
2002-12-24,4.866
2002-12-26,4.928
2002-12-27,5.302
2002-12-30,5.27
2002-12-31,4.871
2003-01-02,4.235
2003-01-03,4.288
2003-01-06,4.113
2003-01-07,3.96
2003-01-08,4.171
2003-01-09,3.899
2003-01-10,3.889
2003-01-13,3.754
2003-01-14,3.583
2003-01-15,3.692
2003-01-16,3.821
2003-01-17,4.096
2003-01-21,4.351
2003-01-22,4.622
2003-01-23,4.485
2003-01-24,4.86
2003-01-27,5.303
2003-01-28,5.111
2003-01-29,4.975
2003-01-30,4.951
2003-01-31,4.642
2003-02-03,4.504
2003-02-04,5
2003-02-05,4.695
2003-02-06,4.844
2003-02-07,4.879
2003-02-10,4.591
2003-02-11,4.488
2003-02-12,4.444
2003-02-13,4.682
2003-02-14,4.302
2003-02-18,3.786
2003-02-19,4.028
2003-02-20,4.159
2003-02-21,3.93
2003-02-24,4.326
2003-02-25,4.392
2003-02-26,4.543
2003-02-27,4.199
2003-02-28,4.127
2003-03-03,4.186
2003-03-04,4.403
2003-03-05,4.395
2003-03-06,4.409
2003-03-07,4.436
2003-03-10,4.866
2003-03-11,4.858
2003-03-12,4.925
2003-03-13,4.127
2003-03-14,3.945
2003-03-17,3.841
2003-03-18,3.755
2003-03-19,3.626
2003-03-20,3.462
2003-03-21,2.802
2003-03-24,3.388
2003-03-25,3.235
2003-03-26,3.156
2003-03-27,3.095
2003-03-28,3.165
2003-03-31,3.675
2003-04-01,3.36
2003-04-02,2.821
2003-04-03,2.573
2003-04-04,2.436
2003-04-07,2.189
2003-04-08,2.144
2003-04-09,2.271
2003-04-10,2.224
2003-04-11,2.098
2003-04-14,1.824
2003-04-15,1.622
2003-04-16,1.587
2003-04-17,1.485
2003-04-21,1.531
2003-04-22,1.441
2003-04-23,1.299
2003-04-24,1.419
2003-04-25,1.545
2003-04-28,1.329
2003-04-29,1.307
2003-04-30,1.293
2003-05-01,1.353
2003-05-02,1.183
2003-05-05,1.201
2003-05-06,1.274
2003-05-07,1.336
2003-05-08,1.635
2003-05-09,1.339
2003-05-12,1.434
2003-05-13,1.384
2003-05-14,1.346
2003-05-15,1.282
2003-05-16,1.496
2003-05-19,2.157
2003-05-20,2.27
2003-05-21,2.424
2003-05-22,2.139
2003-05-23,2.15
2003-05-27,2.028
2003-05-28,1.812
2003-05-29,1.989
2003-05-30,1.627
2003-06-02,1.585
2003-06-03,1.576
2003-06-04,1.286
2003-06-05,1.629
2003-06-06,1.19
2003-06-09,1.376
2003-06-10,1.046
2003-06-11,1.022
2003-06-12,0.973
2003-06-13,1.012
2003-06-16,0.88
2003-06-17,0.936
2003-06-18,0.68
2003-06-19,0.775
2003-06-20,0.516
2003-06-23,0.725
2003-06-24,0.562
2003-06-25,0.679
2003-06-26,0.183
2003-06-27,0.222
2003-06-30,0.434
2003-07-01,0.562
2003-07-02,0.44
2003-07-03,0.417
2003-07-07,0.071
2003-07-08,0.054
2003-07-09,0.063
2003-07-10,0.102
2003-07-11,-0.061
2003-07-14,-0.15
2003-07-15,-0.342
2003-07-16,-0.082
2003-07-17,-0.02
2003-07-18,-0.089
2003-07-21,0.153
2003-07-22,0.053
2003-07-23,0.201
2003-07-24,0.13
2003-07-25,0.121
2003-07-28,0.161
2003-07-29,0.287
2003-07-30,0.197
2003-07-31,0.222
2003-08-01,0.337
2003-08-04,0.662
2003-08-05,0.697
2003-08-06,0.816
2003-08-07,0.674
2003-08-08,0.54
2003-08-11,0.588
2003-08-12,0.348
2003-08-13,0.527
2003-08-14,0.392
2003-08-15,0.34
2003-08-18,0.024
2003-08-19,-0.135
2003-08-20,-0.109
2003-08-21,-0.358
2003-08-22,-0.338
2003-08-25,-0.305
2003-08-26,-0.219
2003-08-27,-0.223
2003-08-28,-0.346
2003-08-29,-0.245
2003-09-02,-0.534
2003-09-03,-0.595
2003-09-04,-0.612
2003-09-05,-0.375
2003-09-08,-0.502
2003-09-09,-0.205
2003-09-10,-0.146
2003-09-11,-0.243
2003-09-12,-0.205
2003-09-15,-0.29
2003-09-16,-0.527
2003-09-17,-0.416
2003-09-18,-0.618
2003-09-19,-0.429
2003-09-22,0.098
2003-09-23,0.025
2003-09-24,0.27
2003-09-25,0.431
2003-09-26,0.417
2003-09-29,0.469
2003-09-30,0.849
2003-10-01,0.685
2003-10-02,0.55
2003-10-03,0.016
2003-10-06,0.191
2003-10-07,0.232
2003-10-08,0.254
2003-10-09,-0.007
2003-10-10,0.041
2003-10-13,-0.121
2003-10-14,-0.147
2003-10-15,-0.323
2003-10-16,-0.439
2003-10-17,-0.278
2003-10-20,-0.384
2003-10-21,-0.283
2003-10-22,0.104
2003-10-23,0.112
2003-10-24,0.188
2003-10-27,0.099
2003-10-28,-0.225
2003-10-29,-0.326
2003-10-30,-0.487
2003-10-31,-0.52
2003-11-03,-0.888
2003-11-04,-0.762
2003-11-05,-0.766
2003-11-06,-0.902
2003-11-07,-0.792
2003-11-10,-0.747
2003-11-11,-0.649
2003-11-12,-0.628
2003-11-13,-0.501
2003-11-14,-0.334
2003-11-17,-0.163
2003-11-18,0.26
2003-11-19,0.049
2003-11-20,0.186
2003-11-21,0.089
2003-11-24,-0.431
2003-11-25,-0.46
2003-11-26,-0.365
2003-11-28,-0.443
2003-12-01,-0.463
2003-12-02,-0.354
2003-12-03,-0.429
2003-12-04,-0.516
2003-12-05,-0.342
2003-12-08,-0.336
2003-12-09,-0.34
2003-12-10,-0.349
2003-12-11,-0.531
2003-12-12,-0.429
2003-12-15,-0.43
2003-12-16,-0.492
2003-12-17,-0.359
2003-12-18,-0.399
2003-12-19,-0.506
2003-12-22,-0.481
2003-12-23,-0.519
2003-12-24,-0.454
2003-12-26,-0.501
2003-12-29,-0.526
2003-12-30,-0.441
2003-12-31,-0.36
2004-01-02,-0.925
2004-01-05,-0.901
2004-01-06,-0.93
2004-01-07,-1.148
2004-01-08,-1.219
2004-01-09,-1.017
2004-01-12,-1.136
2004-01-13,-0.971
2004-01-14,-1.248
2004-01-15,-1.481
2004-01-16,-1.74
2004-01-20,-1.558
2004-01-21,-1.667
2004-01-22,-1.555
2004-01-23,-1.687
2004-01-26,-1.778
2004-01-27,-1.514
2004-01-28,-1.483
2004-01-29,-1.406
2004-01-30,-1.301
2004-02-02,-1.304
2004-02-03,-1.166
2004-02-04,-1.103
2004-02-05,-1.071
2004-02-06,-1.02
2004-02-09,-1.141
2004-02-10,-1.274
2004-02-11,-1.332
2004-02-12,-1.356
2004-02-13,-1.389
2004-02-17,-1.461
2004-02-18,-1.597
2004-02-19,-1.659
2004-02-20,-1.856
2004-02-23,-1.729
2004-02-24,-1.472
2004-02-25,-1.684
2004-02-26,-1.894
2004-02-27,-1.86
2004-03-01,-1.97
2004-03-02,-2.185
2004-03-03,-2.147
2004-03-04,-2.254
2004-03-05,-2.113
2004-03-08,-2.043
2004-03-09,-1.994
2004-03-10,-2.06
2004-03-11,-1.458
2004-03-12,-1.621
2004-03-15,-1.283
2004-03-16,-1.266
2004-03-17,-1.558
2004-03-18,-1.377
2004-03-19,-1.422
2004-03-22,-0.98
2004-03-23,-1.046
2004-03-24,-1.172
2004-03-25,-1.434
2004-03-26,-1.539
2004-03-29,-1.741
2004-03-30,-1.711
2004-03-31,-1.341
2004-04-01,-1.509
2004-04-02,-1.897
2004-04-05,-2.006
2004-04-06,-1.964
2004-04-07,-1.803
2004-04-08,-1.963
2004-04-12,-2.02
2004-04-13,-2.185
2004-04-14,-2.254
2004-04-15,-2.054
2004-04-16,-2.131
2004-04-19,-2.123
2004-04-20,-2.254
2004-04-21,-2.152
2004-04-22,-2.257
2004-04-23,-2.47
2004-04-26,-2.366
2004-04-27,-2.187
2004-04-28,-2.042
2004-04-29,-1.836
2004-04-30,-1.753
2004-05-03,-1.789
2004-05-04,-1.675
2004-05-05,-1.685
2004-05-06,-1.367
2004-05-07,-1.534
2004-05-10,-0.809
2004-05-11,-0.927
2004-05-12,-1.046
2004-05-13,-1.013
2004-05-14,-0.953
2004-05-17,-0.528
2004-05-18,-0.913
2004-05-19,-1.1
2004-05-20,-0.97
2004-05-21,-1.072
2004-05-24,-1.098
2004-05-25,-1.228
2004-05-26,-1.278
2004-05-27,-1.256
2004-05-28,-1.472
2004-06-01,-1.279
2004-06-02,-1.386
2004-06-03,-1.194
2004-06-04,-1.547
2004-06-07,-1.642
2004-06-08,-1.762
2004-06-09,-1.931
2004-06-10,-1.911
2004-06-14,-1.75
2004-06-15,-1.541
2004-06-16,-1.909
2004-06-17,-1.826
2004-06-18,-1.763
2004-06-21,-1.876
2004-06-22,-1.888
2004-06-23,-1.975
2004-06-24,-1.881
2004-06-25,-1.978
2004-06-28,-2.028
2004-06-29,-2.133
2004-06-30,-1.842
2004-07-01,-1.918
2004-07-02,-1.696
2004-07-06,-1.73
2004-07-07,-1.653
2004-07-08,-1.488
2004-07-09,-1.426
2004-07-12,-1.59
2004-07-13,-1.77
2004-07-14,-1.633
2004-07-15,-1.723
2004-07-16,-1.537
2004-07-19,-1.639
2004-07-20,-1.891
2004-07-21,-1.831
2004-07-22,-1.732
2004-07-23,-1.804
2004-07-26,-1.717
2004-07-27,-1.856
2004-07-28,-1.92
2004-07-29,-2.094
2004-07-30,-2.451
2004-08-02,-2.276
2004-08-03,-2.223
2004-08-04,-2.141
2004-08-05,-1.992
2004-08-06,-1.385
2004-08-09,-1.608
2004-08-10,-1.948
2004-08-11,-1.921
2004-08-12,-1.81
2004-08-13,-1.719
2004-08-16,-1.93
2004-08-17,-1.802
2004-08-18,-1.976
2004-08-19,-2.018
2004-08-20,-2.23
2004-08-23,-2.431
2004-08-24,-2.541
2004-08-25,-2.625
2004-08-26,-2.662
2004-08-27,-2.82
2004-08-30,-2.668
2004-08-31,-2.461
2004-09-01,-2.503
2004-09-02,-2.705
2004-09-03,-2.922
2004-09-07,-3.018
2004-09-08,-2.91
2004-09-09,-2.902
2004-09-10,-2.775
2004-09-13,-2.989
2004-09-14,-3.028
2004-09-15,-3.019
2004-09-16,-3.039
2004-09-17,-3.138
2004-09-20,-3.124
2004-09-21,-3.131
2004-09-22,-3.025
2004-09-23,-2.924
2004-09-24,-3.059
2004-09-27,-2.836
2004-09-28,-2.876
2004-09-29,-2.949
2004-09-30,-2.662
2004-10-01,-2.853
2004-10-04,-3.05
2004-10-05,-3.058
2004-10-06,-3.232
2004-10-07,-3.093
2004-10-08,-2.919
2004-10-11,-3.031
2004-10-12,-3.054
2004-10-13,-2.926
2004-10-14,-2.67
2004-10-15,-2.736
2004-10-18,-2.726
2004-10-19,-2.792
2004-10-20,-2.507
2004-10-21,-2.603
2004-10-22,-2.58
2004-10-25,-2.135
2004-10-26,-2.27
2004-10-27,-2.435
2004-10-28,-2.476
2004-10-29,-2.317
2004-11-01,-2.361
2004-11-02,-2.44
2004-11-03,-2.634
2004-11-04,-2.705
2004-11-05,-2.939
2004-11-08,-2.864
2004-11-09,-2.879
2004-11-10,-3.058
2004-11-11,-3.045
2004-11-12,-3.073
2004-11-15,-3.103
2004-11-16,-3.031
2004-11-17,-2.908
2004-11-18,-3.028
2004-11-19,-2.903
2004-11-22,-2.764
2004-11-23,-2.786
2004-11-24,-2.839
2004-11-26,-2.726
2004-11-29,-2.727
2004-11-30,-2.578
2004-12-01,-2.599
2004-12-02,-2.734
2004-12-03,-2.553
2004-12-06,-2.656
2004-12-07,-2.632
2004-12-08,-2.714
2004-12-09,-2.793
2004-12-10,-2.798
2004-12-13,-2.82
2004-12-14,-2.857
2004-12-15,-2.812
2004-12-16,-2.976
2004-12-17,-2.896
2004-12-20,-2.921
2004-12-21,-3.006
2004-12-22,-3.092
2004-12-23,-3.028
2004-12-27,-2.959
2004-12-28,-2.911
2004-12-29,-3.089
2004-12-30,-3.034
2004-12-31,-2.826
2005-01-03,-2.858
2005-01-04,-2.975
2005-01-05,-2.916
2005-01-06,-2.96
2005-01-07,-3.18
2005-01-10,-3.249
2005-01-11,-3.212
2005-01-12,-3.115
2005-01-13,-3.128
2005-01-14,-3.306
2005-01-18,-3.36
2005-01-19,-3.328
2005-01-20,-3.258
2005-01-21,-3.168
2005-01-24,-3.217
2005-01-25,-3.503
2005-01-26,-3.551
2005-01-27,-3.511
2005-01-28,-3.487
2005-01-31,-3.503
2005-02-01,-3.708
2005-02-02,-3.784
2005-02-03,-3.91
2005-02-04,-4.018
2005-02-07,-4.099
2005-02-08,-4.169
2005-02-09,-4.047
2005-02-10,-4.053
2005-02-11,-4.161
2005-02-14,-4.126
2005-02-15,-4.108
2005-02-16,-4.116
2005-02-17,-4.126
2005-02-18,-4.201
2005-02-22,-3.808
2005-02-23,-3.827
2005-02-24,-4.1
2005-02-25,-4.087
2005-02-28,-4.019
2005-03-01,-4.116
2005-03-02,-4.019
2005-03-03,-4.037
2005-03-04,-4.124
2005-03-07,-4.257
2005-03-08,-4.11
2005-03-09,-3.983
2005-03-10,-3.826
2005-03-11,-3.834
2005-03-14,-3.865
2005-03-15,-3.819
2005-03-16,-3.517
2005-03-17,-3.533
2005-03-18,-3.683
2005-03-21,-3.702
2005-03-22,-3.634
2005-03-23,-3.305
2005-03-24,-3.522
2005-03-28,-3.625
2005-03-29,-3.469
2005-03-30,-3.292
2005-03-31,-3.101
2005-04-01,-3.171
2005-04-04,-3.252
2005-04-05,-3.399
2005-04-06,-3.493
2005-04-07,-3.677
2005-04-08,-3.543
2005-04-11,-3.629
2005-04-12,-3.652
2005-04-13,-3.536
2005-04-14,-3.312
2005-04-15,-2.697
2005-04-18,-2.417
2005-04-19,-2.405
2005-04-20,-2.374
2005-04-21,-2.913
2005-04-22,-2.768
2005-04-25,-2.83
2005-04-26,-2.817
2005-04-27,-2.764
2005-04-28,-2.527
2005-04-29,-2.562
2005-05-02,-2.671
2005-05-03,-2.772
2005-05-04,-2.892
2005-05-05,-2.838
2005-05-06,-3.089
2005-05-09,-3.067
2005-05-10,-2.709
2005-05-11,-2.589
2005-05-12,-2.7
2005-05-13,-2.623
2005-05-16,-2.602
2005-05-17,-2.606
2005-05-18,-2.792
2005-05-19,-3.12
2005-05-20,-3.23
2005-05-23,-3.382
2005-05-24,-3.365
2005-05-25,-3.37
2005-05-26,-3.593
2005-05-27,-3.661
2005-05-31,-3.758
2005-06-01,-3.752
2005-06-02,-3.833
2005-06-03,-3.871
2005-06-06,-3.779
2005-06-07,-3.767
2005-06-08,-3.809
2005-06-09,-3.814
2005-06-10,-4.006
2005-06-13,-4.087
2005-06-14,-4.176
2005-06-15,-4.192
2005-06-16,-4.138
2005-06-17,-3.985
2005-06-20,-4.2
2005-06-21,-4.171
2005-06-22,-4.1
2005-06-23,-4.136
2005-06-24,-4.012
2005-06-27,-3.998
2005-06-28,-4.14
2005-06-29,-4.17
2005-06-30,-4.049
2005-07-01,-4.209
2005-07-05,-4.203
2005-07-06,-4.123
2005-07-07,-3.897
2005-07-08,-4.245
2005-07-11,-4.313
2005-07-12,-4.384
2005-07-13,-4.44
2005-07-14,-4.619
2005-07-15,-4.655
2005-07-18,-4.686
2005-07-19,-4.66
2005-07-20,-4.592
2005-07-21,-4.512
2005-07-22,-4.501
2005-07-25,-4.547
2005-07-26,-4.573
2005-07-27,-4.698
2005-07-28,-4.724
2005-07-29,-4.722
2005-08-01,-4.598
2005-08-02,-4.678
2005-08-03,-4.582
2005-08-04,-4.475
2005-08-05,-4.473
2005-08-08,-4.424
2005-08-09,-4.473
2005-08-10,-4.528
2005-08-11,-4.363
2005-08-12,-4.335
2005-08-15,-4.411
2005-08-16,-4.314
2005-08-17,-4.358
2005-08-18,-4.37
2005-08-19,-4.476
2005-08-22,-4.411
2005-08-23,-4.345
2005-08-24,-4.248
2005-08-25,-4.212
2005-08-26,-4.27
2005-08-29,-4.289
2005-08-30,-4.137
2005-08-31,-3.774
2005-09-01,-3.363
2005-09-02,-3.74
2005-09-06,-3.873
2005-09-07,-4.083
2005-09-08,-3.889
2005-09-09,-4.224
2005-09-12,-4.484
2005-09-13,-4.347
2005-09-14,-4.327
2005-09-15,-4.374
2005-09-16,-4.629
2005-09-19,-4.343
2005-09-20,-4.614
2005-09-21,-4.215
2005-09-22,-4.3
2005-09-23,-4.474
2005-09-26,-4.485
2005-09-27,-4.563
2005-09-28,-4.371
2005-09-29,-4.378
2005-09-30,-4.346
2005-10-03,-4.198
2005-10-04,-4.345
2005-10-05,-4.168
2005-10-06,-3.835
2005-10-07,-3.975
2005-10-10,-3.678
2005-10-11,-3.675
2005-10-12,-3.68
2005-10-13,-3.489
2005-10-14,-3.388
2005-10-17,-3.668
2005-10-18,-3.498
2005-10-19,-3.672
2005-10-20,-3.368
2005-10-21,-3.34
2005-10-24,-3.544
2005-10-25,-3.585
2005-10-26,-3.65
2005-10-27,-3.352
2005-10-28,-3.501
2005-10-31,-3.545
2005-11-01,-3.653
2005-11-02,-3.738
2005-11-03,-3.798
2005-11-04,-3.839
2005-11-07,-3.805
2005-11-08,-3.747
2005-11-09,-3.84
2005-11-10,-3.845
2005-11-11,-3.905
2005-11-14,-3.953
2005-11-15,-3.889
2005-11-16,-3.783
2005-11-17,-3.866
2005-11-18,-4.112
2005-11-21,-4.009
2005-11-22,-3.912
2005-11-23,-4.036
2005-11-25,-4.083
2005-11-28,-3.945
2005-11-29,-4.005
2005-11-30,-3.865
2005-12-01,-3.97
2005-12-02,-4.053
2005-12-05,-4.011
2005-12-06,-3.959
2005-12-07,-4.02
2005-12-08,-3.669
2005-12-09,-3.953
2005-12-12,-3.827
2005-12-13,-3.973
2005-12-14,-3.604
2005-12-15,-3.864
2005-12-16,-3.821
2005-12-19,-3.938
2005-12-20,-4.166
2005-12-21,-4.208
2005-12-22,-4.142
2005-12-23,-4.206
2005-12-27,-4.044
2005-12-28,-4.044
2005-12-29,-4.02
2005-12-30,-3.858
2006-01-03,-3.713
2006-01-04,-3.663
2006-01-05,-3.738
2006-01-06,-3.936
2006-01-09,-3.975
2006-01-10,-3.977
2006-01-11,-4.015
2006-01-12,-3.904
2006-01-13,-3.831
2006-01-17,-3.7
2006-01-18,-3.576
2006-01-19,-3.878
2006-01-20,-3.64
2006-01-23,-3.332
2006-01-24,-3.5
2006-01-25,-3.686
2006-01-26,-3.767
2006-01-27,-3.992
2006-01-30,-3.908
2006-01-31,-3.859
2006-02-01,-3.939
2006-02-02,-3.955
2006-02-03,-3.926
2006-02-06,-3.93
2006-02-07,-3.926
2006-02-08,-3.967
2006-02-09,-4.017
2006-02-10,-3.99
2006-02-13,-3.99
2006-02-14,-4.068
2006-02-15,-4.065
2006-02-16,-4.304
2006-02-17,-4.248
2006-02-21,-4.291
2006-02-22,-4.435
2006-02-23,-4.437
2006-02-24,-4.552
2006-02-27,-4.482
2006-02-28,-4.233
2006-03-01,-4.334
2006-03-02,-4.164
2006-03-03,-4.145
2006-03-06,-4.022
2006-03-07,-3.597
2006-03-08,-3.711
2006-03-09,-3.824
2006-03-10,-4.001
2006-03-13,-4.111
2006-03-14,-3.977
2006-03-15,-4.231
2006-03-16,-4.151
2006-03-17,-4.311
2006-03-20,-4.364
2006-03-21,-4.48
2006-03-22,-4.53
2006-03-23,-4.661
2006-03-24,-4.514
2006-03-27,-4.504
2006-03-28,-4.637
2006-03-29,-4.462
2006-03-30,-4.353
2006-03-31,-4.081
2006-04-03,-4.336
2006-04-04,-4.141
2006-04-05,-4.36
2006-04-06,-4.254
2006-04-07,-4.359
2006-04-10,-4.434
2006-04-11,-4.295
2006-04-12,-4.496
2006-04-13,-4.569
2006-04-17,-4.208
2006-04-18,-4.46
2006-04-19,-4.572
2006-04-20,-4.607
2006-04-21,-4.533
2006-04-24,-4.286
2006-04-25,-4.471
2006-04-26,-4.429
2006-04-27,-4.164
2006-04-28,-4.098
2006-05-01,-4.067
2006-05-02,-3.982
2006-05-03,-3.948
2006-05-04,-3.941
2006-05-05,-3.894
2006-05-08,-3.832
2006-05-09,-3.712
2006-05-10,-3.275
2006-05-11,-3.856
2006-05-12,-3.288
2006-05-15,-3.188
2006-05-16,-3.082
2006-05-17,-2.951
2006-05-18,-2.524
2006-05-19,-3.227
2006-05-22,-2.266
2006-05-23,-2.171
2006-05-24,-2.121
2006-05-25,-2.221
2006-05-26,-2.98
2006-05-30,-2.575
2006-05-31,-3.05
2006-06-01,-2.887
2006-06-02,-2.926
2006-06-05,-3.22
2006-06-06,-2.782
2006-06-07,-2.952
2006-06-08,-2.581
2006-06-09,-2.683
2006-06-12,-2.603
2006-06-13,-2.207
2006-06-14,-2.565
2006-06-15,-2.891
2006-06-16,-2.812
2006-06-19,-2.627
2006-06-20,-2.51
2006-06-21,-2.627
2006-06-22,-2.914
2006-06-23,-2.877
2006-06-26,-2.751
2006-06-27,-2.563
2006-06-28,-2.579
2006-06-29,-2.398
2006-06-30,-2.699
2006-07-03,-2.792
2006-07-05,-2.72
2006-07-06,-2.549
2006-07-07,-2.483
2006-07-10,-2.762
2006-07-11,-2.886
2006-07-12,-3.001
2006-07-13,-2.474
2006-07-14,-2.383
2006-07-17,-2.426
2006-07-18,-2.461
2006-07-19,-2.676
2006-07-20,-2.643
2006-07-21,-2.614
2006-07-24,-3.02
2006-07-25,-3.134
2006-07-26,-2.896
2006-07-27,-3.122
2006-07-28,-2.962
2006-07-31,-3.033
2006-08-01,-2.976
2006-08-02,-3.198
2006-08-03,-3.285
2006-08-04,-2.817
2006-08-07,-3.097
2006-08-08,-2.887
2006-08-09,-3.255
2006-08-10,-3.173
2006-08-11,-3.423
2006-08-14,-3.503
2006-08-15,-3.522
2006-08-16,-3.583
2006-08-17,-3.783
2006-08-18,-3.799
2006-08-21,-3.585
2006-08-22,-3.818
2006-08-23,-3.732
2006-08-24,-3.708
2006-08-25,-3.707
2006-08-28,-3.67
2006-08-29,-3.656
2006-08-30,-3.684
2006-08-31,-3.667
2006-09-01,-3.727
2006-09-05,-3.821
2006-09-06,-3.691
2006-09-07,-3.491
2006-09-08,-3.66
2006-09-11,-3.62
2006-09-12,-3.72
2006-09-13,-3.782
2006-09-14,-3.825
2006-09-15,-3.817
2006-09-18,-3.805
2006-09-19,-3.681
2006-09-20,-3.773
2006-09-21,-3.57
2006-09-22,-3.386
2006-09-25,-3.456
2006-09-26,-3.741
2006-09-27,-3.845
2006-09-28,-3.799
2006-09-29,-3.833
2006-10-02,-3.558
2006-10-03,-3.624
2006-10-04,-3.638
2006-10-05,-3.691
2006-10-06,-3.806
2006-10-09,-3.801
2006-10-10,-3.914
2006-10-11,-3.971
2006-10-12,-4.086
2006-10-13,-4.145
2006-10-16,-4.257
2006-10-17,-4.135
2006-10-18,-4.265
2006-10-19,-4.297
2006-10-20,-4.324
2006-10-23,-4.374
2006-10-24,-4.492
2006-10-25,-4.396
2006-10-26,-4.427
2006-10-27,-4.468
2006-10-30,-4.252
2006-10-31,-4.388
2006-11-01,-4.141
2006-11-02,-4.188
2006-11-03,-4.325
2006-11-06,-4.397
2006-11-07,-4.357
2006-11-08,-4.328
2006-11-09,-4.32
2006-11-10,-4.183
2006-11-13,-4.23
2006-11-14,-4.258
2006-11-15,-4.489
2006-11-16,-4.559
2006-11-17,-4.453
2006-11-20,-4.457
2006-11-21,-4.46
2006-11-22,-4.344
2006-11-24,-4.023
2006-11-27,-3.841
2006-11-28,-3.841
2006-11-29,-4.038
2006-11-30,-3.837
2006-12-01,-3.679
2006-12-04,-3.77
2006-12-05,-3.914
2006-12-06,-3.978
2006-12-07,-4.019
2006-12-08,-4.268
2006-12-11,-4.393
2006-12-12,-4.534
2006-12-13,-4.714
2006-12-14,-4.877
2006-12-15,-4.809
2006-12-18,-4.834
2006-12-19,-4.893
2006-12-20,-4.884
2006-12-21,-4.877
2006-12-22,-4.868
2006-12-26,-4.862
2006-12-27,-4.872
2006-12-28,-4.878
2006-12-29,-4.85
2007-01-03,-4.676
2007-01-04,-4.479
2007-01-05,-4.452
2007-01-08,-4.498
2007-01-09,-4.56
2007-01-10,-4.586
2007-01-11,-4.707
2007-01-12,-4.773
2007-01-16,-4.897
2007-01-17,-4.913
2007-01-18,-4.97
2007-01-19,-5.106
2007-01-22,-5.039
2007-01-23,-5.083
2007-01-24,-5.084
2007-01-25,-5.012
2007-01-26,-5.063
2007-01-29,-4.96
2007-01-30,-4.942
2007-01-31,-4.822
2007-02-01,-4.96
2007-02-02,-5.045
2007-02-05,-5.056
2007-02-06,-4.999
2007-02-07,-5.063
2007-02-08,-5.007
2007-02-09,-5.128
2007-02-12,-5.052
2007-02-13,-5.084
2007-02-14,-5.038
2007-02-15,-5.08
2007-02-16,-5.105
2007-02-20,-5.169
2007-02-21,-5.254
2007-02-22,-5.334
2007-02-23,-5.164
2007-02-26,-5.152
2007-02-27,-4.062
2007-02-28,-4.141
2007-03-01,-4.084
2007-03-02,-3.821
2007-03-05,-3.325
2007-03-06,-3.739
2007-03-07,-3.868
2007-03-08,-4.097
2007-03-09,-4.421
2007-03-12,-4.251
2007-03-13,-3.692
2007-03-14,-3.436
2007-03-15,-3.759
2007-03-16,-3.655
2007-03-19,-4.039
2007-03-20,-4.336
2007-03-21,-4.397
2007-03-22,-4.519
2007-03-23,-4.599
2007-03-26,-4.553
2007-03-27,-4.414
2007-03-28,-4.21
2007-03-29,-4.152
2007-03-30,-4.319
2007-04-02,-4.008
2007-04-03,-4.333
2007-04-04,-4.374
2007-04-05,-4.389
2007-04-09,-4.58
2007-04-10,-4.553
2007-04-11,-4.456
2007-04-12,-4.473
2007-04-13,-4.552
2007-04-16,-4.591
2007-04-17,-4.498
2007-04-18,-4.446
2007-04-19,-4.323
2007-04-20,-4.548
2007-04-23,-4.475
2007-04-24,-4.453
2007-04-25,-4.517
2007-04-26,-4.588
2007-04-27,-4.583
2007-04-30,-4.442
2007-05-01,-4.413
2007-05-02,-4.537
2007-05-03,-4.56
2007-05-04,-4.66
2007-05-07,-4.772
2007-05-08,-4.569
2007-05-09,-4.669
2007-05-10,-4.476
2007-05-11,-4.553
2007-05-14,-4.508
2007-05-15,-4.469
2007-05-16,-4.519
2007-05-17,-4.538
2007-05-18,-4.667
2007-05-21,-4.635
2007-05-22,-4.741
2007-05-23,-4.754
2007-05-24,-4.659
2007-05-25,-4.668
2007-05-29,-4.677
2007-05-30,-4.662
2007-05-31,-4.702
2007-06-01,-4.801
2007-06-04,-4.717
2007-06-05,-4.71
2007-06-06,-4.469
2007-06-07,-4.223
2007-06-08,-4.155
2007-06-11,-4.324
2007-06-12,-4.233
2007-06-13,-4.25
2007-06-14,-4.525
2007-06-15,-4.689
2007-06-18,-4.691
2007-06-19,-4.672
2007-06-20,-4.476
2007-06-21,-4.433
2007-06-22,-4.181
2007-06-25,-3.941
2007-06-26,-3.871
2007-06-27,-3.84
2007-06-28,-4.031
2007-06-29,-3.981
2007-07-02,-3.725
2007-07-03,-3.905
2007-07-05,-3.884
2007-07-06,-3.964
2007-07-09,-3.917
2007-07-10,-3.525
2007-07-11,-3.57
2007-07-12,-3.632
2007-07-13,-3.704
2007-07-16,-3.669
2007-07-17,-3.651
2007-07-18,-3.404
2007-07-19,-3.537
2007-07-20,-3.209
2007-07-23,-3.203
2007-07-24,-2.883
2007-07-25,-2.772
2007-07-26,-1.546
2007-07-27,-1.065
2007-07-30,-1.385
2007-07-31,-1.261
2007-08-01,-0.965
2007-08-02,-1.347
2007-08-03,-0.786
2007-08-06,-0.831
2007-08-07,-1.242
2007-08-08,-1.52
2007-08-09,0.563
2007-08-10,1.459
2007-08-13,1.051
2007-08-14,1.53
2007-08-15,2.215
2007-08-16,3.521
2007-08-17,3.441
2007-08-20,2.838
2007-08-21,2.622
2007-08-22,1.836
2007-08-23,1.688
2007-08-24,1.377
2007-08-27,1.336
2007-08-28,2.012
2007-08-29,2.209
2007-08-30,2.422
2007-08-31,2.306
2007-09-04,2.273
2007-09-05,2.757
2007-09-06,2.447
2007-09-07,2.708
2007-09-10,3.144
2007-09-11,2.75
2007-09-12,2.735
2007-09-13,2.157
2007-09-14,1.771
2007-09-17,1.896
2007-09-18,1.823
2007-09-19,0.555
2007-09-20,0.755
2007-09-21,0.517
2007-09-24,0.508
2007-09-25,0.813
2007-09-26,0.644
2007-09-27,0.777
2007-09-28,0.939
2007-10-01,0.964
2007-10-02,0.888
2007-10-03,0.738
2007-10-04,0.639
2007-10-05,0.325
2007-10-08,0.303
2007-10-09,0.043
2007-10-10,-0.101
2007-10-11,-0.208
2007-10-12,-0.544
2007-10-15,-0.401
2007-10-16,-0.038
2007-10-17,0.177
2007-10-18,0.307
2007-10-19,0.786
2007-10-22,0.861
2007-10-23,0.645
2007-10-24,0.897
2007-10-25,0.742
2007-10-26,0.476
2007-10-29,0.347
2007-10-30,0.602
2007-10-31,0.415
2007-11-01,1.018
2007-11-02,1.529
2007-11-05,1.936
2007-11-06,1.714
2007-11-07,2.506
2007-11-08,2.9
2007-11-09,3.341
2007-11-12,3.672
2007-11-13,2.942
2007-11-14,2.828
2007-11-15,3.36
2007-11-16,3.561
2007-11-19,4.172
2007-11-20,4.072
2007-11-21,4.983
2007-11-23,4.78
2007-11-26,5.215
2007-11-27,5.111
2007-11-28,4.728
2007-11-29,4.934
2007-11-30,4.383
2007-12-03,4.772
2007-12-04,5.06
2007-12-05,4.658
2007-12-06,4.341
2007-12-07,4.256
2007-12-10,3.979
2007-12-11,4.483
2007-12-12,4.213
2007-12-13,4.312
2007-12-14,4.38
2007-12-17,4.708
2007-12-18,4.64
2007-12-19,4.585
2007-12-20,4.498
2007-12-21,4.058
2007-12-24,3.532
2007-12-26,3.45
2007-12-27,3.866
2007-12-28,3.88
2007-12-31,4.15
2008-01-02,4.799
2008-01-03,4.784
2008-01-04,5.083
2008-01-07,5.009
2008-01-08,4.771
2008-01-09,4.807
2008-01-10,4.832
2008-01-11,4.857
2008-01-14,4.757
2008-01-15,5.307
2008-01-16,5.557
2008-01-17,5.843
2008-01-18,5.884
2008-01-22,7.844
2008-01-23,7.516
2008-01-24,6.752
2008-01-25,6.908
2008-01-28,7.239
2008-01-29,6.631
2008-01-30,6.839
2008-01-31,6.736
2008-02-01,6.353
2008-02-04,6.303
2008-02-05,7.016
2008-02-06,7.412
2008-02-07,7.088
2008-02-08,7.379
2008-02-11,7.441
2008-02-12,7.149
2008-02-13,7.031
2008-02-14,6.886
2008-02-15,6.975
2008-02-19,6.865
2008-02-20,7.051
2008-02-21,7.196
2008-02-22,7.249
2008-02-25,6.874
2008-02-26,6.717
2008-02-27,6.822
2008-02-28,7.426
2008-02-29,8.346
2008-03-03,8.77
2008-03-04,8.863
2008-03-05,8.785
2008-03-06,9.52
2008-03-07,9.769
2008-03-10,10.481
2008-03-11,9.568
2008-03-12,9.814
2008-03-13,10.259
2008-03-14,11.086
2008-03-17,12.41
2008-03-18,10.834
2008-03-19,11.206
2008-03-20,11.142
2008-03-24,10.297
2008-03-25,10.141
2008-03-26,10.435
2008-03-27,10.692
2008-03-28,10.659
2008-03-31,10.554
2008-04-01,9.658
2008-04-02,9.552
2008-04-03,9.415
2008-04-04,9.227
2008-04-07,8.821
2008-04-08,8.784
2008-04-09,9.133
2008-04-10,9.14
2008-04-11,9.229
2008-04-14,9.433
2008-04-15,9.354
2008-04-16,9.043
2008-04-17,8.989
2008-04-18,8.497
2008-04-21,8.498
2008-04-22,8.414
2008-04-23,8.264
2008-04-24,7.84
2008-04-25,7.551
2008-04-28,7.492
2008-04-29,7.54
2008-04-30,7.538
2008-05-01,7.064
2008-05-02,6.436
2008-05-05,6.482
2008-05-06,6.516
2008-05-07,6.469
2008-05-08,6.651
2008-05-09,6.863
2008-05-12,6.689
2008-05-13,6.464
2008-05-14,6.361
2008-05-15,6.208
2008-05-16,6.151
2008-05-19,5.966
2008-05-20,6.241
2008-05-21,6.405
2008-05-22,6.292
2008-05-23,6.606
2008-05-27,6.602
2008-05-28,6.531
2008-05-29,6.208
2008-05-30,6.211
2008-06-02,6.662
2008-06-03,6.749
2008-06-04,6.873
2008-06-05,6.766
2008-06-06,7.821
2008-06-09,8.018
2008-06-10,7.872
2008-06-11,7.897
2008-06-12,7.727
2008-06-13,7.599
2008-06-16,7.408
2008-06-17,7.271
2008-06-18,7.382
2008-06-19,7.16
2008-06-20,7.554
2008-06-23,7.545
2008-06-24,7.685
2008-06-25,7.582
2008-06-26,8.222
2008-06-27,8.429
2008-06-30,8.319
2008-07-01,8.463
2008-07-02,8.786
2008-07-03,8.588
2008-07-07,8.467
2008-07-08,8.388
2008-07-09,8.422
2008-07-10,8.597
2008-07-11,8.797
2008-07-14,9.07
2008-07-15,9.541
2008-07-16,9.049
2008-07-17,8.781
2008-07-18,8.431
2008-07-21,8.402
2008-07-22,7.919
2008-07-23,7.594
2008-07-24,7.75
2008-07-25,7.643
2008-07-28,7.877
2008-07-29,7.589
2008-07-30,7.239
2008-07-31,7.471
2008-08-01,7.649
2008-08-04,7.78
2008-08-05,7.37
2008-08-06,7.112
2008-08-07,7.322
2008-08-08,7.034
2008-08-11,6.806
2008-08-12,6.895
2008-08-13,7.158
2008-08-14,6.964
2008-08-15,6.825
2008-08-18,6.995
2008-08-19,7.219
2008-08-20,7.173
2008-08-21,7.223
2008-08-22,7.013
2008-08-25,7.362
2008-08-26,7.254
2008-08-27,7.143
2008-08-28,6.956
2008-08-29,6.947
2008-09-02,7.257
2008-09-03,7.324
2008-09-04,7.785
2008-09-05,7.922
2008-09-08,7.494
2008-09-09,8.122
2008-09-10,8.046
2008-09-11,8.233
2008-09-12,8.332
2008-09-15,10.803
2008-09-16,12.166
2008-09-17,14.263
2008-09-18,15.015
2008-09-19,12.627
2008-09-22,13.055
2008-09-23,13.828
2008-09-24,14.901
2008-09-25,14.896
2008-09-26,15.878
2008-09-29,18.536
2008-09-30,18.256
2008-10-01,18.61
2008-10-02,19.857
2008-10-03,19.606
2008-10-06,21.956
2008-10-07,22.678
2008-10-08,25.937
2008-10-09,26.592
2008-10-10,29.32
2008-10-13,26.959
2008-10-14,24.306
2008-10-15,25.76
2008-10-16,26.84
2008-10-17,25.069
2008-10-20,22.229
2008-10-21,22.479
2008-10-22,24.612
2008-10-23,25.985
2008-10-24,28.294
2008-10-27,29.226
2008-10-28,27.235
2008-10-29,26.202
2008-10-30,25.103
2008-10-31,24.358
2008-11-03,23.54
2008-11-04,21.702
2008-11-05,21.591
2008-11-06,23.049
2008-11-07,22.285
2008-11-10,21.886
2008-11-11,22
2008-11-12,22.929
2008-11-13,23.361
2008-11-14,23.757
2008-11-17,23.967
2008-11-18,23.812
2008-11-19,24.389
2008-11-20,26.053
2008-11-21,25.722
2008-11-24,24.529
2008-11-25,23.94
2008-11-26,23.547
2008-11-28,22.871
2008-12-01,23.997
2008-12-02,23.918
2008-12-03,23.576
2008-12-04,24.084
2008-12-05,23.673
2008-12-08,22.636
2008-12-09,22.239
2008-12-10,21.393
2008-12-11,21.438
2008-12-12,21.73
2008-12-15,21.62
2008-12-16,20.963
2008-12-17,20.363
2008-12-18,20.108
2008-12-19,19.668
2008-12-22,19.395
2008-12-23,19.143
2008-12-24,19.058
2008-12-26,18.595
2008-12-29,18.654
2008-12-30,18.388
2008-12-31,17.678
2009-01-02,17.09
2009-01-05,16.167
2009-01-06,15.36
2009-01-07,14.978
2009-01-08,14.801
2009-01-09,14.619
2009-01-12,14.646
2009-01-13,14.614
2009-01-14,15.193
2009-01-15,15.81
2009-01-16,15.168
2009-01-20,15.949
2009-01-21,15.698
2009-01-22,15.598
2009-01-23,15.609
2009-01-26,15.276
2009-01-27,15.037
2009-01-28,14.233
2009-01-29,14.5
2009-01-30,14.848
2009-02-02,15.349
2009-02-03,15.004
2009-02-04,14.725
2009-02-05,14.446
2009-02-06,13.835
2009-02-09,13.718
2009-02-10,14.214
2009-02-11,13.955
2009-02-12,13.902
2009-02-13,13.728
2009-02-17,14.657
2009-02-18,14.647
2009-02-19,14.411
2009-02-20,14.876
2009-02-23,15.063
2009-02-24,14.815
2009-02-25,14.638
2009-02-26,14.543
2009-02-27,14.91
2009-03-02,15.736
2009-03-03,15.692
2009-03-04,15.073
2009-03-05,15.468
2009-03-06,15.692
2009-03-09,15.73
2009-03-10,15.23
2009-03-11,14.883
2009-03-12,14.712
2009-03-13,14.413
2009-03-16,14.055
2009-03-17,13.709
2009-03-18,13.695
2009-03-19,13.421
2009-03-20,13.428
2009-03-23,12.8
2009-03-24,12.622
2009-03-25,12.499
2009-03-26,12.088
2009-03-27,12.149
2009-03-30,12.865
2009-03-31,12.407
2009-04-01,11.969
2009-04-02,11.458
2009-04-03,11.087
2009-04-06,10.96
2009-04-07,10.833
2009-04-08,10.678
2009-04-09,10.2
2009-04-13,10.033
2009-04-14,10.007
2009-04-15,9.75
2009-04-16,9.157
2009-04-17,8.709
2009-04-20,9.223
2009-04-21,9.25
2009-04-22,9.05
2009-04-23,8.847
2009-04-24,8.717
2009-04-27,8.865
2009-04-28,8.908
2009-04-29,8.555
2009-04-30,8.285
2009-05-01,8.237
2009-05-04,7.926
2009-05-05,7.658
2009-05-06,7.254
2009-05-07,7.028
2009-05-08,6.77
2009-05-11,6.728
2009-05-12,6.702
2009-05-13,6.89
2009-05-14,6.806
2009-05-15,6.65
2009-05-18,6.311
2009-05-19,5.942
2009-05-20,5.68
2009-05-21,5.921
2009-05-22,6.058
2009-05-26,5.947
2009-05-27,6.053
2009-05-28,5.945
2009-05-29,5.738
2009-06-01,5.624
2009-06-02,5.565
2009-06-03,5.676
2009-06-04,5.502
2009-06-05,5.292
2009-06-08,5.476
2009-06-09,5.32
2009-06-10,5.096
2009-06-11,4.891
2009-06-12,4.723
2009-06-15,4.993
2009-06-16,5.242
2009-06-17,5.347
2009-06-18,5.395
2009-06-19,5.139
2009-06-22,5.583
2009-06-23,5.678
2009-06-24,5.433
2009-06-25,5.149
2009-06-26,4.961
2009-06-29,4.764
2009-06-30,4.723
2009-07-01,4.514
2009-07-02,4.681
2009-07-06,4.674
2009-07-07,4.751
2009-07-08,5.067
2009-07-09,4.88
2009-07-10,4.958
2009-07-13,4.961
2009-07-14,4.692
2009-07-15,4.448
2009-07-16,4.334
2009-07-17,4.245
2009-07-20,4.117
2009-07-21,3.947
2009-07-22,3.814
2009-07-23,3.532
2009-07-24,3.45
2009-07-27,3.331
2009-07-28,3.316
2009-07-29,3.26
2009-07-30,3.131
2009-07-31,3.068
2009-08-03,2.967
2009-08-04,2.857
2009-08-05,2.906
2009-08-06,2.959
2009-08-07,2.745
2009-08-10,2.786
2009-08-11,2.959
2009-08-12,2.849
2009-08-13,2.726
2009-08-14,2.751
2009-08-17,3.248
2009-08-18,3.038
2009-08-19,3.064
2009-08-20,2.761
2009-08-21,2.539
2009-08-24,2.415
2009-08-25,2.405
2009-08-26,2.342
2009-08-27,2.336
2009-08-28,2.212
2009-08-31,2.269
2009-09-01,2.543
2009-09-02,2.646
2009-09-03,2.522
2009-09-04,2.225
2009-09-08,2.005
2009-09-09,1.795
2009-09-10,1.674
2009-09-11,1.664
2009-09-14,1.654
2009-09-15,1.529
2009-09-16,1.479
2009-09-17,1.409
2009-09-18,1.409
2009-09-21,1.413
2009-09-22,1.352
2009-09-23,1.289
2009-09-24,1.42
2009-09-25,1.581
2009-09-28,1.617
2009-09-29,1.582
2009-09-30,1.667
2009-10-01,1.987
2009-10-02,2.139
2009-10-05,1.864
2009-10-06,1.676
2009-10-07,1.546
2009-10-08,1.393
2009-10-09,1.323
2009-10-12,1.301
2009-10-13,1.351
2009-10-14,1.242
2009-10-15,1.106
2009-10-16,1.122
2009-10-19,1.062
2009-10-20,1.024
2009-10-21,0.99
2009-10-22,0.943
2009-10-23,0.939
2009-10-26,1.06
2009-10-27,1.228
2009-10-28,1.569
2009-10-29,1.376
2009-10-30,1.755
2009-11-02,1.809
2009-11-03,1.893
2009-11-04,1.633
2009-11-05,1.487
2009-11-06,1.315
2009-11-09,1.043
2009-11-10,0.949
2009-11-11,0.891
2009-11-12,0.976
2009-11-13,0.92
2009-11-16,0.796
2009-11-17,0.777
2009-11-18,0.689
2009-11-19,0.878
2009-11-20,0.866
2009-11-23,0.695
2009-11-24,0.676
2009-11-25,0.611
2009-11-27,1.62
2009-11-30,1.458
2009-12-01,1.074
2009-12-02,0.978
2009-12-03,0.96
2009-12-04,0.887
2009-12-07,0.937
2009-12-08,1.132
2009-12-09,1.198
2009-12-10,1.08
2009-12-11,0.921
2009-12-14,0.799
2009-12-15,0.782
2009-12-16,0.686
2009-12-17,0.865
2009-12-18,0.812
2009-12-21,0.664
2009-12-22,0.575
2009-12-23,0.558
2009-12-24,0.516
2009-12-28,0.422
2009-12-29,0.372
2009-12-30,0.368
2009-12-31,0.531
2010-01-04,0.315
2010-01-05,0.161
2010-01-06,-0.023
2010-01-07,-0.096
2010-01-08,-0.267
2010-01-11,-0.347
2010-01-12,-0.199
2010-01-13,-0.216
2010-01-14,-0.383
2010-01-15,-0.213
2010-01-19,-0.3
2010-01-20,-0.102
2010-01-21,0.214
2010-01-22,0.592
2010-01-25,0.556
2010-01-26,0.637
2010-01-27,0.52
2010-01-28,0.531
2010-01-29,0.697
2010-02-01,0.571
2010-02-02,0.398
2010-02-03,0.332
2010-02-04,0.969
2010-02-05,1.459
2010-02-08,1.553
2010-02-09,1.343
2010-02-10,1.247
2010-02-11,1.113
2010-02-12,1.07
2010-02-16,0.96
2010-02-17,0.769
2010-02-18,0.66
2010-02-19,0.668
2010-02-22,0.52
2010-02-23,0.703
2010-02-24,0.638
2010-02-25,0.765
2010-02-26,0.654
2010-03-01,0.564
2010-03-02,0.426
2010-03-03,0.312
2010-03-04,0.26
2010-03-05,-0.019
2010-03-08,-0.135
2010-03-09,-0.194
2010-03-10,-0.319
2010-03-11,-0.435
2010-03-12,-0.446
2010-03-15,-0.406
2010-03-16,-0.496
2010-03-17,-0.665
2010-03-18,-0.717
2010-03-19,-0.63
2010-03-22,-0.552
2010-03-23,-0.628
2010-03-24,-0.568
2010-03-25,-0.642
2010-03-26,-0.698
2010-03-29,-0.701
2010-03-30,-0.777
2010-03-31,-0.684
2010-04-01,-0.789
2010-04-05,-0.919
2010-04-06,-0.928
2010-04-07,-0.818
2010-04-08,-0.733
2010-04-09,-0.88
2010-04-12,-0.95
2010-04-13,-0.949
2010-04-14,-1.101
2010-04-15,-1.088
2010-04-16,-0.848
2010-04-19,-0.756
2010-04-20,-0.973
2010-04-21,-0.938
2010-04-22,-0.739
2010-04-23,-0.753
2010-04-26,-0.704
2010-04-27,-0.113
2010-04-28,0.091
2010-04-29,-0.21
2010-04-30,-0.031
2010-05-03,-0.138
2010-05-04,0.547
2010-05-05,1.2
2010-05-06,2.808
2010-05-07,3.781
2010-05-10,1.983
2010-05-11,2.129
2010-05-12,1.629
2010-05-13,1.439
2010-05-14,2.394
2010-05-17,2.64
2010-05-18,2.632
2010-05-19,3.234
2010-05-20,4.471
2010-05-21,4.309
2010-05-24,4.234
2010-05-25,4.757
2010-05-26,4.255
2010-05-27,3.435
2010-05-28,3.437
2010-06-01,3.793
2010-06-02,3.485
2010-06-03,3.204
2010-06-04,3.792
2010-06-07,4.239
2010-06-08,4.118
2010-06-09,3.902
2010-06-10,3.403
2010-06-11,3.206
2010-06-14,2.949
2010-06-15,2.666
2010-06-16,2.557
2010-06-17,2.549
2010-06-18,2.322
2010-06-21,2.096
2010-06-22,2.332
2010-06-23,2.532
2010-06-24,2.793
2010-06-25,2.816
2010-06-28,2.737
2010-06-29,3.357
2010-06-30,3.381
2010-07-01,3.57
2010-07-02,3.354
2010-07-06,2.876
2010-07-07,2.551
2010-07-08,2.18
2010-07-09,1.988
2010-07-12,2.019
2010-07-13,1.847
2010-07-14,1.766
2010-07-15,1.743
2010-07-16,1.956
2010-07-19,1.95
2010-07-20,1.889
2010-07-21,1.967
2010-07-22,1.803
2010-07-23,1.577
2010-07-26,1.363
2010-07-27,1.242
2010-07-28,1.116
2010-07-29,1.286
2010-07-30,1.24
2010-08-02,0.961
2010-08-03,0.991
2010-08-04,0.968
2010-08-05,0.951
2010-08-06,1.014
2010-08-09,1.011
2010-08-10,1.072
2010-08-11,1.595
2010-08-12,1.707
2010-08-13,1.738
2010-08-16,1.872
2010-08-17,1.584
2010-08-18,1.48
2010-08-19,1.684
2010-08-20,1.785
2010-08-23,1.829
2010-08-24,2.249
2010-08-25,2.387
2010-08-26,2.339
2010-08-27,2.086
2010-08-30,2.296
2010-08-31,2.487
2010-09-01,2.073
2010-09-02,1.879
2010-09-03,1.552
2010-09-07,1.74
2010-09-08,1.714
2010-09-09,1.568
2010-09-10,1.429
2010-09-13,1.256
2010-09-14,1.259
2010-09-15,1.127
2010-09-16,1.051
2010-09-17,1.108
2010-09-20,1.054
2010-09-21,1.01
2010-09-22,1.091
2010-09-23,1.19
2010-09-24,0.967
2010-09-27,1.021
2010-09-28,1.008
2010-09-29,1.007
2010-09-30,1.145
2010-10-01,1.064
2010-10-04,1.205
2010-10-05,0.963
2010-10-06,0.901
2010-10-07,0.931
2010-10-08,0.854
2010-10-11,0.709
2010-10-12,0.724
2010-10-13,0.634
2010-10-14,0.631
2010-10-15,0.6
2010-10-18,0.584
2010-10-19,0.792
2010-10-20,0.683
2010-10-21,0.668
2010-10-22,0.635
2010-10-25,0.626
2010-10-26,0.604
2010-10-27,0.656
2010-10-28,0.62
2010-10-29,0.725
2010-11-01,0.839
2010-11-02,0.794
2010-11-03,0.635
2010-11-04,0.255
2010-11-05,0.162
2010-11-08,0.26
2010-11-09,0.376
2010-11-10,0.46
2010-11-11,0.517
2010-11-12,0.703
2010-11-15,0.628
2010-11-16,0.894
2010-11-17,0.752
2010-11-18,0.4
2010-11-19,0.309
2010-11-22,0.347
2010-11-23,0.784
2010-11-24,0.848
2010-11-26,1.255
2010-11-29,1.399
2010-11-30,1.831
2010-12-01,1.467
2010-12-02,1.068
2010-12-03,0.74
2010-12-06,0.724
2010-12-07,0.597
2010-12-08,0.589
2010-12-09,0.566
2010-12-10,0.584
2010-12-13,0.542
2010-12-14,0.468
2010-12-15,0.609
2010-12-16,0.554
2010-12-17,0.458
2010-12-20,0.421
2010-12-21,0.224
2010-12-22,0.29
2010-12-23,0.351
2010-12-27,0.39
2010-12-28,0.346
2010-12-29,0.374
2010-12-30,0.457
2010-12-31,0.607
2011-01-03,0.453
2011-01-04,0.258
2011-01-05,0.172
2011-01-06,0.2
2011-01-07,0.239
2011-01-10,0.317
2011-01-11,0.114
2011-01-12,-0.13
2011-01-13,-0.179
2011-01-14,-0.305
2011-01-18,-0.387
2011-01-19,-0.275
2011-01-20,-0.154
2011-01-21,-0.25
2011-01-24,-0.327
2011-01-25,-0.424
2011-01-26,-0.524
2011-01-27,-0.588
2011-01-28,-0.338
2011-01-31,-0.204
2011-02-01,-0.358
2011-02-02,-0.49
2011-02-03,-0.495
2011-02-04,-0.687
2011-02-07,-0.714
2011-02-08,-0.901
2011-02-09,-0.88
2011-02-10,-0.841
2011-02-11,-0.896
2011-02-14,-0.839
2011-02-15,-0.864
2011-02-16,-0.948
2011-02-17,-0.866
2011-02-18,-0.955
2011-02-22,-0.429
2011-02-23,-0.35
2011-02-24,-0.222
2011-02-25,-0.46
2011-02-28,-0.626
2011-03-01,-0.509
2011-03-02,-0.48
2011-03-03,-0.839
2011-03-04,-0.793
2011-03-07,-0.688
2011-03-08,-0.767
2011-03-09,-0.736
2011-03-10,-0.431
2011-03-11,-0.285
2011-03-14,0.313
2011-03-15,1.719
2011-03-16,2.104
2011-03-17,1.867
2011-03-18,1.097
2011-03-21,0.652
2011-03-22,0.19
2011-03-23,0.211
2011-03-24,0.008
2011-03-25,-0.223
2011-03-28,-0.131
2011-03-29,-0.258
2011-03-30,-0.352
2011-03-31,-0.297
2011-04-01,-0.426
2011-04-04,-0.493
2011-04-05,-0.64
2011-04-06,-0.754
2011-04-07,-0.743
2011-04-08,-0.834
2011-04-11,-0.766
2011-04-12,-0.388
2011-04-13,-0.562
2011-04-14,-0.621
2011-04-15,-0.684
2011-04-18,-0.385
2011-04-19,-0.476
2011-04-20,-0.731
2011-04-21,-0.765
2011-04-25,-0.736
2011-04-26,-0.7
2011-04-27,-0.877
2011-04-28,-0.991
2011-04-29,-0.988
2011-05-02,-0.908
2011-05-03,-0.785
2011-05-04,-0.719
2011-05-05,-0.279
2011-05-06,-0.297
2011-05-09,-0.142
2011-05-10,-0.307
2011-05-11,-0.259
2011-05-12,-0.179
2011-05-13,-0.098
2011-05-16,-0.016
2011-05-17,-0.038
2011-05-18,-0.204
2011-05-19,-0.282
2011-05-20,-0.185
2011-05-23,0.215
2011-05-24,0.15
2011-05-25,0.23
2011-05-26,0.215
2011-05-27,0.194
2011-05-31,-0.024
2011-06-01,0.135
2011-06-02,0.247
2011-06-03,0.187
2011-06-06,0.151
2011-06-07,-0.024
2011-06-08,0.025
2011-06-09,-0.062
2011-06-10,0.072
2011-06-13,0.156
2011-06-14,-0.05
2011-06-15,0.456
2011-06-16,0.849
2011-06-17,0.709
2011-06-20,0.694
2011-06-21,0.501
2011-06-22,0.406
2011-06-23,0.828
2011-06-24,0.965
2011-06-27,1.001
2011-06-28,0.721
2011-06-29,0.406
2011-06-30,-0.218
2011-07-01,-0.431
2011-07-05,-0.444
2011-07-06,-0.322
2011-07-07,-0.451
2011-07-08,-0.285
2011-07-11,0.445
2011-07-12,0.893
2011-07-13,0.71
2011-07-14,0.791
2011-07-15,0.829
2011-07-18,1.081
2011-07-19,0.924
2011-07-20,0.708
2011-07-21,0.317
2011-07-22,0.103
2011-07-25,0.233
2011-07-26,0.268
2011-07-27,0.579
2011-07-28,0.702
2011-07-29,0.982
2011-08-01,0.898
2011-08-02,1.352
2011-08-03,1.458
2011-08-04,2.314
2011-08-05,2.87
2011-08-08,4.615
2011-08-09,4.403
2011-08-10,5.049
2011-08-11,4.886
2011-08-12,4.542
2011-08-15,3.779
2011-08-16,3.679
2011-08-17,3.495
2011-08-18,4.595
2011-08-19,4.96
2011-08-22,4.991
2011-08-23,4.61
2011-08-24,4.553
2011-08-25,4.749
2011-08-26,4.578
2011-08-29,4.106
2011-08-30,4.01
2011-08-31,3.716
2011-09-01,3.796
2011-09-02,4.278
2011-09-06,5.287
2011-09-07,4.671
2011-09-08,4.588
2011-09-09,5.268
2011-09-12,5.847
2011-09-13,5.52
2011-09-14,5.368
2011-09-15,4.743
2011-09-16,4.676
2011-09-19,5.179
2011-09-20,5.163
2011-09-21,5.56
2011-09-22,6.721
2011-09-23,6.629
2011-09-26,6.517
2011-09-27,5.779
2011-09-28,5.984
2011-09-29,5.867
2011-09-30,6.244
2011-10-03,6.886
2011-10-04,6.93
2011-10-05,6.558
2011-10-06,5.961
2011-10-07,5.579
2011-10-10,5.176
2011-10-11,5.043
2011-10-12,4.629
2011-10-13,4.722
2011-10-14,4.409
2011-10-17,4.787
2011-10-18,4.831
2011-10-19,4.792
2011-10-20,5.08
2011-10-21,4.764
2011-10-24,4.373
2011-10-25,4.564
2011-10-26,4.485
2011-10-27,3.505
2011-10-28,3.38
2011-10-31,3.928
2011-11-01,5.002
2011-11-02,4.838
2011-11-03,4.597
2011-11-04,4.434
2011-11-07,4.504
2011-11-08,4.316
2011-11-09,5.114
2011-11-10,5.215
2011-11-11,4.843
2011-11-14,4.951
2011-11-15,5.055
2011-11-16,5.266
2011-11-17,5.595
2011-11-18,5.536
2011-11-21,5.994
2011-11-22,5.963
2011-11-23,6.228
2011-11-25,6.368
2011-11-28,6.062
2011-11-29,5.896
2011-11-30,5.154
2011-12-01,4.926
2011-12-02,4.837
2011-12-05,4.619
2011-12-06,4.613
2011-12-07,4.498
2011-12-08,4.754
2011-12-09,4.573
2011-12-12,4.706
2011-12-13,4.828
2011-12-14,5.196
2011-12-15,4.943
2011-12-16,4.703
2011-12-19,4.746
2011-12-20,4.478
2011-12-21,4.362
2011-12-22,4.236
2011-12-23,4.167
2011-12-27,4.235
2011-12-28,4.447
2011-12-29,4.37
2011-12-30,4.366
2012-01-03,4.045
2012-01-04,3.827
2012-01-05,3.854
2012-01-06,3.686
2012-01-09,3.483
2012-01-10,3.131
2012-01-11,3.165
2012-01-12,2.95
2012-01-13,2.926
2012-01-17,2.763
2012-01-18,2.555
2012-01-19,2.31
2012-01-20,2.148
2012-01-23,2.053
2012-01-24,2.015
2012-01-25,1.916
2012-01-26,1.725
2012-01-27,1.764
2012-01-30,1.985
2012-01-31,1.932
2012-02-01,1.703
2012-02-02,1.442
2012-02-03,1.225
2012-02-06,1.346
2012-02-07,1.259
2012-02-08,1.13
2012-02-09,1.017
2012-02-10,1.317
2012-02-13,1.076
2012-02-14,1.101
2012-02-15,1.173
2012-02-16,1.198
2012-02-17,0.974
2012-02-21,0.753
2012-02-22,0.744
2012-02-23,0.651
2012-02-24,0.543
2012-02-27,0.639
2012-02-28,0.614
2012-02-29,0.548
2012-03-01,0.417
2012-03-02,0.365
2012-03-05,0.421
2012-03-06,0.811
2012-03-07,0.697
2012-03-08,0.41
2012-03-09,0.307
2012-03-12,0.24
2012-03-13,-0.032
2012-03-14,-0.092
2012-03-15,-0.205
2012-03-16,-0.333
2012-03-19,-0.374
2012-03-20,-0.31
2012-03-21,-0.314
2012-03-22,-0.179
2012-03-23,-0.199
2012-03-26,-0.346
2012-03-27,-0.357
2012-03-28,-0.348
2012-03-29,-0.216
2012-03-30,-0.319
2012-04-02,-0.299
2012-04-03,-0.292
2012-04-04,0.045
2012-04-05,0.205
2012-04-09,0.381
2012-04-10,0.795
2012-04-11,0.72
2012-04-12,0.402
2012-04-13,0.564
2012-04-16,0.697
2012-04-17,0.421
2012-04-18,0.414
2012-04-19,0.412
2012-04-20,0.288
2012-04-23,0.56
2012-04-24,0.41
2012-04-25,0.171
2012-04-26,0.091
2012-04-27,-0.02
2012-04-30,0.051
2012-05-01,0.021
2012-05-02,0.059
2012-05-03,0.035
2012-05-04,0.159
2012-05-07,0.263
2012-05-08,0.437
2012-05-09,0.789
2012-05-10,0.585
2012-05-11,0.761
2012-05-14,1.349
2012-05-15,1.473
2012-05-16,1.678
2012-05-17,1.98
2012-05-18,2.357
2012-05-21,2.057
2012-05-22,1.792
2012-05-23,2.26
2012-05-24,2.15
2012-05-25,2.072
2012-05-29,1.876
2012-05-30,2.369
2012-05-31,2.549
2012-06-01,3.03
2012-06-04,3.028
2012-06-05,2.757
2012-06-06,2.274
2012-06-07,1.994
2012-06-08,2.121
2012-06-11,2.124
2012-06-12,2.071
2012-06-13,2.184
2012-06-14,2.114
2012-06-15,2.1
2012-06-18,1.639
2012-06-19,1.302
2012-06-20,1.033
2012-06-21,1.163
2012-06-22,1.052
2012-06-25,1.333
2012-06-26,1.221
2012-06-27,1.08
2012-06-28,1.165
2012-06-29,0.785
2012-07-02,0.792
2012-07-03,0.572
2012-07-05,0.666
2012-07-06,0.749
2012-07-09,0.836
2012-07-10,0.748
2012-07-11,0.668
2012-07-12,0.736
2012-07-13,0.51
2012-07-16,0.505
2012-07-17,0.397
2012-07-18,0.252
2012-07-19,0.083
2012-07-20,0.264
2012-07-23,0.799
2012-07-24,0.966
2012-07-25,0.962
2012-07-26,0.628
2012-07-27,0.338
2012-07-30,0.379
2012-07-31,0.438
2012-08-01,0.425
2012-08-02,0.355
2012-08-03,-0.053
2012-08-06,-0.147
2012-08-07,-0.301
2012-08-08,-0.307
2012-08-09,-0.403
2012-08-10,-0.45
2012-08-13,-0.485
2012-08-14,-0.543
2012-08-15,-0.55
2012-08-16,-0.625
2012-08-17,-0.656
2012-08-20,-0.652
2012-08-21,-0.712
2012-08-22,-0.653
2012-08-23,-0.609
2012-08-24,-0.608
2012-08-27,-0.531
2012-08-28,-0.506
2012-08-29,-0.462
2012-08-30,-0.29
2012-08-31,-0.307
2012-09-04,-0.424
2012-09-05,-0.434
2012-09-06,-0.852
2012-09-07,-1.123
2012-09-10,-1.061
2012-09-11,-1.049
2012-09-12,-1.221
2012-09-13,-1.379
2012-09-14,-1.697
2012-09-17,-1.686
2012-09-18,-1.646
2012-09-19,-1.703
2012-09-20,-1.611
2012-09-21,-1.729
2012-09-24,-1.641
2012-09-25,-1.571
2012-09-26,-1.203
2012-09-27,-1.37
2012-09-28,-1.33
2012-10-01,-1.405
2012-10-02,-1.463
2012-10-03,-1.507
2012-10-04,-1.614
2012-10-05,-1.776
2012-10-08,-1.648
2012-10-09,-1.495
2012-10-10,-1.478
2012-10-11,-1.531
2012-10-12,-1.531
2012-10-15,-1.678
2012-10-16,-1.821
2012-10-17,-1.966
2012-10-18,-1.994
2012-10-19,-1.868
2012-10-22,-1.895
2012-10-23,-1.624
2012-10-24,-1.688
2012-10-25,-1.754
2012-10-26,-1.651
2012-10-31,-1.671
2012-11-01,-1.825
2012-11-02,-1.823
2012-11-05,-1.724
2012-11-06,-1.769
2012-11-07,-1.557
2012-11-08,-1.496
2012-11-09,-1.406
2012-11-12,-1.463
2012-11-13,-1.455
2012-11-14,-1.411
2012-11-15,-1.318
2012-11-16,-1.326
2012-11-19,-1.558
2012-11-20,-1.697
2012-11-21,-1.762
2012-11-23,-1.849
2012-11-26,-1.813
2012-11-27,-1.901
2012-11-28,-1.887
2012-11-29,-1.996
2012-11-30,-1.97
2012-12-03,-1.979
2012-12-04,-1.999
2012-12-05,-2.069
2012-12-06,-2.111
2012-12-07,-2.169
2012-12-10,-2.145
2012-12-11,-2.267
2012-12-12,-2.28
2012-12-13,-2.272
2012-12-14,-2.296
2012-12-17,-2.448
2012-12-18,-2.631
2012-12-19,-2.599
2012-12-20,-2.601
2012-12-21,-2.356
2012-12-24,-2.32
2012-12-26,-2.301
2012-12-27,-2.264
2012-12-28,-2.06
2012-12-31,-2.274
2013-01-02,-2.712
2013-01-03,-2.829
2013-01-04,-2.836
2013-01-07,-2.884
2013-01-08,-2.88
2013-01-09,-2.905
2013-01-10,-2.992
2013-01-11,-2.944
2013-01-14,-2.965
2013-01-15,-2.9
2013-01-16,-2.844
2013-01-17,-2.802
2013-01-18,-2.795
2013-01-22,-2.91
2013-01-23,-2.977
2013-01-24,-2.969
2013-01-25,-2.986
2013-01-28,-2.853
2013-01-29,-2.976
2013-01-30,-2.824
2013-01-31,-2.807
2013-02-01,-2.905
2013-02-04,-2.598
2013-02-05,-2.632
2013-02-06,-2.583
2013-02-07,-2.552
2013-02-08,-2.614
2013-02-11,-2.625
2013-02-12,-2.699
2013-02-13,-2.784
2013-02-14,-2.817
2013-02-15,-2.797
2013-02-19,-2.901
2013-02-20,-2.765
2013-02-21,-2.512
2013-02-22,-2.615
2013-02-25,-2.338
2013-02-26,-2.106
2013-02-27,-2.324
2013-02-28,-2.475
2013-03-01,-2.473
2013-03-04,-2.551
2013-03-05,-2.781
2013-03-06,-2.861
2013-03-07,-2.993
2013-03-08,-3.144
2013-03-11,-3.22
2013-03-12,-3.205
2013-03-13,-3.212
2013-03-14,-3.337
2013-03-15,-3.336
2013-03-18,-2.935
2013-03-19,-2.659
2013-03-20,-2.888
2013-03-21,-2.728
2013-03-22,-2.561
2013-03-25,-2.666
2013-03-26,-2.731
2013-03-27,-2.608
2013-03-28,-2.687
2013-04-01,-2.422
2013-04-02,-2.551
2013-04-03,-2.445
2013-04-04,-2.548
2013-04-05,-2.451
2013-04-08,-2.493
2013-04-09,-2.599
2013-04-10,-2.796
2013-04-11,-2.865
2013-04-12,-2.758
2013-04-15,-2.436
2013-04-16,-2.633
2013-04-17,-2.416
2013-04-18,-2.35
2013-04-19,-2.573
2013-04-22,-2.607
2013-04-23,-2.778
2013-04-24,-2.853
2013-04-25,-2.926
2013-04-26,-2.878
2013-04-29,-2.942
2013-04-30,-2.991
2013-05-01,-2.958
2013-05-02,-3.003
2013-05-03,-3.198
2013-05-06,-3.171
2013-05-07,-3.272
2013-05-08,-3.333
2013-05-09,-3.283
2013-05-10,-3.328
2013-05-13,-3.289
2013-05-14,-3.344
2013-05-15,-3.343
2013-05-16,-3.292
2013-05-17,-3.333
2013-05-20,-3.333
2013-05-21,-3.322
2013-05-22,-3.301
2013-05-23,-2.643
2013-05-24,-2.68
2013-05-28,-2.751
2013-05-29,-2.495
2013-05-30,-2.391
2013-05-31,-2.251
2013-06-03,-2.159
2013-06-04,-2.234
2013-06-05,-1.904
2013-06-06,-1.836
2013-06-07,-1.971
2013-06-10,-2.057
2013-06-11,-1.696
2013-06-12,-1.58
2013-06-13,-1.356
2013-06-14,-1.56
2013-06-17,-1.756
2013-06-18,-1.778
2013-06-19,-1.698
2013-06-20,-0.962
2013-06-21,-0.983
2013-06-24,-0.445
2013-06-25,-0.742
2013-06-26,-0.992
2013-06-27,-1.297
2013-06-28,-1.405
2013-07-01,-1.365
2013-07-02,-1.44
2013-07-03,-1.223
2013-07-05,-1.486
2013-07-08,-1.519
2013-07-09,-1.774
2013-07-10,-1.778
2013-07-11,-1.902
2013-07-12,-1.981
2013-07-15,-2.044
2013-07-16,-2.022
2013-07-17,-2.201
2013-07-18,-2.35
2013-07-19,-2.414
2013-07-22,-2.623
2013-07-23,-2.734
2013-07-24,-2.701
2013-07-25,-2.611
2013-07-26,-2.464
2013-07-29,-2.272
2013-07-30,-2.336
2013-07-31,-2.253
2013-08-01,-2.481
2013-08-02,-2.602
2013-08-05,-2.637
2013-08-06,-2.617
2013-08-07,-2.424
2013-08-08,-2.441
2013-08-09,-2.456
2013-08-12,-2.512
2013-08-13,-2.59
2013-08-14,-2.56
2013-08-15,-2.347
2013-08-16,-2.314
2013-08-19,-2.16
2013-08-20,-2.009
2013-08-21,-1.853
2013-08-22,-1.914
2013-08-23,-2.04
2013-08-26,-1.951
2013-08-27,-1.6
2013-08-28,-1.506
2013-08-29,-1.547
2013-08-30,-1.453
2013-09-03,-1.547
2013-09-04,-1.682
2013-09-05,-1.729
2013-09-06,-1.753
2013-09-09,-1.936
2013-09-10,-2.168
2013-09-11,-2.279
2013-09-12,-2.279
2013-09-13,-2.315
2013-09-16,-2.367
2013-09-17,-2.39
2013-09-18,-2.475
2013-09-19,-2.72
2013-09-20,-2.719
2013-09-23,-2.648
2013-09-24,-2.611
2013-09-25,-2.599
2013-09-26,-2.647
2013-09-27,-2.541
2013-09-30,-2.12
2013-10-01,-2.269
2013-10-02,-2.191
2013-10-03,-2.189
2013-10-04,-2.289
2013-10-07,-2.116
2013-10-08,-2.069
2013-10-09,-2.016
2013-10-10,-2.392
2013-10-11,-2.642
2013-10-14,-2.592
2013-10-15,-2.631
2013-10-16,-2.8
2013-10-17,-2.961
2013-10-18,-3.143
2013-10-21,-3.172
2013-10-22,-3.277
2013-10-23,-3.162
2013-10-24,-3.235
2013-10-25,-3.184
2013-10-28,-3.21
2013-10-29,-3.238
2013-10-30,-3.19
2013-10-31,-3.072
2013-11-01,-2.952
2013-11-04,-3.016
2013-11-05,-2.908
2013-11-06,-3
2013-11-07,-2.861
2013-11-08,-2.924
2013-11-11,-2.972
2013-11-12,-2.947
2013-11-13,-2.967
2013-11-14,-3.074
2013-11-15,-3.187
2013-11-18,-3.2
2013-11-19,-3.195
2013-11-20,-3.128
2013-11-21,-3.162
2013-11-22,-3.241
2013-11-25,-3.248
2013-11-26,-3.227
2013-11-27,-3.284
2013-11-29,-3.227
2013-12-02,-3.17
2013-12-03,-3.087
2013-12-04,-2.973
2013-12-05,-2.934
2013-12-06,-3.139
2013-12-09,-3.199
2013-12-10,-3.169
2013-12-11,-3.041
2013-12-12,-2.959
2013-12-13,-2.93
2013-12-16,-2.961
2013-12-17,-2.927
2013-12-18,-3.201
2013-12-19,-3.342
2013-12-20,-3.342
2013-12-23,-3.435
2013-12-24,-3.456
2013-12-26,-3.496
2013-12-27,-3.491
2013-12-30,-3.439
2013-12-31,-3.404
2014-01-02,-3.228
2014-01-03,-3.3
2014-01-06,-3.178
2014-01-07,-3.308
2014-01-08,-3.364
2014-01-09,-3.391
2014-01-10,-3.483
2014-01-13,-3.398
2014-01-14,-3.402
2014-01-15,-3.469
2014-01-16,-3.444
2014-01-17,-3.453
2014-01-21,-3.468
2014-01-22,-3.483
2014-01-23,-3.236
2014-01-24,-2.668
2014-01-27,-2.536
2014-01-28,-2.704
2014-01-29,-2.555
2014-01-30,-2.476
2014-01-31,-2.229
2014-02-03,-1.9
2014-02-04,-1.99
2014-02-05,-2.017
2014-02-06,-2.342
2014-02-07,-2.591
2014-02-10,-2.677
2014-02-11,-2.844
2014-02-12,-2.947
2014-02-13,-2.848
2014-02-14,-2.916
2014-02-18,-3.006
2014-02-19,-2.952
2014-02-20,-2.903
2014-02-21,-3.011
2014-02-24,-3.053
2014-02-25,-3.126
2014-02-26,-3.075
2014-02-27,-3.026
2014-02-28,-3.116
2014-03-03,-2.642
2014-03-04,-2.945
2014-03-05,-3.021
2014-03-06,-3.158
2014-03-07,-3.138
2014-03-10,-3.04
2014-03-11,-3.109
2014-03-12,-2.981
2014-03-13,-2.733
2014-03-14,-2.452
2014-03-17,-2.683
2014-03-18,-2.847
2014-03-19,-2.892
2014-03-20,-2.919
2014-03-21,-2.936
2014-03-24,-2.904
2014-03-25,-2.98
2014-03-26,-3.043
2014-03-27,-3.009
2014-03-28,-3.114
2014-03-31,-3.1
2014-04-01,-3.25
2014-04-02,-3.298
2014-04-03,-3.299
2014-04-04,-3.286
2014-04-07,-3.15
2014-04-08,-3.177
2014-04-09,-3.26
2014-04-10,-3.085
2014-04-11,-2.865
2014-04-14,-2.869
2014-04-15,-2.846
2014-04-16,-3.066
2014-04-17,-3.178
2014-04-21,-3.242
2014-04-22,-3.274
2014-04-23,-3.347
2014-04-24,-3.338
2014-04-25,-3.185
2014-04-28,-3.181
2014-04-29,-3.226
2014-04-30,-3.256
2014-05-01,-3.326
2014-05-02,-3.357
2014-05-05,-3.34
2014-05-06,-3.322
2014-05-07,-3.308
2014-05-08,-3.4
2014-05-09,-3.438
2014-05-12,-3.567
2014-05-13,-3.568
2014-05-14,-3.526
2014-05-15,-3.29
2014-05-16,-3.343
2014-05-19,-3.362
2014-05-20,-3.306
2014-05-21,-3.429
2014-05-22,-3.483
2014-05-23,-3.5
2014-05-27,-3.542
2014-05-28,-3.568
2014-05-29,-3.612
2014-05-30,-3.629
2014-06-02,-3.594
2014-06-03,-3.565
2014-06-04,-3.574
2014-06-05,-3.71
2014-06-06,-3.974
2014-06-09,-4.017
2014-06-10,-4.032
2014-06-11,-3.967
2014-06-12,-3.81
2014-06-13,-3.814
2014-06-16,-3.767
2014-06-17,-3.876
2014-06-18,-3.926
2014-06-19,-4.068
2014-06-20,-4.096
2014-06-23,-4.039
2014-06-24,-4.012
2014-06-25,-4
2014-06-26,-3.979
2014-06-27,-3.955
2014-06-30,-3.886
2014-07-01,-3.979
2014-07-02,-4.064
2014-07-03,-4.158
2014-07-07,-4.068
2014-07-08,-3.942
2014-07-09,-3.975
2014-07-10,-3.774
2014-07-11,-3.782
2014-07-14,-3.967
2014-07-15,-3.926
2014-07-16,-3.969
2014-07-17,-3.62
2014-07-18,-3.759
2014-07-21,-3.677
2014-07-22,-3.814
2014-07-23,-3.852
2014-07-24,-3.887
2014-07-25,-3.748
2014-07-28,-3.721
2014-07-29,-3.67
2014-07-30,-3.597
2014-07-31,-3.252
2014-08-01,-3.174
2014-08-04,-3.303
2014-08-05,-3.205
2014-08-06,-3.035
2014-08-07,-2.882
2014-08-08,-2.685
2014-08-11,-2.941
2014-08-12,-3.02
2014-08-13,-3.108
2014-08-14,-3.176
2014-08-15,-3.014
2014-08-18,-3.219
2014-08-19,-3.312
2014-08-20,-3.308
2014-08-21,-3.354
2014-08-22,-3.364
2014-08-25,-3.36
2014-08-26,-3.409
2014-08-27,-3.432
2014-08-28,-3.323
2014-08-29,-3.335
2014-09-02,-3.264
2014-09-03,-3.287
2014-09-04,-3.264
2014-09-05,-3.334
2014-09-08,-3.29
2014-09-09,-3.11
2014-09-10,-3.077
2014-09-11,-3.1
2014-09-12,-3.122
2014-09-15,-3.037
2014-09-16,-3.107
2014-09-17,-3.235
2014-09-18,-3.306
2014-09-19,-3.358
2014-09-22,-3.219
2014-09-23,-3.088
2014-09-24,-3.234
2014-09-25,-2.987
2014-09-26,-2.957
2014-09-29,-2.802
2014-09-30,-2.657
2014-10-01,-2.468
2014-10-02,-2.395
2014-10-03,-2.628
2014-10-06,-2.652
2014-10-07,-2.44
2014-10-08,-2.487
2014-10-09,-2.325
2014-10-10,-1.981
2014-10-13,-1.826
2014-10-14,-1.602
2014-10-15,-1.018
2014-10-16,-0.888
2014-10-17,-1.288
2014-10-20,-1.584
2014-10-21,-1.836
2014-10-22,-1.905
2014-10-23,-2.011
2014-10-24,-2.047
2014-10-27,-2.064
2014-10-28,-2.342
2014-10-29,-2.424
2014-10-30,-2.459
2014-10-31,-2.472
2014-11-03,-2.342
2014-11-04,-2.178
2014-11-05,-2.308
2014-11-06,-2.324
2014-11-07,-2.379
2014-11-10,-2.607
2014-11-11,-2.625
2014-11-12,-2.444
2014-11-13,-2.463
2014-11-14,-2.412
2014-11-17,-2.302
2014-11-18,-2.42
2014-11-19,-2.467
2014-11-20,-2.434
2014-11-21,-2.568
2014-11-24,-2.64
2014-11-25,-2.695
2014-11-26,-2.765
2014-11-28,-2.509
2014-12-01,-2.282
2014-12-02,-2.306
2014-12-03,-2.235
2014-12-04,-2.309
2014-12-05,-2.423
2014-12-08,-2.151
2014-12-09,-1.859
2014-12-10,-1.47
2014-12-11,-1.412
2014-12-12,-1.187
2014-12-15,-0.929
2014-12-16,-0.677
2014-12-17,-0.989
2014-12-18,-1.42
2014-12-19,-1.452
2014-12-22,-1.538
2014-12-23,-1.649
2014-12-24,-1.669
2014-12-26,-1.789
2014-12-29,-1.593
2014-12-30,-1.438
2014-12-31,-1.402
2015-01-02,-1.369
2015-01-05,-0.933
2015-01-06,-0.693
2015-01-07,-0.817
2015-01-08,-1.168
2015-01-09,-1.137
2015-01-12,-0.959
2015-01-13,-0.916
2015-01-14,-0.649
2015-01-15,-0.34
2015-01-16,-0.288
2015-01-20,-0.514
2015-01-21,-0.747
2015-01-22,-1.008
2015-01-23,-0.957
2015-01-26,-1.131
2015-01-27,-1.082
2015-01-28,-0.907
2015-01-29,-0.92
2015-01-30,-0.495
2015-02-02,-0.553
2015-02-03,-0.767
2015-02-04,-0.782
2015-02-05,-0.886
2015-02-06,-0.998
2015-02-09,-0.765
2015-02-10,-0.822
2015-02-11,-0.808
2015-02-12,-0.993
2015-02-13,-1.165
2015-02-17,-1.254
2015-02-18,-1.3
2015-02-19,-1.357
2015-02-20,-1.327
2015-02-23,-1.436
2015-02-24,-1.63
2015-02-25,-1.832
2015-02-26,-1.847
2015-02-27,-1.804
2015-03-02,-1.845
2015-03-03,-1.839
2015-03-04,-1.764
2015-03-05,-1.818
2015-03-06,-1.854
2015-03-09,-1.761
2015-03-10,-1.351
2015-03-11,-1.28
2015-03-12,-1.46
2015-03-13,-1.371
2015-03-16,-1.485
2015-03-17,-1.577
2015-03-18,-1.532
2015-03-19,-1.559
2015-03-20,-1.701
2015-03-23,-1.659
2015-03-24,-1.724
2015-03-25,-1.693
2015-03-26,-1.509
2015-03-27,-1.464
2015-03-30,-1.568
2015-03-31,-1.319
2015-04-01,-1.348
2015-04-02,-1.474
2015-04-06,-1.577
2015-04-07,-1.64
2015-04-08,-1.756
2015-04-09,-1.848
2015-04-10,-1.875
2015-04-13,-1.798
2015-04-14,-1.809
2015-04-15,-1.868
2015-04-16,-1.793
2015-04-17,-1.529
2015-04-20,-1.597
2015-04-21,-1.643
2015-04-22,-1.716
2015-04-23,-1.725
2015-04-24,-1.745
2015-04-27,-1.78
2015-04-28,-1.925
2015-04-29,-1.853
2015-04-30,-1.698
2015-05-01,-1.76
2015-05-04,-1.818
2015-05-05,-1.675
2015-05-06,-1.686
2015-05-07,-1.537
2015-05-08,-1.966
2015-05-11,-2.04
2015-05-12,-1.936
2015-05-13,-2.099
2015-05-14,-2.139
2015-05-15,-2.181
2015-05-18,-2.308
2015-05-19,-2.236
2015-05-20,-2.232
2015-05-21,-2.301
2015-05-22,-2.291
2015-05-26,-1.961
2015-05-27,-2.08
2015-05-28,-2.082
2015-05-29,-1.945
2015-06-01,-1.904
2015-06-02,-1.95
2015-06-03,-1.959
2015-06-04,-1.788
2015-06-05,-1.788
2015-06-08,-1.684
2015-06-09,-1.644
2015-06-10,-1.706
2015-06-11,-1.817
2015-06-12,-1.682
2015-06-15,-1.438
2015-06-16,-1.446
2015-06-17,-1.538
2015-06-18,-1.64
2015-06-19,-1.559
2015-06-22,-1.983
2015-06-23,-2.154
2015-06-24,-2.046
2015-06-25,-1.989
2015-06-26,-1.978
2015-06-29,-1.108
2015-06-30,-1.135
2015-07-01,-1.453
2015-07-02,-1.43
2015-07-06,-1.108
2015-07-07,-1.034
2015-07-08,-0.607
2015-07-09,-0.878
2015-07-10,-1.32
2015-07-13,-1.762
2015-07-14,-1.936
2015-07-15,-2.024
2015-07-16,-2.238
2015-07-17,-2.3
2015-07-20,-2.304
2015-07-21,-2.317
2015-07-22,-2.232
2015-07-23,-2.15
2015-07-24,-1.921
2015-07-27,-1.607
2015-07-28,-1.769
2015-07-29,-1.959
2015-07-30,-1.98
2015-07-31,-1.956
2015-08-03,-1.893
2015-08-04,-1.928
2015-08-05,-2.021
2015-08-06,-1.871
2015-08-07,-1.868
2015-08-10,-2.022
2015-08-11,-1.675
2015-08-12,-1.318
2015-08-13,-1.549
2015-08-14,-1.689
2015-08-17,-1.667
2015-08-18,-1.617
2015-08-19,-1.29
2015-08-20,-0.908
2015-08-21,-0.121
2015-08-24,1.483
2015-08-25,1.234
2015-08-26,0.715
2015-08-27,0.364
2015-08-28,0.167
2015-08-31,0.46
2015-09-01,1.158
2015-09-02,0.914
2015-09-03,0.714
2015-09-04,1.175
2015-09-08,0.841
2015-09-09,0.603
2015-09-10,0.745
2015-09-11,0.636
2015-09-14,0.739
2015-09-15,0.452
2015-09-16,0.252
2015-09-17,0.3
2015-09-18,0.447
2015-09-21,0.334
2015-09-22,0.793
2015-09-23,0.725
2015-09-24,1.098
2015-09-25,0.873
2015-09-28,1.228
2015-09-29,1.423
2015-09-30,0.955
2015-10-01,0.769
2015-10-02,0.648
2015-10-05,0.263
2015-10-06,0.143
2015-10-07,-0.158
2015-10-08,-0.31
2015-10-09,-0.516
2015-10-12,-0.532
2015-10-13,-0.364
2015-10-14,-0.227
2015-10-15,-0.434
2015-10-16,-0.649
2015-10-19,-0.591
2015-10-20,-0.695
2015-10-21,-0.69
2015-10-22,-0.762
2015-10-23,-0.839
2015-10-26,-0.8
2015-10-27,-0.717
2015-10-28,-0.801
2015-10-29,-0.835
2015-10-30,-0.926
2015-11-02,-0.948
2015-11-03,-0.982
2015-11-04,-0.901
2015-11-05,-0.989
2015-11-06,-1.094
2015-11-09,-0.931
2015-11-10,-0.946
2015-11-11,-1.009
2015-11-12,-0.824
2015-11-13,-0.618
2015-11-16,-0.598
2015-11-17,-0.782
2015-11-18,-0.875
2015-11-19,-0.994
2015-11-20,-1.131
2015-11-23,-1.033
2015-11-24,-0.966
2015-11-25,-0.964
2015-11-27,-1.001
2015-11-30,-0.877
2015-12-01,-1.017
2015-12-02,-0.959
2015-12-03,-1.058
2015-12-04,-1.148
2015-12-07,-1.103
2015-12-08,-0.877
2015-12-09,-0.698
2015-12-10,-0.61
2015-12-11,-0.118
2015-12-14,0.044
2015-12-15,-0.18
2015-12-16,-0.597
2015-12-17,-0.651
2015-12-18,-0.288
2015-12-21,-0.326
2015-12-22,-0.553
2015-12-23,-0.716
2015-12-24,-0.723
2015-12-28,-0.606
2015-12-29,-0.794
2015-12-30,-0.646
2015-12-31,-0.595
2016-01-04,-0.085
2016-01-05,-0.176
2016-01-06,0.072
2016-01-07,0.629
2016-01-08,0.799
2016-01-11,0.778
2016-01-12,0.769
2016-01-13,0.739
2016-01-14,0.901
2016-01-15,1.517
2016-01-19,1.333
2016-01-20,1.978
2016-01-21,2.011
2016-01-22,1.493
2016-01-25,1.502
2016-01-26,1.518
2016-01-27,1.48
2016-01-28,1.53
2016-01-29,1.27
2016-02-01,1.056
2016-02-02,1.427
2016-02-03,1.791
2016-02-04,1.822
2016-02-05,2.016
2016-02-08,2.596
2016-02-09,3.11
2016-02-10,3.092
2016-02-11,3.71
2016-02-12,3.568
2016-02-16,2.808
2016-02-17,2.502
2016-02-18,2.428
2016-02-19,2.511
2016-02-22,2.239
2016-02-23,2.38
2016-02-24,2.571
2016-02-25,2.272
2016-02-26,2.126
2016-02-29,2.247
2016-03-01,1.766
2016-03-02,1.505
2016-03-03,1.372
2016-03-04,1.15
2016-03-07,1.178
2016-03-08,1.419
2016-03-09,1.35
2016-03-10,1.122
2016-03-11,0.676
2016-03-14,0.432
2016-03-15,0.347
2016-03-16,0.335
2016-03-17,0.14
2016-03-18,0.02
2016-03-21,-0.076
2016-03-22,-0.143
2016-03-23,0
2016-03-24,0.142
2016-03-28,0.118
2016-03-29,0.112
2016-03-30,-0.106
2016-03-31,-0.041
2016-04-01,0.138
2016-04-04,0.139
2016-04-05,0.507
2016-04-06,0.397
2016-04-07,0.657
2016-04-08,0.55
2016-04-11,0.543
2016-04-12,0.291
2016-04-13,-0.003
2016-04-14,-0.131
2016-04-15,-0.089
2016-04-18,0.012
2016-04-19,-0.242
2016-04-20,-0.253
2016-04-21,-0.249
2016-04-22,-0.309
2016-04-25,-0.237
2016-04-26,-0.302
2016-04-27,-0.327
2016-04-28,-0.253
2016-04-29,-0.057
2016-05-02,0.109
2016-05-03,0.317
2016-05-04,0.406
2016-05-05,0.415
2016-05-06,0.261
2016-05-09,0.163
2016-05-10,-0.059
2016-05-11,0.051
2016-05-12,-0.055
2016-05-13,0.093
2016-05-16,0.038
2016-05-17,-0.011
2016-05-18,-0.102
2016-05-19,0.037
2016-05-20,-0.202
2016-05-23,-0.198
2016-05-24,-0.398
2016-05-25,-0.571
2016-05-26,-0.6
2016-05-27,-0.723
2016-05-31,-0.596
2016-06-01,-0.543
2016-06-02,-0.553
2016-06-03,-0.493
2016-06-06,-0.532
2016-06-07,-0.66
2016-06-08,-0.667
2016-06-09,-0.496
2016-06-10,-0.082
2016-06-13,0.533
2016-06-14,0.846
2016-06-15,0.732
2016-06-16,0.973
2016-06-17,0.78
2016-06-20,0.332
2016-06-21,0.19
2016-06-22,0.43
2016-06-23,-0.116
2016-06-24,1.535
2016-06-27,1.61
2016-06-28,0.937
2016-06-29,0.449
2016-06-30,0.277
2016-07-01,0.118
2016-07-05,0.403
2016-07-06,0.576
2016-07-07,0.483
2016-07-08,0.308
2016-07-11,0.001
2016-07-12,-0.2
2016-07-13,-0.231
2016-07-14,-0.397
2016-07-15,-0.4
2016-07-18,-0.41
2016-07-19,-0.418
2016-07-20,-0.529
2016-07-21,-0.417
2016-07-22,-0.527
2016-07-25,-0.508
2016-07-26,-0.523
2016-07-27,-0.53
2016-07-28,-0.513
2016-07-29,-0.767
2016-08-01,-0.848
2016-08-02,-0.628
2016-08-03,-0.544
2016-08-04,-0.659
2016-08-05,-0.977
2016-08-08,-1.088
2016-08-09,-1.101
2016-08-10,-1.036
2016-08-11,-1.163
2016-08-12,-1.206
2016-08-15,-1.251
2016-08-16,-1.102
2016-08-17,-1.056
2016-08-18,-1.058
2016-08-19,-1.062
2016-08-22,-0.965
2016-08-23,-1.014
2016-08-24,-0.996
2016-08-25,-0.987
2016-08-26,-1.049
2016-08-29,-1.063
2016-08-30,-1.086
2016-08-31,-1.091
2016-09-01,-1.053
2016-09-02,-1.243
2016-09-06,-1.268
2016-09-07,-1.362
2016-09-08,-1.384
2016-09-09,-0.993
2016-09-12,-0.843
2016-09-13,-0.743
2016-09-14,-0.584
2016-09-15,-0.668
2016-09-16,-0.661
2016-09-19,-0.699
2016-09-20,-0.698
2016-09-21,-0.991
2016-09-22,-1.217
2016-09-23,-1.235
2016-09-26,-0.89
2016-09-27,-0.96
2016-09-28,-1.004
2016-09-29,-0.933
2016-09-30,-0.795
2016-10-03,-0.921
2016-10-04,-1.085
2016-10-05,-1.12
2016-10-06,-1.163
2016-10-07,-1.078
2016-10-10,-1.189
2016-10-11,-1.065
2016-10-12,-1.038
2016-10-13,-0.926
2016-10-14,-1.112
2016-10-17,-1.048
2016-10-18,-1.268
2016-10-19,-1.381
2016-10-20,-1.506
2016-10-21,-1.54
2016-10-24,-1.594
2016-10-25,-1.623
2016-10-26,-1.569
2016-10-27,-1.501
2016-10-28,-1.49
2016-10-31,-1.34
2016-11-01,-1.114
2016-11-02,-0.888
2016-11-03,-0.761
2016-11-04,-0.595
2016-11-07,-1.099
2016-11-08,-1.314
2016-11-09,-1.314
2016-11-10,-1.391
2016-11-11,-1.255
2016-11-14,-1.139
2016-11-15,-1.308
2016-11-16,-1.266
2016-11-17,-1.403
2016-11-18,-1.305
2016-11-21,-1.361
2016-11-22,-1.515
2016-11-23,-1.514
2016-11-25,-1.486
2016-11-28,-1.357
2016-11-29,-1.359
2016-11-30,-1.293
2016-12-01,-1.122
2016-12-02,-1.03
2016-12-05,-1.312
2016-12-06,-1.469
2016-12-07,-1.6
2016-12-08,-1.722
2016-12-09,-1.767
2016-12-12,-1.711
2016-12-13,-1.866
2016-12-14,-1.821
2016-12-15,-1.712
2016-12-16,-1.738
2016-12-19,-1.711
2016-12-20,-1.823
2016-12-21,-1.847
2016-12-22,-1.843
2016-12-23,-1.82
2016-12-27,-1.789
2016-12-28,-1.743
2016-12-29,-1.652
2016-12-30,-1.772
2017-01-03,-1.949
2017-01-04,-2.046
2017-01-05,-1.997
2017-01-06,-2.179
2017-01-09,-2.001
2017-01-10,-1.988
2017-01-11,-1.949
2017-01-12,-1.914
2017-01-13,-2.122
2017-01-17,-1.942
2017-01-18,-2.014
2017-01-19,-1.945
2017-01-20,-1.997
2017-01-23,-1.871
2017-01-24,-2.041
2017-01-25,-2.206
2017-01-26,-2.255
2017-01-27,-2.254
2017-01-30,-2.03
2017-01-31,-1.946
2017-02-01,-2.05
2017-02-02,-2.03
2017-02-03,-2.162
2017-02-06,-2.027
2017-02-07,-1.982
2017-02-08,-2.012
2017-02-09,-2.172
2017-02-10,-2.236
2017-02-13,-2.374
2017-02-14,-2.448
2017-02-15,-2.499
2017-02-16,-2.41
2017-02-17,-2.399
2017-02-21,-2.425
2017-02-22,-2.418
2017-02-23,-2.367
2017-02-24,-2.298
2017-02-27,-2.309
2017-02-28,-2.373
2017-03-01,-2.578
2017-03-02,-2.658
2017-03-03,-2.758
2017-03-06,-2.822
2017-03-07,-2.868
2017-03-08,-2.75
2017-03-09,-2.71
2017-03-10,-2.788
2017-03-13,-2.825
2017-03-14,-2.764
2017-03-15,-2.724
2017-03-16,-3.058
2017-03-17,-3.014
2017-03-20,-2.749
2017-03-21,-2.762
2017-03-22,-2.535
2017-03-23,-2.511
2017-03-24,-2.601
2017-03-27,-2.538
2017-03-28,-2.726
2017-03-29,-2.762
2017-03-30,-2.776
2017-03-31,-2.497
2017-04-03,-2.499
2017-04-04,-2.452
2017-04-05,-2.423
2017-04-06,-2.34
2017-04-07,-2.387
2017-04-10,-2.311
2017-04-11,-2.135
2017-04-12,-1.99
2017-04-13,-1.878
2017-04-17,-1.953
2017-04-18,-1.882
2017-04-19,-1.934
2017-04-20,-1.974
2017-04-21,-1.919
2017-04-24,-2.758
2017-04-25,-2.917
2017-04-26,-2.917
2017-04-27,-2.965
2017-04-28,-2.925
2017-05-01,-3.001
2017-05-02,-3.013
2017-05-03,-3.109
2017-05-04,-3.113
2017-05-05,-3.145
2017-05-08,-3.427
2017-05-09,-3.464
2017-05-10,-3.498
2017-05-11,-3.47
2017-05-12,-3.458
2017-05-15,-3.546
2017-05-16,-3.556
2017-05-17,-2.998
2017-05-18,-2.85
2017-05-19,-3.1
2017-05-22,-3.246
2017-05-23,-3.34
2017-05-24,-3.406
2017-05-25,-3.419
2017-05-26,-3.398
2017-05-30,-3.302
2017-05-31,-3.267
2017-06-01,-3.371
2017-06-02,-3.382
2017-06-05,-3.461
2017-06-06,-3.335
2017-06-07,-3.315
2017-06-08,-3.398
2017-06-09,-3.519
2017-06-12,-3.471
2017-06-13,-3.578
2017-06-14,-3.495
2017-06-15,-3.476
2017-06-16,-3.533
2017-06-19,-3.657
2017-06-20,-3.539
2017-06-21,-3.452
2017-06-22,-3.425
2017-06-23,-3.476
2017-06-26,-3.567
2017-06-27,-3.512
2017-06-28,-3.466
2017-06-29,-3.334
2017-06-30,-3.266
2017-07-03,-3.412
2017-07-05,-3.349
2017-07-06,-3.223
2017-07-07,-3.315
2017-07-10,-3.426
2017-07-11,-3.476
2017-07-12,-3.549
2017-07-13,-3.644
2017-07-14,-3.756
2017-07-17,-3.744
2017-07-18,-3.605
2017-07-19,-3.693
2017-07-20,-3.739
2017-07-21,-3.655
2017-07-24,-3.628
2017-07-25,-3.694
2017-07-26,-3.715
2017-07-27,-3.682
2017-07-28,-3.528
2017-07-31,-3.512
2017-08-01,-3.523
2017-08-02,-3.563
2017-08-03,-3.488
2017-08-04,-3.611
2017-08-07,-3.649
2017-08-08,-3.622
2017-08-09,-3.309
2017-08-10,-2.871
2017-08-11,-2.778
2017-08-14,-3.07
2017-08-15,-3.216
2017-08-16,-3.261
2017-08-17,-3.02
2017-08-18,-2.898
2017-08-21,-2.862
2017-08-22,-3.102
2017-08-23,-3.044
2017-08-24,-3.11
2017-08-25,-3.189
2017-08-28,-3.19
2017-08-29,-3.008
2017-08-30,-3.093
2017-08-31,-3.114
2017-09-01,-3.238
2017-09-05,-2.82
2017-09-06,-2.9
2017-09-07,-2.878
2017-09-08,-2.771
2017-09-11,-3.162
2017-09-12,-3.304
2017-09-13,-3.343
2017-09-14,-3.354
2017-09-15,-3.369
2017-09-18,-3.417
2017-09-19,-3.48
2017-09-20,-3.541
2017-09-21,-3.539
2017-09-22,-3.478
2017-09-25,-3.358
2017-09-26,-3.363
2017-09-27,-3.461
2017-09-28,-3.495
2017-09-29,-3.567
2017-10-02,-3.455
2017-10-03,-3.545
2017-10-04,-3.52
2017-10-05,-3.592
2017-10-06,-3.546
2017-10-09,-3.49
2017-10-10,-3.471
2017-10-11,-3.525
2017-10-12,-3.526
2017-10-13,-3.506
2017-10-16,-3.533
2017-10-17,-3.573
2017-10-18,-3.695
2017-10-19,-3.587
2017-10-20,-3.64
2017-10-23,-3.619
2017-10-24,-3.63
2017-10-25,-3.583
2017-10-26,-3.618
2017-10-27,-3.711
2017-10-30,-3.704
2017-10-31,-3.802
2017-11-01,-3.893
2017-11-02,-3.868
2017-11-03,-3.928
2017-11-06,-3.908
2017-11-07,-3.918
2017-11-08,-3.898
2017-11-09,-3.65
2017-11-10,-3.624
2017-11-13,-3.58
2017-11-14,-3.536
2017-11-15,-3.343
2017-11-16,-3.519
2017-11-17,-3.488
2017-11-20,-3.575
2017-11-21,-3.718
2017-11-22,-3.674
2017-11-24,-3.703
2017-11-27,-3.641
2017-11-28,-3.707
2017-11-29,-3.707
2017-11-30,-3.685
2017-12-01,-3.567
2017-12-04,-3.648
2017-12-05,-3.665
2017-12-06,-3.563
2017-12-07,-3.667
2017-12-08,-3.787
2017-12-11,-3.835
2017-12-12,-3.862
2017-12-13,-3.781
2017-12-14,-3.756
2017-12-15,-3.789
2017-12-18,-3.905
2017-12-19,-3.902
2017-12-20,-3.871
2017-12-21,-3.855
2017-12-22,-3.836
2017-12-26,-3.769
2017-12-27,-3.823
2017-12-28,-3.813
2017-12-29,-3.73
2018-01-02,-3.717
2018-01-03,-3.835
2018-01-04,-3.935
2018-01-05,-4.059
2018-01-08,-4.093
2018-01-09,-4.102
2018-01-10,-4.059
2018-01-11,-4.124
2018-01-12,-4.181
2018-01-16,-4.096
2018-01-17,-4.076
2018-01-18,-4.014
2018-01-19,-4.035
2018-01-22,-4.091
2018-01-23,-4.103
2018-01-24,-4.037
2018-01-25,-3.974
2018-01-26,-4.032
2018-01-29,-3.896
2018-01-30,-3.71
2018-01-31,-3.797
2018-02-01,-3.802
2018-02-02,-3.481
2018-02-05,-2.353
2018-02-06,-1.997
2018-02-07,-2.371
2018-02-08,-1.735
2018-02-09,-1.427
2018-02-12,-1.851
2018-02-13,-1.986
2018-02-14,-2.361
2018-02-15,-2.567
2018-02-16,-2.732
2018-02-20,-2.71
2018-02-21,-2.81
2018-02-22,-2.713
2018-02-23,-2.907
2018-02-26,-3.027
2018-02-27,-2.909
2018-02-28,-2.687
2018-03-01,-2.276
2018-03-02,-2.17
2018-03-05,-2.31
2018-03-06,-2.461
2018-03-07,-2.408
2018-03-08,-2.558
2018-03-09,-2.784
2018-03-12,-2.81
2018-03-13,-2.782
2018-03-14,-2.666
2018-03-15,-2.705
2018-03-16,-2.701
2018-03-19,-2.421
2018-03-20,-2.486
2018-03-21,-2.474
2018-03-22,-1.998
2018-03-23,-1.506
2018-03-26,-1.772
2018-03-27,-1.859
2018-03-28,-1.733
2018-03-29,-1.923
2018-04-02,-1.7
2018-04-03,-1.822
2018-04-04,-1.869
2018-04-05,-2.136
2018-04-06,-1.913
2018-04-09,-1.989
2018-04-10,-2.175
2018-04-11,-2.112
2018-04-12,-2.313
2018-04-13,-2.413
2018-04-16,-2.495
2018-04-17,-2.685
2018-04-18,-2.763
2018-04-19,-2.738
2018-04-20,-2.703
2018-04-23,-2.697
2018-04-24,-2.642
2018-04-25,-2.567
2018-04-26,-2.682
2018-04-27,-2.783
2018-04-30,-2.732
2018-05-01,-2.722
2018-05-02,-2.727
2018-05-03,-2.662
2018-05-04,-2.781
2018-05-07,-2.777
2018-05-08,-2.811
2018-05-09,-2.919
2018-05-10,-3.064
2018-05-11,-3.209
2018-05-14,-3.27
2018-05-15,-3.119
2018-05-16,-3.093
2018-05-17,-3.106
2018-05-18,-3.03
2018-05-21,-3.04
2018-05-22,-3.12
2018-05-23,-2.865
2018-05-24,-2.798
2018-05-25,-2.706
2018-05-29,-1.887
2018-05-30,-2.047
2018-05-31,-2.124
2018-06-01,-2.383
2018-06-04,-2.688
2018-06-05,-2.677
2018-06-06,-2.799
2018-06-07,-2.682
2018-06-08,-2.591
2018-06-11,-2.657
2018-06-12,-2.734
2018-06-13,-2.783
2018-06-14,-2.824
2018-06-15,-2.773
2018-06-18,-2.63
2018-06-19,-2.33
2018-06-20,-2.554
2018-06-21,-2.346
2018-06-22,-2.383
2018-06-25,-2.045
2018-06-26,-2.136
2018-06-27,-1.944
2018-06-28,-1.905
2018-06-29,-2.1
2018-07-02,-1.915
2018-07-03,-2.006
2018-07-05,-2.152
2018-07-06,-2.364
2018-07-09,-2.588
2018-07-10,-2.67
2018-07-11,-2.353
2018-07-12,-2.507
2018-07-13,-2.591
2018-07-16,-2.586
2018-07-17,-2.71
2018-07-18,-2.751
2018-07-19,-2.62
2018-07-20,-2.561
2018-07-23,-2.559
2018-07-24,-2.728
2018-07-25,-2.82
2018-07-26,-2.891
2018-07-27,-2.857
2018-07-30,-2.712
2018-07-31,-2.879
2018-08-01,-2.853
2018-08-02,-2.727
2018-08-03,-2.795
2018-08-06,-2.802
2018-08-07,-2.942
2018-08-08,-2.922
2018-08-09,-2.847
2018-08-10,-2.449
2018-08-13,-2.176
2018-08-14,-2.455
2018-08-15,-2.217
2018-08-16,-2.396
2018-08-17,-2.412
2018-08-20,-2.493
2018-08-21,-2.624
2018-08-22,-2.648
2018-08-23,-2.648
2018-08-24,-2.708
2018-08-27,-2.835
2018-08-28,-2.904
2018-08-29,-2.929
2018-08-30,-2.683
2018-08-31,-2.655
2018-09-04,-2.597
2018-09-05,-2.475
2018-09-06,-2.394
2018-09-07,-2.455
2018-09-10,-2.53
2018-09-11,-2.641
2018-09-12,-2.729
2018-09-13,-2.862
2018-09-14,-2.986
2018-09-17,-2.913
2018-09-18,-3.025
2018-09-19,-3.145
2018-09-20,-3.182
2018-09-21,-3.248
2018-09-24,-3.173
2018-09-25,-3.225
2018-09-26,-3.245
2018-09-27,-3.291
2018-09-28,-3.265
2018-10-01,-3.305
2018-10-02,-3.179
2018-10-03,-3.284
2018-10-04,-2.946
2018-10-05,-2.887
2018-10-08,-2.8
2018-10-09,-2.755
2018-10-10,-2.322
2018-10-11,-1.712
2018-10-12,-1.976
2018-10-15,-1.996
2018-10-16,-2.431
2018-10-17,-2.544
2018-10-18,-2.195
2018-10-19,-2.21
2018-10-22,-2.229
2018-10-23,-1.778
2018-10-24,-1.508
2018-10-25,-1.409
2018-10-26,-1.207
2018-10-29,-1.184
2018-10-30,-1.34
2018-10-31,-1.578
2018-11-01,-1.623
2018-11-02,-1.788
2018-11-05,-1.724
2018-11-06,-1.844
2018-11-07,-2.213
2018-11-08,-2.331
2018-11-09,-2.172
2018-11-12,-1.942
2018-11-13,-1.746
2018-11-14,-1.603
2018-11-15,-1.501
2018-11-16,-1.576
2018-11-19,-1.466
2018-11-20,-1.12
2018-11-21,-1.306
2018-11-23,-1.199
2018-11-26,-1.427
2018-11-27,-1.409
2018-11-28,-1.532
2018-11-29,-1.519
2018-11-30,-1.488
2018-12-03,-1.739
2018-12-04,-1.329
2018-12-06,-0.822
2018-12-07,-0.771
2018-12-10,-0.632
2018-12-11,-0.741
2018-12-12,-0.988
2018-12-13,-1.226
2018-12-14,-0.984
2018-12-17,-0.794
2018-12-18,-0.589
2018-12-19,-0.531
2018-12-20,-0.171
2018-12-21,0.003
2018-12-24,0.473
2018-12-26,0.304
2018-12-27,0.418
2018-12-28,0.35
2018-12-31,0.268
2019-01-02,0.23
2019-01-03,0.51
2019-01-04,0.027
2019-01-07,-0.231
2019-01-08,-0.493
2019-01-09,-0.604
2019-01-10,-0.617
2019-01-11,-0.69
2019-01-14,-0.648
2019-01-15,-0.772
2019-01-16,-0.885
2019-01-17,-1.018
2019-01-18,-1.247
2019-01-22,-1.111
2019-01-23,-1.237
2019-01-24,-1.291
2019-01-25,-1.615
2019-01-28,-1.515
2019-01-29,-1.53
2019-01-30,-1.596
2019-01-31,-1.701
2019-02-01,-1.85
2019-02-04,-1.939
2019-02-05,-2.061
2019-02-06,-2.073
2019-02-07,-1.865
2019-02-08,-1.794
2019-02-11,-1.875
2019-02-12,-2.109
2019-02-13,-2.174
2019-02-14,-2.065
2019-02-15,-2.17
2019-02-19,-2.306
2019-02-20,-2.449
2019-02-21,-2.466
2019-02-22,-2.591
2019-02-25,-2.599
2019-02-26,-2.621
2019-02-27,-2.68
2019-02-28,-2.711
2019-03-01,-2.837
2019-03-04,-2.827
2019-03-05,-2.837
2019-03-06,-2.727
2019-03-07,-2.526
2019-03-08,-2.395
2019-03-11,-2.608
2019-03-12,-2.714
2019-03-13,-2.774
2019-03-14,-2.859
2019-03-15,-2.982
2019-03-18,-3.076
2019-03-19,-3.139
2019-03-20,-3.011
2019-03-21,-3
2019-03-22,-2.614
2019-03-25,-2.379
2019-03-26,-2.588
2019-03-27,-2.403
2019-03-28,-2.357
2019-03-29,-2.559
2019-04-01,-2.836
2019-04-02,-2.873
2019-04-03,-3.005
2019-04-04,-3.038
2019-04-05,-3.145
2019-04-08,-3.143
2019-04-09,-3.091
2019-04-10,-3.13
2019-04-11,-3.285
2019-04-12,-3.402
2019-04-15,-3.431
2019-04-16,-3.548
2019-04-17,-3.528
2019-04-18,-3.459
2019-04-22,-3.482
2019-04-23,-3.498
2019-04-24,-3.307
2019-04-25,-3.254
2019-04-26,-3.229
2019-04-29,-3.261
2019-04-30,-3.221
2019-05-01,-3.161
2019-05-02,-3.155
2019-05-03,-3.272
2019-05-06,-2.963
2019-05-07,-2.499
2019-05-08,-2.45
2019-05-09,-2.134
2019-05-10,-2.377
2019-05-13,-1.961
2019-05-14,-2.153
2019-05-15,-2.285
2019-05-16,-2.45
2019-05-17,-2.403
2019-05-20,-2.346
2019-05-21,-2.54
2019-05-22,-2.59
2019-05-23,-2.123
2019-05-24,-2.226
2019-05-28,-2.187
2019-05-29,-2
2019-05-30,-2.065
2019-05-31,-1.699
2019-06-03,-1.482
2019-06-04,-1.74
2019-06-05,-1.839
2019-06-06,-1.919
2019-06-07,-1.962
2019-06-10,-2.176
2019-06-11,-2.281
2019-06-12,-2.137
2019-06-13,-2.083
2019-06-14,-2.132
2019-06-17,-2.144
2019-06-18,-2.181
2019-06-19,-2.265
2019-06-20,-2.283
2019-06-21,-2.28
2019-06-24,-2.273
2019-06-25,-2.188
2019-06-26,-2.246
2019-06-27,-2.271
2019-06-28,-2.277
2019-07-01,-2.595
2019-07-02,-2.662
2019-07-03,-2.775
2019-07-05,-2.917
2019-07-08,-2.868
2019-07-09,-2.874
2019-07-10,-2.797
2019-07-11,-2.921
2019-07-12,-3.002
2019-07-15,-2.977
2019-07-16,-2.995
2019-07-17,-2.82
2019-07-18,-2.528
2019-07-19,-2.683
2019-07-22,-2.783
2019-07-23,-2.878
2019-07-24,-2.884
2019-07-25,-2.93
2019-07-26,-3.003
2019-07-29,-2.969
2019-07-30,-2.825
2019-07-31,-2.723
2019-08-01,-2.375
2019-08-02,-1.919
2019-08-05,-0.919
2019-08-06,-1.221
2019-08-07,-1.097
2019-08-08,-1.493
2019-08-09,-1.439
2019-08-12,-1.142
2019-08-13,-1.362
2019-08-14,-0.845
2019-08-15,-0.586
2019-08-16,-0.909
2019-08-19,-1.224
2019-08-20,-1.178
2019-08-21,-1.438
2019-08-22,-1.46
2019-08-23,-1.063
2019-08-26,-0.983
2019-08-27,-1.046
2019-08-28,-1.102
2019-08-29,-1.251
2019-08-30,-1.283
2019-09-03,-1.214
2019-09-04,-1.491
2019-09-05,-1.853
2019-09-06,-2.033
2019-09-09,-2.084
2019-09-10,-2.174
2019-09-11,-2.254
2019-09-12,-2.534
2019-09-13,-2.67
2019-09-16,-2.199
2019-09-17,-2.102
2019-09-18,-2.12
2019-09-19,-2.132
2019-09-20,-2.046
2019-09-23,-2
2019-09-24,-1.849
2019-09-25,-1.834
2019-09-26,-1.804
2019-09-27,-1.727
2019-09-30,-1.797
2019-10-01,-1.617
2019-10-02,-1.207
2019-10-03,-1.139
2019-10-04,-1.398
2019-10-07,-1.499
2019-10-08,-1.323
2019-10-09,-1.488
2019-10-10,-1.661
2019-10-11,-1.95
2019-10-14,-1.986
2019-10-15,-2.256
2019-10-16,-2.581
2019-10-17,-2.703
2019-10-18,-2.707
2019-10-21,-2.877
2019-10-22,-2.853
2019-10-23,-2.9
2019-10-24,-3.004
2019-10-25,-3.177
2019-10-28,-3.229
2019-10-29,-3.194
2019-10-30,-3.152
2019-10-31,-3.039
2019-11-01,-3.165
2019-11-04,-3.256
2019-11-05,-3.314
2019-11-06,-3.311
2019-11-07,-3.38
2019-11-08,-3.377
2019-11-11,-3.32
2019-11-12,-3.4
2019-11-13,-3.259
2019-11-14,-3.199
2019-11-15,-3.38
2019-11-18,-3.391
2019-11-19,-3.365
2019-11-20,-3.252
2019-11-21,-3.227
2019-11-22,-3.322
2019-11-25,-3.461
2019-11-26,-3.492
2019-11-27,-3.623
2019-11-29,-3.527
2019-12-02,-3.293
2019-12-03,-3.081
2019-12-04,-3.145
2019-12-05,-3.194
2019-12-06,-3.319
2019-12-09,-3.243
2019-12-10,-3.268
2019-12-11,-3.295
2019-12-12,-3.457
2019-12-13,-3.649
2019-12-16,-3.831
2019-12-17,-3.83
2019-12-18,-3.847
2019-12-19,-3.866
2019-12-20,-3.89
2019-12-23,-3.898
2019-12-24,-3.841
2019-12-26,-4.171
2019-12-27,-4.094
2019-12-30,-3.581
2019-12-31,-3.632
2020-01-02,-3.754
2020-01-03,-3.553
2020-01-06,-3.508
2020-01-07,-3.641
2020-01-08,-3.606
2020-01-09,-3.884
2020-01-10,-3.925
2020-01-13,-4.006
2020-01-14,-4.055
2020-01-15,-4.007
2020-01-16,-4.139
2020-01-17,-4.242
2020-01-21,-4.075
2020-01-22,-4.086
2020-01-23,-3.933
2020-01-24,-3.825
2020-01-27,-3.12
2020-01-28,-3.4
2020-01-29,-3.455
2020-01-30,-3.238
2020-01-31,-2.955
2020-02-03,-2.957
2020-02-04,-3.414
2020-02-05,-3.627
2020-02-06,-3.725
2020-02-07,-3.593
2020-02-10,-3.567
2020-02-11,-3.702
2020-02-12,-3.893
2020-02-13,-3.82
2020-02-14,-3.804
2020-02-18,-3.655
2020-02-19,-3.765
2020-02-20,-3.566
2020-02-21,-3.326
2020-02-24,-2.342
2020-02-25,-1.746
2020-02-26,-1.639
2020-02-27,-0.367
2020-02-28,0.772
2020-03-02,0.339
2020-03-03,0.518
2020-03-04,-0.102
2020-03-05,0.287
2020-03-06,1.68
2020-03-09,5.134
2020-03-10,3.816
2020-03-11,4.663
2020-03-12,7.475
2020-03-13,6.391
2020-03-16,8.99
2020-03-17,8.185
2020-03-18,9.486
2020-03-19,10.266
2020-03-20,9.84
2020-03-23,10.054
2020-03-24,8.474
2020-03-25,7.962
2020-03-26,7.671
2020-03-27,8.333
2020-03-30,7.954
2020-03-31,7.282
2020-04-01,7.932
2020-04-02,7.704
2020-04-03,7.501
2020-04-06,6.797
2020-04-07,6.579
2020-04-08,6.077
2020-04-09,5.546
2020-04-13,5.41
2020-04-14,4.773
2020-04-15,5.1
2020-04-16,5.139
2020-04-17,4.648
2020-04-20,4.757
2020-04-21,5.647
2020-04-22,5.351
2020-04-23,5.095
2020-04-24,4.939
2020-04-27,4.222
2020-04-28,4.026
2020-04-29,3.507
2020-04-30,3.399
2020-05-01,3.754
2020-05-04,3.721
2020-05-05,3.36
2020-05-06,3.391
2020-05-07,3.089
2020-05-08,2.62
2020-05-11,2.43
2020-05-12,2.596
2020-05-13,2.914
2020-05-14,3.072
2020-05-15,2.829
2020-05-18,2.218
2020-05-19,2.158
2020-05-20,1.78
2020-05-21,1.4
2020-05-22,1.486
2020-05-26,0.908
2020-05-27,0.778
2020-05-28,0.688
2020-05-29,0.638
2020-06-01,0.514
2020-06-02,0.243
2020-06-03,-0.148
2020-06-04,-0.39
2020-06-05,-0.748
2020-06-08,-0.96
2020-06-09,-0.728
2020-06-10,-0.597
2020-06-11,0.633
2020-06-12,0.671
2020-06-15,0.7
2020-06-16,0.123
2020-06-17,0.04
2020-06-18,0.11
2020-06-19,-0.005
2020-06-22,-0.077
2020-06-23,-0.284
2020-06-24,0.141
2020-06-25,0.1
2020-06-26,0.217
2020-06-29,0.198
2020-06-30,-0.115
2020-07-01,-0.393
2020-07-02,-0.69
2020-07-06,-1.06
2020-07-07,-0.967
2020-07-08,-0.991
2020-07-09,-0.866
2020-07-10,-0.998
2020-07-13,-1.05
2020-07-14,-1.038
2020-07-15,-1.32
2020-07-16,-1.318
2020-07-17,-1.465
2020-07-20,-1.662
2020-07-21,-1.809
2020-07-22,-1.814
2020-07-23,-1.725
2020-07-24,-1.495
2020-07-27,-1.587
2020-07-28,-1.545
2020-07-29,-1.608
2020-07-30,-1.458
2020-07-31,-1.381
2020-08-03,-1.565
2020-08-04,-1.641
2020-08-05,-1.717
2020-08-06,-1.678
2020-08-07,-1.724
2020-08-10,-1.787
2020-08-11,-1.903
2020-08-12,-2.052
2020-08-13,-2.032
2020-08-14,-1.964
2020-08-17,-1.928
2020-08-18,-1.872
2020-08-19,-1.91
2020-08-20,-1.769
2020-08-21,-1.799
2020-08-24,-1.944
2020-08-25,-2.041
2020-08-26,-2.029
2020-08-27,-1.956
2020-08-28,-1.78
2020-08-31,-1.521
2020-09-01,-1.827
2020-09-02,-1.917
2020-09-03,-1.498
2020-09-04,-1.411
2020-09-08,-1.34
2020-09-09,-1.522
2020-09-10,-1.546
2020-09-11,-1.73
2020-09-14,-1.859
2020-09-15,-1.913
2020-09-16,-1.889
2020-09-17,-1.796
2020-09-18,-1.795
2020-09-21,-1.294
2020-09-22,-1.409
2020-09-23,-1.271
2020-09-24,-1.097
2020-09-25,-1.23
2020-09-28,-1.392
2020-09-29,-1.405
2020-09-30,-1.488
2020-10-01,-1.511
2020-10-02,-1.369
2020-10-05,-1.55
2020-10-06,-1.592
2020-10-07,-1.744
2020-10-08,-1.941
2020-10-09,-2.128
2020-10-12,-2.221
2020-10-13,-2.151
2020-10-14,-2.135
2020-10-15,-1.893
2020-10-16,-1.913
2020-10-19,-1.905
2020-10-20,-1.866
2020-10-21,-1.794
2020-10-22,-1.824
2020-10-23,-1.891
2020-10-26,-1.487
2020-10-27,-1.322
2020-10-28,-0.661
2020-10-29,-0.708
2020-10-30,-0.642
2020-11-02,-0.762
2020-11-03,-1.066
2020-11-04,-1.757
2020-11-05,-2.139
2020-11-06,-2.245
2020-11-09,-2.613
2020-11-10,-2.566
2020-11-11,-2.767
2020-11-12,-2.592
2020-11-13,-2.691
2020-11-16,-2.886
2020-11-17,-2.804
2020-11-18,-2.764
2020-11-19,-2.733
2020-11-20,-2.806
2020-11-23,-2.881
2020-11-24,-3.091
2020-11-25,-3.073
2020-11-27,-3.21
2020-11-30,-3.107
2020-12-01,-3.315
2020-12-02,-3.328
2020-12-03,-3.321
2020-12-04,-3.429
2020-12-07,-3.332
2020-12-08,-3.42
2020-12-09,-3.529
2020-12-10,-3.506
2020-12-11,-3.343
2020-12-14,-3.33
2020-12-15,-3.46
2020-12-16,-3.549
2020-12-17,-3.625
2020-12-18,-3.599
2020-12-21,-3.23
2020-12-22,-3.222
2020-12-23,-3.421
2020-12-24,-3.553
2020-12-28,-3.671
2020-12-29,-3.681
2020-12-30,-3.611
2020-12-31,-3.642
2021-01-04,-3.392
2021-01-05,-3.419
2021-01-06,-3.655
2021-01-07,-3.87
2021-01-08,-3.982
2021-01-11,-3.848
2021-01-12,-3.854
2021-01-13,-3.933
2021-01-14,-3.948
2021-01-15,-3.755
2021-01-19,-3.854
2021-01-20,-4.026
2021-01-21,-4.105
2021-01-22,-4.019
2021-01-25,-3.857
2021-01-26,-3.879
2021-01-27,-3.225
2021-01-28,-3.339
2021-01-29,-3.053
2021-02-01,-3.329
2021-02-02,-3.727
2021-02-03,-3.967
2021-02-04,-4.036
2021-02-05,-4.171
2021-02-08,-4.226
2021-02-09,-4.215
2021-02-10,-4.166
2021-02-11,-4.263
2021-02-12,-4.364
2021-02-16,-4.332
2021-02-17,-4.269
2021-02-18,-4.207
2021-02-19,-4.199
2021-02-22,-3.941
2021-02-23,-3.901
2021-02-24,-3.944
2021-02-25,-3.62
2021-02-26,-3.163
2021-03-01,-3.645
2021-03-02,-3.701
2021-03-03,-3.663
2021-03-04,-3.374
2021-03-05,-3.369
2021-03-08,-3.348
2021-03-09,-3.486
2021-03-10,-3.613
2021-03-11,-3.808
2021-03-12,-3.852
2021-03-15,-3.824
2021-03-16,-3.922
2021-03-17,-3.924
2021-03-18,-3.785
2021-03-19,-3.677
2021-03-22,-3.619
2021-03-23,-3.472
2021-03-24,-3.298
2021-03-25,-3.426
2021-03-26,-3.624
2021-03-29,-3.466
2021-03-30,-3.52
2021-03-31,-3.584
2021-04-01,-3.777
2021-04-05,-3.864
2021-04-06,-3.853
2021-04-07,-3.892
2021-04-08,-3.963
2021-04-09,-4.026
2021-04-12,-3.908
2021-04-13,-3.972
2021-04-14,-3.94
2021-04-15,-3.966
2021-04-16,-4.002
2021-04-19,-3.969
2021-04-20,-3.729
2021-04-21,-3.731
2021-04-22,-3.89
2021-04-23,-4
2021-04-26,-4.05
2021-04-27,-4.07
2021-04-28,-4.064
2021-04-29,-4.045
2021-04-30,-3.887
2021-05-03,-3.918
2021-05-04,-3.725
2021-05-05,-3.851
2021-05-06,-3.914
2021-05-07,-4.092
2021-05-10,-3.998
2021-05-11,-3.566
2021-05-12,-3.208
2021-05-13,-3.203
2021-05-14,-3.675
2021-05-17,-3.539
2021-05-18,-3.591
2021-05-19,-3.32
2021-05-20,-3.481
2021-05-21,-3.53
2021-05-24,-3.7
2021-05-25,-3.754
2021-05-26,-3.884
2021-05-27,-3.947
2021-05-28,-3.902
2021-06-01,-3.838
2021-06-02,-3.882
2021-06-03,-3.865
2021-06-04,-3.938
2021-06-07,-4.007
2021-06-08,-4.003
2021-06-09,-3.943
2021-06-10,-4.028
2021-06-11,-4.159
2021-06-14,-4.192
2021-06-15,-4.167
2021-06-16,-4.137
2021-06-17,-3.986
2021-06-18,-3.735
2021-06-21,-3.697
2021-06-22,-3.954
2021-06-23,-4.024
2021-06-24,-4.118
2021-06-25,-4.219
2021-06-28,-4.127
2021-06-29,-4.094
2021-06-30,-4.052
2021-07-01,-4.042
2021-07-02,-4.154
2021-07-06,-3.96
2021-07-07,-3.887
2021-07-08,-3.544
2021-07-09,-3.779
2021-07-12,-3.892
2021-07-13,-3.876
2021-07-14,-3.837
2021-07-15,-3.698
2021-07-16,-3.574
2021-07-19,-2.862
2021-07-20,-2.961
2021-07-21,-3.2
2021-07-22,-3.262
2021-07-23,-3.395
2021-07-26,-3.329
2021-07-27,-3.158
2021-07-28,-3.193
2021-07-29,-3.404
2021-07-30,-3.342
2021-08-02,-3.272
2021-08-03,-3.287
2021-08-04,-3.299
2021-08-05,-3.398
2021-08-06,-3.465
2021-08-09,-3.434
2021-08-10,-3.459
2021-08-11,-3.525
2021-08-12,-3.612
2021-08-13,-3.653
2021-08-16,-3.465
2021-08-17,-3.33
2021-08-18,-3.31
2021-08-19,-3.032
2021-08-20,-3.194
2021-08-23,-3.349
2021-08-24,-3.382
2021-08-25,-3.458
2021-08-26,-3.323
2021-08-27,-3.449
2021-08-30,-3.501
2021-08-31,-3.526
2021-09-01,-3.623
2021-09-02,-3.629
2021-09-03,-3.631
2021-09-07,-3.598
2021-09-08,-3.5
2021-09-09,-3.45
2021-09-10,-3.416
2021-09-13,-3.475
2021-09-14,-3.471
2021-09-15,-3.487
2021-09-16,-3.439
2021-09-17,-3.287
2021-09-20,-2.815
2021-09-21,-2.801
2021-09-22,-3.054
2021-09-23,-3.303
2021-09-24,-3.401
2021-09-27,-3.385
2021-09-28,-3.039
2021-09-29,-3.013
2021-09-30,-2.976
2021-10-01,-2.978
2021-10-04,-2.842
2021-10-05,-2.979
2021-10-06,-2.811
2021-10-07,-3.098
2021-10-08,-3.191
2021-10-11,-3.13
2021-10-12,-2.98
2021-10-13,-3.032
2021-10-14,-3.261
2021-10-15,-3.416
2021-10-18,-3.321
2021-10-19,-3.431
2021-10-20,-3.48
2021-10-21,-3.376
2021-10-22,-3.37
2021-10-25,-3.296
2021-10-26,-3.347
2021-10-27,-3.177
2021-10-28,-3.085
2021-10-29,-3.015
2021-11-01,-3.072
2021-11-02,-3.156
2021-11-03,-3.243
2021-11-04,-3.324
2021-11-05,-3.194
2021-11-08,-3.157
2021-11-09,-2.982
2021-11-10,-2.871
2021-11-11,-2.872
2021-11-12,-2.937
2021-11-15,-2.95
2021-11-16,-2.925
2021-11-17,-2.875
2021-11-18,-2.813
2021-11-19,-2.66
2021-11-22,-2.621
2021-11-23,-2.504
2021-11-24,-2.432
2021-11-26,-1.184
2021-11-29,-1.313
2021-11-30,-0.921
2021-12-01,-1.005
2021-12-02,-0.991
2021-12-03,-0.808
2021-12-06,-0.948
2021-12-07,-1.537
2021-12-08,-1.852
2021-12-09,-1.798
2021-12-10,-1.963
2021-12-13,-1.905
2021-12-14,-1.726
2021-12-15,-1.837
2021-12-16,-2
2021-12-17,-1.779
2021-12-20,-1.39
2021-12-21,-1.77
2021-12-22,-1.956
2021-12-23,-2.162
2021-12-27,-2.185
2021-12-28,-2.48
2021-12-29,-2.474
2021-12-30,-2.476
2021-12-31,-2.537
2022-01-03,-2.537444
2022-01-04,-2.633789
2022-01-05,-2.647146
2022-01-06,-2.440023
2022-01-07,-2.540551
2022-01-10,-2.41839
2022-01-11,-2.530837
2022-01-12,-2.745738
2022-01-13,-2.56514
2022-01-14,-2.411914
2022-01-18,-2.192122
2022-01-19,-2.050135
2022-01-20,-2.114581
2022-01-21,-1.711637
2022-01-24,-1.320368
2022-01-25,-1.188961
2022-01-26,-1.38219
2022-01-27,-1.214127
2022-01-28,-1.351324
2022-01-31,-1.565671
2022-02-01,-1.882114
2022-02-02,-1.993002
2022-02-03,-1.67857
2022-02-04,-1.580389
2022-02-07,-1.464174
2022-02-08,-1.625554
2022-02-09,-1.88703
2022-02-10,-1.744539
2022-02-11,-1.234296
2022-02-14,-0.746364
2022-02-15,-1.062878
2022-02-16,-1.290845
2022-02-17,-0.866388
2022-02-18,-0.849916
2022-02-22,-0.613043
2022-02-23,-0.520607
2022-02-24,0.070333
2022-02-28,-0.063366
2022-03-01,0.647462
2022-03-02,0.461636
2022-03-03,0.604899
2022-03-04,1.753133
2022-03-07,2.018864
2022-03-08,1.813851
2022-03-09,1.234203
2022-03-10,1.154448
2022-03-11,1.137021
2022-03-14,1.290619
2022-03-15,1.268429
2022-03-16,0.755486
2022-03-17,0.301507
2022-03-18,0.013587
2022-03-21,-0.115392
2022-03-22,-0.110618
2022-03-23,-0.057282
2022-03-24,-0.018061
2022-03-25,0.041043
2022-03-28,0.092332
2022-03-29,-0.220908
2022-03-30,-0.246787
2022-03-31,-0.419662
2022-04-01,-0.615861
2022-04-04,-0.793018
2022-04-05,-0.68289
2022-04-06,-0.353908
2022-04-07,-0.261819
2022-04-08,-0.349635
2022-04-11,-0.115232
2022-04-12,-0.126081
2022-04-13,-0.254625
2022-04-14,-0.406365
2022-04-15,-0.364634
2022-04-18,-0.330386
2022-04-19,-0.272886
2022-04-20,-0.235843
2022-04-21,-0.049601
2022-04-22,0.492788
2022-04-25,0.648638
2022-04-26,0.945736
2022-04-27,1.002056
2022-04-28,1.000771
2022-04-29,1.307603
2022-05-02,1.508454
2022-05-03,1.258516
2022-05-04,0.941983
2022-05-05,1.389202
2022-05-06,1.494548
2022-05-09,2.118414
2022-05-10,1.965824
2022-05-11,1.710072
2022-05-12,2.00921
2022-05-13,1.543031
2022-05-16,1.425106
2022-05-17,1.072436
2022-05-18,1.345291
2022-05-19,1.476977
2022-05-20,1.298997
2022-05-23,0.993436
2022-05-24,1.070346
2022-05-25,0.949692
2022-05-26,0.770534
2022-05-27,0.389105
2022-05-30,0.347949
2022-05-31,0.411841
2022-06-01,0.731988
2022-06-02,0.273595
2022-06-03,0.231439
2022-06-06,0.313286
2022-06-07,0.385045
2022-06-08,0.478922
2022-06-09,0.656607
2022-06-10,0.858344
2022-06-13,2.139736
2022-06-14,2.176315
2022-06-15,2.093802
2022-06-16,2.850685
2022-06-17,2.588051
2022-06-20,2.423514
2022-06-21,2.191412
2022-06-22,2.26524
2022-06-23,2.343054
2022-06-24,2.100282
2022-06-27,1.991844
2022-06-28,2.020959
2022-06-29,2.123159
2022-06-30,2.454734
2022-07-01,2.889652
2022-07-04,2.861373
2022-07-05,2.785035
2022-07-06,2.772293
2022-07-07,2.474269
2022-07-08,2.246699
2022-07-11,2.432998
2022-07-12,2.518224
2022-07-13,2.376651
2022-07-14,2.568929
2022-07-15,2.288526
2022-07-18,2.259499
2022-07-19,1.963247
2022-07-20,1.782346
2022-07-21,1.636229
2022-07-22,1.549696
2022-07-25,1.324018
2022-07-26,1.555746
2022-07-27,1.443391
2022-07-28,1.380648
2022-07-29,1.14009
2022-08-01,1.19134
2022-08-02,1.372935
2022-08-03,1.248347
2022-08-04,1.150598
2022-08-05,1.068965
2022-08-08,1.001531
2022-08-09,1.042394
2022-08-10,0.659161
2022-08-11,0.603485
2022-08-12,0.360399
2022-08-15,0.525391
2022-08-16,0.433143
2022-08-17,0.589428
2022-08-18,0.668673
2022-08-19,0.999793
2022-08-22,1.41225
2022-08-23,1.509113
2022-08-24,1.34133
2022-08-25,1.173873
2022-08-26,1.247472
2022-08-29,1.574165
2022-08-30,1.461255
2022-08-31,1.626849
2022-09-01,1.678463
2022-09-02,1.576742
2022-09-05,1.81458
2022-09-06,1.800283
2022-09-07,1.768797
2022-09-08,1.461523
2022-09-09,1.154433
2022-09-12,1.13972
2022-09-13,1.234775
2022-09-14,1.323465
2022-09-15,1.44581
2022-09-16,1.724605
2022-09-19,1.730366
2022-09-20,1.876192
2022-09-21,2.006379
2022-09-22,1.998146
2022-09-23,2.476042
2022-09-26,3.082156
2022-09-27,3.114313
2022-09-28,3.387102
2022-09-29,3.470481
2022-09-30,3.286035
2022-10-03,3.160072
2022-10-04,2.728396
2022-10-05,2.638158
2022-10-06,2.74726
2022-10-07,2.901742
2022-10-10,3.101576
2022-10-11,3.408459
2022-10-12,3.422478
2022-10-13,3.389204
2022-10-14,3.123887
2022-10-17,3.136646
2022-10-18,2.896193
2022-10-19,2.992866
2022-10-20,3.045855
2022-10-21,3.195306
2022-10-24,3.030407
2022-10-25,2.860204
2022-10-26,2.6525
2022-10-27,2.469465
2022-10-28,2.253794
2022-10-31,2.446968
2022-11-01,2.307538
2022-11-02,2.249651
2022-11-03,2.286849
2022-11-04,2.047777
2022-11-07,1.932747
2022-11-08,1.934827
2022-11-09,1.846461
2022-11-10,1.590153
2022-11-11,1.405695
2022-11-14,1.336315
2022-11-15,1.219063
2022-11-16,1.306424
2022-11-17,1.370349
2022-11-18,1.327913
2022-11-21,1.322009
2022-11-22,1.193837
2022-11-23,1.113505
2022-11-24,1.130987
2022-11-25,1.055193
2022-11-28,1.230495
2022-11-29,1.165897
2022-11-30,1.006301
2022-12-01,0.879963
2022-12-02,0.825471
2022-12-05,0.703194
2022-12-06,1.090347
2022-12-07,1.027496
2022-12-08,0.895926
2022-12-09,0.871992
2022-12-12,0.912538
2022-12-13,0.547581
2022-12-14,0.3176
2022-12-15,0.498215
2022-12-16,0.688826
2022-12-19,0.743507
2022-12-20,0.895001
2022-12-21,0.732614
2022-12-22,0.79033
2022-12-23,0.797532
2022-12-26,0.786436
2022-12-27,0.813794
2022-12-28,0.85375
2022-12-29,0.836875
2022-12-30,0.908847
2023-01-02,0.926916
2023-01-03,0.938193
2023-01-04,0.787989
2023-01-05,0.652104
2023-01-06,0.490314
2023-01-09,0.4355
2023-01-10,0.283732
2023-01-11,0.257004
2023-01-12,0.231527
2023-01-13,0.147238
2023-01-16,0.234174
2023-01-17,0.133763
2023-01-18,-0.073858
2023-01-19,0.02363
2023-01-20,-0.003863
2023-01-23,-0.081868
2023-01-24,-0.116532
2023-01-25,-0.109636
2023-01-26,-0.110709
2023-01-27,-0.179939
2023-01-30,-0.035709
2023-01-31,-0.087914
2023-02-01,-0.2188
2023-02-02,-0.487621
2023-02-03,-0.469552
2023-02-06,-0.269192
2023-02-07,-0.315203
2023-02-08,-0.335334
2023-02-09,-0.325336
2023-02-10,-0.157026
2023-02-13,-0.15014
2023-02-14,-0.303318
2023-02-15,-0.369344
2023-02-16,-0.376905
2023-02-17,-0.258076
2023-02-20,-0.221683
2023-02-21,-0.013615
2023-02-22,0.05211
2023-02-23,-0.090751
2023-02-24,-0.030428
2023-02-27,-0.072539
2023-02-28,-0.089988
2023-03-01,-0.050819
2023-03-02,-0.07012
2023-03-03,-0.218351
2023-03-06,-0.199512
2023-03-07,-0.163454
2023-03-08,-0.135594
2023-03-09,0.081149
2023-03-10,0.539583
2023-03-13,1.428646
2023-03-14,1.253404
2023-03-15,2.425909
2023-03-16,1.683347
2023-03-17,2.097701
2023-03-20,2.189806
2023-03-21,1.444813
2023-03-22,1.248119
2023-03-23,1.419162
2023-03-24,1.735263
2023-03-27,1.408818
2023-03-28,1.160832
2023-03-29,0.894092
2023-03-30,0.776497
2023-03-31,0.630239
2023-04-03,0.497991
2023-04-04,0.433538
2023-04-05,0.757091
2023-04-06,0.672323
2023-04-07,0.613188
2023-04-10,0.518556
2023-04-11,0.341051
2023-04-12,0.19998
2023-04-13,0.032584
2023-04-14,-0.141551
2023-04-17,-0.119919
2023-04-18,-0.231609
2023-04-19,-0.209704
2023-04-20,-0.09562
2023-04-21,-0.129716
2023-04-24,-0.079135
2023-04-25,0.224556
2023-04-26,0.289524
2023-04-27,0.00779
2023-04-28,-0.076362
2023-05-01,-0.050553
2023-05-02,0.258611
2023-05-03,0.306824
2023-05-04,0.489858
2023-05-05,0.150708
2023-05-08,0.152839
2023-05-09,0.127294
2023-05-10,0.10452
2023-05-11,0.129103
2023-05-12,-0.058113
2023-05-15,0.002102
2023-05-16,0.000545
2023-05-17,-0.094176
2023-05-18,-0.118353
2023-05-19,-0.011758
2023-05-22,-0.043762
2023-05-23,0.085301
2023-05-24,0.239539
2023-05-25,0.207195
2023-05-26,0.159555
2023-05-29,0.180159
2023-05-30,0.133741
2023-05-31,0.203094
2023-06-01,-0.076537
2023-06-02,-0.343038
2023-06-05,-0.273889
2023-06-06,-0.419979
2023-06-07,-0.489099
2023-06-08,-0.462623
2023-06-09,-0.608214
2023-06-12,-0.589648
2023-06-13,-0.659125
2023-06-14,-0.739957
2023-06-15,-0.666891
2023-06-16,-0.899506
2023-06-19,-0.808048
2023-06-20,-0.784861
2023-06-21,-0.767137
2023-06-22,-0.825231
2023-06-23,-0.667761
2023-06-26,-0.557
2023-06-27,-0.643
2023-06-28,-0.638
2023-06-29,-0.686
2023-06-30,-0.759
2023-07-03,-0.832
2023-07-04,-0.817
2023-07-05,-0.862
2023-07-06,-0.588
2023-07-07,-0.582
2023-07-10,-0.547
2023-07-11,-0.608
2023-07-12,-0.729
2023-07-13,-0.862
2023-07-14,-0.915
2023-07-17,-0.767
2023-07-18,-0.817
2023-07-19,-0.741
2023-07-20,-0.764
2023-07-21,-0.817
2023-07-24,-0.777
2023-07-25,-0.779
2023-07-26,-0.802
2023-07-27,-0.831
2023-07-28,-0.956
2023-07-31,-0.965
2023-08-01,-0.922
2023-08-02,-0.629
2023-08-03,-0.513
2023-08-04,-0.521
2023-08-07,-0.593
2023-08-08,-0.518
2023-08-09,-0.65
2023-08-10,-0.778
2023-08-11,-0.734
2023-08-14,-0.699
2023-08-15,-0.561
2023-08-16,-0.542
2023-08-17,-0.394
2023-08-18,-0.386
2023-08-21,-0.406
2023-08-22,-0.509
2023-08-23,-0.569
2023-08-24,-0.543
2023-08-25,-0.592
2023-08-28,-0.731
2023-08-29,-0.831
2023-08-30,-0.852
2023-08-31,-0.893
2023-09-01,-0.956
2023-09-04,-0.933
2023-09-05,-0.887
2023-09-06,-0.87
2023-09-07,-0.806
2023-09-08,-0.893
2023-09-11,-0.931
2023-09-12,-0.941
2023-09-13,-0.969
2023-09-14,-1.159
2023-09-15,-1.095
2023-09-18,-1.047
2023-09-19,-1.066
2023-09-20,-1.11
2023-09-21,-0.851
2023-09-22,-0.914
2023-09-25,-0.831
2023-09-26,-0.62
2023-09-27,-0.263
2023-09-28,-0.464
2023-09-29,-0.615
2023-10-02,-0.49
2023-10-03,-0.244
2023-10-04,-0.108
2023-10-05,-0.17
2023-10-06,-0.313
2023-10-09,-0.199
2023-10-10,-0.314
2023-10-11,-0.426
2023-10-12,-0.479
2023-10-13,-0.211
2023-10-16,-0.291
2023-10-17,-0.324
2023-10-18,-0.166
2023-10-19,0.045
2023-10-20,0.199
2023-10-23,0.123
2023-10-24,-0.061
2023-10-25,-0.067
2023-10-26,0.099
2023-10-27,0.031
2023-10-30,-0.003
2023-10-31,-0.203
2023-11-01,-0.341
2023-11-02,-0.522
2023-11-03,-0.649
2023-11-06,-0.502
2023-11-07,-0.761
2023-11-08,-0.789
2023-11-09,-0.832
2023-11-10,-0.839
2023-11-13,-0.789
2023-11-14,-0.96
2023-11-15,-1.104
2023-11-16,-1.116
2023-11-17,-1.228
2023-11-20,-1.158
2023-11-21,-1.178
2023-11-22,-1.271
2023-11-23,-1.301
2023-11-24,-1.385
2023-11-27,-1.306
2023-11-28,-1.321
2023-11-29,-1.313
2023-11-30,-1.306
2023-12-01,-1.289
2023-12-04,-1.28
2023-12-05,-1.23
2023-12-06,-1.253
2023-12-07,-1.16
2023-12-08,-1.234
2023-12-11,-1.225
2023-12-12,-1.268
2023-12-13,-1.281
2023-12-14,-1.382
2023-12-15,-1.432
2023-12-18,-1.386
2023-12-19,-1.513
2023-12-20,-1.488
2023-12-21,-1.404
2023-12-22,-1.436
2023-12-25,-1.406
2023-12-26,-1.445
2023-12-27,-1.444
2023-12-28,-1.433
2023-12-29,-1.421
2024-01-01,-1.404
2024-01-02,-1.287
2024-01-03,-1.238
2024-01-04,-1.231
2024-01-05,-1.327
2024-01-08,-1.326
2024-01-09,-1.291
2024-01-10,-1.38
2024-01-11,-1.368
2024-01-12,-1.311
2024-01-15,-1.303
2024-01-16,-1.354
2024-01-17,-1.272
2024-01-18,-1.381
2024-01-19,-1.441
2024-01-22,-1.443
2024-01-23,-1.499
2024-01-24,-1.586
2024-01-25,-1.59
2024-01-26,-1.622
2024-01-29,-1.576
2024-01-30,-1.597
2024-01-31,-1.444
2024-02-01,-1.472
2024-02-02,-1.548
2024-02-05,-1.519
2024-02-06,-1.561
2024-02-07,-1.621
2024-02-08,-1.647
2024-02-09,-1.708
2024-02-12,-1.642
2024-02-13,-1.559
2024-02-15,-1.697
2024-02-16,-1.721
2024-02-19,-1.786
2024-02-20,-1.786
2024-02-21,-1.801
2024-02-22,-1.969
2024-02-23,-2
2024-02-26,-1.991
2024-02-27,-2.017
2024-02-28,-1.996
2024-02-29,-2.001
2024-03-01,-1.946
2024-03-04,-1.891
2024-03-05,-1.825
2024-03-06,-1.838
2024-03-07,-1.821
2024-03-08,-1.771
2024-03-11,-1.735
2024-03-12,-1.923
2024-03-13,-2.031
2024-03-14,-2.026
2024-03-15,-2.006
2024-03-18,-2.034
2024-03-19,-2.122
2024-03-20,-2.115
2024-03-21,-2.158
2024-03-22,-2.071
2024-03-25,-2.138
2024-03-26,-2.212
2024-03-27,-2.222
2024-03-28,-2.207
2024-03-29,-2.16
2024-04-01,-2.059
2024-04-02,-1.97
2024-04-03,-1.532
2024-04-04,-1.92
2024-04-05,-1.849
2024-04-08,-1.923
2024-04-09,-1.932
2024-04-10,-1.911
2024-04-11,-1.869
2024-04-12,-1.603
2024-04-15,-1.476
2024-04-16,-1.261
2024-04-17,-1.336
2024-04-18,-1.485
2024-04-19,-1.307
2024-04-22,-1.574
2024-04-23,-1.747
2024-04-24,-1.75
2024-04-25,-1.631
2024-04-26,-1.695
2024-04-29,-1.745
2024-04-30,-1.671
2024-05-01,-1.651
2024-05-02,-1.716
2024-05-03,-1.878
2024-05-06,-1.888
2024-05-07,-1.978
2024-05-08,-1.938
2024-05-09,-2.017
2024-05-10,-2.116
2024-05-13,-2.053
2024-05-14,-2.076
2024-05-15,-2.198
2024-05-16,-2.285
2024-05-17,-2.363
2024-05-20,-2.376
2024-05-21,-2.41
2024-05-22,-2.343
2024-05-23,-2.361
2024-05-24,-2.368
2024-05-27,-2.374
2024-05-28,-2.372
2024-05-29,-2.208
2024-05-30,-2.159
2024-05-31,-2.251
2024-06-03,-2.258
2024-06-04,-2.149
2024-06-05,-2.176
2024-06-06,-2.268
2024-06-07,-2.33
2024-06-10,-2.18
2024-06-11,-2.058
2024-06-12,-2.17
2024-06-13,-2.069
2024-06-14,-1.806
2024-06-17,-1.777
2024-06-18,-1.884
2024-06-19,-1.92
2024-06-20,-1.909
2024-06-21,-1.899
2024-06-24,-1.871
2024-06-25,-1.905
2024-06-26,-1.88
2024-06-27,-1.949
2024-06-28,-1.941
2024-07-01,-2.084
2024-07-02,-2.103
2024-07-03,-2.173
2024-07-04,-2.201
2024-07-05,-2.235
2024-07-08,-2.298
2024-07-09,-2.295
2024-07-10,-2.266
2024-07-11,-2.314
2024-07-12,-2.291
2024-07-15,-2.249
2024-07-16,-2.214
2024-07-17,-2.124
2024-07-18,-2.031
2024-07-19,-1.932
2024-07-22,-2.028
2024-07-23,-2.087
2024-07-24,-1.836
2024-07-25,-1.637
2024-07-26,-1.753
2024-07-29,-1.723
2024-07-30,-1.632
2024-07-31,-1.749
2024-08-01,-1.506
2024-08-02,-0.588
2024-08-05,1.913
2024-08-06,0.478
2024-08-07,0.087
2024-08-08,-0.038
2024-08-09,-0.31
2024-08-12,-0.317
2024-08-13,-0.789
2024-08-14,-1.132
2024-08-15,-1.498
2024-08-16,-1.573
2024-08-19,-1.472
2024-08-20,-1.414
2024-08-21,-1.43
2024-08-22,-1.402
2024-08-23,-1.521
2024-08-26,-1.497
2024-08-27,-1.586
2024-08-28,-1.555
2024-08-29,-1.647
2024-08-30,-1.776
2024-09-02,-1.764
2024-09-03,-1.451
2024-09-04,-1.06
2024-09-05,-1.003
2024-09-06,-0.836
2024-09-09,-1.074
2024-09-10,-1.06
2024-09-11,-1.113
2024-09-12,-1.277
2024-09-13,-1.219
2024-09-16,-1.151
2024-09-17,-1.244
2024-09-18,-1.237
2024-09-19,-1.675
2024-09-20,-1.68
2024-09-23,-1.63
2024-09-24,-1.563
2024-09-25,-1.614
2024-09-26,-1.595
2024-09-27,-1.486
2024-09-30,-1.503
2024-10-01,-1.33
2024-10-02,-1.301
2024-10-03,-1.27
2024-10-04,-1.498
2024-10-07,-1.186
2024-10-08,-1.129
2024-10-09,-1.254
2024-10-10,-1.378
2024-10-11,-1.438
2024-10-14,-1.526
2024-10-15,-1.483
2024-10-16,-1.477
2024-10-17,-1.549
2024-10-18,-1.635
2024-10-21,-1.599
2024-10-22,-1.496
2024-10-23,-1.325
2024-10-24,-1.341
2024-10-25,-1.196
2024-10-28,-2.325
2024-10-29,-1.289
2024-10-30,-1.398
2024-10-31,-1.132
2024-11-01,-1.224
2024-11-04,-1.223
2024-11-05,-1.441
2024-11-06,-1.863
2024-11-07,-1.889
2024-11-08,-1.985
2024-11-11,-1.981
2024-11-12,-1.948
2024-11-13,-1.914
2024-11-14,-1.92
2024-11-15,-1.737
2024-11-18,-1.658
2024-11-19,-1.631
2024-11-20,-1.577
2024-11-21,-1.472
2024-11-22,-1.647
2024-11-25,-1.908
2024-11-26,-1.882
2024-11-27,-1.755
2024-11-28,-1.733
2024-11-29,-1.845
2024-12-02,-1.949
2024-12-03,-1.865
2024-12-04,-1.971
2024-12-05,-1.984
2024-12-06,-2.02
2024-12-09,-2.011
2024-12-10,-1.942
2024-12-11,-2.061
2024-12-12,-2.06
2024-12-13,-2.027
2024-12-16,-2.044
2024-12-17,-1.966
2024-12-18,-1.473
2024-12-19,-1.269
2024-12-20,-1.518
2024-12-23,-1.673
2024-12-24,-1.9
2024-12-25,-1.816
2024-12-26,-1.812
2024-12-27,-1.794
2024-12-30,-1.625
2024-12-31,-1.643
2025-01-01,-1.64
2025-01-02,-1.556
2025-01-03,-1.676
2025-01-06,-1.73
2025-01-07,-1.802
2025-01-08,-1.62
2025-01-09,-1.605
2025-01-10,-1.604
2025-01-13,-1.543
2025-01-14,-1.567
2025-01-15,-1.762
2025-01-16,-1.799
2025-01-17,-1.857
2025-01-20,-1.95
2025-01-21,-2.119
2025-01-22,-2.204
2025-01-23,-2.243
2025-01-24,-2.328
2025-01-27,-1.929
2025-01-28,-1.965
2025-01-29,-2.065
2025-01-30,-2.057
2025-01-31,-2.023
2025-02-03,-1.574
2025-02-04,-1.813
2025-02-05,-1.931
2025-02-06,-1.99
2025-02-07,-1.881
2025-02-10,-1.851
2025-02-11,-2.008
2025-02-12,-2.037
2025-02-13,-2.109
2025-02-14,-2.156
2025-02-17,-2.152
2025-02-18,-2.21
2025-02-19,-2.179
2025-02-20,-2.072
2025-02-21,-1.93
2025-02-24,-1.88
2025-02-25,-1.699
2025-02-26,-1.693
2025-02-27,-1.667
2025-02-28,-1.466
2025-03-03,-1.375
2025-03-04,-1.129
2025-03-05,-1.244
2025-03-06,-1.153
2025-03-07,-1.076
2025-03-10,-0.725
2025-03-11,-0.706
2025-03-12,-0.972
2025-03-13,-0.897
2025-03-14,-1.194
2025-03-17,-1.393
2025-03-18,-1.376
2025-03-19,-1.517
2025-03-20,-1.517
2025-03-21,-1.555
2025-03-24,-1.692
2025-03-25,-1.709
2025-03-26,-1.655
2025-03-27,-1.595
2025-03-28,-1.28
2025-03-31,-0.931
2025-04-01,-1.029
2025-04-02,-1.031
2025-04-03,-0.074
2025-04-04,1.269
2025-04-07,2.743
2025-04-08,2.151
2025-04-09,1.934
2025-04-10,1.409
2025-04-11,1.599
2025-04-14,0.768
2025-04-15,0.346
2025-04-16,0.557
2025-04-17,0.202
2025-04-18,0.17
2025-04-21,0.533
2025-04-22,0.208
2025-04-23,-0.215
2025-04-24,-0.352
2025-04-25,-0.474
2025-04-28,-0.412
2025-04-29,-0.441
2025-04-30,-0.381
2025-05-01,-0.515
2025-05-02,-0.688
2025-05-05,-0.629
2025-05-06,-0.53
2025-05-07,-0.501
2025-05-08,-0.828
2025-05-09,-0.991
2025-05-12,-1.544
2025-05-13,-1.731
2025-05-14,-1.679
2025-05-15,-1.606
2025-05-16,-1.644
2025-05-19,-1.512
2025-05-20,-1.557
2025-05-21,-1.376
2025-05-22,-1.226
2025-05-23,-0.965
2025-05-26,-1.126
2025-05-27,-1.339
2025-05-28,-1.433
2025-05-29,-1.436
2025-05-30,-1.443
2025-06-02,-1.351
2025-06-03,-1.504
2025-06-04,-1.527
2025-06-05,-1.572
2025-06-06,-1.726
2025-06-09,-1.759
2025-06-10,-1.778
2025-06-11,-1.806
2025-06-12,-1.636
2025-06-13,-1.249
2025-06-16,-1.471
2025-06-17,-1.327
2025-06-18,-1.353
2025-06-19,-1.177
2025-06-20,-1.33
2025-06-23,-1.273
2025-06-24,-1.617
2025-06-25,-1.68
2025-06-26,-1.695
2025-06-27,-1.789
2025-06-30,-1.731
2025-07-01,-1.737
2025-07-02,-1.773
2025-07-03,-1.912
2025-07-04,-1.796
2025-07-07,-1.741
2025-07-08,-1.885
2025-07-09,-2.028
2025-07-10,-2.124
2025-07-11,-2.045
2025-07-14,-1.943
2025-07-15,-1.932
2025-07-16,-1.824
2025-07-17,-1.948
2025-07-18,-1.946
2025-07-21,-1.951
2025-07-22,-1.966
2025-07-23,-2.151
2025-07-24,-2.201
2025-07-25,-2.234
2025-07-28,-2.252
2025-07-29,-2.229
2025-07-30,-2.295
2025-07-31,-2.259
2025-08-01,-1.744
2025-08-04,-1.801
2025-08-05,-1.949
2025-08-06,-1.876
2025-08-07,-1.997
2025-08-08,-2.14
2025-08-11,-2.109
2025-08-12,-2.254
2025-08-13,-2.312
2025-08-14,-2.315
2025-08-15,-2.313
2025-08-18,-2.35
2025-08-19,-2.343
2025-08-20,-2.245
2025-08-21,-2.216
2025-08-22,-2.349
2025-08-25,-2.311
2025-08-26,-2.248
2025-08-27,-2.25
2025-08-28,-2.292
2025-08-29,-2.228
2025-09-01,-2.107
2025-09-02,-2.038
2025-09-03,-2.037
2025-09-04,-2.137
2025-09-05,-2.095
2025-09-08,-2.138
2025-09-09,-2.203
2025-09-10,-2.31
2025-09-11,-2.445
2025-09-12,-2.46
2025-09-15,-2.43
2025-09-16,-2.321
2025-09-17,-2.41
2025-09-18,-2.513
2025-09-19,-2.559
2025-09-22,-2.47
2025-09-23,-2.465
2025-09-24,-2.459
2025-09-25,-2.402
2025-09-26,-2.39
2025-09-29,-2.369
2025-09-30,-2.378
2025-10-01,-2.355
2025-10-02,-2.393
2025-10-03,-2.517
2025-10-06,-2.349
2025-10-07,-2.239
2025-10-08,-2.222
2025-10-09,-2.191
2025-10-10,-1.769
2025-10-13,-1.869
2025-10-14,-1.66
2025-10-15,-1.861
2025-10-16,-1.709
2025-10-17,-1.671
2025-10-20,-2.136
2025-10-21,-2.146
2025-10-22,-2.093
2025-10-23,-2.254
2025-10-24,-2.437
2025-10-27,-2.433
2025-10-28,-2.474
2025-10-29,-2.429
2025-10-30,-2.412
2025-10-31,-2.366
2025-11-03,-2.409
2025-11-04,-2.134
2025-11-05,-2.104
2025-11-06,-2.04
2025-11-07,-1.901
2025-11-10,-2.162
2025-11-11,-2.261
2025-11-12,-2.341
2025-11-13,-2.244
2025-11-14,-2.082
2025-11-17,-1.912
2025-11-18,-1.522
2025-11-19,-1.493
2025-11-20,-1.688
2025-11-21,-1.392
2025-11-24,-1.695
2025-11-25,-1.781
2025-11-26,-2.13
2025-11-27,-2.293
2025-11-28,-2.446
2025-12-01,-2.32
2025-12-02,-2.362
2025-12-03,-2.456
2025-12-04,-2.494
2025-12-05,-2.534
2025-12-08,-2.386
2025-12-09,-2.452
2025-12-10,-2.437
2025-12-11,-2.539
2025-12-12,-2.466
2025-12-15,-2.398
2025-12-16,-2.286
2025-12-17,-2.422
2025-12-18,-2.433
2025-12-19,-2.586
2025-12-22,-2.697
2025-12-23,-2.796
2025-12-24,-2.814
2025-12-25,-2.93
2025-12-26,-2.859
2025-12-29,-2.706
2025-12-30,-2.684
2025-12-31,-2.707
2026-01-01,-2.704
2026-01-02,-2.733
2026-01-05,-2.712
2026-01-06,-2.751
2026-01-07,-2.596
2026-01-08,-2.627
2026-01-09,-2.816
2026-01-12,-2.792
2026-01-13,-2.715
2026-01-14,-2.626
2026-01-15,-2.69
2026-01-16,-2.701
2026-01-19,-2.437
2026-01-20,-2.195
2026-01-21,-2.445
2026-01-22,-2.68
2026-01-23,-2.505
2026-01-26,-2.478
2026-01-27,-2.383
2026-01-28,-2.404
2026-01-29,-2.305
2026-01-30,-2.255
2026-02-02,-2.326
2026-02-03,-2.335
2026-02-04,-2.295
2026-02-05,-1.932
2026-02-06,-2.127
2026-02-09,-2.25
2026-02-10,-2.28
2026-02-11,-2.305
2026-02-12,-2.138
2026-02-13,-2.115
2026-02-16,-2.21
2026-02-17,-2.294
2026-02-18,-2.505
2026-02-19,-2.359
2026-02-20,-2.527
2026-02-23,-2.396
2026-02-24,-2.344
2026-02-25,-2.601
2026-02-26,-2.414
2026-02-27,-2.386
2026-03-02,-1.893
2026-03-03,-1.61
2026-03-04,-1.19
2026-03-05,-1.574
2026-03-06,-0.802
2026-03-09,-0.296
2026-03-10,-1.458
2026-03-11,-0.925
2026-03-12,-0.613
2026-03-13,-0.432
2026-03-16,-0.796
2026-03-17,-1.314
2026-03-18,-1.208
2026-03-19,-0.958
2026-03-20,-0.675
2026-03-23,-0.472
2026-03-24,-0.568
2026-03-25,-0.717
2026-03-26,-0.216
2026-03-27,-0.263
2026-03-30,0.204
2026-03-31,-0.284
2026-04-01,-1.282
2026-04-02,-0.671
2026-04-03,-1.284
2026-04-06,-0.925
2026-04-07,-0.687
2026-04-08,-1.496
2026-04-09,-1.648
2026-04-10,-1.796
2026-04-13,-1.788
2026-04-14,-2.051
2026-04-15,-2.172
2026-04-16,-2.172
2026-04-17,-2.343
2026-04-20,-2.05
2026-04-21,-2.09
2026-04-22,-2.127
2026-04-23,-2.146
2026-04-24,-2.058
2026-04-27,-2.077
2026-04-28,-1.974
2026-04-29,-1.972
2026-04-30,-2.108
2026-05-01,-1.818
2026-05-04,-1.735
2026-05-05,-1.825
2026-05-06,-2.031
2026-05-07,-2.179
2026-05-08,-2.271
2026-05-11,-2.346
2026-05-12,-2.294
2026-05-13,-2.355
2026-05-14,-2.479
2026-05-15,-2.27
2026-05-18,-2.179
2026-05-19,-2.168
2026-05-20,-2.258
2026-05-21,-2.457
2026-05-22,-2.484
2026-05-25,-2.481
2026-05-26,-2.546
2026-05-27,-2.575
2026-05-28,-2.734
2026-05-29,-2.976
2026-06-01,-2.723
2026-06-02,-2.63
2026-06-03,-2.704
2026-06-04,-2.682
2026-06-05,-2.472
2026-06-08,-2.361
2026-06-09,-2.311
2026-06-10,-1.918
2026-06-11,-1.998
2026-06-12,-2.29
2026-06-15,-2.597
2026-06-16,-2.748
2026-06-17,-2.757
2026-06-18,-2.741
2026-06-19,-2.658
2026-06-22,-2.724
2026-06-23,-2.424
2026-06-24,-2.152
2026-06-25,-2.475
2026-06-26,-2.385
2026-06-29,-2.165
2026-06-30,-2.39
2026-07-01,-2.551
2026-07-02,-2.851
2026-07-03,-2.682
2026-07-06,-2.633
2026-07-07,-2.839
2026-07-08,-2.082
2026-07-09,-2.278
2026-07-10,-2.512
2026-07-13,-2.392
2026-07-14,-2.455
2026-07-15,-2.615
2026-07-16,-2.526
2026-07-17,-2.305
2026-07-20,-2.313
2026-07-21,-2.558
2026-07-22,-2.607
2026-07-23,-2.331
2026-07-24,-2.417
2026-07-27,-2.4
2026-07-28,-2.157
2026-07-29,-1.921
2026-07-30,-2.116
2026-07-31,-2.568
2026-08-03,-2.394
2026-08-04,-2.482
2026-08-05,-2.592
2026-08-06,-2.761
2026-08-07,-2.764
2026-08-10,-2.863
2026-08-11,-2.907
2026-08-12,-2.74
2026-08-13,-2.782
2026-08-14,-2.817
2026-08-17,-2.824
2026-08-18,-2.661
2026-08-19,-2.624
2026-08-20,-2.675
2026-08-21,-2.814
2026-08-24,-2.757
2026-08-25,-2.734
2026-08-26,-2.741
2026-08-27,-2.847
2026-08-28,-3.03
2026-08-31,-2.767
2026-09-01,-2.749
2026-09-02,-2.768
2026-09-03,-2.725
2026-09-04,-2.791
2026-09-07,-2.874
2026-09-08,-2.537
2026-09-09,-2.411
2026-09-10,-2.289
2026-09-11,-2.458
2026-09-14,-2.226
2026-09-15,-2.244
2026-09-16,-2.411
2026-09-17,-2.593
2026-09-18,-2.734
2026-09-21,-2.727
2026-09-22,-2.773
2026-09-23,-2.663
2026-09-24,-2.398
2026-09-25,-2.63
2026-09-28,-2.222
2026-09-29,-2.244
2026-09-30,-2.349
2026-10-01,-2.036
2026-10-02,-2.088
2026-10-05,-2.109
2026-10-06,-2.152
