date,value
2000-01-03,-0.051
2000-01-04,0.079
2000-01-05,0.08
2000-01-06,0.082
2000-01-07,-0.011
2000-01-10,-0.058
2000-01-11,-0.007
2000-01-12,0.005
2000-01-13,-0.037
2000-01-14,-0.079
2000-01-18,-0.057
2000-01-19,-0.046
2000-01-20,-0.017
2000-01-21,-0.002
2000-01-24,0.098
2000-01-25,0.084
2000-01-26,0.1
2000-01-27,0.116
2000-01-28,0.219
2000-01-31,0.137
2000-02-01,0.095
2000-02-02,0.098
2000-02-03,0.054
2000-02-04,0.052
2000-02-07,0.05
2000-02-08,0.007
2000-02-09,0.083
2000-02-10,0.07
2000-02-11,0.15
2000-02-14,0.152
2000-02-15,0.121
2000-02-16,0.159
2000-02-17,0.158
2000-02-18,0.276
2000-02-22,0.269
2000-02-23,0.25
2000-02-24,0.265
2000-02-25,0.326
2000-02-28,0.29
2000-02-29,0.246
2000-03-01,0.203
2000-03-02,0.193
2000-03-03,0.121
2000-03-06,0.169
2000-03-07,0.27
2000-03-08,0.238
2000-03-09,0.146
2000-03-10,0.166
2000-03-13,0.21
2000-03-14,0.282
2000-03-15,0.192
2000-03-16,0.007
2000-03-17,-0.007
2000-03-20,0.011
2000-03-21,-0.089
2000-03-22,-0.103
2000-03-23,-0.175
2000-03-24,-0.177
2000-03-27,-0.161
2000-03-28,-0.118
2000-03-29,-0.12
2000-03-30,-0.061
2000-03-31,0.004
2000-04-03,-0.022
2000-04-04,0.012
2000-04-05,0.034
2000-04-06,-0.003
2000-04-07,-0.044
2000-04-10,-0.015
2000-04-11,-0.002
2000-04-12,0.088
2000-04-13,0.163
2000-04-14,0.406
2000-04-17,0.292
2000-04-18,0.166
2000-04-19,0.209
2000-04-20,0.186
2000-04-24,0.2
2000-04-25,0.068
2000-04-26,0.114
2000-04-27,0.103
2000-04-28,0.135
2000-05-01,0.102
2000-05-02,0.161
2000-05-03,0.252
2000-05-04,0.268
2000-05-05,0.18
2000-05-08,0.206
2000-05-09,0.242
2000-05-10,0.323
2000-05-11,0.252
2000-05-12,0.217
2000-05-15,0.129
2000-05-16,0.09
2000-05-17,0.144
2000-05-18,0.175
2000-05-19,0.264
2000-05-22,0.284
2000-05-23,0.362
2000-05-24,0.286
2000-05-25,0.337
2000-05-26,0.348
2000-05-30,0.215
2000-05-31,0.226
2000-06-01,0.139
2000-06-02,0.057
2000-06-05,0.087
2000-06-06,0.116
2000-06-07,0.077
2000-06-08,0.104
2000-06-09,0.119
2000-06-12,0.151
2000-06-13,0.082
2000-06-14,0.081
2000-06-15,0.061
2000-06-16,0.103
2000-06-19,0.008
2000-06-20,0.041
2000-06-21,0.026
2000-06-22,0.106
2000-06-23,0.134
2000-06-26,0.093
2000-06-27,0.111
2000-06-28,0.096
2000-06-29,0.133
2000-06-30,0.188
2000-07-03,0.149
2000-07-05,0.221
2000-07-06,0.237
2000-07-07,0.171
2000-07-10,0.181
2000-07-11,0.166
2000-07-12,0.133
2000-07-13,0.126
2000-07-14,0.088
2000-07-17,0.095
2000-07-18,0.144
2000-07-19,0.181
2000-07-20,0.144
2000-07-21,0.188
2000-07-24,0.236
2000-07-25,0.207
2000-07-26,0.272
2000-07-27,0.281
2000-07-28,0.372
2000-07-31,0.335
2000-08-01,0.317
2000-08-02,0.319
2000-08-03,0.306
2000-08-04,0.278
2000-08-07,0.229
2000-08-08,0.22
2000-08-09,0.252
2000-08-10,0.292
2000-08-11,0.259
2000-08-14,0.201
2000-08-15,0.226
2000-08-16,0.241
2000-08-17,0.195
2000-08-18,0.21
2000-08-21,0.193
2000-08-22,0.2
2000-08-23,0.177
2000-08-24,0.174
2000-08-25,0.181
2000-08-28,0.161
2000-08-29,0.177
2000-08-30,0.204
2000-08-31,0.16
2000-09-01,0.157
2000-09-05,0.201
2000-09-06,0.249
2000-09-07,0.218
2000-09-08,0.246
2000-09-11,0.264
2000-09-12,0.288
2000-09-13,0.283
2000-09-14,0.298
2000-09-15,0.345
2000-09-18,0.403
2000-09-19,0.354
2000-09-20,0.381
2000-09-21,0.389
2000-09-22,0.385
2000-09-25,0.421
2000-09-26,0.459
2000-09-27,0.461
2000-09-28,0.36
2000-09-29,0.438
2000-10-02,0.513
2000-10-03,0.551
2000-10-04,0.529
2000-10-05,0.525
2000-10-06,0.612
2000-10-09,0.63
2000-10-10,0.679
2000-10-11,0.746
2000-10-12,0.855
2000-10-13,0.701
2000-10-16,0.7
2000-10-17,0.769
2000-10-18,0.799
2000-10-19,0.64
2000-10-20,0.618
2000-10-23,0.618
2000-10-24,0.611
2000-10-25,0.717
2000-10-26,0.715
2000-10-27,0.666
2000-10-30,0.601
2000-10-31,0.503
2000-11-01,0.533
2000-11-02,0.513
2000-11-03,0.517
2000-11-06,0.497
2000-11-07,0.5
2000-11-08,0.57
2000-11-09,0.59
2000-11-10,0.699
2000-11-13,0.736
2000-11-14,0.631
2000-11-15,0.607
2000-11-16,0.66
2000-11-17,0.674
2000-11-20,0.748
2000-11-21,0.726
2000-11-22,0.795
2000-11-24,0.724
2000-11-27,0.703
2000-11-28,0.734
2000-11-29,0.709
2000-11-30,0.803
2000-12-01,0.803
2000-12-04,0.756
2000-12-05,0.587
2000-12-06,0.676
2000-12-07,0.697
2000-12-08,0.612
2000-12-11,0.576
2000-12-12,0.59
2000-12-13,0.625
2000-12-14,0.669
2000-12-15,0.76
2000-12-18,0.708
2000-12-19,0.763
2000-12-20,0.896
2000-12-21,0.853
2000-12-22,0.742
2000-12-26,0.704
2000-12-27,0.65
2000-12-28,0.632
2000-12-29,0.682
2001-01-02,1.036
2001-01-03,0.809
2001-01-04,0.866
2001-01-05,0.987
2001-01-08,0.99
2001-01-09,0.97
2001-01-10,0.92
2001-01-11,0.872
2001-01-12,0.902
2001-01-16,0.973
2001-01-17,0.962
2001-01-18,0.896
2001-01-19,0.914
2001-01-22,0.906
2001-01-23,0.844
2001-01-24,0.827
2001-01-25,0.846
2001-01-26,0.85
2001-01-29,0.818
2001-01-30,0.784
2001-01-31,0.811
2001-02-01,0.865
2001-02-02,0.947
2001-02-05,0.928
2001-02-06,0.926
2001-02-07,0.963
2001-02-08,0.989
2001-02-09,1.057
2001-02-12,0.992
2001-02-13,1.027
2001-02-14,1.04
2001-02-15,0.994
2001-02-16,1.091
2001-02-20,1.163
2001-02-21,1.245
2001-02-22,1.242
2001-02-23,1.268
2001-02-26,1.178
2001-02-27,1.205
2001-02-28,1.267
2001-03-01,1.258
2001-03-02,1.274
2001-03-05,1.229
2001-03-06,1.165
2001-03-07,1.127
2001-03-08,1.112
2001-03-09,1.222
2001-03-12,1.418
2001-03-13,1.346
2001-03-14,1.459
2001-03-15,1.408
2001-03-16,1.501
2001-03-19,1.417
2001-03-20,1.497
2001-03-21,1.575
2001-03-22,1.608
2001-03-23,1.495
2001-03-26,1.413
2001-03-27,1.278
2001-03-28,1.383
2001-03-29,1.388
2001-03-30,1.333
2001-04-02,1.436
2001-04-03,1.602
2001-04-04,1.599
2001-04-05,1.393
2001-04-06,1.475
2001-04-09,1.42
2001-04-10,1.279
2001-04-11,1.277
2001-04-12,1.209
2001-04-16,1.204
2001-04-17,1.157
2001-04-18,0.971
2001-04-19,0.919
2001-04-20,0.956
2001-04-23,1.019
2001-04-24,1.058
2001-04-25,0.99
2001-04-26,0.96
2001-04-27,0.876
2001-04-30,0.875
2001-05-01,0.817
2001-05-02,0.812
2001-05-03,0.886
2001-05-04,0.807
2001-05-07,0.795
2001-05-08,0.795
2001-05-09,0.814
2001-05-10,0.794
2001-05-11,0.824
2001-05-14,0.821
2001-05-15,0.797
2001-05-16,0.671
2001-05-17,0.648
2001-05-18,0.625
2001-05-21,0.562
2001-05-22,0.559
2001-05-23,0.622
2001-05-24,0.603
2001-05-25,0.65
2001-05-29,0.674
2001-05-30,0.733
2001-05-31,0.727
2001-06-01,0.705
2001-06-04,0.669
2001-06-05,0.598
2001-06-06,0.642
2001-06-07,0.617
2001-06-08,0.653
2001-06-11,0.681
2001-06-12,0.689
2001-06-13,0.721
2001-06-14,0.797
2001-06-15,0.816
2001-06-18,0.852
2001-06-19,0.827
2001-06-20,0.789
2001-06-21,0.737
2001-06-22,0.765
2001-06-25,0.784
2001-06-26,0.796
2001-06-27,0.808
2001-06-28,0.739
2001-06-29,0.728
2001-07-02,0.678
2001-07-03,0.689
2001-07-05,0.734
2001-07-06,0.839
2001-07-09,0.835
2001-07-10,0.89
2001-07-11,0.896
2001-07-12,0.782
2001-07-13,0.723
2001-07-16,0.761
2001-07-17,0.722
2001-07-18,0.749
2001-07-19,0.704
2001-07-20,0.717
2001-07-23,0.772
2001-07-24,0.842
2001-07-25,0.782
2001-07-26,0.729
2001-07-27,0.698
2001-07-30,0.689
2001-07-31,0.656
2001-08-01,0.633
2001-08-02,0.612
2001-08-03,0.634
2001-08-06,0.67
2001-08-07,0.646
2001-08-08,0.719
2001-08-09,0.726
2001-08-10,0.702
2001-08-13,0.687
2001-08-14,0.686
2001-08-15,0.708
2001-08-16,0.697
2001-08-17,0.762
2001-08-20,0.72
2001-08-21,0.753
2001-08-22,0.721
2001-08-23,0.722
2001-08-24,0.627
2001-08-27,0.64
2001-08-28,0.701
2001-08-29,0.739
2001-08-30,0.809
2001-08-31,0.795
2001-09-04,0.781
2001-09-05,0.786
2001-09-06,0.883
2001-09-07,0.967
2001-09-10,0.938
2001-09-17,1.137
2001-09-18,1.167
2001-09-19,1.248
2001-09-20,1.399
2001-09-21,1.491
2001-09-24,1.299
2001-09-25,1.252
2001-09-26,1.259
2001-09-27,1.201
2001-09-28,1.087
2001-10-01,1.036
2001-10-02,0.977
2001-10-03,0.893
2001-10-04,0.871
2001-10-05,0.864
2001-10-08,0.894
2001-10-09,0.912
2001-10-10,0.796
2001-10-11,0.719
2001-10-12,0.741
2001-10-15,0.759
2001-10-16,0.717
2001-10-17,0.768
2001-10-18,0.806
2001-10-19,0.794
2001-10-22,0.713
2001-10-23,0.705
2001-10-24,0.693
2001-10-25,0.648
2001-10-26,0.604
2001-10-29,0.718
2001-10-30,0.806
2001-10-31,0.781
2001-11-01,0.678
2001-11-02,0.655
2001-11-05,0.569
2001-11-06,0.503
2001-11-07,0.5
2001-11-08,0.467
2001-11-09,0.464
2001-11-12,0.486
2001-11-13,0.376
2001-11-14,0.364
2001-11-15,0.353
2001-11-16,0.356
2001-11-19,0.295
2001-11-20,0.331
2001-11-21,0.345
2001-11-23,0.283
2001-11-26,0.258
2001-11-27,0.291
2001-11-28,0.372
2001-11-29,0.324
2001-11-30,0.311
2001-12-03,0.347
2001-12-04,0.276
2001-12-05,0.155
2001-12-06,0.16
2001-12-07,0.193
2001-12-10,0.266
2001-12-11,0.272
2001-12-12,0.275
2001-12-13,0.353
2001-12-14,0.34
2001-12-17,0.274
2001-12-18,0.26
2001-12-19,0.241
2001-12-20,0.276
2001-12-21,0.225
2001-12-24,0.22
2001-12-26,0.195
2001-12-27,0.154
2001-12-28,0.127
2001-12-31,0.062
2002-01-02,0.046
2002-01-03,-0.013
2002-01-04,-0.043
2002-01-07,-0.008
2002-01-08,0.011
2002-01-09,0.027
2002-01-10,0.028
2002-01-11,0.057
2002-01-14,0.1
2002-01-15,0.061
2002-01-16,0.133
2002-01-17,0.071
2002-01-18,0.11
2002-01-22,0.137
2002-01-23,0.094
2002-01-24,0.065
2002-01-25,0.061
2002-01-28,0.053
2002-01-29,0.181
2002-01-30,0.144
2002-01-31,0.069
2002-02-01,0.09
2002-02-04,0.201
2002-02-05,0.231
2002-02-06,0.262
2002-02-07,0.265
2002-02-08,0.206
2002-02-11,0.138
2002-02-12,0.154
2002-02-13,0.106
2002-02-14,0.104
2002-02-15,0.154
2002-02-19,0.25
2002-02-20,0.197
2002-02-21,0.25
2002-02-22,0.224
2002-02-25,0.138
2002-02-26,0.131
2002-02-27,0.117
2002-02-28,0.131
2002-03-01,0.03
2002-03-04,-0.067
2002-03-05,-0.034
2002-03-06,-0.092
2002-03-07,-0.078
2002-03-08,-0.106
2002-03-11,-0.114
2002-03-12,-0.096
2002-03-13,-0.056
2002-03-14,-0.052
2002-03-15,-0.106
2002-03-18,-0.105
2002-03-19,-0.123
2002-03-20,-0.046
2002-03-21,-0.05
2002-03-22,-0.036
2002-03-25,0.03
2002-03-26,0.002
2002-03-27,-0.019
2002-03-28,-0.042
2002-04-01,-0.12
2002-04-02,-0.078
2002-04-03,-0.036
2002-04-04,-0.029
2002-04-05,-0.017
2002-04-08,-0.015
2002-04-09,0.01
2002-04-10,-0.045
2002-04-11,0.068
2002-04-12,0.035
2002-04-15,0.058
2002-04-16,-0.051
2002-04-17,-0.042
2002-04-18,-0.03
2002-04-19,-0.034
2002-04-22,0.037
2002-04-23,0.064
2002-04-24,0.095
2002-04-25,0.108
2002-04-26,0.167
2002-04-29,0.208
2002-04-30,0.157
2002-05-01,-0.025
2002-05-02,-0.018
2002-05-03,0.032
2002-05-06,0.109
2002-05-07,0.144
2002-05-08,-0.041
2002-05-09,0.013
2002-05-10,0.096
2002-05-13,0.02
2002-05-14,-0.078
2002-05-15,-0.149
2002-05-16,-0.179
2002-05-17,-0.209
2002-05-20,-0.15
2002-05-21,-0.103
2002-05-22,-0.123
2002-05-23,-0.169
2002-05-24,-0.119
2002-05-28,-0.073
2002-05-29,-0.039
2002-05-30,-0.011
2002-05-31,-0.032
2002-06-03,0.078
2002-06-04,0.11
2002-06-05,0.076
2002-06-06,0.165
2002-06-07,0.193
2002-06-10,0.182
2002-06-11,0.234
2002-06-12,0.23
2002-06-13,0.292
2002-06-14,0.336
2002-06-17,0.202
2002-06-18,0.191
2002-06-19,0.292
2002-06-20,0.355
2002-06-21,0.442
2002-06-24,0.45
2002-06-25,0.49
2002-06-26,0.537
2002-06-27,0.441
2002-06-28,0.395
2002-07-01,0.453
2002-07-02,0.568
2002-07-03,0.557
2002-07-05,0.35
2002-07-08,0.408
2002-07-09,0.513
2002-07-10,0.69
2002-07-11,0.706
2002-07-12,0.728
2002-07-15,0.804
2002-07-16,0.884
2002-07-17,0.824
2002-07-18,0.913
2002-07-19,1.133
2002-07-22,1.302
2002-07-23,1.427
2002-07-24,1.212
2002-07-25,1.199
2002-07-26,1.124
2002-07-29,0.837
2002-07-30,0.807
2002-07-31,0.783
2002-08-01,0.954
2002-08-02,1.053
2002-08-05,1.231
2002-08-06,1.069
2002-08-07,0.98
2002-08-08,0.803
2002-08-09,0.763
2002-08-12,0.817
2002-08-13,0.901
2002-08-14,0.766
2002-08-15,0.678
2002-08-16,0.681
2002-08-19,0.555
2002-08-20,0.631
2002-08-21,0.575
2002-08-22,0.484
2002-08-23,0.594
2002-08-26,0.561
2002-08-27,0.608
2002-08-28,0.727
2002-08-29,0.75
2002-08-30,0.745
2002-09-03,1.022
2002-09-04,0.952
2002-09-05,1.023
2002-09-06,0.924
2002-09-09,0.886
2002-09-10,0.828
2002-09-11,0.805
2002-09-12,0.957
2002-09-13,0.969
2002-09-16,0.961
2002-09-17,1.049
2002-09-18,1.111
2002-09-19,1.253
2002-09-20,1.244
2002-09-23,1.347
2002-09-24,1.45
2002-09-25,1.327
2002-09-26,1.187
2002-09-27,1.329
2002-09-30,1.459
2002-10-01,1.267
2002-10-02,1.343
2002-10-03,1.41
2002-10-04,1.531
2002-10-07,1.645
2002-10-08,1.581
2002-10-09,1.721
2002-10-10,1.537
2002-10-11,1.297
2002-10-14,1.273
2002-10-15,0.975
2002-10-16,1.105
2002-10-17,0.956
2002-10-18,0.926
2002-10-21,0.848
2002-10-22,0.917
2002-10-23,0.916
2002-10-24,0.954
2002-10-25,0.872
2002-10-28,0.894
2002-10-29,0.983
2002-10-30,0.902
2002-10-31,0.905
2002-11-01,0.833
2002-11-04,0.748
2002-11-05,0.695
2002-11-06,0.658
2002-11-07,0.785
2002-11-08,0.844
2002-11-11,0.953
2002-11-12,0.895
2002-11-13,0.903
2002-11-14,0.765
2002-11-15,0.716
2002-11-18,0.755
2002-11-19,0.802
2002-11-20,0.703
2002-11-21,0.551
2002-11-22,0.555
2002-11-25,0.54
2002-11-26,0.664
2002-11-27,0.503
2002-11-29,0.493
2002-12-02,0.496
2002-12-03,0.586
2002-12-04,0.611
2002-12-05,0.68
2002-12-06,0.653
2002-12-09,0.778
2002-12-10,0.706
2002-12-11,0.687
2002-12-12,0.72
2002-12-13,0.797
2002-12-16,0.651
2002-12-17,0.698
2002-12-18,0.782
2002-12-19,0.812
2002-12-20,0.729
2002-12-23,0.718
2002-12-24,0.732
2002-12-26,0.726
2002-12-27,0.833
2002-12-30,0.795
2002-12-31,0.445
2003-01-02,0.245
2003-01-03,0.234
2003-01-06,0.119
2003-01-07,0.156
2003-01-08,0.239
2003-01-09,0.14
2003-01-10,0.134
2003-01-13,0.136
2003-01-14,0.098
2003-01-15,0.176
2003-01-16,0.191
2003-01-17,0.278
2003-01-21,0.372
2003-01-22,0.442
2003-01-23,0.397
2003-01-24,0.541
2003-01-27,0.659
2003-01-28,0.595
2003-01-29,0.562
2003-01-30,0.624
2003-01-31,0.56
2003-02-03,0.507
2003-02-04,0.608
2003-02-05,0.6
2003-02-06,0.657
2003-02-07,0.711
2003-02-10,0.679
2003-02-11,0.673
2003-02-12,0.741
2003-02-13,0.751
2003-02-14,0.627
2003-02-18,0.487
2003-02-19,0.543
2003-02-20,0.587
2003-02-21,0.519
2003-02-24,0.607
2003-02-25,0.617
2003-02-26,0.677
2003-02-27,0.608
2003-02-28,0.562
2003-03-03,0.58
2003-03-04,0.67
2003-03-05,0.637
2003-03-06,0.684
2003-03-07,0.679
2003-03-10,0.819
2003-03-11,0.849
2003-03-12,0.864
2003-03-13,0.635
2003-03-14,0.558
2003-03-17,0.367
2003-03-18,0.327
2003-03-19,0.263
2003-03-20,0.248
2003-03-21,0.098
2003-03-24,0.297
2003-03-25,0.231
2003-03-26,0.237
2003-03-27,0.264
2003-03-28,0.291
2003-03-31,0.489
2003-04-01,0.387
2003-04-02,0.229
2003-04-03,0.228
2003-04-04,0.188
2003-04-07,0.119
2003-04-08,0.149
2003-04-09,0.205
2003-04-10,0.206
2003-04-11,0.209
2003-04-14,0.116
2003-04-15,0.056
2003-04-16,0.104
2003-04-17,0.031
2003-04-21,0.023
2003-04-22,-0.064
2003-04-23,-0.123
2003-04-24,-0.071
2003-04-25,0.007
2003-04-28,-0.096
2003-04-29,-0.11
2003-04-30,-0.117
2003-05-01,-0.115
2003-05-02,-0.191
2003-05-05,-0.191
2003-05-06,-0.257
2003-05-07,-0.226
2003-05-08,-0.151
2003-05-09,-0.229
2003-05-12,-0.289
2003-05-13,-0.286
2003-05-14,-0.283
2003-05-15,-0.329
2003-05-16,-0.325
2003-05-19,-0.176
2003-05-20,-0.183
2003-05-21,-0.185
2003-05-22,-0.246
2003-05-23,-0.255
2003-05-27,-0.339
2003-05-28,-0.389
2003-05-29,-0.388
2003-05-30,-0.446
2003-06-02,-0.498
2003-06-03,-0.506
2003-06-04,-0.583
2003-06-05,-0.594
2003-06-06,-0.629
2003-06-09,-0.564
2003-06-10,-0.608
2003-06-11,-0.681
2003-06-12,-0.698
2003-06-13,-0.643
2003-06-16,-0.746
2003-06-17,-0.776
2003-06-18,-0.782
2003-06-19,-0.702
2003-06-20,-0.717
2003-06-23,-0.633
2003-06-24,-0.621
2003-06-25,-0.597
2003-06-26,-0.638
2003-06-27,-0.611
2003-06-30,-0.416
2003-07-01,-0.426
2003-07-02,-0.52
2003-07-03,-0.501
2003-07-07,-0.612
2003-07-08,-0.628
2003-07-09,-0.596
2003-07-10,-0.525
2003-07-11,-0.559
2003-07-14,-0.614
2003-07-15,-0.587
2003-07-16,-0.551
2003-07-17,-0.473
2003-07-18,-0.521
2003-07-21,-0.447
2003-07-22,-0.491
2003-07-23,-0.496
2003-07-24,-0.499
2003-07-25,-0.555
2003-07-28,-0.578
2003-07-29,-0.54
2003-07-30,-0.528
2003-07-31,-0.542
2003-08-01,-0.496
2003-08-04,-0.463
2003-08-05,-0.405
2003-08-06,-0.386
2003-08-07,-0.415
2003-08-08,-0.449
2003-08-11,-0.478
2003-08-12,-0.533
2003-08-13,-0.525
2003-08-14,-0.582
2003-08-15,-0.582
2003-08-18,-0.643
2003-08-19,-0.663
2003-08-20,-0.647
2003-08-21,-0.679
2003-08-22,-0.637
2003-08-25,-0.626
2003-08-26,-0.625
2003-08-27,-0.635
2003-08-28,-0.655
2003-08-29,-0.659
2003-09-02,-0.769
2003-09-03,-0.811
2003-09-04,-0.805
2003-09-05,-0.767
2003-09-08,-0.814
2003-09-09,-0.773
2003-09-10,-0.705
2003-09-11,-0.705
2003-09-12,-0.712
2003-09-15,-0.696
2003-09-16,-0.782
2003-09-17,-0.776
2003-09-18,-0.838
2003-09-19,-0.801
2003-09-22,-0.685
2003-09-23,-0.7
2003-09-24,-0.618
2003-09-25,-0.559
2003-09-26,-0.519
2003-09-29,-0.538
2003-09-30,-0.362
2003-10-01,-0.498
2003-10-02,-0.53
2003-10-03,-0.61
2003-10-06,-0.622
2003-10-07,-0.632
2003-10-08,-0.593
2003-10-09,-0.64
2003-10-10,-0.644
2003-10-13,-0.697
2003-10-14,-0.715
2003-10-15,-0.712
2003-10-16,-0.727
2003-10-17,-0.68
2003-10-20,-0.708
2003-10-21,-0.703
2003-10-22,-0.602
2003-10-23,-0.545
2003-10-24,-0.522
2003-10-27,-0.55
2003-10-28,-0.636
2003-10-29,-0.669
2003-10-30,-0.67
2003-10-31,-0.67
2003-11-03,-0.725
2003-11-04,-0.717
2003-11-05,-0.7
2003-11-06,-0.704
2003-11-07,-0.706
2003-11-10,-0.656
2003-11-11,-0.619
2003-11-12,-0.673
2003-11-13,-0.689
2003-11-14,-0.648
2003-11-17,-0.555
2003-11-18,-0.524
2003-11-19,-0.517
2003-11-20,-0.498
2003-11-21,-0.508
2003-11-24,-0.598
2003-11-25,-0.614
2003-11-26,-0.64
2003-11-28,-0.63
2003-12-01,-0.716
2003-12-02,-0.693
2003-12-03,-0.683
2003-12-04,-0.703
2003-12-05,-0.653
2003-12-08,-0.643
2003-12-09,-0.624
2003-12-10,-0.582
2003-12-11,-0.652
2003-12-12,-0.665
2003-12-15,-0.67
2003-12-16,-0.666
2003-12-17,-0.653
2003-12-18,-0.717
2003-12-19,-0.734
2003-12-22,-0.75
2003-12-23,-0.769
2003-12-24,-0.762
2003-12-26,-0.768
2003-12-29,-0.824
2003-12-30,-0.845
2003-12-31,-0.752
2004-01-02,-0.779
2004-01-05,-0.845
2004-01-06,-0.842
2004-01-07,-0.834
2004-01-08,-0.877
2004-01-09,-0.843
2004-01-12,-0.856
2004-01-13,-0.821
2004-01-14,-0.868
2004-01-15,-0.846
2004-01-16,-0.907
2004-01-20,-0.917
2004-01-21,-0.941
2004-01-22,-0.922
2004-01-23,-0.911
2004-01-26,-0.941
2004-01-27,-0.895
2004-01-28,-0.833
2004-01-29,-0.821
2004-01-30,-0.79
2004-02-02,-0.795
2004-02-03,-0.775
2004-02-04,-0.709
2004-02-05,-0.708
2004-02-06,-0.766
2004-02-09,-0.77
2004-02-10,-0.782
2004-02-11,-0.825
2004-02-12,-0.81
2004-02-13,-0.791
2004-02-17,-0.857
2004-02-18,-0.828
2004-02-19,-0.834
2004-02-20,-0.799
2004-02-23,-0.798
2004-02-24,-0.738
2004-02-25,-0.758
2004-02-26,-0.777
2004-02-27,-0.794
2004-03-01,-0.858
2004-03-02,-0.849
2004-03-03,-0.839
2004-03-04,-0.863
2004-03-05,-0.874
2004-03-08,-0.837
2004-03-09,-0.791
2004-03-10,-0.707
2004-03-11,-0.57
2004-03-12,-0.603
2004-03-15,-0.521
2004-03-16,-0.538
2004-03-17,-0.631
2004-03-18,-0.598
2004-03-19,-0.55
2004-03-22,-0.44
2004-03-23,-0.43
2004-03-24,-0.421
2004-03-25,-0.524
2004-03-26,-0.544
2004-03-29,-0.6
2004-03-30,-0.609
2004-03-31,-0.369
2004-04-01,-0.402
2004-04-02,-0.475
2004-04-05,-0.531
2004-04-06,-0.524
2004-04-07,-0.481
2004-04-08,-0.49
2004-04-12,-0.498
2004-04-13,-0.462
2004-04-14,-0.418
2004-04-15,-0.379
2004-04-16,-0.408
2004-04-19,-0.404
2004-04-20,-0.374
2004-04-21,-0.368
2004-04-22,-0.432
2004-04-23,-0.455
2004-04-26,-0.443
2004-04-27,-0.431
2004-04-28,-0.336
2004-04-29,-0.28
2004-04-30,-0.2
2004-05-03,-0.243
2004-05-04,-0.255
2004-05-05,-0.267
2004-05-06,-0.186
2004-05-07,-0.112
2004-05-10,0.066
2004-05-11,0.016
2004-05-12,0
2004-05-13,0.029
2004-05-14,0.047
2004-05-17,0.174
2004-05-18,0.102
2004-05-19,0.035
2004-05-20,0.063
2004-05-21,0.019
2004-05-24,0.001
2004-05-25,-0.03
2004-05-26,-0.08
2004-05-27,-0.12
2004-05-28,-0.127
2004-06-01,-0.116
2004-06-02,-0.128
2004-06-03,-0.072
2004-06-04,-0.118
2004-06-07,-0.241
2004-06-08,-0.26
2004-06-09,-0.211
2004-06-10,-0.246
2004-06-14,-0.148
2004-06-15,-0.173
2004-06-16,-0.228
2004-06-17,-0.222
2004-06-18,-0.201
2004-06-21,-0.209
2004-06-22,-0.197
2004-06-23,-0.237
2004-06-24,-0.257
2004-06-25,-0.239
2004-06-28,-0.255
2004-06-29,-0.251
2004-06-30,-0.154
2004-07-01,-0.105
2004-07-02,-0.054
2004-07-06,0.025
2004-07-07,0.032
2004-07-08,0.07
2004-07-09,0.044
2004-07-12,0.027
2004-07-13,0.019
2004-07-14,0.072
2004-07-15,0.104
2004-07-16,0.115
2004-07-19,0.124
2004-07-20,0.12
2004-07-21,0.128
2004-07-22,0.173
2004-07-23,0.222
2004-07-26,0.252
2004-07-27,0.214
2004-07-28,0.182
2004-07-29,0.153
2004-07-30,0.114
2004-08-02,0.125
2004-08-03,0.151
2004-08-04,0.189
2004-08-05,0.237
2004-08-06,0.355
2004-08-09,0.374
2004-08-10,0.306
2004-08-11,0.321
2004-08-12,0.369
2004-08-13,0.407
2004-08-16,0.346
2004-08-17,0.33
2004-08-18,0.274
2004-08-19,0.259
2004-08-20,0.242
2004-08-23,0.213
2004-08-24,0.208
2004-08-25,0.15
2004-08-26,0.13
2004-08-27,0.094
2004-08-30,0.128
2004-08-31,0.146
2004-09-01,0.119
2004-09-02,0.064
2004-09-03,0.082
2004-09-07,0.009
2004-09-08,0.029
2004-09-09,0.052
2004-09-10,0.038
2004-09-13,-0.012
2004-09-14,-0.019
2004-09-15,0.03
2004-09-16,0.013
2004-09-17,-0.007
2004-09-20,0.017
2004-09-21,-0.017
2004-09-22,0.056
2004-09-23,0.088
2004-09-24,0.095
2004-09-27,0.142
2004-09-28,0.115
2004-09-29,0.095
2004-09-30,0.283
2004-10-01,0.141
2004-10-04,0.067
2004-10-05,0.066
2004-10-06,0.029
2004-10-07,0.069
2004-10-08,0.105
2004-10-11,0.098
2004-10-12,0.147
2004-10-13,0.169
2004-10-14,0.239
2004-10-15,0.232
2004-10-18,0.22
2004-10-19,0.216
2004-10-20,0.262
2004-10-21,0.252
2004-10-22,0.271
2004-10-25,0.341
2004-10-26,0.279
2004-10-27,0.194
2004-10-28,0.151
2004-10-29,0.159
2004-11-01,0.15
2004-11-02,0.106
2004-11-03,0.058
2004-11-04,0
2004-11-05,-0.042
2004-11-08,-0.024
2004-11-09,-0.019
2004-11-10,-0.027
2004-11-11,-0.056
2004-11-12,-0.121
2004-11-15,-0.136
2004-11-16,-0.089
2004-11-17,-0.126
2004-11-18,-0.125
2004-11-19,-0.07
2004-11-22,-0.041
2004-11-23,-0.044
2004-11-24,-0.06
2004-11-26,-0.068
2004-11-29,-0.077
2004-11-30,-0.041
2004-12-01,-0.096
2004-12-02,-0.129
2004-12-03,-0.138
2004-12-06,-0.113
2004-12-07,-0.067
2004-12-08,-0.086
2004-12-09,-0.063
2004-12-10,-0.064
2004-12-13,-0.118
2004-12-14,-0.155
2004-12-15,-0.168
2004-12-16,-0.167
2004-12-17,-0.148
2004-12-20,-0.162
2004-12-21,-0.191
2004-12-22,-0.226
2004-12-23,-0.23
2004-12-27,-0.23
2004-12-28,-0.266
2004-12-29,-0.261
2004-12-30,-0.275
2004-12-31,-0.074
2005-01-03,-0.058
2005-01-04,-0.024
2005-01-05,0.014
2005-01-06,-0.014
2005-01-07,-0.018
2005-01-10,-0.031
2005-01-11,-0.013
2005-01-12,-0.001
2005-01-13,0.029
2005-01-14,-0.016
2005-01-18,-0.057
2005-01-19,-0.029
2005-01-20,0.023
2005-01-21,0.05
2005-01-24,0.052
2005-01-25,0.025
2005-01-26,-0.011
2005-01-27,-0.015
2005-01-28,0.004
2005-01-31,-0.042
2005-02-01,-0.082
2005-02-02,-0.104
2005-02-03,-0.095
2005-02-04,-0.146
2005-02-07,-0.177
2005-02-08,-0.179
2005-02-09,-0.148
2005-02-10,-0.174
2005-02-11,-0.217
2005-02-14,-0.238
2005-02-15,-0.261
2005-02-16,-0.243
2005-02-17,-0.219
2005-02-18,-0.239
2005-02-22,-0.172
2005-02-23,-0.164
2005-02-24,-0.196
2005-02-25,-0.267
2005-02-28,-0.25
2005-03-01,-0.289
2005-03-02,-0.29
2005-03-03,-0.298
2005-03-04,-0.345
2005-03-07,-0.359
2005-03-08,-0.326
2005-03-09,-0.293
2005-03-10,-0.265
2005-03-11,-0.256
2005-03-14,-0.258
2005-03-15,-0.245
2005-03-16,-0.197
2005-03-17,-0.189
2005-03-18,-0.209
2005-03-21,-0.176
2005-03-22,-0.144
2005-03-23,-0.121
2005-03-24,-0.132
2005-03-28,-0.155
2005-03-29,-0.105
2005-03-30,-0.137
2005-03-31,-0.03
2005-04-01,-0.032
2005-04-04,-0.02
2005-04-05,-0.069
2005-04-06,-0.093
2005-04-07,-0.117
2005-04-08,-0.107
2005-04-11,-0.085
2005-04-12,-0.084
2005-04-13,-0.055
2005-04-14,-0.006
2005-04-15,0.107
2005-04-18,0.203
2005-04-19,0.144
2005-04-20,0.19
2005-04-21,0.146
2005-04-22,0.139
2005-04-25,0.099
2005-04-26,0.137
2005-04-27,0.16
2005-04-28,0.197
2005-04-29,0.157
2005-05-02,0.14
2005-05-03,0.131
2005-05-04,0.08
2005-05-05,0.073
2005-05-06,0.035
2005-05-09,0.026
2005-05-10,0.084
2005-05-11,0.077
2005-05-12,0.099
2005-05-13,0.12
2005-05-16,0.119
2005-05-17,0.113
2005-05-18,0.055
2005-05-19,-0.008
2005-05-20,0
2005-05-23,-0.04
2005-05-24,-0.038
2005-05-25,-0.008
2005-05-26,-0.045
2005-05-27,-0.07
2005-05-31,-0.077
2005-06-01,-0.145
2005-06-02,-0.145
2005-06-03,-0.128
2005-06-06,-0.121
2005-06-07,-0.138
2005-06-08,-0.138
2005-06-09,-0.131
2005-06-10,-0.162
2005-06-13,-0.18
2005-06-14,-0.196
2005-06-15,-0.207
2005-06-16,-0.231
2005-06-17,-0.264
2005-06-20,-0.253
2005-06-21,-0.256
2005-06-22,-0.267
2005-06-23,-0.247
2005-06-24,-0.2
2005-06-27,-0.161
2005-06-28,-0.219
2005-06-29,-0.228
2005-06-30,-0.029
2005-07-01,-0.06
2005-07-05,-0.079
2005-07-06,-0.068
2005-07-07,-0.034
2005-07-08,-0.095
2005-07-11,-0.14
2005-07-12,-0.143
2005-07-13,-0.153
2005-07-14,-0.186
2005-07-15,-0.181
2005-07-18,-0.16
2005-07-19,-0.188
2005-07-20,-0.171
2005-07-21,-0.178
2005-07-22,-0.182
2005-07-25,-0.19
2005-07-26,-0.19
2005-07-27,-0.221
2005-07-28,-0.25
2005-07-29,-0.231
2005-08-01,-0.241
2005-08-02,-0.277
2005-08-03,-0.281
2005-08-04,-0.229
2005-08-05,-0.18
2005-08-08,-0.186
2005-08-09,-0.235
2005-08-10,-0.275
2005-08-11,-0.309
2005-08-12,-0.284
2005-08-15,-0.287
2005-08-16,-0.255
2005-08-17,-0.243
2005-08-18,-0.234
2005-08-19,-0.247
2005-08-22,-0.276
2005-08-23,-0.255
2005-08-24,-0.228
2005-08-25,-0.207
2005-08-26,-0.209
2005-08-29,-0.211
2005-08-30,-0.221
2005-08-31,-0.259
2005-09-01,-0.295
2005-09-02,-0.299
2005-09-06,-0.359
2005-09-07,-0.373
2005-09-08,-0.35
2005-09-09,-0.399
2005-09-12,-0.427
2005-09-13,-0.389
2005-09-14,-0.379
2005-09-15,-0.4
2005-09-16,-0.43
2005-09-19,-0.408
2005-09-20,-0.413
2005-09-21,-0.381
2005-09-22,-0.376
2005-09-23,-0.383
2005-09-26,-0.437
2005-09-27,-0.416
2005-09-28,-0.451
2005-09-29,-0.49
2005-09-30,-0.287
2005-10-03,-0.282
2005-10-04,-0.284
2005-10-05,-0.207
2005-10-06,-0.118
2005-10-07,-0.101
2005-10-10,-0.089
2005-10-11,-0.127
2005-10-12,-0.078
2005-10-13,-0.047
2005-10-14,-0.065
2005-10-17,-0.073
2005-10-18,-0.033
2005-10-19,-0.003
2005-10-20,0.02
2005-10-21,0.023
2005-10-24,-0.036
2005-10-25,-0.046
2005-10-26,-0.058
2005-10-27,-0.004
2005-10-28,-0.042
2005-10-31,-0.138
2005-11-01,-0.163
2005-11-02,-0.204
2005-11-03,-0.251
2005-11-04,-0.269
2005-11-07,-0.278
2005-11-08,-0.266
2005-11-09,-0.272
2005-11-10,-0.296
2005-11-11,-0.335
2005-11-14,-0.327
2005-11-15,-0.306
2005-11-16,-0.304
2005-11-17,-0.369
2005-11-18,-0.418
2005-11-21,-0.445
2005-11-22,-0.461
2005-11-23,-0.48
2005-11-25,-0.492
2005-11-28,-0.476
2005-11-29,-0.472
2005-11-30,-0.431
2005-12-01,-0.529
2005-12-02,-0.577
2005-12-05,-0.574
2005-12-06,-0.575
2005-12-07,-0.565
2005-12-08,-0.526
2005-12-09,-0.554
2005-12-12,-0.584
2005-12-13,-0.606
2005-12-14,-0.579
2005-12-15,-0.545
2005-12-16,-0.54
2005-12-19,-0.545
2005-12-20,-0.577
2005-12-21,-0.629
2005-12-22,-0.631
2005-12-23,-0.631
2005-12-27,-0.606
2005-12-28,-0.624
2005-12-29,-0.64
2005-12-30,-0.586
2006-01-03,-0.503
2006-01-04,-0.502
2006-01-05,-0.501
2006-01-06,-0.538
2006-01-09,-0.55
2006-01-10,-0.502
2006-01-11,-0.545
2006-01-12,-0.544
2006-01-13,-0.533
2006-01-17,-0.438
2006-01-18,-0.353
2006-01-19,-0.421
2006-01-20,-0.358
2006-01-23,-0.32
2006-01-24,-0.354
2006-01-25,-0.374
2006-01-26,-0.436
2006-01-27,-0.539
2006-01-30,-0.543
2006-01-31,-0.54
2006-02-01,-0.549
2006-02-02,-0.524
2006-02-03,-0.499
2006-02-06,-0.514
2006-02-07,-0.478
2006-02-08,-0.445
2006-02-09,-0.483
2006-02-10,-0.46
2006-02-13,-0.416
2006-02-14,-0.469
2006-02-15,-0.452
2006-02-16,-0.494
2006-02-17,-0.464
2006-02-21,-0.484
2006-02-22,-0.499
2006-02-23,-0.518
2006-02-24,-0.525
2006-02-27,-0.549
2006-02-28,-0.487
2006-03-01,-0.501
2006-03-02,-0.469
2006-03-03,-0.432
2006-03-06,-0.447
2006-03-07,-0.4
2006-03-08,-0.372
2006-03-09,-0.418
2006-03-10,-0.46
2006-03-13,-0.507
2006-03-14,-0.522
2006-03-15,-0.545
2006-03-16,-0.526
2006-03-17,-0.554
2006-03-20,-0.579
2006-03-21,-0.559
2006-03-22,-0.562
2006-03-23,-0.55
2006-03-24,-0.568
2006-03-27,-0.554
2006-03-28,-0.525
2006-03-29,-0.571
2006-03-30,-0.593
2006-03-31,-0.397
2006-04-03,-0.445
2006-04-04,-0.445
2006-04-05,-0.456
2006-04-06,-0.475
2006-04-07,-0.442
2006-04-10,-0.438
2006-04-11,-0.386
2006-04-12,-0.355
2006-04-13,-0.365
2006-04-17,-0.334
2006-04-18,-0.404
2006-04-19,-0.443
2006-04-20,-0.446
2006-04-21,-0.466
2006-04-24,-0.394
2006-04-25,-0.38
2006-04-26,-0.4
2006-04-27,-0.396
2006-04-28,-0.368
2006-05-01,-0.358
2006-05-02,-0.413
2006-05-03,-0.383
2006-05-04,-0.399
2006-05-05,-0.443
2006-05-08,-0.456
2006-05-09,-0.452
2006-05-10,-0.408
2006-05-11,-0.355
2006-05-12,-0.247
2006-05-15,-0.184
2006-05-16,-0.155
2006-05-17,-0.035
2006-05-18,0.026
2006-05-19,-0.017
2006-05-22,0.108
2006-05-23,0.082
2006-05-24,0.083
2006-05-25,0.051
2006-05-26,-0.039
2006-05-30,0.071
2006-05-31,0.083
2006-06-01,0.026
2006-06-02,-0.018
2006-06-05,0.057
2006-06-06,0.14
2006-06-07,0.192
2006-06-08,0.307
2006-06-09,0.264
2006-06-12,0.31
2006-06-13,0.47
2006-06-14,0.437
2006-06-15,0.306
2006-06-16,0.275
2006-06-19,0.288
2006-06-20,0.307
2006-06-21,0.28
2006-06-22,0.227
2006-06-23,0.229
2006-06-26,0.224
2006-06-27,0.254
2006-06-28,0.267
2006-06-29,0.142
2006-06-30,0.112
2006-07-03,0.087
2006-07-05,0.14
2006-07-06,0.135
2006-07-07,0.157
2006-07-10,0.117
2006-07-11,0.122
2006-07-12,0.17
2006-07-13,0.256
2006-07-14,0.328
2006-07-17,0.352
2006-07-18,0.398
2006-07-19,0.292
2006-07-20,0.251
2006-07-21,0.305
2006-07-24,0.225
2006-07-25,0.179
2006-07-26,0.185
2006-07-27,0.133
2006-07-28,0.072
2006-07-31,0.089
2006-08-01,0.094
2006-08-02,0.052
2006-08-03,0.066
2006-08-04,0.038
2006-08-07,0.109
2006-08-08,0.08
2006-08-09,0.053
2006-08-10,0.064
2006-08-11,0.077
2006-08-14,0.025
2006-08-15,-0.024
2006-08-16,-0.081
2006-08-17,-0.082
2006-08-18,-0.091
2006-08-21,-0.063
2006-08-22,-0.096
2006-08-23,-0.069
2006-08-24,-0.057
2006-08-25,-0.053
2006-08-28,-0.056
2006-08-29,-0.081
2006-08-30,-0.092
2006-08-31,-0.108
2006-09-01,-0.132
2006-09-05,-0.166
2006-09-06,-0.102
2006-09-07,-0.036
2006-09-08,-0.061
2006-09-11,-0.012
2006-09-12,-0.059
2006-09-13,-0.081
2006-09-14,-0.099
2006-09-15,-0.103
2006-09-18,-0.109
2006-09-19,-0.092
2006-09-20,-0.106
2006-09-21,-0.112
2006-09-22,-0.053
2006-09-25,-0.071
2006-09-26,-0.111
2006-09-27,-0.168
2006-09-28,-0.183
2006-09-29,-0.18
2006-10-02,-0.004
2006-10-03,0.002
2006-10-04,-0.024
2006-10-05,-0.081
2006-10-06,-0.074
2006-10-09,-0.079
2006-10-10,-0.102
2006-10-11,-0.088
2006-10-12,-0.125
2006-10-13,-0.157
2006-10-16,-0.184
2006-10-17,-0.139
2006-10-18,-0.167
2006-10-19,-0.156
2006-10-20,-0.174
2006-10-23,-0.207
2006-10-24,-0.208
2006-10-25,-0.215
2006-10-26,-0.237
2006-10-27,-0.193
2006-10-30,-0.147
2006-10-31,-0.15
2006-11-01,-0.138
2006-11-02,-0.125
2006-11-03,-0.128
2006-11-06,-0.183
2006-11-07,-0.205
2006-11-08,-0.188
2006-11-09,-0.171
2006-11-10,-0.165
2006-11-13,-0.164
2006-11-14,-0.205
2006-11-15,-0.218
2006-11-16,-0.22
2006-11-17,-0.196
2006-11-20,-0.16
2006-11-21,-0.17
2006-11-22,-0.196
2006-11-24,-0.144
2006-11-27,-0.094
2006-11-28,-0.089
2006-11-29,-0.169
2006-11-30,-0.175
2006-12-01,-0.152
2006-12-04,-0.187
2006-12-05,-0.211
2006-12-06,-0.221
2006-12-07,-0.234
2006-12-08,-0.232
2006-12-11,-0.259
2006-12-12,-0.273
2006-12-13,-0.294
2006-12-14,-0.348
2006-12-15,-0.37
2006-12-18,-0.367
2006-12-19,-0.332
2006-12-20,-0.362
2006-12-21,-0.352
2006-12-22,-0.342
2006-12-26,-0.356
2006-12-27,-0.396
2006-12-28,-0.394
2006-12-29,-0.376
2007-01-03,-0.25
2007-01-04,-0.191
2007-01-05,-0.126
2007-01-08,-0.127
2007-01-09,-0.139
2007-01-10,-0.097
2007-01-11,-0.143
2007-01-12,-0.191
2007-01-16,-0.212
2007-01-17,-0.213
2007-01-18,-0.216
2007-01-19,-0.232
2007-01-22,-0.223
2007-01-23,-0.231
2007-01-24,-0.284
2007-01-25,-0.243
2007-01-26,-0.218
2007-01-29,-0.221
2007-01-30,-0.246
2007-01-31,-0.239
2007-02-01,-0.293
2007-02-02,-0.312
2007-02-05,-0.289
2007-02-06,-0.305
2007-02-07,-0.302
2007-02-08,-0.279
2007-02-09,-0.291
2007-02-12,-0.266
2007-02-13,-0.301
2007-02-14,-0.353
2007-02-15,-0.368
2007-02-16,-0.36
2007-02-20,-0.371
2007-02-21,-0.349
2007-02-22,-0.373
2007-02-23,-0.373
2007-02-26,-0.379
2007-02-27,-0.207
2007-02-28,-0.128
2007-03-01,-0.082
2007-03-02,-0.026
2007-03-05,0.092
2007-03-06,0.004
2007-03-07,0.004
2007-03-08,-0.081
2007-03-09,-0.097
2007-03-12,-0.109
2007-03-13,-0.023
2007-03-14,0.073
2007-03-15,-0.004
2007-03-16,0.018
2007-03-19,-0.07
2007-03-20,-0.119
2007-03-21,-0.175
2007-03-22,-0.234
2007-03-23,-0.252
2007-03-26,-0.241
2007-03-27,-0.207
2007-03-28,-0.16
2007-03-29,-0.199
2007-03-30,-0.198
2007-04-02,-0.05
2007-04-03,-0.12
2007-04-04,-0.158
2007-04-05,-0.163
2007-04-09,-0.19
2007-04-10,-0.203
2007-04-11,-0.187
2007-04-12,-0.182
2007-04-13,-0.19
2007-04-16,-0.27
2007-04-17,-0.265
2007-04-18,-0.266
2007-04-19,-0.222
2007-04-20,-0.282
2007-04-23,-0.275
2007-04-24,-0.254
2007-04-25,-0.266
2007-04-26,-0.286
2007-04-27,-0.27
2007-04-30,-0.251
2007-05-01,-0.244
2007-05-02,-0.282
2007-05-03,-0.3
2007-05-04,-0.323
2007-05-07,-0.355
2007-05-08,-0.329
2007-05-09,-0.35
2007-05-10,-0.294
2007-05-11,-0.309
2007-05-14,-0.312
2007-05-15,-0.296
2007-05-16,-0.317
2007-05-17,-0.314
2007-05-18,-0.34
2007-05-21,-0.357
2007-05-22,-0.365
2007-05-23,-0.377
2007-05-24,-0.33
2007-05-25,-0.318
2007-05-29,-0.338
2007-05-30,-0.34
2007-05-31,-0.384
2007-06-01,-0.423
2007-06-04,-0.421
2007-06-05,-0.398
2007-06-06,-0.334
2007-06-07,-0.262
2007-06-08,-0.252
2007-06-11,-0.278
2007-06-12,-0.232
2007-06-13,-0.272
2007-06-14,-0.332
2007-06-15,-0.388
2007-06-18,-0.398
2007-06-19,-0.393
2007-06-20,-0.368
2007-06-21,-0.363
2007-06-22,-0.315
2007-06-25,-0.29
2007-06-26,-0.263
2007-06-27,-0.25
2007-06-28,-0.28
2007-06-29,-0.314
2007-07-02,-0.181
2007-07-03,-0.209
2007-07-05,-0.209
2007-07-06,-0.222
2007-07-09,-0.242
2007-07-10,-0.179
2007-07-11,-0.164
2007-07-12,-0.233
2007-07-13,-0.275
2007-07-16,-0.271
2007-07-17,-0.255
2007-07-18,-0.197
2007-07-19,-0.24
2007-07-20,-0.192
2007-07-23,-0.202
2007-07-24,-0.12
2007-07-25,-0.094
2007-07-26,0.052
2007-07-27,0.156
2007-07-30,0.132
2007-07-31,0.121
2007-08-01,0.188
2007-08-02,0.149
2007-08-03,0.244
2007-08-06,0.219
2007-08-07,0.176
2007-08-08,0.08
2007-08-09,0.183
2007-08-10,0.305
2007-08-13,0.248
2007-08-14,0.321
2007-08-15,0.408
2007-08-16,0.536
2007-08-17,0.524
2007-08-20,0.443
2007-08-21,0.425
2007-08-22,0.348
2007-08-23,0.295
2007-08-24,0.263
2007-08-27,0.266
2007-08-28,0.372
2007-08-29,0.334
2007-08-30,0.299
2007-08-31,0.185
2007-09-04,0.15
2007-09-05,0.249
2007-09-06,0.217
2007-09-07,0.326
2007-09-10,0.394
2007-09-11,0.306
2007-09-12,0.308
2007-09-13,0.26
2007-09-14,0.248
2007-09-17,0.298
2007-09-18,0.224
2007-09-19,0.072
2007-09-20,0.098
2007-09-21,0.085
2007-09-24,0.094
2007-09-25,0.11
2007-09-26,0.072
2007-09-27,-0.004
2007-09-28,0.009
2007-10-01,0.007
2007-10-02,-0.024
2007-10-03,-0.027
2007-10-04,-0.021
2007-10-05,-0.067
2007-10-08,-0.052
2007-10-09,-0.099
2007-10-10,-0.097
2007-10-11,-0.134
2007-10-12,-0.128
2007-10-15,-0.089
2007-10-16,-0.027
2007-10-17,-0.028
2007-10-18,-0.021
2007-10-19,0.097
2007-10-22,0.168
2007-10-23,0.11
2007-10-24,0.14
2007-10-25,0.12
2007-10-26,0.037
2007-10-29,-0.021
2007-10-30,0.015
2007-10-31,-0.046
2007-11-01,0.053
2007-11-02,0.112
2007-11-05,0.176
2007-11-06,0.133
2007-11-07,0.244
2007-11-08,0.299
2007-11-09,0.397
2007-11-12,0.483
2007-11-13,0.408
2007-11-14,0.359
2007-11-15,0.439
2007-11-16,0.478
2007-11-19,0.59
2007-11-20,0.527
2007-11-21,0.686
2007-11-23,0.578
2007-11-26,0.615
2007-11-27,0.578
2007-11-28,0.442
2007-11-29,0.378
2007-11-30,0.302
2007-12-03,0.331
2007-12-04,0.394
2007-12-05,0.289
2007-12-06,0.211
2007-12-07,0.185
2007-12-10,0.154
2007-12-11,0.214
2007-12-12,0.203
2007-12-13,0.312
2007-12-14,0.343
2007-12-17,0.456
2007-12-18,0.443
2007-12-19,0.477
2007-12-20,0.459
2007-12-21,0.347
2007-12-24,0.315
2007-12-26,0.264
2007-12-27,0.305
2007-12-28,0.332
2007-12-31,0.456
2008-01-02,0.539
2008-01-03,0.544
2008-01-04,0.738
2008-01-07,0.758
2008-01-08,0.783
2008-01-09,0.763
2008-01-10,0.791
2008-01-11,0.875
2008-01-14,0.835
2008-01-15,0.986
2008-01-16,1.098
2008-01-17,1.147
2008-01-18,1.174
2008-01-22,1.501
2008-01-23,1.47
2008-01-24,1.266
2008-01-25,1.213
2008-01-28,1.273
2008-01-29,1.149
2008-01-30,1.193
2008-01-31,1.11
2008-02-01,1.028
2008-02-04,0.979
2008-02-05,1.154
2008-02-06,1.254
2008-02-07,1.261
2008-02-08,1.281
2008-02-11,1.285
2008-02-12,1.174
2008-02-13,1.12
2008-02-14,1.063
2008-02-15,1.104
2008-02-19,1.022
2008-02-20,1.09
2008-02-21,1.047
2008-02-22,1.067
2008-02-25,0.926
2008-02-26,0.88
2008-02-27,0.848
2008-02-28,0.924
2008-02-29,1.08
2008-03-03,1.194
2008-03-04,1.232
2008-03-05,1.171
2008-03-06,1.22
2008-03-07,1.333
2008-03-10,1.443
2008-03-11,1.283
2008-03-12,1.239
2008-03-13,1.322
2008-03-14,1.425
2008-03-17,1.637
2008-03-18,1.4
2008-03-19,1.44
2008-03-20,1.382
2008-03-24,1.285
2008-03-25,1.146
2008-03-26,1.179
2008-03-27,1.192
2008-03-28,1.185
2008-03-31,1.045
2008-04-01,0.869
2008-04-02,0.757
2008-04-03,0.731
2008-04-04,0.726
2008-04-07,0.668
2008-04-08,0.728
2008-04-09,0.781
2008-04-10,0.792
2008-04-11,0.822
2008-04-14,0.902
2008-04-15,0.863
2008-04-16,0.73
2008-04-17,0.703
2008-04-18,0.585
2008-04-21,0.576
2008-04-22,0.623
2008-04-23,0.591
2008-04-24,0.574
2008-04-25,0.48
2008-04-28,0.462
2008-04-29,0.491
2008-04-30,0.479
2008-05-01,0.437
2008-05-02,0.346
2008-05-05,0.355
2008-05-06,0.334
2008-05-07,0.355
2008-05-08,0.371
2008-05-09,0.456
2008-05-12,0.402
2008-05-13,0.369
2008-05-14,0.32
2008-05-15,0.27
2008-05-16,0.247
2008-05-19,0.21
2008-05-20,0.297
2008-05-21,0.382
2008-05-22,0.36
2008-05-23,0.43
2008-05-27,0.439
2008-05-28,0.424
2008-05-29,0.343
2008-05-30,0.298
2008-06-02,0.356
2008-06-03,0.349
2008-06-04,0.352
2008-06-05,0.305
2008-06-06,0.413
2008-06-09,0.444
2008-06-10,0.494
2008-06-11,0.551
2008-06-12,0.557
2008-06-13,0.49
2008-06-16,0.438
2008-06-17,0.437
2008-06-18,0.48
2008-06-19,0.52
2008-06-20,0.635
2008-06-23,0.644
2008-06-24,0.666
2008-06-25,0.613
2008-06-26,0.754
2008-06-27,0.808
2008-06-30,0.763
2008-07-01,0.801
2008-07-02,0.89
2008-07-03,0.872
2008-07-07,0.862
2008-07-08,0.894
2008-07-09,0.9
2008-07-10,0.923
2008-07-11,1.009
2008-07-14,1.016
2008-07-15,1.135
2008-07-16,1.045
2008-07-17,0.917
2008-07-18,0.881
2008-07-21,0.852
2008-07-22,0.772
2008-07-23,0.685
2008-07-24,0.743
2008-07-25,0.773
2008-07-28,0.837
2008-07-29,0.793
2008-07-30,0.675
2008-07-31,0.709
2008-08-01,0.792
2008-08-04,0.868
2008-08-05,0.735
2008-08-06,0.649
2008-08-07,0.717
2008-08-08,0.635
2008-08-11,0.546
2008-08-12,0.603
2008-08-13,0.705
2008-08-14,0.677
2008-08-15,0.65
2008-08-18,0.672
2008-08-19,0.797
2008-08-20,0.759
2008-08-21,0.735
2008-08-22,0.711
2008-08-25,0.746
2008-08-26,0.746
2008-08-27,0.706
2008-08-28,0.627
2008-08-29,0.611
2008-09-02,0.675
2008-09-03,0.706
2008-09-04,0.87
2008-09-05,0.96
2008-09-08,0.747
2008-09-09,0.899
2008-09-10,0.906
2008-09-11,0.912
2008-09-12,0.836
2008-09-15,1.054
2008-09-16,1.177
2008-09-17,1.313
2008-09-18,1.246
2008-09-19,0.835
2008-09-22,0.946
2008-09-23,1.033
2008-09-24,1.038
2008-09-25,0.948
2008-09-26,0.995
2008-09-29,1.404
2008-09-30,1.195
2008-10-01,1.157
2008-10-02,1.339
2008-10-03,1.347
2008-10-06,1.741
2008-10-07,1.954
2008-10-08,2.311
2008-10-09,2.536
2008-10-10,2.893
2008-10-13,2.342
2008-10-14,2.02
2008-10-15,2.409
2008-10-16,2.628
2008-10-17,2.507
2008-10-20,2.217
2008-10-21,2.256
2008-10-22,2.665
2008-10-23,2.684
2008-10-24,3.058
2008-10-27,3.281
2008-10-28,2.819
2008-10-29,2.556
2008-10-30,2.24
2008-10-31,2.179
2008-11-03,2.143
2008-11-04,1.832
2008-11-05,1.939
2008-11-06,2.314
2008-11-07,2.24
2008-11-10,2.135
2008-11-11,2.328
2008-11-12,2.549
2008-11-13,2.478
2008-11-14,2.497
2008-11-17,2.587
2008-11-18,2.587
2008-11-19,2.832
2008-11-20,3.181
2008-11-21,3.014
2008-11-24,2.668
2008-11-25,2.521
2008-11-26,2.392
2008-11-28,2.205
2008-12-01,2.545
2008-12-02,2.51
2008-12-03,2.399
2008-12-04,2.476
2008-12-05,2.443
2008-12-08,2.09
2008-12-09,2.095
2008-12-10,1.977
2008-12-11,2.021
2008-12-12,2.139
2008-12-15,2.066
2008-12-16,1.926
2008-12-17,1.92
2008-12-18,1.942
2008-12-19,1.947
2008-12-22,2.003
2008-12-23,2.031
2008-12-24,2.04
2008-12-26,1.961
2008-12-29,1.933
2008-12-30,1.809
2008-12-31,1.268
2009-01-02,1.086
2009-01-05,0.9
2009-01-06,0.829
2009-01-07,0.905
2009-01-08,0.98
2009-01-09,1.044
2009-01-12,1.132
2009-01-13,1.208
2009-01-14,1.356
2009-01-15,1.441
2009-01-16,1.35
2009-01-20,1.566
2009-01-21,1.502
2009-01-22,1.518
2009-01-23,1.565
2009-01-26,1.492
2009-01-27,1.385
2009-01-28,1.225
2009-01-29,1.297
2009-01-30,1.38
2009-02-02,1.447
2009-02-03,1.367
2009-02-04,1.284
2009-02-05,1.251
2009-02-06,1.1
2009-02-09,1.088
2009-02-10,1.248
2009-02-11,1.236
2009-02-12,1.293
2009-02-13,1.271
2009-02-17,1.484
2009-02-18,1.506
2009-02-19,1.506
2009-02-20,1.631
2009-02-23,1.712
2009-02-24,1.668
2009-02-25,1.648
2009-02-26,1.636
2009-02-27,1.698
2009-03-02,1.946
2009-03-03,1.991
2009-03-04,1.829
2009-03-05,1.953
2009-03-06,2.002
2009-03-09,2.049
2009-03-10,1.801
2009-03-11,1.709
2009-03-12,1.626
2009-03-13,1.507
2009-03-16,1.425
2009-03-17,1.309
2009-03-18,1.26
2009-03-19,1.253
2009-03-20,1.286
2009-03-23,1.014
2009-03-24,1
2009-03-25,0.957
2009-03-26,0.855
2009-03-27,0.916
2009-03-30,1.149
2009-03-31,0.935
2009-04-01,0.818
2009-04-02,0.572
2009-04-03,0.561
2009-04-06,0.556
2009-04-07,0.624
2009-04-08,0.624
2009-04-09,0.427
2009-04-13,0.391
2009-04-14,0.409
2009-04-15,0.396
2009-04-16,0.319
2009-04-17,0.259
2009-04-20,0.41
2009-04-21,0.39
2009-04-22,0.373
2009-04-23,0.32
2009-04-24,0.249
2009-04-27,0.271
2009-04-28,0.334
2009-04-29,0.225
2009-04-30,0.125
2009-05-01,0.082
2009-05-04,-0.064
2009-05-05,-0.076
2009-05-06,-0.15
2009-05-07,-0.174
2009-05-08,-0.272
2009-05-11,-0.211
2009-05-12,-0.189
2009-05-13,-0.092
2009-05-14,-0.086
2009-05-15,-0.115
2009-05-18,-0.207
2009-05-19,-0.288
2009-05-20,-0.308
2009-05-21,-0.21
2009-05-22,-0.206
2009-05-26,-0.293
2009-05-27,-0.3
2009-05-28,-0.329
2009-05-29,-0.382
2009-06-01,-0.549
2009-06-02,-0.551
2009-06-03,-0.438
2009-06-04,-0.45
2009-06-05,-0.479
2009-06-08,-0.468
2009-06-09,-0.477
2009-06-10,-0.535
2009-06-11,-0.567
2009-06-12,-0.588
2009-06-15,-0.469
2009-06-16,-0.403
2009-06-17,-0.371
2009-06-18,-0.382
2009-06-19,-0.428
2009-06-22,-0.299
2009-06-23,-0.254
2009-06-24,-0.332
2009-06-25,-0.401
2009-06-26,-0.42
2009-06-29,-0.453
2009-06-30,-0.33
2009-07-01,-0.377
2009-07-02,-0.266
2009-07-06,-0.221
2009-07-07,-0.169
2009-07-08,-0.113
2009-07-09,-0.118
2009-07-10,-0.096
2009-07-13,-0.135
2009-07-14,-0.219
2009-07-15,-0.353
2009-07-16,-0.4
2009-07-17,-0.422
2009-07-20,-0.491
2009-07-21,-0.548
2009-07-22,-0.56
2009-07-23,-0.665
2009-07-24,-0.694
2009-07-27,-0.738
2009-07-28,-0.724
2009-07-29,-0.719
2009-07-30,-0.804
2009-07-31,-0.834
2009-08-03,-0.902
2009-08-04,-0.903
2009-08-05,-0.871
2009-08-06,-0.848
2009-08-07,-0.895
2009-08-10,-0.896
2009-08-11,-0.847
2009-08-12,-0.87
2009-08-13,-0.92
2009-08-14,-0.897
2009-08-17,-0.754
2009-08-18,-0.803
2009-08-19,-0.805
2009-08-20,-0.881
2009-08-21,-0.945
2009-08-24,-1.007
2009-08-25,-1.005
2009-08-26,-1.008
2009-08-27,-0.981
2009-08-28,-1.003
2009-08-31,-0.961
2009-09-01,-0.883
2009-09-02,-0.834
2009-09-03,-0.855
2009-09-04,-0.91
2009-09-08,-0.995
2009-09-09,-1.014
2009-09-10,-1.063
2009-09-11,-1.066
2009-09-14,-1.038
2009-09-15,-1.054
2009-09-16,-1.122
2009-09-17,-1.142
2009-09-18,-1.129
2009-09-21,-1.094
2009-09-22,-1.121
2009-09-23,-1.094
2009-09-24,-1.05
2009-09-25,-0.991
2009-09-28,-1.014
2009-09-29,-1.023
2009-09-30,-0.915
2009-10-01,-0.81
2009-10-02,-0.732
2009-10-05,-0.77
2009-10-06,-0.84
2009-10-07,-0.848
2009-10-08,-0.884
2009-10-09,-0.908
2009-10-12,-0.92
2009-10-13,-0.9
2009-10-14,-0.971
2009-10-15,-0.996
2009-10-16,-0.953
2009-10-19,-0.993
2009-10-20,-0.975
2009-10-21,-0.954
2009-10-22,-0.945
2009-10-23,-0.911
2009-10-26,-0.871
2009-10-27,-0.83
2009-10-28,-0.719
2009-10-29,-0.769
2009-10-30,-0.687
2009-11-02,-0.669
2009-11-03,-0.646
2009-11-04,-0.683
2009-11-05,-0.71
2009-11-06,-0.724
2009-11-09,-0.808
2009-11-10,-0.807
2009-11-11,-0.821
2009-11-12,-0.778
2009-11-13,-0.788
2009-11-16,-0.845
2009-11-17,-0.826
2009-11-18,-0.807
2009-11-19,-0.724
2009-11-20,-0.695
2009-11-23,-0.751
2009-11-24,-0.72
2009-11-25,-0.738
2009-11-27,-0.588
2009-11-30,-0.602
2009-12-01,-0.699
2009-12-02,-0.71
2009-12-03,-0.727
2009-12-04,-0.752
2009-12-07,-0.736
2009-12-08,-0.676
2009-12-09,-0.644
2009-12-10,-0.649
2009-12-11,-0.689
2009-12-14,-0.711
2009-12-15,-0.689
2009-12-16,-0.712
2009-12-17,-0.651
2009-12-18,-0.647
2009-12-21,-0.679
2009-12-22,-0.717
2009-12-23,-0.731
2009-12-24,-0.758
2009-12-28,-0.767
2009-12-29,-0.761
2009-12-30,-0.743
2009-12-31,-0.598
2010-01-04,-0.65
2010-01-05,-0.66
2010-01-06,-0.666
2010-01-07,-0.658
2010-01-08,-0.676
2010-01-11,-0.677
2010-01-12,-0.643
2010-01-13,-0.637
2010-01-14,-0.664
2010-01-15,-0.63
2010-01-19,-0.644
2010-01-20,-0.583
2010-01-21,-0.521
2010-01-22,-0.417
2010-01-25,-0.401
2010-01-26,-0.36
2010-01-27,-0.34
2010-01-28,-0.322
2010-01-29,-0.281
2010-02-01,-0.313
2010-02-02,-0.37
2010-02-03,-0.358
2010-02-04,-0.225
2010-02-05,-0.144
2010-02-08,-0.116
2010-02-09,-0.15
2010-02-10,-0.158
2010-02-11,-0.182
2010-02-12,-0.182
2010-02-16,-0.21
2010-02-17,-0.268
2010-02-18,-0.284
2010-02-19,-0.259
2010-02-22,-0.282
2010-02-23,-0.227
2010-02-24,-0.222
2010-02-25,-0.173
2010-02-26,-0.196
2010-03-01,-0.234
2010-03-02,-0.258
2010-03-03,-0.273
2010-03-04,-0.262
2010-03-05,-0.338
2010-03-08,-0.363
2010-03-09,-0.359
2010-03-10,-0.375
2010-03-11,-0.383
2010-03-12,-0.392
2010-03-15,-0.37
2010-03-16,-0.397
2010-03-17,-0.44
2010-03-18,-0.419
2010-03-19,-0.405
2010-03-22,-0.401
2010-03-23,-0.417
2010-03-24,-0.406
2010-03-25,-0.411
2010-03-26,-0.421
2010-03-29,-0.441
2010-03-30,-0.452
2010-03-31,-0.332
2010-04-01,-0.391
2010-04-05,-0.396
2010-04-06,-0.4
2010-04-07,-0.385
2010-04-08,-0.36
2010-04-09,-0.395
2010-04-12,-0.395
2010-04-13,-0.376
2010-04-14,-0.415
2010-04-15,-0.429
2010-04-16,-0.345
2010-04-19,-0.309
2010-04-20,-0.348
2010-04-21,-0.357
2010-04-22,-0.326
2010-04-23,-0.347
2010-04-26,-0.381
2010-04-27,-0.284
2010-04-28,-0.238
2010-04-29,-0.285
2010-04-30,-0.254
2010-05-03,-0.269
2010-05-04,-0.163
2010-05-05,-0.121
2010-05-06,0.019
2010-05-07,0.154
2010-05-10,-0.075
2010-05-11,-0.042
2010-05-12,-0.095
2010-05-13,-0.1
2010-05-14,0.014
2010-05-17,0.047
2010-05-18,0.059
2010-05-19,0.146
2010-05-20,0.294
2010-05-21,0.295
2010-05-24,0.304
2010-05-25,0.398
2010-05-26,0.348
2010-05-27,0.211
2010-05-28,0.217
2010-06-01,0.257
2010-06-02,0.216
2010-06-03,0.142
2010-06-04,0.247
2010-06-07,0.346
2010-06-08,0.336
2010-06-09,0.333
2010-06-10,0.236
2010-06-11,0.195
2010-06-14,0.154
2010-06-15,0.097
2010-06-16,0.075
2010-06-17,0.076
2010-06-18,0.068
2010-06-21,0.02
2010-06-22,0.084
2010-06-23,0.137
2010-06-24,0.204
2010-06-25,0.236
2010-06-28,0.223
2010-06-29,0.364
2010-06-30,0.472
2010-07-01,0.544
2010-07-02,0.551
2010-07-06,0.475
2010-07-07,0.401
2010-07-08,0.33
2010-07-09,0.292
2010-07-12,0.287
2010-07-13,0.227
2010-07-14,0.194
2010-07-15,0.23
2010-07-16,0.353
2010-07-19,0.351
2010-07-20,0.332
2010-07-21,0.341
2010-07-22,0.266
2010-07-23,0.209
2010-07-26,0.17
2010-07-27,0.161
2010-07-28,0.151
2010-07-29,0.169
2010-07-30,0.194
2010-08-02,0.096
2010-08-03,0.093
2010-08-04,0.104
2010-08-05,0.09
2010-08-06,0.114
2010-08-09,0.087
2010-08-10,0.123
2010-08-11,0.251
2010-08-12,0.273
2010-08-13,0.268
2010-08-16,0.27
2010-08-17,0.226
2010-08-18,0.219
2010-08-19,0.259
2010-08-20,0.301
2010-08-23,0.307
2010-08-24,0.383
2010-08-25,0.411
2010-08-26,0.402
2010-08-27,0.344
2010-08-30,0.352
2010-08-31,0.392
2010-09-01,0.262
2010-09-02,0.221
2010-09-03,0.169
2010-09-07,0.175
2010-09-08,0.172
2010-09-09,0.134
2010-09-10,0.106
2010-09-13,0.048
2010-09-14,0.05
2010-09-15,0.019
2010-09-16,0.036
2010-09-17,0.021
2010-09-20,-0.029
2010-09-21,-0.014
2010-09-22,0.02
2010-09-23,0.037
2010-09-24,-0.012
2010-09-27,-0.012
2010-09-28,-0.007
2010-09-29,-0.009
2010-09-30,0.16
2010-10-01,0.146
2010-10-04,0.174
2010-10-05,0.09
2010-10-06,0.056
2010-10-07,0.066
2010-10-08,0.065
2010-10-11,0.052
2010-10-12,0.076
2010-10-13,0.028
2010-10-14,0.012
2010-10-15,0.022
2010-10-18,0.008
2010-10-19,0.053
2010-10-20,0.043
2010-10-21,0.028
2010-10-22,0.024
2010-10-25,0.012
2010-10-26,0.016
2010-10-27,0.04
2010-10-28,0.031
2010-10-29,0.049
2010-11-01,0.042
2010-11-02,0.016
2010-11-03,0.007
2010-11-04,-0.091
2010-11-05,-0.14
2010-11-08,-0.147
2010-11-09,-0.135
2010-11-10,-0.145
2010-11-11,-0.134
2010-11-12,-0.075
2010-11-15,-0.094
2010-11-16,-0.017
2010-11-17,-0.022
2010-11-18,-0.107
2010-11-19,-0.106
2010-11-22,-0.104
2010-11-23,-0.039
2010-11-24,-0.076
2010-11-26,-0.058
2010-11-29,-0.042
2010-11-30,-0.001
2010-12-01,-0.105
2010-12-02,-0.186
2010-12-03,-0.193
2010-12-06,-0.194
2010-12-07,-0.207
2010-12-08,-0.217
2010-12-09,-0.239
2010-12-10,-0.244
2010-12-13,-0.264
2010-12-14,-0.277
2010-12-15,-0.253
2010-12-16,-0.265
2010-12-17,-0.262
2010-12-20,-0.269
2010-12-21,-0.323
2010-12-22,-0.331
2010-12-23,-0.33
2010-12-27,-0.314
2010-12-28,-0.311
2010-12-29,-0.331
2010-12-30,-0.303
2010-12-31,-0.18
2011-01-03,-0.22
2011-01-04,-0.237
2011-01-05,-0.244
2011-01-06,-0.258
2011-01-07,-0.247
2011-01-10,-0.224
2011-01-11,-0.251
2011-01-12,-0.301
2011-01-13,-0.295
2011-01-14,-0.296
2011-01-18,-0.311
2011-01-19,-0.275
2011-01-20,-0.23
2011-01-21,-0.22
2011-01-24,-0.243
2011-01-25,-0.246
2011-01-26,-0.261
2011-01-27,-0.274
2011-01-28,-0.199
2011-01-31,-0.189
2011-02-01,-0.258
2011-02-02,-0.278
2011-02-03,-0.28
2011-02-04,-0.299
2011-02-07,-0.329
2011-02-08,-0.338
2011-02-09,-0.312
2011-02-10,-0.296
2011-02-11,-0.313
2011-02-14,-0.345
2011-02-15,-0.341
2011-02-16,-0.369
2011-02-17,-0.382
2011-02-18,-0.392
2011-02-22,-0.288
2011-02-23,-0.247
2011-02-24,-0.217
2011-02-25,-0.274
2011-02-28,-0.31
2011-03-01,-0.288
2011-03-02,-0.254
2011-03-03,-0.313
2011-03-04,-0.307
2011-03-07,-0.258
2011-03-08,-0.288
2011-03-09,-0.288
2011-03-10,-0.202
2011-03-11,-0.182
2011-03-14,-0.084
2011-03-15,0.117
2011-03-16,0.112
2011-03-17,0.078
2011-03-18,0.028
2011-03-21,-0.036
2011-03-22,-0.084
2011-03-23,-0.081
2011-03-24,-0.12
2011-03-25,-0.148
2011-03-28,-0.13
2011-03-29,-0.155
2011-03-30,-0.221
2011-03-31,-0.153
2011-04-01,-0.186
2011-04-04,-0.187
2011-04-05,-0.179
2011-04-06,-0.189
2011-04-07,-0.184
2011-04-08,-0.203
2011-04-11,-0.186
2011-04-12,-0.111
2011-04-13,-0.139
2011-04-14,-0.133
2011-04-15,-0.139
2011-04-18,-0.075
2011-04-19,-0.083
2011-04-20,-0.173
2011-04-21,-0.206
2011-04-25,-0.196
2011-04-26,-0.209
2011-04-27,-0.242
2011-04-28,-0.273
2011-04-29,-0.282
2011-05-02,-0.297
2011-05-03,-0.268
2011-05-04,-0.226
2011-05-05,-0.194
2011-05-06,-0.203
2011-05-09,-0.197
2011-05-10,-0.228
2011-05-11,-0.214
2011-05-12,-0.185
2011-05-13,-0.149
2011-05-16,-0.115
2011-05-17,-0.096
2011-05-18,-0.136
2011-05-19,-0.142
2011-05-20,-0.12
2011-05-23,-0.029
2011-05-24,-0.036
2011-05-25,-0.041
2011-05-26,-0.07
2011-05-27,-0.091
2011-05-31,-0.154
2011-06-01,-0.102
2011-06-02,-0.053
2011-06-03,-0.022
2011-06-06,0.028
2011-06-07,0.023
2011-06-08,0.049
2011-06-09,0.018
2011-06-10,0.067
2011-06-13,0.08
2011-06-14,0.026
2011-06-15,0.081
2011-06-16,0.119
2011-06-17,0.123
2011-06-20,0.124
2011-06-21,0.053
2011-06-22,0.053
2011-06-23,0.092
2011-06-24,0.102
2011-06-27,0.101
2011-06-28,0.053
2011-06-29,-0.015
2011-06-30,-0.041
2011-07-01,-0.088
2011-07-05,-0.102
2011-07-06,-0.113
2011-07-07,-0.143
2011-07-08,-0.123
2011-07-11,-0.042
2011-07-12,0.007
2011-07-13,-0.024
2011-07-14,0.006
2011-07-15,-0.003
2011-07-18,0.048
2011-07-19,0.009
2011-07-20,-0.028
2011-07-21,-0.076
2011-07-22,-0.107
2011-07-25,-0.077
2011-07-26,-0.072
2011-07-27,-0.001
2011-07-28,0.027
2011-07-29,0.066
2011-08-01,0.071
2011-08-02,0.182
2011-08-03,0.246
2011-08-04,0.417
2011-08-05,0.515
2011-08-08,0.782
2011-08-09,0.701
2011-08-10,0.83
2011-08-11,0.697
2011-08-12,0.632
2011-08-15,0.551
2011-08-16,0.565
2011-08-17,0.562
2011-08-18,0.765
2011-08-19,0.868
2011-08-22,0.867
2011-08-23,0.751
2011-08-24,0.719
2011-08-25,0.755
2011-08-26,0.725
2011-08-29,0.617
2011-08-30,0.573
2011-08-31,0.505
2011-09-01,0.502
2011-09-02,0.617
2011-09-06,0.774
2011-09-07,0.626
2011-09-08,0.628
2011-09-09,0.743
2011-09-12,0.81
2011-09-13,0.767
2011-09-14,0.735
2011-09-15,0.637
2011-09-16,0.575
2011-09-19,0.65
2011-09-20,0.641
2011-09-21,0.732
2011-09-22,0.943
2011-09-23,0.932
2011-09-26,0.892
2011-09-27,0.732
2011-09-28,0.798
2011-09-29,0.755
2011-09-30,0.844
2011-10-03,0.964
2011-10-04,0.985
2011-10-05,0.905
2011-10-06,0.778
2011-10-07,0.752
2011-10-10,0.645
2011-10-11,0.609
2011-10-12,0.556
2011-10-13,0.557
2011-10-14,0.512
2011-10-17,0.543
2011-10-18,0.536
2011-10-19,0.541
2011-10-20,0.584
2011-10-21,0.494
2011-10-24,0.398
2011-10-25,0.454
2011-10-26,0.423
2011-10-27,0.247
2011-10-28,0.218
2011-10-31,0.324
2011-11-01,0.474
2011-11-02,0.443
2011-11-03,0.374
2011-11-04,0.368
2011-11-07,0.367
2011-11-08,0.343
2011-11-09,0.438
2011-11-10,0.48
2011-11-11,0.386
2011-11-14,0.404
2011-11-15,0.416
2011-11-16,0.467
2011-11-17,0.523
2011-11-18,0.564
2011-11-21,0.67
2011-11-22,0.69
2011-11-23,0.773
2011-11-25,0.792
2011-11-28,0.628
2011-11-29,0.573
2011-11-30,0.418
2011-12-01,0.363
2011-12-02,0.339
2011-12-05,0.29
2011-12-06,0.317
2011-12-07,0.29
2011-12-08,0.367
2011-12-09,0.345
2011-12-12,0.392
2011-12-13,0.421
2011-12-14,0.482
2011-12-15,0.482
2011-12-16,0.469
2011-12-19,0.515
2011-12-20,0.403
2011-12-21,0.371
2011-12-22,0.341
2011-12-23,0.299
2011-12-27,0.289
2011-12-28,0.333
2011-12-29,0.295
2011-12-30,0.277
2012-01-03,0.22
2012-01-04,0.196
2012-01-05,0.215
2012-01-06,0.236
2012-01-09,0.246
2012-01-10,0.178
2012-01-11,0.176
2012-01-12,0.178
2012-01-13,0.172
2012-01-17,0.123
2012-01-18,0.077
2012-01-19,0.025
2012-01-20,0.002
2012-01-23,-0.006
2012-01-24,-0.002
2012-01-25,-0.031
2012-01-26,-0.045
2012-01-27,-0.029
2012-01-30,0.005
2012-01-31,-0.017
2012-02-01,-0.078
2012-02-02,-0.106
2012-02-03,-0.162
2012-02-06,-0.176
2012-02-07,-0.175
2012-02-08,-0.202
2012-02-09,-0.209
2012-02-10,-0.16
2012-02-13,-0.205
2012-02-14,-0.205
2012-02-15,-0.241
2012-02-16,-0.258
2012-02-17,-0.303
2012-02-21,-0.324
2012-02-22,-0.318
2012-02-23,-0.328
2012-02-24,-0.349
2012-02-27,-0.337
2012-02-28,-0.367
2012-02-29,-0.357
2012-03-01,-0.386
2012-03-02,-0.391
2012-03-05,-0.354
2012-03-06,-0.254
2012-03-07,-0.268
2012-03-08,-0.339
2012-03-09,-0.387
2012-03-12,-0.373
2012-03-13,-0.451
2012-03-14,-0.467
2012-03-15,-0.492
2012-03-16,-0.502
2012-03-19,-0.516
2012-03-20,-0.484
2012-03-21,-0.47
2012-03-22,-0.436
2012-03-23,-0.43
2012-03-26,-0.475
2012-03-27,-0.499
2012-03-28,-0.454
2012-03-29,-0.415
2012-03-30,-0.439
2012-04-02,-0.367
2012-04-03,-0.336
2012-04-04,-0.241
2012-04-05,-0.236
2012-04-09,-0.174
2012-04-10,-0.091
2012-04-11,-0.108
2012-04-12,-0.172
2012-04-13,-0.14
2012-04-16,-0.119
2012-04-17,-0.184
2012-04-18,-0.197
2012-04-19,-0.168
2012-04-20,-0.176
2012-04-23,-0.11
2012-04-24,-0.128
2012-04-25,-0.188
2012-04-26,-0.209
2012-04-27,-0.224
2012-04-30,-0.209
2012-05-01,-0.196
2012-05-02,-0.193
2012-05-03,-0.174
2012-05-04,-0.105
2012-05-07,-0.075
2012-05-08,-0.04
2012-05-09,0.008
2012-05-10,-0.004
2012-05-11,0.011
2012-05-14,0.071
2012-05-15,0.106
2012-05-16,0.155
2012-05-17,0.195
2012-05-18,0.276
2012-05-21,0.224
2012-05-22,0.172
2012-05-23,0.244
2012-05-24,0.218
2012-05-25,0.211
2012-05-29,0.143
2012-05-30,0.212
2012-05-31,0.235
2012-06-01,0.33
2012-06-04,0.369
2012-06-05,0.333
2012-06-06,0.206
2012-06-07,0.164
2012-06-08,0.183
2012-06-11,0.174
2012-06-12,0.152
2012-06-13,0.154
2012-06-14,0.143
2012-06-15,0.093
2012-06-18,0.052
2012-06-19,0.008
2012-06-20,-0.018
2012-06-21,0.039
2012-06-22,0.048
2012-06-25,0.122
2012-06-26,0.117
2012-06-27,0.058
2012-06-28,0.065
2012-06-29,-0.076
2012-07-02,-0.053
2012-07-03,-0.104
2012-07-05,-0.096
2012-07-06,-0.047
2012-07-09,-0.014
2012-07-10,-0.007
2012-07-11,-0.008
2012-07-12,0.052
2012-07-13,-0.018
2012-07-16,-0.018
2012-07-17,-0.042
2012-07-18,-0.084
2012-07-19,-0.126
2012-07-20,-0.058
2012-07-23,0.048
2012-07-24,0.081
2012-07-25,0.107
2012-07-26,0.01
2012-07-27,-0.089
2012-07-30,-0.117
2012-07-31,-0.104
2012-08-01,-0.098
2012-08-02,-0.055
2012-08-03,-0.124
2012-08-06,-0.174
2012-08-07,-0.216
2012-08-08,-0.233
2012-08-09,-0.248
2012-08-10,-0.234
2012-08-13,-0.218
2012-08-14,-0.237
2012-08-15,-0.235
2012-08-16,-0.281
2012-08-17,-0.298
2012-08-20,-0.288
2012-08-21,-0.3
2012-08-22,-0.271
2012-08-23,-0.24
2012-08-24,-0.233
2012-08-27,-0.234
2012-08-28,-0.208
2012-08-29,-0.208
2012-08-30,-0.158
2012-08-31,-0.153
2012-09-04,-0.131
2012-09-05,-0.106
2012-09-06,-0.194
2012-09-07,-0.247
2012-09-10,-0.227
2012-09-11,-0.231
2012-09-12,-0.266
2012-09-13,-0.304
2012-09-14,-0.379
2012-09-17,-0.362
2012-09-18,-0.339
2012-09-19,-0.362
2012-09-20,-0.325
2012-09-21,-0.339
2012-09-24,-0.315
2012-09-25,-0.298
2012-09-26,-0.218
2012-09-27,-0.254
2012-09-28,-0.218
2012-10-01,-0.183
2012-10-02,-0.177
2012-10-03,-0.173
2012-10-04,-0.196
2012-10-05,-0.22
2012-10-08,-0.19
2012-10-09,-0.146
2012-10-10,-0.093
2012-10-11,-0.102
2012-10-12,-0.086
2012-10-15,-0.117
2012-10-16,-0.184
2012-10-17,-0.221
2012-10-18,-0.245
2012-10-19,-0.193
2012-10-22,-0.189
2012-10-23,-0.122
2012-10-24,-0.11
2012-10-25,-0.138
2012-10-26,-0.113
2012-10-31,-0.114
2012-11-01,-0.164
2012-11-02,-0.167
2012-11-05,-0.151
2012-11-06,-0.174
2012-11-07,-0.098
2012-11-08,-0.036
2012-11-09,-0.021
2012-11-12,-0.002
2012-11-13,0.009
2012-11-14,0.058
2012-11-15,0.057
2012-11-16,0.038
2012-11-19,-0.065
2012-11-20,-0.071
2012-11-21,-0.092
2012-11-23,-0.169
2012-11-26,-0.16
2012-11-27,-0.156
2012-11-28,-0.152
2012-11-29,-0.202
2012-11-30,-0.201
2012-12-03,-0.2
2012-12-04,-0.191
2012-12-05,-0.21
2012-12-06,-0.241
2012-12-07,-0.246
2012-12-10,-0.253
2012-12-11,-0.274
2012-12-12,-0.28
2012-12-13,-0.282
2012-12-14,-0.269
2012-12-17,-0.303
2012-12-18,-0.35
2012-12-19,-0.375
2012-12-20,-0.369
2012-12-21,-0.32
2012-12-24,-0.311
2012-12-26,-0.337
2012-12-27,-0.349
2012-12-28,-0.325
2012-12-31,-0.372
2013-01-02,-0.471
2013-01-03,-0.477
2013-01-04,-0.462
2013-01-07,-0.433
2013-01-08,-0.406
2013-01-09,-0.433
2013-01-10,-0.456
2013-01-11,-0.468
2013-01-14,-0.464
2013-01-15,-0.468
2013-01-16,-0.431
2013-01-17,-0.451
2013-01-18,-0.499
2013-01-22,-0.484
2013-01-23,-0.459
2013-01-24,-0.476
2013-01-25,-0.527
2013-01-28,-0.501
2013-01-29,-0.528
2013-01-30,-0.536
2013-01-31,-0.52
2013-02-01,-0.554
2013-02-04,-0.511
2013-02-05,-0.513
2013-02-06,-0.554
2013-02-07,-0.529
2013-02-08,-0.537
2013-02-11,-0.524
2013-02-12,-0.56
2013-02-13,-0.556
2013-02-14,-0.563
2013-02-15,-0.54
2013-02-19,-0.592
2013-02-20,-0.571
2013-02-21,-0.502
2013-02-22,-0.551
2013-02-25,-0.544
2013-02-26,-0.495
2013-02-27,-0.524
2013-02-28,-0.571
2013-03-01,-0.57
2013-03-04,-0.576
2013-03-05,-0.635
2013-03-06,-0.667
2013-03-07,-0.672
2013-03-08,-0.735
2013-03-11,-0.743
2013-03-12,-0.729
2013-03-13,-0.716
2013-03-14,-0.757
2013-03-15,-0.762
2013-03-18,-0.694
2013-03-19,-0.702
2013-03-20,-0.72
2013-03-21,-0.703
2013-03-22,-0.676
2013-03-25,-0.69
2013-03-26,-0.703
2013-03-27,-0.697
2013-03-28,-0.696
2013-04-01,-0.517
2013-04-02,-0.528
2013-04-03,-0.523
2013-04-04,-0.537
2013-04-05,-0.512
2013-04-08,-0.563
2013-04-09,-0.577
2013-04-10,-0.646
2013-04-11,-0.69
2013-04-12,-0.652
2013-04-15,-0.553
2013-04-16,-0.568
2013-04-17,-0.52
2013-04-18,-0.481
2013-04-19,-0.528
2013-04-22,-0.561
2013-04-23,-0.616
2013-04-24,-0.66
2013-04-25,-0.692
2013-04-26,-0.67
2013-04-29,-0.694
2013-04-30,-0.697
2013-05-01,-0.669
2013-05-02,-0.681
2013-05-03,-0.722
2013-05-06,-0.722
2013-05-07,-0.782
2013-05-08,-0.814
2013-05-09,-0.792
2013-05-10,-0.831
2013-05-13,-0.83
2013-05-14,-0.854
2013-05-15,-0.898
2013-05-16,-0.874
2013-05-17,-0.904
2013-05-20,-0.919
2013-05-21,-0.921
2013-05-22,-0.92
2013-05-23,-0.755
2013-05-24,-0.759
2013-05-28,-0.763
2013-05-29,-0.702
2013-05-30,-0.641
2013-05-31,-0.593
2013-06-03,-0.599
2013-06-04,-0.622
2013-06-05,-0.497
2013-06-06,-0.477
2013-06-07,-0.516
2013-06-10,-0.562
2013-06-11,-0.482
2013-06-12,-0.452
2013-06-13,-0.384
2013-06-14,-0.404
2013-06-17,-0.467
2013-06-18,-0.472
2013-06-19,-0.455
2013-06-20,-0.293
2013-06-21,-0.283
2013-06-24,-0.199
2013-06-25,-0.233
2013-06-26,-0.281
2013-06-27,-0.352
2013-06-28,-0.397
2013-07-01,-0.396
2013-07-02,-0.399
2013-07-03,-0.366
2013-07-05,-0.426
2013-07-08,-0.427
2013-07-09,-0.49
2013-07-10,-0.485
2013-07-11,-0.547
2013-07-12,-0.552
2013-07-15,-0.563
2013-07-16,-0.548
2013-07-17,-0.565
2013-07-18,-0.604
2013-07-19,-0.577
2013-07-22,-0.589
2013-07-23,-0.599
2013-07-24,-0.592
2013-07-25,-0.564
2013-07-26,-0.519
2013-07-29,-0.458
2013-07-30,-0.475
2013-07-31,-0.446
2013-08-01,-0.529
2013-08-02,-0.574
2013-08-05,-0.555
2013-08-06,-0.534
2013-08-07,-0.46
2013-08-08,-0.457
2013-08-09,-0.462
2013-08-12,-0.452
2013-08-13,-0.503
2013-08-14,-0.509
2013-08-15,-0.423
2013-08-16,-0.407
2013-08-19,-0.379
2013-08-20,-0.324
2013-08-21,-0.297
2013-08-22,-0.32
2013-08-23,-0.372
2013-08-26,-0.356
2013-08-27,-0.263
2013-08-28,-0.237
2013-08-29,-0.271
2013-08-30,-0.247
2013-09-03,-0.336
2013-09-04,-0.366
2013-09-05,-0.388
2013-09-06,-0.379
2013-09-09,-0.446
2013-09-10,-0.513
2013-09-11,-0.525
2013-09-12,-0.511
2013-09-13,-0.515
2013-09-16,-0.545
2013-09-17,-0.535
2013-09-18,-0.581
2013-09-19,-0.62
2013-09-20,-0.585
2013-09-23,-0.566
2013-09-24,-0.552
2013-09-25,-0.529
2013-09-26,-0.554
2013-09-27,-0.529
2013-09-30,-0.333
2013-10-01,-0.367
2013-10-02,-0.325
2013-10-03,-0.301
2013-10-04,-0.307
2013-10-07,-0.263
2013-10-08,-0.226
2013-10-09,-0.224
2013-10-10,-0.32
2013-10-11,-0.365
2013-10-14,-0.373
2013-10-15,-0.375
2013-10-16,-0.41
2013-10-17,-0.433
2013-10-18,-0.463
2013-10-21,-0.476
2013-10-22,-0.495
2013-10-23,-0.438
2013-10-24,-0.45
2013-10-25,-0.416
2013-10-28,-0.445
2013-10-29,-0.451
2013-10-30,-0.455
2013-10-31,-0.426
2013-11-01,-0.404
2013-11-04,-0.414
2013-11-05,-0.396
2013-11-06,-0.417
2013-11-07,-0.37
2013-11-08,-0.368
2013-11-11,-0.381
2013-11-12,-0.396
2013-11-13,-0.39
2013-11-14,-0.45
2013-11-15,-0.495
2013-11-18,-0.507
2013-11-19,-0.484
2013-11-20,-0.464
2013-11-21,-0.488
2013-11-22,-0.503
2013-11-25,-0.524
2013-11-26,-0.495
2013-11-27,-0.509
2013-11-29,-0.529
2013-12-02,-0.505
2013-12-03,-0.467
2013-12-04,-0.416
2013-12-05,-0.371
2013-12-06,-0.418
2013-12-09,-0.46
2013-12-10,-0.433
2013-12-11,-0.379
2013-12-12,-0.328
2013-12-13,-0.325
2013-12-16,-0.337
2013-12-17,-0.325
2013-12-18,-0.4
2013-12-19,-0.445
2013-12-20,-0.461
2013-12-23,-0.495
2013-12-24,-0.507
2013-12-26,-0.53
2013-12-27,-0.547
2013-12-30,-0.543
2013-12-31,-0.501
2014-01-02,-0.448
2014-01-03,-0.444
2014-01-06,-0.342
2014-01-07,-0.357
2014-01-08,-0.381
2014-01-09,-0.343
2014-01-10,-0.363
2014-01-13,-0.342
2014-01-14,-0.321
2014-01-15,-0.382
2014-01-16,-0.366
2014-01-17,-0.361
2014-01-21,-0.365
2014-01-22,-0.371
2014-01-23,-0.311
2014-01-24,-0.181
2014-01-27,-0.107
2014-01-28,-0.13
2014-01-29,-0.132
2014-01-30,-0.127
2014-01-31,-0.097
2014-02-03,0.015
2014-02-04,0.067
2014-02-05,0.051
2014-02-06,-0.008
2014-02-07,-0.083
2014-02-10,-0.107
2014-02-11,-0.159
2014-02-12,-0.184
2014-02-13,-0.161
2014-02-14,-0.17
2014-02-18,-0.223
2014-02-19,-0.202
2014-02-20,-0.176
2014-02-21,-0.222
2014-02-24,-0.21
2014-02-25,-0.241
2014-02-26,-0.229
2014-02-27,-0.235
2014-02-28,-0.238
2014-03-03,-0.151
2014-03-04,-0.228
2014-03-05,-0.246
2014-03-06,-0.279
2014-03-07,-0.266
2014-03-10,-0.23
2014-03-11,-0.228
2014-03-12,-0.163
2014-03-13,-0.117
2014-03-14,-0.048
2014-03-17,-0.087
2014-03-18,-0.132
2014-03-19,-0.117
2014-03-20,-0.1
2014-03-21,-0.096
2014-03-24,-0.1
2014-03-25,-0.128
2014-03-26,-0.136
2014-03-27,-0.152
2014-03-28,-0.188
2014-03-31,-0.167
2014-04-01,-0.193
2014-04-02,-0.219
2014-04-03,-0.195
2014-04-04,-0.174
2014-04-07,-0.107
2014-04-08,-0.098
2014-04-09,-0.102
2014-04-10,-0.051
2014-04-11,0.032
2014-04-14,0.015
2014-04-15,0.018
2014-04-16,-0.066
2014-04-17,-0.082
2014-04-21,-0.101
2014-04-22,-0.118
2014-04-23,-0.114
2014-04-24,-0.112
2014-04-25,-0.072
2014-04-28,-0.07
2014-04-29,-0.107
2014-04-30,-0.11
2014-05-01,-0.13
2014-05-02,-0.126
2014-05-05,-0.121
2014-05-06,-0.098
2014-05-07,-0.075
2014-05-08,-0.104
2014-05-09,-0.104
2014-05-12,-0.14
2014-05-13,-0.176
2014-05-14,-0.17
2014-05-15,-0.122
2014-05-16,-0.114
2014-05-19,-0.115
2014-05-20,-0.099
2014-05-21,-0.123
2014-05-22,-0.163
2014-05-23,-0.188
2014-05-27,-0.219
2014-05-28,-0.219
2014-05-29,-0.233
2014-05-30,-0.22
2014-06-02,-0.246
2014-06-03,-0.249
2014-06-04,-0.26
2014-06-05,-0.283
2014-06-06,-0.31
2014-06-09,-0.313
2014-06-10,-0.31
2014-06-11,-0.295
2014-06-12,-0.268
2014-06-13,-0.274
2014-06-16,-0.251
2014-06-17,-0.26
2014-06-18,-0.286
2014-06-19,-0.323
2014-06-20,-0.318
2014-06-23,-0.305
2014-06-24,-0.292
2014-06-25,-0.268
2014-06-26,-0.27
2014-06-27,-0.253
2014-06-30,-0.23
2014-07-01,-0.274
2014-07-02,-0.29
2014-07-03,-0.315
2014-07-07,-0.288
2014-07-08,-0.241
2014-07-09,-0.247
2014-07-10,-0.211
2014-07-11,-0.209
2014-07-14,-0.248
2014-07-15,-0.246
2014-07-16,-0.274
2014-07-17,-0.226
2014-07-18,-0.234
2014-07-21,-0.219
2014-07-22,-0.272
2014-07-23,-0.277
2014-07-24,-0.281
2014-07-25,-0.27
2014-07-28,-0.271
2014-07-29,-0.272
2014-07-30,-0.262
2014-07-31,-0.178
2014-08-01,-0.138
2014-08-04,-0.151
2014-08-05,-0.116
2014-08-06,-0.081
2014-08-07,-0.059
2014-08-08,-0.027
2014-08-11,-0.099
2014-08-12,-0.095
2014-08-13,-0.123
2014-08-14,-0.148
2014-08-15,-0.14
2014-08-18,-0.18
2014-08-19,-0.217
2014-08-20,-0.22
2014-08-21,-0.245
2014-08-22,-0.232
2014-08-25,-0.268
2014-08-26,-0.275
2014-08-27,-0.281
2014-08-28,-0.254
2014-08-29,-0.262
2014-09-02,-0.282
2014-09-03,-0.305
2014-09-04,-0.315
2014-09-05,-0.315
2014-09-08,-0.304
2014-09-09,-0.277
2014-09-10,-0.277
2014-09-11,-0.285
2014-09-12,-0.265
2014-09-15,-0.256
2014-09-16,-0.262
2014-09-17,-0.279
2014-09-18,-0.311
2014-09-19,-0.331
2014-09-22,-0.284
2014-09-23,-0.239
2014-09-24,-0.266
2014-09-25,-0.222
2014-09-26,-0.228
2014-09-29,-0.213
2014-09-30,-0.081
2014-10-01,-0.019
2014-10-02,0.064
2014-10-03,0.012
2014-10-06,-0.013
2014-10-07,0.056
2014-10-08,0.056
2014-10-09,0.114
2014-10-10,0.197
2014-10-13,0.235
2014-10-14,0.259
2014-10-15,0.329
2014-10-16,0.377
2014-10-17,0.311
2014-10-20,0.242
2014-10-21,0.189
2014-10-22,0.155
2014-10-23,0.123
2014-10-24,0.098
2014-10-27,0.108
2014-10-28,0.057
2014-10-29,0.029
2014-10-30,-0.006
2014-10-31,-0.135
2014-11-03,-0.115
2014-11-04,-0.123
2014-11-05,-0.166
2014-11-06,-0.159
2014-11-07,-0.155
2014-11-10,-0.175
2014-11-11,-0.204
2014-11-12,-0.189
2014-11-13,-0.208
2014-11-14,-0.212
2014-11-17,-0.178
2014-11-18,-0.231
2014-11-19,-0.224
2014-11-20,-0.221
2014-11-21,-0.283
2014-11-24,-0.299
2014-11-25,-0.3
2014-11-26,-0.313
2014-11-28,-0.308
2014-12-01,-0.268
2014-12-02,-0.299
2014-12-03,-0.318
2014-12-04,-0.305
2014-12-05,-0.341
2014-12-08,-0.302
2014-12-09,-0.243
2014-12-10,-0.164
2014-12-11,-0.151
2014-12-12,-0.07
2014-12-15,0.015
2014-12-16,0.046
2014-12-17,-0.021
2014-12-18,-0.171
2014-12-19,-0.227
2014-12-22,-0.254
2014-12-23,-0.261
2014-12-24,-0.276
2014-12-26,-0.281
2014-12-29,-0.281
2014-12-30,-0.225
2014-12-31,-0.254
2015-01-02,-0.243
2015-01-05,-0.076
2015-01-06,0.002
2015-01-07,-0.04
2015-01-08,-0.165
2015-01-09,-0.127
2015-01-12,-0.111
2015-01-13,-0.123
2015-01-14,-0.056
2015-01-15,-0.104
2015-01-16,-0.136
2015-01-20,-0.189
2015-01-21,-0.219
2015-01-22,-0.288
2015-01-23,-0.325
2015-01-26,-0.332
2015-01-27,-0.311
2015-01-28,-0.28
2015-01-29,-0.27
2015-01-30,-0.224
2015-02-02,-0.248
2015-02-03,-0.29
2015-02-04,-0.318
2015-02-05,-0.328
2015-02-06,-0.331
2015-02-09,-0.305
2015-02-10,-0.331
2015-02-11,-0.319
2015-02-12,-0.382
2015-02-13,-0.413
2015-02-17,-0.416
2015-02-18,-0.443
2015-02-19,-0.446
2015-02-20,-0.467
2015-02-23,-0.487
2015-02-24,-0.514
2015-02-25,-0.512
2015-02-26,-0.538
2015-02-27,-0.533
2015-03-02,-0.537
2015-03-03,-0.505
2015-03-04,-0.49
2015-03-05,-0.504
2015-03-06,-0.482
2015-03-09,-0.461
2015-03-10,-0.381
2015-03-11,-0.404
2015-03-12,-0.455
2015-03-13,-0.452
2015-03-16,-0.5
2015-03-17,-0.498
2015-03-18,-0.545
2015-03-19,-0.543
2015-03-20,-0.581
2015-03-23,-0.585
2015-03-24,-0.572
2015-03-25,-0.515
2015-03-26,-0.46
2015-03-27,-0.452
2015-03-30,-0.51
2015-03-31,-0.351
2015-04-01,-0.339
2015-04-02,-0.369
2015-04-06,-0.396
2015-04-07,-0.436
2015-04-08,-0.458
2015-04-09,-0.5
2015-04-10,-0.529
2015-04-13,-0.524
2015-04-14,-0.513
2015-04-15,-0.531
2015-04-16,-0.526
2015-04-17,-0.44
2015-04-20,-0.463
2015-04-21,-0.491
2015-04-22,-0.52
2015-04-23,-0.521
2015-04-24,-0.514
2015-04-27,-0.519
2015-04-28,-0.503
2015-04-29,-0.447
2015-04-30,-0.367
2015-05-01,-0.381
2015-05-04,-0.396
2015-05-05,-0.341
2015-05-06,-0.313
2015-05-07,-0.29
2015-05-08,-0.382
2015-05-11,-0.392
2015-05-12,-0.353
2015-05-13,-0.364
2015-05-14,-0.384
2015-05-15,-0.393
2015-05-18,-0.413
2015-05-19,-0.445
2015-05-20,-0.454
2015-05-21,-0.464
2015-05-22,-0.463
2015-05-26,-0.418
2015-05-27,-0.458
2015-05-28,-0.443
2015-05-29,-0.392
2015-06-01,-0.4
2015-06-02,-0.374
2015-06-03,-0.371
2015-06-04,-0.329
2015-06-05,-0.302
2015-06-08,-0.263
2015-06-09,-0.228
2015-06-10,-0.283
2015-06-11,-0.314
2015-06-12,-0.281
2015-06-15,-0.234
2015-06-16,-0.246
2015-06-17,-0.241
2015-06-18,-0.256
2015-06-19,-0.261
2015-06-22,-0.337
2015-06-23,-0.387
2015-06-24,-0.364
2015-06-25,-0.339
2015-06-26,-0.328
2015-06-29,-0.167
2015-06-30,-0.161
2015-07-01,-0.208
2015-07-02,-0.211
2015-07-06,-0.113
2015-07-07,-0.106
2015-07-08,0.001
2015-07-09,-0.066
2015-07-10,-0.136
2015-07-13,-0.223
2015-07-14,-0.257
2015-07-15,-0.266
2015-07-16,-0.319
2015-07-17,-0.325
2015-07-20,-0.318
2015-07-21,-0.305
2015-07-22,-0.261
2015-07-23,-0.232
2015-07-24,-0.171
2015-07-27,-0.086
2015-07-28,-0.134
2015-07-29,-0.164
2015-07-30,-0.181
2015-07-31,-0.184
2015-08-03,-0.181
2015-08-04,-0.167
2015-08-05,-0.204
2015-08-06,-0.165
2015-08-07,-0.147
2015-08-10,-0.193
2015-08-11,-0.128
2015-08-12,-0.043
2015-08-13,-0.075
2015-08-14,-0.071
2015-08-17,-0.085
2015-08-18,-0.07
2015-08-19,0.01
2015-08-20,0.12
2015-08-21,0.311
2015-08-24,0.61
2015-08-25,0.601
2015-08-26,0.504
2015-08-27,0.343
2015-08-28,0.285
2015-08-31,0.321
2015-09-01,0.508
2015-09-02,0.473
2015-09-03,0.412
2015-09-04,0.536
2015-09-08,0.471
2015-09-09,0.356
2015-09-10,0.406
2015-09-11,0.416
2015-09-14,0.455
2015-09-15,0.404
2015-09-16,0.329
2015-09-17,0.316
2015-09-18,0.412
2015-09-21,0.401
2015-09-22,0.495
2015-09-23,0.514
2015-09-24,0.608
2015-09-25,0.528
2015-09-28,0.664
2015-09-29,0.735
2015-09-30,0.529
2015-10-01,0.512
2015-10-02,0.463
2015-10-05,0.322
2015-10-06,0.301
2015-10-07,0.247
2015-10-08,0.24
2015-10-09,0.196
2015-10-12,0.195
2015-10-13,0.255
2015-10-14,0.311
2015-10-15,0.218
2015-10-16,0.181
2015-10-19,0.189
2015-10-20,0.201
2015-10-21,0.193
2015-10-22,0.127
2015-10-23,0.025
2015-10-26,0.035
2015-10-27,0.075
2015-10-28,0.022
2015-10-29,0.034
2015-10-30,0.036
2015-11-02,0.039
2015-11-03,0.016
2015-11-04,-0.011
2015-11-05,-0.006
2015-11-06,-0.01
2015-11-09,0.017
2015-11-10,0.018
2015-11-11,0.012
2015-11-12,0.074
2015-11-13,0.135
2015-11-16,0.117
2015-11-17,0.045
2015-11-18,0.007
2015-11-19,-0.029
2015-11-20,-0.05
2015-11-23,-0.031
2015-11-24,-0.014
2015-11-25,-0.03
2015-11-27,-0.034
2015-11-30,-0.004
2015-12-01,-0.091
2015-12-02,-0.057
2015-12-03,0.039
2015-12-04,0.037
2015-12-07,0.037
2015-12-08,0.114
2015-12-09,0.152
2015-12-10,0.179
2015-12-11,0.263
2015-12-14,0.312
2015-12-15,0.247
2015-12-16,0.161
2015-12-17,0.143
2015-12-18,0.242
2015-12-21,0.247
2015-12-22,0.227
2015-12-23,0.141
2015-12-24,0.152
2015-12-28,0.17
2015-12-29,0.112
2015-12-30,0.145
2015-12-31,0.141
2016-01-04,0.307
2016-01-05,0.294
2016-01-06,0.37
2016-01-07,0.521
2016-01-08,0.576
2016-01-11,0.598
2016-01-12,0.598
2016-01-13,0.6
2016-01-14,0.628
2016-01-15,0.753
2016-01-19,0.732
2016-01-20,0.892
2016-01-21,0.882
2016-01-22,0.665
2016-01-25,0.7
2016-01-26,0.688
2016-01-27,0.655
2016-01-28,0.667
2016-01-29,0.514
2016-02-01,0.483
2016-02-02,0.585
2016-02-03,0.649
2016-02-04,0.633
2016-02-05,0.709
2016-02-08,0.795
2016-02-09,0.904
2016-02-10,0.899
2016-02-11,1.009
2016-02-12,0.974
2016-02-16,0.77
2016-02-17,0.694
2016-02-18,0.658
2016-02-19,0.698
2016-02-22,0.603
2016-02-23,0.662
2016-02-24,0.716
2016-02-25,0.629
2016-02-26,0.593
2016-02-29,0.607
2016-03-01,0.496
2016-03-02,0.393
2016-03-03,0.364
2016-03-04,0.323
2016-03-07,0.322
2016-03-08,0.382
2016-03-09,0.369
2016-03-10,0.379
2016-03-11,0.277
2016-03-14,0.231
2016-03-15,0.28
2016-03-16,0.277
2016-03-17,0.235
2016-03-18,0.223
2016-03-21,0.223
2016-03-22,0.197
2016-03-23,0.223
2016-03-24,0.267
2016-03-28,0.238
2016-03-29,0.204
2016-03-30,0.161
2016-03-31,0.181
2016-04-01,0.246
2016-04-04,0.247
2016-04-05,0.354
2016-04-06,0.317
2016-04-07,0.35
2016-04-08,0.308
2016-04-11,0.301
2016-04-12,0.24
2016-04-13,0.116
2016-04-14,0.064
2016-04-15,0.073
2016-04-18,0.095
2016-04-19,0
2016-04-20,-0.008
2016-04-21,-0.032
2016-04-22,-0.034
2016-04-25,-0.006
2016-04-26,-0.013
2016-04-27,-0.023
2016-04-28,0.047
2016-04-29,0.1
2016-05-02,0.133
2016-05-03,0.193
2016-05-04,0.235
2016-05-05,0.229
2016-05-06,0.233
2016-05-09,0.211
2016-05-10,0.129
2016-05-11,0.154
2016-05-12,0.154
2016-05-13,0.195
2016-05-16,0.158
2016-05-17,0.16
2016-05-18,0.154
2016-05-19,0.195
2016-05-20,0.143
2016-05-23,0.156
2016-05-24,0.097
2016-05-25,0.018
2016-05-26,0.013
2016-05-27,-0.016
2016-05-31,-0.032
2016-06-01,-0.026
2016-06-02,-0.006
2016-06-03,-0.003
2016-06-06,-0.031
2016-06-07,-0.074
2016-06-08,-0.096
2016-06-09,-0.056
2016-06-10,0.027
2016-06-13,0.142
2016-06-14,0.2
2016-06-15,0.172
2016-06-16,0.227
2016-06-17,0.184
2016-06-20,0.058
2016-06-21,0.014
2016-06-22,0.016
2016-06-23,-0.068
2016-06-24,0.295
2016-06-27,0.386
2016-06-28,0.285
2016-06-29,0.143
2016-06-30,0.031
2016-07-01,-0.001
2016-07-05,0.059
2016-07-06,0.112
2016-07-07,0.091
2016-07-08,0.043
2016-07-11,-0.072
2016-07-12,-0.147
2016-07-13,-0.167
2016-07-14,-0.212
2016-07-15,-0.222
2016-07-18,-0.232
2016-07-19,-0.24
2016-07-20,-0.268
2016-07-21,-0.271
2016-07-22,-0.265
2016-07-25,-0.263
2016-07-26,-0.247
2016-07-27,-0.283
2016-07-28,-0.253
2016-07-29,-0.279
2016-08-01,-0.274
2016-08-02,-0.209
2016-08-03,-0.185
2016-08-04,-0.221
2016-08-05,-0.269
2016-08-08,-0.307
2016-08-09,-0.336
2016-08-10,-0.326
2016-08-11,-0.352
2016-08-12,-0.365
2016-08-15,-0.37
2016-08-16,-0.319
2016-08-17,-0.316
2016-08-18,-0.311
2016-08-19,-0.291
2016-08-22,-0.289
2016-08-23,-0.302
2016-08-24,-0.292
2016-08-25,-0.272
2016-08-26,-0.264
2016-08-29,-0.312
2016-08-30,-0.319
2016-08-31,-0.317
2016-09-01,-0.32
2016-09-02,-0.373
2016-09-06,-0.401
2016-09-07,-0.402
2016-09-08,-0.378
2016-09-09,-0.279
2016-09-12,-0.253
2016-09-13,-0.199
2016-09-14,-0.182
2016-09-15,-0.202
2016-09-16,-0.185
2016-09-19,-0.218
2016-09-20,-0.216
2016-09-21,-0.284
2016-09-22,-0.342
2016-09-23,-0.306
2016-09-26,-0.225
2016-09-27,-0.26
2016-09-28,-0.265
2016-09-29,-0.265
2016-09-30,-0.172
2016-10-03,-0.189
2016-10-04,-0.209
2016-10-05,-0.202
2016-10-06,-0.211
2016-10-07,-0.183
2016-10-10,-0.208
2016-10-11,-0.165
2016-10-12,-0.142
2016-10-13,-0.109
2016-10-14,-0.144
2016-10-17,-0.12
2016-10-18,-0.183
2016-10-19,-0.201
2016-10-20,-0.222
2016-10-21,-0.217
2016-10-24,-0.24
2016-10-25,-0.235
2016-10-26,-0.222
2016-10-27,-0.204
2016-10-28,-0.2
2016-10-31,-0.187
2016-11-01,-0.148
2016-11-02,-0.077
2016-11-03,-0.064
2016-11-04,-0.02
2016-11-07,-0.141
2016-11-08,-0.166
2016-11-09,-0.123
2016-11-10,-0.209
2016-11-11,-0.175
2016-11-14,-0.197
2016-11-15,-0.221
2016-11-16,-0.238
2016-11-17,-0.258
2016-11-18,-0.253
2016-11-21,-0.292
2016-11-22,-0.323
2016-11-23,-0.317
2016-11-25,-0.354
2016-11-28,-0.332
2016-11-29,-0.33
2016-11-30,-0.32
2016-12-01,-0.324
2016-12-02,-0.3
2016-12-05,-0.319
2016-12-06,-0.357
2016-12-07,-0.422
2016-12-08,-0.481
2016-12-09,-0.526
2016-12-12,-0.52
2016-12-13,-0.567
2016-12-14,-0.534
2016-12-15,-0.544
2016-12-16,-0.554
2016-12-19,-0.55
2016-12-20,-0.574
2016-12-21,-0.557
2016-12-22,-0.536
2016-12-23,-0.536
2016-12-27,-0.54
2016-12-28,-0.526
2016-12-29,-0.503
2016-12-30,-0.497
2017-01-03,-0.524
2017-01-04,-0.479
2017-01-05,-0.483
2017-01-06,-0.481
2017-01-09,-0.455
2017-01-10,-0.451
2017-01-11,-0.463
2017-01-12,-0.437
2017-01-13,-0.466
2017-01-17,-0.397
2017-01-18,-0.412
2017-01-19,-0.4
2017-01-20,-0.408
2017-01-23,-0.381
2017-01-24,-0.398
2017-01-25,-0.461
2017-01-26,-0.487
2017-01-27,-0.476
2017-01-30,-0.426
2017-01-31,-0.379
2017-02-01,-0.411
2017-02-02,-0.385
2017-02-03,-0.416
2017-02-06,-0.393
2017-02-07,-0.386
2017-02-08,-0.4
2017-02-09,-0.42
2017-02-10,-0.465
2017-02-13,-0.5
2017-02-14,-0.483
2017-02-15,-0.521
2017-02-16,-0.504
2017-02-17,-0.49
2017-02-21,-0.531
2017-02-22,-0.529
2017-02-23,-0.523
2017-02-24,-0.495
2017-02-27,-0.472
2017-02-28,-0.455
2017-03-01,-0.538
2017-03-02,-0.531
2017-03-03,-0.514
2017-03-06,-0.491
2017-03-07,-0.475
2017-03-08,-0.461
2017-03-09,-0.452
2017-03-10,-0.486
2017-03-13,-0.504
2017-03-14,-0.486
2017-03-15,-0.514
2017-03-16,-0.536
2017-03-17,-0.532
2017-03-20,-0.36
2017-03-21,-0.475
2017-03-22,-0.431
2017-03-23,-0.445
2017-03-24,-0.451
2017-03-27,-0.416
2017-03-28,-0.461
2017-03-29,-0.468
2017-03-30,-0.468
2017-03-31,-0.307
2017-04-03,-0.303
2017-04-04,-0.28
2017-04-05,-0.283
2017-04-06,-0.264
2017-04-07,-0.268
2017-04-10,-0.276
2017-04-11,-0.262
2017-04-12,-0.244
2017-04-13,-0.207
2017-04-17,-0.22
2017-04-18,-0.189
2017-04-19,-0.181
2017-04-20,-0.205
2017-04-21,-0.215
2017-04-24,-0.307
2017-04-25,-0.349
2017-04-26,-0.366
2017-04-27,-0.356
2017-04-28,-0.341
2017-05-01,-0.354
2017-05-02,-0.383
2017-05-03,-0.374
2017-05-04,-0.381
2017-05-05,-0.401
2017-05-08,-0.436
2017-05-09,-0.438
2017-05-10,-0.448
2017-05-11,-0.442
2017-05-12,-0.438
2017-05-15,-0.454
2017-05-16,-0.457
2017-05-17,-0.374
2017-05-18,-0.332
2017-05-19,-0.364
2017-05-22,-0.391
2017-05-23,-0.39
2017-05-24,-0.404
2017-05-25,-0.423
2017-05-26,-0.409
2017-05-30,-0.39
2017-05-31,-0.375
2017-06-01,-0.413
2017-06-02,-0.451
2017-06-05,-0.445
2017-06-06,-0.406
2017-06-07,-0.406
2017-06-08,-0.398
2017-06-09,-0.408
2017-06-12,-0.369
2017-06-13,-0.381
2017-06-14,-0.374
2017-06-15,-0.348
2017-06-16,-0.361
2017-06-19,-0.415
2017-06-20,-0.388
2017-06-21,-0.371
2017-06-22,-0.366
2017-06-23,-0.368
2017-06-26,-0.38
2017-06-27,-0.347
2017-06-28,-0.352
2017-06-29,-0.312
2017-06-30,-0.26
2017-07-03,-0.29
2017-07-05,-0.284
2017-07-06,-0.234
2017-07-07,-0.239
2017-07-10,-0.262
2017-07-11,-0.258
2017-07-12,-0.315
2017-07-13,-0.329
2017-07-14,-0.347
2017-07-17,-0.345
2017-07-18,-0.314
2017-07-19,-0.348
2017-07-20,-0.344
2017-07-21,-0.32
2017-07-24,-0.303
2017-07-25,-0.319
2017-07-26,-0.341
2017-07-27,-0.343
2017-07-28,-0.303
2017-07-31,-0.302
2017-08-01,-0.323
2017-08-02,-0.324
2017-08-03,-0.305
2017-08-04,-0.322
2017-08-07,-0.335
2017-08-08,-0.329
2017-08-09,-0.285
2017-08-10,-0.216
2017-08-11,-0.186
2017-08-14,-0.226
2017-08-15,-0.238
2017-08-16,-0.256
2017-08-17,-0.205
2017-08-18,-0.165
2017-08-21,-0.157
2017-08-22,-0.201
2017-08-23,-0.19
2017-08-24,-0.186
2017-08-25,-0.195
2017-08-28,-0.185
2017-08-29,-0.154
2017-08-30,-0.192
2017-08-31,-0.227
2017-09-01,-0.246
2017-09-05,-0.183
2017-09-06,-0.187
2017-09-07,-0.198
2017-09-08,-0.187
2017-09-11,-0.256
2017-09-12,-0.292
2017-09-13,-0.296
2017-09-14,-0.289
2017-09-15,-0.295
2017-09-18,-0.314
2017-09-19,-0.339
2017-09-20,-0.339
2017-09-21,-0.336
2017-09-22,-0.329
2017-09-25,-0.321
2017-09-26,-0.305
2017-09-27,-0.315
2017-09-28,-0.321
2017-09-29,-0.343
2017-10-02,-0.228
2017-10-03,-0.259
2017-10-04,-0.264
2017-10-05,-0.277
2017-10-06,-0.27
2017-10-09,-0.265
2017-10-10,-0.286
2017-10-11,-0.296
2017-10-12,-0.298
2017-10-13,-0.322
2017-10-16,-0.331
2017-10-17,-0.325
2017-10-18,-0.333
2017-10-19,-0.316
2017-10-20,-0.332
2017-10-23,-0.336
2017-10-24,-0.335
2017-10-25,-0.303
2017-10-26,-0.32
2017-10-27,-0.367
2017-10-30,-0.362
2017-10-31,-0.368
2017-11-01,-0.411
2017-11-02,-0.406
2017-11-03,-0.415
2017-11-06,-0.421
2017-11-07,-0.438
2017-11-08,-0.434
2017-11-09,-0.398
2017-11-10,-0.369
2017-11-13,-0.331
2017-11-14,-0.308
2017-11-15,-0.257
2017-11-16,-0.319
2017-11-17,-0.315
2017-11-20,-0.319
2017-11-21,-0.359
2017-11-22,-0.363
2017-11-24,-0.36
2017-11-27,-0.337
2017-11-28,-0.372
2017-11-29,-0.385
2017-11-30,-0.372
2017-12-01,-0.369
2017-12-04,-0.38
2017-12-05,-0.355
2017-12-06,-0.312
2017-12-07,-0.336
2017-12-08,-0.391
2017-12-11,-0.411
2017-12-12,-0.414
2017-12-13,-0.403
2017-12-14,-0.379
2017-12-15,-0.385
2017-12-18,-0.454
2017-12-19,-0.434
2017-12-20,-0.417
2017-12-21,-0.431
2017-12-22,-0.432
2017-12-26,-0.42
2017-12-27,-0.431
2017-12-28,-0.425
2017-12-29,-0.409
2018-01-02,-0.336
2018-01-03,-0.362
2018-01-04,-0.385
2018-01-05,-0.435
2018-01-08,-0.445
2018-01-09,-0.46
2018-01-10,-0.44
2018-01-11,-0.444
2018-01-12,-0.469
2018-01-16,-0.475
2018-01-17,-0.49
2018-01-18,-0.485
2018-01-19,-0.509
2018-01-22,-0.536
2018-01-23,-0.569
2018-01-24,-0.545
2018-01-25,-0.52
2018-01-26,-0.56
2018-01-29,-0.539
2018-01-30,-0.455
2018-01-31,-0.443
2018-02-01,-0.447
2018-02-02,-0.338
2018-02-05,-0.145
2018-02-06,-0.046
2018-02-07,-0.073
2018-02-08,0.047
2018-02-09,0.094
2018-02-12,0.024
2018-02-13,0.032
2018-02-14,-0.029
2018-02-15,-0.104
2018-02-16,-0.139
2018-02-20,-0.131
2018-02-21,-0.132
2018-02-22,-0.107
2018-02-23,-0.173
2018-02-26,-0.23
2018-02-27,-0.203
2018-02-28,-0.126
2018-03-01,-0.039
2018-03-02,0.035
2018-03-05,0.001
2018-03-06,-0.046
2018-03-07,-0.037
2018-03-08,-0.075
2018-03-09,-0.141
2018-03-12,-0.177
2018-03-13,-0.151
2018-03-14,-0.116
2018-03-15,-0.124
2018-03-16,-0.119
2018-03-19,-0.045
2018-03-20,-0.055
2018-03-21,-0.046
2018-03-22,0.043
2018-03-23,0.201
2018-03-26,0.129
2018-03-27,0.11
2018-03-28,0.145
2018-03-29,0.089
2018-04-02,0.173
2018-04-03,0.16
2018-04-04,0.148
2018-04-05,0.055
2018-04-06,0.129
2018-04-09,0.11
2018-04-10,0.034
2018-04-11,0.069
2018-04-12,0.036
2018-04-13,0.041
2018-04-16,0.03
2018-04-17,-0.014
2018-04-18,-0.049
2018-04-19,-0.042
2018-04-20,-0.005
2018-04-23,0.001
2018-04-24,0.026
2018-04-25,0.048
2018-04-26,-0.004
2018-04-27,-0.03
2018-04-30,-0.019
2018-05-01,-0.021
2018-05-02,-0.005
2018-05-03,0.026
2018-05-04,-0.019
2018-05-07,-0.04
2018-05-08,-0.044
2018-05-09,-0.074
2018-05-10,-0.108
2018-05-11,-0.139
2018-05-14,-0.147
2018-05-15,-0.114
2018-05-16,-0.129
2018-05-17,-0.136
2018-05-18,-0.123
2018-05-21,-0.151
2018-05-22,-0.147
2018-05-23,-0.119
2018-05-24,-0.086
2018-05-25,-0.083
2018-05-29,0
2018-05-30,0.002
2018-05-31,0.015
2018-06-01,-0.056
2018-06-04,-0.108
2018-06-05,-0.105
2018-06-06,-0.139
2018-06-07,-0.143
2018-06-08,-0.122
2018-06-11,-0.147
2018-06-12,-0.153
2018-06-13,-0.147
2018-06-14,-0.149
2018-06-15,-0.124
2018-06-18,-0.085
2018-06-19,-0.017
2018-06-20,-0.048
2018-06-21,-0.024
2018-06-22,-0.035
2018-06-25,0.081
2018-06-26,0.078
2018-06-27,0.101
2018-06-28,0.106
2018-06-29,0.068
2018-07-02,0.122
2018-07-03,0.122
2018-07-05,0.11
2018-07-06,0.059
2018-07-09,-0.005
2018-07-10,-0.029
2018-07-11,0.04
2018-07-12,-0.015
2018-07-13,-0.051
2018-07-16,-0.035
2018-07-17,-0.055
2018-07-18,-0.072
2018-07-19,-0.053
2018-07-20,-0.039
2018-07-23,-0.021
2018-07-24,-0.064
2018-07-25,-0.09
2018-07-26,-0.106
2018-07-27,-0.089
2018-07-30,-0.047
2018-07-31,-0.071
2018-08-01,-0.037
2018-08-02,-0.035
2018-08-03,-0.067
2018-08-06,-0.077
2018-08-07,-0.111
2018-08-08,-0.109
2018-08-09,-0.107
2018-08-10,-0.028
2018-08-13,0.034
2018-08-14,-0.022
2018-08-15,0.044
2018-08-16,0.019
2018-08-17,0.005
2018-08-20,-0.015
2018-08-21,-0.036
2018-08-22,-0.042
2018-08-23,-0.036
2018-08-24,-0.065
2018-08-27,-0.145
2018-08-28,-0.147
2018-08-29,-0.159
2018-08-30,-0.122
2018-08-31,-0.109
2018-09-04,-0.069
2018-09-05,-0.013
2018-09-06,0.017
2018-09-07,0.028
2018-09-10,0.023
2018-09-11,0.001
2018-09-12,-0.007
2018-09-13,-0.046
2018-09-14,-0.076
2018-09-17,-0.055
2018-09-18,-0.095
2018-09-19,-0.132
2018-09-20,-0.168
2018-09-21,-0.198
2018-09-24,-0.169
2018-09-25,-0.176
2018-09-26,-0.183
2018-09-27,-0.186
2018-09-28,-0.185
2018-10-01,-0.205
2018-10-02,-0.181
2018-10-03,-0.186
2018-10-04,-0.113
2018-10-05,-0.062
2018-10-08,-0.036
2018-10-09,-0.014
2018-10-10,0.103
2018-10-11,0.283
2018-10-12,0.229
2018-10-15,0.27
2018-10-16,0.159
2018-10-17,0.148
2018-10-18,0.219
2018-10-19,0.233
2018-10-22,0.234
2018-10-23,0.346
2018-10-24,0.434
2018-10-25,0.458
2018-10-26,0.528
2018-10-29,0.538
2018-10-30,0.474
2018-10-31,0.386
2018-11-01,0.377
2018-11-02,0.306
2018-11-05,0.33
2018-11-06,0.308
2018-11-07,0.244
2018-11-08,0.218
2018-11-09,0.285
2018-11-12,0.36
2018-11-13,0.378
2018-11-14,0.406
2018-11-15,0.396
2018-11-16,0.392
2018-11-19,0.436
2018-11-20,0.533
2018-11-21,0.504
2018-11-23,0.519
2018-11-26,0.416
2018-11-27,0.398
2018-11-28,0.32
2018-11-29,0.308
2018-11-30,0.284
2018-12-03,0.197
2018-12-04,0.331
2018-12-06,0.447
2018-12-07,0.475
2018-12-10,0.502
2018-12-11,0.524
2018-12-12,0.433
2018-12-13,0.413
2018-12-14,0.514
2018-12-17,0.572
2018-12-18,0.615
2018-12-19,0.651
2018-12-20,0.721
2018-12-21,0.789
2018-12-24,0.909
2018-12-26,0.843
2018-12-27,0.787
2018-12-28,0.746
2018-12-31,0.708
2019-01-02,0.708
2019-01-03,0.789
2019-01-04,0.702
2019-01-07,0.638
2019-01-08,0.584
2019-01-09,0.526
2019-01-10,0.522
2019-01-11,0.503
2019-01-14,0.527
2019-01-15,0.469
2019-01-16,0.464
2019-01-17,0.444
2019-01-18,0.338
2019-01-22,0.396
2019-01-23,0.394
2019-01-24,0.377
2019-01-25,0.316
2019-01-28,0.367
2019-01-29,0.356
2019-01-30,0.314
2019-01-31,0.287
2019-02-01,0.276
2019-02-04,0.251
2019-02-05,0.21
2019-02-06,0.209
2019-02-07,0.275
2019-02-08,0.316
2019-02-11,0.296
2019-02-12,0.209
2019-02-13,0.186
2019-02-14,0.202
2019-02-15,0.185
2019-02-19,0.147
2019-02-20,0.089
2019-02-21,0.138
2019-02-22,0.076
2019-02-25,0.045
2019-02-26,0.051
2019-02-27,0.064
2019-02-28,0.09
2019-03-01,0.044
2019-03-04,0.024
2019-03-05,0.031
2019-03-06,0.054
2019-03-07,0.103
2019-03-08,0.181
2019-03-11,0.111
2019-03-12,0.068
2019-03-13,0.05
2019-03-14,0.039
2019-03-15,-0.008
2019-03-18,-0.054
2019-03-19,-0.06
2019-03-20,-0.039
2019-03-21,-0.078
2019-03-22,0.015
2019-03-25,0.084
2019-03-26,0.015
2019-03-27,0.037
2019-03-28,0.055
2019-03-29,0.006
2019-04-01,-0.079
2019-04-02,-0.091
2019-04-03,-0.145
2019-04-04,-0.144
2019-04-05,-0.167
2019-04-08,-0.166
2019-04-09,-0.153
2019-04-10,-0.159
2019-04-11,-0.161
2019-04-12,-0.187
2019-04-15,-0.205
2019-04-16,-0.217
2019-04-17,-0.221
2019-04-18,-0.211
2019-04-22,-0.215
2019-04-23,-0.244
2019-04-24,-0.236
2019-04-25,-0.228
2019-04-26,-0.24
2019-04-29,-0.237
2019-04-30,-0.226
2019-05-01,-0.208
2019-05-02,-0.174
2019-05-03,-0.212
2019-05-06,-0.151
2019-05-07,-0.049
2019-05-08,-0.022
2019-05-09,0.068
2019-05-10,0.068
2019-05-13,0.18
2019-05-14,0.188
2019-05-15,0.148
2019-05-16,0.112
2019-05-17,0.135
2019-05-20,0.17
2019-05-21,0.135
2019-05-22,0.144
2019-05-23,0.216
2019-05-24,0.203
2019-05-28,0.209
2019-05-29,0.249
2019-05-30,0.227
2019-05-31,0.274
2019-06-03,0.278
2019-06-04,0.214
2019-06-05,0.159
2019-06-06,0.144
2019-06-07,0.087
2019-06-10,0.04
2019-06-11,-0.015
2019-06-12,0.024
2019-06-13,0.021
2019-06-14,-0.006
2019-06-17,0.032
2019-06-18,-0.026
2019-06-19,-0.074
2019-06-20,-0.124
2019-06-21,-0.102
2019-06-24,-0.094
2019-06-25,-0.057
2019-06-26,-0.042
2019-06-27,-0.081
2019-06-28,-0.102
2019-07-01,-0.177
2019-07-02,-0.192
2019-07-03,-0.219
2019-07-05,-0.211
2019-07-08,-0.172
2019-07-09,-0.168
2019-07-10,-0.179
2019-07-11,-0.198
2019-07-12,-0.208
2019-07-15,-0.215
2019-07-16,-0.202
2019-07-17,-0.164
2019-07-18,-0.133
2019-07-19,-0.148
2019-07-22,-0.151
2019-07-23,-0.205
2019-07-24,-0.226
2019-07-25,-0.194
2019-07-26,-0.217
2019-07-29,-0.216
2019-07-30,-0.19
2019-07-31,-0.147
2019-08-01,-0.136
2019-08-02,-0.012
2019-08-05,0.166
2019-08-06,0.151
2019-08-07,0.161
2019-08-08,0.06
2019-08-09,0.088
2019-08-12,0.131
2019-08-13,0.1
2019-08-14,0.19
2019-08-15,0.208
2019-08-16,0.137
2019-08-19,0.064
2019-08-20,0.088
2019-08-21,0.042
2019-08-22,0.058
2019-08-23,0.136
2019-08-26,0.151
2019-08-27,0.125
2019-08-28,0.105
2019-08-29,0.05
2019-08-30,0.001
2019-09-03,0.03
2019-09-04,-0.037
2019-09-05,-0.129
2019-09-06,-0.149
2019-09-09,-0.155
2019-09-10,-0.165
2019-09-11,-0.224
2019-09-12,-0.25
2019-09-13,-0.277
2019-09-16,-0.263
2019-09-17,-0.263
2019-09-18,-0.265
2019-09-19,-0.277
2019-09-20,-0.28
2019-09-23,-0.266
2019-09-24,-0.244
2019-09-25,-0.242
2019-09-26,-0.254
2019-09-27,-0.232
2019-09-30,-0.24
2019-10-01,-0.203
2019-10-02,-0.092
2019-10-03,-0.083
2019-10-04,-0.145
2019-10-07,-0.145
2019-10-08,-0.095
2019-10-09,-0.114
2019-10-10,-0.153
2019-10-11,-0.259
2019-10-14,-0.244
2019-10-15,-0.308
2019-10-16,-0.317
2019-10-17,-0.323
2019-10-18,-0.307
2019-10-21,-0.347
2019-10-22,-0.334
2019-10-23,-0.343
2019-10-24,-0.368
2019-10-25,-0.381
2019-10-28,-0.401
2019-10-29,-0.398
2019-10-30,-0.388
2019-10-31,-0.363
2019-11-01,-0.387
2019-11-04,-0.421
2019-11-05,-0.431
2019-11-06,-0.437
2019-11-07,-0.451
2019-11-08,-0.439
2019-11-11,-0.417
2019-11-12,-0.443
2019-11-13,-0.417
2019-11-14,-0.392
2019-11-15,-0.44
2019-11-18,-0.45
2019-11-19,-0.438
2019-11-20,-0.405
2019-11-21,-0.38
2019-11-22,-0.416
2019-11-25,-0.469
2019-11-26,-0.471
2019-11-27,-0.516
2019-11-29,-0.459
2019-12-02,-0.413
2019-12-03,-0.371
2019-12-04,-0.385
2019-12-05,-0.383
2019-12-06,-0.433
2019-12-09,-0.425
2019-12-10,-0.409
2019-12-11,-0.423
2019-12-12,-0.457
2019-12-13,-0.525
2019-12-16,-0.559
2019-12-17,-0.562
2019-12-18,-0.548
2019-12-19,-0.552
2019-12-20,-0.573
2019-12-23,-0.581
2019-12-24,-0.577
2019-12-26,-0.59
2019-12-27,-0.588
2019-12-30,-0.556
2019-12-31,-0.56
2020-01-02,-0.604
2020-01-03,-0.57
2020-01-06,-0.532
2020-01-07,-0.552
2020-01-08,-0.537
2020-01-09,-0.605
2020-01-10,-0.598
2020-01-13,-0.615
2020-01-14,-0.622
2020-01-15,-0.604
2020-01-16,-0.628
2020-01-17,-0.663
2020-01-21,-0.617
2020-01-22,-0.621
2020-01-23,-0.574
2020-01-24,-0.548
2020-01-27,-0.416
2020-01-28,-0.443
2020-01-29,-0.446
2020-01-30,-0.379
2020-01-31,-0.3
2020-02-03,-0.303
2020-02-04,-0.392
2020-02-05,-0.447
2020-02-06,-0.508
2020-02-07,-0.468
2020-02-10,-0.475
2020-02-11,-0.503
2020-02-12,-0.561
2020-02-13,-0.547
2020-02-14,-0.52
2020-02-18,-0.469
2020-02-19,-0.502
2020-02-20,-0.465
2020-02-21,-0.412
2020-02-24,-0.218
2020-02-25,-0.042
2020-02-26,-0.003
2020-02-27,0.236
2020-02-28,0.403
2020-03-02,0.257
2020-03-03,0.318
2020-03-04,0.174
2020-03-05,0.276
2020-03-06,0.464
2020-03-09,0.958
2020-03-10,0.824
2020-03-11,1.016
2020-03-12,1.65
2020-03-13,1.473
2020-03-16,1.989
2020-03-17,1.792
2020-03-18,2.064
2020-03-19,2.041
2020-03-20,2.066
2020-03-23,2.239
2020-03-24,1.682
2020-03-25,1.435
2020-03-26,1.282
2020-03-27,1.383
2020-03-30,1.303
2020-03-31,1.304
2020-04-01,1.565
2020-04-02,1.5
2020-04-03,1.558
2020-04-06,1.223
2020-04-07,1.129
2020-04-08,1.011
2020-04-09,0.929
2020-04-13,0.991
2020-04-14,0.839
2020-04-15,0.976
2020-04-16,0.969
2020-04-17,0.78
2020-04-20,0.829
2020-04-21,1.027
2020-04-22,0.924
2020-04-23,0.875
2020-04-24,0.879
2020-04-27,0.743
2020-04-28,0.722
2020-04-29,0.597
2020-04-30,0.61
2020-05-01,0.747
2020-05-04,0.798
2020-05-05,0.712
2020-05-06,0.731
2020-05-07,0.671
2020-05-08,0.533
2020-05-11,0.508
2020-05-12,0.533
2020-05-13,0.624
2020-05-14,0.665
2020-05-15,0.616
2020-05-18,0.446
2020-05-19,0.436
2020-05-20,0.343
2020-05-21,0.386
2020-05-22,0.41
2020-05-26,0.237
2020-05-27,0.176
2020-05-28,0.114
2020-05-29,0.105
2020-06-01,0.123
2020-06-02,0.038
2020-06-03,-0.079
2020-06-04,-0.064
2020-06-05,-0.204
2020-06-08,-0.405
2020-06-09,-0.356
2020-06-10,-0.339
2020-06-11,-0.037
2020-06-12,-0.058
2020-06-15,-0.032
2020-06-16,-0.235
2020-06-17,-0.234
2020-06-18,-0.215
2020-06-19,-0.226
2020-06-22,-0.229
2020-06-23,-0.288
2020-06-24,-0.158
2020-06-25,-0.176
2020-06-26,-0.119
2020-06-29,-0.129
2020-06-30,-0.194
2020-07-01,-0.203
2020-07-02,-0.275
2020-07-06,-0.399
2020-07-07,-0.338
2020-07-08,-0.348
2020-07-09,-0.335
2020-07-10,-0.352
2020-07-13,-0.383
2020-07-14,-0.371
2020-07-15,-0.456
2020-07-16,-0.4
2020-07-17,-0.411
2020-07-20,-0.453
2020-07-21,-0.491
2020-07-22,-0.469
2020-07-23,-0.436
2020-07-24,-0.199
2020-07-27,-0.386
2020-07-28,-0.378
2020-07-29,-0.409
2020-07-30,-0.387
2020-07-31,-0.327
2020-08-03,-0.425
2020-08-04,-0.494
2020-08-05,-0.51
2020-08-06,-0.499
2020-08-07,-0.474
2020-08-10,-0.483
2020-08-11,-0.519
2020-08-12,-0.582
2020-08-13,-0.581
2020-08-14,-0.554
2020-08-17,-0.551
2020-08-18,-0.534
2020-08-19,-0.531
2020-08-20,-0.483
2020-08-21,-0.497
2020-08-24,-0.569
2020-08-25,-0.594
2020-08-26,-0.636
2020-08-27,-0.612
2020-08-28,-0.565
2020-08-31,-0.328
2020-09-01,-0.621
2020-09-02,-0.698
2020-09-03,-0.584
2020-09-04,-0.513
2020-09-08,-0.442
2020-09-09,-0.509
2020-09-10,-0.464
2020-09-11,-0.481
2020-09-14,-0.537
2020-09-15,-0.562
2020-09-16,-0.565
2020-09-17,-0.509
2020-09-18,-0.467
2020-09-21,-0.352
2020-09-22,-0.376
2020-09-23,-0.317
2020-09-24,-0.269
2020-09-25,-0.318
2020-09-28,-0.427
2020-09-29,-0.406
2020-09-30,-0.416
2020-10-01,-0.436
2020-10-02,-0.398
2020-10-05,-0.484
2020-10-06,-0.458
2020-10-07,-0.507
2020-10-08,-0.567
2020-10-09,-0.601
2020-10-12,-0.663
2020-10-13,-0.633
2020-10-14,-0.606
2020-10-15,-0.534
2020-10-16,-0.504
2020-10-19,-0.526
2020-10-20,-0.527
2020-10-21,-0.499
2020-10-22,-0.493
2020-10-23,-0.518
2020-10-26,-0.427
2020-10-27,-0.39
2020-10-28,-0.221
2020-10-29,-0.244
2020-10-30,-0.185
2020-11-02,-0.266
2020-11-03,-0.358
2020-11-04,-0.486
2020-11-05,-0.596
2020-11-06,-0.602
2020-11-09,-0.751
2020-11-10,-0.741
2020-11-11,-0.804
2020-11-12,-0.772
2020-11-13,-0.806
2020-11-16,-0.903
2020-11-17,-0.839
2020-11-18,-0.793
2020-11-19,-0.769
2020-11-20,-0.803
2020-11-23,-0.821
2020-11-24,-0.914
2020-11-25,-0.909
2020-11-27,-0.945
2020-11-30,-0.872
2020-12-01,-0.985
2020-12-02,-0.991
2020-12-03,-0.993
2020-12-04,-1.031
2020-12-07,-1.007
2020-12-08,-1.014
2020-12-09,-1.017
2020-12-10,-0.997
2020-12-11,-0.975
2020-12-14,-0.967
2020-12-15,-0.998
2020-12-16,-1.034
2020-12-17,-1.06
2020-12-18,-1.036
2020-12-21,-1.005
2020-12-22,-0.997
2020-12-23,-1.03
2020-12-24,-1.042
2020-12-28,-1.084
2020-12-29,-1.142
2020-12-30,-1.143
2020-12-31,-1.152
2021-01-04,-1.119
2021-01-05,-1.135
2021-01-06,-1.173
2021-01-07,-1.25
2021-01-08,-1.327
2021-01-11,-1.299
2021-01-12,-1.302
2021-01-13,-1.321
2021-01-14,-1.335
2021-01-15,-1.269
2021-01-19,-1.291
2021-01-20,-1.346
2021-01-21,-1.356
2021-01-22,-1.314
2021-01-25,-1.324
2021-01-26,-1.302
2021-01-27,-1.206
2021-01-28,-1.178
2021-01-29,-1.037
2021-02-01,-1.136
2021-02-02,-1.214
2021-02-03,-1.237
2021-02-04,-1.237
2021-02-05,-1.269
2021-02-08,-1.314
2021-02-09,-1.31
2021-02-10,-1.304
2021-02-11,-1.314
2021-02-12,-1.324
2021-02-16,-1.389
2021-02-17,-1.353
2021-02-18,-1.302
2021-02-19,-1.278
2021-02-22,-1.222
2021-02-23,-1.207
2021-02-24,-1.201
2021-02-25,-1.145
2021-02-26,-0.992
2021-03-01,-1.139
2021-03-02,-1.092
2021-03-03,-1.067
2021-03-04,-0.954
2021-03-05,-0.962
2021-03-08,-0.949
2021-03-09,-1.007
2021-03-10,-1.025
2021-03-11,-1.079
2021-03-12,-1.089
2021-03-15,-1.092
2021-03-16,-1.107
2021-03-17,-1.085
2021-03-18,-1.059
2021-03-19,-1.002
2021-03-22,-0.986
2021-03-23,-0.93
2021-03-24,-0.852
2021-03-25,-0.872
2021-03-26,-0.958
2021-03-29,-0.95
2021-03-30,-0.957
2021-03-31,-0.936
2021-04-01,-0.98
2021-04-05,-1.037
2021-04-06,-1.02
2021-04-07,-1.004
2021-04-08,-1.013
2021-04-09,-1.019
2021-04-12,-0.892
2021-04-13,-0.905
2021-04-14,-0.89
2021-04-15,-0.921
2021-04-16,-0.945
2021-04-19,-0.919
2021-04-20,-0.907
2021-04-21,-0.892
2021-04-22,-0.897
2021-04-23,-0.91
2021-04-26,-0.923
2021-04-27,-0.896
2021-04-28,-0.867
2021-04-29,-0.854
2021-04-30,-0.768
2021-05-03,-0.763
2021-05-04,-0.702
2021-05-05,-0.728
2021-05-06,-0.769
2021-05-07,-0.798
2021-05-10,-0.766
2021-05-11,-0.626
2021-05-12,-0.523
2021-05-13,-0.435
2021-05-14,-0.531
2021-05-17,-0.501
2021-05-18,-0.528
2021-05-19,-0.459
2021-05-20,-0.507
2021-05-21,-0.452
2021-05-24,-0.543
2021-05-25,-0.554
2021-05-26,-0.563
2021-05-27,-0.55
2021-05-28,-0.477
2021-06-01,-0.47
2021-06-02,-0.48
2021-06-03,-0.466
2021-06-04,-0.482
2021-06-07,-0.484
2021-06-08,-0.476
2021-06-09,-0.458
2021-06-10,-0.475
2021-06-11,-0.489
2021-06-14,-0.503
2021-06-15,-0.508
2021-06-16,-0.479
2021-06-17,-0.453
2021-06-18,-0.374
2021-06-21,-0.36
2021-06-22,-0.421
2021-06-23,-0.405
2021-06-24,-0.44
2021-06-25,-0.464
2021-06-28,-0.451
2021-06-29,-0.437
2021-06-30,-0.418
2021-07-01,-0.428
2021-07-02,-0.443
2021-07-06,-0.411
2021-07-07,-0.413
2021-07-08,-0.323
2021-07-09,-0.364
2021-07-12,-0.424
2021-07-13,-0.421
2021-07-14,-0.403
2021-07-15,-0.357
2021-07-16,-0.302
2021-07-19,-0.175
2021-07-20,-0.201
2021-07-21,-0.267
2021-07-22,-0.285
2021-07-23,-0.312
2021-07-26,-0.304
2021-07-27,-0.27
2021-07-28,-0.242
2021-07-29,-0.352
2021-07-30,-0.395
2021-08-02,-0.363
2021-08-03,-0.369
2021-08-04,-0.348
2021-08-05,-0.361
2021-08-06,-0.349
2021-08-09,-0.335
2021-08-10,-0.338
2021-08-11,-0.357
2021-08-12,-0.35
2021-08-13,-0.378
2021-08-16,-0.325
2021-08-17,-0.272
2021-08-18,-0.262
2021-08-19,-0.19
2021-08-20,-0.189
2021-08-23,-0.237
2021-08-24,-0.244
2021-08-25,-0.245
2021-08-26,-0.207
2021-08-27,-0.223
2021-08-30,-0.24
2021-08-31,-0.255
2021-09-01,-0.288
2021-09-02,-0.301
2021-09-03,-0.315
2021-09-07,-0.349
2021-09-08,-0.326
2021-09-09,-0.288
2021-09-10,-0.284
2021-09-13,-0.311
2021-09-14,-0.299
2021-09-15,-0.288
2021-09-16,-0.269
2021-09-17,-0.232
2021-09-20,-0.153
2021-09-21,-0.133
2021-09-22,-0.161
2021-09-23,-0.213
2021-09-24,-0.223
2021-09-27,-0.21
2021-09-28,-0.104
2021-09-29,-0.076
2021-09-30,-0.037
2021-10-01,-0.05
2021-10-04,0.018
2021-10-05,0.008
2021-10-06,0.045
2021-10-07,-0.031
2021-10-08,-0.04
2021-10-11,-0.05
2021-10-12,-0.015
2021-10-13,-0.03
2021-10-14,-0.114
2021-10-15,-0.179
2021-10-18,-0.167
2021-10-19,-0.204
2021-10-20,-0.225
2021-10-21,-0.187
2021-10-22,-0.204
2021-10-25,-0.201
2021-10-26,-0.246
2021-10-27,-0.196
2021-10-28,-0.194
2021-10-29,-0.186
2021-11-01,-0.229
2021-11-02,-0.224
2021-11-03,-0.244
2021-11-04,-0.263
2021-11-05,-0.246
2021-11-08,-0.251
2021-11-09,-0.224
2021-11-10,-0.19
2021-11-11,-0.202
2021-11-12,-0.232
2021-11-15,-0.239
2021-11-16,-0.255
2021-11-17,-0.239
2021-11-18,-0.22
2021-11-19,-0.21
2021-11-22,-0.193
2021-11-23,-0.156
2021-11-24,-0.128
2021-11-26,0.057
2021-11-29,0.047
2021-11-30,0.147
2021-12-01,0.112
2021-12-02,0.109
2021-12-03,0.135
2021-12-06,0.092
2021-12-07,-0.05
2021-12-08,-0.073
2021-12-09,-0.047
2021-12-10,-0.042
2021-12-13,-0.012
2021-12-14,0.045
2021-12-15,0.002
2021-12-16,-0.039
2021-12-17,0.036
2021-12-20,0.139
2021-12-21,0.023
2021-12-22,-0.026
2021-12-23,-0.081
2021-12-27,-0.119
2021-12-28,-0.153
2021-12-29,-0.138
2021-12-30,-0.134
2021-12-31,-0.129
2022-01-03,-0.345878
2022-01-04,-0.356584
2022-01-05,-0.34303
2022-01-06,-0.310181
2022-01-07,-0.309669
2022-01-10,-0.30712
2022-01-11,-0.315785
2022-01-12,-0.339465
2022-01-13,-0.3289
2022-01-14,-0.318243
2022-01-18,-0.293515
2022-01-19,-0.270973
2022-01-20,-0.271872
2022-01-21,-0.247011
2022-01-24,-0.229858
2022-01-25,-0.210143
2022-01-26,-0.212313
2022-01-27,-0.179977
2022-01-28,-0.204822
2022-01-31,-0.231178
2022-02-01,-0.244861
2022-02-02,-0.267073
2022-02-03,-0.194484
2022-02-04,-0.198017
2022-02-07,-0.196926
2022-02-08,-0.201841
2022-02-09,-0.228069
2022-02-10,-0.242192
2022-02-11,-0.222057
2022-02-14,-0.198268
2022-02-15,-0.212624
2022-02-16,-0.227081
2022-02-17,-0.201828
2022-02-18,-0.188208
2022-02-22,-0.15976
2022-02-23,-0.145432
2022-02-24,-0.113583
2022-02-28,-0.153493
2022-03-01,-0.13769
2022-03-02,-0.136569
2022-03-03,-0.079402
2022-03-04,-0.047091
2022-03-07,0.001232
2022-03-08,0.019222
2022-03-09,-0.012484
2022-03-10,-0.070267
2022-03-11,-0.046145
2022-03-14,-0.037135
2022-03-15,-0.047123
2022-03-16,-0.090357
2022-03-17,-0.136549
2022-03-18,-0.145946
2022-03-21,-0.144452
2022-03-22,-0.158915
2022-03-23,-0.158397
2022-03-24,-0.168759
2022-03-25,-0.169272
2022-03-28,-0.166297
2022-03-29,-0.195321
2022-03-30,-0.19086
2022-03-31,-0.163645
2022-04-01,-0.15958
2022-04-04,-0.173246
2022-04-05,-0.158012
2022-04-06,-0.134281
2022-04-07,-0.119532
2022-04-08,-0.11985
2022-04-11,-0.096927
2022-04-12,-0.087216
2022-04-13,-0.100827
2022-04-14,-0.096111
2022-04-15,-0.092685
2022-04-18,-0.084447
2022-04-19,-0.087426
2022-04-20,-0.100095
2022-04-21,-0.093387
2022-04-22,-0.058094
2022-04-25,-0.042975
2022-04-26,-0.022607
2022-04-27,-0.012928
2022-04-28,-0.034889
2022-04-29,-0.022976
2022-05-02,-0.018452
2022-05-03,-0.023768
2022-05-04,-0.039696
2022-05-05,-0.004696
2022-05-06,0.005953
2022-05-09,0.050052
2022-05-10,0.051128
2022-05-11,0.058695
2022-05-12,0.068285
2022-05-13,0.040209
2022-05-16,0.040369
2022-05-17,0.01471
2022-05-18,0.03776
2022-05-19,0.048886
2022-05-20,0.040431
2022-05-23,0.017598
2022-05-24,0.028232
2022-05-25,0.024023
2022-05-26,0.010577
2022-05-27,-0.017137
2022-05-30,-0.032571
2022-05-31,-0.021892
2022-06-01,-0.011394
2022-06-02,-0.01178
2022-06-03,0.001815
2022-06-06,-0.004887
2022-06-07,-0.005529
2022-06-08,-0.001186
2022-06-09,0.019428
2022-06-10,0.057725
2022-06-13,0.109003
2022-06-14,0.122708
2022-06-15,0.114652
2022-06-16,0.119445
2022-06-17,0.135699
2022-06-20,0.134428
2022-06-21,0.109957
2022-06-22,0.117507
2022-06-23,0.11534
2022-06-24,0.084421
2022-06-27,0.07467
2022-06-28,0.08676
2022-06-29,0.098857
2022-06-30,0.110896
2022-07-01,0.111751
2022-07-04,0.105759
2022-07-05,0.114459
2022-07-06,0.11638
2022-07-07,0.095718
2022-07-08,0.092669
2022-07-11,0.10686
2022-07-12,0.11967
2022-07-13,0.123092
2022-07-14,0.134094
2022-07-15,0.114699
2022-07-18,0.107473
2022-07-19,0.083236
2022-07-20,0.070782
2022-07-21,0.06568
2022-07-22,0.063123
2022-07-25,0.06797
2022-07-26,0.076821
2022-07-27,0.061328
2022-07-28,0.031877
2022-07-29,0.017543
2022-08-01,0.00671
2022-08-02,0.024703
2022-08-03,0.022119
2022-08-04,0.016347
2022-08-05,0.022632
2022-08-08,0.016959
2022-08-09,0.025591
2022-08-10,-0.001753
2022-08-11,-0.001409
2022-08-12,-0.016182
2022-08-15,-0.023247
2022-08-16,-0.019062
2022-08-17,-0.013468
2022-08-18,-0.008374
2022-08-19,0.012257
2022-08-22,0.034432
2022-08-23,0.03921
2022-08-24,0.040434
2022-08-25,0.015757
2022-08-26,0.041867
2022-08-29,0.06591
2022-08-30,0.069328
2022-08-31,0.07579
2022-09-01,0.100401
2022-09-02,0.100716
2022-09-05,0.108342
2022-09-06,0.118002
2022-09-07,0.116616
2022-09-08,0.095064
2022-09-09,0.0695
2022-09-12,0.0497
2022-09-13,0.089001
2022-09-14,0.098094
2022-09-15,0.113202
2022-09-16,0.125593
2022-09-19,0.124739
2022-09-20,0.132765
2022-09-21,0.154445
2022-09-22,0.158791
2022-09-23,0.185775
2022-09-26,0.21305
2022-09-27,0.213791
2022-09-28,0.209529
2022-09-29,0.209278
2022-09-30,0.220648
2022-10-03,0.200116
2022-10-04,0.153459
2022-10-05,0.155409
2022-10-06,0.178249
2022-10-07,0.206723
2022-10-10,0.21934
2022-10-11,0.237072
2022-10-12,0.243817
2022-10-13,0.227903
2022-10-14,0.230261
2022-10-17,0.213279
2022-10-18,0.198217
2022-10-19,0.210054
2022-10-20,0.212805
2022-10-21,0.206141
2022-10-24,0.195068
2022-10-25,0.172606
2022-10-26,0.165067
2022-10-27,0.159928
2022-10-28,0.155284
2022-10-31,0.156964
2022-11-01,0.149551
2022-11-02,0.160936
2022-11-03,0.187984
2022-11-04,0.167016
2022-11-07,0.14857
2022-11-08,0.132889
2022-11-09,0.150732
2022-11-10,0.103936
2022-11-11,0.064722
2022-11-14,0.076773
2022-11-15,0.058585
2022-11-16,0.067684
2022-11-17,0.09515
2022-11-18,0.085668
2022-11-21,0.100222
2022-11-22,0.083102
2022-11-23,0.069113
2022-11-24,0.048637
2022-11-25,0.053162
2022-11-28,0.069134
2022-11-29,0.066529
2022-11-30,0.047144
2022-12-01,0.039201
2022-12-02,0.04742
2022-12-05,0.059146
2022-12-06,0.073915
2022-12-07,0.081796
2022-12-08,0.079771
2022-12-09,0.075468
2022-12-12,0.076365
2022-12-13,0.055456
2022-12-14,0.053009
2022-12-15,0.093627
2022-12-16,0.107906
2022-12-19,0.117796
2022-12-20,0.108283
2022-12-21,0.098826
2022-12-22,0.102825
2022-12-23,0.105968
2022-12-26,0.104546
2022-12-27,0.104729
2022-12-28,0.115714
2022-12-29,0.104434
2022-12-30,0.1066
2023-01-02,0.103727
2023-01-03,0.100156
2023-01-04,0.096048
2023-01-05,0.116065
2023-01-06,0.089422
2023-01-09,0.075056
2023-01-10,0.072459
2023-01-11,0.058924
2023-01-12,0.052336
2023-01-13,0.038249
2023-01-16,0.043703
2023-01-17,0.040186
2023-01-18,0.040274
2023-01-19,0.062906
2023-01-20,0.049578
2023-01-23,0.037544
2023-01-24,0.030558
2023-01-25,0.02642
2023-01-26,0.020764
2023-01-27,0.016449
2023-01-30,0.027227
2023-01-31,0.023709
2023-02-01,0.01068
2023-02-02,0.005834
2023-02-03,0.022759
2023-02-06,0.042564
2023-02-07,0.028789
2023-02-08,0.033111
2023-02-09,0.025014
2023-02-10,0.032405
2023-02-13,0.028165
2023-02-14,0.024322
2023-02-15,0.031143
2023-02-16,0.030153
2023-02-17,0.038097
2023-02-20,0.033133
2023-02-21,0.05164
2023-02-22,0.062776
2023-02-23,0.059878
2023-02-24,0.077525
2023-02-27,0.070068
2023-02-28,0.07406
2023-03-01,0.070884
2023-03-02,0.103654
2023-03-03,0.083602
2023-03-06,0.074139
2023-03-07,0.090721
2023-03-08,0.092361
2023-03-09,0.106634
2023-03-10,0.120361
2023-03-13,0.128255
2023-03-14,0.133399
2023-03-15,0.144678
2023-03-16,0.135765
2023-03-17,0.134632
2023-03-20,0.131669
2023-03-21,0.118684
2023-03-22,0.118379
2023-03-23,0.105508
2023-03-24,0.110478
2023-03-27,0.109346
2023-03-28,0.104157
2023-03-29,0.088742
2023-03-30,0.089842
2023-03-31,0.076473
2023-04-03,0.068278
2023-04-04,0.066928
2023-04-05,0.075704
2023-04-06,0.088232
2023-04-07,0.086641
2023-04-10,0.092148
2023-04-11,0.082188
2023-04-12,0.078977
2023-04-13,0.05957
2023-04-14,0.060134
2023-04-17,0.061365
2023-04-18,0.054411
2023-04-19,0.059656
2023-04-20,0.063045
2023-04-21,0.06596
2023-04-24,0.064298
2023-04-25,0.076432
2023-04-26,0.081016
2023-04-27,0.069846
2023-04-28,0.062161
2023-05-01,0.063368
2023-05-02,0.073
2023-05-03,0.070458
2023-05-04,0.078057
2023-05-05,0.065755
2023-05-08,0.063325
2023-05-09,0.065572
2023-05-10,0.064808
2023-05-11,0.069787
2023-05-12,0.071936
2023-05-15,0.06693
2023-05-16,0.070227
2023-05-17,0.067141
2023-05-18,0.052643
2023-05-19,0.049724
2023-05-22,0.04499
2023-05-23,0.05817
2023-05-24,0.073661
2023-05-25,0.074101
2023-05-26,0.062805
2023-05-29,0.059767
2023-05-30,0.061169
2023-05-31,0.078142
2023-06-01,0.025181
2023-06-02,0.001151
2023-06-05,-0.003884
2023-06-06,-0.009907
2023-06-07,-0.002797
2023-06-08,-0.014601
2023-06-09,-0.022383
2023-06-12,-0.0305
2023-06-13,-0.046407
2023-06-14,-0.057417
2023-06-15,-0.063376
2023-06-16,-0.062921
2023-06-19,-0.054128
2023-06-20,-0.046155
2023-06-21,-0.040142
2023-06-22,-0.037959
2023-06-23,-0.0184
2023-06-26,-0.016
2023-06-27,-0.024
2023-06-28,-0.031
2023-06-29,-0.032
2023-06-30,-0.044
2023-07-03,-0.057
2023-07-04,-0.055
2023-07-05,-0.049
2023-07-06,-0.026
2023-07-07,-0.027
2023-07-10,-0.026
2023-07-11,-0.039
2023-07-12,-0.059
2023-07-13,-0.078
2023-07-14,-0.079
2023-07-17,-0.076
2023-07-18,-0.085
2023-07-19,-0.088
2023-07-20,-0.077
2023-07-21,-0.064
2023-07-24,-0.071
2023-07-25,-0.043
2023-07-26,-0.043
2023-07-27,-0.042
2023-07-28,-0.053
2023-07-31,-0.06
2023-08-01,-0.052
2023-08-02,-0.024
2023-08-03,-0.016
2023-08-04,-0.019
2023-08-07,-0.055
2023-08-08,-0.046
2023-08-09,-0.041
2023-08-10,-0.047
2023-08-11,-0.038
2023-08-14,0
2023-08-15,0.009
2023-08-16,0.024
2023-08-17,0.034
2023-08-18,0.003
2023-08-21,0.001
2023-08-22,-0.006
2023-08-23,0.014
2023-08-24,0.021
2023-08-25,0.029
2023-08-28,-0.022
2023-08-29,-0.039
2023-08-30,-0.048
2023-08-31,-0.046
2023-09-01,-0.049
2023-09-04,-0.019
2023-09-05,-0.008
2023-09-06,-0.004
2023-09-07,0.001
2023-09-08,0.005
2023-09-11,-0.034
2023-09-12,-0.03
2023-09-13,-0.029
2023-09-14,-0.045
2023-09-15,-0.009
2023-09-18,-0.004
2023-09-19,-0.003
2023-09-20,0.004
2023-09-21,0.028
2023-09-22,0.031
2023-09-25,0.031
2023-09-26,0.046
2023-09-27,0.049
2023-09-28,0.05
2023-09-29,0.05
2023-10-02,0.054
2023-10-03,0.074
2023-10-04,0.082
2023-10-05,0.072
2023-10-06,0.062
2023-10-09,0.063
2023-10-10,0.041
2023-10-11,0.031
2023-10-12,0.031
2023-10-13,0.047
2023-10-16,0.05
2023-10-17,0.044
2023-10-18,0.059
2023-10-19,0.077
2023-10-20,0.088
2023-10-23,0.093
2023-10-24,0.087
2023-10-25,0.094
2023-10-26,0.113
2023-10-27,0.108
2023-10-30,0.107
2023-10-31,0.102
2023-11-01,0.083
2023-11-02,0.057
2023-11-03,0.04
2023-11-06,0.264
2023-11-07,0.016
2023-11-08,0.019
2023-11-09,0.018
2023-11-10,0.015
2023-11-13,0.065
2023-11-14,0.016
2023-11-15,0.001
2023-11-16,0.002
2023-11-17,-0.03
2023-11-20,-0.039
2023-11-21,-0.014
2023-11-22,-0.011
2023-11-23,-0.015
2023-11-24,-0.017
2023-11-27,-0.004
2023-11-28,-0.009
2023-11-29,-0.008
2023-11-30,-0.012
2023-12-01,-0.017
2023-12-04,-0.033
2023-12-05,-0.028
2023-12-06,-0.035
2023-12-07,-0.042
2023-12-08,-0.04
2023-12-11,-0.024
2023-12-12,-0.029
2023-12-13,-0.039
2023-12-14,-0.059
2023-12-15,-0.064
2023-12-18,-0.059
2023-12-19,-0.068
2023-12-20,-0.061
2023-12-21,-0.068
2023-12-22,-0.07
2023-12-25,-0.066
2023-12-26,-0.07
2023-12-27,-0.083
2023-12-28,-0.09
2023-12-29,-0.088
2024-01-01,-0.087
2024-01-02,-0.075
2024-01-03,-0.057
2024-01-04,-0.058
2024-01-05,-0.062
2024-01-08,-0.062
2024-01-09,-0.059
2024-01-10,-0.065
2024-01-11,-0.069
2024-01-12,-0.08
2024-01-15,-0.08
2024-01-16,-0.063
2024-01-17,-0.044
2024-01-18,-0.052
2024-01-19,-0.067
2024-01-22,-0.076
2024-01-23,-0.075
2024-01-24,-0.086
2024-01-25,-0.089
2024-01-26,-0.085
2024-01-29,-0.1
2024-01-30,-0.098
2024-01-31,-0.095
2024-02-01,-0.1
2024-02-02,-0.103
2024-02-05,-0.067
2024-02-06,-0.076
2024-02-07,-0.084
2024-02-08,-0.081
2024-02-09,-0.084
2024-02-12,-0.048
2024-02-13,-0.041
2024-02-15,-0.057
2024-02-16,-0.1
2024-02-19,-0.103
2024-02-20,-0.101
2024-02-21,-0.099
2024-02-22,-0.124
2024-02-23,-0.126
2024-02-26,-0.119
2024-02-27,-0.124
2024-02-28,-0.116
2024-02-29,-0.124
2024-03-01,-0.138
2024-03-04,-0.093
2024-03-05,-0.087
2024-03-06,-0.097
2024-03-07,-0.11
2024-03-08,-0.113
2024-03-11,-0.102
2024-03-12,-0.111
2024-03-13,-0.109
2024-03-14,-0.106
2024-03-15,-0.084
2024-03-18,-0.097
2024-03-19,-0.099
2024-03-20,-0.103
2024-03-21,-0.12
2024-03-22,-0.119
2024-03-25,-0.152
2024-03-26,-0.151
2024-03-27,-0.16
2024-03-28,-0.155
2024-03-29,-0.158
2024-04-01,-0.14
2024-04-02,-0.137
2024-04-03,0.32
2024-04-04,-0.136
2024-04-05,-0.134
2024-04-08,-0.14
2024-04-09,-0.145
2024-04-10,-0.131
2024-04-11,-0.132
2024-04-12,-0.12
2024-04-15,-0.101
2024-04-16,-0.08
2024-04-17,-0.072
2024-04-18,-0.076
2024-04-19,-0.067
2024-04-22,-0.081
2024-04-23,-0.097
2024-04-24,-0.107
2024-04-25,-0.092
2024-04-26,-0.105
2024-04-29,-0.109
2024-04-30,-0.1
2024-05-01,-0.094
2024-05-02,-0.111
2024-05-03,-0.13
2024-05-06,-0.126
2024-05-07,-0.132
2024-05-08,-0.123
2024-05-09,-0.128
2024-05-10,-0.135
2024-05-13,-0.13
2024-05-14,-0.136
2024-05-15,-0.146
2024-05-16,-0.149
2024-05-17,-0.144
2024-05-20,-0.148
2024-05-21,-0.145
2024-05-22,-0.138
2024-05-23,-0.133
2024-05-24,-0.134
2024-05-27,-0.139
2024-05-28,-0.138
2024-05-29,-0.118
2024-05-30,-0.112
2024-05-31,-0.122
2024-06-03,-0.134
2024-06-04,-0.131
2024-06-05,-0.136
2024-06-06,-0.144
2024-06-07,-0.138
2024-06-10,-0.139
2024-06-11,-0.135
2024-06-12,-0.149
2024-06-13,-0.141
2024-06-14,-0.136
2024-06-17,-0.138
2024-06-18,-0.147
2024-06-19,-0.153
2024-06-20,-0.151
2024-06-21,-0.14
2024-06-24,-0.143
2024-06-25,-0.151
2024-06-26,-0.15
2024-06-27,-0.147
2024-06-28,-0.147
2024-07-01,-0.152
2024-07-02,-0.162
2024-07-03,-0.176
2024-07-04,-0.185
2024-07-05,-0.188
2024-07-08,-0.184
2024-07-09,-0.185
2024-07-10,-0.196
2024-07-11,-0.207
2024-07-12,-0.212
2024-07-15,-0.207
2024-07-16,-0.208
2024-07-17,-0.203
2024-07-18,-0.187
2024-07-19,-0.169
2024-07-22,-0.175
2024-07-23,-0.177
2024-07-24,-0.158
2024-07-25,-0.137
2024-07-26,-0.146
2024-07-29,-0.156
2024-07-30,-0.15
2024-07-31,-0.184
2024-08-01,-0.158
2024-08-02,-0.118
2024-08-05,-0.04
2024-08-06,-0.077
2024-08-07,-0.083
2024-08-08,-0.093
2024-08-09,-0.108
2024-08-12,-0.101
2024-08-13,-0.128
2024-08-14,-0.14
2024-08-15,-0.151
2024-08-16,-0.168
2024-08-19,-0.18
2024-08-20,-0.185
2024-08-21,-0.188
2024-08-22,-0.181
2024-08-23,-0.192
2024-08-26,-0.189
2024-08-27,-0.191
2024-08-28,-0.188
2024-08-29,-0.186
2024-08-30,-0.196
2024-09-02,-0.189
2024-09-03,-0.174
2024-09-04,-0.156
2024-09-05,-0.15
2024-09-06,-0.136
2024-09-09,-0.141
2024-09-10,-0.141
2024-09-11,-0.144
2024-09-12,-0.164
2024-09-13,-0.172
2024-09-16,-0.181
2024-09-17,-0.178
2024-09-18,-0.173
2024-09-19,-0.199
2024-09-20,-0.189
2024-09-23,-0.196
2024-09-24,-0.209
2024-09-25,-0.206
2024-09-26,-0.229
2024-09-27,-0.242
2024-09-30,-0.252
2024-10-01,-0.247
2024-10-02,-0.238
2024-10-03,-0.232
2024-10-04,-0.237
2024-10-07,-0.212
2024-10-08,-0.204
2024-10-09,-0.207
2024-10-10,-0.209
2024-10-11,-0.215
2024-10-14,-0.226
2024-10-15,-0.217
2024-10-16,-0.212
2024-10-17,-0.209
2024-10-18,-0.226
2024-10-21,-0.218
2024-10-22,-0.209
2024-10-23,-0.193
2024-10-24,-0.196
2024-10-25,-0.195
2024-10-28,-1.099
2024-10-29,-0.205
2024-10-30,-0.201
2024-10-31,-0.181
2024-11-01,-0.18
2024-11-04,-0.183
2024-11-05,-0.198
2024-11-06,-0.21
2024-11-07,-0.228
2024-11-08,-0.227
2024-11-11,-0.211
2024-11-12,-0.194
2024-11-13,-0.185
2024-11-14,-0.178
2024-11-15,-0.098
2024-11-18,-0.081
2024-11-19,-0.089
2024-11-20,-0.081
2024-11-21,-0.085
2024-11-22,-0.09
2024-11-25,-0.189
2024-11-26,-0.188
2024-11-27,-0.189
2024-11-28,-0.189
2024-11-29,-0.198
2024-12-02,-0.217
2024-12-03,-0.231
2024-12-04,-0.234
2024-12-05,-0.236
2024-12-06,-0.238
2024-12-09,-0.228
2024-12-10,-0.217
2024-12-11,-0.223
2024-12-12,-0.223
2024-12-13,-0.213
2024-12-16,-0.215
2024-12-17,-0.211
2024-12-18,-0.186
2024-12-19,-0.165
2024-12-20,-0.171
2024-12-23,-0.182
2024-12-24,-0.191
2024-12-25,-0.193
2024-12-26,-0.195
2024-12-27,-0.195
2024-12-30,-0.191
2024-12-31,-0.188
2025-01-01,-0.189
2025-01-02,-0.184
2025-01-03,-0.193
2025-01-06,-0.188
2025-01-07,-0.184
2025-01-08,-0.176
2025-01-09,-0.173
2025-01-10,-0.152
2025-01-13,-0.14
2025-01-14,-0.143
2025-01-15,-0.167
2025-01-16,-0.173
2025-01-17,-0.189
2025-01-20,-0.202
2025-01-21,-0.211
2025-01-22,-0.222
2025-01-23,-0.229
2025-01-24,-0.234
2025-01-27,-0.198
2025-01-28,-0.201
2025-01-29,-0.204
2025-01-30,-0.215
2025-01-31,-0.209
2025-02-03,-0.181
2025-02-04,-0.199
2025-02-05,-0.212
2025-02-06,-0.221
2025-02-07,-0.213
2025-02-10,-0.133
2025-02-11,-0.21
2025-02-12,-0.207
2025-02-13,-0.229
2025-02-14,-0.236
2025-02-17,-0.243
2025-02-18,-0.249
2025-02-19,-0.246
2025-02-20,-0.242
2025-02-21,-0.231
2025-02-24,-0.224
2025-02-25,-0.217
2025-02-26,-0.223
2025-02-27,-0.205
2025-02-28,-0.198
2025-03-03,-0.199
2025-03-04,-0.185
2025-03-05,-0.211
2025-03-06,-0.21
2025-03-07,-0.209
2025-03-10,-0.165
2025-03-11,-0.151
2025-03-12,-0.158
2025-03-13,-0.146
2025-03-14,-0.17
2025-03-17,-0.175
2025-03-18,-0.179
2025-03-19,-0.183
2025-03-20,-0.181
2025-03-21,-0.175
2025-03-24,-0.182
2025-03-25,-0.187
2025-03-26,-0.176
2025-03-27,-0.172
2025-03-28,-0.148
2025-03-31,-0.141
2025-04-01,-0.151
2025-04-02,-0.153
2025-04-03,-0.115
2025-04-04,-0.039
2025-04-07,0.05
2025-04-08,0.033
2025-04-09,-0.008
2025-04-10,-0.037
2025-04-11,-0.05
2025-04-14,-0.075
2025-04-15,-0.086
2025-04-16,-0.067
2025-04-17,-0.074
2025-04-18,-0.076
2025-04-21,-0.065
2025-04-22,-0.082
2025-04-23,-0.105
2025-04-24,-0.121
2025-04-25,-0.129
2025-04-28,-0.135
2025-04-29,-0.142
2025-04-30,-0.148
2025-05-01,-0.145
2025-05-02,-0.174
2025-05-05,-0.164
2025-05-06,-0.16
2025-05-07,-0.162
2025-05-08,-0.159
2025-05-09,-0.165
2025-05-12,-0.183
2025-05-13,-0.194
2025-05-14,-0.203
2025-05-15,-0.205
2025-05-16,-0.218
2025-05-19,-0.223
2025-05-20,-0.224
2025-05-21,-0.219
2025-05-22,-0.209
2025-05-23,-0.21
2025-05-26,-0.227
2025-05-27,-0.237
2025-05-28,-0.228
2025-05-29,-0.241
2025-05-30,-0.236
2025-06-02,-0.238
2025-06-03,-0.239
2025-06-04,-0.25
2025-06-05,-0.246
2025-06-06,-0.251
2025-06-09,-0.248
2025-06-10,-0.255
2025-06-11,-0.256
2025-06-12,-0.261
2025-06-13,-0.24
2025-06-16,-0.255
2025-06-17,-0.241
2025-06-18,-0.242
2025-06-19,-0.228
2025-06-20,-0.226
2025-06-23,-0.227
2025-06-24,-0.258
2025-06-25,-0.256
2025-06-26,-0.273
2025-06-27,-0.285
2025-06-30,-0.289
2025-07-01,-0.29
2025-07-02,-0.292
2025-07-03,-0.3
2025-07-04,-0.298
2025-07-07,-0.269
2025-07-08,-0.268
2025-07-09,-0.277
2025-07-10,-0.283
2025-07-11,-0.276
2025-07-14,-0.276
2025-07-15,-0.271
2025-07-16,-0.271
2025-07-17,-0.281
2025-07-18,-0.29
2025-07-21,-0.296
2025-07-22,-0.296
2025-07-23,-0.324
2025-07-24,-0.333
2025-07-25,-0.324
2025-07-28,-0.317
2025-07-29,-0.308
2025-07-30,-0.306
2025-07-31,-0.296
2025-08-01,-0.281
2025-08-04,-0.296
2025-08-05,-0.297
2025-08-06,-0.308
2025-08-07,-0.318
2025-08-08,-0.327
2025-08-11,-0.313
2025-08-12,-0.33
2025-08-13,-0.348
2025-08-14,-0.342
2025-08-15,-0.345
2025-08-18,-0.343
2025-08-19,-0.34
2025-08-20,-0.335
2025-08-21,-0.326
2025-08-22,-0.349
2025-08-25,-0.347
2025-08-26,-0.339
2025-08-27,-0.336
2025-08-28,-0.343
2025-08-29,-0.334
2025-09-01,-0.335
2025-09-02,-0.323
2025-09-03,-0.326
2025-09-04,-0.334
2025-09-05,-0.346
2025-09-08,-0.348
2025-09-09,-0.354
2025-09-10,-0.361
2025-09-11,-0.372
2025-09-12,-0.377
2025-09-15,-0.381
2025-09-16,-0.386
2025-09-17,-0.385
2025-09-18,-0.386
2025-09-19,-0.383
2025-09-22,-0.39
2025-09-23,-0.388
2025-09-24,-0.384
2025-09-25,-0.372
2025-09-26,-0.374
2025-09-29,-0.388
2025-09-30,-0.399
2025-10-01,-0.405
2025-10-02,-0.41
2025-10-03,-0.419
2025-10-06,-0.415
2025-10-07,-0.408
2025-10-08,-0.41
2025-10-09,-0.408
2025-10-10,-0.374
2025-10-13,-0.385
2025-10-14,-0.373
2025-10-15,-0.394
2025-10-16,-0.402
2025-10-17,-0.399
2025-10-20,-0.427
2025-10-21,-0.424
2025-10-22,-0.419
2025-10-23,-0.422
2025-10-24,-0.434
2025-10-27,-0.458
2025-10-28,-0.456
2025-10-29,-0.461
2025-10-30,-0.445
2025-10-31,-0.445
2025-11-03,-0.444
2025-11-04,-0.426
2025-11-05,-0.418
2025-11-06,-0.421
2025-11-07,-0.415
2025-11-10,-0.428
2025-11-11,-0.438
2025-11-12,-0.445
2025-11-13,-0.436
2025-11-14,-0.42
2025-11-17,-0.32
2025-11-18,-0.372
2025-11-19,-0.369
2025-11-20,-0.365
2025-11-21,-0.36
2025-11-24,-0.375
2025-11-25,-0.391
2025-11-26,-0.414
2025-11-27,-0.416
2025-11-28,-0.422
2025-12-01,-0.419
2025-12-02,-0.421
2025-12-03,-0.427
2025-12-04,-0.44
2025-12-05,-0.438
2025-12-08,-0.42
2025-12-09,-0.415
2025-12-10,-0.423
2025-12-11,-0.428
2025-12-12,-0.427
2025-12-15,-0.423
2025-12-16,-0.406
2025-12-17,-0.397
2025-12-18,-0.404
2025-12-19,-0.411
2025-12-22,-0.426
2025-12-23,-0.436
2025-12-24,-0.44
2025-12-25,-0.441
2025-12-26,-0.442
2025-12-29,-0.444
2025-12-30,-0.442
2025-12-31,-0.435
2026-01-01,-0.436
2026-01-02,-0.449
2026-01-05,-0.453
2026-01-06,-0.472
2026-01-07,-0.463
2026-01-08,-0.455
2026-01-09,-0.464
2026-01-12,-0.474
2026-01-13,-0.481
2026-01-14,-0.487
2026-01-15,-0.49
2026-01-16,-0.493
2026-01-19,-0.49
2026-01-20,-0.469
2026-01-21,-0.472
2026-01-22,-0.489
2026-01-23,-0.494
2026-01-26,-0.507
2026-01-27,-0.524
2026-01-28,-0.526
2026-01-29,-0.526
2026-01-30,-0.514
2026-02-02,-0.488
2026-02-03,-0.51
2026-02-04,-0.502
2026-02-05,-0.479
2026-02-06,-0.503
2026-02-09,-0.514
2026-02-10,-0.527
2026-02-11,-0.532
2026-02-12,-0.527
2026-02-13,-0.512
2026-02-16,-0.512
2026-02-17,-0.509
2026-02-18,-0.523
2026-02-19,-0.521
2026-02-20,-0.531
2026-02-23,-0.528
2026-02-24,-0.534
2026-02-25,-0.553
2026-02-26,-0.556
2026-02-27,-0.555
2026-03-02,-0.531
2026-03-03,-0.474
2026-03-04,-0.456
2026-03-05,-0.461
2026-03-06,-0.447
2026-03-09,-0.42
2026-03-10,-0.454
2026-03-11,-0.453
2026-03-12,-0.424
2026-03-13,-0.404
2026-03-16,-0.411
2026-03-17,-0.424
2026-03-18,-0.426
2026-03-19,-0.393
2026-03-20,-0.376
2026-03-23,-0.361
2026-03-24,-0.373
2026-03-25,-0.401
2026-03-26,-0.372
2026-03-27,-0.352
2026-03-30,-0.339
2026-03-31,-0.343
2026-04-01,-0.412
2026-04-02,-0.394
2026-04-03,-0.399
2026-04-06,-0.388
2026-04-07,-0.389
2026-04-08,-0.471
2026-04-09,-0.464
2026-04-10,-0.474
2026-04-13,-0.474
2026-04-14,-0.506
2026-04-15,-0.517
2026-04-16,-0.529
2026-04-17,-0.526
2026-04-20,-0.52
2026-04-21,-0.514
2026-04-22,-0.514
2026-04-23,-0.505
2026-04-24,-0.512
2026-04-27,-0.522
2026-04-28,-0.513
2026-04-29,-0.509
2026-04-30,-0.522
2026-05-01,-0.526
2026-05-04,-0.53
2026-05-05,-0.537
2026-05-06,-0.58
2026-05-07,-0.594
2026-05-08,-0.591
2026-05-11,-0.575
2026-05-12,-0.563
2026-05-13,-0.576
2026-05-14,-0.583
2026-05-15,-0.54
2026-05-18,-0.536
2026-05-19,-0.524
2026-05-20,-0.519
2026-05-21,-0.558
2026-05-22,-0.573
2026-05-25,-0.593
2026-05-26,-0.596
2026-05-27,-0.601
2026-05-28,-0.598
2026-05-29,-0.617
2026-06-01,-0.615
2026-06-02,-0.623
2026-06-03,-0.621
2026-06-04,-0.612
2026-06-05,-0.572
2026-06-08,-0.534
2026-06-09,-0.554
2026-06-10,-0.52
2026-06-11,-0.532
2026-06-12,-0.569
2026-06-15,-0.616
2026-06-16,-0.615
2026-06-17,-0.612
2026-06-18,-0.623
2026-06-19,-0.612
2026-06-22,-0.621
2026-06-23,-0.569
2026-06-24,-0.563
2026-06-25,-0.583
2026-06-26,-0.557
2026-06-29,-0.593
2026-06-30,-0.609
2026-07-01,-0.605
2026-07-02,-0.602
2026-07-03,-0.623
2026-07-06,-0.606
2026-07-07,-0.585
2026-07-08,-0.564
2026-07-09,-0.577
2026-07-10,-0.588
2026-07-13,-0.561
2026-07-14,-0.571
2026-07-15,-0.591
2026-07-16,-0.571
2026-07-17,-0.529
2026-07-20,-0.524
2026-07-21,-0.555
2026-07-22,-0.558
2026-07-23,-0.548
2026-07-24,-0.533
2026-07-27,-0.542
2026-07-28,-0.514
2026-07-29,-0.494
2026-07-30,-0.525
2026-07-31,-0.57
2026-08-03,-0.587
2026-08-04,-0.605
2026-08-05,-0.621
2026-08-06,-0.608
2026-08-07,-0.617
2026-08-10,-0.591
2026-08-11,-0.585
2026-08-12,-0.597
2026-08-13,-0.61
2026-08-14,-0.614
2026-08-17,-0.606
2026-08-18,-0.587
2026-08-19,-0.572
2026-08-20,-0.58
2026-08-21,-0.59
2026-08-24,-0.579
2026-08-25,-0.588
2026-08-26,-0.592
2026-08-27,-0.598
2026-08-28,-0.598
2026-08-31,-0.584
2026-09-01,-0.58
2026-09-02,-0.568
2026-09-03,-0.591
2026-09-04,-0.594
2026-09-07,-0.599
2026-09-08,-0.585
2026-09-09,-0.579
2026-09-10,-0.566
2026-09-11,-0.565
2026-09-14,-0.543
2026-09-15,-0.53
2026-09-16,-0.532
2026-09-17,-0.545
2026-09-18,-0.55
2026-09-21,-0.573
2026-09-22,-0.577
2026-09-23,-0.567
2026-09-24,-0.555
2026-09-25,-0.571
2026-09-28,-0.558
2026-09-29,-0.547
2026-09-30,-0.552
2026-10-01,-0.548
2026-10-02,-0.553
2026-10-05,-0.554
2026-10-06,-0.567
