{
 "AAL": 11852021705.499681,
 "AAON": 8815338455.17723,
 "ABNB": 88390683835.43011,
 "ADBE": 87338700485.22949,
 "AEIS": 12454116764.819794,
 "AMAT": 478789277221.80237,
 "AMD": 844357634829.8557,
 "AMKR": 17264321256.923447,
 "APH": 202484282797.2969,
 "ARM": 335474887385.9862,
 "ASML": 681927162336.6559,
 "AVGO": 1714869840445.0303,
 "AVT": 6740739001.611763,
 "CIEN": 59800446218.56134,
 "COHR": 65218321182.74963,
 "CPT": 11618372381.0,
 "CRDO": 45110868988.08246,
 "CRWD": 197521930783.927,
 "CSX": 90844407535.72205,
 "DELL": 254786886941.4485,
 "DOCN": 13580911383.120728,
 "DY": 13146570034.075928,
 "FLEX": 50144074584.06644,
 "FORM": 9634429986.001099,
 "FTNT": 114476311093.75,
 "GLW": 169364911803.54193,
 "GOOGL": 4391828139545.5474,
 "HIMX": 2293700702.5617943,
 "HLT": 76972466429.07568,
 "HPE": 54596910564.65773,
 "INCY": 23346542755.23735,
 "ISRG": 150876915779.0415,
 "J": 15101363543.239151,
 "JBL": 35763832196.56073,
 "KLIC": 6349548062.23436,
 "KNX": 12406416652.053833,
 "LFUS": 10582647687.750244,
 "LITE": 56663296569.82422,
 "LLY": 1082493840636.9026,
 "LSCC": 18705682548.96408,
 "MA": 476596308491.5729,
 "META": 1479647005874.8252,
 "MRVL": 214579686126.70898,
 "MSFT": 2900729395021.6523,
 "MSM": 6856808400.2682495,
 "MU": 1101790779632.2524,
 "NFLX": 326968512124.36865,
 "NKE": 65292309510.935425,
 "NOW": 109648666245.26978,
 "NU": 66168296756.96361,
 "NVDA": 4718977474349.976,
 "NXT": 16956970870.158447,
 "ONON": 12276534824.054977,
 "ONTO": 15300125669.916595,
 "ORCL": 404043679476.6998,
 "PANW": 283668898010.2539,
 "PLTR": 309972445942.11554,
 "RKLB": 62769288541.46137,
 "ROKU": 21128373616.889526,
 "SE": 63269652991.754425,
 "SMTC": 12600558893.344727,
 "STRL": 21503182265.5,
 "STX": 185562929382.45337,
 "STZ": 23476911530.449768,
 "TDY": 30210305098.79773,
 "TER": 57778145999.30548,
 "TSM": 2251759576477.515,
 "TT": 105693256297.38245,
 "TTMI": 16198531759.12468,
 "UBER": 151509635158.8055,
 "VICR": 12897259667.06366,
 "VIK": 44923561904.81079,
 "WLDN": 1152939283.91391,
 "SNDK": 258416627710.0,
 "TKR": 9670856266.096497,
 "DVA": 15077698585.05249,
 "WDC": 185783668609.0,
 "LUV": 24560879078.25,
 "ALAB": 69663616870.00027,
 "SAIA": 11084754943.126099,
 "HOG": 2627496721.543991,
 "UAL": 43271638514.17969,
 "FIX": 61265843455.06714,
 "KLAC": 307693129701.93555,
 "NVT": 24605765784.736694,
 "MOD": 12015855424.314575,
 "SNOW": 93763962884.52148,
 "OSCR": 9614642063.753128,
 "SIMO": 10147597407.927399,
 "ESLT": 36588658975.0,
 "MDB": 29582461670.98355,
 "NVMI": 14301004325.73352,
 "AXTI": 3960065247.657715,
 "NET": 95416632625.05835,
 "TPC": 3909734806.234619,
 "LSTR": 6960032978.691864,
 "FTI": 26892441735.90837,
 "HUM": 47611349987.77771,
 "IVZ": 12270450826.003395,
 "GNRC": 13680492741.659409,
 "SITM": 17792080875.717957,
 "JBHT": 25902576345.832336,
 "CHEF": 3958896074.1319656,
 "BE": 76310600559.81848,
 "DAL": 58672879734.19876,
 "INTC": 557760342330.9326,
 "MKSI": 23498264016.393036,
 "LRCX": 406562715971.5576,
 "ON": 35303025601.10994,
 "XPO": 23863578638.25,
 "ALGM": 9831529392.565521,
 "CAT": 423007688432.12146,
 "HAL": 27923168655.01711,
 "GE": 384340575840.68384,
 "PLXS": 6949846441.998413,
 "TWLO": 32885601578.677063,
 "MPWR": 62789662088.23999,
 "ENTG": 20319865721.13037,
 "HALO": 9665180377.39563,
 "GFS": 36252663868.859795,
 "R": 10256022068.652466,
 "DASH": 85409585748.03122,
 "VIAV": 10062307766.977455,
 "CNC": 32706644596.38977,
 "MTZ": 28193031270.447388,
 "DDOG": 95212235264.41544,
 "ADI": 184406280689.83398,
 "CGNX": 10744039350.262512,
 "CFG": 30445386575.769943,
 "ETR": 53863738328.74817,
 "VRT": 116133380442.40283,
 "MRK": 318755532970.05524,
 "APP": 180043427704.90485,
 "BIIB": 30819248173.75,
 "WCC": 14827351795.973145,
 "HWM": 109971546635.6771,
 "SLAB": 7180637473.661957,
 "ATI": 25215641379.85457,
 "HXL": 7517827291.168701,
 "PWR": 97545398203.91309,
 "ANET": 212440767120.9538,
 "FBIN": 6066070072.422691,
 "DT": 13346674080.924004
}