{
  "n_tickers_used": 225,
  "variants": {
    "V0": {
      "m1_med": 7.48853037559869,
      "m1_p75": 8.139562764456981,
      "m2": 0.5727975072562745,
      "m2_confirmed": 46856,
      "m3_med": 0.0,
      "m3_p90": 0.0,
      "m3_n": 15754,
      "m4_med": 2.4901490640166397
    },
    "V1": {
      "m1_med": 4.145694716242661,
      "m1_p75": 4.547435258964143,
      "m2": 0.4148332694518973,
      "m2_confirmed": 26090,
      "m3_med": 0.00035865625812380705,
      "m3_p90": 0.03792372830964366,
      "m3_n": 15754,
      "m4_med": 1.1657585255046294
    },
    "V2": {
      "m1_med": 7.48853037559869,
      "m1_p75": 8.139562764456981,
      "m2": 0.5727975072562745,
      "m2_confirmed": 46856,
      "m3_med": 0.0,
      "m3_p90": 0.05950544991736797,
      "m3_n": 15754,
      "m4_med": 1.5039814767889723
    },
    "V3": {
      "m1_med": 1.8451515524889108,
      "m1_p75": 2.4658592917209523,
      "m2": 0.7198225119985511,
      "m2_confirmed": 11043,
      "m3_med": 0.010488744523421724,
      "m3_p90": 0.09031456235278058,
      "m3_n": 15754,
      "m4_med": 0.8414315937940762
    },
    "V4": {
      "m1_med": 4.810066708838921,
      "m1_p75": 5.183266003729025,
      "m2": 0.36473005667318464,
      "m2_confirmed": 30173,
      "m3_med": 0.0052103654905044025,
      "m3_p90": 0.05449401555760994,
      "m3_n": 15754,
      "m4_med": 1.1668321533413917
    }
  },
  "plateau_v1": {
    "0.96/2": {
      "m1_med": 5.013581440309328,
      "m1_p75": 5.479120210825056,
      "m2": 0.47358782482397144,
      "m2_confirmed": 31671,
      "m3_med": 0.0,
      "m3_p90": 0.031208959764299094,
      "m3_n": 15754,
      "m4_med": 1.506222103628954
    },
    "0.96/3": {
      "m1_med": 3.98388696083292,
      "m1_p75": 4.312278630460448,
      "m2": 0.4107416673391978,
      "m2_confirmed": 24782,
      "m3_med": 0.003623143280903814,
      "m3_p90": 0.04255486601694256,
      "m3_n": 15754,
      "m4_med": 1.1177115209660078
    },
    "0.96/4": {
      "m1_med": 3.383944411590775,
      "m1_p75": 3.7147565684151047,
      "m2": 0.3743640474844545,
      "m2_confirmed": 21228,
      "m3_med": 0.00547477949871326,
      "m3_p90": 0.046519638719529605,
      "m3_n": 15754,
      "m4_med": 0.9099822777007244
    },
    "0.97/2": {
      "m1_med": 5.1229150871872635,
      "m1_p75": 5.611137782045127,
      "m2": 0.47452051393457884,
      "m2_confirmed": 32222,
      "m3_med": 0.0,
      "m3_p90": 0.029508198202371917,
      "m3_n": 15754,
      "m4_med": 1.5421985467399844
    },
    "0.97/3": {
      "m1_med": 4.145694716242661,
      "m1_p75": 4.547435258964143,
      "m2": 0.4148332694518973,
      "m2_confirmed": 26090,
      "m3_med": 0.00035865625812380705,
      "m3_p90": 0.03792372830964366,
      "m3_n": 15754,
      "m4_med": 1.1657585255046294
    },
    "0.97/4": {
      "m1_med": 3.71497919556172,
      "m1_p75": 4.052262528047868,
      "m2": 0.3833670526451724,
      "m2_confirmed": 23231,
      "m3_med": 0.002334061910754106,
      "m3_p90": 0.04039817308665259,
      "m3_n": 15754,
      "m4_med": 1.0074693235718704
    },
    "0.98/2": {
      "m1_med": 5.329828326180258,
      "m1_p75": 5.7976190476190474,
      "m2": 0.47893384330365146,
      "m2_confirmed": 33466,
      "m3_med": 0.0,
      "m3_p90": 0.0258718640872445,
      "m3_n": 15754,
      "m4_med": 1.6191670555296314
    },
    "0.98/3": {
      "m1_med": 4.577629272567923,
      "m1_p75": 5.006729975227085,
      "m2": 0.4299036152962873,
      "m2_confirmed": 28739,
      "m3_med": 0.0,
      "m3_p90": 0.030799444557050235,
      "m3_n": 15754,
      "m4_med": 1.3221042207348723
    },
    "0.98/4": {
      "m1_med": 4.334142394822007,
      "m1_p75": 4.717865917865918,
      "m2": 0.41007783695206884,
      "m2_confirmed": 26851,
      "m3_med": 0.0,
      "m3_p90": 0.03234253369516405,
      "m3_n": 15754,
      "m4_med": 1.1927393353174602
    }
  },
  "plateau_v3": {
    "0.12": {
      "m1_med": 2.358932958932959,
      "m1_p75": 2.9111317747077576,
      "m2": 0.7199859501229364,
      "m2_confirmed": 14235,
      "m3_med": 0.008140226940207376,
      "m3_p90": 0.08045965896743992,
      "m3_n": 15754,
      "m4_med": 1.0813437112023685
    },
    "0.15": {
      "m1_med": 1.8451515524889108,
      "m1_p75": 2.4658592917209523,
      "m2": 0.7198225119985511,
      "m2_confirmed": 11043,
      "m3_med": 0.010488744523421724,
      "m3_p90": 0.09031456235278058,
      "m3_n": 15754,
      "m4_med": 0.8414315937940762
    },
    "0.18": {
      "m1_med": 1.4851773049645391,
      "m1_p75": 2.066553024807776,
      "m2": 0.7215530347327798,
      "m2_confirmed": 8551,
      "m3_med": 0.012075531606881249,
      "m3_p90": 0.0969248339038547,
      "m3_n": 15754,
      "m4_med": 0.6626451378809869
    }
  },
  "eras": {
    "2020crash": {
      "V0": {
        "m1_med": 0.11350217526413922,
        "m1_p75": 0.1891702921068987,
        "m2": 0.5059445178335535,
        "m2_confirmed": 757,
        "m3_med": 0.0,
        "m3_p90": 0.0,
        "m3_n": 355,
        "m4_med": 0.023279158699808795
      },
      "V1": {
        "m1_med": 0.06489103399265664,
        "m1_p75": 0.11031410450015101,
        "m2": 0.31346578366445915,
        "m2_confirmed": 453,
        "m3_med": 0.0016054308452166245,
        "m3_p90": 0.04739691519647492,
        "m3_n": 355,
        "m4_med": 0.0
      },
      "V2": {
        "m1_med": 0.11350217526413922,
        "m1_p75": 0.1891702921068987,
        "m2": 0.5059445178335535,
        "m2_confirmed": 757,
        "m3_med": 0.02105265357139313,
        "m3_p90": 0.06916622844208303,
        "m3_n": 355,
        "m4_med": 0.01221408507223114
      },
      "V3": {
        "m1_med": 0.0,
        "m1_p75": 0.0,
        "m2": 0.5897435897435898,
        "m2_confirmed": 117,
        "m3_med": 0.028109422472217618,
        "m3_p90": 0.14006913817848107,
        "m3_n": 355,
        "m4_med": 0.0
      },
      "V4": {
        "m1_med": 0.07566811684275948,
        "m1_p75": 0.13759653418722925,
        "m2": 0.30337078651685395,
        "m2_confirmed": 534,
        "m3_med": 0.016271434586235933,
        "m3_p90": 0.06742326887980238,
        "m3_n": 355,
        "m4_med": 0.0
      }
    },
    "2022bear": {
      "V0": {
        "m1_med": 0.31596020761245674,
        "m1_p75": 0.5954758508253515,
        "m2": 0.4127906976744186,
        "m2_confirmed": 1892,
        "m3_med": 0.0,
        "m3_p90": 0.0,
        "m3_n": 1045,
        "m4_med": 0.061927772126144455
      },
      "V1": {
        "m1_med": 0.174410276000382,
        "m1_p75": 0.34490084985835695,
        "m2": 0.24630541871921183,
        "m2_confirmed": 1015,
        "m3_med": 0.0,
        "m3_p90": 0.04188363706623885,
        "m3_n": 1045,
        "m4_med": 0.012591354109211252
      },
      "V2": {
        "m1_med": 0.31596020761245674,
        "m1_p75": 0.5954758508253515,
        "m2": 0.4127906976744186,
        "m2_confirmed": 1892,
        "m3_med": 0.0,
        "m3_p90": 0.05442158650598074,
        "m3_n": 1045,
        "m4_med": 0.0360883311925699
      },
      "V3": {
        "m1_med": 0.0,
        "m1_p75": 0.018514294403892944,
        "m2": 0.5657894736842105,
        "m2_confirmed": 152,
        "m3_med": 0.012372126406527843,
        "m3_p90": 0.07696449228365784,
        "m3_n": 1045,
        "m4_med": 0.0
      },
      "V4": {
        "m1_med": 0.21416704671314093,
        "m1_p75": 0.3793909348441926,
        "m2": 0.1545031055900621,
        "m2_confirmed": 1288,
        "m3_med": 0.009501132679825998,
        "m3_p90": 0.05742201293376428,
        "m3_n": 1045,
        "m4_med": 0.0
      }
    },
    "2023-24trend": {
      "V0": {
        "m1_med": 0.5296768178993164,
        "m1_p75": 1.0411915621436716,
        "m2": 0.6171945701357466,
        "m2_confirmed": 3315,
        "m3_med": 0.0,
        "m3_p90": 0.0,
        "m3_n": 870,
        "m4_med": 0.19467310197796991
      },
      "V1": {
        "m1_med": 0.31506822459222084,